:020000040800F2
:106000000818002025340108A51904086D26010888
:106010001D620008AD190408B51904086D260108B1
:106020006D2601086D2601086D2601086D26010800
:10603000B9190408E0C904086D2601086D26010895
:10604000C14B01086D2601086D2601086D26010867
:106050006D2601086D2601086D2601086D260108D0
:106060006D2601086D2601086D2601086B260108C2
:10607000692601086D2601086D2601086D260108B4
:106080006D2601086D2601086D2601086D260108A0
:106090006D260108AD2701086D2601086D2601084F
:1060A0006D260108F1260108CD2601086D2601089C
:1060B0006D260108057E0408B188040897A5040828
:1060C00093A5040841800408ADA504089BA5040815
:1060D000818804089FA50408F188040859890408E8
:1060E0006D2601086D2601086D2601086D26010840
:1060F0006D2601086D2601086D2601086D26010830
:106100006D2601086D2601086D2601086D2601081F
:106110006D2601086D2601086D2601086D2601080F
:106120006D2601086D2601086D2601086D260108FF
:106130006D2601086D2601086D2601086D260108EF
:106140006D2601086D2601086D26010835B8040882
:10615000556404086D26010881A5040887A5040874
:106160006D2601086D2601086D2601086D260108BF
:10618000F0B5114A114C124E00F00105E3695F07AA
:1061900013D40DB9334213D103EA00078F4207D15C
:1061A0000B4A1A40002A0CBF00206FF00100F0BD1E
:1061B000013AEBD16FF00200F9E74FF0FF30F6E75C
:1061C0006FF00100F3E700BF8096980000000350D5
:1061D00002000100000000000000000000000000BC
:1061E000013800D0FCE77047D0F8A0301B689A6CEB
:1061F0005206FCD5002059647047D0F8A0301B68C7
:106200009A6C120643BFDB6B00200B701B2070479B
:1062100080F89510704790F895007047BFF34F8F46
:106220000549064BCA6802F4E0621343CB60BFF332
:106230004F8F00BFFDE700BF00ED00E00400FA054E
:106240004FF0FF307047014B186870479C1E0020CC
:1062500010B5044600B9FEE7037F1BB143699847B8
:106260000023237710BD70B5044600B9FEE7038B09
:10627000428B9A420CD90022013303830277D0E982
:10628000025398472B4601462046BDE87040184708
:10629000036ABDE8704001330362D9E7014B1B6913
:1062A000184700BF7021002010B5EFF31184302390
:1062B00083F311880348FFF7CBFF84F31188BFF302
:1062C0006F8F10BD70210020014B1B69184700BF64
:1062D000B821002010B5EFF31184302383F3118827
:1062E0000348FFF7B5FF84F31188BFF36F8F10BD2C
:1062F000B82100202DE9F843064614460D46FFF765
:10630000A7FF3369984700272D1947EB07032C1A7D
:1063100063F10005012C75F1000306DA336A30469B
:1063200001333362BDE8F84392E7D6E90283984728
:10633000A04277EB05031CD2F36898473B46024620
:106340002946204642F0BAFBF368914698473B46FF
:1063500002462946204642F0B1FB4C4683B2002259
:106360007383214630463283C04701233377BDE82B
:10637000F8833B46F3E7094B10B51C6804B9186075
:10638000EFF31184302383F311880448FFF7B2FF41
:1063900084F31188BFF36F8F10BD00BFB8210020B8
:1063A000084B10B51C6804B91860EFF31184302352
:1063B00083F311880348FFF79DFF84F31188BFF32F
:1063C0006F8F10BD7021002030B5074C2568246800
:1063D0006A40D2B2891A101A090A41EA10216340B0
:1063E00023EA0100C0B230BD0064002038B5A0F13E
:1063F0004003054602465A21DBB24120FFF7E4FF85
:10640000A5F146032A4604467A21DBB26120FFF754
:10641000DBFF6B1D2A4639210443DBB23020FFF736
:10642000D3FF2B2105F11403E4B22A460443DBB267
:106430000846FFF7C9FF2F2105F11103E4B22A46F0
:106440000443DBB20846FFF7BFFFE4B22043013844
:1064500040B238BD044B1B68584043085B42404281
:106460001843C017704700BF0064002010B5C388F0
:1064700023B9CA885AB9ABB1012017E0026802EB10
:10648000830252F8042C002AF3D1013BF0E70C6898
:1064900004EB820454F8044C0CB9013AEAE7934245
:1064A000EAD80FD3013B5A1C01D1002010BD02686D
:1064B00052F823400A6852F823209442DCD803F1B2
:1064C000FF33F0D24FF0FF30F0E710B50A4C2268EE
:1064D00023684240594081EA0200C00FFFF7BAFF2B
:1064E0002368521A434022EA030208401043C00FB7
:1064F000BDE81040AEE700BF006400200B6810B597
:1065000004681C4404600B689C422CBF00240124D6
:1065100043681B1943604C68234443601068496812
:1065200040F100008B4238BF0130106010BD03689D
:106530005B180360137843F10003137070471378FE
:1065400010B504688C4238BF013B137003685B1AB6
:10655000036010BDF0B504685509231F1E4604EB07
:10656000850556F8047FFF43AE423760F9D153F8F2
:10657000046F01361E600EB9AB42F8D14FF6FF73BF
:10658000D2088380A3585B1AA350F0BD38B50446E7
:10659000D0F8A0301D68AB6C5906FCD5002394F8E8
:1065A000A9101A4694F8A8000FF04EFA002394F8A8
:1065B000AB101A4694F8AA000FF046FA94F8B030DF
:1065C000DA0707D5002394F8AD101A4694F8AC000A
:1065D0000FF03AFA94F8B0309B0707D5002394F8EF
:1065E000AF101A4694F8AE000FF02EFA042205F50B
:1065F000005328461A650FF06CF9D4F8A400002166
:1066000045F0FEFE002038BD38B50546007D0DF092
:1066100055F93023287D434303F1A04303F580233C
:10662000DA6E1C6F084B9A420BD114F0020404D0AE
:106630002C6D2B6AE31A5C425C410DF061F9204637
:1066400038BD0024F9E700BF046400202DE9F743BA
:10665000D0E9043404F17C07D0F80C900646013BE5
:10666000102200213846D4F874809DB244F056F8C8
:106670000B4BC5F30A0543EA0513C4E91F3901238F
:1066800094F8780084F88C30C4F884803A46054B3E
:10669000009604F164013AF009FB03B0BDE8F08311
:1066A00000001030A9660008536910B51446002296
:1066B000D3F8900083F88C2028B10168C3F89010BB
:1066C0000260FFF7C3FF63681BB100212046A26888
:1066D0009847002010BD034693F89420084610B553
:1066E000FAB10A69B2F5006F1DD8EFF311843022B8
:1066F00082F3118893F88C204B617AB103F19002F8
:10670000D3F890303BB90360106084F31188BFF375
:106710006F8F002010BD1A461B68F3E7FFF796FF46
:10672000F3E70E20F6E72120F4E7302337B5007DAC
:106730000DF10701434303F1A04303F58023DD6E10
:106740001C6F45F079FE9DF8070040B9054B9D424E
:1067500003D184F00204C4F3400003B030BD012033
:10676000FBE700BF0464002013B504460DF10701E8
:10677000007D45F061FE9DF8073043B1236DD4E9FB
:1067800012020244934218BF184602B010BD3022D4
:10679000237D534303F1A04303F58023DB6EEEE733
:1067A00090F894302DE9F74F04460D46002B68D140
:1067B0004FF0300890F895708E18B5424ED094F88E
:1067C0009630002B38D02046FFF71EFFA0BBEFF31A
:1067D000118988F31188207D0DF070F82046FFF7AD
:1067E000C3FFD4F848B000F1FF3ADA4538BFE36C94
:1067F000207D3CBF03F1FF330BEB030A94F85430C8
:1068000001930DF07DF8019B93B95346D4F898108D
:1068100099420BD013F80129112A01D0132A21D152
:10682000A2F111035A425A4184F89C20C4F898A05E
:1068300089F31188BFF36F8F94F89C30002BBCD084
:10684000236EA9462A785B689FB9236E20465B6851
:1068500099F80010013598470028AED0002003B009
:10686000BDE8F08F9B4582BFE36C03F1FF335B44CF
:10687000CEE70A2AE9D10D21204698470028E4D026
:10688000ECE70E20EBE7F8B50546500988420C46C8
:1068900002F01F0601D80AD136B12846A200002115
:1068A000BDE8F84043F03ABF1F2A02D8F8BD1F2ABE
:1068B0000FD9820005EB8003291F05EB8407BB423B
:1068C0001AD1201A38BF0022002105EB800043F0C6
:1068D00025FF002EEAD0002205EB8404C6F120003B
:1068E000AC42E3D054F8041C21FA06F3134344F8F5
:1068F000043D01FA00F2F3E753F804CB41F804CF6A
:10690000DDE70A46C18808B511B10068FFF7BBFF93
:10691000002008BD10B5044688B14378012B04D18E
:10692000BDE81040406817F061BA0378012B04D12C
:1069300024220021083043F0F1FE0023237010BD13
:106940004FF0FF3043F0D2B970B5EFF3118630232A
:1069500083F3118844F0EAFA194D1A4BA8691C68B0
:106960002B6CDB0703D544F0E1FAA869013486F308
:106970001188BFF36F8F144B8342144BA3411DD377
:10698000134B1A68D2B14FF47A73A0FB030103FBD7
:106990000411531E13420DD1B2FA82F2C2F11F0448
:1069A000531CD243E04001FA03F3184321FA02F2E8
:1069B000104370BD002342F081F8FAE7FEE700BF04
:1069C00000800A50941E0020EFA7C64B3789410073
:1069D000981E0020013901D20020704750F8213064
:1069E000002BF7D0B3FA83F00131C0EB41107047B0
:1069F00010B5044644F086FA0C4BA0F57A729A4220
:106A000012D84FF47A73B0FBF3F05C43084BB3FB3E
:106A1000F0F3B4FBF3F0022806D9BDE810400323DD
:106A2000B0FBF3F0FFF7DCBB10BD00BFFFC99A3B22
:106A300040420F0007B50A4600B9FEE7037F03B1E5
:106A4000FEE7074B01900093416801234FF0FF30B0
:106A500042F065FF00B1FEE703B05DF804FB00BF44
:106A600013C5040800B9FEE741684FF0FF3042F05B
:106A700066BF70B50646264D33680C46A86803B35A
:106A8000972143F0BDF9024600B1FEE73168A868DE
:106A90003BF036F900B1FEE73168A86842F0BEFF6E
:106AA0003179814200D0FEE7A8683BF0BBFA00B123
:106AB000FEE70122A868114643F0D4F9064628B142
:106AC000FEE73BF073FD00B1FEE7124E0322A8681B
:106AD000114643F0B7F97F2C18D0A86843F04FF85F
:106AE000FF2808D104EB840464003146A86843F011
:106AF00061F828B1FEE7A8683BF0ACFA0446F4E779
:106B00002146A86843F03DF800B1FEE770BD00BF24
:106B100000640020CC7900200022C188914201D875
:106B200000207047036853F8223033B193FAA3F082
:106B3000B0FA80F000EB421070470132EEE701F14D
:106B40008041013900EB81018142034600D2704748
:106B50001B680A681BBA12BA40F8042B41F80439C2
:106B6000F2E70FF0D1BE0FF0B3BE002807DB012320
:106B70004109034A00F01F00834042F8213070476A
:106B800000E100E000207047FEE74FF400530020D2
:106B90004B60704701207047012070474FF0FF3075
:106BA0007047002070472DE9FF470446007D04F13F
:106BB00038060CF083FE10220021304643F0AEFD73
:106BC0004FF0300A4FF44473207DDFF81491404FAA
:106BD00063870AFB0093C4E90F77DB6EBB4204D1E5
:106BE00004B0BDE8F0470CF08BBE0DF10F0145F08D
:106BF00023FC9DF80F70002F62D12046FFF7B4FDF3
:106C0000344A80461278237DEAB1072B1BD8324ADA
:106C100002EB0312127BB2B1EFF311818AF31188F8
:106C2000D9F834000AFB0399D9F8642081F311885C
:106C3000BFF36F8F012101FA03F3034204BFC2F3D4
:106C40000A135F183D4604F1180710220021384648
:106C5000D4F8109043F062FD3022237D013D534370
:106C6000C5F30A052D0145F04075C4E9065903F145
:106C7000A043C4F8208003F580231A6F94F82410F1
:106C8000520862F3410184F82410196F94F824200B
:106C900027F0030761F3000284F824201B6F626A67
:106CA0009B0863F39F0247F00207626267640094E7
:106CB000207D32462146094B39F0F8FF207D8FE7D1
:106CC00094F844306FF3410384F84430EFE700BF99
:106CD00004640020581B002070190020076F000872
:106CE000000004502DE9F04F9B460023044689B074
:106CF00005910392CBF80030DBF80050039B5E1B3C
:106D000000F09A80059B5D1900F096802046FFF701
:106D10007BFC8246002840F08F802046FFF724FD50
:106D2000216D94F8968088429CBFD4E91203C01864
:106D3000401A864228BF0646B8F1000F00F0AC802A
:106D4000EFF311830493302383F311883746D4F88B
:106D500050902046FFF7E9FC09EB06029145D4F874
:106D6000983072D1D4E912120A44934208BFC4F891
:106D70009810049B83F31188BFF36F8F8046207DAA
:106D80000CF09CFD207D0DF11F0145F055FB2046C8
:106D9000FFF7EAFCD4F850A08146504540F28A80C3
:106DA000A36CB5B29A457DD123691022049304F1F6
:106DB00028030021184643F0B1FC3021049A013D1C
:106DC000C4E90B2A227DC5F30A054A432D0120F0B0
:106DD000030302F1A04245F0407543F0020302F5BF
:106DE0008022A5621367236DD4E9121233440A444A
:106DF000934208BF0B464B45236505D1012320462E
:106E000084F85430FFF7CFFE207D0CF079FD94F824
:106E100096303BB1B8F1000F04D0236E112120460B
:106E20005B689847DBF8003037B1039A3B449342E4
:106E3000CBF80030FFF460AFDBF80030002B14BF5C
:106E400000201B2009B0BDE8F08F09F1010909F10C
:106E5000FF318B4210D1C4F8989019F8013C112BE6
:106E600001D0132B14D1013FA3F111014B424B412F
:106E7000C24684F89C3071E719F8013C03F0FD012B
:106E8000112906D1013FBAF1000F3FF467AFEBE7DC
:106E9000C24605F8013B61E73246284643F049FC0B
:106EA00037466CE7238DC3F30A12154465F30E13BE
:106EB000238598E79DF81F30207D93B93023434305
:106EC00003F1A04303F58023596E5A6EC1F30A11F2
:106ED00022F4FF42314422F0700242EA01125A6663
:106EE00081E7CDE900644A462369216832F0A4FFB6
:106EF0003022237D534303F1A04303F580235A6ED0
:106F000022F48012EBE792F8543037B5144633B1CF
:106F1000936D0BB1D06D9847002384F8543094F8EA
:106F200096301BB32046FFF700FCF8B1236E132107
:106F300020465B6898471025236E20461B680DF19C
:106F40000701984778B99DF8073003F0FD02112A30
:106F500005D1A3F111025342534184F89C30013D05
:106F600015F0FF05E8D12046FFF71DFE002084F84C
:106F7000540003B030BD2DE9F74F002800F0E08049
:106F80007049D1E90A4EEFF3118B302383F3118856
:106F900010F8086C30F806CCF30702D5BCF1000FEE
:106FA00007D18BF31188BFF36F8F012003B0BDE8C9
:106FB000F08FCB69D1F82490A3EBCC0330F8048C8C
:106FC0000093CB6109F10103A0F108050CF1010266
:106FD0004B62B8F1000F3AD0A5EBC803DF88B3F8D5
:106FE00002A001971F7806F00206FF0724D426BBF3
:106FF000019EA6EB0A06012E29D1009E0CF1020289
:10700000A6F108075244C1F82490CF6130F8028CF1
:10701000B8F1000F1DD110F8085C20F8068C68F359
:10702000000500F8085C013A5A801A7868F30002FB
:107030001A700022DA803FE04EB110F8086C42442A
:107040006FF3410600F8086C00269E80DEE72B46B1
:10705000DCE705EBC809D1E905673744B9450ED32C
:1070600010F8085C013A6FF3000500F8085C002591
:1070700020F8065C5A801A7865F30002D8E715F804
:1070800038504E4615F0010530D010F8085C013A32
:107090006FF3000500F8085C002592B220F8065C4A
:1070A0005A801A7865F300021A70C3F1070232445D
:1070B000C2F3CF02DA80B280002C3FD09C423DD890
:1070C0006288002A08BF1C46BEF1000F06D09E450C
:1070D00004D3BEF80220002A18BF7346C1E90A4350
:1070E0008BF31188BFF36F8F00205FE7A8EB0C08CC
:1070F000B8F1010FC9D1B9F80270A9F802501744CC
:10710000B9F80620C2B109EBC20600254A6A013A65
:107110004A62CA69083ACA6110F8082C20F8065C6D
:107120006FF3000200F8082C1A785F8065F3000204
:107130001A70002EB9D17CE71646E6E71C46C3E775
:10714000222033E70064002010B5044630B1383007
:10715000FFF7E0FB6821204614F0FCFF2046BDE865
:10716000104008E710B5044618B12422002143F06E
:10717000D5FA2046BDE81040FDE6002313B5019383
:1071800069B160B101FB00F401A9204636F04AFB69
:10719000014620B9019810B1224643F0BFFA019888
:1071A00002B010BD42F21073994270B504460D460C
:1071B00002D96FF00F0070BDC3888B4213D2042137
:1071C0002846FFF7DAFF06460028F2D0216841B1D1
:1071D000E288920043F0ADFAE1882068890014F05B
:1071E000C3FFE58026600020E5E72DE9F84305466A
:1071F0000E469046D4883CB9F188A1420ED26FF079
:1072000009073846BDE8F883D8F8003003EB84035B
:1072100053F8043C002BEFD1013CECE72846FFF784
:10722000C1FF07460028ECD1F28894420BD2AE424F
:1072300009D028683168121B920001EB840100EB31
:10724000840043F076FAEA88F088824207D92B68F6
:10725000121A0021920003EB800043F05FFA002233
:1072600013462968D6F800E0D8F80080944203D18C
:10727000C3B90123AB80C4E75EF822C058F822608E
:10728000ACEB0300B0422CBF4FF000094FF00109F6
:10729000801B41F822009C452CBF4B4609F101039D
:1072A0000132E3E7EA8801EB840401EB82018C42BE
:1072B00002D1002BDDD0A2E72268D21A34BF01230D
:1072C000002344F8042BF2E700232DE9F7430C21B7
:1072D00006460193FFF766FF0546002856D134683D
:1072E00001AA04F11808414604F128072046F6884F
:1072F000FFF704F939462046FFF700F90199A36822
:1073000004F108095B182CBF01210021A360E36888
:107310004846C9182CBF01230023E160414604F10F
:1073200020080193FFF7EAF848464146FFF7E6F8E0
:1073300048463946FFF7E2F80199236904F110093C
:107340005B1823612CBF01230023616948465B1849
:1073500063612CBF012300234146019304EB8606A1
:10736000FFF7CCF839464846FFF7C8F8019B321BB7
:10737000193AA36122F0030204F119039E4238BFB7
:107380000022294604F11C0043F0C8F9284603B046
:10739000BDE8F08300232DE9F04F0F2185B00646AC
:1073A0008DF80B30FFF7FEFE0546002840F0C9803F
:1073B00034680DF10B02D4F81CB02368594603A8B9
:1073C0000393FFF7BCF8D4F82C904946FFF7B7F8C1
:1073D000039B9DF90B1023606368002903938DF8CC
:1073E0000B5080F2B2804942FFF7A9F8D4F820A0F0
:1073F0000DF10B02514603A8FFF7A1F8D4F8308035
:107400004146FFF79CF8039B9DF90B106360A3684E
:107410000393002399428DF80B3080F29980494202
:10742000FFF78DF8636A0DF10B02194603A800936C
:10743000FFF785F8676B3946FFF781F8039B9DF9E5
:107440000B10A360E3680393002399428DF80B307F
:1074500080F281804942FFF772F8A36A0DF10B02B6
:10746000194603A80193FFF76AF85946FFF75FF83A
:107470004946FFF75CF8039B9DF90B10E360236915
:107480000393002399428DF80B3067DA4942FFF7E6
:1074900056F80DF10B0203A84946FFF750F8514684
:1074A000FFF745F84146FFF742F8039B9DF90B10A3
:1074B000236163690393002399428DF80B3050DAFE
:1074C0004942FFF73CF80DF10B0203A84146FFF7D4
:1074D00036F80099FFF72BF83946FFF728F8039B99
:1074E0009DF90B106361A3690393002399428DF802
:1074F0000B3039DA4942FFF722F839460DF10B0219
:1075000003A8FFF71CF80199FFF711F8039B9DF9F9
:107510000B70A36127EAE773E361F3880021072B6F
:10752000A3F108024FEA820204F1200098BF002272
:1075300043F0F4F8002F04DAE02239463046FFF732
:1075400009F8284605B0BDE8F08FFEF7F0FF4DE7DB
:10755000FEF7EDFF66E7FEF7EAFF7EE7FEF7E7FFDF
:1075600097E7FEF7E4FFAEE7FEF7E1FFC5E700238C
:107570002DE9F04F112187B003908DF81330FFF7FC
:1075800011FE0290002840F04881039B0DF1130288
:107590001C6805A823680593236A19460193FEF722
:1075A000C6FFD4F824B05946FEF7C1FFD4F82C909A
:1075B0004946FEF7C4FFD4F830804146FEF7BFFFCE
:1075C000656B2946FEF7BBFFA66B3146FEF7B7FF9A
:1075D000059B9DF913102360636800290593029BA6
:1075E0008DF8133080F21D814942FEF7A8FF0DF19E
:1075F000130205A85946FEF79AFFD4F828A0514671
:10760000FEF795FF4146FEF79AFF2946FEF797FFE2
:107610003146FEF794FFE76B3946FEF790FF059B76
:107620009DF913106360A3680593002399428DF8B8
:10763000133080F2F9804942FEF781FF0DF1130209
:1076400005A85146FEF773FF4946FEF770FF29462D
:10765000FEF775FF3146FEF772FF3946FEF76FFF02
:10766000059B9DF91310A360E368059300239942DD
:107670008DF8133080F2DB804942FEF760FF0DF198
:10768000130205A84946FEF752FFFEF750FF414698
:10769000FEF74DFFFEF74BFF2946FEF748FF394640
:1076A000FEF74DFF0199FEF74AFF5946FEF747FFE7
:1076B000059B9DF91310E36023690593002399420C
:1076C0008DF8133080F2B6804942FEF738FF0DF195
:1076D000130205A84146FEF72AFFFEF728FF2946B8
:1076E000FEF725FFFEF723FF3146FEF720FF594640
:1076F000FEF725FF5146FEF722FF059B9DF913106B
:10770000236163690593002399428DF8133080F259
:1077100094804942FEF713FF0DF1130205A8294694
:10772000FEF705FFFEF703FF3146FEF700FFFEF709
:10773000FEFE3946FEF7FBFE5146FEF700FF4946C6
:10774000FEF7FDFE059B9DF913106361A369059388
:10775000002399428DF8133072DA4942FEF7EFFEAA
:107760000DF1130205A83146FEF7E1FEFEF7DFFE3C
:107770003946FEF7DCFEFEF7DAFE3146FEF7D7FEAD
:107780002946FEF7D4FE0199FEF7D9FE5946FEF7C9
:10779000D6FE059B9DF91310A361E36905930023B1
:1077A00099428DF813304EDA4942FEF7C8FE0DF1CA
:1077B000130205A83946FEF7BAFEFEF7B8FEFEF73B
:1077C000B6FE0199FEF7B3FE5146FEF7B8FE4946F4
:1077D000FEF7B5FE4146FEF7B2FE2946FEF7AFFEC4
:1077E000059B9DF91350E36125EAE5732362039B32
:1077F0000021DB8804F12400082BA3F109024FEAE1
:10780000820298BF002242F089FF002D05DA4FF472
:10781000807229460398FEF79DFE029807B0BDE8E6
:10782000F08FFEF784FEE2E6FEF781FE06E7FEF744
:107830007EFE24E7FEF77BFE49E7FEF778FE6BE766
:10784000FEF775FE8CE7FEF772FEB0E710B5682113
:107850000120FFF792FC044618B16822002142F093
:107860005DFF204610BD10B524210120FFF785FCE7
:10787000044618B12422002142F050FF204610BDDA
:10788000FEE7002307B5084601A9019335F0CAFFBA
:10789000019803B05DF804FB0846FFF76CBB08468F
:1078A00011466AE4002303604360704708B5002373
:1078B0000A480B490B4A091AC2E9050182F830301F
:1078C0009363C2E90A00FFF7EDFF01230139C908FC
:1078D000418053620823C2E9073308BD407B002082
:1078E000000004200064002030B5D0E9054553B302
:1078F00094420FD0E2B9046974B9036983B30029D3
:1079000018BF0D462B78DB0714D5AB8843B3A5EB26
:10791000C305F7E704698CB141B904682378DB0734
:107920000CD5E3884BB104EBC304F7E70C46F5E74D
:107930009542E2D0C0E9054530BD1C469542DCD0F9
:10794000002ADAD0F6E7944208D08C4228BF0C46D1
:10795000954207D08D4238BF0D46EBE70C46F7E75E
:107960001D46E7E70D46E5E700232DE9F347864E80
:107970000193B3690C469A42104604D239B912B148
:1079800001A935F04FFF019802B0BDE8F0871AB9A0
:107990000846FFF7F0FAF6E7EFF31187302383F399
:1079A000118834F8063C07304FEAC30820F0070579
:1079B000A845A1F1080178D234F8020C002863D060
:1079C000C21A012A60D101EBC00211F83000C007D1
:1079D0005AD4B2F802C0A8EB050919EBCC0953D46C
:1079E000B9F11F0F35DDC5F3CF03611924F8063C4B
:1079F0000133084624F8023CFFF754FF34F8020C28
:107A00004FEAD9038880D0884B80F8B1B2F802C021
:107A1000A0EB0C0C1CFA83F39BB202EBC000CB80F2
:107A2000838000235948FFF75FFF1046FFF73AFFB6
:107A3000F369326A2B44A3EB080393420194F36188
:107A400031D887F31188BFF36F8F9CE70023CB8079
:107A5000E7E7706A013301387062D088634424F824
:107A6000063C68B1B2F802C0A0EB0C0C1CFA83F320
:107A70009BB202EBC00024F8023C83800123D1E7D3
:107A8000002324F8023CF9E7284601A935F0CAFE94
:107A90000028D6D142462146019842F04AFE2046AF
:107AA000FFF769FACDE73362CBE76AD934F8020C05
:107AB000A8EB050900F1FF3AAAEB030A002837D02A
:107AC00011F8303001EBC002DB0732D4BAF1000FFD
:107AD0002FD1C5F3CF03611924F8063C01330846C2
:107AE00024F8023CFFF7DEFE508800EBD90334F89F
:107AF000020C4B808880D088C0B1B2F802C0A0EBE5
:107B00000C0C1CFA83F39BB202EBC000CB80838089
:107B10001E480023FFF7E8FE1046FFF7C3FEF36997
:107B200001941D44A5EB0805F5618AE7C880EFE7DD
:107B30000246B9F1270FF2D9C5F3CF03611924F832
:107B4000063C0133084624F8023CFFF7ABFE34F84C
:107B5000020C09F1FF33DB084B8088807AB10AF10F
:107B6000010A1AFA83F39BB2CB809380736A0748A9
:107B70000133736200231A46FFF7B6FECFE7CA80CF
:107B8000F4E701945DE700BF006400201464002066
:107B9000BFF35F8F074B5A6A22F480325A62D3F8E0
:107BA000942022F00102C3F89420BFF34F8FBFF35B
:107BB0006F8F704700ED00E008B970472430036A0A
:107BC0001BB98142FAD8002001E08142FBD97047FD
:107BD00070B50D460668EFF31182302181F31188EC
:107BE0000021046A016282F31188BFF36F8F002CB9
:107BF00000DC70BD3046013CA847F8E710B50446EC
:107C00001822002142F08AFD204610BD0368D904E5
:107C100044BF43F48063036003689A0444BF43F4A1
:107C200000630360704713B5044601A80191FFF794
:107C3000EDFF019BA36002B010BD70B5044686B095
:107C400038300E461546FEF765FE0122234B84F8B8
:107C5000382093F83C3013EA020129D0002184F83F
:107C6000392001A8142242F059FD4FF410534FF669
:107C7000F872ADF800304FF6FF73954298BF2B466F
:107C8000ADF80230164B4FF4807168460393FFF74E
:107C9000CAFFEA1D3146684604F13C03D20815F0DC
:107CA00050FEA8B104220F4B0F4916F0F5F90BE076
:107CB00084F8391040342422204642F02FFD2A4611
:107CC000314620460EF004FE28B16FF00C0003E0B0
:107CD000684615F09DFC002006B070BD00640020D1
:107CE000004440041D9C0108A4D1040808B529B132
:107CF00016F0D0F8003818BF012008BD0120FCE7BD
:107D000010B5044686B018220021684642F006FDF0
:107D10006946204616F0A2F8B0FA80F0400906B095
:107D200010BD08B515F0FCFB003818BF012008BDD8
:107D300018B12D280CBF1720012070472DE9F743FB
:107D40000F4690460024DFF84490060244EA0605F8
:107D500045F400356B462946484601AA0CF0FAF96D
:107D6000FFF7E6FF172809D143463A462946074858
:107D70000CF0CEFE03B0BDE8F043D9E710B90134F2
:107D80000B2CE3D103B0BDE8F08300BF101C002032
:107D9000064B10B593F8482032B1002483F84840D0
:107DA00016F03EFD204610BD0D20FCE700640020CB
:107DB0001FB50023CDE901330393FF238DF8043071
:107DC000054B014601AA986841F0C7FD003818BF6D
:107DD000012005B05DF804FB0064002008B5074BE6
:107DE000986841F041FE30B1054BB3FBF0F083B22F
:107DF0000BB1184608BD0120FCE700BF006400205D
:107E000040420F002DE9F041904601220D46224BE1
:107E1000224C234E18700021A068327041F07AFD88
:107E200094F86830EDB2AB4233D894F86930AB4285
:107E30002FD3E36E04F16407BB4204D07F213846A0
:107E4000FEF717FEE766E368A3B98027154B9F711D
:107E5000FFF7C4FFC000B8FBF0F03A46C4E90300E6
:107E60003946A06841F061FE40B17F220E4B1A7086
:107E70000223337001242046BDE8F0812846FFF735
:107E800097FF04460028F5D130F05AFC0028F2D0C4
:107E9000EBE70724EFE700BF6C210020006400201F
:107EA0006D210020CC7900206E21002008B5054B03
:107EB00000EB80004100986841F063FE00B1FEE7EE
:107EC00008BD00BF0064002070B5104C0D4694F84A
:107ED0006830834218D894F86930834214D3E36E33
:107EE00004F16406B3420BD001220021A06841F0E6
:107EF00011FD29463046FEF7BCFDE666002070BD48
:107F00000846FFF7D3FFF9E70720F8E700640020F1
:107F100008B5302383F311884FF000534FF20F025E
:107F200018805A80BFF35F8F0BF0AAFB6E4A2DE9D1
:107F3000F0416E4B55686E4C5D65516A99656D49AF
:107F4000D1F80002D865D1F804021866D1F80812F9
:107F5000586B5966916A10F0040F9966D16A4FF018
:107F60000000D966116B1967516B5967D26BD864E1
:107F70009A67D3E90E1218BF11465F4A91421A65FB
:107F80005DD301F12000A04259D88869C5F30805E6
:107F90001864CE69062D5E6455D1584DA84252D35F
:107FA000574DA8424FD205884DF6426085424AD1CE
:107FB0001868C3F894005868C3F8980040F201703C
:107FC000A242154604D22E680432B6F1CD3FF7D056
:107FD0000022C3E91F22C3E92122C3E92322641B33
:107FE000DFF818C1424DDFF818E19C648D422DD8AE
:107FF000D3E91FC7D3E92165D3E923414FF0000E30
:10800000013AD2B2FF2A3BD1BEF1000F05D0C3E93D
:108010001FC7C3E92165C3E92341B3F85430C3F353
:1080200008030C2B3AD8022B53D9DA1E092A50D850
:10803000DFE802F030563F424F4F4F4F4F4C002188
:10804000C3E910112C494FF42060B9E755F8044DED
:108050006445CBD37445C9D2E607C7D50026294F5E
:1080600057F8048FA045C1D00136062EF8D12AB1A9
:10807000013AD2B203EB8206F467B7E70522F9E7CB
:10808000E0464FF0010EBC4637462E4625460C46CC
:108090004146B5E740F60120BDE8F0813A2B18D102
:1080A000194B9B6913F0020F40F2025318BF184698
:1080B000F2E740F60320EFE740F2017240F60423B6
:1080C000B0F5206F14BF10461846E5E740F60520CE
:1080D000E2E740F60722013B5A2B98BF1046DBE748
:1080E00040F60220D8E700BF00ED00E080780020D5
:1080F0000818002000E100E008000020E06100080E
:1081000040C50408F87800200040005B2DE9F047E6
:1081100086B00546DDE90F980C4616460021182268
:1081200068461F469DF838A042F0F8FAB9F1000FF2
:1081300041D0B4F5885F1ED04AF48073BAF1010FC4
:10814000019303D12A68DBB2059283B339466846AE
:10815000FFF769FDADF8004024F0FF04B4F5824F4D
:10816000039612D12B4642464946684615F0E9FB74
:1081700006B0BDE8F087BAF1000F12D13946684663
:10818000FFF751FD0396ADF800404FF6F872B2EBE1
:10819000C80F4FEAC80338BF4FF6FF73ADF802307F
:1081A000E0E740F2011301932B680593E6E740F204
:1081B00001130193CAE76FF08600D9E770B5046830
:1081C0000D1B002D02DC6FF05F0070BD94F90060A4
:1081D0002378002E0ADB631C036023781360036896
:1081E000C91A13688B42EED80020EEE703F07F0334
:1081F0005E1E032E10D89D42E5DD0025013415607A
:1082000004600468166814F8015B013B45EA062522
:1082100015600460F5D1E2E76FF06300D5E770B454
:1082200004680E1B002E06DD26789E4207D101341D
:10823000046070BCC2E76FF05F0070BC70476FF005
:108240006100FAE77F2A034610B51AD914460120C7
:10825000240A00F10100FBD11C68641A844212DB7D
:1082600019684C1E1C6001F8012C120AF8D1012873
:1082700006D01A68511E196000F17F0302F8013C14
:1082800010BD0120E8E76FF06B00F9E72DE9F84F2A
:108290004FF0000A0546884616469946544657460A
:1082A000DDF828B05F4516D2002319F80700202812
:1082B0000CD0ABEB0702012A29D00D2827D109EBFE
:1082C000070252780A2A6BD10137EBE70137BB4529
:1082D0004FF00103E9D1BCB1062204F00703E40822
:1082E000534354430733A4EB0A0404EBD30405B30C
:1082F00044451ED809EB070B00272C46BA46B84662
:108300002C4AD94519D1641B0020346004E00A28A6
:10831000DAD01BB16FF02B00BDE8F88F0206F9D45C
:108320003D283FD10AF1010ABAF1020FF2D8013417
:10833000CAE76FF029003460EEE719F8010BA0F1ED
:108340000A03DBB2162B09D93D284FEA88180CD056
:10835000FEF74CF8174A48EA000807E042FA03F330
:10836000DB07CED54FEA8818F2E701370AF1010A98
:10837000BAF1040FC5D14FEA1843012F237003D976
:1083800001344FF0000ABCE74FEA1823637017B1BD
:1083900001270234F5E784F80280BA460334B0E7D7
:1083A000002BB7D1BAF1000FB4D1FEF71FF80028A7
:1083B000BDDAAFE7F6FFBFFF2DE9F0410D46C988F2
:1083C00004461646FEF7EEFE014608BB3046FEF7B1
:1083D00041F803461B4EB4F904203068013258407E
:1083E00022EA0002B5F9040027680130D5F80080C0
:1083F00018400243013A4745A280EA8804D08C46DF
:10840000A7F1040E624506D8DB43E488A24211D3EB
:108410000846BDE8F08135685EF8040F5D4020EA4B
:10842000050058F82C500CF1010C1D402843CEF8E3
:108430000000E7E757F82200184047F82200013211
:10844000E4E700BF0064002010B5044648B10068AE
:1084500018B1E188890013F087FE00220123C4E9E6
:10846000002310BD38B504460D4619B9FFF7ECFFDF
:10847000002038BDC2888A4207D1002100689200DE
:1084800042F04CF90123A380F2E7FFF7DDFF294614
:108490002046BDE83840FEF785BE884270B50546E7
:1084A0000E4609D0C988C28841B92AB10123920079
:1084B0008380006842F032F9002070BD4C1E8CB9F8
:1084C000B6F904300134A242AB8012D221462846CC
:1084D000FEF768FE0028F0D131682868A20042F05B
:1084E00028F9E9E7336853F82430002BE8D1013C40
:1084F000E5E72868121B0021920000EB840042F09F
:108500000DF9E9E72DE9F0411746B1F904509288D9
:10851000044612FB05F253430E461DD5394630463C
:10852000FDF7A4FFB0F100080DDB3A4631462046C6
:10853000FEF75BFE28B9B8F1000F08BF0125002047
:10854000A580BDE8F08132462046FEF74EFE0028A9
:10855000F7D16D42A580F4E7874202D0814210D165
:108560003E460123B6F80680A380B8F1000FE6D09E
:10857000336803EB880353F8043C3BB908F1FF3838
:10858000F3E7FFF78AFF0028EAD0DAE74146204602
:10859000FEF708FE0028D4D1D6F800C007460646EC
:1085A0002368191F51F8042F5CF82700B2182CBF5C
:1085B000012600260137121846F10006B8450A6068
:1085C000F0D103EB8703002EB9D0E28807F1010850
:1085D000BA4208D841462046FEF7E4FD0028B0D153
:1085E000236803EB87031A68474692192CBF0126BC
:1085F000002643F8042BE6E770B50E460121044639
:10860000FEF7D0FD054648B9E28801469200206891
:1086100042F084F823681E600123A380284670BDC1
:108620002DE9F341054688461646CF883FB1D8F874
:10863000003003EB870353F8043C33B13EB900210B
:10864000284602B0BDE8F041D6E7013FEEE72846F4
:10865000791CFEF7A7FD044670B941462846FFF78E
:108660001CFF044640B9013E00963B46D8F8002066
:10867000E988286838F0E0F8204602B0BDE8F081CB
:10868000C388B1EB431F3FBF03684A0953F8220078
:1086900001F01F013ABFC84000F001000020704700
:1086A000C1880068FEF796B92DE9F84312F003037C
:1086B00018BF012303EB92068846314681461446D3
:1086C000FFF7D0FE0546B8B9B9F80670BE4216D815
:1086D00097B1D9F80090BE0001463246484642F0B4
:1086E0001DF82CB1301B22464146484442F021F887
:1086F00039464846FEF723FA2846BDE8F8836FF06E
:108700000705F9E7034670B51C68DB880846B2EB3D
:10871000830F4FEA830519D9521B8E18002141F0AF
:10872000FDFF30462A4600231044934210D100201A
:1087300070BD23F00301615803F00306F600F14019
:10874000C9B281B901339D42F3D1ECE71346FAE790
:1087500023F00301615803F00305ED00E94000F840
:10876000011D0133E1E76FF00700E1E7F8B50446CA
:108770000D46FFF795FFE3882844B0EB431F25D84B
:108780001F2D2368E68805F01F074FEA551413D9FB
:108790006FF00300324600FB0430944202F1FF31D7
:1087A00020D3A21BA64238BF002232441846002123
:1087B000920041F0B3FF034637B1002103EB84037D
:1087C000C7F12005A64213D800200AE010F01F01CF
:1087D00018BF012101EB50112046FEF7E3FC0028F1
:1087E000CED0F8BD50F8212043F821200A46D4E726
:1087F0001868013400FA07F20A4343F8042B20FA00
:1088000005F1DFE730B5C38823B9CA885AB9002B10
:108810003DD136E0026802EB830252F8042C002AB4
:10882000F3D1013BF0E70C6804EB820555F8045CDA
:108830004DBB013AEAE7B1F9045003D2B1F90400A3
:10884000404226E0B0F90420002A03DD002D0CDAB6
:1088500001201EE0002D08DD3AB14FF0FF3018E096
:1088600003F1FF330BD2504213E0013B016851F892
:10887000235054F823108D42F2D9104609E0591CB8
:10888000F4D1002005E0002BD8D09342D3D9B0F921
:10889000040030BD1FB54A1C14BF0B4601230193D1
:1088A0000123C90FC1EBC13149000131ADF80C10F2
:1088B000ADF80E3002A901AB0293FFF7A3FF05B09C
:1088C0005DF804FB01231DE670B50C460546114614
:1088D00020461A46FFF7F6FF064630B9043529460A
:1088E0002046FFF78FFF002801DA304670BD2A4688
:1088F00021462046FEF779FC0028F0D00646F4E732
:108900004FF0FF33FEE570B50C4606461146204693
:108910001A46FFF7F5FF054688B90436B4F9043066
:10892000002B0CDA00212046FFF7B4FF30B13246AD
:1089300021462046FFF7C6FF0028EFD0054628460F
:1089400070BD2DE9F04F0123164600228BB08842FE
:1089500007460D46CDE90823CDE9062306D108A830
:10896000FFF79BFD0446002840D108ADB74207D170
:10897000394606A8FFF791FD0446002836D106AE19
:10898000B5F80680B8F1000F3AD1B6F80690B9F103
:10899000000F3FD1012308EB090A514638460393E3
:1089A000FEF700FC044608BB01463846FFF724FEEC
:1089B0000446D8B92A683B680146049218464FEA33
:1089C0008A02D6F800B041F0A9FEABF1040A834652
:1089D00000EB890908F10101D94524D1039B7BBB38
:1089E000AB88B28813FB02F31BB2BB8006A8FFF76B
:1089F0002BFD08A8FFF728FD20460BB0BDE8F08F3F
:108A00002B6803EB880353F8043C002BBDD108F11D
:108A1000FF38B7E7336803EB890353F8043C8BB99D
:108A200009F1FF39B3E75AF8043F58460093049A16
:108A3000434605910BF1040B37F0FEFE0599CBE799
:108A40000123D2E7B8FA88F35B09A4E72DE9F04FD8
:108A500005460F461046002197B09346FFF71AFFD0
:108A60000028C0F2878105D16FF00B04204617B0B3
:108A7000BDE8F08F00230126CDE90936CDE90B369C
:108A8000CDE90D36CDE90F36674B5946129338467E
:108A900013AB1193FDF7EAFC002817DA35B139461C
:108AA0002846FFF7FAFC0446002849D10021284651
:108AB000FFF7F0FE0028C0F24C8159462846FFF728
:108AC000A1FE002880F24C810024CFE7394609A896
:108AD000FFF7E3FC044698BB59460BA8FFF7DDFC03
:108AE000044668BBF9880DA80231ADF83060ADF8D6
:108AF0002860FEF757FB044610BB01460DA8FFF7A0
:108B00007BFD0446E0B9F9880FA80231FEF74AFB65
:108B10000446A8B90BA8FFF7C3FD00F01F001F28EB
:108B200021D0C0F11F03194609A80093FFF71EFECC
:108B3000044628B900990BA8FFF718FE044698B11F
:108B400009A8FFF781FC0BA8FFF77EFC0DA8FFF733
:108B50007BFC0FA8FFF778FC0C2113A813F0FAFA9E
:108B6000002CA3D082E70094BDF82A60BDF83290B3
:108B70000BA8A6EB090A4FEA4A184146FFF7F6FD93
:108B800004460028DCD14FEA8A0A0BA909A8FFF79E
:108B900039FE002838DA41460BA8FDF7B2FE04463C
:108BA0000028CDD109F1FF3301939B0006F1FF3876
:108BB000049306F1804609F18043023B013E9B008D
:108BC000A6EB09060793B3000293019B43452DD3FF
:108BD000002DB5D0009909A8FDF793FE002840F0BC
:108BE000B480BB8809A92846ADF82830FFF755FCAA
:108BF0000146002840F0AB802846FFF74BFE0028D6
:108C00009ED10123AB809BE70D9A09A952F80A3047
:108C10000846013342F80A300BAAFFF771FE0446FA
:108C20000028B2D08CE700BF010003000B9B049A20
:108C300003931344DDF824900693039B4FEA880ABC
:108C40009A5859F82810AAF104030D9E0593029B27
:108C500091421E4474D20598002359F800003FF059
:108C60002DFF002914BF4FF0FF330346B8F1010F69
:108C700033600EBF002309EB0A0353F8083C079A40
:108C80001393059B59F80330149359F80A30159340
:108C9000336801333360039B1344994633680021E2
:108CA000013B33600FA8FFF7A7FC00284DD1019BC3
:108CB000002B48D0D9F800200F9B0FA91A60069A04
:108CC000084612685A603268FFF7AAFC00283CD1B7
:108CD00011A90FA8FFF796FD0028DFDC32680BA969
:108CE0000FA8FFF79DFC80BB029B0FA84FEAC309AA
:108CF0004946FFF73BFD40BB09A908460FAAFFF70D
:108D0000FFFD014618BB09A8FFF7C4FD002812DAD1
:108D10000BA90FA8FFF7C1FBB8B949460FA8FFF789
:108D200025FD90B909A908460FAAFFF7CBFD60B948
:108D30003368013B3360029B08F1FF38043B43E793
:108D40004FF0FF3392E7019AB6E70446F8E60C4687
:108D5000F6E65A4629462846FFF7B4FD0446FFE6E4
:108D60005A4629462846FFF7CBFD044600283FF423
:108D7000A4AE7BE66FF0090478E62DE9F04F0546D6
:108D80008FB01046164609910A93FFF783FD00281D
:108D900040F395802846F188FFF764FB04460028DD
:108DA00066D13368B5F806900193484F494601985B
:108DB0003B683B68FDF70EFEC31DDA08272B2E68C3
:108DC00004928CBF1E22FA2213F0180518BF012549
:108DD00005EB53150292AA00A2EBD301B21805923B
:108DE000A9EB0502920023F0070306921B1A7218E2
:108DF000039107920B93A94561D30021039A304652
:108E000041F08CFC0021069A059841F087FC049AF9
:108E1000079918980A9B9847044648BB1DB12946F4
:108E20003046FDF78CFE494630460B9AFDF72BFD88
:108E3000029B013B029345D009993068FDF745FB41
:108E40000122C143D7F80080914515D848EA0103B3
:108E5000D7F800A008933B684B46D7F8008003F191
:108E6000FF3B8BB9089A3B680AEA020A9A45C2D0CE
:108E700020460FB0BDE8F08F56F82200FDF7EAFA61
:108E8000013248EA0008DFE7019B53F82B2056F82F
:108E90002B30104619460D930C92FDF716FB0D9BD7
:108EA0000C9A40EA080811461846FDF70EFB20EA26
:108EB00008034AEA030A48EA00085B46CFE76FF076
:108EC0000304D5E76FF00D04D2E700BF0064002073
:108ED0002DE9F04306460F461046012197B015468E
:108EE000FFF7D8FC002840F3CA810022012339464D
:108EF00012A8CDE90E23CDE90C23CDE90A23CDE953
:108F00000823CDE91023CDE90623CDE90423CDE9DB
:108F10000223CDE90023CDE91223CDE91423FFF785
:108F2000BCFA044608B112A806E0294614A8FFF7C7
:108F3000B4FA044612A81CB3FFF786FA14A8FFF788
:108F400083FA0EA8FFF780FA0CA8FFF77DFA0AA8AB
:108F5000FFF77AFA08A8FFF777FA10A8FFF774FA74
:108F600006A8FFF771FA04A8FFF76EFA02A8FFF748
:108F70006BFA6846FFF768FA204617B0BDE8F08341
:108F8000FDF7CAFD814614A8FDF7C6FD804650B91D
:108F9000214614A8FFF774FB28B9394610A8FFF73B
:108FA0007CFA04463CE00123ADF85430ADF84C3077
:108FB000002112A8FFF76EFC58B9C145494614A814
:108FC00028BF4146FFF7D2FB04460028ABD114A9C5
:108FD000E4E712A8FDF7A0FD014612A8FDF791FCF9
:108FE0000446E8B914A8FDF797FD014614A8FDF75B
:108FF00088FC0446A0B914A912A8FFF703FC0028B6
:10900000C0F2A28012A9084614AAFEF7EEF80446A0
:1090100030B9012112A8FDF774FC04460028C7D01E
:1090200012A8FFF711FA14A8FFF70EFA002C88D146
:10903000012110A8FFF72EFC002840F01D812A46D0
:1090400039460EA8FFF702FD044600287FF479AFE9
:109050000EA90CA8FFF721FA044600287FF471AF8F
:10906000294606A8FFF719FA044600287FF469AFDD
:10907000294604A8FFF711FA044600287FF461AFDF
:1090800001210AA8FFF7B8FA044600287FF459AF77
:10909000014608A8FFF7B0FA044600287FF451AF54
:1090A000014602A8FFF7A8FA044600287FF449AF5A
:1090B00001216846FFF7A0FA044600287FF441AF7B
:1090C0000C9B1B68D8074BD5049B1B68DB0776D528
:1090D00004A90CA8FFF796FB0028C0F2A3800CA9F6
:1090E000084604AAFFF70CFC044600287FF429AFC9
:1090F0000AA9084602AAFFF703FC044600287FF4E9
:1091000020AF08A96A460846FFF7FAFB0446002884
:109110007FF417AF00210CA8FFF7BCFB0028CFD1CC
:10912000002102A8FFF7B6FB0028C0F29180294673
:1091300002A8FFF767FB002880F29480304602A95E
:10914000FFF7ABF90446FCE614A9084612AAFEF79D
:109150004CF8044600287FF463AF012114A85AE7B5
:1091600001210CA8FDF7CDFB044600287FF4E9AEF1
:109170000A9B1B68DF0710D4089B1B68DC070CD414
:1091800001210AA8FDF7BDFB044600287FF4D9AEF3
:10919000012108A8FDF7B5FB8EE70AA9084606AA33
:1091A000FFF790FB044600287FF4CBAE08A90846E1
:1091B0000EAAFFF7A5FB04460028E1D0C1E6012175
:1091C00004A8FDF79EFB044600287FF4BAAE029B7C
:1091D0001B68D90714D4009B1B68DA0710D401213F
:1091E00002A8FDF78EFB044600287FF4AAAE0121F9
:1091F0006846FDF786FB044600283FF465AFA0E60D
:1092000002A9084606AAFFF75DFB044600287FF482
:1092100098AE694668460EAAFFF772FB044600281E
:10922000DDD08EE604A908460CAAFFF769FB0446C8
:1092300000287FF486AE02A908460AAAFFF760FB61
:10924000044600287FF47DAE6946684608AA5BE7BD
:1092500002A92A460846FFF735FB044600283FF4DA
:109260005FAF6EE602A92A460846FFF749FB0446AF
:1092700000283FF45CAF64E66FF00D0461E66FF028
:10928000030479E637B545780C46012D13460ED117
:1092900001AB406833F05DF8034628B10A4B042265
:1092A0000A4914F0F9FE0346184603B030BD0178B0
:1092B000012906D12246083003B0BDE830400DF048
:1092C00023BB034BF0E700BF1D9C0108A4D1040899
:1092D000809CFFFF2DE9F0439846002385B00546AA
:1092E0000C46174600F110016A463830CDE90033CC
:1092F000CDE90233DDF83090FFF7C4FF064658B1E0
:109300006B6E43F010036B666846102112F022FF6B
:10931000304605B0BDE8F0830DEB04010446221D84
:10932000974209D2A742EFD918F804300A5D53409A
:1093300009F804300134F5E758F80430085943407F
:1093400049F804301446EAE7416E38B501F00303EA
:10935000032B044634D1826A22B9436B023B012BB2
:109360001AD80262256B2378681E0343606A023AAA
:10937000003818BF012043EA80130020520843EA56
:10938000C2032370236AC2B2954200F1010006D8DD
:1093900053B141F0100161666FF00C000FE0C2F1B3
:1093A0000F02A3541B0AEEE72246214604F13800BF
:1093B000FFF768FF18B1636E43F01003636638BDB2
:1093C0000020FCE738B590F844300446012B11D159
:1093D000C56B4DB12B7A012B02D1686814F006FDE4
:1093E0000C21284612F0C0FE2046BDE83840482136
:1093F00012F0B0BE006C18B14FF4AE7112F0B4FEB2
:10940000E06B0028F0D02368DA79044B02F07C028C
:1094100013441B699B699847E6E700BFA4D1040881
:1094200038B505460C46A9B14822002141F076F92D
:10943000E279094B02F07C0213441B695B6913B9A2
:1094400000202C6038BD9847E8630028F8D1A0F5CB
:10945000C340F7E70148F5E7A4D10408009FFFFFE8
:10946000F8B5046C0E460734E4089C4228BF1C463D
:109470001146054622463046FFF716F90746C8B999
:109480002B6CE100B3EBC40F0DD3343529463046C5
:10949000FFF7B8F900280DDB2A4631463046BDE813
:1094A000F840FFF72DBA3046C91AFDF72AFA00280E
:1094B000EBD007463846F8BD0346C06920B15B6A69
:1094C000002B14BF01200220704700220123C0E9B5
:1094D0000023C0E90223C0E90423704738B5002403
:1094E00001250146C0E90254C0E9045404704460F7
:1094F00085611C30FFF7E9FFC1E90D45C1E90F4463
:10950000C1E91144C1E91344C1E91544CC6538BD32
:1095100010B50446FFF7E2FF0022012304F16800C2
:10952000C4E91823BDE81040CFE738B504460D461E
:10953000FEF7B3FF70B905F1080104F10800FEF76A
:10954000ACFF38B905F1100104F11000BDE8384056
:10955000FEF7A3BF38BD10B501210446FFF74CF854
:1095600060B9012104F10800FFF746F830B901465F
:1095700004F11000BDE81040FFF73EB810BD2DE922
:10958000F84380460D4616461F4613B91D48BDE8F0
:10959000F8830430FFF784F804464046FFF78CFF59
:1095A000012881462BD113782BB9012FEED1284603
:1095B000BDE8F843CFE70734E40804F10108B845F3
:1095C000E4D822462846711CFFF76EF80028DED149
:1095D000494605F11000FFF70FF80028D7D133787E
:1095E000042BD3D163000133BB42CFD1224606EB1B
:1095F000080105F10800BDE8F843FFF755B8024837
:10960000C5E700BF80B0FFFF80B1FFFFF8B50C4693
:109610000646114620461A46FFF793F9054660BBF9
:10962000B76C37B921462046321DBDE8F840FFF738
:109630000DBAB4F90430002B04DA01462046FFF7D6
:1096400029F968BB2046FFF72BF8F36BB0EB430F0B
:1096500026D82046B847054678B90436B4F9043010
:10966000002B04DA00212046FFF714F938B93146FF
:109670002046FFF7C7F800280ADA2846F8BD324628
:1096800021462046FFF71EF90028E7D00546F4E7FB
:10969000324621462046FDF7A8FD0028E7D0F5E731
:1096A000004DEAE780B0FFFF2DE9F74301F1100616
:1096B0000546894630460021FFF7ECF80446A0B382
:1096C00000230127314668462A1DCDE90037FFF700
:1096D000FFFB044630BB09F108086B464246414691
:1096E0002846FFF793FF0446E0B96B466A46694691
:1096F0002846FFF78BFF0446A0B96B464A46494609
:109700002846FFF783FF044660B96B464246414650
:109710002846FFF77BFF044620B939463046FEF75E
:109720006BFF04466846FEF78FFE204603B0BDE897
:10973000F083F7B50D46012300210835044628467D
:10974000CDE900131646FFF7A5F8211D07462A4666
:109750006846FFF7D5F8044648B9002F0CBF002231
:1097600006F0010269462846FEF726FE04466846D2
:10977000FEF76AFE204603B0F0BD2DE9F0430E4629
:109780000546012189B006F11000FFF783F8044671
:10979000002840F086802846FFF78EFE012880468C
:1097A00040F0818021463046FFF774F8002878DBCE
:1097B00006F1080921464846FFF76CF8002870DBDF
:1097C0002F1D39463046FFF71DF8002869DA394663
:1097D0004846FFF717F8002863DA4B464A46284602
:1097E00002A9CDE90248CDE90448FFF70FFF04467E
:1097F00000284CD133463246284604A9FFF706FF1D
:109800000446002843D1EB68002B36D10323019393
:109810004FF0011304A90793084601AB06AA06936B
:10982000FFF76EF8044690BBBDF91430002B04DA44
:10983000002104A8FFF72EF8C8B904AA3346114640
:109840002846FFF7E3FE044608BB04AA1146284653
:1098500005F11403FFF738F80446C0B904A902A8BB
:10986000FEF7D0FF114B041E18BF1C460FE004A9E1
:109870003A460846FFF726F8D4E704AA11462846D8
:1098800005F10C03FFF720F804460028D5D002A804
:10989000FEF7DAFD04A8FEF7D7FD204609B0BDE8C3
:1098A000F083024CF9E7024CF7E700BF80B3FFFFFB
:1098B00080B0FFFF38B50546FFF7FEFD01280C46D6
:1098C00001460ED12046FEF7E5FF00280BDB2046BF
:1098D00005F13401FEF796FF00280448B8BF0020C8
:1098E00038BD0348FCE70148FAE700BF80B3FFFF3B
:1098F00080B0FFFF73B505461E46FFF7DDFD01286A
:109900000C4601460ED113462046009605F134025E
:10991000FFF733FA044B10F10E0F18BF0346184639
:1099200002B070BD014BFAE700B3FFFF80B0FFFF4C
:1099300070B5066C0D460736B3EBD60F11460446DC
:109940004FEAD60203D200230A482B6070BDB0F85C
:1099500066302A604BB1FFF7AFFD012807D104F153
:109960006000BDE87040FEF7CDBE0348EEE76FF043
:109970006D00EBE700B1FFFF80B0FFFF38B50C468C
:10998000051D29462046FEF73DFF002801DA00208C
:1099900006E02A4621462046FDF727FC0028F0D0A5
:1099A00038BD2DE9F84F1E4603F10805C36804468B
:1099B0008A469046002B40F0C08002F110031A4600
:1099C0002946FFF723FE002840F0EF8006F110073C
:1099D0002B46424639462046FEF776FF002840F0E7
:1099E000E48006F118092B46424649462046FEF718
:1099F0008AFF002840F0D9804B463A462946204647
:109A0000FFF704FE002840F0D080032229463046AC
:109A1000FEF706FE002840F0C88031462046FFF7DA
:109A2000ADFF002840F0C18008F1080B06F11007D7
:109A30005B465A4639462046FFF7E8FD002840F0CD
:109A4000B4803946204633F049FE002840F0AD800E
:109A50003B46424629462046FFF7D8FD002840F005
:109A6000A4802946204633F039FE002840F09D802E
:109A700006F118093B463A4649462046FFF7C6FD1F
:109A8000002840F092804946204633F027FE002807
:109A900040F08B803346324639462046FFF7B6FD0C
:109AA000002840F082802B463A4639462046FEF791
:109AB0002AFF002879D12B463A4639462046FEF740
:109AC00022FF002871D13B462A4629462046FEF750
:109AD0001AFF002869D133462A4629462046FFF757
:109AE00095FD002861D14B462A4629462046FEF7BF
:109AF0000AFF002859D15A464946204608F110036A
:109B0000FFF784FD002850D14946204633F0E6FD9A
:109B100000284AD139465046FEF7BFFC002844D100
:109B200029460AF10800FEF7B8FCF0BB49460AF1E5
:109B30001000BDE8F84FFEF7B0BC13462946FFF70A
:109B400065FD90BB032229463046FEF769FD60BBE8
:109B500031462046FFF712FF38BB04F10C070146DF
:109B60003846FEF797FE00283FF45EAF08F1100379
:109B70001A4629462046FFF749FDB0B906F11009FB
:109B80002B462A4649462046FFF740FD68B93B462A
:109B90004A4629462046FFF739FD30B92B46324662
:109BA00031462046FEF790FE3BE7BDE8F88F2DE9F1
:109BB000F14F9A461B6904460E4691460A9D002BBA
:109BC00000F0D18002F1100700213846FEF762FE56
:109BD00028B95146304601B0BDE8F04FA5E40AF17E
:109BE000100800214046FEF755FE08B94946F1E746
:109BF00001214046FEF74EFE002840F0B4803B466F
:109C00003A4629462046FFF701FD002840F0AC8087
:109C100005F108083B462A4641462046FFF7F6FC78
:109C2000002840F0A18053462A4629462046FFF7E7
:109C3000EDFC002840F098804246414620460AF15B
:109C40000803FFF7E3FC002840F08E804B462A46CD
:109C500029462046FEF757FE002840F0858009F18E
:109C6000080B5B46424641462046FEF74CFE002864
:109C70007AD100212846FEF70DFE014680B9404604
:109C8000FEF708FE38B92B464A463146204601B059
:109C9000BDE8F04F85E6304601B0BDE8F04F5AE42C
:109CA0002B463A46204606F11001FFF7AFFC00288C
:109CB0005AD105F110072B462A4639462046FFF7B0
:109CC000A5FC002850D105F1180A2B463A4651460A
:109CD0002046FFF79BFC002846D14B463A463946C2
:109CE0002046FFF793FC00283ED139462846FEF770
:109CF000D4FBC8BB2946204633F0F0FCA0BB43464A
:109D0000424631462046FFF781FC68BB2B4632466F
:109D100031462046FEF7F7FD30BB5346324631460A
:109D20002046FEF7F0FDF8B933463A46394620465C
:109D3000FEF7E9FDC0B943463A4639462046FFF7EB
:109D400065FC88B95B46524651462046FFF75EFCEB
:109D500050B953463A46204606F1080101B0BDE825
:109D6000F04FFEF7D0BD024801B0BDE8F08F00BF54
:109D700080B0FFFF10B50446FEF766FB04F1080053
:109D8000FEF762FB04F11000BDE81040FEF75CBB7B
:109D900000B1EFE7704770B5044658B3436C012B30
:109DA00011D00C30FEF750FB04F11400FEF74CFB11
:109DB00004F11C00FFF7ECFF04F13400FEF744FB54
:109DC000201DFEF741FBA36D8BB92046BDE8704016
:109DD000602112F0BFB906FB0500FFF7D9FF01357E
:109DE000D4E91603AB42F6D8FDF7C5F8EDE7002538
:109DF0001826F5E770BD10B50446FFF7CCFF04F157
:109E00006000FEF721FB04F16800BDE81040BFE7E9
:109E100000B1F0E7704738B504460D46FFF7BBFFC9
:109E20002046FFF75BFB022D25702DD0032D47D078
:109E3000012D60D1324B334AA364334BA260A2613F
:109E4000A2632262A26203F1600262624FF0011219
:109E500003F11801616103F13001616303F148010D
:109E60006360E16122637833E362201DFEF718FC32
:109E7000E06304F13400FEF713FC206400200123AA
:109E8000C4E91600636438BD204B214AA364214B0A
:109E9000A261A360204BA2632262A26203F174025A
:109EA00062624FF0011203F12001616103F13C0194
:109EB000616303F158016360E1612263043BD3E70E
:109EC000164B144AA364164BA260A261A2632262DD
:109ED000A26203F1800262624FF0011203F12001DD
:109EE000616103F14001616303F160016360E1615D
:109EF0002263943BB8E700230A482370C3E700BFFE
:109F0000C972000801000600C0D10408957300085A
:109F100001000700010008003CD204086F7500082A
:109F2000CCD2040880B1FFFF2DE9F0410024AEB08F
:109F30004FF44051CDE90C40039008A8FDF773FEA3
:109F4000904B91480B9340F2011306AACDE9080308
:109F500005A908A8CDE90544039432F061FE002864
:109F600036D1059D099E2A6A9AB1099B059D1B0A57
:109F70002E6A55F8247F79D0012B00F0D680059CFD
:109F8000206A10B1616A12F0EFF80023C4E90833C7
:109F90001EE0360A63D1BDF82070BDF82240384675
:109FA00012F009F978B12146384612F00DFB78B964
:109FB00007F4E043B3F5805F02D0B3F5005F0DD145
:109FC0000734E6081AE027F0FF03B3F5E24F39D073
:109FD000059808B112F088FD012074E007F44F42A3
:109FE000B2F5844FECD047F2010297420ED16408DB
:109FF0000134E40804EBC40404F13B060796284648
:10A00000079912F010FB0028AFD0E1E744F20102FB
:10A01000974203D1E40804F11006EFE747F2020289
:10A02000974205D1E40804EB440404F15A06E5E73D
:10A0300044F20202974205D1E40804EB440404F11F
:10A040004A06DBE727F0FF00B0F5E24FB8D0B0F5E5
:10A05000824F01BF0734E4086400661CCEE707A9FD
:10A0600008A813F0D9FA0028C9D0B1E7BDF820300C
:10A070005A040CD4BDF82080404612F09CF80446E7
:10A0800020B33946304613F04BFA044611E003F48E
:10A09000E043B3F5805FEDD0B3F5005FEAD02B4627
:10A0A0003A46314608A80DF0E9F810F1860F04464B
:10A0B000E0D00598002C7FF462AF03A933F01DFBBC
:10A0C000002885D120462EB0BDE8F08128F0FF039E
:10A0D000B3F5E24F7FF453AF5FFA88F8B8F1120F8F
:10A0E000BDF8223007D1E02B0ED0B3F5807F0DD024
:10A0F000C03B5C425C41254B1A78002A3FF43FAFDD
:10A10000A24219D00C33F7E70224F4E70324F2E764
:10A110003B46324629460EA8FFF70AFC12F057F8D4
:10A1200004460EA8FFF767FEC3E72B463A463146C2
:10A1300008A80DF0A3F8A8E70EA8FFF7E9F9214653
:10A140000EA8FFF768FE0446A0B9DFF84480234656
:10A15000424626A90EA8FFF7CDFB044650B9CDF81C
:10A16000008015AB26AA28A90EA833F0FBF80446F8
:10A170000028CDD00EA8FFF73EFE204612F027F8AB
:10A1800083E700BFFF060006127100016CD30408CC
:10A19000FDD501082DE9F0410D4601462846174638
:10A1A0009846FFF738FE0446B0B92846FFF784F911
:10A1B000012805F1600612D1424639463046FEF7C5
:10A1C00073FA044628B931462846FFF773FB044664
:10A1D00010B13046FEF738F92046BDE8F081014C59
:10A1E000F7E700BF80B1FFFF10B5EFF3108072B644
:10A1F000024B1C6842F043F9204610BDD41D0020DC
:10A2000070B50C46154610B9FFF7EEFF38B143683C
:10A210002BB12A462146BDE870400068184723202C
:10A2200070BD10B514460020FFF7EAFF204610BDB0
:10A23000002373B50C4615460193FFF7D5FF30B1E7
:10A24000C66826B12A462146006801ABB04701988E
:10A25000002808BF4FF0FF3002B070BDF7B50D46C3
:10A26000044600B9FEE7037F03F0FF0603B1FEE7F3
:10A270000E4B1B68994215D840F2E73031460C4B23
:10A280004FF47A721F680023E5FB07013EF016FCCD
:10A290000123CDE9006301462346064A606841F088
:10A2A00043FA00B1FEE703B0F0BD00BF9C1E0020E2
:10A2B000981E00200DC5040800B9FEE7406841F073
:10A2C00085BA70B5EFF3108672B64FF0FF303FF0ED
:10A2D0000DFD0446074B5A6F5867824288BF9A6F3C
:10A2E000304684BF01329A679D6F42F0C8F820461D
:10A2F000294670BD006400202DE9F0410568044640
:10A3000095F89460002E71D1EFF31183302282F31F
:10A310001188C5E9166683F31188BFF36F8FFFF7C5
:10A3200063FF844206D1EFF3108072B6314B1E609A
:10A3300042F0A5F82B6E93F91030002B11DB0122AF
:10A3400003F01F015B099B0003F160438A4003F5A2
:10A350006143C3F88021C3F88020BFF34F8FBFF360
:10A360006F8F254F287D3B7843B1072806D8234BB4
:10A3700003EB00131B7B0BB10BF0BEFD287D36F009
:10A380005AFBEFF31188302383F3118800231B4A13
:10A39000167BDEB90133082B02F11002F8D14FF41D
:10A3A0000012174BC3F88020BFF34F8FBFF36F8F9E
:10A3B000FF22144B31465E6520209A625E600AF0EF
:10A3C00095FF314621200AF091FF3E7088F31188F5
:10A3D000BFF36F8F0023C4E90033C4E90533E360A2
:10A3E0002B6E2846BDE8F041DB6818470F20BDE81A
:10A3F000F08100BFD41D0020581B002070190020E0
:10A4000000E100E0000004502DE9F04F2DED028B3B
:10A41000BC48DFB042F08EF8BA4842F08BF8012316
:10A42000002204211EA8ADF87830B74C09F03AF9A3
:10A43000B44842F07FF8B54842F07CF8636823B135
:10A4400040F6FF7120460BF023FAAF480BF05EFA9E
:10A450002369002123F0870343F0810323612369EB
:10A46000AB4A23F0F80343F080032361E368A64876
:10A4700023F0F04323F47023E360A36823F0030385
:10A4800043F00103A360A368A360A36843F480635F
:10A49000A360636A23F4772323F4EE6343F48023F9
:10A4A0006362636923F00F0343F002036361A161F8
:10A4B0000BF056FA052194480BF025FA924A936C5A
:10A4C000DB4313F440530793F9D14FF48173012216
:10A4D000042118A8ADF8603009F0E4F840F2022336
:10A4E0000121079A16A8ADF8583009F0DBF840F2C0
:10A4F000023340F202440122042115A8ADF8543081
:10A5000009F0D0F80421012214A8ADF8504009F058
:10A51000C9F8804B804A4FF44870C3F8C8244FF004
:10A520000212C3F8C424A2F58032C3F8CC241C2242
:10A53000C3F8B424FCF75CFA1EA8ADF8784009F023
:10A540006FF91420FCF754FA1EA8ADF8784009F012
:10A550003DF92320FCF74CFA1EA8ADF8784009F02D
:10A560005FF9694B9A6C5006FCD5B9225A649A6C13
:10A570001106FCD540F202441EA8DB6BADF8784012
:10A5800009F024F900224FF4817311461EA8ADF89A
:10A59000783009F087F8002240F20223114613A810
:10A5A000ADF84C3009F07EF840F202330122002170
:10A5B00012A8ADF8483009F075F80122002111A861
:10A5C000ADF8444009F06EF84F480BF09FF90021B8
:10A5D000504B4E48C3F8B414C3F8C814C3F8C4149D
:10A5E000C3F8CC1441F00CFF4FF000639B6A03F1F9
:10A5F0007842B2F5C04F64D21A68484B9A4260D193
:10A60000474C94F88F5015F0FD055AD1454E3378DC
:10A61000002B00F04782022333704FF001084FF403
:10A620008037414B0020C3F88081404BDF60FCF74E
:10A630009CFA3F4B1F614FF000639B6ADB699847B0
:10A6400096F800900746C14540F0DF8208F0E0FF31
:10A65000013040F0C882D4F8A020364B1A66D4F8F6
:10A66000A4205A66D4F8A820C3F87021D4F8AC20EE
:10A670001A64D4F8B0205A64D4F8BC20D20700F190
:10A68000C1822D4B9A68013207D194F88F2022B9EC
:10A690002A494968C90748BF9A60D4F8B420284BB2
:10A6A0005A66D4F8B8209A663AF000FED4F8903092
:10A6B00083F31188BFF36F8F357017B9012384F8C6
:10A6C0008F301D4F4FF40031FA68531C04BF1D4BEF
:10A6D000D3F894204FF0502308BFFA60D6071967CB
:10A6E00000F1958201210C46084604FA00F313405C
:10A6F00001F1010100F08D82134B03EB4003B3F82D
:10A70000F83223E04CC8040800000A5098D404082A
:10A71000E070720000C003500200030007B0CD5E7D
:10A72000006400200C1C002000E100E000A00044B8
:10A730000090004400800044CC79002000C0055007
:10A740000080005000400050A4D10408B54A062BF8
:10A750001168B54E0F918AB24FEA114140F0608204
:10A760004FF20F03994240F05882B2F5406F28BF74
:10A770004FF4C062A6F8C0204FF000534CF23C32B8
:10A780005A80AA4A536A43F470235362EFF3088352
:10A790004FF0CD31A64A043B934280F053820AF039
:10A7A00091FDA44841F0C6FE4FF4407301220421FC
:10A7B0001EA8ADF8783008F075FF01229E4BC3F853
:10A7C0004424EFF31184302383F311884FF4607035
:10A7D0000AF0A6FD84F31188BFF36F8F934B00F549
:10A7E000D520D3F8F02000F2FC4042F00102C3F87B
:10A7F000F020D3F8FC20914C42F08072C3F8FC208A
:10A800008F4AA3F55D431A608E4B0222B0FBF3F032
:10A810008D4B01381861C3F8F0204FF48072C3F8F3
:10A8200004234FF06043894A8248C3F8B02F884A16
:10A83000C3F8802ED3F8002E42F48072C3F8002EA5
:10A84000FF2283F82020D3F8002E22F48072C3F870
:10A85000002E41F06FFE23689D0106D44FF0007377
:10A860001920C4F88031FCF780F92368580106D418
:10A870004FF080631A20C4F88031FCF776F94FF06E
:10A880006044744808F088FF0221D4F8003E1EA8F6
:10A8900043F48073C4F8003E6F4BCDE91E1335F0CE
:10A8A00019FA0122D4F8003E042123F48073C4F87D
:10A8B000003E1EA8ADF8782008F0F4FE96F83D1092
:10A8C000022903D196F83C30072B1BD096F83C3078
:10A8D000DA0703D443F0010386F83C3096F83C30A5
:10A8E0009D075FBF012243F0020386F83C3086F8E3
:10A8F0007C2496F83C2011B9D40700F1A6815007BA
:10A9000040F1AA8140F05AFB484B00245B680BF0F1
:10A91000DBF80BF047FD4FF0020C504BDFF874E111
:10A92000CDE91EC34FF04073CDE920E305231EA9F6
:10A930004FF0FF3022933FF0C6F900214FF0FF3077
:10A940003FF0C4F937F072F84022002144483FF04C
:10A95000E5FE3022002143483FF0E0FE4048424BF4
:10A96000424ADFF83491DFF83481DFF834B1A3F1E3
:10A97000180E00F1400C4FF0240A00210AFB04FAE3
:10A980003B4D43E9061043E9025B0EEB0A0543E940
:10A99000049829772962182505FB04C542F8145C40
:10A9A000344D42F8181C42F8105C334D43F8241B18
:10A9B00042F80C5C314D203042F8085C304D42F8D2
:10A9C000045C304D554429772962012542F8241B47
:10A9D000002C00F04681284640F0D6FD8046002835
:10A9E00040F059824FF6FF73ADF83830264B7F2187
:10A9F000C6F8803441F60B23706610222348A6F86F
:10AA000068308DF83A503FF089FE7F2386F8343560
:10AA10004FF0FF331E931E4B1B6AD90700F12381B1
:10AA2000FEE700BF000000200064002000ED00E011
:10AA3000080000204CC8040800D0035000E100E0EA
:10AA4000FF030040F8590D00000004E055CEACC5EE
:10AA50000900010094790020006A1810006A1800AB
:10AA6000C46400200465002088210020D02100203B
:10AA700049690008356A0008416200084169000818
:10AA8000656A0008B8210020EDB904082469002097
:10AA90000080E00F000304005DA200084762000888
:10AAA000B9A200080127169518953770EFF31183A6
:10AAB000302282F31188C4F890303AF0EFFB94F81A
:10AAC000943063B90AF0FEFB48B90823A049A148B5
:10AAD00004F1980209F0B4FA08B984F894709E4B16
:10AAE0005A6EC4F8B4209B6E9C4AC4F8B8304FF438
:10AAF000804393669A4B5968C4F8BC109949996091
:10AB0000196EC4F8A010596EC4F8A410D3F87011CF
:10AB1000C4F8A810196CC4F8AC10596CC4F8B01083
:10AB20009149086C1864496C5964012151661B6E87
:10AB30009A043CD58D4AD368DB07FCD48C4B9A68C9
:10AB4000501C39D04FF4801393408A4A1366042274
:10AB5000884B4FF400211A664FF400721A660822DF
:10AB60001A664FF480521A664FF00062976A1A66AE
:10AB7000596607F17843B3F5C04F07D200231EA8EA
:10AB800020932BF0E3FC209B590527D4169A794B90
:10AB90001A66189A5A6694F89420002A3FF43DAD3C
:10ABA000D4F898201A66D4F89C205A6635E5724A83
:10ABB000D368DF07FCD4C1E794F88F30002BC6D1EF
:10ABC0004FF40072654B5A6603F5A6235B68002BB1
:10ABD000BDD14FF48012674B1A66B8E73B6C18A9D9
:10ABE00016A89847D2E708F013FD40F201139842E7
:10ABF0003FF431AD614B5D4AC3F86490D368D80728
:10AC0000FCD428E500229A603BE5454654E5002047
:10AC100072E510297FF468AD98E54FF4C062A9E5AC
:10AC200040F2072083420AD14FF20F00814206D141
:10AC30009A4202BF4FF000524CF23C315180A6F8CC
:10AC4000C0309EE543F80419A6E54D48FCF72AFEFE
:10AC5000022386F83D3052E642F0040286F83C209A
:10AC600050E62C4687E6474B42461B884649A6F8E5
:10AC70009034464B1EA81B68A6F89684C6F89834F4
:10AC8000434BC6F8A0841B88A6F89234414B1B683E
:10AC9000C6F89C3436F028FF00B1FEE73E491E9806
:10ACA00037F050FA00B1FEE702211E983EF0CBFECD
:10ACB00000B1FEE739491E9837F04AFC00B1FEE7C3
:10ACC00029461E983FF0D0F800B1FEE729461E98AD
:10ACD0003FF0D8F8054600B1FEE701463C22304877
:10ACE0003FF01CFD2B4680222E491E9800953EF019
:10ACF000AFFF00B1FEE701211E9836F05BFF1E9802
:10AD0000B06000B9FEE710A3D3E90023CDE900232A
:10AD10004FF0FF324FF0FF333EF005FF014600B128
:10AD2000FEE72148FBF7A5FE0121084640F016FC8E
:10AD3000B0680EA936F016FFDFF86C800546A8B3A0
:10AD4000FEE700BFAFF300800AE020FF2202000010
:10AD500000710800101C002000800050009000507E
:10AD60000080004455CEAC0000C0005400000440F8
:10AD7000CC79002000900044000004500090004076
:10AD800040640020DA34050880680020E0340508BB
:10AD9000D8340508DC34050807001100BCD40408C9
:10ADA0002C210020A4680020646400204E4B08F28F
:10ADB000D142988018604D4BA6F8BC051A60988067
:10ADC000FF2386F8E03508F28453C6F8B83508F258
:10ADD0000463C6F8C4359C2386F87D3013F098FDD3
:10ADE000056013F0C1FE031D00F1B40219461033D3
:10ADF0009A42056016D196F868300B2B16D896F853
:10AE000069300A2B12D9C6F86C800BF0CBFA0020FF
:10AE1000FDF74CF80822B06811463EF086FE054664
:10AE200028B1FEE743F8105C0D46DFE7FEE7014678
:10AE3000B0683FF044F82E4B1D70EFF3108072B6EF
:10AE40004FF01009DFF8BC80C8F80050C8F808506F
:10AE5000A8F8049041F013FB264B1E95C8F8083063
:10AE60008C23254D4FF40C601EA9C5E9029332F0E6
:10AE7000D9FC00282ED10F221E9BC5E90033E968BA
:10AE8000013A19441960E96892B20B44002AF6D1DC
:10AE90004FF0FF321A60FB684FF40032013302BFFB
:10AEA000164BD3F89430FB604FF05023144F1A67C1
:10AEB00007F5405595F84C3B0693002B41F0308147
:10AEC000C7E90133FB604FF6FF73B6F87886984503
:10AED00001D1FEE7FEE7B8F1000F1ED1042110A852
:10AEE000FCF71FFF80B1FEE7F8200020581E00206D
:10AEF0006D21002009C5040898280020004000505A
:10AF0000A8280020AC200020109B23B16FF0004245
:10AF1000934218BF1C46C6F87C4608F10108A6F803
:10AF2000788619F009FF0024DFF81884E94B78616E
:10AF300000F180414046FB61C7F82480BC6102F00B
:10AF4000CBFCE54B2D22C7E90C34E44BC7E90A449E
:10AF5000BB6408F12C033B652346C7E90E4487F820
:10AF600040407C64FC6508F14408013A414608F120
:10AF7000800840F0C88404B1FB654FF00008D84C4D
:10AF80004FF0010904F27460C4F8608684F86886A2
:10AF9000C4F86C86C4F8708613F0D0FCD14B8C22B8
:10AFA000C4F88436032384F892364FF44043A4F85F
:10AFB0009436CD4B4146C4F8343704F5D46004F2DE
:10AFC0003473C4F83C37C4F88886C4F88C86A4F877
:10AFD0009096C4F89886C4F89C8684F82C87C4F8A8
:10AFE00030873FF09BFB04F25473C4F8803704F2BF
:10AFF0006C73C4F8983704F28473C4F8B03704F261
:10B000009C73C4F8503704F5F763C4F8E03704F5CF
:10B01000FA63C4F8F83704F5FD63C4F8103804F592
:10B020000063C4F8B437C4F84087C4F84487C4F850
:10B030004887C4F84C87C4F86887C4F8C88784F880
:10B040001888C4F81C8802F051FBA84B04F61C0AAF
:10B05000C4F8243804F62403C4F82C38A44BA4F80C
:10B060002008C4F8443804F64403C4F84C3804F506
:10B070000463C4F850389F4B04F66400C4F8603889
:10B08000C4F830A8C4F83488C4F84088C4F8548898
:10B09000C4F858881DF088F9974B8022C4F8883886
:10B0A000964B4146C4F83838954B04F50B60C4F80C
:10B0B0005C38944BC4F88CA8C4F8A43804F6A403F4
:10B0C000C4F8AC38C4F83CA884F89C98C4F8A088AC
:10B0D0003FF024FB04F634101DF066F98A4B8B49CF
:10B0E000C4F8583904F51363C4F85C39884B04F686
:10B0F0007C10C4F8703904F51763C4F87839C4F8C3
:10B100006C891CF05CFA3523A4F88C3941F2707319
:10B11000C4F890397F4B04F6FC10C4F894394FF40E
:10B12000E163C4F8D8394FF4E153C4F8EC397A4BF1
:10B1300084F89899C4F8F03984F89C8984F8CD890A
:10B14000C4F8D089C4F8D489C4F8E089C4F8E48983
:10B15000C4F8E889C4F8F489C4F8F8891DF024F922
:10B160006E4BC4F8488AC4F8203A04F51D63C4F84D
:10B17000243A6B4B6B49C4F8503A04F52563C4F884
:10B18000583A694B694AC4F85C3A04F65C23C4F83F
:10B19000643A072384F84A3A04F6D823C4F8243CD6
:10B1A00004F60843C4F8D43A614BC4F83C1AC4F816
:10B1B000503D04F55563C4F8583D4FF0FF33C4F8D3
:10B1C000708AC4F8403DC4F8443DC4F8483DC4F812
:10B1D0004C3DC4F8348AC4F8388AC4F84C8AC4F8A0
:10B1E000688AC4F86C8A84F8709AC4F8408AC4F8F3
:10B1F000448AC4F8F48AC4F8388DC4F83C8DC4F885
:10B200005C8DC4F8608DC4F8649DC4F8688DC4F882
:10B210006C3DC4F8703DC4F8743DC4F8783D454BAE
:10B2200004F69C50C4F87C2DC4F8903D04F67C5282
:10B2300004F559631531C4F8842DC4F8983DC0E96C
:10B240000088C4F8888DC4F88C8D05F046F83A491A
:10B2500004F6A45084F8A48D84F8B58D05F0F1FBB4
:10B2600032F038FF354904F6B55005F0EAFB04F634
:10B27000D45084F8CA8DC4F8D08D36F06BF904F63A
:10B28000E45036F067F94FF01C73C4F8043E2C4BC1
:10B2900004F61C60C4F80C3E04F60C63C4F8143EBB
:10B2A000C4F8F88DC4F8FC8DC4F8008EA4F8088E9C
:10B2B00036F050F904F56360C4F82C8E1DF0CEFC16
:10B2C00094F8343ECDF8208068F3000384F8343ECF
:10B2D0003AE000BF0DD90008311C010853E5000811
:10B2E000A8380020816602088D670208554E0208C2
:10B2F00071550208F108020809520208B9E1020872
:10B300008D2D0308D7E10208111A0108E8D40408BA
:10B31000711901080301010500751200817E020800
:10B32000C9A40208FDD4040823660208B90C010868
:10B33000B10C010811CB000867CA040872CA0408DE
:10B34000798F0208C4280020DE4B059318220021C3
:10B3500018A83FF0E3F9059818A912F07FFD84467C
:10B3600078BB199B1B0A012B2BD0BDF86030B3F5BD
:10B37000885F26D040F201131993D34B0DF1780E5C
:10B380001D930DF16009CDE91200B9E80F00AEE898
:10B390000F0099E8030063468EE8030062460598B3
:10B3A00012A9CDE914CCCDF844C012F0B0FC0028AD
:10B3B00000F0D8821398002840F0D983129812F038
:10B3C00091FC059BC14A01330593089B43F100039F
:10B3D00008930899059B414508BF9342B6D14FF0A9
:10B3E000004310211EA8C4F8CC3DC4F8183EFCF759
:10B3F00098FC1EA90022B6481DF0E6FDC4F8F48DA5
:10B40000C4F83C8E02F072F984F8400E02F06EF936
:10B41000B04B0B22C4F8443EAF4B4FF0FF3BC4F897
:10B42000483E0F23A4F8543ED4F85C3E84F8410E05
:10B4300003F0FC03C4F85C3EFB23A4F8703EA74B6A
:10B44000A74884F84C2E84F8602EC4F8883E84F80F
:10B45000428EA4F84E8EC4F8508EC4F858BEC4F87C
:10B46000648EC4F8688EC4F8908EC4F8948E36F05A
:10B4700071F89C4836F06EF89B4836F06BF89B4BA1
:10B48000DFF8A092C4F8D03E994B09F1240AC4F821
:10B49000F43E4FF6FE73A4F8763EA4F8783E4B4691
:10B4A00043F8568DC3F80480B4F8823EA9F1380001
:10B4B00003F0FE0343F4FE4343F00103A4F8823E8D
:10B4C000C4F8D89EC4F8FCAEA4F8F0BEA4F8728EFE
:10B4D00084F8748EC4F8848E84F8CD8E04F082F8DB
:10B4E000A9F1280004F07EF8A9F1180004F07AF818
:10B4F0004846C4F8C88E84F8CC8E02F0A5FA5046AF
:10B50000A4F8E08EA4F8DC8E84F8DE8EC4F8E48E15
:10B51000C4F8E88EC4F8EC8E02F096FAD4F8883EAF
:10B5200009F1D800C4F8003F724BC4F8088FC4F882
:10B53000043F714BC4F8A08FC4F80C3F09F13C03E1
:10B54000C4F8143FA4F8A68F36F004F81EA804F03F
:10B5500073F89DF8783009F1D40023F0010343F02B
:10B5600002038DF8783002F0F1FF8822002109F102
:10B5700048003FF0D3F894F83C3E43F0010384F8D0
:10B580003C3E94F8723E0BB930F0BEFCDFF8988177
:10B590004F481DF00DFCB8F8441E08F63C6002F060
:10B5A00049FF08F567601EA904F0C0F8B8F8761ED8
:10B5B00008F5676004F0ADF84FF6FE73B8F8782E22
:10B5C000DFF868A19A424FF0000918BFA8F8783E4A
:10B5D000D046002249494A4804F00DF8494813F082
:10B5E000ADF994F8EC3F0AF1140023F01F0384F83E
:10B5F000EC3F454B48F8109FC4F8F03F434BC4F86C
:10B60000F8AFC4F8FC3FC4F8C89FA4F8CE9FC4F8B4
:10B61000D09F84F8DC9F84F8E69FC4F8E89F13F07D
:10B620008DF9282249463A483FF078F828224946C1
:10B6300038483FF073F84FF4FA63C8E90839364BDD
:10B64000C8E90599C8F8A0300AF1B003C8F8A830D5
:10B65000B8F8AC30C8E90A9903F08003A8F8AC3018
:10B66000C8E92599C8F81C9088F89090C8F89C9073
:10B6700002F03CF84FF04063C8E92C394FF6FE73F6
:10B68000A4F8CC0F254CDFF8A8C0C8E92F434FF42D
:10B690007A734FF0F00EC8E931C364230020002113
:10B6A000C8E933E31E4BCAE93C01C8F838310AF552
:10B6B000DC700AF5A473C8F84031C8E94C99C8F8A1
:10B6C000B89037E001000200F0000200080002001C
:10B6D00074460020FFFF0B0B00F8FF07B86900203D
:10B6E000404700205047002060470020A1D90008B3
:10B6F00025FA000897CA00089BCA00081AD5040852
:10B70000504800206048002071670208E1AA020842
:10B71000806A0020A86A002093CA00080000FEFF8B
:10B720001D2A030878470020A838002098480020E8
:10B730007805FFFFC8F81C91C8F8789188F89391B4
:10B740001CF032FE764BC8E98C99C8F8CC310AF16E
:10B75000C003C8F8D031734BC8E99299C8F83832A1
:10B760000AF51273C8F840326F4BC8E9BC99C8F8A3
:10B7700050320AF51873C8F858326C4BC8E9C299B0
:10B78000C8F85C320AF51B73C8F8643298F8E032E6
:10B79000C8E9C49923F0070343F0010388F8E032B5
:10B7A000782388F8E33241F21073A8F8E432604B52
:10B7B00088F8E792C8F8E83240F2FF13A8F8EC32B4
:10B7C0005C4BA8F81C93C8F8F8320AF54273C8E934
:10B7D000C039594B0AF54E7AC8F818330A23A8F82D
:10B7E0002033013BCAF82C908AF89C900AF1B00AE9
:10B7F000F7D10B24DFF86491013C40F0BB8120239A
:10B800004E4A013BD46202F13C02FAD1994640F221
:10B81000BC7A4B4C84F88C31A4F5C66B09F13C0919
:10B82000D145059340F0B0814FF0000B454A4648A2
:10B83000C4F89021C4F894B122F040FEC4F8D8B105
:10B8400001F054FF84F8DC01404823F0AFFF782278
:10B8500084F8EA2101224FF0FF0A9FED2F8B84F834
:10B8600004223B4ADFF8F89010465946C4E982BBEF
:10B8700084F8E0B184F8E9B1A9F800B022F05EFEE6
:10B880005946344888F82DA188F82EA122F056FE9A
:10B890002F4A88F889A1104602ED028B88F88AA108
:10B8A0001BF028FA2A4A5946104622F047FE29483A
:10B8B00088F82DA188F82EA11EF073FBA9F6957AC1
:10B8C00025481DF0C2FE50461CF031F9D8F8802200
:10B8D000AAF2F631920C920442F4403242F0400255
:10B8E0005046C8F880221BF0A6FDA9F67D701CF01A
:10B8F00022F9A9F6757003F09FFE059B8346002888
:10B9000000F04981FEE748F8803C01240B46FFF730
:10B910002CBB00BFAFF3008000000000000000005F
:10B9200041C20208C9A0020849250308BDDE020879
:10B93000000300FE31DF0008BFE30208B45200201C
:10B94000A858002009F90208405A0020B0520020EF
:10B9500098490020F449002058490020D04B00208D
:10B96000AD5A0020DDF84890D9F81430A3F5003323
:10B97000B3F5003FC0F0DE80D9F808309B077FF5B3
:10B9800019AD0A90BDF8603023B1B9F800209A4291
:10B990007FF410ADBDF86220B9F8023012B19A42BE
:10B9A0007FF408ADB9F800B0ADF87A30219BD9F832
:10B9B0000C201946584609920D93ADF878B010F056
:10B9C00045FE82462299D9F810205846CDE90B123F
:10B9D00010F03CFEDDE90B12BAF1000F05D10D9B12
:10B9E0001BB1099B002B7FF4E5AC18B911B1002AFB
:10B9F0007FF4E0ACD9F80820209B2290134013A9D3
:10BA000014AA1EA8CDE9203A31F00AF900287FF4E3
:10BA1000D1AC0A9BDDF84CA0002B40F08E80129B2D
:10BA2000DAF804205B681B0AB3EB122F7FF4C2AC78
:10BA30001F9B1B0A00F08A8015A91EA811F0ECFDBF
:10BA400000287FF4B7AC5046159910F0ECFD0028A3
:10BA50007FF4B0ACDDE912305A685FEA122C7FF453
:10BA6000A9ACD3E908121F9BD0F820A04FEA1329F4
:10BA7000B9F1010F50F824EF7FF49CAC0DF1580997
:10BA8000CDE901095346CDF800E01EA8CDF858C015
:10BA90000BF0DBFC00287FF48DAC139811A931F07A
:10BAA0002CFE00287FF486AC129812F01BF9814618
:10BAB00000287FF486AC059812F098F9DDF844A0D0
:10BAC000059B0DF1580B9A45CDF858903FF479AC91
:10BAD000504649461EAA0BF013F9099000287FF43E
:10BAE00070AC1E9A012011460A92FBF746FB814674
:10BAF00000283FF466AC03460A9A50460999CDF8EF
:10BB000000B031F04DF860B91F9B08990093169A68
:10BB10004B4605980BF084F8014610B950460BF0DF
:10BB20000EF900214846169A3EF0F8FD4846FBF70C
:10BB300022FA46E401230A9324E71F9B1B0A7FF4A1
:10BB40007BAF129B5B681B0A7FF434AC129B5046A0
:10BB5000D3E9089B594610F066FD00287FF42AAC13
:10BB60005A464946DAF820003EF0E3FD95E710F02A
:10BB7000BBFF23E44846002122F0E0FC48461CF0CD
:10BB800054FD09F1B00937E600210BEB090022F062
:10BB9000D5FC059B42E6A9F6657005931BF0CBFF2B
:10BBA0004FF07F40FE22C8E9AA0298F8B222A9F617
:10BBB0004D7042F0800288F8B22200F0FCFF43F2A0
:10BBC000FF22A8F8B8224FF48072A9F63970A8F8BD
:10BBD000C62200F0F0FF43F2FF314FF48072E548D7
:10BBE000A8F8CC12A8F8DA220AED028B32F0EAFAB1
:10BBF00098F8B32009F1FF3042F0070288F8B3202B
:10BC000022F060FC88F8E602A9F119001BF093FF0E
:10BC10003F2288F8E12288F8E22243F6FF78D64AEC
:10BC2000C4E984BBC4E9862BD44AC4F830B2C4F852
:10BC3000202209F11B02C4E98A2B94F87E2284F8A1
:10BC400034B222F00302A4F83CB284F87E22C4F895
:10BC500084B209F1830409F17F09059BE1182033BF
:10BC6000B3F5846F40F0B1830024DFF86883C44BE0
:10BC700008F58360C5F89836C5F89C86C5F88846EF
:10BC8000C5F88C46C5F89046C5F89446C5F8A04658
:10BC900032F0F8FB08F22C43C5F8A4364FF47E438B
:10BCA000A5F8A8364FF496734FF6FE79C5F8E83735
:10BCB000B44BA5F8AA47C5F8EC3708F26C53C5F8A1
:10BCC000F43732F0C5FBB04BC5F80C48C5F8FC376B
:10BCD00008F27C53C5F80438AC4BC5F81048C5F8D9
:10BCE000083895F81638A5F8149864F3000385F819
:10BCF0001638C5F81C48C5F82048C5F82448C5F8CA
:10BD0000284801F0F3FCA5F82C0808F2BC50C5F84F
:10BD10003048C5F834481CF047FB9D4BC5F88048B7
:10BD2000C5F8603808F5B763C5F86438994BA5F8CD
:10BD30008448C5F8743808F2F453C5F87C3895F88F
:10BD4000863864F3000385F88638934BC5F88C3841
:10BD500008F20C63C5F8943847F23053C5F89838A8
:10BD600001F0C4FC95F80639A5F8DE0864F3000379
:10BD700085F80639894B08F2B460C5F80C39B5F876
:10BD80002439A5F8E09803F0FE03A5F824390A2326
:10BD900085F8FC48A5F85439C5F80049A5F80449C8
:10BDA000C5F8104985F82649C5F82849C5F84C4911
:10BDB0001BF0BDFE95F8463908F2AC6023F07E0317
:10BDC00043F0760385F8463985F845491CF0CDFCEB
:10BDD00008F5DA6002F0BAFB08F2D26002F0B6FBB6
:10BDE0008123A5F85E396E4B08F2DC60C5F8643932
:10BDF00008F2E463C5F86C39BE23A5F85C391CF081
:10BE0000B8FCFF23C5F87C39664BC5F87049C5F806
:10BE1000803908F5E063C5F888394FF6FF73A5F857
:10BE2000A039614BC5F87449C5F8A43908F22473E8
:10BE3000C5F8AC395D4BC5F87849C5F8D43908F276
:10BE40005473C5F8DC39C5F89C49C5F8C049C5F834
:10BE5000C449C5F8C849C5F8CC49C5F8D049C5F8A2
:10BE6000E049C5F8E449C5F8E849C5F8EC49C5F822
:10BE7000F049C5F8F449C5F8FC4923460B2508F5F7
:10BE8000F068013D424608F1100840F0A582DFF855
:10BE900048810CB1C8F8FC394FF6FF730024C8F88C
:10BEA000E43A434BDFF83491C8F8F03A414B09F1DA
:10BEB0000C00C8F8FC3AA9F15003C8F8003BC8F8D8
:10BEC000DC4AC8F8E04AC8F8E84AC8F8EC4AC8F8BA
:10BED000F89AC8F8044B32F0D5FAFF23C8F8143B9F
:10BEE000354BC8F8104BC8F8183B09F12803C8F8BF
:10BEF000203B324BC8F8084BC8F8243B09F1340307
:10BF0000C8F82C3B2E4BC8F80C4BC8F8443B4FF4F8
:10BF1000FA73C8F8304BA8F8103BC8F8344BC8F88F
:10BF2000384BC8F83C4BC8F8404BA8F8484B01F0D8
:10BF3000DDFB0123C8F8500B224888F84C3B90F8F1
:10BF4000343013B9204909F06DF8204803F06AFF36
:10BF50001F4803F067FF0023012208201EA98DF867
:10BF6000783031F067FDD8BB9DF8783088F82639F5
:10BF700036E000BF2AD50408256602084D6902088C
:10BF8000977802086BED0208CD0C0308D50C030866
:10BF900019DE00084BFF000867D90008E98902088C
:10BFA0004DBC0208DD74020849E10208236A020858
:10BFB00095170308F7DF0208E574020831DF00086F
:10BFC000D9850208101C002098790020E045002047
:10BFD0000C460020285B0020A85800209863002011
:10BFE000242200211EA83EF099FB022326220320D2
:10BFF0001EA9ADF89C3031F01DFD0246002840F02E
:10C000008F801F99CF481CF075FFCF4B209AC3F843
:10C01000F82D219AC3F8F42DC3F8C82EB3F8703E5A
:10C0200099060AD5EFF31183302181F31188C749AE
:10C030004A6083F31188BFF36F8F9DF87930C44C49
:10C0400043F0040384F8B330BDF89C30052B67D16E
:10C050009DF8783084F8B230023B022B60D8BDF8EE
:10C060007A10A4F5C87003F054FBBDF87A3023A908
:10C07000A4F5C870A4F8BE3003F058FBDDE9250133
:10C080004FF6FE7204F5247383E80300BDF87A309E
:10C09000934245D0C3F308030DF1600B002B00F071
:10C0A000A0810023CBE9003302230A225946042051
:10C0B000ABF8083031F0BEFC054688BB04F1F00057
:10C0C0001AF018FE294604F1F00022F037FA9BE836
:10C0D0000300FF23BBF8082084F82D31A4F81021B9
:10C0E00094F80E2184F82E3142F0F00284F80E21EB
:10C0F000BDF87A2004F1F00383E8030002F47C42E7
:10C1000018460121A4F80C2122F018FAB4F80C31D9
:10C11000A4F8C03094F8B03043F0040384F8B03091
:10C1200000258C4B8C4C1F608C4B38221D808C4B17
:10C130002946C6F8D8368B4B04F14C00C6F8F836C1
:10C1400004F12003C6F800370123C6F8E446C6F818
:10C150000447C6F80C47C6F81447C6F81C4786F8CB
:10C160002037A6F8D056A6F8D256A6F8D456C6F868
:10C17000DC76C6F8E076A6F8F456C6F80877C6F876
:10C180001077C6F818773EF0C9FA6F4B764A04F17B
:10C190000800C3F8342A04F19402C3F8382A96F848
:10C1A0008037724A23F0070386F8803796F88C3779
:10C1B0006F4965F30003C6F86047C6F86847C6F8DC
:10C1C0007047C6F87C47C6F8884786F88C37C6F8AB
:10C1D000E856C6F85C77C4E90555C6F86477C6F832
:10C1E0006C7786F87457C6F87877C6F8847715F0B8
:10C1F000D5F9604BDFF8ACA11C60B6F8C0305E4CDE
:10C20000B3F5406F4FEA132104F5FC7238BF02EB1F
:10C2100081025A4818F03DFCBAF8C01058480B0A81
:10C2200004EB8304D4F89433CAB203EB820218F00F
:10C2300030FC0123BAF8C020120A934040F2A172E8
:10C24000134200F0BD804F4C4F48D4E90D325F07D8
:10C2500048BF0025D4E9121B4EBF2F46276D8B46E1
:10C26000D4F83C905DBF494D9146DFF83C81DFF842
:10C270003C8113F0080F464B464918BF1946EE1B88
:10C280001FBF6422730802FB0B33B3FBF6F31ABF24
:10C290009BB2059305963B464246CDE90059B6B29E
:10C2A00018F0F7FB4346059A3B4800961FFA8BF1BE
:10C2B00018F0EFFB4D4501D34F4503D941463748B0
:10C2C00018F0E7FBD4E917231343626E134340F0E1
:10C2D0002281334818F0DDFB40F60522BAF8C03061
:10C2E000934212D8B3F5206F00F2318140F202522E
:10C2F000934200F0388140F20172934200F03B819A
:10C3000040F20152934200F02A810024FC2221468F
:10C310001FA81E9426463EF001FADFF894B0194F8C
:10C32000DFF89080DFF89090DFF890A09BF8003065
:10C33000002B40F0B181002C42D01EA818F0A9FBC0
:10C340003EE000BF74460020A83800202C210020C9
:10C35000A84800201C1B0020D86A0020A21E002034
:10C360004DE80108F3FF0108FD37020832D5040843
:10C370002CEA0408A4200020A4D1040880CA0408E0
:10C3800096CA040880780020B6CA0408081800205D
:10C390006BCA04085CCA0408E7CA040820CB040876
:10C3A0003ECB0408006400207BCA040854CA040879
:10C3B000CCD3040864CA0408D9080508F6CD0408DB
:10C3C0005FB0BDEC028BBDE8F08F4846A1F812804B
:10C3D00005931CF0AEF840E448F8103C01241346E5
:10C3E0004FE5B4F8BE205846920A84F8E12284F85A
:10C3F000E222229AABF812308BF81430C4F8F422FF
:10C4000001F0C4F904F5487804F5987A9BF81430E3
:10C41000002B68D0069B002B72D04FF0FF31052017
:10C420002FF00EFC00287FF475AEB4F82053DFF82F
:10C430000083002D3FF46EAE98F81E301B0764D1C8
:10C44000013DADB208F1B008F3E740461CF0EBF94E
:10C4500081460028E1D048461CF0E7F89BE803003D
:10C4600089E8030009F122001CF076FFBBF80C30CC
:10C470004846A9F81C30DBF80830C9F860309BF852
:10C480000E1041F004011CF0DCF80121484622F0B6
:10C4900055F809F1A00003F0CFF818F04DFCC9F8E9
:10C4A00008009BF80F309BF8101043EA0123A9F80D
:10C4B000203099F83F305A0603D4012148462FF026
:10C4C000A1FB4A460021504622F093F99BF8143014
:10C4D0003BB9BBF8123058460133ABF8123001F0CB
:10C4E00055F9013592E77E4B404616A9CDE9163B3A
:10C4F0001CF086F981460028A7D001230693AAE7FD
:10C50000ADB20A2D7FF606AE87E7404633F073FEE4
:10C51000002895D0FEE5734818F0BBFA00264FF0CE
:10C520000109714FDFF80C820025FA6D09FA05F355
:10C53000134203D04046711918F0ABFA0135202D93
:10C54000F3D12036602E07F10407EDD1C4E6A3F63F
:10C550000223032B15D8DFE803F02C56849D634893
:10C5600018F097FAD1E6624818F093FA216C614806
:10C5700018F08FFAC9E66048D4E9251218F089FA54
:10C58000C3E65E4818F085FA94F86C309E0702D531
:10C590005B4818F07EFA94F86F305D0602D5594872
:10C5A00018F077FA94F96F30002BBFF6AEAE56480C
:10C5B000D6E7564818F06DFA94F86830980703D01B
:10C5C000216C4C4818F065FA94F96830002B03DAB6
:10C5D000616F4F4818F05DFA01254E4E4E4F079B94
:10C5E000A26E05FA03F3134207D0079B56F82310F7
:10C5F0000B7813B1384618F04CFA079B0133082B1F
:10C600000793ECD181E6454818F043FA216C39488C
:10C6100018F03FFA94F86930590702D5404818F0ED
:10C6200038FA94F96930002B03DA616F384818F052
:10C6300030FA0825374E384FA36EEB40DA0706D59F
:10C6400056F825100B7813B1384618F022FA013548
:10C65000102DF1D194F86830002B7FF456AE31489C
:10C660007EE7314818F015FA216C224818F011FACB
:10C670001025284E284FA36EEB40DB0706D556F851
:10C6800025100B7813B1384618F003FA01351A2D2E
:10C69000F1D13AE6254867E706F00302032A14BF02
:10C6A00043464B46019357F8043B1EA8009352465D
:10C6B0005B464FF4807120443CF0E0FF1BF8013BE7
:10C6C000002BFBD1721C12F00305D6B203D020441C
:10C6D000C5B22C462AE61EA818F0DBF9F9E700BF20
:10C6E0000500FEFF53CB04088078002082CB0408AD
:10C6F000BFCB0408EFCB040809CC040824CC040801
:10C700003CCC040876CC0408A9CC0408E5CC040889
:10C710000ACD040868D5040827CD04082FCD0408E5
:10C7200046CD04088CCD0408BCCD0408D5CD040842
:10C73000D04B00207FD704082DE9F04101290546A0
:10C74000884616461F4698B05AD813075BD104682E
:10C7500024F04003802B02D0B4F5807F56D12022F4
:10C76000002110A83DF0DAFF2A4A2B4B0120B8F136
:10C77000010F08BF1346E4080F93043544F000533B
:10C78000009501900293254B03970490059306971B
:10C79000079008931E9B1F9A099346F000530A9036
:10C7A00069460B930C920D900FA80E9309F0B6FFFB
:10C7B00003A90FA809F0B2FF09A90FA809F0AEFF5D
:10C7C0000CA90FA83FF096FE06A90FA83FF092FE15
:10C7D00021464FF480640FA83FF066FE31460FA853
:10C7E0003FF062FE0E4B9C66BFF34F8F0FA83FF0E9
:10C7F00064FE3FF049FE0B4B9C6618B0BDE8F0812B
:10C800006FF02000F9E76FF02100F6E76FF01F00EE
:10C81000F3E700BF0302000403020104100000203C
:10C820000090005000A0005003468288C088114448
:10C8300081429DBF18689980801800207047CB699D
:10C8400030B593B90B6A83B900F580524568B2F8E8
:10C8500008360C68013B0D609BB20D461CB9416067
:10C86000A2F8083630BD2146F3E7FEE770B505684B
:10C870000C4625B9BDE870404B68084818478B68DE
:10C8800098476A680146831A002BB8BF121A2368BA
:10C89000A8BF0022BDE8704000481847A828002023
:10C8A00038B50C461146A2680346944206D0056886
:10C8B000AC420BD10260FFF7D9FFA46038BD9442AF
:10C8C0000DD011469268002AF9D1F6E72A460021D8
:10C8D000F9E78B68002BF0D09B688B60EDE70029AF
:10C8E000F7D1002DE9D0AA681A60E6E72DE9F041FA
:10C8F000936805460C461646984732460746214639
:10C900002846FFF7CDFF2868002203466BB1616817
:10C91000D3F804E0A1EB070CAEEB070898EA0C0F84
:10C9200013D4A1EB0E01002907DA4AB9A060314601
:10C9300028462C60BDE8F04198E71A469B68E5E779
:10C940009368A3609460BDE8F081BCF1000FEBE751
:10C9500070B5066804460D467EB18B6898477368CB
:10C96000C01A002809DB20462A463146FFF798FF07
:10C9700030463368BDE87040184729462046BDE878
:10C98000704073E700F5405393F84C3B13B10249F4
:10C990000830DDE7704700BF7404050800F5405318
:10C9A00093F84C3B13B102490C30D1E7704700BFFC
:10C9B00080040508012300F00700834013F0220FD4
:10C9C00009D113F0880F08D113F0440F14BF0120D0
:10C9D0000020C000704704207047102070474200BC
:10C9E000400800F0553002F0AA320243930092084A
:10C9F00002F0333203F0CC33134318011B0903F068
:10CA00000F3300F0F030184300BA704738B50446D1
:10CA100008464D7894F8FE20A91C031B51FA83F3B5
:10CA2000D21A01443EF01DF894F8FE30023B5B1B25
:10CA300084F8FE3038BD70B506460D460024AC4281
:10CA400001D3012070BD305D0134030605D43CF0F4
:10CA5000EBFD0028F3D00020F4E710F04003FAD0FB
:10CA6000810612D5C20612D50307F4D4032307E0CA
:10CA7000AC42F0D0325D013402F0C002802AEAD12B
:10CA8000013BDBB2FF2BF3D1D9E70123F8E7022307
:10CA9000F6E731F02DBD2AF021BD08B51B4B93F808
:10CAA0003D2E012A03D0062A05D02AB3FEE7BDE8B1
:10CAB00008402BF029BE002083F83D0E03F580537B
:10CAC00093F8AC10CA070CD5C1F3C302013202F0CF
:10CAD0000F0262F3C601042A83F8AC1005D831F0C6
:10CAE00007FDBDE808402AF0F9BC93F8AC2060F3DC
:10CAF000C60283F8AC20F4E793F83C2E520703D526
:10CB0000B3F83E3EDB05ECD408BD00BFA8380020DA
:10CB100027F0F8BF030E0B70030C4B70030A8B70E9
:10CB2000C8707047353020F001004078831E5842AD
:10CB30005841704710B5044618F019F918B120464D
:10CB4000BDE81040EEE710BD70B505460C46234623
:10CB50001E4613F8012B4AB920463EF004F922463E
:10CB600081B22846BDE870402EF078B82F2AEFD168
:10CB7000311B2246284689B22EF070F808B9741C81
:10CB8000E5E770BD08B53530353120F0010021F002
:10CB9000010103780A7803F00F0302F00F029A42B2
:10CBA00007D1043104303DF0A9FDB0FA80F040090E
:10CBB00008BD0020FCE7142200213DF0AFBD2DE9A7
:10CBC000F84F0746884691469A464FF0000B0A9D5B
:10CBD0000BEB0904661006FB0A8638463146A84767
:10CBE0000028C4F34F0407D0D2BFA14601341FFA76
:10CBF00084FBCB45ECD300263046BDE8F88F00BA65
:10CC0000704708B50346D1E9000252BA1A80FFF70F
:10CC1000F6FF8A7AC3F80200088942EA400252BA53
:10CC2000DA8008BD838870B50446C0889E188642A5
:10CC3000154608D8206818443DF07BFD0020A388E5
:10CC40001D44A58070BD0320FCE707B549BAADF8C7
:10CC5000061002220DF10601FFF7E4FF03B05DF8B4
:10CC600004FB0122DEE738B50446A3880846934258
:10CC700015460AD321683DF05CFD0020A388226898
:10CC80005B1B2A442260A38038BD0620FCE70122FA
:10CC9000E9E710B502220C46FFF7E5FF10B923883B
:10CCA0005BBA238010BD0146406AC8E5838942898A
:10CCB0001944914200DDFEE789B29142818100D999
:10CCC000FEE7704743898B4200D2FEE75B1A43813F
:10CCD0008389C2898B4294BF00235B1A0A4488BFB0
:10CCE0009BB2C2818381704730B54489A1422DD265
:10CCF00015880D44A542A4BF641A1480C4899860A5
:10CD0000214489B24B29044610D834304418C1F16B
:10CD10004C0189B2998010881C60814228BF01466D
:10CD2000998011889B88CB1A138030BD4C392468B8
:10CD300089B20CB99C60FEE77B2905D89C6004345D
:10CD40000C44C1F17C01E4E77C39F0E70021E7E71E
:10CD500070B5154686B0ADF806300DF1060203AB8E
:10CD6000FFF7C2FF2C46BDF810601EB9601B80B2F1
:10CD700006B070BD0399324620463DF0DAFC03A9A7
:10CD80000DF10600344430F0F7FFECE738B5458983
:10CD9000CC18AC4203DCFFF7DBFF002038BD0620D7
:10CDA000FCE738B504460D460B4601890068FFF7DD
:10CDB000EDFF10B923891D44258138BD0B8813B5BB
:10CDC0000C2B0C460BD90D2B0CD101210DF10602B9
:10CDD000FFF7E7FF20B99DF806300D3323800020D0
:10CDE00002B010BD0E2B0CD102210DF10602FFF78F
:10CDF000D8FF0028F4D1BDF806305BBA03F20D135A
:10CE0000ECE70620ECE773B54FF6FF76C3880446DF
:10CE1000B34206D001210DF10302FFF7C2FF18B1A2
:10CE2000E680002002B070BD9DF80350FF2D0CD1AC
:10CE3000236822895B89E6809A42F2D306204FF666
:10CE4000FF73E38000232381ECE72B0920460DF1DB
:10CE50000601ADF80630FFF7B1FF0028EFD105F06D
:10CE60000F05204601A9ADF80450FFF7A7FF0028E1
:10CE7000E5D1216823894989BDF80420C91A8A426D
:10CE8000DCDC1344BDF806102381A388E2800B4448
:10CE9000A380C6E730B401F1350222F00102D48943
:10CEA00012784D8902F00F020432224495424FF06D
:10CEB000000404D3C0E9001430BC0281A3E74FF69C
:10CEC000FF720481C28030BC0620704710B44C88C9
:10CED0009C4203D309885DF8044B57E706205DF8B0
:10CEE000044B70472DE9F04786B017461C46ADF855
:10CEF00006300DF1060203ABDDF83880FFF7F4FED3
:10CF0000BDF810507DB1039EB8F1000F11D0B946A5
:10CF100006EB050AB24513D019F8011B16F8010BF0
:10CF2000C0470028F6D1B4FA84F0400906B0BDE845
:10CF3000F0872A46394630463DF0E0FB0028F2D122
:10CF40002F4403A9651B0DF10600ACB230F014FFAD
:10CF5000D6E730B5144687B04289ADF806300B44A9
:10CF6000934200DDFEE703AB0DF10602FFF7BCFEC6
:10CF7000BDF810500DB907B030BD21462A460398C0
:10CF80003DF06FFD03A90DF106002C4430F0F4FED6
:10CF9000EEE738B504460D460B882C3020F81A3CD5
:10CFA0008B7800F8243C91F903101CF01AF92979C8
:10CFB00004F12E001CF0BEF96B79C3F3400203F0BC
:10CFC00001035B0043EA0223A28822F48172134327
:10CFD000A38038BD0A7910B5C2F38003520702D48A
:10CFE0008A6A904200D0FEE7CA69B2B10A6AA2B169
:10CFF0000468A14203D1914218BF13460360D1E9EE
:10D000000732D3610A6A1A6200230A79C1E9073339
:10D0100063F382028B620A7110BDFEE710B5FFF761
:10D02000D9FFBDE8104008463DE610B5044620682B
:10D0300033F0A4FA014600B910BD2046FFF7EEFF19
:10D04000F5E7002313B5C1E9003300680C4633F05F
:10D0500095FA0190019A0AB902B010BD23881168AF
:10D0600001332380012351B9618852890B446380C5
:10D07000636801A81344636017F062FEEAE70133B6
:10D080000968DBB2EFE702460B4652F8230030B9DD
:10D09000032B0EBF03460133DBB29942F5D1704733
:10D0A00010B504462379806A5B0708D530B10021AA
:10D0B000FFF7E9FFA0420CBF0020E06910BD002887
:10D0C000FCD00068F6E710B504464068206008B15F
:10D0D000FFF7E6FF606010BD10B50446086833F046
:10D0E0004DFA0346206010B1FFF7DAFF03462046F1
:10D0F000636010BD2DE9F843074688467E68002E20
:10D1000050D0336807F580507B60B0F80836B0F82F
:10D110000A2601339BB29342A0F8083638BF134663
:10D12000A0F80A36002333600CE048462DF09EFF3D
:10D13000044650B901355FFA85F9C845F5D845462A
:10D14000032D0ED93046BDE8F8836379C3F341035C
:10D150004B45EFD12379DA061FD52046FFF7A0FF14
:10D16000E6E740462DF082FF044610B90135EDB2E6
:10D17000E6E76379C3F34103AB42F7D12379DB06DA
:10D1800004D404F130001BF026FC30B12046FFF738
:10D1900087FFE9E70028B1D0D4E70321204632F029
:10D1A0000FFCABE731F02CFB1728F3D13546C2E773
:10D1B000C3892DE9F04101EB03081FFA88F898456F
:10D1C00004460D462CD306464C27B8453368606AA2
:10D1D0000CD80022326000F58052B3B9A389658172
:10D1E000AB4200D9A5810020BDE8F0811BB17C379E
:10D1F0003668BFB2E9E76179C1F34101FFF77AFF11
:10D2000030600028F3D10320EEE7466819681E60FD
:10D210004360B2F80836013BA2F808360B46DCE75B
:10D220000720E1E7F8B500F1350424F001040546D4
:10D2300020460F461646FFF7BEFC2378042103F074
:10D240003F0343F04003237000232846AB81218233
:10D25000FFF7AEFF2378667023F0300343EA07112F
:10D260002170F8BD70B500F1350424F00104A37CF1
:10D2700005465BB14389218A994207D1012994BFB0
:10D28000491A01F1FF3189B2FFF792FF2378224654
:10D2900003F00F032846BDE870400021043358E630
:10D2A00070B500F1350525F001052B78064623F011
:10D2B0000F0302F00F0003432846144600F8043B16
:10D2C0003DF037FA2B8A3046E11889B22982BDE851
:10D2D00070406DE7353121F001010A7802F00F024C
:10D2E000082A00D9FEE70431DAE72DE9F041B0F869
:10D2F0000A800F4608EB020189B205461646FFF781
:10D3000057FF044628B933463A4641462846FFF7B8
:10D3100020FE2046BDE8F0810122E6E7FF2313B599
:10D320008DF8073043890446B3F5007F0FD20DF125
:10D330000701FFF7F1FF40B9012204F1350323F0A3
:10D3400001039A7462891A82A28102B010BD03207F
:10D35000FBE703781BB1012B03D000207047406826
:10D36000C3E704305EE42DE9F0410E4649891746D3
:10D370001A4486B091420546ADF8063024DBB0F879
:10D380000A80434499B2FFF713FF044648B939466F
:10D39000304603AB0DF10602FFF7A6FCBDF81060A6
:10D3A0001EB9204606B0BDE8F08133464146284606
:10D3B000039AFFF7CEFD464403A90DF106001FFABC
:10D3C00086F830F0D9FCE9E70624EAE7F8B5044628
:10D3D0000E46154600F13407E3899D420BD85B1BCE
:10D3E0006289E381A3892A442B4492B29BB29A4278
:10D3F000628118D2FEE76179606AC1F34101FFF7EB
:10D4000079FEC8B123680360E38920604B2B06D8FE
:10D410003430C3F14C02F91818443DF08AF9E3891D
:10D420007C33E381D8E72046A38132462B46002196
:10D43000FFF78FFD0020F8BD0320FCE708B50021B1
:10D44000FFF721FE00B1C06908BD38B58B6A0546FB
:10D450000C4603B1FEE70B79886243F004030B71BD
:10D460004979C1F34101FFF70EFE38B1C369C4E940
:10D4700007301C62C46145F8214038BDC4E9074447
:10D48000F9E70B7910B55B0702D58B6A984200D09B
:10D49000FEE74A79C2F3410250F8223099420AD19C
:10D4A0000B6A994215D05C79C4F34104944218BFC9
:10D4B000002340F82230D1E907231362CA69DA61F8
:10D4C0000023C1E907338B620B7943F004030B712E
:10D4D00010BD0023EDE7032910B503460C4619D80B
:10D4E000806A28B95A7964F342025A71002010BD4B
:10D4F0005A79C2F341028A42F8D01A795207F1D51B
:10D500001946FFF7BEFF4B7964F342034B71FFF7F7
:10D510009CFFEBE70720EAE72DE9F0410F46597839
:10D52000054690461E46FFF7E5FD044608B38022F7
:10D5300000213DF0F3F83178A388490041F40861F7
:10D5400041EA473123F0820321F4EF615B055B0D73
:10D5500021F0050119436562A4F80E80A18071785D
:10D560002046FFF7B8FF014638B121462846FFF7AD
:10D5700066F900242046BDE8F0812046FFF718FE3A
:10D580000028F7D0F1E773B5054603796E89407935
:10D590008E42C0F34102C3F3400328BF0E468DF80C
:10D5A00004308DF805204109EA89686A01ABFFF76C
:10D5B000B3FF0446002832D0334600222946FFF745
:10D5C000D2FE48BBAB896289B34228BF33469A4238
:10D5D00000D2FEE7A381AA79A37962F30303A371C2
:10D5E0002B792279DB0963F3C71222716B79627997
:10D5F000C3F3C10363F3C4026271AB69A3612B8AF5
:10D6000023826B8A63822B7A2372AB8DA385EB8D89
:10D61000E385204602B070BD2046FFF744FB00249E
:10D62000F7E710B50446FFF7AEFF98B104F13503F4
:10D6300000F1350223F0010322F0010203F1100191
:10D6400053F8044B8B4242F8044BF9D119881180EE
:10D650009B78937010BD10B504460846FFF7EEFEA8
:10D660000346206010B1FFF71BFD034620466360B0
:10D6700010BD002313B5C1E900330C46FFF7DEFEF1
:10D680000190019A0AB902B010BD238811680133D4
:10D690002380012351B9618852890B4463806368F8
:10D6A00001A81344636017F04BFBEAE701330968F4
:10D6B000DBB2EFE78B894989038099422CBFC3EB2A
:10D6C0000102C3EB0302DB4392B29BB2934228BF39
:10D6D00013464380704743880288994228BF194601
:10D6E00012FA81F25B1A028043807047084B1B8854
:10D6F00003B9FEE748F24E30064A1368A3FB003038
:10D7000010EB530044BF20F0004001301060704720
:10D71000786A00207C6A0020814210B5044600D857
:10D72000FEE7FFF7E3FF091BB0FBF1F303FB11007A
:10D73000204410BD10B50446FFF7D8FF091BC0B246
:10D7400090FBF1F301FB13002044C0B210BD10B5F3
:10D750000446FFF7CBFF091B80B290FBF1F301FBFE
:10D760001300204480B210BD814200D8FEE7EEE7EE
:10D7700038B50D46814288BF85B269000446013143
:10D780000020FFF7C9FF2044401B38BD112313B50B
:10D790000F2200210446ADF806303CF0BFFF022303
:10D7A000E373002322462374618A0DF106030520EA
:10D7B00030F0D8F8003818BF0120207502B010BD35
:10D7C00010B540B10023441E98B2814203D9013301
:10D7D000E25C002AF8D110BD0139013811F8012F9F
:10D7E00010F8013F3AB9002B14BF01200220831E1C
:10D7F0005842584170479A42F0D00020F7E7A0F114
:10D800004103052B04D83738C0B208700020704798
:10D81000A0F16103052B01D85738F5E73038C0B2C5
:10D820000928F2D90720704770B504460E46E588EE
:10D83000134682880068AA4234BFA91A0021104406
:10D8400032463BF04FFF002800DAFEE7A388E2886B
:10D85000184480B2904228BF2368A08022BF9B1842
:10D86000002203F8012C204670BD0EB417B5044603
:10D8700005AA52F8041B0192FFF7D6FF204603B019
:10D88000BDE8104003B0704710B504463DF06BFA98
:10D8900001462046BDE81040FFF7CDB843684BB9BC
:10D8A000054B5A6812B95860406070475168416032
:10D8B00050605860704700BFA828002003685A1ABB
:10D8C00011EA220138BF194643685A1A13EA2203A3
:10D8D00038BF0B46436070474160024A0146024828
:10D8E000FFF704B874040508B0280020002A00DA05
:10D8F000FEE71144F0E738B50D46044617F01CFA70
:10D900002A4601462046BDE83840EFE7064B074867
:10D910005A69196A914208BF9A6901F1804104BFAE
:10D9200001329A61D8E700BFA8280020C42800204F
:10D930008368984203D04368CB1A002B00DACBE708
:10D9400070470146014A0248FEF7AABF7404050861
:10D95000B0280020D1E9003103F10043013B8B42A4
:10D9600000D0B9E7EDE708B5064B93F8B130042BCA
:10D9700006D10548FFF7E5FFBDE8084028F0B6BA34
:10D9800008BD00BFA8480020346100204160024A61
:10D9900001460248FEF7AABF80040508B42800200B
:10D9A00010B5274C94F8723E033B042B47D8DFE8B0
:10D9B00003F0030718140300BDE810402EF050B820
:10D9C000D4F8883E98792EF01FF8D4F8880E0E22ED
:10D9D000BDE8104000212AF007BABDE810402EF043
:10D9E00001BAB4F8703E9B0700D5FEE729F0BAFCF7
:10D9F0007F2807D094F9833E7F2B01D0984201DD28
:10DA000084F8830E17F098F9D4F8843EC01A0028E1
:10DA100006DAD4F8D41E0B488031BDE81040B5E7D3
:10DA200094F8723E94F9830E022B1CBF022384F8F3
:10DA3000723E29F0CDFCBDE8104029F0DFBC10BDDE
:10DA4000A8380020784700200146024A0248FEF725
:10DA500027BF00BF80040508B42800204378FF2BAF
:10DA600004D1408840BA80B204307047981C704797
:10DA700008B50246FFF7F2FF104408BD38B5054669
:10DA80000C46FFF7EBFF294682B22046BDE838403E
:10DA90002BE438B50446154601448C4202D30024D9
:10DAA000204638BDA31C9942F9D36378FF2B02D1DD
:10DAB000231D9942F3D32046FFF7DAFF8842EED8C0
:10DAC0002378AB42ECD00446E7E70423FFF7FEB926
:10DAD000F7B50E461746044602236A4639463046D5
:10DAE000FFF7F4F9054680B99DF8003023709DF8E2
:10DAF0000130FF2B0CD00221607002333A68C4F869
:10DB00000220A288934212D90625284603B0F0BD10
:10DB10003946304601AAFFF7D8FFD8B90123637010
:10DB2000BDF8063004215BBA9BB20433E6E79BB232
:10DB3000934228BF13466288A380134472899BB224
:10DB40009A42E1D3D4F80230A01DC4F80630FFF7A2
:10DB5000C2FDDAE70546D8E773B5044601A80D46CD
:10DB60001646FFF7A7FD2946204601AAFFF7B0FF9A
:10DB700038B92378B34205D0A18801A8FFF7ABFDDF
:10DB8000F1E7172002B070BDF0B585B00546164626
:10DB90000A46014601A81F46FFF7DEFF044650B9BA
:10DBA000BDF808203B46B24228BF32462846BDF8A1
:10DBB000061032F037FC204605B0F0BD1FB5144604
:10DBC0000A46014601A8FFF7C7FF10B9DDF80A3081
:10DBD000236004B010BD73B5154601AA04461E4665
:10DBE000FFF7ECFF28B933462A46204601A9FFF784
:10DBF0006DF902B070BDF0B51746428985B0ADF839
:10DC000000101E468A422CBFC1EB0203C1EB010388
:10DC1000C9439BB289B2994228BF19460546ADF85F
:10DC200002106A46014601A8FFF752FF044660B998
:10DC3000BDF80C203346974228BF174628463A467F
:10DC4000BDF80A1032F0EEFBF455204605B0F0BDE9
:10DC5000F0B51746428985B0ADF800101E468A42DD
:10DC60002CBFC1EB0203C1EB0103C9439BB289B2D4
:10DC7000994228BF19460546ADF802106A4601468A
:10DC800001A8FFF725FF044660B9BDF80C209642B5
:10DC90000BD8B2423B4628BF32462846BDF80A1090
:10DCA00032F0C0FB204605B0F0BD0624FAE70123A0
:10DCB000CEE730B585B0044615460A46014601A8B0
:10DCC000FFF74AFF38B92A462046BDF8061005B0CE
:10DCD000BDE83040EBE705B030BD10B50223144677
:10DCE000FFF7B6FF10B923885BBA238010BD30B5AB
:10DCF00085B0044615460A46014601A8FFF72CFFE9
:10DD000038B92A462046BDF8061005B0BDE83040B7
:10DD1000E3E705B030BD042310B51446FFF798FFC4
:10DD2000034618B92068FEF76AFF2060184610BD48
:10DD300030B585B0044615460A46014601A8FFF7EE
:10DD40000BFF38B92A462046BDF8061005B0BDE8DD
:10DD50003040E0E705B030BD0422FFF7C6BA02222A
:10DD6000FFF7C3BAFF2B73B5054616461C4612D102
:10DD70008DF805304FF47F438DF8041001A9ADF8FC
:10DD80000630FFF7E9FF20B9224631462846FFF763
:10DD9000ACFA02B070BD8DF8001069468DF8013004
:10DDA000FFF7DDFF0028F4D1002CF2D0ECE770B5CE
:10DDB00005460E461C46114618460BB1FFF700FDFE
:10DDC00022463146C3B22846BDE87040CAE707B5CF
:10DDD00001238DF807200DF10702FFF7C3FF03B001
:10DDE0005DF804FB07B552BAADF8062002230DF129
:10DDF0000602FFF7B7FF03B05DF804FB13B5044656
:10DE00001046FEF7FCFE042301900DEB03022046B2
:10DE1000FFF7A8FF02B010BDF0B58FB004A80D4603
:10DE2000164617F013F84FF2BF03092130480DF1E1
:10DE30000602ADF8323020F083FFA0B940F2013382
:10DE400003A8ADF80C302DF0B9F81D2201212CF0FB
:10DE5000DDFE044638B11221728CFFF7C3FF20B1FA
:10DE60002046FEF720FF0FB0F0BD08231321204607
:10DE700006F11802FFF776FF0028F1D11D4E14219C
:10DE80002046B6F8BE20FFF7ADFF0028E8D12946AE
:10DE900003A8FFF70FFC4FF61173BDF80E70ADF835
:10DEA000083020467BBA02A9ADF80A30FFF754FFCC
:10DEB0000028D5D13B4629462046BDF80C20FFF767
:10DEC00052FA0028CCD1BDF8065004A822F0F6FD85
:10DED0002A4606F51A7108A819F01DFB214604AA66
:10DEE000A6F2E47017F088F90028BCD0B8E700BFAC
:10DEF0004C5F0020A848002010B590F8243004465C
:10DF000043B1012B01D1436983612046A169BDE87A
:10DF10001040F0E44169B1EB510F4FEA510001D9D3
:10DF2000FFF7FAFB0023A061E38384F82530ECE7D8
:10DF300010B590F8243004467BB1012B08D101695B
:10DF4000C0680131FFF7E8FB60612046FFF7D4FFAE
:10DF50002046236ABDE81040184790F825306BB181
:10DF6000012BF5D1426922B10369991A8A4298BFFF
:10DF7000530020466361BDE81040BDE7012380F8EF
:10DF80002530D0E90513C91AFFF7B5FCE28BA38B46
:10DF90009A42DDD310BD10B5044616F0CDFED4E98B
:10DFA0000031E268C01A9A4202D10028A8BF0131AC
:10DFB00010BD2DE9F3411E461B4B044683424FF032
:10DFC00000038B4115460AD215A3D3E900233AF08A
:10DFD00075FD1649144602462846FFF746FC144BC9
:10DFE0004EF66021B4FBF3F203FB1244B4FBF1F3F1
:10DFF0004FF47A7801FB1344B4FBF8F728460D4937
:10E000000097FFF732FC3EB1284608FB17420A4949
:10E0100002B0BDE8F04128E402B0BDE8F08100BFE5
:10E02000005C260500000000FF5B2605480405088B
:10E0300080EE36004E0405085D04050813B500683F
:10E0400040B13AB131B100230068019301AB2EF029
:10E0500080F900B1FEE702B010BD2DE9F843436C32
:10E0600015461344026C044693420E461AD84FF0EC
:10E0700000084F1900F11009B74214D1636C1D4418
:10E08000236C65649D420BD1B4F850302BB104F180
:10E09000100211462046FFF7D1FF0023A4F85030AC
:10E0A000BDE8F883FEE7B4F85030102B06D14A469D
:10E0B00049462046FFF7C2FFA4F85080B4F850301C
:10E0C0005A1CA4F85020234416F8010B1A7C504027
:10E0D0001874D1E72DE9F74F1E469DF830300D46F4
:10E0E0000193C36C816C33448B42044626D86FF095
:10E0F000200A914605EB0608AAEB000A00F1200B66
:10E10000A8451CD1E36C1E44A36CE6649E4263D315
:10E11000B4F850302BB104F1100211462046FFF73D
:10E120008DFF002194F8542002F121002044C2F117
:10E130000F0203B0BDE8F04F3CF0F0BAFEE7B4F8D0
:10E140005220102A16D104F13000024694F854707F
:10E150000AEB00018F4206DA10F8011D0131C9B245
:10E1600001700029F4D059462046FFF767FF0022CE
:10E17000A4F85220B4F85220019B511C89B22244C9
:10E180000BBB2F78A4F8521092F830207A4089F80F
:10E190000020B4F85020102A08D104F110021146D2
:10E1A0002046FFF74BFF0022A4F85020B4F850207F
:10E1B0000135511CA4F850102244117C09F10109C9
:10E1C0004F4017749CE799F80070A4F8521092F829
:10E1D000302057402F70DCE703B0BDE8F08F38B532
:10E1E000D0E912329A4204460D4600D0FEE700F113
:10E1F000300200F12001FFF721FF002304F10F029C
:10E2000094F855108B4200DB38BD12F8011F92F8CC
:10E2100020004140E9540133F2E7006808B518B125
:10E2200002490EF0E5FC00B1FEE708BD090000025E
:10E23000006808B518B111B10EF008FD00B1FEE795
:10E2400008BD10B586B00446ADF80630084603ABED
:10E2500011460DF10602FEF747FDBDF810200AB980
:10E2600006B010BD20460399FFF7E2FF03A90DF1A8
:10E2700006002FF081FDF0E7002307B50068019349
:10E2800000B9FEE7202201AB0EF010FF00B1F8E765
:10E2900003B05DF804FB002801DB32F0A8BB704737
:10E2A00010B503780446002B14BF0520032000F5A9
:10E2B0000030FFF7F0FF2378BDE81040002B14BFBB
:10E2C0000620042000F50030E5E71F299DBF006807
:10E2D000C84000F001000020704710B50B780446DC
:10E2E000FF2B04BF0A230B700B780A460133D9B207
:10E2F0001A29117001D9172010BD2046FFF7E5FF3C
:10E3000010B90131C9B2F3E70020F5E7FF2337B5B3
:10E31000054600248DF8073028460DF10701FFF768
:10E32000DCFF234601340028F6D0D8B203B030BD5C
:10E33000FF2337B58DF80730036805467BB1FFF73B
:10E34000E5FF014600B9FEE70020FFF7F3F90DF104
:10E35000070104462846FFF7C0FF00B91CB99DF825
:10E36000070003B030BD28460DF10701013CFFF75F
:10E37000B4FFE4B2F1E7837F024613F00F0004D04C
:10E38000108C022894BF002001207047012938B565
:10E390000446456832D12DF0ABF9237E9A0702D5A9
:10E3A000642828BF64205B0715D5A022204BB0F558
:10E3B0007A7FB3F85E3E28BF4FF47A70534303F57B
:10E3C000FA73B3F57A7F06D34FF47A72B3FBF2F3A4
:10E3D000984228BF1846637E0F2B02D9BC2828BF5D
:10E3E000BC20A36833F07C4204D0C3F319039842E5
:10E3F00028BF1846002808BF0A20606016F09CFC61
:10E400006369014604F10C0098420DD06268AA428B
:10E410000DD0531A24680A3BE3424CBF0A2221461E
:10E42000BDE83840FFF762BA62682160F8E738BD9E
:10E43000A8380020038910B58B420C4605D1BDE8F1
:10E4400010404FF400402FF03DBE01814FF40040DA
:10E450002FF0F8FD2046BDE810402EF007BB012349
:10E4600042888B4013434380437813B9C830FFF789
:10E4700015BA704770B50578ED071DD54578012DA3
:10E480001CD0468816F0020F18D1022D16D0C6F304
:10E490008005760712D48362049B4282C362FF2305
:10E4A0000374C368002908BF19460B404361022169
:10E4B000FFF7D5FF284670BD0D20FCE70520FAE7E1
:10E4C00070B50578ED0722D54578012D21D0468815
:10E4D00016F0020F1DD1022D1BD0C6F38005760762
:10E4E00017D48362049B002AC3624FF0FF030374B6
:10E4F000C36808BF4FF49672002908BF19460B4045
:10E50000428243610121FFF7AAFF284670BD0D201A
:10E51000FCE70520FAE710B590F82030DB0712D5AC
:10E5200090F8212002B9827A074C418CB4F80C3162
:10E53000343031F0EDFE2DF0CEF804F1B000BDE83E
:10E5400010401BF06DBA10BDA848002000230380C6
:10E5500070472DE9F04FA94C042189B04FF47A702F
:10E56000E56CFFF705F9291804F14800FFF7B4F945
:10E57000636CD80730D5062204F5005696F8903023
:10E5800002FB034303F50053303306F1300293429C
:10E5900040F0E6800025062742F2300996F8908088
:10E5A0004545C0F0E38016F0C7FB954D0746D5F80A
:10E5B000C81F04A831F0E5FF05F6C87904990029C1
:10E5C00040F0E280D5F8C80F31F0D8FF20B9B8F19B
:10E5D000000F01D12FF0CEFC636C990708D5894D4F
:10E5E00095F8B3309A0700F1E18001202FF0C2FCCA
:10E5F000636C5D0726D54FF00008834FD7F8883647
:10E600000493049A002A40F0EB820125D7F88C3657
:10E610000493049A002A40F0EE8201254FF0780915
:10E62000D7F894360493049E002E40F0F182D7F878
:10E630009056002D40F00883B8F1000F02D102205F
:10E640002FF098FC636C18070AD5002604A80496DE
:10E650008DF814601AF0C4F8049D002D40F01F835B
:10E66000636C990626D5684D95F825397BB116F06F
:10E6700063FBD5F8283903F5C333A0331B1A002BED
:10E68000BEBF95F8463943F0010385F8463995F841
:10E690004F1995F84E29B5F84C39002940F03A83C6
:10E6A000002A40F04983002B40F05283D5F84C09F2
:10E6B00031F09AFD636C5A0620D5534EB6F80439F2
:10E6C00043B1013B9BB2A6F804391BB906F51060B3
:10E6D00022F0D4FCD6F800596DB1013DC6F80059BE
:10E6E0004DB9022026F0D2FB4848294622F0BEFD53
:10E6F000284627F05DF845481FF016FF636CDB05E0
:10E7000040F13B830020034605464149A1F5D4660C
:10E71000CA787AB1013AD2B2CA7032B1086806EB4F
:10E720008302C2F8A006012001330135232D01F137
:10E730000401EDD1002104EB830404F5B554033446
:10E74000222B04DC14F8042B002A40F0128300284A
:10E7500040F01383082009B0BDE8F04F2FF00ABC49
:10E7600011790632013902F8021C10E707FB056334
:10E7700093F834302BB917FB059020442CF056FC4D
:10E780000CE70135EDB209E78B69FB1AB3F5FA6FB7
:10E7900008D34B7948465B0902BF336901333361C3
:10E7A000FEF73CFC04A8FEF78EFC07E795F8E8327C
:10E7B00013B1013B85F8E83295F8EA323BB1013BF1
:10E7C000DBB285F8EA3213B912481FF0B7FD0E4EDE
:10E7D00096F8E97137B1013FFFB286F8E971B7FAEF
:10E7E00087F77F0995F8B130042B00F29280DFE8BB
:10E7F00003F0039013718E00FEE700BFA8280020ED
:10E80000A8380020A8480020A8580020A8610020AF
:10E81000483F00205849002096F88C81002F4AD0AC
:10E8200095F8E432434511D96FF0630095F915115D
:10E830001AF0A4FD09281CD83C2303FB0848B04E5D
:10E8400008F5285808F10C08B04503D1AD481AF076
:10E8500067FF12E0B37F03F00F03072B07D16FF0C0
:10E86000630096F925101AF089FD092801D83C3675
:10E87000EAE70221A34824F023F8D5F80063A24B6D
:10E880009E427FF4B5AEA6F512701FF08DFD9F4835
:10E890009F4BA049C5E9C1034FF6FF73A5F8143398
:10E8A000012385F81C33FEF737FFC5F80C0330460B
:10E8B000FFF722FB9CE6B8F1000F2AD0964820F023
:10E8C000F6FF95F8E332834223D801218D481BF0EF
:10E8D00078FB09E096F88C31CBB18F4820F0E7FF48
:10E8E00095F8E3329842F0D29FB196F88C2195F8D2
:10E8F000E5329A4203D9032182481BF062FB81482A
:10E900001FF02CFD28B97F481CF092FF01E0002F7A
:10E91000F5D100230493052304A88DF814304FF09B
:10E92000010819F05DFFDDF81090B9F1000F33D147
:10E930003C2396F88C71DFF8C89103FB074707F575
:10E9400028570C37A9F1040AA9F6D80B4F4575D101
:10E950000023724911F8012F013350B20028C8BFBB
:10E9600002F1FF32DBB2C8BF0A703F2BF2D195F83B
:10E97000B130042B0DD1684820F099FF092808D93F
:10E9800096F8DC31013386F8DC3116F0D5F9C6F89B
:10E99000D80126F015F92BE699F81E3003F00F0385
:10E9A000072B39D808FA03F313F0C60F06D113F07A
:10E9B000110F2DD113F0280706D0FEE74FF47A721D
:10E9C000D9F8603002FB03F709F1480019F01EFE88
:10E9D00098B116F0B1F94FF47A72D9F85430C01AE0
:10E9E000D9F84C305343984207D399F848306FF325
:10E9F000C71389F848302CF0CBFB16F09DF9D9F8F5
:10EA00000830C01AB84209D349463E4821F0CAF836
:10EA100004A819F0C5FE86E70027D5E795F8B100F0
:10EA200031F010FB0028F3D099F81E3003F00F03EB
:10EA3000012BEDD1484632F0A3FEE9E7B9F81C10EE
:10EA4000B5F8BE20914206D116F076F9C9F8080053
:10EA500009F13C097AE716F06FF9D9F80820304B34
:10EA6000A0EB0208B9F83A20012A82BF02F57F42E2
:10EA7000FE32A9F83A2099F81E20984502F00F02BC
:10EA800052D999F83A10072A6FF3000189F83A1021
:10EA900050D195F8B120022A07D101211E4820F05B
:10EAA00018FF95F8E922824266D3494604A818F077
:10EAB000C2FC1A211B4804AA1AF094FF40B999F825
:10EAC000392012F00C0F04BF42F0030289F83920FC
:10EAD00099F8392093072DD0D11C61F3010289F8F0
:10EAE0003920FEF703FE4FF47A72B0FBF2F101FB1E
:10EAF000120249460B4892B21AF0BFFF1AE000BF5B
:10EB0000B452002058490020A04B002090B20800C9
:10EB1000F09C0900F19C0900B05200203F5A0020EF
:10EB20009F860100DC490020072A03D195F8B12017
:10EB3000022A32D199F81E2002F00F02052A2CD1A8
:10EB4000494604A818F077FC1A21584604AA1AF07E
:10EB500049FF10BB99F8392012F00C0F18D099F822
:10EB60003910C1F38102033202F0030262F3830120
:10EB700089F83910B2B90BE0814A9045DAD9494693
:10EB800004A818F058FC1A217E4804AA1AF093FF32
:10EB900049467D4821F006F85AE799F8392012F0E5
:10EBA0000C0FDCD195F8B120042A7FF451AF504608
:10EBB00099F8381020F00BFE00287FF449AF484642
:10EBC0002BF0A6FF0F287FF643AF704A90457FF6E3
:10EBD0003FAFB9F81C106E48890A20F059FF37E79B
:10EBE000D37C04A83F2B82BFC033D3744FF00108FD
:10EBF00019F0B5FC05E5938A33B1013B9BB29382D2
:10EC000003B915764FF0010804A819F0A8FC00E537
:10EC1000B38A53B1013B9BB2B38223B9737E43B92C
:10EC20007576A6F814904FF0010804A819F097FC27
:10EC3000F9E4F28A53080F2B38BF0F239A42F2D01F
:10EC4000F3827823B382EEE7AB8A03B9FEE7013B98
:10EC50009BB2AB82FBB9EB8A4FF00108AB825B0041
:10EC60009BB2782B28BF782331464A48EB82A5F81F
:10EC7000188031F0EEFA2946474819F05AFC022173
:10EC8000284630F01BFD002E3FF4D1AC304619F081
:10EC90000DFC0546CDE42E464FF00108F6E7AB7FAC
:10ECA0007F2B33D8B5F8A82082B3B5F8AA3001334A
:10ECB0009BB29A42A5F8AA3028D8EB8F0296C3F3EC
:10ECC0000D0303BB01220221344B3548FEF724FC1F
:10ECD000014602A818F01AFB029FA7B1314B324A35
:10ECE000EB1A1B11534338460DF10601ADF80630FF
:10ECF000FFF735F838B9CDE9020703A82BF0F6F98C
:10ED0000039830F071FF029830F06EFF04A819F0FC
:10ED100047FDA1E40139C9B285F84F1900297FF4F4
:10ED2000BFAC82B923B1013B9BB2A5F84C39B3B15A
:10ED30001E48FEF7B3FDB9E4013AD2B285F84E2978
:10ED4000002AEFD0AFE4013AD2B285F84E29E9E7C4
:10ED5000013B9BB2A5F84C39002B7FF4A7AC95F88A
:10ED6000253913B1012385F825391148FFF7EEFB4A
:10ED7000DEE704F8041C0133E2E409B0BDE8F08FDB
:10ED8000EF490200DC490020584900208F5F010054
:10ED9000B0520020385F00203C5F002049C80408C2
:10EDA00000290020D04B0020A38B2EBAB461002094
:10EDB000FA61002038B50D460468204631F0F6FDB2
:10EDC00035B140F0100080B22070000A607038BD8C
:10EDD00020F01000F7E700F44052B2F5005F034660
:10EDE00020D148F2400220F44E5020F03F009042E3
:10EDF0001ED00CD8B0F5446F1AD005D8C8B1B0F504
:10EE0000046018BF01207047B0F50040F9E703F433
:10EE10004C43B3F5404F0BD04CF64043C01A18BFDB
:10EE20000120704710F4406F14BF0120002070478C
:10EE30000020704738B505680C46284631F0B6FD0D
:10EE4000FFF7C9FF40B1284631F0B2FDFF2803D0DB
:10EE50002B5A0020238038BD0620FCE710B504683B
:10EE6000204631F0A3FDC30500D5FEE7A07810BD14
:10EE700038B505680C46284631F098FDC30500D525
:10EE8000FEE7AC7038BD00F44053B3F5005F04D129
:10EE900000F44C43B3F54C4F07D0B0F5804F04D38A
:10EEA00080F04000C0F380107047002070478388D6
:10EEB00010B5032B12D9006831F078FD80F4807210
:10EEC0000446C2F30021FFF786FF48B98A1CC4F349
:10EED0008123022B06D0032B17D02BB1FF2212E087
:10EEE0000A1DF4E70232D2B22046FFF7CCFF08B188
:10EEF0000232D2B2C4F38134022C08D0032C09D0E0
:10EF0000002C18BFFF22104610BD0832EBE702327A
:10EF1000D2B2F8E70832FBE7F8B507680E46384684
:10EF200031F044FD0546FFF7AEFFD0B1384631F071
:10EF30003FFD04462846FFF74EFF08B10234E4B215
:10EF4000C5F38125022D07D0032D08D0FF2C08D052
:10EF500000203B5B3380F8BD0234E4B2F6E70834AE
:10EF6000FBE70620F7E7838810B5022B044607D994
:10EF7000006831F036FD18B12046BDE8104096E734
:10EF8000FF2010BD38B505460C46FFF7ECFFFF2803
:10EF900017BF2B6806201B5C00201CBF03F0070373
:10EFA000237038BD38B505460C46FFF7DCFFFF2857
:10EFB00017BF2B6806201B5C00201CBF03F0180342
:10EFC000237038BD38B505460C46FFF7CCFFFF2847
:10EFD0001FBF431C2A68DBB2D35816BF002006208F
:10EFE000236038BD38B505460C46FFF7BCFFFF2847
:10EFF00000D1FEE72A68431CD9B2545452FA83F375
:10F00000220A5A70220C240E9A70DC702B7F43F077
:10F0100001032B7738BD00F01800102805D0A0F1AF
:10F02000180358425841C00070470420704708B583
:10F030004307024608D0FFF7EEFF12F0180F0CBF8F
:10F0400005300630C0B208BDFF20FCE72DE9F04FC7
:10F05000057B0688B0F8029087B0031D012D044699
:10F060000F4646EA090B019330D0022D0CBF032254
:10F07000002294F816A04BEA823BBAF1010F04F18A
:10F080000E0825D0BAF1020F2FD0BAF1000F21D10E
:10F09000A37F94F82120003B18BF0123B9F5805FBE
:10F0A0004BEAC30305D0B9F5005F21D0B9F1000FD9
:10F0B00029D145B1BAF1000F05D0208B618B884270
:10F0C00008BF43F04003D60721D5FEE70222D0E770
:10F0D0004BF4006B5146E08931F06CF90028D7D130
:10F0E000022E18BF4BF0200BD2E74BF4406BF1E738
:10F0F000BAF1000F40F09480617F002D40F08880CD
:10F10000002940F09A80D50748BF43F48073C2F3CA
:10F11000400243EA42253B6804A804934FF4FE03EF
:10F120002946059331F086F9E80503D4012104A8A6
:10F13000FDF77AFB2846FFF74EFE18B1618B04A855
:10F1400031F078F904A8414631F07FF92846FFF7FD
:10F150009AFE18B1218B04A831F06CF9211D04A886
:10F1600031F073F9BDF81430BB80A67FA6B1E37F00
:10F170000DF10F011E4304A88DF80F60FDF771FD1E
:10F180003046FFF754FF411E89B204A8FDF74CFB3F
:10F190003046FDF70FFC064694F8213099070ED54E
:10F1A000022104A8FDF740FB0D23042143700170E8
:10F1B00004A8FDF739FB3B7F43F008033B77AA0522
:10F1C00023880ED5032B03D094F821305B0714D489
:10F1D000022104A8FDF728FB6FF07F0303703F2393
:10F1E00043702388032B08D194F820300DF10F01D0
:10F1F00004A88DF80F30FDF734FD0236B1B204A833
:10F20000FDF712FBBDF81430BB8007B0BDE8F08FEE
:10F2100000297FF478AF217F00297FF474AF0CE0E0
:10F220000DB9617FF8E7022D02D1BAF1020FF8D0D3
:10F23000208B618B88427FF466AF43F0400362E726
:10F2400070B50546FFF733FEFF28044611D02E683F
:10F25000304631F0C6FB60B1A9888C420BDA305DD4
:10F26000FFF7E5FEFF2808D00444E4B2A142B8BF8E
:10F27000FF24204670BDFF24FBE70446F9E770B584
:10F2800006460D46FFF76FFEFF28044609D0326898
:10F29000105CFFF7C0FE22440244002053792B701B
:10F2A00070BD0620FCE770B506460D46FFF75BFE15
:10F2B000FF28044600D1FEE73268105CFFF7ABFE82
:10F2C00022440244557170BD10B50446FFF74BFE51
:10F2D000FF2806D02368185CFDF76CFB0230C0B233
:10F2E00010BD0220FCE7F8B50646FFF7A9FFFF288E
:10F2F00004462CD03768384631F058FB8305054664
:10F300001BD53046FFF7E0FFB188A21C93B210FA7C
:10F3100082F28A4207EB04061BDC3A5D02F07F02B0
:10F3200013449CB210FA83F3994212DB3288C2F381
:10F33000C7127F2A01D09942E7DC384631F047FBFB
:10F3400028B905F00705032D01D10134A4B2E0B2BC
:10F35000F8BDFF24FBE738B50546FFF7C4FFFF28DB
:10F36000044609D02846FFF7AFFFAB8804449C420F
:10F37000CCBF0620002038BD0620FCE710B50446AF
:10F38000FFF7B1FFFF2816BF23680020C01810BD8B
:10F3900010B50446FFF7F2FF2368C01AC0B210BDD3
:10F3A00070B505468688FFF7F3FF04462846FFF749
:10F3B0008BFF0444301B80B270BD70B506460C460E
:10F3C000FFF7E6FF05463046FFF77EFF05442C4475
:10F3D000B48070BD10B50446006831F0E7FA8305CB
:10F3E00003D52046BDE810402AE7FF2010BD08B530
:10F3F0002BF0ACFB003818BF012008BD08B52BF07E
:10F40000A5FB00B1023008BD00232DE9F0419EB0FC
:10F4100003930AAB08930823044600680D46ADF831
:10F42000243031F0DEFA002859D020460DF10B01CE
:10F43000FFF7A8FD002852D1204603A9FFF7C2FD1F
:10F44000064600284BD10DF110084346286869682C
:10F450009DF80B2003C303981946FDF75BFBA368D7
:10F460008DF81C20196808A830F0CDFF2046FFF762
:10F470002BFF05462046FFF78BFF07462046FFF788
:10F480008FFFAB1EDBB20246394608A8CDF80080DC
:10F490002BF00CFF2046FFF77BFF2568024629462C
:10F4A00008A8FEF7DAFD2046FFF768FF054620466C
:10F4B000FFF776FF2A460346294608A80096FEF77E
:10F4C00009FE2046FFF700FFA38825681B1AE918EC
:10F4D00008A8FEF784FE237F43F0100323771EB0B5
:10F4E000BDE8F0810023F0B5A3B003930EAB0C93FD
:10F4F0000823044600680D461646ADF8343031F056
:10F5000070FA30B120460DF10B01FFF73BFD10B151
:10F51000082023B0F0BD204603A9FFF753FD0028C3
:10F52000F6D104AF3B46286869689DF80B2003C3F9
:10F5300003981946FDF7EEFA31680CA88DF81C20E7
:10F5400030F061FF2046FFF7BFFE851E2046FFF723
:10F550001FFF06462046FFF723FFEDB22B4602466B
:10F5600031460CA800972BF0A1FE2046FFF710FFB4
:10F570002668024631460CA8FEF76FFD2046FFF7CD
:10F58000FDFE06462046FFF70BFF012203463146EB
:10F5900000920CA83246FEF79DFD08A90CA8FEF7C4
:10F5A0001EFE2046FFF790FEA3882668181A311821
:10F5B0002A4608A83BF0A2F8003818BF0120C00076
:10F5C000A7E70B6803604B684360037883F002038E
:10F5D00003707047082208B53BF090F8B0FA80F04D
:10F5E000400908BD10B504460068FEF754FE4FF010
:10F5F0000043236010BDF0B5002787B004460068C3
:10F600000E4615460597FEF746FE4FF00043236071
:10F6100010234FF41051CDE90163064A009745F4D9
:10F62000407305A8F8F772FD18B9059B236007B071
:10F63000F0BDFEE7004440040821F8F772BB01F179
:10F64000080313F8012D8B4200F8012BF9D1704704
:10F65000F8B507680E46384631F0AAF90446384630
:10F6600031F0A4F90546FFF7B6FB04EB4003DBB22B
:10F67000FF2B13D0C5F38120022805D0032807D023
:10F68000002300203372F8BDFB5A33800123F8E7D2
:10F69000F9183046FFF7D3FF0223F2E70620F2E71E
:10F6A000F8B507680E46384631F080F90546384609
:10F6B00031F07EF904462846FFF78DFB08B102348D
:10F6C000E4B2C5F38123022B12D0032B13D02846BA
:10F6D000FFF7D9FB08B10234E4B2FF2C06D0C5F322
:10F6E0008135022D09D0032D0DD04DB1062009E042
:10F6F0000234E4B2EBE70834FBE701253B5B3380DF
:10F7000000203572F8BD30463919FFF798FF022501
:10F71000F6E708B5044BC180002218683AF078FB80
:10F7200000B1FEE708BD00BF0864002007B50A6805
:10F73000C0F80A204A68C0F80E206846FFF77FFF2D
:10F740000723094A1DF80310013B02F8011BF9D2F7
:10F75000064B0022694618683AF060FB00B1FEE7EC
:10F7600003B05DF804FB00BF54640020086400206F
:10F770008378082B09D190F86E00C30903D000F0FC
:10F780007F002CF041B92CF0FFBA704710B5027819
:10F7900004465107437816D4120701D5EBB110BDCA
:10F7A000002BFCD1B0F8A030F3B190F83630082B24
:10F7B0001CBF082380F83630838E1906EFD4BDE8CD
:10F7C00010403430D4E7002BE9D14388D80504D564
:10F7D000E16904F1D000FEF77FF8E17A04F134002A
:10F7E000BDE8104030F0DABD90F84630DA070AD4B0
:10F7F000838EDB0507D594F83630012BCFD001235B
:10F8000084F83630CBE72CF0BFFA0028C7D1F2E7F6
:10F8100010B504460C30FEF758FD00B3A27A8A42B8
:10F8200005D14FF480402EF04DFC002010BD4FF468
:10F830008040A1722EF006FC04F5B470FEF786FE3F
:10F8400023789B06F1D4A37AE37294F8213013B99C
:10F850002046FEF760FE2046FFF798FFE5E7072009
:10F86000E4E710B590F820300446990703F0010250
:10F870000CD5418C51B1D2B943F0010380F820304E
:10F88000FEF749FE2046BDE810407FE77AB100222E
:10F8900094F8203004F134006FF3000384F8203032
:10F8A0001146BDE810404FF6FE7330F031BD10BD7B
:10F8B0002DE9F043044689B0B0F86C60FAF701FD19
:10F8C000E36F524AC11A94F8800000233230A1FB42
:10F8D000000139F0F3F8A02794F881307E4303EB60
:10F8E000830300EB430000F1C80300F57875204660
:10F8F0007608B54228BF35469E4228BF1E4630F8DE
:10F90000843BA16F13F0800257D0B4F86C305F4392
:10F910003944491BFEF73AF8A36FD4F874803B448E
:10F92000A3673B4B07EB08021A60A378626713F0EA
:10F93000FD0F38D094F86E702BF01AFF044635484E
:10F94000C7F3060907F07F073BF01EFE58BB2146B0
:10F950003846F8F7B9FA044628BB012120203BF0CD
:10F96000FDFDFF23A5F51675CDE901448DF80430A2
:10F97000A8EB05030493012327483544ADF81C3058
:10F980003946006801AB04AA03948DF8144006952B
:10F990008DF81E4039F0E3FF40B9204B83F8069004
:10F9A0001F4B83F8069009B0BDE8F0832146202064
:10F9B00009B0BDE8F0433BF0D1BD94F86E305FEA8A
:10F9C000D31C0BD062F3C71384F86E30491BFDF7CC
:10F9D000DDFF204609B0BDE8F043C9E63144B4F884
:10F9E0006C50FDF7D3FF94F86E307D4343F08003F5
:10F9F00084F86E30F6F768FCA26F636F2A44A26742
:10FA0000034A2B4463671360E3E700BF40420F00E3
:10FA1000506400204000010008640020F82000200D
:10FA2000581E0020004843E7184700200A4690F877
:10FA3000FE10FEF72EB8002910B514BF33210E2199
:10FA40001446FFF7F3FF38B1D0F802302360D0F846
:10FA500006300020636010BD1720FCE7F8B50446AF
:10FA600018300D46FDF76DFF4FF0FF3323746374BC
:10FA7000A374E37423756375A375E37523726372CE
:10FA8000A372E37223736373A373E37395F8FE3079
:10FA9000DBB126466378284643F00103637016F80D
:10FAA000087B32463946FFF7C6FF28B996E80300BF
:10FAB00004F1100383E8030017B928462EF0F4FB85
:10FAC0002078BDE8F84030F003BCF8BD2DE9F041E6
:10FAD0000746884603261A4D86B0013E02D106B07D
:10FAE000BDE8F0813B783BBB6B7803F500334046C3
:10FAF00029780593FFF79AFF0446D8B14278CAB136
:10FB0000FF2A0CBF0423022303440193012341F283
:10FB10000101029200934FF0004205A8F8F7F6FAAF
:10FB2000014658B96278FF2A0CBF04200220204405
:10FB30003AF0F4FD0335D0E7AB78D6E7FEE700BF37
:10FB40008C04050870B50D46C2B00446FEF7A8FB4C
:10FB500095F8FE6066BB23784FF0FF31002B14BF91
:10FB6000022001202CF06CF80C2800D1FEE763780D
:10FB700066F3000322466370284612F8081BFFF75D
:10FB80005AFF48B14FF0FF3323726372A372E372DE
:10FB900023736373A373E37315F0CEF82378606067
:10FBA000012B26D1284642B0BDE870402BF002B8A8
:10FBB00001A830F095FB3246294601A83AF0B9FD7C
:10FBC000D5F80031204601A941938DF80261FFF775
:10FBD0007DFF23789DF80221002B14BF0220012015
:10FBE00001A92CF079F800B1FEE7637843F0010336
:10FBF000C0E742B070BD70B50C460546C2B001A862
:10FC000030F06EFB94F8FE602146324601A83AF0CF
:10FC100090FDD4F80031284601A941938DF8026186
:10FC2000FFF754FF2B789DF80221002B14BF022010
:10FC3000012001A92CF050F800B1FEE742B070BDE0
:10FC400010B591F8FE200446FF2A09D080F8FE2066
:10FC50003AF06FFD15F070F8C4F80001002010BDF7
:10FC60000720FCE72DE9F8430F46984690F8FE4040
:10FC700005461646FFF7DAFEC4F1FE040146A4B2BB
:10FC800008F1020918B94C450AD2032021E0437853
:10FC900002331C44A4B24C45F7D32846FCF7B6FE09
:10FCA00095F8FE30B8F1FF0F994405EB030085F895
:10FCB000FE90EF5414BF022304234246314680F8DD
:10FCC000018018443AF035FD15F036F8C5F800010A
:10FCD0000020BDE8F88313B504460846FCF78FFF03
:10FCE00004230190342120460DEB0302FFF7BAFFF5
:10FCF00002B010BD10B50446FFF798FE014620B1D2
:10FD00002046BDE81040FCF781BE10BDD0F80200CF
:10FD100000BA70472DE9F74F0C460021FE2284F807
:10FD2000FE10037806468B42ADF8042018BF02206F
:10FD3000224608BF012001AB2DF014FE0546002825
:10FD400041D1BDF80430FE2B40D88146334F84F8B2
:10FD5000FE3007F1060B3378002B3CD197F801A059
:10FD600020463978FFF762FE804698B142788AB122
:10FD7000FF2A0CBF0421022101AB01440AF5003027
:10FD8000F7F7B4FF50BB98F80120019B9A4218BFC7
:10FD90004FF0010903375F45DDD1B9F1000F03D002
:10FDA00021463046FFF727FF3378D3B93321204669
:10FDB000FFF7A0FF34212046FFF79CFF14F0BCFFA3
:10FDC000C4F8000103E00C2801D1FEE717252846FE
:10FDD00003B0BDE8F08F97F802A0C1E74FF001092A
:10FDE000D8E734212046FFF721FE07460028EED051
:10FDF000FFF78CFF0A4B7668984228BF184680466A
:10FE000014F09AFF831B98458ABF361A002006EB30
:10FE10000800B91CFCF77EFED0E700BF8C04050883
:10FE20000014730F30B50446C3B001A830F058FA7F
:10FE300001A92046FFF76EFF054601A92046FFF7FE
:10FE40000DFE284643B030BD2DE9F0430546D3B042
:10FE500002A814F0FBFFA86C30F090FB0446A0B1A0
:10FE60006B6C05F13C069E420FD141893C233C3925
:10FE700089B202AAFCF78AFF14F05EFF0C99401ABF
:10FE8000002805DA3046FDF727FD53B0BDE8F083C2
:10FE9000214605F14800FDF7C1F801220DA92548CA
:10FEA000FFF7A9FB0023244F11A8C7F82C3E30F020
:10FEB00017FA15202BF08BF80446002834D00322C3
:10FEC000837911A962F30303837107F63850FFF7B2
:10FED00021FF30BB4FF00908DFF86890B8F1010846
:10FEE00014D106212046D7F8D02DFDF787FFC0B9E1
:10FEF000294612482EF0D6FA2146104B104800959C
:10FF000002AA15F04BF80028BFD00AE019F8011B2F
:10FF100011A8FFF78BFD20B12146FDF7AFFD0028AA
:10FF2000DCD02046FCF7BFFE00213046FDF7E3FCA5
:10FF3000ABE700BFC4460020A838002049FF0008F6
:10FF4000C4400020920405087EE701487CE700BF1A
:10FF5000E060002070B50C460546C2B001A830F044
:10FF6000BFF9FF22002120463AF0D8FB284601A91C
:10FF7000FFF7D0FE054640B99DF8026120463246A3
:10FF800001A93AF0D6FB84F8FE60284642B070BD65
:10FF900038B54FF0FF350446437805746FF300031E
:10FFA000437045748574C574057545758575C5754B
:10FFB000057245728572C572057345738573C57385
:10FFC000FEF76EF923782946002B14BF022001208A
:10FFD0002BF036FE0C2800D1FEE704F11800FDF7E7
:10FFE000B0FC2378012B02D10348FDF7AAFC20784E
:10FFF000BDE8384030F06CB93846002070B58CB0A0
:020000040801F1
:10000000054602A80C4614F021FF4FF2BF03ADF8DD
:100010002A306B789B0726D42B78002B14BF1C202A
:100020000D202AF0D4FF0646F8B1214694F8FE20B0
:10003000FDF75BF9044690B902A820F08DFD31462A
:100040000B4B0C48009502AA14F0A8FF044630B9E7
:100050006B7843F002036B7020460CB070BD3046E5
:10006000FCF721FEF8E71824F6E70324F4E700BFC5
:1000700031020108C440002038B5154625F01CFBAC
:10008000044650B101462A46044815F0B5F820B19F
:100090002046BDE83840FCF706BE38BDC44000200D
:1000A000024690F8403030B5C4189442154606D147
:1000B000402B08D05A1C80F84020C15403E02D7812
:1000C00001328D42F1D130BD2DE9F0419CB0804626
:1000D00001A80C461F461646229D14F0B7FE4FF2AB
:1000E000BF03ADF8263000238DF86C3023781BB1A8
:1000F0000E210BA8FFF7D4FF63781BB133210BA8A7
:10010000FFF7CEFFA3781BB105210BA8FFF7C8FFAF
:10011000E3781BB103210BA8FFF7C2FF23791BB1C2
:1001200002210BA8FFF7BCFF63791BB107210BA8C5
:10013000FFF7B6FFA3791BB134210BA8FFF7B0FF7F
:10014000E3791BB101210BA8FFF7AAFF237A1BB1AA
:1001500000210BA8FFF7A4FF237B1BB14A210BA8AA
:10016000FFF79EFF637A1BB104210BA8FFF798FFEE
:10017000A37A1BB10C210BA8FFF792FFE37A1BB106
:1001800035210BA8FFF78CFF3744BE421BD198F8EE
:100190000030002B14BF1A200B202AF018FF06464F
:1001A00070B39DF86C30A3B901A820F0D5FCDDB97F
:1001B0003146144801AA15F01FF8044680B92046BC
:1001C0001CB0BDE8F08116F8011B0BA8FFF768FF13
:1001D000DBE70D210BAAFDF7C5FD04460028E3D09F
:1001E0003046FCF760FDEAE72B4605AC10352246A9
:1001F00018685968083303C2AB421446F7D1D7E7F1
:100200000324DCE7C440002010B50C460E21FFF7A4
:100210000DFC38B1D0F802302360D0F80630002051
:10022000636010BD1720FCE70A461021FDF741BDB1
:10023000002213B504468DF8072008465BB90DF17E
:100240000701FFF7F1FF0346C8B99DF80720B2B1D7
:10025000FF2A08BF2523002062786FF341026270F5
:10026000D4E9092160620AB11846904741F2883109
:1002700004F1180002B0BDE81040FDF73CBB0623B6
:10028000E9E70123FCF722BE10B50C460521FFF774
:10029000CDFB50B12146831C123053F8042B83420E
:1002A00041F8042BF9D1002010BD1720FCE708B558
:1002B00014F0E7FB80F00100C0B208BD082208B5C9
:1002C0003AF01CFAB0FA80F0400908BD08B5FFF713
:1002D000F5FF80F00100C0B208BD38B504460D46F8
:1002E000FFF7ECFF28B1BDE838404FF400302DF0A7
:1002F000E9BE2B684FF4003023606B686360BDE893
:1003000038402DF09FBE90F84E3007B5DB0704D57E
:10031000B0F84C0003B05DF804FB122106480DF163
:1003200006021EF00DFD18B14FF47A73ADF80630D9
:10033000BDF80600EEE700BF4C5F0020F8B5164F91
:10034000044697F8B3309B0725D525F0C7FAA58A50
:10035000A8B12046FFF7D7FF0646E5B904340221CD
:10036000204618F045F8314620461BF08BF83246FF
:100370002946A7F23A20BDE8F84017F0DEB955B19A
:100380002A46A7F23A20012117F0D7F9201DBDE82F
:10039000F84017F0C7BFF8BDA8480020F0B50546E3
:1003A000007840B30A88C600F6B2B2FBF6F3012724
:1003B00006FB1322431EDCB2C2F3C403E31A55FA50
:1003C00083F35B7802F0070207FA02F213EA0200F5
:1003D00011D04B88B3FBF6F206FB1233C3F3C40211
:1003E000A41A55FA84F003F007039F4043783B4278
:1003F00014BF01200020F0BD41F2210337B50C46A7
:100400000546014601A8019325F0CCFB48F20503FF
:100410002080294601A8019325F0C4FB608003B029
:1004200030BD30B50546C3B008A80C462FF0D8FF44
:1004300008A8FDF7F2FE0822294608A8FDF7F8FEF5
:10044000694608A8FDF718FF6B4603CB20602378A8
:10045000616043F00203237008A82FF0B9FF43B096
:1004600030BD2DE9F04704469946254B8CB01868FD
:1004700090469A889B79029020460F460DF1080A13
:10048000ADF80C208DF80E30FDF7FEF9A8B34FF44F
:1004900080712046FDF794F9064611213846FDF794
:1004A0008FF9B31F9BB2F92BC5B226D8102D24D8D3
:1004B000102200210DF11E003AF030F99AE80300F5
:1004C000D8F800302A46CDF81630D8F80430049019
:1004D000ADF814100DF11E003946CDF81A303AF07F
:1004E00028F931462046CDF8009005F10E0304AA04
:1004F00029F062F80CB0BDE8F0870720FAE700BFEA
:100500006BCA040813B50446684618F0A7FB638855
:1005100061785BBA0229ADF8003000D1FEE722799C
:1005200003294FEAD213C2F3801043F0800343EA59
:100530004003C2F3401043EA8003C2F3001043EAD1
:10054000C00382F00400C0F3800043EA001382F08D
:1005500002006FEA0202C0F3400002F0010243EA27
:10056000401343EA8213BDF8022022F47F6222F096
:100570000F0243EA0203ADF8023011D0617923F48F
:10058000786381F0400001F08002C0F3801042EAFD
:10059000002201F0070142EA41221343ADF8023084
:1005A0000020009B9AB262F30F001B0C63F31F4004
:1005B00002B010BD00232DE9F3410B6043890446CE
:1005C0000E46002B33D01D4F608988B301282ED0F2
:1005D0006068218978B302236A46FCF7B9FB6D464F
:1005E0006B78628903F10208424520D32A78C2B9A8
:1005F000042B1CD1606828B106236A4604F1080167
:10060000FCF764FCD5F80200FCF7F9FAFCF7E7F90F
:100610002B78002B0CBF3B46002318403368034364
:100620003360414604F10800FDF755F8CCE7062099
:1006300002B0BDE8F08125680D44D1E700F8FF075E
:100640001FB500230293ADF80C30831C019343784F
:1006500001A8ADF80E30FFF7ADFF05B05DF804FB63
:10066000F7B590F8FE300546FF2B00EB03065CD192
:10067000062003B0F0BD6178FF29F9D0A71CBE4267
:10068000F6D32046FDF7F4F98642F1D323780E2BFA
:100690000BD80E2B10D8DFE803F0213E442E424247
:1006A0000F440F0F0F0F340F4400352B2CD013D8ED
:1006B000332B36D0342B36D0611B2846227889B2B2
:1006C000FDF7E7F90028D3D12046FDF7D1F904461C
:1006D000B442D0D30020CCE74A2BEDD10229C7D9B0
:1006E000A378002BC4D1B4F803305BBA0B3B9BB2A8
:1006F0000F2BE1D9BCE73846FCF79DF90028DBD188
:10070000B6E70229D8D8B3E7204601A9FFF798FF3A
:100710000028D1D0ACE702239942CDD2A8E710231C
:10072000FAE70823F8E70423F6E70446D0E730B5F4
:1007300085B00C466A4635210546FDF73FFA38B9C3
:10074000009BCDE90105214601A80393FFF732FF85
:1007500005B030BD002310B5044683710848084039
:1007600058B1237004236370FCF739F9FCF747FA9A
:100770000623C4F80200A37110BD002AF1D1FBE7E3
:1007800000F8FF0791F8783073B505460C465BB169
:100790006846FCF736FA08236A460E212846FFF71A
:1007A00061FA002840F00F8194F879306BB1684607
:1007B00004F11001FCF725FA08236A463321284684
:1007C000FFF750FA002840F0FE8094F87E30002BAE
:1007D00040F0F28094F880307BB10021B4F85A30B8
:1007E0006A465BBAADF80130284603238DF8001045
:1007F000FFF738FA002840F0E68094F8843083B19F
:100800000022B4F85C308DF800205BBAADF80130FE
:100810006A4603234A212846FFF724FA002840F0BD
:10082000D28094F8833073B100226846616FFFF77D
:1008300091FF6A46352128469DF80630FFF712FAE7
:10084000002840F0C08094F87C30002B40F0BD8040
:1008500094F87D304BB108230721284604F1490262
:10086000FFF700FA002840F0AE8094F87A304BB1E0
:1008700010230521284604F12002FFF7F3F9002890
:1008800040F0A18094F87B3073B104F1300611215F
:100890003046FCF795FF3246C3B203212846FFF7E6
:1008A000E1F9002840F08F8094F87F3063B1B4F80C
:1008B00058306A465BBAADF8003001210223284661
:1008C000FFF7D0F900287ED194F8813043B110238E
:1008D0000421284604F15E02FFF7C4F9002872D112
:1008E00094F88230002B65D040F20C43ADF8003014
:1008F000B4F86E305BBAADF802300023ADF80430C6
:1009000094F87030DE0744BF80228DF804209807E9
:1009100042BF9DF8042042F040028DF804205907A0
:1009200042BF9DF8042042F020028DF804201A07EF
:1009300042BF9DF8042042F010028DF80420DE062C
:100940005EBF9DF8042042F004028DF80420980652
:1009500058BF9DF8042028465CBF42F002028DF883
:100960000420590658BF9DF804204FF00C015CBFCD
:1009700042F001028DF80420DB091CBF80238DF8B2
:10098000053094F87130DA075EBF9DF8052042F01B
:1009900040028DF80520C3F342029DF80530134351
:1009A00043F038038DF805300DF102020423FFF700
:1009B00059F940B9002006E02846616DFFF78BF930
:1009C00000283FF407AF02B070BD0823022128467B
:1009D00004F14102FFF746F900283FF439AFF2E78E
:1009E000034608461A79196839F0A3BE08B502799A
:1009F000006839F083FEB0FA80F0400908BD73B595
:100A00006E46054603C986E803009DF80410FCF70E
:100A1000D7FEC4B2102C10D8294630468DF80440B9
:100A2000FFF7E4FF08B12B5D4BB130462946FFF7D5
:100A3000D7FF0020285502B070BD0720FBE7182023
:100A4000F9E7112313B50446084600918DF80430E8
:100A5000FCF71AFF28B169462046FFF7D0FF02B025
:100A600010BD0720FBE74FF6FF720388934208D1C1
:100A7000D0F80220013204D1C088C01A18BF01206A
:100A800070470120704708B50346D0F80200FCF714
:100A9000B6F8198849BA89B208BD70B50C46054642
:100AA000FFF7E1FF01462046FFF7DDFF81422CD131
:100AB0002846FFF7E8FF064620460A46FFF7E3FF11
:100AC0008A4208BF864204D0B04291410ED2012032
:100AD00070BDEB885BBAC3F34E0299B2E3885BBA90
:100AE00098B2C3F34E039A4203D0F0D84FF0FF30D0
:100AF000EEE701F0010300F00102934207D0002B62
:100B00000CBF4FF0FF300120E2E70029F8E700209A
:100B1000DEE708B5FFF7C1FFB0FA80F0400908BD75
:100B20002DE9F04180460E4618F8105B0446294630
:100B3000174630464246FEF77EFF0543EDB28DB1C3
:100B4000404604F10801FFF7A8FF002811DD3146F7
:100B50002046FEF7F7FF2DF065FC20782FF0B8FB5C
:100B6000002004E030462DF09FFB0028E8D0BDE8CF
:100B7000F081002FEBD10028EFD041F2883104F151
:100B80001800FCF7B8FEE8E770B500F10806044667
:100B90000D46C4B031461030FFF77FFF002821DA40
:100BA000237883B903A82FF09BFB03A90E48FFF716
:100BB000B1F801A903A8FFF727FB20B9314601A826
:100BC000FFF7A7FF70B929462046FFF717FA032859
:100BD00008D141F2883104F1180044B0BDE87040FA
:100BE000FCF789BE44B070BD0C46002043789B07DB
:100BF00006D4044B93F8B130023B012B00D8C3E775
:100C0000704700BFA848002038B504460D46FEF7DF
:100C100099FF104B93F8B130032B07D8012B13D851
:100C20006BB12078BDE838402FF052BB042BF8D1CF
:100C300029462046FEF712FF2DF0F4FBF1E7294686
:100C40002046FEF70BFFECE729462046FFF7CEFFD4
:100C5000E7E700BFA848002030B50C46C3B0054602
:100C600001A82FF03DFB214601A8FEF7E9FF18B1CE
:100C70000724204643B030BD01A8FFF7F1FC04462D
:100C80000028F5D1284601A9FFF7BEFFF1E710B50E
:100C90000446C2B001A82FF023FB204601A9FFF7AC
:100CA00039F818B9204601A9FFF7A0FF42B010BDDE
:100CB0000048ECE7E04500200048E8E70C4600204B
:100CC0002DE9F041ADF5107D04464EA81E4688463C
:100CD00015462FF005FBA84B93F8B130042B0AD032
:100CE000FF223146284624F0CCFC022738460DF579
:100CF000107DBDE8F0810DA82FF0F2FA4FF4847258
:100D000000214EA839F00AFD29466846FCF7D2FCBE
:100D1000BDF80270FE2FE3D83B46694628460DAA6F
:100D2000FCF7D4F80028DBD18DF8327114F004F808
:100D30004D900DA8FFF794FC0028D1D101A90DA872
:100D4000FFF762FA0028CBD12378012B40F0F38023
:100D500033210DA8FEF76AFE03460028C0D0D0F864
:100D60000200D3F8061009AA03C204F1080109A879
:100D7000FFF793FE0028B3DD00210DA8FEF756FE15
:100D800058B1B0F803307D4A5BBA92F8462E9BB258
:100D900093421CBF01238DF83D3201210DA8FEF7BF
:100DA00045FE50B14388754A5BBAB2F8442E9BB2F7
:100DB00093421CBF01238DF83D3207210DA8FEF799
:100DC00035FE034668B1D0F80200D3F8061003AA36
:100DD00003C26B4903A8FFF779FA10B101238DF81C
:100DE0003D3205A90DA8FFF74FFA68B9654809A972
:100DF0001AF05AFB09A905A8FFF759FA20B10123F7
:100E00008DF83D328DF83E322378012B09D19DF8C3
:100E10003E3233B95C4901A8FFF73FFE00287FF757
:100E20005FAF0B210DA8FEF701FE002800F08780C0
:100E3000012347880B210DA88DF83C32FEF75AFF9D
:100E40000B21524809AA1DF07BFF00287FF448AF10
:100E5000BDF824307FBABFB2BB427FF441AF2378E4
:100E600023B99DF83D32002B7FF43AAFB8F1000F63
:100E700068D147484EA9FEF74DFF0DA8FFF7F0FBDC
:100E8000074600287FF42CAF0DF134089DF832316D
:100E90000DAA13449845C0F0878034214EA8FEF770
:100EA000C5FDB0B1FEF732FF9DF83E3201461BB1E1
:100EB000384B984240F28C80374B994228BF1946F4
:100EC000364BD3F89838994238BF19464EA8FEF7EA
:100ED00002FF2378002B7DD19DF83D32002B79D085
:100EE0000DA94EA8FFF790F9A8B9082333210DAA40
:100EF0004EA8FEF7B7FE70B9284B4EA8D3F8981845
:100F0000FEF7E9FE024630B925484EA9FFF708FE74
:100F10004EA829F04FFE9DF83C3233B90B211B48F7
:100F200005AA1DF00DFF00285FD00122314628469A
:100F300024F0A7FBDAE604F1080101A818E7B8F1EC
:100F4000010F9AD19DF83C32002B3FF4C9AE2378B3
:100F5000002B7FF4C5AE0A27DFF8488018F8011B84
:100F60000DA8FEF763FD00283FF4BAAE013F17F06D
:100F7000FF07F3D181E700BFA8480020A838002070
:100F8000104B002074460020F04500204C5F0020EC
:100F9000E0450020DF9304000014730FA8580020E0
:100FA0000C4600209A04050898F8013098F80010C3
:100FB000FF2B0CBF042202224EA84244FEF752FE31
:100FC00000287FF48DAE4046FCF752FD80465DE779
:100FD0001A497BE7002220464EA9FFF7A1FD002811
:100FE0007FF47EAE2DF01EFA95E7BDF8142014496B
:100FF00002F00702A2F5747292B209A816F08BFAF9
:101000000DA813F023FF4FF2BF031220ADF85630A6
:1010100029F0DDFF0446002887D009A90DA81FF09C
:1010200073FE214607480DAA14F0E6F800283FF4A5
:101030007CAF2046FBF737FE77E700BFE093040064
:10104000104B0020C44000208378028803B90902B5
:10105000114489B28A4284BF013189B283F001030D
:1010600001808370704738B50C468D18AC4200D1B2
:1010700038BD14F8011BFFF7E7FFF7E74189FCF7DC
:1010800082BA0246402308460021FBF77FBE30B5F6
:10109000054691B0084629F0ABFD0446014605F12E
:1010A0003C00FBF797FF0CB911B030BD68462146F4
:1010B000FFF7E7FF0F9808B1FBF7F5FD2046FBF7B8
:1010C000F2FD0E9CEFE770B590B006460C46684600
:1010D00049681546FFF7D5FFDDE901329DF800109C
:1010E000062909D8DFE801F004040404040404001C
:1010F00013B12146284698473046616810B0BDE8D4
:101100007040C4E7F0B50F46154689B02022002193
:10111000044668461E4639F001FB39462A466846B1
:1011200023F076FC0396014630B16B462A462046F2
:10113000FFF7E8FF09B0F0BD024669462046FFF719
:10114000C2FFF7E730B593B00D46C16B68462FF08C
:1011500018FA009C14B9204613B030BD214602A8ED
:10116000FFF78FFFBDF80A30AB42F4D0109C002C83
:10117000F4D16846FBF7A7FFEBE7F8B5044617463E
:101180000D4631B90FCF0FC497E80F0084E80F0068
:10119000F8BD06460FCD0FC695E80F0086E80F0094
:1011A000204616F027F948B13B46224607F11001C8
:1011B00053F8040B8B4242F8040BF9D1238A0BB984
:1011C0003B8A238263690BB97B696361237E0BB918
:1011D0003B7E2376637E0BB97B7E6376A37E0BB961
:1011E000BB7EA376E37E0BB9FB7EE376237F002BE9
:1011F000CED13B7F2377CBE7F0B504461F4691B0B5
:10120000A36806AD0E4607CA85E8070093B32A46D1
:101210003146204616F041F8024618BB2EBB238A01
:10122000628AADF816301A23039309AB02931C238C
:10123000CDE900530DF116013B46A06815F0DAFF29
:10124000024678B916990DF12E030DF13E0053F8C0
:10125000044B834241F8044BF9D10A98FBF7CFFCC9
:10126000179B1860104611B0F0BD238B628BADF850
:101270001630D8E71722F5E7F0B51C4600238DB0ED
:10128000CDE90533ADF81C3023680546164613B189
:1012900000200DB0F0BD8068002865D0002956D12F
:1012A0002B8A6A8AADF812301023039308AB02939D
:1012B00021230DF11201CDE90063002315F09AFFFF
:1012C0000028E6D10998FBF79AFCBDF82E30AF68EC
:1012D0005BBAA380BDF82A30BDF812605BBAE38028
:1012E000BDF82C30E2685BBA206023810697ADF828
:1012F0001C608AB33846238A0DF1120115F08BFE6B
:101300000028C6D1BDF82820A6F1100352BA92B227
:1013100012FA83F3BDF812200A339A4226D87A894A
:10132000934223D8ADF8123004F11206304616F07D
:1013300061F80028ACD02434002301212846CDE9EF
:10134000006405AAFFF758FF1728A2D1A0E72B8B4E
:101350006A8BADF81230A7E738460DF1120115F08F
:10136000FBFD0028E0D094E7172092E7062090E7E5
:101370002DE9F0411E6B054617461C4688B0002E2D
:101380003ED19B6A002B3BD08068002838D00029D2
:1013900038D12B8A6A8AADF812300A21002384F8EA
:1013A0002E30039105A902911021CDE900710DF1B4
:1013B000120115F01FFF00283CD1BDF81C30A28D92
:1013C0005BBA9BB2A76ABDF81280934228BF13464E
:1013D00041463A46A868FBF7D9FC48BBBDF81C302B
:1013E000A18D5BBA9AB218FA83F89142ADF81280D7
:1013F0000DD2012384F82E300698FBF700FC206301
:1014000000200BE02B8B6A8BADF81230C5E7A3856B
:10141000B3B29A4205D80028EED0062008B0BDE845
:10142000F08110B9B85D0136F2E70138C0B2FAE7D1
:101430000328DED01728E3D0F0E770B50E4688B059
:101440000446154600212022684639F067F93046E7
:1014500029F0CEFB044B2A46CDE9003069462046F0
:10146000FFF731FE08B070BDA82800200A23FBF763
:101470008DBC10B590F830200B4682B1013AD2B243
:1014800080F8302000EB0210814207D000F11002FA
:1014900050F8041B904243F8041BF9D110BD1446C8
:1014A00003CC102C18605960224603F10803F6D1D2
:1014B000FFDE002303604360836070472DE9F04343
:1014C00015468FB0804601A89946FFF7F2FF04A8A1
:1014D0000F4613F0BBFC95F83030013385F83030FF
:1014E00013F02AFC6B6A0344EB606B88002B50D12D
:1014F000022101A8F6F715FC0446002840F0A08060
:10150000BDF804100029F3D049BA404689B2FFF76C
:1015100019FE0028ECD1BDF804305BBA6B809DF851
:10152000063095F8292003F00703012A8DF80630CC
:1015300004BF43F001038DF806302B780820032BFD
:1015400014BF4FF480734FF400734749ADF808306F
:1015500029F02AFD0646002800F084800C2201A90B
:10156000FBF7C3FE0446002850D17B894022403B54
:10157000394630469BB2FBF7F6FE0446002845D1BB
:101580002B78062B0AD8DFE803F02C082325252723
:1015900029005BBAADF80430C1E71C464FF48073F4
:1015A00060BAADF8000069463046ADF80230FCF78D
:1015B000D3FB044650BB2B78032B14D0B28973891C
:1015C0009B1A95F82C209BB2022A23D107241DE0F8
:1015D0000C24E3E72124E1E71024DFE795F832400B
:1015E000DCE71C24DAE77B894022403B3946304661
:1015F0009BB2FBF7B8FE044640B91C4B6946304627
:101600000093FCF7A9FB04460028D7D03046FBF72F
:101610004AFB15E0B3F5007FD8D808AC05F11003FC
:101620000FCB84E80F002B8C3246ADF832301048D7
:1016300004AB08F1040118F0D4FE04460028E5D1FB
:10164000B9F1000F04D0E96808F14000FCF770F927
:10165000384640232A460021FBF77BFC20460FB08A
:10166000BDE8F0830324EBE749C80408001000013B
:101670003C3F00202DE9F0479946838A88B0064612
:101680000C4690469DF840A05BB10B78012B0FD122
:1016900091F82A30012B06D1264802A91DF06FFAD5
:1016A00030B10D2500E00725284608B0BDE8F087D9
:1016B0004A464146204601AB24F080F90546002801
:1016C000F2D1019F06F13C00394629F0E9FF0123E0
:1016D000224639463046FFF7F1FE054620B139462D
:1016E0003046FFF7D4FCDFE7BAF1070FDCD06080AB
:1016F00084F830004A464146204684F800A06763DB
:1017000002AB24F05BF90028CED1DDF80880224638
:10171000012341463046FFF7D1FE39462046FFF708
:10172000B0FC4023224629463846C4F83880FBF7EF
:1017300010FCB9E74C5F00202DE9F04393B004465C
:1017400016461F460D46DDF86C809DF8709019B95D
:10175000072013B0BDE8F08302A815F0CBFA41468C
:1017600004F14C0206A8FFF708FD8DF83990B8F196
:10177000000F03D098F81B30052B0CD09DF83330A8
:10178000052B08D106A904F16D0015F0B7FA10B1C8
:1017900004238DF833309DF83330022B14D0042B02
:1017A00010D0012B18D1072204238DF808301A9B82
:1017B000009204932A463346204602A90397FFF776
:1017C00059FFC6E70522EFE705238DF80830B9F188
:1017D000000FBDD10722EAE703238DF80830F9E7AF
:1017E000F0B591B0044668460E46FFF74AFC9DF8F6
:1017F0000030032B02D0012011B0F0BD9DF82B303A
:10180000052BF8D104A815F0F5FD40BB04F16D05DA
:10181000284604A915F072FA08BB94F89D10032914
:1018200008D1FBF787FF01B204EB011128466D31A7
:10183000FFF71FFE94F89D30032B10D05A1C04EBC9
:10184000031384F89D206D3304AA08AF154603CD19
:10185000BD42186059602A4603F10803F6D13046AC
:10186000FFF70CFC07460028C5D0052300250146DC
:101870006A468DF8003020460123ADF802508DF8FD
:1018800030500D96FFF71AFE04236A468DF800309B
:10189000314601232046ADF802508DF830500E97A6
:1018A000FFF70CFE2846A7E72DE9F0410C46E8B00B
:1018B00000210646154603A8202238F02FFF2146B6
:1018C00018A8FFF7DEFB9DF86030033B012B4CD8D6
:1018D0009DF89130002B48D02A46214603A823F0DA
:1018E00097F8342200210BA838F018FFFF230021BD
:1018F0004027ADF83C306A460DF1A0080BAB03A8B9
:10190000CDE90014CDF83880ADF80870FFF7B4FCCD
:10191000054650BB0DF13E0015F06CFD28B3204686
:101920008DF86050ADF862508DF8905029F060F954
:10193000294625906B46424618A824F03FF80546F4
:1019400098B9DDF80080012318AA41463046FFF718
:10195000B5FD214618A8FFF794FB3B4629462046D3
:1019600018AACDF89880FBF7F4FA68B0BDE8F081CA
:1019700070B5254D94B068462EF04AFDD5F86C1927
:1019800002A82EF0FEFD05F51365029CD4B9DDE931
:10199000003103F10043013B8B4202D01B48FBF7AF
:1019A000C7FF14B070BD21462846FFF719FF20BBC2
:1019B000214604A8FFF765FB68460799FBF77EFF01
:1019C000129CB4B1214604A8FFF75BFB139E009A5A
:1019D000002EF5D1079BD21A002AEDDB9DF840209E
:1019E0009DF838309A42DED31C2221462846FFF764
:1019F00024FD02A8FBF767FBC7E7334621462846CC
:101A000004AAFFF75BFDD7E7A838002018420020A2
:101A10002DE9F0430D4699B08989064602A8ADF834
:101A20000610FFF746FD00230246CDE90533ADF869
:101A30001C3028460C23FBF7A9F9002840F0AE80A3
:101A4000BDF806300C33ADF806309DF80A30DA09DF
:101A500000F0A480C3F3C30703F002031F4340F068
:101A60009D80BDF80810304649BA89B2FFF76AFB7D
:101A70000446002800F09280014608A8FFF701FB09
:101A80009DF820804023B8F1030F14BF4FF00109E7
:101A90004FF00209BDF80C20ADF81C3053BA9BB2D0
:101AA0004B45CDE9057473D1284605AA0DF1060111
:101AB00015F003FB002871D1BDF806300433ADF8F2
:101AC00006307B1C99454FF00107EDD8BDF80E207C
:101AD000284652BA92B20DF1060115F055FA0028C7
:101AE0005CD1BDF81020284652BA92B20DF1060121
:101AF00015F04AFA002851D1BDF81220284652BAF2
:101B000092B20DF1060115F03FFA002846D19DF87A
:101B10000B20464B02F00F02134493F832706FB95A
:101B2000B8F1030F0AD106F16D080CA9404615F073
:101B3000E5F8014610B14046FFF79BFC05A8FFF70A
:101B4000B8FC214608A8FFF79CFA9DF8203063BB3B
:101B50009DF84A30012B28D10C232846A98905AAD3
:101B6000FBF714F908BB9DF8173013F00F0318D0DA
:101B7000032B1AD000220123ADF822208DF850202B
:101B80002146304608AA8DF82030FFF797FC05E083
:101B90009DF80B301B0701D0002A97D019B0BDE883
:101BA000F083BDF81A30002BE4D067B121463046EF
:101BB000FFF716FE0028F1D03A462146304619B00C
:101BC000BDE8F04339E42A4621463046FFF76CFE73
:101BD000204629F00DF807465FB9204629F008F89D
:101BE0003B4601462A46304619B0BDE8F043FFF7B0
:101BF00089BA394608A8FFF744FABC4201D0179BBE
:101C00000BB1169FE8E7214608A8FFF73AFA179E9E
:101C1000002EC3D12846FFF731FA402317903146F2
:101C2000204608AAFBF795F9B8E700BF7404050839
:101C30002DE9F04F0026DFF820A33746DAF82840D8
:101C40008FB0002C00F0848304F004030AF50055E3
:101C5000029395F8B130CAF82860002B00F0EB81B0
:101C6000029B3BB195F8B730012B03D185F8B760E3
:101C700023F07CF9A10712D0AB49A1F6483015F04A
:101C80004BFF50B9A948FDF7D7FC00B1FEE7A648C5
:101C900029F044F810202CF0D5F923F067F914F45A
:101CA000405F09D095F8B3301A0703D5A04816F065
:101CB00007FE08B923F05AF9A30540F17F8195F892
:101CC000B330980740F1938095F8B18040462EF0EC
:101CD000B9F930B1B8F1040F54D122F0EFFF22F07E
:101CE0006FFF4FF000090123C846CB460DF11702E4
:101CF0008DF8173006928DF81C30484606A924F05E
:101D00002BFD814600287AD1BBF1000F00F0BF8087
:101D1000D8F80300FAF773FFBBF802200390854858
:101D2000B8F80130B0F8E0C891B252BA1FFA82F99F
:101D30005BBACC4598F800704FF6FF6C9EB200F08D
:101D40008C80614500F0A38003997B4EB1F5967FAE
:101D500038BF4FF49671B14228BF3146A0F8E02851
:101D6000A0F8E238C0F8E41880F8E878012023F001
:101D70001FFD95F8B330990740F199806F4816F030
:101D8000FFFD9AE04FF4FA710020FBF7E0FC00F150
:101D9000010808A815F05FFB694906A81FFA88F832
:101DA000FBF759FCDDF81890B9F1000F0DD108AA26
:101DB0000821644817F07FFE43460821CDE90099C9
:101DC000604808AA17F0C6FD89E799F8063003F0C5
:101DD0000F03012B07D199F80730082B03D10221FB
:101DE00048462DF0EDFD06A8FBF76DF9DAE7029BFA
:101DF000002B7FF476AF544817F012FE71E70023F2
:101E0000CDE9089308A827F0E1F800287FF475AF22
:101E1000099A5378023B062BF4D9BBF1000F03D18A
:101E2000934602F10408EDE795F8EF105388890214
:101E30005BBA89B21FFA83FC6145F1D0BBF802306E
:101E40005BBA9BB29942DDD0107998F800108842B5
:101E5000E6D8D7D19C45E3D8D4E7614517D003999C
:101E6000354AB1F5967F38BF4FF49671914228BF3D
:101E7000114690F8E828BA427FF472AFB0F8E22831
:101E8000B24201D0A0F8E238C0F8E4180BE04FF6F7
:101E9000FE72284BA3F8E028039AA3F8E268C3F87F
:101EA000E42883F8E878002023F082FC05E020484D
:101EB00016F006FD00287FF461AF0023234E069341
:101EC000304608AA06A91CF0E3FD08B1002105E090
:101ED0009DF832305A07C3F38001F1D5154E96F8BC
:101EE000FC7800293AD1002F68D0112206F6EC00C8
:101EF00038F014FC012796F82439DB0703D50F4985
:101F000013482CF0CFFA0D4816F00EFD114816F0CC
:101F100062FD28B90F48FCF719FB0230FCF716FBED
:101F2000022F4BD13CE000BF304B0020384B00204B
:101F300098490020A85800209BC42000B0610020D0
:101F400060480020DC490020584900204C5F0020F8
:101F500055AA0208F8610020A82800209DF83080CA
:101F6000B84509D108F10702D20806F6EC0108A825
:101F700015F0DFFB804519D9B7F1000E18BF4FF0FF
:101F8000010E06F6EC070DF1200CBCE80F000FC7A0
:101F9000DCF800303B704FEA4E07BEF1000FAAD1CB
:101FA00096F8FC38002B40F03281FEE706F634113B
:101FB000A6F5C65015F0B0FD0028F1D014F4827FCC
:101FC00009D0E70504D495F8B1002EF05DF810B102
:101FD000AC482EF05FF8E60219D595F8B1002EF066
:101FE00031F8A0B1A7481CF0B9F980B9A64E96F80F
:101FF000E93163B906F2E9101CF028FA95F8B1301E
:10200000042B02BF96F8E9310A3386F8E931600201
:1020100011D59E4B08A8D3F8482E93F8461E089277
:10202000FCF753F9024630B995F8B1301BB10146BF
:10203000944819F0E7FE14F4007817D0924ED6F8C1
:10204000D07987B1092108AA06F2A4601CF078FEB5
:1020500048B13846FAF727FE002306F6D410C6F832
:10206000D039FBF76EFC8A48FEF768F940F6044366
:102070001C4213D0DAF8446095F8B13006F0080637
:10208000002B00F0E4800021824816F0EAFB0028D3
:1020900000F0DD8016B903202BF07CFF40F604032E
:1020A0001C421EBF0022784BC3F8102840F60423C0
:1020B0001C4202D078481EF063FD029BD3B195F814
:1020C000B130714E012B0CD9022B40F0C780A6F520
:1020D00075601CF043F920B195F8B330190700F191
:1020E000BD806E48FBF72DFC00236D4886F8123B3F
:1020F000FBF727FC14F0805F644E21D0002308A872
:10210000089322F087FED8B90899C9B106F500579F
:10211000D7F8083B994213D007F6083016F062FA58
:1021200008A8FCF7F3F85F4BB3FBF0F3C7F80C3BE0
:1021300096F8463E07F6083087F8143B16F016FA74
:10214000620407D5504896F8463E00F608300373FF
:1021500016F00CFAE30415D500230893524BD6F879
:1021600044170993032308A88DF828304FF002097B
:1021700015F008FC089F002F40F0A88039464B4816
:102180001FF074F8029B33B195F8B130022B02D1E5
:10219000012023F00DFBB8F1000F0CD04449424858
:1021A00015F0BAFC38B1424808A92CF0ABFB10B1CD
:1021B000404816F0B9FB95F8B19048462DF064FF01
:1021C000002840F08F80304BC3F84C0996F89C38BB
:1021D000002B40F0D980029B002B00F0908095F8F6
:1021E000B1002DF051FF0246002800F04B8132482B
:1021F00015F0A8FF96F8D039012B40F0808004211B
:102200002D4815F0C2FC2C4815F086FD77E02848D3
:1022100086F844390CF092FB284901F1480015F08A
:1022200077F9274815F09EF858B9D6F83019D6F83E
:102230002C0906F63C1383E803001E4816F067FBE2
:10224000BCE61C4816F046FB0028F6D0B6E6002E89
:102250003FF424AF03202BF08DFE1FE70823A6F8E0
:10226000403B002317481849C6F8300BC6F8340B1A
:1022700086F8483BFBF750FAC6F8380B0848FBF7DE
:102280003BFE37E758490020A8580020A838002016
:10229000E0600020C84B0020A0600020C063002048
:1022A000CC630020C13F0500E83F0020A86100206A
:1022B000DC610020B06100207842002094610020A1
:1022C000D4610020807F0A00817F0A00397D29B90E
:1022D000384626F051FA08B187F8149008A817F08C
:1022E000AAF947E7029B04F00107002B3FD197B3FF
:1022F000012022F02BFE96F89C38002B44D114F4D8
:10230000047F02D07E4817F06FFF14F0130F14D033
:1023100096F8493A8BB14FF00008D6F84077DFF8CD
:102320000092002F40F0C280B8F1000F40F0DC8036
:1023300095F89B329B0740F1C9809AF84050714E46
:1023400007350AEBC50506F138039D4240F0D18000
:102350000FB0BDE8F08F96F89C38002BCFD0B8F1C5
:10236000000F14D1A707CAD523F08EFCC7E795F854
:10237000B030580714D5644816F002FB0FBB96F82E
:102380009C38002B3FF42BAFB8F1000F77D04FF003
:1023900005085E4FB8F1010817D123F075FC1AE764
:1023A000B9F1030F03D1484622F0D0FDE6E722F051
:1023B000AFFD0028E2D0564B93F8E9010430C0B2DB
:1023C000F2E7012022F0C2FDD9E7BB7C990701D4D6
:1023D0002037DFE7002306934E4808AA06A91CF021
:1023E00057FBD0B1D7F81CB0BBF1000FF0D1BB7CCC
:1023F00013F001093BD012F09FFC00F5922101F58A
:102400007871012938BF01214348F961FBF790FA3F
:102410005946384622F0BAFDDAE79DF831301A07FE
:10242000DAD59DF83230C3F3800B5B07D4D49DF826
:102430003030402BD0D1394608A81EF0A2FD00282C
:10244000CAD0D6F8A03853B12E4808A9984730B161
:10245000384628F081FCBB7C6BF34103BB743846E3
:1024600022F0B2FD0028B3D022F080FDB0E738465C
:1024700028F072FCBA7C69F34102BA74A8E7A0079D
:102480008BD4A8E696F8D039002B3FF438AF96F8F5
:10249000D139224960F34513194886F8D13915F02E
:1024A000ABFB0121164815F070FB28E74F4519D00A
:1024B000384622F09DFDFB7CC3F3400398420CD0CC
:1024C00023B1BB7C990701D5DA0707D50C4815F075
:1024D00049FB0B4815F020FC2FE718B108F1010863
:1024E0001FFA88F87F691CE7B6F8D6394345EDD165
:1024F00023E7B36B13B12046F16B9847083622E708
:1025000078420020A8280020B06100205841002017
:10251000A85800204C5F00204C410020BD04050855
:10252000304B002038B590F86C30044693B90A4D12
:1025300095F8703A033B022B0CD805F60E2014F0E8
:1025400059FF38B905F60E2104F14C00BDE83840BA
:1025500012F0FDBB38BD00BFA83800200348044B73
:10256000834202D0034B03B1184770473C7B0020E5
:102570003C7B002000000000064B0749C91A891067
:1025800048BF0131491003D0044B0BB10148184733
:10259000704700BF3C7B00203C7B00200000000017
:1025A00010B5064C237843B9FFF7D8FF044B13B19D
:1025B0000448AFF300800123237010BD5277002040
:1025C000000000000076050808B5054B1BB1054961
:1025D0000548AFF30080BDE80840FFF7CDBF00BF5E
:1025E00000000000C86D002000760508A3F5803AC1
:1025F000704700BF174B002B08BF134B9D46FFF7DA
:10260000F5FF00218B460F461348144A121A38F082
:1026100085F80E4B002B00D098470D4B002B00D0B7
:1026200098470020002104000D000D48002802D02A
:102630000C48AFF3008036F0FDFC2000290005F0C7
:1026400077FE36F0E9FB00BF000008000000000044
:1026500000000000081800200818002080780020E2
:10266000000000000000000070477047FEE72DE901
:10267000F04104460C264FF00108134D0CB314F042
:1026800001000BD0002024F0010406FB0052576823
:10269000002FF3D09168C0B2B847EFE7224601306F
:1026A00020284FEA520201D0D307F8D508FA00F2E9
:1026B0000F2824EA0204E8D9103806FB0052B4328D
:1026C000E5E7BDE8F08100BF08180020074BD3F80C
:1026D0002404D3F8202403F50053104000F05530B3
:1026E00020F05020C3F82004C1E700BF00C0035011
:1026F000074BD3F82404D3F8202403F500531040EB
:1027000000F0AA3020F0A020C3F82004AFE700BFFB
:1027100000C0035010B503784078C3B1012B03D03B
:10272000022B14D0032B11D13F22C240D2070DD56A
:10273000EFF31184302282F3118801215343054ABB
:102740008140D15084F31188BFF36F8F10BD40F2E8
:10275000FF32EAE740F0035001460B7830B5002025
:102760004C7803B3012B03D0022B1CD0032B15D1C3
:102770003F22E240D20711D5EFF31185302282F3D8
:102780001188534303F1A04303F570331B6CE340FE
:1027900003F0010085F31188BFF36F8F8B780BB9BD
:1027A00080F0010030BD40F2FF32E2E71A4B2DE924
:1027B000F0411F6D5B6D1F4000D5FEE7012600252F
:1027C000164CDFF8608037421CD0C8F85060236890
:1027D000C3B1A168284601316268A1609847637B54
:1027E000012B0FD170B90E4B03EB451393F8F42175
:1027F00060F3410283F8F42193F8042260F341026C
:1028000083F804220135082D4FEA460604F110042E
:10281000D9D1BDE8F08100BF00000450701900203C
:10282000081800200020045010B5EFF31184302365
:1028300083F3118800220E490B7B73B90D490260A6
:1028400001EB02120121C2F8683182F8741184F39D
:102850001188BFF36F8F184610BD0132082A01F1AD
:102860001001E9D184F31188BFF36F8F0248F3E7B9
:102870007019002008180020048000F04369426CA1
:10288000D91C143AB1FBF2F103EBC1000330B0FBE9
:10289000F2F00230704738B505460C46FFF7EEFF00
:1028A0006A6CE31D143AB3FBF2F3013304EBC30487
:1028B00002FB004038BD73B506460D460024F36B9D
:1028C00001225B6901A928199847019B013309D1AD
:1028D000736C043462196A405B421A42EFD020469E
:1028E00002B070BD0024FAE72DE9F341154690F8D7
:1028F00042201E46012A0CBF022304235D43CF7DE4
:102900002C1D844605F00205BFB915B1012724F03E
:102910000304486808342044DCF83C30012A5B6931
:1029200027D101A9984717B1BDF806300193BDF82A
:102930000430336002B0BDE8F08155B124F00304E7
:1029400000230D7E01F1200ED8B2854203D800206D
:10295000E2E72F46F4E73EF8330003F10108A04216
:1029600004D901EBC303D8690834D4E74346241AD9
:10297000EAE70122314602B0BDE8F04118470346BC
:102980000846EFF3108172B6024ADB6BC2F8E81218
:10299000DB68184708180020D01E009B42424241C5
:1029A000187E824211D11A688A420ED85A688A4229
:1029B0000BD35A6901325A61D3E9030282423FBF05
:1029C000986840F8221001321A61012070470023F4
:1029D0004FF0FF3230B544689C4202D100230372AD
:1029E00030BD016801EBC30541F833206A60013353
:1029F000F2E70023F0B545689D4210D00468DF007F
:102A000054F8332004EBC306B2F1FF3F08D0C2F301
:102A10001302914204D14FF0FF33E3517360F0BDD4
:102A20000133E9E710B5032A029C07D1A26A53409B
:102A3000626C5242134201D1FFF7DBFF012010BD4F
:102A40000023F0B545689D4202D14FF0FF300EE003
:102A50000468DE0054F83340671C09D0C4F3130740
:102A6000B94205D1240D1470036833445868F0BD91
:102A70000133E8E773B5164600F108040D46204619
:102A800009680DF10702FFF7DBFF032E05D16B6824
:102A9000834202D12046FFF7ACFF012002B070BD97
:102AA0002DE9F043466886B3056898464FF0000C60
:102AB000A946AE4655F83C400CF1010CC4F313078F
:102AC000013401D0B94217D066450EF1080EF1D19C
:102AD0002F46002403E0A64207F1080712D055F85C
:102AE000343001340133F6D1C1F3130141EA085106
:102AF000C7E90012BDE8F08341EA0851CEE90012AF
:102B0000BDE8F083B8F1030F03D101230372BDE8E0
:102B1000F083002303E09E4209F10809F5D055F83F
:102B200033400133C4F30754032CF4D1C1F313032E
:102B300043EA0853C9E90032BDE8F08308B508301C
:102B40001346D1E90012FFF7ABFF012008BD4FF497
:102B50008032064B00209A6641F6713203F51C3331
:102B6000DA63012203F50053DA60704700900050E9
:102B700041F671320121064BDA6303F50052D16050
:102B80000022DA634FF48032A3F518339A66704757
:102B900000000350704737B5054601F10C04436946
:102BA00001A9012220469847BDF804300122009374
:102BB00069462046AB69984703B030BD202A0B68B0
:102BC0001EBF4FF0FF3191408B43590801F0553142
:102BD0005B1A03F033319B0803F033330B44017865
:102BE00003EB13130A444FF0013103F00F334B434F
:102BF000A2EB13620270704737B5044600251B2212
:102C0000011D0DF107008DF80750FFF7D7FF63682E
:102C10009DF80720B2EBD36F03D123F0784003B0C7
:102C200030BD1B2204F108018DF80750FFF7C6FFE5
:102C3000A0689DF80730B3EBD06F0ABFC0434FF0D8
:102C4000FF3020F07840EAE72DE9F0430646994648
:102C500089B0036908460F46904698470446002805
:102C600067D1D9F804305B0A012B22464FEA53039F
:102C700004F10104F8D899F8035099F802302D03B3
:102C8000DB0203F4006305F480551D43B9F80030FE
:102C90004FF00009C3F30A0352032B4492B29D186C
:102CA000294B0DF107001B2228F0784402A9039359
:102CB00002948DF80790FFF781FF9DF807306FEAC7
:102CC000054544EAC36404946FEA08041B2224F017
:102CD000784402A902948DF80790FFF76FFF9DF8E2
:102CE00007306FEA154544EAC3644FF0FF33012211
:102CF0000594069307A9B369079507F11000984753
:102D000001220446B36905A907F10800984701228A
:102D1000484518BF0446B36904A9381D98470122E5
:102D2000484518BF0446B369384603A9984728B1F7
:102D3000044639463046FFF72EFF01E0002CF8D15B
:102D4000204609B0BDE8F08301009AB2164B10B5D9
:102D5000D3F82831044603F00703013B052B04D8C0
:102D6000DFE803F00A161E120E1A0023184604B1FB
:102D7000206001B10B6010BD0C4B18680523F6E70D
:102D80000A4B18680623F2E738F050F80723EEE7FD
:102D9000064B58680323EAE7044B58680423E6E728
:102DA00002230348E3E700BF008000508C79002035
:102DB000002D3101174B10B50446D3F8200100F067
:102DC000070006281FD8DFE800F0040A0E211216BB
:102DD0001A00012304B1206001B10B6010BD0E4B3D
:102DE00018680523F6E70C4B58680323F2E738F020
:102DF0001DF80723EEE7084B18680623EAE7064BA1
:102E000058680423E6E700231846E3E70223034853
:102E1000E0E700BF008000508C790020002D3101D8
:102E20000E4BD3F8403103F00303022B0DD0032BDC
:102E30000FD0012B0BBF0A2301234FF400420022C5
:102E400000B1026001B10B60704709234FF40042EA
:102E5000F6E70C234FF47A72F2E700BF00800050CF
:102E6000024A536B0342FCD1704700BF0040095037
:102E70004FF480322DE9F843204B4FF001089A6659
:102E800041F671331E4D0446EF69EB631D4B002183
:102E9000C3F80C800223686121202B61174039F0B0
:102EA0005BFBDFF86890064640B1C9F80C8007B1BB
:102EB000E96301360CD16E20BDE8F883212039F09A
:102EC0004BFBC9F80C8007B1EE63431CF3D008B18B
:102ED0007120F1E70C4B9A6801230A3202F01F02BD
:102EE000934023F0030323449C4201D10020E3E7F5
:102EF00054F8042B0132F7D03E20DDE7009000505B
:102F000000000350001003500080E00F0020035029
:102F1000054B9A689107FCD45A689207F9D4DA698C
:102F2000002AF6D1704700BF00800A50036813F0F2
:102F3000704205D1C3F30E030B60D3B1002070477C
:102F4000B2F1004F0AD0B2F1204F07D0B2F1304FAA
:102F500004D0B2F1404F01D0212070478268D204E2
:102F600004D5C369002BF7D01B68E5E703F07F03A6
:102F7000E2E74368002BEFD00B60DFE700F01F03B0
:102F8000A0F50620A0F55060812811D801229A40B2
:102F9000094B400903EB8003D3F8EC121143C3F84B
:102FA000EC12D3F8001321EA0201C3F800137047B2
:102FB0004FF0FF30704700BF0818002000F01F03DB
:102FC000A0F50620A0F55060812810B51ED801217B
:102FD000104A400902EB80049940D4F800330B43B7
:102FE000C4F80033D2E9BB130B44D2F8F4120B44FB
:102FF000D2F8F8120B44D2F8FC125B1805D1C2E9E2
:10300000C033C2E9C233C2F8103310BD4FF0FF30F5
:10301000FBE700BF081800200023C36001F138035C
:10302000036120230A6843618B6D0B4922F47E12F1
:103030008A42436003D001F580718A4208D1102B87
:1030400001D0182B02D1036000207047202BFAD04A
:103050006FF08800704700BF0001C00338B5202220
:1030600004460D460C30002137F058FB4FF0FF337B
:10307000C4E90035A36038BDF8B5134642880C4654
:103080000732072A4FEAD20101D0A1423ED1D0E94E
:103090000167058820221846002137F03FFB360AD9
:1030A000034626B1012E10D06FF08B00F8BD6CB333
:1030B00041F20102954205D0B5F5885F02D0B5F521
:1030C000905F1AD15C600020F0E7C660F4B141F275
:1030D000010295420BD15C60B90707F001023ED4B2
:1030E000002AF0D19A6842F080729A60EBE7B5F559
:1030F000885FF0D0B5F5905FEDD0B5F5105F0DD1DC
:10310000182C06D0202C04D0102C02D06FF0860092
:10311000CCE7C3E90044002ED5D0DDE705F44F42EB
:10312000B2F5824F1BD1EAB2122A18D11C2C19D049
:10313000202C19D0182C12D1104A25F0FF05B5F516
:10314000E24F1A6012D0B5F5824FDFD14FF4005232
:1031500017F4705F0FD017F4864F0AD09A606FF0A3
:103160008500A3E7064AE8E7064AE6E74FF480420F
:10317000EEE742F480629A60CDE700BF180000805D
:103180001C0000802000008070B5E4B06C46344D17
:103190007822002104A837F0C1FA95E80F0084E8EE
:1031A0000F00012308AA84F8783005F11003403598
:1031B000164618685968083303C6AB423246F7D141
:1031C0001B780DF15E02337040F20113A4F87A30DF
:1031D000A4F87C30234B6367234BA3651623A4F824
:1031E0005C30224B03F1100153F8040B8B4242F880
:1031F000040BF9D14FF428734FF00132A4F86E306C
:1032000001231B4E23A8C4F88020D6F8145384F859
:103210007F3084F884302DF063F8002305F5E955FC
:103220002146183523A88DF88A31FDF7ABFA2846D8
:1032300023A9FDF7E9FCD6F8140300F5805393F8B1
:1032400018381BB900F5BA501DF0B6FBD6F81403B8
:10325000002100F50250303018F018FD64B070BD48
:1032600008C8040800F8FF07BD13180060C504086B
:1032700008180020014610B9024836F0F7B9024894
:1032800036F0E2B971C5040897C5040810B50446C4
:1032900044EA010313F00303084609D1934201D124
:1032A000002010BD54F8231040F823100133F5E737
:1032B0002146920037F03DFAF2E72DE9F04107464A
:1032C0000846164689894289CAB0521A002A66DD24
:1032D0007F2AA8BF7F2293B290462AAAF9F738FD29
:1032E0000AAC024605462AA9204637F022FA0021F8
:1032F0004048615504EB080212F8013D0A2B07D043
:10330000093BDBB2172B06D820FA03F3DB0702D503
:1033100094421170F0D1B7B3ADB30023ADF82430AF
:1033200006F110039E460DF1100C06F120086246CE
:1033300018685968083303C243459446F7D1738C23
:10334000EC46ADF8223033466246186859680833B7
:1033500003C273459446F7D1338C08202649ADF853
:10336000203027F021FE064668B124492AA837F00C
:10337000ABFC6A1D014692B23046F9F7B6FF88B140
:103380003046F9F790FC20461D4937F0E2FCC0B901
:103390001C4800F06FFA21461B4836F055F94AB038
:1033A000BDE8F081737913F0180FE9D007F5B45038
:1033B0006B4632461549143017F013F80028E2D056
:1033C000DEE72046124937F0C4FC28B90D4800F06A
:1033D00063FA21460F48E0E720460F4937F0B9FC71
:1033E00028B90848FFF796F921460C48D5E7214649
:1033F0000B48D2E71100800049C80408B6C504088C
:10340000BCC5040894790020C3C50408201B002013
:10341000EDC50408F5C5040820C604082BC6040839
:1034200053C6040808B52A4B83F30A884FF4804139
:10343000284B294A9A60D3F8882042F47002C3F8D6
:103440008820264A91664FF0FF31254A11662549AA
:1034500051660221C3F8D010BFF34F8FBFF36F8FB7
:1034600001214FF44034A3F54063C3F880110020DC
:10347000D460F3F77AFB1C4B1C481C611C4BC01A30
:10348000801023F03FF81B4B1B498B4212D30020C6
:103490001A4B1B498B4218D3FFF7ACF8186850F849
:1034A0002240586840F82240013298688242F5D3A1
:1034B0000C33EAE70022F8E71C6844F822000132E6
:1034C0005C68A242F8D30833E4E70022F8E700BFC3
:1034D0000800002000ED00E00060000800900050AF
:1034E00000A00044F7FF370000800044E0610008BE
:1034F000806100080876050814760508147605082A
:10350000147605082DE9F74F89464FF480314FEACC
:10351000820A384A384C9166E269804602EA010321
:1035200041F6713201210093E263344A8346D1604F
:1035300057464A4677B938460122314BDA60009B3C
:1035400013B100222C4BDA63431C3DD0002846D037
:1035500071203AE00BF5005525F4FF5525F01F05C5
:10356000C4F814B0A5EB0B05E169BD4228BF3D4688
:10357000490731D4164656F8041B2A44A1619642E5
:1035800010D1042200212120226138F0E5FF00281B
:10359000D2D1212038F0E0FF0028CDD13246AB4413
:1035A0007F1BC7E708210846019238F0D5FF019A32
:1035B00070B1042301222361114BDA60009B0BB12F
:1035C0000023E3630130C3D16E2003B0BDE8F08F68
:1035D00056F8041BA161D2E74FF0FF30ACE752462A
:1035E0004946404637F08AF8002814BF3D200020A5
:1035F000EBE700BF009000500000035000100350A4
:1036000000200350014B93F90B0070478C79002088
:103610001FB54FF000639B6A03F17842B2F5C04FCB
:103620001CD21C6B04F17843B3F5C04F16D20023B3
:1036300001A8CDE9023322F089FF039BDB030DD5FE
:10364000029B1A0E0AD0012A03D1C3F307430A2BA7
:1036500004D9236C04B0BDE81040184740F20110B3
:1036600004B010BD30B40446EFF3108072B6256884
:1036700085EA02030B406B40236030BC38F0FFBE8C
:10368000BFF34F8F0549064BCA6802F4E06213434B
:10369000CB60BFF34F8F00BFFDE700BF00ED00E040
:1036A0000400FA052DE9F041884616460446002834
:1036B00067D00F2967D80378002B57D0012B03D090
:1036C000022B53D0032B5ED13F236278D340DB071C
:1036D00059D52F4AD2F81053002D56D1EFF3118748
:1036E000302181F31188D2F8100308F1FF300E2841
:1036F000237894F801C03FD80120594300FA0CF018
:103700000A44002E35D002F58252106042460F2145
:10371000BCF1070F03EB430388BFACF1080C4FEA81
:1037200003131C4895BF4FEA8C0C4FEA8C0C0433F2
:103730000C3302FA0CF201FA0CF11844FFF792FF75
:10374000B8F1000F0BD101223020637821789A4024
:103750000F4B00FB01338EB103F582531A6087F3E0
:103760001188BFF36F8F2846BDE8F08140F2FF3328
:10377000ABE702F50152C8E72A46C8E703F5015353
:10378000ECE72225EFE72125EDE70225EBE700BF77
:1037900000C0035030C0035013B504460A4838F047
:1037A000C9FEA2780421B2FA82F2237852098DF878
:1037B000043063780DEB01008DF80530FFF772FFE0
:1037C000002002B010BD00BF4CC8040810B508B3FB
:1037D0000378E3B1012B03D0022B18D0032B1BD1AC
:1037E0003F234278D340DB0716D5EFF31184302313
:1037F00083F311880122017840785943074B8240B6
:103800005A5084F31188BFF36F8F002010BD40F22F
:10381000FF33E6E72220F9E72120F7E740D0035005
:1038200010B508B30378E3B1012B03D0022B18D0F5
:10383000032B1BD13F234278D340DB0716D5EFF390
:103840001184302383F31188012201784078594391
:10385000074B82405A5084F31188BFF36F8F0020CA
:1038600010BD40F2FF33E6E72220F9E72120F7E719
:1038700040E0035007B503788DF8043043788DF8A5
:103880000530837801A823B9FFF7CAFF03B05DF8BC
:1038900004FBFFF79BFFF9E707B503788DF80430C9
:1038A00043788DF80530837801A823B9FFF78EFFA0
:1038B00003B05DF804FBFFF7B3FFF9E70B4B93F898
:1038C000502362B107280CD803EB001393F874312E
:1038D0004BB10123064A834013640020704705481A
:1038E0007047054870470548704700BF081800201A
:1038F00000100450028000F0018000F0078000F00A
:103900000B4B93F8502362B107280CD803EB00133C
:1039100093F874314BB10123064A834013640020AD
:10392000704705487047054870470548704700BF15
:103930000818002000200450028000F0018000F0F0
:10394000078000F038B5054644692146FEF7A3FF1D
:103950006A6CE31D143AB3FBF2F3013304EBC304C6
:10396000204438BD2DE9F0410646406882B0C0B120
:103970000F4690460024336853F8345003EBC403D9
:10398000C5F30752C5F31301013504F1010406D054
:103990005B683046CDF80080B84710B1706884424B
:1039A000E9D302B0BDE8F081036813F07E0F03D1C4
:1039B000406820F07C40704713F078001CBF03F093
:1039C0007F03D81F70474BF29A22036810B5B2EB01
:1039D000134F044613D19BB2012B15D1FFF70CF9FD
:1039E000013011D04FF6FF72E068B2EB104F4FEA92
:1039F00010430BD180B2C01A18BF012010BD013393
:103A000014BF04200320F9E70420F7E70220F5E7BC
:103A1000F0B50546002687B0EC69013CB44203D8F6
:103A20000C46204607B0F0BD01B14C1E6F6C2868F3
:103A3000EB6B05225B6901A907FB0400984701A80D
:103A4000FFF7C1FF0128ECD921460136E4E70368FE
:103A5000F0B5CC1A436C0646B4FBF3F4002587B0EE
:103A6000F36937685A1E9542706C06D3736C3068E0
:103A700003FB0400143007B0F0BD0134B4FBF3F2D3
:103A800003FB1244F36B05225B6901A900FB047080
:103A9000984701A8FFF797FF0128E7D90135DFE72D
:103AA00010B423F0030422449B070A44436C18BF5C
:103AB00004325B4282EA0104234202D05DF8044BE7
:103AC000C5E710465DF8044B70472DE9F04F1446EA
:103AD00006460F468BB00393C36B01225B6907A9AF
:103AE00060689847F36B01225B69384606A99847DE
:103AF000079B5D1C07D10022A360A27562750020A0
:103B00000BB0BDE8F08F0122A2750022217E069D38
:103B100004EBC101CF610A846068C5F3D31CB842CD
:103B200005F07F010CD14FF0FF33C4F800C02175C0
:103B3000A360237D043B022B26D80023A375DEE778
:103B400094F814E020688E4503D1A0EB0C004242AB
:103B5000424103F07F0001288CBF00200120012991
:103B60008CBF00210121884218BF002215F07E0F72
:103B7000A27503F07E0304D1002BDAD00023A375D5
:103B8000D7E7002BD5D1F9E715F07E0F0FD1F36BF6
:103B9000022238465B6908A9984708A8FFF704FF86
:103BA000237D032B51D8DFE803F0150F045906A835
:103BB000F4E7CC22237E04EBC3031A8401236A4A70
:103BC000134493F848300AE0237E04EBC3031884BF
:103BD0000023F4E7237E04EBC30318840123149A23
:103BE0001370069A12F07E084FEAD26A227E37D10D
:103BF000F36B04EBC2020AF003055B69B2F8209094
:103C000082F8225008A902223846984720220DF156
:103C100017000DEB02018DF81780FEF7CFFF1A2277
:103C200009A9FEF7CBFF9DF81730099A4FF0080B52
:103C3000B3EB926F0CBF012300236375637D33BB2D
:103C40000023A3754FF0000851E0227E013BDBB258
:103C500004EBC202052B1084C0D8B0E70223AEE704
:103C6000002504EBC202B2F8209082F8225006A987
:103C70001B2208A88DF82050FEF7A0FF9DF82020F9
:103C80004FF0040BA2EB0A0253425341D5E794F8DC
:103C90001680B8F1000FD5D0B9F1000F09D1DDB110
:103CA0000123E375637E002B35D1012D28D1657684
:103CB00014E0736C07EB0B02594287EA02000842DA
:103CC0001CBF0021A175591E0A409B1A4B45B7D352
:103CD000A37D002BE3D1B5E7E37D43B94FF00008A6
:103CE0004B465A4639463046FFF7DAFEA060A27DC1
:103CF000237EBAB9012B33D801332376A07DFFE6AA
:103D000096F8343063B9F36A0133E9D1032DE7D172
:103D10000123A376E2E7012DE9D0032DDED1F7E7F9
:103D20009846DDE72269012B4A44226118D8013305
:103D30002376039B002BE1D0E37D002BDED0B8F18E
:103D4000000FDBD1032DD9D0A1684B1CD6D0149B1A
:103D50002246009330460123FFF7B7FEA075CDE75A
:103D60000023A375CAE700BF08C8040813B50C46B2
:103D7000002121760093616813462246FFF7A5FED5
:103D800018B1E37D03B1A07EA075A07D02B010BD87
:103D90002DE9F743044616461F460D46DFF87480AA
:103DA000816AE36A8B421ED04B1C1CD0DFF8609006
:103DB0004846FFF753F90122494620460DF1070313
:103DC000FFF7D4FF30B13B4620469DF8072010494D
:103DD000B04740B1D8F85C134A1C07D0012D0DD074
:103DE000E36A9942E4D103B0BDE8F083D8F85813F0
:103DF0002046FFF72CFE012D0146D2D1D8F85833CA
:103E000081EA0302636C5B421A42ECD1C9E700BF4E
:103E10005C1B0020081800202DE9F0410F461646D3
:103E20009846044688B060B390F83450FDB1012143
:103E3000FEF7A5FD00210E9BCDE90511CDE9023766
:103E40009DF83C30CDF804808DF81C30237C04961E
:103E50008BB90D4901AA04F10800FFF783FDDDE9E4
:103E60000553E06B002E08BF1D462CF013FF2846BB
:103E700008B0BDE8F0812046044A01ABFFF788FF97
:103E8000EDE70546F3E700BF99290108D141010894
:103E90002DE9F041D0E90A369E42044686B028D189
:103EA0001422C369456802FB1355284606B0BDE8D5
:103EB000F0812068676C331AB3FBF7F3E26B07FB02
:103EC0000300D2F8148001A90522C04701A8FFF71A
:103ED0007AFD012804D0636C1D44013B3340ED1A88
:103EE00031462046FFF7B3FD0646A36AB342E0D150
:103EF000DBE70025F9E72DE9F04F0F469A4600234E
:103F000089B004464FF0FF31104690468DF80B30D3
:103F1000FFF7A4F8B7F5801F20D2394603AA04F1B1
:103F20000800FEF78DFD451C014605D1237CBBB979
:103F30002D2009B0BDE8F08F4046FFF78FF8012231
:103F4000414620460DF10B03FFF710FF0028EDD08E
:103F50009DF80B308AF800300020EAE7B81CE5D164
:103F6000E66A711C2CD12046616AFFF751FD0646B6
:103F7000BB1C18BF0123DFF8C4B00093636A626CF6
:103F80000193236803A902FB0639E36B4846052227
:103F90005B6909F114099847002549464B1C05D077
:103FA000636C81EA09025B4213420FD0314620461E
:103FB000FFF72EFD019BB3422FD085BB0646DDE700
:103FC0002368F61A636CB6FBF3F6D1E71A48FFF7DD
:103FD00045F82046009A18490DF10B03FFF7C6FE7D
:103FE0008446B8B1BA1C03D0DBF88033BB4211D190
:103FF00045469DF80B30DFF840E08AF80030BEE817
:104000000F000FC5BEE80F000FC59EE8070085E84A
:1040100007006546DBF88813C0E7002D88D0B7F5A8
:10402000801F99D239469AF80030D8F8042004F15C
:104030000800FEF735FD8FE7881B002008180020D8
:104040002DE9FF410C4617461E46054690B390F8F1
:1040500034308BB3B1F5801F30D2DFF8648001219A
:10406000FEF78DFC214628460DF10F0308F56B7213
:10407000FFF741FF044678B99DF80F30012B12D1AC
:10408000D8F8BC339E4213D10246009033463946DD
:10409000284629F0FBFC0446E86B2CF0FBFD20468B
:1040A00004B0BDE8F081022B14BF2D246024F3E797
:1040B0006324F1E72124F2E71124F0E72924EEE755
:1040C000081800202DE9F04385B00C4617461E461F
:1040D0000546DDF83080A0B390F834309BB3B1F5DD
:1040E000801F32D2DFF868900121FEF748FC21469C
:1040F00028460DF10F0309F56B72FFF7FCFE04462D
:1041000088B99DF80F30012B14D1D9F8BC2306EBE8
:1041100008039A4213D30090434632463946284654
:1041200029F0B4FC0446E86B2CF0B4FD204605B041
:10413000BDE8F083022B14BF2D246024F3E7632431
:10414000F1E72124F2E71124F0E72924EEE700BF8C
:10415000081800202DE9F3411F4600230C4616469F
:1041600005463B6058B390F8343053B3B1F5801F27
:1041700029D2DFF858800121FEF701FC21462846AC
:104180000DF1070308F56B72FFF7B5FE0446A0B901
:104190009DF80730032B10D0022B0AD10123336086
:1041A00004233B60E86B2CF075FD204602B0BDE8AF
:1041B000F0813060D8F8BC33F3E72D24F2E72124F6
:1041C000F3E71124F1E72924EFE700BF08180020E6
:1041D00073B50D46D11E4A421C461B7E4A419A4287
:1041E00028D129682368994224D36368994221D849
:1041F000124E0DF1070306F57672FFF77CFEC8B983
:10420000D6F8DC236B689A4214D19DF80730DA1E89
:1042100053425341227E93420CD16369013363615F
:10422000D4E90323934205D22968A26842F82310F7
:1042300001332361012002B070BD00BF08180020C7
:1042400070B50025044686B00562E369AB4202D82A
:10425000206A06B070BD666C2068E36B05225B695E
:1042600006FB050001A9984701A8FFF7ACFB012850
:1042700098BF236A05F101059CBF01332362E4E77F
:104280002DE9F04F97B0CDE908230D460A69416C3E
:10429000D31D1439B3FBF1F3013302EBC302036BFB
:1042A00004469342C0F0CE820023DFF8C0920C9304
:1042B000E36AAD4819460693FEF7D0FED5E9033709
:1042C0000393099B022B40F02681CC2F40F0A5825E
:1042D000089B002B00F0F18000266868E36B012248
:1042E0005B69119611A908309847B04694F842309E
:1042F000012B40F0AD80632E2DD9119B666C069A80
:104300001293731E1340F61AE36B01225B6968680F
:1043100014A99847149B13F07E0F14BF042308239D
:10432000782F059340F20781012200234FF0080AFD
:1043300004922A68C9F89073C9F88023099A032A5D
:1043400000F01E81022A00F0C780049A002A14BFE0
:1043500000220722C4E0612E08D814AB3246294659
:104360002046FEF7C1FA9DF8503023B314AB324615
:10437000294620468DF84C80FEF7B6FA94F8423074
:10438000DDF850A0012B52D14FF6FF739A4500F093
:104390009280082214A913A8FEF710FC9DF84C2067
:1043A000CAF307239A4240F086805FFA8AFA119B8B
:1043B000534411937FE094F84230012B2DD13246C3
:1043C0002946204612ABFEF78FFA2946204613AB4A
:1043D000721CFEF789FA2946204614ABB21CFEF780
:1043E00083FA0823102213A90DF143008DF84330FE
:1043F000FEF7E4FB102214A9FEF7E0FB129BDAB2F1
:10440000002A51D19DF84320B2EB132F4CD1DDE9A6
:10441000133203EB0243119346E0302E2BD943E0D5
:104420009DF84320B2EB134F3ED1139BF3E7BAF153
:10443000FF3F40D0102214A913A8FEF7BFFB9DF840
:104440004C20CAF307439A4235D11FFA8AFAAEE7E5
:10445000312E3FF652AF89D014AB32462946204662
:10446000FEF742FABDF85030002B7FF47FAF94F88E
:104470004230012BA3D032462946204612ABFEF72C
:1044800033FA2946204613AB721CFEF72DFA10238F
:10449000202213A90DF143008DF84330FEF78EFB67
:1044A000129B9AB2002ABBD094F84230012B14BF61
:1044B000012302231E44013618E7039B01221B68D7
:1044C0004FF0080A12932B680492C9F8803308232E
:1044D0000593089BC9F89073049AC2F10202D2B204
:1044E00089F894234FEA9A020E92069A01920022CA
:1044F0000A920D9207920B92606C019A411E114034
:10450000421A002F3ED053449A4246D8236B1B1ABE
:104510000B4423635AE1666C069A731E1340782F8E
:10452000A6EB030619D8EB7D8BB9089B002B7FF413
:10453000EBAE042305933B1DB34219D9EFB1082E0E
:104540003FF6F2AE042300229A460492F1E6089B5D
:10455000002B7FF4D9AE0823ECE7089B002B7FF4F7
:10456000D3AE08230593DFE6881B0020081800203F
:10457000002304934FF0040ADBE604230497F9E7D1
:10458000099AADE75245C1D3B846019B5344029303
:10459000079B002B18BF032314E0A2EB0A02019B28
:1045A0009742B846534428BF904697420293EFD9AA
:1045B0000123D9F8902389F89733974243D1019A80
:1045C000C9F88423079399F89733002B3DD099F8C5
:1045D00098230199D31C09EBC303C3F884130799EB
:1045E0000132A3F8888383F88A1389F89823B8F1F5
:1045F000000F14D0099B022B2BD10A9B7BB90D9B7A
:104600004344032B0BD9E36B01229B69029812A947
:1046100098470646002840F01B8101230A9399F829
:1046200094332E68884A012B02EAC61628F07C4B88
:1046300040F289809A1E012A03D908F1070303F08A
:104640007F031E4385E00223BCE7019BC9F8843346
:10465000CDE7089B002B31D1039BB8F1030F03EB8F
:10466000080B28D9DDE90201E36B4FEA98029B6948
:1046700098470646002840F0CA8018F003025FD031
:10468000039B28F0030633440393029B1E444FF020
:10469000FF33039913A8139336F04BF8E36B3046BE
:1046A00001229B6913A998470646CDF80CB0002E4D
:1046B000B5D0029B6FE04246029EE8E705F1200379
:1046C000DDF808B00F93EB7D68689BB100232E7E68
:1046D0000B9AD9B28E4211D90F9903F1010C31F81E
:1046E0003310914226D9059905EBC303D8690A44D2
:1046F000104403E00B9B059A13441844E36B01221A
:104700005B6913A99847139B012211930B9B584691
:1047100004330B93E36B11A99B699847029B0646F0
:104720004344A3EB0B03042B07D9002872D10BF1F0
:10473000040BC8E76346521ACBE7CDF808B0B6E7DA
:10474000CDF80CB06BE7079A43EAC263334343F0FA
:1047500060464FF000038DF84C30049BCDE9146B9C
:10476000002B49D0202214A913A8FEF727FA1A22F9
:1047700015A9FEF723FA9DF84C304BEA8363159395
:10478000E36B0E9A9B69019814A99847019A061E3B
:104790000C9B18BF134652460C9320464346019982
:1047A000FFF77EF9236B08F10302A3EB0A0322F063
:1047B00003029B1AC9F888032363002E48D10D9B7E
:1047C000A7EB080743440D93029B019320460199F0
:1047D000FFF73DF900230190002F7FF48DAE1B4AB7
:1047E0002968D2F8883304F10800E362D2F8842300
:1047F000099BFEF755F911E01B2214A913A8FEF737
:10480000DDF99DF84C3046EAC3661496B8E7CDF85A
:104810000CB04EE7CDF808B04BE77027384617B01C
:10482000BDE8F08F002754E02A69616CD31D14396C
:10483000B3FBF1F3013302EBC302236B9342BFF4EA
:1048400037AD61E01C27E9E780FFFF07081800206B
:104850003D2E59D104F1080301932768069B204699
:10486000E16AD4F844A0A3EB070BFFF7F0F8A26AC3
:10487000BBFBFAFB8242D7D0616CD9F8882301F1E7
:10488000FF3C02EA0C0C226B0C9B521A624422631E
:104890002268E0629A1AB2FBF1F8C345C2D10AFB62
:1048A0000877069B07F1140BB3EB0B0711D0E36BF2
:1048B000BA0859469B6998478246E26A069B3A4481
:1048C000E262226B0198D21A5A442263FEF77FF803
:1048D00057462368616CE06B01FB0831FEF75BF91A
:1048E0002046FFF7ADFC2046FFF7D2FA2063002FE9
:1048F0009AD02A69616CD31D1439B3FBF1F30133EB
:1049000002EBC3029042A8D2374687E72DE9F34174
:10491000089C032A1746266806D1237A012B25D046
:10492000012002B0BDE8F081DFF8988030460DF13B
:10493000070308F57672FFF7DEFA60600028ECD115
:104940002568D8F8DC33A96AD5F844C04B40CCF1CF
:1049500000021340207AE0D1012809D1E068D8F89C
:10496000E82302447069824202D92374207CD8E78C
:104970002868EB6A1B1A081AB3FBFCF3B0FBFCF0C7
:1049800083420BD1706CF36A421E1340326B121AD1
:10499000134428463363FFF75AF8E862D8F8E8234F
:1049A000E36808321344E36001223B46044920686F
:1049B000FFF766FC60600028AFD00020B1E700BFC1
:1049C000E01B002008180020032A2DE9F3410646C9
:1049D0000D4617461C4606D1237A012B24D0012010
:1049E00002B0BDE8F081DFF8608009680DF10703CF
:1049F00008F57672FFF77FFA60600028ECD19DF829
:104A00000720237A032AE7D0D8F8DC136A6891429A
:104A1000E2D1012B2969D4F80CC007D172690CEBE3
:104A20000103934202D92074207CD9E70831614404
:104A3000E1603B46012229463046FFF721FC6060D9
:104A40000028C9D00020CBE7081800202DE9F34149
:104A500004461F46164688462B4D4FF0FF3105F59C
:104A60007670FEF7FBFA9DF820300022204605F50F
:104A70007671C5E9F967C5F8D883FFF701FC236EA5
:104A80000746002B3BD02046FEF75CFF636E256B8C
:104A900003449D422CBF00230123854294BF00257F
:104AA0002D1A6565257C002684F8503084F858500E
:104AB000D5B1DFF85880334632463146204601965C
:104AC000CDF80080FFF7A8F901230546CDE9008362
:104AD0003246334631462046FFF79EF9E3680544E7
:104AE0009D4294BF3546ED1A94F85030E56513B9F0
:104AF00094F858301BB1236E04F1500098473846A3
:104B000002B0BDE8F08100BF08180020FFFF0F00D1
:104B10002DE9FF410F4690461E460546002847D026
:104B200090F83430002B45D0B1F5801F44D2234C8F
:104B30000221FDF724FF04F56B72394628460DF17A
:104B40000F03FFF7D8F9024620B16B699E4219D9CD
:104B5000622410E09DF80F30012BF6D1D4F8BC137D
:104B60008E42F2D1009341463346284628F08EFF0C
:104B700004460028E9D1E86B2CF08CF8204604B0FC
:104B8000BDE8F08128462BF034FF31462846FDF77A
:104B900082FE2C6B844209D301234246009339469E
:104BA00033462846FFF752FF0446E4E71C24E2E7B9
:104BB0002124E3E71124E1E72924DFE70818002096
:104BC00007B5204890F8043403B9FEE700236A468D
:104BD000CDE900331C49082300F58160FFF730FA66
:104BE000E8B91A4AD2F84031D2F840211F2B4FF0D1
:104BF00001030FD9203A9340019A1A4301920823E6
:104C00006A4611491248FFF783FF124B124A1A6095
:104C1000FEF736FD9340009A1A430092EFE72D28E5
:104C2000F3D10A4AD2F84031D2F840211F2B4FF07D
:104C3000010385BF203A93409340019398BF0093AE
:104C4000DDE700BF08180020007108000080004464
:104C5000101C0020000000200B020FF07FB50C4656
:104C6000054648B390F8343043B3B1F5801F27D2DE
:104C70000221FDF784FE21462846124A0DF10F035A
:104C8000FFF739F90646A8B99DF80F30032B11D06C
:104C900028462BF0AEFE03232146009332463346CE
:104CA0002846FFF7D3FE0446E86B2BF0F3FF2046BF
:104CB00004B070BD2D24F7E72124F8E71124F6E7AE
:104CC0002924F4E7B41B002038B50446456C00687D
:104CD00004F1400305FB0101E06BFDF7B5FF05465C
:104CE0002046FFF7ADFA284638BDF0B504460D461C
:104CF000466CE36B006887B005225B6901A906FB7F
:104D00000500984701A8FEF75EFE012804D801A817
:104D1000FDF772FF07B0F0BD29462046FEF778FE8A
:104D20000646676C2068E36B05225B6901A907FBF7
:104D30000600984701A8FDF75FFF431CEAD0B54283
:104D400038BF0130E6E72DE9F04F4FF0FF334FF663
:104D5000FF720025044600F10808C0E909238BB062
:104D6000C3620562056340468B46FDF730FE204670
:104D7000FFF766FA50BB4FF6FF79676A00264F458A
:104D800014BF3D460025E3699E4248D32046FFF705
:104D900057FA18BB5E200BB0BDE8F08F2368E26BBA
:104DA000606C566900FB0530052205A9B04705A8CF
:104DB000FEF709FE012828D129462046FFF795FF76
:104DC000421C29462046FFF77FFF0135E3699D42DB
:104DD000E4D32046FFF734FA0028CCD000254FF06A
:104DE000FF394FF6FF734F462E46C4E90853E36977
:104DF0009E423ED3A5EB0905012D5BD84FF6FF720D
:104E0000636A934268D16720C5E70338C0B20128BE
:104E1000DBD829462046FFF768FF0246D1E7E26B60
:104E20002368606CD2F814C000FB0530052205A988
:104E3000E04705A8FEF7C7FD022807D04F450DD172
:104E40000BF1010229462046FFF73EFFE3690135D9
:104E5000B5FBF3F2013603FB125594E729462046D1
:104E6000FFF743FFB0F1FF3F14BF02465A4601323D
:104E7000E8E7E26B2368606CD2F814C000FB0630F0
:104E8000052205A9E04705A8FEF79DFD01280FD8DA
:104E900005A8FDF7B1FEB84238BF6662814528BF5C
:104EA0008146854238BF05460746236A013323629F
:104EB00001369CE74FF6FF7300256362E3699D426C
:104EC0009CD2666C2068E36B06FB050005225B69DB
:104ED00005A998470135F1E7E26B666C20685569D2
:104EE0006946052206FB0300A847626A616C2368D5
:104EF0004A4D01FB02331433A3624FF0FF336FF0CE
:104F00000101E362204605AB05F57672FEF7F3FF7B
:104F1000002849D1D5F8E05329462046E562FDF73F
:104F2000CAFC206320B92046E16AFEF790FDE062EA
:104F300029462046FEF78BFD0546A36A9D4235D1E2
:104F40002046FDF79BFC002607463546E3699D4257
:104F50003ED3B74257D92046616AFEF759FD4FF05C
:104F60000008054604F1400A464512D8626C2368E1
:104F7000694602FB0539E36B05225B6948469847A1
:104F80006846FDF739FE534602464946E06BFDF799
:104F90005BFE29462046FEF73BFD08F10108474528
:104FA0000546E1D16420F6E6A56AB5E72946204624
:104FB000FDF781FC236B2946034406462363204604
:104FC000FEF745FD0546002EB7D1C4E90B06B4E750
:104FD000626C236805A902FB0539E36B05225B6956
:104FE0004846984705A8FEF7EEFC012809D8204658
:104FF00009F11401FDF75FFC636C143B984208BF94
:1050000001360135A2E74046FDF7E1FC00232046CA
:105010001946034AFEF7BCFE0020BCE60818002033
:105020003D2B01082DE9F8430023A44F0E46D7F885
:1050300070840446C7F8703418B921252846BDE8A5
:10504000F88390F834500DB309680268914240F03B
:105050002A8171684268914240F02581B168826876
:10506000914240F02081F168C268914240F01B817A
:1050700031694269914240F01681B169C26B914237
:1050800040F0118172691D468261D7E76822294686
:10509000D0F8389035F042FB336804F10800236003
:1050A0007368C4F838906360336963617369A3619E
:1050B000D6E90223C4E90223FDF789FCB36904F1B0
:1050C0004000E3639B68984700284CD1616C11B1A4
:1050D0006368B3FBF1F194F84330E161002BACD08D
:1050E0000023656C2366002D00F0E580002900F0A8
:1050F000E2802368B3FBF5F205FB1233002B40F08E
:10510000D480D4F80490B9FBF5F605FB1696002E72
:1051100040F0CB802046FEF715FCA369043303441E
:105120009945C0F0C48040F634726369CC3B934229
:1051300000F2BF80B5F5805FC0F0BD80032120463E
:10514000FDF71DFCD4E90001E36B1B689847054699
:10515000E36B0220DB6898473DB184F83460E06B74
:105160002BF098FD6AE72946B5E741462046FFF750
:10517000EAFD6428054604D141462046FFF7E3FDD9
:105180000546636C143B8DBB226A204602FB03F686
:10519000FEF7D8FBA369043303449E4203D284F88C
:1051A00034505A25DBE70123D4E9009684F83430E3
:1051B000D7F87434D7F878840133C7F87434F2F729
:1051C000E7FC1F2E16D8BFF35F8F05223C4BC3F8B8
:1051D00094205A6A42F480325A62BFF34F8FBFF371
:1051E0006F8FBFF34F8FBFF36F8FB8E7002384F843
:1051F0003430B4E74FF0000C19F01F0F06F1FF3602
:1052000018BF29F01F0109EB06030CBF49462031E6
:10521000DA062B4A18BF23F01F035FFA8CF0804593
:1052200026D8D2F8C00021F01F0120F47F4040F4BE
:105230008070C2F8C00041F00301EFF31186302006
:1052400080F31188D7F8780423F01F0343F0030399
:10525000C2F89800C2F89C10C2F8A03086F31188FA
:10526000BFF36F8FD7F878340133C7F87834AAE7E3
:10527000C2F89800D2F89C00D2F8A06020F01F007D
:10528000884226F01F0601D19E429CD08E4201D357
:10529000984298D9D2F898000CF1010C20F0FF0048
:1052A000C2F89800B9E75D25C8E65925C6E65A2533
:1052B000C4E65F25C2E65B25C0E600BF08180020F3
:1052C00000ED00E001490248ACE600BF98790020FB
:1052D000101C0020044BD3F88420D206FBD4D3F852
:1052E0008400C0F38110704700400050430905D08E
:1052F000012B0CD0022B084B18BF002300F01F001D
:1053000039B103F58053012282401A607047034B84
:10531000F4E703F50053F6E768800050648000501E
:105320001FB50023B0F5807F019300F03E816BD85C
:105330005E2862D85E2863D8DFE810F0770062004C
:10534000620062006200620062006200620062004D
:10535000620062006200620062006200620062003D
:10536000620062006200620062006200620062002D
:105370006200620062006200620062007700F20078
:105380007700F20013011301130113011301F2005E
:1053900025018000AB0048018000F200F200F2001D
:1053A00062006200620062006200620062006200ED
:1053B000F200F200F200C1006701F2006200620038
:1053C00062006200620062006200620062006200CD
:1053D00062006200620013017700770077005801D5
:1053E000800080007301D0009600200162006200FE
:1053F000620062006200DD007700802800F081809A
:10540000019805B05DF804FBB0F5D06F00F0DE80C8
:1054100044D8B0F5607F00F08A801AD8B0F5007FDC
:1054200073D005D8B0F5C07FEAD135F06BFD6AE0E6
:10543000B0F5207F74D0B0F5407FE1D135F062FD4A
:10544000924B1B6FC3F380230133B0FBF3F0400892
:1054500059E0B0F5B06F00F0968017D8B0F5806FC6
:105460007FD0B0F5A06FCBD10021884B0391D3F84A
:10547000203203F00703042B06D8022B7AD8012B25
:1054800074D0022B00F0E380039B98E0B0F5C06F6E
:10549000B6D1002101A8FDF7C3FCB1E7B0F5106F4C
:1054A00000F0A4800FD8B0F5086F00F0D980A7D81D
:1054B000B0F5E06F00F0A980B0F5F06FA0D1734BAC
:1054C000D3F86031A4E0B0F5406F57D010D8B0F5F4
:1054D000206F00F0A680B0F5286F91D100216B4BB2
:1054E0000391D3F8703203F00303012BCCD1AAE06F
:1054F000B0F5486F84D100230393644BD3F8943202
:1055000094E035F0E1FC01907AE735F0DDFC5F4B8B
:10551000D3F89030C3F304630133B0FBF3F0F2E748
:1055200035F0F0FC594B1B6FC3F38023F4E7574968
:10553000D1F8802002F00302022A0AD0032A0BD0FD
:10554000012A0CD135F0C0FCD1F88030C3F301132F
:10555000E2E735F06BFCF7E74D4B1868F4E71846C7
:10556000F2E7002101A8FDF725FC49E703A8FDF7B4
:10557000EDFB89E74FF40043039385E7002101A881
:10558000FDF7E4FB3CE70021404B0391D3F8803169
:1055900003F00303022B5ED0032B58D0012B7FF4C2
:1055A00073AF03A8FDF706FC6EE702934FF0E0230C
:1055B0001B695A0705D535F0A5FC0290029B0193A3
:1055C0001EE703A902A8FDF72BFCF7E72F4BD3F842
:1055D000003203F00700032812D05B070AD4013819
:1055E00001288CBF00200120C0038CE7274BD3F893
:1055F0000832EEE7042806D135F084FC800A82E701
:105600004FF47A707FE700207DE7204BD3F84032DB
:1056100003F00303032B20D0003B18BF0123DB035F
:10562000CDE700230393194BD3F8603203F007034F
:10563000013B032B3FF628AFDFE803F002040D091E
:105640000021AEE7002103A8FDF7EAFB1CE735F0D7
:10565000EDFB039018E70F4B8EE74FF47A73AEE73C
:105660000A4BD3F8003103F00303022B06D0032BBF
:1056700007D0012B07D1064B5B68A0E74FF400432E
:105680009DE7054B9BE7002399E700BF0080005092
:105690008C790020002D310180D5430208B580208F
:1056A000FFF73EFE034B98429EBF4FF48032024B01
:1056B0001A6708BD005A620200A0005038B5174CA6
:1056C000FF28A26A28D8A36D154D13F4803F18BF98
:1056D0004FF48031134B18BF99624FF0807199627B
:1056E000A36995F90B5023F47F03054423F47F430A
:1056F00043EA002385F3080543EA0543A3610A480A
:10570000FDF7B0FFA36DDB0304D54FF480310648ED
:10571000FDF7A8FF002038BD2120FCE70040005A1B
:105720008C7900200050005A2840005A38B50F4CA0
:105730000F48A26AA36D13F4803F18BF4FF4803165
:105740000C4B18BF99624FF080719962A569FDF703
:1057500089FFA36DC5F30725DB0304D54FF4803122
:105760000348FDF77FFF284638BD00BF0040005AC0
:105770002840005A0050005A014BD872704700BFB1
:105780008C7900204FF4803311481249826A8B6271
:10579000836D03F00303032BFAD14FF080730E489F
:1057A0008B620B4B996D30EA0101FBD10120094955
:1057B0000865996D8907FCD4054B996D8807FCD560
:1057C000996D8907FCD505490548FDF74BBF00BF1A
:1057D0000040005A0050005A03000100000001017F
:1057E0002840005A4FF48032104B10B59A66A3F54A
:1057F00080531B6FC3F3033303FB00000C4BDC69C6
:10580000144041F67132DA635A6822F4401259B9F1
:105810000849884294BF00200120000502435A60D5
:105820000CB10022DA6310BD0349F2E7009000508A
:1058300000000350005A6202002D31014FF0004277
:105840000F4B70B55D6E03F580535A664AF6CD3343
:1058500004460C4980204E6C0B64FDF701FB0B6A7B
:1058600023F4F85343EA04230B62F30744BF064BC7
:105870000B64002DA2BF4FF00042044B5A6670BD6E
:1058800000800050004009503254FFFF00A000503B
:10589000436D0B42FCD1704738B50C4601210246DE
:1058A00000F58053596004F00F0540F6FF71FFF7D3
:1058B000EFFF78218563FFF7EBFF04F00103610739
:1058C00048BF43F00203916C01F003019942FAD101
:1058D00038BD08B54368DA0714D58368DB0702D5FD
:1058E0000369D90707D50A2350218363FFF7D0FF47
:1058F000836C9A07FCD1012200F500535A6043687B
:105900009B07FCD408BD01B9E3E7C5E710B5FFF775
:10591000E0FF042300F5805100F500520B61136194
:105920000B6113610B6113610B611361202341F261
:10593000020103610023C360836041614FF4A02131
:105940008361836541620549C36103628362C36207
:1059500043630365D164036310BD00BFFF3F0D03C4
:1059600070B505461446084641B9344B9D4218D0DF
:10597000334B9D4208BF5720FFF7D2FCAB6813F0B2
:10598000010F6B682FD0B0FBF4F4D80704F1FF349B
:105990004FEA046407D42B6923F07F4323432B6130
:1059A00070BD5620E8E728212846FFF771FFAB6C51
:1059B000990714D1AB6CDA0713D4AB6C13F0020F58
:1059C00014BF062600262846FFF783FF2B693146C1
:1059D00023F07F4323432B61BDE8704093E7052606
:1059E000F1E70926EFE7AB6DDB07AB6848BF640062
:1059F00003F0E003402B1AD004D8D3B1202BCFD131
:105A0000082304E0602B16D0802BC9D10123634307
:105A10004101B1FBF3F20B4B203A284603EAC202E4
:105A20000121FFF735FF2A63BDE8704030E7062308
:105A3000EDE71023EBE70423E9E700BF0000015B7B
:105A400000000A50F8FF7F002DE9F04105460F469F
:105A50001E4690464AB101233022194C8B4002FB6E
:105A6000004436B304F5825423600F21072F05EB61
:105A7000450388BFA7F108044FEA0313114895BFF7
:105A8000BC00A40004330C3308FA04F2A14018440B
:105A9000FDF7E8FDB8F1000F09D101233021084AD4
:105AA000BB4001FB05223EB102F582521360BDE806
:105AB000F08104F50154D7E702F50152F6E700BF83
:105AC00000C0035030C003502DE9F04F00254FF4C3
:105AD000702BABB0CDE909550B95CDF820B01BACC0
:105AE00008AE0FCECDE904550FC4C24B0695039303
:105AF00003AEDFF864A3DFF864930FCE20ACBE4E94
:105B00000FC40FCE13ACCDF81C90CDF830A00FC44D
:105B100096E80F0084E80F000DAB294618221846BE
:105B200034F0FCFD0323B54E8DF83430B44BB54C46
:105B3000B362B54B012704F27C48C6E90B35294610
:105B40004546B24B1A908C2204F5926073638DF82F
:105B50003A7034F0E3FDCDF86CB0CDF87CA00DF1D7
:105B60006C0CBCE80F000FC5A24BC5F800A0CDF827
:105B70009090209304F59C650DF1800CBCE80F001B
:105B80000FC5C5F800904FF0800904F5A663C4F86E
:105B9000C434C4F8CC34C4F8143506F12803C4F86E
:105BA000DC349B4BC4F8C894C4F8B435994B84F8E2
:105BB0001875C4F8B835984B84F8D074C4F8B0851B
:105BC000C4F8BC35954BC4F8C435954BC4F8C835FA
:105BD000944BC4F8C035EFF31183302282F311885F
:105BE00094F850531DB383F31188BFF36F8F94F86B
:105BF000503383B102A8FCF717FE60B9029B02A8DC
:105C000084F89034FCF710FE034694F89004002BBF
:105C100045D02AF010FF10250122834B13A8CDE9AF
:105C200013232AF057F828462BB0BDE8F08F84F8EC
:105C3000507383F31188BFF36F8F2020394684F8A7
:105C4000745184F8845184F8945184F8A45184F8F0
:105C5000B45184F8C45184F8D45184F8E451FFF766
:105C600045FB2120FFF742FBFF22704B15205F60B0
:105C70009D609D619A624FF000429D631D645A656C
:105C80004FF0FF3203F500531A654FF40012684BD2
:105C9000C3F8802183F81593F0F767FFA7E7029B0D
:105CA00084F8F434FDF70AFE0028B4D1CDF804805E
:105CB000D4F8C8340093D4F88C34D4F8C424D4F87D
:105CC0007C1494F8900424F0B7F80028A3D1302273
:105CD00094F890344FF48011534342F2640203F17C
:105CE000A04303F58023995096F93800002808DB7B
:105CF000012200F01F018A4043094D49603341F8F9
:105D00002320F0F732FF0023C4F80C35EFF31080A6
:105D100072B6484BC4F8CC3536F0B1FBA3F59A7097
:105D2000F0F741FF94F89004FDF7EAFD05460028DE
:105D30007FF471AF404B414EC4F8243540F201531B
:105D4000A6F12C00C4F82835331DC4F81C35C4F85E
:105D5000206536F0EFFB0123042208212846FFF7D7
:105D600073FE0123022209212846FFF76DFE30460B
:105D700084F82C5536F0DEFB314813A920F0FEFBE9
:105D80001421304A94F82C35C2F894144FF40021B1
:105D9000C2F8AC144FF4102143F00503C2F8A41468
:105DA00001200222052184F82C352B46FFF74CFEFA
:105DB00094F82C35294643F0020384F82C3504224C
:105DC0002B462846FFF740FE94F82C35D90708D516
:105DD0001D4B1E4AC3F89C240222C3F89424C3F826
:105DE000A0541B4B1B4A05211548DA64FFF754FDEC
:105DF00012E700BF01000F0058C804088C7900208A
:105E0000FB61000808180020E96100088D650008A2
:105E1000A1670008D7660008E56C00081162000859
:105E200017620008F9A2000800C201C00000045077
:105E300000E100E0B81D00200008000978C804084F
:105E40000000015B00C0035000D0035001000500BA
:105E50000020015BFF3F0D033C00015B4400015B40
:105E60000123F0B5C4B2214DA340D1F800C08F7A10
:105E7000CC7A0E7B2B65850005F1A04505F58825BC
:105E8000C5F804C030256843240591F80DC044EAE4
:105E9000074400F1A04000F5802044EA465422F077
:105EA0000302C0F860C0C4650267EFF3118485F394
:105EB00011880F4A087A536500B11364487A00B11B
:105EC000936308798A7942EA0042084882614D79F1
:105ED000CA79074942EA05428A61064A43639364E4
:105EE00084F31188BFF36F8FF0BD00BF0020045012
:105EF00000100450000004500123C0B28340EFF3AF
:105F00001180302282F31188054A516D21EA030184
:105F10005165936280F31188BFF36F8F704700BFA4
:105F2000000004500123C0B28340EFF311813022FE
:105F300082F31188074AD06A184209D1526B934301
:105F40000CBF0120002081F31188BFF36F8F7047D1
:105F50000020F8E700000450021E30B54FF00000AA
:105F60000CBF1025042547F60774084952B9831D54
:105F700051F82330234023B101308542F6D14FF050
:105F8000FF3030BD00F11603F2E700BF0080035080
:105F900010B5C2F3062402F0070241B942EA042216
:105FA00042F440220630234B43F8202010BD142C2D
:105FB0002ED008D8012C33D0122C23D0631E312BC5
:105FC00007D9002309E0242C04F1FF3309D8202C41
:105FD00009D819490B4493F8803042EA032216305D
:105FE000E1E7322CEAD1042AF3D8DFE802F0030516
:105FF000170709000022ECE70122EAE70322E8E79D
:106000000422E6E7022A0DD0032A0DD01123E0E78F
:10601000022A0BD0032A0BD01323DAE70222D8E797
:106020000023D6E70022F1E70122EFE70022F3E7A1
:106030000122F1E70080035008C804080A4392B225
:106040000021FFF7A5BF3AB122F0030202F1A042FE
:1060500002F5603209B9106070470002FBE74FF4A7
:106060008032074B5A6603F5E6239B69C3F385121A
:10607000827003F03F021B0B42700370704700BF39
:106080000090005007B5014601A8FFF7E8FF9DF812
:10609000063001220B804FF4807300204B80054BAB
:1060A0009B680A3303F01F0302FA03F34B6003B04B
:1060B0005DF804FB0080E00F10B5036BDC0702D530
:1060C00003695A06F9D4012200F500531A63036BE1
:1060D0009B07FCD40B794A881B0243EA82438A7AE5
:1060E00013434A7843EA8213CA7A43EAC2130A7B0B
:1060F00043EA42134A7B43EA02138A7B43EAC20320
:10610000CA7B43EAC2238A7943EA0243CA7943EA53
:1061100042430122436000F580531A630A780AB9AA
:106120000223C360002343624B790C7A1B01497A36
:1061300043EA84030B4383600AB10123C36010BDAB
:10614000012200F580531A630223C36000231F4914
:1061500000F500528360836151614FF6FF71036265
:10616000C1614CF680614362436683660367C0F891
:106170008430C0F88830C0F89030C0F8A430C0F83F
:10618000A830C0F8B030C0F8FC10C0F8EC30C0F84F
:10619000F0301F23C0F8F830036BD90702D503692C
:1061A0005B06F9D401231363036B13F00203FBD1E5
:1061B00043600366C0F88030C0F8A030C0F8E0301B
:1061C000C0F8E830C0F8E430704700BF77007707C8
:1061D0000020704747F6FF739A42F0B570D002294D
:1061E00070D8394B0B4493F8D630012B6AD8374D11
:1061F000DE0005EBC30393F8300A93F8321A012846
:1062000015D1002593F8330A401A854202D3084479
:10621000C0B2F0BD441BD3F8346AA0EB540436F985
:1062200014609642D4BF254604F1FF30EDE7D3F861
:10623000340A0028EDD0B0F90040A24204DCB0F9E5
:1062400002409442B8BF144683883544FF2B19BFDF
:10625000C8232827B0F90630B0F90870A3EB04036F
:106260000CBF0122002293FBF7F395F8316A134427
:106270001BB29E4201DD002B01DA731E1BB24FF4EC
:106280007A7C00EBC305EA88AD685F1C14FB025200
:106290001D4622EAE2723BB25C329E42B2FBFCF245
:1062A00004DD00EBC307BF88BA42EAD900EBC5039F
:1062B0009888904228BF1046884238BF0846A7E712
:1062C000FF20A6E70020A4E708C80408081800205B
:1062D0000229F0B55DD8304B0B4493F8D610012954
:1062E00057D82E4B03EBC10393F8300AD3F8341A76
:1062F000012811D193F8330A93F8324A904294BF9F
:10630000C4EB0003C4EB0203001BDBB28342C8BF33
:10631000002331F91300F0BD00293AD093F8320A76
:10632000904202D3B1F90200F5E793F8334AB1F98C
:1063300000009442EFD993F8314A8B88013CA3F1D5
:10634000FF06734201F10405E4B2734101F10C0749
:10635000DEB2B44216D805EBC3034FF47A756A4334
:10636000B3F902405B68D21A04EBD47302EB630208
:1063700092FBF4F29042CEDBB1F902009042CADC0B
:1063800010B2C8E737F833C05E1C9445E3D33346F8
:10639000DEE70348BFE700BF08C80408081800206C
:1063A0000080FFFF38B5084833F015FC38B9074CBA
:1063B000054D0FCD0FC495E8030084E80300BDE848
:1063C0003840012033F00BBCE4C804083822002018
:1063D00033F07BBD002337B50C4601A90546019378
:1063E000FCF7A4FD28B9296811F0704103D1019B85
:1063F000236003B030BDAA68B1F1004FC2F380330F
:10640000C2F34035C2F3003207D1062103EB450346
:1064100001FB0233019A5343EAE7B1F1204F04D163
:106420002B4402EB82021344F4E7B1F1304F02D067
:10643000B1F1404F01D12B44ECE72120D9E72DE900
:10644000F34705680F680446BD420E4690469A46DB
:1064500005F070492AD0B9F1004F06D0B9F1404F8C
:1064600003D0212002B0BDE8F08785EA0703B3F12D
:10647000805F0CD3BAF1000F2FD1B8F1000F18D004
:10648000A368B268534013F4E04F12D0E9E7002349
:10649000204601A90193FCF749FD0028E1D1019AAA
:1064A000C2F30E0215431743BD42DAD1B9F1000F12
:1064B000E0DB0023204601A90193FCF737FD00280B
:1064C000D0D1009069463046FCF730FD0028C9D194
:1064D000DDE900329A42C5D0C3E7B268B8F1000FD7
:1064E00003D0A3685340D904BBD49304E1D4B8E7E4
:1064F0000023F7B50B600368054603F070430B609B
:10650000C2680C46032A00F28180012A6ED812B1BB
:1065100043F000632360D5E90223900102F040714B
:1065200067D5B1F1407F67D0002B6FD04FF000727C
:10653000236823F0407313432360EA68022A07D1DB
:106540002A69032A62D823F47F0343EA02432360C3
:10655000EB68032B03D12B69F62B57D9A370AB68DB
:106560001A0442BF236843F400432360EB68032B03
:1065700009D023682A6823F4FF4323F07F03C2F382
:106580000E02134323602B68AE68002B06F480577D
:106590003EDB16F4E84F39D12B6806F4806603F031
:1065A000704303F10043B3F1804F04D21EB123685E
:1065B00043F4806323600023284601A90193FCF77C
:1065C000B5FC88B92B6813F0704139D12368019A62
:1065D00023F4FF4323F07F03C2F30E02134323602F
:1065E00017B1EB6993B10F2003B0F0BD43F08063A6
:1065F00090E7B1F1407F03D143B14FF0407297E78C
:1066000002F08072002B93D1002A91D02120EBE779
:10661000730406F400520CD4002AF7D0236843F424
:1066200000532360002FB7D0236843F480532360C6
:10663000B2E7236843F480432360002AF2D0EDE7F9
:1066400003F05043B3F1004F05D0B1F1304F02D009
:10665000B1F1404FDAD1019B2268013B03F07F0387
:1066600022F07F0213432360002FBDD0EA69002A85
:10667000CCD0B1F1004FB6D1117F61B1002EB3D0B3
:1066800043F400732360537F002BADD0236843F4A1
:1066900080732360A8E7537F002BA5D0002EA3D0E2
:1066A000F4E701234B60C368013B012B08D88269E2
:1066B000054B1AB10A6000208B607047034AF9E766
:1066C0004FF00053F7E700BF08000020FCC80408A3
:1066D000012373B5C56806469D420C464B6016D82B
:1066E000002301A90193FFF775FE70B9019B05B165
:1066F0001C3372699A4207D332696AB1226043F04F
:1067000000530020A36000E01D2002B070BD023DD8
:10671000012D01D80023F4E72120F6E7436813B9DF
:10672000416070475B685A68012AFBD15960704725
:10673000F0B5044608462178174601398BB0042984
:106740003FD8DFE801F0032A2F3439004021142517
:106750001D4E0C3400225943C0E90122026206603A
:1067600035F0A2FE012341F00051079745F0005596
:106770000893099104A90494059306950194029342
:106780000395FFF7CBFF07A9FFF7C8FF01A935F075
:10679000B1FE34F0D5FB0BB0F0BD402120250B4EEF
:1067A0000C34D7E740212025094E0C34D2E7802154
:1067B0004025084E1434CDE780214025064E143480
:1067C000C8E72120E7E700BF00020103000301033F
:1067D00000040103000501030006010370B5012355
:1067E0000E46154604468AB01A4629463046FFF73B
:1067F00026FE20B9B36813F4C04F02D121200AB09D
:1068000070BDAB6803F4C043B3F5005FF6D1224B13
:10681000A060C4E90030206207A93046FFF768FE97
:106820000028ECD12046079935F03EFE304607A9F6
:10683000FFF737FF0028E2D12046FFF76FFF304611
:1068400004A9FFF745FF0028D9D1204604A9FFF786
:1068500065FFEB68002BD1D169462846FFF7BAFDEA
:106860000028CCD1009B6A699A4213D32A6943F06D
:10687000005301920122204601A9029203250393AD
:1068800035F038FE204634F05BFB0128B7D1013DDE
:10689000F8D1B4E71D20B2E70000010210F1860F25
:1068A00006D038B19330044808BF6FF06F007047CE
:1068B0006FF07100704700BF009FFFFF07B52022F7
:1068C00001AB25F0B5FB03B05DF804EB25F094BBFC
:1068D00070B515460E4624220021044633F01EFFF3
:1068E00025F04003802B02D0B5F5807F08D12046EB
:1068F000314640F8045BEA0833F01BFF002070BD0E
:106900006FF01F00FBE7E3E72DE9F04101290546A1
:106910000E4690461F4692B041D8046824F04003CA
:10692000802B02D0B4F5807F3CD1202200210AA820
:1069300033F0F4FE1D4A1E4B0121012E08BF134601
:10694000E4080993043544F0005306950791089331
:10695000184BCDF80C8009A804910593009701917C
:1069600006A90293FFF7DAFE03A9FFF7D7FE6946EF
:1069700035F0C0FD21464FF4806435F095FD1021BF
:1069800035F092FD0C4B9C66BFF34F8F35F095FDB3
:1069900035F07AFD094B9C6612B0BDE8F0816FF0CE
:1069A0002000F9E76FF07100F6E700BF0001000476
:1069B00000010104100000200090005000A00050D1
:1069C0002DE9F04FA9B0CDE9032180461D460446CC
:1069D0000822339F28FA02F383EA08039E0702F194
:1069E000080218BF9B00202A1C44F3D18123B4FB6A
:1069F000F3F3834E03EBC313E41A96F84C3A04F511
:106A0000062404F55064002B3FD1FEF75BFC814661
:106A100000287CD10146402208A833F07FFE494679
:106A2000402218A833F07AFEDFF8F09106F5816372
:106A30000593744BCB4609F110094B4528BF4B46D3
:106A4000002603F1FF3A10225B46CDE900A6059827
:106A500008A9FDF7E1F9034608AA9E4244D10123A3
:106A60001022CDE900A368485B4618A9FDF7D4F9C8
:106A70004FF0000B824618AED3454DD1634B99457C
:106A8000D7D101225E4B83F84C2A4FF081090026B2
:106A9000DFF86CB1A4F50623A3F5506252090BEBA5
:106AA0008202D2F8EC0204F01F01C840C0074AD4A9
:106AB000D2F80023CA40D20737D58122A3F6FF437C
:106AC000B3FBF2F202EBC2129B1A002E08BF26465D
:106AD00003F50624B9F1010904F55064DAD1039BEA
:106AE0002BB326B334462AE052F8040B07930692E0
:106AF000FCF744FADDE9062301300BD10022404BBC
:106B000083F84C2A3E4B93F84C3A002BBDD16FF0E2
:106B100091000EE00136A0E756F8040BFCF74EFAA0
:106B20000130EFD00BF1010BA6E7039B23B96FF007
:106B30008B0029B0BDE8F08F002E18BF3446349B7F
:106B400000201C60F5E7329B13B10023329A1360DA
:106B50000FB100233B604FF0100A00232A46214664
:106B60002948CDF800A0FDF7ADFA002836D1329AB9
:106B7000274BF2B1C2F800A02A689A421DD02146E4
:106B80002148FEF76BF80028D1D1D5E902230499FA
:106B90008B4208BF42452AD08123A4F50624A4F6DF
:106BA000FF44B4FBF3F303EBC313E41A04F5062428
:106BB00090E72A689A42E8D0E1E7002FE5D03B460B
:106BC0002146114818AAFDF7C5FA38B9329A3B6830
:106BD000126893429BD39B1A3B60D6E70D4B9842B9
:106BE000CDD06328CBD00C4B9842CED08FE7039BFF
:106BF000002BA4D06B68012BA1D16FF0840098E723
:106C000008180020816D0800101C0020906D0800FD
:106C1000105D175EFFDF00F0FEDF00F0006D080082
:106C20002DE9F04F87B08246894698461646DDF832
:106C300040B02AB1002B52D040F26C739A4251D826
:106C4000BBF1010F51D8002406F11007394601208D
:106C50000594F0F792FA0546002849D021463A46B5
:106C600033F05CFD05ABCDE9014300942B460122D6
:106C700050464946FFF7A4FE044680B110F18C0F40
:106C800008BF6FF08D043A460021284633F046FDD8
:106C90002846F0F770F9204607B0BDE8F08F164B94
:106CA000C5E902A92B60C5F804B02EB132464146B1
:106CB00005F1100033F03DFD059E3B462A46314666
:106CC0000E48FDF725FF38B93046FCF757F901307B
:106CD00008BF6FF08604D6E76FF09104D3E76FF03A
:106CE0008604D8E76FF09104D5E76FF08504D2E70A
:106CF0006FF08C04CFE700BF105D175E101C002002
:106D000070B58CB006460D4614460021102208A826
:106D100033F004FD002205AB029307AB019306ABF1
:106D200000933046294608ABCDE90622FFF748FE1E
:106D300018B9099B6360079B23600CB070BD70B5E8
:106D40008CB00C4605461022002108A833F0E6FC62
:106D5000002205AB029307AB019306AB21460093DB
:106D6000284608ABCDE90622FFF72AFE044618BBE9
:106D7000099B012B23D0059E144D314605F58160FA
:106D8000FDF76CFFF0B9A6F50623A3F55063812B40
:106D900006F01F010ED801225B0905EB8305D5F82B
:106DA000EC328A4053403046C5F8EC32FCF706F925
:106DB000013001D16FF0860420460CB070BD6FF039
:106DC0008404F9E76FF09104F6E700BF081800208B
:106DD00020F0FF03B3F5824F06D14138C0B201283D
:106DE00094BF0020012070470020704710B5002498
:106DF000436814601B0A04D0012B0AD06FF0850091
:106E000010BD0088FFF7E4FF00B1013100201160E0
:106E1000F6E72C31FAE72DE9F04114461E460D46FF
:106E2000D4B021B31AB3038803F44F42B2F5824FB2
:106E300014D1DAB2122A11D123F0FF03B3F5E24FD5
:106E400037D14388336073B9E30033603368E02B94
:106E500010D0B3F5807F28D0C02B28D06FF08500EC
:106E600054B0BDE8F0810733B4EBD30FEED06FF030
:106E70008600F5E7744A002318462E19224412F8BA
:106E8000014D16F8011D0843091B0CBF4FF0FF34DC
:106E90000024B54203EA040343EA0103EFD10028CA
:106EA000E5D0002BE3DA0020DAE7684AE3E7684A36
:106EB000E1E7B3F5824F40F0C3800B78042BD6D1C5
:106EC00028A835F0EAFA0746002840F0B6800146C7
:106ED0008422329033A833F021FC01234FF088083C
:106EE00020223946013C20A88DF8C830013533F006
:106EF00015FC20223946259418A8E400249564083E
:106F000033F00CFC32AD2022394610A81C95CDF888
:106F1000748033F003FCE02CCDE91458346006D0C3
:106F2000B4F5807F1BD0C02CA1D14A4B00E04A4B66
:106F3000209318934FF4005322934FF480431A93F5
:106F400000230734E40864001A4620A918A8119405
:106F5000FFF775FA28B1002C89D0013C10E03F4BB7
:106F6000E6E703A920A8FBF7E1FF0028F3D1039B84
:106F70005B00882B0BD9002C3FF479AF2120013C1A
:106F80000022013C2A7005F10105FAD251E04FF0D0
:106F900060632A90CDE92830309002A918A8FFF745
:106FA000A7FA0028D7D1029928A821F4F06102910C
:106FB00035F07AFA01A910A8FFF79AFA0028CAD189
:106FC000019928A835F070FA07A918A8FFF769FBFE
:106FD0000028C0D128A8FFF7A1FB0AA918A8FFF72D
:106FE00077FB0028B7D10AA928A8FFF797FB04A9C7
:106FF00020A8FFF76DFB0028ADD104A928A8FFF752
:107000008DFB0DA910A8FFF763FB0028A3D10DA9E4
:1070100028A835F06FFA032428A833F091FF01283F
:1070200001D1013CF8D133680733DB085C00002B49
:1070300093D100283FF437AF19E76FF092000FE7C4
:107040006FF096000CE700BF1CC9040838C904089B
:1070500004C90408180000801C0000802000008083
:107060002DE9F041174600221C4643688CB01B0AEC
:1070700080460D46009204D0012B56D06FF08B0055
:107080008EE0008820F0FF03B3F5824F15D1B8F8E9
:1070900002200732D2080092FFF79AFE002800F083
:1070A000E0800B78042B05D1013FB7EB420F05F1CF
:1070B000010503D06FF0860072E00097009E224623
:1070C00031464046FBF7D8FF002869D10337C4E9B1
:1070D000030527F003076761002E00F0A48020223B
:1070E000002101A833F01AFB3146404601AAFBF704
:1070F000C3FF002840F097802368019A9A4240F02D
:1071000092806368029A9A4240F08D80A368039A45
:107110009A4240F08880A369079A9A4240F083809F
:10712000E369089A9A423BD07DE0032FC2D90B78DD
:10713000012B40F09980497800294BD0F739082974
:107140009CD801A353F821F0B17101086D710108B9
:107150007D700108A77101087D700108CB710108DD
:107160007D700108BB710108C37101084FF410560E
:10717000F8253F4F1C22002102A833F0CFFA032349
:107180000197CDE90435039601AA09AD134603CB57
:10719000AB42206061601A4604F10804F6D1002079
:1071A0000CB0BDE8F08110274FF08076FA25E1E7BA
:1071B00020274FF00076F725DCE7FE252C4F2D4EDB
:1071C000D8E7FF252A4F2C4ED4E74FF41056FC2564
:1071D000274FCFE72B2F7FF66DAF2022204633F0CD
:1071E0009DFA05F110032361AB070DD001AB05F14A
:1071F00028061A4628686968083503C2B54213464E
:10720000F7D1286801AD10606B68103F2360AB6850
:1072100069466360EB682046A36001236761E36011
:10722000FBF784FE28B120220021204633F076FAB5
:1072300040E7B8F80030009E03F44F42B2F5824FA9
:107240000DD1DAB2122A0AD123F0FF03B3F5824F2F
:1072500005D173001C339F42BFF43EAFE3E73346D2
:10726000F8E76FF085009BE76FF0910098E700BFAB
:107270002000008000440002004400032DE9F04F8C
:10728000ADB0064617460D46019379B172B14288FA
:10729000D31D072B4FEAD30800F0D180038803F4F5
:1072A000E043B3F5805F04D1520709D06FF0860444
:1072B00019E0B3F5005FF7D0B3F5804F00F0BF8061
:1072C000202200211AA833F029FA414630461AAA92
:1072D000FBF7D2FE044630B973681B0A07D0012BB6
:1072E00013D06FF08B0420462DB0BDE8F08F4745DA
:1072F000C0F0A8802A463B4622A8CDE91E2335F0DF
:10730000CCF860B16FF09204EDE708F12C039F42D6
:10731000C0F0988005F1100208F11C03ECE74FF073
:1073200000732490CDE922302A9017A91AA8FFF7FC
:10733000DFF8002867D1179922A835F0B5F81C9C12
:10734000E3044CD51A9B002B07DB6FF0920422A8B4
:1073500035F0A3F80028C6D0D4E74FF0010BDDF8D4
:10736000849002A9D9F800A0D9F80420CDF80CB077
:107370000292CDF810A0FFF7D1F9D9F8082005A99D
:10738000CDF818B00592CDF81CA0FFF7C7F9D9F8D1
:107390000C2008A9CDF824B00892CDF828A0FFF75A
:1073A000BDF9D9F810200BA9CDF830B00B92CDF86B
:1073B00034A0FFF7B3F9D9F814200EA9CDF83CB0EA
:1073C0000E92CDF840A0FFF7A9F9D9F8183011A90D
:1073D000CDF848B01193CDF84CA0FFF79FF914A950
:1073E0001AA8FFF75EF970B922A8FFF797F917A955
:1073F0001AA8FFF76DF930B917A922A835F07AF865
:1074000033F09EFD20B148289FD16FF085049EE7A0
:1074100073681B0A09D02B2F0ED901232B801A9BCE
:1074200068806B601B9BC5E9023441463046019A77
:10743000FFF7DCFC04468AE76FF0890487E76FF00A
:10744000850450E76FF08C044DE72DE9F04FA5B0AF
:107450001546DDE92EAB804689461E46309A002B44
:1074600000F0D880BAF1000F00F0D480002900F0BD
:10747000D180002D00F0CE8000230788CBF80030AB
:1074800007F44F41EB00B1F5824F136053D1F9B2CD
:1074900012290ED127F0FF01B1F5824F02BF083B40
:1074A0005B0813601368B3F5047F04BF40F209233F
:1074B000136000232A46009349466B464046FFF777
:1074C000AAFC044698BB009C38460734E408FFF742
:1074D0007FFC10B1013D09F101092022002112A811
:1074E000009433F01BF92146404612AAFBF7C4FD75
:1074F0000446E0B90AAF0DF1480CBCE80F000FC715
:107500009CE80F0087E80F00EB1C23F00303282200
:1075100021461AA80F93CDE90D4933F0FFF8D8F8AA
:1075200004301B0A09D0012B15D06FF08B042046C4
:1075300025B0BDE8F08F2C46CFE755456DD83246D3
:1075400053461AA8CDE9162334F0A7FF034658B1D5
:107550006FF09204EBE705F12C039A455DD306F139
:10756000100205F11C03ECE7012212A90AA8FEF79C
:1075700066FF18B9159B013B012B07D96FF09204E8
:107580001AA834F08AFF0028D1D0E1E74FF08073C9
:107590001C90CDE91A30229007A912A8FEF7A8FF87
:1075A0000028EBD107991AA834F07EFF01A90AA898
:1075B000FFF78EF80028E1D101A91AA8FFF7AEF86D
:1075C00004A912A8FFF76DF80028D7D11AA8FFF771
:1075D000A5F807A912A8FFF77BF80028CED107A9C4
:1075E0001AA834F087FF33F0ABFC0028C6D1BAF1FB
:1075F0002B0F15D901233380129B70807360139B6E
:107600005A46B360149B29464046F360FFF7EEFBF1
:107610000446B5E76FF0860489E76FF08C0486E7CF
:107620006FF0890483E72DE9F04FA1B08246DDE9D0
:107630002B7816A80C4691461E4634F02EFF0546C0
:1076400028B16FF09204204621B0BDE8F08F804B46
:107650002340B3F1607F78D1019001A9204624F046
:107660009FFC002800F0F180019BC4F305449C427C
:1076700072D804B10194019CBC4200F2E380B9F1DC
:10768000000F01D1002E5DD1431EDBB2042B59D86F
:10769000704A134493F850B1BBF1200F52D86E4B8F
:1076A0000EA903EB0023169300235046CDE91733B0
:1076B0001E93FEF71DFF0746002844D116A80E9919
:1076C00034F0F2FE314634F0EFFE504602A9FEF7E8
:1076D000E8FF0746002836D116A8FFF71FF85046E6
:1076E00005A9FEF7F5FF074668BB012716A805A9FF
:1076F000FFF714F846F0005608A9CDF82090099736
:107700000A96FFF70BF80EAB0B930BA94BF0005347
:107710000C970D9334F0EEFE33F012FC074690B94F
:1077200022462A980EA933F004F80022C8F8004037
:107730000EAB5A550135202DFAD1212F7FD16FF094
:10774000860470E021270024EFE714F47C1FC4F3C3
:10775000054504D0102D03D96FF0860473E710257A
:10776000BD426FD83D4B24F47E149C426DD1002362
:10777000CDE90E33CDE91033B9F1000FDFD0DAF8DF
:107780000020103A102ADAD8354921FA02F2D2073D
:10779000D5D5344A50460BA9CDE9162318931E932C
:1077A000FEF7A6FE0446002844D116A80B9934F033
:1077B0007BFE314634F078FE504602A9FEF771FF99
:1077C0000446002836D116A8FEF7A8FF504605A9A2
:1077D000FEF77EFF044668BB012416A805A9FEF744
:1077E0009DFF46F0005608A9CDF8209009940A960E
:1077F000FEF794FF1C4B0BA90EAE0B960C940D9349
:1078000034F078FE33F09CFB044698B92A463146A2
:107810002A9832F08EFF234633550134102CFBD1C9
:10782000C8F80050002416A834F037FE00283FF4B2
:107830000AAF06E7212C82D06FF09204F3E7002F05
:10784000FAD1EFE76FF08904FDE66FF08504FAE600
:107850000000C07F08C80408000102030002C00342
:1078600001010100000004041000002070B506466C
:1078700014460D4669B13822002132F04FFF084B03
:107880009C4209D12B88B3F5105F05D100203460EC
:1078900070BD6FF08600FBE76FF08500F8E700BF72
:1078A0000002C0032DE9F04F064689461C4690466B
:1078B000A5B042B9002B0CBF00246FF0860420460F
:1078C00025B0BDE8F08F002BF9D01AA834F0E5FD03
:1078D00010B16FF09204F2E733685A4A23F47E1332
:1078E000934240F0AC80726BA3181B09B3EB121FDC
:1078F00002F00F0700F09180534B1C90CDE91A3035
:10790000229017A94846FEF7F3FD054600287DD1D1
:1079100004EB070B1AA817992BF00F0A34F0C4FDDB
:10792000514634F0C1FD484602A9FEF7BAFE0546AD
:1079300000286BD11AA8FEF7F1FE484605A9FEF70C
:10794000C7FE0546002861D14FF001091AA805A914
:10795000FEF7E4FE3D4A331D08A90893CDF82490B4
:107960000A92FEF7DBFE47F00051AAEB070706F18B
:10797000140347F000570B93CDF830900D91CDF8DC
:107980003880CDF83C9010970D99019321F000516B
:107990000D910BA9FEF7C2FE0EA9FEF7BFFEAAF1DC
:1079A00010012A4A41F000511195CDF848901391E9
:1079B00006F124011491CDF854901692139941F0D8
:1079C00080411391139921F00051139111A934F0C2
:1079D00091FD14A934F08EFD1C4A331D17A917938D
:1079E000CDF86090199234F085FD33F0A9FA054680
:1079F000019BAAEB0B0121441846ABEB0A02414460
:107A000032F097FE736B2344736385B1212D14BF4D
:107A10006FF092046FF086040AE006F1140022462B
:107A20004146384432F085FE736B2344736300246F
:107A30001AA834F032FD00283FF441AF49E76FF057
:107A400088043CE70002C003030200041000002089
:107A50002DE9F04FA3B0054618A8884692461E4669
:107A600034F01BFD814628B16FF09204204623B00C
:107A7000BDE8F08F2B68102E28BF102613F47C1F52
:107A8000C3F3054202D0964228BF16464C4A23F45F
:107A90007E13934240F090802822002118A832F0F3
:107AA0003DFE0023CDE91433CDE916336B6B05F1B0
:107AB000040B0F2B62D80023424A404611A9CDE99E
:107AC00018231A932093FEF713FD0446002861D172
:107AD000119918A834F0E8FC6F6B0F2F8ABF07F0DC
:107AE0000F013946103134F0DFFC404602A9FEF7A1
:107AF000D8FD044600284DD118A8FEF70FFE4046D9
:107B000005A9FEF7E5FD0446002843D105A918A8FC
:107B1000FEF704FE01232C4ACDF820B009930A9207
:107B200007F00F02143542F000520B950F2F0C9303
:107B30000D920E950F9347F0005310933AD90A9B7C
:107B400008A923F000530A93FEF7E8FD0BA9FEF7FE
:107B5000E5FD012314AD119512931B4B11A918A833
:107B6000139334F0C7FC33F0EBF9044690B9324676
:107B70002946504632F0DDFDB14611E00122414672
:107B8000CDF800B005F1240318A824F025FB044625
:107B9000002890D0212C14BF6FF092046FF086045F
:107BA0002C9B18A8C3F8009034F077FC00283FF411
:107BB0005DAF59E70EA9CAE76FF0880456E700BF2A
:107BC0000002C0030000040410000020038803F436
:107BD0004F42B2F5824F13D1DBB2122B21F0FF01DD
:107BE0000ED1438823F02002C02A02D0B3F5807F53
:107BF00006D1B1F1062F0CBF00206FF08500704751
:107C00006FF0850070472DE9F04FA3B00F46DDE916
:107C10002C95DDE92FBA90461E46044628B96FF030
:107C20008607384623B0BDE8F08F0029F7D0002A38
:107C3000F5D0B9F1000FF2D0002DF0D02E9B002B23
:107C4000EDD0BBF1000FEAD0BAF1000FE7D026F07B
:107C5000FF03B3F1062F40F08C802022002110A8F2
:107C600032F05CFD39464246204610ABFFF7F8F98A
:107C700007460028D5D1238823F0FF03B3F5E24F50
:107C8000CDD131462046FFF7A1FF07460028C8D1D5
:107C900063880733DB08BBEB430F4FEA43046BD326
:107CA00018A834F0FAFB002859D1109E344B06F086
:107CB0007046B6F1404F18BF4FF0C0630DA910A831
:107CC000CDE918371A972097FEF712FC002849D102
:107CD00018A80D9934F0E8FB294634F0E5FB01A91A
:107CE00010A8FEF7DEFC00283CD118A8FEF716FD10
:107CF00004A910A8FEF7ECFC002833D14FF00108CE
:107D000004A918A8FEF70AFD45F0005507A9CDF80B
:107D10001C90CDF820800995FEF700FDB6F1404F8C
:107D2000CDF82890CDF82C800C9502D10AA9FEF749
:107D3000F5FC2E9B0DA90D93012318A80E9344F07A
:107D400000530F9334F0D6FB33F0FAF850B9CAF869
:107D5000004018A834F0A1FB00283FF462AF6FF098
:107D600092075EE7012814BF6FF092076FF08B0750
:107D7000EFE76FF0850754E76FF0890751E700BF21
:107D8000000002062DE9F04190B0164698460D46D7
:107D9000179F01B96AB9B8F1000F0AD0244B984275
:107DA0000AD00133984240D06FF0850010B0BDE892
:107DB000F0816FF08600F9E71C2302243B6006A8DF
:107DC00034F06BFB70BB05B956BB1A4B2202013C69
:107DD000E4B21C5D169B02F14072A34202F5807270
:107DE0001ED3002306A831460692CDE907330E9331
:107DF00034F05AFB012346F00051009544F0005442
:107E0000019302916946CDF80C8004930594FEF726
:107E100085FC03A934F06EFB33F092F80028C5D03E
:107E200000233B606FF09200C0E720230324C5E7E6
:107E30000800000258C9040838B50D46044698B336
:107E4000D4220021043032F069FC194B9D4205D048
:107E500001339D4216D06FF0850038BD0223237098
:107E60000023C4E90233134B04F1100203F1200193
:107E700053F8040B8B4242F8040BF9D10223002083
:107E80002371EAE7032323700023C4E902330A4B7A
:107E900004F1100203F1200153F8040B8B4242F865
:107EA000040BF9D10323EAE76FF08600D5E700BFA2
:107EB00008000002C6C70408E7C7040808B5C1F1F6
:107EC00000710931FFF7B8FFBDE8084024F094B80D
:107ED0002DE9F0470F46144605468AB0002800F009
:107EE000888061B9002A40F08480684634F0D5FA71
:107EF00000287CD06FF092000AB0BDE8F087684699
:107F000034F0CBFA0028F5D1002C70D02B79032B5C
:107F100032D8002BEED04026D5F808C005F1080273
:107F200005F13009134614EB0C0143F8041B4FEA2A
:107F3000D6082CD2424453F8041B0029DAD19A42C5
:107F4000F9D106F1FF3808EA0C080435A6EB080A57
:107F5000B8F1000F2CD1544543D3B4FBF6FA3A469E
:107F6000534669462846FEF7E3FB0028C2D10AFBC8
:107F700006F31F44E41A33E0043B012BBAD88026F1
:107F8000D5F808C005F1080205F15809CAE71846F6
:107F90005168A2F1040E01315160C6448645C9D032
:107FA00050F8041B0029F9D1016801310160F5E79F
:107FB000544501D2B442CFE75246394609EB080096
:107FC00032F0B7FB01234A4669462846FEF7B0FB6C
:107FD00000288FD1A41B4444A64280465744BCD9F4
:107FE0002CB12246394609EB080032F0A2FB0020F2
:107FF00082E76FF086007FE708B5FFF769FFBDE80D
:10800000084023F0F9BF08B518B1D822002132F09A
:1080100085FB002008BD2DE9F04120270446884655
:1080200015468CB03A46002104A81E4632F076FB75
:108030002388CDE90885B3F5885F27D0B3F5105FB5
:1080400004D06FF086000CB0BDE8F0816388C02BCF
:1080500017D0B3F5807F16D0802B1BD11023CDE92C
:108060000433059B9D42ECD3169B31460293159B2E
:1080700004A80193149B0093DDE91223FFF7D3FAC0
:10808000E1E71823EBE7CDE90477EAE76388DB084B
:108090000593E6E76FF08500D5E72DE9FF47DDF8AA
:1080A00030900F4615461E46044690B189B102B97C
:1080B0007BB94FF4AE720021204632F02FFB4C4BBF
:1080C00009EA0303B3F1607F5DD13B88B3F5885FB4
:1080D00002D06FF0860025E05FFA89F848F000785A
:1080E00004F1040A41465046FFF7A6FED0B979884C
:1080F00008F17E430A3B022B4FEAD10234BF8027AE
:108100004027B2420392E4D8BA4204F1DC060CD90B
:1081100003AB019380232946009340463346FFF783
:1081200031FE40B104B0BDE8F087072903D92946E4
:10813000304632F0FEFA04F1DB052B46039A02F1D9
:10814000DB0121448B4218D102F1DC003621BA1A3E
:10815000204432F0E3FA3A4631465046FFF7B8FE83
:108160000028DFD12F4415F8013F83F06A03BD4298
:108170002B70F8D1C4F80090D4E713F8010F80F009
:1081800036001870DEE74A4639462046FFF76EFB98
:108190000028C7D17B88DB08182BA3650FD0202BC4
:1081A00019D0102B95D10F2E93D9383405F1100327
:1081B00055F8042B9D4244F8042BF9D1B2E7172E51
:1081C00087D9383405F1180355F8042B9D4244F83B
:1081D000042BF9D1A6E71F2E7FF67BAF383405F1CB
:1081E000200355F8042B9D4244F8042BF9D199E75C
:1081F0000000C07F70B5044616460D4688B001B930
:10820000F2B92268104B1340B3F1607F06D13246B9
:108210002946201D08B0BDE8704059E60021202203
:10822000684632F07BFA21466846FAF7F5FE28B92F
:1082300033462A4669462046FFF734FB08B070BD36
:108240006FF08600FAE700BF0000C07F2DE9F0471D
:1082500017469846354A036805461A40B2F1607FD2
:108260000E46B4B04CD100225FFA83F949F0007990
:1082700009F17E430A3B012B03923BD900F1DC0C50
:10828000634604AC00F58E7E2246186859680833B0
:1082900003C273451446F7D18022002160460DF1D8
:1082A0000C0A32F03BFA5346802214A9281D23F011
:1082B000BFFE0446D0B9C023039A009304AB19460D
:1082C0004846CDF804A04032FFF75CFD044668B98B
:1082D0006D8815F03F0508BF039DBD420DD82A46A5
:1082E000304604A932F025FAC8F80050204634B0D0
:1082F000BDE8F0876FF08804F8E76FF08904F5E7D0
:108300002022002104A832F009FA294604A8FAF72D
:1083100083FE04460028E9D13B4632462846CDF884
:10832000008004A9FFF794FB0446DFE70000C07F4C
:108330002DE98048BFB020A8FDF791FE9DF881305F
:10834000012B14D19DF880308BB94FF48012B04BC3
:10835000B049586E03F580535A664B6B23F0E053D7
:1083600043F040634B63C3025CBFAB4B5A66EFF311
:108370001183302282F31188A84C94F88026002AB9
:1083800040F05C83012284F8802683F31188BFF3D8
:108390006F8F6FF004035021A148A24D13F0800F9E
:1083A00003F1010240F012832B444C2A83F800139E
:1083B0001346F3D14FF0004807224AF6CD369A4FC4
:1083C0009A499B4BC7F864804D6C0B200E64DA63AE
:1083D000FAF746FD4B68974823F4F87343F480732B
:1083E0004B6040F209138B6040F203130B610023D2
:1083F000C7F864804A6C05F0010502F001020E64C2
:108400000E6B370740F12183834240F01C83874B7A
:10841000002A40F02D830DB1874A1A644FF00042C4
:108420007B4B82495D6E03F580535A664AF6CD3325
:108430004E6C80200B64FAF713FD0B6AF00723F0F3
:108440000F0343F009030B6248BF7B4B7B4848BFD7
:108450000B64002DA2BF4FF000426F4B5A6634F000
:1084600069F8774AD2F84C3113F4802300F0038383
:108470004FF07E6292F89C3092F99C20002AB8BF9F
:108480002C234FF40001684A022051664FF4D15169
:1084900002F5B83251626B494F2B486028BF4F2319
:1084A000012001F58051DBB24860116911F480317F
:1084B000FBD143F48073536140F201439360604BFE
:1084C0005160D3F84C21120340F1D882A3F5FE434A
:1084D0001D88B5F5807F28BF5F25DFF890B15A4B26
:1084E0009BF90B60CBF80430494B2E441B6F86F38D
:1084F000080603F00703032B01D132F003FD1EF041
:108500000FF803284BD04FF48012474B4FF0A06177
:108510005A6645F60E033F4AC2F880304B4B9962CB
:108520004FF4803103F580539962936DDB03FCD4E3
:10853000936D5F00FCD4464B1361936903F00043D5
:1085400043EA064343EA052343F0007343F03C0348
:108550009361136A23F00F031362916A3D4B0B4042
:1085600043F4803393623C492A4A936D31EA030312
:10857000FBD14FF0807135488162136923F4700399
:1085800043F4401313614FF000434FF48032836192
:10859000324B99629A621F4A936D5800FCD44FF493
:1085A000C022274BD3F898501F4B5A6603F59833D7
:1085B0005A68012A00F066821DF0B2FF05280CD12E
:1085C00000212748FDF70EF9114A136F43F4806329
:1085D00013674FF48032144B1A67DBF80060214BAD
:1085E00025F040759E4202D81D4821F01DFC1E4B0F
:1085F000DA6812F0060FFBD19A689D6099684D40C9
:1086000015F4F81F0EBF164D9A60354630E000BFD6
:10861000008000500040005A00A0005008180020C0
:1086200000ED00E000E100E0009000500040095043
:108630000040005040420F003254FFFFC4C80408FD
:108640000080E00F00100250C01753020050005A83
:108650002008C00BC7FFFEFE030001000060005AA7
:1086600000B4C404FFB3C404000001508C7900209E
:1086700008BFCBF800501DF053FF05281DD132F084
:1086800041FC0746FCF726FE0128D4BF012100214A
:108690003846FDF7A7F84FF4C070FCF741FECF490C
:1086A000CF4A884294BF00200120136F23F48063D7
:1086B00043EA80231367FCF7F1FFB54202D800209C
:1086C00021F0B2FB4FF40022C64DC74BC748D3F888
:1086D000C0306A664FF0B44223F04073936033F0C9
:1086E00029FF4FF4800302226B66C14B5A609E68DB
:1086F00016F48036FBD1BA4D5E6202205E6021F036
:108700005FFB2F6F3146C7F380277B1CB94884F885
:108710008136FDF767F84FF480322B6F43F48063A6
:108720002B67B04B1A672B6F23F0070343F003034B
:108730002B6732F0E7FB8046FCF7CCFD0128D4BF65
:10874000012131464046FDF74DF8002021F06CFB39
:108750002B6F23F4806343EA87232B67FCF79EFF8C
:108760002B6FA54923F474432B67D1F8FC209D4857
:1087700012F0807240F08C81D5F8803023F0030332
:1087800043F00103C5F88030C0F88020944B4FF4CB
:108790008031D3F82021994822F0070242F00202EA
:1087A000C3F82021D3F8282122F0070242F0020268
:1087B000C3F82821D3F8802122F0030242F00102FD
:1087C000C3F88021D3F8402122F0030242F00202D4
:1087D000C3F84021D3F8602122F0030242F00202E4
:1087E000C3F86021D3F8402222F0030242F00202D3
:1087F000C3F84022D3F8002222F0070242F002021E
:10880000C3F80022D3F8082222F0070242F0020245
:10881000C3F80822D3F8702222F0030242F00102CA
:10882000C3F87022D3F8202222F0070242F001029E
:10883000C3F820226B4A5D6E5166426A22F0010243
:108840004262EA035CBF6E4A51664FF0E0210A695A
:1088500042F004020A61D3F8602222F0070242F0DB
:108860000102C3F86022D3F8942222F0070242F0FA
:108870000102C3F89422634B5A6F42F001025A6717
:10888000DA6E22F03002DA66EFF31186302383F3DA
:10889000118894F88256002D42D15B48C4F888565E
:1088A000C4F88456C4F88C5633F044FEBFF34F8F9F
:1088B0005648FAF72DFB4368012B00F00181C56093
:1088C00033F018FD00270F220125514B4F48DFF8E8
:1088D000688187645A641A64FAF71AFBC8F804506E
:1088E000056132F023FB08224A4B87614320C3F81D
:1088F0008821EEF73AF9C8F84450EFF31188302395
:1089000083F311884FF4E060FCF70AFD024688F318
:108910001188BFF36F8FC4F89006002840F0DE8006
:1089200086F31188BFF36F8FEFF732F9324A3A4D71
:10893000D2F8C03023F0FF0343F0A003C2F8C030E8
:10894000364BD4F878049D4200F1010140F0D1800B
:10895000334BC2F89800C2F89C3003F57F3303F222
:10896000FE33C2F8A030C4F87814BFF35F8F05223D
:10897000214BC3F894205A6A42F480325A62BFF302
:108980004F8FBFF36F8FBFF34F8FBFF36F8FF1F731
:108990003BFDFAF7F9FBD4F81453382205F5B45629
:1089A00000212048143631F0B9FE1E49012230461C
:1089B0001D4B00950FF0FCFC0146002800F0BB8029
:1089C00085211A4B1A4A1B4830F008FA03F00F03AE
:1089D000043B034419761346E0E400BF80F0FA023A
:1089E00000800050009000500080E00FC8C80408CC
:1089F0000040025000B4C40400ED00E000C0075085
:108A000000A0005000400050C4C8040800800A5074
:108A100000A00A5000E100E08079002020790020C9
:108A200003000020201B0020BB3201087FC6040881
:108A3000CCC8040896C6040800900A5083F3118835
:108A4000BFF36F8FB6E40133DAE483423FF4DFAC67
:108A50002021B14B99620121A3F580535960AF4B9E
:108A6000AF49886A86063FF5D2AC013BF9D1CEE426
:108A7000AC4A1A64CFE4D2F8502102E5D3F8505141
:108A8000EDB22AE5A8494A605A689107FCD493E5FB
:108A9000D1F8FC3023F08073C1F8FC30D5F8803079
:108AA00023F0030343F00103C5F880300023C0F82E
:108AB0008030D1F8FC3043F08073C1F8FC3065E6BB
:108AC0004168012902D0FAF723FAF8E6436832F048
:108AD0002DFA02230361954B5960F4E73B4640F2BF
:108AE000E73193482FF0EAFF84F88256C4F89406E1
:108AF00016E723F01F03203BB3F1005F0AD3C2F84F
:108B000098008C4843F00103C2F89C00C2F8A030E2
:108B1000C4F87814884BD4F87814884A23F01F03DB
:108B200043F00303C2F89810C2F89C30844B013123
:108B3000C2F8A03017E7102220A831F0EFFD40F670
:108B4000C233ADF89030012330467E4920AA84F824
:108B50004C330FF085FB18B18B217B4B7B4A32E7FE
:108B60007B4C002D00F092807A4A05F58053C3F8C3
:108B7000342AC3F8380AD3F8403A43B905F5CE5041
:108B800010300FF023F92846734908F0E3FC40F653
:108B9000C233724A7249D4F8140327F029F840F618
:108BA0002A23704A7049D4F8140327F021F8D4F826
:108BB000143303F5405292F84C2B002A6AD1D4F8B2
:108BC00014330393002320934FF0010384F8983665
:108BD00094F8983603F0FF085BB1644D80220021C1
:108BE000284631F09BFDD4F8BC65002E65D184F891
:108BF0009866EFF7CDF8039B03F540530893EFF326
:108C0000108072B6B4F8A66833F039FC002E40F03C
:108C1000FC804FF4F85032F0B7FC18B34FF480707A
:108C200032F0B2FCD4F860790546002800F00987DC
:108C30003B6831461B784FF4807013F0200F4C4D89
:108C400008BF002532F08AFC32460023C7E904330E
:108C5000039B03F5405393F84C3B1BB12946384620
:108C60001FF0C2F894F86439012B40F0268794F87D
:108C70006539022BDAB240F02087002384F8653989
:108C80009BF83C30FF2B40F00187FEE7394830F07D
:108C9000EDFC8CE700265D685E60002D8FD0686873
:108CA000854205D043686B60036846609847F6E7E5
:108CB00028462B686E60984781E720AB80222946C2
:108CC000D4F8B005B0474FF0000384F89836002878
:108CD0008FD1BDF88060DFF8A0902E4405F1CC075D
:108CE000AE4286D92B780D2B60D047D8082B47D0C1
:108CF0000A2B57D0B4F89A36B3F5FF7F00F2808084
:108D00000121284627F0FDFCB4F89A362A78591C30
:108D1000A4F89A16234442E00060095041420F0033
:108D2000004009503254FFFF00E0015000A00A50FB
:108D300018FCFFFF030000209F79002000ED00E0F9
:108D4000E1FF0320201B00207FC60408CCC80408D4
:108D50000818002075320108A7C60408BEC604081A
:108D6000CEC60408DCC60408EDC60408D81D0020E1
:108D7000581E0020FBC60408D9C804087F2BB9D1AF
:108D8000B4F89A36E3B303219B4827F0BAFC0022DB
:108D9000B4F89A36013B9BB2A4F89A36234483F880
:108DA0009C262DE094F899360D2B29D002214846B7
:108DB00027F0A7FC00221046B4F89A36E11881F893
:108DC0009C26F91833B90AB1A4F89A36D4F89C084D
:108DD00080B9FEE711F801CDBCF10A0F02D0BCF159
:108DE0000D0FF0D15A1E93B214FA82F282F89C064B
:108DF0004246E7E7394609F01DFC0023A4F89A36FD
:108E000015F8013B84F899366AE74FF0000384F8BF
:108E1000A038EFF3108072B6B4F8A61811B933F089
:108E20002EFBFEE7B4F8A43804EB8302D2F8B0A816
:108E3000B4F8A8280133B3FBF2F502FB1533A4F80C
:108E4000A4384B1EA4F8A63833F019FBBAF1000F72
:108E5000E7D09AF80C3094F80729C3F3800363F342
:108E6000410284F807299AF80C30002003F0FB0334
:108E70008AF80C3094F80729DB0963F3000284F8C0
:108E800007299AF80C3003F07F038AF80C309AF81F
:108E9000013084F8F638534613F80C2BA4F8F42864
:108EA0003C22C4F8F0389AF9033084F8053984F884
:108EB00020399AF8023084F8063984F821399AF872
:108EC000043084F8183902FB034393F82429D3F8BB
:108ED0002C39DAF80810C4F8003984F8042932F083
:108EE0006FFD039BCBB194F81839444D049344486B
:108EF000F6F744FAA8B10378C3F38302032A10D12A
:108F00009B070ED4D4F8F00827F050FDB4F8F468AD
:108F100000F44050092E04D918B9504625F02EFB14
:108F20006DE6089B93F84C3B002B00F02783D5F8A7
:108F3000903E94F8A068002B54D0A6B3B5F8703ECC
:108F40009F0609D594F80739980705D594F80419B0
:108F5000D4F8000921F09DFC4FF000038DF8483053
:108F60008DF85430D5F85C3F0133C5F85C3F083EBE
:108F7000152E00F26085DFE816F040055E055E05FF
:108F80005E055E055E055E055E055E0546054C05F3
:108F90005205290158050F015E055E055E055E0557
:108FA0005E055E059B023146D5F8942E144898471D
:108FB000B5F8703E990608D4D5F85C2FB5F8DC3EBC
:108FC0000132FBB98DF8483024E094F807399A074C
:108FD000F2D594F80419D4F8000921F05AFC002EB7
:108FE000EAD0B9E7B5F8703E9F06F8D594F807398E
:108FF0009B07F4D5EDE700BFDBC80408A8380020C4
:10900000F820002094F807399807C3F340013ED4B4
:109010008DF848104FF000038DF8543095F83C3E21
:10902000C5F85C2FD90740F106858B48F6F793F910
:10903000064600289BD110A98748F6F731FB8648E1
:1090400013A9F6F705FB9DF848709DF8549027BBCF
:10905000B9F1010FC8464DD1BDF84C30B5F8760EC8
:10906000834229D03E464FF6FE72B5F8780E904204
:1090700001D083421FD095F83C2E520740F18C80DE
:109080004FF6FF72934240F08780184613E0724B10
:109090009B68C5F8EC3E002394E710A821F02AFC59
:1090A000B9F1010F0646C84625D1BDF84C30B5F8D8
:1090B000760E8342D7D1D6B9012127F07BF9064637
:1090C000A8B1DFF8AC8198F8B36016F002060ED0B4
:1090D00098F8B130022B65D1002210A920A827F002
:1090E000A9F820A908F60C2017F04FFC06464FF00F
:1090F000010803E03E46B9F1020F47D056480DF192
:109100002A01F5F797FE48B94FF6FF72BDF82A30ED
:10911000934203D0B5F8442E9A423DD1012F45D059
:10912000022F4DD04146BDF84C0027F043F90028EE
:1091300052D0D5F8643F0133C5F8643FD4F8F00845
:1091400027F04FFC002800F0018143480CA9F5F7F7
:1091500019FF9DF83030052B40F04F8420A93E4880
:10916000F5F730FF3C480EA9F5F71CFF9DF8388055
:10917000B8F1080F36D0B8F1100F7BD0B8F1000F5E
:1091800040F03B844746354A10A976E0344913A89D
:10919000F6F720FA0028B1D1D5F8803F0133C5F8A1
:1091A000803FEBE14FF001080026A7E7002E00F01A
:1091B00036843068716810AB03C302238DF84830E1
:1091C000274910A8F6F706FA0028ABD0D5F8903F4B
:1091D0000133C5F8903FD1E1D5F8603F0133C5F8C0
:1091E000603FABE7002E00F008841B4817A9F6F794
:1091F00046F89DF85C30D5F8D07D013BDBB207F036
:109200007F0293428DF85C3020D07A1E02F07F01FD
:109210008B421DD0013707F07F02934240F0ED836F
:10922000104AB37F03F00F03072B0DD1B369BB4284
:1092300000F2E38308D1209BF168581C814200F0C2
:109240004481994200F2D98310A916E0064AE8E762
:109250001746064AE5E700BFF8200020C446002074
:109260002247002060470020504700204047002050
:10927000A84800200027AE49AE4AAF48F6F732F9B9
:109280000290002840F0B983B8F1080F5ED1B37F97
:1092900003F00F03072B47D0A74810A921F08EFF3A
:1092A000A64B93F8AC30DB075BD43046A24924F0E0
:1092B000D7FED4F8F078384627F093FB002861D029
:1092C0009D4817A9F5F76EFE9DF85C30082B59D123
:1092D000B37F03F00F03062B04D0072B13D0012B11
:1092E00040F09D833B7803F00703032B40F0A383FA
:1092F00020A81DF019FA002840F09D839DF88030C9
:10930000042B40F098833B7803F00703012B39D1FD
:10931000B37F7F2B36D83046F5F72DF8002831D0B3
:109320000BF00AFDB0602DE0B3697269BB421EBF4D
:10933000029BB7613361209B0133934288BF736105
:10934000F360D5F8D03D9F4200F2B98000237A48FF
:1093500010A9029321F032FF784B93F8AC30DF076D
:109360000ED5764BD4F8F00893F8AC206FF3C60214
:1093700083F8AC2027F01AFBC00601D525F0B8F819
:10938000002E92D195F83D3E022B00F0A480062BD2
:1093900000F0AD80012B40F0B880D4F8F078397837
:1093A00011F0070140F09780D5F8703F0133C5F800
:1093B000703FD5F8643E002B77D020AE3C2230467B
:1093C0008DF8641031F0AAF93B7859076DD117AFC9
:1093D00039465948F6F764F9002866D19DF864309B
:1093E000022B62D197E8030086E8030052480DF192
:1093F000B201F5F791FD20B14F480DF1B201F5F73B
:1094000019FD94F8F6384C488DF8B63094F80539C3
:109410008DF8B73094F806398DF8B830F5F7C0FFFD
:1094200080464548F5F7AAFFB8F11D0F074636D923
:1094300040F6FF7302889A4231D183787BBBC378B0
:109440006BBB0379032B2AD142799DF8B9301209FD
:1094500062F303038DF8B93042790EA962F38613E3
:109460008DF8B93043799DF8B920C3F3C00363F395
:109470000412831D0E93102322A88DF8B9208DF8B5
:109480003C30F7F7BCFA22A8F4F7FEF968B1D7F838
:109490001630CDF89930D7F81A30CDF89D303046D7
:1094A000D5F8643ED5F8681E9847029B002B65D01E
:1094B000234AD2F8843F0133C2F8843F5EE003229E
:1094C000394620480FF016FD40E795F83D3E062B43
:1094D000EED11D233BE795F84C2E95F8463E9A4277
:1094E00013D0D5F8783F0133C5F8783FDDE79DF814
:1094F00054303BB11448F4F724FA002385F83D3E7C
:109500001DF0ECFF029B002BD2D1D4F8F0783E780E
:1095100006F00706012E00F07981032E16D0002EEA
:10952000DFD1D5F8703F0133C5F8703F84E000BF4C
:10953000BAC8040850480020F8200020A84800209D
:10954000A838002074460020B44700200EA81DF063
:10955000EBF89DF83830042B1CD0072B67D1D5F8D9
:10956000743F0133C5F8743F95F83C3EDA0705D5E2
:10957000DF0603D53146B048F4F771FF94F8183987
:10958000002B7FF4CAAC049BFF2B7FF4C6AC0023F6
:109590000493ACE4D5F86C3F38460133C5F86C3F12
:1095A00000238DF8883027F01CFA0028E6D0A34E5F
:1095B00096F8B130012BE1D0A14820A9F6F770F858
:1095C00007460028DAD1012220A917A826F032FE8A
:1095D00017A906F548700FF013F980460028CDD082
:1095E0000BF0AAFB88F81F70C8F8080094F8072948
:1095F000B8F83E30D007C3F30D030AD4002BBDD01A
:109600009DF88830012BB9D10121404622F0FAFAA9
:10961000B4E7B36923B9C6F8188021F0B6FAADE70C
:1096200098F8463043F0200388F84630A6E7D5F88E
:10963000783F0133C5F8783F00238DF8A8308DF8C6
:10964000B2308DF8F03095F8EC3F990740F1CA81BF
:109650007B48F5F793FE06467948F5F7A1FE28A961
:10966000ADF8840076482096F6F71AF8002840F006
:10967000B9810DF1AA017248F5F7EAFF0146002809
:1096800040F0B081182222A831F048F86C4822A995
:10969000F5F742FC18B16A4822A9F5F7CBFB0DF1AA
:1096A0005C0949466648F5F7C5FB18B1BDF8883036
:1096B000ADF85C304FF6FF72BDF85C30D4F8F008BE
:1096C0009A1A534253419DF88D2063F341028DF85D
:1096D0008D2027F086F980B149465948F5F762FC9C
:1096E0009DF85C3013F0F70F0CBF012200229DF8AB
:1096F0008D3062F300038DF88D3094F8F638514EBA
:109700008DF88A3094F80539D6F86C298DF88B30AD
:1097100094F806398DF88C3006F664139A4214D00A
:109720009DF88D30DB0710D5A6F5805393F8B13046
:10973000022B0AD128A821F0DDF8A6F57163834237
:1097400003D106F65C100FF014F8D4F8F03893F853
:10975000008008F00708B8F1010F40F04381BDF820
:109760008460209F042E57D93B7803F0C003802BE0
:1097700053D19DF88D3013F00103069300F0328130
:109780004B46324639460CA80FF074FE002840F0D4
:109790002981BDF85C308DF8A880F61A1F44BDF809
:1097A000A030ADF884600793BDF8303020AEADF83E
:1097B000A030BDF832303046ADF8AA3020978DF891
:1097C000B2801FF05FFD1D4BBDF8AA10B3F8BE308C
:1097D0008B4206D0084605911DF034F805990746DE
:1097E00090B3BDF884203046032A209B05D91B780E
:1097F00003F0D803C02B00F0FD800DF094FD00288D
:1098000000F0F08030461FF0ADFEEBE0D5F8683F89
:109810000133C5F8683F0FE705D13B7803F0D80363
:10982000C02B00F0E68020A80DF07DFD002800F0A0
:10983000D98020A8E7E700BFE4460020A848002020
:10984000F8200020A85800209DF834300593002B04
:1098500000F0C8800B90084609918DF829801DF012
:10986000A1FB079B099998420BD1A44B890A03F6E7
:10987000082015F0ACFF20B126F0A3FAA04816F09E
:109880009DF830460FF04CFE18B117280DD00B98FC
:10989000A6E0BDF8AA002DA91DF094FB28B9BDF8DB
:1098A000A0002DA91DF030FBF1E7059B96E8030011
:1098B000013B1790ADF860100EA831468DF834309A
:1098C0000FF01BFE002843D1BDF83C30002B3ED0EA
:1098D000BDF83A10BDF8A00021F088FB002842D066
:1098E0004379C3F301038DF82930BDF8A070BDF8AA
:1098F0003A80384641469DF8296021F077FB0028E0
:1099000074D1BDF83C3073BBDFF814C20CF50052C3
:1099100092F89010102926D04B1C82F89030062324
:109920004B431A4463441786A2F8328003F5005370
:109930009A8E06F00306360222F4FF6222F0070236
:1099400046F0F00616439E8624F024FB0BE0069FAB
:1099500030460FF0E5FD30B930460DF129010FF02A
:1099600027FE002FC1D199E80300ADF88410012132
:109970009DF82930ADF85C10002220908DF85D3004
:1099800060484B46F3F7C8FD01460BA80DF0BEFC3E
:109990000B9E002E3FF47BAF0EAB17934FF4C0230A
:1099A00049460CA8189326F0E5FB3046BDF8602028
:1099B0001799F3F79AFC00287FF469AF3046BDF899
:1099C00084202099F3F791FC00287FF460AF3046A3
:1099D00022A9F3F7DEFA4846179620F087FB17987E
:1099E00026F002F94848F5F7D1FE5EE5F022027153
:1099F000B9E720A81FF002FDF4E7D5F8943F013342
:109A0000C5F8943FBAE5D5F8983F0133C5F8983FBB
:109A1000B4E5D5F8883F0133C5F8883FAEE5D5F801
:109A20008C3F0133C5F88C3FA8E5D5F87C3F013366
:109A3000C5F87C3FA2E5D5F89C3F0133C5F89C3FB3
:109A40009CE54FF4007031F09FFD064638B1294681
:109A50004FF4007031F082FD0F22FFF7F6B84FF49B
:109A6000806031F091FD054640B131464FF4806091
:109A700031F074FD35460E22FFF7E7B801464FF48A
:109A8000805031F06BFD0B22FFF7DFB8039B94F899
:109A9000660903F5405393F84C3B40B253B11B4B5E
:109AA00093F8721E022918BF83F8722E1DF090FCE5
:109AB0001DF0A4FCFF238BF83C30154E3146A6F177
:109AC0004800EEF779F868B331461248EEF774F8BB
:109AD0000546002868D110490F4EA1F14800EEF765
:109AE0006BF805462DB328460C49EEF771F8284669
:109AF0003146EEF761F80546F4E700BFA8480020BC
:109B00005849002000290020E4460020A838002001
:109B1000B821002070210020002200209DC90008EB
:109B2000A8280020304606F14801EEF745F8002845
:109B3000CAD19BF83D30002B7FF439A8D4F81483A8
:109B400008F5005393F8B130012B7FF630A80123BC
:109B500017AA15468BF83D30294B03F1200716460E
:109B600018685968083303C6BB423246F7D11B88D0
:109B700013AF3380234938460DF021FD08202249D8
:109B800021F012FA0646002837D029462122F3F7A1
:109B9000ACFB054678B13046F3F785F829461B48FB
:109BA0002FF052FDFFF703B828461949EEF710F8D9
:109BB000314628468AE70146262220A824AD30F007
:109BC000ADFD97E80F0085E80F0040F6C333ADF810
:109BD000A230737913F0180F0DD008F5B450324647
:109BE0000C4920AB143010F0FCFB05460028D2D104
:109BF0000948FFF74CB80725CDE70325CEE700BF9E
:109C0000A4C7040836C7040849C804087DC7040867
:109C100085C90008002200205EC7040810F1860FE5
:109C200013D010F1850F0BDA20F0020393330FD01D
:109C300010F1970F0CBF6FF06D004FF0FF307047C1
:109C4000003818BF0120404270476FF07100704724
:109C50006FF06F007047023802288CBF002001208F
:109C600070474368D86B704700F19903142B1AD8DA
:109C7000DFE803F017171919191919171919191904
:109C80001319191A150B0F0D1100084870470848D1
:109C900070470848704708487047084870470848A8
:109CA000704708487047B9E70748704700C3FFFF8F
:109CB00080C6FFFF80C5FFFF00C1FFFF80C0FFFF20
:109CC00080C1FFFF00C2FFFF80C7FFFF0222436881
:109CD0000A70024A68334A608B60704730D70408C4
:109CE000023801288CBF002001207047031F584212
:109CF000584170470E4B0340B3F1607F06D1B1F578
:109D0000885F14BF6FF0860000207047B3F1707F4A
:109D10000BD101F4E043B3F5005F06D111F4E06F1D
:109D20000CBF6FF08600002070476FF08600704710
:109D30000000C07F8A42F8B507460C4600F0198142
:109D40008F4922F4FF7323F001038B420ED08D4B19
:109D500022F0FF01994209D08B4822F47F7323F04F
:109D60000303834202D0894B994228D1884B24F0C7
:109D7000FF0199420FD114F0FF000BD0854B40F04A
:109D80000070984240F0F78082EA0400FF288CBF00
:109D900000200120F8BD7B4B9942ECD0A3F58853FD
:109DA0009942E8D024F4FF7323F00103B3F1062FA6
:109DB000E1D076488142DED073498B42DBD004F09B
:109DC000FE43B3F1A06F14D102F0FE43B3F1A06FD4
:109DD00040F0D18082EA040333F47E1340F0CB805C
:109DE00014F40040D6D0C4F30540C2F305429042BB
:109DF000CDE7B3F1407F40F0A88002F0FE43B3F11D
:109E0000407F40F0B88082EA040535F47E1540F0CA
:109E1000B28039462046FFF76DFF002840F0AB8046
:109E20005D4B12F47C1603EA020319D0B3F1607F94
:109E3000C2F3054679D15949D3B243F000738B423E
:109E400077D003F17E43043B0F2B5CD8DFE803F0AF
:109E50005A5A5B716567696B65675B5B6567696BC0
:109E6000B3F1607F34D14D49D3B243F000738B42DC
:109E700044D003F17E43043B0F2BDCD801A151F801
:109E800023F000BF019F0108019F0108379E0108D0
:109E9000FD9E01087B9F0108C59E0108C99E01081F
:109EA000CD9E01087B9F0108C59E0108379E0108D1
:109EB000379E01087B9F0108C59E0108C99E0108C5
:109EC000CD9E01082026B6E73026B4E74026B2E74B
:109ED000B3F1707F17D107F4E043B3F5005F03D10E
:109EE0000126C7F302239E4007F4E043B3F5005F69
:109EF00009D10125C7F302218D4004E010269AE71D
:109F0000142698E7142514F47C1FC4F3054312D1DA
:109F1000B54214BF002001203CE71C25F3E72025B3
:109F2000F1E73025EFE74025EDE7B3F1707FEAD1A7
:109F3000DAE71025E7E712F47C1F01D1AB4218D015
:109F400022047FF527AFB34221E7B3F1106F12D19E
:109F500024F01F6020F4702068B902F0FE43B3F1D2
:109F6000106F7FF417AF0E48104040F01060A04211
:109F7000CFE701200EE700200CE71C265BE700BFBF
:109F80000002000600130006000400060009000697
:109F900000030006FF0000020000C07F0300000273
:109FA0000000FFF6037E022B06D1C3695A1C03D0C2
:109FB0000133C361002070476FF09600704703685B
:109FC00010B504463BB103F17E43083B012B05D895
:109FD0000430FEF718F80020206010BD6FF08800F4
:109FE000FBE710B50446EFF713FF2046BDE810402D
:109FF000ECF7C1BF2DE9F341064617461D46019017
:10A00000014402236A4601A8EEF709F918B9009B3A
:10A0100023B96FF0670002B0BDE8F081019A92F9B0
:10A02000000011780028F4DB71B1DDF80080A8454C
:10A03000EFD8019CA5EB0800214642463844444431
:10A0400030F077FBA01BE6E7511C013B0191009328
:10A05000002BEAD05378002BE7D1DAE737B50C466E
:10A060001546027832B15A1BA2420ADA6FF06B0031
:10A0700003B030BD013C00F10100F2D16FF0670088
:10A08000F6E71B1B224601461846019330F051FBB0
:10A0900090F90020002A08DA421B002AE6DD421E61
:10A0A00001920022013400F8012C2246294601A821
:10A0B000EEF7C8F80028DBDB019B20445D1B002D78
:10A0C000D4DD0222013003F8012CD1E710B5802144
:10A0D0000120EDF752F8044608B1EFF719FA2046CF
:10A0E00010BD70B583780446013B012B0E46154622
:10A0F0000FD852B111460120EDF73FF8606058B11A
:10A100002A46314630F015FBA56003230020A370DA
:10A1100070BD6FF08800FBE76FF08C00F8E76FF020
:10A120008600704710B50C689CB90B4A50F8083F80
:10A1300092F8AB1603F5005383F8ED1092F8AA26B7
:10A14000064983F8EE20D3F8E82007F059FD2046B1
:10A1500010BD2320FCE700BFA858002074D90408D4
:10A1600038B50D687DB900F108042046074907F0AD
:10A1700015FA2046064907F011FA2046054907F06E
:10A180003FFD284638BD2320FCE700BF61EE0408F0
:10A1900038D70408F9ED040810B50446086838B942
:10A1A000084A094904F1080007F02AFD002010BD03
:10A1B000064925F002FE18B14FF4FE720449F1E79A
:10A1C0002320F4E758E204082CEA04083DD70408E9
:10A1D00080D7040838B50C4605460849206825F0A4
:10A1E000ECFD48B164683CB905F10800012204495E
:10A1F00007F006FD204638BD0720FCE741D70408DC
:10A2000025DA0408086808B508B9F9F739FA0549E4
:10A2100025F0D3FD18B1044B044A1A60F5E723205A
:10A2200008BD00BF47D704080000002002020FF05D
:10A2300030B50D68044687B08DB954F8080F00F5A5
:10A24000025030300FF012FA69461BF0D7FD20465D
:10A250006A46044907F0D4FC284607B030BD072001
:10A26000FBE700BF2CEA04080B682DE9F041054626
:10A27000A3BB00F18C042046194907F08FF94FF673
:10A28000FE72D5F88C3003F54053B3F8E058954290
:10A2900006D12046134907F0B3FC0020BDE8F08149
:10A2A00093F8E8882046B3F8E278D3F8E46807F03A
:10A2B000C1F92A4620460C4907F0A2FC4246204636
:10A2C0000A4907F09DFC3A462046094907F098FCE8
:10A2D00032462046074907F093FCDEE72320DDE7FE
:10A2E00052D704085FD7040865D7040876D7040856
:10A2F00083D7040895D70408024B034A083006F0B8
:10A3000005BF00BF0703020817FF0108024B034AFD
:10A31000083006F0FBBE00BFE90E02086DFE010822
:10A320002DE9F0410446086896B000287DD12C271D
:10A3300054F8085F014642220DF1160030F0EEF9A4
:10A3400005F58052B2F8603605F5FD56FB1A183651
:10A35000ADF81230B2F86236304606A9ADF81430C6
:10A36000ADF81070F3F785F906F1100008A9F2F7BF
:10A3700068FE05F5B3500AA91430F3F77AF905F52C
:10A38000B9500CA91030F2F75CFE05F504500EA987
:10A390003430F2F756FE05F5C05010A91C30F2F724
:10A3A00050FE05F5C25002A9F2F74BFEBDF8403051
:10A3B000BDF8082020461344ADF84030BDF80A200F
:10A3C000BDF8423020491344ADF84230039A119B46
:10A3D000092613443A46119307F012FC2046BDF8B3
:10A3E00012201A4907F00CFC2046BDF81420184929
:10A3F00007F006FC174DDFF8648004AF013E05F15D
:10A40000080503D1002016B0BDE8F08155F8083CDE
:10A410002046FA1851680191528841460092FB5A31
:10A4200055F8042C07F0ECFBE8E70B4925F0C5FCD8
:10A4300038B1A36803F58053B3F86026A3F8622609
:10A44000E0E70720DFE700BFA8D70408B2D7040879
:10A45000BBD704089CE204085CF60408C8D70408CB
:10A46000034607B5086858B90B4A0C4992F9002011
:10A4700003F1080007F0C4FB002003B05DF804FB03
:10A480000DF1070126F0FAF80028F6D19DF8072013
:10A49000014B1A70F0E700BFDC790020D6D7040822
:10A4A00013B508680C4680B1094925F086FC50B107
:10A4B000606850B10DF1070126F0E0F8002808BFF0
:10A4C0000C2002B010BD0720FBE70C20F9E700BF0D
:10A4D000DDD7040873B50C6805460E463CB120462E
:10A4E0000DF1070126F0CAF860B102B070BD50F856
:10A4F000083F0C4903F5005393F9EB2207F080FB6A
:10A500002046F2E773685BB99DF90720931CDBB224
:10A51000032B05D8AB6803F5005383F8EB22E4E77F
:10A520000720E2E725DA040870B50E6804460D46F8
:10A530003046104925F041FC083430B120460E4A1F
:10A540000E4907F05DFB002070BD30460C4925F038
:10A5500034FC0028F2D1314620460A4A26F03FF862
:10A560000028F0D029462046BDE87040064A06F093
:10A5700011BE00BFE5D7040800F8FF0716F3040872
:10A58000EFD70408BBFE0108190C02082DE9F04FB3
:10A590000C680546964920468FB025F00EFC07460C
:10A5A000F8B1944B0E2103F1100205F1080009F0F7
:10A5B0008CFC0026AB68DFF8949203F50053B3F8E7
:10A5C0002083DFF88CA2DFF88CB2B3B24345C0F031
:10A5D000878005F1080007F02DF800200FB0BDE8D6
:10A5E000F08F2046844925F0E8FB0028E1D1204681
:10A5F0000DF1020126F063F80028EFD1BDF802301A
:10A600007E4AA868B2F8BE10B3F5007F28BFC3F336
:10A61000080300F50C501943012220300EF014F904
:10A620000146002800F0E180083502A80EF00CFE7B
:10A630002846BDF82220724907F0E2FABDF8202032
:10A640002846704907F0DCFA28466F4906F0A6FF55
:10A65000284602A907F0CEF89DF831209DF8003079
:10A66000C2F3000161F30003C2F3400262F341034D
:10A6700062F3820301A968468DF800300AF0DAF926
:10A6800062490246284607F0BBFA9DF83120284669
:10A690005F49C2F3001207F0B3FA28469DF8242060
:10A6A0005C4907F0ADFA2846049A5B4907F0A8FA1E
:10A6B0002846059A594907F0A3FA28469DF825200F
:10A6C000574907F09DFA28469DF92620554907F07D
:10A6D00097FA2846BDF82E20534907F091FA7CE7F7
:10A6E000AC6804F50052B2F820239A4276D9B02320
:10A6F00003FB064404F50C54283420460AF012FAF1
:10A7000000286BD0214602A80EF09EFD9DF8313046
:10A710001B0763D4BDF8222005F10804002F5FD089
:10A720005146204606F03AFF59462046BDF8202003
:10A7300006F034FF2046049A3C4906F02FFF2046DD
:10A74000059A3A4906F02AFF20469DF82520384907
:10A7500006F024FF20469DF82420364906F01EFF0F
:10A760009DF831202046344902F0010206F016FF20
:10A770009DF8312020463049C2F3400206F00EFF1A
:10A780009DF8312020462C49C2F3800206F006FFD6
:10A7900020469DF83020294906F000FF9DF8312021
:10A7A00020462749C2F3001206F0F8FE2046BDF805
:10A7B0002C201F4906F0F2FEBDF82E2020461C4931
:10A7C00006F0ECFE20461F4906F0E8FE204602A9EE
:10A7D00007F006F820461C4907F012FA0136F4E6A5
:10A7E0004946204606F0DAFEF8E71720F6E600BFF5
:10A7F000D2F90408DCE20408F9D70408A8480020CC
:10A8000037D8040844D804084FD8040850EF040887
:10A810005AD8040870D8040881F204087DD80408C6
:10A8200086D804089AD80408A3D804080FD80408C6
:10A8300018D804081FD8040826D804082BD8040800
:10A8400030D80408E2DA040879E904083DF1040884
:10A85000FED7040805D804082DE9F04F054608681E
:10A860000C4693B0002874D142F28C370646AB6890
:10A8700003F50053B3F820B31FFA86F8C34503D895
:10A88000002013B0BDE8F08FAC6804F50053B3F8B6
:10A890002033434510D9A7F1640A544420460AF0F6
:10A8A00041F948B1214606A80EF0CEFC9DF8413092
:10A8B000C3F3C0041B0727D50136B037DCE70124FA
:10A8C00099F89C20A242F7D3621ED2B209EB021380
:10A8D00003F16C020DF1080E7C33F44610685168E8
:10A8E0000832ACE803009A42E646F6D10134A4B23D
:10A8F00005F1080081461E49BDF8302006F04EFEE5
:10A90000484602A907F0E5F8AA6802F50053B3F833
:10A9100020334345D0D902EB0A09484601920AF098
:10A9200001F90028C8D0019A002CC9D1D0190CF027
:10A9300019FD0028C3D10F4B02AA93E8030082E857
:10A940000300D9F86400D9F8681004AA012403C2EE
:10A95000CEE7094925F031FA40B1084A616805F1AE
:10A96000080013B0BDE8F04F25F039BE232088E77A
:10A97000BCD80408104B0020A1F5040847FF0108CB
:10A9800010B50C680346083024B1BDE81040064AF3
:10A9900006F0CCBD9B68054903F58053B3F8442EFF
:10A9A00007F02EF9204610BD510C0208DBEF040819
:10A9B00038B50B680D4600F1080433B1294620462E
:10A9C000BDE83840044A06F0B1BD2046034907F00F
:10A9D000F3FE0028F2D138BD390F02083DFF01080F
:10A9E0002DE9F0410F6804460D4638461A4925F016
:10A9F000E4F940B1194B1A4A291D04F10800BDE8D9
:10AA0000F04107F0FFBE3846164925F0D6F9064654
:10AA100010B1154B154AEFE73846154925F0CDF929
:10AA2000C0B1686860B9204650F8083F114903F585
:10AA30004053B3F8602907F0E3F80020BDE8F08147
:10AA40000D4925F0BAF928B1A36803F54053A3F8DE
:10AA50006069F2E70720F1E7C3D804083509020866
:10AA6000A7FE01088AFA04080D0902089DFE0108E4
:10AA7000D0D8040880D704085CF60408024B034AC7
:10AA8000083006F056BB00BF8B0D02080DFF010811
:10AA9000024B034A083006F04CBB00BF7FFF0108A1
:10AAA00075FF010870B50E6805460C4630460E4924
:10AAB00025F083F940B1211D05F108000B4B0C4A2C
:10AAC000BDE8704006F035BB30460A4925F075F9FF
:10AAD00040B1211D05F10800074B084ABDE8704050
:10AAE00007F090BE072070BDD4D804082D0F0208CF
:10AAF0001FFF0108DCD8040833FF010829FF010803
:10AB000070B50D6804460E4605BB836800F1080663
:10AB100003F5805393F85D2E30461E4907F070F818
:10AB2000A022A368304603F58053B3F85E3E1A496D
:10AB30005A4307F065F8A368304603F50053D3F88D
:10AB4000D020164907F05CF8284670BD2846144905
:10AB500025F033F938B1311D04F10800114ABDE880
:10AB6000704006F017BB28460F4925F026F938B18A
:10AB70000E4A311D04F10800BDE8704006F040BBEC
:10AB800028460B4925F019F908B10A4AF1E70720D0
:10AB9000DBE700BFE6D80408F2D8040800D90408AF
:10ABA000C4F40408ED0C020859F704081B0D020850
:10ABB00007F70408CB0D020810B50C6803460830EF
:10ABC00024B1BDE81040064A06F01ABB9B6805494F
:10ABD00003F58053D3F8182E07F012F8204610BD65
:10ABE000850E020891F1040810B50C680346083080
:10ABF00024B1BDE81040064A06F002BB9B68054937
:10AC000003F58053D3F8CC2D06F0FAFF204610BD93
:10AC10000D0E020891F1040813B50446086880B9C6
:10AC2000204650F8083F134903F54053D3F89828BD
:10AC30004FF47A73B2FBF3F206F0E2FF002002B0A9
:10AC400010BD4B689BB901A925F027FD0028F6D15E
:10AC50004FF47A72019B534347F22E52591E914290
:10AC600005D8A26802F54052C2F89838E6E70720F6
:10AC7000E5E700BF74D904080B4610B50C4904463B
:10AC8000186825F09AF80246A36803F502503030A0
:10AC90002AB1BDE810400022114611F0B3B8224697
:10ACA000044911F0AFF8002808BF242010BD00BFF0
:10ACB0000ED90408FDEC01082DE9FF410C680D4692
:10ACC00000F184062CB120461A4925F076F890B19F
:10ACD0000024DFF86C80184F58F82420394630469D
:10ACE000033406F08DFF152CF6D12B6803BB23200F
:10ACF00004B0BDE8F081114B072200930C231049EA
:10AD00000DEB03000394F1F75AFF03460028EED041
:10AD100082685B68511006EB6200D20748BF725828
:10AD200005F1040148BFD35804B0BDE8F04118470D
:10AD30000020DDE714D904082CEA04083D020208CB
:10AD400024E304082DE9FF410C680D4600F1A0063C
:10AD50002CB120461A4925F030F890B10024DFF8D4
:10AD60006C80184F58F8242039463046033406F0DA
:10AD700047FF0F2CF6D12B6803BB232004B0BDE89E
:10AD8000F081114B052200930C2310490DEB0300B9
:10AD90000394F1F714FF03460028EED082685B6845
:10ADA000511006EB6200D20748BF725805F104014A
:10ADB00048BFD35804B0BDE8F04118470020DDE794
:10ADC00014D904082CEA04084502020878E30408B0
:10ADD0002DE9FF410C680D4600F138062CB12046E4
:10ADE0001A4924F0EAFF90B10024DFF86C80184F74
:10ADF00058F8242039463046033406F001FF0C2C65
:10AE0000F6D12B6803BB232004B0BDE8F081114BC1
:10AE1000042200930C2310490DEB03000394F1F777
:10AE2000CEFE03460028EED082685B68511006EB28
:10AE30006200D20748BF725805F1040148BFD358D9
:10AE400004B0BDE8F04118470020DDE714D904083C
:10AE50002CEA04084D020208B4E3040837B50C6874
:10AE6000054654B968461BF05FF905F108006946CC
:10AE700006F0C0FC204603B030BD0720FBE737B525
:10AE80000C6805464CB950F8081F01F5F3511A310A
:10AE900006F0B0FC204603B030BD2046694625F0E0
:10AEA000AFFB04460028F5D1AD6805F5005393F8D3
:10AEB000B1405CB905F5F35069461030F4F736FC43
:10AEC00005F5025030300EF05DFCE3E70D24E1E7BC
:10AED00037B50C6805464CB950F8081F01F5EC5120
:10AEE0001C3106F087FC204603B030BD2046694681
:10AEF00025F086FB04460028F5D1AD6805F5005322
:10AF000093F8B14084B905F5EC5069461C30F5F76B
:10AF1000E4F905F5E9501830F5F73AF805F5EB5086
:10AF20000430F5F735F8DEE70D24DCE7BFB5002384
:10AF30002A4F85680422CDE900732948294B02A9CC
:10AF4000F8F76AFF0446DFF89880DFF898A074BB32
:10AF500005F5EE550C3505F10800F4F743FB05F156
:10AF60005000F4F73FFB2048F4F73CFB1F48F4F790
:10AF700039FB1F48F4F736FB1E48F4F733FB1E4835
:10AF800025F035FD4FF0021025F031FD1B4825F06E
:10AF90002EFD1B4825F02BFD1A4825F028FD1A48E8
:10AFA00025F025FD194825F022FDF8F769FB00265C
:10AFB0000DF10809404659F8041B0136F9F74EFE19
:10AFC000A642F7D100230422CDE900734046534640
:10AFD00002A9F8F721FF0446B9E700BFFFFF02000E
:10AFE000101C0020000102004047002050470020B4
:10AFF00060470020504800200100020003000200CA
:10B000000400020005000200060002000700020022
:10B010002DE9F3470D6804467DB9A368083003F5B0
:10B02000805393F8183833B18B4906F0E9FD0020BE
:10B0300002B0BDE8F0878949F7E72846864924F041
:10B04000BCFE58B1A06800F5805393F81838002B67
:10B05000EDD100F5BA5015F0AFFCE8E728467F497E
:10B0600024F0ABFE002800F0F480A66806F58057B7
:10B0700097F81838002BDAD0794C04F51368D4F817
:10B080006C0925F07BFA0546002840D175480DF083
:10B0900049F9B4F8743884F8CD5983B172480DF089
:10B0A00041F9014658B9714809F0A9FE7048F1F715
:10B0B000BCFF7048F2F745FC6F48F2F742FC6F485E
:10B0C000002110F06BFB6E480DF02CF910B96D48A3
:10B0D0001FF042FE06F5BA584546D7F8401714351A
:10B0E000D9B906F5BD59D7F8445709F1180915BB68
:10B0F00040460CF07AFC6A46634908F104000CF003
:10B1000067FC88BB009B614A934223D1FEE70B2278
:10B1100029464046F6F791F9B1E7A942D1F81490D3
:10B1200007D306F5BD531433994202D240460CF0C2
:10B13000C8FC4946D4E74D45D5F810A008D306F51C
:10B14000C05318339D4203D2294640460CF07CFC84
:10B150005546CCE7002B57D1C7F84457002340464B
:10B160001946494A0CF0ABFB002594F8EC3F87F8F0
:10B1700018589B0743D520F06BF9284622F0FAFEB9
:10B1800020F0A6F9424E3046F2F758F9054600285D
:10B190003CD1404E4048F1F748FF337DEBB10523E9
:10B1A000684600958DF804300DF01AFB009FAFBB88
:10B1B000052368468DF804300DF012FB009D002D2C
:10B1C00038D105236846B5618DF804300DF008FBD1
:10B1D000009BABBBC6E90933B38500252F48357505
:10B1E00086F89050F2F7ADFB94F8EC3F284623F038
:10B1F000120384F8EC3FC4F8D05F20F0E1F84FF080
:10B20000807022F01FFF12E71D61A7E73046294634
:10B21000F2F737F92846F1F746FDB4E7FB8F3846D9
:10B2200065F30D03BD63FB8720F0A8FC68460DF0B5
:10B23000B7FABBE7684685F846700DF0B1FABDE78E
:10B240006846C3E91355A3F848505D650DF0A8FAA8
:10B25000BEE70720ECE600BF19D904081CD9040892
:10B26000A8380020DC4100200C410020C440002010
:10B27000E8400020EC400020CC400020584900204D
:10B28000504A0020184B0020E4E30408F8E30408C7
:10B2900060480020A84800207048002098480020FE
:10B2A000024A0968083025F0BAB900BFB1FE0108AA
:10B2B0002DE9F0470D460446724928688AB024F00B
:10B2C0007CFD074600B104352E687EBBA3686E4E38
:10B2D00003F58053D3F84057DFF8C481A6F5DA7937
:10B2E0000DB900263EE004F1080A2946504606F052
:10B2F00037FBB7B16B7CA97C032B98BF09EB8303A9
:10B30000C1F3400198BFD3F8BC212B7C0191A97CEB
:10B3100088BF324601F0010100915046414606F0D7
:10B320003DF9504606F086F96D69D9E73046574930
:10B3300024F043FD002868D0686804A925F080F94E
:10B34000064678B9089BA4689B0C9B0443F44033E1
:10B3500043F4507308939DF8103004F5BA58FF2B4E
:10B3600004D1072630460AB0BDE8F087404604AA5B
:10B3700003A90CF094FBE8B104F5BA5314339842D6
:10B38000EFD304F5BD541434A042EAD24023037431
:10B390009DF8213043749DF82220837C62F30003E2
:10B3A00083749DF82230827CC3F3400363F341022F
:10B3B0008274D7E748F2FE02BDF8103023F47C53C4
:10B3C0009BB29342CDD004F58054D4F85077D7B1D6
:10B3D000BC467B6904ADC4F850370FCDACE80F0014
:10B3E00095E803008CE803007B8A3A4623F46073F7
:10B3F0007B82D4F8403701217B614046C4F8407716
:10B400000CF06CFAAEE70326ACE73046204924F096
:10B41000D4FC70B1686804A925F012F9064600282A
:10B42000A0D1A06804A900F5BA500CF04AFB06466A
:10B4300098E73046174924F0C0FC40B1204650F848
:10B44000081F01F50951303106F043FB49E730464A
:10B45000114924F0B2FC30B1204650F8081F01F524
:10B460000A512031F0E730460C4924F0A6FC30B1F7
:10B47000204650F8081F01F50A510831E4E7232659
:10B4800070E700BF21D904080CE404084DD9040872
:10B4900000E8040851D904085BD9040860D90408FD
:10B4A00024D904082DE9F8438568044605F50055BC
:10B4B00095F8B10024F0E8FD50B3164B083493F82A
:10B4C000AB7695F8EC9085F8ED7093F8AA66204677
:10B4D000D5F8E820104985F8EE6095F8EF8006F081
:10B4E0008FFB4A4620460D4906F08AFB3A46204625
:10B4F0000B4906F085FB324620460A4906F080FBE0
:10B5000020464246084906F07BFB0020BDE8F88350
:10B510001020FBE7A858002066D9040878D9040851
:10B520008DD9040886D904089ED90408024B034A21
:10B53000083005F08DBE00BF6BFF010861FF0108F8
:10B54000024B034A083005F083BE00BF93FF010899
:10B5500089FF01082DE9F341D1F8008004460D462A
:10B56000B8F1000F3CD154F8085F4E4905F540553D
:10B5700095F804222046032A97BF4B4B4B4A03EB16
:10B580008203D3F8CC2106F03BFB95F80532484FF7
:10B59000484E13F0010F0CBF3A463246204646494A
:10B5A00006F02EFB95F80532204613F0020F0CBF73
:10B5B0003A463246414906F023FB95F805322046CB
:10B5C00013F0040F0CBF3A4632463D4906F018FB13
:10B5D000204695F906223B4906F012FB00205EE06A
:10B5E0000026394F404657F8041B24F0E6FB00289C
:10B5F00051D068680DF103018DF8046025F028F83A
:10B6000000284CD19DF805309DF80320A86862F30E
:10B6100000030DF103018DF8053025F019F800281D
:10B620003DD19DF805309DF80320E86862F34103A1
:10B630000DF103018DF8053025F00AF878BB9DF86F
:10B6400005309DF80320286962F382030DF106019D
:10B650008DF8053025F012F808BB6B69F3B96FF06F
:10B660000F01A068019B00F54052A2F8043243F399
:10B6700007438B42B8BF0B46102BA8BF102300F521
:10B68000005400F5485082F80632043012F01AFFD8
:10B6900084F8E602A2E70136042EA3D1072002B007
:10B6A000BDE8F081BAD9040858E204080CE40408A3
:10B6B000B7D90408B3D90408D0D90408E6D90408D6
:10B6C000FCD9040812DA040824E4040830B504465E
:10B6D000086885B078B954F8080F694600F5EE504F
:10B6E0000C300FF028FF10226946204606F07AF849
:10B6F000002005B030BD4D6865B9694624F060FF93
:10B700000028F6D1A46804F5005393F8B1308BB14A
:10B710000D20EEE7114924F050FBE0B1A1686B4623
:10B7200001F5EC5201F5ED5128461C320431F4F7D5
:10B7300098FEE5E704F5EE5069460C300FF016FF71
:10B7400004F5E9501830F4F723FC04F5EB5004300D
:10B75000F4F71EFCCCE70720CBE700BF28DA04088B
:10B76000F0B50C4685B0054601A805F0A5FD246896
:10B77000C4B955F8083F03A903F5005393F8B30083
:10B7800024F02FFB9DF80C3003A902A88DF8083097
:10B7900009F050F947490246284606F031FA0020E0
:10B7A00005B0F0BD2046444924F007FB18B9013C20
:10B7B00014F8013F1BBB9DF80420AC68C2F30003E2
:10B7C000C2F34001DB00C2F3800243EA41031343AA
:10B7D0005BB204F50255980704F5005494F8B36081
:10B7E00005F1300543F0040222D519070DD5964224
:10B7F000D5D0284684F8B32024F04CFC22E06E2BF0
:10B8000011D0722B03D0642B08D00720C8E79DF815
:10B81000043043F001038DF80430C9E79DF804308B
:10B8200043F00203F7E79DF8043043F00403F2E726
:10B830009642B4D0284684F8B32024F02BFC284646
:10B8400012F07CFD94F8B170384624F01DFCB8B1BC
:10B8500094F8B31094F8B030C6F34002C1F340003E
:10B860008242C3F3401304D153B9320708D50B0702
:10B8700006D400232846A4F8C2300FF0D9FF8EE783
:10B88000012F0AD100262846A4F8C2600FF02EFF2F
:10B89000314628460EF095FB81E7022F7FF47FAFFB
:10B8A0002846B4F8BE100FF0EFFF284610F0CCF990
:10B8B00075E700BF2CEA04086007050800232DE99E
:10B8C000F04F0D6895B004460F462846A249ADF8E2
:10B8D000063024F072FA064600286FD09F4B0A21EA
:10B8E00003F10C0204F1080008F0EFFA9C4F083451
:10B8F0000AA90DF106001AF001F92546002856D1D3
:10B90000002E00F08280DFF8A882964F964E9DF8B8
:10B910004E30284613F0080F0CBF522243224146F6
:10B9200005F03CFE28463946BDF8382005F036FEC5
:10B9300028460C9A8D4905F031FE28469DF9452090
:10B940008B4905F02BFE28469DF94620894905F0D4
:10B9500025FE9DF84E202846314602F0010205F0F2
:10B960001DFE9DF84E2028463146C2F3400205F0E8
:10B9700015FE9DF84E202846C2F38002314605F0A0
:10B980000DFE28467C4905F009FE28460AA905F067
:10B9900027FF2846BDF84C20784906F031F90AA95E
:10B9A0000DF106001AF0AAF825460028AFD0284667
:10B9B00005F040FE002015B0BDE8F08F2846704924
:10B9C00024F0FBF9002891D128466E4924F0F5F9BE
:10B9D000064608BB28466C4924F0EFF905460028C6
:10B9E00000F0B7806649786824F0E7F938B9674B0A
:10B9F00004211A1D04F1080008F067FA2E46584F7A
:10BA0000DFF8B081DFF890918CE039462046BDF830
:10BA1000382005F0C3FD6BE75D4B08340721204655
:10BA200003F1080208F051FA5A4FDFF88CB10AA965
:10BA30000DF106001AF062F805460028BAD142F26C
:10BA400010794FF6FF78BDF838202046524905F0AE
:10BA5000A5FD20460AA905F0C3FEBDF848306426BE
:10BA600009FB03F3B3FBF8F302AA0492B3FBF6F26B
:10BA70004FF4E02A06FB1233394604A8CDF814A08F
:10BA80008DF80850F1F7F1FE5946204602AA05F05C
:10BA900085FDBDF84A3002AA09FB03F3B3FBF8F3B6
:10BAA000CDE9042AB3FBF6F2394606FB123304A8AB
:10BAB0008DF80850F1F7D9FE204602AA374905F063
:10BAC0006DFD20469DF94520354905F067FD20466E
:10BAD0009DF94620264905F061FD20460C9A314922
:10BAE00006F08EF8A3E7BDF8382004F108050EB380
:10BAF0004946284605F052FD28460AA905F070FE81
:10BB00000C9804A91AF07AF904AA2846264905F0E7
:10BB100045FD0D9804A91AF071F92846234904AA95
:10BB200006F06EF80AA90DF1060019F0E7FF0028EB
:10BB3000D9D03FE73946284605F030FD28460AA906
:10BB400005F04EFEDDE90C234146284606F058F884
:10BB5000E8E707202FE700BFD2F9040834E404081F
:10BB600007D8040805D8040826D804083FDA0408D2
:10BB700047DA04084EDA0408E2DA040855DA040861
:10BB8000F9D704082BDA040897DA04088CE40408CF
:10BB900068E404086ADA04085EDA04087DDA040856
:10BBA00087DA04088EDA0408A0DA0408A8DA0408A0
:10BBB00037DA0408B2DA040872DA0408F0B5044689
:10BBC000144B00F108051A1D022128468DB008F01B
:10BBD0007CF9A368104E03F58053D3F89C460F4FB1
:10BBE00014B920460DB0F0BD2046694619F066FF35
:10BBF0006A463146284605F0D1FC04F11200694638
:10BC000019F05CFF6A463946284605F0F9FF246BB7
:10BC1000E6E700BFA0E40408C9DA0408D2DA0408A1
:10BC20001FB50446086878B954F8080F694600F54E
:10BC3000EE500C300FF038FC10226946204605F01B
:10BC4000D1FD002004B010BD694624F0B9FC0028E5
:10BC5000F8D1A46804F5005393F8B13083B904F522
:10BC6000EE5069460C300FF03AFC04F5E9501830FC
:10BC7000F4F78EF904F5EB500430F4F789F9E0E7B6
:10BC80000D20DFE72DE9F7430C680546002C3ED177
:10BC90002D4B00F10806032130461A1D08F015F956
:10BCA0002A4FDFF8B080DFF8B490A86800F5405361
:10BCB000234493F99831002B21DAA10200F5285092
:10BCC00089B20DF1030301AA0830ADF8061014F093
:10BCD00092F939462246304605F060FC4FF6FE7375
:10BCE000BDF8042030469A4207BF434649469DF8B6
:10BCF000033017490CBF174A920A05F081FF01343F
:10BD00003F2CD2D10024204603B0BDE8F08320466A
:10BD10000DF1060124F0D3FC04460028F3D155F8B8
:10BD2000080FBDF8061000F528500DF1030301AA15
:10BD3000083014F060F928469DF80330BDF804205F
:10BD4000054905F05DFFDEE7ACE40408DCDA040831
:10BD5000E5DA040860070508FDDA0408F1DA0408EA
:10BD600030B50446086887B000284AD1A16801F5BB
:10BD7000005595F8B130022B55D101F50351303102
:10BD800001A813F0B3FC95F82D3108348DF8163066
:10BD900095F82E31204626498DF8173005F0FEFB28
:10BDA000204601A905F026FD2046BDF80C202149BA
:10BDB00005F026FF20469DF811201F4905F020FFC1
:10BDC00020469DF812201D4905F01AFF20469DF8D7
:10BDD00013201B4905F014FF20469DF81520194932
:10BDE00005F00EFF20469DF81620174905F008FFC4
:10BDF00020469DF81720154905F002FF002007B0E6
:10BE000030BD134923F0D9FF78B1A06800F5005385
:10BE100093F8B130022B06D100F5025004213030E6
:10BE20000EF0CFF8EAE70D20E9E70720E7E700BFCB
:10BE30004FD804080CDB040886D8040815DB040876
:10BE40007DD8040892D904082ADB040841DB0408E1
:10BE500055DB0408F0B50E6805460C4693B0304635
:10BE6000824923F0AAFF78B1D5F8AC4004F56B50B5
:10BE7000303004F54054F1F764FDB4F8EC3A013386
:10BE8000A4F8EC3A0020CFE03046794923F095FF42
:10BE9000064600B1043400213C2203A82EF03EFCEB
:10BEA0007449206823F089FF88B1606803A924F0F1
:10BEB000C7FB002840F0B880D5F8AC0003A900F516
:10BEC000BA500BF029FE08B90720ADE008346A49E2
:10BED000206823F072FF18B1012304348DF8443038
:10BEE0002146D5F8AC000DF1070307AA08F0E1FAE6
:10BEF000002840F099809DF8073005F1AC073BB170
:10BF000038465E4905F04AFB384607A905F0E1FDD1
:10BF10006068002840F08280A068002840F0868099
:10BF2000E068002840F08A802069002840F08D8079
:10BF3000606950B102A923F015FF002874D1029B5B
:10BF4000B3F5803FC0D2ADF84030A369002BBBD120
:10BF50004B4B0B934B4BCDE90C37D5F8AC7007F539
:10BF60006A5E07F54057D7F8F82A0EF1200E0EF159
:10BF700050039A4277D107F52A6C03AC0FCCACE89A
:10BF80000F000FCCACE80F000FCCACE80F0094E82A
:10BF900007008CE80700B7F8CC3A13B90823A7F8D4
:10BFA000CC3AB7F8CE3A13B90123A7F8CE3AD7F86E
:10BFB000D03A1BB94FF47A73C7F8D03AB7F8D43AED
:10BFC0001BB940F6B833A7F8D43AD7F8D03A002BCB
:10BFD000FFF67AAF0023C7F8DC3AC7F8E03A4FF62D
:10BFE000FF73C7F8E43A97F8B03A7046A3F1FF023E
:10BFF0005342534187F8E83AB7F8EC3A0133A7F8CF
:10C00000EC3A15F030FB95F8B43066F3000385F890
:10C01000B430002E7FF436AF242005E00EA924F0C2
:10C020004EFB00283FF478AF13B0F0BD0DF13A019C
:10C0300024F045FB00283FF473AFF5E70FA923F088
:10C0400091FE00283FF470AFEEE70DF1420124F0BD
:10C0500047FB0028E8D19DF84230B3FA83F35B092F
:10C060008DF8433064E70520DEE700BF5CDB0408A1
:10C070000ED9040861DB040864DB040867DB0408EC
:10C08000993002082917020838B504460D4669B1EF
:10C0900003685BB94B6A13B90020256038BD984727
:10C0A00060600028F8D1A0F57E50F7E70048F5E77A
:10C0B00080C1FFFF84B08DE80F0028B10378023BF8
:10C0C000022B94BF0846002004B07047F0B5036807
:10C0D0000646062B0C46A5B011D01B4825B0F0BD76
:10C0E00073686A689A4203D1B1682EF007FB50B1B9
:10C0F000143528680028F3D1A0F56850EEE7134DF9
:10C10000F7E71348EAE704F110079022394668463A
:10C110002E7C2EF00EFB94E80F00FFF7CBFF902251
:10C120003946054668462EF004FB94E80F00FFF7F9
:10C13000C1FF03780BB19E42E3D13146284625B0BA
:10C14000BDE8F040EDF767BE80B1FFFFBCE4040836
:10C1500000C3FFFF034B0A4610B500215B6804468D
:10C16000984710BDDC79002010B5044610B109B124
:10C17000FFF7F0FF2046BDE81040EAF7FCBE10B51F
:10C180000446006810B16168FFF7EEFFA068EAF7A7
:10C19000F2FE2046BDE810400C21DBE7036810B535
:10C1A00004461BB19B6A0BB1406898472046BDE826
:10C1B0001040A021CEE700F4E040B0F5805F04D04D
:10C1C000A0F5005358425841704701207047434240
:10C1D00013F07F031CD05F2BC3F1000000F3B48089
:10C1E00010F10E0F31DA10F13B0FC0F2DB8010F1CD
:10C1F000100F00F0F28010F10F0F00F0898010F1A5
:10C20000210F1FD010F1200F67D010F1220FBBE0DB
:10C2100010F56E5F00F0D88000F3938010F59C4F0E
:10C2200076D05DDC10F5C44F00F0C58031DC10F530
:10C23000C74F00F0C3803FDB10F5C64F68D010F544
:10C24000C54F39D16FF086007047012300F10E020F
:10C25000934040F217521342F4D100283FD010F11E
:10C26000080F08BF6FF0890018BF6FF08300704798
:10C27000012300F16C02934041F250521342E1D18C
:10C28000DB0700F1A78010F16A0F08BF6FF08C0088
:10C29000EAE710F5A24FD5D011DC10F5C14F1CD044
:10C2A00006DC10F5C34F00F0988010F5C24FC8E7C8
:10C2B00010F5A34F00F091806FF08300704710F5E8
:10C2C0009E4F00F0878005DC10F5A14F05D010F5DA
:10C2D0009F4FB6E710F59D4FEED16FF08500704788
:10C2E00010F5785F6DD01EDC10F5994FAAD008DCF0
:10C2F00010F59B4F71D010F59A4FDDD16FF0930080
:10C30000704710F57E5F68D005DC10F5984FD3D1EB
:10C310006FF09400704720F0800010F57C5F08BF3C
:10C320006FF08600A0E710F5705F4DD0C4DC10F50B
:10C33000725FD2D0C0DC10F5765F83D010F5745FE9
:10C340007FE710F15F0F29DA10F16C0F90DA10F12E
:10C35000700F3CD010F16F0F1ADA10F5645FD7D070
:10C360000DDC10F5685FB8D006DC10F56C5F3FF4AB
:10C3700069AF10F56A5FAFE710F5665FACE710F5DF
:10C38000625F27D010F1720F08BF6FF085006BE776
:10C3900010F16E0F08BF6FF0960065E700287FF779
:10C3A0001FAF89E710F13D0FA8DA10F1400F08BF69
:10C3B0006FF0930058E76FF0950070476FF09600AC
:10C3C00070476FF0910070476FF0840070476FF016
:10C3D000920070476FF0890070476FF08C007047D3
:10C3E000F8B5076806460C4647BB164B99420CD079
:10C3F0000133994218D001F0FE44B4F1007F14BF1C
:10C400006FF086006FF08500F8BD051D2846FBF72C
:10C41000FAFD01212846FBF751FD054650B934606D
:10C420002846BDE8F840D2E6051D2846FBF7EBFD9F
:10C430003946EFE73046FDF7C2FDF1E76FF08800BF
:10C44000E2E700BF0800000208B5036803F17E437D
:10C45000083B012B05D80430FBF7CEFDBDE80840B2
:10C46000B5E66FF0880008BD2DE9F04114461D4681
:10C470000378374A43F000739342074688462C609E
:10C4800005D1002C5ED16FF08900BDE8F08103F189
:10C490007E43043B0F2B23D801A252F823F000BFA8
:10C4A0002FC501082FC50108E1C4010883C4010894
:10C4B00027C501081FC5010817C501080FC50108D8
:10C4C00027C501081FC50108E1C40108E1C401082E
:10C4D00027C501081FC5010817C501080FC50108B8
:10C4E00024B12246212140462EF018F900263B684F
:10C4F00003F17E43083B012B26D84146381DFAF74D
:10C50000DDF9FFF764FE0028BFD12E60BDE7002CE7
:10C51000B9D040260EE0002CB5D030260AE0002C21
:10C52000B1D0202606E0002CADD01C2602E0002C65
:10C53000A9D014262246212140462EF0EFF8B4421D
:10C54000D5D2A0E71026F5E76FF088009DE700BF81
:10C55000030000022DE9F047BAB0DDE94267CDE9FA
:10C5600000678246884691461D46FBF70BFC10F19A
:10C57000860F04460ED1DC22002103A82EF0CEF84F
:10C5800051463E6003A8FFF72BFF044630B103A8D5
:10C59000FDF715FD20463AB0BDE8F0874A46414612
:10C5A00003A8FFF751FF04460028F0D13B4632466E
:10C5B000294603A8FFF758FF044603A8FDF7FFFC30
:10C5C000002C08BF0446E5E741F2052398421AD83B
:10C5D000B0F5905F09D241F2010398420CD0B0F55A
:10C5E000885F09D06FF0850070472923A0F590502F
:10C5F00080B2C340DB07F5D511F0070F0CBF002058
:10C600006FF086007047B0F5105FEBD121F040036A
:10C61000802B06D0B1F5807F0CBF00206FF0860024
:10C6200070470020704770B5046A05460E463CB955
:10C630000120EAF7A2FD286228B120466E6270BD93
:10C640006FF08A00FBE76FF08C00F8E79142F8B5D5
:10C6500006460C4600F01D8121F0FF00B2498842D9
:10C660000CD122F0FF0383423CD114F0FF0334D0FD
:10C67000AE4943F000738B422FD10AE1AC4DA84282
:10C6800016D0AC4B98420DD024F4FF7323F0010375
:10C69000B3F1062F06D0A84FB84203D0A7F5A06784
:10C6A000BB4267D122F0FF038B422DD10022F0E084
:10C6B00022F0FF038B42F9D0834227D184EA0203A0
:10C6C000FF2BF3D89A4B984200F0FE80994988429C
:10C6D00040F04C8114F0FF010FD112F0FF0340F045
:10C6E000E1801EE192498B4210D184EA0201FF29C8
:10C6F000DCD814F0FF0100F0DC808C4841F00071C0
:10C70000814240F0EA80C4E0AB42D6E7894DAB42BB
:10C7100000F09B8022F4FF7121F00101B1F1062F9E
:10C7200006D0854FBB424AD005F50075A94221D1FC
:10C7300084EA0201FF29B9D87B4D24F4875121F006
:10C740001F01A94240F00E8114F0FF01D5D17949B3
:10C750008B4200F0DD8022F4FF7121F00101B1F184
:10C76000062F00F0D5807448834200F0D180734BCF
:10C770009942B2D004F0FE45B5F1A06F2AD102F083
:10C78000FE43B3F1A06F91D184EA020333F47E1328
:10C790008CD12504C4F30543C2F3054002F40041E3
:10C7A00040F1F280002900F0EB80834238BF03465D
:10C7B00024F47E1242EA034242F4004269E084EA31
:10C7C0000201FF2940F2998004F0FE45B5F1A06F07
:10C7D0003FF46CAFB5F1407F7FF468AF02F0FE43E9
:10C7E000B3F1407F7FF462AF84EA020333F47E1535
:10C7F0007FF45CAF31462046FDF77CFA00287FF4D9
:10C8000055AF14F47C1300F0C780C4F3054312F451
:10C810007C1504F4004C02F4004700F00C81C2F3D4
:10C820000540BCF1000F00F04F810546002F00F0DD
:10C8300047819D4238BF1D462D0405F47C1524F424
:10C840007E142C4344F4004223E084EA0201FF29D1
:10C85000BAD8354988421ED001F5805188420FD0A0
:10C86000984240F0838014F0FF017FF446AF3149D5
:10C870008B424DD112F0FF0314D104F0FE45A9E71D
:10C8800014F0FF033FF429AF284943F000738B42B3
:10C8900004D11046F8BD14F0FF03F5D112F0FF03E8
:10C8A0003FF404AF214943F000738B427FF462AF41
:10C8B00008E012F0FF02ECD01C4B42F000729A42EA
:10C8C0007FF4F4AE2246E4E714F0FF030AD01749E0
:10C8D00043F000738B42DCD0034615498B427FF452
:10C8E00036AF15E012F0FF02D3D0104B42F00071CA
:10C8F00099420CBF22460022CBE70B4988421FD148
:10C9000014F0FF0304D0094943F000738B42C0D0F8
:10C9100012F0FF03C6D104F0FE45B5F1A06F7FF41D
:10C9200059AF1A46B5E700BF00030006FF0000023A
:10C9300000130006000200060009000600040006BD
:10C9400063498842DCD0A8428DD0624D24F47F71C7
:10C9500021F00301A94201D09842BED114F0FF0199
:10C96000BBD0CAE65C4988423FF4EEAE594D24F490
:10C970007F7121F00301A942F0D058498842ECE7C9
:10C98000834288BF002284E700293FF48FAE8342B0
:10C990002CBF224600227CE751492140B1F1607F43
:10C9A00038D15048E1B241F00071814241D001F1EB
:10C9B0007E4104390F293FF62AAF01A050F821F03B
:10C9C00005CA010805CA01080FC8010833CA0108D1
:10C9D00001CA010809CA01080DCA010811CA0108E3
:10C9E00001CA010809CA01080FC801080FC80108D7
:10C9F00001CA010809CA01080DCA010811CA0108C3
:10CA00001C2304E7142302E7202300E73023FEE67B
:10CA10004023FCE6B1F1707F7FF4F9AE06F4E0410B
:10CA2000B1F5005F7FF4F3AE0123C6F302218B4022
:10CA3000EDE61023EBE62A491140B1F1607F1ED1EB
:10CA40002848D1B241F00071814237D001F17E41D6
:10CA500004390F2916D8DFE801F00A0A1531080C4D
:10CA60000E10080C1515080C0E101C20D9E6142009
:10CA7000D7E62020D5E63020D3E64020D1E6B1F13C
:10CA8000707F11D03846BCF1000F7FF4CFAE002F7D
:10CA90007FF418AF83427FF409AE1B0403F47C13C8
:10CAA00024F47E121A43F4E606F4E041B1F5005F87
:10CAB000E8D10120C6F30226B040B2E61020B0E66D
:10CAC000AB4288BF0022E4E6002FE3D05FE700BF5F
:10CAD000001300060004000600020006000900061C
:10CAE0000000C07F0300000238B50446006A10B1A0
:10CAF000616AFFF739FB237E012B0FD0023B012B2C
:10CB00000FD8E369012B0CBF00256FF09605282292
:10CB1000002120462DF002FE284638BDE369002B97
:10CB2000F1E76FF09605F2E710B50446006838B1FA
:10CB3000012806D0042808D06FF088000023236065
:10CB400010BD201DFDF73BFAF8E7201DFBF75BFA4F
:10CB5000F4E710B5044600B30368F3B1806838B158
:10CB60002279012A11D1FFF7DFFFA068EAF703FA63
:10CB7000E06820B1236899784900FFF7F5FA20466C
:10CB8000BDE810401021FFF7E5BA1B78082B01D053
:10CB9000092BEAD1FBF737FAE7E710BD026838B591
:10CBA00004464AB1104B22F47E11994206D104305A
:10CBB000ECF708FC00232360002014E00B4B13402B
:10CBC000B3F1607F08D14021E830FFF7C3FA04F1E8
:10CBD0000800FFF7A9FFEDE74FF4947200212DF054
:10CBE0009DFD6FF0880038BD0002C0030000C07FCB
:10CBF000F8B50E4601680546F9B906F0FE43B3F1F3
:10CC0000007F20D1071DDC2238462DF087FD3146FC
:10CC10003846FBF711F9044668B110F1860F0ED1C2
:10CC200031463846FFF7DCFB044640B901230024B7
:10CC30002B602046F8BD0423F9E76FF088042846EE
:10CC4000FFF772FFF5E76FF08604F8E738B50546A1
:10CC50002B683BB112B90024204638BD012B04D00B
:10CC6000042B0CD06FF0880405E0281DFFF7ECFBC7
:10CC700004460028EFD02846FFF756FFECE7281DB2
:10CC8000FBF726F9F4E72DE9F04F076895B0154654
:10CC9000044688461A461E9E002F40F039819E4B5E
:10CCA00006609E4216D100F10409482239464846E2
:10CCB0002DF034FDB8F800103046B8F802201FF00F
:10CCC00037F90146002838D16FF085052046FFF777
:10CCD00065FF0BE0914B3340B3F1607F0AD04FF416
:10CCE000947239462DF01AFD6FF08505284615B06F
:10CCF000BDE8F08F8A4BF6B246F000769E42039272
:10CD000060D1402A666040F2E2804FF04008002384
:10CD10004FF04009039303AB294601933046CDF809
:10CD2000009004ABFFF716FC0546002800F0A28037
:10CD3000494604A8FFF70EFAC8E74846ECF770FB2F
:10CD400058BB014616220DF11200B8F802602DF012
:10CD5000E5FC4FF41053ADF8103063685BB355B386
:10CD60009B79032B1FD0042B1FD0022B25D18023AE
:10CD7000606C4FF4AE71ADF81230C8B90120EAF71B
:10CD8000FCF9E8B16064644B2A46009304A9F308F7
:10CD9000606CFBF782F9F9F781FDFFF718FA054699
:10CDA000002DA3D092E7C023E2E74FF48073DFE7C2
:10CDB000FFF7D0F9E7E75B48EFE76FF07100ECE7CA
:10CDC0005948EAE706F17E43191F0F2922D801A02E
:10CDD00050F821F003CD010803CD010815CE01085C
:10CDE0006BCE010803CD010803CD010861CE010817
:10CDF000C5CE010867CE0108C5CE010815CE0108D1
:10CE000015CE0108C5CE0108C5CE0108C5CE010862
:10CE1000C5CE0108043B0F2B29D801A151F823F0FE
:10CE200003CD010803CD01086FCE01086FCE0108C4
:10CE300003CD010803CD010861CE0108C5CE01086C
:10CE400067CE0108C5CE01086FCE01086FCE01087C
:10CE5000C5CE0108C5CE0108C5CE0108C5CE010862
:10CE6000324B636030E7324BFBE7324BF9E76660E9
:10CE700052BB90460DF1100A5346D146039DAF4276
:10CE80002DD1A8EB050B5A4636210AEB05002DF0F3
:10CE900045FC05F1E70304F1E70223449A4225D15A
:10CEA00004F1E8005A465C21284404F108072DF0FB
:10CEB00035FC31463846FFF79BFE0546E8B1402178
:10CEC000484637E76660FFE64FF000081FE71AB1F3
:10CED000294604A82DF02DFC4FF04008CAE71A7827
:10CEE000013782F0360203F8012BC8E71AF8011B5C
:10CEF00081F06A0102F8011FD0E7494642463846F0
:10CF0000FFF7A4FE402105464846FFF723F947E70F
:10CF10006FF08805EAE600BF0002C0030000C07F92
:10CF200003000002009FFFFF809EFFFF0A00000237
:10CF30000C000002070000022DE9FF470446486884
:10CF40000D46000A012816469846DDF830A027D085
:10CF50003E4FB84217D0002854D104F10807384694
:10CF6000CDF800A0FBF799F8A0B110F1860F14D10D
:10CF70004346324629463846CDF800A0FFF783FEE7
:10CF800058B9012307E0CDF800A004F10800FBF731
:10CF900084F810B904230020236004B0BDE8F087B2
:10CFA00004F1080972B32A4FB822002148460AEA60
:10CFB00007072DF0B3FBB7F1607F29D12B88B3F5BC
:10CFC000885F1FD10023504603A903931EF0E8FF9A
:10CFD000D8B1039B202B18D8C4F888A04B464246F2
:10CFE00031462846FAF73CF80028D6D16B88B7F1CD
:10CFF000607F4FEAD302C4F8842012D1203BB3F5FE
:10D00000F47F16D36FF08600C7E76FF08500C4E7A2
:10D010005246294604F18800FAF728FC0028DDD0A2
:10D02000BBE7A2F110011029ECD80A4BCB40DB077B
:10D03000E8D5E3691C329342E4D304F1280318468F
:10D04000A1692DF076FB0523A061A4E70200800012
:10D050000000C07F0101010070B50468E4B1104D0B
:10D0600024F47E16AE420ED1446854B149B1406CEE
:10D0700038B1FBF7BFF8F9F711FCBDE87040FFF7D6
:10D08000A6B80848F9E7084B2340B3F1607F03D105
:10D09000BDE870400830D9E56FF0880070BD00BF72
:10D0A0000002C003009FFFFF0000C07F38B50024CE
:10D0B0001C600546006898B1012808D004280BD0F0
:10D0C0006FF088042846FFF72FFD204638BD281D45
:10D0D000FFF7CAF90446F5E7281D1EF0A9FFF9E796
:10D0E0006FF08804F1E72DE9F04716460268404BDF
:10D0F0000D4622F47E11994280468AB021D14368C0
:10D1000053B93C4C02A81021FFF724F820460AB07E
:10D11000BDE8F047FFF75BB8406C0028F1D0002372
:10D120001022019302A901ABFBF790F8F9F7B6FBC7
:10D1300004460028E6D13246284602A92DF0F9FA25
:10D14000E0E72D4B1340B3F1607F4ED1D0F804A03F
:10D150002A4A5FFA8AF343F0007393423FD003F107
:10D160007E43043B0F2B3DD8254A134493F8B492D9
:10D1700008F108072022384601AB02A9FFF796FF05
:10D18000044640BB51463846FFF732FD0446E8B935
:10D190004A46384608F1E801DDF804A0FFF756FDDD
:10D1A000044698B95246384602A9FFF74FFD044697
:10D1B00060B92022384601AB02A9FFF777FF044689
:10D1C00020B93246284602A92DF0B3FA019911B1CF
:10D1D00002A8FEF7BFFF20460AB0BDE8F0874FF077
:10D1E0004009C5E74FF00009C2E76FF08804F2E795
:10D1F0000002C003009FFFFF0000C07F0300000289
:10D2000058E204082DE9F043044698460D461646B8
:10D21000CDB04FF49472002102A8DDF85491579FCD
:10D220002DF07CFA214633462A46CDF8008002A82C
:10D23000FFF729FD044648B9B9F1000F0DD13A4670
:10D24000569902A8FFF74FFF044678B102A8FFF7EE
:10D25000A5FC20464DB0BDE8F0834A46549902A88B
:10D26000FFF7FAFE04460028E9D0EFE7589B1F605D
:10D27000ECE72DE9F04F456891B02D0A012D0446E9
:10D28000DDE91A67DDE91C899346DDF878A006918F
:10D29000079326D0DFF884C0654518D0002D3AD119
:10D2A000CDE9039ACDE901780096FAF7B4FE10F1C2
:10D2B000860F2DD15A462046079B0699CDE91D9A27
:10D2C000CDE91B781A9611B0BDE8F04F9AE7CDE989
:10D2D0001D9ACDE91B781A9611B0BDE8F04FFAF708
:10D2E0009ABE202200210DEB02002DF017FA5A46BB
:10D2F0002046069908ABF9F7B3FE48B93B463246DB
:10D30000CDE9019A0799CDF8008008A8FAF78BF9C2
:10D3100011B0BDE8F08F6FF08600F9E702008000E1
:10D3200010B50446006888B1042810D0052817D02D
:10D33000012817D104F10800FFF730FC0023236017
:10D34000A38823F4FF7323F00103A38010BD4FF4DF
:10D35000AE72002104F108002DF0E0F90020EDE7A5
:10D36000B822F6E76FF08600E8E730B505460068BA
:10D370000C46134685B0002840D01AB90024204638
:10D3800005B030BD04280ED0052811D001282FD1BA
:10D3900005F10800FFF760FE04460028EED028469D
:10D3A000FFF7BEFFEBE705F10800FAF723FFF3E70D
:10D3B00005F10800E1B1D5F88810124A0A40B2F12F
:10D3C000607F0ED1D5F8AC20AAB905F1AC0202926B
:10D3D0002022019205F18C0200922246FAF723F9ED
:10D3E000DAE70146224605F18800FAF75BFAD3E74F
:10D3F0006FF08604D3E76FF08804D0E76FF08804FD
:10D40000BDE700BF0000C07F2DE9F7431546026865
:10D4100004460E4698465AB90023C8F800502371B6
:10D420007DBB2046FFF77CFF6FF0880738461EE083
:10D430004779FF07F0D590F80490B9F1000FEBD0D1
:10D44000A94561D8042A2FD0052A35D0012A11D048
:10D450001D6000236FF0860703712121EA1AF0187E
:10D460002DF05CF92046FFF75BFF002FDED103B003
:10D47000BDE8F083A368083033B90023C8F8005032
:10D4800023716FF08807E8E74A46FFF72CFE07464E
:10D4900020B10023C8F800502371DEE7C8F80090DF
:10D4A0000027D8F80030D8E74A460830FAF7CEFE11
:10D4B00007460028F4D0ECE7D0F88820174B13403B
:10D4C000B3F1607F16D1D0F8AC20002AD5D09145B9
:10D4D00006D20023C8F8005003716FF08907BCE73B
:10D4E00000F18C0130462DF024F9D4F8AC30C8F8A6
:10D4F0000030D5E70A464B4600F10801CDF8008020
:10D500008830FAF7A5FAD3E71D6000230371002DD8
:10D51000E3D1FFF705FF6FF0890787E70000C07FC1
:10D520002DE9F041334B04465A780E46022A8EB05C
:10D530005CD11B78072B59D104A82EF0AEFF05460D
:10D5400028BB0090002E4FD00CB336F0030706F036
:10D55000030821D04FF0E063CDE9043001230194AA
:10D56000069002930C9047F0005301A904A803937E
:10D570002EF0C0FF04A839462EF096FF04A82DF027
:10D58000DFFC48B13A46294620462DF0C7F86FF037
:10D5900092000EB0BDE8F081B8F1000F24D0002554
:10D5A0004FF0E063CDE904350123CDF804D00293B8
:10D5B000114B01A904A8039306950C952EF09AFF30
:10D5C00004A804212EF070FF04A82DF0B9FC08B1C6
:10D5D0003246D8E7009A3C44C300013022FA03F3F4
:10D5E000804504F8013BF7D10020D2E76FF08800B6
:10D5F000CFE700BF3C64002004000020084608B5C7
:10D600001146FFF78DFF002818BF6FF03B0008BDE3
:10D61000182200212DF082B8426870B5120A0588E0
:10D62000438806D0012A56D000236FF086000B6095
:10D6300022E005F4E042B2F5805F02D0B2F5005F6F
:10D6400005D10733DB0840D16FF0850014E005F405
:10D650004F42B2F5844F03D10733DB080AD1F3E719
:10D6600047F20102954208D15B080133DB0803EB66
:10D67000C3033B3300200B6070BD44F201029542AE
:10D6800002D1DB081033F5E747F20202954204D1DC
:10D69000DB0803EB43035A33ECE744F20202954202
:10D6A00004D1DB0803EB43034A33E3E725F0FF052E
:10D6B000B5F5E24FD0D0B5F5824FC5D10733DB08C1
:10D6C0005B000133012BD5D1BEE725F0FF05B5F591
:10D6D000824FCFD1F6E705F4E046DC1DB6F5805F5A
:10D6E00025F0FF004FEAD40202D0B6F5005F06D164
:10D6F000002A4DD0B0F5824F07D1134643E005F420
:10D700004F46B6F5844F05D1C2B3D31C23F00303B3
:10D710002C33AFE747F20106B54210D15B08013365
:10D72000DB0803EBC3033B330333920723F003030C
:10D7300001D1072CECD1B0F5824F30D0E8E744F2AC
:10D740000106B54202D1DB081033EDE747F20206CD
:10D75000B54204D1DB0803EB43035A33E4E744F258
:10D760000206B54204D1DB0803EB43034A33DBE78F
:10D77000B0F5E24FC8D0B0F5824F02D00B6803334A
:10D78000C4E753000133012B00D10B68013BCBE709
:10D79000B0F5824F0B68F2D1023323F00303043358
:10D7A000B6E72DE9F74305460E4600F1680900216A
:10D7B000783017469846EBF76DF880B1334642460D
:10D7C0004946284600971FF08BFDFEF700FD0446F2
:10D7D000A0B13A46002130462CF0A0FF0EE0094BE4
:10D7E00005F160020093494605F11C0328461FF02D
:10D7F000B9FDFEF7ECFC04460028DFD0204603B05C
:10D80000BDE8F083FDD501082DE9F04F476885B0EC
:10D810003F0A0646DDE90E9B8A4614469846109D4F
:10D8200008D0012F00F084806FF08607384605B0DD
:10D83000BDE8F08F038803F44F43B3F5824F04D063
:10D840003788CCB96FF08507F0E72B46F9F7E3FA94
:10D85000074668B94C4502D96FF08907E6E72246CA
:10D86000514640462CF065FF0027CBF80040DDE72D
:10D8700010F1860FE4D0D9E73846FEF79CFCC8B11A
:10D880002B680BB9E3002B6038462968FEF79CFE35
:10D8900007460028CAD10731B4EBD10FC4D1A14546
:10D8A000DAD32246514640462CF043FF2C68073419
:10D8B000E408D9E77B04C5D527F4435323F03F039D
:10D8C000B3F5824FBED103AB009303902346384695
:10D8D000524671881FF0EAF90746C8B933880398A1
:10D8E00023F4435222F03F02B2F5824F016C03D180
:10D8F000DAB2412A08BF013103F4E043B3F5804FA7
:10D9000029600DD15B464A464146FFF74AFF07466C
:10D91000039C2046ECF77CFA2046E9F72CFB85E7D0
:10D920004B4642465946ECF703F8FEF750FCEEE74B
:10D93000CDE90FB5CDF8389005B0BDE8F04FF9F757
:10D9400084BD2DE9F0431F46002389B00546884673
:10D950001646CDE9063304923B60002A60D0B2F14E
:10D96000005F60D206AA07A91FF05AF90446B0B9B1
:10D97000DDF81C90D9F82030BBB1079B41465A888E
:10D980002846059205AA029203F1240201925A6ADE
:10D9900000921B6A3246FFF737FF0446E8B107984A
:10D9A000002833D0FFF7A0F830E06B681B0A07D1DE
:10D9B00048460499FEF737FE04460028DDD0EEE71E
:10D9C000012B02D06FF08604E9E7284604A9FFF78F
:10D9D00023FE04460028EBD0E1E70798059B428828
:10D9E000C2B943804FF6F872934216D82B8813B110
:10D9F00002889A42E6D16B8813B142889A42E1D1FB
:10DA000039461FF07AFE04460028C8D1204609B0E6
:10DA1000BDE8F0839A42D5D1E4E76FF08504BEE714
:10DA20006FF08604F2E76FF08504EFE7F8B51E4D5E
:10DA3000064695F848330F4683B300242B4622460A
:10DA4000197ED1B13CB9022905D1D96919B9197921
:10DA5000002918BF1C460132152A03F12803EFD113
:10DA600014B96FF08C0006E02046FCF79BFA2046C4
:10DA7000FFF73AF810B100240EE01C46237E83B96C
:10DA8000012323763EB1651BED1003F1CC335D43DA
:10DA900005F18045356000203C60F8BD6FF08800DE
:10DAA000E9E76FF09600E6E73465002000232DE9F2
:10DAB000F0470F460B608949064691F8482386B027
:10DAC000002A00F0058100F14042142A4CD8282396
:10DAD00003FB02110B7E022B3BD039460020FFF7DF
:10DAE000A5FF0446002856D10125D7F8008021461D
:10DAF0003046C8F81460C8F8045004AAF9F700F9D1
:10DB0000044618BBDDF810A028465146E9F735FB5E
:10DB10000546002800F0D0802146304604AA039430
:10DB2000F9F7EEF8044668B903AB21460093524674
:10DB30002B4630461FF034F8039B04469A452ED0FE
:10DB40006FF0980451462846FEF70EFB0021084668
:10DB5000A7E04B699842C0D10846FCF723FA044677
:10DB6000B0B93960002416E0002840F3B4800A46BA
:10DB7000107E022802D15069864205D00133152B50
:10DB800002F12802F4D1A8E7282202FB0311E3E7FF
:10DB900010F18C0FA1D0204606B0BDE8F087002818
:10DBA000D0D1BAF1230F68D9082228464C492CF06D
:10DBB000A5FD002861D1AB68002B5ED12E6AAAF1C9
:10DBC00024039E425AD8B6F5005F57D28EB3314631
:10DBD0000120E9F7D2FA814600285DD0324605F1EE
:10DBE00024012CF0A6FDEB685146C8F804302B8ABE
:10DBF0002846A8F800306B8AA8F802306B69C8F88C
:10DC00000830AB69C8F80C30EB69C8F81030B9F1CE
:10DC1000000F00D07EB9FEF7A7FA31464846FEF75E
:10DC2000A3FA3868FEF760FF6FF0910400233B60B1
:10DC3000B1E7B146D7E7FEF797FA31464046FEF71F
:10DC4000F2FC044658BB32464946D8F820002CF076
:10DC500070FD31464846FEF787FA3C6804F108003B
:10DC6000E9F7D4FF237E012B2FD02046FCF79AF949
:10DC7000044600283FF476AFD8E726466FF09804B4
:10DC800051462846FEF770FA31460020FEF76CFA3E
:10DC90003868FEF729FFC9E76FF08C04F0E73146DA
:10DCA0004846FEF761FA3868FEF71EFF14F18C0F44
:10DCB00008BF6FF08704B9E72146FEF755FA3868C8
:10DCC000FEF712FF6FF08C04B0E702232376CCE757
:10DCD0006FF088045FE76FF087045CE7346500202D
:10DCE0001CE50408034668B1017E8A1E012A0BD890
:10DCF0000329C26903D1012A01D1FEF7F5BE1AB189
:10DD0000013ADA61002070476FF0960070472DE904
:10DD1000F843884617461C46FFF7C8FE054688BBF1
:10DD2000D8F80060B6F8009009F4E043B3F5804FEE
:10DD3000B36808BF27F0010737EA03031AD10CB311
:10DD4000254B24F0FF029A421FD114F0FF0304D0A8
:10DD5000224A43F00073934232D022464846F1688B
:10DD6000FBF7E8FF074668B9224648463169FBF7EA
:10DD7000E1FF70BB6FF0840500233046C8F8003027
:10DD8000FFF7B0FF2846BDE8F883154B9A42DCD078
:10DD9000A3F588539A42D8D024F4FF7323F00103EB
:10DDA000B3F1062FD1D00F498A42CED00E4A93420A
:10DDB000CBD004F0FE43B3F1407F04D12304CCD593
:10DDC0006FF08605D8E7B3F1A06FF7D0034B9C4204
:10DDD000C2E73D46D6E700BF00030006FF00000291
:10DDE0000013000600090006000400067FB5044683
:10DDF00018B301A9FFF75AFE0446F0B9019D2B7E26
:10DE0000022B25D103232B762B79FF2B23D073B143
:10DE10006E692146304602AAF8F772FF8C3006D0B0
:10DE200030462146F8F78BFF50B16FF09804284632
:10DE3000FFF758FF002818BF0446204604B070BD05
:10DE40003046214602AAF8F75BFF8C30EFD0ECE7B2
:10DE50006FF09604EBE76FF08404E8E773B50546CE
:10DE600008460C46FFF7D4FB002328461A4601A9B2
:10DE7000FFF74DFF60B9019E35460FCD0FC495E801
:10DE8000030084E80300304602B0BDE8704029E793
:10DE900002B070BD2DE9F04789469A469046A6B07B
:10DEA0002AB96FF08905284626B0BDE8F08700231F
:10DEB0000122CAF8003001A9FFF729FF0546002812
:10DEC000F1D1019C6368D4E908761B0A07D0012BC5
:10DED00037D02046FFF706FF6FF08605E3E722887C
:10DEE0001046FEF768F998B944F2010322F4405154
:10DEF00099420DD002F44F42B2F5824F08D0B2F5EC
:10DF0000844F05D02046FFF7EDFE6FF08505CAE788
:10DF1000464503D92046FFF7E5FEC2E732463946BB
:10DF200048462CF006FC0021A8EB060209EB06008F
:10DF30002CF0F4FB2046CAF8006026B0BDE8F0479C
:10DF4000D0E6002FC5D0002EC3D0B9F1000FC0D04D
:10DF5000A368DB0705D42046FFF7C4FE6FF08405F5
:10DF6000A1E7014620220CA82CF0D8FB3246394606
:10DF700020460CABF9F774F8054618B12046FFF7B8
:10DF8000B1FE90E714AE0CAF0FCF0FC697E80F00AD
:10DF900086E80F0002A914A826880295F8F71AFA55
:10DFA00005463046F8F714FF012804BF042309F89A
:10DFB000013B4FF0000308BF08F1FF38CDE91739E6
:10DFC00008F1030323F00303064619932DB12046FD
:10DFD000FFF788FE6FF0920565E7029FB84599D379
:10DFE000282229461CA82CF099FB1CA82EF055FAD3
:10DFF0000028ECD12B46012214A90CA8F8F71FFA2F
:10E0000018B90F9B013B012B0ED96FF092061CA88B
:10E010002EF043FA0028DAD12046FFF763FE0546CA
:10E02000002E3FF440AFD5E74FF0817309A90CA84B
:10E03000CDE91C351E952495F8F75AFA0028E4D14D
:10E0400009991CA82EF030FA03A90CA8F8F729FBAF
:10E050000028DAD103A91CA8F8F760FB06A90CA8D0
:10E06000F8F736FB0028D0D106A91CA8F8F756FB14
:10E0700009A914A8F8F72CFB0028C6D11CA809A9E7
:10E080002EF038FA1CA82CF05BFF0028BDD13E44CE
:10E09000CAF800600026BAE730B401EB8202914270
:10E0A00001D130BC18470C46B4F900500431854208
:10E0B000F5D1B4F9020030BC704770B50446F0B138
:10E0C0000368E3B102791B78012A14D1082B10D020
:10E0D000092B104D18BF0025A068FEF725FD294625
:10E0E000A068FEF785FDBDE8704004220A4B0B498D
:10E0F000D2E70B4DF0E7082B03D0092B07D00948D6
:10E1000070BD0121A068BDE87040F9F7D7BE0021BD
:10E11000F8E700BF090000021D9C010824E504087F
:10E120000800000200AFFFFF10B5B0B10368A3B153
:10E130000479012C08D18068FEF788FDBDE8104005
:10E140000422074B0749A7E71B78083B012B04D89B
:10E15000BDE810408068F9F74FBF034810BD00BF0D
:10E160001D9C010824E5040800AFFFFF10B40468FB
:10E1700024B1C36813B15DF8044BD5E701485DF8DD
:10E18000044B704700AFFFFF38B5036804465BB12E
:10E19000C5684DB1FFF791FF38B92368294620467D
:10E1A0009A78BDE83840BFE7004838BD00AFFFFFB0
:10E1B00007B5D0B10268C2B10379012B0BD101AB15
:10E1C00052788068FEF772FF04220A4B0A4903B0B6
:10E1D0005DF804EB60E71378083B012B05D88068F5
:10E1E00003B05DF804EBF8F769BB044803B05DF8D1
:10E1F00004FB00BF1D9C010824E5040800AFFFFFDD
:10E200002DE9F0410E461746054688B000286DD02E
:10E210000368002B6AD0C268002A67D09B78BB4293
:10E2200014D2FFF74AFF044600283BD13A46314654
:10E230002846FFF779FF0446A0BB69462846FFF74A
:10E24000B7FF044670BB6E462B685F782B68D5F825
:10E250000C809A783621404608EB02042CF05EFAD6
:10E260002B685C219A7820462CF058FA0023191D5F
:10E270008F4208EB03021DD29F4223D80023191DB1
:10E280008F4204EB030224D29F4228D82846FFF78E
:10E2900014FF044630B92B68414628469A78FFF7A8
:10E2A00043FF044620216846FDF754FF204608B08E
:10E2B000BDE8F081F25858F80300424048F80320C6
:10E2C0000B46D4E7F05C11780133414002F8011BA2
:10E2D000D2E7F258E0584240E2500B46CFE7F05CFC
:10E2E00011780133414002F8011BCDE7004CDDE716
:10E2F00000AFFFFFF0B5036804460D4689B0F3B1E7
:10E30000C668E6B169469F78FFF752FFA8B9204674
:10E31000FFF7D3FE88B9236820469A78F119FFF7F2
:10E3200003FF50B92368694620465A78FFF7FCFE80
:10E3300018B929462046FFF73BFF09B0F0BD014858
:10E34000FBE700BF00AFFFFF2DE9F0470668054679
:10E350000F4690468AB006B1767897B3B8F1000FB1
:10E360000CBF4FF001094FF002090023294C05F1C1
:10E37000100A99458DF804301BD92846FFF704FF91
:10E380000446B0B9324651462846FFF7EFFE044630
:10E3900078B90122284601A9FFF7E8FE044640B9F2
:10E3A000B9F1020F10D0284602A9FFF7A3FF0446D7
:10E3B00098B102A82021FDF7CDFE20460AB0BDE8A5
:10E3C000F0874FF00109D0E7424639462846FFF76B
:10E3D000CDFE04460028E6D0EBE73246284602A9E7
:10E3E000FFF70EFF04460028E3D132465146284687
:10E3F000FFF7BCFE04460028DBD151462846FFF754
:10E4000079FF04460028D4D19DF804300133DBB2F3
:10E41000AFE700BF00AFFFFF2DE9F04F4FF000095D
:10E42000B3B01F463E9B0D46C3F800903D9B164679
:10E43000002B00F05B810B464FF4805208A9FFF7D8
:10E4400066FC8246002840F04F81DDF82080B8F855
:10E45000003003F4E043B3F5E04F13D06FF0860AC9
:10E4600000243D9B21211A1B3C9B18192CF056F9C6
:10E470000898FFF737FCBAF1000F18BF504633B0C9
:10E48000BDE8F08FD8F80440D8E9081B240A0FD063
:10E49000012CE3D13E9B5A4604933D9B4046039397
:10E4A0003C9B0096CDE901732B46F9F7ACFB4DE0A0
:10E4B0003E9B5A4604933D9B404603933C9B0096EB
:10E4C000CDE901732B460691F9F79DFB10F1860FFC
:10E4D000824606993BD147F20103B8F80000984202
:10E4E000BCD000F44F43B3F5824FBAD1B8F802C0A4
:10E4F00009AB0A46009361465B4609941EF0D6FBC1
:10E5000082460028ADD10123DDF82480CDE90B300F
:10E51000D8F83C400D930734E40804FA03F307935A
:10E520003D9B0A90B3EB440F18D20AA8E9F78CFF81
:10E530000CA8E9F789FF6F4D099C2046EBF768FCB2
:10E540002046E8F718FD2846FDF741FE82463E9B2F
:10E55000BAF1000F1C6818BF002482E7EB0540F1F8
:10E56000B48015F0FF030BD0D8F8405008F16002DA
:10E570000735082B06924FEAD50B09D0092B6AD034
:10E580005D4D0AA8E9F760FF0CA8E9F75DFFD3E746
:10E59000DFF87891002101230DF1800A48225046CE
:10E5A000CDE90E132CF0BAF842F210735A460698D1
:10E5B00010A92F93EAF7A6F8054608BB3B4632465A
:10E5C00040460EA9EAF74CFF0546C8B910AB5A46BB
:10E5D00003EB0B010EA8EAF795F8054680B999F808
:10E5E0000030CDE92200083B012BCDF880906AD89D
:10E5F000E0210120E8F7C1FD229000282ED13F4DF7
:10E6000020A8FEF7A6FA20A84821FDF7A3FD42F2B4
:10E6100010720EA82F92E9F717FF002DB1D12246F4
:10E620003C990AA8EAF76EF805460028A9D13C9B58
:10E63000224619190CA8EAF765F805460AA8E9F771
:10E6400003FF0CA8E9F700FF002D7FF475AF3E9B98
:10E65000079A1A6070E7DFF8B8909BE74FF0010364
:10E66000022099F802108DF88430E8F786FD239097
:10E6700018B95046FEF76DFAC1E7504699F80120E7
:10E6800024A9FFF7BDFD05460028B9D1012199F85D
:10E69000012024A82CF042F850464FEA4B0210A962
:10E6A000FFF752FE05460028AAD1154B4046CDE99A
:10E6B0000173CDF80CA0069B00960CAA0AA917F0CE
:10E6C00069FD05469CE70F4D9AE7002303930E4B27
:10E6D0004046CDE90173009608F160030CAA0AA92F
:10E6E00017F058FD054698E74C46BAE66FF08900EA
:10E6F000C5E600BF00B1FFFF80B0FFFF80AEFFFFA7
:10E7000015E7010800AFFFFFFDD5010834E5040857
:10E7100037E504082DE9F843066804460F46154618
:10E7200006B17678B5F5806F3BD8236C63B904F1F8
:10E730001008BDB92A4629462046FFF705FE78B9DC
:10E74000236B013323630BE0A36B012B03D0226BFC
:10E75000E36B9A42EBDD204617F054FC0028E6D02C
:10E76000BDE8F883AE422046B14628BFA946FFF770
:10E770000BFD0028F4D1324641462046FFF7F6FC57
:10E780000028EDD141462046FFF7B4FD0028E7D12F
:10E7900038464A4641462BF0CCFF4F44A5EB0905CD
:10E7A000C7E76FF00200DBE7022807D0032808D094
:10E7B000012809D0002318460B607047E02312207F
:10E7C000FAE74FF48073FAE7C023F8E70E4B70B511
:10E7D0001A88C2B90D4A14880D4A1688C6F5806297
:10E7E0009442C8BF94B21C806CB10A4D2B780BB117
:10E7F000E9F7CEFA0849224608483144EBF700FD14
:10E8000008B901232B7070BDD46A0020D26A0020A1
:10E81000D06A002048640020E06D0020B81D002070
:10E820000749084A0B8810880344C3F309030B8087
:10E8300005490B881B1A0B8000231380C6E700BF15
:10E84000D06A0020D46A0020D26A00202DE9F74364
:10E850002B4E8846B6F800901346B9F1000F16D13A
:10E860000A4628484FF480612AF03CFFB0F5806FDB
:10E87000044608D2244B3080A3F80090234BA3F821
:10E880000090FFF7A3FF204603B0BDE8F0831E4FC2
:10E890001C483D880192A944C9F309094D458CBF24
:10E8A000A5EB0905C9F58065ADB20A46484429467D
:10E8B0002AF018FF041EE4DBA54203DD338823445D
:10E8C0003380DEE7B4F5806FDBDA338823B1FFF7FE
:10E8D0007DFFE9F75DFA48B142464FF48061019B44
:10E8E00008482AF0FFFE041E03DCFEE7FFF798FF4E
:10E8F000EBE70023054A34803B801380C1E700BF6B
:10E90000D26A0020E06D0020D06A0020D46A002086
:10E91000084B03F58062D2E8AF2FD20707D493F8F3
:10E92000002422B9C3F80424012283F800240248F9
:10E93000704700BFE06D0020E4710020102200212C
:10E940002BF0ECBE2DE9F7430E6804460D4686B960
:10E9500008342046754903F053F92046744903F002
:10E960004FF92046734903F04BF9002003B0BDE88E
:10E97000F08330466E4921F020FA002851D06868B3
:10E9800000283CD154F8085F6B4905F5F85605F5A9
:10E9900080552046D5F8182F03F032F94FF01108B2
:10E9A000664FDFF8B8911836B8F1010807F108078B
:10E9B00019D1D5F85C2F2046614903F021F91127C0
:10E9C000604DDFF89881013F05F10805CDD055F87D
:10E9D000083C4246F35804210093204655F8043C75
:10E9E00004F09FFFEFE757F8083C4A46F35804212C
:10E9F0000093204657F8043C04F093FFD4E75249B3
:10EA000021F0DBF9002800F08F80A968002940F090
:10EA10008B80A068882200F5F85018302BF07EFE1D
:10EA2000A3E73046434921F0C8F9002850D0686870
:10EA3000002840D154F8085F0B2705F5005805F56C
:10EA400002553035284698F8B1100AF023FE3F4EA3
:10EA5000DFF80C9105F59875013F06F1080611D114
:10EA600006273B4EDFF8FC90013F06F1080613D164
:10EA70002046384902F092FDD8E98823204602F06A
:10EA80003AFF72E756F8083C49462046EB5A56F8DA
:10EA9000042C03F0B5F8DFE7204656F8042C49466D
:10EAA00002F07CFD56F8083C20462B44D3E90023B5
:10EAB00002F021FFD8E7244921F07FF9A0B3AB6829
:10EAC00093BBA06800F5025030300AF0BEFD4CE761
:10EAD0003046164921F071F930B36868B8B9052796
:10EAE00054F8085F1C4E05F50055DFF870800435BA
:10EAF000013F06F108063FF438AF56F8083C41469E
:10EB00002046EB5856F8042C03F07AF8F0E70E494B
:10EB100021F053F940B1AB6833B9A06800F500505B
:10EB20000430FFF70BFF20E707201FE799F50408E3
:10EB30008ADB04088EDB040892DB04083CE5040849
:10EB4000A7DB0408BCE504085CF604083CE60408FE
:10EB50008CE60408CBDB0408B4E604089FDB040859
:10EB6000B4DB0408BBDB040870B5144D05F5816304
:10EB7000D3E8AF4F14F0010416D195F808349BB9CF
:10EB8000C5F80C4405F5826630191034FFF7D6FE3F
:10EB9000A02CF9D10B220A4B013A194603F11003BC
:10EBA00004D1012385F80834064870BDD5F80C045B
:10EBB00043F8100CC5F80C14EEE700BFE06D002020
:10EBC000F0710020EC7100202DE9F04115468846D7
:10EBD000E9070746C5F34002C5F38003C5F3C00645
:10EBE0000AD44AB943B93EB9FFF792FE0268144607
:10EBF00064B91720BDE8F081FFF78AFE046884B984
:10EC0000FFF7B2FF04688CB90320F3E7E188B9424B
:10EC10001FD026462468EBE73268FAB112683260EA
:10EC20001CE0E388BB420BD02468E8E7236803605C
:10EC30002046FFF783FEFFF76BFE03682360046046
:10EC40002571E780D8F80030A360D8F80430E3607D
:10EC500009E0002EE0D10AB113680360FFF784FFDA
:10EC60000368236004600020C4E7437F70B50A4650
:10EC700004467BB1002934D0BDE87040252997BFF8
:10EC8000184B194B03EB8103D3F87C341749083038
:10EC900002F0B6BF037F03B9FEE7242921D000F1BB
:10ECA000080581B92846124902F0AAFF002304F1A1
:10ECB00020002377EEF745FE2846BDE870400D4A58
:10ECC0000D4902F06BBC252998BF064B28469ABF18
:10ECD00003EB8103D3F87C34034B044902F090FF2B
:10ECE000E4E770BD58E20408E0DB0408F1DB040847
:10ECF000FEDB040832D504082CEA040810B50446EB
:10ED00000449083002F07CFF2046BDE81040002195
:10ED1000ABE700BF03DC04082DE9F04F4668DBB029
:10ED2000344606A914F8680B9946DDE964B30493E8
:10ED3000FFF73AFD4123214600939046054649AB33
:10ED4000304607AA1EF0CCFA014668B9DDE9066430
:10ED50000590182217A82BF0E1FC07360599F60854
:10ED60000891770025B9A04908465BB0BDE8F08F4F
:10ED70004FF4005117A845F48245ADF85C50E8F710
:10ED800052FF4FF0062322461A9349A908AB17A851
:10ED9000FEF7D7FD58B1FAF767FF04460898FFF76A
:10EDA00025F80146002C00F016812146DCE7402FB3
:10EDB000DDF820A003D95046FFF718F8D3E70499EF
:10EDC0003023594423AA1DA8CDF874B0E9F727FAD7
:10EDD0000146002838D13A4639A82BF09FFC1D9DEA
:10EDE000239C33462146284639AAFBF703F9011E26
:10EDF0002ADB0D44641A39AA214633462846324498
:10EE00002394FBF7F7F8011E1EDB0D44049B1D95B0
:10EE1000A5EB0B05641A9D42239413D13A4639A9F8
:10EE200029A82BF086FC4FF006234FF400525046E1
:10EE300009A9FEF76CFF68B107226C4B6C49FFF71C
:10EE40002BF9AAE76FF0650150460491FEF7CEFF5B
:10EE5000049989E7099E7368D6E908521B0A09D00C
:10EE6000012B00F07A813046FEF73CFF6FF08604FC
:10EE70002046E1E729ABCDE90093294643463046D9
:10EE80000297049217F04EFA10F1860F0446049A86
:10EE900040F0948044F20103308820F440519942BC
:10EEA000E1D000F44F43B3F5824F03D03046FEF774
:10EEB00019FFDDE700230DF1280BCBF80030718836
:10EEC0001346CDF800B02A461DF0F0FE0446002897
:10EED000ECD10123DBF80050CDE90C30EA6B0B904C
:10EEE00007324FEAD20BB7EB4B0F0E9340F0328153
:10EEF0005A4629A90BA8E9F7D7FBFDF768F904469C
:10EF000000284FD15A4629AB99180DA8E9F7CCFB38
:10EF1000FDF75DF90446002844D1014605F1680378
:10EF200005F178000493E9F7B5FC50B9314B284658
:10EF30000093049905F11C0305F160021EF012FA1A
:10EF400004462046FDF743F9044658BB4FF0010B39
:10EF50001DA8EAF7BAFA6A6BCDE910B4CDE912B48C
:10EF6000CDE914B40F94CDF858B0002A00F0F08029
:10EF700059460BA8E9F78EFC00283FDA1E4C1DA865
:10EF8000EAF7F8FE0FA8E9F75FFA11A8E9F75CFACB
:10EF900013A8E9F759FA15A8E9F756FA2046FDF73C
:10EFA00016F904460BA8E9F74FFA0DA8E9F74CFA51
:10EFB0002846EAF72DFF2846E7F7DDFF3046FEF743
:10EFC00091FE002C7FF454AF00287FF435AF5046FB
:10EFD000FEF70CFF014600293FF4C6AE08465BB0C1
:10EFE000BDE8F04FFAF740BE80C1FFFF699C010801
:10EFF0006CE70408FDD5010800B2FFFF05F13407F6
:10F0000039460BA8E9F7FEFB0028B7DA59460DA8E8
:10F01000E9F740FC0028B1DB39460DA8E9F7F2FB1F
:10F020000028ABDA4B46424628460FA9EAF718FA01
:10F0300004460028A3D13A460DA911A8E9F748FFD4
:10F04000044600289BD111AA0FA913A8E9F779FC5F
:10F050000446002893D113A93A460846E9F7F6FC7E
:10F06000044600288BD111AA0BA915A8E9F769FC61
:10F070000446002883D115A93A460846E9F7E6FC7C
:10F08000044600287FF47BAF2846EAF715FA0128EA
:10F09000814605F11C0B02D0A4F59D446FE74FF0AB
:10F0A000040823A8EAF711FA39ABB8F1010803F113
:10F0B000080323F8049C23F8024C43F8084CF4D1CD
:10F0C0005B46284613AA23A916F0C7FF0446B0B929
:10F0D0002846049B15AA1DA916F0BFFF044670B967
:10F0E00039AB00931DAB1946284623AAEAF75FFD0A
:10F0F000044620B928461DA9EAF7D6FA044639ABDA
:10F1000003EB080008F10808E9F79EF9B8F1200FB1
:10F11000F5D123A8EAF72EFE002C7FF430AF21466C
:10F1200021A8E9F7B7FB00283FF428AF1DA93A460C
:10F130000846E9F78BFC044600287FF420AF0BA9B2
:10F140001DA8E9F75FFB044600283FF418AF15E758
:10F15000074C23E76FF0940424E729ABCDE9009333
:10F16000294643463046029717F0DCF8044625E767
:10F1700080B0FFFF2DE9F04F4FF0000AB1B0D0F89A
:10F1800004B00F46DDE93A54514690460CA81822C7
:10F1900006933C9ECDF828A02BF0C0FA9BF8000007
:10F1A00009A9FFF701FB099A07900732D3080593D5
:10F1B000002800F0DE80B2F5847F80F0DD80059AC3
:10F1C00018A90BF16000E9F79DFA079B814650B141
:10F1D00018A82021FCF7BEFF5046FEF707FE484660
:10F1E00031B0BDE8F08F43F4E2434FF480510CA8F6
:10F1F00047F0C06AADF830304AF4E06AE8F713FD32
:10F2000018A9059A0AAB0CA8CDF83CA0FEF799FB0B
:10F210000146B0B1FAF728FD2021044618A8FCF7F2
:10F2200099FF0A98FEF7E2FD8146002C40F0A78086
:10F23000B9F1000FD3D0484631B0BDE8F04FFAF72E
:10F2400013BDDDF828B0182212A82BF067FA584633
:10F2500012A9FEF703FE28B107224A4B4A49FEF7DE
:10F260001BFFD9E712A8BDF84A90FEF7D1F9069B1B
:10F27000424651465846CDE901460095FFF7CCF885
:10F28000034668B18533E7D142465846CDE9014689
:10F29000069B009547F00621FFF7BEF80028DBD15A
:10F2A000326809F107034FEAD3082C44B2EB480F48
:10F2B0000B9454D1B3F5847F2FD24246294620A81F
:10F2C0002BF037FA424605EB080128A82BF031FA5B
:10F2D00023462A46414628A8FAF7C0FEB0F10009A5
:10F2E00037DB4F46E41B23462A46414620A8FAF75F
:10F2F000B5FEB0F100092CDB4F44A4EB09043A46FB
:10F3000029460BA80B94E8F79DFFB0F1000920DB1C
:10F310000B9901374B1B002B09DC202118A8FCF7A7
:10F3200019FF5846FEF762FD6FF06B0957E730236F
:10F330004F4401F8013D3A4628462BF092FB20212C
:10F3400018A83760FCF706FF5846FEF74FFD8146C8
:10F350006EE718A82021FCF7FDFE58463DE7202166
:10F3600018A8FCF7F7FE5846FEF740FD6FF0670956
:10F3700035E7DFF8189032E76FF06D092FE7A14607
:10F380002DE700BF699C01086CE7040880C1FFFFFE
:10F39000F0B50C460021D1B01822064604F1100742
:10F3A00028A825912BF0BAF99022394668462BF00F
:10F3B000C0F994E80F00FCF77DFE27A90078FFF75D
:10F3C000F3F9279D0735ED0818B9324C204651B0A6
:10F3D000F0BD40F4E2400121ADF8A00028A8E8F714
:10F3E00022FC9022394668462BF0A3F994E80F00DE
:10F3F000FCF760FE2A462EA96030E9F783F904463F
:10F4000020B141212EA8FCF7A5FEDFE72A4625AB57
:10F410002EA928A8FEF795FA044641212EA8FCF74C
:10F4200099FE2046FAF720FC04460028CED1259FFD
:10F4300024AA38462EA91DF0EDFCFAF715FC044667
:10F440003846FEF7D3FC002CC0D120B151B0BDE846
:10F45000F040FAF709BC902206F1100168462BF043
:10F4600068F996E80F00FCF725FE412326AA0093D1
:10F4700000F168013FAB1DF033FF04460028A5D121
:10F480002A463FA92EA82BF039F9044600289DD022
:10F490009BE700BF80C1FFFFF0B589B005460C4671
:10F4A00016460021142203A81F462BF037F94FF609
:10F4B000F8724FF48853B2EBC70F4FF6FF72ADF8F6
:10F4C00008304FEAC70338BF13464FF4805102A8F3
:10F4D000ADF80A30E8F7A7FB6B79E1B243F001031E
:10F4E0006B71194B41F000749C422AD004F17E44A8
:10F4F000043C0F2C09D8DFE804F01A1A08241C1E5B
:10F5000020221C1E08081C1E2022002441F06071CD
:10F510002C713B4632460091284602A9FDF70CFDAE
:10F52000044602A8FEF774F8204609B0F0BD142482
:10F53000ECE71C24EAE72024E8E73024E6E740244F
:10F54000E4E71024E2E700BF030000022DE9F043E6
:10F55000044693B0104688464FF48042236807A9BA
:10F56000FEF7D5FB054640B9079E73681B0A0BD012
:10F570003046FEF7B7FB6FF08505204621F000F915
:10F58000284613B0BDE8F083B8F5817FB6F8009047
:10F5900026D12379206843F00103237121F0E4F898
:10F5A000D6E9085741F20323994534D1764A20F031
:10F5B000FF03934226D0754920F4FF7222F0010226
:10F5C0008A421FD0724A934256D12A463B46414650
:10F5D00004F11000FAF7A3FD0546002D46D013E014
:10F5E000206821F0C1F8D6E908576FF4007208EBE3
:10F5F0000203012B06D841F20103994512D0B9F15B
:10F60000000F0FD06FF08605204621F0B9F8304684
:10F61000FEF768FBB4E7B9F5905FC7D0B9F1000F0A
:10F62000C4D0EFE7584A20F0FF03934206D0574971
:10F6300020F4FF7222F001028A42C3D140F2022379
:10F640009845DFD1A37E9B0728D1C1B22A463B460D
:10F6500041F0007104F15C00FFF71EFF0546002831
:10F66000D2D10122A37E62F30103A376304613B008
:10F67000BDE8F043FEF736BB464A9342A5D0464A62
:10F680009042BFD0454A93420BD0454B984274D12B
:10F69000B8F5817F08D1237C022B36D06FF0880526
:10F6A000B2E7B8F5817F29D040F202239845A9D16D
:10F6B000237C012B1FD102232374002FD6D0616A33
:10F6C00001203944E7F759FD8046002852D0626A8C
:10F6D00012B1216A2BF02DF8606A3A46294640445F
:10F6E0002BF027F8636A206A3B446362E7F743FC28
:10F6F000C4F82080BAE7022BDFD0CFE7237C022BAF
:10F70000CCD1274B98427FF47DAF102F04F128080D
:10F7100020D00021234B14220DA80C93CDE9081111
:10F72000CDE90A112AF0FAFF4FF480610CA8E8F73E
:10F730007AFA102204F16803CDE900570493CDE969
:10F740000282194B08A90CA8FDF793FD0323054677
:10F75000237442E7434605F110071A462868696892
:10F76000083503C2BD421346F7D11023A366032315
:10F7700023747BE76FF08C0546E73046FEF7B2FA5C
:10F780006FF08805FCE600BF0001000800040008D7
:10F7900000020008000300080906000800018008B4
:10F7A00000028008002480000002C0032DE9F74316
:10F7B0000C4605464249206820F0FFFA00287DD01B
:10F7C00064688CB9AC6804F564542C34204607F0A6
:10F7D000C9FD20B9214605F1080002F00BF800240C
:10F7E000204603B0BDE8F0832046364920F0E5FA14
:10F7F00030B3AC6804F5645505F12C063046083585
:10F8000007F0B0FD0028EAD104F5645404F13C008F
:10F8100031463434F0F752FD70B121462A4808F0E1
:10F820007BF948B1284609F07FF8284609F052F8DC
:10F8300010B9284609F06BF8304608F096FFCEE77D
:10F840006E462046314620F0DBFE04460028C7D134
:10F85000304607F0B5FD78BBD5F8089009F564553A
:10F86000083505F12407384607F07CFD28B93146F4
:10F870003846F0F72BFD0028B2D096E8030009F5D2
:10F88000405707F62C1888E8030009F564510E4824
:10F89000343108F041F90028A2D0284609F044F894
:10F8A000D7F82C392846C7F83C39D8F80430C7F8BF
:10F8B000403909F02CF893E7072491E723248FE7D8
:10F8C00016DC04081ADC0408E83F00202DE9F043A8
:10F8D0000C6880460D4699B02046764920F06DFAB6
:10F8E000B8B106A9281D04F0ABFC044650B99DF838
:10F8F00018305BB902460146D8F8083003F540538A
:10F90000C3E98212204619B0BDE8F08342466A4935
:10F91000F2E764B1204606A920F0E2FE0446002882
:10F92000F0D19DF818301F2B43D801249C40DFF8FC
:10F93000A091D8F8087099F81838002B00F0B3801F
:10F9400007F5405595F83432002B40F0AE805B4B04
:10F95000C5E9843895F87E3223F0030385F87E32BA
:10F96000D9F8483EC5F8303214B12340C5F83032DA
:10F97000102020F045FA0646002800F098804FF647
:10F98000FF73438295F83D224D4B0193EAB1F12379
:10F990008DF81830D5F83832402A4FEA13418DF8E7
:10F9A0001A104FEA13218DF81B108DF81C3002D964
:10F9B000FEE70724A6E707F54851D31C3E310DF1B9
:10F9C0001D008DF819302AF0B4FE1A2301A88DF815
:10F9D0000030EEF743F8C4B295F83D0218B106A81E
:10F9E000EEF73CF8C0B20444694630468DF8014059
:10F9F000EEF7B5F9044688B9314601A8EEF73EF8AE
:10FA0000044658B995F83D3263B902A807F06EFD77
:10FA1000304602A90AF056FE044658B13046EDF7CA
:10FA200042F96FE7314606A8EEF728F804460028A9
:10FA3000EBD0F3E74FF6FF73B9F8444E9C420DD17B
:10FA4000EDF754FE81B2A142FAD01E48EEF7F2FC67
:10FA500095F87E3243F0020385F87E32FF2307F5E6
:10FA6000485085F83C3200F13C013030EEF735FC6F
:10FA7000002814BF0223012385F83432124B93F877
:10FA8000B12032B193F8B3301B0702D401201BF030
:10FA9000F5FC0E4B072103F1080208F1080004F001
:10FAA00014FA24242EE70D242CE705242AE7032446
:10FAB00028E700BF20DC040875240208611E020844
:10FAC00080025000E4460020A848002088E704088F
:10FAD000A838002000232DE9F04707468EB0CDE975
:10FAE0000133DFF8D091DFF8D081BE68DDE9015441
:10FAF00006F54A5606F5816AA4B9002D00F08F80FC
:10FB0000554506F20C4200F08C80954206F5826362
:10FB100000F089809D4240F0B88006F214452C68C0
:10FB2000002CEDD0204608F0C1FC2C22CDE901507C
:10FB3000002103A82AF0F2FD23460DF10C0C04F17C
:10FB4000100E624618685968083303C2734594461C
:10FB5000F7D1238AAA45ADF81C3066D161694A1CE9
:10FB600014BF012300239DF81F204FEA830343F0B5
:10FB7000010322F0050243EA02038DF81F3009D089
:10FB800009AB089198E8030083E80300A069E169E4
:10FB90000BAB03C307F10804204603A901F0E0FE04
:10FBA0002046BDF81C203B4901F0F8FC9DF81E20C2
:10FBB0002046032A97BF384B384A03EB8203D3F819
:10FBC0005425374901F0EAFC9DF81F2020463549AD
:10FBD00002F0010201F0E2FC9DF81E30002B4DD135
:10FBE0009DF81F305B0716D520462F49089A01F073
:10FBF000D5FC204609A901F0B3FE9DF81E30032B69
:10FC000009D19DF81F302046BDF836202749C3F39F
:10FC1000400301F0C3FC204601F00CFD65E75546AA
:10FC20007DE715467BE71D4679E706F20C439D42CA
:10FC300010D101238DF81E30227E9DF81F3062F313
:10FC400000038DF81F30A38AADF83430E38AADF895
:10FC500036309FE706F58266B54201D10223E9E717
:10FC6000637EBDF81E205B0203F4007343F00303C0
:10FC700002EA09021343ADF81E30DDE72046BDF865
:10FC800034200B4901F08AFCB7E700200EB0BDE834
:10FC9000F08700BF49D8040858E204080CE40408BF
:10FCA0002BEA04082CDC040839DC040859DC0408BD
:10FCB0004DDC040800FDFFFF104B0020F0B50D687F
:10FCC00004460F4687B07DB954F8083F03F58053CA
:10FCD000D3F8445715B9002007B0F0BD2946204697
:10FCE00001F0F7FE2D69F5E72846374920F065F861
:10FCF00000283BD002AE3146786820F0A1FC0028F5
:10FD0000EAD19DF80830A568FF2B27D105F5BA5038
:10FD1000324601A9043007F085FE08BB2B4F31465F
:10FD20003846F0F7C4FAE8B13F69002FF7D105F57E
:10FD30008055D5F8B447BCB12369C5F8B43796E807
:10FD40000F0084E80F002775D5F844374FF4805032
:10FD50002361C5F844471EF075F9BCE70720BBE7EF
:10FD60001820B9E72520B7E70320B5E7284618494A
:10FD700020F023F860B1786802A920F061FC002827
:10FD8000AAD1A06802A900F5BA5007F05DFEA3E76A
:10FD90002846104920F011F840B1204650F8081FBD
:10FDA00001F50A51383101F094FE94E728460A49DA
:10FDB00020F003F830B1204650F8081F01F50B5130
:10FDC0000C31F0E7232087E74DD90408BCE704088D
:10FDD00000E8040874DC04087ADC040800F500502C
:10FDE00090F8E502704700F5005080F8E512704782
:10FDF00000F5405090F8EA01704700F5405080F857
:10FE0000EA11704700F5005090F8E402704700F5E1
:10FE1000005080F8E412704700F5005090F8E902B5
:10FE2000704700F5805090F8540E704700F58050F0
:10FE300080F8541E704700F5805090F8550E7047BA
:10FE400000F5805080F8551E70470148704700BF8C
:10FE5000B8FA040800487047B9FA04080048704727
:10FE6000BAFA040800487047BBFA040800F5ED50E0
:10FE70000430704700F58050D0F8EC09704700F569
:10FE80008050D0F8F009704700F58050D0F8E009B4
:10FE9000704700F58050C0F8E019704700F54050F9
:10FEA000B0F85E09704700F54050B0F85C09704743
:10FEB00000F54050D0F8500B704700F5805090F896
:10FEC000460E7047002908BF4FF4E151044B00F57E
:10FED0008050994294BFC0F8EC19C0F8EC397047D3
:10FEE0009AC42000074B00F58050002914BF0A4631
:10FEF0001A46054B9A4294BFC0F8F029C0F8F03971
:10FF0000704700BF007512009AC4200000F5005031
:10FF1000D0F8CC00704700F5ED501530704700F573
:10FF20008050D0F8D00D704700F58050B0F8060E24
:10FF3000704700F58050A0F8061E704700F500508D
:10FF4000B0F8200370470420704700F5005090F887
:10FF5000B130012B9ABF80F8E21200200D207047CB
:10FF600000F5005090F8E602704700F5005080F868
:10FF7000E612704700F54050D0F8E807704700F5EA
:10FF80004050C0F8E817704700F5005090F8E302C1
:10FF9000704700F5005080F8E312704700F50053F9
:10FFA00093F8B10010B983F8E91270470D2070473B
:10FFB0003E2904D800F5285008300FF069BD07200D
:10FFC00070470B68181D0860186802F15A0120F08C
:10FFD00076BB0B68181D0860186802F15C0120F000
:10FFE0006EBB0B68181D0860186802F1580120F0FC
:10FFF00066BB0021C068FEF738BE37B50C46054623
:020000040802F0
:100000000DF10301206820F06BFBC0B99DF80310CF
:100010001F2916D80123AA688B4002F58052D2F816
:10002000482E13420DD0606801A910F01BFF30B9B3
:10003000019B03F50043B3F5803F02D20C2003B0CF
:1000400030BD0720FBE700F560503830F0F75BB9B2
:1000500070B50E6805460C46304611491FF0ADFEDE
:1000600038B1104A616805F10800BDE8704020F021
:1000700096BA30460C491FF0A0FE08B10B4AF1E7D2
:1000800030460B491FF099FE08B10A4AEAE73046AC
:1000900009491FF092FE08B1084AE3E7072070BD46
:1000A0003FF504084BFE0108FEE7040855FE010871
:1000B00004E804085DFE01080EE8040865FE010876
:1000C0000B68181D0860186802F1740120F0E5BA89
:1000D0000B68181D0860186802F1540120F0DDBAA1
:1000E0000246084649892C232C3989B2ECF74EBECA
:1000F0000023F7B50C6801930E46206801A9174646
:1001000020F0DDFA054658BB6168231D3360D1B18C
:10011000013911F8013FD3B9A06804F10803336035
:1001200088B10DF1030120F0DBFA00286ED19DF8B3
:1001300003200C34072A346011D89DF8073062F38D
:1001400043038DF807300198C7F86E0008E0722B62
:1001500005D8622B07D8432B42D0522B4FD007250E
:10016000284603B0F0BD633B0F2BF8D801A252F82C
:1001700023F000BFD70102085F010208EB0102086B
:100180005F0102085F0102085F0102085F010208C7
:100190005F0102085F0102085F0102085F010208B7
:1001A000C3010208B5010208F50102085F01020857
:1001B000CD0102089DF8063043F001038DF80630AA
:1001C000A7E79DF8063043F00203F7E79DF80630F5
:1001D00043F00403F2E79DF8063043F00803EDE72F
:1001E0009DF8063043F01003E8E79DF8063043F031
:1001F0002003E3E79DF8063043F04003DEE79DF877
:10020000073043F001038DF8073082E70546A7E782
:1002100008B5FF22002102482AF080FA002008BD1C
:1002200053770020096800682AF093BD09680068C8
:100230002AF08FBD096800682AF08BBD0968006844
:100240002AF087BD096800682AF083BD0968006844
:100250002AF07FBD096800682AF07BBD0968006844
:100260002AF077BD10B514460B681A1D0A6018688D
:10027000214610F0A3FD08B92081A07210BD10B571
:1002800014460B681A1D0A60186804F1100110F07A
:1002900095FD08B92083A07610BD0B68181D086075
:1002A000186802F1410120F0ABB930B50B6885B098
:1002B00015461A1D0A601868694620F0C1F90446FF
:1002C00028B96B4603CBC5F84900C5F84D10204648
:1002D00005B030BD0B68181D0860186802F12001D8
:1002E00020F06EB910B50C680B46216849B1043492
:1002F0001C6002F13000F0F7A4FB182808BF0020B2
:1003000010BD0720FCE710B500F5005393F8B1408D
:100310004CB900F5ED501530F0F793FB182818BFD5
:100320000446204610BD0D24FBE72DE9F843D1F823
:1003300000900D464E4656F8048B07461849404635
:1003400014461FF03AFD2E6000B3D9F8040020B324
:1003500094F87B3083B104F1300194F87C3083B1A0
:1003600004F1410204F15E03F0F77BF810B92B6849
:1003700004332B60BDE8F883396801F5ED51043191
:10038000EBE73A6802F5EC521C32EBE7404604F129
:100390005E01BDE8F84320F013B90720EAE700BF8B
:1003A00028DA040830B50D46C1B004466946281D58
:1003B00015F06FFB60B92D680D4928461FF0FDFC54
:1003C00040B16946206800F5E9501830F0F744FC68
:1003D00041B030BD284607491FF0EFFC28B1206826
:1003E000694600F5EB500430F0E70720F0E700BF66
:1003F0004CCB040815E8040838B50D6804460D49CF
:1004000028461FF0DAFC40B120680B4900F5E9509E
:100410001830BDE83840F0F71FBC284607491FF0E8
:10042000CCFC28B12068044900F5EB500430F0E71B
:10043000072038BD4CCB04085377002015E804088A
:100440002DE9F0430E46E5B088220021054602A8BA
:100450002AF064F9FF22002124A82AF05FF92D4F29
:10046000331D00930DF18008009B1B68ABB9346805
:10047000294920461FF0A1FC00283CD120462749ED
:100480001FF09BFC002843D028689DF88E3100F5B2
:10049000EB5024AA02A9043035E001A8019315F01D
:1004A000BEFC009C8146B8B14269D9F810305110A9
:1004B00005EB6200D20748BF6A5804F104040094B7
:1004C00048BFD358694602AA9847F0B90122D9F823
:1004D000043008F80320C7E7394620681FF06DFC98
:1004E000B0B1201D24A9009015F0D3FA68B9009B83
:1004F00004330093B8E728689DF88E3100F5E95081
:1005000024AA02A9183015F099FA65B0BDE8F08365
:100510000720FAE7C9F904084CCB040815E80408D9
:100520002DE9F04FCDB004AD0F460D220021064657
:1005300028462AF0F3F8FF2200210CA82AF0EEF852
:100540000024DFF8D080DFF8D09007F1040BDBF84F
:1005500000A0BAF1000F16D13F682C4938461FF0B1
:100560002CFC00283ED030689DF82E310CB10DF1E6
:10057000200A294600F5E950CDF800A00CAA183051
:10058000EFF7A2FD23E003A8CDF80CA015F047FC7F
:1005900030B10122DA464368EA540AF1040BD6E787
:1005A000DBF800A0414650461FF007FC40B10BF1BC
:1005B000040A50460CA915F06CFA0028EDD006E0AC
:1005C000494650461FF0F9FB044618B907204DB0C4
:1005D000BDE8F08FDBF8040008A90BF1040A20F055
:1005E0002FF8EAE738460A491FF0E7FB0028EDD06C
:1005F00030689DF82E310CB10DF1200A00F5EB505A
:100600002946CDF800A00CAA0430B9E74CCB040869
:1006100015E80408C9F904085BCE04082DE9F04187
:100620000D4606468AB0354928681FF0C6FBC0B1A2
:1006300000270435286806A920F002F8044660B9AE
:100640006C682F4920461FF0B8FB60B105F1080126
:1006500002A819F0DFFC0446C8B120460AB0BDE884
:10066000F0810127E6E7204626491FF0A6FB08B9DE
:100670000724F2E7A8680DF10B0120F031F80446D9
:1006800005460028E9D133689DF80B4001E0336846
:1006900002AD1D4A03F54053C3F8E029C3F8E469ED
:1006A00003A906A815F066F908B10446D5E70DF1CF
:1006B00010080490A8F804008DF8104035B12846C1
:1006C0000DF1110108F05DFD8DF815001CB19DF8CC
:1006D0001530002BCCD101230C4A0D48CDF80080F9
:1006E00006A90AF020FE04460028B6D1002FB4D097
:1006F000337A242443F001033372AEE70ED90408A1
:100700001DE8040824E80408F1290208BCFA0408DA
:100710005849002070B50D4604468AB03A49286809
:100720001FF04BFB08B1686808B9072046E02F218D
:100730002AF0D9FA0646002839D10023686802A9B0
:100740008DF820301FF05CFF002837D124689DF819
:10075000203004F55A542434002B50D05A1E3F2A1E
:10076000CDE9040041D8DDE906160DF117051A465A
:100770002846072A3AD8DD08C5EB451203EBC20329
:1007800013F0FF020AD00123401B9340DBB2027832
:100790005D42013B2A400B401343037001A904A8AA
:1007A000EFF72AFE204601A912F0DCFA06E004A9C0
:1007B000013010F003FB18B11728BED00AB070BD8D
:1007C000049B059AB3F5807F72F10002ADD2DBB2D3
:1007D0008DF82030013B3F2BA7D83070686806A900
:1007E00010F0ECFA1728AFD1A7E7FEE705F80119DA
:1007F000083A090A41EA0661D2B2360AB9E704A901
:1008000002A8EFF70EFEC9E72CE8040830B50C4645
:1008100087B0054601A920681FF012FF70B9606813
:1008200005A91FF04CFF48B9A3684BB92B680246D5
:1008300003F5CE5001A9103007F0E8FD07B030BD38
:100840000720FBE710B50C684CB90068224600F59C
:10085000CE501030214607F06BFD204610BD07201A
:10086000FCE770B50E6805460C4686B0304619495F
:100870001FF0A3FAD0B100260434206801A91FF0AC
:10088000DFFE88B9606805A91FF019FF60B9A36889
:10089000F3B9286885F8406000F5B45001AA05F165
:1008A0000C01143007F0DCFC06B070BD30460A497C
:1008B0001FF083FA10B103260434DEE730460749FF
:1008C0001FF07BFA10B101260434D6E70226D4E7E4
:1008D0000720E9E732E8040835E8040838E80408A6
:1008E000014651F80C0B00F5B450143007F0F4BC7D
:1008F0001346B0F858202AB10A4600F148010248D0
:1009000009F06FBD0D2070473C3F002000F54050BE
:10091000B0F85E398B4209D0A0F85E19044890F80F
:10092000B130022B02D1B0300BF08EB9704700BF4E
:10093000A848002000F54053B3F85C298A4206D04D
:1009400000F56550A3F85C191C3007F012BF704722
:10095000F0B50546C5B003A80C461FF0C1FC2946FA
:1009600003A8EFF76DF9064690B903A8EFF778FEF4
:100970000646002840F0D08001468822204629F013
:10098000CDFE03AD9DF80A3103AA13449D4202D364
:10099000304645B0F0BD2B780E2B0BD80E2B11D85E
:1009A000DFE803F031884E77A166105A101010105E
:1009B000B0102000352B2FD009D8332B00F08280C7
:1009C000342B35D02846EDF753F80546DAE74A2BA5
:1009D000F8D10122B5F8033084F884205BBAA4F87A
:1009E0005C30EFE70123A81C84F87830F0F74BF86F
:1009F000C4E900012B895BBAC3F34E0203F0010383
:100A00002281A372DEE70122B5F8033084F880204A
:100A10005BBAA4F85A30D5E7284601A9EFF710FED3
:100A20000028CFD1012384F88330019B6367C9E795
:100A30002846EFF76BF90123606584F87E30C1E743
:100A4000012384F87C30D5F80230C4F84130D5F861
:100A50000630C4F84530B5E7012384F87D30D5F879
:100A60000230C4F84930D5F80630C4F84D30A9E753
:100A7000012304F1200784F87A3005F1120CAB1C35
:100A80003A4618685968083303C263451746F7D1D8
:100A900098E7012384F87B306B78AA1C102B28BFC1
:100AA000102301A904F1300001928DF80830EFF70E
:100AB000A6FF87E701226B8884F87F205BBAA4F841
:100AC00058307FE70123A81C84F87930EFF7DBFF6B
:100AD000C4E904012B895BBAC3F34E0203F001039E
:100AE0002283A3766EE7012304F15E0284F881304D
:100AF00005F11201AB1C53F8040B8B4242F8040BB6
:100B0000F9D15FE72846EFF7FDFC0123019084F857
:100B10008230C4F86E0055E7072639E730B5136810
:100B2000E7B005460C460192BBB9254802A9FFF77C
:100B30000FFF80B9636820AAD35C5BB1E268A36849
:100B4000511005EB6200D20748BF6A5802A948BF9E
:100B5000D3589847002067B030BD8822002102A8F2
:100B600029F0DCFD6069236910F0010F4FEA600095
:100B700018BF2A5801A918BFD358284402AA984779
:100B80000028E8D10121636820AA0D4CD15425A882
:100B90001FF0A6FB214625A8EFF752F80028DAD16E
:100BA00002A925A8EFF7EEFD0028D4D19DF89251B7
:100BB00020462A4625A929F0BCFD84F8FE50C9E745
:100BC000537700201FB500240294079C00F5C950FC
:100BD0000194069C10300094F0F7AEFD04B010BDF7
:100BE0001FB501240294079C00F5C9500194069C8E
:100BF00010300094F0F7A0FD04B010BD00F5EE50E9
:100C00000A460630002106F098BD00F5EE500A466F
:100C10000630012106F091BD38B500F5005393F878
:100C2000B130044693B900F5F1501C30EEF7F0FDF9
:100C3000054648B904F5E9501830EFF7A9F904F56D
:100C4000EB500430EFF7A4F9284638BD0D25FBE73B
:100C500038B500F5005393F8B150044685B900F556
:100C6000F1501C30EDF7E6FB04F5E9501830EFF7D2
:100C70008FF904F5EB500430EFF78AF9284638BDB8
:100C80000D25FBE710B5044604F500541AF030FDBD
:100C9000D4F89C3033F07C4204D0C3F3190398425B
:100CA00028BF184610BD10B531B109291CD96FF005
:100CB0007C43994228BF194600F50052D2F89C3077
:100CC000C3F319048C420DD061F31903C2F89C30B0
:100CD00092F8AC30DB0705D500F502500121143045
:100CE000EDF754FB002010BD0720FCE708B519B153
:100CF000A1F10B030F2B0ED800F5805393F85D2E56
:100D00008A4206D000F5F15083F85D1E1C30EDF7E5
:100D100002FC002008BD0720FCE7024608B569B9BF
:100D200002F58052B2F85E3E00F5F1501C301BB166
:100D3000A2F85E1EEEF795FD002008BDA020B1FBD5
:100D4000F0F300FB1310F0B94FF6FF70834228BF99
:100D50000346B1F51B5F9BB215D302F5F15002F5C6
:100D60008052B2F85E1E1C308B42E5D0A2F85E3E87
:100D7000B1FA81F2B3FA83F352095B099A42D9D1ED
:100D8000EDF7C9FBD8E70720D7E7052938BF0521CC
:100D9000B1F5E14F28BF4FF4E14138B500F50055FA
:100DA000D5F8CC30044699420ED0C5F8CC101AF0D4
:100DB00092FC95F8B130022B06D104F50250303088
:100DC000BDE838400AF040BF38BD42F21073994286
:100DD00010B5044615D800F50053D3F8D020914241
:100DE0000DD0C3F8D0101AF076FC074B93F85C3E98
:100DF000DB0704D504F50250303008F011FE002066
:100E000010BD0720FCE700BFA83800202DE9F04105
:100E100004460E4691B300F5005393F8B1507DBBE4
:100E200000F5805800F5EE57D8F8CC0D0C3781420C
:100E300010D14FF480201DF045F904F5E950183029
:100E4000EFF7A6F804F5EB500430EFF7A1F82846C9
:100E5000BDE8F081EDF71FFA4FF48020C8F8CC6DA3
:100E60001DF0F0F84FF480701DF0ECF83846C8F82B
:100E7000D05D07F09DFF19F099FFDEE70725E6E753
:100E80000D25E4E7F8B504460D4649B300F50053D7
:100E900093F8B16036BB00F58057D7F8180E814241
:100EA00015D14FF400201DF00DF997F8343E04F5EC
:100EB000E95043F00103183087F8343EEFF768F843
:100EC00004F5EB500430EFF763F83046F8BDEDF76A
:100ED000E2F94FF40020C7F8185E1DF0B3F8E4E71C
:100EE0000726F2E70D26F0E738B500F5005292F834
:100EF000B1200546B2B9B9B10B78ABB100F5ED50F0
:100F00000430EFF79EFD1DF0E5F8044605F5E950C5
:100F10001830EFF73DF805F5EB500430EFF738F8EF
:100F2000204638BD0D24FBE70724F9E700F5EE5015
:100F300000220C3007F0DEBF38B54B1E092B0446EB
:100F40000D460BD800F50C500521203007F089FC28
:100F500030B904F50054A4F8205338BD0720FCE74D
:100F60000D20FAE708B500F5405393F8862800F500
:100F7000605042F00102A3F8841883F886283830C4
:100F8000EFF7DCF9002008BD70B50D6806460C4689
:100F9000E6B0284654491EF010FF48B13068534966
:100FA00000F5E950183066B0BDE87040EEF7D2BFEA
:100FB00028464F491EF001FF28B130684B4900F523
:100FC000EB500430EFE728464A491EF0F6FE0028B1
:100FD0007CD0494BD3F8484E0EAB25934FF4881381
:100FE0002693464B00942340002B6DD001930021A3
:100FF000802204A829F092FB0122002301A8CDE958
:101000000223EDF795F9ADF8620068461F94EDF7FD
:101010008FF94FF6FF74ADF86400ECF767FB80B210
:10102000A042FAD0ADF860000DF1760007F016FE90
:1010300010210AA8E6F775FE0446002841D11021C8
:101040000DF16600E6F76DFE0446002839D10DF17A
:101050004900EEF7F1FA044698BBFD2307210DF194
:1010600052008DF85130E6F75CFE044648BB244937
:10107000BDF86030234A25A8ECF7F7FB40F20112D7
:101080000123ADF88220ADF884204FF0013225A86D
:101090008DF880308DF8873022928DF88C301FF0DB
:1010A0001FF902A925A88DF89241EFF76BFB9DF877
:1010B00092510E4B2A46184625A929F03AFB80F892
:1010C000FE50204666B070BD019490E728460E4958
:1010D0001EF073FE30B10549201D66B0BDE87040BA
:1010E00014F0D7BC0724ECE74CCB0408537700205E
:1010F00015E804083BE80408A838002000F8FF07BA
:101100003FE8040867CA040847E8040870B50C46BD
:10111000096806461D461FF042FA48B1216831B100
:10112000636823B92B463068BDE870401847072034
:1011300070BDF7B50D46096807461E461FF06FFAE9
:10114000044650B1286801A91FF0A7FA044620B947
:101150006B682BB901993868B047204603B0F0BDE1
:101160000724FAE7014B024AE3E700BFC5FE010886
:1011700075FE0108014B024ADBE700BFE5FE0108EE
:101180007FFE0108014B024AD3E700BF93FE01082E
:1011900089FE010873B50C4606460DF1070120686B
:1011A00015461FF09DFA28B963682BB99DF8071002
:1011B0003068A84702B070BD0720FBE7014A08303D
:1011C000E8E700BF4BFF0108014A0830E2E700BF33
:1011D000B1FF010838B500F108040D462046064A63
:1011E00009681FF0FCF928B129462046BDE83840BF
:1011F000024ACFE738BD00BF19FE01089DFF010874
:1012000073B50C46064601A9206815461FF045FA3D
:1012100020B9636823B901993068A84702B070BD4E
:101220000720FBE738B500F108040D462046064AC2
:1012300009681FF0F4F928B129462046BDE8384076
:10124000024ADDE738BD00BF850C0208A70C020882
:10125000F7B50D46096807461E461FF0C0F904465B
:1012600060B128680DF107011FF03AFA044628B969
:101270006B6833B99DF807103868B047204603B053
:10128000F0BD0724FAE7024B024A0830E0E700BF4E
:10129000E7FD0108DDFD0108014B024A0830D7E7F0
:1012A000FBFD0108F1FD0108014B024A0830CFE7C0
:1012B0000FFE010805FE01080023037070472DE9A9
:1012C000F04F0F4605468DB0904938681EF075FD09
:1012D000002872D000260437386808A91FF0B0F93A
:1012E0000446002865D102A8FFF7E6FFD7F804906E
:1012F000874948461EF061FD8046002800F09D8029
:1013000003A8FFF7D9FF04A9B8681FF0E9F904465C
:1013100000284ED1FA68002A58D0511E11F8013F1A
:10132000002B4CD1002C77D098462A689DF810A04D
:101330009DF80890774902F54052C9F38003C2F83E
:10134000E819C2F8EC5905A908A8019314F012FB9A
:10135000C9F3000BC9F340070446C9F3C00940BBF9
:10136000019BBAF1000F31D003227F0047EA8307C7
:1013700047EA0B0747EAC9078DF818208DF81AA02D
:101380008DF81B70B8F1000F04D0404607A907F094
:10139000F8FE0446023406A908A88DF8194018F092
:1013A0000FFE044628B926B124242B7A43F0020309
:1013B0002B7220460DB0BDE8F08F01268CE7642B20
:1013C00016D005D8582B1DD0612B16D00724F0E776
:1013D0006C2B06D0722BF9D19DF8083043F0040332
:1013E00003E09DF8083043F001038DF8083095E7DD
:1013F0009DF8083043F00203F7E79DF8083043F00A
:101400000803F2E78A42E1D15378002BDED13B6931
:10141000002BDBD1444681E707F1100103A818F047
:10142000F9FD04460028C4D17B69002BCED12A687F
:101430009DF810A00DF10C087AE7484636491EF0D9
:10144000BCFC0028C2D0D7F80880344940461EF0C2
:10145000B4FC002833D1404631491EF0AEFC0028D0
:1014600051D007F10C0103A818F0D4FD002848D191
:10147000012403AF2B682B4A03F54053C3F8E82936
:10148000294AC3F8EC59C3F8F029C3F8F45905A95F
:1014900008A814F06FFAA0BB9CB9A7BB07238DF86E
:1014A0001A708DF81830012306A908A88DF8193094
:1014B00018F086FD0022059B83F830201AE02746AD
:1014C000D8E740F20713ADF818300123059C8DF8DA
:1014D0001A30002FE7D00DF11B01384607F051FEFE
:1014E00001308DF8190006A908A818F069FD3B78AD
:1014F00084F8303028B926B124202B7A43F0040335
:101500002B72044655E70720FBE700BF0ED90408FD
:1015100024E80408E12A02084CE804081ADC04085C
:1015200059E80408072B0208652A020873B50C461F
:1015300006460DF10601206815461FF0C0F828B9CF
:1015400063682BB9BDF806103068A84702B070BDBB
:101550000720FBE708B5A9B100F5805393F84A2AA4
:1015600042B9C3F8401A00F5CE50103006F0D4FB53
:10157000002008BD072A07D10022C3F8401A83F8CB
:101580004A2AF0E70720F4E70D20F2E7436810B499
:10159000D3E9004023465DF8044B18470EB403B569
:1015A00003AA52F8041B0192FFF7F0FF02B05DF8A6
:1015B00004EB03B070472DE9F043A5B0044608469C
:1015C00002A9FFF7C5F9054658B3284625B0BDE87E
:1015D000F083D8F8043001A8019314F020FC43688C
:1015E000814690336B4413F8103CABB1394620462A
:1015F000D8F80020FFF7D2FFD9F80C20D9F808302E
:1016000012F0010F4FEA620218BFA15804EB02006A
:1016100018BFCB5802A9984708F10808013ED8D155
:10162000D3E70E26DFF80880004FF7E7D20705085A
:10163000C0FA04080049B1E762E804082DE9F04166
:10164000D1F8008004460D46404621491EF0B5FB06
:10165000074630B11F4A291D04F10800BDE8F041DA
:1016600064E740461C491EF0A8FB064670B11B49C2
:1016700068681EF0A2FB38B1A36803F5805383F8B5
:10168000CA7D0020BDE8F081154AE4E740461549CF
:101690001EF093FBC8B154F8085FDFF84C8005F5E5
:1016A000805393F8CA7D05F5EE550435F3B29F4299
:1016B00003D82046FFF7BEFFE3E74146204635F852
:1016C000022FFFF76BFF0136F0E72320DAE700BFB8
:1016D0004DD90408FD0B020865E804086CE804080D
:1016E0000B0C020870E804083DF1040837B5054604
:1016F000B1F84F40B1F84B3064BAA4B2B1F8492008
:101700000194B1F84D105BBA49BA89B252BA00914E
:101710009BB2044992B2FFF741FF284603B0BDE8EF
:10172000304087E774E8040873B50D460446028824
:1017300043881F492846FFF731FF22889AB1237B4F
:101740008BB963889A420ED34FF47A71D31A4B4304
:101750000A2193FBF2F3B3FBF1F2284601FB1233AB
:101760001449FFF71BFF6288A2B14FF47A766068D4
:101770000023A0FB060127F0A1F9B0FBF6F306FB5E
:101780001300628900900192284622890A499BB27F
:10179000FFF704FF2846FFF74DFF287A10F00100FD
:1017A00004D102B0BDE8704014F03EB902B070BD83
:1017B00085E80408B2E80408CBE80408F8B5064652
:1017C0000C46064F8D18AC4200D1F8BD3946304664
:1017D00014F8012BFFF7E2FEF5E700BFA9F00408BB
:1017E0000822EBE710B50446FFF7E8FF2046BDE806
:1017F00010401FE70822F5E74131FBE710222031B6
:10180000F0E710225E31EDE770B505460068C0B024
:1018100000F5E9500E4618306946EEF79BFB04468A
:1018200030B9306838B969462846FFF7C4FE044627
:10183000204640B070BD06491EF0BFFA30B169467F
:1018400028469DF8FE20FFF7CDFFF1E70724EFE7DC
:10185000C9F9040870B505460068C0B000F5EB5042
:101860000E4604306946EEF775FB044630B9306821
:1018700038B969462846FFF79EFE0446204640B028
:1018800070BD06491EF099FA30B1694628469DF8A8
:10189000FE20FFF7A7FFF1E70724EFE7C9F90408E7
:1018A00010B50C6834B9044991F8FE20FFF79AFF8F
:1018B000204610BD0720FCE753770020FF2330B5FA
:1018C000C3B005468DF8073099B900680DF10703DC
:1018D00000F55A5002AA24300DF066FB044628B9E0
:1018E00028469DF8072002A9FFF77CFF204643B059
:1018F00030BD0C24FAE7F0B51C46002387B08DF804
:10190000143052EA0403064615460ED130230DF179
:1019100013078DF8133030463A460D49FFF73EFE67
:10192000304607B0BDE8F04084E605AF28462146C2
:101930000A22002327F0C2F8303207F8012D2A4688
:1019400023460A2A73F1000305460C46EED2E2E76D
:101950002CEA0408D1E90023CDE7D1E90423CAE742
:101960004FF4201330B58DB0044601930023084690
:1019700002AD694608228DF80830009505F0A1FEF9
:101980002A4620460249FFF709FE0DB030BD00BFD0
:101990002CEA04082DE9F04F40231446EBB007462B
:1019A0000D46ADF868306068FF232AAA1AA905F031
:1019B00032FB002840F08180384641492AAAFFF7CF
:1019C000EDFD002D73D1A846AB4606AE40236168FD
:1019D0001AA83381C6E900B1EFF753FB9DF86830D0
:1019E0001FFA88F9012B02D0217F002951D02068ED
:1019F00014A900F55A5024300DF0C1F8002853D135
:101A000096E807009DF868A009AB83E80700A26884
:101A1000BAF1010C18BF4FF0010C002A44D01A464D
:101A20006146204605F039FC00283DD10E21BAF16F
:101A3000010F0BBF228A228BADF81220ADF81220C5
:101A40000CBF628A628B0391012109ABCDE90031A1
:101A50000DF1300ACDF808A04B46A0680DF1120137
:101A600005F0C8FB00BB0DF13A0214A910A809F05B
:101A7000E9FC0D98EBF7C3F80590384610A9FFF77D
:101A80006FFF3846059A0F49FFF788FD08F10108F6
:101A90009CE705AB019310AB009332464B462046C2
:101AA000EFF7AAFB0028E8D03846FFF7C3FD284629
:101AB00013F0BAFF6BB0BDE8F08F0546F7E700BF43
:101AC000F5E804080CE9040813460A4601461846DE
:101AD00060E710B50446FFF743FF2046BDE810401D
:101AE000A8E54FF434132DE9F04794B00293002396
:101AF00003AA06460C460D46914691F810C08DF893
:101B000020300CF10703DB100DF120085F1CCDF82D
:101B100004807F0801F1100A964628686968083534
:101B2000AEE8030055457246F6D129788EF80010CC
:101B30006BB14FF0FF3103F14F026A4412F8440CCD
:101B4000CCEBC30C01FA0CF1014002F8441C102B41
:101B5000C3F1100292B209EB030088BF00220021FA
:101B600028F0DCFD3A46484601A905F0AAFD237C91
:101B70000733772B03D8084901A8EBF776FE227CC0
:101B8000064901A8EBF771FE424630460449FFF7CB
:101B900005FD14B0BDE8F08716E9040819E904084A
:101BA0002CEA040810B504468CB00846694613F0C8
:101BB00085FF20466A460449FFF7F0FC20460CB03A
:101BC000BDE8104036E500BF2CEA04080CB473B53C
:101BD000054606AC54F8046B0A46074B0749FFF765
:101BE000DDFC2246314628460194FFF7CFFC02B0C7
:101BF000BDE8704002B07047D908050869EE0408D6
:101C00000EB417B5044605AA52F8041B0192FFF75B
:101C1000BDFC2046FFF70EFD03B0BDE8104003B049
:101C2000704708B5034A04490830FFF7E9FF002070
:101C300008BD00BF1DE904082CEA04082DE9F04F97
:101C4000036899B0029383886C48ADF80C306C4BF4
:101C500002F10806002918BF03460493002330460A
:101C6000ADF85E30FFF7E6FC664F4FF492034FF697
:101C7000FE7100220193BDF85E300DF114098B4214
:101C8000CDF800908DF8142068D04FF6FF718B428C
:101C900000F0B08073B34FF6FD718B426BD04FF6FE
:101CA000EF75BDF85E406846AC428CBF012511253A
:101CB000A2465549EBF7D9FD631E04F110081D44F7
:101CC000DFF84CB11FFA88F8ADB2AA4556D1684684
:101CD0004E49EBF7CAFDAC426DD168464C49EBF773
:101CE000C4FDBDF80C30ADF85E80434521D84FF6F9
:101CF000FE731CE03E210498EBF762FD00F10A043C
:101D0000A4B2C4F1480404EBD4754FEA6508C5F3E6
:101D10004F05A5B96846BDF80C30049A3D49EBF76C
:101D2000A4FDA4EB0804A4B28CB94FF6FD73ADF882
:101D30005E304A4630463849FFF762FF95E73D225C
:101D400039466846013DEBF790FDADB2E1E73D2233
:101D500039466846EBF789FD013CE4E74824013C3D
:101D60002D2239466846A4B2EBF77FFD002CF6D150
:101D70004FF6FF73DBE7ADF85E2090E7BDF80C206F
:101D8000524513D9029A684612F80A202349EBF704
:101D90006CFD0AF00702072A03D159466846EBF7A3
:101DA00064FD0AF101031FFA83FA8EE768461C49B5
:101DB000EBF75BFDEDE7BDF80C30A34214D9029BB5
:101DC00013F804A0BAF17E0F11D8504627F034FC66
:101DD000002808BF4FF02E0A5246394668460134A3
:101DE000EBF743FDA4B276E74FF0200AF4E74FF09B
:101DF0002E0AF1E719B0BDE8F08F00BF23E904080F
:101E000026E9040829E904087AE9040842E90408F3
:101E100079E904082CE904082CEA04083AE90408E2
:101E200040E904080C207047086808B538B128F06C
:101E30009AFF80B202280CBF0C20072008BD0C209E
:101E4000FCE708B550F8083F044903F50053B3F820
:101E5000BE20FFF7D5FE002008BD00BF4AD8040809
:101E600038B50C46054628B901462046BDE838403D
:101E7000FCF7FBBE90F8393008349B0612D500F110
:101E8000080216492046FFF789FB20461449FFF750
:101E900085FB204605F11901FFF7A2FC20461149F8
:101EA000FFF77CFB6A8E20460F49FFF777FB294638
:101EB0002046FFF795FC204695F836200B49FFF7A2
:101EC0006DFB204695F937200949FFF767FB20464F
:101ED00095F838200749BDE8384091E644E9040800
:101EE000E2DA040842E904084DE9040857E9040865
:101EF0005FE9040866E904080346084619460BB979
:101F0000FCF7B3BE0A7893F901300149083077E64F
:101F10006EE9040810B500F10804806800F502506D
:101F200030300CF05FFA054A0549002808BF114619
:101F30002046FFF765FE002010BD00BF81E90408C0
:101F40007CE904082DE9FF41054608680E46224950
:101F500038B905F10800FFF753FE002004B0BDE8D2
:101F6000F0811DF02AFFB8B1746894352CB1204679
:101F70001A491DF022FF88B10024DFF86C80184F49
:101F800058F82420394628460334FFF739FE212C1F
:101F9000F6D17368002BE0D12320DFE7114B0B2231
:101FA00000930C2310490DEB03000394EAF707FE9E
:101FB00003460028F0D082685B68511005EB620090
:101FC000D20748BF6A5806F1080148BFD35804B089
:101FD000BDE8F041184700BF87E9040814D9040898
:101FE0002CEA04085502020828FB040838B50D68DD
:101FF000044695B9A3682A4903F5005393F8B12024
:102000000830042A97BF274B274A03EB8203D3F8F3
:10201000F420FFF7F5FD002038BD284623491DF0C8
:10202000CCFE38B1A068BDE8384000F50250303031
:1020300009F0FEBB28461E491DF0BFFE70B1A06826
:1020400000F5005393F8B12022B393F8B41019BBF4
:1020500000F50250303007F0B4FFDCE728461549A0
:102060001DF0ABFE40B1A0680321BDE8384000F58B
:102070000250303010F024BC28460F491DF09DFE60
:1020800060B1A0680121BDE8384000F50250303051
:102090000DF08ABE0D20BFE70520BDE70720BBE796
:1020A0002CEA0408B8FA04088EE9040896E9040842
:1020B0009FE90408A5E90408ACE90408F0B50E6836
:1020C0000D4685B000F1300436B92046224905B0EE
:1020D000BDE8F040FFF76FBA304620491DF06DFEB5
:1020E00070B100251E4F1F4E57F82520314620465F
:1020F0000335FFF785FD1B2DF6D1002005B0F0BD9F
:1021000003A8039613F08BFE014630B120462A1D2A
:1021100005B0BDE8F040FEF701BD2B68092203932E
:10212000114B0F4900930C230DEB0300EAF747FD19
:10213000034678B182685B68511004EB6200D207F5
:1021400048BF625805F1040148BFD35805B0BDE847
:10215000F04018472320D1E75377002014D9040812
:10216000C0FB04082CEA04083502020813B5044633
:10217000086878B90F4B18681FF06CFF0A2390FBB2
:10218000F3F20D4952B204F10800FFF739FD0020C7
:1021900002B010BD0DF107011EF070FA0028F7D152
:1021A0009DF80720054B1A7019F0E2FAE5F77EFE5C
:1021B000EDE700BF08640020D6D70408346900208A
:1021C0002DE9FF410C680D4600F140062CB1204678
:1021D0001A491DF0F2FD90B10024DFF86C80184F11
:1021E00058F82420394630460334FFF709FD122CF5
:1021F000F6D12B6803BB232004B0BDE8F081114B5E
:10220000062200930C2310490DEB03000394EAF718
:10221000D6FC03460028EED082685B68511006EBBE
:102220006200D20748BF725805F1040148BFD35875
:1022300004B0BDE8F04118470020DDE714D90408D8
:102240002CEA04085D0202082CFC040830B50446A0
:10225000086889B0C0B94FF4C01254F8083F02AD05
:102260008DF8080003F1140001920095EBF793FE3E
:102270006A460123EBF79DFE2A4620460B49FFF7ED
:10228000BFFC002009B030BD09491DF096FD50B1DA
:1022900054F8080F1430EBF77EFE02460B4620463A
:1022A000FFF729FBEDE70720ECE700BF2CEA040865
:1022B00011EF040870B50E6804460D463046184903
:1022C0001DF07BFD58B1204650F8083F154903F535
:1022D0008053B3F8782EFFF793FC002070BD304692
:1022E00011491DF06AFDB8B16E68104930461DF005
:1022F00064FD48B10E4B0F4A05F1080104F10800D6
:10230000BDE87040FEF7A4BF30460B491DF055FDF7
:1023100020B10A4B0A4AEFE72320DFE70720DDE779
:10232000B3E90408DBEF0408C0E90408CAE90408BB
:102330002DFE010823FE0108C8E9040841FE01083A
:1023400037FE01082DE9F0410F460446434938683D
:1023500092B01DF032FD03467868DBB158B92046D3
:1023600050F8083F3E4903F54053D3F82028FFF7C3
:1023700047FC002049E009A91EF08FF9002844D14C
:10238000BB68002B66D1A368099A03F54053C3F8D4
:102390002028EEE705A91EF053F9002835D105469F
:1023A0003E1D56F8048FB8F1000F24D13F682D4927
:1023B00038461DF002FDEEB20546002838D0A5686B
:1023C0009DF8143005F56050FF2B00F12C001FD153
:1023D0002321CDE90188009609AB05AA16F07EFA03
:1023E00098B9214B05F54055C5F83038237FC5F81D
:1023F0003448ABB9FEE7232D2CD009AB5919404620
:102400001EF06EF901350028CBD012B0BDE8F08186
:10241000164B2221CDE90063029009AB05AADDE746
:1024200004F1200041F28831EBF765FA2420ECE753
:1024300038460F491DF0C1FC70B1A068242100F599
:102440006050CDE90155009609AB05AA2C3016F075
:1024500045FA8EE70720D8E72320D6E7D1E904081C
:1024600016F3040870E80408A561020893DE020868
:102470005CF6040870B5054601F1080420460949D8
:10248000FFF78CF829462046FFF7AAF92A7A20465A
:10249000BDE87040C2F30013034902F00F02FFF7DA
:1024A000AFBB00BFE6E9040800EA040873B50E6894
:1024B00005460C4630461C491DF07FFCC8B16068DB
:1024C00080B3A26872BB0DF107010EF09BFD0446BC
:1024D00060B916499DF807000EF08CFD00F130023E
:1024E0001349D2B205F10800FFF78AFB204602B07B
:1024F00070BD30460F491DF060FC88B1606888B13E
:10250000A3687BB901220DF107010EF07BFD0446A3
:102510000028EBD19DF80740003C18BF0124E5E7F7
:102520002324E3E70724E1E717EA0408CA7A002036
:1025300029E9040821EA04082DE9F0430B68A3B057
:102540000293384B054600930E460C23552236491C
:1025500002A8EAF734FB044678B182686368511038
:1025600005EB6200D20748BF6A5806F1040148BF74
:10257000D35823B0BDE8F043184737682B49384695
:102580001DF01BFC40BB044695F81490E3B299453E
:1025900046D92B69384653F8341003EBC4081DF0B4
:1025A0000CFC01340028F1D00021CBB29A0056F87F
:1025B000233001316BBBD8F80440A869DAB256F871
:1025C000222019460133002AF8D1013903AAC9B2E1
:1025D000A04723B0BDE8F083DFF84C80144F05F12D
:1025E000080658F82420394630460334FFF708FB24
:1025F000FF2CF6D100240E4F2A7DE3B29A420DD96A
:102600002A693946304652F83320FFF7F9FA013487
:10261000F2E788326A4442F8803CC6E70020D8E7F7
:102620002320D6E72502020874FC040814D9040804
:102630002CEA04082DE9F0478A460025A2B0064698
:102640004FF4C07150460195EBF7BAF8B0F5C07F72
:1026500022D2A946DFF8108157461AF8014B4CBB2D
:10266000C5F1200201AB202DD2B24FEA820203EB6A
:10267000850088BF0022002128F050F8737F002BCE
:1026800051D0002C4ED1019B002B4BD0304601A9DC
:10269000FFF752FF044608E0737F002B42D1337FDF
:1026A000002B58D101230624337721463046FCF70E
:1026B000DCFA4DE05C2C28D19AF80020A2F1090345
:1026C000DBB2172B0CD828FA03F3DA070AD5384601
:1026D00028F049FB51460246384628F0C2F901E08D
:1026E0005C2AF4D01AF8013C002BB5D02DB11AF8B1
:1026F000023C002BB0D11F2D12D022AA6B1C02EB82
:10270000850545F8847CDDB2A6E7093CE4B2172CC8
:10271000E8D828FA04F4E30748BF0AF8019CE1E787
:1027200007249DE7FEE7337F23B10C4901981DF094
:1027300044FB68B101233377002CB6D1019B002BF9
:10274000A4D1074A0749347706F10800FEF726FFAF
:1027500022B0BDE8F0870624E7E700BF7000050857
:1027600032D504082CEA0408130080000123F0B5D8
:1027700004461A250E4E0F4F89B04377013D03D111
:102780002846657709B0F0BD56F8041B1D2268463F
:1027900028F0B6FA0023394604F108006A468DF89D
:1027A0001D30FFF72DFA69462046FFF743FFE5E7A6
:1027B000800005082AEA040810B504460068884726
:1027C000034902462046FFF71BFA002010BD00BF58
:1027D00080D7040838B50B680D4600F1080433B102
:1027E00029462046BDE83840044AFEF79FBE2046F1
:1027F0000349FFF7E1FF0028F2D138BD650F020859
:1028000047000208F7B50D461E462B6807461146DD
:102810004BB128680DF106011DF051FF044640B18F
:10282000204603B0F0BDFFF7C7FF04460028F7D0ED
:10283000EFE76B6823B9BDF806103868B047EFE7DB
:102840000724EDE7B1F85A200149FFF7D9B900BFD5
:1028500080D70408B1F85C200149FFF7D1B900BF67
:1028600080D704084A6F0149FFF7CAB991F10408FB
:102870004A6D0149FFF7C4B974D9040801F1300267
:102880000149FFF7BDB900BF2CEA0408B1F8582090
:102890000149FFF7B5B900BFDBEF040838B50C46B6
:1028A000B1F86E2026490546FEF778FE94F87030A0
:1028B000D80703D528462349FEF770FE94F87030F8
:1028C000990703D528462049FEF768FE94F8703032
:1028D0005A0703D528461D49FEF760FE94F870306C
:1028E0001B0703D528461A49FEF758FE94F87030A6
:1028F000D80603D528461749FEF750FE94F87030E5
:10290000990603D528461449FEF748FE94F870301E
:102910005A0603D528461149FEF740FE94F8713057
:10292000DB0703D528460E49FEF738FE94F87120E0
:102930002846BDE838400B49C2F34202FFF760B9B0
:102940003DF10408EDCB040863E00408D805050850
:102950002AE90408CBDC04087FEC040829DA04081F
:102960002CDD04087FD7040808B50249FFF748F9B1
:10297000232008BD2FEA040808B50249FFF740F9F3
:10298000232008BD87EA04080B7870B5DE070546EA
:102990000C4603D54A681149FFF732F923789907A5
:1029A00005D528460E4B227A0E49FFF729F92378E0
:1029B0005A0705D528460A4B627A0B49FFF720F9DA
:1029C00023781B0708D5284694F90A20044B0749A9
:1029D000BDE87040FFF714B970BD00BFDDEA040820
:1029E000E400050803EB040811EB040827EB0408D6
:1029F000F8B507461C460E46184615491546FEF71B
:102A0000CDFD39462046FFF764F876B131462046C1
:102A1000FFF7BAFF237ADA0719D56FF300032372A1
:102A20000020BDE8F84012F0FFBF042D09D8094B83
:102A300003EB8503D3F84C2620460749FFF7E0F85F
:102A4000E8E7064A064BFE2D18BF1A46F4E7F8BD24
:102A500056EB0408B8FA04087AEB04084AEB0408B9
:102A60003CEB040870B50E461C4615460749024665
:102A70001846FEF793FD31462046FEF7BBFE25B112
:102A800029462046BDE870407EE770BD9AEB0408F9
:102A900070B505460E4614460C49FEF77FFD3146DB
:102AA0002846FFF716F8042C0AD8094B03EB8403D9
:102AB000D3F84C262846BDE870400649FFF7A0B879
:102AC000054A064BFE2C18BF1A46F3E7F8EB04083C
:102AD000B8FA040829EC04084AEB04083CEB0408A3
:102AE00010B514460A4601462046FFF7D1FF237A67
:102AF0009A0707D56FF3410323720020BDE8104009
:102B000012F092BF10BD10B514460A460146204689
:102B1000FFF7BEFF237A5A0707D56FF382032372AC
:102B20000020BDE8104012F07FBF10BD10B50C684A
:102B30004CB90368054903F5405393F8A826FFF7FD
:102B40005FF8204610BD0720FCE700BF80D70408CF
:102B50000B6810B504464BB903680C4903F54053A4
:102B600093F8AA27FFF74CF8002010BD1846084933
:102B70001DF023F938B1236803F5405393F8A826D4
:102B800083F8AA27F0E70720EFE700BF80D7040803
:102B90005CF604082DE9F04300230E46ADF51B7DDD
:102BA000AD49044617460093FFF72AF87EB9AB4DAE
:102BB000DFF8CC82DFF8CC922068694600F55A50E5
:102BC0000CAA24300BF064FF002800F0D8802046C7
:102BD000A349FFF715F8002300937EB9206806ADDE
:102BE00000F55A50694619AA2430CDE91A561996AB
:102BF0001C9616F004F8002800F0488120469949F8
:102C0000FEF7FEFF00230093002E40F0B48012ADCB
:102C100043F2A46920680DF164082A466946C5E9B3
:102C20000066C5E90286484415F0E9FF4FF6FF73D8
:102C3000002800F068819F4240F09D8000272046D8
:102C40008949DFF84482FEF7DBFF0096206801AE79
:102C50002A466946C5E90077AF60EE60484415F042
:102C6000CEFF002800F07E8127684F4438460CF0E4
:102C700054F806461A220021284627F04FFD002E60
:102C800046D02A46092138460CF05AF8B0FA80F0AE
:102C90002B7E400960F300030B2138462B760DF1A3
:102CA0004A020CF04DF8B0FA80F02B7E400960F338
:102CB0004103122138462B760DF15E020CF040F8EC
:102CC000B0FA80F02B7E400960F3C3032B763846C0
:102CD00013A90FF087FEB0FA80F040F20B472B7E6D
:102CE000400960F382032B767378B01C02331E44D4
:102CF00086420DD90378083BDBB20A2B04D827FAA9
:102D000003F3DB0700F14F812B7E43F010032B769A
:102D100020465649FEF774FF2B7E9E0740F1468100
:102D200020466A885249FEF739FC2B7ED80740F1CD
:102D3000428120462A884F49FEF730FC2B7E190736
:102D400040F13E812046EA8A4949FEF727FC2B7E66
:102D50005A0740F13A8120462A790DF14D01FEF7DC
:102D60002DFD2B7EDB0603D520464349FEF716FCDE
:102D70002046FEF75FFC0DF51B7DBDE8F0834FF6A6
:102D8000FF739F4204D0BDF84430BB427FF414AFC0
:102D90000CA92046FEF7A5FE9DF841309DF8412084
:102DA000590749BF702319AB8DF864300DF16503E5
:102DB000120744BF612203F8012B9DF84120D00681
:102DC00044BF642203F8012B9DF84120910644BFC3
:102DD000632203F8012B9DF84120520644BF722262
:102DE00003F8012B9DF84120D2091CBF6F2203F884
:102DF000012B9DF84220D00744BF732203F8012B1A
:102E00009DF84220910744BF6E2203F8012B9DF8E4
:102E10004220520744BF442203F8012B00221A70BB
:102E20009DF8643023B12046144919AAFEF7B6FB79
:102E30009DF84130294643F301035BB20133022B75
:102E40009ABF09EB8303D3F8602642462046BDF8BB
:102E50004430FEF7D5FEAFE634EC04083EEC04083F
:102E600047EC04084FEC040865EC04086FEC040818
:102E70003DF1040809D804087EEC04082BEA040894
:102E8000D9080508B8FA04080AEB04084FF6FF73DE
:102E90009F4203D06B8ABB427FF4A0AE29462046F6
:102EA000FEF71FFE2B7D2A7D180749BF732319AB40
:102EB0008DF864300DF16503510744BF6E2203F8AD
:102EC000012B2A7D920644BF612203F8012B1E705C
:102ED0009DF8643023B120463E4919AAFEF75EFBF7
:102EE0002B7D204643F301035BB20133022B97BFD6
:102EF000394A3A4A02EB8303D3F8602638496B8A91
:102F0000FEF77EFE6AE69F4204D0B8F80032BB426C
:102F10007FF47EAE2046D8F804203249FEF73EFB0F
:102F200098F8082020460DF16D01FEF747FC204679
:102F30002D49FEF733FB204698F807215BA9FEF7E1
:102F40003DFC98F80631D80703D520462749FEF7FF
:102F500025FB204698F80030B8F800222449FEF7F7
:102F60004FFE55E673787278990749BF73232B4655
:102F70002B700DF14903D20744BF632203F8012BE4
:102F8000AB4202BF2D221A700DF1490320461F707B
:102F90000DF10601FEF7A5FD2B464146204632788D
:102FA000FEF72EFE52E6EAF763FDA1E62046114940
:102FB000FEF7F4FAB9E620460E49FEF7EFFABDE651
:102FC00020460C49FEF7EAFAC1E620460A49FEF718
:102FD000E5FAC6E62BEA0408B8FA0408D908050899
:102FE0003EEC040811E9040842E9040859EC04081D
:102FF0005CEC040809E90408600705082DE9F74FAF
:103000004FF0000A4FF6FF7304460F4656465546EA
:10301000DFF87C80DFF87C90ADF806305FFA8AF349
:1030200057F823B0BBF1000F09D1BDF80620FDB958
:1030300046B34FF6FF739A421FD007200FE0414678
:1030400058461CF0BAFE68B9494658461CF0B5FE11
:1030500060B958460DF106011DF031FB18B103B0FF
:10306000BDE8F08F05460AF1010AD7E70646FAE700
:103070004FF6FF739A42E0D126B129462046FEF76B
:103080001DFCECE720462946FFF784FD0020E6E71B
:1030900055D90408C9F9040837B50D460446428AD3
:1030A00009490832284692B2FEF778FA21462846A6
:1030B000FEF756FC238A28460093A37DA28A034983
:1030C000FEF79EFD03B030BD81EC040890EC0408CF
:1030D000F8B505680F6805F5D05604460E3627B9D1
:1030E0003146FEF75FFD0020F8BD4B68BBB938469E
:1030F0000D491CF062FE20B131462046FEF7E9FC86
:10310000F1E7384609491CF058FE50B105F58055E5
:103110002046B5F81E2A0649FEF772FDE3E70720B0
:10312000E2E72320E0E700BF5BCE040829F80408AB
:1031300080D704082DE9F04115461E4A0446FEF7E3
:1031400045FD2A683AB120461B49FEF727FAAA7ABC
:10315000072A05D9FEE720461849FEF71FFAF6E7C9
:10316000174B204603EB8203D3F86C261549FEF774
:1031700015FA6E7A2EB114492046BDE8F041FEF7EB
:103180003FBD20461149FEF709FADFF848802B7A47
:10319000F7B2BB4201D80E49EEE71FB141462046C7
:1031A000FEF7FCF96968204601EB0711FEF7D8FB32
:1031B0000136ECE7B0EC040882050508B6EC04081B
:1031C000B8FA0408BDEC0408D0EC040861EE040869
:1031D000F9ED040864CA04082DE9F0470E680446B6
:1031E0000D468AB03EB90268314602F5D252FFF769
:1031F000A1FF0020D5E03046B9491CF0DEFD0028D3
:103200003FD06F686FB9236803F58053D3F8402A25
:10321000B44B002A08BF1A462046B349FEF7F0FC1B
:10322000E7E7D5F80880B8F1000F40F0E8803846AD
:1032300027F099FD86B23F2E00F2E180206800F56C
:10324000805393F84A2AA2B9C3F8407A00F5D357BD
:1032500000F5CE50103004F05FFD1437721C696821
:10326000384692B227F065FA39462068FEF772F9BF
:10327000BFE7072A40F03181C3F8407A83F84A8AD1
:10328000E4E7304699491CF098FD88B16B68002B43
:1032900040F0B580236803F5805393F84A2A072A43
:1032A00000D9FEE7924B03EB8203D3F86C26B3E719
:1032B000304690491CF081FD0746002874D0D5F8AF
:1032C00004802668B8F1000F17D106F5805696F8ED
:1032D000495A65B120468849FEF792FC89E7D6F83D
:1032E000441A204601EB0311FEF7F3FB013596F873
:1032F000482AEBB29A42F2D87BE740467E491CF05E
:103300005CFD38B106F5CE5010300AB0BDE8F0478C
:1033100004F05CBD02AF394640461DF091F900282B
:103320003FD1A868C0B306A91DF08AF9C8BBEB68F5
:10333000B3BB4FF00208256841F6D01905EB090A26
:10334000504604F00FFC60BB05F5805506F5D556D8
:1033500085F8490A14365046C5F8447A85F8488AF3
:1033600004F0DAFC394630464FEA081227F0E1F95A
:103370002468A144484604F0F5FB00287FF439AFE7
:1033800004F5805383F8490A4846C3F8446A83F831
:10339000488A04F0C1FC2CE74FF001082568CBE710
:1033A00003200AB0BDE8F087304654491CF005FD03
:1033B000002851D068688DF808708DF8077068B9DA
:1033C00023689DF8084003F5CE5003F5805393F829
:1033D0004A1A1030072914D11820E2E702A91DF07B
:1033E00037F90028DDD1A8680028E9D00DF10701E0
:1033F0001DF02EF90028D4D1EB68002BE0D0072077
:10340000CFE70A1F012A06D893F8D129C2F3001288
:10341000A2423FF4EEAE042693F8D1299DF807505E
:1034200064F3041283F8D129D3F84C2A3AB969B964
:1034300075B9072283F84A2A04F031FCD9E6D47D15
:10344000043C012C88BFD675D269EFE70429A0D0CF
:10345000042283F84A2A9CE7304629491CF0ADFC37
:1034600000284FD06B68002BC9D1256805F5805620
:1034700096F8D039023B032B05D805F5CE50042130
:10348000103004F082FB96F8D13905F5D2556FF370
:10349000030386F8D1394FF4E163C6F8D839002325
:1034A000C6F84C3A2B606B60AB6096F84A3A002144
:1034B000072B1CBF072386F84A3A236803F580527E
:1034C000C2F8F41A03F5D65103F5E0531831083366
:1034D000C2F8241CC2F8D43A8BE60D2061E700BF85
:1034E0003FF50408B6EC04082CEA0408FFF90408C8
:1034F000B8FA04085BCE0408D0EC040865E80408B8
:103500001ADC040823204CE72DE9F74305460E4654
:103510001446DFF8708014B903B0BDE8F083236867
:1035200042460093636831462846FEF74FFBA36886
:103530007BB9E17D072910D9FEE749462846FEF709
:103540002DF8A368BAB253F822200137002AF4D12B
:10355000EFE70027DFF83090F3E7084A238A02EB11
:103560008102A18A28460191618AD2F86C260091D5
:103570000349FEF745FBE469CDE700BFB8FA04084C
:10358000F1EC0408D5EC0408EDEC04082DE9F04F4B
:103590000C6807460E4685B04CB90368214603F512
:1035A0008053D3F84C2AFFF7AFFF002429E02046D0
:1035B0008E491CF002FC002800F0A880386800F555
:1035C000D35014300DF0F7FC0546002800F0DE80E3
:1035D00000F110084146F0681DF071F8044640B94A
:1035E000D6F80490484627F0BEFB421C402A0CD96E
:1035F00007243B6803F58053D3F8D42AEA61C3F863
:10360000D45A204605B0BDE8F08F494605F1940034
:1036100027F08FF8D6F80890484627F0A4FB421C04
:10362000602AE5D805F134034946184627F081F8A9
:103630002C2127F058FB78B94146F0681DF03FF87F
:1036400004460028D5D13069B8B97069E8B9B469C1
:103650001CBB0023AB7534E005F5887905F5947A39
:1036600000F8014B2C2149F8040F27F03CFB0028FF
:10367000E2D0CA45F4D10324BBE705F112011DF0E5
:103680001EF804460028E0D0B3E705F114011DF050
:1036900016F804460028DAD0ABE7204654491CF05F
:1036A0008CFB0028D5D1402305F1D4022B8605F1EF
:1036B0003001012303A803940DF0FEFB044600280B
:1036C00097D1F06968B9306A98B93868294600F529
:1036D000CE50103004F09AFB044600283FF465AF4A
:1036E00087E705F120011CF0D8FF04460028EAD046
:1036F0007FE705F124011CF0D0FF044600287FF489
:1037000078AF736A002B7FF473AFDEE72046394948
:103710001CF053FB814628B9204637491CF04DFB6D
:10372000002835D0B3680193002B33D0D6F80CB005
:10373000BBF1000F2ED1D7F8008008F5805ADAF8D7
:103740004C5A2C460CB917245BE7616870681CF072
:1037500034FB28B1216801981CF02FFB00283DD1D3
:10376000E469EFE7AC4217D0ED69002DFAD1EAE742
:103770009C421AD09B46DB69002BF9D1E3E7DBF8CA
:103780001C30CBB1DB69CBF81C3015E0032438E7E3
:10379000232436E7072434E7E37D043B012B01D9DA
:1037A0000423E37504F0B8FAFFE6BBF1000FE6D19D
:1037B00015B1EB69CAF84C3A0023E361E37D072BAE
:1037C0001CBF0723E37504F0A7FA3B6803F5805399
:1037D000D3F8D42AE261C3F8D44AE6E608F5CE501D
:1037E0001030B9F1000FC0D12B46C5E74DD9040800
:1037F0006007050865E804081ADC0408F8B5069DAA
:103800001C462B7A0F4616462BB3252896BF184B1D
:10381000184A53F8202018492846FEF7F1F928469F
:103820001649FEF7EDF93A4604212846FFF782FCD7
:1038300028461349FEF7E4F9324604212846FFF7EB
:1038400063FE4CB128460F49FEF7DAF922460421FF
:103850002846FFF759FE04B9F8BD2B68E26903F565
:103860008053D3F8D41AE161C3F8D44A1446F2E77E
:10387000D4E60408E0DB04081EED04083DED04086E
:1038800048ED040856ED040870B5054616460C468A
:103890008B894A89ADF5BC6DD21A0F49FDF77EFEC2
:1038A000284606F11001FEF75BF82846728C0B499A
:1038B00001AEFDF773FE3246A18940F2DB5320468C
:1038C000E9F746FA00233246335405492846FEF705
:1038D00097F90DF5BC6D70BD6CED04086BD804084C
:1038E0002CEA0408D0E7044A044B00290CBF114617
:1038F0001946FEF785B900BF24DE04087BED0408F5
:1039000010B50C685CB9036803F5805393F8D019BF
:10391000003918BF0121FFF7E6FF204610BD072040
:10392000FCE70CB473B5044606AD55F8046B094BBF
:103930000A460949FDF732FE2A46314620460195DE
:10394000FDF724FE2046FDF775FE02B0BDE870408D
:1039500002B07047D908050869EE040870B515462D
:103960000E46137800F1080420460B4A03F00103C9
:10397000FFF7D7FF2B7831462046084AC3F34003B0
:10398000FFF7CFFF2B7831462046BDE87040044A50
:10399000C3F38003C5E700BF83ED040894ED04087A
:1039A000A3ED04082DE9F047044615460E461368BA
:1039B00098B0029313890193D38800939388574A50
:1039C000FFF7AFFFEB6831462046554AFFF7A9FFE6
:1039D000544A31462046FEF7F9F8204605F1120117
:1039E000FDF7BEFF20466A6A4F49FEF709F93146E6
:1039F00020464E4AFEF7EAF895F82E70002F40F068
:103A00008280AA6AAB8D204649490592ADF81830EC
:103A1000ADF81A70FDF7C2FD0122059858B9454965
:103A20002046FDF7BBFD20462A6B3F4918B0BDE894
:103A3000F047FEF7E5B8BDF818100144BDF81A309C
:103A4000C6188E42EBD210F8039006F1010A0AEB79
:103A5000090C6145E3D301334B44ADF81A30B9F199
:103A6000000FEBD073783D2BE8D000230DF11B0144
:103A70001AF803003D2823D103F101085FFA88F604
:103A800060336B44A9EB060603F8447C5AFA88F8C5
:103A9000B6B21AB920462849FDF780FD20462749CD
:103AA00007AAFDF77BFDB8F1000F1DD02046244981
:103AB000FDF774FD324641462046FDF77FFE13E0D8
:103AC000402B13D11AB920461B49FDF767FD20464C
:103AD0001749FDF763FD514620464A46FDF76EFE45
:103AE00020461449FDF75AFD002296E7013301F8FC
:103AF000010FD8B28145BBD8002660336B44B04675
:103B000003F8447CC5E720460949FDF747FDA96A4B
:103B10002046AA8DFDF752FE0A4981E7B3ED04085D
:103B2000DCED0408E4ED0408D3ED0408F1ED04082D
:103B300061EE0408F9ED040864CA04082CEA0408DC
:103B40004BDC0408F6ED04082DE9F04F402316463F
:103B5000FBB083460D46ADF868307068FF233AAA83
:103B60001AA903F058FA002840F0A8815846BF4926
:103B70003AAAFEF745F8002D40F0EC800595122298
:103B800000210DF15600BDF8144026F0C7FD3AABF8
:103B90001493FF23ADF854301AAB18938023ADF87B
:103BA00064300023728A0993A24209D8F38ABDF8CF
:103BB00014101344994280F2AA8001238DF86630D4
:103BC000338A2246B06808A9ADF8203003F0DCF94A
:103BD0000446002840F06C81FF23B0683AAA08A987
:103BE00003F019FA8046002840F05A81BDF8207091
:103BF000B06839460AAAEDF739FC0446002840F0BF
:103C00005781D6F808A03A4651460DA803F01DF991
:103C10000446002840F01381BDF834300A375BBAFF
:103C2000ADF84030924B0D22009392490623BFB26B
:103C300010A8ADF82270E8F7C2FF814600286DD1C8
:103C40001BF0D2FFCDF82490BDF82830DDF8248099
:103C50005BBA9AB20692ADF85630B8F1000F00F098
:103C6000FC80B8F80A400B98ADF85840E8F7C7FF59
:103C7000802CA14628BF4FF0800982464B46179002
:103C8000ADF864901AAAB8F1000F00F0EB800021A3
:103C90004046E9F75DF840461BF0A6FF5846BDF8E0
:103CA00014207549FDF7ACFF744A10AB07CA83E8CE
:103CB00007009DF866700421022F94BF53F8273047
:103CC0006F4B5846CDE901A36E4A069B0094FFF75F
:103CD00028FE3AAB042158466B4AFFF722FE042126
:103CE00058466A4AFDF772FF4A4658461AA9FDF738
:103CF00065FD802C03D958466549FDF74FFC5846B1
:103D00006449FDF77DFF059B0133059337E7728B0F
:103D10001344994280F2CE8002234FE722460621C7
:103D20005D4B5E48E9F7F8FB014609A803F0EEFA9F
:103D3000DDF82480B8F1000F00F08A80BDF83C2047
:103D400099F8023052BA92B29A4209D240461BF018
:103D50004BFF0625284611F067FE7BB0BDE8F08FCB
:103D60003A4651464046E9F7FEFA0446002866D135
:103D700099F8023006903B44ADF8223099F80310D0
:103D80009DF81830BDF82220994216D8BDF83C3075
:103D9000D11B5BBA9BB29942D8DC3B44B9F8041002
:103DA0009B1A9BB29942D1D851464046E9F7DBFABB
:103DB000044600283FF448AF41E050460DF122018F
:103DC000079203F0C9F80446002838D1079ABAF1DF
:103DD000000F04D1404602F0DCFF04462AE0CDF893
:103DE00040A0ADF84820ADF84A00ADF84C2010A82E
:103DF00003F073F8044630B11728EBD009981BF094
:103E0000F3FE2546A6E79DF84630013B3E2B1DD824
:103E100040460DF14601E9F77FFA044650B94046A5
:103E20009DF84630BDF844201099E9F79CFA044605
:103E30000028DCD0069B01330693002C9ED0099805
:103E40001BF0D2FE172C18BF254683E70724F1E7A5
:103E500040461BF0C9FE03257CE7BDF8304064BA3C
:103E6000A4B200E73946B06813E700BFFBED0408D1
:103E7000036602084401050816EE040894010508CB
:103E80000CE404081AEE04084EEE040856EE04088A
:103E900063EE0408F9ED040849C80408002900206D
:103EA00020461BF0A1FEB8F1170F18BF454651E799
:103EB0000020C5E700201BF097FE4BE7054649E7C9
:103EC00013460A46014618463EE62DE9F04F0546E0
:103ED0000E461C461746DFF894B085B003F1FF3854
:103EE00002EB81094F4518D128461D49FDF788FE90
:103EF000DFF87090DFF87880264449462846FDF7C1
:103F00004DFB14F8017B1FBBB442F6D1284615497E
:103F100005B0BDE8F04FFDF773BE57F8043B18F845
:103F200001AF1846039326F01EFF02305045039B55
:103F300006D859462846CAF10102FDF72FFBD1E702
:103F400000935346284608495A42FDF727FBC9E724
:103F500041462846013FFDF721FBFFB2D3E700BFF2
:103F60007AE9040874EE04086DEE040867EE0408AC
:103F7000600705082DE9F0470D6804466A492846A0
:103F800086B01BF01AFF0746002862D0674B092154
:103F900003F10C0204F10800FFF797FF0026DFF899
:103FA000D881DFF8D891DFF8D8A1A06801AA00F580
:103FB0002850B1B208300BF061FC00283ED104F16A
:103FC0000805002F00F0AA80494628469DF80E20DB
:103FD000FDF7E4FA51462846BDF80C20FDF7DEFA5D
:103FE00028469DF80F205249FDF7D8FA28469DF83B
:103FF00010205049FDF7D2FA28469DF811204E496D
:10400000FDF7CCFA28469DF812204C49FDF7C6FA78
:104010009DF8132028464A49FDF7C0FA2846494929
:10402000FDF7BCFA284601A9FDF7DAFB9DF814203C
:1040300028464549C2F34002FDF7E2FD01363F2E16
:10404000B3D104F10800FDF7F5FA002006B0BDE891
:10405000F08728463D491BF0B0FE00289ED1284637
:104060000DF102011CF02BFB0028EFD1A068BDF878
:10407000021000F5285001AA08300BF0FFFB0028C1
:10408000E4D19DF81420083402F0010220463049A2
:10409000FDF7B6FD9DF81430DA07D6D520469DF819
:1040A0000E202C49FDF7ACFD2046BDF80C202A4916
:1040B000FDF7A6FD9DF80F20204628499202FDF746
:1040C0009FFD9DF8142020462549C2F34002FDF7CC
:1040D00097FD9DF814309B07B7D520462149FDF781
:1040E0005DFA204601A9FDF785FB20469DF81020CA
:1040F0001D49FDF785FD20469DF811201B49FDF760
:104100007FFD20469DF812201949FDF779FD2046D4
:104110009DF813201749FDF773FD96E73246414697
:104120002846FDF73BFA89E7D2F90408A001050803
:1041300076EE04087DEE040818D8040884EE04081E
:10414000FED70408E2DA040873E90408F9D7040882
:104150008BEE0408A5D9040844D8040895EE040899
:10416000A4EE04084FD80408D8F0040886D8040840
:1041700015DB0408ADEE04083DF1040858E9040815
:1041800005D804080023F0B50C6885B005460F4635
:1041900020462649ADF80E301BF00FFE0646A0B9AA
:1041A000E4B9234B05F1080003F108020521FFF7EC
:1041B0008CFEA868214600F5F1501E4BBDF80E207C
:1041C00000951C30EAF77CF928E0786860B30DF1BF
:1041D0000E011CF074FA28BBBC682CB320460DF10C
:1041E0000D011CF07DFAE8B99DF80D301F2B18D891
:1041F00001249C40002ED4D00F4B02211A1D05F142
:104200000800FFF762FEA868214600F5F1500B4B4D
:10421000BDF80E2000951C30EAF72CF910B92420C7
:1042200000E0072005B0F0BD0024E5E7B5EE040886
:10423000DC010508611E0208D0010508F91E02080C
:1042400070B506680D46304607491BF0B6FD0446BA
:1042500020B9304605491BF0B0FD10B100202C708C
:1042600070BD2320FCE700BFB7C60408BCEE0408FD
:104270000B68F7B5044608468BB9A36804F108003B
:1042800003F5805393F83C3E1C07C3F3C00144BFC1
:10429000254B1978FFF727FB002003B0F0BD0DF187
:1042A0000701FFF7CDFF0028F7D19DF8075035B97A
:1042B000A36803F58053C3F8905EC3F8945EA768C3
:1042C00007F5805696F8183863BB96F83C3E2946A9
:1042D00065F3C30386F83C3E134B1D70134B1868FF
:1042E00025F0A2FD00B1FEE796F83C3E07F5F1503F
:1042F0005907C3F3800258BFC3F3C00296F8823E49
:104300001C3062F3000386F8823EEBF73FFA002D83
:10431000C2D0A368064A03F58053C3F8902EC3F8B1
:10432000944EB9E70D20B8E78E64002008640020A1
:104330003D1C020837B50C68054608466CB955F8AF
:10434000080F00F5025030300AF008F80146284600
:10435000FFF7C9FA204603B030BD0DF10701FFF7A2
:104360006FFF0446002845D1A8689DF8073000F586
:10437000005595F8B320910716D4002B3CD195F841
:10438000E032DA07E6D564F3000385F8E03295F809
:10439000B130022B22D0033B012BDBD800F50250B9
:1043A000303007F045FAD5E795F8E02202F0010138
:1043B0009942CFD063F3000285F8E02295F8B1204E
:1043C000022A05D0033A012AC4D8002BC2D1E5E75E
:1043D00023B100F5475029300AF038F8074A95F81C
:1043E000E03292F83C1EC3F3000363F3041182F839
:1043F0003C1EAFE72324ADE71B24ABE7A838002021
:104400000A6813B50B46044662B9036803F5805386
:1044100093F8701A003918BF0121FFF764FA0020E1
:1044200002B010BD18460DF10701FFF709FF002883
:10443000F6D124689DF8071004F58053A1B193F8D4
:10444000702AC3F8680AC3F86C0A002AE7D101226F
:1044500004F5CE541034204683F8702A03F072FE1F
:10446000204605F0C1FEDAE793F8702A002AD6D07C
:1044700083F8701AD3E710B50C680B462CB1BDE871
:10448000104000F108011846DAE6017AFFF72BFA2E
:10449000204610BD10B50C680B462CB1BDE810408D
:1044A00000F108011846CBE6017AFFF71CFA204616
:1044B00010BD2DE9F041804608680F4616461D469E
:1044C00088B008B311461CF0BBF8002304462B70DB
:1044D00098B1396891B101A817F031FC70B908F5AD
:1044E0005A5002A924300AF04AFB58B9304601AAB2
:1044F00002A906F0A7FF01232B700024204608B074
:10450000BDE8F0810D24F9E70724F7E72DE9F7432B
:1045100015460E46074620220021286826F0FEF8A0
:1045200033682BB92B600024204603B0BDE8F0832C
:1045300031462A6838680DF10603FFF7BAFF0446D2
:104540000028F1D19DF806303BB138463249FDF7DD
:1045500025F838462968FDF7BCFA70680028E2D0D3
:104560002F6807F110011CF0AAF804460028DBD1DF
:10457000B0680028D7D007F114011CF08EF804466B
:104580000028D1D1F0680028CDD007F118011CF027
:10459000A7F804460028C7D130690028C3D00DF120
:1045A00007011CF055F804460028BDD19DF80730DE
:1045B000D5F80080C3F1020388F819307769002F1D
:1045C000B1D0384615491BF0F8FB40B9DFF85890D8
:1045D000384659F8041B1BF0F0FB70B1E4B288F8C0
:1045E0001B40B469002C9ED020460D491BF0E5FB12
:1045F00040B102222B681A7795E70134062CE7D1E7
:10460000072491E7204607491BF0D7FB0028F7D085
:1046100001222B68EFE700BFC4EE0408FC75050813
:10462000F7C60408D8C60408F80105082DE9F041CA
:104630000B68044692B0002B3FD105684449FCF753
:10464000ADFF05F5CB51204605F580551C31FDF732
:10465000A9FA2046D5F890293E49FDF7D1FA20461F
:1046600095F894293C49FDF7CBFA3C4B95F8951900
:104670003B4A2046012908BF1A463A49FDF7C0FACD
:1046800095F897292046052A97BF374B374A03EB01
:104690008203D3F840273649FDF7B2FA95F8961908
:1046A000344A354B2046012908BF1A463349FDF7E5
:1046B000A7FA002012B0BDE8F08102AB01AA019375
:1046C000FFF724FF0028F5D12668DDF8048006F501
:1046D000C9572B4C2B49103706F580560AA8B8F15C
:1046E000000F1CD002F06BFF3523ADF8383041F2DB
:1046F0007073CDE90F34012341460AAA07F14C003B
:104700008DF84430ECF739FD404602F073FE80F03E
:10471000010086F89C093846EDF704FFC9E702F06E
:104720004EFF3523ADF8383041F27073CDE90F34C8
:10473000012306F67C158DF844300AAC0FCC0FC56A
:1047400094E80F0085E80F0086F89C89E3E700BF36
:10475000F3EE0408FCEE040814EF0408B3D90408CF
:10476000B7D9040826EF0408B8FA04080CE40408D2
:104770003BEF0408EAEE0408EDEE04084BEF0408F2
:1047800003010105E8D404082DE9F0419CB004AB15
:1047900003930B6807460E464BB303AA0431FFF799
:1047A000B5FE0446F8B93D68DDF80C800CA805F5A7
:1047B000C955366802F09EFA05F15C02414610A820
:1047C0008DF83040ECF7D9FC0A4B1035CDE90D37A8
:1047D000072322460093284633460CA9ECF74AFFEC
:1047E000041E08BF242420461CB0BDE8F081072425
:1047F000F9E700BFC91A02082DE9F0419CB004ABEB
:1048000003930B6807460E4653B303AA0431FFF720
:104810007DFE044600BB0CA83D683668DDF80C80C0
:1048200002F068FA012305F5C95505F15C0241461D
:1048300010A88DF83030ECF7A0FC0A4B1035CDE90C
:104840000D37072322460093284633460CA9ECF780
:1048500011FF041E08BF242420461CB0BDE8F081CF
:104860000724F9E7C91A02082DE9F0419CB004AB0E
:1048700003930B6807460E4653B303AA0431FFF7B0
:1048800045FE044600BB0CA83D683668DDF80C8088
:1048900002F030FA022305F5C95505F15C024146E4
:1048A00010A88DF83030ECF768FC0A4B1035CDE9D4
:1048B0000D37072322460093284633460CA9ECF710
:1048C000D9FE041E08BF242420461CB0BDE8F08198
:1048D0000724F9E7E563020870B58CB004AB0393D5
:1048E0004B6805460C4616468BB103AA0831FFF704
:1048F0000DFE50B9039BCDE90053064B2868D4E95F
:104900000012B047002808BF24200CB070BD07205B
:10491000FBE700BF25650208004ADDE7C50B02087A
:10492000004AD9E7E10B02082DE9F0460C469DB09C
:10493000064604AB20680DF10A0103931BF0BFFE8D
:1049400070BBA3687BB3304603AA04F10C01FFF7E8
:10495000DDFD28BBD4E901740CA83568BDF80AA0B8
:10496000DDF80C9002F0C6F9062305F5C95505F1EE
:104970005C02494610A88DF83030ADF862A0ECF723
:10498000FCFB0A4B1035CDE90D3607233A46009360
:10499000284623460CA9ECF76DFE002808BF24200A
:1049A0001DB0BDE8F0860720FAE700BFC13E02084F
:1049B000F0B587B00DF10303044601AA00680D4667
:1049C000FFF777FD034668BB9DF803303BB12046F7
:1049D0001749FCF7E3FD204601A9FDF77AF805AF7A
:1049E000394668681BF06BFE0346D8B9AA68E2B97D
:1049F000254655F81ECB01AA164603CEBE422860B6
:104A00006960324605F10805F6D132882A80A28B0A
:104A100042B904F10C020CF5B4501146143003F005
:104A20001FFC0346184607B0F0BD0723FAE700BF96
:104A300059EF0408024613780846D9070AD49907A3
:104A40001BD45B071BD403462D2203F8012B002245
:104A50001A7070477221034603F8011B1178890709
:104A600002D5642103F8011B1278520702D56E2289
:104A700003F8012B8342EAD1E5E70346F1E7034659
:104A8000F5E7102208B525F039FEB0FA80F04009AC
:104A900008BD0FB407B504AA52F8041B04480192DC
:104AA00016F0BAF903B05DF804EB04B0704700BF2C
:104AB00010020508012106F071BE38B50D680446E4
:104AC000144928461BF079F940B1A0680021BDE8DF
:104AD000384000F50250303007F0D8B828460E496B
:104AE0001BF06BF938B1A06800F502503030FFF7C9
:104AF000E1FF002038BD284608491BF05EF930B1BF
:104B00000522074904F10800FDF77AF8F1E72320B0
:104B1000F0E700BF7CFA04085CDB040806E8040840
:104B200080D70408837FC22003F00F03D84000F031
:104B300001007047036823B91720B0FA80F04009DC
:104B40007047994201D01B6BF5E70020F5E713B5DC
:104B5000014651F80C4B024604F5B45404F11C0014
:104B60001434FFF7E7FF38B9009220460122034BC7
:104B700003F01EFC02B010BD1820FBE7E538020868
:104B80002DE9F0430746012357F80C4B9BB006462E
:104B90008DF80530037A04F5B45088461C30394648
:104BA0008DF80430FFF7C6FF002800F0B6802622FB
:104BB000002103A825F0B2FDD8F80830EBB120465B
:104BC00041460DAB07AAFFF774FC0446002843D109
:104BD0009DF834303BB130465349FCF7DFFC30469A
:104BE00007A9FCF776FFD8F804000DF12E011BF0A1
:104BF00066FD044680BB08F10808082001A916F0EC
:104C0000D3F90546002800F08A80D8F800404749CB
:104C100020461BF0D2F800283ED0D8F804000DA999
:104C20001BF04DFD044600283FD13023BDF83480F1
:104C30008DF80830B8F1000F12D16B79306813F09D
:104C4000180F31D000F5B4502A46394603AB143062
:104C500005F0C7FB044640BB20461BB0BDE8F0830F
:104C60000122284602A9E8F740FB0446E8B99DF86E
:104C700008305A2B0AD07A2B0AD0392B0AD00133AC
:104C8000DBB208F1FF381FFA88F8D1E76123F8E7B3
:104C90003023F6E74123F4E7204625491BF08DF841
:104CA00020B3D8F8043023B907242846E7F7FBFFE0
:104CB000D2E74FF03209029302230DAA0DF106014B
:104CC00002A8ADF806900CF0F7F8804608B1242849
:104CD00027D12846BDF806200DA9E8F706FB0446B3
:104CE0000028E2D1B8F1000FE6D1A6E7204611492D
:104CF0001BF063F808B108F10408D8F80040002C54
:104D0000D2D0204626F02FF8214682B22846E8F776
:104D1000ECFA0446002890D0C7E70D249CE7032452
:104D20009AE70446C1E700BF82EF0408A8EF040831
:104D3000C9F90408ABEF040808B5E1F7AFFA08BDFC
:104D400010B504460068E8F7ABF9206010BD01F12A
:104D5000100351F8042B994240F8042BF9D1704705
:104D6000353020F001000078C0F30110704708B51D
:104D7000FFF7F6FFB0FA80F0400908BD436C184712
:104D80000246084649893823383989B2E7F7FEBF19
:104D900010B5044692B068461BF03AFB214602A8C3
:104DA000E8F79AF9029931B9694604F10800E8F781
:104DB000D1FD12B010BD04A8FFF7E2FF68460F99BD
:104DC000E8F77CFD02A8E8F77EF9EBE72DE9F04172
:104DD000064614461D46069F9DF81C80E8F71EF9FE
:104DE0003046FFF7D5FF666A3EB143463A4629464C
:104DF000B446A06ABDE8F0416047BDE8F0812DE906
:104E0000F04192B004460D46014602A8E8F764F965
:104E10000B274FF00008029E16B912B0BDE8F081D2
:104E2000314604A8FFF7ACFF25B1294604A8FFF7D7
:104E300028FE38B1002331462046CDE9008704AA78
:104E4000FFF7C4FF02A8E8F73EF9E4E726220021B5
:104E500025F064BC2DE9F0419CB0C568FFF76CFFFC
:104E6000064604A8FFF7F2FF294602A8E8F734F93E
:104E70001C274FF00008029C2CB92846FFF788FF3A
:104E80001CB0BDE8F08121460EA8FFF779FF199B01
:104E9000F31A002B0EDB9DF86D309A0702D59DF8B2
:104EA0006C305BB9002321462846CDE900870EAA65
:104EB000FFF78CFF02A8E8F706F9DCE7013B8DF865
:104EC0006C301A9B61895B001A9333441993382321
:104ED00038390DEB0302204689B2E8F73AF89DF81D
:104EE0006D30DB07E6D40DF1200C12AB0FCB8CE854
:104EF0000F00BDF858300EA904A8ADF83230FFF706
:104F000026FF9DF86D309DF83520C3F3800363F3D1
:104F100004128DF8352061892046383989B2E8F7C6
:104F200080FB04460028C5D0014604AA2846FFF7A6
:104F300025FF0028BED02046E7F7B5FEBAE770B5DA
:104F400000680C468CB016461BF018FB35340090F8
:104F500024F00104009D15B928460CB070BD05F180
:104F6000350323F0010362885B889A4212D102A8BC
:104F7000FFF76CFF294601A8FBF7B2F8BDF82A201D
:104F8000738C9A4206D106F1100106A8FFF779FD4D
:104F90000028E1D16846FFF7D3FEDBE72DE9F04FAB
:104FA0009FB00093289B064608460193FFF7D8FE62
:104FB00002280C4617460CD0032801F1350300F0F7
:104FC000F080B28823F00103511C52BAB1805A809C
:104FD00045E006A8FFF73AFFFFF7AEFE3A4600F5B8
:104FE0007130D83006F12409059006AB07F1200C8A
:104FF0001D4610685168083203C562452B46F7D13B
:1050000010682146286092884846AA803A46FFF7F1
:1050100096FF054618BB494603A8E8F75DF8AA467F
:10502000AB46DDF80C80B8F1000F40F09A801FFA13
:105030008AF3092B03D929464846E7F7EFFF2046B4
:105040006189E8F7EEFA054648B12C2205A9E8F790
:105050004CF9002800F09B802846E7F724FE204604
:10506000E8F700F92046FFF782FE002800F0A08054
:10507000B4F80AB0BBF1000F00F0B48010AB3D46AD
:10508000994607F1100C1A4628686968083503C26A
:1050900065451346F7D17B8C14AAADF8603005F155
:1050A000100C134628686968083503C365451A461D
:1050B000F7D1009A97F825301992019AC3F300139B
:1050C0001A92BDF874209B0222F49F6222F007021C
:1050D00043F00403134340F6B9314FF4FA60ADF8DE
:1050E0007430E8F719FB9DF875301C906FF30003DE
:1050F00020468DF87530FFF73AFE9DF8753060F365
:1051000041038DF87530FFF717FE9DF8753059464D
:105110009B074CBF1C9B374B18441B902046E8F75D
:1051200080FA0546002858D038224946E8F7DDF8CD
:1051300000284FD12946304616F0B2FA3046FFF724
:1051400027FE21463A463046FFF718FE044600285F
:1051500044D030462946E7F761FF3046FFF718FE96
:105160003CE011A8FFF772FE414610A8FAF7B8FF1D
:1051700025B1109AA2EB0B02002A02DA4546DDF8AF
:1051800040B003A8E7F79FFF0AF1010A49E7294663
:10519000484616F085FA059906F12800E8F7C8FB9D
:1051A0005DE723F001035B78002B3FF458AFFEE787
:1051B0002046FFF7D5FD012814D1009B93B104F1DF
:1051C000350323F0010393F800B00BF00F0B0BF144
:1051D000040B53E72846E7F766FD032420461FB07B
:1051E000BDE8F08F3A46214630461FB0BDE8F04F8B
:1051F000C4E500BF486B0100002307B50093FFF72B
:10520000CDFE03B05DF804FB2DE9F04701F1350751
:1052100027F0010715467B1ACA89203B9A420646A9
:105220000C4694B000D2FEE7B1F80C803846E7F7A0
:10523000C2FC04233A4641462046A7F80E80E7F711
:10524000A5FD002844D13B7803F00F03082B3FD87D
:1052500008F1040120463A1D89B2E7F797FDB8BB73
:105260000DF1180821464046E7F714FE80BB4FF6C3
:10527000FF79BDF81E304B4525D1FB89BDF82010C4
:105280002046C91A89B23982E7F710FD7B78013BC5
:10529000032B2ED9314603A8E7F71EFF05F1100AAC
:1052A000DDF80C90B9F1000F40F0CE802046FFF7FA
:1052B0005EFD002800F051812B4622460321304636
:1052C0001BF02EF957E04046E7F79DFD0028D0D0AF
:1052D0002B78FF2B4FD02046FFF749FD00284AD0FE
:1052E0002B4622460321304614B0BDE8F0471BF0A0
:1052F00017B9F369DBB92A46214606F12400FFF706
:105300001EFE40BB214603A8E7F7C4FD4FF6FF771A
:10531000002840F02981BDF81230BB4264D0BDF8AE
:1053200010300B2B60D003A8E7F76DFDF0E729469E
:105330002046326A98470028DDD017281BD12B78E9
:10534000FF2B18D02B4622468421304614B0BDE8EE
:10535000F0471BF094B841892C3989B2E8F761F91C
:10536000074640B1E7F77EFF2A4639463046FFF749
:1053700005FD002857D114B0BDE8F087474516BF9A
:105380003A46424602F801ABD7180DF139018F4277
:10539000F1D2BDF814100398C91A89B2E7F7D8FC06
:1053A00003A8E7F730FD002840F0DE80BDF812309A
:1053B0004B4503D0BDF810300B2BF1D1BDF81230A6
:1053C0004B45DBD100233B70376C9FB9B769CFB930
:1053D000B36B23BB2B78FF2BCDD02B4622468421E9
:1053E00030461BF04CF8C6E747464FF6FF794FF0C2
:1053F0002F0AE3E72B46224641463046B8470028AD
:10540000E4D0B8E741463868E8F7E6F928B12A461B
:1054100021467B68B8689847ADE7FF68D7E72A461A
:105420002146F06BF7E7172808D12B78FF2B05D022
:105430002B462246842130461BF021F8384614B012
:10544000BDE8F047E7F72FBC49464046FFF798FC18
:1054500051460AA8FFF715FB38B99DF82830FF2BF5
:1054600003D00CA801F0A1FF28B3BDF838206B8C45
:105470009A4220D12046FFF773FC012815D9023843
:10548000C0B2012817D809F1350323F001035A8867
:105490007B889A420FD12046FFF762FC03283FF633
:1054A0006AAFDFE800F0474D190C49462046E7F7A0
:1054B00069FB0028EFD103A8E7F705FEF0E67B784B
:1054C000002B7FF458AF0B22CDE90032424649460B
:1054D0003046FFF77BFC4EE77B78E3B99DF84D3013
:1054E0009A070CD543F001038DF84D30B9F80A1036
:1054F000382338394246484689B2E7F72AFD0F9BE0
:10550000002B7FF438AF30464946E7F787FD304639
:10551000FFF73EFC2FE73F2B7FF62DAF4946204695
:10552000E7F730FB00283FF426AF0023CDE9005316
:105530002346CBE72B462246022130461AF0F0FFE5
:105540000F9F002FF1D09DF82830FF2BEDD10023C5
:105550002A4621461098B8470DE72046FFF700FC81
:1055600001287FF408AFA7E617283FF433AF02E71E
:1055700030B5C46891B001A81AF04AFF214603A8CB
:10558000E7F7AAFD039D2DB901A9201DE8F7E2F96F
:1055900011B030BD06A8FFF759FC294605A8FAF757
:1055A0009FFD0599019B5B1A002B07DB29462046CE
:1055B000E7F734FD03A8E7F786FDE3E701A8E8F77E
:1055C0007DF9F7E72DE9F04FE3B016461C460F468C
:1055D0000390002940F0BB8400F108052846BC492F
:1055E000FBF7DCFF04F110012846FCF7B9F9284667
:1055F000B849FBF7D3FF7489B389E41AA4B2002C2D
:1056000065D12846FCF716F804B9B4897389A3421A
:1056100040F29D842146304607AA01F05BFC002839
:1056200040F095849DF81D30FF2B40F0A2820423AA
:105630002146304607AAE7F7A9FB002840F08784F7
:1056400004F104081FFA88F86FEA0803BDF81E7019
:105650009BB27FBABFB29F4228BF1F4607A8ADF8D2
:105660001880ADF81A70E8F7F9F972892318934297
:1056700000F26D849DF81C20252A00F28E85DFE85B
:1056800012F080026C058902600537037703260457
:1056900042044E0474048C058C058C058C050F05A2
:1056A0006C05150553058C0560058C058C058C056E
:1056B00066056C057205720579057F058C058C05FC
:1056C0008C058C058C05B1047C058205BA03102C71
:1056D000A04628BF4FF01008B1894346394409AAB3
:1056E00089B23046E7F734FBA4EB0804424628466B
:1056F00009A9B844FCF762F8A4B21FFA88F77EE75C
:1057000075492846FBF74AFF284622A9FCF772F89C
:105710007AE7BDF8882071492846FCF771FA73E7EB
:1057200028466F49FCF76CFA0421039822AAFEF779
:1057300015F969E7229A6B49EEE728466A49FCF7B2
:105740005FFA042128469DF98830684AFEF7E9F897
:10575000042128469DF88930654AFEF7E2F80421C5
:1057600028469DF88A30634AFEF7DBF80421284674
:105770009DF88B30604AFEF7D4F8042128469DF846
:105780008C305E4AFEF7CDF8042128469DF88D3016
:105790005B4AFEF7C6F8042128469DF88E30594A28
:1057A000FEF7BFF8BDF89030574A04212846FEF7AF
:1057B000B8F89DF89230554A04212846FEF7B1F812
:1057C00022E728465249FCF71BFA042128469DF897
:1057D00088304B4AFEF7A5F8042128464D4AFEF7CB
:1057E000A0F80027DFF84C91DFF84CA1DFF84CB1AE
:1057F0009DF88920BBB29A427FF606AF4A4608213F
:105800002846FCF7E3F920AB03EB4708514628464E
:1058100098F80A20FCF7F4F998F80B305A460A2158
:10582000284603F00303FEF77CF898F80B300A21B2
:105830002846394AC3F38103FEF773F898F80B3012
:105840000A212846354A1B09FEF76BF80137CFE7D6
:1058500028463349FCF7D4F94FF00008DFF8E09010
:10586000DFF8E0A0DFF8E0B09DF888305FFA88F755
:10587000BB427FF6C9AE20AB03EB87074A467B7A73
:1058800004212846FCF7A2F9BB7ADA0706D5254998
:105890002846FCF7B5F908F10108E5E7C3F3011262
:1058A00013F0020F009228460CBF52465A461E497A
:1058B000C3F38103FBF772FEFA7A3F2A01D11B4939
:1058C000E6E728463B7B1A49FCF79AF9E3E700BF75
:1058D000AEEF040893F20408C5EF0408D3EF040800
:1058E000E2EF040881F20408E8EF0408F6EF040888
:1058F00009F004081AF004082BF004083CF004082E
:105900004BF004085AF004086CF004087EF0040818
:10591000E4F0040893F00408C1F00408D3F004088C
:10592000E1F00408FBF004080FF1040841F1040859
:105930005BF1040809E904089EF00408AEF00408CD
:10594000EBF00408B7D90408B3D904082846C649BF
:10595000FCF756F904212846229BC44AFDF7E1FFD3
:10596000042128469DF88C30C14AFDF7DAFF042156
:1059700028469DF88D30BF4AFDF7D3FF9DF88E3045
:10598000BD4A04212846FDF7CCFF9DF88F30BB4A65
:1059900012E72846BA49FBF701FE28469DF8882001
:1059A0000DF18901FBF71EFF2EE62846B549FCF7ED
:1059B00027F90027DFF8F0920DF189089DF888108B
:1059C000BBB299427FF620AE4A4604212846FCF736
:1059D000FDF841462846FCF77CF8013708F110082D
:1059E000ECE72846A849FCF70BF94FF00A08A74F47
:1059F000DFF8E8A20DF18809B8F1010807F10807FE
:105A00003FF402AE57F8083C524659F803300421DF
:105A10000093284657F8043CFDF783FFECE728463F
:105A20009B49FCF7EDF84FF00A089A4FDFF8B0A257
:105A30000DF18809B8F1010807F108071AD14FF0F4
:105A40000708954FDFF89C92B8F1010807F10807A5
:105A50003FF4DAAD284657F8042C4946FBF79EFD83
:105A600057F8083C22AA13442846D3E90023FBF741
:105A700042FFE9E757F8083C524639F80330042161
:105A80000093284657F8043CFDF74BFFD2E79DF8FA
:105A90008820824940E6BDF8882081493CE62846B6
:105AA0008049FCF7ADF84FF00008DFF83CB2DFF8B2
:105AB0003CA20DF18C099DF888201FFA88F39A42C8
:105AC0007FF6A2AD04212846774AFCF77FF808F15B
:105AD000020720AB03EB87077A8859462846C2F3B2
:105AE000C812FCF78DF8BB7852460621284603F011
:105AF0001F03FDF716FFBB780621C3F341132846A9
:105B00006A4AFDF70EFF06212846694AFDF709FF9C
:105B10004A460A210398FDF721FF08F1010809F11F
:105B20000409C8E728466349FBF738FD28460DF10C
:105B300089019DF88820FBF741FE28465E49FCF765
:105B40005FF861E5229A5D49E6E55D49D9E55D4981
:105B500022AAE1E55C4922AADEE55C4922AADBE54E
:105B60005B4922AAD8E55B4922AAD5E5229A5A497F
:105B7000D2E504F102081FFA88F86FEA0807BFB2FD
:105B800069E52146304622AA02F097FE002840F03F
:105B9000DE810EE0214630460DAAE8F788F800289D
:105BA00040F0D5819DF8340022A940F004001AF09D
:105BB00018F907A8E7F752FF9DF81C30204484B27B
:105BC0008DF88030252B3FF61FAD01A252F823F04F
:105BD00001570208135702082157020835570208D7
:105BE0003B570208C35702084D590208935902084F
:105BF000AB590208E359020809560208095602087F
:105C000009560208095602088F5A0208975A0208D4
:105C10009F5A0208255B020809560208455B0208E4
:105C20000956020809560208095602084B5B020889
:105C3000095602084F5B0208555B02085B5B0208CD
:105C4000675B02080956020809560208095602084D
:105C500009560208095602081F5A0208615B020829
:105C60006D5B02085158020877F1040884F10408BA
:105C700078D904089FF1040899F10408AFF10408E9
:105C8000C6F10408D5F10408E7F104081C02050870
:105C9000F5F1040864020508AC02050803F20408E3
:105CA00017F204082CF2040809E9040855F2040864
:105CB000E2EF040866F2040875F2040877F20408BB
:105CC0008EF2040896F20408A6F20408B7F204085B
:105CD000CDF20408E0F20408F9F204089FDB04089E
:105CE000B4DB0408D207050839F2040849F20408B5
:105CF0009DF81D30FF2B00F02A810C2321463046F1
:105D00000DAAE7F743F8002840F021819DF83530CF
:105D1000092B02D8072B40F01A819DF83610B04AA3
:105D2000092B02EB91129DF8371092F824288DF878
:105D30008910BDF838108DF88820ADF88A109DF8CC
:105D40003C20BDF83A108DF88E20ADF88C1009D9A2
:105D5000BDF83D305BBAADF890309DF83F308DF81E
:105D6000923026E74FF4A063ADF890300123F6E7B8
:105D70004A2828BF4A209DF81D2083B2FF2A00F040
:105D8000E680214630460DAAE7F700F807460028CE
:105D900040F0DD800DA808F06DFB002800F0D780F2
:105DA000B8465FFA88F949460DF1370008F0BBFAAA
:105DB000A8B120AB03EB470383F80A900DAB3B443B
:105DC000DA7A62AB03EB4701930803F00C0343EA72
:105DD000921343EA0213013701F8FD3CFFB208F1C8
:105DE0000108B8F13F0FDCD19DF836308DF889708D
:105DF0008DF88830DDE62146304604AA01F06AF8C5
:105E0000002840F0A4809DF81120FF2A00F09F8018
:105E10009DF81030252B40F09A80A31C9BB2ADF862
:105E20002030DB439BB2934228BF13463046ADF887
:105E300022300DAA082308A9E7F748F807460028EA
:105E400040F08580082108A8E7F745FCB8465FFACE
:105E500088F949460DA808F066FA80B30223304657
:105E600005AA08A9E7F732F8002870D1022108A88E
:105E7000E7F731FC20AB03EB8702BDF814300137A4
:105E800059BAC1F38030C1F3C03343EA4003C1F3D0
:105E9000013043EA8003C1F3812043EA0013907A82
:105EA00003F03F0320F03F0003439372C1F3051357
:105EB000D37201F00F0382F809901373FFB208F157
:105EC0000108B8F13F0FC2D18DF8887071E69DF8D6
:105ED0001D30FF2B3BD0214630460DAAEBF7C6FA0A
:105EE000A8BB9DF83530072B31D9DDF83600E6F731
:105EF00086FEBDF83A302290ADF88C30BDF83C30CB
:105F0000ADF88E3055E6FE2F21D83A464146304650
:105F10000DF189038DF888701AF084FA49E617F0BC
:105F20000F0714D18DF888700DF18907BDF81A306C
:105F3000002B3FF43EAE9DF888300E2B3FF639AE75
:105F400010233A46304606A9E6F7C0FF10B163B009
:105F5000BDE8F08F9DF888301021013306A88DF838
:105F600088301037E7F7B7FBE0E7262321463046B5
:105F70000DAAE6F70BFF0028E9D19DF83530232B59
:105F8000E5D9DDF83600E6F73AFE2290DDF83A0072
:105F9000E6F735FE2390DDF83E00E6F730FE24906C
:105FA000DDF84200E6F72BFE2590DDF84600E6F727
:105FB00026FE2690DDF84A00E6F721FE2790DDF860
:105FC0004E00E6F71CFE2890DDF85200E6F717FEBB
:105FD0002990DDF85600E6F712FE2A90E9E500BFA9
:105FE000B8FA04084423214630460DAAE6F7CEFE4F
:105FF0000028ACD19DF83530412BA8D9DDE912013C
:10600000BDF836305BBAADF88830BDF838305BBAD1
:10601000ADF88A30BDF83A305BBAADF88C30BDF8D7
:106020003C305BBAADF88E30BDF83E305BBAADF8AF
:106030009030BDF840305BBAADF89230BDF84230D8
:106040005BBAADF89430BDF844305BBAADF8963029
:10605000BDF846305BBAADF8983009F043FBCDE9A6
:106060002801DDE9140109F03DFBCDE92A01DDE954
:10607000160109F037FBCDE92C01DDE9180109F023
:1060800031FBCDE92E01DDE91A0109F02BFBCDE949
:106090003001DDE91C0109F025FBCDE9320188E57D
:1060A0002146304622AAE7F702FE6FE53C4B7B43D0
:1060B000B3F1553F3FF64BAF00230DF18A078DF842
:1060C0008830BDF81A30002B3FF473AD9DF888304E
:1060D0003E2B3FF66EAD032330460DAA06A9E6F728
:1060E000F5FE00287FF433AFBDF834209DF836006C
:1060F00052BA130991B203F06003C2F3C4221343EE
:1061000043EAC113394640F0040021F8023B19F07C
:1061100068FE9DF888300321013306A88DF8883089
:106120000437E7F7D8FACCE7FE2F3B4628BFFE231B
:10613000414630460DF189028DF88830E6F708FEB9
:1061400037E52146304622AAE7F7E5FD1EE5214660
:10615000304622AA02F0B1FB18E52146304622AAB9
:10616000E7F7BBFD12E5202222AB21463046E7F7D8
:1061700042FD0BE5102222ABF7E7602222ABF4E7E9
:10618000402222ABF1E70023CDE90D36069B22A980
:106190000DA80F93EAF70EFAF8E49CB2FFF736BAAF
:1061A000ABAAAAAA10B40446184613460A462146CA
:1061B0005DF8044BFFF706BA2DE9F04F4023144673
:1061C000ADF5757D83460E46ADF8D0316068FF238E
:1061D00034AA74A900F01FFF002840F0F780584649
:1061E0007E4934AAFBF70CFD002E40F0F0800596A6
:1061F00013AD00214FF040086268A068C5E90012A5
:10620000BDF81430A5F80880002800F0E080228A4C
:106210000DEB0807ADF834200A2203920C22CDE9D9
:1062200000520297628A0DA900F0E4FF002840F0B6
:10623000CE80D4F808A00DA95046BDF834908DF852
:10624000218000F089FE002840F0C180A9F10A03F6
:106250009AB206923A89BDF8341052BA92B212FA42
:1062600083F30A33994200F2B280ADF834900DF115
:1062700090094A4650460DF121030DA900F0A3FEF6
:106280000790002840F0A3803A89069B52BABAF8DA
:106290000A1013FA82F20A328A4200F298804A46C1
:1062A00058464F49FBF7ACFCFF22ADF86C204FF489
:1062B000007234AB1A9374AB2193ADF88820079B1E
:1062C0006268CDE90D33C7E90032ADF83C30A36810
:1062D000A7F8088053B3238AB4F81280ADF82230AF
:1062E000B8F1000F22D03A46A0680DF1220100F06B
:1062F000E4FED8B90A2300930C22A0680AAB0DF182
:10630000220100F0B6FD172854D078B9BDF822302C
:10631000A26868812A6028462B81AB81CDF8249041
:1063200000F0DBFD824640B117283BD05846FBF712
:1063300081F9059B013305935BE70122284609A9F2
:1063400000F03CFD70B3BDF82230A2680DF16E0084
:10635000ADF83C30CDE90DA2CDF85CA0CDF880A021
:10636000CDF88CA08DF88AA0F8F7E8FA1A9B33BB19
:106370000121204617AB0DAAEAF77EFF0028D5D1F0
:106380000121204617AB0DAAEAF7F2FF0028CDD174
:10639000239B0BB9ADF888300421584617AAFDF7A6
:1063A00001FBC3E7BDF83030BDF822205BBA1344CF
:1063B000ADF8223008F1FF381FFA88F890E7BDF8F1
:1063C0006C20002AD4D083F800A0D1E706463046DE
:1063D0000FF02AFB0DF5757DBDE8F08F1CF3040866
:1063E0002CEA040813460A4601461846E4E62DE95D
:1063F000F04F40231446ADF5757D74AD07460E464B
:106400008DF80F302B80294660680DF10F0314AA18
:1064100000F0D9FD38B1064630460FF005FB0DF50A
:10642000757DBDE8F08F0DF1D008FF234246294667
:10643000606800F0F0FD0028EDD143463846384949
:1064400014AAFBF7DDFB002EE6D1FF23ADF82C30BC
:106450004FF400730DF12E094846ADF84830CDF8E1
:10646000288011950796109613968DF84A60F8F7D4
:1064700065FA0A9B1BB1BDF82C2002B11E701725CE
:106480004FF0000B4FF0400A616824A8CDE904B139
:10649000ADF818A0EAF7F5FD9DF89080B8F1010F6E
:1064A00015D9A8F10303022B1BD9E468002CEBD10A
:1064B000139B0BB9ADF84840002DADD138462946A5
:1064C00007AAFDF76FFA3846FBF7B4F8A4E710AB5C
:1064D000CDE9009300232046194604AAEAF78CFE72
:1064E000E3E7A8F104035D42A8F105005D414142E4
:1064F000414107AB204604AAEAF7BEFEB8F1050FFA
:1065000001D1172801D0002886D12946204607ABA3
:1065100004AAEAF72DFF05460028C6D07CE700BF95
:1065200037F3040813460A46014618465FE770B57C
:106530000D4698B0286804A91AF082F8044600288D
:1065400047D168680DF106011AF0CAF80446002820
:106550003FD1A8680DF105011AF0C2F80446C0BB8E
:1065600003A904A89DF806509DF805600FF002FAF3
:10657000044670BB402E31D86B1EDBB2FD2B2DD8EC
:1065800014208DF8075019F03BFC054620B35A2320
:1065900002A98DF80830731C8DF80930E7F7DFFB8E
:1065A000044698B928460DF10701E6F7B5FE044602
:1065B00060B93246284608A9E6F797FE044628B98E
:1065C000284604A904F07EF8044610B12846E6F7F0
:1065D0006AFB204618B070BD0324FAE70724F8E7E9
:1065E000A0F14103192B98BF2030A1F1410398BFBE
:1065F000C0B2192B9CBF2031C9B20B1A5842584166
:10660000704700880B88C01A704737B50446656E1E
:10661000084611461DB1A26E0092E26FA84703B072
:1066200030BD70470020054BD3F8102283F83402A8
:1066300012B1D3F814121047704700BFA8580020B9
:106640000120704740794009831E584258417047E5
:1066500037B58DF8071001393E29054614460DD887
:1066600010460DF10701E6F757FE28B929462046E6
:106670009DF80720E6F739FE03B030BD0720FBE7A1
:1066800037B50A4D0948E6F7D9FE044608B903B004
:1066900030BD21462846E6F7F4FE01A801941AF021
:1066A00023FB019819F0A0FAECE700BF1C3F002083
:1066B00013B50B466C461B7802460868496883F0A0
:1066C000020303C48DF800306B4603CB10605160A9
:1066D00002B010BDF8B5D40802F0070722460546FF
:1066E0000E4624F026F867B18023013F3B412A5D26
:1066F000DBB2591E0A402A55315D5B420B401A43FA
:106700002A55F8BD2DE9F043C37D05468B420C4662
:1067100097B025D041B902AB00934FF4A003019389
:1067200083688DF80810A3B90120EC7517B0BDE897
:10673000F083002A14BF3A46424649466846E7F7C6
:1067400094F80136A968B2B251F82230002BF0D18A
:10675000EAE70E46034FDFF81080DFF81090F1E70C
:106760000020E3E764CA0408D90805088005050885
:10677000054B93F8EC2F03F6FC706FF3041283F8CB
:10678000EC2FE7F78BB800BFA83800202DE9F041C7
:10679000444D88B001A819F03BFED5F8301703A886
:1067A00019F0EFFE05F5805605F2746705F2846571
:1067B000039C34B93C4801A9E7F7CCF808B0BDE820
:1067C000F08161890C230C3989B2204605AAE6F7CD
:1067D000DDFADDF804800599A8EB0103002B06DA49
:1067E00001A8E7F76BF803A8E6F76DFCE0E79DF872
:1067F0001B3096F8B1200133033ADBB2012A8DF841
:106800001B3006D9002B47D021462848E6F706FC66
:10681000E9E7022BF8D83FD040210020E6F78AFFB5
:106820009DF81C30618903444344C0F140000C3999
:1068300005AA05938DF81C000C23204689B2E6F7C3
:1068400088FB059901A8E7F739F82046EAF716FC16
:1068500004460028C7D09DF81B306189012B84BFF6
:106860000222A379204684BF62F30303A3710C299B
:1068700094BF491A0C3989B2E6F79AFCA3883846C6
:1068800023F4C45343F408632146A380E6F7DDFDF7
:106890002846E7F703F8A6E721460448E6F79AFBFF
:1068A000D9E700BFA8380020DC3F0020D83F0020F7
:1068B00038B50D4B044653F82150036853B1FEF729
:1068C0003BFAD4E90032811A8B4292BF00209B1818
:1068D000181A20602368AB422CBF23602560FEF7A6
:1068E0002BFA606038BD00BF8805050802780346B2
:1068F00012F0400F00F5D67011D0134B93F85C2EB8
:10690000D1071DD5B3F85E1EA02359434FF47A7307
:1069100001F5FA71B1FBF3F11944E6F7ECBFD209C6
:106920000ED15A78022A09D1DA78120706D5D96928
:106930004FF47A735943B1F57A61EED1E7F701B8B4
:106940004FF47A71E9E700BFA838002010B50F4C6A
:1069500094F83432012B18D104F50F7104F50C7042
:10696000E7F7BBFC10B1022384F83432084890F8F2
:10697000EC3F5A0709D56FF3820380F8EC3FBDE87E
:10698000104000F6FC70E6F789BF10BDA858002043
:10699000A83800200A4608231621E7F71CB913B5CA
:1069A0000C460DF107020121E7F783F920B99DF8A4
:1069B000073043F00403237002B010BD0346086A99
:1069C00010B50C4650B1CBB1591CE6F7A5FC30B15F
:1069D000206A08B1E6F767F90023236210BD637FE0
:1069E0000133DBB2FF2B6377F8D14FF4FA712077D4
:1069F00004F12400BDE81040E6F77DBF4A69531E4C
:106A000013404B6123B90B7F0A69013B4A610B7745
:106A1000237F04F124000BB1218BEBE74FF4FA71D3
:106A2000E8E730B51F4C8DB0D4F8D0597DB194F85B
:106A3000CC3973B1D4F8C41904F51B6348420093F0
:106A40000140194BB4F8CA291848E7F713FD0DB0F7
:106A500030BD02A8FEF7FAF94FF2BF03ADF82A30B5
:106A6000698994F8CD390139C91A04F6CD12012388
:106A7000284689B2E6F76DFA04F51B6102A80AF010
:106A800043F9D4F8D0190A4802AAFEF7B5FB20B1A1
:106A9000D4F8D00908B1E6F706F90023C4F8D039D4
:106AA000D5E700BFA8580020BD690208E4460020D1
:106AB000C440002013B504220C4601AB5621E7F771
:106AC00063F858B99DF80530012B91BF06209DF859
:106AD000063023709DF8073088BF637002B010BD88
:106AE000002330B587B08DF803300B780546FF2BB7
:106AF0000C460FD0204601A917F004FF50B99DF8AD
:106B000016303BB19DF8153003F00F0363F07F039F
:106B10008DF8033028460DF10301E6F7FDFB38B987
:106B20009DF8033033B9102221462846E6F7DDFBF5
:106B300007B030BD0822A118F7E72DE9F04FB3B038
:106B40000C4602AA0C218046E7F738F805460028D3
:106B500063D1BDF80A70FE2F00F28580434E94F891
:106B600005A094F806B006F580543B464046D4F89C
:106B7000A426BDF8081096F8B390E6F707F9054685
:106B800000284AD119F0010F84F8A87684F8ABA642
:106B900084F8AAB603D104F2A46008F068F996F864
:106BA000B130042B37D10027D4F8A42694F8A836A6
:106BB00039461344CDE903232D4807AB3A46ADF8D7
:106BC00004708DF8C67084F8AB7707F06DFF07ABE3
:106BD0001E469DF8C68003EB4808B04521D101A8A8
:106BE0000EF068FE0126012103A808F00BFA48BB4D
:106BF0000B211F4805AA08F0A3F818B9BDF81430F6
:106C0000A4F8DE3809211A480DF1060208F098F8B8
:106C100008B90FF06BF917F0F5FB284633B0BDE863
:106C2000F08F36F8020B04EB902393F99831002B88
:106C3000D3DB012101AB05AA05978DF8187011F07F
:106C4000A7FECAE7032108F007F90028CBD0837814
:106C500003F00F0004EB8002DB06C2F8A867C2D481
:106C60000EF0E6FDBFE70625D7E700BFA8480020E5
:106C70004C5F002070B50C460546C2B001A8164610
:106C800019F02EFB04F118016A462846C9B2E6F74E
:106C900095FF30BBBDF80230FE2B24D8694628464C
:106CA00001AAE6F713F9E0B9BDF802308DF8023118
:106CB000FEF742F8419001A8E9F7D2FC88B9002C10
:106CC0000CBF0E2133210823324601A8E8F7CAFF82
:106CD00038B9012C024601A914BF04480448E9F759
:106CE0001FFF42B070BD0720FBE700BFE04500205A
:106CF0000C4600204022002123F010BDF8B50446C8
:106D00000F4690F8306000EB0616B442254601D1DC
:106D1000002506E020463946FDF7B3FE1034002872
:106D2000F3D02846F8BD38B50D4640210446E6F7B5
:106D300047FD2A46C1B22046BDE8384088E42DE927
:106D4000F0418846054688B100242046A3B2EF5C96
:106D50001FB12E2F01D00134F8E7231A13F0FF01E1
:106D6000A6B206D117B196B96B7883B90020BDE8F9
:106D7000F081FD2E0BD842462844FFF769FC00281D
:106D8000F5D10136B0B20134002FDFD1EEE7072094
:106D9000EDE7002307B50DF107018DF80730E6F7A1
:106DA000BBFA03B05DF804FB10B50C46FFF7C7FF54
:106DB00018B92046BDE81040EBE710BD2DE9F341BE
:106DC000D1F80080877905460C464046394616467C
:106DD000E6F7F6FC874203D0002002B0BDE8F08160
:106DE0000D4B42460093A9883B462868E6F77AF89F
:106DF00003460028F0D02068AA7981182160825CBF
:106E0000B2FA82F04009002EE7D12E2A02BF0131EA
:106E100018462160E1E700BFE165020830B504468D
:106E20000D4685B001AAEAF721FB6289C5F57F43CB
:106E3000F63313445BBAADF80C3029460A232046DA
:106E400001AAE6F786F805B030BD70B50D461446C8
:106E50000646024621462846EAF708FB40B9338930
:106E60006A895BBA0A3414FA83F3934288BF062016
:106E700070BD2DE9FF4780460D4692460A880146BF
:106E800001A89946BDF83070FFF7DFFF0646B0B99C
:106E9000BDF80430BDF80C405BBA64BA9BB2A4B232
:106EA0005345298804F10A040DD1A7420BD83B466B
:106EB0004A464046E5F76AFF2B881F442F8030463C
:106EC00004B0BDE8F087214417262980F7E70123A5
:106ED000E5F75CBF0223E5F759BF13B504462189E6
:106EE00020680DF10502FFF7F2FF58B99DF8053053
:106EF00013F0C00010D13BB9638913B92389013362
:106F00006381172002B010BD2289A371013292B2B1
:106F10001344A2802381F5E7C0281BD12189206872
:106F20000DF10602FFF7D6FF0028EBD1638913B9F4
:106F3000238902336381BDF8063022685BBA9289E7
:106F4000C3F30D031344A2899BB29A4202D9238151
:106F5000A381C4E70620D5E71FB500220C460B88A5
:106F60000090ADF80830ADF80A20ADF80C30684656
:106F7000FFF7B3FF0028FAD0172802BF0020BDF8A2
:106F80000A30238004B010BD7FB505460E46144676
:106F900014B9204604B070BD31462846FFF7DCFF27
:106FA0000028F7D12946328801A8FFF74EFF0028B4
:106FB000F0D1BDF80C3032885BBA0A331344013C7F
:106FC0003380A4B2E4E7F0B51746002285B01D4631
:106FD0000B88009068460C46ADF80830ADF80A20E2
:106FE000ADF80C30FFF779FF88B99DF806602B7873
:106FF000B3420ED933463A46BDF804100098E5F77F
:10700000C5FE20B9BDF80830B8552E70238005B0F4
:10701000F0BD0320FBE72DE9FF41144600220F4697
:107020004FF001081D460B880090ADF80830ADF810
:107030000A20ADF80C306846FFF74FFF20B1172843
:1070400031D004B0BDE8F081B8F1000F04D12E2397
:10705000013D04F8013BADB2402D2B4628BF402333
:107060009DF80660DBB2B34201D80320E9E733465E
:107070002246BDF804100098E5F788FE0028E0D10C
:10708000A219A055B8F1000F03D1013C14F8013F3B
:107090002BB9AE1B14464FF00008B5B2CBE72E2B30
:1070A000F4D10620CDE72E23012D2370DDD0002062
:1070B000BDF80A3060703B80C3E72DE9F0431368E8
:1070C0000D468FB0002B32D00A880021ADF8302059
:1070D000ADF834201A7806932E2A0A90ADF83210B3
:1070E0000BD001260AA8FFF7F8FE044660B1172866
:1070F00013D020460FB0BDE8F0835A1C5B7806928F
:10710000002BEED00724F4E7002EEBD0024606A9B0
:107110000AA8FFF753FE0646E4E726B1069B1B7854
:10712000002B08BF0024BDF832302B80E1E7566801
:10713000002E59D00A960126128909880690ADF8CA
:107140002010ADF82230ADF82410ADF83020ADF8A5
:107150003230ADF8342006A8FFF7BFFE044658B120
:107160001728C6D12EB10AA8FFF7B7FE172808BF07
:107170000024BDF82230D8E7002EECD00AA8FFF793
:10718000ACFE26460028E6D19DF81E309DF82E4024
:107190009C42E0D1BDF81C10069803AB0DF10A0229
:1071A000DDF82880BDF82C60ADF80A40E5F79CFDBD
:1071B000DFF83C90BDF8107047B13B463146404681
:1071C000039ACDF80090E5F78DFE18B9B4FA84F66D
:1071D0007609C0E73E44E41B03A90DF10A00B6B2EC
:1071E000A4B216F0C9FDE5E70FB0BDE8F043B3E681
:1071F000E16502082DE9F04F06468846144687B03F
:107200001D460B88BDF844A0BDF84CB0ADF80A305F
:10721000FCB13046109A0DF10A01FFF74EFFB0B1F4
:10722000172817D10027BDF80A9031464A4603A80F
:10723000FFF70BFE70B9013CA4B2C7B9BDF814301A
:1072400009F10A025BBA1A44ADF80A20E0E7012707
:10725000E9E7172007B0BDE8F08F129B0A371B89BA
:10726000013D5BBA1F44ADB2ADF80A70D0E752469B
:107270003046129BCDF800B00DF10A01BDF80A703E
:10728000FFF7F7FD1728C3D00028E3D1002DE4D184
:10729000BDF80A30A8F80030DCE72DE9F0430446D9
:1072A0000F46154628264FF00A0889B00DF114093B
:1072B0002FBB238A628AADF812300523CDE90298EC
:1072C000CDE900530DF112010023A068FFF792FFF2
:1072D000172819D080B9A368BDF81220C5E90003AA
:1072E0002A8118460DF11201FFF736FE20B9013E42
:1072F000B6B2002EDCD1062009B0BDE8F083238BA6
:10730000628BADF81230D8E70020F5E738B50446B7
:1073100000680D46884202D018F066FC256038BD32
:107320000823E5F733BD0346808838B11B68187819
:1073300000F0E000A0F16003584258417047402837
:107340000ED8272804D8202814BF00200120704719
:107350004FF001332838C0B2C34003F0010070473A
:107360006028F1E7036823B94068B0FA80F040096B
:107370007047002070470368B3F17F4F05D18088C4
:10738000A0F1FE035842584170470020704708B5ED
:107390000246FFF7F0FF38B19079FB288EBF00203E
:1073A00080F00200C0F3400008BD08B50246FFF7B8
:1073B000E2FF20B19079A0F1FC035842584108BD8A
:1073C00008B50246FFF7CEFF98B9136803330BD117
:1073D0004FF6FF739188994206D19379FF2B03D121
:1073E00092F90730002B03DBBDE808401046DCE7CC
:1073F000012008BD0268034642B9406840B99A6856
:107400003AB9D868B0FA80F0400970470020704758
:1074100010467047026803464AB9406848B99A68FE
:1074200042B9D86800F17F43584258417047002064
:107430007047104670476FF00102002302706FF032
:107440007F0283704270C370037143718371C37193
:107450000830FFF72DB9034630B5064C04F110058E
:10746000224603CAAA4218605960144603F1080371
:10747000F6D130BDE4E304087FB5054615F80B6F7F
:1074800004466846FFF7E7FF30460022694618F0D9
:107490008DFDFF2629462046E6F71FFF70B9E27AE8
:1074A000237B9A420CD0606804F1100590B9014624
:1074B000284604B0BDE87040E6F71DBAE672E9E779
:1074C000A37A002BEFD0013BDBB2A372002BEAD1F1
:1074D00004B070BD2189E6F74BF9E8E70048CBE737
:1074E000186200200048C7E7B0630020034630B5AB
:1074F000064C04F11005224603CAAA4218605960DE
:10750000144603F10803F6D130BD00BFBCE7040800
:107510000A7CFFF7DFB80B6852BA03604B684FF084
:10752000FF314360C17200236FF0010103724372A7
:10753000837201734373C281704708B50278FF2AD2
:1075400003D1407800F00F0008BD48F2FE02038826
:1075500023F47C53934206D0FFF75CFF00280CBF56
:107560000E200020F0E70220EEE7837C5A0700D4CB
:10757000E3E7C3F3C300704708B50378FF2B05D1D9
:10758000FFF7DBFF831E5842584108BD0020FCE78F
:1075900048F2FE02038823F47C53934200D0EBE7C9
:1075A0000120704708B50378FF2B06D1FFF7C5FF10
:1075B000032894BF0020012008BD0020FCE72DE92E
:1075C000F04F0B7880463A2B0C4685B024D14B788F
:1075D0003A2B1DD1002602344FF0000927785FFABC
:1075E00089F5002F4AD023464FF0000A1F4613F8B2
:1075F00001BB03A95846CDE90033E6F700F968B9A5
:107600009DF80C20009B02EB0A1ABAF5803FEDD3DF
:10761000062005B0BDE8F08FFF26DDE7A742F7D0D2
:10762000BBF12E0F0CD1062DF2D82BD1214603A889
:1076300014F085FB0028ECD1039BC8F80C301FE048
:10764000BBF13A0F02D0BBF1000FE1D1B9F1080F45
:10765000DED09AFA9AFA28F819A03B783A2B03D18F
:107660007B783A2B04D001373C4609F10109B5E794
:10767000FF2ECDD10135EEB20237F5E7082D1DD131
:107680000020C6E701274FF0060AFF2EC0D0AD1B31
:10769000E8B2054608EB4606AAEB000031466A0050
:1076A00008EB400023F0DDF9AAEB09020021304687
:1076B000520023F033F8002FE2D0B7E74FF0080A6A
:1076C000E3E72DE9F84307460D4616460024DFF8A8
:1076D0002C80DFF82C90A64201D1BDE8F8831CB1C4
:1076E00041462846E6F7C1F837F81420494652BA11
:1076F000284692B2E6F7B9F80134ECE780CB0408EB
:1077000012DB040870B5054600240139E6B2F30027
:10771000B242D8B207D92B5D01340E5DB342F5D029
:1077200073401A0600D570BD01305B00C0B2DBB2F9
:10773000F7E7102A00D9FEE7E4E7F0B51AB30446EC
:10774000037900EB4306A642254602D199B11720E2
:1077500018E02F8802349742F5D191B1BBB1013BBB
:10776000DBB203711AB200EB43039D4209D030F83B
:1077700012302B8005E0022B07D0591C017120F834
:1077800013200020F0BD0720FCE70320FAE71B8848
:10779000FFDE037813B14078023070470120704754
:1077A000F8B50F46164605460246012331463846CF
:1077B000E5F78CFB044610B92B7813B968702046A6
:1077C000F8BD02232A4631463846E5F77FFB38B933
:1077D0002846FFF7DEFF7388834238BF0624EEE7B2
:1077E0000446ECE7002301290360C0F803301FBF03
:1077F000012302390370417070472823E5F7C6BAA8
:1078000038B50D460446024600212846FFF7F5FF2D
:1078100080B9237803F0F003602B0BD1A3885BBA07
:107820009BB22833B3F5A06F04D86A89934218BF7E
:10783000062038BD0620FCE770B504460D463C2204
:10784000002122F06BFF29462046FFF7D9FF0646AC
:1078500010B10626304670BDA379112B0BD03A2B00
:1078600012D0062BF6D114232821284604F1280231
:10787000E5F78CFA05E02821284604F12802FFF7F5
:107880004FFD0028E6D0E4E72821284604F128022D
:10789000FFF746FDF5E710B51A780446012A0846B9
:1078A0008AB00AD15B7843B96A468989FFF7A5FF98
:1078B00018B9204606A918F0EDFC0AB010BDF8B5BD
:1078C00006460F4614461D46AC4200D1F8BD22467E
:1078D0003946304616F00EFC2469F5E7F7B5937C7F
:1078E0000646DB090D46144646D001290CBF202070
:1078F000402016F0A7FB224890F8D03993B190F8B9
:10790000493A7BB1637C012B0CD1D0F8642A00F694
:107910005C239A4206D1C5F10501C9B200F6F41004
:10792000FEF7C6FF06F114039C4203D306F174036D
:107930009C421FD3B768EFB1237C20468DF80430FA
:107940000094FFF712FEA27C00F00F03C2F30002C6
:1079500043EA0213E27C2946C2F3000243EA4213DF
:107960009DF80520684622F03F0213438DF805304C
:10797000F268B84703B0F0BDC1F10200B9E700BF3B
:10798000A838002010B50446D1B1636803F178022D
:10799000914210D3D83399420DD2237A022B0CD0C6
:1079A000032B0FD0012B0BD10846FFF723FD10B995
:1079B0000B78FF2B04D10969E6E70B78FF2BFAD18E
:1079C000216010BD0846FFF7EDFD0028F3D0F7E772
:1079D0000023136003680BB9172070478B4202D055
:1079E00013601B69F7E70020704713B504460B4985
:1079F00001AA0430FFF7ECFF68B9019B084A43B9BC
:107A0000626000212046064B044A02B0BDE81040E7
:107A100055E71A61F5E702B010BD00BFBCE70408E6
:107A2000E4E30408002370B50D4616460B600468B5
:107A30000CB9204670BD31462046FDF722F80028DB
:107A4000F7D12C602469F3E737B50A46044601A94B
:107A50000430FFF7E7FF0546E8B104F178039842E8
:107A60001BD304F1D803984217D2019B6BB963680A
:107A70000BB11B6963604FF4005016F0E3FA00206D
:107A8000636F2B61656703B030BD1A69002AF2D0BD
:107A900012691A61EFE71720F5E72520F3E70023C5
:107AA00070B50D4616460B6004680CB9204670BDD3
:107AB00031462046FCF7E5FF0028F7D12C606469C9
:107AC000F3E737B50A4601A90446FFF7E8FF054684
:107AD000F0B104F1140398421CD304F174039842EA
:107AE00018D2019B73B923680BB15B6923602046F0
:107AF0002A460021FFF7F2FE002023696B61256111
:107B000003B030BD5A69002AF1D052695A61EEE7DC
:107B10001720F5E72520F3E707B50A4601A9FFF787
:107B2000BEFF003818BF012003B05DF804FB182227
:107B3000002122F0F3BD10B50446FFF7F8FF2369DA
:107B4000024A1A40024B1343236110BD000080FE1D
:107B500040001F01028A0B8A9A4201D1FCF791BFB3
:107B60000020704790F87A301A1F012A0BD9072B92
:107B700004D1002380F87A300020704713F0FD0F05
:107B8000FAD00223F6E70D20704738B50378044693
:107B90008B4230D0054605F8801B0239012902D8F6
:107BA000DFE801F006272846BDE83840E5F7C9BE02
:107BB000436ADBB1FDF7C0F8D4E90931421A9A42B1
:107BC00011D21944091AB1F5FA7F38BF4FF4FA718E
:107BD000002363620A20E5F79FFD01462846BDE8C1
:107BE0003840E5F788BE4FF4FA71F1E74FF4FA71C7
:107BF000F0E78168F2E738BD2DE9F04390F87A802C
:107C0000044611F808300F464345914614BF01263B
:107C10000026C56F8BB018BF80F87A3055BBB8F11D
:107C2000060F23D094F87A30062B1FD194F8A03099
:107C3000042B2ED0052B01D0032B17D16A461746F3
:107C400004F13E0304F14E0C1546186859680833D8
:107C500003C563452A46F7D1B4F84E303946ADF82E
:107C600010300C20122305AA15F0F0FE30460BB0A0
:107C7000BDE8F083B9F1010F02D12B6A002B06DABF
:107C8000EB7D2846F95CFEF73DFD3043C6B2ED6959
:107C9000C4E74FF0FF310C2013F0D2FFE6E77FB5C9
:107CA000044601AD00F1700393E8070085E8070082
:107CB00094F87A10072909D1002222675A609A6045
:107CC00094F87A30072B18BF84F87A104FF4E163E8
:107CD0000421A3602046FFF758FF00231A46E16FF6
:107CE00029B92A462046FEF790FC04B070BDC87D35
:107CF000CE69072807D14AB9E06F08B1C069E067CB
:107D0000CB610B4611460A463146E9E7D0690028A7
:107D1000F6D0C069D061F3E72DE9F3410446684627
:107D200018F076FB2778012F34D9236F93B394F89A
:107D30007A30072B0CD8DFE803F01D0B1D0B040B6A
:107D4000152D01264FF00208E56F45BB16B11DE069
:107D5000052B22D1042F1DD1694604F18000E5F7DF
:107D6000F9FD17E0E268009B9B1A002B15DB02234C
:107D700084F87A30E36F6BB194F8793013B994F8E2
:107D800078303BB194F87A30052BDAD102212046C5
:107D9000FFF7FBFE02B0BDE8F0810026D2E7EB7DE5
:107DA000062B0DD8DFE803F00B0C0B0C0B0C0400BA
:107DB000A969009B5B1A002B04DB85F8178001265C
:107DC000ED69C2E76846E5F779FDF9E708B590F88F
:107DD000793001467BB9FFF7C5FE68B90A4BD3F885
:107DE000403753B9CB804B674FF480730846A1F8F6
:107DF0007830FFF791FF002008BDDA7C6FF3410275
:107E0000DA745B69EDE700BFA8380020F8B5C76FEA
:107E100005460C463E461EB923686BB9072029E08B
:107E200021683068E5F7D8FC20B161687068E5F733
:107E3000D3FC00BBF669EEE76368002BEED0E36885
:107E400007200BB9A37DABB9226A0C4BE0759A42AF
:107E500094BF22622362626A00219A4294BF6262E6
:107E60006362E7612046EC67FEF74CFC2846FFF7AB
:107E700053FF0020F8BD1820FCE700BF9AC4200083
:107E80002DE9F04104460E468AB004A8E9F711FB3B
:107E90009DF81230B58923F0780343F028038DF85C
:107EA00012302378ADF80050012B40F23181042BC1
:107EB00000F02E810C232946304604AAE4F766FF21
:107EC000002840F025819DF81230DA0900F0208169
:107ED000C3F3C303052B40F01B81BDF81030A1880C
:107EE0005BBA9BB2591A0904628800F111819A1A8F
:107EF000120440F10D810133A3808D4B93F8B33010
:107F00001B0701D40CF040FE00229DF81330894974
:107F100003F00F03CF5C84F8A2203FB394F87A30CB
:107F20003946012B08BF84F87A200A22A36820462C
:107F3000B3FBF2F3804A03EB0313934294BFA360B5
:107F4000A260237804F17002052B1CBF0523237067
:107F50000023FEF75AFB1D2F02D0082F40F0D880D7
:107F600020460AB0BDE8F04111F00EB9BDF814305A
:107F70000C35ADF800509BB1B3F5807F40F0C88060
:107F800069463046FEF7E8FF002840F0C180BDF8A2
:107F9000003072890433934200F2BA80ADF80030A9
:107FA000BDF81650BDF818306DBA5BBA1D44BDF867
:107FB0001A305BBA1D44ADB205BB63694FF47A70E9
:107FC000F02B40F2A880783B584303D043F6982129
:107FD000E5F7CEFBE3681844E36FE060002B40F068
:107FE0009F80012255492046FFF706FE2046FFF7F5
:107FF00056FE20460AB0BDE8F0418DE6694630469F
:10800000BDF80080FEF7A8FF002840F08180BDF891
:1080100000703046394601AAE9F728FA002877D1DE
:10802000BDF80C3072895BBA0A3717FA83F39342B2
:108030006ED8ADF80030BDF80430013DB3F5245FD3
:10804000ADB2B9D130460DF10201ADF80280FEF7B4
:1080500083FFBDF80270BDF80C800A37BFB2738988
:1080600098FA98F817FA88F89845ADF802704FD842
:108070001FFA88F8B8459FD904233946304607AA25
:10808000E4F784FE002840D1BDF81E2052BA92B217
:10809000131DD91941453BD8BDF81C109BB2B1F551
:1080A000007F2FD1032A33D90C2B28BF0C2339464C
:1080B000304607AAE4F76AFEBDF81E30B3F5806FBC
:1080C0000ED10898E4F79BFD1D4B834228BF034661
:1080D0001F461B4B6761984294BFA061A3616BE789
:1080E0005BBA9BB2072B13D90898E4F788FD0746C3
:1080F0000998E4F784FDB8420AD3114B9F4228BF88
:108100001F46E6E73B449FB2B4E717283FF454AF5D
:108110000AB0BDE8F0814343E06800EB53005BE741
:10812000DA7D02F0FD02012A08BF9861DB6955E79C
:10813000A8480020A604050880EE3600A005050822
:108140009AC4200010B50B4B044693F8B10017F009
:108150009BFF68B123785BB994F8A030012B07D15D
:1081600004F18C004FF47A71BDE81040E5F7C3BB11
:1081700010BD00BFA84800201222002122F0CEBA74
:108180002DE9F043064600248FB008A8884615461E
:10819000FFF7F2FF3378CDE9014453B903A8FFF7A5
:1081A000EBFF12220C2003A915F044FCB0FA80F476
:1081B0006409172706F13E092CE054B103A908A869
:1081C000FCF75FFC28B1BDF83020BDF81C309A42A6
:1081D00031D0172F0CD09DF83220AB7C9A4207D8B3
:1081E00018D11022294608A822F088FA002811DAAE
:1081F0002B4608AA0DF1300C174603CF67451860CF
:1082000059603A4603F10803F6D138681860BA8815
:1082100000279A80414608AA01A810F039FFD8B972
:1082200096F8A030033B022BC7D8484608A9FFF7B1
:1082300091FC0028C1D02A4608AB0CAD1C4603CCEB
:10824000AC4210605160234602F10802F6D10027CB
:1082500020681060A388938038460FB0BDE8F08393
:10826000F8B5054610460E461446FFF7C3F820B988
:1082700021461848FFF750FC48B32246334604F124
:1082800010071C4610685168083203C4BA422346DE
:10829000F7D112882280338A43B94FF6FF722B88B8
:1082A000934205D14FF440432B8033820020F8BD28
:1082B0004FF2BF0201339BB2934201D101339BB213
:1082C00003F53B52213292B2132AF7D9ECE707208B
:1082D000EDE700BFE83F002038B5054608300C4602
:1082E000FCF728FC50B1A96800220B4643B9204690
:1082F000FFF742FF04F11200FFF73EFF002038BDF8
:108300009C4207D01A461B6BF0E7136B3BB11B6B0B
:10831000136304E0002AF8D109B10B6BAB600023B2
:108320002363E4E701460148D6E700BF3C3F002055
:1083300070B5037804460D4616465BB343780022B9
:108340006FF3451343701749FFF756FC04F12C00F7
:10835000FFF7E8FF637823F01F0363706388A3804F
:1083600016B94FF4E163A36020460021FFF70DFC2E
:108370000020012D84F8A20003D094F8A03063B946
:1083800070BDD4F89830002BFAD0D4F89C10BDE81A
:10839000704018470029F3D1EFE7002384F8A0309C
:1083A000EEE700BFA80505083822002122F0B6B983
:1083B0002DE9F04100F10808054640460C461746F5
:1083C0001E46FCF7B7FB00B1FEE72046FFF7ECFFC7
:1083D000069B2146404684F834706662A362FCF72F
:1083E000A9FB10B9AB682363AC600020BDE8F08145
:1083F00007B5836A0A4600930146436A0248FFF7BD
:10840000D7FF03B05DF804FB3C3F00202DE9F041AD
:10841000037804460E46904643B100F13E013046D3
:10842000FFF798FB00283BD0002520E000F12C0747
:1084300002213846FFF7DCFF0546C0B9334604F198
:108440003E0206F1100153F8040B8B4242F8040B74
:10845000F9D11B881380A38F63B93A463946114876
:10846000FFF7FEFE054628B13846FFF75BFF2846BA
:10847000BDE8F08104212046FFF787FB2046FFF787
:108480004BFCB8F1010FCFD10748EAF74BF8D4F80D
:108490009830002BC8D03046D4F89C109847C3E7DA
:1084A0000525E4E73C3F0020D841002043F6FF7259
:1084B000438AC3F30D0191421FBF0B46202043F2B4
:1084C000882210FB03201ABF014BC0180020704700
:1084D000A82800202DE9F04300250F469046A94624
:1084E00085B01E4600F58163009300F20C430193B2
:1084F00000F5826300F21440029303905DF825308A
:10850000C8F80030C6F800901C6834B90135042D55
:10851000F4D1204605B0BDE8F08339462046FCF78B
:10852000B0FA0028F5D120463460FFF7BFFF0446BB
:10853000EBE703684BB1064A9B1AC3F34D134A8A13
:1085400063F30D024A820160704743F6FF73F6E75A
:10855000305B00200A4610230021E5F703BC10B56C
:1085600004460068FFF7A2FF206010BD036810B545
:10857000044673B1017BFF2902D0E5F7A6FE40B99E
:108580002146FF2301F80C3F2046BDE81040E5F7E7
:10859000A4BE10BD70B5866900F110039E4204466A
:1085A0000D4603D0837A1D44857270BD4368002B4D
:1085B000FBD00368002BF8D0FFF7D8FF237B21897D
:1085C000A572E37201310020E5F7A6F801463046B6
:1085D000BDE87040E5F78FB901210148DAE700BF37
:1085E000B063002038B5084B0160D3F8484E05460B
:1085F0000C40046024B91030E5F7A3F9AC7238BD23
:10860000BDE83840B2E700BFA83800200378024632
:10861000D80903D01089003818BF01207047807F27
:108620006FEA101000F00100704710B504460021F9
:10863000B02222F073F82046BDE81040002105F07A
:108640007DBF837F0246C9B243F04000B1EB101FEB
:108650000AD061F30713937703F00F03072B03D1BD
:108660000221024806F0C5B8704700BFD849002073
:10867000F8B50E4690F89C7000F16C0404EB0717F7
:10868000BC42254601D1172010E020460DF07CF8B1
:1086900010340028F4D02B46314605F1100253F86F
:1086A000040B934241F8040BF9D10020F8BD80235C
:1086B000CA08825C01F007010B411A4214BF012075
:1086C0000020704738B501F16C0398420D4603D382
:1086D00001F19C02904200D3FEE7C01AC0F30714D8
:1086E000214605F19D00FFF7E2FF38B9214605F16B
:1086F0009E00FFF7DCFF0130C0B238BD0020FCE770
:108700006FF08003CA0801F007010B41815C0B4048
:10871000835470478023CA0801F007010B41815C34
:108720000B438354704702B1F4E7E9E702F16C03AD
:10873000984270B50E46154602D39C32904200D343
:10874000FEE7B1FA81F2C01AC0F30714214605F121
:108750009D005209FFF7E7FFB31E5A42214605F17B
:108760009E005A41BDE87040DDE70023036043608E
:10877000704730F8082B72B1084B93F8B11051B123
:10878000A3F5805393F83C3E5B0704D44FF47A7111
:108790005143E5F7B0B8E5F7D4B800BFA8480020CA
:1087A00038B5036805468BB1B0220C4C04F5005374
:1087B000B3F8203302FB034404F50C542834286832
:1087C000B030A042286002D300232B6038BD297945
:1087D00005F06AFF0028F2D0F8E700BFA8280020C3
:1087E00010B5044605482179206005F05DFF18B9F1
:1087F0002046BDE81040D3E710BD00BFD04B00209D
:1088000070B504460E4634F8085B15B92C46204670
:1088100070BD2146304605F085FF0028F7D1013DA7
:10882000ADB2B034F1E7002313B5064A6946CDE98D
:108830000023FFF7E5FF044608B1FFF7F6FE2046E8
:1088400002B010BD0400FEFF002307B5ADF8021012
:1088500069468DF800200193FFF7D2FF03B05DF861
:1088600004FB4FF6FE7307B5ADF8023000238DF818
:10887000001069460193FFF7C3FF003818BF0120BD
:1088800003B05DF804FBF8B504460F46002534F844
:10889000086B0EB92846F8BD3946204605F004FF9E
:1088A00008B10135ADB2013EB6B2B034F1E710B552
:1088B0000446FCF741FAA06110BD0823E5F7C8B9EA
:1088C000837F024613F00F0003D0108C831E5842A2
:1088D0005841704737B5837F04460DF107012C30AE
:1088E0008DF807300DF077F9054668B99DF8073027
:1088F000A27F9A4208D0A3778DF800306946012301
:10890000082001AA15F0A2F8284603B030BD0123C3
:1089100010B543770446FCF70FFA206204F12C00EF
:10892000BDE8104012F0FAB910B5437F0446022B9F
:1089300006D1037FDB0703D50146084815F0B2FDD9
:10894000002294F83E30627762F3000384F83E30F0
:1089500004F12C00BDE8104012F0FEB955AA02083F
:1089600010B50446FFF7E0FFA37F20460133A3774D
:10897000FFF7B0FF18B92046BDE81040C7E710BDAB
:108980004FF6FE720D4B10B5B3F8E0180446914255
:1089900012D0B3F8E2180120012901D9E4F7E4FE6E
:1089A000B4F844300BB1834206D9A4F84400606C9B
:1089B000BDE8104017F018BC10BD00BFA85800203B
:1089C00090F846300BB18B4204D980F84610406CC9
:1089D00017F00ABC7047037823B94078B0FA80F0EA
:1089E00040097047002070472DE9F04F93B008A868
:1089F000FCF72CFA4FF2BF03DFF85482ADF8423097
:108A000098F8B150A8F50056284617F03DFBC0B1C4
:108A10004FF6FE7306F54054B4F8E0289A4210D0A1
:108A200094F82439D9070CD4284617F00BFB58B911
:108A30000CF06EFA40B194F8E9010430C0B20CF0C9
:108A400085FA13B0BDE8F08F98F8B3309A0704D4D4
:108A50007748FFF735FF0028F3D094F82539012B2C
:108A600002D194F84F395BB17248FFF7B4FF002888
:108A7000E7D171490222881E21F040FE0028E0D093
:108A8000262012F0A4FA0746002800F0CB8094F8C4
:108A90002539012B54D194F84F39002B50D104AD16
:108AA00004F634130FCB85E80F0029463846FFF74C
:108AB00051FD002840F09E800823032138465F4A7C
:108AC000E5F750F9002840F09580022384F8253915
:108AD000FCF732F9C4F8280998F8B3309B0705D49D
:108AE0005348FFF7EDFE002840F08680B4F8E028F8
:108AF00053490CA8FEF70FFD08A807F0DFFF514B04
:108B0000394600935048514B08AAFCF747FA0546EE
:108B100000287DD194F8243904F6141643F001039B
:108B200084F8243904AB0FCB86E80F0098F8B30023
:108B3000C4F84C5910F0080083D10CF0EDFE80E72A
:108B4000B4F854390A2B00D0FEE7002304A804939C
:108B50008DF81430FFF744FEDFF8F890DFF8F8A046
:108B6000DFF8D0B0049DADB1A5EB09052D110AFBCE
:108B700005F5ADB229465846FFF799FD20B12946C3
:108B80002D48FFF794FD18B104A8FFF709FEE9E7A7
:108B9000A4F85459B8F82023B4F8543904A99A42D7
:108BA00089BFB022002602FB036606F50C5688BF7B
:108BB00028363046FFF75CFD00B1FEE7384604A9D1
:108BC000FFF7C8FCB0B908230321384606F1640258
:108BD000E5F7C8F870B9FCF7AFF84FF47A72B368EC
:108BE0000621C01AB0FBF2F23846E5F707F9002873
:108BF0003FF472AF03280CE00DF10F0010F0CAF93A
:108C00000028F7D19DF80F20A2F57C7292B26FE791
:108C1000032803D105210B48FFF7D2FE3846E4F7BD
:108C200042F80EE705210748FFF7CAFE09E700BF33
:108C300098490020F8610020FA610020384B00209C
:108C4000104B0020B0610020C440002055AA02084B
:108C5000A8480020D04B0020A38B2EBA00234380CD
:108C60004FF4287303806FF07003837070474FF4E4
:108C7000B4732DE9F0430546ADF5437D0DAC68AE08
:108C80008846174600214FF4B2722046ADF89C3159
:108C9000669621F043FD4FF4B2722146304621F032
:108CA00048FD2D680021182207A821F037FD28462D
:108CB00007A9F5F7D3F898B920222146284606AB34
:108CC000F5F7E8F860B9069B0090CDE90143DDE9CE
:108CD0000932BDF81C1005A8DFF718FA034600B1E9
:108CE000FEE72360689B059833B13046F4F718FB24
:108CF0000D98F4F7F7FFF3E7DFF8B0904FF48062D8
:108D00004B462146F5F703F80028EED121680B8881
:108D1000B3F5885FE9D1BDF8A451CDF8009025F4F2
:108D2000FF7525F0010545F490753046D1E908231B
:108D3000ADF8A451F4F700F90028D6D12068F4F773
:108D4000D1FF0028CCD10598F5F750F8404607A987
:108D5000E3F7E0FE669800B9FEE7042207A9F4F7FE
:108D600004FB0028F8D1669800B9FEE706220E49F8
:108D7000F4F7FBFA03460028F7D166980D9300B983
:108D8000FEE7202239460DABF4F73EFB0028F7D171
:108D9000669800B9FEE7F4F7C3FA0028FAD10DF59A
:108DA000437DBDE8F08300BFB005050809008003DE
:108DB0002DE9F043044697B041680EAAFFF757FF2C
:108DC0000AAE00220EA904F10800E6F714FC06AF73
:108DD000304618F0BFFB02AD384618F0BBFB284602
:108DE00018F0B8FB0122304612A9E6F704FC6168CE
:108DF00020460EAA0139FFF73AFF0122384612A990
:108E0000E6F7F9FB616820460EAA0131FFF72FFF54
:108E10002846012212A9E6F7EEFB6368334CDDF821
:108E20001890D4F8980E03F07F0808F1010848451F
:108E300084F8CC8E03D0E5F72EFAC4F8989ED4F8C7
:108E4000A80EDDF82890484503D0E5F724FAC4F8C9
:108E5000A89ED4F8B80EDDF80890484503D0E5F791
:108E60001AFAC4F8B89EB4F8703E9B063BD5EFF3EF
:108E70001183302282F311884FF0000E1C4CC4F88D
:108E800004E083F31188BFF36F8F04F10C0C97E8B3
:108E90000F008CE80F0096E80F0004F11C0704F1A6
:108EA0002C0687E80F0095E80F0086E80F001022D7
:108EB0006146E06801AB84F80180CDF804E0DEF79C
:108EC00015FF00B1FEE710223946E06901ABDEF77D
:108ED0000DFF00B1FEE710223146E06A01ABDEF77C
:108EE00005FF00B1FEE717B0BDE8F083A838002009
:108EF0002C210020436870B58B420446154605D1ED
:108F0000BDE870404FF4807015F0DCB8D00701D593
:108F1000A38F53BB0023154AA362C2F8C83EB2F820
:108F2000702E92060AD5EFF31182302080F311885B
:108F30000F48436082F31188BFF36F8F00262046ED
:108F40006160E662FFF734FF04F1400026870949BB
:108F5000E4F7D1FCAB0748BF638F4FF4807048BF84
:108F6000A387BDE8704015F06DB870BDA83800202B
:108F70002C21002080EE360008B50F490F48E4F799
:108F8000BAFC0F4BB3F8042EB3F8081E013292B2AC
:108F9000A3F8042E11B10139A3F8081EB3F8301E4E
:108FA000914207D8D3F8D01D0222BDE808400548F9
:108FB00001319FE708BD00BF80EE3600B4460020B7
:108FC000A83800207446002030B50446124887B007
:108FD0000D4605908AB10598E5F75DF91023CDE9B6
:108FE000015301234FF4885100930C4A41F20103CD
:108FF00005A8DFF78BF820B1FEE7DEF781FE002839
:10900000E9D02068059B984201D0E5F744F9059B1B
:10901000236007B030BD00BF0100020009008003DB
:10902000002337B58DF800300B780446D8070D467D
:109030004AD42B7899070ED509238DF802302B7A64
:1090400021468DF80330022368468DF80130E4F79D
:1090500015FD002849D12B785A0717D50A238DF81A
:1090600002306B7A8222822B28BF8223C3EB032338
:1090700041339BB2B3FBF2F38DF803300223214658
:1090800068468DF80130E4F7F9FC70BB2B78C3F328
:10909000C0001B0729D50B2382228DF8023095F9D9
:1090A0000A30214603EAE373C3EB032303F50143CC
:1090B000BF33B3FBF2F38DF80330022368468DF81B
:1090C0000130E4F7DBFC10E0402348688DF8023003
:1090D000E3F795FD0523CDF80300214668468DF89A
:1090E0000130E4F7CBFC0028A3D003B030BD00234F
:1090F00037B514460546086813700190BDF80600A0
:1091000000283AD028460DF1030201A9E7F7B9F883
:1091100090BB9DF803300B2B1DD007D8092B0ED028
:109120000A2B12D0237843F0100306E0402B18D10D
:109130002378DA0723D443F00103237017E0237860
:1091400098071CD443F00203F7E72378590716D495
:1091500043F00403F1E723781A0710D443F008031F
:10916000EBE71B06DED5012101A8E4F7B4FA0121E3
:1091700001A8E4F7B0FAC1E7002003B030BD062033
:10918000FBE70378024613F001001CBF40230B707D
:10919000137818BF01209B0710B541BF0924431C59
:1091A0000C54D8B213785C0741BF0A24431C0C54FA
:1091B000D8B213781B0741BF0B22431C0A54D8B204
:1091C00010BD00294FF6FF7118BF002130B505888A
:1091D000541E530805FB04330B44B3FBF2F2028028
:1091E00030BD7F2930B51FD001EAE17341785B4281
:1091F0003F298CBF0022012202EBD10202F01F02A4
:1092000062F3C701417001889BB2DB00551EC1F3B8
:109210000A049BB205FB043393FBF2F30A4663F3A3
:109220000A020280002030BD0720FCE74378072BAC
:1092300008D90388C3F3C7005B074CBFC043404253
:1092400040B270477F20704738B504460D46302243
:10925000002121F063FA23466968286803C32B6E56
:10926000A360AB8B2383C3F30803638395F89F301C
:109270002377FBF761FDAB68C01A4FF47A73B0FB3C
:10928000F3F095F82430E060C3F30103637705F150
:109290002200FFF7CBFFA07795F9253094F829201D
:1092A000E377EB8C284623842B8D6384EB8FC3F309
:1092B0000D03A3842B8CFF2B28BFFF2384F82830B9
:1092C000AB7F7F2B94BF0023012363F3000284F85C
:1092D0002920AB7FD2B2C3F3401363F3410284F879
:1092E0002920FFF79CF9B0FA80F0D3B2400960F36F
:1092F000820384F829304223AA7F05F1480002F056
:109300000F02D34094F8292063F3C30284F8292084
:10931000B5F8A830E384FFF779F994F8293060F3C1
:10932000041384F82930284605F052F900232061FF
:10933000636138BD43780278FF2B1CBF0133437053
:10934000437810B5082B28BF08235C1E04FB0211CC
:1093500091FBF3F1017010BD10B50446E5F7F6F886
:109360006388201D03F0F00343F4FE436380E5F7B8
:10937000EDF8A01DBDE81040E5F7E8B8081A40B2C6
:10938000002804DB7F2908BF0020C0B270470020FE
:10939000FBE708B5FFF74AFFBDE8084001466FF05C
:1093A0006300EBE77F2938B5044626D04378C170C7
:1093B000072B8ABF8578FF2505F00305FFF711FF0E
:1093C000D8B92046FFF7E5FF022D95BF16211421DD
:1093D0000C4B0A239BBF5B1993F82E20022293F8B3
:1093E000313088420AD898420AD8904294BF00206F
:1093F0000120A37860F30103A37038BD0320F8E7D0
:109400000220F6E788050508142806D80A2806D899
:10941000022894BF002001207047032070470220DB
:10942000704738B5037A0D46012B144603D0022B42
:109430001BD0062038BD4FF0FF3100230288E170B9
:109440006FF0010123706370A370637153BA2171CF
:10945000E3802A7C402A06D9403A2046D2B205F160
:109460000801FDF737F90020E4E701461046FDF753
:109470001FF9EEE7042A30B501D8062030BD0C787C
:1094800004F0F005B02DF8D104F00F040F2C047196
:109490000ED1052AF1D08A1C497801710621198064
:1094A00013885BBA038053885BBA43800020E5E7EA
:1094B0004A1C0521F3E7032A30B5154601D80620DA
:1094C00030BD0A7802F0D802C02AF8D10C8864BAFC
:1094D000C4F30A0404804A8852BA42800C7814F01B
:1094E000200208D0042DEAD00A790521D20082801A
:1094F00000201980E4E70421F9E773B58D880E6830
:109500000C462A4631460DF10603FFF7D4FF28B971
:10951000BDF806301E44ED1A2660A58002B070BD6D
:1095200030B590F87030044687B0BBBBD0E900017D
:1095300004AD85E80300294602A8FFF7DEFF10B955
:10954000BDF80C301BB92846FDF7EDFE10B9172009
:1095500007B030BD2B4604F120020DF1070104F1E4
:1095600034000DF091F90028F2D194F83A30112B23
:1095700007D03A2B1AD0062B0DD1142204F15C012E
:1095800010E09DF8073004F15C004BB129460DF066
:10959000FFFA0028DCD1012384F870300020D7E7DF
:1095A000082201462846E3F75EFBF2E70822E5E7DA
:1095B00038B5838E04465BBAC3F3891303F03803CE
:1095C0001F2B0D461CD8082B1CD0103B18BF0123A5
:1095D0002B7094F83A303A2B05D194F95C30002B7B
:1095E0000DDB03232B7094F83A30112B07D144F68E
:1095F0004D43B4F85E209A4206D103232B7038BD48
:109600000223E5E70023E3E752BA92B204F14C01EA
:1096100004F13C0015F0C3F90028F0D0A38E5BBA2A
:10962000C3F385130F2B04D0172B0CBF0023032388
:10963000E4E70123E2E703681969FEF7A3B90246EC
:10964000182308460021E3F7A1BB10B550220446B9
:10965000002100F5987021F061F80348E4F79BFCC5
:10966000C4E90A0110BD00BFBC28002010B50446A3
:10967000407816F009FD48B10548E4F78CFC00235A
:109680004FF47A721FF01AFA636AC01A10BD00BF55
:10969000BC28002038B5044620480D46E4F77BFC82
:1096A000D4E90A32C31A61EB0202C4E90A01D4E91F
:1096B0005C01C01842EB0101C4E95C01042D0BD828
:1096C000DFE805F0030B131B2300D4E95210C9187F
:1096D00042EB0000C4E9521038BDD4E95410C91857
:1096E00042EB0000C4E95410F6E7D4E95610C9185B
:1096F00042EB0000C4E95610EEE7D4E95810C9184F
:1097000042EB0000C4E95810E6E7D4E95A10C91842
:1097100042EB0002C4E95A12DEE700BFBC28002079
:1097200008B54FF6FF73C28A9A421ED04378022BC7
:1097300019D1C3789B0719D44FF6FF730121C38257
:10974000037B0E489940FEF74DFF4FF47A730C48A7
:109750000321C0F87439002300F517600381BDE8C8
:109760000840FEF717BF032BE6D008BD00F5805375
:1097700093F83931002BDFD0F7E700BF18620020E3
:10978000A858002038B5044600F5E075284611F0C9
:10979000E3FA04F5E4700549FCF78AFF284611F066
:1097A000BDFABDE83840082014F04CBC2247002028
:1097B00073B500F5F876054630460C4611F09CFA74
:1097C00060B1B5F8FE315BBA9BB2A34206D0304619
:1097D00011F0C2FA31462348FBF711FB214622481B
:1097E000E5F797FF4FF6FE739C42EC8134D064BAE4
:1097F000A5F8FE411D4C304611F090FAD4F89006C1
:1098000070B10546FEF752FE0028FAD1D4F894262E
:109810006B8AA2B943F6FF7262F30D036B8203E019
:10982000D4F89436C4F890360025D4F89036104E0B
:10983000C4F894560193019C2CB902B070BD0D4937
:10984000521A5211E8E7204614F0C0FB66612576F3
:1098500001A8FEF784FEEEE7284602B0BDE870409E
:1098600004F06CBDC440002018470020A858002018
:1098700003000F00305B0020F8B51E46836B0446E2
:1098800099420D46174623D0C0F8443200F5805364
:1098900093F82C3180F8373290F8333280F8383230
:1098A0000CF082FB21460C4814F0FCFD04F6581025
:1098B00005F07CFF802014F0C5FBB4F83C31013387
:1098C000A4F83C3184F83C7084F83F60A563F8BD8F
:1098D000802014F0F7FBF5E701230308CB790A7920
:1098E0000968C9E738B5044614F8083B0546D907A6
:1098F00004D42046BDE83840E4F723B8E3F7F6FE89
:1099000043F69823B0FBF3F202FB13032A782046B8
:1099100092074BBF044903F50321C91801F55661AD
:10992000BDE83840E3F7E7BF00512502024690F852
:10993000203030B5C4189442154606D1202B08D0EB
:109940005A1C80F82020C15403E02D7801328D424A
:10995000F1D130BD2DE9F043064687B00F461446DD
:109960009946002206211D4B1D48DDF83880E3F79B
:10997000D3FD054610B3FBF7DFF9224648440090BB
:1099800001AC02F1100C234610685168083203C381
:1099900062451C46F7D11822694628468DF8147096
:1099A000E3F7A3FCA8B9B8F1000F0AD10099301D64
:1099B000E3F7BEFF2946304611F072FE07B0BDE85E
:1099C000F08341462846BDF83C20E3F78EFC002892
:1099D000ECD02846E3F767F9F0E700BF49C8040870
:1099E0000029002030B5006889B00C46154616F0F5
:1099F000C5FD0190019911B9084609B030BD02A812
:109A0000FFF71DFE9DF81C30A34205D1294603A88F
:109A1000FBF737F80028F0D101A8FBF791F9E9E747
:109A200010B586B00A4900F1840402A8FDF703FDD1
:109A30000521204602AAFFF7D5FF38B9CDE900007D
:109A400064230521204602AAFFF784FF06B010BD5B
:109A50009849002073B50C4616460A46072105466C
:109A6000FFF7C0FF38B9CDE9000033462246072191
:109A70002846FFF76FFF02B070BD70B5044688B08E
:109A800004A80E461546FDF7D6FC1A21204604AA66
:109A9000FFF7A8FF68B9B38B1A21ADF80E30022387
:109AA00001930DF10E03009320462B4604AAFFF705
:109AB00051FF08B070BDF0B589B004460E4601688C
:109AC0006846174616F05DFD009D0DB909B0F0BD62
:109AD000294602A8FFF7B3FD9DF81C30B34208D118
:109AE000394603A8FAF7CDFF18B129462046E3F717
:109AF00095FA6846E3F7E7FAE6E7034B0021B3F887
:109B0000BE20E4F76FB900BFA84800200A4608232A
:109B10000321E4F727B90A460B7A0421E4F722B9B6
:109B200038B5084D0521D5F8F42D0446E4F766F95B
:109B300038B92046D5F8F82D0821BDE83840E4F7BB
:109B40005DB938BDA8380020F0B5154C85B004F5D6
:109B5000405393F8AB7693F8AA6640F60B0304F5EE
:109B600000540546D4F8E800ADF8043084F8ED70F0
:109B700084F8EE60E3F743F894F8EC30CDF8060093
:109B80008DF80A3094F8EF30294601A88DF80B7053
:109B90008DF80C608DF80D30E3F770FF05B0F0BD67
:109BA000A828002010B50D4B044693F8B030C2B081
:109BB000DB0711D4FE2302AA8DF8073008480DF107
:109BC000070305F0F1F90C2120469DF8073002AAA1
:109BD000E4F7C8F842B010BD0D20FBE7A84800200C
:109BE0004C5F0020064B93F8B320120706D403F510
:109BF00080531B21B3F85E29E4F7F4B800207047C6
:109C0000A848002010B504460648E6F72CFF38B1F6
:109C10002046BDE8104008231621024AE4F7A2B806
:109C200010BD00BFF045002070B50546FFF7EAFF04
:109C3000044658B90648E6F716FF38B12846BDE88D
:109C4000704008231721024AE4F78CB8204670BD03
:109C50001C46002044F6090330B50D46044695B075
:109C60000DF10700ADF8043004F000FC0DF10F0019
:109C700004F024FC294601A80BF036F8214601A87F
:109C8000E3F7FCFE15B030BD30B50D46C3B0044659
:109C900001A816F025FB012D01A906D00D48E6F715
:109CA00039F8A0B1002043B030BD0B48E6F732F8D8
:109CB0000028F7D11925332101A8E6F71BF829461A
:109CC00020469DF8023101AAE4F74CF8EBE718258D
:109CD0000E21F1E7E04500200C46002010B50A46B1
:109CE0000C461221E4F703F818B92388012B98BF1A
:109CF000062010BD37B514466A460546E3F75EFFF9
:109D0000A0B9009A20720192120C082A134628BFAB
:109D10000823032AADF806300AD92246284601A9AD
:109D2000E3F7D4F810B9BDF80630237203B030BDA4
:109D30000620FBE71FB500230C4601AA04218DF87D
:109D40000C30FFF7D7FF38B9214601A804F0E0FB3B
:109D500080F00100C000C0B204B010BDF8B50E46DE
:109D600015460A4605210746E3F7E2FF044650B9C7
:109D70002A4608213846E3F7DBFF20B1172812BF37
:109D8000062433682B602046F8BD30B585B00D46FB
:109D90000A220B2101ABE3F7F7FE044670B99DF8E8
:109DA0000530072B0DD9DDF80600E2F728FFBDF8D6
:109DB0000A302860AB80BDF80C30EB80204605B03F
:109DC00030BD0624FAE72DE9F0430F4689B004467A
:109DD00006A93868FFF7D9FF8046A0B9A36B069A99
:109DE0009A420BD19DF81C2094F83C309A4205D140
:109DF00094F83F209DF81F309A4208D06378022BD8
:109E00001FD04FF00208404609B0BDE8F083237828
:109E1000DA071ED4E37813F0010F494B19BF9DF800
:109E20001D2093F8AB369DF81E2093F8AA369B1A96
:109E30001B060ED400222378A27262F3C71323708C
:109E4000E1E7204606A9FFF749FD237843F0010327
:109E50002370386804A9FCF79DFD064620B1172839
:109E600021D04FF00608CEE763783D68042B0DD073
:109E7000344904A8E6F711FE064638B118212846F1
:109E800002AAE3F79BFE002843D1012608231721ED
:109E900038680DEB0302E3F79EFE054628B117284C
:109EA000DFD1002513E00026F0E76378D7F80090B3
:109EB000042B0CD0244902A8E6F7EFFD054630B18B
:109EC0001921484601AAE3F779FE10BB012506A92E
:109ED0003868FCF732FE0146814618B117281AD0BF
:109EE000804690E76378042B06D114F09BFA237820
:109EF0006FF3000323709DE71EB1386804AAFCF7D6
:109F0000B9FE002DF3D00121386802AAFCF7B2FE99
:109F1000EDE74FF000097D682B78FF2B0ED14FF451
:109F20007A710020E3F713FC421C92B205F1100194
:109F300004F18400FFF78EFDC84664E70A22F5E7C6
:109F4000A8580020F04500201C460020F7B50D461B
:109F500001AA0D210746E3F731FE044668B9BDF8B2
:109F600006602B46202E28BF202638463246BDF8F4
:109F7000041016F057FA85F82060204603B0F0BDB3
:109F800038B54A220B460D460921E3F7FDFD04468C
:109F900028B9284604F06EFA002808BF0624204697
:109FA00038BD10B504465C22002120F0B7FB00212B
:109FB000204604F0C3FAFF2384F83D3084F83E3095
:109FC00010BD70B5427804460D46002A77D003795B
:109FD000002B74D1012A18BF43824379012B06D18B
:109FE0003748E5F71FFF002841D10223637104F1D0
:109FF0009C00FFF7D6FF2379A571022B1CBF02231B
:10A000002371022D35D0E3789B0703D504F5127038
:10A01000E3F797FC627804F5D075012A4DD1638A85
:10A020006BBBE3F763FB40F2EE23B0FBF3F202FB02
:10A03000130101312846E3F75EFC6378012B3ED122
:10A040004FF6FF72638AE07801339BB2002B08BFA2
:10A0500013466382B4F83A3110F0080003F10103AB
:10A06000A4F83A312BD1BDE8704011F0A9B9002312
:10A07000BCE7B4F83E310133A4F83E31CAE7013BF6
:10A080009BB21F2B12D841F2AC219A408A420DD8C4
:10A09000FB269E40E3F72AFB3223B0FBF3F202FBE0
:10A0A00013013144B14238BF3146C3E74FF4FA617E
:10A0B0000448E3F75DFB0646ECE70121BAE770BD13
:10A0C000E0450020804F1200F8B5404C94F8303243
:10A0D00059070DD5FAF730FED4F83432C01A3C4B8C
:10A0E000984282BF94F830326FF3820384F83032A2
:10A0F00094F8303237496FF3410384F8303294F8E2
:10A10000B130022B2CD194F8B3309A0750D50023EC
:10A110003C22C4F8443201F5405393F88C31B4F832
:10A120000C7102FB03112C4A01F528510C319142AC
:10A13000D4F8445219D19DB195F83A30052103F075
:10A14000010343F0300385F83A302A2385F83B3089
:10A15000B4F8F03121480133A4F8F031FFF731FFB2
:10A16000BDE8F8401E48FFF7BDBB92F83A30DB0768
:10A1700013D5538F5B0810D1938BBB420DD002F1E6
:10A180002200FFF753F87F28064606D03DB9154850
:10A19000FFF74CF80630B04207DB3C32C7E705F169
:10A1A0002200FFF743F88642F7DDC4F84422F4E7C3
:10A1B0000C48FFF73BF84130D2DA94F830320421F2
:10A1C00043F0020384F83032C2E700BFA848002001
:10A1D000FF502502A8280020B45200205849002032
:10A1E000D84A0020BA4900202DE9F04304469DB02A
:10A1F00002A8FDF7C1FF16A8FDF7BEFF94F8A05016
:10A200004FF00009002D00F0B58023781BB1EB1E44
:10A21000022B00F2AF8002A8FDF7AEFF002120461E
:10A2200016AAFDF7ADFF70B994F8A030032B02D049
:10A23000032384F8A03002AE16AF0FCF0FC63B68E1
:10A24000338000267BE000234FF01708CDE9003370
:10A2500068460CA90EF0D4FE864678B1B8F1000F1E
:10A2600038D00121204616AAFDF78AFF0028E8D140
:10A2700094F8A030052BDED00523DAE7B8F1170FEC
:10A280009DF840C010D107AE0CAF0FCF0FC6D7F866
:10A2900000800CAFC6F8008011AE0FCF0FC6E146AC
:10A2A000C6F80080F046D3E79DF82C30A3EB0C03F2
:10A2B0001B0605D507AE0CAF0FCF0FC63B6833604A
:10A2C000CC45C5D911AE0CAF0FCF0FC63B68E146E8
:10A2D0003360BDE7CDE9008868460CA90EF090FE1A
:10A2E00088B99DF840309DF82C209342F4D09B1AF9
:10A2F000DBB2802BF0D807AE11AF0FCF0FC68DF8B1
:10A3000054903B6833600023CDE9003368460CA9C4
:10A310000EF076FE88B307A902A8FAF718FD3523D8
:10A32000ADF8183094F8A030042B9DF82C3034D1BF
:10A3300094F8A1209A4284D084F8A1300126237891
:10A340005BB102A904F13E00FDF704FC00B18EB13F
:10A35000002201212046FDF7EBFF02A8FDF74AF895
:10A36000014600B394F8A030033B022B02D802232D
:10A3700084F8A0301DB0BDE8F0839DF840209DF822
:10A380002C309A42C2D19DF82D309DF84120934245
:10A3900028BF13468DF82D30B8E784F8A130042388
:10A3A00084F8A030CAE7022D15D008D9033D022D4C
:10A3B00015D90122204602A9FEF728F8DAE7D4F8D9
:10A3C000942004F18C039A4208BF012104F1240077
:10A3D000FCF76EFAEDE7294604F12400F8E70321C3
:10A3E000FAE7F0B51C468DB0074602A80D461646A2
:10A3F000FAF72CFD238C2BB12A8A9A4202D007202F
:10A400000DB0F0BD234602AA04F1200C14461868D2
:10A410005968083303C463452246F7D118682060A1
:10A420009B8806A8A380FCF7E5FF90B105F1120117
:10A430000846FCF7DFFF0028E1D10B4606AA05F12C
:10A44000220C144618685968083303C46345224631
:10A45000F7D1BDF82A3023B96B8C002BCFD0ADF8E3
:10A460002A3002A8FCF7C6FF18B1294602A8FAF75D
:10A470006EFC2B8A03B32B8A0822ADF828305BBA16
:10A48000ADF80030BDF82A3069465BBAADF802304D
:10A490007389304608335BBAADF804300023ADF859
:10A4A0000630E2F793FF0028AAD1B081112230468E
:10A4B00002A914F0A1FAA3E72A4629463846FDF777
:10A4C000CFFE0028D7D09BE730B5754C8FB094F8FD
:10A4D000D039023B032B56D8DFE813F00400AA0062
:10A4E000DB00040000236F4908200093039310F061
:10A4F0005BFD01466846FCF709FF009B002B74D00A
:10A5000068460AF093FD054600284DD1009843891E
:10A510003033B3F5A06F38D204A8009DFAF796FC4B
:10A5200061492A4604ABA1F55A70FFF75AFF054668
:10A53000002839D1009001225C495D48FDF75CFBA1
:10A5400018B1B4F8D239A4F8D439B4F8D2390133F7
:10A55000A4F8D239FAF7F0FB94F8D139C4F8DC0941
:10A560006FF303030321524884F8D139FDF70DFB43
:10A57000504B93F8B3301B0702D40B200BF0CCF9EF
:10A58000009815F031FB0FB030BD94F8D139294651
:10A5900043F0200384F8D139E2F70AFE68460AF056
:10A5A00045FD05460028B7D094F8D1396FF345131F
:10A5B00084F8D13994F8D039052B1CBF052384F8D1
:10A5C000D03994F8D13903F00F02072A0FD801329D
:10A5D00062F303030A21FA2084F8D139E3F7C8F8BB
:10A5E00001463548E3F787F9CAE70325DCE7D4F8E5
:10A5F000D80918B14FF4FA71E3F7BAF801462E48BA
:10A60000E3F779F90A22D4F8D8392946B3FBF2F3F3
:10A610002A4A03EB0313934294BFC4F8D839C4F811
:10A62000D829274A0023A2F17000FBF7EEFFA7E725
:10A630000A2294F8D13902216FF3451384F8D139F5
:10A64000D4F8D8391A48B3FBF2F31C4A03EB0313CE
:10A65000934294BFC4F8D839C4F8D829FDF795FAC5
:10A66000174A00231C21A2F17000FBF7CEFF94F8DB
:10A67000723AFF2B05D10E480FB0BDE830400EF006
:10A6800083BD0133DBB2022B84F8723A7FF67BAFD5
:10A69000F1E707480FB0BDE83040FDF73DBB00BF14
:10A6A000A838002049C80408A4420020BC050508B9
:10A6B00078420020A8480020F842002080EE3600B2
:10A6C000E84200202DE9F0410C4690B0054606A86E
:10A6D000FAF7BCFB23460AAC03F1100622461868C1
:10A6E0005968083303C2B3421446F7D1284906A873
:10A6F000FAF72DFB44F64C53ADF83A30FF23002116
:10A7000028460DF10B028DF83C30FCF7E0FB9DF87C
:10A710000B80B8F1000F30D103AF1E4E3A46012135
:10A720002846E6F7A3FED6F8D04DD6F8F83D2046E9
:10A73000CDF80D30E2F763FA04F07F040A233A46BD
:10A740000121CDF81100013428468DF81540E2F7BB
:10A7500000FC0B2329464046009706AA13F022FB73
:10A7600090B9D6F8F83DD6F8002E01339342C6F8DA
:10A77000F83D02D3084815F08DFC08492A4606AB7F
:10A78000A1F61430FFF72DFE10B0BDE8F08100BF38
:10A79000184B0020A838002058490020504A0020BB
:10A7A0002DE9F8430D46044621492846E5F786FD84
:10A7B00060B16434214605F10800E5F77FFDA8B3D8
:10A7C0002046FDF7D2FF0020BDE8F88304F16C07B6
:10A7D00029463846FCF792FA064638B394F89C505E
:10A7E00004F19D09013DADB22946A0EB070848469A
:10A7F000FDF75DFFC8F30718024641464846FDF7DE
:10A8000092FF9E342946FDF77BFF29462046FDF73F
:10A810004EFF414602462046FDF785FF2946FDF7DB
:10A820006FFF31463846E6F724FECCE71720CBE72A
:10A83000104B002038B5054608460C46FCF7DAFDFB
:10A84000A8B920460B49E5F739FD38B105F1640197
:10A8500004F10800BDE83840E5F730BD214605F1B8
:10A860006C00FCF74BFA003818BF012038BD0020FF
:10A87000FCE700BF104B0020F0B501F1350323F0D9
:10A88000010393F901300446002B0E4691B01EDA05
:10A89000062302AD8DF8073000F10C030FCB85E8DD
:10A8A0000F0002A80AF070FF002800F0AB80644897
:10A8B00002A9FDF731F9002841D09DF80730062B99
:10A8C00021D8DFE803F01B22303438383800042167
:10A8D00030460DF10702E3F7ECF9054640B90146B1
:10A8E0001023304602AAE3F776F905460028D8D0AF
:10A8F000606C15F079FC284611B0F0BDFAF71CFA2F
:10A900000323206263770025F2E74D4804F12C0110
:10A91000FDF702F90028F6D02046FEF705F820469C
:10A92000FDF7F5FFEFE72046FDF7FEFFEBE72046DA
:10A93000FEF716F8E7E72046FEF722F8E3E7069071
:10A940008DF81C0006A8FDF74BFF069E0EB91725D3
:10A95000CEE7304602A9FFF76DFF002854D106A8C4
:10A96000FDF71EFFF1E7294604F14800FDF79FFEC1
:10A9700020B1294604F14A00FDF7CCFE9DF807708E
:10A98000002FC0D006A8FAF761FA4FF2BF032520C6
:10A99000ADF83A3010F01BFB05460028B3D03A461C
:10A9A0000421E3F714FAB0B12846E2F77CF9AAE7EC
:10A9B000304602A9FFF7F4FE294604F14800FDF7EE
:10A9C0009FFE294604F14A00FDF79AFED6E720468D
:10A9D000FDF7D6FFD2E7284602A9FDF7BBFD002808
:10A9E000E2D1B68B06A806F069F8324615490AA8E6
:10A9F000FCF791FD2946144806AAFAF7FDFB00284A
:10AA000081D0D1E7022573E7104D114B751B2D1135
:10AA10005D439DF80730ADB2062BAFD801A252F8C6
:10AA200023F000BF67A90208B9A90208B1A902086A
:10AA3000B1A90208CFA90208CFA90208CFA902082C
:10AA4000E83F0020104B0020C4400020D04B0020E5
:10AA5000A38B2EBA10B5027F1C2B6FF30002027776
:10AA60004FF00A020446A0F84C2004D1BDE8104083
:10AA70001E21FDF7A5BF23B1201DBDE81040E2F760
:10AA80000DBF01B9FEE701F1350323F001035B7847
:10AA9000442B01D01B06EFD52046FFF7EDFE1C2806
:10AAA000EAD110BD10B50C4600F5DC712046E5F783
:10AAB00005FC28B104F10800BDE81040FCF767BCB4
:10AAC00010BD10B50C4600F5DC712046E5F7F6FB2D
:10AAD00028B104F10800BDE81040FCF766BC10BDC9
:10AAE0002DE9F047A84E8EB096F8EC3F1C0700F118
:10AAF0001B83580700F11883D90600F1158306F669
:10AB0000B870E2F79BFC044604BBC6F8D04F002C9B
:10AB100000F00A83A3891BB9237943F0080323714A
:10AB200096F83C3EDA0740F1FF8296F83D3E042B52
:10AB300000F0FA82B6F83E3EDB0600F1F582042111
:10AB400092480EB0BDE8F047E3F789BC2046E2F733
:10AB5000A7FA23790546DA0764D5C3F380175B06A5
:10AB600060D40121204613F06DFD02285AD02379CC
:10AB7000657943F010036D09237106D0012D00F0B3
:10AB80009C82DBB267F30413A6E096F8EC3F2946FB
:10AB900065F30003204604AA86F8EC3FFCF72DFE7F
:10ABA0009DF81830FF2B00F08082794808A9E4F75F
:10ABB00008FD0223774986F8DC3F01F5AD70E4F724
:10ABC00009FD30B9B6F8763EA6F8D43F012386F8E1
:10ABD000DC3F714D95F8B130012B25D80AA8FCF760
:10ABE000CBFC0746002842D148F2FE02BDF82830CF
:10ABF00023F47C539BB2934240F055820CA9A5F1FB
:10AC00002200E4F7DEFC022386F8E63F237967F3AF
:10AC1000041323712046E2F743FA23790546D90746
:10AC20003FF573AF2C466FE79DF82820FF2A14D01C
:10AC300048F2FE02BDF8283023F47C539BB29342C5
:10AC40001BD10CA9A5F12200E4F7BBFC022386F876
:10AC5000E63F23796FF30413DBE7022B07D1237957
:10AC6000980704D5A37903F00F03012B0BD14FF6FE
:10AC7000FF73A6F8DE3F0123E9E795F8B33003F050
:10AC80000A030A2B0AD095F80E3103F00F03072BA5
:10AC900014BF4FF6FE73B5F80C31EAE74FF6FE73BA
:10ACA000A6F8EA3FB4F80C80B8F1000F03D0238A6D
:10ACB000A6F8EA3F11E10AAF394605F1B000FFF707
:10ACC000F1FE80B1BDF836305BBAC3F385223F2A6E
:10ACD000EED1237968F3041320462371E2F7E0F9FB
:10ACE00002270546AAE1394605F1B000FFF7E9FE63
:10ACF000002800F00781BDF83630FC2B0FD195F805
:10AD0000EF309B02A6F8EA3F4FF6FE72B6F8EA3F34
:10AD1000934240F0B58023796FF304137DE058BA75
:10AD200080B2B0F57C4F20D94FF60F42904214D834
:10AD300002A9C0B20FF05AFD034648B9227963F365
:10AD4000041222712046E2F7ABF90427054675E1AB
:10AD5000124A13490CF0E2F982E04FF61F4290428A
:10AD600022D94FF62F42904259D843F6FC02934223
:10AD700006D14FF6FE720B4BB3F8E0389342C1D1C7
:10AD800023796FF30413A7E7A8380020E4460020D6
:10AD90007C48002022470020A8480020924800203C
:10ADA00079DE0208A85800201038C0B209F084FDEE
:10ADB0000746002800F07D8103F063FE4FF0000895
:10ADC0007B7802331F44CDE90207062102A804F074
:10ADD00019F90746B8B1B8F1000F0CD00022B8F845
:10ADE000023079885BBA49BA10469BB289B20CF03E
:10ADF0006BF90028E9DD062102A804F003F9B84642
:10AE000007460028EAD1B8F1000F03D0B8F80230A5
:10AE10005BBA77E7237968F30413237192E74FF65F
:10AE20003742904217D943F6FC029342A1D04FF625
:10AE30003F439842A4D94FF64E439842A0D83F389A
:10AE400002A9C0B20FF0D2FC034600283FF476AF4F
:10AE5000B74AB8497EE70921B54AB74803F070FF01
:10AE6000074600283FF450AF237920466FF30413C0
:10AE70002371E2F715F9092F054600F0B080DDE0F7
:10AE8000C3F308023AB1B5F8BE2003F47C439A42FA
:10AE900018BFA6F8EA3F95F8B10015F0D3F8B6F858
:10AEA000EA1FD0B1C1F30803BBB1B5F8BE208B0ACD
:10AEB000B3EB922F11D10022A048FDF7C5FC01464B
:10AEC000002800F0EC80837F7F2B06D820460FF00F
:10AED000C8F823796FF3000323714FF6FE73B6F8B9
:10AEE000EA0F98423FF44CAFB5F8BE3004A9A6F87B
:10AEF000E83F0CF067F8002840F0B380237960F356
:10AF000004138AE7384613F055FB804608B1838B5B
:10AF1000CEE638460CF0BEF8002800F097803846A0
:10AF2000A5F11601CDF804800EF084F90028D4D0E4
:10AF30003946834801AB02AAFDF7CCFA804668B3D4
:10AF4000DDF80890DFF800A2D14503D00AF1040330
:10AF5000994538D14846019915F07BF9D14503D17F
:10AF600098F813303F2B0ED8B8F810000CF01AF8F0
:10AF70004FF6FE7398420DD0724B994503D14FF0B6
:10AF8000FF33C8F8143041466F48FDF7D2FAB8F8DD
:10AF900010308DE641466D48FDF7CBFA00200BF0EE
:10AFA000F7FB8046002840D097E80F0088E80F00A4
:10AFB0004FF6FE73A8F810300F23A8F816300023C0
:10AFC00088F8183002930298614B98420CD123798B
:10AFD0006FF3041320462371E2F762F805462379E4
:10AFE00043F0400323711DE60433984205D198F8DD
:10AFF0001920B2B1019915F02CF903233846A8F8AD
:10B00000143012F0E3FF4146074618B14F48FDF7F0
:10B0100090FA29E74E48FDF78CFA237967F3041379
:10B02000D8E7237962F3041356E62379032760F304
:10B03000041323712046E2F733F8054620463946CB
:10B0400010F09AFA204610F007FBEBE53946A5F11F
:10B05000160206A80CF0F4F8074600283FF43DAFAE
:10B0600002E7B6F8EA0F20820BF09CFF0123B6F846
:10B07000EA2FA6F8DE0F824286F8E63F3FF4E9ADFC
:10B0800086F8DC3F96F8EC3FB6F8E82F23F0110382
:10B09000A6F8D42F43F0110386F8EC3FD9E52379C5
:10B0A00060F3041318E623796CE5237965F3041340
:10B0B00012E6237960F30413AFE6214602AA04A83E
:10B0C00015F081F8BDF8125028460BF06BFF4FF6D3
:10B0D000FE73984208BF284609F0A2FD00B3012381
:10B0E000828B86F8E63F86F8DC3F96F8EC3F1949FC
:10B0F00043F00103B1F8BE1086F8EC3FBDF8103004
:10B100009542A6F8DE2FA6F8D41FA6F8EA5FA6F8A7
:10B11000E83F3FF49EAD96F8EC3F43F01003BBE7E9
:10B12000237960F30413D7E50EB0BDE8F08700BFC4
:10B130009248002089DE02084C5F0020C84B0020A6
:10B14000285B0020345F0020305F00202C5B002053
:10B15000385F0020A84800200346B3F5404F07B5EC
:10B16000084600D3FEE76FEA83436FEA93430DF18D
:10B1700006015BBAADF80630E2F7F1FD03B05DF809
:10B1800004FB13232DE9F04F85B00D4669460746B1
:10B19000B0F80A808DF80030E2F7E1FD044600289F
:10B1A00042D138464349FBF79BFC044600283BD17B
:10B1B000012D2DD040494148FCF7AEFC002837D086
:10B1C00038463D49FBF78CFC002871D10225DFF899
:10B1D000F490DFF8F4A0D9F84067DFF8DCB04EBB9C
:10B1E000374E96F8B3301A0704D506F1F000FDF794
:10B1F00067FB68B90023314AD9F8441701A80193C5
:10B2000002928DF80C30FCF7BDFB019900293BD16F
:10B210007B896A46023BA3EB08038DF80130414667
:10B2200002233846E1F795FE204605B0BDE8F08FD1
:10B230000125CCE73046FCF7EDF818BB48F2FE02DA
:10B24000338823F47C5393421CD031465046FFF799
:10B2500029FCB8B931465046FFF733FC90B9304667
:10B260001449F9F70EFC68B959463046F9F709FC5C
:10B2700040B931463846FBF733FCC8B90135EDB269
:10B28000042DC5D07669AAE796F8B3301B0703D51D
:10B290000846FCF787F938B13846FBF721FC38B986
:10B2A0000135EDB2042DB3D001A8FEF7C4F9ACE727
:10B2B0000446B9E7304B0020DC610020E83F002065
:10B2C000A8480020A83800205849002013232DE961
:10B2D000F341884601A9054647898DF80430E2F715
:10B2E0003EFD064690B908F16C0498F89C8004EB8A
:10B2F0000818A0450ED16B893946023BDB1B8DF83F
:10B3000005302846022301AAE1F723FE304602B0A9
:10B31000BDE8F08121462846FBF7E2FB1034002807
:10B32000E7D00646F2E72DE9F743064607200F4629
:10B3300014469946DDF8288014F062FD0546002881
:10B3400055D022464B460D21E2F70CFD044600285D
:10B3500049D1B8F1000F2FD057238DF8003098F85D
:10B360000530002B3DD00533DBB2694628468DF809
:10B370000130E2F7F4FC0446A8BB0121284698F806
:10B380000020E2F724FD044668BB98F805309BB125
:10B390000222284601A98DF804208DF80530E2F735
:10B3A000DEFC0446F8B9284698F8052008F10101AA
:10B3B000E1F79BFF0446B0B92846FEF735FC04468A
:10B3C00088B939462846FFF77DF9044658B9F3781D
:10B3D0001B0702D408200AF09FFA204603B0BDE8FC
:10B3E000F0830323C1E72846E1F75DFCF5E703247A
:10B3F000F3E773B5044640780E4614F045FE054663
:10B40000D8B1002223783146C3F3400301330092C0
:10B41000DBB220460A4AFFF786FF63780546022B17
:10B420000BD1E3781A0708D4237843F08003237004
:10B430005B0602D42046FBF759FA284602B070BDDD
:10B44000C405050870B50546087C0E461446FBF792
:10B4500076FF00B9FEE72846F3F770FA3146284632
:10B46000FCF756F8337C621EDB080334082B14BF4C
:10B470001946092112F8010F4B1CA242DBB2685495
:10B48000F4D170BD10B5044686B001A8ADF8141013
:10B49000F3F754FA214601AA0248FCF7E1FE06B090
:10B4A00010BD00BF3C3F002037B5054600680C4684
:10B4B000DCF726FC58B110222146286801ABDCF7E6
:10B4C00015FC00B1FEE7019B102B06D0FEE72046DD
:10B4D00003B0BDE83040F3F731BA03B030BD30B54A
:10B4E00003680446002B0D4685B00DDB6946FFF767
:10B4F000DBFF29466846E4F7DAFE28B94FF48020DE
:10B5000012F0E0FD05B030BD012229462046FDF7CE
:10B510005BFD4FF4802012F095FD4FF4807012F027
:10B5200091FD002320466360FDF742FC05B0BDE8B5
:10B5300030400FF03BBC37B50546C06C0C46DCF71D
:10B54000DFFB58B110222146E86C01ABDCF7CEFBE3
:10B5500000B1FEE7019B102B06D0FEE7204603B0AA
:10B56000BDE83040F3F7EAB903B030BD30B5C36C85
:10B570000446002B0D4689B013DB04A9FFF7DBFF5F
:10B58000284604A9E4F793FE58B94FF4002012F0BE
:10B5900099FD94F8683043F0010384F8683009B0ED
:10B5A00030BD4FF00210049015F021FA1023CDE9C0
:10B5B000015301234FF0004241F20101009304A81E
:10B5C000DCF7A4FD60B9E06C049B984201D0E2F77F
:10B5D00062FE049B4FF40020E36412F033FDD8E7D1
:10B5E000FEE738B5457804468D4204D1BDE83840C1
:10B5F000042012F067BD4170042012F023FD012DDC
:10B600000CD1607814F040FD40B13648E2F7C3FC3D
:10B610004FF47A7200231DF051FA606229462046E9
:10B62000FEF738F86378042B39D8DFE803F0030A13
:10B63000102C3200B4F830310133A4F83031CDB3DE
:10B640002EE0B4F832310133A4F83231F7E7B4F820
:10B650003431012D03F10103A4F8343108D1E3782A
:10B66000227883F00803C3F3C00363F3451222700A
:10B6700004F14000E2F77FFEE0B1E37883F00803D5
:10B68000C3F3C00317E0B4F836310133A4F8363100
:10B69000D5E7B4F838310133A4F83831CFE7DDB15C
:10B6A000002104F1400002F049FF012D14D163781C
:10B6B000022BD4D000230C4890F85C2EC2F340013A
:10B6C00099420DD063F3410280F85C2EBDE838400A
:10B6D00000F63C60E4F7C5B86378022BC8D0E9E710
:10B6E00038BD00BFBC280020A83800207FB54FF629
:10B6F000FE72274B0446A3F8E028002283F8FC28BA
:10B700004378042B04D100F589501C300FF024FB42
:10B7100001212046FFF765FF23790BB10023237138
:10B72000002604F5D070E2F70CF968461949FBF7DA
:10B7300082FE6A46052104F18400FEF7BCF904F597
:10B74000D670E2F7FEF82378134D03F01F03237041
:10B7500001206672A6720FF091FE95F83C3E2046DD
:10B7600066F3041385F83C3E02F0E8FD04F6581039
:10B7700003F0F8FF04F51270E2F7E3F805F5E8606E
:10B78000FCF733F9012004B0BDE8704012F0F2BBC1
:10B79000A858002098490020A8380020012970B539
:10B7A000044605D11F48E4F73DFB1F48E4F73AFB88
:10B7B000637833B304F1880004F18405E2F7C1F83B
:10B7C0002846E1F732FC1948E2F7BBF82046FFF7BC
:10B7D0008DFF04F5077012F0CFFC04F5027012F033
:10B7E000CBFC04F5F8700FF0B7FA04F5EC700FF02D
:10B7F000B3FA002104F58053204683F83011FFF797
:10B80000F0FE2378DA060BD500226FF304132370C1
:10B81000D4E96630C4F8982113B1BDE870401847E8
:10B8200070BD00BFE04500200C460020B44600205B
:10B8300010B54378044613B3012B02D10379022BD0
:10B840001BD0637913B90F48E4F7ECFA94F8803110
:10B85000204643F0080384F88031FFF747FF0021BA
:10B8600004F1400002F06AFE4FF6FE712046FDF73B
:10B870009FFF00212046FEF7A4FB002010BD0D20F5
:10B88000FCE700BF0C460020F0B543780446042BCB
:10B890000D468BB004D100F589501C300FF05CFAD6
:10B8A00029462046FDF784FF02212046FFF799FE36
:10B8B00023790BB100232371002644F620617B4DD0
:10B8C00004F5D070E2F717F866716672A67295F803
:10B8D0003C3E204666F3041385F83C3EFBF706F831
:10B8E000E3789F0755D594F8303204F5895066F314
:10B8F000820384F830321930A77902F0A7FD04F5ED
:10B900001270E2F71EF805F5E860FCF76EF801200A
:10B9100012F040FB94F83032DE0742BF95F83C3E0F
:10B9200043F0100385F83C3E0AF0FAFA94F83232FC
:10B930003E2B17D8052F15D8DFE807F0867A940339
:10B940008686204605F0D4F8032104F51C70FCF728
:10B9500088FF10B1204604F089FA3F2384F8313281
:10B9600084F8323204F5805393F8DC2094F83432B2
:10B970009A420ED394F832323E2B05D8032104F5B7
:10B980001C70FCF76EFF20B93F2384F8313284F835
:10B9900032322046FDF7C4FE94F8803104F5C075BC
:10B9A000980717D5590715D41A0713D54FF6FE7007
:10B9B0003F49B1F8C02082420CD0B1F80C1191423D
:10B9C00008D023F0060343F0040384F88031F9F72C
:10B9D000B3F9686094F880316FF3C30384F8803161
:10B9E0009B0702D42846FDF77DFF4FF6FE72238A9F
:10B9F000934218D0B4F85C209A4214D0B4F878314D
:10BA000068460133A4F87831F9F720FA0020294973
:10BA10000FF0CAFA054630B10021E1F7C9FB88B33F
:10BA20002846E1F740F9B4F85C3023820BB0F0BD52
:10BA3000032104F51C70FCF714FF002892D00321A9
:10BA4000204606F03DFF8DE74FF6FF73E28A9A42EB
:10BA500008D0032104F51C70FCF703FF10B1204649
:10BA600004F004FA032104F51C70FCF7FAFE002828
:10BA70003FF478AFD4F84022A36B9A423FF472AF00
:10BA80000421DDE7684604F5EC71F9F760F9228AD4
:10BA900004F5DC7104A8FBF73EFD3B22694628460D
:10BAA00012F0AAFF0028BED0BAE700BFA8380020D5
:10BAB000A848002049C804082DE9FF4100F14007CB
:10BAC000054638468846F9F72DF838B92846FFF775
:10BAD000AFFE0024204604B0BDE8F081B8F1020FAB
:10BAE00011D02C462B78684643F0400304F8843B81
:10BAF0005349FBF7A0FC20466A460521FDF7DBFF12
:10BB00002846FAF7F3FE0D2014F07AF906460028CD
:10BB100000F094800121EA78E2F759F9002840F01A
:10BB20008B80B8F1010F0BD06B78012B08D06978AE
:10BB3000042959D8DFE801F0035914030300FEE794
:10BB400005F194042046E3F777FD21463046FDF7E2
:10BB5000DDFF04460028EAD03046E1F7A4F8B9E753
:10BB60003046FDF7CAFF04460028F5D13046FDF700
:10BB7000EBFF04460028EFD1B8F1020F08BF0246E0
:10BB80004FF00201304618BFEA69E2F737F9044680
:10BB90000028E1D13046FEF725F804460028DBD125
:10BBA000DFF8A08098F85C3ED9071DD598F85D3E77
:10BBB0008DF800005BBAADF801306A4603235021CE
:10BBC0003046E2F7CFF804460028C5D108F5805882
:10BBD000D8F8D0200AB9D8F8CC2055213046E2F761
:10BBE0000DF904460028B7D10021EB789A0718D543
:10BBF00039466846FBF71FFC69463046FEF762FD92
:10BC000004460028A8D1EB781B0711D40FF036FCAE
:10BC10000C4B93F85C0EC04300F001000FF00CFBDE
:10BC200057E73046FFF7ADFA04460028E0D093E727
:10BC300001200FF023FC4CE704468DE7032449E77D
:10BC400098490020A8380020002135E708B50D48A4
:10BC500090F8B130022B0FD1A0F5805393F83C3E01
:10BC60005B0709D400F58052B2F86039B030013377
:10BC7000A2F86039FFF7E8FFBDE808400248FCF78A
:10BC800078BD00BFA848002004620020F8B5294B09
:10BC900004461B780D46002B4AD1274E96F81838DB
:10BCA000002B45D04FF6FF73B6F8447E9F4207D174
:10BCB000E1F71CFD81B2B942FAD02048E2F7BAFBA5
:10BCC0002046FFF713FD04F5EC700FF027F804F59C
:10BCD000027012F035FA04F5077012F031FA2046BE
:10BCE000E189FDF765FD0023154963821548A6F833
:10BCF000083EA6F8043EE1F7FEFD9DB901234FF68C
:10BD0000FE726371E38993420CD0C3F3080323B13D
:10BD100020466572FFF798FF08E00221204606F0F2
:10BD2000CFFD18B100212046FEF74BF90020F8BDE9
:10BD30000D20FCE78E640020A8380020E446002097
:10BD400080EE3600B44600202B4AF8B5CF68D2F812
:10BD5000D04D0646A7424DD90A7D3C1B002A49D04A
:10BD6000022A3AD10D69284614F0FCF9002841D086
:10BD7000012C35D07478204614F086F9002839D08B
:10BD8000AB7F03F00F03072B34D1022C03D106F154
:10BD900040039D421CD0F3789B072BD5AB8BC3F39C
:10BDA00008032BB929463046BDE8F84006F02ABA08
:10BDB000124B9D421ED303F5DC639D421AD22846E6
:10BDC000062102F0BBFB2846BDE8F84015F0D8BCC0
:10BDD0003046BDE8F84001216EE6012C08D1002470
:10BDE00044F002023946BDE8F8400548FDF782B844
:10BDF0000022F7E7F8BD00BFA8380020D04B002094
:10BE00007446002038B505780446C5F30013ED06E6
:10BE10001AD4C0E966124178022910D012D9032938
:10BE200001D104F065FE4FF47A71237804F5D070E7
:10BE300043F010032370E1F75EFD002038BDFFF7EB
:10BE40003BFEF0E71946F0E70520F7E72DE9F0475C
:10BE50000D688CB0044605F12C00FDF7E7F90E469D
:10BE600081460021284602AAE1F741FF00286AD155
:10BE700030680DF10A01FDF731FF002863D1306809
:10BE800004F19401FDF756FF00285CD1716805A804
:10BE90001831E3F796FB6378022B09D105A904F169
:10BEA0004000E3F797FB18B1237843F008032370B1
:10BEB000306807A9FDF769FF002844D130680DF10B
:10BEC0000301E4F7B1F900283DD10C220F213068BD
:10BED00009AB9DF80370E1F757FE002833D19DF8B8
:10BEE0002530092B01D8072B2DD1306801A9FAF78D
:10BEF000E1FD28B1172826D14FF6FF73ADF80430C5
:10BF000001233375E57815F0020823D06378012BFF
:10BF100020D0C34B9DF82BC093F8DC0194F806E0C9
:10BF2000A0EB0C030799A26B5BB2BEF1030F11D813
:10BF3000DFE80EF00207660C91420BD1002B09DB03
:10BF400001E09142FAD00CB0BDE8F0879142FAD1FD
:10BF50008445F3D149466FF06300FDF70FFA87423D
:10BF600028BF074694F8BA30FFB203F00F03032B43
:10BF70005CD105A904F19C00E3F72CFB002855D106
:10BF8000B8F1000F0FD09DF82C0094F8F420012890
:10BF90008CBF0020012004F1EC0307A902F039FA5C
:10BFA0000028D0DB42D13846FDF72EFA94F8C03095
:10BFB000BDF8082003F0030CC3F38103634528BFD9
:10BFC00063469842BDF80A1040F0A980B4F8B83032
:10BFD000C2F30802C3F30803B2FA82F0B3FA83F3A0
:10BFE00040095B0998421FD19DF826308D4A9B0974
:10BFF000D35694F9E4209A4200F08B8016DBA2E736
:10C000009142A0D0204602F0EDF902469DF82C00A6
:10C0100004F1380301288CBF0020012007A902F099
:10C02000F8F9002896DC8EE7002A8CD1306803AA44
:10C0300004A9FDF793FE002885D10321306804F19F
:10C04000DB02FDF757FE00287FF47DAF04F19C056D
:10C050003146284608F0EEFBBDF808309DF8030095
:10C06000A4F8B830049B0321C4F8A830C4F8B03059
:10C07000039BC4F8AC30BDF80A30A4F8BC3094F887
:10C08000BA3043F0F00384F8BA30FDF7BDF994F804
:10C09000C03060F3830384F8C030284602F04EFAC3
:10C0A000F368604AC4F8B4309DF82A3084F8D83078
:10C0B000BDF80430A4F8D9309DF826309B09D35C34
:10C0C00084F8E4309DF8273084F8E530BDF8283056
:10C0D000A4F8E6309DF82530092B40F2AB80BDF87E
:10C0E0002D305BBAA4F8E8309DF82F3084F8EA30A0
:10C0F00004F1EC03DDE9070183E803009DF82C302F
:10C1000084F8EB70012B8CBF0023012384F8F430FA
:10C1100019E79DF8272094F8E5309A4201D085D898
:10C1200011E7B4F8BC309942F9D19DF82530B4F844
:10C13000E820092B0ED9BDF82D305BBA9BB2934293
:10C140000DD19DF82F3094F8EA209A420BD0BFF41D
:10C15000FAAE6BE7B2F5A06F03D04FF4A063934241
:10C16000DDE70123EFE79DF8282094F8E6309A42B6
:10C17000D5D19DF8292094F8E7309A42CFD12B07EA
:10C1800054D4216A28484FF41B520023A1FB00011C
:10C190001CF094FC431C41F10002884603FB01FCA7
:10C1A0004FF41B5102FB00CCA3FB00320546A3FB5E
:10C1B000010E944401FB0CE100231B4A1CF07EFCA1
:10C1C0009DF805309DF804E003EB83035B00A3FBBF
:10C1D00005C203FB0822AEFB00930EFB01331CEBF0
:10C1E000090C42EB030294F8DA3003EB83035B00A3
:10C1F000A3FB05E503FB085594F8D980A8FB0003D1
:10C2000008FB01331EEB000E45EB0305954208BF0A
:10C21000E6450BD0F44572EB0505FFF407AF92E657
:10C22000A8580020DC02050840420F0094F8EB30CB
:10C23000BB428CE74FF4A063A4F8E830012355E734
:10C2400000232DE9F04FB7B0CDE91A331C938DF8D8
:10C2500074304B79044613F0180F0D461646CDE99D
:10C26000181225D192F82430FF2B21D12846898934
:10C2700006AAFAF72CFED8B901212846E0F716FDE8
:10C280009DF81830FF2B40F05B812846A9890DF1FD
:10C290001902FAF71CFE064650B901212846E0F7BC
:10C2A00005FD9DF81930102B05D0112B00F086806C
:10C2B00037B0BDE8F08F20468DF83D6002F04EF8B3
:10C2C0000028F5D01A21189812AAE1F777FC002867
:10C2D000EED1984DBDF84A30DBB99DF83D30012BC9
:10C2E00047D8189B199A5B8AFA21002002F11005A1
:10C2F000ADF87830E1F72BFA0222431C01921EAA16
:10C3000000920A212A469BB204F18400FDF722FB29
:10C31000CEE7189912AA27A8E1F7DAFB0028C7D1BF
:10C320009DF89D3083B99DF89C30022B12D0802B54
:10C330000AD118980FAA12A9E1F7C7FB0028B7D1B4
:10C340009DF83D30012BB3D9BDF8A01012A8E1F73C
:10C35000C2F9BFE7BDF84810189815AAFCF7ADFA66
:10C360000028A5D1284615A9E3F7B0FF0028EBD196
:10C370009EE704F58057D7F85861B6B119999DF832
:10C380003E5018311EA8E3F71CF9C5F3C0032D0970
:10C3900045EA03159DF88030D7F85C1123F01F03A0
:10C3A0001D438DF880501EA8B0479DF83E301A07F7
:10C3B00097D509F093FA002893D179E75E4C94F869
:10C3C0003432012B7FF474AF1A21189815AAE1F7C3
:10C3D000F5FB064600287FF46BAF01463C2227A8F8
:10C3E0001EF09CF99DF8D530189A43F020038DF883
:10C3F000D530538A02F12C00ADF8CE30137A8DF887
:10C40000D230FCF713FF19998DF8D30092F82E3033
:10C41000183127A88DF8D430E3F7D3F8BDF856309B
:10C4200083B994F87E32DF0702D5002E3FF440AF87
:10C43000D4F81032002B3FF43BAFD4F8141227A8E5
:10C44000984735E7189915AA1EA8E1F741FB00287F
:10C450007FF42EAF9DF8793043B99DF87830082BE2
:10C460003CD009D8022B27D0032B2FD0BDF87C104D
:10C4700015A8E1F730F9D1E7122B53D0812BF5D174
:10C48000189812AA15A9E1F720FB00287FF410AF35
:10C490009DF84930012B7FF60BAF9DF84A30C3F36E
:10C4A000C0021B0943EA02139DF8D52022F01F02A7
:10C4B00013438DF8D530D9E7BDF8541018980DF115
:10C4C000B502FCF7FAF90028D0D0F1E61022BDF849
:10C4D0005410189829ABE1F78EFBF4E7BDF88050B3
:10C4E000002DC3D0102D28BF1025BDF87E600DF1A2
:10C4F000BE008DF8BD50F2F721FA0DF1BE032A46B9
:10C500003146189813F08EFF94F87E32DB0707D57A
:10C510000A490DF1BD00E3F741FF00283FF4C8AE22
:10C520000126A3E7BDF85410189834AAE1F7D5FB0B
:10C53000C9E700BF44460020A8580020D45A002074
:10C540006278002A3FF4B4AE002B7FF4B1AE0DF157
:10C5500048094A462846A989E4F788FF00287FF45D
:10C56000A7AE0A212846E0F7A1FB9DF84830152B1D
:10C570007FF49EAECDF80090324629460120AB896B
:10C58000DDF84D70DDF8498011F00CFC00287FF4D7
:10C590008FAEA9890DF119022846FAF798FC0DF122
:10C5A000240A28460121E0F781FB504606F11801D4
:10C5B000E3F707F89DF81990B94B27ADB9F10C0FC7
:10C5C0002846CDE9273A3BD10EF08CFA064638468C
:10C5D000E0F715FB0746B6BB9AE803000223DFF835
:10C5E000C4A285E803008DF8A4309AF8B130022B7C
:10C5F00010D129461EA8324613F01CFE1EA90AF6C9
:10C600000C2004F0C2F928B1837F064603F00F0323
:10C61000072B5FD0B9F1020F27D9B9F1040F62D10E
:10C62000CDE91A871C96607813F02EFD18B12046CC
:10C6300018A903F0C1FE204618A9FFF785FB37E6CD
:10C6400013F006FDC2E7B37F03F00F03072B0CD1F5
:10C650000023B269BA423FD132699045FFF428AE57
:10C6600008F101023261002BD4D1CDE91A871C9662
:10C67000B9F1140F3FF61CAE01A353F829F000BF27
:10C680008FD40208EDD50208FBD50208B1C202081A
:10C6900027C60208B1C20208B1C2020809D60208C0
:10C6A000EBC60208A5D60208C3C8020829D80208AA
:10C6B000CDC8020889CB020829D1020813CA020892
:10C6C000B1C20208B1C2020867DA0208CDDC020872
:10C6D0005DDD02080123BCE7BFF4EAAD0022B761CB
:10C6E000F2607261BCE70026BFE7304613F03AFD06
:10C6F000074600289FD0592118980FAAE1F75EFA43
:10C700000646002878D1DFF8A0B1DBF8E039002B2D
:10C7100072D0DDE918A3804681462790C5E9010063
:10C720000393BDF83E1041B9B9F1000F40F0BE804F
:10C73000B8F1000F60D02946BAE051460FAA1EA8F2
:10C74000E1F7C6F9002857D19DF879309BB99DF8DB
:10C750007830B3B1052B0ED1B9F1000F4CD1B8F13F
:10C76000000F49D15046BDF83C100DAAE1F79FFAE1
:10C77000002841D1B946BDF87C100FA8E0F7ABFF07
:10C78000CFE7B9F1000F37D10423504615AA0FA9FE
:10C79000E0F79CFB80BB9DF85530012B2CD99DF90F
:10C7A00056309DF85680002B0CDB18F0400F1AD144
:10C7B000B8F10B0F5CD007D8B8F1090F3AD0B8F137
:10C7C0000A0F42D0B846D6E7B8F1400FFAD19DF82B
:10C7D0009C30DDF8570043F001038DF89C30E0F702
:10C7E0000EFA2890EEE707235046BDF83C1015AA34
:10C7F000E0F7CCFA0028E7D0B4F85C202046920A93
:10C8000018A903F0D1FB00287FF415AF204618A922
:10C81000FDF7D9FA23780546DB0904D1E3781E0732
:10C8200001D408F0B1F9002D7FF405AF02238DF893
:10C83000743000E79DF89C3043F002038DF89C3083
:10C840009DF857308DF8A430BCE7FF229DF89C304E
:10C8500043F004038DF89C309DF8573003EB8313AD
:10C860005B007F339BB2B3FBF2F38DF8A530A9E7F1
:10C870009DF89C307F2243F008038DF89C30822382
:10C880009DF8571013FB0123FF22B3FBF2F36FF067
:10C890007F02823B9342B8BF13468DF8A63091E7E2
:10C8A0000100FEFFA8480020A85800209DF8346031
:10C8B00003983246DBF8E059DBF8E4391030A8473A
:10C8C0009AE7204618A9FFF7C1FAB4E600211898A4
:10C8D0000FAAE1F70CFA00287FF4ADAE1C9813F014
:10C8E00041FC00283FF4A7AE2379052B7FF4A3AECB
:10C8F0000A21189815AAE1F7FAF900287FF49BAEEF
:10C90000BDF85430BDF83C209B0AB3EB922F7FF466
:10C9100092AE18981EA9FDF738FA00287FF48BAE66
:10C920002A460C211898E1F749F900287FF483AED4
:10C9300029461898FAF72EF80146B0B117287FF467
:10C940007AAE6379032B02D1B548E3F721FB0823C4
:10C950002A4617211898E1F73EF978B117287FF495
:10C960006AAEAF48E3F714FB0DE02A461898FAF7D1
:10C9700081F91728E5D00028E3D05CE62A4601219A
:10C980001898FAF777F92046FEF7B0FE20461EA960
:10C99000FCF7A4FFBDF83C202046920A18A903F03A
:10C9A00003FB00287FF447AE04F19C03184604F112
:10C9B000400204F1D80153F8045B8B4242F8045B57
:10C9C000F9D1198811809B789370FDF7EAFAB4F8D1
:10C9D0007D20944B1EA9A3F8F02EBDF83C3018988A
:10C9E000A4F85C30FAF7A9F82046BDF85410FEF719
:10C9F0004BFFE57815F0080509D128460EF01CFC20
:10CA000028460EF03BFD02238DF8743013E601201A
:10CA1000F7E703231421189815AAE1F7DCF800289A
:10CA20007FF409AE18981EA9BDF85560F9F7B2FF5A
:10CA300000287FF400AE152118980FAAE1F757F9E6
:10CA400000287FF4F8AD0223764F8DF87430BDF8DE
:10CA5000783076BA97F8468EF6B273B307F6485137
:10CA60001EA8E4F71AF8464545D1BDF83C20B7F8B2
:10CA7000443E9A423FD100283FDB53D06378012BDC
:10CA80003FF4D9AD284608F025F8002856D025797E
:10CA90001EA8E3F7F8FF012D69D0BDF83C30C4E9CA
:10CAA0000C01E382012326732371FA2104F5D0706F
:10CAB000E0F721FF00236382BDE5DDF87A9007F6F9
:10CAC00048511EA8E3F7E9FFB9F1000F06D046452B
:10CAD00011D1B7F8442EBDF83C30CAE74645BDF841
:10CAE0007E3005D1B7F8441EBDF83C20914213D0EA
:10CAF000B3F5807F01D0002813DA2846FAF7ABFCA3
:10CB000029463046002213F051FA19990022304686
:10CB1000103113F04BFA8EE5B3F5807F3FF48BAD07
:10CB2000A9E7AFD14FF6FF713F4AB2F8423B8B42C3
:10CB30003FF481AD0133A2F8423B7CE528461EA9B3
:10CB4000E3F7ABFF0028A2DBF8F7F6F8D7F8982D4B
:10CB5000364B9A429BD0D7F8943DC21A002ABFF6B2
:10CB60006AAD4EF65F221B1A934290D863E5D4E972
:10CB70000C2382428B41BFF45EADBDF83C30C4E96A
:10CB80000C012673E38290E7607813F05BFA0746A6
:10CB90001898002F00F06881002305A98DF85C30FB
:10CBA0008DF898308DF8BC30F9F7F9FE064600286C
:10CBB0007FF441AD0321189815AAFDF79BF828B121
:10CBC00017287FF438AD8DF85C6003E00421284617
:10CBD000FCF7ACFE00212846FCF7A8FEDDF86480D7
:10CBE0000BAE304608F11801E2F7EBFC104B0FA931
:10CBF00004F51C70CDE90F36FBF702FE0646C8B9F6
:10CC00009DF8143018077FF516AD28461121FCF762
:10CC10008DFE2A464146304615AB14F02BFE0AE540
:10CC20000C460020A8380020A858002038460020D4
:10CC30000500FEFF90F81E9009F00F03072B7FF40C
:10CC4000FAAC9DF81410FBF7FCFC28460121FCF718
:10CC50006DFE1021FCF76AFE0B21FCF767FE9DF8C4
:10CC60005C304FEA19192BB10821FCF75FFE052152
:10CC7000FCF75CFE314618A814F074FCA8B1172824
:10CC80007FF4D9AC18980DA9FDF77FF890B117285B
:10CC90007FF4D1AC0221189808AAE1F749F8A8B1AD
:10CCA00017287FF4C8AC00271AE013212846FCF7A8
:10CCB0003DFEE7E73046FBF7B2FC20B99DF839307E
:10CCC00086F89F30E6E79DF83A30F9E7089B326E28
:10CCD00002219A420CBF074633662846FCF726FE1F
:10CCE0001B2118980DF11A02E1F701F850B117282D
:10CCF0007FF4A1AC338C042B8CBF00238123ADF8CF
:10CD00001A3003E01B212846FCF710FEBDF81A304C
:10CD10001898A6F8A8301EA9FDF718F9002856D0D3
:10CD200017287FF488AC06F14800FBF76FFCA8B128
:10CD3000552118980FAAE0F7FBFF002854D01728B8
:10CD40007FF479AC03235021189807AAE0F743FF3A
:10CD500020B9BDF81D305BBA86F84930F7F7ECFF13
:10CD6000B37FB060190949F0040241F00400824227
:10CD70006DD007293FD996F84830B9F1070F6FF306
:10CD8000C71386F8483048D8F38FC3F30D03002B40
:10CD900043D0BE49BE4A731A1B115343A1F55C71BF
:10CDA0000FA81FFA83F8E0F756FC0F9F002F38D129
:10CDB000F38F304667F30D03F387B7630EF0DEFEA3
:10CDC0003146384612F02CFD0EF0E2F925E01EAB9C
:10CDD00098469DF898A09A44C245A4D0284618F8D1
:10CDE000011BFCF7A3FDF7E70F9B56212846F364D0
:10CDF000FCF79CFDA6E703F00F03072B0DD196F877
:10CE00003F30590609D4012130460EF0FBFEB9F13E
:10CE1000070F02D8B37F7F2BB6D8304613F0EBF95B
:10CE200017E007F1300941464846FBF740FC50B196
:10CE300048464146FBF764FC3B79384643F0010322
:10CE40003B71FBF734FD0FA8E0F73DF9ADE7002F8C
:10CE5000E3D115AB2A463046199914F00BFD022395
:10CE60008DF87430FFF7E7BB39460DAA8DF8447092
:10CE70008DF898708DF8BC70E0F739FF00287FF4CA
:10CE8000DAAB032118980FAAFCF734FF28B1172852
:10CE90007FF4D1AB8DF8447009E004212846FCF7FB
:10CEA00045FD0821FCF742FD0521FCF73FFD1C9ADA
:10CEB00004F140039A42189840F0908011210BAA87
:10CEC000E0F7F7FE002875D017287FF4B4ABB4F86C
:10CED0005C20BDF834309A4270D1204618A9FCF786
:10CEE00072FF00287FF4A7AB189808A9E3F79CF914
:10CEF000002868D017287FF49EAB189815A9F9F779
:10CF0000D9FD18B955212846FCF710FD18981EA91F
:10CF1000FDF71CF8002863D017287FF48CAB0223A0
:10CF2000204618A98DF87430FEF70EFF0E20DDF8AC
:10CF300064A012F065FF064600283FF47CABFCF7C6
:10CF4000DCFD002840F0B2803046FCF7FDFD0028F3
:10CF500040F0AC809DF8BC90DFF83881A94408F51A
:10CF6000805BA94549D130460AF11001FDF7AAFBC3
:10CF7000002840F09B80002F3FF45DAB48F2FE0795
:10CF8000444ED6F84057002D40F0B280E3781F079A
:10CF90003FF551AB404BD6F8441715A8169315959D
:10CFA0008DF85C50FAF7EEFC159B002B40F0B58035
:10CFB000FFF741BB9DF82C30012B88D12046FEF7AE
:10CFC00037FCFFF738BB9DF82000FCF71DFA94F8FA
:10CFD000643060F3830384F864308EE7112192E7B4
:10CFE0001EAB1E469DF898809844B04597D02846C1
:10CFF00016F8011BFCF79AFCF7E715F8013B132B19
:10D000002CD8012BADD9023B112BAAD801A252F882
:10D0100023F000BF7FD0020863CF0208CFD0020800
:10D02000D9D0020863CF020863CF0208E1D002081A
:10D0300063CF020863CF020863CF020863CF020800
:10D0400063CF020863CF020863CF020863CF0208F0
:10D050009DD0020863CF0208B7D002081B2B43D033
:10D06000552B7FF47EAF98F85C3EDB077FF579AFF8
:10D07000DBF8D0200AB9DBF8CC20552101E00221F1
:10D08000E2693046E0F7BAFE0DE000BFD04B002069
:10D09000A38B2EBAA8380020E83F002001221121DE
:10D0A0003046E0F794FE00283FF45BAF3046DFF7F0
:10D0B000FAFDFFF7C0BAE3789A073FF552AF0121B6
:10D0C0003046FEF75EF80028F0D1012749E73046E8
:10D0D0000FA9FCF720FDE6E70521D8F8F42DD0E7ED
:10D0E0000821D8F8F82DCCE73046FCF77BFDDAE7CD
:10D0F0002B8823F47C53BB4214D029462046FDF7ED
:10D10000D1FC78B929462046FDF7DBFC50B928460A
:10D1100004F5EC71E3F7CBF820B12046FEF794FD5F
:10D12000FFF789BA6D692EE7607812F08BFF07462A
:10D13000002800F0C88000278DF8A470002E3FF46E
:10D140007AAAB38BC3F30803002B3FF474AA874B6E
:10D150009E42FFF470AA03F5DC639E42BFF46BAA03
:10D160002A4604211898FCF7C5FD58B117287FF40A
:10D1700062AAB37F03F00F03072B7FF45CAA8DF83C
:10D18000A47007E0284606F1A00101F0C1F90028CB
:10D190003FF451AA002118980BAAE0F7A8FD002837
:10D1A00061D017287FF447AA1121189808AAE0F740
:10D1B00080FD002862D017287FF43DAA0521189829
:10D1C0000FAAE0F7B5FD002862D017287FF433AA34
:10D1D0000821189815AAE0F7ABFD00285CD01728A5
:10D1E0007FF429AA022118980DAAE0F7A1FD0028D2
:10D1F00055D017287FF41FAA1B2118981EAAE0F704
:10D2000076FD00284ED017287FF415AA314618A8BD
:10D2100014F0A8F910B117287FF40DAA18981EA9C8
:10D22000FCF7B3FD002842D017287FF404AA31464A
:10D23000204601F02FFBF7F77FFDB0601B9B18988D
:10D24000B3612C30FBF7F2FF014606F12200FCF738
:10D25000A9F89DF8A430002B14BF012302238DF8F8
:10D260007430FFF7E8B9B28BBDF82C309A429BD0EE
:10D270003146204602F096FCFFF7DDB99DF82030DC
:10D28000012B9BD13146204602F08CFCFFF7D3B92D
:10D290000F9BF36073619BE7159B3361A2E70D9BC6
:10D2A0003366A9E7BDF87830A6F8A830AEE7304677
:10D2B000FBF7B5F920B99DF87D3086F89F30B6E7C9
:10D2C0009DF87E30F9E78DF8A4002A4604211898CD
:10D2D000FCF710FD20B117287FF4ADA98DF8A470DC
:10D2E0006378012B02D0022B1FD0FEE7284604F101
:10D2F000940101F00DF900283FF49DA9112118981F
:10D3000008AAE0F7D6FCF0B92046FEF791FA237898
:10D3100058067FF590A9002262F3861320466272B8
:10D320002370F9F7E3FAFFF786B91C9A04F140037A
:10D330009A427FF480A994F85E3003F00F03072B24
:10D340007FF479A9DAE7189807A9F9F728FB0028EC
:10D350007FF471A99DF81C20E3789A427FF46BA9B1
:10D360006378012B04D0022B23D0FEE7D04B0020A2
:10D37000189815AA0FA9FCF7F1FC00287FF45BA907
:10D380000F9B0721E3646365159B04F1400023654F
:10D3900001F0D4F82046E189FEF776FA237843F0CD
:10D3A00001032370E3789E0742BF237843F0020312
:10D3B0002370002118980DAAE0F799FC00287FF44B
:10D3C0003AA9BDF83430E2899B0AB3EB922F9BD186
:10D3D000204618A9FCF7F7FC00287FF42CA90221AD
:10D3E00018981EAAE0F7A4FC30B317287FF423A9ED
:10D3F00018980BA9F9F75EFB002835D017287FF4A1
:10D400001AA9E57815F0080534D128460DF014FF67
:10D4100028460EF033F818980BA9E2F705FF58B329
:10D4200017287FF408A99DF8A430002B14BF01230E
:10D4300002238DF874306AE71E9B33B92278D50633
:10D4400003D52046F7F736FBD2E7052B38BF052377
:10D45000B3F5E14F28BF4FF4E143E2699342C7D0EF
:10D46000E3610EF038F9C3E78B4BBDF82C20A3F82D
:10D47000F02EC6E70120CCE79DF82C00FBF7C4FF97
:10D4800094F8643060F3830384F86430CBE70023BE
:10D4900060788DF8C4308DF8CD3012F0D3FD0028BF
:10D4A0003FF4C9A82379002B7FF4C5A8032118985D
:10D4B0000DF1C502FCF71EFC00287FF4BCA81898EB
:10D4C0000DA9FCF70BFC00287FF4B5A8189815A946
:10D4D000FCF75BFC48B317287FF4ADA819992846E0
:10D4E0001831E2F76EF8189E0FAA06F12C00FBF730
:10D4F0009DFE01466FF06300FBF740FF00218DF8B1
:10D50000CE003046E0F7F3FB98B117287FF493A8DC
:10D510001C9E304612F026FE00283FF48CA8B38BE8
:10D52000C3F308032BB3FFF786B8A36B159A9A428F
:10D53000D2E7BDF83C10C1F30807D7B9890A04F651
:10D54000581002F044F9064600283FF474A8837F7F
:10D5500003F00F03072B3CD018A907F06BF9052146
:10D56000304600F0EBFF96F8393067F3830386F816
:10D570003930189829A9FCF7E9FC10B117287FF475
:10D580005AA80223204618A98DF87430FEF7DCFB58
:10D59000199B1B78FF2B23D14FF47A710020E0F701
:10D5A000D6F804F18407064629461EA8F9F743FF7A
:10D5B00038461EAA1721FCF77EFA3322731CCDE9E8
:10D5C0000052172138469BB21EAAFCF7C3F9FFF799
:10D5D00032B82946E1F7FEFF0028CAD1FFF72BB881
:10D5E0002946204604F0CAFBFFF725B8172220463B
:10D5F00018A904F065FCFFF71EB81822204618A9E8
:10D6000004F05EFCFFF717B8002330468DF8BC30FD
:10D6100012F0A8FD00283FF40EA829461898FCF740
:10D6200095FC00287FF407A818981EA9F9F7B2F90D
:10D6300038B117287EF4FFAF18212846FCF776F999
:10D6400005E016491EA8E3F764FA0028F4D0082381
:10D65000172118981EAAE0F7BEFA38B117287EF4F1
:10D66000EAAF19212846FCF761F905E00C491EA82C
:10D67000E3F74FFA0028F4D00223204618A98DF8CA
:10D680007430FEF761FB19992A462046189B103129
:10D6900003F0D8FEFEF7CFBFA8380020F0450020E9
:10D6A0001C460020002320468DF8AC3000F056FECA
:10D6B00000283EF4C0AF6378012B3EF4BCAF237961
:10D6C000002B7EF4B8AF04F65816304602F0EFF89F
:10D6D00094F833329842BEF4AEAF994B304693F88B
:10D6E000EF10890201F47C4102F01EFD0F283EF686
:10D6F000A2AF199928461831E1F763FF189815A9C8
:10D70000FCF7ECFA00287EF496AF0E2118980FAAC9
:10D71000E0F7CFFA00287EF48EAF6378022B67D053
:10D720007EF689AF033B012B6FD90321189829AAF4
:10D73000FCF7E0FA00287EF47EAF824B04F51C77FC
:10D7400038461EA9CDE91E35FBF75AF806460028D3
:10D7500061D13846FBF767F8064600283EF46BAF08
:10D7600018A907F067F80221304600F0E7FE189884
:10D770000DA9F9F714F938B930469DF83410FAF7C5
:10D7800060FFBDF8543033843046F7F7CBF920B949
:10D79000F7F7D2FA0523B0603366022318A92046B2
:10D7A0008DF87430FEF7D0FA9DF83C30002013F06D
:10D7B000400F14BF4FF47A714FF4FA71DFF7D4FFC2
:10D7C00004F18407064629461EA8F9F734FE3846B8
:10D7D0001EAA0F21FCF76FF91122731CCDE900522C
:10D7E0000F2138469BB21EAAFCF7B4F8FEF723BF00
:10D7F0009DF83C3059067EF51EAF04F5805393F832
:10D80000DC301F2B91D9FEF716BF9DF93C30002B61
:10D810008BDBFEF710BFF7F78FFAB368C01AB0F5CD
:10D820002F7FB1D2FEF707BF002320468DF8BC3012
:10D8300000F094FD00283EF4FEAE607812F024FC67
:10D8400000283EF4F8AE19990FAF38461831E1F7C9
:10D85000B8FE3C4B1EA904F51C70CDE91E37FAF743
:10D86000CFFF064600283EF4E6AE18980DF11A01E7
:10D87000FCF734FA00287EF4DEAE06F1A00841463B
:10D880001898FCF757FA00287EF4D5AE30462E499A
:10D8900007F0DAF918980BAA08A9FCF75FFA002834
:10D8A0007EF4C9AE189805A9F9F779F800287EF436
:10D8B000C2AE022118980DAAE0F73AFA00287EF4C9
:10D8C000BAAE29461898FCF741FB00287EF4B3AEA7
:10D8D0001B21189807AAE0F70AFA58B117287EF416
:10D8E000AAAEBDF81A30042B8CBF00238123ADF8FB
:10D8F0001C3003E01B212846FCF718F8189815A9DE
:10D90000F9F748F838B117287EF495AE1821284663
:10D91000FCF70CF805E00D4915A8E3F7FAF8002824
:10D92000F4D008231721189815AAE0F754F978B114
:10D9300017287EF480AE19212846FBF7F7FF0DE08B
:10D94000A84800200500FEFFD5DD0208F0450020B4
:10D95000BA4915A8E3F7DDF80028ECD09DF8BC30F3
:10D96000062B3EF668AE9DF814309A075FD5B44B8F
:10D970001EA904F65C10CDE91E3703F006F8014637
:10D9800000285CD1B37F03F00F03072B5BD0042189
:10D99000304600F0D3FDF7F7CFF9B060089B304672
:10D9A0007361F3600B9B33611B9B9DF81410B36193
:10D9B000FAF747FEBDF81A30189833842C30FBF77D
:10D9C00035FC014606F12200FBF7ECFC0D9B2946D5
:10D9D0003366BDF81C304046A6F8A8309DF81430D8
:10D9E000DB074CBF94F83D3094F83E3086F89F300A
:10D9F0004FF0FF33C6F8A030A8F804309DF8BC20E3
:10DA00001DF02FF80123204618A98DF87430FEF779
:10DA10009BF96378022B1BD024D9033B012B3EF6E4
:10DA20000AAE3146204612F026FAFEF704BE314611
:10DA300018A813F097FD002899D0FEF7FCBD2046EA
:10DA400002F0B0F89EE73146204602F0ABF8A2E7BC
:10DA50003046042100F072FD0321204604F030FF1F
:10DA6000FEF7E9BDFEE7304612F07CFB00283EF4ED
:10DA7000E2ADDDF86080582140460DAAE0F79EF83F
:10DA8000074600287EF4D7AD8DF879008DF8550053
:10DA9000BDF83630002B3ED19DF879308BB19DF822
:10DAA0007A10002900F0C6809DF87B30D6F82C90C3
:10DAB000002B40F09180FF296ED1624AF36A002B5F
:10DAC0006ED19DF855303BB19DF82C209DF8563015
:10DAD000D70640F1B980FE271320DDF864808DF869
:10DAE000547012F08DF9064680B140F20513ADF87E
:10DAF0009C304FF456731EA9ADF87830E0F72FF93B
:10DB0000002800F0CC803046DFF7CDF802238DF8F6
:10DB10007430FEF790BD414628460DAADFF7D8FFC6
:10DB200000287EF488AD9DF89D305BBB9DF89C304D
:10DB3000DDF89E00032B0F902AD0072B22D14FF047
:10DB4000030915AA9DF879309DF855100B437EF412
:10DB500072ADBDF8A0304B45FEF46DAD4B4640466E
:10DB60000FA9DFF7B3F900287EF465AD49460FA889
:10DB7000DFF7B1FD40460BAA0FA9FBF7B8FA002862
:10DB80007EF459ADBDF8A0100DA8DFF7A4FD7FE726
:10DB90004FF004091EAAD5E74A464AB9032790E781
:10DBA0001968F162D2F8FC191960C2F8FC3985E7EE
:10DBB0001079884200F0FC8013461268EDE719687E
:10DBC000002900F0FE8009681960FAE099F8042045
:10DBD0008A4231D0D9F80090B9F1000FF6D1194836
:10DBE000D0F8FC89B8F1000F01D1012769E7D8F816
:10DBF000002003F00F03C0F8FC2998F8052088F8EE
:10DC0000041022F00F02134388F805309DF82C30E1
:10DC100008F1080088F80630E0F798FC08F10A00DF
:10DC2000E0F794FCF36AC8F80C90C8F80030C6F826
:10DC30002C8046E7FE2744E7022742E71C460020E7
:10DC40000700FEFFA8580020012B1BD1D0073FF58D
:10DC500042AF9107C2F380030ED413B913077FF5C7
:10DC60003AAF9DF82C203146B08BF0F7ADFF074658
:10DC700000283FF431AF2EE7002BF2D017073FF515
:10DC80002AAFEEE7002B7FF426AF90073FF523AFD6
:10DC900051073FF520AF13073FF51DAFE3E72946D6
:10DCA0003046E0F75CF800287FF42DAF304615A928
:10DCB000DFF732FB00287FF426AF304608F1100171
:10DCC000FCF700FD00283FF421AF1CE7304612F0BE
:10DCD00049FADDF86490074600283EF4ACACDFF862
:10DCE000F080DDF860A0D8F8E8399BB158215046A3
:10DCF0001EAADFF763FF064660B9BDF87A3073B934
:10DD000046B1D8F8E839D8F8EC299DF8541009F153
:10DD10001000984702238DF87430FEF78CBC5146F2
:10DD200028461EAADFF7D4FE0028F3D19DF89D30C7
:10DD300073B99DF89C30052B0AD1002EEAD15046CC
:10DD4000BDF8781015AADFF7B2FF0028E2D13E46F1
:10DD5000BDF8A0101EA8DFF7BEFCCEE7304612F0DB
:10DD600001FA00283EF467AC189E2A465A21304634
:10DD7000DFF724FF00287EF45EAC1EAA2946304659
:10DD8000E2F77FFA024600287EF455AC18989DF819
:10DD9000781090F82E502C30FBF748FA2B46009064
:10DDA0001C9800F0D9FC02238DF87430FEF743BCB8
:10DDB000002B7FF404AFB9F1000F02D0D9F8003086
:10DDC000F362034BD3F8FC191160C3F8FC2978E621
:10DDD000A8580020807900F00F00431E5842584197
:10DDE0007047837903F00F03012B05D1C079A0F1AF
:10DDF0000D0358425841704700207047411EC31D13
:10DE0000002030B5994200D130BD002411F8012F17
:10DE1000651C12B92044C0B2F4E7541E22402C46BF
:10DE2000F6E790F90230002BB5BF02230623C07835
:10DE3000C0791844C0B27047012A30B502D1C0F38E
:10DE400008039BB90B4691F8AA2001EB42049C42BF
:10DE50001D4607D1552A09D0531C81F8AA3021F854
:10DE6000120003E02D8802338542F0D130BD408896
:10DE700040BAC0F340207047408840BA00F4406088
:10DE8000003818BF01207047408840BAC0F3C01066
:10DE9000704730B40446184643B901F1350323F006
:10DEA00001035B78B3F1440018BF012065681DB120
:10DEB000AC46A36830BC604730BC70471FB51D4CF2
:10DEC00094F8B0305A0626D4DB091CD094F8BA3046
:10DED000032B06D904F1B00004B0BDE81040FDF7F3
:10DEE000A7BC684604F1F001F9F7A5FA694604F108
:10DEF000B000FDF77EFA20B994F8BA30013384F807
:10DF0000BA3004B010BD94F8B130022BF9D194F8B6
:10DF1000B3301B07F5D594F8B9300748032BDBD88D
:10DF2000FDF792FE0028ECD194F8B930013384F863
:10DF3000B930E6E7A84800205849002070B50379B9
:10DF400005460E463BBB90F830329B0723D4042095
:10DF500011F056FF0446F0B1FBF7CFFD20B120468B
:10DF6000BDE87040DEF79FBE2046FBF7EDFD0146A1
:10DF70000028F4D16B78012B0ED9033B012B04D878
:10DF80002046FBF767FE0028E9D131462046FCF722
:10DF900099FB0028E3D170BDFEE7F8B504460F46B3
:10DFA00090F8F06000EB0616B442254601D100253A
:10DFB00006E020463946F6F764FD10340028F3D019
:10DFC0002846F8BD38B505460C46FFF7E6FF88B988
:10DFD00095F8F0300F2B0DD021465A1C85F8F02013
:10DFE00005EB031504F1100351F8042B994245F891
:10DFF000042BF9D138BD2DE9F0471D46836D00F1A2
:10E0000050079F4204460E46914688B078D02B7840
:10E01000812B75D1AB88B0F84C205BBA9BB2934290
:10E020006ED10423304689890DEB0302DEF7AEFE84
:10E03000002865D10198DEF7E2FD02AA82469046EB
:10E0400009F1100309F1200E944618685968083345
:10E05000ACE8030073456246F6D1F6F76DFE4FF665
:10E06000FF73A0EB0A00984228BF1846B189738954
:10E0700082B25B1AADF81820ADF81A30EB885BBAA3
:10E08000ADF81C3099F824308DF81E30E38F013341
:10E09000E387236C03442364B4F84630934238BFCB
:10E0A0001346A4F84630B4F84430934228BF1346D0
:10E0B000A4F8443094F848305BB9E38D4BB9EB8851
:10E0C000B4F84E205BBA9BB2934202D13846DFF7D8
:10E0D00038FC236A13B14046A16A984794F8483047
:10E0E00073B9E38D63B9EB88B4F84E205BBA9BB289
:10E0F000934205D1636A1BB1A16A04F13C009847C1
:10E1000008B0BDE8F08738B50E4D0C4695F8A82646
:10E1100095F8A9365118994206DCD5F8A436834201
:10E1200002D89918884200D9FEE7C31A0146D21ACC
:10E1300020441CF096FC95F8A8361C4485F8A846A7
:10E1400038BD00BFA858002013B5084C002204F6C3
:10E150008C130093D4F89C19054B0648E0F7B0F9EE
:10E160000023C4F89C3902B010BD00BFA85800209D
:10E170002B0D0308E446002038B5054621200C4647
:10E1800007F02EFE286098B16179DFF7A4F92968BD
:10E1900008480DF085FAA3680BB92B68A3602079B5
:10E1A00038B1628828682121BDE83840DFF71ABEFF
:10E1B000032038BDC4600020084608B50A8C103022
:10E1C00010F0EDFB00280CBF1F20002008BD0968DF
:10E1D00000681CF0BEBD37B5684612F019F9052578
:10E1E000114C013D009B0AD1019903F10043013B11
:10E1F0008B4202D00D48DFF79BFB03B030BDA27C01
:10E2000092070BD5E16949B15B1A002B08DB204668
:10E210000CF0A2FDA37C6FF34103A3742034E0E76C
:10E220006846DFF74BFBF9E7584100204C410020DE
:10E2300073B50446104D04222021204601AB26462A
:10E24000DFF7A2FC30B121460B4802B0BDE87040B8
:10E25000DEF7E4BEBDF806305BBA1B04F3D42046FB
:10E26000DEF71EFF044631462846DEF7D7FE002CB7
:10E27000E1D102B070BD00BFC460002070B58CB0A9
:10E280000E460422202102AB0546DFF77DFC20B9B3
:10E29000BDF80A305BBA1B0420D5002402A8F6F7AB
:10E2A000D5FD4FF2BF0329460F48ADF82A30DEF7FF
:10E2B00091FE304602A90AF0EBFA29460B4B0C48B6
:10E2C000009402AAF6F76AFE30B12846DEF7EBFCAE
:10E2D00014B12046FFF7ACFF0CB070BD2846DEF746
:10E2E000DFFE0446DAE700BFC4600020F5E2020862
:10E2F000C440002010B4044690B16BB961B15AB16A
:10E3000001F1350323F001035B78442B04D15DF860
:10E31000044B02F11001B1E720465DF8044B87E79A
:10E320005DF8044B70478023CA08825C01F0070146
:10E330000B411A4214BF0120002070474FF6FE72B5
:10E34000054BB3F8781E914218BFA3F8782E00232E
:10E3500080F83A32704700BFA838002090F8303279
:10E36000024613F001001BD0D07810F0020017D045
:10E370000C4B93F8322ED10604D593F8330E10F0DF
:10E3800001000DD093F8322EC2F38000520707D45B
:10E3900093F8330EC0F3420002288CBF0020012006
:10E3A000704700BFA83800201FB504466846F9F73B
:10E3B00052F869462046FFF7C1FD04B010BD08B50C
:10E3C0000648FFF7CBFF20B9BDE808400448DFF757
:10E3D000B8BA0248BDE80840E6E700BF5849002047
:10E3E000A04B002038B50546407811F04DFE04469C
:10E3F00068B12846FFF7B2FF38B105F5805595F8AA
:10E40000DC40012C8CBF00240124204638BD0124AF
:10E41000FBE730B50D791C79A54209D180F00100E8
:10E4200082F00102904206D10A681B689A4208D025
:10E4300009D9012004E000280CBF4FF0FF30012073
:10E4400030BD0020FCE74FF0FF30F9E710B5417810
:10E45000044601B9FEE70020DFF76CF901302070B7
:10E4600010BD0078B0FA80F04009704700230360C7
:10E470004360704710B54478082C0BD90330FFF780
:10E48000BDFC202806D8093CE4B2A0428CBF002085
:10E49000012010BD0020FCE7022907D0032909D084
:10E4A00001290AD14379013343717047037901335C
:10E4B00003717047C3780133C37070473F22002156
:10E4C0001CF02CB910B542780178D4070ED512F0A3
:10E4D000020F0CBF0123082340330329C2F380023B
:10E4E00006D97AB982789818C0B210BD4023F4E7F3
:10E4F000064C645C2344DBB2002AF3D00029F1D03F
:10E500000329EFD0043BDBB2ECE700BF900605081F
:10E5100008B5027A082A05D11CF0F0F8B0FA80F0AC
:10E52000400908BD0020FCE7838823B9036813B9BC
:10E5300006200FF01FBD06200FF02CBD10B5837F05
:10E54000044603F00F028A420FD061F3030383777E
:10E5500003F00F03072B08D10448DFF71CFD4FF42D
:10E560007A7200231AF0AAFA606310BDBC2800205A
:10E57000F8B590F884470746202C0E4600F10405B4
:10E5800022D03C22631C02FB0404043480F884374C
:10E59000002120461CF0C2F800212046FFF7CEFFE4
:10E5A000B3022046A38311F00CFC651B074BAD1092
:10E5B0005D433E4465F07F0586F8905707F5F160AE
:10E5C000DFF76CF92046F8BD0024FBE7EFEEEEEE36
:10E5D00010B5837F044603F00F03072B0AD10648CA
:10E5E000DFF7D9FC00234FF47A721AF067FA636BF5
:10E5F000C01A10BD0020FCE7BC28002070B50446FE
:10E600000D46282200211CF089F8234669682868F5
:10E6100005F1220603C3F6F78FFBAB68C01A4FF46F
:10E620007A73B0FBF3F0AB8BA0602382EB683046CB
:10E6300063612B69A36195F82430C3F30103237749
:10E64000FAF7F4FD607795F925303046A377FAF7AD
:10E65000A0FEE077EB8C94F8262023842B8D2846AF
:10E660006384AB7F7F2B94BF0023012363F30002FD
:10E6700084F82620AB7FD2B2C3F3401363F3410288
:10E6800084F82620F9F7CBFFB0FA80F094F8263012
:10E69000400960F3820384F826302B8C2846A3843B
:10E6A000FFF796FFE06070BD08B5072905D8DFE8E1
:10E6B00001F0060E1217242B3137002008BD807F91
:10E6C00000F00F00072814BF00200120F6E7BDE886
:10E6D0000840F6F727BA807F00F00F000428F2E721
:10E6E000807F00F00F000128E8D00C3000F00F0010
:10E6F00003288CBF00200120E0E7837F13F00F0F79
:10E700000CBF01200020D9E7807F10F00F0018BF58
:10E710000120D3E7F6F706FA80F00100C0B2CDE79A
:10E720000120CBE738B50C46054601782046FFF7B7
:10E73000BBFF80B14FF6FE726B88934202D0A28B72
:10E740009A4207D16B6833B121461846BDE838407C
:10E75000E0F740BF002038BD2DE9F0410D461646D8
:10E760001F469DF91880C46A0CB9BDE8F08115B147
:10E770002379AB4212D1032E10D8DFE806F0021F36
:10E78000363263799A0709D4DB0709D42468002C50
:10E79000EBD0002DF5D02379AB42F2D02468E3E72B
:10E7A000E3683946013304F10A00E360FAF7C2FD79
:10E7B000414604F10800FAF714FDE7E76079C0F379
:10E7C00040000028EAD0E3683946013304F10A002A
:10E7D000E360FAF7AFFD414604F10800FAF701FDE6
:10E7E000DCE76079C0F38000EBE76079C0F3C0003C
:10E7F000E7E770B5036806460C4615468EB0002B59
:10E8000033D0214B0093CB1E012B1CD91F4B9A42B6
:10E8100003D303F5DC639A4200D3FEE7114602A856
:10E82000FAF712FD6946204633689847012C18D143
:10E830004FF400600FF006FC022128460EB0BDE840
:10E84000704011F07DB9114602A8FFF7D7FE694666
:10E850002046336898470E480EB0BDE87040DFF799
:10E860001DB8022C08D10EB070BD0129E0D003D92B
:10E87000CC1E012CEFD9F6E74FF480600EB0BDE856
:10E8800070400FF0DFBB00BFA8280020D04B002055
:10E89000385A002070B58B7F054603F00F03072B15
:10E8A0000C468EB015D0002607212046FFF746FE05
:10E8B000204611F0A0FC204601A98DF8346009F033
:10E8C00081FF2246314605F180000EB0BDE8704060
:10E8D0008FE70EB070BDF8B58B7F064603F00F03CF
:10E8E000072B0D4604D10A4621480421FFF781FF7A
:10E8F0006422AB8B06EB932383F8902796F884472A
:10E9000054B33C23013CE4B286F8844703FB04641F
:10E910000434A5420AD00FCC2F460FC70FCC0FC727
:10E920000FCC0FC794E8070087E80700AA8B06EB17
:10E93000922292F99037002B08DA331D0D49EB1A19
:10E940009B104B4363F07F0382F8903706F5F1602C
:10E95000BDE8F840DEF7A2BF0FCC0FC50FCC0FC546
:10E960000FCC0FC594E8070085E80700FFDE00BF65
:10E97000D8490020EFEEEEEE4378012B0AD9C0789B
:10E980000730C010821C934204D31028CCBF002053
:10E990000120704700207047C378073300EBD30095
:10E9A0000430704790F90230002B03DBD0F80300ED
:10E9B000DEF725B94AF6AA70704738B5447805469F
:10E9C000ECB190F90220002A12DA012C17D0FFF7DF
:10E9D000E9FFEB7802344AF6AA72801A18BF0120C8
:10E9E00003EB80030433A3428CBF0020012038BD19
:10E9F000052C04D9FFF7D6FF0234EB79EBE70020B2
:10EA0000F5E703785B08013B052B0CD8DFE803F042
:10EA1000030B040B0A04AFE74078012894BF0020E1
:10EA200001207047C9E7012070472DE9F0410E46EB
:10EA3000174698460446A31C9E4212D365780235B9
:10EA40002544AE420DD32078B7EB500F07D100F02C
:10EA50000100404503D12046FFF7D3FF10B92C46F3
:10EA6000E9E700242046BDE8F08190F90230002B50
:10EA7000B5BFC378C379021D00F108020A600B71AB
:10EA8000704708B50246FFF7CCF90230104408BDC4
:10EA90001FB5002300926A46CDE9013303930AF0C3
:10EAA000AEF805B05DF804FB2DE9F0471C460023E5
:10EAB00080460E461546ADF5127D009384F8AA30C7
:10EAC0000BAF00230DF1140A0DF1440969464046CD
:10EAD00001AA0197CDF808A0CDF80C9004930AF094
:10EAE0008EF810BB019B7BB1012E07D17B7CDA092C
:10EAF000E7D05A0602D4BB7C5B07E2D52A46214602
:10EB0000B88AFFF799F9DCE7029B23B12A46214630
:10EB1000BAF81200F5E7039B002BD2D0002ED0D11B
:10EB20002A462146B9F80002EBE70DF5127DBDE853
:10EB3000F08738B50446154622790846AA420ED316
:10EB4000236899420BD3134429448B4207D35B1AA1
:10EB5000DAB21BF086FF23795B1B237138BDFEE719
:10EB60004A780232D2B2E4E70B4610B5C478011DF0
:10EB7000E21D1846D2081BF0DCFD047410BD2DE91F
:10EB8000F04F002780460E4617248DB001970DF1F7
:10EB90001809404602AA01A9CDE90279CDE9047716
:10EBA0000AF02DF818B120460DB0BDE8F08F9DF8A1
:10EBB0002CA01AF0040FECD09DF828502846F8F746
:10EBC000BEFB0028E5D0172C1ED0317D4AF3010290
:10EBD00041F3010352B25BB29A4215DC8AEA010AA0
:10EBE0001AF0030FD5D196F810A0AB46554528BFB3
:10EBF000D3460BF1070231464846D208F8F799FD93
:10EC000083450BD85545C4D234464D460FCD0FC46D
:10EC100095E8030084E803000024BAE7C0F3C703C3
:10EC200003F130026A4412F8182CF35C9A42EAE7C6
:10EC3000012A03D0431A584258417047890AB1EB60
:10EC4000902F0CBF01200020704770B50E4630B1E8
:10EC50004378851C013BC418A54201D9002070BD32
:10EC60000322314628461BF049FD08B10335F3E77E
:10EC70000120F4E770B50E4630B14378851C023BA5
:10EC8000C418A54201D9002070BD0422314628468F
:10EC90001BF034FD08B10435F3E70120F4E72DE95A
:10ECA000F0410446FFF7EDFE88460E4605466378C0
:10ECB00018F8027B02331C4407F001073B4606228A
:10ECC00021462846FFF7B1FE60B1437872789D1C5B
:10ECD0009A420544F2D1414602301BF00FFD002854
:10ECE000ECD10120BDE8F081F8B50E461746044688
:10ECF000A31C9E420ED3657802352544AE4209D34B
:10ED00002378B7EB530F03D12046FFF77AFE10B9F3
:10ED10002C46EDE700242046F8BD0346006819792B
:10ED200004220144E0E710B50C46FFF7F6FF30B1CE
:10ED30002246BDE8104041780230DEF7AABE10BD81
:10ED400010B51446FFF7EFFF58B14378012B0AD9ED
:10ED5000FF2B14BF02230423C35A00205BBA238075
:10ED600010BD1720FCE70620FAE72DE9F74F384CD5
:10ED700094F8AB3733B1A4F5756003B0BDE8F04F3C
:10ED8000FCF756BD684611F043FB012604F5F56912
:10ED900004F2A46A59F8041F01291FD9009B5B1AC9
:10EDA000002B50DB0023D4F8A476C9F8003094F887
:10EDB000A836D4F8A416012238461944FFF794FF68
:10EDC0000546B0B994F8AA36013384F8AA3694F807
:10EDD000AB36013384F8AB360FF014FB0136F6B2D4
:10EDE000102ED7D169461B48DEF7B4FD03B0BDE84D
:10EDF000F08FFFF7D1FD8046697803220231294464
:10EE00004046FFF771FF014640B9284609F036FD3C
:10EE10000028CCD06F7802372F44C8E78B7891F860
:10EE200001B003F00F03B34208D15046FFF798FE3C
:10EE30006B78023BA3EB0B036B70DDE70BF1020B6E
:10EE400001EB0B08D8E76846DEF738FDC6E700BFE0
:10EE5000A85800209460002010B50446FFF79CFDE0
:10EE600063780A460233E118BDE810403CE72DE91B
:10EE7000F843064604684B4F3279336813449C428A
:10EE800001D3BDE8F88323785A08012A07D0052A60
:10EE90005CD0DB0715D5637802331C44ECE72046D1
:10EEA000FFF77AFD4FF0FF38054663789A1C22443D
:10EEB00095420BD3E2780732A3EBD203DBB2022BED
:10EEC000E9D121463046FFF74BFED5E72B7895F880
:10EED0000190D90730D55B0821D0022B09D103213D
:10EEE0002046FFF7B9FFA9F10201AA1C29448A4272
:10EEF00003D909F102094D44D7E753885BBA03F4FB
:10EF000040634BB140B1837803F00F033B435BBADE
:10EF10009BB222F8043BEAE74FF6FF63F9E76FF094
:10EF2000010109F1FF32AB1C2A449342E1D883F876
:10EF3000008059700333F8E729463046FFF710FE8A
:10EF40006378023BA3EB09036370AEE72046FFF74B
:10EF500098FD05466278931C23449D4204D32046C5
:10EF6000FEF75FFF8242ABE72B7895F80180DA0766
:10EF70000DD55B08062B06D1A37803F00F03A3F58C
:10EF80007C735BBA6B8008F102084544E2E72946CE
:10EF90003046FFF7E5FD6378023BA3EB080363709F
:10EFA000D8E700BF00FCFFFF73B50446009210468F
:10EFB00000221D468DF804201B7822790E469342CC
:10EFC0008DF8053010D321681BF0B3FB2379012E97
:10EFD0008DF8043002D16846FFF749FF00209DF804
:10EFE00004302B7002B070BD0320FBE770B50446FF
:10EFF000FFF7D2FC6578134602350A466119BDE871
:10F00000704012E510B50A460446D0E90001FFF74A
:10F010006BFE18B1437802330344236010BDF7B58B
:10F0200015460E4602680379EF1D1344CDE900230F
:10F03000FF0801216846FFF7E5FF044648B1E37881
:10F040009D42F6D13A463146201DF8F772FB8542C3
:10F05000EFD8204603B0F0BDF0B50E4615461F466A
:10F060000268037985B01344CDE900230521684681
:10F07000FFF7C8FF0446A0B1FFF794FC8642F5D124
:10F08000204602A9FFF7F1FC012F9DF80C202B79F7
:10F090000AD19A42EAD1296802A8E1F7A7FC002820
:10F0A000E4D0204605B0F0BD9A42DFD3284602994D
:10F0B000F3E72DE9F04FCDB0CDE900010DF11202DB
:10F0C0000221DEF714FE014620B1172806D04DB00C
:10F0D000BDE8F08FBDF8120009F080FD40F201128A
:10F0E0000A2100980BABDEF74FFD00286ED19DF88A
:10F0F0002D60019B0DF12E0505958DF81860DB8BB9
:10F10000ADF810009FB25BBA9AB20292B44AC3F350
:10F110008523134493F99831002B54DA2E44AE42E0
:10F120001CD800210298DFF8BCB204AB05AA09F094
:10F130002FFC059DABF2A4669DF81820059B134497
:10F140009D4240D22B785B08012B00F0A680052B56
:10F1500000F003826B7802331D44EDE70DF12E03BE
:10F160000793EB1A8DF82030AB1C9E422BD36C78A2
:10F1700002342C44A64226D32B785B08012B03D003
:10F18000052B58D02546CAE72846FFF7F5FB8046F1
:10F19000C8B1EA78291D07A8FFF741FF024690B9D8
:10F1A0002846FFF7F9FB96460346944610469C42D4
:10F1B00011D8002AE6D1BEF1000FE3D1BCF1000F57
:10F1C000E0D10028DED104A806F074FBDDE90001DF
:10F1D00011F096F97BE703F102094C45F3D3597816
:10F1E0008D1C03EB050B5C45EDD31D785FEA550ADA
:10F1F00016D0BAF1020F0CD115F001050BD0002A80
:10F20000E1D12A46023919448945DCD15B88BB42E9
:10F21000D9D15B46CBE7BEF1000FD4D1C646F1E7AA
:10F220002DB1BCF1000FCED1C4460139EBE7002867
:10F23000C9D14046F9E72846FFF7BFFB80460028C2
:10F24000C1D009A92846FFF710FCFFF7ABFB01234B
:10F25000014609AA07A8FFF7FFFE01460028B2D120
:10F260002846FFF70EFC034608469C42A9D99A1C83
:10F270009442A8D35D78AA1C1A449442A3D3197867
:10F280004908062907D100289DD1012D9BD95B880B
:10F29000BB4298D140461346E7E795F8038005F155
:10F2A0000409424649465846FFF7B9FE044618BBD2
:10F2B0004B4908F1070791F8A836FA10FF0891F8B2
:10F2C000A9C63C1D1C4464453FF77DAFD1F8A4C6D8
:10F2D00081F8A8461CEB03043FF475AFA978607071
:10F2E000022002370CF80300A17084F8038049461D
:10F2F000201D1BF01EFA67702846FFF74DFB0746DE
:10F300006B7802332B449F4201D3002785E03A7883
:10F310005FEA520A06D0BAF1020F65D07B78023359
:10F320001F44EDE75146204602F00102FFF75EFE62
:10F3300007F10209804600BB96F8A83696F8A92680
:10F340000533934203DD204609F098FA3BE76378E2
:10F350000221023304EB030840460293FEF7D3FE7A
:10F360006278029B0232627004F803A088F801A060
:10F370003A78D20744BF0122E25449464046FFF79B
:10F3800064FC0028CAD196F8A83696F8A92603335B
:10F390009342D8DC98F80100032102304044FEF784
:10F3A000B2FE98F80130033388F8013063780333F4
:10F3B000637098F80130B9F80020434423F8012C19
:10F3C00099F802205A7001238DF810309DF8113001
:10F3D0001BB998F8003003F001038DF811309DE758
:10F3E000A85800204C5F0020514602F00102204640
:10F3F000FFF7FCFD032182462046FFF72DFD8146E5
:10F40000C8B94FF00108B54B53F8042F62B108F1A9
:10F410000108B8F1100FF7D11727204609F02EFA8E
:10F42000002F3FF497AECEE65FFA88F8BAF1000FEE
:10F4300028D10A2204E0BAF1000F42D1D0460622B8
:10F4400096F8A836134496F8A92693423FF77BAF67
:10F4500063780221023304EB030A50460293FEF75D
:10F4600052FE6278029B0232627000228AF801200A
:10F470000422E2543A7802F001020432E254B9F173
:10F48000000F1ED196F8A83696F8A92608339342A5
:10F490003FF759AF63780421023304EB0309484670
:10F4A0000293FEF730FE06216278029B04326270FE
:10F4B000E278E154022389F8028089F8013089F862
:10F4C00003204FF001083B785046DB0742BF99F814
:10F4D000003043F0010389F8003099F8023043F01E
:10F4E000100289F802207E4A03F00F0307F1020997
:10F4F00002EB83034946C3F8A887FFF7BBFB00284C
:10F500007FF40CAF764A92F8A83692F8A926043315
:10F5100093423FF718AF9AF801000421023050449B
:10F52000FEF7F1FD9AF801308DF8108004338AF867
:10F5300001306378043363709AF80130D7F8022001
:10F54000534443F8022C9DF81130002B7FF445AF53
:10F550009AF8003003EA08033FE707A92846FFF7B7
:10F5600084FAFFF71FFA01230146074607AA584607
:10F57000FFF772FD0446E0BB5FFA84F8404605F0F1
:10F580009BF918B10134102CF6D11CE64AF6AA7C7E
:10F59000B7EB0C0218BF01229DF82090504C09F1E6
:10F5A000040303EB820394F8A82694F8A9161344E5
:10F5B0008B423FF708AED4F8A41684F8A8368C180E
:10F5C0003FF401AE0A23674560708B541DD0384666
:10F5D00084F80280DDF713FB84F80790C4F8030079
:10F5E00004F1080107A8E1F7FBF92046FEF719FC32
:10F5F00060702846FFF745FA6978062202312944EF
:10F60000FFF772FB074640B9FEE768F07F0884F811
:10F61000028084F80390211DE4E7014690F801A0E0
:10F620002046FFF73CFB034638B12046FFF729FA96
:10F630000146204606F01EF98CE529480AF1020130
:10F6400090F8A8C690F8A906CAB25CFA81F1814286
:10F6500007DD2046FFF715FA0146204606F00AF9B5
:10F66000B1E594F80190391D09F1020904EB09088C
:10F670000991AAF1020140468DF828101146029224
:10F680000393FEF740FD039B798888F801300C2333
:10F6900009A804F80930A8F8021008F10401E1F7FC
:10F6A0009FF988F801A03B78029A13F0010F1CBF64
:10F6B0000D2304F80930637802EB030A012384F870
:10F6C00001A08DF810309DF811301BB998F800306A
:10F6D00003F001038DF81130A7E700BF5060002050
:10F6E000A8580020034608BA19BA704738B50D4625
:10F6F0000446DDF760FAAB8B23819B0AA3722B686B
:10F7000023606B686360237C43F00103237495F8E6
:10F710003830E372AB7F03F00F03DA1F53425341DB
:10F72000227C63F34102227495F83930C3F303134A
:10F73000237395F82430C3F30103637395F82430E1
:10F74000C3F38103A373F5F7F7FAAB68C01A4FF45C
:10F750007A73B0FBF3F0E0732B8CFF2B28BFFF23F1
:10F76000637438BDF8B590F88437041DC3EB0313F8
:10F770000D4F04EB830600F5F165B44200D1F8BDEE
:10F78000A37F03F00F03072B07D13846224604213D
:10F79000FFF72FF82846DEF781F820460021FEF714
:10F7A000CDFE3C34E9E700BFD849002010B504463F
:10F7B000FFF7D8FF04F5F260FEF780FE002384F81F
:10F7C000843704F5F160BDE81040DEF767B83E29E4
:10F7D0000DD8014491F9902791F89037002A06DA64
:10F7E0003C2203F07F0302FB03000430704700203B
:10F7F00070472DE9F84F002406460F469046A14673
:10F8000001F1030A00F5F16BE5B229465046FEF717
:10F810008AFD10B3454520D029463046FFF7D7FF73
:10F82000D8B107EB0903DA7A90F838E012F00F014B
:10F8300014BFC4464FF03F0C90F83930E6454FEA0C
:10F84000131316D1994208D090F8393062F3071398
:10F8500080F839305846DEF721F829465046FEF741
:10F8600062FD013448443F2C5FFA80F9CCD1BDE8F9
:10F87000F88F994280F838C0E6D1EBE73E2910B501
:10F88000144609D8C9B2FFF7A2FF014668B1204665
:10F89000FFF72CFF002010BDC1F308031BB98B0A32
:10F8A0003F2B1946EFD10720F5E71720F3E710B5F6
:10F8B00090F8843704464BB1F5F73EFAD4F8D037C8
:10F8C000C01A4FF47A73B0FBF3F010BD4FF0FF3065
:10F8D000FBE710B5031D90F884270020C2EB02124D
:10F8E00003EB8202934200D110BD9C7F04F00F0411
:10F8F000072C07D193F8244004F003048C4224BF62
:10F900000130C0B23C33EDE738B52A4C94F8B10071
:10F9100010F098FBD8B3D4F8003304F53E75AB4231
:10F9200035D0022104F60820FFF7D3FF4FF47A61A7
:10F9300042F6E06300FB0110984238BF1846B0F56C
:10F94000FA4F28BF4FF4FA40D4F80433984238BF36
:10F950001846D4F80833984219D0D4F80C33C4F8B8
:10F960000803984213D294F81C23D4F8FC12012AFD
:10F9700006D1C91A01442846BDE83840DDF7ACBFBE
:10F9800094F81D2322B1012A0DD0C4F80C0338BD10
:10F99000D4F81033C4F80C03C91A98420144F6D2C3
:10F9A000C4F8100303E0C91A0144C4F80C03024868
:10F9B000E2E700BFA8480020A04B002038B504466D
:10F9C000407810F03FFBF0B3D4F8503204F51275D4
:10F9D0009D4224D102211C48FFF77BFF4FF47A613E
:10F9E00042F6E06300FB0111994238BF19464FF619
:10F9F000FF73B1F5FA4F28BF4FF4FA414FF47A7014
:10FA0000A4F864320023C4E9950184F86C32013112
:10FA1000DDF782FEC4F85C022846DEF76DFA94F842
:10FA20006C3283B9D4F850329D420CD0D4F85432A1
:10FA3000D4F85C229A4206D02846C4F85C32BDE86D
:10FA40003840DEF759BA38BDB05200203E2938B5EB
:10FA500005460B4607D8034493F890371BB9FEF7C9
:10FA600087FD044610B90024204638BDF5F764F937
:10FA7000A06095F8D437013385F8D437F5F75CF9F1
:10FA8000C5F8D0070148FFF799FFEDE75849002076
:10FA90003E29F8B506460C4600D9FEE71C4B93F804
:10FAA000B130042B30D1FFF792FE014670B33046DF
:10FAB000FEF711FF96F88437351DC3EB031305EBF2
:10FAC0008307AF4217D196F8D437A402013386F8E2
:10FAD000D437F5F731F9A4B20121C6F8D007204692
:10FAE0000FF028FE0121204609F078F80948FFF7B9
:10FAF00065FF0020F8BD95F83830A34202D12846B2
:10FB000010F05FF93C35DCE70D20F3E71720F1E753
:10FB1000A848002058490020F8B591F8243006463E
:10FB200013F00C0F0D460AD06FF3830381F82430D5
:10FB3000F5F702F9A86006F5F160DDF7AFFE96F87B
:10FB40008437341DC3EB031304EB830706F5F1661A
:10FB5000BC420ED195F838303F2B20D11048FFF72A
:10FB60002DFFA88B0121BDE8F84000F47C400FF088
:10FB7000E1BDAA8B94F83830B3EB922F0DD120461B
:10FB800010F01FF93046DDF789FE20460AF0C0FF6D
:10FB90000F2802D90248FFF711FF3C34D8E7F8BD1F
:10FBA0005849002038B58B7F054613F00F030C46EB
:10FBB00014D000F14002914211D14378022B01D1BF
:10FBC000FBF736FE04F12200F9F7C6FB00212046C0
:10FBD000FEF7B4FC294AE36A002B47D138BD00F197
:10FBE0009C02914203D10846FAF7DBF9EAE78A8BD7
:10FBF000C2F3080222B300F51E73994203D300F644
:10FC00005813994200D3FEE70846F4F78BFF28B15A
:10FC10002246012105F18000FEF7EBFDE38FC3F3DF
:10FC20000D0313B120460FF02BFEA37F9B0603D5D7
:10FC30000021A08B0FF07EFD20460CF062F8C1E79A
:10FC4000072BBFD100F65C13994203D303F5F06391
:10FC5000994200D3FEE70A4680300421FEF7C9FD31
:10FC6000214605F65810FFF757FFABE71968E16228
:10FC7000D2F8FC191960C2F8FC39ACE7A85800208A
:10FC800004292DE9F34104460F461546984605D14F
:10FC90004248E0F7C7F84248E0F7C4F82946204652
:10FCA000F9F786FD39462046FBF79BFC23790025B2
:10FCB00003B1257104F5D0706582DDF742FE04F5CD
:10FCC000D670DDF73EFE04F51270DDF73AFE2046F1
:10FCD000FFF774FE06F024F9A36B324EC4F84032ED
:10FCE00096F83C3E012043F0100386F83C3E0EF0AF
:10FCF00051F9042F37D1D4F8B83104F58052C2F845
:10FD00003C31D4F8BC3104F58950C2F840314FF091
:10FD1000FF3382F847316FF0010382F848316FF00A
:10FD2000030382F8445182F84A3182F8455182F83F
:10FD3000465182F8495182F84B511C300AF0EEFFCF
:10FD400006F5005608F00103B8F1010F86F8AB374D
:10FD500005D14EF6602106F2EC70DDF7CCFD06F021
:10FD60000BF906F021F900230093012368468DF872
:10FD70000430F8F735FD009911B902B0BDE8F08103
:10FD80008A8B94F83132B3EB922F02D02046FFF7E2
:10FD900009FF6846F8F704FDEDE700BFE0450020E5
:10FDA0000C460020A83800202DE9F0412E4E0446D4
:10FDB00096F8393D0F46DB0752D506F64850E0F776
:10FDC00052FE00284CD06578002D49D0042D02D178
:10FDD0000020BDE8F0812046FEF7C0FA002841D09F
:10FDE0004FB1284610F050F928B194F8362294F813
:10FDF0003C309A4236D904F658184046FFF7D6FCF4
:10FE0000DDF774FC94F8325207463E2D04D93F21A9
:10FE10000020DDF78FFC05462B463946204694F836
:10FE20003622F9F729FD29464046FFF70FFE034623
:10FE300000B9FEE784F8315284F83252D6F87A0ECF
:10FE4000D6F87E1E03C30EF003FB06F04FF8AA029D
:10FE500000230421204602F47C42FFF711FFB7E79C
:10FE60000D20B6E71B20B4E7A8380020002313B507
:10FE700000930123044668468DF80430F8F7B0FC7F
:10FE8000009909B902B010BD2046FFF78BFE684605
:10FE9000F8F786FCF4E72DE9F84F044680F8D4170C
:10FEA000174604F28F76F4F747FFB0464FF000098B
:10FEB000C4F8D00704F2CE7AA8EB0605EDB22946C5
:10FEC0003846FEF730FA18F801BF4FEADB1B5845F9
:10FED00013D0BBF1000F2BD029462046FFF777FC4B
:10FEE000054600B9FEE70FF06CFF29462046FFF7F4
:10FEF00013FE29462046FEF7EEFCD045DCD1B9F1D1
:10FF0000000F18D0002516F9013F002B08DB294609
:10FF10003846FEF708FA18B129462046FEF728FBB6
:10FF20000135EDB23F2DEED10448BDE8F84F45E56F
:10FF30004FF00109E1E7BDE8F88F00BF5849002004
:10FF4000136970B5044616463BB3164A934224D350
:10FF500002F5F062934220D29D8BCA1C04F6581021
:10FF60008978FFF798FF6378032B19D194F8312231
:10FF700004F58053134493F9E830002B10DB20463E
:10FF8000FBF756FC04244FF6FE739D4203D028462F
:10FF900004F046FE3061204670BD4FF6FE75DCE78A
:10FFA0000024F0E7B452002070B5C37804469B07E4
:10FFB0000D46164694B006D5286801A9F9F7E0FF6A
:10FFC00020B1172815D1002014B070BD2A46204654
:10FFD00001A9FFF7B5FF05460028F5D1324601A972
:10FFE00004F65810FFF705FC237865F341032370EE
:10FFF000E9E70620E8E72DE9F74F1C4610232370B8
:020000040803EF
:100000004FF6FE73DFF81C91138099F8B1308046EB
:1000100018460D461746019310F036F830B1B9F87E
:10002000BEB05D4505D1002323703D8003B0BDE81F
:10003000F08F4FEA952A51464046FFF7C8FB064627
:10004000E0B190F838104046FFF7C1FB019B8046B5
:10005000022B1BD0BAEB9B2F45D1052229462F48F6
:10006000F8F7F2FB0028E1D03D8090F824202C4BDB
:1000700002F0030213441B792370D7E7019B022B84
:1000800003D0BAEB9B2FD1D1E7E7804699F80E3128
:1000900003F00F03072B04BFB9F80C313B80B9F80C
:1000A0000C31BAEB932F0ED199F814211C4B02F0AE
:1000B000030213441B792370C5F30805002DB5D046
:1000C00023780133D8E7B8F1000FAFD099F81421A5
:1000D000134B02F0030213441B79237096F8392066
:1000E00003EB1213E7E730460AF012FD20700F28E9
:1000F0009CBFB38B3B80B8F1000FDDD040460AF0C7
:1001000007FD96F8393000EB13102378C0B2834214
:1001100082BF2070B8F81C303B80CDE7C84B002070
:1001200090060508A848002007B50DF105030DF15C
:100130000602FFF760FF9DF8050003B05DF804FBC1
:100140002DE9F04F89468FB0114606461746FFF756
:100150003EFB0546002800F0268108A8FEF786F938
:1001600000244FF08008A102304601F47C41FFF7E3
:10017000DBFF0F280ED8C4F3C40202F138030DEBE5
:10018000030212F8181C04F0070348FA03F30B43A8
:1001900002F8183C01343F2CE5D14FF000084446EA
:1001A000824BB3F8BEA009F103034FEA9A2A0393E6
:1001B0005FFA88FB59460398FEF7B5F8DA455BD03D
:1001C00008F101082044B8F13F0FC4B2F0D14FF05C
:1001D000000828460AF09CFCC24606F5F16304902C
:1001E00005935FFA88F3194603980293FEF79BF88C
:1001F000E8B130460299FFF7EAFA0446B8B16B4B12
:10020000B3F8BE20838B9A4211D085420FD090F86C
:1002100038B030465946FFF7DAFA09EB0A0393F88B
:100220000BC01CF00F036FD1002840F08780DDE980
:100230000210FEF778F808F101085044B8F13F0FBA
:100240005FFA80FACDD10024E1B208A8FEF76BF87E
:10025000A102054601F47C413046FFF765FF0F28F7
:100260008CBF00200120A84200F0998050480FB0B8
:10027000BDE8F04FFFF7A2BB0028A8D04C44E27ABB
:1002800095F824301109C3F38100C2F301129042A2
:1002900007D061F3830385F8243006F5F160DDF7BC
:1002A000FDFAAB7F03F00F03072B90D194F80B807E
:1002B0005FEA98188BD195F8243003F00302C3F35A
:1002C0008103934228BF1346012B80D929460AA8EF
:1002D000F7F7B1F8DDF70AFA414604460AAA3548AD
:1002E000F9F780FB014600287FF471AF4FF47A7371
:1002F000B4FBF3F203FB1243CDE900009BB22D489F
:100300000AAAF9F727FB62E7049A1A44002838D1B1
:100310000F2A8CDC94F839205F454FEA12123BD04B
:10032000934284F8387005D094F839306CF3071391
:1003300084F839300598DDF7B1FA78E7854224D0A2
:10034000102394F839200793120906920AF0E0FB73
:10035000069A0499079B02EB000CC8185FFA8CFC04
:10036000C0B284457FF663AF5F4518BF84F838702C
:100370009A42DFD094F8392063F3071284F83920C9
:10038000D8E78542DDD10F2AC4DD20460FF019FDE4
:10039000F4F7D2FCA060CDE79342C5D147E7013422
:1003A0003F2C7FF451AF0FB0BDE8F08FA84800207C
:1003B00058490020DC4900202DE9F04F0D469FB040
:1003C0000446002128680DF11602DDF790FC002894
:1003D00061D1286807A9F9F7D8FC074600285AD147
:1003E000E3789E0740F1F380D5F80090BDF81660E1
:1003F00009F12C00F8F71AFF0BA980464846F9F7D7
:10040000BFFD18B117283ED18DF82D7041466FF011
:100410006300F8F7B3FFDDF81C80A36B00909845EC
:1004200062D009282FD90BA8FEF724F80746E0B9B7
:100430006378022B47D1296904F14003994242D1E4
:10044000B4F85C30B34240F0DF802A6904F1400325
:100450009A4220D1B4F85C20BDF816309A4200F0E0
:1004600037822046FBF7E4F915E094F83832ABB157
:10047000D4F84432984511D194F837329DF82E20A3
:100480009B1A18060AD4296929B18B8BB34202D072
:100490002046FFF787FB1FB0BDE8F08F6378022B83
:1004A00009D1296904F14003994204D18B8BB342ED
:1004B00000F08D80A8E00DF12F00FDF79FFC0128D2
:1004C0008CBF002701272046FDF78CFF04F138037D
:1004D000024607A93846FDF79CFF0028D3DD02211C
:1004E0002046F9F76EFDCEE79DF8232094F83F30C3
:1004F0002F699A420DD038460FF034FE60B1637810
:10050000022B29D1002FA0D0BB8BB3429DD03946FE
:100510007AE0C6F308032BB1002F58D0BB8BB3424F
:1005200055D0F4E70BA8FDF7A5FF0028F4D0B30AD7
:100530003846984601930FF015FE88B96378022B70
:1005400040F0A680D5F810A004F14007BA4549D183
:10055000B4F85C30B34217D02046FBF769F992E754
:1005600004F5805393F8DC2032B193F82C319DF8D8
:100570002E209B1A1906E1D52A4620460BA9FFF723
:10058000DFFC0028DAD07EE704F5805393F83921A8
:1005900052B993F8DC2094F834329A4204D204F52C
:1005A00089501930FDF752FF42460BA904F6581046
:1005B000FFF71FF997F83A3043F0010387F83A3014
:1005C000F4F7BAFBB860296900297FF46FAF63784C
:1005D0002869022B3FF439AF0FF0C4FD002840F02A
:1005E000968158E704F6581B41465846FFF7EFF846
:1005F000074668B9BAF1000F3FF427AFBAF81C30CC
:10060000B3423FF422AF51462046FFF7CBFADEE774
:10061000837F03F00D03052BCCD001215846FFF753
:1006200058F994F8393298422FD31F338342C1DBF3
:100630000098F8F7E9FE0128BCD92046F9F716F82A
:10064000B0F5967FB6D964210020DDF773F8042851
:10065000B0D842F210782946384604F0EBF8384614
:100660000521FDF76BFF97F8393041466FF383039F
:1006700087F8393040F2DC50DDF74EF8394682B267
:1006800004F18400F9F7F9F994E740F6B838E2E7A5
:10069000032B6ED104F58052B30AD31893F9E830D6
:1006A000002B66DA92F83991B9F1000F61D192F816
:1006B000DC2094F835A252455BD9484604F65C111B
:1006C000C2EB021C01EB8C0C8C4540F0B680062876
:1006D0004FD9A2EB0A02002104F51C70D7B2F8F73B
:1006E000D2F807EB4707B84243DA4FF0000B04F6A5
:1006F000581394F831A202935FFA8BF10DF12F0099
:100700000391FDF710FE039907468A4524D08845DA
:1007100022D00298FFF75BF8F0B1817F01F00F0162
:10072000072919D190F8240000F00301C0F38100DB
:10073000814228BF014601290ED9D7B109F17803BA
:100740000DEB030010F8410CC0F3011C800960455B
:1007500028BF604688420CD30BF1010B4F44BBF11C
:100760003F0F5FFA87F9C7D104F589501930FDF7BB
:100770006DFE04F6581B41465846FFF728F8074619
:1007800000283FF420AF837F03F00F03072B3BD0FB
:100790002B69184602930FF0E5FCA8B3DFF8B8A167
:1007A000029B534530D30AF5DC6293422CD2BE46FD
:1007B0009C46BCE80F00AEE80F00BCE80F00AEE8B6
:1007C0000F00BCE80F00AEE80F00019B9CE803009F
:1007D0008EE803009B02BB83BB7F3A4643F0F003E5
:1007E0000321BB7704F18000FEF703F82B69B98B76
:1007F0009A8B0AF59B534FF0030A099304330A932B
:1008000009ABBAF1010A30D1BB7F03F00D03052B10
:100810000AD0009B092B07D994F831120DF12F0053
:10082000FDF781FD002836D1F4F786FA4246B8601C
:100830000BA95846FFF784FCC5E68F7F07F00F072A
:10084000072F10D191F8247007F0030EC7F381072A
:10085000BE4528BFBE46BEF1010F04D90130C0B26B
:1008600006283FF636AF3C312EE753F8040B0068FC
:10087000069006980028C4D0B0F810C0CDE9021345
:10088000944508BF018206A80192F7F768FEDDE9EA
:100890000213019AEDE72946384603F0CBFF052104
:1008A0003846FDF74BFE97F839306FF3830387F82E
:1008B0003930DCF71BFF4FF47A73B0FBF3F202FB25
:1008C0001302394692B204F18400F9F7D6F8DAE55A
:1008D000A36B079A9A4205D19DF8232094F83F30E4
:1008E0009A4211D0204607A9F8F7F8FFB4F85C2027
:1008F00029462046920AFFF757FB00287FF4CBAD2C
:10090000237843F001032370F4F716FAA0642378E8
:10091000DA070FD4E37813F0010F0E4B19BF9DF8DF
:10092000212093F8AB369DF8222093F8AA369B1A23
:100930001B060CD54FF47A710020DCF708FF6968BC
:10094000421C92B2103104F18400F9F783F80223BB
:100950002B75A0E5A8580020D04B002070B50446A8
:100960000846FDF783FD80250023E256002A08DAB9
:10097000C3F3C401465C03F0070245FA02F23243B6
:10098000425401333F2BF0D170BDF8B504460F46F9
:1009900090F88037C3EB031300EB8305AC42264687
:1009A00001D1002606E021463846FDF7BBFE3C3467
:1009B0000028F3D03046F8BD73B5394C054694F89D
:1009C0003C3E43F0010384F83C3E94F8723E0BB980
:1009D0000BF09AFA94F8EC3F99070BD401200AF037
:1009E000EFFC01222F4B1A7594F8EC3F43F0020301
:1009F00084F8EC3F01232C4E85F8D830314601AA0B
:100A0000281DF6F7E5FF68B16B68002B46D01A4643
:100A10001B69002BFBD11661002301212846224AC5
:100A2000F6F74DFF2148F8F7ADFE02212048F7F711
:100A3000DFFC90B944F64C511D48FAF723FD60B92C
:100A4000184890F83032DA0707D443F0010380F8F1
:100A5000303200F50C70F8F745FFB4F874386BB914
:100A600002211448F7F7C4FC40B94FF2BF01114806
:100A7000FAF708FD10B10F48F7F754FC00210E48B3
:100A8000F7F7B6FC014610B90B48FAF7FBFC4FF03C
:100A9000807002B0BDE870400DF0D4BA6E60BBE764
:100AA000A8380020A8480020E4E3040858490020A2
:100AB000504A00200C410020DC4100200149F4F79D
:100AC00046B900BF484B002010B50446FFF7F6FFBB
:100AD000064B04F1100093F8EF2003F51A7192020F
:100AE00002F47C42BDE81040F6F715BDA84800208E
:100AF00030B58BB005466846F4F7A8F94FF2BF034E
:100B00000320ADF822300AF062FA044658B195F895
:100B100031220221920202F47C42DDF763F920B116
:100B20002046DCF7C0F80BB030BD08230121204679
:100B3000074ADDF717F90028F2D16846FFF7C4FF2E
:100B40006A4621460348F4F757FB0028EBD0E7E755
:100B500022470020C440002010B50446FFF7AEFF36
:100B6000064B03CB002323836FF0FF036383FE2335
:100B7000A383FC2320616161E38310BD104B00203F
:100B80002DE9F043434D0446B9B095F8B1000FF09C
:100B90007BFA00286AD0A37FDB0767D4A3691BB167
:100BA000E268231D9A4261D141F288330026A36195
:100BB00095F8B1008DF8DE600FF044FA002855D0AA
:100BC000324631460DAB3448FDF76EFF0DABB5F83C
:100BD000BE801D469DF8DE60DFF8CC9003EB460634
:100BE0004FEA9828AE4241D035F8027BC7F308039C
:100BF000002BF7D0B8EB972FF4D1002239464846A6
:100C0000F7F722FE0028EDD103A8F4F71FF94FF201
:100C1000BF030520ADF82E300AF0D9F9064640B3DF
:100C20004FF6FE739F4215D103A8FFF795FF31469B
:100C30001A4B1B48009403AAF4F7B0F9054688B193
:100C40003046DCF730F8172D10D0032D11D00D2DC4
:100C500017D0FEE73A460221DDF7C4F80546002822
:100C6000E2D0EDE7A37F43F00103A37739B0BDE8FD
:100C7000F0834FF47A71201D39B0BDE8F043DCF702
:100C80003ABE4FF47A71074B93F8E93103FB011137
:100C9000F1E700BFA84800204C5F0020AD0C03081E
:100CA000C4400020A8580020C84B0020827F0B2B96
:100CB0006FF30002827707D01C2B05D02BB9816916
:100CC00004300131DCF717BE5AE7FEE7004857E76A
:100CD000A0600020004853E7A060002038B504461B
:100CE000084DFFF7EBFE04F1100305F110042A464E
:100CF00003CAA24218605960154603F10803F6D1F1
:100D000038BD00BFF8E3040838B50C460546FFF7C8
:100D1000D5FE214605F1100004F1100351F8042B13
:100D2000994240F8042BF9D138BD70B50C460646FF
:100D30008CB060B1428E8B8A9A4206D1012290F823
:100D400036309A400B6913430B610CB070BD0B69D0
:100D5000002BFAD002A8F4F779F84FF2BF0319205C
:100D6000ADF82A300AF033F905460028EDD03246B6
:100D700068462169DFF7EEFC6A46352128469DF872
:100D80000630DCF7EFFF18B12846DBF78CFFDCE715
:100D900001212846A28ADDF725F80028F4D1214652
:100DA00002A8FFF7B1FF2946034802AAF4F724FA84
:100DB0000028CAD0E8E700BFC44000202DE9F74F63
:100DC0000F46054628B30378302B1BD1437803F038
:100DD000DF03582B16D14FF00108023500244FF0E5
:100DE000993A26464FF00A09DFF874B02878B8F12E
:100DF000000F0AD00DF10701DCF701FDB0B103B01F
:100E0000BDE8F08F4FF00008E8E73038C0B209289D
:100E100001D90720F3E7A2457BEB06038DF8070015
:100E2000F7D3A4FB094309FB063306E0B6F1805F64
:100E3000EFD2330143EA147324019DF80720002107
:100E4000121953F1000328BF012114461E46002940
:100E5000DFD115F8010F0028C8D1C7E90023CEE77C
:100E60009999991913B50C4610B9072002B010BD15
:100E7000027869462D2A0ED10130FFF79FFF024606
:100E80000028F3D14FF00041009B994201998A411B
:100E9000EBD35B420DE02B2A08BF0130FFF78EFF3A
:100EA0000028E3D1009B019AB3F1004F72F10002D8
:100EB000DBD200202360D9E72DE9F347064600681E
:100EC0000D4617469846002850D019F04CFF00F107
:100ED000010904464FEA5909B8F1000F09D0B8F1E9
:100EE000010F40D0B9F1000F42D10020A5F80090C9
:100EF00036E02B884B4539D104F00104B9F1000FDD
:100F0000F3D0002C3AD1D6F800A00DF107019AF8E1
:100F10000000DCF774FC18BB0AF1010333609DF894
:100F200007301B01DBB23B70D6F800A00DF10701C2
:100F30009AF80000DCF763FC90B90AF10103336012
:100F40003B789DF8072001341343A14507F8013B86
:100F5000CBD0B8F1020FD6D12B88A342D3D1242015
:100F600002B0BDE8F0872B884B45C5D20720F7E7D4
:100F70002B88002BF3D000F00104C2E700242346A5
:100F8000D1E738B505466B7C0846DB090A7C05D0FD
:100F90002B7C934204D00023184638BD802AFBD115
:100FA0002C7C2946E21DD208F6F7C3FB84428CBF95
:100FB00000230123F0E708B5036ECBB1DA69002105
:100FC00002664FF49872184619F0A8FB024600F129
:100FD000340142F8941B426000F58A72826000F18D
:100FE0002802C26001220346827500F1D402C26267
:100FF000184608BD4308CB5CC20754BF180903F06C
:101000000F0070472DE9F0478846812107461446B6
:10101000DCF7D6FB802805462BD844BB01260135DA
:10102000ADB2DFF854A0AB1B00241F440AF128091D
:1010300016E017F8010D3038C0B2092819D806F0AB
:10104000070101EB810124B2514404EB8404FFF752
:10105000D1FF09EB0401FFF7CDFF04460136B6B21C
:10106000AE42E6D3002088F80040BDE8F0870026B5
:10107000D7E70720F9E700BFCF7A002000232DE94A
:10108000F047CCB08DF82C3183790546D80744D48D
:10109000704E96F8B1000EF0F7FF00283DD096F89C
:1010A000B330990704D406F1F000F7F709FCA0B3B8
:1010B0004FF6FE73DFF8B081B8F8E0289A422CD0E2
:1010C00000230593A8F5C653069303238DF81C301F
:1010D000A8F50053D3F8441705A8F6F753FC0127E9
:1010E000059C9DF82C31E4B9002305A805938DF8E3
:1010F0001830F7F775FB059F9DF82C41F7B964B1DF
:1011000005A8F3F7A3FE4FF2BF03ADF836304FF654
:10111000FE73B8F8E0289A423CD1012003F0B6FEF5
:1011200094E00F2BE0D0237D23B921460FA8FCF7D4
:1011300049FF277505A8F8F77EFAD1E70F2CDFD015
:1011400007F19D00FDF78DF918B105A8F7F728FB09
:10115000D1E797F89C9007F16C0404EB09194C4512
:101160009DF82CA1F1D02046F6F71CFA80B1BAF117
:101170000F0FEAD039462046F7F7A4FA40B92146C6
:101180000FA8FCF71FFF3A4601212046F7F7CEFAD9
:101190001034E4E7272004F023FE0746002845D05A
:1011A0000E234FEA041904A98DF810308DF8119020
:1011B000DCF7D5FD0446002840D14A4638460FA941
:1011C000DCF793F80446002838D196F8B3309A0734
:1011D0000FD42148F7F774FB58B10DF10F0007F059
:1011E000D9FE044650BB9DF80F20A2F57C7292B246
:1011F00001E0B8F8E028194909A8F6F78CF905A824
:10120000FFF75CFC3946164B1648009505AAF3F724
:10121000C5FE044690B9AB7943F00103AB7196F873
:10122000B3301B0712D404F077FB0FE0012003F06A
:101230002DFE0121284600F019F807E03846DBF7BB
:1012400032FD012003F022FE032CF2D04CB0BDE8A9
:10125000F08700BFA848002098490020104B0020CC
:101260009D120308C4400020A8580020837910B5BF
:10127000DB07044602D583887BB1FEE739B981805C
:10128000FFF7FCFE2046BDE81040FDF74DB983880E
:101290000BB19942F6D2A180F4E710BD2DE9F043DD
:1012A00006220025C3B007460E461C468DF80451A1
:1012B0008DF8072013B929B906240025BB79DA0770
:1012C00042D4FEE701F1350323F001035B78442BA0
:1012D000F2D1042130460DF10702DCF7EAFC0446A6
:1012E0000028EBD10E21304602AADCF767FC40B1A2
:1012F0009DF804319DF807501BBBB5FA85F56D09C3
:10130000DCE7BDF80A301907D6D1FF2BD4D8BDF8D9
:101310000A309DF80421002BEAD00F2A1FBF531C6E
:101320008DF8043105AB03EB021202A908BF0022BD
:1013300010233046DBF7CAFD102102A8DCF7CBF9F9
:10134000E5E7002DD9D1B7E76FF30003BB710023A8
:1013500003220293394B02A8596803938DF8102099
:10136000F6F710FB029EB6B902A802968DF80C6043
:10137000F7F736FADDF80880B8F1000F21D19DF8B3
:1013800007301C4314F0FF0145D13846FFF76EFFCC
:1013900043B0BDE8F083337D012B0CD17DB99DF8BE
:1013A000040138B1314605A8FCF7F7FDB0FA80F02A
:1013B00040094000307502A8F8F73DF9D2E7022055
:1013C000F8E798F89C9008F16C0606EB0919B1450E
:1013D00003D102A8F7F7E4F9CCE73046F6F7E2F8D4
:1013E000A8B141463046F7F76DF901280FD185B90C
:1013F0009DF8041139B1314605A8FCF7CEFDB0FACD
:1014000080F14909490042463046F7F78FF9103616
:10141000DDE70221F7E74FF6FE72094BB3F8E0185B
:101420009142B5D0B3F8E218012904D90120DCF7C4
:101430009BF90146A9E70121A7E700BFE83F00208B
:10144000A85800202DE9F04F04468DB04078894619
:1014500016461D460EF018FE8246F8B12378DB07CB
:101460001CD408200EF0CCFC0446B8B1F8F745FBBC
:1014700068BB2046F8F768FB48BB2046F8F7D4FB6A
:10148000804620BB96F82030F3180193019BB342AD
:1014900007D149462046F9F715F9C0B90DB0BDE8A6
:1014A000F08F16F8013B182B1DD016D8092B21D030
:1014B0000C2BEBD148460DF07DF8014610B1F7F743
:1014C000AEF801462046F8F76DFB0028DED0204636
:1014D0000DB0BDE8F04FDBF7E6BB192B08D0592B58
:1014E000D4D165B9FEE700212046F8F7CDFBECE743
:1014F0000121F9E700212046F8F7ACFBE5E7484673
:101500000DF058F883460028E1D05721284605AA57
:10151000CDE90988CDF82C80DCF750FB0746002880
:10152000D5D1BDF81630002B36D1002FCFD059239E
:10153000204604A967898DF81030DCF710FC0028DC
:10154000C5D19DF80F30002B51D195F82F3005F102
:101550002C000A9395F82E308DF82C30F7F766FEA4
:10156000014683466FF06300F7F708FF09A98DF87D
:101570002D0020468DF82EB0F7F752FD0028A6D199
:1015800063893946023BDB1B8DF81130204602236C
:1015900004AADBF7DEFC79E7294605AA06A8DCF7F2
:1015A00097FA002893D19DF819302BB99DF818307F
:1015B000012B07D0022B11D0BDF81C1005A8DCF7B9
:1015C0008AF8AEE72846BDF81A100DF10F02DCF7D5
:1015D0006EFB00287FF47BAF5746EDE7284609AA4B
:1015E0000DF11E01F7F783FD0028E5D06FE7DBF86A
:1015F0002C0008B9032205E002799A4207D000685E
:10160000F7E7042205212046DCF7E1FBB6E7C368D3
:10161000002BF6D082790A93837A8DF824208DF8F6
:101620002C3008309AE737B5054600680C464389E8
:10163000B3F5487F15D30B885A1C0A804FF4087203
:1016400003F07F035BBA01A9ADF80420ADF80630C2
:10165000DCF782FB18B921462846FCF78DFD03B064
:1016600030BD0020FBE72DE9F04796B00446F3F7C4
:1016700063FB054602A8F3F7E9FB214602A8F3F74E
:1016800066FB06AE04F1100304F120073246186829
:101690005968083303C2BB421646F7D194F8363076
:1016A00094F838208DF82C3094F837300820DB007F
:1016B00043EA02139DF82D2003F0180322F01802CC
:1016C000134332498DF82D3009F06EFC074600288F
:1016D00044D02846DBF793FA0CA90C903846DCF787
:1016E0003BFB00284CD1A18D7B898B4243D3DFF893
:1016F000A0A00CA8BAF890860CADA4F84E8002AE5B
:10170000B4F84C90F3F7A2FB0FCE0FC50FCE0FC568
:10171000002396E803000093802345F8040B2980FA
:101720008DF8003099FA99F908F10103082298FA26
:1017300098F869463846ADF80490AAF89036ADF8A6
:101740000680DBF743FED8B9B8813A2238460CA9A7
:101750000DF052F9A0B9A38F0133A387E38D04F1F3
:101760005000013B9BB2E38573B1216B16B0BDE81D
:10177000F047DCF7C0B83846DBF71AFD0028B6D0D2
:101780003846DBF790FAE9E7A18EEFE749C804088D
:10179000A83800200748B0F8CE3A13B100F52A6007
:1017A00061E7D0F8C43A23B1D0F8C81A00F6DC20BB
:1017B00018477047A85800202DE9F0430D4697B010
:1017C000252856D8DFE810F026002F0039005000F9
:1017D000A201AA0160008A009100C60055005500D0
:1017E00055005500550055003C028E015500AE02D3
:1017F00055005500550043004D0075017E018201E2
:101800008A01550055005500550055001701860105
:101810009601D60108230021CD4A284617B0BDE81D
:10182000F043DCF79FBA0121CA4BB3F8BE2028462B
:1018300017B0BDE8F043DCF7D5BA02212846C54B06
:1018400093F8B32017B0BDE8F043DCF7C0BA03A8A3
:1018500004F06AFC0823172103AA2846DCF782FA61
:1018600037E005221821E2E7BA4B93F8B3201207BC
:1018700001D500242EE00321D3F8CC20284617B050
:10188000BDE8F043DCF7BABA40F60603ADF80C3019
:10189000B14BA3F5805493F8AB7693F8AA66D4F8CD
:1018A000E80084F8ED7084F8EE60DBF7A8F994F8AE
:1018B000EC30CDF80E008DF8123094F8EF308DF842
:1018C00013708DF814608DF81530294603A8DCF7E5
:1018D000D5F80446204617B0BDE8F0839E4A07219C
:1018E00092F8A836D2F8A42697E700239B4ED6F8A4
:1018F0004027591CFAB99AB21201FE2A4FEA031383
:101900001CDC0822284603A98DF80C208DF80D3028
:10191000DCF725FA04460028DCD1D6F84067002E13
:10192000A7D0102231462846DBF7DFFC044600280A
:10193000D0D17669F3E70B465269DAE74FF60872C1
:101940005BBA284603A9ADF80C20ADF80E30DCF7E1
:1019500003FADFE742F20943804CADF80C30D4F8CB
:10196000780FDBF74CF9D4F88C2FD4F8883FCDF8FA
:101970000E001344D4F8902FD4F89C0F1344D4F8DD
:10198000942F1344D4F8982F13441844DBF737F9F5
:10199000CDF81200D4F8500FDBF731F9CDF816006E
:1019A000D4F8600FDBF72BF9CDF81A00D4F8640FE8
:1019B000DBF725F9D4F8803FCDF81E00D4F87C0F72
:1019C0001844D4F8843F1844DBF719F9CDF8220005
:1019D000D4F81C0FDBF713F9CDF82600D4F8200F4C
:1019E000DBF70DF9CDF82A00D4F8580FDBF707F92B
:1019F000CDF82E0069E7574C94F8B11004F1B0000F
:101A0000F7F748FE44F222232246ADF80C30B4F832
:101A1000E031F2E988015BBAADF80E30B4F8E2319A
:101A20005BBAADF81030B4F8E4315BBAADF81230FF
:101A3000B4F8E6315BBAADF81430B4F8E8315BBA0B
:101A4000ADF81630B4F8EA315BBAADF81830B4F836
:101A5000EC315BBAADF81A30B4F8EE315BBAADF8E0
:101A60001C30B4F828325BBAADF81E30FDF73AFEF0
:101A7000CDE90801D4E97E01FDF734FECDE90A0184
:101A8000D4E98001FDF72EFECDE90C01D4E98201F5
:101A9000FDF728FECDE90E01D4E98401FDF722FE11
:101AA000CDE9100152E90201FDF71CFECDE912015A
:101AB0000BE7202219212A4B284617B0BDE8F04336
:101AC000DCF775B920221A21264BF5E710221B21DD
:101AD000254BF1E760222321244BEDE740221C2116
:101AE000234BE9E740F21113ADF80C3000238DF8D9
:101AF0000E30EAE6184B0122D3F8201803A8DEF7CF
:101B000029FE24219DF8123003AAA6E640F60423FC
:101B100003A8ADF80C3002F017FED6E60DF10F0069
:101B2000FCF7A4FC0DF11700FCF7C8FC44F6050314
:101B3000002103A8ADF80C3003F0D6F8294603A81D
:101B4000DBF79CFF044600283FF493AEC2E600BFDB
:101B500022470020A8480020A8580020A8380020CC
:101B6000B8FA0408B9FA0408BAFA0408BBFA040877
:101B700058E204087F4F97F8B1000EF063FA00288E
:101B80003FF477AE03A97C48FEF7E8FE252303A8BF
:101B90008DF80430FCF732F9043040008DF8050070
:101BA00001A92846DCF7DBF8044600287FF492AE52
:101BB0000822284603A9DBF798FB044600287FF497
:101BC00089AE064607F608285FFA86F9494603A853
:101BD000FCF7A9FB18B901363F2EF5D17AE6B7F824
:101BE000BE30B9EB932F29D049464046FDF7EFFDB3
:101BF000837F90F8382003F00F03072B14BF0023D6
:101C000090F8243090F8391008BF9B024FEA021276
:101C100008BF03F4705302F47C7208BF43F480439E
:101C200042EA111213435BBA9BB2284602A9ADF8EF
:101C30000830DCF794F80028CDD04AE68023F4E79A
:101C40004C4C94F8B1000EF0FDF900283FF411AEB1
:101C5000002104F54870F6F716FEB0F5C77F28BFDF
:101C60004FF4C77086B206EB4603FE2B4ED8102207
:101C7000284603A98DF80C208DF80D30DCF76FF89D
:101C8000044600287FF426AE002303A803938DF8B2
:101C900010304FF6FF77F6F7A3FD4FF00108039AD7
:101CA000002A3FF4E6AD013EB6B2BE423FF4E1ADDC
:101CB0000023146ED8B208FA00F0A042194603F1CE
:101CC0000103F7D3938B92F82400C3F3080300F0C9
:101CD0000300043143EA4023C9B243EAC1235BBA9B
:101CE000ADF80830937F2846C3F3031343F0040391
:101CF000032202A98DF80A30DBF7F7FA0446002820
:101D00007FF4E8AD03A8F6F74BFDC8E74FF6107275
:101D10005BBA284603A9ADF80C20ADF80E30DCF70D
:101D20001BF8ADE7134B93F8B1000EF08BF90028C8
:101D30003FF49FAD002403A803948DF810401726AC
:101D4000F6F74EFD039A2AB9002E7FF492AD224693
:101D5000132193E5937FC3F3031313F0020304D11C
:101D6000126E1E46944238BF144603A8F6F718FDBB
:101D7000E8E700BFA8480020405A00202DE9FF47AF
:101D8000044640780E460EF07FF920B90024204624
:101D900004B0BDE8F087484B694604F65C10CDE915
:101DA0000036FEF7F2FD0746002847D0837F03F098
:101DB0000F03052B40D1F2F7BFFF4FF00208B860C8
:101DC00040460EF01DF80546002873D0052212216A
:101DD000DCF708F80446D0BB2846F7F78EFE044629
:101DE000A8BB284606F12901F7F795FE044670BB0B
:101DF0002846F7F795FE044648BB1021284696F87A
:101E00003220DBF7E4FF044608BBD7B996F82890E8
:101E100006F1080AD144CA451DD1B8F1020F32D0EB
:101E200031466846F5F707FB69462846F8F74AFC4D
:101E300004460028AAD00AE0072BA7D14FF00108DA
:101E4000BEE72846F7F780FE04460028DED0284685
:101E5000DAF729FF9BE79AF800100A290DD010291C
:101E600008D0092924D139462846F7F7F3FE04465D
:101E70000028ECD10AF1010ACDE7CFB12846BA8B90
:101E8000DBF7B0FFF3E70C373846DDF7D5FB394613
:101E90002846F7F73BFE04460028D8D101230D2140
:101EA0002846064ADBF75EFF04460028B8D0CEE796
:101EB0000224CCE703246AE70700FEFF9806050822
:101EC0002DE9F0470E460021AAB00546924630683B
:101ED00002AA8DF82410DBF70AFF8046002840F0A4
:101EE0005981BDF80870C7F30803002B40F05281F8
:101EF000BF0A05F6581939464846FDF768FC0446FE
:101F000018B190F81E8008F00F080421306807AA65
:101F1000F7F7F0FE002840F03D81B8F1050F11D031
:101F2000B8F1070F16D0B8F1000F40F0338105F576
:101F3000805393F83031002B00F02C8105F5895146
:101F4000113101E004F10C0107A8FCF7E1FA0028C7
:101F500000F02081316939B1BDF808208B8B9A429D
:101F600002D02846FDF71EFE30680DF10A01F7F792
:101F7000B5FE002840F00E81306803AA04A9F7F7E7
:101F8000EDFE8046002840F0058130680DF1050126
:101F9000DEF74AF940B1172840F0FC806B78012B3E
:101FA00040F0F8808DF805806B78042B00F2CE802D
:101FB000DFE803F00304CBCFCF00FEE70A2130684F
:101FC0000DF10602DBF793FE002840F0E380BDF838
:101FD0000620EB899A4240F0DD80306805A9F7F7CA
:101FE000D4FE002840F0D68005A92846F7F776FCF5
:101FF0004846FDF7DBFB306817A9F7F7C1FF00285B
:1020000040F0C8803246284617A9FDF799FF804660
:10201000002840F0BF8039464846FDF7D8FB04460B
:10202000002800F0B78095F83F10E88989028AB24D
:10203000824219BF434602460123042118BF0321EF
:102040002846FDF71DFE002205F5805383F8302158
:102050002B78284643F001032B7071684FF001087C
:102060001031F9F7C6F93146204602F0E3FBBDF81E
:1020700008309DF80500A383049BE3606361039B24
:102080002361BDF80A302384A37F43F0F003A377D4
:10209000F7F7BAF994F82430072160F3830384F842
:1020A00024302046FCF74AFAF3682246A36194F8EC
:1020B000393003216FF3830384F8393005F1800050
:1020C000FCF797FB21460AA8F5F7B5F91A210AAAE9
:1020D00005F18400F7F7EFFCB8F1000F04D03A46A1
:1020E000484617A9FEF72CF80123314628463375D8
:1020F000F9F72AFEBAF1180F4CD1002303213068FA
:102100000DF151028DF850308DF85930F7F7F2FD8E
:1021100000283FD130680CA9F7F718FF08B117283D
:1021200038D1616820680AAB03C330682C30F7F7F8
:102130007DF801466FF06300F7F720F90AA98DF8E2
:102140005A002846FFF71AFE24E01CB34FF000089F
:1021500089E7FCB1306805A9F7F717FED0B9AB6B7A
:10216000059A9A4216D12B78D90707D4244B9DF8AB
:10217000192093F8AB369B1A1A0604D571682846C5
:102180001031F9F736F9306817A9F7F7F9FE20B1E1
:10219000172824D02AB0BDE8F08739460DF15F003A
:1021A000FCF7C1F880460028F4D005F5805393F879
:1021B000DC2032B193F82C319DF85E209B1A1B066F
:1021C0000FD53246284617A9FDF7BAFE0028E1D1FF
:1021D00039464846FDF7FBFA044610B9FEE74FF0D2
:1021E000000895F83132BB423FF43DAF94F83830E7
:1021F0003E2B7FF638AF2846FDF7E0FB33E700BF04
:10220000A858002070B586B0064602A80D46ECF727
:1022100095FB00200DF0F4FD0446002848D005226F
:102220001221DBF7DFFD78B97378042B2AD8DFE8B9
:1022300003F003041D0F0F00FEE702230D212046CB
:102240002C4ADBF78FFDE8B12046DAF72CFD2FE0B2
:1022500025B1AB7F03F00F03072B10D00123264AD3
:102260000D212046DBF77EFD0028EDD12046F7F753
:1022700044FC0028E8D12046F7F766FCE3E7022398
:102280001E4AEDE7B5B906F5895611363046DDF739
:10229000D3F931462046F7F739FC0028D4D102A8FB
:1022A000F5F724F9204602A9F8F70CFA0028CBD15B
:1022B00006B070BDAB7F03F00F03072B15D005F1FF
:1022C0000C063046DDF7B8F931462046F7F71EFC1C
:1022D0000028B9D1294602A8F5F7ADF895F83930AC
:1022E00043F00C0385F83930DCE76846DDF7A4F9E4
:1022F0006946EAE7990605089B0605089C06050855
:102300002DE9F0430D4690F8301204466FF3410179
:1023100087B080F8301253BB4DB342B305F135039B
:1023200023F001035B78442B21D1042128460DF1D1
:102330000102DBF7BEFCD0B99DF80130EBB194F897
:10234000303243F0040384F8303294F832323E2BBA
:102350000DD8032104F51C70F6F783FA10B120465E
:10236000FDF784FD3F2384F8313284F83232204671
:10237000F7F7D6F907B0BDE8F083022128460DF142
:102380000202DBF7B4FC0028F1D10B22072128461A
:1023900003ABBDF80260DBF7F7FB0028E7D19DF83F
:1023A0000D30082BE3D94FF6FE72E389934209D032
:1023B0004C4AB2F8781E994218BFA2F8783E08231A
:1023C00084F83A32B50A0023032106F47C4204F66D
:1023D0005817204684F8315284F83252FDF750FCE9
:1023E0003846FDF7BFF938469DF80E100DF10F0283
:1023F000FDF751FD29463846FDF7E9F90346002867
:10240000B5D00246DFF8DC90D9F87A0ED9F87E1EF6
:1024100003C218460DF0D5FCB4F85C103846890AA2
:10242000FDF7D5F980460028A1D0054604F1400605
:102430000FCE0FC50FCE0FC50FCE0FC596E8070004
:1024400085E8070007214046FCF778F809F5805930
:1024500040460DF0B6FC99F8EF603846B10201F441
:102460007C41FDF761FE0F2804F140051BD9314680
:102470003846FDF7ACF900B9FEE7B4F85C3090F8E7
:10248000386094F87C20B6EB932F4FEA932190F8B4
:10249000393018BF80F83810B2EB131F1CBF62F33D
:1024A000071380F83930B4F86030032B03D829467D
:1024B0002046FFF7A7FE2046FBF776FF0023019397
:1024C000022301A88DF80830F6F78AF9019900294E
:1024D0003FF44DAF20460DF0CEFC01A8F6F760F9B1
:1024E000F4E700BFA838002010B50446144890F85F
:1024F000B130012B02D00023237010BD237823B903
:10250000BDE81040B030F9F793B90021B030FFF7C3
:1025100079FE2378012B0FD0DBF7E8F84FF47A73BC
:10252000B0FBF3F202FB130101F58C5114310548A5
:10253000BDE81040DBF7DFB94FF4FA61F7E700BF01
:10254000A8480020F84A0020F0B5B74C87B094F8AE
:10255000B030DD0606D504F1B00007B0BDE8F040AC
:10256000F2F7A8BA94F8B130012B0DD104F58052DE
:1025700092F8E03143B1013B04F58F5082F8E0312D
:1025800007B0BDE8F040AFE794F86A3194F8B420A2
:1025900003F00F03032B0BD1032A12D0042A07D117
:1025A00094F8BB3002A88DF8083002F05BFCD8B973
:1025B00094F8B430052B3DD8DFE803F0393E667956
:1025C000D4E302A802F050F900B1FEE79DF808300C
:1025D00053B994F8703103F00302C3F381039342BB
:1025E00028BF1346032B62D194F8B130022B0AD1D5
:1025F00094F8B630012B02D9033B022B03D894F890
:10260000B0301807D4D508F055FC0028D0D194F884
:10261000B430052B02D0052384F8B43040F2E245F3
:102620002946824807B0BDE8F040DBF764B90023D3
:10263000A4F8C23007B0F0BD00217D4894F8BC700A
:10264000B4F8C660F9F7AAF800200021794D95F892
:10265000463E84F8BC30B5F8443EA4F8C63005F5D3
:102660008753C3E90001394605F63C60DDF7D0F831
:10267000314605F63C60DBF7DDFE01216C4807B012
:10268000BDE8F040F9F702BB03236B48002184F852
:10269000B430FBF753FF94F8B03001206FF3C3035D
:1026A00084F8B030002384F8B83008F0E7FE94F8DE
:1026B000B830013384F8B83094F8B430032B00D02C
:1026C000FEE70DF1070002F0CFF860B99DF8074072
:1026D000204607F019FC012CA0D014F0FD0FA9D161
:1026E00040F2EE259CE70023029394F8B130022BD0
:1026F00047D094F8B530002B43D14E4D95F8393D75
:10270000D90704D505F64850DEF7ADF918B194F8AD
:10271000B3309A0735D402A802F07CFB10B1D5F88B
:10272000483E029302A8DBF7F1FD4FF4AF6301309E
:10273000B3FBF0F3502B38BF5023A4F8C43094F807
:10274000B4300120042B1CBF042384F8B43007F0FC
:10275000DBFBFF2384F8BB30B4F8C450002D7FF4BA
:102760005FAF67E7354802F07DFB50B994F8BB5086
:1027700002A8F4F770FE0122284602A90DF016FC0B
:10278000EAE794F8B43013B1002384F8B4302A484F
:10279000F7F707FC94F8B550022D34D12848DDF73F
:1027A00041FB58BB26480DF0A3FD032384F8B53048
:1027B00094F8B430022B18BF84F8B450DAF796FFBF
:1027C0003223B0FBF3F202FB130094F8B530451C42
:1027D000002B7FF425AF94F8B630052BBED801A2AC
:1027E00052F823F049280308AF2803085D2703089F
:1027F000AF2803084928030849280308002384F860
:10280000B5300025E7E7032D0AD100230D4884F8F1
:10281000B530DDF707FB94F8B530002BF1D009E7B0
:10282000002DEED006E700BFA8480020F84A00209F
:1028300058490020A8380020F449002063490020AE
:102840000C460020E045002094F8B130022B21D046
:102850004FF6FF76B4F8C630B3420FD094F8BC10F0
:102860001548DCF7D5FFB4F8C6101348DBF7E2FDD6
:10287000A4F8C6601148F8F7DBFF6FE794F8B330AF
:102880009B07F7D500210D48FDF78EFA00283FF48D
:1028900065AFEFE794F8B34014F008047FF45EAF3F
:1028A000204608F0C9FC204608F0E8FD56E7002164
:1028B0000248F7F786FB51E7E4460020584900201C
:1028C0002DE9F041054640780F468CB000287CD0B9
:1028D0000DF0B8FB044608BB2846FBF73FFD002877
:1028E00075D0012005F5805608F0C8FD86F83941FD
:1028F00095F80180B8F1010F03D0B8F1020F1CD098
:10290000FEE705F58957AD781037032D86F830417D
:1029100006D0042D0DD03846FFF7E6FD002450E028
:1029200041462C48F5F7AFFF052802D886F830510C
:10293000F1E7062386F83031EDE702A8F2F786FAD0
:102940004FF2BF03ADF82A3095F830329B07E5D43B
:10295000042008F03CFB064690B3082301211E4AE0
:10296000DBF700FA044638BB95F832223E2A19D923
:102970003A4604213046DBF72AFA0446E0B902A8B9
:10298000FEF7A2F83146154B1548009502AAF2F75A
:1029900005FB044680B995F8303243F0020385F810
:1029A0003032BBE792024146304602F47C42DBF70C
:1029B00019FA04460028DBD03046DAF774F900E053
:1029C000032420460CB0BDE8F0810D24F9E71B2458
:1029D000F7E700BFC84B002022470020012303086F
:1029E000C440002038B50C460821FCF79CF9054688
:1029F00090B14378102B28BF102304F8013B2046E8
:102A0000EBF79CFF6A782046102A28BF1022A91CE9
:102A100017F08FFE002038BD1720FCE7F0B59FB0FF
:102A200003A80DF0F5FC0023834D0BA8D5F8341155
:102A300002930DF0A6FD05F59A750B9C74B97F48BD
:102A400003A9DAF787FF029905A80DF09AFD059C06
:102A5000ECB902A8DAF7E9FA1FB0F0BD214611A8D7
:102A6000F6F7EDFD1199039B5B1A002B06DA03A81C
:102A7000DAF724FF0BA8DAF726FBDEE72146284623
:102A8000DAF7A8FA214602A808F00AFEF2E7214682
:102A90000BA8F6F7D4FD9DF840300F2B13D80F2B61
:102AA00017D8DFE813F09E00160016001600160077
:102AB0001F0016001A00A3001600D700160016000B
:102AC000160016002300172B00F093801A2B00F03D
:102AD000A08005A8DAF7F7FAB9E70CA95848F8F783
:102AE00088FCF6E75648F9F7AFF8F2E7002311AE95
:102AF000324618218DF8543020461123DAF746F972
:102B0000504B514807A9CDE90736F5F779FE054640
:102B10000028DED00A200DF073F904460028D8D032
:102B2000037943F001030371F6F7E7FF18B120467C
:102B3000DAF7B9F8CDE72046F7F706F80028F6D11E
:102B40002046F6F7EDFF0028F1D1204613A9F6F74D
:102B5000E2FF0028EBD12846DBF70DFC002834D13A
:102B600005F1A0073846DCF767FD39462046F6F741
:102B7000CDFF0028DBD105F12200F6F70AFC102179
:102B800002462046DBF723F90028D0D140F60F2378
:102B900007A8ADF81C3001F0D7FD214607A8DAF7E9
:102BA0006DFF0028C3D1052212212046DBF71AF958
:102BB0000028BCD1314607A8F4F73DFC07A9204600
:102BC000F7F780FD002884D0B1E7AB7F7F2BC7D813
:102BD0001E4B204607A90793DBF7BEF80028BFD09D
:102BE000A5E717480CA9FBF7A9F972E702F066F808
:102BF0006FE7002318218DF86C308DF87530204672
:102C0000332311AADAF7C2F811A90D48FFF7B6F875
:102C10005FE7182111AA2046F4F75CF9BDF84410CB
:102C20000B48890AFCF7D3FD014600283FF451AF59
:102C30000348FFF7E7FA4CE7A8480020E0490020E6
:102C4000584900200500FEFFC84B002056023214F0
:102C5000B05200206A4618212046F4F73BF91120B3
:102C60000DF0CEF8044600283FF433AF037901A9F4
:102C700043F001030371BDF8003043821A238DF83D
:102C80000430DBF76CF800287FF451AF40F2812369
:102C90002F4E6589ADF81C3096F8323E8DF81F0036
:102CA00013F0100F0CBF50235423214607A88DF8B2
:102CB0001E30DAF7E3FE00287FF439AF0823022143
:102CC000204606F69C52DBF74DF800287FF42FAF24
:102CD00010220321204606F6A453DBF768F80028EB
:102CE0007FF425AF1B4811A9FFF77CFE50B90821DE
:102CF00020469DF844300DF14502DBF733F80028FB
:102D00007FF415AF1448DDF7FEFA12210246204683
:102D1000DBF768F800287FF40AAF10491048DAF7AB
:102D20005BFD60B16389A91E5B1B8DF8053089B21C
:102D30000223204601AADAF70CF90CA93FE710227A
:102D40003B212046064BDBF732F80028EAD0EEE6BE
:102D5000A83800204C5F0020E060002072CA040800
:102D60005D46002030B587B00D4601A9FFF73AFE59
:102D7000044648B9294601A8DDF710FB002808BF22
:102D80001724204607B030BD0D24FAE72DE9F04F97
:102D90001E46C7B0944B954F1BAD14461B91009334
:102DA0002822042339462846D9F709FF60B3C01BFF
:102DB000C0F38700252827D8DFE810F02A00B701E4
:102DC000690142032A0295042600260026002600F7
:102DD0006B050A0188037B032600AF042600020569
:102DE000260026009000260026004A0498032600AC
:102DF00010012A018C032600B805260026001909B7
:102E00007006AC06CD085C06002047B0BDE8F08F28
:102E10002046D9F787FE002856D02046F1F7A7FFB5
:102E200030B13378FF2B03D0314620460DF068FBDC
:102E300010230021204611AADAF7CDFE002843D145
:102E400008230321204609AADAF7C5FE00283BD152
:102E5000674B684ED3F840471CBB0BA809A9DCF7A9
:102E6000B0FB0DA80D948DF83840F5F7B9FC0D9C1A
:102E700054B3A37F9A062DD420460BA9DCF7AAFBF6
:102E800040BB204611A9F7F78BFC18BB2846A28B44
:102E90005949F4F740FB2A4609A911A801F06CFD35
:102EA00012E0204611A9F1F7ECFD20B1304609A946
:102EB000DDF70CFA08B96469CEE7204602F064FC3D
:102EC00020B14E48F5F74CFD01209EE7204607F063
:102ED00043FFF9E70DA8F5F763FCC8E72046D9F7EB
:102EE00021FE0028F0D03621204609AADAF7E1FEBB
:102EF0000028E9D1372120460BAADAF7F8FE00288E
:102F0000E2D1382120460DAADAF7F1FE0028DBD104
:102F1000204611A9DDF70BFC0028D5D1384FD7F892
:102F2000D00908B1D9F7BFFE132008F050F8804649
:102F3000C7F8D0090028C7D0DDF8449000224946E0
:102F40002846DDF707FC2A46352140469DF87230B9
:102F5000DAF708FF0028B7D139232946D7F8D00976
:102F60008DF86C30DAF7FBFE0028ADD19DF82430E7
:102F700087F8CD0987F8CC39BDF82C304FF47A7139
:102F8000A7F8C839BDF834301E48A7F8CA39C7F8C1
:102F9000C099C7F8C49906F12005DAF7ACFC07F52B
:102FA0001B6706F110033A4618685968083303C2D4
:102FB000AB421746F7D12046F1F7D9FE002883D05F
:102FC0003378FF2B80D0314620460DF099FA7BE70D
:102FD000324621460C48DDF74FF875E73246214668
:102FE0000A48DDF749F86FE7CFE10208A0060508B7
:102FF000A8380020384B0020104B0020B061002082
:10300000A85800207C620020E04500200C460020EB
:103010002046D9F787FD00283FF456AF29462046C1
:10302000DDF785FB00287FF44FAF0121204611AA70
:10303000DAF75DFE00287FF447AFC44D1B9B05F611
:103040008C17C5F89C3906F1200C06F110033A469E
:1030500018685968083303C263451746F7D1BDF8AD
:103060004430BB484FF47A71A5F8A039DAF743FC35
:103070002046F1F77CFE00283FF426AF3378FF2B83
:103080003FF422AF314620460DF03AFA1CE72046C5
:10309000F1F766FE01287FF417AF2046D9F742FD0D
:1030A00000283FF411AF204610232A460021DAF70A
:1030B00092FD044600287FF407AF2946A548F4F79F
:1030C0002BFD38B122462846A34906F1100301F032
:1030D0000BFCF9E611908DF8480011A8F5F780FB7C
:1030E000119C002C3FF4F0AEA37F9B0619D4E37F24
:1030F000032B16D829462046F7F79CFB88B1F1F739
:103100001BFEA3680DAAC01A4FF47A73B0FBF3F04C
:1031100004F164010D9006F11003284601F0E4FB70
:10312000D2E611A8F5F73CFBDAE72046D9F702FD15
:1031300000283FF4C9AE10232A4600212046DAF7C2
:103140004AFD00287FF4C0AE0DF144080823424632
:1031500003212046DAF73FFD00287FF4B5AE0221B7
:10316000204608AADAF7C3FD074600287FF4ACAE74
:103170000621204609AADAF7DBFD18B117287FF4EB
:10318000A3AE0997294675480DAB0BAAF5F7A2F92E
:10319000074600283FF498AEDDF82C90704B00F104
:1031A000180A994513D1D0F814B0BBF1FF3F0ED0E7
:1031B00041465046DDF782F8024620B9414628468E
:1031C00001F0DAFB80E6099B9B457FF67DAEBDF8FA
:1031D00020303B8298E803008AE80300099B022024
:1031E0007B61FB7C43F0C003FB740AF0D3FE4846CE
:1031F0000D990DF02EF839465948F5F79AF93146F0
:1032000020460DF07DF9002128460CF057FA5BE6C8
:10321000DFF8608198F8B170042F7FF455AE204636
:10322000D9F788FC00283FF44FAE0DF1440908237C
:103230004A4601212046DAF7CEFC00287FF444AE4E
:10324000394620460BAADAF734FD074600287FF4FA
:103250003BAE022120460DAADAF749FD30B117280E
:103260007FF432AE4FF6FE73ADF834303D4B294655
:103270003D48CDE91B39FDF788FB824648B99DF8EA
:103280002C30042B78D8022B00F28C8000F0A28026
:103290000627204602F0E7F9044600283FF414AE62
:1032A0003A460421DAF793FD002840F0C580BAF1D0
:1032B000000F21D002212046BAF81C20DAF792FD37
:1032C000002840F0B98040F607130DF16F00ADF80B
:1032D0006C30FBF7CBF81D4B014693F8DC2103F56E
:1032E000CC708DF86E20FDF739FB21462846DAF7C1
:1032F000C5FB002840F0A080324621461B48F1F76C
:103300007BFF002840F09880002F7FF4DDADBAF1FC
:10331000000F3FF4D9AD164806F11001F7F7C2FBD4
:1033200000283FF4D1ADF08BBAF81C3040BA80B21F
:1033300083423FF4C9ADB8F8BE309B0AB3EB902F7F
:103340003FF4C2AD39460CF0F5F9BDE5A8580020B0
:103350004C620020E83F0020384B0020285B002012
:10336000305F00200700FEFFB4520020C440002060
:1033700058490020A8480020052B89D1AC4898F86E
:10338000E43290F88C219A420CD301222B4611464C
:1033900000F2A4608DF816A1FBF786FB9DF81631AC
:1033A000012B1ED84FF6FE73BDF8341099421AD186
:1033B0009F4B93F88C21202A13D000213F228B466B
:1033C00003F2971313F8010F28BB013111F0FF012D
:1033D00016D1FEE7964B93F88C2198F8E4329A4286
:1033E000E0D3012755E79348890AFCF72FFB0346F2
:1033F0000028DDD099E803009A4683E8030048E7F7
:10340000CDE904230391DAF795F9049A059B002886
:1034100008BF5A4603990BF1010B5FFA8BFBBBF116
:103420003F0FCFD13F2ADCD011468248FCF70EFB7C
:1034300003460028DED1FEE72046D9F734FC43E5F9
:10344000DFF8FC8198F8B130042B7FF43DAD2046C5
:10345000D9F770FB00283FF437AD0221204611AAAE
:10346000DAF745FC00287FF42FAD08232A46012116
:103470002046DAF7B0FB00287FF426ADBDF8447093
:1034800008F60820BF0A3946FCF7A1F900283FF4E6
:103490001BAD2946DCF79EF800283FF415AD3946F0
:1034A00008F60820FCF7F4FA314620460DF028F81B
:1034B0000AE53346224600215F48DDF701FC00287B
:1034C0007FF402AD5C480CF013FFFDE43346224666
:1034D0000121F1E73346224600215848DDF7F0FB91
:1034E00000287FF4F1AC02F047FDEDE4544F97F86B
:1034F000B130042B0CD106F1100107F1B000F7F741
:10350000D1FA28B10A22214611A8DAF725FB88B1A1
:10351000FF27204602F0A7F8044600283FF4D4AC69
:103520003A461021DAF753FC00285CD02046D9F740
:10353000BAFBC9E42B4640222046BDF84610DAF714
:103540005AFB0028E4D107F58057D7F8943807F6DE
:103550008C0843450BD0294607F69C00DAF73CF966
:103560000028D5D04046DAF7ECF902F0BFFCF28B28
:1035700040F20921ADF8462040F20B22B7F8DE38C0
:10358000ADF8441001339BB20021A7F8DE38ADF846
:1035900048205BBA10220DF14E00ADF84A3017F00A
:1035A000BDF84FF4847313A8ADF84C30DAF756FA2F
:1035B00000F10801C9B211A802F086FC0028A7D1C9
:1035C00041212846DAF7FCF8402805D8013082B2BC
:1035D00029461C4817F0ADF84CF250311A48DAF77A
:1035E0008AF9012795E7124DD5F8942805F68C0342
:1035F0009A4212D1012F07D10B212046B5F8DE28BF
:10360000DAF7F0FB002891D1324621460F48F1F756
:10361000F3FD00283FF458AC88E740220A212046F9
:1036200005F69C03DAF7C3FB0028E3D07EE700BF72
:10363000A8580020B0520020E04500200C46002091
:10364000A84800204461002034610020C4400020CC
:10365000B04F97F8B130042B7FF436AC204611A957
:10366000DCF7E2FD00287FF42FAC2A460B21204630
:10367000DAF73DFB00287FF427AC0921A648FBF7C9
:1036800052FB88B107F58053B3F8DE18BDF86C2003
:10369000914209D19DF84450012D0CD003F68C00C5
:1036A000DAF74FF902F022FCFF252A463146204680
:1036B00001F0E7FF08E4F18BB0F802C08AB294454C
:1036C0000BD0418097F8B120042A06D193F8AB16AD
:1036D000013183F8AB160AF095FE4CF250318F4859
:1036E000DAF709F9E1E78B4B93F8B120042A7FF46C
:1036F000EBAB03F5805393F8AB37002B7FF4E4ABCF
:1037000006F11800F3F743FE00283FF4DDAB314625
:103710002046FBF7CEFCFFF7D7BB7E4B93F8B120DA
:10372000042A7FF4D1AB03F5805393F8AB37002B19
:103730007FF4CAAB204601F096FF074600283FF40D
:10374000C3AB2A460D212046DAF738FA58BBDFF81A
:10375000C881BDF86E3063B9324639467048F1F71A
:103760004BFD00283FF4B0AB3846D9F79CFAFFF781
:10377000ABBB294611AA2046DCF783FD0121284670
:10378000D9F7A9FF40469DF84410FBF7CCFA002872
:10379000DFD03946DAF772F90028DAD03846D9F79F
:1037A00082FAFFF791BB5C48FBF7B7FA0028D3D049
:1037B0004278811C3846D9F798FD0028CCD0EDE737
:1037C000DFF8508198F8B130042B57D108F58053B9
:1037D00093F8AB37002B51D10921204609AADAF71B
:1037E00086FA17284AD10B2120460BAADAF77FFA6E
:1037F000002843D10B2148480DAAFBF7A1FA28B9AC
:10380000BDF82C20BDF834309A4237D10921424806
:1038100009AAFBF795FA48B3214611A8D9F74AFF40
:10382000BDF846702946384602F008FB30BB1B9BAA
:103830003A462046BDF8441002330CF0F3FD012552
:1038400098F8B130042B7FF43FAB204601F00BFF1A
:10385000044600283FF438AB2A461021DAF7B7FABD
:1038600070B12046D9F71FFAFFF72EBB0921204679
:10387000BDF82420DAF7B6FA0028CDD0FF25DFE71F
:10388000324621462648F1F7B7FC00283FF41CAB2E
:10389000E7E72046D9F746F900283FF415AB29465B
:1038A0002046DCF744FF00287FF40EAB362120468B
:1038B0000DAADAF7FEF900287FF406AB372120467F
:1038C00011AADAF714FA054600287FF4FDAA1B991D
:1038D00014489DF83470BDF84480F4F783FE124814
:1038E0003946C0F87489A0F8785900F51760F4F7E4
:1038F00051FE2046F1F73BFA00283FF4E5AA337861
:10390000FF2B3FF4E1AA314620460CF0F9FDFFF70A
:10391000DBBA00BFA84800204C5F002034610020C3
:10392000C440002018620020A85800204FF44073C3
:1039300011A8ADF81C30F1F789FA2046F1F710FA1A
:1039400001287FF4C1AA2046D9F7ECF800283FF4FB
:10395000BBAA1221204608AADAF7C9F900287FF489
:10396000B3AA0BAF08233A4613212046DAF733F9FE
:1039700000287FF4A9AA1121204609AADAF71EF926
:1039800000287FF4A1AA082007A907F00DFB06462E
:1039900000283FF499AA2146BDF82630BDF824201E
:1039A000D9F7E1FC002860D148F2FE03CDE91530DB
:1039B00097E8030017AB83E80300BDF820303246D8
:1039C000ADF866308649874811ABF6F70AFD002846
:1039D0004BD10DAF3A46102315212046DAF7FBF8FC
:1039E000024600287FF470AA06217F4B7F48D9F752
:1039F00093FD80462846F1F729FAB8F1000F3FF40D
:103A000063AA2E4611AC0FCC0FC60FCC0FC694E89C
:103A100003004FF2BF0346F8040B3180ADF88E303F
:103A2000F1F78AF926AC3230259097E80F0084E848
:103A30000F003C2229464046D9F757FC80B96C4814
:103A4000414607F02DFE6B4BD3F87C0803F6740259
:103A500090427FF439AA2599D9F73EFFFFF734BA8F
:103A60004046D9F720F9FFF72FBA3046D9F71BF9AE
:103A7000FFF72ABA2046D9F755F800283FF424AAC0
:103A80002046F1F774F918B1314620460CF038FDA4
:103A900021465948F6F7F0FEFFF716BA2046D9F747
:103AA00049F800283FF410AA4F4807F087FA21464A
:103AB00001F0B6FD074600283FF406AA6179C1F37C
:103AC0004101D9F708FD2A4612212046DAF776F897
:103AD00050B9BDF86E3063B9324639464748F1F700
:103AE0008BFB00283FF4F0A93846D9F7DCF8FFF744
:103AF000EBB92946204611AADCF7C3FB0028F3D115
:103B000028460121D9F7E7FD39469DF84400FDF725
:103B100053FEDDE72046D9F705F800283FF4D4A985
:103B20002046F1F724F918B1314620460CF0E8FCA4
:103B30000023212120460DF14602CDE911331393D4
:103B4000DAF7D5F810B901238DF84830637911A957
:103B5000C3F3410308A88DF84930FAF70DFB38B9D3
:103B60001221204609AADAF729F8002800F0D181AD
:103B7000139800283FF4A8A9FAF75AFBFFF7A4B955
:103B8000204607AA09A9DCF77CFB81460028EFD173
:103B9000012109A8D9F79FFD9DF81C0008991E284E
:103BA00000F0CA801F2800F047811D2840F0AE8138
:103BB0000DA8CDF834908DF83890F4F711FE0D9FD4
:103BC000F7B91D230899ADF86C302846D9F756FF90
:103BD0000028CDD111A908A8FDF725FDC5E700BF34
:103BE000E46000203C3F002049C804080029002070
:103BF00028610020A8580020B0610020C4400020A7
:103C00002B2200210DF16E0016F088FD42F61D33C7
:103C10003846ADF86C30F4F702FD97F81E90B0FA14
:103C200080F04FEA1919B9F1070F94BF002301235F
:103C30004009400140EAC310C9F3400940EA891035
:103C400040F008008DF86E00BB8B5BBAADF86F30AA
:103C50003B68CDF871307B68CDF875303B8C386EA1
:103C60005BBAADF87930D8F7CAFFCDF87B00F1F731
:103C700063F8BB68C01A4FF47A73B0FBF3F0D8F75F
:103C8000BEFFCDF87F003846FAF7A2FCD8F7B7FFA1
:103C9000CDF88300BB7F7F2B4CD8B7F8A8305BBA38
:103CA0009BB207F122094846ADF88730F5F771FB62
:103CB0008DF889004846F5F7B9FA8DF88A0097F82B
:103CC000253007F148008DF88B30FB8C5BBAADF8DE
:103CD0008C303B8D5BBAADF88E30FB8FC3F30D0398
:103CE0005BBAADF89030F4F791FC9DF86E3043EA82
:103CF00000138DF86E30B7F85030F86C5BBAADF841
:103D00009230D8F77CFF259097F8493028460899DB
:103D10008DF89830D9F7B2FE00287FF429AF11A9A9
:103D200008A8FDF780FC00287FF422AF0DA8F4F767
:103D300037FD44E70023B4E70DA8CDF834908DF8A3
:103D40003890F4F74DFDDDF83490DDF820A0B9F19E
:103D5000000F07D11E2329465046ADF86C30D9F725
:103D6000FEFF35E709F1640B584699F89C70F3F7AC
:103D7000F9FA002844D1A94B013793E8030085E8FC
:103D80000300D9F86400D9F868101DAB03C33F01E4
:103D90000237FE2F44D81E2350460BA98DF82C3035
:103DA0008DF82D70D9F7DBFF00287FF4E1AEB9F86C
:103DB0001C3050465BBA0BA9ADF82C30D9F7CFFFB9
:103DC00000287FF4D5AE2846F3F714FB38B910224B
:103DD00029465046D9F789FA00287FF4C9AE09F17F
:103DE0006C0799F89C9007EB0919B9450DD0394635
:103DF00010225046D9F779FA10370028F5D0B7E6E7
:103E00002846EAF79BFD002FC1D111A908A8FDF7AC
:103E10000AFC00287FF4ACAE0DA8F4F7C1FC92E7D1
:103E20004FF61E737FBA50460BA9ADF82C30ADF893
:103E30002E70D9F791FFB7E73C2141F61F0A4FF0EA
:103E4000800B774B774F03F5405292F88C2101FBA2
:103E5000023303F5285808F10C08B845089A04D134
:103E60001F231146ADF86C30AFE6B97F01F00F01AA
:103E7000072901D03C37F0E7BC46B98B049249BA18
:103E8000ADF86F10BCE80300CDF87510398CCDF893
:103E9000710049BA3846ADF87910CDF87F90CDF869
:103EA0007B90CDF88290ADF86CA08DF86EB0FAF7EB
:103EB0008FFBD8F7A4FE07F12201CDF87B0008465E
:103EC0000391F5F766FA03998DF87F000846F5F738
:103ED000ADF997F82510049A8DF88110F98C8DF8BA
:103EE000800049BAADF88210398D284649BAADF83C
:103EF00084101146D9F7C2FD00287FF439AE11A90C
:103F000008A8FDF790FB0028B4D031E6FDF754FC7B
:103F10005EE6BDF82630002B7FF432AEBDF84430AB
:103F20004FF4087203F07F036FEA43436FEA534391
:103F300029465BBA0898ADF86C20ADF86E30D9F719
:103F40000BFF00287FF414AE139806F11001FAF766
:103F500095F9FEF7B9BF2046D8F7ECFD00283EF4EE
:103F6000B3AF2A462046A189F2F7B4FF05460028E0
:103F70007EF4AAAF9DF86C30122B7EF4A5AFA78912
:103F8000DFF8A8800237BFB208F57569A8F5CC7ACA
:103F90009DF86D30E9B28B4205D8314620460CF0D1
:103FA000AFFAFEF791BF394489B2204611AAF2F761
:103FB0008EFF014600287EF487AF9DF84430222B07
:103FC00009D0242B0BD0092B03D18822504616F0A0
:103FD000A5FB0135DCE74046F5F737FBF9E7D9F8F3
:103FE0002438002BF5D0D9F828089847F1E7204667
:103FF000D8F7A0FD00283EF467AF0B4BD3F830583C
:104000002DB1324621460020D3F83438A847314636
:1040100020460CF075FAFEF757BF00BF104B00208A
:10402000A8280020B4520020A85800205849002099
:10403000064BD3F8E40908B9D3F8EC09D3F8E03912
:1040400013B1984228BF1846704700BFA838002017
:104050001B49026AD1F8EC3932F0004208BF1A4617
:1040600030B5184C436AD1F8F059A24228BF224615
:10407000002B08BF2B46A34228BF2346C07D934296
:1040800038BF1346052808D8032808D9D1F8E829ED
:104090008AB193420FD0002010E00628FBD1D1F85E
:1040A000E40908B18242F6D1D1F8E80908B18342A7
:1040B000F1D1C1F8E4290120C1F8E83930BD00BFD1
:1040C000A83800209AC4200000F0F003E02B19D19A
:1040D00000F00E000E2819D8DFE800F009180818C3
:1040E0000E18101818181818181812002B2008701D
:1040F000002070471120FAE72C20F8E73C20F6E773
:104100002920F4E700F0F800F028F3D006207047EB
:10411000064890F83C3EDB0705D500F64C6100F5FB
:104120006560DAF7DAB80B20704700BFA8380020C6
:1041300010B50446C088216818B1BDE81040F7F7F3
:104140000BB84B89E380054BD3F8400AF2F7F7FD33
:1041500010B92168A088F0E710BD00BFA838002082
:104160002DE9F041DEB0054624A80CF039F91822FB
:1041700000210DEB020016F0D1FA384B28680593A8
:104180000D231C228DF8203005A94689D9F7ADF8FA
:10419000044600285AD1324F2968D7F8400AF2F76E
:1041A000CEFD0446002851D12968D7F83C0AF2F721
:1041B000FBFD0446002849D14FF0400824A8DAF757
:1041C0002CF8296806F10A024B8992B20A3B9B1B24
:1041D0009BB224A8DAF735F833462246296824A88A
:1041E000DAF72FF80CA924A8DAF746F814AF04ABD5
:1041F0000293CDF80480009720231A49E8680CAA9E
:10420000EAF70AF908BB31462868D8F7D1FF2868D1
:10421000F2F7BFFD0446C8B928681C2205A94689E3
:10422000D9F763F8044688B92846FFF781FF0446AA
:1042300060B9424639462868D9F757F8044628B984
:1042400031462868F2F7EAFD00E0012424A80CF0CA
:10425000BFF820465EB0BDE8F08100BF001800FF47
:10426000A83800200906000630B5114B85B001932F
:104270000546FFF7DDFE0C46D8F7C1FC4FF480532E
:1042800002902046ADF80C30FFF752FF70B90A22B9
:10429000206801A9D9F729F840B9102229462068D9
:1042A000D9F723F810B923890133238105B030BD34
:1042B000001C00012DE9F04F036A0C4643F0004357
:1042C0000968C67D036205468FB00068B1F80A90A0
:1042D000F2F735FD8346002840F017812168A08859
:1042E000F6F73AFF8346002840F00F81043EF6B20D
:1042F000012E00F2AE80AB4A0492D8F780FC059004
:1043000020680A2204A94789D8F7EFFF83460028CE
:1043100040F0FB8021686868B1F80A80F2F703FD7D
:104320008346002840F0F18048462168F6F714FFE4
:104330008346002840F0E98039462068F2F76EFD98
:10434000228901322281AA68002A40F087804046F3
:104350002168F6F701FF8346002840F0D6804FF031
:10436000FF220A92D8F74BFC0A220B900AA9206878
:10437000ADF830B0D8F7B9FFD9468346002840F0F1
:10438000C4802289012E02F10102228140F2BD8007
:1043900040462168F6F7E0FE002858D1824A0A928A
:1043A000FFF746FED8F72BFC6A8A0B9052BAADF89D
:1043B0003220AA8A206852BAADF834202A8A0AA983
:1043C00052BAADF8362010224689D8F78EFF002861
:1043D0003DD12046FFF7ACFE002838D13146206899
:1043E000F2F71CFD22894046013221682281F6F74E
:1043F000B3FE60BB6D4A2068049204A90A22478973
:10440000D8F773FF18BB8DF81C905E464FF03D093E
:10441000226895F8168008925289ED68ADF824203C
:10442000B2B2904559D89DF81C20002A00F0A68011
:10443000012A00F0B48000220DF10F018DF80F2049
:1044400007A80122D8F785FF002800F0A080834646
:104450005BE0574B0493FFF7EBFD4EE7012E7FF631
:1044600076AF5F46DA46AA68BBB252F823002168ED
:10447000019300283FF46BAFF2F755FC8346002808
:1044800043D1019B216833BB4A48B1F80AA0F2F737
:104490004AFC8346002838D148462168F6F75CFE7E
:1044A0008346002831D120680A22438904A9019358
:1044B000D8F71BFF834640BB40462168F6F74CFE09
:1044C0000137834608BB01992068F2F7A7FC2389CE
:1044D00001332381C7E75046E0E728688DF80E9046
:1044E00058B9696831B12A8922B107A8D8F731FFD4
:1044F0000028ACD101360C3592E74FF48071D9F722
:104500005FF9824628B94FF0070B58460FB0BDE857
:10451000F08F6A6862B98DF80F0001220DF10F016A
:1045200007A8D8F716FF002891D152462968DCE782
:104530002A8911180131FF29E5D8013202448DF88A
:104540000F200DF10F01012207A8D8F702FF002864
:104550007FF47DAF5246296807A8D8F7FAFE0028F5
:104560007FF475AF01220DF10E0107A8D8F7F1FE17
:1045700000287FF46CAF2A896968B6E7089ABDF80D
:1045800024105289521A92B2002A3FF454AF39468D
:104590002068F2F743FC228901322281B5E7BDF899
:1045A0002420F1E7000C00FE0021000100100001B2
:1045B000000C00014007050837B50D4C6846D4F8DB
:1045C000C81F0BF0DEFF04F5805504F6C87400998F
:1045D00009B903B030BD4B7920465B0902BF2B6996
:1045E00001332B61D8F71AFD6846D8F76CFDEEE76A
:1045F000A838002010B503790146C3F340049B0797
:1046000090B003D50124204610B010BD01A8F3F7E7
:1046100013F90028F7D107A8F2F7BAFF0028F2D063
:10462000174B93F8B130002BECD09DF80A30062BD5
:1046300018D0112BE7D144F64D41BDF82E2053BAC6
:104640008A429BB2DED00F4A02F5805191F8CA1D12
:1046500001F6E36102EB41020B498A42084606D1AA
:10466000002008E0BDF82E305BBA9BB2EBE704886F
:1046700002319C42F1D1041E18BF0124C3E700BFE0
:10468000A8480020A82800206E46002073B51349D2
:104690000646DBF713FE0446D0B9054629463046E8
:1046A00006F0E0FD0546A0B1294668460CF046FF3D
:1046B00002216846FAF7A6FC0028EFD04178821C58
:1046C000023943189A42F3D8518849BAC90503D52B
:1046D0000124204602B070BD0432F3E7104B0020E5
:1046E00037B51748D8F7AAFE0024164D0190019B54
:1046F0002BB9642C94BF0020012003B030BD1A797F
:10470000D20715D5D5F8D02F934211D05A79520936
:1047100002F0050101290FD052B95B8901347F2BCA
:10472000A4B205D960227F3BB3FBF2F323449CB2D1
:1047300001A8F0F705FBDAE70134A4B2F8E700BFFF
:1047400060480020A83800202DE9F041364E04468C
:1047500096F9EB02831C48D1002106F54870F4F766
:1047600092F80322B6F82033181AB3FBF2F39842FA
:10477000B4BF1046002000238001A0706371237134
:10478000E37096F8B130022B06D196F8141120464A
:1047900001F00301F9F780FE3C22244D05F5405855
:1047A00098F88C31A8F2F45702FB035505F528550B
:1047B0000C35BD421FD198F88C311D48237296F8F4
:1047C000EF10890201F47C41FBF7AEFC102828BFF2
:1047D0001020A07198F8DC31E37105236372002387
:1047E000A3720123E372BDE8F0810028C3D0CCBFDF
:1047F00001200320BFE7BA8BB6F8BE309A4210D032
:10480000BB7F03F00F03072B0BD197F82430204612
:1048100003F00301C3F38103994228BF1946F9F756
:104820003BFE3C37C5E700BFA8480020A828002071
:10483000B052002070B504460D46496804F12206C6
:104840001831DAF7BEFE3046F4F786FD28682C30C2
:10485000F4F7ECFC01463046F4F7A4FD0023E377BF
:10486000F0F76AFAA06070BD124B93F8B620052AE3
:1048700007D10222027093F8B830012B13D9172008
:10488000704701210170B3F8C21093F8B8300129C4
:104890000BD8042A09D0062BF1D8012A03D0022B09
:1048A00001D80023037000207047022BE7D8F8D10D
:1048B000F9E700BFA848002013B50446094BD3F818
:1048C000A42693F8A8361344CDE9002305216846B1
:1048D000FAF798FB20B1837803F00F03A342F5D1D8
:1048E00002B010BDA85800202DE9F0418AB08046E2
:1048F00068460F4615461E46F0F7A8FA4FF2BF036A
:104900000120ADF8223006F062FB044630B141468A
:10491000F3F720FE28B12046D8F7C5F90AB0BDE864
:10492000F08108233A4603212046D9F71BFA0028D4
:10493000F1D10F4B02212046B3F8BE20D9F752FA2D
:104940000028E8D15DB931466846FCF7DDF96A46D2
:1049500021460848F0F750FC0028DFD0DBE70621AD
:1049600020462A68D9F74AFA0028ECD0D3E700BFDE
:10497000A8480020C4400020F0B58BB00746684628
:104980000E461546F0F762FA4FF2BF031D48ADF828
:10499000223006F013FB044668B1B5FA85F1022215
:1049A0004909D8F73FFC20461749D8F7CDF820B180
:1049B0002046D8F778F90BB0F0BD2046D8F7AEFC0A
:1049C0000028F5D139462046F3F7C4FD0028EFD181
:1049D0000823324603212046D9F7C4F90028E7D13D
:1049E00055B96846FCF77AF96A4621460748F0F758
:1049F00003FC0028DFD0DBE729466846FCF784F992
:104A0000F2E700BF49C80408C6050508C4400020F5
:104A10002DE9F0410C460546164694B004A8DCF793
:104A200030FB2B4B01A8C5E90034139B002B18BFAA
:104A30001E46B489DCF73DFD21460C233046AE60AE
:104A400001AAD8F7A3F904F10C01002489B2BDF83A
:104A50000830A2B25BBA9BB29342ADF802102BD8D9
:104A6000BDF80A80298298FA98F81FFA88F20DF1A9
:104A700002013046F2F788FABDF80C70BDF802303A
:104A80007FBAAB82BAB20DF102013046F2F77CFA7E
:104A9000BDF80E40BDF8023064BA30462B83A2B296
:104AA0000DF10201F2F770FA1298A5F81280EF8268
:104AB0006C8314B0BDE8F0810DF102013046F2F7CD
:104AC0004BFABDF802100134043189B2BFE700BFD0
:104AD000A828002010B5C2B0044601A80BF000FCC5
:104AE000074801A9DBF716F910B1172042B010BD35
:104AF000214601A8DBF788FB0028F7D0F5E700BFC7
:104B00000C46002000B5CDB00BA80BF0E9FB1A480D
:104B10000BA9DBF7FFF8B8B901A90BA8DBF774FB09
:104B200090B9164901A8DBF7B8FF002812DD332140
:104B30000BA8DBF7DFF834210BA8DBF7DBF8012249
:104B40000F480BA9DBF7ECFF0B48DBF721FA4DB060
:104B50005DF804FB03A90BA8DBF796FB0028F3D153
:104B6000084807A9F6F7A0FC03A907A8DBF79FFBF5
:104B70000028DCD1E8E700BF0C460020F04500200B
:104B8000E0450020744600200C4890F89F30032B2D
:104B900013D903F0FC02FC2A0FD0FC3380F89F30BD
:104BA000DBB2032B09D890F8AD3001216FF3071366
:104BB00080F8AD309430D9F7E9BB7047A8480020A1
:104BC00073B5164D95F8B1000BF03CFA50B10023C7
:104BD000684600938DF80430F3F702FE05F5805522
:104BE000009C0CB902B070BDA37F7F2B0ED820466D
:104BF00094F89F60F3F713FD60B995F8AB369E42C9
:104C000004D020460CF0BCFD0028EBD16846F3F739
:104C1000C7FDE5E795F8AA36F1E700BFA8480020F0
:104C200007B54FF6FD72904203464FF0000008D8DA
:104C30000122019068468DF80020ADF802300BF09B
:104C400007FA03B05DF804FB70B58EB005460E465A
:104C500002A81949D8F7FFFC029C0CB90EB070BD30
:104C60002046B047B8B1294620460AF07BFE78B10D
:104C70006379590913D1204604AAF2F7BEFD0AA8A8
:104C800009F098FC854202BF23796FF3000323717A
:104C9000204606F0E1FC02A8D8F715FADCE7012966
:104CA000F6D104A821460DF106020BF08CFABDF8EE
:104CB0001200FFF7B5FFE5E76048002010B50024BB
:104CC0008EB001A88DF83440F2F7C5FB05A80C2181
:104CD000F4F72CFE2346034805AA01A9FCF7B2FB12
:104CE0000EB010BD584900202DE9F04F0C46474D3D
:104CF00085B0064602A905F5CC7095F8DC81FBF776
:104D00002DFE002C3ED0B4F81C90C9F30804002CF2
:104D100038D195F88C71142F34D96FF0800BA5F52C
:104D20008055B5F8BEA095F8EF304FEA9A2A4FEAC1
:104D30009929E5B2AA4505D13E2C00E0142F1DD0DB
:104D40000134F6E7A945F7D0AB42F5D0294602A8D1
:104D50000193F9F7E8FA019B0028EDD004AA02EBD1
:104D6000D50212F8081C05F007054BFA05F50D40B1
:104D7000013F3E2C02F8085CFFB2DFD1A8F14008E9
:104D80005FFA88F84FF0000986F802804C464FF031
:104D900001081F4D02AB03CB05F60827C6F8030038
:104DA000C6F807105FFA89FA514602A8F9F7BBFA6C
:104DB00060B1B5F8BE304FEA892B1FFA8BFB5B451B
:104DC0000ED1331983F80B800134E4B209F10109E3
:104DD000B9F13F0FE6D10934747005B0BDE8F08F2A
:104DE00051463846FAF7F3FC824600B9FEE75946C9
:104DF0003846FBF799F9102828BF00209AF824209C
:104E0000331940EA0210D872DEE700BFA85800202C
:104E1000A848002030B5C3B0054601A80BF060FAE1
:104E20000E4801A9DAF776FF044628B9352101A812
:104E3000DAF7FCFD18B91724204643B030BD6946A7
:104E4000DBF7FEFB0028F7D1054B009AD3F8483E6C
:104E500013402B60002BEFD1EDE700BFE0450020B1
:104E6000A8380020002313B5044601A80193FFF7DA
:104E7000D1FF18B1044BD3F8483E0193214601A855
:104E8000D9F72BFA02B010BDA8380020F0B50322E4
:104E900000241E4B85B00646596801A80194029370
:104EA0008DF80C20F2F76EFD019B4BB901A8019320
:104EB0008DF80830F3F794FC019D4DB905B0F0BDB5
:104EC0001A7D01A8B24208BF1C75F4F7B4FBEBE7EA
:104ED00095F89C7005F16C0404EB0717A74203D109
:104EE00001A8F3F75DFCE7E72046F2F75BFB50B162
:104EF00029462046F3F7E6FB864204D12A460021E4
:104F00002046F3F713FC1034E8E700BFE83F002029
:104F100008B50C48F9F722FA88B10B4B93F8B12089
:104F2000022A0DD193F8E022510709D403F58053EA
:104F300093F8E931013B092B01D9C2F3400008BDC8
:104F40000020FCE758490020A8480020064B93F8B1
:104F50004F290AB1824205D983F84F09D3F84C0989
:104F60000BF042B9704700BFA8580020064890F8DF
:104F7000B130022B06D190F8B3309B0702D4B03089
:104F8000F4F74EBD704700BFA848002038B504466E
:104F90000D4605F0B1FEA0B1A37C03F00103AB42C6
:104FA0000FD0224600210748F2F798FCA37C224646
:104FB00065F30003A3740121BDE838400148F2F70E
:104FC0008DBC38BDE83F002010B586B001A904466D
:104FD00009F098FC10B100238DF815309DF81530BC
:104FE000227E9A4216BF01200020237606B010BD13
:104FF00008B5817C11F0020FC1F340030FD011F00E
:1050000001030CD048F2FE02038823F47C53934240
:1050100007D00549DBF752F980F00103DBB21846EF
:1050200008BD0023FBE700BF104B00202DE9F0472F
:10503000D8B0064605A8DCF73CFA9DF81630AD4816
:1050400023F0780343F028038DF816300023F06036
:10505000736033818DF8BD30D2F752FE00285BD1EA
:105060007E220B2010A908F0E5FC0446002840F041
:105070000681CDE9300032909F4930A89DF8BD806F
:10508000E7F702F806F10C0A08AD002840F0EA80C4
:10509000B8F1000F27D008F1FF3910AB13F8093031
:1050A000C5E90044AC60002B40F0BC8004AF28464A
:1050B000924A9349009710AB07F0E8FC002840F0B3
:1050C00093808D4930A8E6F7DFFF30B9D5E90012AB
:1050D00030A807F03CFF002873D030A8E7F75EF84F
:1050E0002846E7F74CF806242023CDE90153012395
:1050F00047F21211009350464FF44053814AD3F7C0
:1051000005F8002840F0B080002C40F0AD804FF052
:10511000FF310B2006F094FD7B4D0C22B5F8D239FF
:1051200030685BBAADF814304FF4807305A9ADF860
:105130001830ADF81E30D8F7D8F80446002840F0F3
:105140009A803168D5F83C0A4B89B380F1F72CFE80
:105150000446002840F08F806C4B306830A93093B3
:10516000D8F7FAFD0446002840F0858095F84A3AC1
:10517000D5F84C7A043B012B40F2FE813A46D5F833
:10518000ECC9D5F8F0E9624CC5F8E409C5F8E809BE
:10519000002A7CD1002F40F0A78095F8D1399A06DB
:1051A00000F1CC804FF47A79D5F84C7ADFF8608141
:1051B000002F00F0C380FB7D062B00F0AD81FF695E
:1051C000F6E72846E6F7DBFFDDE93030002B47D075
:1051D0001B78023B032B28BF0020202260300DEB00
:1051E0000201D3F78FFA7FE710F59C5F3FF47BAFA6
:1051F00010F5845F7FF477AF10AB13F809308BB9EB
:105200002846444A4449009710AB07F03FFC28B9B0
:10521000D5E9001230A807F093FF5CE710F5845F32
:105220007FF461AF424610A930A807F089FF00283B
:10523000CAD030A8E6F7B2FF00232F4930A8CDE945
:1052400030333293E6F720FF30B9424610A930A838
:1052500007F07DFE0028B7D030A8E6F79FFF42E7B1
:105260001846BAE701243FE7F068D4F75DFE04462C
:1052700000283FF44CAF204658B0BDE8F087F068F6
:10528000D4F752FE044600283FF446AFF3E7136A12
:1052900033F0004014BF01466146536A1062D07D6E
:1052A000A14228BF2146002B08BF7346032803D024
:1052B000052809D0012815D1D5F8E40910B181429B
:1052C00000D0FEE7C5F8E419A34228BF23468B426D
:1052D00038BF0B46D5F8E81911B18B4200D0FEE774
:1052E000C5F8E839D26953E7FB7D062B16D1FF6973
:1052F00050E700BF0700020028050508450705081C
:1053000062070508FF060006A83800200006000115
:105310009AC42000810705089B0705083846FEF758
:1053200097FE0028E3D031463846FEF7C3FF044617
:105330000028A0D195F8D1399906D8D5D5F8E42917
:10534000D5F8EC39AF49002A08BF1A46D5F8F0095C
:10535000D5F8E8398A4228BF0A46002B08BF034621
:105360008B4228BF0B46C5F8E8399A4294BFC5F86E
:10537000E429C5F8E4393046FEF7DAFE80460446F3
:1053800000287FF478AF4FF0FF233093D7F737FC36
:105390000A223190074630A93068ADF8C880D7F7A7
:1053A000A4FF044600287FF466AF338901333381BC
:1053B00095F8493A002B00F02181D5F84087A5F8EF
:1053C000D609B8F1000F40F0E480B5F8D6399BB9A2
:1053D00031468D48FEF748FF044600287FF44BAF66
:1053E0008A4A92F89B3243F0020382F89B32B5F866
:1053F000D6390133A5F8D6393046FEF799FE044672
:1054000000287FF438AF824B0893FEF711FED7F7E0
:10541000F6FB804B09900A9340F603530E22306846
:1054200008A9ADF82C30D7F760FF044600287FF4B8
:1054300022AFF06804AA30A907F0ECFC80460DF119
:10544000C10310AC0DF2011C2246186859680833DC
:1054500003C263451446F7D1B8F1000F40F0D08085
:10546000402230680DEB0201D7F73FFF04460028C9
:105470007FF401AF3389414601339BB233815BBA7C
:105480003068ADF81C3005AA0C23D7F762FD3068F0
:10549000F1F77FFC044600287FF4EDAE5E4B1197D8
:1054A0001093C7F307475D4BD5F8E40967F07F0712
:1054B00030938DF84670D7F7A2FBD5F8E8493190C4
:1054C0002046D7F79CFB4FF4406332900A223068A5
:1054D00010A9ADF84830D7F708FF044600287FF43C
:1054E000CAAE0C22306830A9D7F7FFFE0446002868
:1054F0007FF4C1AE3046FEF733FE044600287FF449
:10550000BAAE4FF400734146ADF81E3030680C233C
:1055100005AAD7F71EFDAEE63846FEF799FD00282E
:105520003FF44DAE3C6AD5F8EC3934F0004408BF86
:105530001C46D7F818A0EFF7FFFB444528BF4446A8
:1055400009FB04F4A0EB0A0010EB54003FF537AE62
:10555000FB7D3146022B18BF0223384618BFFB756E
:10556000FEF7A8FE044600283FF429AE83E63B6A16
:1055700043F000433B62FF69002FF8D195F8D13921
:10558000C5F8E479DB0658BFD5F8F079C5F8E879B5
:10559000F1E64046FFF72CFDA8B131464046FEF744
:1055A00063FE044600287FF466AE98F8133043F09B
:1055B000020388F81330B5F8D6390133A5F8D63987
:1055C000D8F81480FDE698F8133060F3410388F8AA
:1055D0001330F5E7D5F8440A314600EB0310FEF727
:1055E00043FE08F10108044600287FF444AE95F814
:1055F000482A5FFA88F39A42ECD8FDE69846F6E727
:10560000012438E69AC42000304B0020A84800202E
:105610000019000100440201002904F800020008FA
:1056200038B50D460446A8B144220221D7F7FAFD49
:1056300005F1350323F001035A8804F1350323F003
:105640000103294620465A80D7F744FE28B1204658
:10565000D7F729FB0024204638BD2046D7F75EFE49
:105660000028F8D0F3E713B540F20133044601A84F
:10567000ADF8043005F0A2FC214602B0BDE81040B0
:10568000CEE770B50D461646FFF7EDFF044680B134
:1056900032461021D8F79BFB20B12046BDE8704070
:1056A000D7F701BB2A4621460248EFF7A5FD00289F
:1056B000F3D170BDC440002070B5D4B00C4605468F
:1056C00013A80AF00DFE00230D21204601AA8DF833
:1056D0004830D8F773FA60B9BDF80630F3B99DF8D1
:1056E000483033B12B78012B03D1342102A8DAF7EB
:1056F000D7FC13A92846DAF70DFB2046FFF7B3FFC6
:10570000044600283CD01F4E13AD9DF84A3113AA21
:1057100013449D4212D3204654B070BD0DF10302D4
:1057200001A92046DAF7ADFD9DF8031002A8DAF7CB
:10573000B7FC012101A8D7F7CEFFCDE79DF848209F
:10574000297852B9052912D196F8323EDB070ED4DA
:105750002846D8F78DF90546D7E702AB1A449A4296
:105760001846F5D0007801338842F8D1EAE721469F
:105770002846D8F783F90028EAD02046D7F793FACD
:105780000024C8E7A838002010B5084991F8FC4863
:1057900054B1E21DD20801F6EC01F1F7CAFF8442D0
:1057A0008CBF0020012010BD2046FCE7A858002037
:1057B00038B505461C4890F8B33000F5805413F016
:1057C000020F03D1F030F3F77BF8B0B14FF6FE7360
:1057D000B4F8E0289A4210D0B4F8E218D4F8E438CB
:1057E0009DB9B3F5967F38BF4FF496735808A3F16F
:1057F00009010130D7F790FF0DE00023C4F800390C
:105800000A48BDE83840F8F78FBE01294FF0010083
:1058100001D9D7F7A9FFD4F800390BB18342EFD9EA
:10582000C4F80009ECE700BFA8480020A8610020E8
:1058300038B50F4D441E05EB8404D4F8AC37012B6A
:1058400015D1EFF779FA4FF47A72D5F8E83702FB01
:1058500003000228C0F1020188BF00210144C4F8FE
:10586000AC1705F2EC70BDE83840D8F761B838BD28
:10587000A858002008B54378023303448B4211D165
:1058800001460B48F9F76CF9002008BD0A78D207E9
:1058900005D5037843F0010303700120F5E74A784A
:1058A000023211448B42F1D8037803F0FE03F3E790
:1058B0004C5F0020037873B14278074B22B193F814
:1058C000AA26013283F8AA2693F8AB26013283F880
:1058D000AB2608F097BD7047A85800207FB50D484B
:1058E00001A9FDF77FF890B99DF8042001ABC1B282
:1058F000914205D3012080F0010007B05DF804FB60
:1059000013F8011F01300029F1D00020F3E7002037
:10591000F3E700BF4C5F0020144B10B493F89F20B6
:1059200093F8AD4002F0FC01FC291CBF043283F85F
:105930009F20002808BF082093F8AD20110981425C
:1059400038BF014661F3071283F8AD2093F8AC30FD
:10595000DB0707D50F2C05D8012105485DF8044B5E
:10596000D8F714BD5DF8044B704700BFA84800206D
:105970003C4900201FB5002348F2FE020B608DF861
:105980000C3003880C4623F47C53934202D013203E
:1059900004B010BD00F1080101A8D9F712FE0223DE
:1059A00001A88DF80C3004F0A5FF20600028EED08F
:1059B000038C032B34BF1B200020E9E7F8B5174602
:1059C00000221D461A60436A044693420E4623DBBA
:1059D0000621134B1348D7F79FFD2860F0B12146ED
:1059E0004022D7F782FC044638B929686EB9384698
:1059F0002968F1F7D9F9044628B1286818B1D7F712
:105A000052F900232B602046F8BD3046F1F78BF9A0
:105A100004460028EBD0F0E70724EEE70324ECE788
:105A200049C8040800290020034B0146186800B942
:105A3000FEE7E9F71AB900BFA4200020F0B5C3B013
:105A40000F46054601A81C4616460AF049FC0023ED
:105A5000394601A88DF80231DAF794FE9DF802016B
:105A60002318FE2B13D801AB22463146184414F0FC
:105A700060FE9DF8023128461C4401A98DF80241C0
:105A8000DAF7BCFA08B9C5E9090043B0F0BD032054
:105A9000FBE7FE2313B5ADF8023003680C460A4657
:105AA00001930DF10201012301A8FBF705FA18B9D2
:105AB000BDF8023084F8FE3002B010BD4FF4401340
:105AC0004FF4201230B58FB00193039200230822C7
:105AD000044600910B7004AD0DEB02018DF81030FF
:105AE0000295F1F7EEFD2A466846238A0249D7F768
:105AF000BCFE0FB030BD00BFB7070508F8B5B0F960
:105B000000400546002C0E460FDB244B03F50052E7
:105B1000B2F82003B02204FB023303F50C53283300
:105B2000A4B2A0420BD800232B802C881C4F6442C7
:105B300024B23E2C19DD6442172024B213E019462A
:105B40008A7F013402F00F02072A24B203F1B00366
:105B5000E6D13046F8F752FD96F8263043F00803B8
:105B600086F8263000202C80F8BDE1B23846F9F7DF
:105B70002EFE014678B1837F03F00F03072B0AD175
:105B80003046F8F73BFD96F82630E4436FF3C30345
:105B900086F82630E6E7013424B2CAE7A8280020B8
:105BA000B0520020024670B501F10805082411F832
:105BB000010B538883EA002006B24300002E98B2FE
:105BC000BCBF13885840631E13F0FF04F4D1A942F0
:105BD0005080EBD170BDF0B52A4BCDB0054612A870
:105BE0000F4601930AF0FCFB2022072002A907F0D0
:105BF00021FF70B1202102A8D2F793F818B120211B
:105C000002A8D2F78EF8202307200AAA02A907F0DB
:105C10001DFF4FF4807612A8D8F7FFFA2A7C294698
:105C20000732D20812A8D8F703FB042212A80DEB02
:105C30000201D8F7FDFA0122394612A8D8F7F8FA7E
:105C4000202202A912A8D8F7F3FA0AA912A8D8F7B5
:105C500013FB0AAB03CBA860E96005F10800F1F77C
:105C6000AFFB044638B13B78013E0133B6B23B701E
:105C7000002ED0D1012412A80AF0AAFB20464DB074
:105C8000F0BD00BF7770616E00232DE9F047DFF8AB
:105C90004C8188B04E4F0193404602AA01A9F8F703
:105CA000F7FE064610B108B0BDE8F0879DF8193040
:105CB0001D07F1D59DF81A305C07EDD49DF818301A
:105CC000402BE9D1D7F8A0385BB90525414C013DFF
:105CD0000DD1D7F8404714BB05213E4B8DF803404A
:105CE00033E03D4802A998470028EED0D4E7A37CD2
:105CF000980704D5214602A8FBF743F908B92034D8
:105D0000E5E7E369002BC7D09DF819305907C3D5E3
:105D1000002301212046E361FFF738F9BCE7214663
:105D200002A8FBF72EF90028B6D16469D3E79A7C64
:105D300092074BD5DA693AB1002C45D0E069121AC6
:105D400034EA220428BF1C4620330139EFD1002C4D
:105D5000A2D0A37C9B0702D5204604F0FDFF0023C0
:105D6000E3619DF819309DF81890DA09204614BFB8
:105D7000CA464FF0800AC3F38005F1F7D8FE01232D
:105D80006374A37C204623F0030145F002030B4318
:105D900084F810A002A9A374F1F7BAFB4A460F4891
:105DA00002A9F9F73CF900B186780DF1030120460C
:105DB0006676FFF710FF002320462376FFF704F9ED
:105DC000204604F0ABFF67E71C46BDE71C46C0E772
:105DD000A838002058410020A82800204C5F00204F
:105DE00010B50446044805F0E9F82246BDE8104025
:105DF000002104F00BBF00BF49C804084FF4A813EA
:105E000007B50193002300910B704FF47A716A4635
:105E1000A0FB0101D8F7CDF803B05DF804FB07B58E
:105E2000044B0F22009304491823D6F7C8FE03B091
:105E30005DF804FB2D020208E0020508F8B50546EE
:105E40001F480E46F8F769FF1E4C014694F8A876E5
:105E500094F8A92678B14378AB4203D3974206D988
:105E600003202CE0EB1A17FA83F39A42F8DB14486C
:105E7000F8F776FE04E0AB1C17FA83F39A42EFDBE7
:105E800094F8A81694F8A926AB1C11FA83F3934250
:105E900002DD00233360FEE7D4F8A40684F8A836B8
:105EA00042183260002AF6D008234354557094F803
:105EB000AB36013384F8AB3608F0A4FA0020F8BD05
:105EC0004C5F0020A858002073B50D46064601A976
:105ED0002846FFF7B3FF044628B901982A46314601
:105EE000023014F026FC204602B070BD40F20B23B5
:105EF00007B50421094AADF80430B2F8DE380DEBDD
:105F0000010001339BB2A2F8DE385BBAADF806306F
:105F1000FFF7DAFF03B05DF804FB00BFA8580020CC
:105F200007B50F490F4801AAF1F752FD00B1FEE78E
:105F3000019B0D4A93420FD00C4A5BB90C4BC3F83E
:105F400044270121064B094A0A4803B05DF804EBD7
:105F5000F1F7B5BC1A61F4E703B05DF804FB00BFCC
:105F6000E4E30408EC3F0020F8E30408BCE704087D
:105F7000A8380020E83F002000B5C3B001A80AF00F
:105F8000AFF90748D7F7DDFC064801A9D9F7C2FEEB
:105F900010B901A804F00EFE43B05DF804FB00BF89
:105FA000384600200C4600202DE9F04385B0E84635
:105FB0000526134C231D04F10809019304F10C0379
:105FC0000094CDF808900393A4F20444013E02D15A
:105FD00005B0BDE8F08358F8047B3D68002DF5D08E
:105FE0002846F2F763FA4F45386003D1022128466C
:105FF00009F064FB29462046F2F79BFAEDE700BF63
:10600000305F002070B5456B0446B5F5C07FE0B049
:106010001DD84FF4C0720021684614F07FFB2A4659
:106020006946236C606C9847A0B9666B6946324636
:106030002046E8F789F9054608B9012323631EB114
:1060400031466846E6F786F8284660B070BD6FF0C6
:106050000405F9E76FF00805F6E72DE9F0434FF086
:1060600000084FF0010985B007460D46104641462D
:1060700014461E46CDE90289D2F70CFC80B93146A0
:106080003846D3F77AFB044618B92846D3F763FAA3
:10609000044602A8D2F7D8F9204605B0BDE8F0833F
:1060A00049462046D2F7F6FB58B931463846D3F771
:1060B00064FB04460028ECD131462846D3F735FA74
:1060C000E6E74FF0FF312046D2F7E4FB18BB31463C
:1060D0003846D3F752FB04460028DAD13146284629
:1060E000D3F723FA04460028D3D1083501462846C1
:1060F000D2F7D0FB2A460646391D02A8D2F700FC8B
:1061000004460028C5D1321E18BF0122284602A924
:10611000D2F752F9BCE73346224629463846CDF835
:10612000008007F01FF9B3E730B50446154A85B083
:106130001068516802AB002C03C304F1FF350ED187
:10614000114B07349A6CDB6CCDE900232B4602AA75
:1061500012F8011D03F8011F9C42F9D110E02A46F4
:106160000A4B0B4913F801098B4202F8010FF9D1D0
:10617000082220460DEB020114F0C0FA0028DFD0FF
:1061800005B030BDBF0705080080E00F0900E00F33
:106190000100E00F2DE9F04F9846436B05460F468E
:1061A000144691B0002B00F0B08001214046D2F798
:1061B00071FB0028C0F2AB8005F134063146404641
:1061C000D2F720FB002880F2A2800AA8D3F77DF93D
:1061D000002201234FF00C09CDE90423CDE9062369
:1061E000CDE90823B9F1010900F08D804FF00C0AC8
:1061F00005F11C0BBAF1010A00F08580DDE91C23D2
:1062000004A92846D3F776FB0146002869D1414B03
:106210000AA9009328465B4604AA07F0A3F80146A2
:1062200000285ED10AA932463846D2F70FFC014653
:10623000002856D13846D2F72DFB0028DAD006A91F
:106240002846DDE91A23D3F70BF90146002848D187
:10625000034608A928462F4AD3F74CFB01460028DD
:106260003FD1394642462046D2F76BFB0146002813
:1062700037D106A908462246D2F724FB014680BB47
:1062800006A9084608AAD2F75CFB014648BB04A948
:10629000084608AAD2F755FB014610BB04A90846D8
:1062A0003246D2F7D3FB0146D8B904A9324620467C
:1062B000D2F70EFE0146A0B92146204606AAD2F723
:1062C00040FB014668B9214632462046D2F7BEFB64
:1062D000014630B903902046D2F7DCFA0399002832
:1062E00080D00AA80391D3F745FD04A8D2F7ACF8F3
:1062F00006A8D2F7A9F808A8D2F7A6F80399084685
:1063000011B0BDE8F08F0449EBE70449F7E7044911
:10631000F5E700BFFDD5010800B3FFFF80B0FFFF28
:1063200080B3FFFF2DE9F043C7B00C469146984675
:1063300007464E9E509D002800F0DC80002900F0AA
:10634000D980002A00F0D680002B00F0D380002EE8
:1063500000F0D0802DB96FF09404204647B0BDE81E
:10636000F083282200211AA814F0D8F92022002155
:106370000AA814F0D3F921464A4638460AABE0F79A
:106380006FFE04460028E8D17B880733DB08B5EBB5
:10639000430FE0D14FF006213846E1F717FC0446E1
:1063A0000028DAD101462490842225A814F0B6F9F9
:1063B0003B8823F0FF03B3F5E24F30D112AF0DF16C
:1063C000280CBCE80F000FC79CE80F0087E80F00FF
:1063D000149B1AA823F0407323F4804343F4005322
:1063E00014930023159324AB16938823179316F068
:1063F00054F810BB12AA0AA91AA8E0F7EFF9074649
:106400001AA816F04AF8074317D10DF1280C12AF5D
:106410000FCFACE80F0097E80F008CE80F001AA828
:1064200016F03BF848B90C9B9B0409D46FF092041A
:106430001AA816F032F800288FD06FF092048CE77B
:106440000A9F2E4B2E4A07F07047B7F1404F18BFF6
:1064500013461C90CDE91A30229012A90AA8E0F741
:1064600047F8002836D112991AA816F01DF83146BF
:106470001AA816F019F801A90AA8E0F712F948BB02
:1064800001A91AA8E0F74AF904A90AA8E0F720F937
:1064900000BB04A91AA8E0F741F901234F9A46F07E
:1064A000005645F00055B7F1404FCDF81C800893D9
:1064B000099612921393149513D112A91AA8E0F712
:1064C0002DF907A91AA8E0F729F91AA814F038FD40
:1064D0000028ADD02C280AD00128A7D16FF08B045A
:1064E000A6E707A91AA8E0F719F912A9EAE76FF0D9
:1064F00094049DE76FF086042FE700BF00000306B9
:1065000000000106044A054B013800D2704753F8D9
:10651000041B42F8041BF7E7207900208061000883
:10652000094B186F00F00700431E032B03D8DFE868
:1065300003F0060809040020704708207047022075
:1065400070470520704700BF008000504FF0006387
:106550009B6A03F17842B2F5C04F03D21968064A2C
:10656000914203D0002303708360704701220270C0
:106570009A689B694260F7E707B0CD5EF8B543685B
:1065800004460D461BB140F6FF71DFF781F9204646
:10659000DFF7BCF9E9896B7B62690B43298A22F436
:1065A0004C520B4322F00F0213436361A268297E11
:1065B0002B7B22F080420B4322F0E20213436A69F4
:1065C00004F580511343AA68A360EB6982B9A068FF
:1065D00040F00040A0609BB901234B602046297821
:1065E000DFF791F9A36CDB4313F4405FFAD1F8BDF8
:1065F00033B901234B6020466968DFF7B1F9EDE755
:10660000987A1E7A4004A76840EA8650414E3E4080
:1066100030439E8806F4C04630435E7840EA8600E8
:106620005E7B40EAC6009E7B40EA06109E7840EA08
:106630008620A060E768D3E904063043364E3E402A
:1066400030439E7940EA8620DE7940EA4620E060C9
:106650001878324E012813D1E06840F00400E06061
:10666000B4424BD02E4884420CBF01204FF0FF3083
:10667000400100F1A04042F2944600F5703014E071
:10668000032835D1E06840F00400E060B44233D024
:10669000234884420CBF01204FF0FF3041F2944662
:1066A000400100F1A04000F5703002278751587A70
:1066B000886218B1E06840F40060E060D87A58B1B0
:1066C000E06840F40040E0601448844218D1187B30
:1066D000144E00F00F007067606ADB7B20F003004F
:1066E0000343636201234B60002A3FF477AF82E7E4
:1066F00002380128CAD9B3E70020CFE70020B7E766
:106700000748844201BF187B064E00F00F00C6F810
:106710008000E1E7E39BBDFFFFF9F0870000015B2C
:1067200000000A500090035070B50A4E05463046EE
:10673000D8F7D9FDFF28044609D0366830460AF05C
:1067400046F900B9013C0020335D2B7070BD062076
:10675000FCE700BFF820002013B50A460B49D1F82A
:10676000A43691F8A81630B144780B440234204482
:106770001B1AD9B2034600938DF8041000234AF681
:10678000AA716846F8F768FC02B010BDA85800204E
:106790002DE9F04F294E87B0A6F28C65D5F88442DA
:1067A00006F1080306F1040A321F009002960393D3
:1067B000CDF810A005924CB9A4464FF005090DF193
:1067C000080BB9F101090AD14C4604E02046F1F763
:1067D0006DFEC5F88402204607B0BDE8F08F0024A6
:1067E000214627465BF8048BD8F800505DB9ECB120
:1067F0006146404609F02DFDD045ECD102212046EE
:1068000008F05CFFE7E790450ED0287E60B961464E
:106810000137BFB228460191F1F748FE0199084AB5
:106820008C4629460546E1E72C46F3E7009B002B02
:10683000C7D0B045C5D1012FC3D9CCE7345F002004
:10684000305F00200F4B07B5B3F8BE10820AB2EBE1
:10685000912F03D0002003B05DF804FB01228DF8D6
:1068600000200022ADF80200694603F5487001924D
:10687000F1F7C6FF0028EDD0807F80F02000C0F344
:106880004010E8E7A84800202DE9F0478CB0044606
:106890008A4618460DF1060190461D46D6F7F9F9CD
:1068A000074620B1062738460CB0BDE8F087BDF892
:1068B000066006F46043B3F5C04FF3D1330640F1F0
:1068C0008F80284601A9D6F7E2F90028EAD19DF881
:1068D00004904FEA191009F00F0902A903F0CEFF46
:1068E000484607A903F0CAFF24220021201D13F007
:1068F00015FF002360226370A370E37006F4C05399
:10690000B3F5C05F227036D0AB88002BCAD02B689D
:1069100030051B784FEA930303F0300363700ED405
:1069200001A92846D6F7B3F99DF804202178C2F3CF
:1069300083030B432370637843EA82136370F1048B
:1069400019D4AB88022BADD92B6862781B7803F081
:106950000F03134363702B68A2785B781343A37013
:106960002B68E2789B781343E370AB882A68033B7B
:1069700003322A60AB8016F4806933D1284601A91E
:10698000D6F785F900288DD19DF80430A3714B46C8
:106990008AF8003006F44073B3F5007F24D0B3F5D5
:1069A000407F23D0B3F5807F22D0284601A9D6F7B7
:1069B0006EF900287FF476AF9DF80430E37106F09D
:1069C0003003202B47D015D8EBB1102B3AD07306EB
:1069D00049D46FF0010323726FF07F0363721DE0EF
:1069E00081467AE70123D3E74023E7E7FF23E5E782
:1069F0000123E3E7302BEAD1404604F1100202A95B
:106A0000F2F70FFDE3E7720608D41022284604F1DE
:106A10000801D6F728F900287FF444AF300706F0C4
:106A200003026DD4022A4FD0032A56D0012A25D062
:106A300071073FF537AF102204F118012846D6F749
:106A400012F986E0082204F110012846D6F70BF966
:106A50000028BCD026E7FF23E374FE23022223751F
:106A600004F11601F1E79DF81B30002B3FF41AAF3B
:106A700002A904F10800F0F74BFDCFE7082204F16A
:106A800020012846D6F7EFF800287FF40BAF7207F5
:106A90002BD46FF0010323766FF07F036376B9F197
:106AA000000F3FF400AFAB88002B3FF4FBAE2B6828
:106AB0000DF105011878FDF707FB00287FF4F2AE11
:106AC0009DF80530A371EEE6FF2384F82330FE2302
:106AD00004F1260184F82430D3E704F1200207A949
:106AE00008F10A00F2F79DFCCEE79DF82F30002B4D
:106AF0003FF4D8AE07A904F11800F0F709FDCEE77E
:106B0000FF232376730727D4022A0FD0032A19D034
:106B1000012A90D1284604F11901D6F7B8F80028C7
:106B20007FF4C0AE052204F1230187E7284604F173
:106B30001901D6F7ACF800287FF4B4AE032204F1B3
:106B400025017BE702232846637604F12701D6F767
:106B50009EF80028A3D0A5E6002A7FF4A3AE9DF8F6
:106B60002F30002B3FF49EAE0222284604F119017B
:106B7000D6F779F800287FF495AE9DF82C300422E2
:106B8000E37607AB03CB2162E06104F1240155E712
:106B900073B50C460023054669462046ADF8023021
:106BA000ADF80430D6F773F8D0B99DF8006006F060
:106BB000F803F02B14D106F00303022B2860686061
:106BC0003AD0032B48D0012B20460DF102010AD008
:106BD000D6F75FF820B9204601A9D6F75AF8A8B130
:106BE000062002B070BDD6F754F80028F8D1204630
:106BF0000DF10101D6F74BF80028F1D19DF80130D5
:106C00006FEA03536FEA1353ADF80430BDF8023056
:106C10005BBA2B80BDF804305BBA6B807307DFD49E
:106C200020460DF10601D6F734F80028D8D1BDF87A
:106C300006305BBAEB80D4E720460DF10101D6F7B0
:106C400026F80028CCD19DF801306FEA03536FEA93
:106C50001353ADF80230BEE720460DF10101D6F71F
:106C600016F80028BCD14FF2B0039DF8012043EA8A
:106C7000121102F00F02ADF802101343C4E72DE920
:106C8000F04F8FB00546894690461C4687891346CB
:106C900004A80A460DF10101FFF7F6FD00283FD1D7
:106CA0002822284604A9D6F720FB0646C0BB282187
:106CB0002846D5F7FBFFB2469DF8013083B9002C7A
:106CC00000F0DB80283CE41B391D64BAA4B2022327
:106CD000284602AA89B2ADF80840D6F73AF920E072
:106CE000B8F80420E2B1D8F800100B7803F0F000F7
:106CF000E02840F09E8003F00E000E2815D10023FE
:106D00000131013A8DF80130C8F80010A8F80420CC
:106D10002346424649462846FFF7B1FF0028CBD01C
:106D2000062630460FB0BDE8F08F03F00103404661
:106D30000DF103018DF80130D5F7A9FF0028EFD13F
:106D40009DF80330DB075FD540460DF10201D5F712
:106D50009EFF0028E4D19DF80230B8F804105A1CB8
:106D60009142DDD3D8F8002001A9D05CFDF7ACF941
:106D70000028D5D19DF8023002220933DB08013BFF
:106D8000284601A98DF80530D6F7AFFA0028C7D1FB
:106D900002212846D5F78AFF28469DF80220D8F818
:106DA0000010D6F7A2FA0028BAD19DF802B0284602
:106DB0005946D5F77BFFB8F80430D8F80020A3EB8C
:106DC0000B035A440BF1020B1BF0070BC8F8002011
:106DD000A8F804303FF470AFCBF10801C9B202A8A3
:106DE000F0F700FD02A8F0F7D4FC02A902462846FD
:106DF000D6F77BFA002893D102A8F0F7CAFC014627
:106E00002846D5F753FF57E7404601A9D5F73FFF7E
:106E1000002885D140460DF10201D5F738FF002842
:106E20007FF47EAF9DF80220B8F804309A42A1D9D1
:106E300076E703F0F803F02B7FF472AF414602A827
:106E40008DF801A0FFF7A4FE00287FF469AF8CB98C
:106E5000B8F80430083308225BBA9BB228460DEB21
:106E60000201ADF80C30D6F740FA00287FF458AF95
:106E70000821C5E7AB89E31AEDE7B8F80440AB8910
:106E8000283C1C441FE72DE9FF41054602AF884618
:106E9000D0E9000187E8030028461646F2F740FBD8
:106EA000044640BB28460DF10301F2F781FB0122A5
:106EB0009DF80330ADF8042021468DF805302246B8
:106EC000104801ABD6F728FB3060C0B143463A46C4
:106ED00005F12001FFF7D3FE044660B9BDF80C2090
:106EE00002993068D6F701FA044620B9BDF80C10B3
:106EF0003068D5F7DBFE204604B0BDE8F0810324FE
:106F0000F9E700BF0029002070B5044698B004A836
:106F10000E46EDF79BFF2246214908A8F0F7FBFA41
:106F20000EA8EDF793FF40F20133ADF80430B379CA
:106F30003A2B03D196F92830002B1FDA0EAD04ACA2
:106F40000FCC0FC50FCC0FC594E8030045F8040B18
:106F50002980002001A904F027F8044670B100231D
:106F60000822CDE9023301230DEB02018DF8083030
:106F7000D6F7BBF920B12046D5F795FE18B070BD05
:106F8000282231462046D6F7B0F90028F3D13A221C
:106F900020460EA907F030FD0028EFD0EBE700BF38
:106FA000104B002007B501460DF1050304480DF113
:106FB0000602F9F720F8BDF8060003B05DF804FBFF
:106FC000B052002038B51B4D95F8B140B5F8BE2041
:106FD000022C08D190422AD1A5F50C601831BDE8E9
:106FE0003840F0F799BD90420ED101F118042146C6
:106FF000A5F50C60F0F790FD28B9204607F0DAFA05
:10700000003818BF012038BD810AB1EB922F06D19C
:107010000146012205F54870F1F716FCF0E7FFF78D
:10702000C1FF4FF6FE73C01A18BF0120EBE7012025
:10703000E9E700BFA848002030B50B7A0546012BD0
:107040000C4691B021D18B7C012B1ED105220988E1
:107050000F48F1F7F9FB10B1837F9B0615D5294640
:1070600001A8F0F7E9FB80B99DF81C30FF2B0CD08C
:1070700007A8FDF70BFB40B1608901A9FFF7A2FF4C
:1070800018B9208801A9FFF73FFF11B030BD00BF3C
:10709000C84B002070B50646FDF7F8FA044618B94B
:1070A000084BD3F840570DB9204670BD1022314629
:1070B0002846F0F727FB2B7C834201D96D69F2E764
:1070C0000124F1E7A8380020904270B50D461C4617
:1070D00018D119461048F9F727F8294606460E48F0
:1070E000F9F722F8864210D1C5F30805C4F3080366
:1070F000B5FA85F2B3FA83F352095B099A4208D0D4
:107100000DB103E002DD012070BDFCD84FF0FF306F
:10711000FAE70020F8E700BFB05200202DE9F7435E
:10712000884601466846174600260AF007FADFF847
:10713000689002216846F7F765FF044630B946B308
:1071400033885BBA3B8003B0BDE8F083A51C63784D
:10715000023B23449D42ECD82846C047B8B1AEB1AB
:10716000728868883388298852BA40BA5BBAC2F3F9
:10717000813249BAC0F3813019F9022019F90000AF
:107180009BB289B2FFF7A0FF002800DD2E46043530
:10719000DDE70420D7E700BFDC0205082DE9F04F4A
:1071A0004FF0000881464546444685B0CDE90012BF
:1071B000DFF888B02146009804F054F8044640B93E
:1071C000002D39D02B88019A5BBA138005B0BDE839
:1071D000F08F214602A894F803A00AF0AFF9A37833
:1071E0004B45E7D10DB1C245E4D9002102A8F7F71C
:1071F00009FF06460028DDD0B71C7378013B3344F5
:107200009F42F2D80DB1C24503D9D0463D4603375F
:10721000F3E72B88AA783988B8785BBA920949BA1B
:1072200080091BF902201BF900009BB289B2FFF70D
:107230004BFF0028E9DCEAE70420C7E7DC02050889
:107240002DE9F04106460F4615460024DFF874800C
:107250002146304604F006F8044638B94FF00508D8
:10726000174CB8F1010817D104200BE00221F7F701
:10727000F3FD0028ECD02A463946A078FFF78EFFB0
:1072800010B90020BDE8F0812A4641462046FFF7AC
:1072900045FF0028DCD1F4E7A37C9B070ED5E3690A
:1072A00063B1102221463046F0F72CFA3F2805D969
:1072B0002A463946607EBDE8F0416FE72034D0E7CA
:1072C000584100206FDE020870B502230D461646B5
:1072D000D5F7FCFD044660B9737869880133B1EBDA
:1072E000C30F4FEAC30206D3022128466A80D6F7AD
:1072F000F2F9204670BD0624FBE7012A0B4610B5C3
:107300000968044609D000221A60EFF7FFFF2368DE
:10731000002B0CBF0320002010BD0846D9F7AEFE9D
:1073200001462046F1E70E4B93F89236013B032BC2
:1073300003D8DFE803F00409120F0020704700783B
:10734000FF3818BF012070470078A0F1FF035842B2
:10735000584170470830F0F70EB80120704700BF61
:10736000A838002038B5174B02209D7914F00CF98D
:1073700008B17F2038BD144C2378002BF9D110229E
:107380002946D0F73FFD0028F3D14FF0FF3012F02F
:10739000ADFC05462378012B07D14FF0FF3012F0EA
:1073A000A5FC431BB3F5967FF4D32378022B0ABFC9
:1073B000064B7F2018784FF0000308BF40B22370BF
:1073C000D8E700BFF82000206D2100206E210020AA
:1073D000094B07B5D3F8642E5AB17F2809D093F82A
:1073E0004C1E8DF805008DF8041001A8D3F8681E16
:1073F000904703B05DF804FBA838002038B5FCF7CF
:1074000087FE334C98B9B4F84E3E94F84C1ED3B96D
:1074100004F5676594F84C1E284608F0BFFFFFF797
:10742000A1FFFFF7D5FFFCF773FE0028F2D0002084
:10743000D4F8643E84F83D0E13B1D4F8681E984722
:10744000BDE838404AE094F83C3E5A0703D404F5BE
:10745000676008F0A3FF94F8723E94F84C1EB4F8ED
:107460004E5E002BE3D0033B042BE0D9B4F8703E12
:107470009B0713D50022174B1A70174B1B782BB99B
:107480004FF47A7201206A43D0F7BCFC94F8723E44
:10749000052B02D0052384F8723E38BD084604F05F
:1074A000B3FA00B1FEE794F8723E052B1CBF05232A
:1074B00084F8723E7F2384F8833EEDF73DFC284438
:1074C000C4F8840E0020BDE8384003F003BA00BFC2
:1074D000A8380020C87900206D21002010B5424C4A
:1074E00094F83D3E002B7DD194F83C3E13F001030F
:1074F00007D1A4F83E3E04F60C70BDE81040D6F764
:1075000020BAB4F83E3E5A0603D5062384F83D3E21
:1075100032E0DB0508D5EDF70FFCD4F8583EC01A71
:10752000002801DB0823F1E7B4F83E3E980701D5B7
:107530000123EBE7590701D50223E7E71A0701D535
:107540000323E3E7180601D50723DFE79906C3F312
:10755000001202D482B10423D8E732B394F83C3E3F
:107560009B0722D4B4F83C3E03F0FD0343F4806350
:1075700043F00203A4F83C3E94F83D3EBBB1012227
:107580009A40B4F83E3E194823EA0203A4F83E3E6E
:10759000D6F7D7F994F83D3E082B23D8DFE803F05F
:1075A000070C10131313171313000523AEE710482D
:1075B000BDE81040D8F7EAB8BDE8104001F0A4B823
:1075C000BDE810401AE7BDE8104000F0DEBD94F8B9
:1075D000471E084808F0E2FEBDE810406421034859
:1075E000D6F789B910BD00BFA8380020B4470020E5
:1075F000E4460020184700202DE9F04704468CB0EF
:1076000000680F46164609F0DCF9A3888046002B77
:1076100000F0E280002503A920468DF81450D8F729
:1076200017F89DF81410BDF80C0008F0C3FE70B1F7
:10763000B24A92F8423E0133DBB282F8423E23B9AD
:1076400004F014FC0CB0BDE8F08782F8425EB8F19B
:10765000000F00F0C180002F00F0BE80002E40F02F
:10766000BB8003A803F046F93D68814628468DF8A3
:1076700020608DF82C6009F0B4F900287AD02846F3
:1076800009F0A5F9002800F0A6803846D7F763FE78
:10769000002840F0A080384601A9D7F773FC9DF878
:1076A0000430052B40F0978038460DF10701D7F7DD
:1076B00079FC9DF80730082B40F08D800DF1050115
:1076C0002046D7F7DCFD38460DF10601D7F7D7FD88
:1076D0009DF806A09DF8053053457CD102A9384697
:1076E000D7F770FC384606A9D7F7DAFF9DF82030A7
:1076F000002B65D006A803F0FDF89DF82030054664
:10770000022B66D0002866D00068696806AB03C308
:1077100002238DF82030794A0AF1FF33D2F8D01DC8
:10772000DBB201F07F0083428DF8063064D0481E42
:1077300000F07F00834262D0013101F07F018B4273
:1077400049D102F6B862AB7F03F00F03072B03D1D8
:107750006969029B99423ED8384606A9D7F7C2FE0E
:10776000002838D1AB7F03F00F03072B02D1029B17
:1077700001336B61B9F1000F2ED03946484606F04F
:107780006FFC3846D7F726FE05463846D7F7ABFDDF
:10779000FF2D05D0FF2803D0DFF874C1A84231D2F5
:1077A000384603A903F00AFD544B93F83C3E5D07AD
:1077B00012D42046D7F71BFE70B103F0BBFF0BE0DD
:1077C000204609A9D7F744FF9DF82C301BB109A822
:1077D00091E700289FD10E26484D95F83D3E013B8C
:1077E000072B2CD8DFE813F02C002B003900E00029
:1077F00045002B00F8018F0102F6A862A3E702F60C
:107800009862A0E73B685A5B5919C2F3C7125B5DE7
:107810007AB90A7991F803E0120442EA0E2291F84B
:1078200002E042EA0E02624503D14A79002A00F0E2
:10783000898203F07F0302332B44DDB2AEE7FEE71B
:10784000D5F83C3FB5F84E1E2D480133C5F83C3FF6
:107850000CB0BDE8F047D6F74EB8D5F8383F013345
:10786000C5F8383F002385F83D3E0CB0BDE8F04731
:1078700034E6A3881BB1B8F1000F00D1FEE76EB962
:1078800067B195F83C3ED80708D5386809F08EF8FE
:10789000C10603D506211B48D6F7E1FDD5F8343FD4
:1078A0000133C5F8343F002385F83D3E164D8DF871
:1078B0002C3095F8AC30DA07D7D5A3884BB109A99D
:1078C0002046D7F7C5FE01233146204609AA03F01A
:1078D000BFF80E4F95F86A2107F15C0302F00F0222
:1078E000072A18BF3B469B7F1B0713D103F0B0FD4F
:1078F000A7F14000F3F79CFFB7E700BFA8380020CE
:10790000B4470020E4460020A84800209849002001
:107910009BB8EA0006F0FB030B2B26D066BB95F85C
:10792000AD3095F8AC200F2BC2F380020AD8002AA4
:107930009BD0B5F8AC3023F4706323F00403A5F8B2
:10794000AC300DE0F03385F8AD30DBB20F2BEED864
:1079500095F89F3066F3870385F89F30002AE8D1B9
:1079600001219948D6F712FD7FE795F8AC3043F036
:10797000040385F8AC30F3E795F8AD3020465E1C83
:1079800006F00F0666F3030385F8AD30D7F72FFD39
:1079900000280CBF04230F239E42CADA95F8AC30AE
:1079A00058073FF562AFE2E7D5F8303F0133C5F83D
:1079B000303F86B1D5F8483F0133C5F8483F002332
:1079C00085F83D3E8DF82C306FF44843334113F079
:1079D000010331D0FEE795F8EC3F85F83D6E66F384
:1079E000C30399078DF82C6085F8EC3FDAB232D4E6
:1079F000764D95F8AC30DA077FF537AF05F1F0003A
:107A0000D6F7B9FC00283FF430AF206808F0E9FF52
:107A100000283FF42AAF237F9B0705D52046D7F7E0
:107A2000E6FC0446002858D1002E7FF41EAF002F3C
:107A30003FF41BAF344656E095F8EC2F63F3C302D6
:107A4000930785F8EC2FD3D595F8EC3F6FF304132B
:107A500085F8EC3F05E0D006F6D508215C48D5F75F
:107A60004AFFA08848B109A92046D7F7F1FD0023B5
:107A70003146204609AA02F0EBFFD5F8D02FB2B16B
:107A80001379D90700D4FEE73EB16FF3C303137136
:107A9000D5F8D03F5B89A5F8CE3FD5F8D08FB5F8A3
:107AA000CE3FB8F80A209A4205D9A8F80C304948C8
:107AB000D5F7F4FE9CE738B198F804108022C1F3A2
:107AC000C0012830F1F77DFB4046314603F054FDFC
:107AD000D5F8D00F03F0C0FDE9E716B106F008FDB8
:107AE000C3E6002FFAD095F8AC306FF3C60385F8E3
:107AF000AC30386808F05AFFC506EFD403F01AFE20
:107B0000002CEBD1B1E6D5F8303F30490133C5F850
:107B1000303F002385F83D3E4D6A8B62D5B10E2E75
:107B20004B621AD00F2E2AD016B10B2E27D0FEE7AB
:107B300095F84830324666F3060385F8483095F8E4
:107B40004630204666F3040385F84630898D2B467F
:107B500007F05EFF03F0DAFA87E6206808F041FFDD
:107B600010B1237FD80729D595F848305A1C02F068
:107B70007F0262F30603032A85F848301FD8A388E2
:107B8000002BE7D02046D7F769F985F84500206833
:107B900008F027FF0028DDD0237FD907DAD509A90F
:107BA0002046D7F70FFA099B20462B6406A9D7F782
:107BB00066FB9DF8183085F84430CBE7FEE70023DC
:107BC00085F84830DBE700BF3C490020A84800208A
:107BD00098480020A4480020D5F8303F0133C5F86C
:107BE000303F26B1D5F84C3F0133C5F84C3F002358
:107BF000DFF8EC8185F83D3ED8F81850B5B195F81E
:107C00004670C8F818307A0629D595F8482007F04C
:107C1000200763F3060285F8467085F8482095F83A
:107C20003D30DB0902D0284607F0EAFD0023099326
:107C3000012309A88DF82830F0F7D2FD099AD8F869
:107C40001830002A6ED1002B3FF40FAE93F8461087
:107C500062F3451183F8461002F097FF05E60E2EF9
:107C600017D00F2E21D016B10B2E1ED0FEE795F89F
:107C7000483007F0600766F3060385F8483085F85A
:107C800046702B4632462046B8F81C1007F0C0FE5E
:107C9000CCE7206808F0A5FE10B1237FDB0713D5E1
:107CA0007B1C63F3040785F8467095F84630DA09C3
:107CB0000BD003F0600385F8463095F848306FF339
:107CC000060385F84830AAE7FEE703F01F03032BFD
:107CD00001D8A38833B995F846306FF3040385F8CB
:107CE0004630CEE72046D7F7B9F885F8450020683A
:107CF00008F077FE002899D0237FD80796D5204634
:107D000009A9D7F75FF900B1FEE7099B20462B646C
:107D100006A9D7F7B4FA00B1FEE79DF8183085F848
:107D2000443083E792F84610890607D523B191685D
:107D30009B68C91A002901DAC8F8182009A8F0F7C9
:107D40002FFD7BE703F07F03043BDBB2022B3FF602
:107D500027ADDFF890C0DCF8F059002D3FF420ADDE
:107D600099F8300010F0020F8DF8240004D073B39E
:107D70008A798DF82C20012210F0040F01F1060100
:107D800011D093420FD94FF0FF0A02F1010E8A5C25
:107D900002EB821252007F3292B2B2FBFAF28DF8FD
:107DA0002D205FFA8EF2000711D593420FD9895C1E
:107DB00082237F2213FB0123FF22B3FBF2F36FF038
:107DC0007F02823B9342B8BF13468DF82E3049465E
:107DD000DCF8F439B9F81C0009AAA847E0E400BFB0
:107DE000A8480020A85800202DE9FF471646054660
:107DF000A6480F46D5F728FE0E2E07D00F2E00F00E
:107E0000A7801EB10B2E00F0F180FEE795F81C80D4
:107E100018F0040FC8F3800429D1002F40F0D98056
:107E20009B4BB3F8703E9A064ED5286808F0D9FDF2
:107E3000002849D018F0010446D028460DF102016F
:107E4000D7F7B0F8002800F0E880FEE788F8730E56
:107E50008F4BB3F8702E52073CD493F8749E6B7E10
:107E600099452CBF4FF000094FF0010934E0AA7981
:107E7000874B93F8461E914207D093F85C1EC907C2
:107E800011D593F85D1E91420DD1B3F8A62F21466E
:107E9000B2F5007F3CBF0132A3F8A62FB3F8A62F9E
:107EA0007C48F1F78EF9002F40F09480784BB3F8BE
:107EB000703E9B0606D5286808F093FD10B12B7F15
:107EC000D807BAD4002C5AD00022714B83F8732EF5
:107ED000002EBDD14FF00009286808F072FD4FF068
:107EE000000AAB8880466A4C8DF80CA0002B00F08D
:107EF0002A81284601A9D7F7ABFB01A802F0FAFCBA
:107F0000002800F0C980B8F1000F00F0B380002E07
:107F100000F09B800E2E40F0C0808022514626301B
:107F2000F1F74FF9B9F1000F40F0BA80D4F8183FDB
:107F30000133C4F8183FB8F1000F00F0A180D4F865
:107F4000243F0133C4F8243F002E00F08D80EEE082
:107F500095F81C90DFF8388119F0040FC9F38004FC
:107F60002FD1002F36D1B8F8703E9B0621D5286856
:107F700008F037FDE8B119F0010F7FF45EAF444B14
:107F8000D3F8883E1B7F59079ED5414AB2F8703E10
:107F900003F00C03002B97D192F8733E297E99428F
:107FA00092D9013382F8733E04B0BDE8F04703F084
:107FB00019BFD8F8883E1B7F5807E6D488F8737E2F
:107FC00046E7D8F8503FAA7901330024C8F8503F5B
:107FD0004EE701242846D7F70AFA00283FF466AF97
:107FE000D2F76FF92A4BC3F8EC0E5FE7DFF8A080F9
:107FF000B8F8703E13F0200302D188F8733E27E7EB
:10800000286808F0EEFC00283FF420AF2C7FC4F372
:10801000000314F00104F0D00FE79DF80230082BA4
:108020007FF450AF284601A9D6F7CCFF00B1FEE798
:1080300028460DF10301D7F722F900B1FEE79DF8BC
:108040000310019802F025FC3CE780220121263034
:10805000F1F7B7F8D4F8183F0133C4F8183FD4F853
:10806000243F0133C4F8243FD4F8283F0133C4F837
:10807000283F5CE08EB9D4F8183F0133C4F8183FAC
:10808000D4F82C3F0133C4F82C3F50E0784700204F
:10809000A83800204C4800205EB3B9F1000F31D061
:1080A000D4F8443F0133C4F8443F94F8743E0E2E94
:1080B00003F1010384F8743E2B7F43F002032B7716
:1080C0007FF472AF94F8723E94F8CD0E062B1CBF6D
:1080D000062384F8723E03F067FE94F8CD3E013328
:1080E000DBB2052B28BF052384F8CD3E04B0BDE8E4
:1080F000F087D4F8183F0133C4F8183FB8F1000FE7
:10810000ADD1BDE7D4F8183F0B2E03F10103C4F83D
:10811000183F2BD1D4F8543F0133C4F8543FB8F181
:10812000000FADD0D4F8243F0133C4F8243F9DF8AC
:108130000C10BDF8040008F03DF900B3D4F8203F5E
:108140000133C4F8203FB9F1000FAED194F8723E6C
:108150003246022B18BF02233946284618BF84F83E
:10816000723E04B0BDE8F047FFF746BA0F2E7FF429
:10817000E2AED4F8583F0133C4F8583FCFE7D4F803
:108180001C3F0133C4F81C3FDDE77F2300222DE9AB
:10819000F041C34D8CB0D5F8004FE376237FC4E99E
:1081A000042223F01F0343F00403237795F83C3E99
:1081B000A280D90740F1528195F83D3E013B072B43
:1081C00009D8DFE813F0090008006400F600930006
:1081D0000800C4010502FEE74FF6FF7004F046FCFC
:1081E00003A8D5F8004F08F0EFF801238DF82230EE
:1081F0008DF8293007234FF6FF7200268DF82C30BA
:108200000323214603A88DF81860ADF81A20ADF8B5
:1082100026200393D6F71AFF002C00F01F81314669
:1082200095F84C3EA371A3762046D6F721FE042391
:10823000237695F8543E6376237FD90600F1528267
:10824000206808F0CEFB002800F04C8220460DF19B
:108250000B01D6F7A7FE9DF80B30082B00F04282E9
:10826000102B00F01682002B40F044828D4BA3604F
:10827000237FDA0709D42046D5F82C1ED6F7B2FEA4
:10828000D5F82C3E0133C5F82C3E874924E203A8DB
:1082900008F09AF8D5F87A0ED5F87E1E04AB03C321
:1082A00002238DF81830B5F8443E0026ADF824308E
:1082B0000123214603A88DF828308DF8226003960B
:1082C000D6F7C4FE2046D7F759F84FF0FF330370B6
:1082D0000F2386704370C67095F8473EA371A3764E
:1082E00095F8401E4B1C85F8403E9DE795F8473EAB
:1082F0006E4FA371A3760423237695F8543E03A80A
:10830000637608F061F897F86A2107F1F00602F049
:108310000F0207F5A677072A08BF3E463046ECF75E
:1083200001FC002800F09A804FF6FE73B5F8762E17
:108330009A4201D0BE4233D103CE0223CDF81A00B7
:10834000CDF81E10D5F87A0ED5F87E1E04AA8DF849
:10835000223003C28DF81830B5F8443E2046ADF8FF
:108360002430ADF826300323ADF80C30504B0022FA
:108370000A93042303A98DF82C3002F0C7FA204693
:10838000D7F735F818B10022D5F8003F5A7695F89E
:10839000411E20464B1C85F8413ED6F769FD4BE750
:1083A000B38BADF81020ADF81A3001238DF82230D0
:1083B000D0E795F8473EA371A3760423237695F87A
:1083C000543E637695F8EC3F9A0747D5D5F8D06FC1
:1083D000002E43D043F0080385F8EC3F77797F09FE
:1083E00003D0012F73D073892DE0B37903F00F030D
:1083F000012B06D1F379102B28D095F85C3EDF07CE
:1084000060D4B5F8EA2F95F8EC3F0192B5F8E82F63
:1084100003F0010300922046264AD5F8D01F06F04B
:1084200050FFD5F8D03FA5F8CE0F9A7902F00F0291
:10843000012A40F08780DA790B2A40F083801A798C
:1084400096077FD55B89A5F8CE3F07E01A4B93F8D6
:108450003422012A0CD012F0FD0FD2D100210B22C0
:10846000D5F8000F81800CB0BDE8F041FFF7C4B82B
:1084700093F83C221148A271A27693F83C623146EF
:10848000D5F723FF0028BCD095F83C3E0C4843F0BC
:10849000200385F83C3E85F8476ED7F777F9B0E7BB
:1084A000A8380020C446002022470020A848002009
:1084B000010105087C480020A8580020F046002053
:1084C000E4460020337943F00203337199E703A8AF
:1084D00007F07AFFADF80C7005F6D47C04AFBCE869
:1084E0000F000FC7DCF8003032463B60B5F8443E61
:1084F00003A9ADF82430ADF826307F4B20460A930F
:1085000002F004FA2046D6F743FF07462046D6F786
:10851000DBFE0744B6F80A80C7F17F07BFB2B84553
:1085200000D9FEE72046D6F729FF43460246002140
:108530003046D4F70DFC768920463146D6F73DFF0C
:10854000A5F8CE6F237F6FF3410323771FE795F8DC
:10855000473E6A4EA371A3760423237695F8553ED1
:10856000B2696376002A3FF479AF204606F11C0118
:1085700007F01AF800287FF471AFB16991F846301E
:1085800013F01F0F237F04D191F8482012F07F02CF
:108590001BD043F002032377204691F84510D6F70D
:1085A00067FC206808F01DFA50B1B3692046196CC9
:1085B000D6F718FDB369204693F84410D6F773FE3A
:1085C000237F98073FF538AEE1E662F34103BCE74D
:1085D0004A4E2283776A002F3FF440AF07F14800EC
:1085E000F0F714F800283FF439AF3A46204606F178
:1085F0002C0106F0D9FF00287FF430AF716A8B6B35
:10860000B362002B3FF42AAF91F8463013F01F0FEE
:10861000237F04D191F8482012F07F0217D043F055
:1086200002032377204691F84510D6F721FC2068F5
:1086300008F0D7F970B1736A2046196CD6F7D2FCEE
:10864000736A204693F84410D6F72DFE02E062F3D9
:1086500041032377706A90F849300BB995F8463E8C
:10866000A376A37195F8463E0022A37603A902F0F3
:1086700015FD336A03F2DC5398423FF6EFAE039BDD
:108680006361736A9B6D2361237F43F00403237747
:1086900097E74FF0FF330393194B2046A360D5F8BB
:1086A000A01F0131C5F8A01FD6F79CFC2046D6F7C5
:1086B0005AFCFF28064600D1FEE727680536385CDD
:1086C000D6F7A9FC03A90246B81912F032F8FF2127
:1086D0002046D6F7E8FD0B49237F1B0702D420462E
:1086E000D6F792FE002385F8423E0CB0BDE8F0417B
:1086F00003F0BCBBFEE700BF01010508A84800204D
:1087000050480020BAC8040810B5FBF701FD10B9A5
:10871000BDE8104039E5094CB4F8440E04F0A6F960
:108720000020D4F8643E84F83D0E13B1D4F8681EDE
:108730009847BDE81040FEF7D1BE00BFA838002022
:1087400037B50A4C0A4D2146286811F0F8F82D6813
:10875000CFF744FB00230193064BC2000093214650
:108760000123284611F0DBF803B030BD90720020E1
:1087700008640020E5B00408F7B506460F46EEF79A
:1087800011FF044600B9FEE70023684600938DF808
:108790000430F0F725F8009D1DB92C46204603B0A3
:1087A000F0BDAF420AD0314605F16C00EEF7A6FAF3
:1087B00020B12946EFF786FF0228EFD06846EFF791
:1087C000EFFFE8E72DE9FF41837F054603F00F0344
:1087D000072B0F4610D005F19D00F5F742FE00284B
:1087E00044D105210120D4F7B2FF0146214804B04D
:1087F000BDE8F041F8F73ABD90F89C6000F16C04D8
:1088000004EB0616A642E6D02046EEF7CBFE38B3C0
:1088100021463846EEF772FAE8B9174B01908DF809
:108820000C00596801A80293EFF7ACF8DDF804805A
:10883000B8F1000F06D129462046FFF79DFF400002
:10884000C1B209E021464046ECF71BF950B198F857
:108850001430022B06D102212A462046EFF766FF8C
:108860001034CFE701A8F0F7E6FEDFE704B0BDE87B
:10887000F08100BFA8610020E83F002010B5044649
:10888000F6F78AF801462046BDE81040FCF7F2BF33
:1088900038B503780446FF2B08BF91F825300D4604
:1088A00004BF43F0100381F82530EEF771FE70B17C
:1088B00028460949ECF74BFA2046103504F110031D
:1088C00050F8042B984245F8042BF9D138BD2846BE
:1088D000F8F7F4F8F0E700BF184B00202DE9F0435B
:1088E0008DB08846074602A81C4616469DF8509053
:1088F000ECF7ACFA4FF2BF03B8F1230FADF82A3012
:108900002ED1214802F05AFB4246012102F07EF9A5
:108910000546002835D00121D4F7DDFDB9F1000F5F
:1089200022D1B8F1230F09D13B88212101339AB21A
:1089300028463A80D5F756FA0446F0B9304602A9DF
:10894000FFF7A6FF169B294600931048159B02AA25
:10895000ECF724FB044680B920460DB0BDE8F08357
:108960004046FDF73DFAD3E722464B461221284602
:10897000D5F7F8F904460028D3D02846D4F793F960
:10898000EAE70324E8E700BF49C80408C440002020
:108990002DE9F04F1E464FF0010BDFF83C9289B0F5
:1089A000CDE90101D9F8A446049209F2A46A99F824
:1089B000A826D9F8A43613449C4202D309B0BDE8D6
:1089C000F08F23785B08012B06D0052B00F0B880D0
:1089D000637802331C44EAE7E278211D0498F6F735
:1089E0001EFB07462046F5F7D7FF0546637802339E
:1089F00023449D421BD303212046F6F72DFA05465A
:108A000078B102212046F6F727FAAB7803F00F027F
:108A1000002840F08D8023F010031046AB70FCF767
:108A200007FF2046FFF72AFF0028D1D1BFE72B78A8
:108A30005B0805D0022B44D06B7802331D44D5E788
:108A400005F102086B785A1E2A44904509D96278CC
:108A5000002BF1D1931E294650466370F6F780F83B
:108A6000C4E7B8F80000DDE9011240BA80B2039310
:108A7000F6F7DEF8039B08B32A7802F001025FB133
:108A80000021384605930392F6F7B0FA4146F6F70F
:108A9000DCF8039A059B88B97178033B002918BF5D
:108AA0000A4686F800B072706B7063780322033B4D
:108AB000414650466370F6F73CF8C3E708F10308F7
:108AC000C0E705F102086B789A1E2A449045BED88B
:108AD000DDE90112B8F80000039340BA80B2F6F75E
:108AE000A7F8039B08B32A7802F001025FB10221C4
:108AF000384605930392F6F779FA4146F6F7BAF845
:108B0000039A059B88B97178043B002918BF0A466F
:108B100086F800B072706B7063780422043B4146A3
:108B200050466370F6F705F8CDE708F10408CAE788
:108B300043F0100309EB8202AB70C2F8A8B770E7EC
:108B400006A92046F5F791FF2046F5F72BFF0123F4
:108B5000014606AA0498F6F77FFA07462046F5F77D
:108B600090FF039061780622023103982144F6F7C2
:108B7000BBF8054638B92046F5F783FF0146204685
:108B8000FCF778FE50E76888DDE9011240BA80B250
:108B9000F6F74EF895F80180B8B127B12946384666
:108BA000F6F77DF888B9727886F800B012B92A789D
:108BB00002F00102294650467270F5F7D1FF637842
:108BC000023BA3EB08036370CCE708F1020805EB56
:108BD00008030393C6E700BFA85800201FB5002371
:108BE00002AAADF8043002938DF80C3001ABFFF708
:108BF000CFFE01A8FCF75EFE05B05DF804FB2DE991
:108C0000F04F136882460E46154687B063BB536823
:108C100053BBD368003B18BF01234FF0000B0193F7
:108C2000DAF8001096F800809AF8042001EB0807A3
:108C30000A44BB1C9A42C0F072817B7802333B44E9
:108C40009A42C0F06C8111F808305B08012B0DD0FE
:108C5000052B15D1AB689BB13846F5F7AEFE78B160
:108C60003846F5F70EFF0AE00123D6E7019B3BB13A
:108C70003846F5F781FE18B13846F5F78DFEC8B9CC
:108C8000DAF80020904498F8013086F801B00233F9
:108C90009844A8EB020886F8008086F802B0BFE787
:108CA0002B68002B6BD1637886F802B00233234423
:108CB0001B1A737074787B78044402333B44A21C03
:108CC0009342DDD394F801C00CF102022244934296
:108CD000D6D33A785208012A40F0D3802178490847
:108CE0000229DDD0032900F09C800029DBD16B68CC
:108CF000002BD8D04FF0030CB3785A1CB2706278B6
:108D0000B2FBFCF29A42CED90222032010FB0326CA
:108D1000C5E9021129606D681822284611F0FEFC91
:108D200004EB060829463846F5F71EFF98F802209E
:108D30007C489309C35CC2F3401103F00303C2F300
:108D4000001243EA810343EA42132A7D22F02702FC
:108D500013432B75227862F3C3032B75A35B724A0E
:108D60005BBA6B82A35BB2F8BE205BBA9BB29A1A65
:108D7000534253412A7D63F304122A754DE0B378C0
:108D80005A1CB2706278B3EB920F8CD201EB83065F
:108D90000021C5E90111E9602D681822284611F06B
:108DA000BDFC04EB060829463846F5F7DDFEB8F8A9
:108DB00002305C485BBAC3F38132825CC3F340315A
:108DC00002F0030242EA8102C3F3003142EAC10227
:108DD000C3F3C02142EA0112C3F3802142EA4112E7
:108DE000C3F3402142EA8112C3F3002142EAC112D7
:108DF0006A74C3F38012C3F3C0135B0043EA8203B7
:108E0000AA7C22F006021343AB74A35B5BBAAB826D
:108E10002278AB7C62F30003AB74002007B0BDE89E
:108E2000F08FD5F80C90B9F1000F3FF43CAFBCF1D6
:108E3000010F7FF638AFB17800297FF434AFC5E970
:108E40000011A960A178019201F00F0189F80010CA
:108E5000A07899F80110C0F3001060F3000189F8C0
:108E60000110207860F3410189F80110384609F1BA
:108E70000201F5F779FEE178019A89F81210B270D3
:108E8000CBE7D5F80890B9F1000F3FF40CAF22788A
:108E90005208062A7FF407AFB17800297FF403AFA8
:108EA000BCF1010F7FF6FFAE4FF40172C5E900116E
:108EB000E960484611F032FC02A93846F5F7D5FDC5
:108EC000BA78384602F00F0289F80020F5F76AFDFB
:108ED0009DF80C20C9F8040089F8082009F109015F
:108EE00002A8D7F77DFD6278211D2078049199F8BA
:108EF0000611023AD2B260F300018DF8142089F80D
:108F00000611618804A849BAA9F8001289F8072156
:108F100009F58471D7F764FD0123B3707DE717204D
:108F20007CE700BFDC020508A84800202DE9F041DD
:108F3000002607468846ADF5067D0096694614482A
:108F400005AD01AACDE90166CDE90356FFF757FE4D
:108F5000044608B1172416E04AF6AA7269682B7A0B
:108F60009142EBD13A799A42E8D138460DF11D0190
:108F7000D7F73CFD0028E1D095F80631DB07DDD5B9
:108F80002B7888F8003020460DF5067DBDE8F0818D
:108F90004C5F00201FB50C4B0146B3F8E0284FF69C
:108FA000FE739A420DD001230DF1070202A88DF83D
:108FB000073002928DF80C30FFF7B8FF05B05DF86E
:108FC00004FB1720FAE700BFA858002038B5056851
:108FD00004460DB9172038BD406868B142780232A6
:108FE00010446978062202312944F5F77DFE60605D
:108FF0000028EFD00020EEE72846F5F742FDF0E725
:109000002DE9FF415C2305460E4601248DF807300B
:109010000DF107082846FFF7D9FF074638BB2B6834
:1090200093F902109A780029B4BFD878D87901282A
:109030001DD902F00F020029A2F57C72B4BF1C1DDD
:1090400003F1080492B230461049EEF764FA6378EF
:1090500033746B685A8852BA72825A78022A0CBFEB
:1090600000231B797374384604B0BDE8F08128688A
:1090700002A9CDF808808DF80C40FDF76DFB0023A8
:1090800028606B600028C5D11727ECE7104B002043
:109090005D232DE9F04F05460E4614464FF0010AB8
:1090A00085B08DF807300DF107092846FFF78EFFD0
:1090B0000746E0B9D5F80480B8F802305BBAA3825D
:1090C000002E36D12B6893F90220002AB6BF93F800
:1090D000038093F8078003F1040B08F1FF385FFA6F
:1090E00088F8A8BF03F1080BB8F1110F11D8286850
:1090F00002A9CDF808908DF80CA0FDF72DFB0023F8
:1091000028606B600028D0D11727384605B0BDE82D
:10911000F08F20460BF10101EBF719FEBBF811307F
:10912000B8F1120F5BBA238201D09BF81360A674CA
:10913000EBE798F80130A3F1020B5FFA8BFBBBF170
:10914000110F0ED9204608F10401EBF700FEB8F824
:109150001430BBF1120F5BBA238210D098F816605E
:10916000E5E7042BA1D1B8F80220204652BA054900
:1091700092B2EEF7D0F96B689B885BBA23823E46C9
:10918000D5E700BF104B0020F0B504468FB003A810
:10919000EEF7F2FF03A8EEF7EFFF237833B194F870
:1091A000A010042902D01CD8032933D003A8EEF75D
:1091B00021F9A0B903A904F13E00EEF7CBFC70B988
:1091C00094F87A300BB184F87A00012220461146D7
:1091D000EFF7AEF80122204603A9EFF717F90FB019
:1091E000F0BD4B1F5D425D4194F87A30012BDDD814
:1091F000002604F13E0708A8EEF7BEFF0023CDE9E4
:109200000133294608AA01A8FFF742FF20B1002E2A
:10921000F1D1CBE70025E7E736B103AD08AE0FCEBD
:109220000FC533682B80C1E7384608A9EEF792FCDA
:109230000646E6E7002370B588B0054602A8CDE9EA
:1092400000330E46EEF798FF0D4B93F8B330DB0773
:1092500003D41724204608B070BD0121684602AA35
:10926000FFF716FF04460028F3D1284602A9EBF7C2
:1092700008FC0028F1D0BDF81C303380EAE700BFBD
:10928000A84800202DE9F743054690F83210408D9C
:1092900007F090F8002840F0A58095F82830012BC1
:1092A00040F0A0802846F0F73BF9002840F09A8073
:1092B00005F1440005F13C06EEF75DF8F0B93046E3
:1092C000FBF7E4F9D0B1DFF824812F8C98F8B330A4
:1092D000B5F82A909A0711D5304601A9FFF7AAFFE1
:1092E00060B16A46314601AB08F59450EFF7F2F8E9
:1092F0000446D0B9B8F8BE40A74232D1304605F096
:1093000059F9014600286DD0837F9B066AD43748FF
:109310002B8CB0F8BE209B0AB3EB922F62D0B030FA
:1093200003B0BDE8F043F6F73DBC0098304B9842DF
:1093300002D00433984204D1238ABB42DED0278274
:10934000DCE7019906F085FF4FF0FF3321462848FE
:1093500027826361EFF7EDF80021304606F0AEF9A1
:10936000CCE73846FDF76EFA0028C7D1A14504D0F6
:109370004846FDF767FA0028C0D00120FDF708FA3B
:1093800004460028BAD04FF000081A4BD3F88C36A8
:109390000193DDF804C0BCF1000F13D196E80F0073
:1093A000B8F1010F84E80F00278216D803230220AA
:1093B00084F818C0A38204F0EDFD21460E48EFF7B3
:1093C000B8F89BE79CF818301BB908F101081FFAA0
:1093D00088F801A8EFF7C3F8DBE70123A4F814C06D
:1093E0002376EAE703B0BDE8F08300BFA848002079
:1093F000305F0020A8580020345F0020002370B5A3
:1094000086B00446014602A80193F0F776F80028DA
:109410007FD1BDF80C50002D4AD1BDF80860204620
:10942000FFF730FF3146204601AAFDF72CFD00284A
:109430006FD1019D6B89B3426BD831462846D3F773
:10944000B7FE002865D1BDF80A3028466B61EFF7FA
:109450002EFA284604F10801D3F79BFD2846FBF7B6
:10946000C9F8002855D0284604F12001FDF7E4FD95
:109470003A4B93F83C3E580704D42B79990701D511
:10948000FBF79AF83648294602F00AF9002004F062
:1094900081FD019CA28963899A425CD321463048B0
:1094A000D3F798FD204606B0BDE8704008F02AB812
:1094B0002A4E04A8D6F8C81F07F063F8049BEBB146
:1094C000BDF808205989914213D1BDF80A20586986
:1094D00090420ED19A8995420BD1A2882A448A42A1
:1094E00007DC1979627BC1F3400102F0010291426D
:1094F00003D004A8D3F7E7FDE0E7019396F83C3EDC
:10950000019D5A070CD46DB9637BDB0701D5FBF7CE
:1095100053F80198F8B106B0BDE87040D3F7C3BB6B
:10952000002DF6D0A38822682846A989D3F711FD1B
:109530002846A188D3F7BAFB94F90B1005F12C004B
:10954000EFF74FFE05F12E00217BEFF7F3FE2846E3
:10955000EFF7ADF99DE706B070BD00BFA838002059
:109560007048002037B5044600250195FFF78AFEB4
:109570002946204601AAFDF786FCA0B9019D04F109
:1095800008012846D3F705FD2846FBF733F850B10C
:10959000284604F12001FDF74FFD284603B0BDE841
:1095A000304007F0AFBF019820B103B0BDE83040B4
:1095B000D3F779BB03B030BD2DE9F04F0024ADF5F2
:1095C0007D7D05460E46174621464FF4E0728CA875
:1095D0009846CDE90A440C9411F0A0F84FF4D872E3
:1095E000214690A811F09AF81023AB4C8E93204698
:1095F0008C9407F0B9F8A94B20F0FF029A4202D0F0
:10960000A04240F09C804FF4804200234FF0010ABA
:1096100041F2010913A8CDE992239F4C8DF840A295
:10962000CEF7ECFA4FF4804113A8CEF7FCFA42468D
:1096300039460BAB13A8ADF84C901694E4F781F9BA
:1096400000287FD140F202210B9A8CA8E5F77EFF1B
:10965000002877D119A8CEF7D1FA4FF4804119A884
:10966000CEF7E1FA41F203233246ADF864302946E1
:109670000AAB19A81C94E4F764F9002862D14FF4EE
:1096800081710A9A8CA8E5F761FF0446002859D138
:109690001FA8CEF7B3FA1FA85146CEF7C4FA804BE5
:1096A00048461F937F4BCDE90D4422930C94E2F77B
:1096B00082FD002846D08C9B002B43D09DF834328D
:1096C000D9073FD50EAA0DA91FA803F0A9FA0028B3
:1096D00040F04481DDF83480BDF87E70B8F80000B9
:1096E000FC1D00F4E043E408B3F5804F0F9710949D
:1096F00000F0348100F44F43B3F5824F00F034831F
:10970000E2F759FD002800F0298117F0070740F023
:10971000258121460120CDF730FD0646002800F0C6
:109720001D81DDF83092484607F01EF80546B9F174
:10973000000F02D08E9B54B9BBB930460CE18CA807
:1097400007F01EF801200DF57D7DBDE8F08F9C42ED
:109750000BD98E978C9D8CA807F012F822462121F8
:1097600030468C9510F0DAFFE7E71B1B4E4A8E93CC
:1097700025F49F6323F00703934225F0FF0703D0EE
:109780004A4B9F4240F09680494BEDB245F0007540
:109790009D4275D005F17E43043B0F2B66D8DFE870
:1097A00003F00808656F67696B6D676965656769D0
:1097B0006B6D14279DF84A3203F00302012AC9D9C0
:1097C0005A07C7D543F003038DF84A32002C00F046
:1097D0009D80B246A1464FF0000B9DF848120DF255
:1097E0004B237A1AD2B24A4588BF5FFA89F25046B3
:1097F0001944079210F09DFF079A9DF84832B9EB83
:109800000209134492448DF848327FD09DF84932C2
:10981000FF2B9FD001338DF8493229463B460DF28C
:109820006B22A3A88DF848B2E5F736FE002891D147
:109830009DF84932012B25D1DDE99012A3A8E3F769
:1098400094FD002886D101220DF24921A3A8E3F757
:109850008CFD00287FF47EAF202233AB0DF24B212C
:10986000A3A8E3F7D1FD0028B7D073E70027A1E74D
:109870001C279FE720279DE730279BE7402799E794
:10988000102797E73A460DF24B21A3A8E3F76DFDA9
:109890000028D1D05EE700BF0002800800018008E8
:1098A000011080000010C00400010008000400083E
:1098B00003000002A24A25F4FF7323F00103934240
:1098C00040F024819F4BEDB245F000759D425BD086
:1098D00005F17E43043B0F2B47D8DFE803F008086F
:1098E0004655494C4F52494C4646494C4F524FF011
:1098F00014099DF84232042B49D0052B7FF42AAF7E
:10990000A246B346BAF1000F40F0B5800F9B0FADF1
:10991000A8F80230D8F804301B0A40F01D824046F7
:109920001099E2F780FE00287FF407AF08F12403C6
:1099300002950193D8F8243022460093D8F82030BD
:1099400031464046E3F760FFB8F802202B68044632
:109950009A42304600F00A82CDF70DFB0D980028A0
:109960003FF4F0AEE3F7C0F8ECE64FF00009C0E7D3
:109970004FF01C09BDE74FF02009BAE74FF030095E
:10998000B7E74FF04009B4E74FF01009B1E70523FE
:109990008DF84232B4E714274FF4B272002133A895
:1099A00010F0BCFE9DF84132FF2B3FF4D3AE0133E3
:1099B0008DF841322946DDE9912333A88DF84072B4
:1099C000E5F76AFD68B133A8E3F7AAFCC2E61C27F5
:1099D000E2E72027E0E73027DEE74027DCE7102733
:1099E000DAE79DF84132012B74D1DDE9951233A8F5
:1099F000E3F7BBFC0028E6D1DDE9931233A8E3F7D7
:109A0000B4FC0028DFD12BAB3A4699A933A8E3F781
:109A1000FBFC2B9B9F42D6D10028D4D1DDE99123BA
:109A2000294633A8E5F738FD0028CCD13A4699A954
:109A300033A8E3F79AFC0028C5D1DDE9951233A8D5
:109A4000E3F793FC0028BED1DDE9931233A8E3F7D6
:109A50008CFC0028B7D13A462BABA1A933A8E3F779
:109A6000D3FC074633A8E3F75BFC002F7FF472AE0C
:109A700000287FF46FAE9DF8407277BB314B9D425A
:109A8000ADD005F17E43043B0F2B85D801A252F8DF
:109A900023F000BF97990308979903089999030841
:109AA000DF990308CF990308D3990308D7990308CE
:109AB000DB990308CF990308D39903089999030800
:109AC00099990308CF990308D3990308D7990308F4
:109AD000DB9903083A4699A990E7574598BF3A465B
:109AE000A1ABA9EB070188BF5FFA8AF2584653FA87
:109AF00081F1079210F01DFE079A9DF840329344C1
:109B00009B1AAAEB020A8DF84032FBE60E4B9D42EF
:109B10001ED10023202C33AD33937FF41BAE33468C
:109B20002246CDE90045094890A9E2F713FD002837
:109B30007FF410AE339B202B3FF4E8AE0AE600BF63
:109B400000020008030000020906000809000002E4
:109B5000974B9F4204D003F580739D427FF4EDAD97
:109B60001822002125A810F0D9FD4FF6F871A69A09
:109B700025A8D300B1EBC20F4FF6FF7238BF1346D2
:109B80004FF48061ADF89630CEF74DF8884B9F4288
:109B90004ED1EDB245F060730893864B45F00075E9
:109BA0009D4243D005F17E45043D0F2D09D8DFE8E5
:109BB00005F03333083D3537393B3537080835373D
:109BC000393B00254FF48853ADF894309DF840326E
:109BD000032B37D0042B7FF4BDAD002C3FF496AEA1
:109BE000A34607969DF8BC12A7AB6F1AFFB25F455C
:109BF00088BF5FFA8BF719443A46079810F099FD31
:109C0000079BBBEB070B3B4407939DF8BC321FD16E
:109C10001F448DF8BC7279E61425D3E71C25D1E7E3
:109C20002025CFE73025CDE74025CBE71025C9E734
:109C3000614B9D427FF48EAD604A4FF41053102566
:109C40000892C1E704238DF8BC528DF84032C4E776
:109C50000021B09F4FF4B272013733A88DF8BC12C7
:109C6000B09710F05BFD01238DF8D130089B3FBA0F
:109C7000009396AAA69B25A933A88DF8D0501297D9
:109C8000E3F75AF920B120212BA8E2F763FA61E546
:109C900033A8DDE99412E3F768FB0028F3D104222E
:109CA00012A933A8E3F761FB0028ECD1202211AB05
:109CB0002BA933A8E3F7A8FB82460028E3D1119B28
:109CC0009D42E0D14FF001092A462BA9A7A810F028
:109CD00030FDCDF824A0DDE992239145099A72EB7D
:109CE000030308D320212BA8E2F734FABAF1000FBE
:109CF0003FF478AF2EE511AB2BAFCDE90353CDE99F
:109D00000157089BA69A009796A925A8E3F7B1FAF0
:109D100000BBA6AB011D8D420DD200F16B038CAAD6
:109D200013442BA985420ED8099B19F1010943F16F
:109D300000030993CFE757F8040B53F8042F424070
:109D40001A600846E6E713F8012F475C01307A40B5
:109D50001A70E7E78246C5E7404610A9E3F75CFCC6
:109D600000283FF4DCADE8E40020F5E5CDF703F989
:109D7000002C7FF4F3AD0D980CA903F0BEFC002875
:109D80007FF4ECAD1022DDF818140C9833ABE4F737
:109D900081F8044600287FF4D5AC0C98E4F726F847
:109DA0000B98E4F723F80A98E4F720F82046CAE471
:109DB0000001800803000002000280080002C003C6
:109DC00038B50446DBF786FAA04228D011F07CF8BB
:109DD000012C054602D12146DBF704FDEFF310808C
:109DE00072B64FF000710E4A0E4B51664FF480620E
:109DF000611E8A401A675A6E910103D4D3F88420F9
:109E0000920609D512F03BFB022C08D12846BDE88A
:109E100038400021DBF7E6BCD3F88420EBE738BDFF
:109E2000006000500040005008B508B911F04CF82F
:109E3000BDE808400220C3E72DE9F04F98462A4BC1
:109E400087B01B78054691460091002B46D0072825
:109E500046D8002A44D0B8F1000F41D0109BB3F58A
:109E6000006F3DDCDFF898B003010BEB00170193A6
:109E70003B7B002B36D00024DFF888A043010AEB9F
:109E800040161022214630460193CDE90344059443
:109E900010F044FC009BC6E901890293109B134912
:109EA0005A1E019BC2F30A025AF803001201014034
:109EB00042F044720A434AF803200D4B2A014BF842
:109EC0000230119B2846324602A9C7E901347C734F
:109ED000DBF7C6FF204607B0BDE8F08F0548FAE77C
:109EE0000548F8E70548F6E7581B00200F80EFF01B
:109EF000076F0008028000F0018000F0078000F08A
:109F000070190020F0190020F0B5054685B02A48E8
:109F1000D5F792FB012D3CD015F0FD0F0CBF0127AA
:109F20000027FF01092005F06BFF044600283DD003
:109F3000224E012196F8B320D3F749FF28BB2046D3
:109F400006F5A271EFF7E2FDF8B93A460E21204678
:109F5000D3F73DFFC8B9052212212046D3F742FFAF
:109F600098B9022D24D12046D7F788F8054660B16C
:109F7000684606F1F001EDF75EFA69462846F0F70B
:109F8000A1FB40B12846D2F78EFE2046D2F78BFEC9
:109F90000CE0C027C6E76846D6F84412EDF74BFA46
:109FA00069462046F0F78EFB0028EED105B0F0BDE3
:109FB0006846EDF79BFAF3E7EC490020A84800203B
:109FC000F7B5074612200E4605F01AFF0546F8B110
:109FD000582330468DF80430D3F740FD01A98DF8A1
:109FE00005002846D3F7BBFE044658B9294630463B
:109FF000D3F744FD044628B939462846F0F762FBFA
:10A00000044610B12846D2F74EFE204603B0F0BDFC
:10A010000324FAE738B50B6804460D4673B1E7F739
:10A020004BF92B68013B13F8010F40B16D3805283F
:10A0300004D8DFE800F00E0303050A12072038BD3C
:10A04000227842F001022270EDE7227842F002020B
:10A05000F9E7227842F00402F5E7227842F008029C
:10A06000F1E7F8B58B7F06467F2B0C4600D9FEE75B
:10A070001B4D1C4B4D1B2D115D4300F13007ADB244
:10A0800029463846EEF713FB40BB29463846EEF723
:10A0900041FBE38FC3F30D0313B9204601F00EFD1E
:10A0A000E38F5A1CC2F30D0262F30D03E387737949
:10A0B0005B09022B0DD0012A0BD920460A4905F075
:10A0C0007BFB054628B1214605F04CFC284601F0F3
:10A0D000C3FA2046BDE8F84005F004BCF8BD00BF57
:10A0E000D04B0020A38B2EBA4566020870B5002520
:10A0F00004688CB005602046A5816561EEF7D7FB4A
:10A1000021465048D3F7A1F96179490906D00229BF
:10A110007CD0237943F00103237129E0204602AA71
:10A12000EDF76BFB9DF8203008A8FF2B58D1EDF719
:10A1300039FA18B9237943F001032371A37903F0A5
:10A140000F03022B14D0404908A8EAF79AFC0546F1
:10A1500020B93E4908A8EAF794FC0546002300937D
:10A16000012368468DF80430EEF73AFB009E36BBBB
:10A17000204601F071FA002862D12579EB0718D545
:10A18000FAF7AEFAA8B1C5F3001645F0100525712F
:10A1900004F036FB237966F30413237110B9FAF740
:10A1A0009FFA30B12046022101F0E6F9204601F085
:10A1B00053FA27480CB0BDE87040D3F76FBBB37FAC
:10A1C0007F2B09D825B9304608A9F0F733FB18B121
:10A1D00031462046FFF745FF6846EEF7E1FAC5E74E
:10A1E00004F0E8F90146002893D0837F7F2B90D8B4
:10A1F0002379DA078DD4174B98428AD303F5DC63B1
:10A20000984286D22046FFF72CFFB1E7294602AAE2
:10A210002046ECF75FFE1049BDF8083001F500520A
:10A22000B2F820239A420AD9B02202FB031101F5A9
:10A230000C5191F8463028317F2BE3D9FEE7FDE73A
:10A240000CB070BD60480020604B0020744B0020B3
:10A25000A4480020D04B0020A828002070B50C4650
:10A2600000268B7986B005462A4904F108008DF84E
:10A2700004308DF80560EAF704FC50B340F26D231A
:10A280008DF80A60ADF80830234A02A892F82C37FE
:10A29000591C8DF80B3082F82C17EDF77AFA831CD5
:10A2A00013F0070323D102A8EDF773FA02A90246BF
:10A2B0002846D3F78BF850BB0222284601A9D3F7D2
:10A2C00085F820BBA388A0715BBA08335BBAA38072
:10A2D0001DE040F26D43ADF8083040238DF80A30A0
:10A2E0000E4BB3F8BE305BBAADF80C30CCE7C3F11F
:10A2F0000803D9B204A8EDF775FA04A8EDF749FAF6
:10A3000004A902462846D3F761F80028CBD006B04E
:10A3100070BD00BF484B0020A8380020A84800208E
:10A320002DE9F74F0746EDF708F94FF0000806460C
:10A3300039462E48F0F7B6FB45462D4B0090D3F832
:10A3400040B7BBF1000F03D1284603B0BDE8F08F42
:10A3500059462648F0F7B5FB00BB1022594638464F
:10A36000EDF7D0F99BF810A00446824519D858465D
:10A37000EDF7FBF85446814639465846EAF781FB2B
:10A3800088BB9DB15846EDF7F0F801902846EDF7EF
:10A39000ECF80199814206D2494507D2DBF814B0A6
:10A3A000CFE7B146E8E70AD94845F7D2A24503D836
:10A3B0005846EDF7DAF80646A0465D46EEE79BF80C
:10A3C0001210AA7C4A40D20702D5CB07E6D5EDE7AA
:10A3D000A045EBD3E2D159460448F0F763FB009B5C
:10A3E0008342DBD1E2E75D46AEE700BF584900207B
:10A3F000A838002090F83F3013B5C3F380145B06F3
:10A4000001461CD50023244A12F82300A8B10133C9
:10A410000A2BF9D14FF0FF339AB2092A3AD81F48D4
:10A42000898B00881E4A014422F8231002EB830224
:10A4300001239370002002B010BD1BB2ECE7684608
:10A44000D5F7FDF82346174A12F8231001B301335C
:10A450000A2BF9D14FF0FF339AB2092A1AD80F4AC2
:10A46000BDF800101288BDF806000A44BDF80210BD
:10A4700011FA82F2BDF8041011FA82F20A4910FAB8
:10A4800082F221F8232001EB830101238B70D1E7B5
:10A490001BB2E1E70320CEE7826A00203877002074
:10A4A000806A0020AA6A0020A86A0020002313B551
:10A4B0000093012368468DF80430EEF791F9009C73
:10A4C00014B9204602B010BD94F83F30DB090AD021
:10A4D0002046FFF78FFF0028F4D194F83F2060F367
:10A4E000C71284F83F206846EEF75AF9E7E773B5DC
:10A4F0000223154601AA0446CDF791FE18B9019B27
:10A500001BB96FF0630002B070BD226892F90020A1
:10A51000002AF6DB06462268117839B106B10193AC
:10A52000042BEED809D10B06EBD406E00132013B37
:10A530004FF001062260EED1019300232B60019BB6
:10A54000013BE0D322682E6812F8011B41EA062184
:10A5500029602260F4E7F0B5064615461F460C4612
:10A560009DB0002959D0002A57D02022002102A8EE
:10A5700010F0D4F821462A46304602ABDCF770FDD5
:10A580000446E0B90AAD02AE0FCE0FC596E80F0043
:10A5900085E80F007B1C0E9340230C9A01A922F042
:10A5A000807222F4804242F400520AA80D940F9364
:10A5B0000C920194DBF70EFF20B16FF0920420465D
:10A5C0001DB0F0BD019D0135412D019528D82822EF
:10A5D000214612A810F0A2F812A811F05EFF002880
:10A5E000EBD10AAA02A912A8DCF7F8F8012811D0C9
:10A5F00058B1482814BF6FF092046FF0850412A878
:10A6000011F04BFF0028DAD0D7E704233B70229BE0
:10A610001D60F4E76FF08B04F1E76FF08604CEE77E
:10A620006FF08904CBE713F07E0F2DE9F0470C465D
:10A6300015460CBF4FF0010A4FF0000A074652467C
:10A64000294620461E46C3F34508CDF7B5FE48BB54
:10A6500004F108095246484605F10801CDF7ACFE61
:10A6600000BB08F1FF33D3F1000848EB0308424672
:10A67000204605F11801CDF79FFE98B9424648469D
:10A6800005F12001CDF798FE60B921463846F20960
:10A69000CFF74FF830B904F110000121BDE8F047C1
:10A6A000CDF7AABFBDE8F087F0B513460E460122EC
:10A6B000002185B0CDE902120091021D054602215C
:10A6C00002A8CEF75AFB044648BB06F11002114619
:10A6D000284602ABCEF79AFF044600BB06F10807F6
:10A6E0003A463946284602ABCEF790FF0446B0B949
:10A6F00002AB1A4619462846CEF788FF044670B9C1
:10A7000032463146284602ABCEF780FF044630B9C8
:10A710003A463946284602ABCEF778FF044602A8EF
:10A72000CDF792FE034814F10E0F18BF204605B076
:10A73000F0BD00BF00B3FFFFF8B50446451807356C
:10A7400049420D40A5F108063046CDF7ABF8A18887
:10A75000301B628801EBE00189B2A2EBE00225F830
:10A76000041C25F8062CA288C310A2B1A4EBC202D7
:10A770005788D180D9195180E2889AB1D31A9BB2F7
:10A7800004EBC20425F8023CA380084A9368034402
:10A7900093603046F8BD15F8082C42F0020205F827
:10A7A000082CE9E725F8022CEFE700BF146400202D
:10A7B0000CB413B50B4C05AA2068019260B10830A7
:10A7C0000949E6F7E3FE206800B9FEE70830E6F73E
:10A7D00031FF236803B9FEE702B0BDE8104002B0C4
:10A7E000704700BFA42000202CEA040873B505467A
:10A7F0000E460E4BD3F8A42693F8A8361344CDE9A1
:10A80000002301216846F4F7FDFB044650B1032103
:10A81000F4F722FB0028F4D0837803F00F03AB4257
:10A82000EFD13060204602B070BD00BFA8580020B4
:10A8300013B503460C4668B90F4A03CA4022637435
:10A840000123206061602274A37401230020E3745B
:10A8500002B010BD01A9FFF7C9FF58B12146F4F7B6
:10A8600083F9019A937803F00F0363749378C3F329
:10A870000013E9E71720EBE7104B002010B50C465A
:10A88000FFF7D6FF20B12046BDE81040D2F793B9BC
:10A8900010BD38B50D4D044695F8CC3E8B4214D111
:10A8A000D5F8F43D984209D3D5F8FC2D431C9342CA
:10A8B000C5F8F43D02D3064805F0ECFBD5F8C83ED8
:10A8C0009C4224BF0134C5F8C84E38BDA8380020CA
:10A8D0005849002010B50446CBF7F6FC002C00DAEE
:10A8E000FEE721180248BDE81040D3F74FB800BF7B
:10A8F0007847002007B501460122684605F09AFC1A
:10A90000684605F0A5FB03B05DF804FBF8B54FF40D
:10A91000805307464B8001F10E000C461646FFF7A8
:10A92000E9FF054618B31B4B93F85C3ED80709D5E1
:10A9300094F8213043F0020384F821304FF400539F
:10A94000638014E0144B9D4209D303F5DC639D4200
:10A9500005D205F14800EDF759FE0028EED195F833
:10A9600030309907EAD45A07E8D41B07E6D47EB101
:10A970007389B3FA83F35B0994F82120394663F3B2
:10A98000820284F821202046BDE8F840D4F75EBB5F
:10A990000123F1E7A8380020D04B002070B591F8D2
:10A9A0003F208CB0520658BF6A460B4604465BBF38
:10A9B000086849688E8B03C203A856BF1E8801250C
:10A9C000022505F001FD01218DF818104FF6FE71EA
:10A9D0001D4AB2F8763E8B42ADF8103001D0022D00
:10A9E00008D1D2F87A0ED2F87E1E04AB03C302233C
:10A9F0008DF818306B46ADF8006003CBB2F8443EDA
:10AA0000CDF81A00ADF82430ADF826300123ADF8AA
:10AA10000C300E4B00222046CDF81E1003A90A93DD
:10AA20008DF82250FFF772FF2568284605F0BEFF1B
:10AA300040F020039BB22B701B0A002120466B7054
:10AA4000D4F7BBFC0CB070BDA8380020010105088C
:10AA5000F8B51F46214B064693F8EC3F0D46C3F36D
:10AA600040049B07104611D5FFF744FF044668B128
:10AA7000306805F0A6FF48B13046D4F7B8FC38B1CD
:10AA8000002F0CBF04210F2125B9E5772046F8BD22
:10AA90000421F9E70E2DF9D1E37FA28B0133DBB25C
:10AAA000C2F30802E377002AF0D19942EED80C48AD
:10AAB00090F8B130022B08D0033B012BE6D8214699
:10AAC00000F60820F5F728F8E0E700F1F0039C42D3
:10AAD000DCD1B030F0F7ACFED8E700BFA8380020DA
:10AAE000A848002010B508490446F3F71BFE40B9FA
:10AAF00020460649F3F716FE0028044808BF002048
:10AB000010BD0148FCE700BF98490020F44900202F
:10AB10000C4B828BB3F8BE309A4210D0837F03F087
:10AB20000F03072B0BD190F8243003F00302C3F37B
:10AB30008103934228BF1346034AD05C704710201C
:10AB4000704700BFA84800209406050838B50546A0
:10AB5000D4F740FC04462846D4F7C5FBFF2C024638
:10AB600001D0FF280ED1002038BD2B68195B1819C1
:10AB7000C1F3C7111A29F7D01B5D03F07F0302331D
:10AB80001C44E4B2A242F0D2EDE7094890F83C3E02
:10AB9000DA070CD590F83D3E072B08D0B0F83E3EC2
:10ABA0001B0604D4072100F63C60D3F758BC70475D
:10ABB000A838002010B504460B48D2F7C2FE342155
:10ABC0002046D4F733FF68B1D5F7A0F8074B02460B
:10ABD0009842D4F8001128BF1A46BDE81040024838
:10ABE000D2F784BE10BD00BF384600200014730F9A
:10ABF00010B5044690B001466846D6F742FA0D9B60
:10AC0000002B14BF1846204610B010BD37B51546AE
:10AC1000044678B10222D2F705FB02216846CDF73F
:10AC200080F8022269462046D2F73AFB30B120462E
:10AC3000D2F739F80024204603B030BD064B204639
:10AC400053F82510D1F780FF0028F0D12046D2F725
:10AC500065FB0028EFD0EAE7A0060508F7B500F18C
:10AC6000350525F00105AB8904460B2B0F4616462A
:10AC70003DD8C3F10B031B010C29DBB21DD8C9B2AF
:10AC80000DF101020B4369468DF800306389521AB9
:10AC90003B4413FA82F3B3F5007F26D2204692B2EA
:10ACA000D2F723FB38B90B233A4631462046AB8115
:10ACB000D2F71BFBE8B103B0F0BDB1F5867F07D832
:10ACC000A1F10D028DF801200D210DF10202D9E74D
:10ACD0006FF486728A18C2F307218DF801108DF87F
:10ACE00002200E210DF10302CCE70320E3E7072049
:10ACF000E1E763892B82DEE7074BD3F8403723B9BE
:10AD00001720B0FA80F040097047984201D05B6983
:10AD1000F5E70020F5E700BFA8380020024608B597
:10AD2000C37CDB0741BF0A4B03CB10605160104668
:10AD3000FFF7E2FF58B907480121D0F8403700F586
:10AD4000E8605361BDE808400260ECF7C7BD08BD8C
:10AD5000104B0020A838002010B4124C0246D4F842
:10AD600040070021034613B95DF8044B70479A422F
:10AD700007D019465B69F6E74B6943B15B694B61E4
:10AD800005E00029F8D110B14369C4F84037D37CFD
:10AD900000216FF3410304485DF8044BD374ECF7D2
:10ADA0009DBD00BFA8380020E83F0020002313B558
:10ADB0003C20174A02F50051C1E94033C1F808317F
:10ADC000C1F8FC3002F5405191F88C1100FB0122D2
:10ADD000104902F528520C328A420BD10093052308
:10ADE00068468DF804300024EDF7FAFC009B3BB96F
:10ADF00002B010BDC1E904338B61CB603C31EBE79D
:10AE00006846C3E904449C61DC60EDF7C9FCEDE7EA
:10AE1000A8280020B45200204FF41603F0B5ABB0C0
:10AE20000446039300230D46164604AF43221349FC
:10AE300002A88DF810300297D2F717FD0E21204698
:10AE4000D2F7BEFC0E4B0E22034400930D4923465D
:10AE500002A80D4CD2F709FD3246294602A8D2F7C6
:10AE6000E3FC2146094A02A8D2F7FFFC3B462246F2
:10AE700010210120FFF79CFC2BB0F0BDC80705088E
:10AE800030090508CE0705082CEA0408D90805088A
:10AE90000EB403B5054904AA05480192FFF7BCFFAB
:10AEA00002B05DF804EB03B0704700BFD707050898
:10AEB0003F0905087FB53849A1F15C00D4F78AFB4A
:10AEC00040B1364890F8B130022B60D00021F0300C
:10AED000F3F734FB0B2004F093FF0546002858D00D
:10AEE0002F49EEF718FE0446002848D12846EEF711
:10AEF00017FE0446002842D1284E0121284696F824
:10AF0000B320D2F764FF0446C8BB02212846D6F816
:10AF1000CC20D2F773FF044688BB052212212846B5
:10AF2000D2F760FF044650BB2846EEF75BFE0446AE
:10AF300028BB96F8B3309B0727D4284696F8B7105D
:10AF4000F0F71FF90446D0B902230D212846154A0F
:10AF5000D2F708FF044690B92846EEF765FE04468E
:10AF600068B907210C48F3F7E9FA68460A49ECF793
:10AF700062FA69462846EFF7A5FB044610B1284659
:10AF8000D1F791FE204604B070BD0323DDE71824FD
:10AF9000F8E70324F6E700BFF4490020A8480020A2
:10AFA000334A00204E09050800F130020B460248E2
:10AFB000002192B2D2F7B0BA00290020014608B5AC
:10AFC0000820FFF7F1FF08B10023838108BD13B506
:10AFD00040F20133044601A8ADF80430FFF7EEFF5C
:10AFE0002246002102B0BDE810400FE630B504460D
:10AFF00006200C4B03F5005292F8902000FB023320
:10B00000094A03F5005330339342104601D1002022
:10B0100030BD1588A54202D155888D42F8D0063240
:10B02000F2E700BFA8280020D848002010B502464B
:10B030000D4800F5005191F8903083B1013BDBB22F
:10B0400081F8903042F23004062111FB03431918B5
:10B050008A4203D0C35813608B88938010BD186850
:10B0600010609B889380FFDEA828002008B5094B5C
:10B07000014603EB8003D3F8B80F50B1032916BF84
:10B0800001310021C9B20448D1F7FDFF00B9FEE744
:10B09000C06908BDA8380020604800202DE9F84F9D
:10B0A000044692468B46CFF70CF906468946D4E90A
:10B0B0001681A0204546B4F85070B4F8524047437A
:10B0C000E4FB00513A46284600230DF0F7FC9419A2
:10B0D00049EB03053A460023304649460DF0EEFCA5
:10B0E000A41A65EB03051AEB060049F1000384423C
:10B0F00075EB030306D3A4EB0803CBF80030201A4A
:10B10000BDE8F88F3C1945F10005ECE7F0B50523E3
:10B11000002585B002A802958DF80C304FF0FF3461
:10B12000EDF75EFB184F029EBEB995B1174E96F82B
:10B130003C3EDB070DD5E9F7FFFD4FF47A73B4FB16
:10B14000F3F40821044406F63C60C6F8584ED3F7E1
:10B1500086F90D4B5D6205B0F0BD06F14800EDF7D4
:10B1600055FA60B1F38FC3F30D0343B130463A6A29
:10B1700001A9FFF793FFA0423CBF3546044602A851
:10B18000EDF70EFBCFE700BFA8480020A83800204D
:10B19000094B996A01B9B9E75A6A5AB1906B814271
:10B1A00008D092F848106FF3060182F84810002288
:10B1B0005A629A85704700BFA848002073B5056899
:10B1C000064628460C4605F002FC80B3284605F0EA
:10B1D00008FC60B33046D4F711F9054638B3214670
:10B1E0000522684605F026F869461248EDF708FB87
:10B1F0000446E0B16B889AB2092A18D96A78A0F897
:10B2000050302B7843EA0223A0F8523090F84830AF
:10B2100043F0800380F84830E9F78EFDD6E9022339
:10B220006065C4E9162302B0BDE87040B0E702B023
:10B2300070BD00BFC84B0020094A92F8AC30C3F380
:10B24000400181420AD060F3410382F8AC30DB0751
:10B2500004D5012102F19400D3F798B8704700BFDC
:10B26000A848002073B505460F48D0F8A436C9B1E8
:10B270004A780232114490F8A8261344CDE900130D
:10B2800001216846F3F7BEFE044640B1E678284641
:10B29000F21DD208211DECF74CFA8642F0D8204668
:10B2A00002B070BD1946E6E7A85800202DE9F84F16
:10B2B00013F0010804460E4617461D46DDF8289097
:10B2C00002D1043B0C2B55D9FEE710461B0A421C49
:10B2D000002BFAD1C0B2022838BF0220C0F10F0AF9
:10B2E000022818BF5FFA8AFA331E18BF0123AA1E6C
:10B2F000013852109B015FFA80FB43EAC2034BEA1C
:10B30000030352464946237404F111000FF011FA69
:10B310003A460F2304F120019A452ED304F110027E
:10B3200011462046D2F78AFE26B14FF00208637C10
:10B33000734063745246494684F820B004F12100FA
:10B340000FF0F7F90AF121000021CAF10F022044A1
:10B350000FF0E4F90023C4E91137E364102384F803
:10B3600054A084F855502664A4F85080A4F85230B4
:10B37000BDE8F88F13464046A9E7013B01F8012DCF
:10B38000DBB2120AC8E770B506460C4CB4F820537D
:10B3900004F54A740DB9284670BD2046E9F7C2FB92
:10B3A00040B1A37F7F2B05D831462046EFF742FA04
:10B3B0000028F1D1013DADB2B034EBE7A848002040
:10B3C00010B51F4C94F83C3EC3F38002824235D046
:10B3D00060F3820384F83C3E70B994F83C3EC3F3BA
:10B3E000C00394F8822E174863F3000284F8822E7B
:10B3F000BDE81040D4F7CAB9B4F83E3E590609D5A5
:10B4000004F60C70D2F79DFAB4F83E3E23F04003E8
:10B41000A4F83E3E94F83D3E062B08D10A48D2F7E8
:10B4200090FA0023094884F83D3ED2F737FA94F8A1
:10B430003C2EC2F380035207CFD5D2E710BD00BF28
:10B44000A8380020E4460020B4470020AC47002084
:10B4500008B50848D2F775FA074B93F89F206FF3A9
:10B46000870283F89F20B3F8AC2002F08002A3F893
:10B47000AC2008BD48490020A848002010B504466B
:10B48000FFF79EFF34B1FFF7E3FFBDE810400D4822
:10B49000D2F757BA0C4890F8AC30D9070CD490F8D2
:10B4A000B320120700D5FEE743F0010380F8AC306B
:10B4B00001219430D2F76AFFBDE810400348EDF750
:10B4C00058B900BF0C620020A84800200462002088
:10B4D00010B5244B93F8B12032B193F8B30010F0BB
:10B4E000080001D1FFF7CAFF1F4C94F83432012B3A
:10B4F00002D0022B12D010BD04F50870D2F721FA49
:10B50000A4F5005292F8EC3F590707D56FF3820378
:10B5100002F6FC7082F8EC3FD2F7C0F9134890F8BD
:10B520003C3E9A060AD56FF3451380F83C3E90F8EE
:10B53000463E00F63C60C372D4F728F994F87E3298
:10B540009B070AD54FF6FF710948D2F773FF94F8AD
:10B550007E326FF3410384F87E320648BDE8104026
:10B56000D2F79CB9A8480020A8580020A83800208D
:10B57000E4460020C05A002038B503790446DA07B3
:10B5800023D500226FF300030371828119B1DBB26E
:10B5900062F3C3030371627923795209C3F3C003D1
:10B5A00004D1294A93B1506801305060A07900F06D
:10B5B0000F00012809D1E279102A29D1234B93F8F1
:10B5C0003422012A06D0022A1FD038BDD0680130AB
:10B5D000D060EBE709B10F2914D12379204643F05D
:10B5E00001032371EDF763F9194A4FF4967192F84C
:10B5F000EC3F184843F0040382F8EC3FBDE83840C4
:10B60000D2F779B9022283F83422BDE838405FE7E7
:10B610000B2ADAD153B10C4B93F8B33013F0080571
:10B6200004D1FFF709FE2846FFF728FF23799B077F
:10B63000CBD5054B93F8B420052AC6D1012283F857
:10B64000B720BDE8384035E4A8480020A8580020BD
:10B65000A8380020C85A002070B50679044616F0B4
:10B66000010616D13030EDF7B6F9054678B10A4B30
:10B670000A48D3F8D02F2146944204BFC3F8D06FB4
:10B68000A3F8CE6FD1F7FDFE2046D1F70CFB28467C
:10B6900070BD0025FBE700BFA838002060480020EF
:10B6A0008B6A03B1FEE7CB69A3B90A6A92B90B7939
:10B6B000886262F382030B7103681BB9C1E9071149
:10B6C00001607047DB69CB6102680A621962036836
:10B6D000D961F5E7FEE7054890F8AC30DB0703D504
:10B6E00001219430D2F752BE704700BFA848002015
:10B6F0000E4A0F4BD2F8CC00A2F58051984228BFD9
:10B7000018464FF47A7391F85C1E5843C90709D55F
:10B71000D2F8D0205A43904228BF1046834238BF07
:10B72000C01A70474FF47A63F8E700BFA8480020BA
:10B730009BC4200070B50D4CD4F8A83004F1A005CE
:10B74000AB4211D0FFF7D4FFD4F8986086420BD1FA
:10B75000E9F7F2FAD4F89820C4F894000146284694
:10B76000BDE87040D2F7C2B870BD00BFA848002045
:10B7700007B50D4B0DF1060118680EF077F90B4B6C
:10B78000BDF8061093F90020094B7F2A0B4413F9EA
:10B790000B0C05D17F2808BF002003B05DF804FB27
:10B7A0009042A8BF1046F8E70864002034690020E2
:10B7B000246900202DE9F047054688B0FFF7D8FF3F
:10B7C000884C0146A54200D0FEE72A68864B9A4283
:10B7D00000D0FEE7237F98070ED4642384F8293035
:10B7E000A079CCF771FB0646002840F0F7800220D4
:10B7F0000FF0CAFE68B1FEE794F82930022B84BF2F
:10B80000023B84F8293094F829304F2BE8D8502394
:10B81000E4E731464FF4F8500FF0A0FE217F734D5E
:10B82000734F1020C1F3800184F828602C600FF062
:10B8300095FE3B6873B1D5F80080D8F814304BB949
:10B840004FF0FF300EF052FA40F6B8322B68C8F8CD
:10B8500010005A61D5F800903B68D9E904028BB119
:10B8600099F81C10C9070DD41044A0301FFA83F8B2
:10B870000FF072FC07464846D3F7C0FD10B1A0F8A0
:10B8800002800780286890F828100FF083FCEFF3FF
:10B890001188302383F31188022001210FF05EFE0E
:10B8A00002200FF071FE00B9FEE72B6803B9FEE736
:10B8B00010200FF069FE2B684FF0000A9B884D4F57
:10B8C0008DF80B3001230DF10B011A4638680EF08C
:10B8D000BDF99DF80B202968023A002392B209684D
:10B8E00038680EF0B3F92B68202093F829208DF8E2
:10B8F0001420414A1B68CDE9062A93F80090C9F349
:10B9000040190FF041FE48B15146012238680EF04F
:10B9100001F8514648F220000FF020FE286805ABE0
:10B920004169F1B910200FF02FFE296805AB90B1E5
:10B93000324A087E8979907031480078D07000933F
:10B94000386813464A460EF004F820B34FF480508E
:10B9500010F0DAFC1FE04A46897938680DF0F7FFED
:10B96000F3E70269962511440022ADF81020234A1E
:10B97000A1F59B7115820C3203918179019300929C
:10B9800038684A4603AB0DF0E6FF0028DED10121FE
:10B9900040200FF0E3FD88F31188BFF36F8F4FF461
:10B9A00080500FF0F1FDC8B1164D95F84C3BABB18E
:10B9B000A5F50055D5F8903E23B10121D5F8942E78
:10B9C00008489847B5F8703EDB0707D4206804F0B4
:10B9D000F8FF18B14FF47A50FEF77CFF304608B0FC
:10B9E000BDE8F087B8690020E869002068210020E0
:10B9F0004C6400200864002020A10700E4790020A6
:10BA0000DC790020A858002038B5054602200FF048
:10BA1000BBFDD0B90F4B1B78012B16D0FFF7A8FE4A
:10BA200001462846CCF750FA044660B92846CCF7C0
:10BA3000BFF9044658B9014620200FF08FFD064B90
:10BA40009D71064B9D71204638BD0D24FBE70124F6
:10BA5000F9E700BF6D210020F8200020581E0020CB
:10BA600010B5154C94F8723E03F0FB03032B22D162
:10BA7000B4F8702ED4F8883ED20604D49879FFF733
:10BA8000C3FF00B1FEE794F8723ED4F8880E042B91
:10BA90001CBF042384F8723EFFF78CFE0D2808D1EA
:10BAA000D4F8880E43692BB10023C0E90433FFF7B3
:10BAB00081FE00B1FEE710BDA838002038B590F82F
:10BAC0003F300E4D43F0800380F83F306B7D0446DD
:10BAD0003BB9FEF7EBFC18B90123094A6B751370EB
:10BAE00038BDFEF787FC08B10023F6E794F83F3035
:10BAF00060F3C71384F83F30F2E700BFA848002086
:10BB00007C6400200A4B0B4A1B88034400209BB234
:10BB10001188994201D1917839B901300A2802F18E
:10BB20000402F5D14FF0FF30704700B2704700BFFC
:10BB300038770020806A00200E4B028841881B88DD
:10BB40000A441344828812FA83F3C288002012FA4E
:10BB500083F3094A9BB21188994201D1917839B98E
:10BB600001300A2802F10402F5D14FF0FF3070478E
:10BB700000B2704738770020A86A002090F83F3064
:10BB8000F7B5DE090146C3F3C01705D06FF3C7133D
:10BB900080F83F3003B0F0BDC3F380155B0618D5C5
:10BBA000808BFFF7AFFF83B2092BF3D8114B03EB68
:10BBB0008002977023F820600F4C637D002BE9D141
:10BBC000FEF774FC0028E5D101230C4A637513705D
:10BBD000E0E76846D3F733FD6846FFF7ADFF83B271
:10BBE000092BD7D8064B03EB8002957023F8205021
:10BBF000E2E700BF806A0020A84800207C640020A3
:10BC0000A86A002038B590F83F300446C3F380128C
:10BC10008A420D4613D0C28FC2F30D025AB1FFF70C
:10BC2000ADFF94F83F30204665F3861384F83F302B
:10BC3000BDE8384042E761F3861380F83F3038BDF5
:10BC40002DE9F04F884617244FF0000B06028BB009
:10BC500046F40037DFF87C900DF1180A47F00A0629
:10BC600000253B46042251464846CDE90065D8F7F9
:10BC7000D3F80390039A0BEB050395420BD1042DE7
:10BC800003D10A2B07F1010703DD20460BB0BDE805
:10BC9000F08F9B46E4E743455AF8257002D0B8F18F
:10BCA000FF3F15D1394605AB04AA4846D8F752FAEA
:10BCB000CCF73EF8044640B939464846D8F7CEFF9F
:10BCC000CCF736F804460028DFD1B8F1FF3FDCD1CD
:10BCD0000135CFE7101C002070B50E464FF0FF3144
:10BCE00005461446FFF7ACFF08B1172808D134B158
:10BCF000224631462846BDE87040CCF71FB80720E1
:10BD000070BD002310B5044686B0ADF812308DF832
:10BD100014306846D1F73AFD9DF814304BB9BDF8A0
:10BD20000C20A38BBDF812109A4204D10520FFF716
:10BD300087FF06B010BD0131ADF81210E9E770B50C
:10BD4000461EC41C002206200D462B780131303BD4
:10BD5000DBB2092B04D906F8012F58B1062070BDBB
:10BD600002EB820203EB42039AB2FF2A4FF000007B
:10BD7000EAD9F3E7A642287803D02E28EED1691C31
:10BD8000E0E70028EBD0E9E710B502200FF0FCFB5C
:10BD9000044638B9014620200FF0E0FB0FF04AFCC2
:10BDA000204610BD0520FCE7012110B58140002090
:10BDB000D1F7B2FC4FF4A07303FB00F4084B93F8E7
:10BDC000822ED20709D5D3F8883E9879FFF71CFE5A
:10BDD0002046BDE81040FEF77DBDFFF7D5FFF7E731
:10BDE000A838002038B5204CD4F8883E94F8730E5B
:10BDF000596994F8722E09B91969E1B1072A1CBF73
:10BE0000072284F8722EB4F8702E52060BD41D69E6
:10BE1000CEF757FAD4F8883E5B692B44A3F5A47398
:10BE2000C21A002A02DBBDE8384019E6181ABDE83C
:10BE30003840FEF74FBD032A1CBF032284F8722E40
:10BE40001A7E002AEFD01B7F5B07ECD5B4F8703E5A
:10BE500003F00C03002BE6D1BDE838400330C0B23C
:10BE6000052828BF05209FE7A838002037B5234CB8
:10BE700094F8723E052B3FD0D4F8885E286804F011
:10BE8000B0FD70B32B7FD8062BD428460DF10701E7
:10BE9000D3F788F828BB2B7FD90704D4284694F819
:10BEA000CC1ED3F700FAB4F8703E9A0619D49DF868
:10BEB0000730082B15D1D4F8880E114B8360037F0F
:10BEC000DB0709D4D4F8C85E2946D3F78BF8284697
:10BED00094F8CC1EFEF7DDFC0A49D4F8880ED3F79F
:10BEE00093FA002384F8733E84F8743E84F8CD3EC0
:10BEF00003B0BDE8304075E7FEE700BFA83800207A
:10BF0000504700202247002008B501200FF03CFBDD
:10BF1000FFF73AFF40B9054B93F8722E012A02D081
:10BF2000012283F8722E08BDFEE700BFA83800206A
:10BF300000F0FC43B3F1806F70B507D1144B984209
:10BF400002D1B1F5105F0DD000200AE0114B9842EC
:10BF5000FAD1B1F5105FF7D101240F4B0F4D58689E
:10BF600010B970BD0224F8E7C179C1F3840155F816
:10BF700021100978022908D1417901F00F06B2EBAE
:10BF8000861F02D1B4EB111FEBD00833E7E700BFE7
:10BF9000004040040002C00354090508B4D104085D
:10BFA000144B0340B3F1607F21D1C3B243F000735F
:10BFB00003F17E43053B062B19D8DFE803F0041894
:10BFC00018080C101400142301200B6070471C2368
:10BFD00002200B607047202303200B607047302342
:10BFE00004200B607047402305200B607047002041
:10BFF000704700BF0000C07F10F1860F12D010F113
:10C00000850F0ADA10F1930F0FD010F1870F0CBFD4
:10C010006FF073004FF0FF307047003818BF0120F9
:10C02000404270476FF0710070476FF06F007047CB
:10C030002DE9F04F8A469946044697B0002800F053
:10C04000BA8089B10CA8009210F027FA002840F0BD
:10C05000AD802379009A013B271D042B2CD8DFE803
:10C0600003F0141E2F384400002A40F0A4800CA8CE
:10C0700010F013FA0146002840F09880D422201DC9
:10C080000EF04CFB6FF0890092E014264D4904F14C
:10C09000100307F1040C04F1300BB04609E0202630
:10C0A0004FF01C08484904F1100307F1040C04F197
:10C0B000300B4025424522D2D42200213846DFE70A
:10C0C0002026424904F1100307F1040C04F1300B5F
:10C0D000E3E740264FF030083D4904F1180307F12B
:10C0E000040C04F1580B8025E4E740263949B0469A
:10C0F00004F1180307F1040C04F1580BF3E70CF1F9
:10C1000004020CEBD50E52F8040B002847D19645DB
:10C11000F9D1DCF80020013D1540CDE90C100E905E
:10C12000294614900CA80193009210F0BDF9009AD2
:10C130000CA8114610F0B8F9019B48F00052039387
:10C14000012345F0005503A90CA846F000560493BE
:10C150000596CDF818B007930895CDF824A00A935A
:10C160000B92DAF7DBFA06A90CA8DAF7D7FA09A9D5
:10C170000CA810F0BFF90CA80EF0E2FE0546D42280
:10C18000002138460EF0CAFA6DB92378022B08D088
:10C19000032B13D120230020C9F8003008E00F251D
:10C1A000EDE71C23F7E7212D3FF46CAF6FF0920011
:10C1B00017B0BDE8F08F6FF08600F9E76FF08800E8
:10C1C000F6E700BF000203030003030300040303B8
:10C1D0000005030300060303F0B58DB004460D46C9
:10C1E0001E46129F002B3FD0002F3DD01F49204BF1
:10C1F000002A08BF0B460360002309A9C0E90133E8
:10C2000003622846DAF774F960BB2046099910F0FA
:10C210004BF91021204610F047F969462846DAF715
:10C2200040FAF8B969462046DAF778FA284603A9B1
:10C23000DAF74EFAB0B9204603A9DAF76FFA069694
:10C2400001260C4D204606A907960895DAF766FAEE
:10C25000204609A909970A960B9510F04BF920463C
:10C260000EF06EFE0DB0F0BD2120FBE700010004D2
:10C2700000010104100000202DE9F04794B00446AD
:10C28000DDE91D65DDE91F789246894629B96FF021
:10C290008604204614B0BDE8F087002AF7D0002EAF
:10C2A000F5D00DB9002FF2D12388B3F5105F4DD131
:10C2B000282200210DEB02000EF030FA202200218E
:10C2C00002A80EF02BFA0AA810F0E7F800283AD1DD
:10C2D00020465246494602ABDAF7C2FE0446002821
:10C2E000D7D1029B23F00802102A01D0202BCED1F7
:10C2F000AE4221D206F110039D421DD20F2FC6D9A6
:10C300003146102228460EF0ACFB2E463346002262
:10C31000009502A90AA8FFF75FFF064678B13A46E2
:10C32000002128460EF0FAF90023012EC8F800304B
:10C3300009D16FF08B04ACE70F2FE7D8A7E71023E4
:10C34000C8F80030A5E76FF09204A2E76FF085040B
:10C350009FE72DE9F04FABB0089300239D4C0A9363
:10C360000D46174623464FF480720AA9E1F7CFFC29
:10C37000064630B10A98E1F7B5FC0023089A13602D
:10C380004BE30A9E7368D6E908A24FEA1328B8F176
:10C39000010F00F04D83904B984500F04983B8F1B0
:10C3A000000F05D03046E1F79DFC6FF08606E4E70C
:10C3B000089B5146049310233046CDE90273CDE922
:10C3C00000850CABFFF758FF10F1860F834640F055
:10C3D0003D834C22414617A80EF0A0F9B6F8009014
:10C3E00076884946324620461694FFF7A1FD01465D
:10C3F000002800F0C18018A8CDF712F804460028E4
:10C4000039D1189B002B72D09DF8A420012A70D13D
:10C410001822014610A8DDF89CB007930EF07EF9B3
:10C42000720764D19BF80820002A60D1079B9B7992
:10C43000102B3FD80D2B02D8023B052B3CD84FF4D4
:10C4400010534FF4407110A8ADF84030CBF7EBFB20
:10C450005B4653F8042B51461392F21DD20810A8E4
:10C46000E1F76FFA10F1860F26D038B38D305B4CB0
:10C4700018BF6FF06F042046DFF7A9FE169B8346B6
:10C48000002879D103F0FF43B3F1906F09D0219BCD
:10C490009DF85D201033B3FBF2F35343102B00F2F1
:10C4A000A582189A002A42D14D48DFF790FE002459
:10C4B00083464AE0263BC0E74A4CDCE701238BF881
:10C4C000083019968DF8683009F4E043B3F5005F41
:10C4D00009BF01230023C9F3022903FA09F308BFA6
:10C4E000DBB28DF85D3000238DF85C30C3E73C4C47
:10C4F000C1E7DA7902F00302012A05D85A7902F07D
:10C500000F02B6EB821FF2D101228DF86820DB7991
:10C51000354AC3F3840352F8233051463246DB6870
:10C520002798199698470028CED00446A3E79DF88F
:10C53000A430012B01D12B48B7E7147914F01F0464
:10C5400026D12A48DFF743FE8346BBF1000F13D103
:10C5500007B12744219A10AD002A00F0AC81169B48
:10C56000234923F480638B4240F0A58110212846A3
:10C57000DFF7F0FD6FF0860B169B03F0FE43B3F17F
:10C58000806F00F051820A98E1F7ACFB5E46F4E65A
:10C59000537903F0F003102B11D1102C01D0154862
:10C5A00083E7D379104AC3F3840352F823309DF90B
:10C5B00068105E682A463B462798B047C2E7902B32
:10C5C00040F0E080279C636EDB0615D56FF00C0011
:10C5D0006BE700BF0044400402008000809EFFFF24
:10C5E000009FFFFF809FFFFFB4D10408809CFFFFE6
:10C5F00000404004809DFFFFD4E90A231AB1226A5B
:10C6000010339342E2D84FF0100B04F13803079730
:10C610000993E36A03F00F09C9F110065E4528BFCC
:10C620005E463344E362636B23F00203012B50D078
:10C63000636B33F0020A2CD110AB009332462B46C9
:10C6400049462046CCF746FE034600287AD104EB43
:10C65000090310A8A3F1040C0AF1040296427DD24A
:10C660005344564500F284803246079810A90EF0D4
:10C6700060F809EB0603102B03D0E26A236A9A42A2
:10C680001ED1224621460998CCF7FCFD034600281E
:10C6900038D1B144B9F1100F03D0E26A236A9A424B
:10C6A0000ED10021206BCBB2834209D2C3F10F031C
:10C6B00023441A7C01310132D2B21A74002AF2D01A
:10C6C000079BBBEB060B334435440793A1D15B4674
:10C6D00038E0002304EB0901181DB04201EB03020E
:10C6E00015D99E421BD809EB0603102B03D0E26A32
:10C6F000236A9A421AD1224621460998CCF7C2FDF4
:10C70000034698B1626E42F0100262661AE0EA587F
:10C7100051F803C082EA0C02CA500346DCE7E85C29
:10C7200011780133414002F8011BDAE7079B3246DA
:10C73000009349462B462046CCF7CCFD0346002803
:10C740003FF476AF102110A80793DFF703FD079B96
:10C7500010241846DFF73BFD8346F6E650F804EB5D
:10C760005CF80210924681EA0E014CF8021073E761
:10C7700010A911F80A101A780AF1010A4A4003F8C0
:10C78000012B6EE7AF420AD1219A002A7FF48CAECA
:10C790001022B2FBF4F26243102A7FF485AE202B04
:10C7A0007FF4C9AE9DF96830219EB3B91B9AA31BD3
:10C7B000B2B10F2B16D906F1A8030DEB0306343ED8
:10C7C00005F1100355F8042B9D4246F8042BF9D1CE
:10C7D000219B00201033219367E6012B02D1A31B7C
:10C7E000102BE7E70DF17409002E5DD006F1A803C8
:10C7F0000DEB0300A4EB060A5246294634380DF02F
:10C8000098FF189B954ADB79CDE90097C3F3840321
:10C8100052F823309DF96810D3F808B0224622ABB5
:10C820002798D847034600287FF43FAE06F1100250
:10C83000121B21903BD0264607EB040B5544B2FB5C
:10C84000F4FA04FB1A2ABAF1000F06D19DF96830F8
:10C850001BB91B9B002B18BFA246A2EB0A0448463B
:10C86000524629190DF065FF219B5344219304B3CF
:10C87000189B7A4ADB79CDE9005BC3F3840352F855
:10C8800023309DF968109D68224622AB2798A8475F
:10C89000034600B926441846DFF799FC102E83465C
:10C8A00000F2BF80344650E6BB461022C7E726465A
:10C8B000F1E72346EFE71898F8B96948DFF787FCF6
:10C8C0008346002840F09A800B9A002A40F0868028
:10C8D00010212846DFF73EFC0B9B089A2344136087
:10C8E000169B03F0FE43B3F1806F00F08C800A9832
:10C8F000E1F7F8F96FF088063FE59DF8A430012BC9
:10C9000001D15848DAE7002341790B9301F0F00395
:10C91000202B08D11C9B002BCFD083794C3B012BC3
:10C9200018D80020CAE701F0B006302EF9D001F087
:10C93000E0014029F5D0602BF3D0902BF1D0A02B53
:10C94000EFD081794C390129EBD9102BD9D1002AAC
:10C95000E7D039E09DF96830012B2DD11B9B002BCE
:10C96000F5D0269911B90179490989001DA8984780
:10C97000189B3A491A79DB790195C3F3840351F87E
:10C9800023301DA900919E689DF96810279822AB5D
:10C9900002F01F02B047002890D19DF96820189B33
:10C9A000A2B91C9E1BB193F8048008F01F084146F1
:10C9B00028460BAAB04781E7037903F01F039A4288
:10C9C000D6D01B9B002BC2D0274877E71BB193F82A
:10C9D000048008F01F08CDF82C80A2E7C4F11003F2
:10C9E000934206D210212846DFF7B4FB6FF0890B83
:10C9F000C2E5294638460DF09CFE69E7102128461D
:10CA0000DFF7A8FBB8E518A8CCF7DCFC0A98E1F73B
:10CA100069F90646002E7FF4B0AC30462BB0BDE875
:10CA2000F08F6FF0960BA7E518A8CCF7CBFCAAE522
:10CA3000089B514604931023CDE90273002330462E
:10CA4000009301950CABFFF717FC83460A98E1F7BA
:10CA500049F90646BBF1000FDCD097E5B4D10408D4
:10CA6000009FFFFF809FFFFF809DFFFF08B5054BE4
:10CA700001461880044B002218680DF0C3F900B17C
:10CA8000FEE708BD38770020086400202DE9F04358
:10CA9000064685B018460D46914698460EF043F975
:10CAA0000746002862D0494640460EF03CF904464D
:10CAB00000285BD0874259D228460EF054F93B5CDF
:10CAC0003D18202B08BF01352B780D2B08BF0135F1
:10CAD0002B780A2B4AD148460EF045F9235C2218E0
:10CAE000202B08BF0132137801350D2B08BF01320E
:10CAF00013780A2B08BF0132A2EB08020C9BA4EBAF
:10CB00000508B8F1150F1A6005DD162228461D49E3
:10CB10000DF0F4FD60B3AC422CD900212B46084641
:10CB2000CDF8008003AACBF7B1FB2C3024D0039CB6
:10CB300024B321460120CAF720FB074600B3214653
:10CB40002B46CDF8008003AACBF7A0FB044648B1E2
:10CB500038460399DFF708FBA4F58854204605B052
:10CB6000BDE8F083039B37607360F7E7064CF5E799
:10CB7000064CF3E7064CF1E7064CEFE7064CEDE711
:10CB8000064CEBE71108050880EFFFFF00ECFFFF04
:10CB900000EFFFFFD4EEFFFF80EBFFFF80EEFFFF13
:10CBA000F0B507460C461E4615468DB052B1002B17
:10CBB00031D0B3F1005F2ED3C2F1005303F58023CF
:10CBC0009E4228D81022002108A80DF0A7FD0022BF
:10CBD00007AB029305AB019306AB214600933846A1
:10CBE00008ABCDE90522D9F7EBFE044680B9059BD9
:10CBF00032469D4228BF1D46129B07991D6007487B
:10CC0000069B0095D7F75EFA002818BF6FF09104D5
:10CC100020460DB0F0BD6FF08604F9E7101C00202F
:10CC20000023F7B50679136004460F46436926B121
:10CC3000FF2E12D16FF0860532E0002BFAD1836807
:10CC400023F47F4323F00303002BF3D14FF6F87353
:10CC500042889A4227D801A810E06FF04042013B79
:10CC60009342E7D2806820F47F4020F00300002840
:10CC7000E0D14FF6F87362889A4214D83946E0F74B
:10CC8000D5FE054660B90FCCD7F800C067460FC780
:10CC900094E8030087E8030016B9019BCCF8143030
:10CCA000284603B0F0BD6FF08505F9E72DE9F8439C
:10CCB00000F4E049B9F5804F06460C4690461F4601
:10CCC00012D100F44F43B3F5824F02D1C3B2412BCE
:10CCD0000AD0FB0705D57B0844B1E21DB3EBD20FA8
:10CCE00005D06FF0860664E03B46F5E7DC00802166
:10CCF0000120CAF742FA0546002800F08880CCF7E8
:10CD000007FC06F44F43B3F5824F07D1F6B2302E3D
:10CD10005DD006D8122E17D0172E63D06FF0860480
:10CD20000AE0412EFAD1B4F5807F58D8FE2C8CBF92
:10CD30006FF085046FF086042846CDF769F8284621
:10CD4000CAF719F9264634E040F209239C4259D02B
:10CD50003AD8B4F5807F4AD02ED824F02003C02BD7
:10CD6000DCD1E02C45D0C02C4CD101212846CDF798
:10CD700052F8DFF72CFA0646002846D1B9F5804F65
:10CD800039D105F168093B46424649462846CCF769
:10CD9000F6FBDFF71CFA04460028CDD149462846A9
:10CDA000CCF7EBFCDFF713FA04460028C4D1089B4C
:10CDB0001D603046BDE8F883B4F5C07F0CBF6FF04E
:10CDC00085046FF08604B7E7B4F5047FF6E724F036
:10CDD0008003B3F5807F15D0B4F5007FEEE7B4F59E
:10CDE000E07FEBE7C02C0DD0B4F5807FE6E70321B0
:10CDF000BCE70221BAE73B46424629462878CDF7F0
:10CE0000C9F9CFE76FF0850496E7044694E76FF021
:10CE10008C06CEE700232DE9F04385B013600F4662
:10CE2000904602A91A46E0F772FF044640B9029DF7
:10CE30002B885A0408D42846E0F754FF6FF0860484
:10CE4000204605B0BDE8F0836A68D5E90896120A65
:10CE50000BD0012AEFD13B46324649462846CDF851
:10CE60000080FDF778FB04462DE003F4E043B3F5C2
:10CE7000804F1CD1288800F4E043B3F5804F20F4A4
:10CE8000405244F2010337D19A4207D000F44F4098
:10CE9000B0F5824F02D0B0F5844F2FD1412E029CC5
:10CEA00018D92046E0F71EFF6FF08904C8E73B461B
:10CEB000324649462846CDF80080FDF74CFB10F17C
:10CEC000860F0446D6D00298E0F70CFF002C08BF6E
:10CED0000446B5E73246494638460DF02AFC0021A3
:10CEE000C6F14102B8190DF019FC2046C8F80060DF
:10CEF000E0F7F8FE0446A3E79A4205D10298E0F76E
:10CF0000F1FE6FF085049BE700F44F43B3F5824FC9
:10CF1000F4D10023039303AB69884A460093334658
:10CF2000FFF7C4FE044618B10298E0F7DBFE87E77E
:10CF3000039D4346412239462846E0F732FC044629
:10CF40002846CCF765FF2846CAF715F8BBE72DE958
:10CF5000F043002304461046C5B0CDE92A332C9394
:10CF600026913023014425AA26A8CBF758F910B101
:10CF7000A0F574503CE0DDE925371F44394624AA6A
:10CF800026A8FDF7B4FA0028F2D1249B012B40F02B
:10CF9000C7800423394625AA26A8CBF740F90028E4
:10CFA000E6D1DDE92565AB199F4226932FD0A0235A
:10CFB000394625AA26A8CBF732F928BBDDE9252377
:10CFC000002A03EB020840F3AD801B78062B2A935E
:10CFD00040F0AA8041462BAA26A8CBF720F950B1F1
:10CFE000B0F5745004D121462AA8DFF76FF870B16C
:10CFF00045B0BDE8F083269B2B9A2C9313449845AB
:10D000002693F0D04948F3E710F1620FB0D1902297
:10D0100004F1100168460DF08CFB94E80F00DFF777
:10D0200049F8334601462A460078CDF7B3F810B1E7
:10D03000B0F57450DCD1269B9F423AD0A1233946EB
:10D0400025AA26A8CBF7EBF878BBDDE925371F44E6
:10D050003946032325AA26A8CBF7E1F8002887D173
:10D06000259911B96FF0670082E74B1E2593269B27
:10D070001A78002AF6D15A1C0B449F422692C1D13D
:10D08000D4F80480BB1A08F1680949464046CCF739
:10D0900076FA28B949464046CCF76FFB0028A7D05E
:10D0A00010F59D4F05D02248A2E710F1620F7FF4E2
:10D0B0005FAF676827A93878E1F776FB0446162248
:10D0C00000210DF1B6000DF029FB44F4E2440121EA
:10D0D0002DA8ADF8B440CAF7A6FD3246294628ABC4
:10D0E0002DA8E0F72EFC20B145B0BDE8F043DCF7F9
:10D0F000BBBD289D29AA284633A9FFF78BFE04460D
:10D100002846E0F773FE0CB12046EDE70028EBD18E
:10D110003846299B33AA07F16801CCF730FA67E754
:10D12000044865E7044863E7044861E79AC2FFFFE3
:10D1300000C3FFFF80C2FFFFA0C2FFFF9EC2FFFF30
:10D140002DE9F0438D188BB0064602913023294615
:10D1500001AA02A8CBF763F810B1A0F574544FE010
:10D16000DDE901371F446A46394602A8FDF7BFF9D9
:10D170000028F2D1009B002B40F08F80CDE90433D2
:10D1800006933946302303AA02A8CBF748F80028B3
:10D190003CD1029C3B1B002B36DD237808AA079369
:10D1A000039B02A81C4421460623CBF738F868BB32
:10D1B000DDF80880DDF82090CDF8248008EB090325
:10D1C0009C42029309D10C2104A8DEF7C3FF3B4C1B
:10D1D0002068002851D13A4C12E018F80920013398
:10D1E0000492214605AA02A80293CAF7E7FF68B98C
:10D1F000029B059A069313449C420293E7D0314C5C
:10D2000020460BB0BDE8F0832F4CF9E7B0F56A5427
:10D21000F6D1042339460DEB030202A8CAF7FFFF3B
:10D2200000289AD1019F002F39D0A4F102085FFA9B
:10D2300088F8B8F1020FCED8244B53F828100029F3
:10D24000C9D03046DEF720FF04460028D8D1B8F117
:10D25000020FC0D0314604A8DEF738FF044640B9BB
:10D26000DDF808803A4641463046FFF770FE044636
:10D2700068B13046DEF792FFC2E76368994504D192
:10D280004A4641460DF03AFA58B11434A0E7104B23
:10D29000B844454518BF1C46B2E70E4CB0E70E4CEB
:10D2A000AEE7247C012CB4D1049B052B00D013B92C
:10D2B000059B002BADD0094CA2E700BFBC090508B7
:10D2C00080C3FFFF1AC5FFFF20C5FFFF5C050508EF
:10D2D0009AC2FFFF80C2FFFFA0C2FFFF80C5FFFF11
:10D2E0002DE9F843814604300D4617461E46CBF71C
:10D2F000D7F904464846CCF7DFF801288146DDF827
:10D30000208029D1002105F11000CBF7C3FA48B9DC
:10D31000B8F1000F02D11148BDE8F8833070C7F8AA
:10D320000090F9E70734E4086300013398453B6057
:10D33000F1D3314604232246284601F8013BCBF7BE
:10D34000E1F90028E8D1611C2246314405F10800CA
:10D35000BDE8F843CBF7D6B90148DDE700B1FFFFE0
:10D3600080B1FFFF2DE9F04FB7B0CDE903121146B0
:10D3700006469A46CCF79EFA0446002840F09E8165
:10D3800051463046CCF7F9F90446002840F0968122
:10D390003046CCF791F80128834640F09881336CF1
:10D3A0001821013302204FEA5309C9F7E6FE05466A
:10D3B000002800F08A8105F11808CCF786F840466D
:10D3C000CCF783F815AB03221F46013A03F108039B
:10D3D00023F804BC23F8024C43F8084CF5D251461C
:10D3E0002846CCF7A2F8044698BB82464FF0180BAB
:10D3F000D1451DD141463046CCF756F9044640BBD5
:10D4000043462A46414630460097CCF7D0FB0446B7
:10D41000F8B941463046CCF747F90446C8B905F19A
:10D420001000CBF711F805F12800CBF70DF810E04C
:10D43000BAFBF9F101238B4009FB11A1DBB20BFB15
:10D440000352F9B13B4611463046CCF7AAFA0446DE
:10D4500038B34FF0000A07EB0A000AF1080ACAF7CE
:10D46000F3FFBAF1200FF6D1F4B1B36D9D422CD089
:10D470002846CCF78DFC4046CCF78AFC2846C9F7F5
:10D480007AFD22E003F0FE0101EB5301104605EBAB
:10D49000C1010592CCF749F8059A04460028D1D07D
:10D4A000D7E70AF1010AA3E7012306F1340B21466D
:10D4B0005846CDE90D4307940893CBF7E1F80128CE
:10D4C00011D0B36D9D4204D1824C0398CCF760FC1F
:10D4D000F4E02846CCF75CFC4046CCF759FC2846E3
:10D4E000C9F749FDF0E721460498CBF7C9F804993C
:10D4F000824607A8CAF7D1FF044630B10DA8CAF783
:10D50000A3FF07A8CAF7A0FFAFE75946049A0DA8E2
:10D51000CBF7F6F904460028F0D1BAFA8AFA4FEAB6
:10D520005A1A52460DA907A8CAF746FF0446002812
:10D53000E4D1014609F1010238460DF0EFF8BB468F
:10D540003B462746B945049361D0394607A8CBF737
:10D5500097F8049B09EB07011C780137044307A8DF
:10D56000CBF78EF8E4B2049B44EA400403F8014B85
:10D57000E8E79BF801009BF8003080EA020C6FEAB4
:10D580000C0101F0010113FB01F3104003EA0C024E
:10D5900083EA0C030BF8013F1BF8013C024343EA0A
:10D5A000C1130BF8013C0134A742E2D20DF134095A
:10D5B0004846CAF749FF07A8CAF746FF07A8CBF7AE
:10D5C00084FF03224B4601200021013A03F10803A6
:10D5D00023F8040C23F8021C43F8081CF5D207F1C9
:10D5E000D8036B442A46304613F8843C0399FDF770
:10D5F0001AF8044660BB409B002B63D01A463046A5
:10D600000399FDF751F800285CD0044620E0002281
:10D610000124C9E7039A4B4611463046013FCCF737
:10D62000C0F90028F1D12A4630461BF8073007A977
:10D63000FCF7F9FF0028E8D1039A30461146CDF8EF
:10D64000009007ABCCF7B3FA0028DED1002FE1D170
:10D6500007A8CCF78FFB00270DABD8190837CAF7FE
:10D66000F3FE202FF8D1002C7FF4FFAE5246304657
:10D670000399CCF75EF8044600287FF4F6AE409B91
:10D6800043B11A4630460399FDF70EF804460028C8
:10D690007FF4EBAE30460399CCF706F8B36D044641
:10D6A0009D4208D02846CCF773FB4046CCF770FB70
:10D6B0002846C9F760FC002C7FF407AF204637B03E
:10D6C000BDE8F08F0DF1540BC0E7034CFDE6014CB3
:10D6D000F4E700BF80B0FFFF80B2FFFF38B50C4613
:10D6E000054601212046CBF741F828B921462846B6
:10D6F000BDE83840CCF742B938BD2DE9FF47037982
:10D7000006468846002B6CD0D0E90895B9F1000F89
:10D710007CD0002D7AD0B5F5005F7AD205F12407D0
:10D7200039460120C9F729FD0446002874D04FF07E
:10D73000000A3B4AC0F808A0D2F8DC304946036032
:10D74000D2F8E030243040F8203C73682A4640F894
:10D75000183C338820F8143C738820F8123CB368D6
:10D7600040F8103CF36840F80C3C336940F8045C26
:10D7700040F8083C0CF0DDFFD6F8149051464846BE
:10D7800002AAD9F7BDFA8C3009D039462046DEF717
:10D79000EBFC6FF08A05284604B0BDE8F0875146DF
:10D7A00023463A464846CDF800A0D9F739FA014653
:10D7B00028BB484602AAD9F7A3FA054620B9029B1E
:10D7C0009F420AD06FF0980548460021D9F7B7FA72
:10D7D00039462046DEF7C8FCDDE739462046DEF74D
:10D7E000C3FC73690025C8F80030337E012B0BBFE2
:10D7F0000223C8F8005033766FF09605CBE7394620
:10D800002046DEF7B1FC6FF09805C4E76FF086059F
:10D81000C1E76FF08D05BEE76FF08C05BBE700BF79
:10D820003009050800232DE9F04789460B600028E0
:10D8300000F094804A4F7B68984280F08F800730D8
:10D8400020F00705EFF3118A302383F311887E69F6
:10D85000AEB133787288DB074FEAC20204D5F38891
:10D860006BB106EBC306F4E79542F8D816F0070350
:10D8700003D045EA03018A42F1D3EB1806D18AF3BB
:10D880001188BFF36F8F1920BDE8F087728839695E
:10D89000C3EBC2020139272A39614BD99D4205F1F8
:10D8A000080842D008213046FCF746FF0446A04451
:10D8B0004046C9F7F7FF628805F10F01A2EBD102DC
:10D8C000A8F80220E288CB08A8F804307AB3D31A6B
:10D8D0009BB204EBC202A8F806309380B8F804307B
:10D8E000ED08E3803246002341461D486580C9F7B4
:10D8F000FBFFBB680833BB60237843F00103237050
:10D900003B6901333B616288BB6803EBC203FA6881
:10D91000BB60934288BFFB608AF31188BFF36F8FAF
:10D9200008340020C9F80040AEE73446BFE7A8F845
:10D930000620D3E79D420FD008213046FCF7FCFEBD
:10D9400004462378324643F0010323702146012325
:10D950000348C9F7C9FFD6E73446F2E7212093E729
:10D96000146400202DE9F04F4FF000099846172469
:10D970004E468DB00502CDE9021245F4003747F05E
:10D980000A0500230422CDE9005329483B4608A993
:10D99000D6F742FA824608AB3218964201D10023EC
:10D9A0002FE0029953F8047B8E423FD1394606ABF3
:10D9B00005AA1F48D6F7CEFBCAF7BAF90446F8B94C
:10D9C000069C07A91FFA84F94846FFF72BFF58BBAE
:10D9D000DDF81CB04B465A4639461548D6F730FBA1
:10D9E000CAF7A6F90446B0B9B8F8002059464A4526
:10D9F00028BF4A4603980CF09CFE5846C9F7BBFA6C
:10DA00000123BAF1030F09D90A2E07F1010705DC3A
:10DA1000002BB6D002E05846C9F7ADFA2046A8F868
:10DA200000900DB0BDE8F08F0124F7E70136B4E7B0
:10DA3000101C002007B5ADF806200DF106030A46BC
:10DA40000021FFF78FFF03B05DF804FBF7B50D462B
:10DA50001C46ADF8063000210DF1060306461746B8
:10DA6000FFF780FF40B9BDF80620A24204D1394635
:10DA700028460CF043FE38B122462946304603B012
:10DA8000BDE8F040FEF728B903B0F0BD2DE9F04F36
:10DA90009A468BB09DF85030DFF854B10293DBF812
:10DAA0001030804653450D461646C0F09B80D14647
:10DAB000DBF804300193B9F1000F00F08F80D8F843
:10DAC0003C3001225B6907A901989847079BDBF866
:10DAD0000010C3F3D312914240F0878013F07E0F01
:10DAE0001CD1D8F83C3002225B6908A901989847FC
:10DAF00008A8D5F759FF08270446019B029A3B4422
:10DB0000002A3CD1A6420FD9361B14464046019943
:10DB1000D5F79DFFA9EB04090190CCE707A8D5F73D
:10DB200043FF04270446E8E7A41B544528BF544696
:10DB3000032C03EB0607AAEB040A4FEA94021CD954
:10DB4000D8F83C30294638465B69984724F00303EF
:10DB500004F003061F441D44002ED7D0D8F83C30F3
:10DB600001225B6908A9384698473246284608A929
:10DB700035440CF0DEFD0026C8E72646ECE72746D4
:10DB800004F00302039223442A1904920593049B90
:10DB9000DD1B059BD81B039B9F420FD1002FB5D0E7
:10DBA000D8F83C30012208A95B6998473A462846D4
:10DBB00008A90CF0A3FD78B93D44A7E7D8F83C309C
:10DBC000012208A95B6998470422284608A90CF09D
:10DBD00095FD08B9043FDAE74FF0360948460BB027
:10DBE000BDE8F08F4FF06309F8E74FF06F09F5E7F4
:10DBF000B41B0020036B826B2DE9F0419A4288BF71
:10DC00008363426C436A076892B002FB0377C36B7D
:10DC10000E46052203A95B6904463846984703A8C7
:10DC2000D5F7D1FE01280146307070D0656CE26BEB
:10DC30002368606AD2F814C005FB0030052208A9E9
:10DC4000E04708A8D5F7BFFE01284FF000053CD0FB
:10DC5000D4E90A3201219342CDE90D458DF83C50BB
:10DC600010958DF8441043D119462046D5F7EFFEA4
:10DC7000236B626C14339B1AE06223630E9B1BBB05
:10DC80009DF8443003B3636A626C2568D4F83C8025
:10DC900002FB03550C350122D8F8143001A928469F
:10DCA00098474FF6FF72019B99B291420CD11B0C21
:10DCB0001B0443F4254343F0A503029301222846A5
:10DCC000D8F8183002A998470E9DE36B05225B69CE
:10DCD00003A93846984703A8D5F775FE3070284643
:10DCE000236BA26B9A4288BFA36312B0BDE8F08198
:10DCF000237C33B91C490DAA04F10800D5F732FE84
:10DD0000BCE72046194A0DABD6F742F8B6E7237CAC
:10DD100023BB2246164904F10800D5F723FE616AA9
:10DD20002046D6F7E2FF616A421C2046D6F7CCFFB8
:10DD3000054620B9236B626C1344143B23632046D1
:10DD4000A16AD5F784FE2368A062C01A636CB0FB99
:10DD5000F3F060622046D6F79BF8B6E70023204632
:10DD6000044AD6F715F8DAE70D490108C949010850
:10DD7000252A0108752A010803880BB98B80704792
:10DD80008B681B688B6003B9FEE704330B607C2350
:10DD90008B8003887C2B28BF7C238B800288D31A3E
:10DDA000038070472DE9F04FA9B01F4614AB1293C2
:10DDB0000823ADF84C304B890128A3EB0704064635
:10DDC0000D469046A4B202F1100A07D1791D99427E
:10DDD00000F28B80D0469246043CA4B20DF11009AB
:10DDE000484608F10801D1F7ECFB99E80300329BA3
:10DDF0000DF1180B8BE80300D3F8010008A9CEF74A
:10DE000089FE05238DF82430329BDFF8E890D3F8A3
:10DE10000500CEF7F4FED9F8D02D014682423FD05E
:10DE20000AAA09F6CC50EAF722FF00220AA909F64D
:10DE3000E450D1F7E0FB09F6E453196812A802F0A8
:10DE4000E2FA042322462A2112A8CDF800B0FDF7F9
:10DE50002DFA1022414612A8D0F7FFF810225146A1
:10DE600012A8D0F7FAF80A22329912A8D0F7F5F8DA
:10DE7000394628460AAB0DF10E02ADF80E40CEF73A
:10DE800033FFBDF82C4074B90AA912A8D0F7A7F93E
:10DE9000B6B928460AA9CFF75FFF29B0BDE8F08FD1
:10DEA00009F6D453C9E70A9A12A8114623460096E8
:10DEB000D0F710F90AA90DF10E00FFF75DFFE0E7BA
:10DEC000698904230439284600940AAA89B2CFF745
:10DED00009F860B169892846042994BF491A0439B0
:10DEE00089B2CFF765F92046D7E70620D5E70820A5
:10DEF000D3E700BFA83800202DE9F0430446904640
:10DF00001F4685B00C9E1022B6F80C907589A5EBC3
:10DF10000905ADB2ADF80250D3F7A5F8102241467D
:10DF20002046D3F7A0F82046290AD3F78DF82046DB
:10DF3000E9B2D3F789F800212046D3F785F83946AE
:10DF40002046D3F781F84946304601AB0DF1020275
:10DF5000CEF7CAFEBDF8082012B905B0BDE8F083BF
:10DF600020460199D3F77FF801A90DF10200FFF7D0
:10DF700003FFEFE7012303FA00F20548436C23EAAD
:10DF80000203436413B94830CFF7DBBC704700BFCE
:10DF9000A828002001230C4A8340516C10B50B4384
:10DFA000146D536402F148039C420CD1CFF79EFBE1
:10DFB00040F2E933B0FBF3F101FB13012046BDE869
:10DFC0001040CFF798BC10BDA828002030B58DB008
:10DFD000044602A8E6F73AFF4FF2BF03ADF82A3035
:10DFE00040F2013301A8ADF80430FCF7E7FF02224C
:10DFF0000121FCF70BFE054630B90220FFF7CAFFEE
:10E00000032420460DB030BD2146EAF7A3FA0446AA
:10E0100030B10220FFF7BEFF2846CEF744FEF0E7FE
:10E0200002A8F2F75BFE2946054802AAE7F7E4F8E2
:10E0300004460220FFF7AEFF002CE2D0ECE700BF61
:10E04000C4400020054B9A6A02439A62DA6A02438E
:10E0500003F13000DA62CFF721BC00BFA82800200E
:10E0600073B50D46044690F8246091F915102230DE
:10E07000EBF798F92B6800211A7895F9153002F022
:10E0800007020093AB7D2046F0F766FB0C4B06F0D1
:10E09000030693F8B120022A0FD103F1F002944253
:10E0A0000BD193F8143103F00303B34205D04FF0C2
:10E0B000004002B0BDE87040C4E702B070BD00BFD0
:10E0C000A8480020024BDB6A184200D1BAE770472B
:10E0D000A828002008B510B1182806D008BD4FF4B4
:10E0E0008030FFF7AFFF0020F8E74FF48030FFF7F4
:10E0F000E9FFF8E7F7B5054601290CBF4FF480505A
:10E100004FF400500C461746FFF79CFFAE68AEB1C7
:10E1100038460097E9F711FABDF8042000F00F0324
:10E120001B0222F47F5222F03F0243F0800313438C
:10E1300021466846EA68ADF80430B04703B0F0BD48
:10E1400013B50446014601AA0948E9F741FC60B14C
:10E15000224601210748D0F8443700F5E8602361E2
:10E16000446002B0BDE81040C4E702B010BD00BF7B
:10E17000EC3F0020A838002013B50446014601AA50
:10E180000D48E9F725FCA8B9019B6BB90B4BD3F8F7
:10E19000442712B11269C3F84427224600210848D7
:10E1A00002B0BDE81040A5E71A69002AF5D012694F
:10E1B0001A61F2E702B010BDEC3F0020A838002041
:10E1C000E83F00202DE9F041014604463348D2F7EC
:10E1D0007DF800285FD020686168304D304F03C55E
:10E1E000D7F84047A5F51C76A5F5336524BB2D4D22
:10E1F000D7F8444705F11408A5F67837A4BB06F50F
:10E20000227206F51A7393E8030082E8030006F50C
:10E21000287282E8030006F52F7282E8030040228C
:10E2200006F5347484E8030086F8BB2286F8CF2212
:10E230001020BDE8F04105E7E37CDB0712D522465C
:10E2400000212846E9F74AFBE37C22466FF34103AD
:10E25000E374124B03CB20606160A3F533600121AE
:10E26000E9F73CFB6469C1E7AC4201D0444510D1F9
:10E27000224600213846FFF73DFF4022074B03CBE3
:10E28000E2706060A16022460121A3F53360FFF7D0
:10E2900031FF2469B2E7BDE8F08100BF104B0020D8
:10E2A000A8380020604B0020F0B585B00746D2F7B3
:10E2B000D7F9054628B93C4697F8FE303B449C42C6
:10E2C00002D3284605B0F0BD23780C2B1ED8DFE81A
:10E2D00003F00722292E423D1D471D1D1D1D4B0029
:10E2E000B4F803603D4876BAF6B23146D1F790FAF9
:10E2F000054658B1252898BF394B324694BF53F88C
:10E300002030384B38493948FCF7C2FD2046CFF75A
:10E31000AFFB0446D0E76188304849BA89B2D0F7EC
:10E3200089F8F3E73248A11CD1F7D7FFEEE763780D
:10E33000A21C102B28BF102302A92E4802928DF890
:10E340000C30D2F75CFBFFF7C5FEDFE72A48A11CC3
:10E35000EDF7C5F8DAE72848A11CEDF707F9D5E78E
:10E36000A01CFFF72FFFD1E72046D2F7CBF8CDE96D
:10E37000010080B2012898BF0223204E98BFADF85B
:10E380000830BDF80830B6F8302E9A4206D05D222B
:10E3900053436422B3FBF2F3A6F8063E0422184866
:10E3A00002A90CF0ABF988B94FF48010FFF78AFE90
:10E3B000B6F8042EB6F8303E9A42A7D3D6F8D01D50
:10E3C00002220D480131EAF795FD9FE7029B4FF4C9
:10E3D0008010C6F8303EFFF735FEE9E7E44600203E
:10E3E000D4E60408E0DB0408D70705083F09050860
:10E3F000444600204C46002074460020A8380020E7
:10E40000D8460020064B4FF4007093F8AA2793F8E3
:10E41000A8168A4238BF0A4683F8AA2712E600BF28
:10E42000A8580020094B93F8B120042A0CD103F519
:10E43000805393F8AA26013283F8AA2693F8AB26D4
:10E44000013283F8AB26DDE7704700BFA848002003
:10E4500038B5CFF74BF90A4C002584F8AB06CFF757
:10E4600045F984F8A85684F8AA06FFF7CBFF294699
:10E4700004F2AC703C22BDE838400CF04FB900BF4C
:10E48000A8580020064AD2F88C160B461BB98160AA
:10E49000C2F88C0670479842FCD09B68F6E700BF34
:10E4A000A838002070B592B005460E4602A80F4964
:10E4B000CEF712FE029C0CB912B070BD214604A822
:10E4C000E6F75EFC0D9BAB420BD10E9BB34208D12D
:10E4D0000B2200232146CDE90032044804AAE6F7C6
:10E4E00075FC02A8CEF7EFFDE4E700BFC4400020B2
:10E4F00038B5204C94F8AC30DA0736D5A4F5805501
:10E5000095F83C3E5B0730D494F86A3104F1F00290
:10E5100003F00F0304F5A670072B18BF1046E6F7AB
:10E5200001FB10B304F1A000CFF70BFA95F83C2ED5
:10E53000D0071AD595F83D3E052B10D0B5F83E3ED4
:10E5400099060CD4C3F3001383F0010363F3410273
:10E550000521A4F5E27085F83C2ECFF780FFBDE8D9
:10E56000384000210448CFF711BFBDE83840FCF720
:10E570006FBF00BFA84800203C49002010B5A8B1DB
:10E580000B4B1A68904211D3D3E9024104FB0122DC
:10E5900090420BD2EFF31182302181F31188596838
:10E5A0000160586082F31188BFF36F8F10BD00BF08
:10E5B00098280020002348F2FE0230B587B08DF87D
:10E5C00014300388044623F47C53934207D100F1AE
:10E5D000080103A8D0F7F5FF02238DF81430214677
:10E5E0001748ECF75FFA90B1E3895BBAADF80C30ED
:10E5F00001238DF81430012203A901A801F01AFEAD
:10E6000001A801F025FD0546284607B030BD9DF85C
:10E610001430002BEFD10193012301A88DF80830AD
:10E62000EAF7DEF8019D002DEED021462846ECF7F2
:10E6300001F90028E8D101A8EAF7B2F8F2E700BF33
:10E64000584900202DE9F041044690B00F46E6F706
:10E6500073FB2279A669D2070FD5A2896AB96379BB
:10E66000861B590928D106AA2046E9F7C6F808A949
:10E670006248E9F751FA014618B1002010B0BDE830
:10E68000F081B6F5FA7F9DF81930F6D313F0300F0C
:10E69000C3F301125AD0B6F57A7F57D2032AECD0D1
:10E6A00023F0300343F030038DF81930282306AAF5
:10E6B0002046CEF74EFCE0E70129DED12146ADF839
:10E6C000062006A80DF1060201F07DFDBDF80650FA
:10E6D0000523294602AA2046CEF73AFB0DF1060390
:10E6E000024602A904A8EAF7E6FEF0B9BDF8063032
:10E6F000BDF814802B449DB2B8F1000F15D0BDF8C1
:10E700001210BDF81800FCF771FC0028B5D0437951
:10E710005B0764D5D7B16389BDF8102043445B1B08
:10E72000934213DBFCF782FC10E02946204602AA44
:10E73000E8F7D0FB98B1B6F5FA7F9ED3BDF812107A
:10E74000BDF81800FCF752FC00283FD102212046FA
:10E75000FCF712FF2046FCF77FFF02208EE7BDF892
:10E7600008305BBA9AB2ADF8083003F46043B3F5F1
:10E77000C04FE0D102F4C053B3F5C05FDBD0023527
:10E78000ADB2294620460DF10502E8F7A0FB0028AE
:10E79000D1D1B6F5FA7F9DF80530FFF46EAF9B0935
:10E7A000CCD0B6F57A7FC9D2032B3FF466AF2946A9
:10E7B00002AA2046E8F78BFB9DF80830294663F053
:10E7C0003F038DF8083002AA012371E7838823F400
:10E7D0009F6323F0070343F49E638380B6E7002F13
:10E7E0003FF44BAF6389BDF8102043445B1B934259
:10E7F000FFF643AFFCF71AFC3FE700BFE83F0020FD
:10E80000F8B51048CEF71AFE172504460E4F0CB97E
:10E810002846F8BD2046CEF743FCD7F8D03F064641
:10E820009C420CD02379DA0709D5C3F30011DB062B
:10E8300005D42046FFF706FF022808BF002534460E
:10E84000E5E700BF60480020A8380020F7B50D4676
:10E85000114605F108066A461C46089FEAF7E1FDE5
:10E8600031466846D1F72AFD30B10020238843F0B5
:10E870003003238003B0F0BD3046E8F77CFD2388E9
:10E8800048B143F020032380E989384649BA89B268
:10E89000CEF7DBF9EEE743F01003082231463846A5
:10E8A0002380CEF7BFF9E5E7F7B50D46114605F130
:10E8B00008066A461C46089FEAF7B3FD31466846DB
:10E8C000D1F7FCFC30B10020238843F00303238000
:10E8D00003B0F0BD3046E8F74EFD238848B143F061
:10E8E00002032380E989384649BA89B2CEF7ADF9E7
:10E8F000EEE743F001030822314638462380CEF785
:10E9000091F9E5E72DE9F04100250C460D741C490D
:10E910000746D1F7D3FC48B1194B03CB40232374EE
:10E920000123206061606574A374E37400254FF0D7
:10E93000010829463846FCF795FC054630B9237C8A
:10E94000002B0CBF17200020BDE8F0810321F0F759
:10E9500083FA06460028ECD0EA78237C9A42E8D96C
:10E9600021462846F0F700F9B37803F00F036374EB
:10E97000B37884F81380C3F30013A374D9E700BFFE
:10E98000104B002010B50C46FFF7BCFF08B9A37C64
:10E9900023B92046BDE81040CEF70DB910BD10B523
:10E9A0000C464FF2BF018A4222D148F2FE02038890
:10E9B00023F47C53934204D12046BDE81040E8F78D
:10E9C000E7BD0C49D1F77AFC88B120460949D1F757
:10E9D00075FC60B92046E8F7CFFD40B92378FF2BDE
:10E9E00005D12046E8F7A9FDC31E5842584110BD85
:10E9F0000020FCE7104B00202DE9F0474479112A54
:10EA000005460E469046B0F80A9098B001F11007FE
:10EA1000C4F3410440F0A7804A8C30463946FFF7E2
:10EA2000BEFF002800F09F80002C00F0A280032C85
:10EA30000CBF07240F246023A40144F4C0440493B2
:10EA400064BA96F82530ADF81040C4F3072403F0FB
:10EA5000030224F0300444EA021496F8242099FAC0
:10EA600099F98DF81140ADF814908DF816802AB9F7
:10EA7000C3F3C00383F001039B01DAB230468DF883
:10EA80001720E8F7B7FC002877D13378FF2B74D034
:10EA9000334606AC224618685968083303C2BB42A5
:10EAA0001446F7D10AAA3B46914607F1100C1446CA
:10EAB00018685968083303C463452246F7D1337C8C
:10EAC000FF2B70D02822284604A9CEF77FFC0446ED
:10EAD000002858D1B8F1110FADF838008DF83A0080
:10EAE0006ED0B8F13A0F29D14FF0020A0023A9895C
:10EAF00028465144ADF80E300DF10E02022389B2C2
:10EB0000CEF727FA43464A4606A90EA80095FFF716
:10EB1000F3F94FF6FF72AB8928460AEB0301BDF803
:10EB2000383089B293421CBFDB439BB25BBAADF86D
:10EB30000E300DF10E020223CEF70BFA3846E8F73D
:10EB400031FD00283FD196F825302A79C3F3001310
:10EB500063F3451229463F482A71CEF776FC3E48BA
:10EB6000CEF79CFE0FE034B1A31E5C425C41640111
:10EB700061E717245FE708245DE73846FBF7D0FB21
:10EB8000034620B91424204618B0BDE8F08706AC2F
:10EB900000F1100C224618685968083303C2634517
:10EBA0001446F7D17EE73846E8F7C7FC032889D139
:10EBB000284604A9FBF752FB0446002882D0E2E76E
:10EBC0004FF0060A92E74846E8F7ECFC70B1484679
:10EBD000FCF7D9FB50B12846D2F750FA014628B1CC
:10EBE0001C48CEF732FC1C48CEF758FE60230E932B
:10EBF000BDF8143014AF5BBA28335BBAADF83C30C3
:10EC0000164B0FCB87E80F0044F229033846ADF8C6
:10EC10003E30FBF785FB03460028B3D010AF00F170
:10EC2000100C3A4618685968083303C26345174602
:10EC3000F7D128460EA9FBF711FB08B10446A2E75D
:10EC4000282228460EA9CEF7C1FB00283FF47BAF4F
:10EC5000F4E700BF1C3F00202C3F0020D0E7040851
:10EC6000FF232DE9F04F074688461546A5B00393CC
:10EC70002B68384605936B681AAA0793BB890293E1
:10EC80004FF4C0430299ADF82A30E8F7B6FD0446C8
:10EC9000002840F00A830BA91CA8FFF773FE10A9F7
:10ECA00020A8FFF76FFEAB884FF4C04128460693BB
:10ECB000CDF7CBFF0646002840F0F3829DF83D20BB
:10ECC0009DF8513052EA030133D19DF868A09DF8B8
:10ECD00069209DF86A909DF86B104FEA8A0A0AF045
:10ECE0003C0A93004AEA921A49EA010902F00F022B
:10ECF00052EA090903F0C00330D0BAF1000F40F026
:10ED00009B80BDF82A101A4341F40061ADF82A1027
:10ED1000284615A98DF85420CDF7A3FF8146002879
:10ED200040F0C282022228460DF16A01CDF77AFF37
:10ED30007DE04FF4C14143EA0213ADF82A102846A2
:10ED400015A98DF85430CDF78CFF04460028BCD0AF
:10ED50007B89029A934280F0AA82FEE75AEA030373
:10ED6000BDF82A2059D142F4C052ADF82A209DF8AE
:10ED70006E30112B03D0292B01D0002B78D1039AB0
:10ED8000012A75D0BDF82A3043F48063ADF82A30EB
:10ED90009DF86F30402B75D0FF2B78D0012B7BD1A5
:10EDA000BDF82A3043F48073ADF82A301CA8E8F788
:10EDB00021FB00287AD0BDF82A3043F04003ADF89B
:10EDC0002A309DF88030FF2B40F08181BDF82A90D9
:10EDD0000DF1810249F00803ADF82A3014460223F0
:10EDE00012F8011F002900F0D9809DF88120022A25
:10EDF00040F082800F2B7FD19DF88F3049F00B09B6
:10EE0000284615A9ADF82A908DF85430CDF729FF82
:10EE10000446002800F0C6809AE742F48052284653
:10EE200015A9ADF82A208DF85430CDF71AFF044605
:10EE300000289CD04E468BE74AEA0303284615A9D2
:10EE40008DF85430CDF70DFF0446002880D19DF891
:10EE50006930284603F00F0315A98DF85430CDF71B
:10EE600000FF814600283FF45DAF264604466FE769
:10EE7000284615A98DF85430CDF7F3FE0446002836
:10EE800086D065E7BDF82A3043F400738CE7BDF8FF
:10EE90002A3043F4407387E7284615A98DF854308B
:10EEA000CDF7DFFE0446002880D051E748F2FE028D
:10EEB000BDF8703023F47C539BB293420CD1404692
:10EEC00000950DF12A030BAA1CA9FFF7BFFC04460D
:10EED00000283FF476AF3BE79DF83F3033B1BDF8F3
:10EEE0002A3043F04003ADF82A30E8E710222846E4
:10EEF0001CA9CDF797FEEAE70C2B18D9284649F054
:10EF00000A0915A9ADF82A908DF85420CDF7A9FE6D
:10EF1000044600287FF41CAF03220DF18D01284622
:10EF2000CDF780FE00283DD02646044610E70A2B88
:10EF300011D9284649F0090915A9ADF82A908DF88C
:10EF40005420CDF78EFE044600287FF401AF052241
:10EF50000DF18B01E3E7002015A9FBF78FFC9DF86D
:10EF600064209DF883309A4240F0CE80082221A987
:10EF700015A80BF0C3FB002840F0C68021460222F2
:10EF8000284649F00C09ADF82A90CDF74BFE04460F
:10EF900000287FF4DDAE042223A9C0E70133102B43
:10EFA0007FF41EAF012628213846CDF77FFE9DF85D
:10EFB0006EA0039B9E4280F01081BAF1110F00F009
:10EFC000C680BAF1290F00F05881BAF1000F40F065
:10EFD0000481BB893846194609AA0493E7F77AFFEA
:10EFE0000446002840F0A98002213846CDF75EFE95
:10EFF0009DF82430112B00F08D80292B00F08A80A1
:10F00000E023284615A98DF85430CDF72AFE044692
:10F01000002840F092809DF82430284615A98DF8EC
:10F020005430CDF71EFE0446002840F086809DF83F
:10F030002530DB0003F1060BBBF1FF0F7CD8BA894A
:10F04000ADF85420D24392B25A4528BF5A46ADF883
:10F050005620BDF85690B9F1000F5DD15CB19DF816
:10F060002820012A07D80AA8E8F793FB8146ABEBD2
:10F0700000031FFA83FBBA8979895A444A448A42B9
:10F0800061DC284615A99DF824A08DF854B0CDF771
:10F09000E8FD0446002850D1AA88E8880BEB02045A
:10F0A0008442B98951D828685B4602443846CDF776
:10F0B0006DFE0446002840D1AA8838465A44AA80EA
:10F0C0000BEB09010136CDF7F1FDF6B271E748F21D
:10F0D000FE02BDF8803023F47C539BB2934209D1E9
:10F0E00000950DF12A0310AA20A908F10A00FFF7E4
:10F0F000DBFB8DE69DF8533033B1BDF82A3043F089
:10F100000403ADF82A30EBE71022284620A9CDF7FA
:10F1100089FD7DE6E12380E7394615AA0AA8E8F7CC
:10F120003FFB044648B90AA8E8F733FB014615A897
:10F13000CEF7D1FA01248CE701247B89049A93420B
:10F14000BFF406AEFEE70624F7E70324F5E7B7F8B9
:10F150000CB03846594615AAE8F7E2F804460028EC
:10F1600076D14FF2B001BDF854A0BDF856909AFA8E
:10F170009AFA1FFA8AFA2AF00F0399FA99F98B4240
:10F180001FFA89F99AB233D129F00F03934234D18F
:10F19000F32328460AA98DF82830CDF762FD0446EE
:10F1A000002855D109F00F0949EA0A1928460AA989
:10F1B0008DF82890CDF755FD0446002848D1BDF8BC
:10F1C0005A10284649BA89B2CDF73FFD04460028B7
:10F1D0003ED108213846CDF769FD0024BDF82A301C
:10F1E0002A6806995BBA5352204625B0BDE8F08FD5
:10F1F0000AF47F43B3F5704F15D1F22328460AA9CC
:10F200008DF82830CDF72DFD044608BB28460AA905
:10F210008DF828A0CDF725FD0446C8B949462846F3
:10F22000CDF713FDC8E709F47F43B3F5704F14D150
:10F23000F12328460AA98DF82830CDF712FD04469F
:10F2400030B951462846CDF700FD04460028ADD020
:10F250007B895B45BFF47CADFEE7F02328460AA915
:10F260008DF82830CDF7FDFC04460028F0D10422AB
:10F27000284615A9CDF7D6FC9EE7EE23284615A90A
:10F280008DF85430CDF7EDFC044600287FF460ADD6
:10F290002A4641463846FFF7E3FC044600289CD046
:10F2A00056E52646044653E50446002650E5029BF3
:10F2B000BB81059B2B60079B6B60002E94D003964F
:10F2C000D6E42DE9F04F95B006460BA80C469146C2
:10F2D000BDF878A0BDF87CB0009301F075F8DFF8B8
:10F2E000C482222200210BA80BF018FA237913F014
:10F2F000020FA37910D005228DF84A2003F00F02E7
:10F30000032A09D0012A40F08780E2790F2A40F0D1
:10F31000838010228DF84B20B8F8442E03F00F03A1
:10F32000ADF84420ADF8462040F20112012BADF8B3
:10F33000482008D1E3790F2B70D0103B012B02D865
:10F34000638AADF846300123ADF82C304B460CAA49
:10F3500009F11007154618685968083303C5BB4200
:10F360002A46F7D1186822460BA928603046FBF7D9
:10F37000CDFA3046D0F702F805463046D0F708F807
:10F3800007463046CFF7A0FF4FF000013A1892B27F
:10F39000C2F17F03ADF8141000999BB20495ADF84B
:10F3A0001630002943D03046CFF78EFF0546304651
:10F3B000CFF7EEFF07463046CFF7E0FF13233D447B
:10F3C0000490C5F17F0504A906A8ADF81650ADF864
:10F3D00018A0ADF81AB08DF81C3000F0CBFEA7894C
:10F3E000002F40F0BB80BDF81630BDF814701A1F16
:10F3F000ADF816200122ADF818A08DF82020ADF848
:10F4000022B08DF82A20204604AA06A90193FFF70E
:10F4100027FC019B20B3FEE708227BE7237AB37623
:10F42000B37198F8463EB3764FF6FF7389E7A78924
:10F43000002F40F09380C2F17B02ADF816204A46BF
:10F4400006AD09F1100EAC46106851680832ACE800
:10F45000030072456546F6D11068CCF80000D2E78B
:10F46000A2896589ADF81630AD1ABDF81420ADB289
:10F47000991A89B28D4241D921798807C1F3400C8C
:10F4800012D56169D9B16189A08AC1F30A016FEA15
:10F4900081416FEA914149BAADF80C10BA4241BAC4
:10F4A000ADF80E1018D2FEE7A07900F00F00012889
:10F4B000E7D141F00201A4F80CC0217111E7B8F8BE
:10F4C000CC1F11B90121A8F8CC1FB8F8CC1F481CDB
:10F4D000A8F8CC0F6161D6E7111D99423DD8049B75
:10F4E000381DD21BD91918440BF0BBFADDE90323F0
:10F4F000DA51BDF814300433ADF814300027BDF8EC
:10F500001610BDF814208B1A9BB2AB423CBF23F0FF
:10F5100007039DB2AB188B423DD804992B460A4491
:10F520002046A189CDF732FC002834D1BDF8141053
:10F530003046294489B2ADF81410CFF73EFFA389B5
:10F540001D446389ADB2AB4203D901213046CFF7E8
:10F5500031FC6389BB421FD2FEE7FEE76389A28AC2
:10F56000C3F30A036FEAC3436FEAD3435BBAADF850
:10F57000183053BAADF81A300522FB0806A904A8C2
:10F580008DF81C30CDF74EFB00B1FEE76589A389ED
:10F59000ED1AADB2B3E7FEE72846A78115B0BDE886
:10F5A000F08F00BFA83800202DE9F043424E0746F7
:10F5B000337D88461546946B93B0002B79D04CB9B7
:10F5C0001146FBF7EBF926460020A8F8006013B0BF
:10F5D000BDE8F08363795909C3F3421202D00229CE
:10F5E00062D0FEE78DF81E20204608AAE8F705F94C
:10F5F0000CA903A8CFF7E5FF0223A6F5C37103A862
:10F600008DF81430CFF7E6FF40B9A6F58056B6F86E
:10F61000763EADF80C3001238DF8143048F2FE022E
:10F62000BDF8383023F47C539BB293420ED110A91D
:10F630000DF11600CFF7C5FF02238DF81E30AB8FFA
:10F640006189C3F30D02914210D2FEE795F83F3075
:10F650005B0604D5AB8BADF816300123EDE72B68C4
:10F66000CDF816306B68CDF81A30E5E74FF6FF732A
:10F67000B4F80C902146A2813846CDE9003303AAA4
:10F680000023FFF71EFE638906464B4500D2FEE7C6
:10F69000EB8FA4F80C90C3F30D03012B94D9012137
:10F6A0003846CFF787FB8FE72946FBF777F966895E
:10F6B0008AE70B208BE700BFA84800202DE9F04126
:10F6C00086B006460D4668461849CDF7C4FF0027A8
:10F6D000009C34B93FB3164806B0BDE8F041CEF700
:10F6E000DDB82379C3F380185B0612D518211023E7
:10F6F000204602AACDF74AFB314602A8D0F7D7FD33
:10F7000038B955B120460921FBF736FF2046FBF7F3
:10F71000A3FF6846CDF7D7FCDAE72379474665F3C0
:10F7200086132371F5E706B0BDE8F081604800203C
:10F73000A44800202DE9F04F0546884600271D4CBF
:10F7400085B0231D0393A4F2044302944FEA902A48
:10F7500004F1080B0193002602AB53F8279036BB47
:10F76000D9F800402CB917B105B0BDE8F08F0127DA
:10F77000F1E7228AB8F1000F10D1954211D131463C
:10F78000484600F066FDD94503D102212046FFF727
:10F7900095FF21460198E8F7CCFEE0E7BAEB922FFF
:10F7A000EDD02046E8F782FE26460446DAE73446E6
:10F7B000F7E700BF305F002073B50E460E490F4BD0
:10F7C000441A24115C436846A1F55C71A4B2CDF7DC
:10F7D00042FF009D6DB1214605F13000E8F767FF5B
:10F7E00018B96846CDF76FFCF3E72846B047002804
:10F7F000F7D0284602B070BDD04B0020A38B2EBAA4
:10F8000010B506490446FFF7D7FF4FF48043A063C5
:10F81000A387BDE81040FBF7BBBC00BF41660208F0
:10F82000164A10B4936904468B42084612D1A2F5D9
:10F83000805292F83D2E072A0CD193F84620012CD5
:10F840000CBF42F0800242F0400283F846205DF88F
:10F85000044B704790F846306FF3040380F846304D
:10F8600090F848306FF3060380F8483090F83D3048
:10F87000DB09ECD05DF8044BC2E700BFA8480020CC
:10F8800073B50546144C68461449CDF7E4FE2C1BAD
:10F89000134B24115C43A4B2009E86B9EB8F28461B
:10F8A00066F30D03EB87AE63FCF768F92946304633
:10F8B000FFF7B6FF02B0BDE87040FBF769BC214618
:10F8C00006F13000E8F71CFF3046FBF7C5FE68463E
:10F8D000CDF7F9FBE0E700BFD04B002060480020E7
:10F8E000A38B2EBA38B5856B0446C5B11A491B4B9C
:10F8F000411A0911594305F1300089B2E8F7D7FEE2
:10F9000068B9214694F83D30A06343F0800384F841
:10F910003D30FFF785FFBDE83840FBF739BC94F870
:10F920003D30DB0917D120460D49FFF745FF8542E1
:10F9300011D01DB92046BDE8384061E7A38FC3F35D
:10F940000D0343B994F83D30214643F08003012074
:10F9500084F83D30DDE738BDD04B0020A38B2EBAB4
:10F960004166020870B5144C144B0C1B24115C4307
:10F9700000F13006A4B20D4630462146E8F797FE66
:10F98000C0B121463046E8F7BBFEEA8FC2F30D0353
:10F990005BB103F57F533F33C3F30D0363F30D02F4
:10F9A000EA8713B92846FCF7E9F82846FFF79AFFDB
:10F9B000002070BD1720FCE7D04B0020A38B2EBA8F
:10F9C00073B500F13006044630460D46E9F703F8FA
:10F9D00040B90523009068468DF80430E8F700FF31
:10F9E000009949B920462946FBF7C6FD204602B0DA
:10F9F000BDE87040FBF730BE2046FFF7B3FF30464E
:10FA0000E8F7E9FF0028EDD16846E8F7C9FEE7E727
:10FA10002DE9FF41474E1C469F6B337D804623B145
:10FA20009AB9A4F8AA2000296DD1337D53B10023DF
:10FA30000193062301A88DF80830E8F7D1FE01985C
:10FA400000286CD104B0BDE8F0810029EDD00B2A6C
:10FA500002D00E3A012A55D894F83D306FF3861340
:10FA600084F83D30002F49D0334D344B651B2D11A8
:10FA70005D43002394F83D10A3638022C1F38011FD
:10FA800004F128008DF80C30E9F79BFB012120469A
:10FA9000FCF7B8F8B8F80430ADB21BB1404601A984
:10FAA000CFF7D6FD7B795B090AD194F83D305B0630
:10FAB0004BBF7368F368013301334CBF7360F3606D
:10FAC00007F1300829464046E8F7F1FD98B129468C
:10FAD0004046E8F715FEE28FC2F30D035BB103F574
:10FAE0007F533F33C3F30D0363F30D02E28713B972
:10FAF0002046FCF743F83846FBF7AEFD2046FFF7FB
:10FB00007FFE92E7FEE7002FF8D07B898B42ABD9CE
:10FB1000A38F61F30D03A387FBF73AFB85E7C38F40
:10FB2000C3F30D030BB1FFF7ABFE01A8E8F738FEF6
:10FB300085E700BFA8480020D04B0020A38B2EBA39
:10FB400070B5234E234B841B24115C434B1E012BA9
:10FB50000D46A4B219D9012932D81F490222881EA4
:10FB60000AF0CCFD38B905210120CDF7E3FD0146AF
:10FB70001A48E8F725FF21461948E8F7CBFD21464A
:10FB8000BDE870401448E8F7BBBD21461448E8F7CB
:10FB90008EFD90B106F6D843B3F85439A34204D190
:10FBA000104806F5AF51FEF77DFC21460C48E8F7FA
:10FBB000A7FD21460848E8F7A3FD012DCDD070BD73
:10FBC00021460748E8F773FD0028F8D1C5E700BFD4
:10FBD000D04B0020A38B2EBAFA610020B061002028
:10FBE000F861002055AA020808B1CDF75CB870474B
:10FBF0002DE9F0470F4616469846054620B9BDE860
:10FC0000F0472D4809F032BD00F5D3501430F1F71C
:10FC1000D2F905F5CE59044609F1100940B3002385
:10FC2000C0E90076438283828375A0F8108048463D
:10FC3000E8F7CCF821492846E1F78CFC21464846F4
:10FC4000E8F7E4F8014658B105F580551C4809F07D
:10FC5000FBFCD5F8D43AE361C5F8D44ABDE8F08797
:10FC600043463A4631461748BDE8F04709F0ECBC38
:10FC7000DFF85CA0202201460AF108000AF04EFDE0
:10FC80004846CAE90076AAF81080E8F79FF80B49C1
:10FC90002846E1F75FFC51464846E8F7B7F80146C9
:10FCA00020B1BDE8F047084809F0CEBC43463A46CB
:10FCB00031460648D8E700BF740A0508A30A0508BC
:10FCC000B30A0508D70A0508010B0508300B05081B
:10FCD000A872002070B500244FF060412246204EEB
:10FCE000052A28D8DFE802F038031D1F21230C2342
:10FCF000D1F8805EED0710D5D6F8FC5045F0807540
:10FD0000C6F8FC50D1F8005E45F48075C1F8005E7D
:10FD10000D6A002DF0D081F820300132112ADFD198
:10FD200070BDD123E4E78023E2E70023E0E7651C10
:10FD30002346ECB2DCE7A2F10E03012B0ED9102A08
:10FD400007D14FF06043D3F8803EDB07E8D55D2351
:10FD5000D2E7831F9B5CCBE75B23C9E75A23C7E746
:10FD600000ED00E0002370B54FF47A720A250B60B5
:10FD7000441E14F8010F00B970BDA0F13006F3B2B3
:10FD8000092B11D8B2F57A7F0B6805D002FB063338
:10FD9000B2FBF5F20B60ECE76B430B602078303878
:10FDA00002FB00330B60E4E72E2804D1B2F57A7F22
:10FDB00001D16422DDE70720DEE708B1CDF70CBDF5
:10FDC000704790F838303F2B1CBF3F2380F8383005
:10FDD00090F839301A091CBF6FF3071380F83930D7
:10FDE0007047C0F3C00200F00203134380000A789A
:10FDF00000F00400034322F0070213430B70704726
:10FE00004FF4407330B587B0054602A90820ADF81D
:10FE10000830FBF7C9F8044648B3A5F11003012BDD
:10FE20004FF0FF3388BF002301228DF8073083791C
:10FE3000C57162F3030383710DF10701CDF76CFA0D
:10FE400090B99DF8073043B915230A22204603A92B
:10FE50008DF80C30CDF749FA30B9204603A98DF85A
:10FE60000C50CDF759FA18B12046CCF71CFF0024EE
:10FE7000204607B030BD2DE9F043074685B00C2081
:10FE80000C46FFF7BDFF054628B1E9F736FE28B15D
:10FE90002846CCF708FF05B0BDE8F0832846E9F70F
:10FEA00053FE0028F4D12846E9F7BEFE0028EFD122
:10FEB000A38B23B1FA899B0AB3EB922F19D0DFF8F9
:10FEC000E89007F51C78B7F83C120522013189B299
:10FED000B1F5007F28BF0121A7F83C12B9F8763EA2
:10FEE000404641EA03063146E8F7AEFC0028EAD175
:10FEF000A6830A212846A28BCDF774FF0028C7D11C
:10FF000004F19F0604F1A50816F8011F18293CD03A
:10FF100022D8092934D00C2928D0B045F4D1A37FA8
:10FF20009A0639D521463846EEF7B4FCA37F7F2BDD
:10FF300007D894F83F305B0603D500212046FBF735
:10FF400061FE21466846E7F776FA69462846EAF7F1
:10FF5000B9FB00289FD09BE719291BD01B29DCD1B6
:10FF60002846B4F8A820CDF73DFF06E02046E8F784
:10FF700056FB01462846E9F715FE0028CDD087E755
:10FF800000212846E9F766FEF7E700212846E9F751
:10FF90007BFEF2E70121F9E721462846EBF796F9C7
:10FFA0000028BFD074E700BFA8380020F7B5054689
:10FFB0000E46014621481746CEF787F9D8B10F20E3
:10FFC000FFF71EFF0446B0B100220379057243F02B
:10FFD00002031B4D037195F8463E8DF800205BBA75
:10FFE000ADF801306A4603231421CDF7BBFE20B1E2
:10FFF0002046CCF758FE03B0F0BD012F1AD14FF0C8
:020000040804EE
:100000008073009001936A46082316212046CDF79D
:10001000A9FE0028ECD115212046B5F8442ECDF7D5
:10002000E1FE0028E4D131462046EAF74BFB0028E8
:10003000E1D0DDE72046E9F7E5FDEAE7F0460020FC
:10004000A8380020033801288CBF00200120704709
:1000500038B50C4D044695F8B100FFF7F3FF58B1E1
:10006000214605F54870E8F7CBFB50B9214605F667
:100070000C20F0F78AFC20B92046BDE83840FAF79A
:1000800031BD38BDA8480020023802288CBF0020AE
:1000900001207047102230B599B0044600210DEBC5
:1000A00002000AF03BFB0223ADF8343063781846B7
:1000B000FFF7EAFF0146002847D0E2892849ADF85A
:1000C0001220A26BD1F87A0ED1F87E1E089209AAEE
:1000D00003C2D4F8E001D4F8E411022B03C24FF0BC
:1000E00005028DF81030ADF83420A3700ED1206CCD
:1000F000616C01AB03C3B4F860300420ADF80C3080
:100100000EAA0A2301A9FDF7A1FCE0B9144DA269CA
:10011000D5F8D03D03200593D5F8F83D04A9134444
:100120000693D5F8F43D13440793E3780EAA8DF8AF
:1001300011302623FDF78AFC28B9069BC5F8003E3E
:10014000079BC5F8FC3D19B030BD242204A80AF075
:10015000E5FA262204A90320FDF76CFCD5E700BFD1
:10016000A838002028B1807F00F00F00C31F58423C
:100170005841704737B5037905460E2B0C4615D804
:1001800063F04F0320460DF107018DF80730CCF7DF
:1001900068FDB0B920462988CCF757FD88B92046BC
:1001A000698803B0BDE83040CCF74FBDBF2320467F
:1001B0000DF107018DF80730CCF753FD08B92B7905
:1001C000E0E703B030BD37B50623044615460846C0
:1001D0006A460021CCF7BCFD2B4602466946204604
:1001E000E9F748F903B030BD10B90520FDF7C2BEEC
:1001F0000520FDF7CFBE10B5044686B0FBF781FDA4
:100200002068616801AB03C3236E11220393A38BA3
:1002100001A9ADF81030A37F0520C3F3031343F009
:1002200004038DF81230238CADF81330C7F786FD28
:1002300006B010BD0B7A012B05D10B88002102708E
:10024000438041607047022B18BF00214FF6FE73B8
:10025000F5E738B505460C4629B9006810B1E8F74E
:1002600025F9286038BD0846E8F720F90028F9D0BC
:10027000E8F71CF9638A28B943F6FF7262F30D03AD
:100280006382EFE7024A801A401160F30D03F7E73B
:10029000305B002073B56B4601AA0546E8F71AF9F2
:1002A000044698B1DDE900163046FFF7D2FF05F5A8
:1002B00082639E4203D102212046FFF7FFF92146C7
:1002C000281D02B0BDE87040E8F733B902B070BD38
:1002D000002814BF4FF000504FF08050FDF7B2BE21
:1002E0000021FE2280F8FE10C0F800110AF016BAB4
:1002F00010B50446C2B001A8FFF7F2FF204601A9DD
:10030000CFF708FD10B901A8FDF7CEFF42B010BD30
:10031000F8B50446B4F86C7090F86E008F42B4F8EB
:10032000705000F07F0623D094F86E0062F3060050
:1003300084F86E00A4F87030174BA4F86C101960A4
:1003400094F86E3004F184006FF3C71384F86E30B4
:10035000CDF77AFBB4F86C30B3B1C9F7B2FF606780
:10036000C5F7B2FFA0672046BDE8F840CFF7A0BAB6
:10037000964206D062F306009D4284F86E00D9D101
:10038000F8BD9D42D0D1FBE723881B06F8D4204658
:10039000BDE8F840CFF7ECB94C64002010B5044636
:1003A0000846FBF731FB20B9A378022B1CBF0223C0
:1003B000A37010BD012905D14FF6FF73C31A58422F
:1003C0005841704700207047222200210AF0A6B948
:1003D000006808B510B1DCF7A7FB00B1FEE708BD67
:1003E00030B5E024B9B000F10805224605608480EC
:1003F000002168460AF092F92246694628460AF02A
:1004000098F939B030BD03680BB119607047FEE749
:1004100010B50446E4F790FC206000F1004001387C
:10042000606010BD10B414461A4623465DF8044BB4
:10043000CCF78EBC07B50222ADF806100DF106010F
:10044000CCF7F0FB03B05DF804FB10B50A7A044664
:10045000012A02D0022A04D010BD0988BDE810404C
:10046000E8E78388E28803F108009042F4D8206826
:100470001844CFF7E4F8A3880833A380ECE72DE90C
:10048000F84302F1350727F0010799467B7880464B
:10049000013B032B0E46154628D81848FAF78EFD67
:1004A000044618B32846E4F75BFC014630B1012846
:1004B0001ED02046BDE8F843CCF7F5BB32460221FA
:1004C0002046CCF7AFFE7A8804F1350323F0010310
:1004D0005A8029462046CCF7FDFE0028E9D14A463D
:1004E00021464046E4F788FE0028E2D1BDE8F883C3
:1004F00032462046CCF796FEEBE700BF49C8040819
:1005000070B504460D46E4F732FC30B12B46224666
:10051000BDE8704044210148B1E770BDC4400020EF
:100520002DE9F04106461046884614461F46E4F77A
:100530001EFCF8B11048FAF741FD0546D0B135343C
:100540004146002224F00104CCF76CFE628805F1DC
:10055000350323F0010328465A80CCF783FE3A4640
:1005600029463046E4F70AFC20B12846BDE8F041B0
:10057000CCF799BBBDE8F08149C8040800B1C06957
:10058000704710B504460846FFF7F8FF03462060A1
:1005900010B1CCF785FD03462046636010BD38B529
:1005A00005460C4641B90068904704490246284672
:1005B000E1F726FB204638BD0720FCE72CEA0408BB
:1005C000102307B50A460190ADF802300DF1020183
:1005D000002301A8F0F770FC03B05DF804FB38B508
:1005E00005460C4641B90068904704490246284632
:1005F000E1F706FB204638BD0720FCE780D704085A
:10060000082307B50A460190ADF802300DF102014A
:10061000002301A8F0F750FC03B05DF804FB38B5E7
:1006200005460C4641B900689047044902462846F1
:10063000E1F7E6FA204638BD0720FCE774D9040844
:100640000346084619460BB1E6F7B9BF07207047C5
:1006500013B50C466946F0F7B1FB58B94FF0FF32BD
:10066000009B9A42019A70EB020205D3003B18BF2F
:100670000123237002B010BD0720FBE713B50C4621
:1006800001A9F0F7EFFB30B9019B03F18002FF2ACB
:100690008CBF0720237002B010BD13B50C4669460D
:1006A000F0F78CFB48B94FF0FF32009B9A42019A59
:1006B00070EB020234BF0720236002B010BD13B5F7
:1006C0000C466946F0F77AFB40B9009B019AB3F5F6
:1006D000803F72F100022CBF0720238002B010BDC2
:1006E00013B50C466946F0F769FB40B9009B019AC7
:1006F000B3F5807F72F100022CBF0720237002B097
:1007000010BD2DE9F04104460F46144D144E2B88C0
:10071000B6F800C0C3F580639BB2BB4228BF3B461E
:10072000DFF840E0E01884420AD1FB1A9FB2DEF7FE
:100730004DF88FB1C7F72CFB70B9DEF771F8E6E71B
:100740002A8814F8018B0CEB0201C1F30901013274
:100750000EF801802A80E6E7BDE8F081D26A002029
:10076000D06A0020E06D002000F0FE43B3F1106F6E
:1007700002BF20F01F6020F4702040F0006070473E
:1007800010B504460068FFF7EFFF90B1254920F44B
:100790009F6323F007038B4220F0FF0202D0224B1D
:1007A0009A420DD12069C6F7E6FB04F15C00DCF744
:1007B000B7FD2046BDE810404FF4E071DBF7CABC3E
:1007C0001A4920F4FF7323F001038B4215D16069AD
:1007D00010B1A169DBF7C8FCE06910B1216ADBF751
:1007E000C3FC606A10B1A16ADBF7BEFCE06A0028B6
:1007F000DFD0216BDBF7B8FCDBE70D4B984205D16E
:10080000202104F11000DBF7A5FCD2E7094B9A4246
:1008100003D003F580739842CBD1206A0028C8D05A
:10082000616AE7E700010008000400080002000810
:1008300009060008000180088B4228BF0B462DE9FD
:10084000F04705464FF0000EA1EB030A03F007073F
:10085000089CDB084FEA431C02EB43139A4205F164
:1008600020050FD1604405464FEA870C03EB87074C
:10087000BB4240F081806044BAF1010A80F08B8075
:10088000BDE8F087166855F8201CA4FB066816EB37
:100890000E0648F10008761845F8206C566855F8A1
:1008A0001C1CA4FB069E48F1000616EB09064EF13F
:1008B000000E761845F81C6C96684EF1000EA4FBED
:1008C00006961EEB090E46F1000855F8186C55F80F
:1008D000141C1EEB060645F8186CD66802F12002BF
:1008E000A4FB069E48F1000616EB09064EF1000E29
:1008F000761845F8146C52F8106C4EF1000EA4FBFB
:1009000006961EEB090E46F1000855F8106C55F8D6
:100910000C1C1EEB060645F8106C52F80C6CA4FB80
:10092000069E48F1000616EB09064EF1000E7618F9
:1009300045F80C6C52F8086C4EF1000EA4FB0696BC
:100940001EEB090E46F1000855F8086C55F8041C1A
:100950001EEB060645F8086C52F8046CA4FB069ED4
:1009600048F1000616EB09064EF1000E76184EF11E
:10097000000E45F8046C71E753F8042B2968A4FBBA
:10098000022612EB0E0246F10006521846F1000E46
:1009900045F8042B6CE7036813EB0E032CBF4FF0F4
:1009A000010E4FF0000E40F8043B65E700887047E9
:1009B00008B5FFF7FBFF10F4807F0CBF0320022077
:1009C00008BD08B5FFF7F2FFC0F3401008BD08B539
:1009D000FFF7ECFF00F44050A0F500535842584197
:1009E00008BD08B5FFF7E2FFC0F3C00008BDDDF7A2
:1009F000FDB973B5002504468DF807502046D2F79F
:100A0000A1FF266B864209D2236AB5EB430F05D2BC
:100A100020460DF10701FDF7EDF850B19DF80730C4
:100A2000012B04D120460DF10701FDF7E3F802B0D8
:100A300070BD0135E2E70B4B1B788BB107280FD84F
:100A4000EFF31182302383F31188074B03EB00107F
:100A5000037B0BB10023037382F31188BFF36F8F05
:100A6000704700BF581B0020701900202DE9F04F7F
:100A7000002604689346227999B0D20905468A4631
:100A8000B1469DF888800193049626D07F4FD7F811
:100A90006C2612B36289B2F5A06F1ED87C490AF1A8
:100AA0000800CFF70BFC019BE8B1B3B197F86836AB
:100AB000EBB1BBF1110F64D0BBF13A0F17D10AF1C2
:100AC0001800F6F730FC90B12046A1890EAAE6F78F
:100AD00027FC9DF83830802B09D1049819B0BDE867
:100AE000F04FFFF781B897F86826002AE0D1424618
:100AF000294604A8F6F701FC0028EED1049DADF8C4
:100B000014006B890EAAADF8163005A928232846D3
:100B1000CCF7DCF9282105A8CCF7DDFD9DF83E30A7
:100B2000002B7AD1284602AA05A9F6F7CDFB044688
:100B3000002872D1BDF81630002B34D1022C6AD8AF
:100B4000002C6AD0BDF81480A8F10806B6B2002EB9
:100B50006CD108212846CCF7B5F8022C7FD19DF83E
:100B600008308DF83E30BDF83C3000215BBA083BC0
:100B70005BBAADF83C3028230EAA2846CCF7E9F939
:100B80004BE00EAA2046A189E6F7CAFBBDF83A3031
:100B9000D7F89C265BBA9BB2002AA8D0118A99424A
:100BA0009BD0126BF8E7294605AA03A8E6F7F8FDE3
:100BB00098BB9DF80C30012B1FD96D2B25D164BB40
:100BC00003A8E6F7E6FDBDF816800646404528BFB7
:100BD00046460628BDF81490B6B21ED8B9F12A0FC1
:100BE00002D19DF80930A3B1C84409F108041FFAE5
:100BF00088F8A4EB08035C425C4103A8E6F7C9FD52
:100C0000014605A8CCF767FD94E7002C18BF032424
:100C1000F3E70224F1E7032C2DD0002328460493A8
:100C2000D7F87016D7F86C36984756E7202EB1469D
:100C300028BF4FF02009A6EB0906B6B2A8EB0908B9
:100C40004B46314606AA28461FFA88F8CCF780F8AA
:100C50004B464146284606AACCF77BF977E79DF834
:100C600009302821013B8DF809302846022302AAC9
:100C7000CCF76FF977E7F1B206A8E6F7B3FD06A85F
:100C8000E6F787FD4946034606AA76E7A83800201E
:100C9000104B002008B5C36800209847024B186825
:100CA000BDE808400BF0EBBBF01A0020F0B40C4D8F
:100CB000049E2D788DB107280FDC0A4D070105EB46
:100CC000001494F80CC0BCF1000F06D0EB510023C7
:100CD0006660A360F0BCD5F7C3B8F0BC704700BF36
:100CE000581B0020701900202DE9F04FADB00746C9
:100CF000016822A8E6F784FD002840F085803D6861
:100D000095F80580C8F3C104012C0CD19DF8A030E2
:100D1000FF2B2DD12B799906C3F340161CD44FF02D
:100D20000109C84639E024A8E6F774FB00286BD116
:100D300028A8E6F76FFB002866D19DF8A030FF2BAE
:100D400016D1002CE6D128A8E6F72CFC064618B1EF
:100D500028A8FAF718FB06469F4828AA18A9E6F71C
:100D600061FEB046061E18BF01264FF0010914E0CF
:100D70009A4828A9E6F7D0FE814658BB48F2FE0201
:100D8000BDF8A03023F47C539BB293420AD1B4F156
:100D9000000818BF4FF0010806463B685A89272A09
:100DA0001CD8FEE728A8F6F775F9064618B1002604
:100DB0004FF00108F1E718AA28A924A8F6F740FA8D
:100DC00030B9874BBDF86020B3F8BE309A42EED1FF
:100DD000B046CAE706464FF00009A2E728229DF870
:100DE0008E409A8116B9002C40F0ED81386808AA2F
:100DF0008189E6F76FF838B92C2C00F0858106D888
:100E000054B12B2C40F0DE812DB0BDE8F08F3B2C8F
:100E1000FAD03C2C40F09A81D7F800A00CA851469B
:100E2000CCF748FC504609AA0CA9F6F74DFA002861
:100E3000EAD1BDF832303BB9BDF83030BAF80A20FB
:100E40009A4280F05C81FEE751460CAA0AA8E6F7B8
:100E5000A7FC0028D8D19DF82830012B40F237811B
:100E60006D2B40F04981042350460EAA0CA9CCF703
:100E70002DF80028C8D19DF83A3003F0C002402A6E
:100E800034D026D842B3BDF83C3056485BBAADF8F2
:100E900016301FFA83FB9DF83B3001460493514BFB
:100EA000039300231D461C469C46039A92F803E0D8
:100EB000BEF1000F23D14C480CF5B56C00EB8C0053
:100EC000002C08BF0446C278002A67D0002D55D1F7
:100ED000FEE71A06D7D597E726A8E6F74CFA0028CA
:100EE00092D0BDF89E30ADF83C30CCE7062350469A
:100EF0000EAA0CA9CBF7EAFF0028C4D084E7039A16
:100F0000B2F800E00A8896450DD0934503D114B994
:100F10000135039CEDB29D4288BF2B464FF0000582
:100F200088BF08460399F3451DD1039A92F802E061
:100F3000049A72450DD105222C4B03EB8C0383F8E8
:100F4000A3269AF8053013F0180F3FF45DAF002682
:100F5000BDE044B9049AA2EB0E0E1EF0800F1EBF36
:100F60000135039CEDB2039A0CF1010C01350432FA
:100F7000BCF1230FEDB2039297D1A4E70A885A453A
:100F80001DD194B1AB4223D2012DDAD00846154BC6
:100F90009C42D6D934F8043C5B45D2D1844280F0DF
:100FA0009E80104B9C4228D2FEE70135EDB2AB4249
:100FB00002D3012BC5D9014608460D4CEAE7AB42E6
:100FC00018D2012DBDD00846002CE0D1044619E00E
:100FD000012BDCD1B5E700BFEC3F0020E83F00204B
:100FE000A8480020483F0020A8280020A83800205A
:100FF000D43F0020012BE7D1A3E72146021B201D8F
:1010000009F02FFDBDF8163008202380049BA37043
:101010000523E370FCF7BEFF00238DF81F30A74BBC
:10102000BDF83C5093F8B1309DF83BB0033B012B29
:101030004DD85046D0F722F80446002847D09AF8F9
:10104000053013F0180F13D10DF11F020721504680
:10105000E5F73DFF9DF81F305A1E012B8DF81F202C
:1010600046D90123072120460DF11F02CBF771FF5E
:101070008DF866B09AF805304FF0000B13F01803A6
:1010800018BF01236DBA8DF86730ADF864508DF844
:1010900068B0E3F751FE402105465846CCF74AFBBD
:1010A0009DF868300C220344C0F140002B448DF8B9
:1010B000680018A920461893CCF717F9C0B9214643
:1010C0007F48FAF7EDFA18997E48CCF731FC0AA868
:1010D000E6F75FFB01460CA8CCF7FDFAA9E691D92B
:1010E000794B984200D2FEE7043C221A011D87E7A3
:1010F0002046CBF7D8FDEAE73F2BE8D984E6AAF8EB
:101100000C309DF820406DE60123224638460093BE
:1011100022A93346FFF7AAFC3C6818AA2046A189F9
:10112000E6F7FEF800287FF46FAEBDF862305BBAD8
:101130009AB2C3F3CC03002B7FF466AED3073FF51E
:1011400063AE08212046CBF7B1FDDAE7002E3AD096
:101150000123224622A938460093FFF787FC00238B
:101160000EA80993E3F772FE0EA8E3F76FFE12AD27
:1011700024AB0FCB85E80F0028A90EA8E3F7E7FD05
:101180009DF88F309DF85D208DF85C309DF889309A
:10119000112C4FEA131363F301028DF85D2001D087
:1011A0003A2C0DD14246394609A8F6F7A6F838B9C7
:1011B000099B112C039300F08B803A2C00F00C81DA
:1011C00009982EE076B9B9F1000F2CD0B8F1000FD4
:1011D0002ED1434622463846CDF8008022A9FFF79B
:1011E00045FC11E6292CB3D13B680E901E7942468E
:1011F00039460EA8C6F34016F6F77FF818B10E98D8
:10120000FEF7F2FC00E60E9D2B79284666F34513A7
:10121000A9892B71CBF756FD18A81895FFF764FD27
:101220001898FEF7E1FCB8F1000F3FF4EDAD07E0D0
:101230000123224600933846002322A9FFF716FC1B
:101240003D686B7913F0180F0CD11C4B93F8B1006B
:10125000FEF7F8FE00283FF4D7AD9DF88F30013B34
:101260008DF88F309DF88F30002B3FF4CDAD2846A0
:101270008DF860300721012318AACBF76AFE3A2CBB
:10128000386840F02281818918AAE5F720FE0028FD
:101290007FF4BAAD07239DF860100C4A013B3FF480
:1012A000B3AD12F8010B8842F8D13B6818A8189327
:1012B00000233B60F8F71AFF1898A1E7A848002020
:1012C000D83F0020DC3F0020483F0020680B050885
:1012D000039B18AA18469989E6F722F800287FF49C
:1012E0006FAF039BADF830008DF8320000930EAA6B
:1012F000234629460CA8FCF7FFFD4FF6FF73BDF807
:1013000030209A427FF45CAF08210398CBF7CEFCE3
:10131000DFF8ECA1189BDAF898961BBA1693B9F18E
:10132000000F28D19DF83830DAF89CA61E46BDF88B
:101330005890BDF85AB0BAF1000F3FF441AFBAF877
:1013400010204A4514D1FF2E22D05046E6F752F81D
:10135000F0B950460EA9E3F794FBC8B9DAF830A00B
:10136000BAF1000F3FF42CAFBAF810204A45ECD088
:10137000DAF830A0DFE7D9F804300399D9F808008B
:101380000EAA984700287FF41BAFD9F80090C6E753
:10139000BAF822207AB15A45EAD10AF1120210466F
:1013A0000492E6F727F830B9049A29461046E3F785
:1013B00068FB0028DCD0039B18469989CBF782FC98
:1013C000039B9A8902B1FEE7DAF824500399DAF810
:1013D00028000EAAA847F3E6039B0AAA1846998993
:1013E000E5F79EFF814600287FF4EAAE039BADF847
:1013F00060008DF8620000930EAA2346294618A8C3
:10140000FCF77AFD4FF6FF73BDF860209A427FF437
:10141000D7AE9DF82830802B41D118A8E3F716FDF0
:101420000EA8F5F780FF002839D0812348463349BC
:10143000CDE90C998DF83030F9F7B6FD814670B3DF
:10144000039B04220CA9B3F80CA0CBF74EFF002895
:1014500037D1039B0AF104025B8992B29B1A48467A
:1014600003999BB2CBF77FFF58BB95E80F000DF1B6
:10147000700C8CE80F009DF83830FF2B03D00EA9BC
:1014800018A8E3F764FC3A22484618A9FDF7B4FA15
:10149000B8B94846B9F80C100CAAE5F741FF082185
:1014A0000398CBF703FC164BD3F88C56002D3FF472
:1014B00087AED5E9006003990AAB0EAAB047AD68C4
:1014C000F4E74846CBF7EFFB7AE64379C3F3C10371
:1014D000022B7FF4EAAE112C7FF4E7AE818918AAC3
:1014E000E5F71EFF00287FF48FAC4BF6F073BDF8D4
:1014F00062209A427FF4D9AE86E400BF49C804084E
:10150000A8380020437907B55B0908BF0A4A019053
:1015100002BF936801339360838823F4C45343F07C
:101520008003838001A8FFF7DFFB019803B05DF81B
:1015300004EBFEF759BB00BFA848002038B50C46A5
:1015400005460846EDF728FA637802331C44C5E9DE
:10155000000438BD10B50446DDF7F0F94FF0004344
:10156000236010BD00232DE9F0479CB006460C46D1
:101570000068132101AA8DF86C30CCF71FFB0746D9
:10158000002874D1204602A9E7F772F810B102A82A
:10159000DDF7D4F904F19E00ECF763FF80B304F1AA
:1015A00064052846E7F7E1F80023DFF8CC81DFF88F
:1015B000CC9184F89C3084F89D3084F89E30BDF83E
:1015C0000630002B4BD120460AA9E7F751F8054613
:1015D00002A8002D40F0C980E5F70CFF38B90AA930
:1015E00002A8CEF764FE002814BF01250325294672
:1015F0002046FEF7A5FA20460FA9F7F7E3F836E0F4
:10160000A37F03F00F03072B00D0FEE794F89C8024
:1016100004F16C0505EB0818A845C0D02846E5F78D
:10162000C1FF05F11009C0B121462846E7F74AF885
:10163000022812D19DF86C30032B0ED05A1C8DF865
:101640006C201CAA02EB0313343B1A462868696815
:10165000083503C24D451346F7D14D46DCE73068E7
:101660000DF1030201A9CEF70CFE20B10746384662
:101670001CB0BDE8F087012101A8CCF72CF806A822
:10168000DDF75CF99DF903309DF803A0002B39DAF2
:10169000082308AA01A93068CBF718FC082101A883
:1016A000CCF719F80AA90AF00F00F9F7C1F80028D9
:1016B00085D10AA906A8E5F72BFF06A8E5F79AFE4B
:1016C00060B9494606A8CEF7F9FD30B32846E5F7DC
:1016D00049FE18B1DDE9080185E803009DF81830DE
:1016E000FF2B3FF46CAF00230A9301230AA88DF867
:1016F0002C30E7F775F80A9870BB404606A9FEF74C
:10170000C9FD5CE701A91023306806AACBF7DEFB10
:10171000102101A8CBF7DFFFCFE706A904F16C0089
:10172000E5F7ECFA0028D9D194F89C30032BD5D0FA
:101730005A1C04EB031384F89C200DF1180C6C3335
:101740000DF1280E624603CA72451860596094462E
:1017500003F10803F6D1C1E7844202D006A9E9F7F4
:101760001FF80AA8E7F71CF8C5E7E5F743FE0028CD
:101770007FF441AF02253AE7285B0020104B0020A0
:101780007FB5837F05467F2B0AD928463749F3F773
:101790005BFA0D20FEF734FB064688B903240CE003
:1017A000422203F00F0322FA03F3DB07EDD52F49A2
:1017B000FEF702F80028E8D00024204604B070BDEF
:1017C000E8F79BF9044660BB3046E8F7BDF90446EC
:1017D00038BB2846E6F723FF01463046E8F7E2F932
:1017E0000446F0B93046E8F71FFA0446C8B9AB7FA3
:1017F00003F00F03072B18D105F12200E7F7C9FD0D
:10180000102102463046CCF7E2FA044648B9294690
:101810006846E5F710FE69463046E8F753FF044690
:10182000D8B13046CBF73FFAC7E702230D21304647
:101830000F4ACCF797FA04460028F2D1AB7F05F1A6
:10184000A00403F00F03012B02D02046CDF7F4FED5
:1018500021463046E8F75AF9D7E7AB7F7F2BABD963
:1018600006212846ECF76AFEA6E700BFE3DD020882
:101870006E0B05082DE9F04F054685B00E200F468A
:1018800016469946FEF7BCFA044670B196F82080D9
:10189000DFF80CA1B04405F1220BB04508D1204679
:1018A00007F11001E8F70EFFC0B905B0BDE8F08FF1
:1018B00016F8011B11292FD8DFE801F01F2E2E2E5C
:1018C0001A2A2E2E232E2E162E2E2E2E2E090122D1
:1018D00011212046CCF77BFA0028DED0204605B047
:1018E000BDE8F04FCBF7DFB92046E8F72DF9F3E775
:1018F00049462046E8F70FF9EEE72046E8F7FDF8FD
:10190000EAE70821DAF8F82D2046CCF777FAE3E782
:101910000521DAF8F42DF7E7002DBED0102925D0E7
:101920000AD8022920D00C2911D00129B5D1AA7FCB
:1019300042F040021209CCE71B291ED0562922D0C2
:101940001329AAD129462046E9F7C0FCC4E7284656
:10195000E6F765FE01462046E8F724F90028BDD1E8
:101960002046E8F761F9B7E72A6ECDE758460191BE
:10197000E7F70FFD01990246ABE72046B5F8A8202E
:10198000CCF730FAA8E7AB7F7F2B86D8034B2046F5
:1019900003A90393CCF7E0F99EE700BF5602321487
:1019A000A838002000F00CB800F00AB800F008B821
:1019B00000F006B800F004B800F002B800F000B87B
:1019C00072B61EF0080F09D01EF0040F0DD0DFF81C
:1019D00050E0AEE8FF1F6FF002000CE0DFF840E0DF
:1019E000AEE8FF1F6FF00E0005E0DFF834E0AEE870
:1019F000FF1F6FF006006946EFF309828EE80700CB
:101A000086460848084C854501D3A54501D384F393
:101A10000888C6F78BFA84F30888C6F779FA0000BD
:101A2000807800204800002008180020014807F0B6
:101A3000B3BF00BF690345EC1046044A1368591E42
:101A4000033102D800211160184770471C7A00202A
:101A5000034B1868034B002808BF1846704700BFA7
:101A6000D072002084340508014808F05FB900BF37
:101A7000D872002013B50B4C0229226005D10A4808
:101A800008F054F9002002B010BD0A460093014648
:101A9000064B054808F02CF9003818BF012040001B
:101AA000F1E700BF1C7A0020D8720020391A040820
:101AB000014808F04CB900BFD8720020002101484D
:101AC00008F067B9D872002008B5064B1B680133CF
:101AD00005D0FFF7EDFF80F00100C0B208BD002087
:101AE000FCE700BF1C7A00202DE9F843DFF8609086
:101AF0000646D9F8008008461746B8F1000F03D013
:101B00000E242046BDE8F88306B3336801331DD1A7
:101B1000E1B100F0BDF805460028F1D0C9F8000099
:101B200000F0DCF8284607F03EFF044640B140468E
:101B3000C9F8008000F0D2F8284607F02FFFE0E750
:101B40003560002FDDD02846B847DAE72124D8E7F2
:101B5000D4720020024B1868003818BF012070476B
:101B6000D472002038B50C4601F068FFA3780B4A08
:101B700013705A1E55425541A8420CD0012B04D077
:101B80002846BDE8384001F03BBF204601F028FF61
:101B90000028F5D038BD0020FCE700BF52780020B7
:101BA000002108B5024B08465B689847002008BD35
:101BB0002C7A002010B5FFF74BFF0D4B0C461A1A7C
:101BC000534253418B4201D1002010BD094B1B6889
:101BD0003BB9094A064B002C08BF1346074A13605D
:101BE000F2E708F0CFF90028F3D00220EDE700BFBC
:101BF0005C340508D472002084340508D0720020BB
:101C0000431E033306D8044B984228BF1846642865
:101C100038BF6420704700BF40420F0038B5194BF1
:101C200005461B680C4603B1984744B1236833B19D
:101C30001B68013303D0E3680BB1A3684BB908F00C
:101C4000EBFB00204FF4C172412100F09FFA2120EC
:101C500038BD204603F048F800230B4A85F83C3194
:101C6000C5E93743C2E9003363694BB1074A4221F2
:101C700010684FF4D272C31A5842584100F086FAE5
:101C80000020E5E72C750020807900205C7500209D
:101C9000F8B504460AF0E4FB002607460E4B1B6825
:101CA00093B19E68AEB196F82420D20711D4354680
:101CB0000FCC0FC50FCC0FC523682B6096F82430CE
:101CC00043F0010386F8243038460AF0D8FB30464A
:101CD000F8BD1B68E4E700BF247A002010B5044675
:101CE00018B9054B054A136010BD00F0BDFDD4F8CE
:101CF000E830002BF6D1F4E785990408207A00201B
:101D0000084B10B4002A14BF14461C46064B1C6036
:101D100019B15DF8044B07F08DBE08465DF8044B21
:101D2000704700BF85990408207A002008B5024654
:101D30000868FFF765FF08604868FFF761FF4860C3
:101D40008868FFF75DFF8860C868FFF759FF0B6977
:101D5000C860581C03D00B48834228BF03460B6160
:101D60004B69581C03D00748834228BF0346886943
:101D70004B61FFF745FFBDE808408861104601F060
:101D8000C3BD00BF40420F00D0F8E0302DE9F04164
:101D900005460C4613B1C38D8B424CD0D5F8DC30D0
:101DA000002B4BD09E68002E48D0D868002845D024
:101DB000013800B200281ADB002106E0128A591C03
:101DC000A24217D209B2884211DB0B1803EBD3737E
:101DD0005B1003EBC30206EB8202B2F80EC003F104
:101DE000FF3EA445EAD90FFA8EF08842EDDA2120B1
:101DF000BDE8F0814FF6FF7299B29142F7D09BB2E5
:101E000003EBC30306EB83062846B6F9122095F8C8
:101E10003011D5F8F080D4F7DDF90746B8F1000F9E
:101E200004D00023324628461946C047EC85C5F841
:101E3000E06085F839710020BDE8F0810E20BDE832
:101E4000F08100BF2DE9F04782B004460F461646E8
:101E500002F0B0F8002863D14F4D2B68D4F8DCA015
:101E6000D4F8E0800BB1534576D04FF00009AF6055
:101E700002F0F8F80128074665D1204608F0D3F9AA
:101E8000002851D12B68DAF80010D8F8002013B1DF
:101E9000186888426BD0204608F097F9C5E900A879
:101EA000D4F8F0508DF80760002D67D0002220464E
:101EB00011460DF10703A847204601F00BF905462E
:101EC000B9F1000F0FD076B9D4F88C300BBB012FCD
:101ED00005D025B1314B002103205B689847284687
:101EE00002B0BDE8F087B5FA85F040F20752332121
:101EF000400900F04BF93146204601F01FFB284B0A
:101F000005461B68414620469847D4F88C30002B84
:101F1000DDD000224FF40073204600F0B5FCD6E778
:101F200000231D4D6B6098E794F825309A07A9D5DA
:101F3000D4F894305B05A5D51A4B01220021204628
:101F40001B6898479EE70021012000F0D5FC02F0B5
:101F500089F80128FBD190E76B68002B85D04345B9
:101F600083D1AB689F4215D04FF001097FE76968C4
:101F700011B10968914291D059688CE794F82A1000
:101F800094F839313246994228BF1946204600F06C
:101F9000F3FF91E70025A2E7807900202C7A00204A
:101FA000207A002030750020F8B50F4605460AF06B
:101FB00057FA394606462846FFF7E6FE044620B1A2
:101FC00030460AF05CFA2046F8BD01F0D5FF224603
:101FD00039462846FFF736FF04460028F0D1284648
:101FE00008F021F90028EBD095F8253013F0020312
:101FF0000DD0D5F894305B050DD5B5F82A31BB422C
:102000000BD0B5F82C31DB1BB3FA83F35B09044A20
:1020100082F8DC30D4E72346F9E70123F7E700BF75
:10202000003E00B070B504460E460AF019FA31467B
:1020300005462046FFF7B8FF044620B9044B014689
:102040005B680320984728460AF019FA204670BDBD
:102050002C7A002013B50446694607F0BEFD2046E1
:1020600007F0CEFFFF28024606D020469DF800105C
:10207000D4F72EF902B010BD0048FBE70080FFFF47
:10208000F0B507460E46154685B00AB9D0F88C5013
:102090002946384607F0C8FDEB0702D5384604F05C
:1020A00051FF02F0A9FAEC46254B04460FCB05F48C
:1020B00080358CE80F00002E2ED0FF2C0DD1336818
:1020C00000937368019385B1009B01332ED12246A2
:1020D0006146384607F047FC0CE056F8242004AB74
:1020E00003EB840343F8102CD5B9224661463846E9
:1020F00008F027F970B96EB1FF2C0FBF009B04AB3D
:1021000003EB840353F8103C05BF3360019B46F892
:102110002430736005B0F0BD002DE6D0FF2CD3D085
:1021200004AB03EB840353F8103C00E0019B013344
:10213000CDD022466146384602F0F8F9DAE700BF12
:10214000B834050808B50B460249194007F049FDA7
:10215000002008BD07001100024B1860024B1960F7
:10216000FEE700BFF0740020287A002038B5044D47
:10217000044C054B286021601A60FFF7EDFF38BD65
:10218000F0740020287A0020F474002010B550B9B3
:102190000548064B0160064802601868054B186048
:1021A0001868FFF7E3FF10BD287A0020D4720020E2
:1021B000F4740020F0740020054B1B680BB918461E
:1021C0007047834201D01B69F8E70120704700BFC8
:1021D000FC740020094A13680BB918467047834203
:1021E00007D11B6901201360054A1368013B136086
:1021F000704703F110021B69EEE700BFFC7400207A
:10220000F87400202DE9F74F06460AF02DF9DFF8A3
:102210002881012398F800B0DFF820910190BBF1EC
:10222000000F06D089F8003003B0BDE8F04F0AF087
:1022300021B93F4F88F8003089F800B007F0DDFD84
:1022400008B107F0D8FD3D683A495DB9DFF8F0A064
:10225000DAF800200024AA423B682FD84FF0FF3163
:1022600034483BE06B7D8BB12B68B34202D09A1BA4
:102270008A420BD96A6813442B60AB68003A18BFD6
:102280000122003B18BF01236A75AB752D69DCE79D
:10229000907D20B1107D88429CBF01461446126992
:1022A000002AF5D1002CD9D0D4E90001A275411A39
:1022B000D4E90232204698470135C9E71A46FF2182
:1022C000EEE75A7D4AB11A68B24224D0921B82428C
:1022D00021D8914201D311461C461B69002BF0D135
:1022E0005CB12046FFF776FF38B13B683C60236164
:1022F000DAF800300133CAF800303B685A7D6AB919
:1023000007F077FD064699F80030002B94D101982C
:1023100088F8003088E71C460021DEE7186800F0E6
:10232000D3F8044607F065FD0646002C84D1EAE7A1
:10233000FC740020FCFFFFBF54780020537800207D
:10234000F874002038B5054608B31822002108F0BB
:10235000E5F90AF089F802462846FFF72DFF20B17B
:1023600010460AF087F8022038BD0A4B1C6854B9A1
:1023700009491D600B68104601332C610B600AF09F
:1023800079F82046F0E704F110032469EFE72120F3
:10239000EAE700BFFC740020F874002038B504465A
:1023A000FFF70AFF0AF060F805462046FFF704FF32
:1023B000637D23B928460AF05DF80E2038BD00235E
:1023C0006375064B1B68A34203D107F012FDFFF7AC
:1023D00019FF28460AF04EF80020EFE7FC740020B1
:1023E0002DE9F84FDDF82890984604460D469246B0
:1023F000FFF7E2FEDDF830B00AF036F8074607F0E6
:10240000F8FC06462046FFF7D7FE637D23B1204641
:10241000FFF7C4FF0023A375BAF1010F23D175B9EB
:10242000B8F1000F21D1B9F1000F03D05A4631465F
:102430002046C84738460AF01DF8002019E0354408
:102440000D4BAA1B9A4210D8012363759DF82C30BE
:102450003046C4E90058C4F808902375C4F80CB09D
:10246000FFF7D0FEE6E7AE42EAD138460AF002F8BE
:102470002120BDE8F88F00BFFCFFFFBF2DE9F04130
:1024800007468846FFF798FE09F0EEFF3D680646CE
:1024900007F0AFFC7B7D7BB185420DD0094B2C1A38
:1024A0009C4209D8304609F0E5FFB8F1010F08BF9A
:1024B00025462846BDE8F081304609F0DBFF0025BF
:1024C000F7E700BFFCFFFFBF0023024A194600F0F8
:1024D0002DBC00BFBD9D04082DE9F0418AB001ACC0
:1024E00005460B462746194A02F1200C264610687D
:1024F0005168083203C662453446F7D1002B08BF45
:102500003B46002710681C463060384603F10C0635
:1025100090B95FFA87F842462846218807F086FE80
:1025200050B942462846E18807F091FE20B942465C
:102530003146284607F09DFE0137032F06F10806B5
:1025400004F10204E4D10AB0BDE8F081EC340508DE
:10255000F0B589B005460E4601F046FE044600BBC4
:1025600001AC06F10C070FCF0FC497E8070084E811
:10257000070001A92846FFF7D9FB2846311D08F0BE
:1025800017F8044648B92846074901F071F904468E
:1025900018B9284601F0F2FD044628463168FFF7D5
:1025A0009BFF204609B0F0BDE4340508014907F05F
:1025B00026BC00BF6D41040810B50446D0F81821B0
:1025C0000B4B4FF40061C3F8C42090F82420D201D3
:1025D00002F4006206F0DEF994F8243013F0100FD4
:1025E0004FF4007314BF034A034A536410BD00BF85
:1025F000003E00B0001002B8002002B810B5054C33
:10260000237823B103F0E4FF0020207010BD0E20DA
:10261000FCE700BF5778002008B503F0A7FF0122B0
:10262000014B00201A7008BD57780020D0F8E43024
:1026300013B11A68032A10D8094BDB6BC3F3C2022B
:1026400013F0380F03F0070018BF504313F4E07F76
:10265000C3F3821203D050437047986A400E70470C
:10266000008001B8431C07D06FF0FF02034B1040FD
:102670005A62A3F580535862704700BF00E000B86B
:1026800010B504234FF03A4101240A4AD1F8180149
:10269000C2F81831C2F814314C634FF40051116381
:1026A000410742BFC2F81431A2F58052C2F8183176
:1026B00010BD00BF002000BA2DE9F0438F7880469E
:1026C0000F2F0C4685B003D9212005B0BDE8F0835B
:1026D00027B90122414B1A700020F6E70D784E7899
:1026E000EDB9002EF0D194F90310E08803F0A0F9C1
:1026F0002128E9D055EA0603A088DFF8F89013D026
:1027000003F0FAF94FF60403B9F8002001469A42A3
:102710005FD1AE42334638BF2B4600262DE0082D50
:10272000D2D8082ED0D8DEE703F0E6F94FF604053C
:1027300001464FF605002A4A136E9BB2AB4208BF12
:102740000346B1F5803FA9F800300FD902230825D0
:10275000136680230126C2F880302B4649084FF6C5
:10276000FF720139914228BF114608E080230126FB
:1027700008251666C2F880302B460029EFD10022CA
:1027800002920122013FFFB2009201972A4608F10E
:10279000F80003F05DF81EB14FF48012114B5A653A
:1027A0000221114BA2681A600C4B197098F82D3059
:1027B000013B8B4290D8032301200C4AC2F85032CF
:1027C0000B4BC3F85002C2F864120422C3F864220F
:1027D00082E703480266A9F800309AE7557800209E
:1027E00000C001B800D001B80C750020006001B82D
:1027F000005001B8C07A0020F8B504460F461646CE
:1028000009F02EFE0546A047044620B1284609F0EF
:1028100036FE2046F8BD05F055FA04220549D1F8E8
:10282000F03E23EA07033343C1F8F03E024B5A64FB
:10283000ECE700BF003000B0002002B800F0180341
:10284000182B0AD003070AD440F2011310F010002D
:1028500018BF1846034BD86770470020FAE70120DD
:10286000F8E700BF003F00B038B10368044A002B0E
:1028700008BF1346034A13607047014BFAE700BFD5
:10288000D79E0408407A002010B4D0E95441224079
:102890000B4052EA030104D003495DF8044B096878
:1028A00008475DF8044B7047407A00200F2938B57F
:1028B00005460C460ED801F0D5FB01280CD1074A7D
:1028C0002846936E23F00F032343936607F02EFDF3
:1028D000002038BD2120FCE70220FAE7003F00B0CD
:1028E000014BD86E704700BF003F00B0014B002085
:1028F000D9667047003F00B003282DE9F3478846AA
:1029000064D8344B13F80090334B1E5C334B13F8F0
:1029100000A009F0A5FD074605F03CF8054640B1CA
:1029200000230022CDE9003301200023002104F020
:102930005FFE05F037F848B100230022CDE90033EF
:10294000002000234FF4004104F052FE002E3BD043
:10295000234BDC6C04F00804224B3146DC6448460F
:1029600005F00EFA52463146484605F097FA1E4BDE
:10297000DC64DDB11D4B1868D0F89410F83003F01A
:1029800059FC1B490868FFF76DFE4FF0FF330B60E1
:10299000184B1A68511C06D06FF07E401649C86368
:1029A000A1F58051CA634FF0FF321A60B8F1000FF1
:1029B00004D0124B002103205B689847384602B0D0
:1029C000BDE8F04709F05BBD3446C5E702B0BDE89D
:1029D000F08700BF183505081435050810350508BF
:1029E000004000B8006000B8005000B8D472002069
:1029F0003C7A0020387A002000E000B82C7A0020D1
:102A00000F4A536C13F0A00F15D1906C10F0040016
:102A100013D10C4BD3F8F03E23F07F4323F0FF0398
:102A20005BB1D368C3F30362092A07D0B2F10C008B
:102A300018BF01207047002070470120704700BF79
:102A4000000002B8003000B0074A084B30B1022144
:102A5000C2F864120422C3F8642270470421C2F849
:102A600064120222F7E700BF006001B8005001B80D
:102A700070B50D46064620B91C4B1B68D3B10E201D
:102A800017E001F0EFFA01282DD1194B93F900401E
:102A9000D6F8E430C4F11C040BB193F92630E41AE3
:102AA000641BC4F12B03002BB8BF5B42232B0CDD4E
:102AB000212070BD01F10F03002BB8BF5B42232B17
:102AC000F6DC0B4B19700020F3E786F8285009F06C
:102AD000C7FC084A136A23F4FF2343EAC4231362A2
:102AE00009F0CDFCEFE70220E3E700BFD47200203D
:102AF0005678002000C000B810B5FFF75DFD04F067
:102B0000F7F909F0ADFC0A4A0121D2F8C03E0446AB
:102B100023F02003C2F8C03E0222064B08469A600A
:102B2000054B5B689847204609F0A9FC002010BDC2
:102B3000003000B0001002B82C7A0020094B084683
:102B40001A6D91020BD4D3F84021D20708D4D3F8E0
:102B5000803013F4706F14BF0120002070470120F3
:102B6000704700BF004001B8F8B50D46D0F894306A
:102B700002EA010423EA01032343C0F894304D4ADA
:102B800001F00B0323EA0401D1642340A2F5805233
:102B90006F070646D36410D50121FFF7CFFF60B160
:102BA00005F090F84FF4007314F0040F14BF424A7C
:102BB000424A13650422424B5A64E90606D514F0D2
:102BC000100F14BF00221B223E4B5A652A0618D54F
:102BD000230611D54FF40012374BDA6409F040FC9C
:102BE0000E210746032003F075FA40F20122354B0F
:102BF0003846DA6209F043FC214606F1F80003F09A
:102C000019FBEF0503D5E0053DD503F033FAA9051F
:102C100003D5A2053AD503F039FA15F48C6F1DD00F
:102C200014F4806237D096F825309B070CD5F28DCE
:102C3000B6F82A3193422CD0B6F82C319F1A7B4239
:102C40007B41214A82F8DC30D6F8E410304607F0A8
:102C500043F980221D4B98671D4B1A612B0510D537
:102C600005F030F81B4A14F4006FD2F8F03E14BFA0
:102C700043F0006323F00063C2F8F03E0422104BDF
:102C80005A640020F8BD03F0EFF9C0E703F0F8F94B
:102C9000C3E70123D5E76805D6D596F8253099070F
:102CA000D2D5094B114683F8DC200B4B30461B680C
:102CB0009847C9E7006000B8005001B8006001B84B
:102CC000002002B8004000B8003E00B0003F00B055
:102CD000000002B8003000B030750020014B1868C9
:102CE000704700BF1875002037B509F0B9FB002404
:102CF00001230022CDE90034002305461946104681
:102D000004F076FC052002F0A3FC064B21461C6073
:102D1000054B02205B689847284609F0B0FB204627
:102D200003B030BD207500202C7A00202DE9FF4132
:102D300002290D4616469846039004D1FFF7D4FFAA
:102D400004B0BDE8F08109F08BFB1E4F04463B68E0
:102D50003BB1B34205D009F092FB002321203B6038
:102D6000EEE7194B0022C3F800803E6000230126E5
:102D70004FF0000810461946CDE9006604F038FC13
:102D8000124B052083F8008002F062FC43462A467D
:102D9000052003A902F07AFC0D4B039A1A6008B9CA
:102DA0002046D8E70B4D2B689847212804D02046B1
:102DB00009F065FB0020C3E731466B6802209847A5
:102DC000F5E700BF207500201C7500205978002011
:102DD000187500202C7A0020044B5B6E9B044EBFBC
:102DE0000120034B187800F00100704700C001B8C3
:102DF0005978002090F827305A1F012A01D9082B52
:102E000005D14B7C2BB1012B05D0022B05D007F04F
:102E1000D2B803487047034870470348704700BF63
:102E200020A1070048E8010040420F000A78022A6A
:102E300011D0101F4242424152004B781201022B26
:102E40000BD0191F4B424B415B000549054842EA34
:102E50008312FFF7D1BC0122EFE70123F5E700BFA2
:102E6000F0FFFF00AD4004080B78022B10D0181FB4
:102E7000434243415B004A78022A0BD0111F4A4269
:102E80004A4152000F21044843EA8202FFF7B4BCD2
:102E90000123F0E70122F5E7D94004082DE9F843C2
:102EA0000E780446042E0D4690F830810BD1002791
:102EB0005FFA87F9484601F0B9FF08B14E4602E0D3
:102EC0000137042FF4D1304601F0B0FF002849D07B
:102ED00094F83031B34209D1AA88D4F8A4309A4288
:102EE00004D16A88B4F832319A4238D084F830611B
:102EF000AB883046A4F834316B88A4F83231AB8803
:102F000004F59875C4F8A430FF2384F82B3007F03B
:102F10008DFA84F82A00284601F018FF18BB2846CD
:102F200001F07AFFF8B9D4F8E03053B194F83011D9
:102F3000414506D02046B3F91220D3F74BF984F867
:102F40003901204601F0F0FF0949A4F834010123BA
:102F5000084AD1F8FC1004F1F80004F063F90020ED
:102F6000BDE8F88321200C2384F83031F8E700BF56
:102F7000004F00B0A43F00B070B5054690F8300196
:102F80000C460C281FD0FF2901D1212070BD1AB199
:102F90004FF0FF320D4B1A6007F048FA064695F8DD
:102FA000300101F0B3FF844228BF0446E4B2B442CA
:102FB00038BF3446E0B285F82B0002F0D3F8FF2882
:102FC000E3D00020E2E70220E0E700BF487A0020DB
:102FD00010B590F8303104460C2B44D0D0F8E030D6
:102FE00080F82A10DBB3D0F8F020D2B990F839314C
:102FF0008B421CD300222046FFF7BEFF48BB1B4B71
:103000001B7813F0FD0F23D1204601F08DFF1849E6
:103010000123184AD1F8FC1004F1F80004F002F979
:1030200016E0B0F94220B3F912309A42E2DD0022F4
:10303000204694F83911FFF79FFF50B9C4F8E0001B
:10304000204606F044FD4FF6FF739842014601D139
:10305000002010BD2046BDE81040FEF7A5BFFF23AD
:1030600080F82B30F4E70220F3E700BFC47A002099
:10307000004F00B0A43F00B0F0B51D46144B04460D
:103080001B780F46164685B05BB1D0F8E030E3B14F
:1030900002AAB3F9123000920022D3F799F805B0D2
:1030A000F0BD02A906F099FD9DF808103A462046A9
:1030B000D3F790F8014626B92A462046FFF75CFF71
:1030C000EDE72046FFF784FFE9E71846E7E700BF92
:1030D000700B0508F0B504468FB001F06FF9D4F815
:1030E0009C300546012B00D010B128460FB0F0BD32
:1030F0006C49204607F0F0F9D4F8E0600146E58D10
:10310000C4F8E4003EB133682BB15B681BB11A68A8
:10311000032A00F2A48009F0A3F901462046FFF734
:1031200085FA0746084609F0AAF9D4F8E410B389ED
:103130008DF80E70EB1A9BB2D6E9012000FB03223A
:103140005948ADF80C3003680292994207D02046E6
:1031500006F0C2FE80225549554B88671A61554DCD
:10316000534E00F07FFF0128FBD12B6CDB07F8D416
:10317000736CDF01F5D4D4F8E41020460D919DF86E
:103180000E20029908AB03F0D5FC002847D100F0CF
:1031900069FF0128FBD1464A4649536CD801FCD44B
:1031A0000B6CDB07F9D408A901A803F049FE05461A
:1031B000002834D1E28D404B5A6494F8243060F3F7
:1031C000410384F8243001F017FAD4F8E03059694B
:1031D000431E0E68DBB2FD2B049624D84B680128F1
:1031E000059330D10126DF1C06D90133334B5B68D0
:1031F00046D0DA1C41D80593024604A9204601F0C6
:1032000095F9002E7FF471AFD4F85431990529D483
:1032100094F8243043F0020384F8243065E7022553
:1032200028460FB0F0BDF71C13D9244B01361B689C
:1032300018BF0126DA1C1BD804934B68FF2805939E
:10324000D1D00020D8E70246204604A901F06EF94B
:103250004BE74B68FF280593C4D02A46F4E79F6AE2
:103260007F0E64E720464FF4803106F0C8FC3CE74F
:10327000FF284B6813D00593C3E7FF28C1D1E0E7CF
:10328000DE1C06D80246204604A9059301F04EF93B
:10329000BAE7FF28B8D10022204604A9F6E70120AA
:1032A0000593A0E7FC4F00B008750020003F00B078
:1032B000000002B800C002B8008001B8507A0020B7
:1032C00010B50C4619B106F0AEFF00B1043420462B
:1032D00002F012FC024B4042C3F8E00E002010BD89
:1032E000003000B0838E70B593420C4615461CD357
:1032F000836C8B4208BF002409F0B2F84FF49C5352
:103300000B490646CA68C2F30362D340DA0702D506
:103310004B6C9B0304D401222946204601F09CFA01
:10332000304609F0ACF8002070BD2120FCE700BF5A
:10333000000002B82DE9F0410B460646154611B9CA
:103340002120BDE8F081002AFAD0032905D8002207
:1033500001F0ECFB03460028F2D01C889A78B4F503
:10336000804F02F0070180F08680A1F1070C1879E8
:10337000DF88DCF1000343EB0C0305292B7394BFBA
:103380000023C2F30013C2F3801C6B73930985F80A
:1033900010C003F00203C2F3C00C43EA0C03C2F3F3
:1033A0004012E8746B74AA74D6F89430AF82D806D1
:1033B0004DD4063901294AD8B6F81280F76908F1C8
:1033C000FF38083C04EA0804395D2C4B80295B6D0A
:1033D00008BF6FF07F014FF000031CBF323949B2C4
:1033E000A973AB6096F82700013404EA080460BBB7
:1033F0003B5D5B0103F47E63FF2B9CBFDB43D8B2D4
:10340000D6F8EC3003B19847631CE87303EA08036D
:10341000F95C013303EA0803FA5C013303EA0803A9
:1034200041EA0221FA5C013303EA0803F85C41EA4D
:103430000241002341EA00616A7C304603F062FFEA
:1034400006232860AB7100207BE71846DCE70023E9
:103450000020EB730A4BDA69C2F30723120448BF5A
:1034600063F0FF035AB212F1800F1CBF323B5AB215
:10347000AA730346E5E7022063E700BF004000B8F7
:1034800000C000B870B506460C468D88FFF7B2FC48
:1034900096F82720617C082A4FEAC5031DD101292F
:1034A00098BF0333E0B1B3F5803F19D84FF2244100
:1034B000420901FB03220009B2FBF0F2236800205D
:1034C0009B1A084A2360D2F8AC2002F01F02A3EB3B
:1034D000C20323600523A37170BD053A012ADFE70B
:1034E0000220F9E7003E00B0F8B507460D46144645
:1034F0008BB1FFF7C5F829463846BE8A00F0AAFF0F
:10350000B44228BF3446A4B222462946044801F0FA
:10351000DDF82046F8BD06F0ACFD0646F0E700BF3A
:103520000C0000BA082310B1024A53647047024AE3
:10353000FBE700BF001002B8002002B82DE9F041FF
:1035400004460E4619B990F824305A064AD44FF66C
:10355000FF73618ED4F8E470994204D0334B1B683A
:103560000BB120469847324D2B68BB4256D0314BA9
:103570001B6833B1002F54D0396801B1B9682046B7
:1035800098474FF00708204601F0CEFC002E3AD0B5
:10359000294B93F90030C3F11C0317B197F926208A
:1035A0009B1A062094F9286024499B1B0A6ADB02B7
:1035B00022F4FF2203F4FF2313430B62D4F8E42028
:1035C0001F4B2A60986701F079FE002501211D4AF2
:1035D0001D4B1170204683F8845006F0A7FE284644
:1035E000BDE8F0814FF6FF71114DD0F8E4702A6804
:1035F00066F38613BA42418680F82430B7D101F0D1
:1036000093FC4FF00108114A4346D2F8FC1004F134
:10361000F800A2F65C7203F005FEB9E74FF001086E
:10362000B1E7394620469847ABE700BF1475002044
:1036300008750020107500205678002000C000B8E2
:10364000006000B858780020003F00B0004F00B084
:10365000054A12681AB190F81E1119B910470846A8
:1036600002F058BD014870470475002000FEFFFFBE
:103670003A4B2DE9F7431C6801F4007900F001038F
:10368000174653EA090206460D4640D04FF000089F
:1036900093B30023002201200021CDE9008803F02C
:1036A000A7FF41462046FFF7D3FF0122414620866F
:1036B000104606F0CAF9D4F8941004F1F80002F0AC
:1036C000B9FD27490868FEF7CDFF4FF0FF330B60C7
:1036D000244B1A68511C06D06FF07E402249C86303
:1036E000A1F58051CA634FF0FF321A6094F824307C
:1036F00043F0040384F82430B9F1000F07D001210E
:10370000204606F07CFA25F4007506430D432B464F
:1037100032462046FFF7B8F8FB070FD51349144A85
:1037200008680021136811600121124A117003B169
:103730009847114B002102205B68984717F00E0F45
:1037400008D04FF409723B21002003B0BDE8F043DC
:10375000FEF71CBD03B0BDE8F08300BFD4720020AB
:103760003C7A0020387A002000E000B81C75002068
:1037700020750020597800202C7A002008B55822A6
:103780000021064806F0CAFF1022FF21044806F077
:10379000C5FF05F059F9002008BD00BFF43E00B098
:1037A000383F00B073B586216F22A0F81411822132
:1037B000C0F80021C0E9411264220C23C0E9432271
:1037C00007224FF0FF35002680F830314FF6FF73A7
:1037D0000446C28700F14C028264204AC385A0F8E7
:1037E000403080F82C3043864263038780F828609D
:1037F000C0F8A450458580F8265004F0DBF8204638
:10380000FFF7BCFF0122164B2046C3F8382294F97B
:103810002810FFF72DF96023124A41F6FF71D36497
:103820004FF03A42116311670F4A2946D364402290
:103830000E4B20465A64D4F89420FFF795F90E23D6
:103840000022CDE9003340F202231046194603F06E
:10385000CFFE01F005FB304602B070BD4000FFFF17
:10386000005001B8004000B8005000B8002002B875
:1038700010B50C46FFF782FFCCB1A378082B18D8FF
:10388000E278082A15D843EA021313F0FF030CBFAD
:1038900019466168084AC2F8F410217882F8481184
:1038A000617882F84B3182F8491105F0CDF800209B
:1038B00010BD2120FCE700BF003E00B0012A10B57A
:1038C00012D8032B10D803EB82020123074C93403C
:1038D00094F84A01DBB221B10343002084F84A3155
:1038E00010BD20EA0303F8E72120F9E7003E00B00D
:1038F000044BD3F8F03E13F0806F14BF2320002058
:10390000704700BF003000B00246F8B5B0F834414F
:1039100000F1F805FFF7ECFF0B688E68013304BF78
:10392000D2F800310B604B68013304BFD2F80C3180
:103930004B60771C3BD1D2F80831CF688B607E1C7E
:103940003CD1D2F804610F69CE60013704BFD2F8D0
:10395000F8700F614F69013704BFD2F8FC704F61F6
:103960008F69013704BFD2F810718F618F6967BB0F
:10397000C0F1640408688C6110B16F2838BF6F20F3
:10398000C2F808314B68C2E94006C2E943340B690A
:103990002846C2F8F8304B690F49C2F8FC30D1F81C
:1039A000FC1007230D4A03F03DFC0020F8BD04F194
:1039B0006F031B1AB34238BF3346BEE704F18606D5
:1039C000361ABE4238BF3E46BDE76F34241ABC42A9
:1039D00038BF3C46CEE700BF004F00B0A43F00B068
:1039E00038B5054C054B417800782568236002F016
:1039F0003BFD00B1256038BD247500202435050845
:103A00000A4B10B51B68044673B1094B48B101213C
:103A1000084A1A60022003F081FA0020064B1C704D
:103A200010BD01461860F5E70220F9E72475002073
:103A3000287500201C3505085A780020014B18789D
:103A4000704700BF5A78002038B508F009FD4FF6DE
:103A5000FF710A4A13888B4203D108F010FD0E2033
:103A600038BD074C074D1B046567A4F58054636798
:103A7000118008F004FD0020F2E700BFC27A0020A8
:103A8000006001B80000FFFF2DE9F74304460F4630
:103A900015461E46FEF7B4FF38B3A38A2BB3204663
:103AA00006F009F978B97A4BD3F8F02E1EB10E2042
:103AB00003B0BDE8F08302F03003102BF7D002F022
:103AC000C002402AF3D0DFF8F88103F011FAD8F8E9
:103AD0001430D907EBD508F0C3FC0646032001F0EB
:103AE000ADFE20B1304608F0CAFC0220E0E7D8F86D
:103AF000142012F00608F5D1304608F0C0FC644BE3
:103B00004FF400612046D3F8F09ED3F8C86E04F05D
:103B100055FF40B14FF4007201215E4B08465A64D4
:103B2000424605F092FF94F825309A0707D5D4F85D
:103B300094305B0542BF4FF40022574B5A6439461C
:103B40002046FEF731FA524BC3F8F09EC3F8C86E18
:103B50000028ADD194F82430980601D4002D58D017
:103B6000C5F3400004F074F8022315F4807F1FBFF2
:103B7000494A002153644FF03A420BBF454A9161D4
:103B80005364536304F09EF84FF4806315F0040F00
:103B900014BF424A424A15F0400F13654FF0040229
:103BA0003C4B28465A644FF0400314BF3D4A3E4AFE
:103BB000C2F8B830FEF742FE204606F046FA38B1A9
:103BC0004FF4807315F0010F14BF334A314A536428
:103BD000A90647D54FF6FF72B4F8403093420FD094
:103BE000324A3349526F100CC2F301120132B3FB57
:103BF000F2F30880294A2A492E481B044867536774
:103C0000003D18BF012594F8243065F3451384F86E
:103C10002430204606F007FBF0B1204606F015FAE6
:103C2000D0B14FF40031204604F0C8FE431C0322FB
:103C30009BB2214801A906F0E6FB9DF8042002F0A2
:103C40000703052B9DF8053015D112070DD443F459
:103C500080731A4AC2F8D030002003B0BDE8F043A8
:103C600006F0DEBBFFF7F0FECAE713F0040F09D140
:103C70009DF80630EBE703F03002202A05D113F05F
:103C8000010FF4E74FF48073E3E79DF80630E0E7B7
:103C9000003000B0002002B8001002B8005001B897
:103CA000006001B800D000B800E000B8004001B8E2
:103CB000C27A00200000FFFF0C0000BA003E00B0F6
:103CC00000C001B82DE9F3410646884615461F4657
:103CD00008F0C6FB0446032001F0B0FD38B12046D1
:103CE00008F0CDFB0E24204602B0BDE8F081042090
:103CF00001F0A4FD0028F2D1204608F0C0FB01230A
:103D00002A4641463046FFF7BFFE04460028EAD166
:103D1000DFF8C8805FB388F8000039463046FEF708
:103D2000CBFC00284CD198F80030012B1CD020226D
:103D3000244B5A64244B9B6FB3F5817F1FD2012023
:103D400006F083FB08F08CFB204B06461B680193B2
:103D5000CBB901F0CFFD15F0800526D101F00EFEA4
:103D6000284603F065FE25E003F078FEBBE798F8EF
:103D70000030012BF8D0002BD9D12124B3E78022C9
:103D8000134B1A61DBE7042001F062FC00230122DF
:103D9000042001A901F07AFC0028DAD103F0AAFF7F
:103DA0002124304608F06BFB9DE70022094B9A67FF
:103DB00001F0E4FD084B01215B6800209847F0E723
:103DC000044690E7001002B8003F00B00C750020D8
:103DD000000002B800C001B82C7A002055780020FD
:103DE0002DE9F743DDF828800746894616461D462B
:103DF00008F036FB0446032001F020FD38B12046D0
:103E000008F03DFB0E24204603B0BDE8F083524B82
:103E100020465B6913F0060FF2D108F030FB012356
:103E2000324649463846FFF72FFE04460028EAD1BD
:103E3000002D7ED0B8F1000F7BD0DFF83891D9F893
:103E40000030002B46DB04224FF43451D9F8000037
:103E5000D2F7F4F8D0220021D9F80000D2F7F3F815
:103E60004FF480723C4B414638469A65FEF724FC7D
:103E700004460028C7D1394B1B78012B59D020228A
:103E8000374B01205A64374B9B6FB3F5817F22BFBC
:103E90008022354B1A6106F0D8FA08F0E1FA334A6D
:103EA0008046136813B329682C790B44136001937F
:103EB000E3B1042001F0CCFB00232246042001A939
:103EC00001F0E4FB90B903F015FF2124404608F00F
:103ED000D6FA98E701213B20D1F708FA2046D2F71D
:103EE0003BF80028C9F80000ADDA8BE701F002FDCD
:103EF00016F080001FD00022174B9A676879431E86
:103F000058425841FFF70EFB2A792B68012AD7F84F
:103F1000081101D18B4211D35B1A019303200823AE
:103F200001A901F0B3FB58B903F0E4FE404608F0E4
:103F3000A6FA212467E703F07BFDDFE70023ECE727
:103F40000B4D2B68984721280446BFD10121002042
:103F50006B6898470024B9E700C001B85578002085
:103F6000001002B8003F00B0000002B80C7500203D
:103F70002C7A0020347A002008B50B4BD3F84C1172
:103F80004B1C10D011F080410DD1084B1B6813B1B0
:103F90000320FEF7B1FC4FF08062054B1A65012249
:103FA0005A6102229A6208BD0080E00FD47200209C
:103FB000001002B84FF40022034B586C03F5005375
:103FC0005A64C0F3C0407047000002B8024B586901
:103FD00000F00100704700BF00C001B830B56FF0BD
:103FE0004044114D2040C5F85042104CC4F85002D6
:103FF0004FF0FF30C5F85402C4F8541238210A407B
:10400000C5F86412C4F8642209490A4A0020C2F8BB
:10401000C810A2F58052C2F8C8300423C5F8643233
:104020000223C4F8643230BD006001B8005001B80A
:104030000000FFFF00E000B890F92430002B0CDAFC
:104040004FF08053064A29B19360A2F58052D360A5
:1040500000207047D3609360FAE70E20704700BFDE
:10406000006001B80F4BDB68C3F30363013B0B2B0C
:104070000FD8DFE803F006060C06060606080A0855
:10408000080802207047042070470520704703206D
:104090007047054B5B6913F0060F0CBF012004202D
:1040A000704700BF000002B800C001B8094AD368D9
:1040B000C3F303630B2B08D06FF49050184100F04A
:1040C000010080F0010040007047506C10F4803017
:1040D000EDD17047000002B80C490D4ACB68C3F31C
:1040E0000363062B07D8042BD8B20BD8C31E584243
:1040F000584140007047072B06D1D1F868011040A5
:10410000ECD170470220704700207047000002B8D1
:104110005FFFF9FF094BDB68C3F303639A1E012AB3
:104120008CBF00220122012B02701EBF4FF40262DD
:1041300022FA03F303F001030B707047000002B88A
:10414000094AD368C3F30363032B01D0072B08D1BB
:10415000936CDB0605D4D06C80F00800C0F3C0007F
:1041600070470020704700BF000002B8024B0022D9
:10417000196806F040B800BFCC33050810B5FF221F
:104180004FF6FF71044606F051F868B9FF224FF66A
:10419000FF71204606F05BF830B92046BDE81040BC
:1041A000FF22024906F065B810BD00BF3C35050886
:1041B00010B55B0743EA02439DF8082043EAC16358
:1041C000520502F0BC621A43064942F4C872044622
:1041D00004F0E0FB002220461146FFF783F80020A0
:1041E00010BD00BF9007E12D37B50C4605460B4BBF
:1041F0001A680B4B19680B4B186801F091FD94F885
:1042000028302846009394F82B3094F8292094F80D
:104210002A10FFF7CDFF03B030BD00BFC0750020EE
:10422000BC750020C475002008B5FFF789FF88B170
:10423000094BDA6912030DD5586C10F4003009D11E
:10424000DB6C13F0100F4FF010030CBF034A044A4D
:10425000D36408BD0220FCE7000002B8001002B8D9
:10426000002002B8034610B500B3124AD169090311
:104270001ED5946CC4F38114032C15D0022C17D1D5
:1042800022460D49B1F8CC0001F10061801A01F518
:1042900036710144184606F04CFA064A0472D26C94
:1042A000120A4272002010BD0822EAE72120FAE734
:1042B0000220F8E7000002B8003E00B038B505461D
:1042C000FFF73EFF98B10B4B5C6C14F400340ED139
:1042D0000220094B094A1B689B6CD0642246AB4202
:1042E00014BF2846002000F0B7FA204638BD02244B
:1042F000FBE700BF000002B8D4720020001002B833
:1043000070B50C4605460A4E0A480022012C08BF2B
:104310003046094B0949FFF761FE631E5C425C4170
:1043200095F82430002064F3C71385F8243070BD5D
:1043300091D1061990D106190000F6289E0C4B5415
:1043400004292DE9F04104460F462ED84E1EF6B240
:10435000032E8BBF0025164BA84613F806809CBF82
:10436000144B9D5D05F05FFF80B94FF000084FF4DE
:1043700060320020104B6D045A6245EAC835A3F53F
:1043800080535D6284F82D70BDE8F0812046FEF711
:10439000A7FA80B28428E8D8022EE8D894F824102E
:1043A0002046C909FFF7ACFFE1E72120ECE700BF99
:1043B000383505083435050800E000B810B590F828
:1043C0002730022B08D11C4BD3F89C1031B9C28D79
:1043D000272A0ED90E2002E0042B01D0002010BDA8
:1043E000154BD3F89C30002BF8D1C28D272AF1D879
:1043F0000121124B12481B68834219D03124114805
:10440000181A434243415B000B48A0F8B6405024C1
:104410006343282404FB01330B491944895CFA31B6
:10442000A0F8BC1009490B449A5C094B1A70D5E7F7
:104430006FF003040123E7E7003E00B05C75002045
:1044400000F04902005A6202343605084435050876
:104450005B78002010B590F82700A0B1304BD3F85E
:10446000A42012F0060F01D004280DD94FF4706279
:104470002C4BDA604FF48072A3F58053DA6000228F
:10448000274BC3F8A02010BD02F0020412F0040272
:1044900002D00B789B0637D4002C39D00B7803F070
:1044A0000F03072B34D14B78022B31D98B7813F0C3
:1044B0003E0F2DD0CC7814F0040F29D014F0010F4A
:1044C0000CBF04230A23A40748BF0633CB5CFBB10F
:1044D000002A14BF02220122042840F6FF7003F0D4
:1044E0001F0108BF4900013940EA01310E4801654A
:1044F0004FF470600B491202C860A1F58051CA6088
:10450000074AC2F8A030BEE7002CC7D18B7823B988
:104510000023054A13650122EAE70222DCE700BF17
:10452000003E00B0006000B8004000B810B5124B6B
:104530000C68C3F87842C3F87C42C8B1D0F8E030C8
:10454000B3B15B69A3B1501EC0B2FD2812D90134CA
:1045500004BF6FF0010008600868FF2A186007D1E7
:104560004A68013202D16FF001024A604A685A601B
:10457000002010BD012AF2E7004001B8F0B585B077
:104580006D460E460F4B074614460FCB85E80F00CD
:104590000D4BD3F848020090D3F84C2201923EB163
:1045A000631EDBB2FD2B0AD93060FF2C00D1726094
:1045B000224629463846FFF7B9FF05B0F0BD012C69
:1045C000F4E700BF243705080080E00FFF2818BF7C
:1045D000C3434FF0180108BF1023064A18BFDB0081
:1045E000C2F8FC1318BF03F00803A2F58052C2F80A
:1045F000FC337047002002B8024BD3F8F807C0F331
:10460000C0407047000002B84FF03A43D3F814217D
:10461000D2031ED54FF480320E49C1F81421A1F502
:104620008051C1F818215A6DD1B2C2F30722C3F8E4
:10463000A410C3F8A4200422C3F8A4200022C3F8C5
:10464000A420C3F8A420C3F8A420C3F8A420C3F86E
:10465000A4207047002000BAF0220B4B01219A647D
:10466000A022A3F580539A644FF03A43826CC3F8BA
:10467000F410FC21C3F8CC10C3F8D0204FF4005242
:10468000C3F8F020704700BF006000B8F8B54FF0E5
:104690003A440D461746064607F0E2FE012304227F
:1046A0006363084BE76026616561C3F814214FF02E
:1046B0000042054BC3F8802107F0E1FE0DB1022353
:1046C0006363F8BD002000BA00E100E02DE9F0418D
:1046D00005460124006800F00700063004FA00F3E4
:1046E000A868EC685E1EA04262D000EA060E6C6804
:1046F00010441E430640A3EB0E000EEB040C824256
:10470000644618D9D31A0EEB030298B1431E052B49
:1047100004D94B1CACEB0303022B59D80B460844BD
:10472000ACEB010E03EB0E0113F8014B83420C704E
:10473000F8D101466C688AB1531E052B01F10103C3
:1047400002D9E01A022812D80A44611E00E001339F
:1047500013F8010C934201F8010FF8D107F080FE25
:104760000223AE60AB62BDE8F04107F088BE0B46A5
:10477000204622F0030E8E4453F804CB734540F8D4
:1047800004CBF9D122F00303D01A920701EB030CFA
:1047900004EB0307E2D0CA5C0128E254DED09CF8A7
:1047A000013002287B70D9D09CF80230BB70D5E76D
:1047B000042A35D90878043AA86148780431A861F8
:1047C00011F8020CA86111F8010CA861A8688CE727
:1047D0000B4620F003070F44ACEB010E1C684EF8AB
:1047E00003400433BB42F9D120F0030310F0030F60
:1047F00001EB030EA0EB03040CEB030728D011F828
:104800000380012C0CF8038022D09EF80130022C8A
:104810007B7018BF9EF80230084418BFBB7088E751
:10482000013A032A12D8DFE802F00F1507020B46FF
:1048300013F8012B1946AA610A4612F8013BAB6135
:10484000114611F8013BAB610B78AB61BDE8F0811B
:1048500008446EE70A46F3E738B50B4615460146AD
:104860004FF03A4468B101221048C4F8F4201A46C7
:10487000FFF72CFF25B14FF03A430422C3F8F42090
:1048800038BD73B1D4F8D8209A4284BF0122C4F84D
:10489000F4204FF03A42C2F8D4300223C2F8F43088
:1048A000E8E70123C4F8F430E4E700BFCC0000BA25
:1048B00038B5044607F0D4FD4FF03A420121638F2A
:1048C000054651674BB3B3FA83F3C3F11903DBB267
:1048D000A069C2F8B410C2F88C300723C2F8900067
:1048E000C2F8B0304FF4A02302F50052C2F81431E0
:1048F000A2F58052C2F8183100220C4B1A600C4B02
:104900005B6C5B0209D54FF480020A4B04F1F8009E
:104910005A64D4F8941001F08DFC4FF4E02328463B
:10492000E363BDE8384007F0AABD00BF387500203A
:10493000000002B8002002B82DE9F84305460C46F5
:10494000B1B1D0F81880478F07F08AFDB5F83CC0A8
:10495000791E01EA0C0323F00702032C0646DFF858
:10496000F8E042445FD1DEF8004024B907F087FD4B
:104970000E20BDE8F88324F00104DEF8000020F0EA
:104980000100A04254D10023CEF800302388944285
:104990006FEA43436FEA534323803FD1EB8F08EB29
:1049A00007091846083880B202F108044C4528BFB0
:1049B0004446082804D9B4F800E0BEF5804F41D23F
:1049C00063440F431B1A3B409BB2AB87E887947844
:1049D00011884FF03A42C1F30C019165C2F898304A
:1049E000C2F8B0004FF48022174B04F00704C3F85C
:1049F00014214FF00042154BC3F88021FFF704FE4D
:104A0000042C0BD14FF48002114B05F1F8005B6CC4
:104A1000104B5A64D5F8941001F00CFC304607F0A6
:104A20002EFD0020A5E7601E012898BF1446A4E7CC
:104A3000E88F4344E31A48BFDB1908389842A5DCE5
:104A4000304693E72246ADE7002000BA00E100E0DF
:104A5000000002B8002002B838750020154B10B5D0
:104A60001968CA8F8B8F488F13440138073B8C69B4
:104A7000034023F007031C4402F108034FF03A42BD
:104A80009BB2CB87C2F8B0304FF480220A4BC3F8F8
:104A900014214FF00042094BC3F88021A07800F0A8
:104AA0000700042803D1064AD3681B03FCD4054B36
:104AB0001C6010BDD4720020002000BA00E100E0AC
:104AC000000002B83875002010B5064C216839B1D5
:104AD000CB0703D4044B1868FFF72EFF0023236095
:104AE00010BD00BF38750020D47200204FF4803212
:104AF0000C4B0D49C3F818214FF03A43C1F814216B
:104B0000D3F8AC10D3F88C20012302F00702063250
:104B10009340C1F30C01083B994201D8FFF774BDE3
:104B2000704700BF002000BA001000BA2DE9F0471E
:104B300080460C4616468769458F07F091FCB8F809
:104B40003C2005F1FF3C02EA0C0323F00701032C93
:104B500082463944B8F83E0019D14A4C24689CB9C1
:104B60000244073A02EA0C0222F00702BC183B4456
:104B7000E31A48BF5B19834210DB504607F07FFC05
:104B800000242046BDE8F08724F00104EFE7012C63
:104B900002D0022CEBD108380C46E8E7002E3FD0BB
:104BA0008C4241D14FF03A42D2F858904FF03A41FE
:104BB000D1F8AC20B8F81270C2F30C02934247DA75
:104BC0002588B5F5804FD8D2A378C5F30C0503F03E
:104BD00007037A1EA5EB09053A43052B337005EA56
:104BE00002052DD82DB2E84340F241420421C00F06
:104BF000FDF7CCFA7580E3783374D8F81C207B1E5F
:104C000003EA0903D118B160A9B213FA85F5AF42DE
:104C10002FBF0023FF1AB780F26024BFB180F3607A
:104C2000504607F02CFCACE7A4F10802974284BF81
:104C3000ED0802EBC502B2F80090C9F30C09B5E724
:104C4000114B5B6D003B18BF0123A5EBC305C9E702
:104C50004B6D7A1EA3EB09033A431A400B4915B278
:104C6000002DCB680BDCC3F30363D81E43424341E2
:104C7000DB003370CB6C72801B0A3374BDE70823F2
:104C8000F7E700BF38750020004000B8000002B808
:104C9000134B70B51E684FF03A43748ADD6D621E87
:104CA0005B6DADB292B242EA04015B1B0B40191E70
:104CB00018BF0121C90001700A492A40C96C43800C
:104CC000090A0174F169D618A64201EB0205D2BFA8
:104CD0000021A31A9BB285608380C160002070BD53
:104CE000D4720020000002B8054BA822D3F84C0172
:104CF0003121431C0CBF0120C0F38070FDF746BA80
:104D00000080E00F10B50F4B1C78ACB90E4BD3F8F8
:104D1000F8375B0309D490B10F23441EB4FBF3F4BE
:104D200010300444E4B2204610BD40F61D023F217D
:104D30002046FDF72BFAF6E70001C4B2F3E7102492
:104D4000F1E700BFC47A0020000002B838B5294D51
:104D50000446297819B92022274805F0DFFC23787A
:104D6000264A6188137051804FF2F0022449C1F83D
:104D7000C821244A4BBBA1F50051D1F8F81711F412
:104D8000002F4FF0FF011CBF1F48C0F8DC3011702E
:104D90004FF040731A4AC2F834311C4BD3F8F8373D
:104DA00013F480230BD14FF47F01C2F8301118495E
:104DB000C1F8303148F2C801164BC3F8F41007238C
:104DC000C2F8FC330122124B0DE000240E48022BE6
:104DD000C0F8DC404FF0FF001070D9D10723042247
:104DE000C1F8FC330A4BC3F8FC23012300202B70CD
:104DF00038BD00BF5C780020E03F00B0C47A0020DE
:104E0000002002B82C7B0020004001B8000002B84E
:104E1000001002B8003F00B0034B1A6802609B8884
:104E200083800020704700BFC47A002010B504467C
:104E300001F02CF8094BD3F8F80734B900F44020FE
:104E4000B0F5402018BF012010BD022C0ABF80F42D
:104E500000300020C0F34040F6E700BF000002B879
:104E60002049D1F8FC37FF2B31D01F48C3F3031280
:104E70000270D1F8F81703F00F0309035BBFC2EB10
:104E800002120F3B02F1FF32D2184ABF03EB0213AA
:104E9000D3B2DBB2154A164913700978154B1A685C
:104EA000E9B1B2F1A06F1AD3D3F85012124A134BE2
:104EB000B1F1FF3F18BF1346114A136041F66A0271
:104EC000104B1B68B3FBF2F30F4A13607047D1F825
:104ED000F83713F4002F0CBFB4235A23DAE7074B3B
:104EE000EAE700BF000002B82D7B00205E780020BA
:104EF0002B7B00200080E00F5082E00F3437050844
:104F00003C7500205C7500204075002020B102280F
:104F100004D1034B18787047024BFBE70020704721
:104F20002D7B00205E7800202DE9F74FD0F8A440BB
:104F30004C22022C38BF02247B49013CCB6CD1F8B7
:104F4000DC507A49C3F38213DA400B680646A34269
:104F500090F83071764BDFF800A2DFF80092DFF8AE
:104F6000008202F0010216D11878904213D19AF80B
:104F70000000B8420FD1D6F8A80060B1A8420AD10B
:104F800096F82B5099F80000854204D1B8F8040037
:104F900003B0BDE8F08F98F800001A700C60FFF7BE
:104FA000B5FF0346002A00F0918004234FF07F41B3
:104FB000604AC2F8BC30604BC3F8BC1096F82B3086
:104FC0001B06C2F8BC30002040F271225B4B192155
:104FD0001B68B3FBF2F36343182BB3FBF1F14FEA09
:104FE000004400F29380002C00F09B80B4FA84F21D
:104FF000C2F12002C2F10F03012B38BF0123D440BC
:10500000A14201D2013B6408421C03F01F0152007F
:105010008A40121BDFF838B19208CBF8B0201A0290
:1050200042EA03121343019300EB002300EB032534
:10503000434B40F6970218682B21003818BF012017
:10504000FDF7A4F8FA223E4B02FB04F01B6840F681
:10505000FF72B0FBF3F00A2358433A4B00F57A7421
:10506000C3F8D820019AA3F58053C3F8D820364A54
:10507000A3F58053C3F8DC50D2F8F827520308D4C4
:10508000D3F8DC3003F47F02C3F303531343CBF8AC
:10509000FC30C6F8A8502D4D00F6B8302C6002F058
:1050A0003BF84FF47A722A4BC3F8A400C3F8F80017
:1050B0002B68B4FBF2F0B3FBF2F3A8F8043096F8D7
:1050C0002B308AF8007089F8003061E796F82B00E1
:1050D000984228BF1846C0B22FB1022F7FF473AF99
:1050E000FFF710FE70E7184BD3F8F8371903F7D421
:1050F00050B10F230138B0FBF3F00130154B1B68A2
:10510000034413F8010C5FE70120F7E7B1FA81F2DD
:105110003CB1B4FA84F3D21A002A3FF76BAF0F23E5
:105120006EE70F2370E700BF004001B8487A002007
:105130005D780020001002B8002002B85C750020E5
:1051400040750020006001B8000002B844750020DE
:10515000003F00B03C7500202A7B0020297B002006
:10516000C47A002038B5254B05461A78244C0C2A01
:1051700002D1FF20207038BD104605F057F90146D6
:105180001046FFF7C3FEA84228BF2846C0B2884297
:1051900038BF08462378C0B28342ECD020703ABBB7
:1051A000184BD3F8F83713F4002321D14FF2F00154
:1051B000154AC2F8C811C8B10F230138C0B2B0FBFC
:1051C000F3F3591CC3EB0313C01A431C0D4A1B0114
:1051D000D2F8C80143EA01330343C2F8C831D2F818
:1051E000C8210A4BC3F8FC202078C4E70121EDE771
:1051F000074B1868FFF798FEF6E700BFC47A002057
:105200002C7B0020000002B8002002B8003F00B054
:10521000D4720020014B1870704700BF2B7B002018
:1052200010B50446FCF796FC78B1154B1B786BB9AA
:1052300064B1144B1B784BB1134B1B78013B012B12
:1052400004D84FF40042114B1A6510BD104B1B6D72
:105250001B04FAD407F004F9044602F033FD4FF4BE
:1052600000420C4B2046BDE810401A6502220A4B52
:10527000C3F8D4240422054B5A6407F000B900BFD8
:105280005F7800206078002048750020002002B878
:10529000000002B8001002B800D003500122024BF7
:1052A00000201A70FFF7BCBF5F7800200022024B7D
:1052B00001201A70FFF7B4BF5F780020054BD3F8C8
:1052C000843013F0030F4FF4802314BF024A034AC3
:1052D00093647047004000B8005000B8006000B808
:1052E000F7B50646534C00F0D1FD01213A20CFF727
:1052F000FDFF514B2578514F1E7085BB2846FFF7A7
:105300008FFF2378013B012B19D8E37B01A88DF88F
:105310000430237C8DF80530CEF782FAC7F8D454D8
:105320004FF6FF72464BC3F88420F822A3F5805352
:10533000C3F884200022414BC3F8D4240DE04FF67B
:10534000FF723F4BC7F8D454C3F88420F822A3F56A
:105350008053C3F88420C7F8D4543A4B5BE0002054
:10536000FFF75EFF2378013B012B08D8E37B01A800
:105370008DF80430237C8DF80530CEF751FA0023E8
:10538000C7F8D434002ECBD062685AB32E4B1B68BA
:1053900003EB5203B3FBF2F3013B1B0243F0F803B0
:1053A00026782749022E294A1ED0032E4FF6FF7574
:1053B000224826D0012E36D143F00203C1F8845092
:1053C000C2F884300723C0F8D434E37B01A88DF8F9
:1053D0000430237C8DF80530CEF7F8F90120FFF773
:1053E0001FFF17E0F823DBE74FF6FF7043F00103E0
:1053F000C1F88400C2F884300622104BC3F8D424CC
:10540000E3E743F00503C1F88450C2F88430042375
:10541000C0F8D4340E4B4FF080421A650020FFF7DD
:105420004DFF03B0F0BDC1F88450C2F884300023B2
:10543000EEE700BF487500206078002000C00350F0
:10544000006000B8002002B85C750020005000B871
:10545000001002B8F0B52B4F06463D4604460FCE6D
:105460000FC5336885B02B6000F010FD01213A2094
:10547000CFF73CFF0022244BC3F8D424A17A627AF0
:1054800042EA0142C3F8E024217CE27B42EA014285
:10549000C3F8DC24217B627B41EA0240C3F8D804D4
:1054A0003B78032B2AD8DFE803F022020C178DF893
:1054B000041004218DF805200DEB01000022CEF729
:1054C000F1F8E37B00228DF80830237C042102A848
:1054D0008DF80930CEF7E6F8637A01228DF80C30AA
:1054E000A37A042103A88DF80D30CEF7DBF8074B23
:1054F000187805B0BDE8F040FFF7F2BE212005B0F6
:10550000F0BD00BF4875002000C003506078002047
:10551000034B1B6D002BBCBF024BC3F888007047C8
:10552000000002B8004000B82DE9F04700F008FD87
:105530004FF47A762D4BB0FBF6F618604FF4FA7301
:10554000734307462A48190E1B021818294A4FF0C0
:10555000000341F1000103F0B1FA274BA0F580727E
:1055600005461A6320B948222B21FCF70FFE0125BE
:105570004FF47A724FF0000A6A43534650083102E2
:1055800003F09CFA1C4B1D4AB7F57A7F9A601C4BBE
:105590004FEA056819601B4B8946044618604FEABC
:1055A000152505D29B222B215046FCF7EFFD012645
:1055B0004FF47A73A8FB030103FB05117308C018AD
:1055C00041F100010023324603F078FA0E4B023419
:1055D00019600E4B49F10009A408186044EA897467
:1055E000054B013C9C63BDE8F08700BF5C75002063
:1055F00020A1070040420F0000C001B802110100C5
:105600006C750020687500206475002060750020AE
:105610000822044BC3F884215A600122024BDA604D
:10562000704700BF00E100E000C001B810B50446BB
:10563000A242A2EB0000A3EB010104D2034B01390B
:105640009B6B0133184401F0030110BD00C001B889
:1056500038B501250A4B02019D504FF48073044672
:10566000084A8340536606F0FBFE074AA5401378BC
:1056700023EA05031370BDE8384006F000BF00BF01
:1056800000E101B800E001B8697800202DE9F84F89
:10569000164605468A461F4606F0E2FE022E00F038
:1056A0009180804606F0E0FE5A4B5B4AD3F820908A
:1056B00092F86D405A6EE4B2520744BFD3F820907E
:1056C000013404F0030406F0D5FE4846214600F0FC
:1056D00001FA8446DAF80000012E04BF013060446C
:1056E000ACEB000C08BFCAF80000BCF1804F7DD3C2
:1056F00000F002FA8145A1EB040188BF454BDFF8B9
:1057000038C188BF01F1FF3101F0030188BF9B6BF5
:10571000A0EB090E0CF80510A1B1F90742BF41F644
:105720001F723E4B5A67BA0742BF3C4B3C4A5A670E
:105730007B0742BF0022374B9A673C0742BF0022DB
:10574000344B9A6511244FF0010A324B05F11002D7
:10575000120103EB051BCBF80C0132499C501A6A6D
:105760000AFA05F4586E0B78A2EB0902E4B223435F
:1057700072450B7025D34FF48073AB40034220D1A8
:105780001CF80520002A40D10EB3274AF8075366BB
:1057900007D541F61F7140F20110204B5967506741
:1057A0005967B90706D51D4B1D4A1F491F485A673F
:1057B00048675A677A0742BF01221D4B1A613B07AF
:1057C0001AD4404606F05BFE0120BDE8F88F194A66
:1057D0002D0142F805A042F89C3C06F041FE11491B
:1057E0000B7823EA04030B7006F049FE404606F0EE
:1057F00046FE0020BDE8F88F2120FFF789FE4FF418
:105800008032044B4046DA60DCE7074A4046536684
:10581000D8E700BF00C001B8003E00B000E001B80A
:1058200000001F1F6978002000D001B800000101AE
:10583000000002B800E101B861780020034B10308D
:105840000001185800F00100704700BF00C001B807
:105850002DE9F0419DF818800D46B8F1000F08BF02
:105860000022214EB5F5803FB168074621F4700152
:1058700041F4A001B1609DF820409DF81C104FEA52
:10588000042444EA016444EA031444EA084444EA70
:1058900002044FF0180140F2E9222CBF0020012041
:1058A0007465FCF773FC3564B8F1000F1AD00F4B28
:1058B000BC68D3F8B8306F2C38BF6F245B0606D5B0
:1058C00000F01AFC18B10A4BB3FBF0F31C4420465D
:1058D00000F012F90130854238BF0022024B34BF7C
:1058E0005A645864BDE8F08100C001B800C000B837
:1058F00000093D0038B51A4B5D6C2DBB10242020EB
:10590000FFF706FE174B9C6002F0BAFF164BC3F878
:10591000844102F037F848B12A4600200821FDF7FB
:10592000A7FE124B5C66A3F580531C67104AD36830
:1059300003F07063B3F1807FF9D9094B0D4A5A67C0
:1059400041F201429A6738BD02F01CF80028F4D0F9
:10595000094B064A5366A2F580521367EDE700BF74
:1059600000C001B8001002B800E100E000E001B89A
:10597000000002B8011B01181000002008B521200A
:10598000FFF7C6FD4FF48032014BDA6008BD00BF5F
:1059900000C001B8F8B5174D0446EB6BDB0124D508
:1059A00000F01EFCA0FB0446E86B070A050C10F093
:1059B000FF0005D140F25A422B21FCF7E7FB012002
:1059C000EDB2AD01B5FBF0F0FBB210EB831005D1E9
:1059D00040F25F422B21FCF7D9FB01200246002355
:1059E0002046314603F06AF8F8BD00F085FBA0FBC5
:1059F0000401F9E700C000B80246012030B50B4CA5
:105A0000A0F12003C0F1200524FA05F504FA03F300
:105A10002B4304FA00F595428B4100D330BD0F288B
:105A200001D00130ECE7FF20F8E700BF40420F0053
:105A300010B50C46FFF7AEFFC30943EA4163C01A35
:105A400061EBD111FFF7D8FFFF2814D00F220C4BC8
:105A500040F01000C3F8B820A3F58053C3F8B80095
:105A6000A3F580535B6ADBB2802B06D02046BDE8ED
:105A7000104000F0A1BB212010BD0220FCE700BFB8
:105A800000E000B838B506F0EFFC084B084A1D6A84
:105A900092F86D405A6EE4B2520744BF1D6A013459
:105AA00006F0E8FC284604F0030138BD00C001B848
:105AB000003E00B00346064A103302EB00111B0102
:105AC000D1F80C01D158C1F3400104F0C9BC00BFAA
:105AD00000C001B8064B1B68434303EB8171054BC3
:105AE0001B68A3FB003013F1004341EB000070473B
:105AF00064750020607500200C4A20F04043014688
:105B000010B5002014684FF00042E4FB0320084A5F
:105B1000890F126802FB0300064B9B6B984204D965
:105B200001330131C01A01F0030110BD6875002076
:105B30006C75002000C001B8044B01F0F07110300A
:105B400041F0030100011950704700BF00C001B8C7
:105B500008B52220FFF7DCFC4FF48022014BDA600D
:105B600008BD00BF00C001B840B1836833B1064929
:105B7000C268096803F13043032A00D8704743F82C
:105B8000041B043AF8E700BFA075002070B5164664
:105B9000054600B3F9B1F2B14268104B0068033218
:105BA0001B68920800F130409847044688B9EA68BB
:105BB000A86803323146920800F1304004F070FCCE
:105BC000044630B9D5E90402214600F1304004F022
:105BD000A5FD204670BD2124FBE700BF4C7A0020C4
:105BE00070B50C68651C15D0C4F302669E42C4F300
:105BF000074530D1A4B294422DD804EB8506B242B9
:105C000029D2141BA50824F003040E59340F04D024
:105C1000012C08D00022212402E06B1C51F8232023
:105C2000C0E9002470BD0E4C34F8133042EA03433F
:105C30001A686B1C51F8234001EB83014B6822402A
:105C40005E4036F0704404D11B0F032B04BF8B68F9
:105C50001A430024E4E7013501EB8501C1E700BFE9
:105C60004837050807B501A8D0F7F9F9254B2649AB
:105C7000D3F86022D2B2FF2A1DBFD1F878011302F7
:105C800043EA0213D1F878311CBF20F47F6213433A
:105C9000C1F8F8331C4BD3F8F837190354BF092067
:105CA0000C20CFF7CBFDC822184B42F201015A65F8
:105CB0004FF4C02203F51043C3F868214FF480323B
:105CC000C3F86C21124AC2F8701202F52042D2F8D1
:105CD000F827120308D44FF470610E4AC2F8A010DE
:105CE0004FF42062C3F8A02001220B4BC3F800241C
:105CF00003F53043D3F86821084B1A6003B05DF810
:105D000004FB00BF0080E00F000002B8008001B873
:105D1000006001B8002002B8005001B834750020BE
:105D2000836810B4074C03F1304324681B689C421D
:105D300003D15DF8044BFFF729BF00205DF8044B49
:105D4000704700BFA0750020134B1B78002B20D09C
:105D5000124B134A00201A60124B134A1A60134B5D
:105D6000134A1A60134B1A68134B1A60134B144AE8
:105D70001A60144B144A1A60144B154A1A60154BDA
:105D8000154A1A60154B164A1A60164B164A1A60C5
:105D900070470220704700BF6A780020AC75002071
:105DA0003C400508A4750020A4370508A87500200C
:105DB000C4370508607A0020A0750020C475002053
:105DC0008C370508BC750020443B0508C0750020D1
:105DD000C0370508B875002074370508B075002075
:105DE000C8370508B4750020BC370508002201211A
:105DF00038B51E4B5A649A64DA641D4A5161022117
:105E00009162DA68C2F303620D2A01D0002AF8D148
:105E100011220124174DDA634FF0FF302C70D0F7B8
:105E2000D7FA00232B70144D4FF4E86228685421F0
:105E3000C01A18BF0120FCF7A9F9104B28681A688E
:105E40000F4B1968FFF7A2FE01F078FA0D4B1868A6
:105E5000FFF78AFE0C4B1868FFF786FE4FF0806252
:105E6000034B5A6103F580535C6138BD000002B8F2
:105E7000001002B86A780020A4750020A8750020E0
:105E8000AC750020C4750020B875002001230D4AB0
:105E90000D49C2F8803291660C4A53600C4A536037
:105EA0000C4A5360A2F580425360A2F54042536011
:105EB00002F5C032536002F580425360A2F5004201
:105EC0005360704700900050FF0B001600D000B8E0
:105ED000001000BA005001B838B50324FFF7D6FF10
:105EE000114A124B124D1A65FFF7BCFE114BC3F855
:105EF000104101232B6500F0FBFF4FF460736B61D1
:105F00004FF400732B65FEF777FB0021FEF75EFB75
:105F10004022094B1C64A3F580535C64074BC3F813
:105F200084215A6038BD00BF0048F000000002B86C
:105F3000001002B8005001B800A0095000E100E0D4
:105F400008B504F0C1FF044B1B6FC3F300430133DA
:105F5000B0FBF3F008BD00BF0080005070B50446F0
:105F600098B1B1B13A4A52F8043B834213D10023AD
:105F7000384A116CC907FCD4374800EB830004F0A1
:105F800098FA364B106001221A6470BD01330C2B55
:105F900002D1334D2CE0012352F8041BA142F5D16C
:105FA000304A32F81330E3E7C2F3016335F81300E7
:105FB000110C93B211F0FE0F43EA0043606820D049
:105FC0000434CAB2022A216808D9D4E90160033A2C
:105FD000C3E9001698600C340C33F3E704D162680F
:105FE000C3E90012083403E0012A01D10434196026
:105FF0002268531CD8D10022164B1A6003F5805337
:10600000C1E7120F072AEDD8DFE802F00704090DF7
:106010001013181DC04303F500531860E2E71A6817
:1060200042401A60DEE703F58053F6E704F00DFA0C
:10603000D8E7012203F580538240F2E7012203F5FD
:1060400000538240EDE71A6830EA0202FBD1C9E74B
:106050007075002000C002B8404000B000D002B807
:1060600048370508387700200122014B1A65704730
:10607000001002B80122014B1A657047002002B8D7
:106080004022014B1A657047002002B84022014BA4
:106090001A657047001002B80B4B1B68D3F8E43048
:1060A00023B11A68022A01D9186A7047074B9A6E01
:1060B00090B238B1064BC2F307421B68DB0853436A
:1060C000B3FBF0F0704700BFD4720020004001B86D
:1060D0005C750020064BDB68C3F30363984206D16E
:1060E000044A936E23F0F00343EA0111916670476E
:1060F000000002B8003F00B0054B1B68D3F8E43045
:1061000013B11A680A2A01D8FFF7C6BF186C704786
:10611000D47200202DE9F743064604F08FF90024DD
:106120008046DFF8909006F09BF90DF107010546D7
:106130000DF10600FDF7EEFF9DF806308BB9721CDD
:1061400029D004F07BF9A0EB0804284606F097F963
:106150009DF8063013B99DF807303BB3A642E2D84C
:1061600024E0D9F80C3013F4603FE8D0D9F81800D7
:1061700004F0F2F9731C074603D004F05FF9A0EBBA
:106180000804284606F07BF917F5007FE0D0384672
:1061900003B0BDE8F083284606F071F99DF806309B
:1061A000002BC0D19DF80730002BBCD1004FEEE78B
:1061B00000FEFFFF00C000B810F1800F04D04D2892
:1061C000CEBF7F20323040B2FF22044BC0B25A62B1
:1061D000A3F5805358620020704700BF00E000B86C
:1061E0000B4A10B5136F0B4C116F03F00703E35C00
:1061F000C1F3CD0101FB0333126F0748C2F34542DF
:1062000002FB033300688001B0FBF3F010BD00BF58
:10621000004001B8403705085C750020044BD3F8F6
:10622000B03010B1C3F30332027003F00F007047B7
:10623000000002B8064B01F080015B6C03F48003A0
:106240000B4302BF4FF40012024BDA64704700BFE9
:10625000000002B8006001B80F4B1B788BB1012B16
:1062600011D10E4A012102F580528B4291600FD864
:106270000A4A0B49002B08BF0A4693689B07FCD4C7
:106280007047074AEEE700224FF480539A60FFDE22
:1062900000239B68FBE700BF6B780020004003B839
:1062A000000003B838B50B4B0B4C002818BF1C4638
:1062B000A569E3691D4007D0084B1B682BB1284630
:1062C000984704F50054A56138BD6B05F9D5FFF773
:1062D000C3FFF6E7004003B8000003B8C87500200C
:1062E0004FF604014FF60502044B01201B6C9BB2D4
:1062F0008B4208BF1346024A136670470080E00FC6
:1063000000C001B82DE9F74F81460F464FF0FF3529
:10631000FFF7B8FB002601908A462C463046DFF88E
:10632000D8B006F110031B015BF8033003F003083B
:10633000B8F1010F15D13046FFF7BCFB02460B4602
:1063400001985146FFF772F9DBF8643006F1080254
:10635000D340DB0739D5002F40D000252C463E60C6
:1063600040460136082EDCD160B3234A0027D2F81C
:1063700008C0916B0CF440330131A4FB0141641956
:1063800041F10001B3F5003F30D1536B0CF4405C98
:10639000013347F10006BCF5805F22D1156B15F57E
:1063A000807505FB06F647F1000203FB0266A5FBBC
:1063B00003323244594304FB0212A3FB0434144455
:1063C000C9E9003403B0BDE8F08FA84271EB0403C3
:1063D000C6D207B13E6005460C46C1E73D463C4685
:1063E000BEE7320242EA13621B02E3E7136B13F5C6
:1063F000807347F10002DDE700C001B8F8B5062060
:1064000004F03FF8044604F019F842F21073041B3C
:106410009C42054618D94FF080624F240B4B5A64BA
:1064200041F26F770A4E0BE004F008F8401BB842C7
:106430004FF4837221468CBF00200120FBF7A6FE9B
:10644000736C5B01F0D5F8BD1A24E9E7002002B8AF
:10645000000002B8034B1A6E596E03F500530A4050
:106460001A66704700800A50FF28F8B506D1FF2948
:106470004FF0070006D0002967D103E0FF2962D161
:106480000F2862D80026324C324D84F8680084F818
:106490006960686940F25D124B2100F00100FBF772
:1064A00075FE11231022AB662B4B6E66C3F8882154
:1064B0009A6001213B20CEF719FF94F86910274A12
:1064C00094F868300A432649063341F82320254BC7
:1064D0003E201D68CEF724FF6F08ED0702463346C5
:1064E0002846394602F0EAFA090241EA1061C0F38F
:1064F000C05040EA41001C4BA065186B10F580703D
:1065000005D14FF4D6722B21FBF740FE0220024644
:1065100000230020012102F0D1FAE0653E20CEF7F1
:10652000FFFE40F649435843000DFF2828BFFF20D7
:10653000022838BF0220002184F86C00012000F0FE
:10654000EDFC0020F8BD0F2895D92120FAE700BF07
:10655000003E00B000800A5000E100E0020D0C0097
:10656000008003505C75002000C001B870B5FFF7D3
:1065700045FF0021022000F0D1FC03F05FFF04463C
:106580000F4D104ED5F8F4331B070BD505F068FFFF
:10659000BDE8704002220C4BDA6001220B4B1A70EE
:1065A00005F06DBF03F04AFF001BB0424FF40572C7
:1065B0004FF045018CBF00200120FBF7E7FDE1E72C
:1065C000000002B83F420F0000C001B86C78002004
:1065D000214910B50B78002B3DD001221F4C94F8B7
:1065E00069300133DBB202FA03F31D4A53661366C6
:1065F00008221C4BC3F8882100230B7003231A4A7E
:1066000039211364A2F580525364184B40F2C3221F
:10661000586CC0F38060FBF7B9FD4FF48041144A19
:10662000144BC2F89410144A216ED26E914202BFEC
:10663000D3F86C216266D3F86431606E08BFA4F8A9
:106640006E30B4F86E1000F0DDF8BDE810400121A6
:10665000022000F063BC10BD6C780020003E00B04A
:1066600000A00A5000E100E000A00950000002B8BC
:1066700000E001B800C001B800800A5010B504461F
:106680003E20CEF74DFE6043034B00F5F42000F5AD
:106690009070B0FBF3F010BD40420F002DE9F74FB2
:1066A000FFF7ECFF0446FFF7A9FE05F0D9FE002135
:1066B0004B4F054668463970FFF724FE494B80462C
:1066C0009E69494BDB6813F0706F1CD1474B5B69C7
:1066D00013F0060A17D1E0B1454B611D1868A1FB04
:1066E00000B93E20CEF71CFE5346024649465846A6
:1066F00002F0E4F9009B090241EA106100029842AD
:10670000019B994105D3284603B0BDE8F04F05F041
:10671000B6BE0021022000F001FC03F08FFE81468E
:10672000DFF8C4B0DFF8D4A0DBF8F4331B0741D5A1
:10673000B8F1000F4DD0DDE900893E20CEF7F0FD25
:106740004FEA182141EA09614FEA1923A0FB019899
:1067500000FB0388264B1A6812B9FFF7F1FB0246CB
:1067600000234846414602F0A9F90121214B01349A
:1067700093F86930DFF86CC001331F4A361BDFF82D
:1067800080E0DBB201FA03F30644CEF86030CCF8C7
:106790006C605366DCF81820DCF86C60241A921BDD
:1067A000A24216D2CEF864300220CEF8603000F05B
:1067B000B5FBA8E703F042FEA0EB0900504540F20C
:1067C0006A224FF045018CBF00200120FBF7DEFC60
:1067D000AAE70222054BDA6001233B7093E700BF72
:1067E0006C78002000800A50000002B800C001B898
:1067F0005C750020003E00B000900A503F420F0040
:1068000000A00A5001232DE9F74F9A4F044697F84C
:1068100069208A469340984A0E46936697F8682006
:10682000964B0546C3F8D8204FF40032944B4FF0F6
:10683000000B1A610223DFF85482C8F80C30914B28
:106840009B6903F1FF39A3EB0903002B40F3D480CC
:106850000BF1010BBBF1020F57D9F4220D210020DF
:10686000FBF794FC4FF08053874A884F53664FF4F0
:106870000031804BC7F86C51C3E918950025C7F863
:106880006461A3F86E6011617C4AC2F8D85093F835
:10689000692001239340784A936605F0E1FD2A467A
:1068A0002B464FF4807E3E6AD7F864C002F1100197
:1068B0000901795801F00301012910D10EFA02F102
:1068C00011EA0C0F0BD107EB0215B442D5F80C51AD
:1068D00000F2A580AC4202D2AE4280F0A380013229
:1068E000082AE3D16A4D2968012940F29E803BB114
:1068F0006049B1F86A201A43A1F86A20604A5366D9
:1069000003B0BDE8F04F05F0BABD012397F8692048
:106910005C4D9340584A936605F0A2FD4FF08052BB
:10692000594B01905A66AB6903F10109C5F86C90A7
:10693000D8F83010D8F80830DD036DD53A6EBE6D4A
:10694000A9EB0202A2FB0626FB6D01F58071A6FBF6
:1069500003E5A2FB03C313EB0E03A1FB03EC45F11C
:10696000000501FB05CCB2EB0E0266EB0C06120A29
:1069700042EA06625244B2EB112F4FEA112603D3CA
:10698000013345F10005921B043E964228BF16468E
:10699000C8F8186097F86D20D8F82010E318D2B224
:1069A00045F100058C42D8F8381084BF02F1FF325F
:1069B000D2B2481C0ED04FF0000E01F1010C9942EA
:1069C0007EEB050008D20132B3EB0C03D2B265F1C5
:1069D0000005F4E72A44D2B21D4602F0030287F80C
:1069E0006D20C8F82030012397F869200198934062
:1069F000284A936605F043FD224B9B6900BF00BF08
:106A000000BF00BF00BF00BF00BF00BFD8F86420B8
:106A1000D2007FF518AF25E756462546E3E7AC429E
:106A2000BFF45AAF19438BB259E71B4A1478142CA0
:106A300001BF0024194E147034701478013414709E
:106A4000002B3FF45DAF0B4EB6F86A401C43A6F82E
:106A50006A400B4C6366114C23780133DBB2022B86
:106A600023707FF44DAF0023013129601370237030
:106A700046E700BF003E00B000A00A50008003506F
:106A800000D001B800800A5000E001B800C001B891
:106A90000075002000900A506E7800206D7800206C
:106AA0004FF00052014B1A60704700BF00E100E058
:106AB0004FF00052034BC3F88020BFF34F8FBFF35A
:106AC0006F8F704700E100E0F8B50B46002213F825
:106AD000044B944225D91D68854224D106245A7955
:106AE0001D79124B88181E6804FB0503104F33F8FC
:106AF000063C7B43B3420ED900238A5A7A4396421E
:106B000002D804FB0300F8BD9D42FAD9013304FB0F
:106B100003F2825AF2E740F244423D210020FBF7A3
:106B200035FB0020EFE708330132D2E7CC750020B7
:106B300040420F002DE9F04F4FF0000EA2FB016B19
:106B4000DFF8F4C2DFF8F48216EB0C0C1F466BF191
:106B50000003E0457EEB030383B009D240F23E22FE
:106B60000E217046FBF712FB022003B0BDE8F08F48
:106B7000D7F814A00C4615468146BAF1000F04D090
:106B8000DAF80030032B00F29A809E4B9E4A9B6BF2
:106B9000D2F8FCA0C3F314089C4B1B6F5A074EBFDE
:106BA0004FF440039B0503F0E07348EA0308984B59
:106BB000D3F8EC305B0048BF48F0807848EA45687D
:106BC00004F0AEF9012D0246CED10028CCD0914B75
:106BD000984200F0858003F5122303F5F86398428C
:106BE00000F090808C4B984200F0EB8000250190E3
:106BF0002B4600204FF0007101F060FF2B46019AF8
:106C0000013006FB03F300FB0B33A6FB00600344DB
:106C1000C8F31300A0FB0221203300FB05119B09E0
:106C20003B607E4BD20C1C6042EA41317C4B18F435
:106C3000801F08BF494219607A4B0C441C60BAF1AE
:106C4000000F5BD000237B60BB60DAF81C5018F0AB
:106C5000807F18BF6408002D46D099F82720093A94
:106C6000012A41D9694ED6F83C21D0027FD4DAF806
:106C70000000002C00F0A980B4FA84F1072900F389
:106C8000A480C1F1080325FA03F304FA01F10133EA
:106C9000B1FBF3F14B004FEA442C0133E40D01E06A
:106CA00002330131A5FB0362B44574EB0202F7D253
:106CB000C1F30E031B0343F00063BB6016E0042B1B
:106CC000DAF828807FF47CAF18F0807F14BF4FF48F
:106CD000400308F0E07328F0E07848EA03086FE723
:106CE000002351481D468CE7DAF8000000230628EF
:106CF000FB603B6102D9DAF830303BB9002003B0C9
:106D0000BDE8F08F002349481D467AE704F008F9F2
:106D1000DAF83010FFF7D8FE044610B18378002B64
:106D200056D104F0CBF8DAF83010FFF7CDFE044668
:106D30000028E3D08378002BE0D040794FF4AE6296
:106D4000003818BF01203D21FBF720FA207940F2DE
:106D5000715200384FF03D0118BF0120FBF716FAC1
:106D6000237962791B0243EA02133B61C6E781EA99
:106D7000E172A2EBE1722E49C8F3815811F808C004
:106D800019464FEA8C6C6008CCFB0201224601F0E8
:106D900095FE0346DAF800000E280ED9194A916BC9
:106DA000B26CD6F83C61D20607D501F4801106F426
:106DB0000016314308BFC3F58013C3F313037B6090
:106DC00057E700231B481D461BE72B4621025FE7C0
:106DD000407940F25552003818BF01203D21FBF7A1
:106DE000D5F9207940F25652003818BF01203D21D4
:106DF000FBF7CCF9237962791B0243EA0213FB60AB
:106E00008FE700BF008001B8004F00B0004001B81C
:106E1000000002B800F04902005A6202D475002056
:106E2000D0750020CC7500200A3BB2DF313641DC42
:106E300050370508D694BFD6006CCA88807C814A3A
:106E400010B5044686B059B9214B4168D3F8FC30DF
:106E5000827A2048059300686B46FFF76BFE69460F
:106E60001D4B0A685A631A4BD3F8FC3033B34B6896
:106E700043B11A4B1A4AC3F83C214A68A3F5805320
:106E8000C3F83C218B6843B1144B164AC3F81C214C
:106E90008A68A3F58053C3F81C21134AC868D2F846
:106EA000983123F4EE630343C2F89831D2F890315D
:106EB000096923F4EE630B43C2F890310020228964
:106EC0000A4B9A6203F5A033186406B010BD00BFE8
:106ED000004F00B0D4720020008001B8006001B8FB
:106EE000FFFF0F0000F0FF0F000002B8004000B8E5
:106EF000074BD3F88022D20707D55B6E002B4FF4E7
:106F00008043B4BF034A044A13650020704700BFA2
:106F100000800050002002B8001002B8064B1A6C26
:106F20009207FCD4022240EA01205860034B1A6405
:106F30000122034B1A70704700C002B800D002B89B
:106F40006F7800202DE9F041364F0646FB68C3F309
:106F50000363022B64D103F071FA0546DFF8DC808D
:106F6000BC6A14F4802449D105F07AFAFB6805461E
:106F7000C3F30363022B3BD1304603F054F928B12D
:106F8000294B93F8DC200AB183F8DD400022274B1F
:106F900083F88420234B5B6C98053DD5224BD3F8B6
:106FA000C43059889A68C90748BF1821D66848BFB5
:106FB000927806F4000044BF01FB023303F10C0297
:106FC0001B4B06F008069B6993608022194BDA6020
:106FD00038B14FF4003203F5A043CF20DA61FEF759
:106FE00097FACEB14FF40072134B5A6402229A60A2
:106FF000284605F044FA2046BDE8F08103F01EFA69
:10700000401B40454FF06C024FF047018CBF002001
:107010000120FBF7BBF8A3E78022024B1A61E7E7E8
:107020000224E8E7000002B8003E00B0003F00B0D4
:1070300000C000B800C001B8002002B83F420F00F5
:1070400040B10368012B05D90069034B002808BF34
:1070500018467047004870475837050810B590B17A
:107060000468012C0FD902696AB11168094B102C10
:10707000196051685960916888BFD268996094BF5F
:10708000D960DA6010BD10220021024803F046FBEF
:10709000F8E700BFDC7500201B4B2DE9F0410D46E1
:1070A00016461C6858B34FF47A7343438A68A3F6B4
:1070B000AC539B1A4A689B1A144AD8171168144F8C
:1070C000A1FB033201FB002213F1807342F10002A5
:1070D0005B0E43EAC213803B33620E4BD3F8C430DD
:1070E00073623B6873B1204603F09DF850B132469D
:1070F00029463B68D4F8D800BDE8F04118474AF665
:10710000C873D9E7BDE8F081D4720020EC75002087
:10711000D8750020003F00B0084BC1171A68A2FBC9
:10712000000302FB013310F1807043F10003400EB5
:1071300040EAC310803820EAE0707047EC75002008
:107140000722194B70B51A64184B194A1D68194B60
:10715000EC08E005C0184FEA153141F100010023A9
:1071600001F0ACFC144B154E18601548FFF7D4FF26
:107170004042C6F8DC0049F65800FFF7CDFFC6F8DC
:10718000A8001048FEF7B8FC024660B1E3015008C1
:1071900018184FEA15714FF0000341F1000101F09A
:1071A0008DFCC6F8B40070BD000002B85C7500200C
:1071B00065CD1D00B2E60E00EC750020003F00B06A
:1071C0007011010040420F0048B14FF47A72054B34
:1071D000DB6802FB0030A0F5FA50FFF79DBF47F2D5
:1071E0003050FAE7DC75002010B5044698B10B4B1F
:1071F000D3F8FC00FFF732FF4FF47A7303FB04F07F
:10720000074BA0F6AC50DA689B681044C01ABDE882
:107210001040FFF781BF4AF6C870F8E7004F00B092
:10722000DC750020F8B50446084615461E46FFF7F3
:1072300015FF9CB106F0020716F004060FD16FB1DE
:107240004FF47A7063685843002B4BD1FFF764FF0B
:1072500028636069FFF7B8FFE8623EBBF8BD2069AC
:10726000002839D04FF47A735843254BA0F6AC5020
:107270009B68C01AFFF750FFA862A08B78B34FF449
:107280007A7358431E4BA0F6AC509B68C01AFFF7A8
:1072900043FFE8612A461A49E068FFF7FDFE002136
:1072A000A069FFF7A1FF6863002FC9D1A06800BBE8
:1072B00047F23050FFF730FF68614FF47A7023686F
:1072C00058432BB10E4B1B6803F51C531033184465
:1072D000FFF722FFA861C1E74AF6C870CAE74AF67D
:1072E000C870D4E7064B1B6803F51C5310331844D1
:1072F000ACE74FF47A735843A0F5FA50DAE700BFD1
:10730000DC75002038B5054608461C4603F0C0F879
:107310000246D5F8E400FFF793FE4368A018002B5F
:10732000044AA8BF4FF4FA721A44034B92FBF3F2DB
:10733000104438BD0CFEFFFF18FCFFFF70B588B08D
:107340006D46194C0FCC0FC594E80F0085E80F006F
:10735000FC220021154803F0E1F9AC220021144879
:1073600003F0DCF920220021124803F0D7F903F0E2
:107370000FF9114B1B783BB16D460B4E0FCD0FC66D
:1073800095E80F0084E80F000C4A0D4B1068516817
:1073900003C390680B4A18600B4BD3F87831C3F3E2
:1073A0008243536608B070BDE03F00B0583E00B065
:1073B000543F00B0E04F00B05C780020683705080B
:1073C000B03E00B0003F00B0000002B808B505F0C4
:1073D00047F80E4B1A78A2B90D4A126812F4843F8E
:1073E0000FD10C4A102111651B7863B9084B1B683B
:1073F000DB0508D4074B20221A65BDE8084005F0DC
:107400003EB8054AEEE7044BF5E700BF757800206B
:10741000C06D0020002002B8001002B80A4B197895
:1074200001F0FF0229B10021197008499202C1F848
:107430000821597801F0FF0229B100215970930207
:10744000024AC2F80C31704770780020005000B832
:10745000064BD3F8F00E064B9B6C1A0103D4054B78
:107460009B6E1B0401D500F580707047003000B0A2
:10747000000002B8004000B810B504F0F1FF0E2182
:1074800004460320FEF726FE40F20122034B20466D
:10749000BDE81040DA6204F0F2BF00BF004000B85F
:1074A000064B00201B6893F82430DB0902BF03223F
:1074B000034BC3F85022FBF7C7BA00BFD4720020B9
:1074C000006001B838B504F0CBFF4FF08043244C86
:1074D0000546C4F88030BFF34F8FBFF36F8F4FF076
:1074E0000043C4F88030BFF34F8FBFF36F8F012389
:1074F000C4F88430BFF34F8FBFF36F8F0223C4F8FB
:107500008430BFF34F8FBFF36F8F0423C4F88430F0
:10751000BFF34F8FBFF36F8FFFF7CAFA0823C4F88A
:107520008430BFF34F8FBFF36F8F1023C4F88430C4
:10753000BFF34F8FBFF36F8F2023C4F88430BFF3A6
:107540004F8FBFF36F8F8023C4F88430BFF34F8F0A
:10755000BFF36F8F2846BDE8384004F090BF00BFEE
:1075600000E100E038B504F07BFF05464FF08043B2
:107570000B4C23604FF0004323600223636004231D
:107580006360FFF78DFA0823636010236360202394
:107590006360802363602846BDE8384004F06FBF15
:1075A00000E100E0012370B5074C2370074B1E6813
:1075B000074B3240D3E9005319402840FCF758F8F4
:1075C0000023237070BD00BF73780020F475002085
:1075D000C06D00200022044B1A70044B197811B1C1
:1075E0001A70FFF7F3BE704774780020757800209A
:1075F0002DE9F047DDF820A003EA0108099B0646C3
:107600000D4602EA000703EA0A09BAF1000F40F04A
:107610004F81031F0B4300F00F81052871F1000318
:1076200080F0E58050EA010300F07581431E0B43B2
:1076300000F02581FFF746FFB84AD2E9004323EA6C
:10764000050324EA06043C4343EA0807B44BC2E9B5
:1076500000471E6826EA0A0646EA09061E60FFF78A
:10766000B5FE14F02A4F14BF48F202034FF4004352
:10767000AC4AB007D26EAC4848BF43F4005383EA2B
:10768000020122EA0302C266A84A0B408166D36661
:10769000C4F380421203210348BF42F48072E30620
:1076A00048BF42F40052A24BA50648BF42F4007204
:1076B000600648BF42F480622106D96848BF42F4A0
:1076C000006282EA010323F080539A4819401A406D
:1076D000C1608360984B17F4007FDA60974B07F422
:1076E000007200F0048101224FF4802583F8882085
:1076F000E30448BF45F48035A00348BF45F4801536
:10770000A10748BF45F4001514F4001FDFF8688294
:1077100006D0D8F8000002F08EFF08B945F4002525
:10772000E20248BF45F40035FB06854B48BF45F4EF
:1077300080051A6A834985EA020323F001031A408F
:107740000A621D40CB61804B16F0010F1D627F4B1A
:107750007F4A18BF1A467F4B7D071B6F48BF42F018
:1077600000627D4882EA030123EA020303677B4B40
:107770000A4041661A677A4A04F00103D16CA0F509
:10778000803081EA030221EA0301C16482641A4065
:10779000744B2002DA64D8F8002048BF724B92F88C
:1077A000F62058BF714B610748BF43F4806322B194
:1077B00014F4C06F18BF43F4807332074FF03A429D
:1077C000BDE8F047D2F8181148BF43F0004383EA00
:1077D000010222F4A02266481140C0F8181113409B
:1077E000C0F81421634AC2F81831FFF7BBBEA0F5F8
:1077F00080630B4306D020F48063A3F500730B4332
:107800007FF418AF04F02CFE4449D1E9003223EA9A
:10781000060322EA050242EA08023B43C1E90032BC
:10782000554A126892F8F610514A09B313F4C06F22
:107830001ED04FF4807311E004F012FE374AD2E9F3
:10784000003123F004033B4341EA080157EA0807EB
:10785000C2E900314FF48063454A0BD0C2F81431BD
:10786000A2F58052C2F81831BDE8F04704F007BE17
:107870004FF48073C2F81831C2F81431F4E704F001
:10788000EFFD264AD2E9003123F001033B4341EAF0
:107890000801C2E900310123384A57EA08071BBF33
:1078A0009364A2F58052D364D36408BF9364DBE78A
:1078B00050EA01037FF4BEAEBAF1010F7FF4BAAE15
:1078C00004F0CEFD164A136823F0010343EA0903CE
:1078D00013604FF40053204AB9F1000F04D05366EF
:1078E000A2F580521367BFE713675366BCE793F8AE
:1078F000881071B183F88820214BD3F8A41003F5C8
:107900000053C3F8A410C3F8A0104FF05023C3F8DD
:10791000A4200025ECE6BDE8F08700BFC06D002084
:10792000F4750020004000B8006000B8005000B8B6
:10793000004001B8006001B8005001B8003F00B03D
:10794000000002B8002002B8001002B8043800039A
:107950000418000300C001B800E001B800D001B86D
:1079600000C000B800D000B80D0A0A09090A0A09C7
:10797000002000BA001000BAD472002000E000B865
:1079800000400050024B5868C0F3C000704700BF71
:10799000C06D0020024B186800F00100704700BF66
:1079A000C06D0020024B5868C0F3C030704700BF64
:1079B000C06D002010B50446FEF78EFAFFF782FD79
:1079C0002046FCF749FEFEF711FAFDF7ADFDFDF785
:1079D0001FFEFFF7B5FB13490723134AD1F8FC102C
:1079E00004F1F800FFF71EFC4FF080710020FEF755
:1079F000A3F84FF000720D4B4FF400110120C3F8B3
:107A00000021FEF799F8FEF76BFC20B940F29232A4
:107A10001421FAF7BBFB02F0B9FDBDE810400120CC
:107A2000FDF75EBC004F00B0A43F00B000D001B82D
:107A30008023074A5364082340B15364054AD2F8AF
:107A4000C03E23F02003C2F8C03E7047024AF4E76C
:107A5000001002B8003000B0002002B810B504F0E9
:107A6000FFFC012104460020FFF7E2FF044B1961EF
:107A7000044B5B6898472046BDE8104004F0FFBC0B
:107A8000000002B82C7A00202DE9F04182B01446A3
:107A90000646FFF72DFAFCF799FA002800F0B580AA
:107AA0005E4B5D6915F0060540F0AF8004F0D8FC30
:107AB00023790095022B05464ED1237B022B39D02A
:107AC0000320FDF7BBFE20B9554BDB685B0440F19A
:107AD0009E80A37B94F80C80003B18BF0123A26812
:107AE0005049B8F1010F01920B7074D000234E4A37
:107AF0004E4E13703278002A79D10420FDF7A8FD8C
:107B00000420464F42467B6F0DEB000123F0F853F3
:107B100023F4F81343F0506343F480337B6702236C
:107B2000FDF7B4FD0446002865D001213022404B0A
:107B300031701A653F4E336898472128044604D1B6
:107B400001210020736898470024284604F097FC20
:107B5000204602B0BDE8F0810320FDF76FFE00284B
:107B600055D12279D6F80031012A226830D0D01AB6
:107B700000900020294B304A30495A679867637B50
:107B80002F4A23F040000028C3F380130B700CBF72
:107B90000123002313702B4B2A4AD3F8C03E4FF029
:107BA00003000CBF43F0200323F02003C2F8C03EC3
:107BB000FDF74EFD194B244A03205A6769460123FD
:107BC0002279FDF763FD20B30122204B1A7074E780
:107BD0009A42CDD3CBE72379022B87D0009BD6F8EE
:107BE00000114FF000080B44134401937EE73370FB
:107BF000FFF7ECFB81E70320FDF72AFD28460E4A3C
:107C0000124B7A671C7004F03AFC0E24A0E7284659
:107C1000F9E7284604F033FC212499E700C001B8B5
:107C2000000002B878780020747800207578002071
:107C3000001002B82C7A00200000010176780020A4
:107C400077780020003000B0010C0100727800202D
:107C5000F8B5194C0546207840F2E442B0FA80F0BD
:107C60003E214009FAF792FA55B9607840F2E442B1
:107C7000BDE8F840B0FA80F03E214009FAF786BA34
:107C80004FF440660D4F0E4DD7F8083140F2E442F4
:107C9000C3F381232370C5F8086160783E21B0FAF0
:107CA00080F04009FAF772FAD7F80C31C3F3812358
:107CB0006370C5F80C61F8BD70780020004000B812
:107CC000006000B8F8B5084C084D636C0423084FF9
:107CD0006B64636C5B0300D4F8BD042602207E64F1
:107CE00002F0B3FB6E64F4E7000002B8001002B8C3
:107CF000002002B8A82238B51A4B5D6C03F500537A
:107D00005A6410229A60A3F5804302F100521A6768
:107D10005A66FFF783FB144B1B7813B90320FDF75A
:107D200097FC0024114B9C67FFF7CCFF104A114BC6
:107D3000D2F8F01E0B40C2F8F03E04220E4B5A64FB
:107D40000E4BAA06C3F8C84008D503F580739B6F95
:107D5000B3F5817F22BF8022024B1A61BDE8384013
:107D6000FBF772BE000002B87278002000C001B8B4
:107D7000003000B0DF0000FF002002B8003E00B07D
:107D800010B551B920B3154BDB681B0E13F00E0F65
:107D90001ED1134B1B6CD9071AD4FFF76DFB0F4C88
:107DA0000020FEF73BFA032801D0092805D1A36A79
:107DB000DA07F5D4A36CDB03F2D4FFF783FF0122CB
:107DC000084B5A6102229A62042203F580535A64D6
:107DD0004FF4C062044B9A6510BD00BF000002B8AA
:107DE00000C002B8001002B8006001B808B5032155
:107DF0000920FEF76FF92022014B1A6108BD00BF70
:107E0000000002B80D4A10B5D2F8A030D2F8A41084
:107E10000B40B3F1804F0CD34FF040400849094C60
:107E2000C1F8A400D467C1F8A0004FF48021064A2D
:107E3000D161034AC2F8A03010BD00BF004000501D
:107E4000006000500000FF01001002B838B5054680
:107E500004F006FB0E4B04461868FCF729FD35B10B
:107E6000FFF7B8FB2046BDE8384004F008BB094BDB
:107E70001B78002BF6D0084B1D78002DF2D1FFF7B0
:107E8000A9FB2A464FF480400021FFF78BFBE9E76E
:107E9000D472002074780020737800202DE9F84F08
:107EA000594B06460D4614465B6C002A40F0A980EB
:107EB00013F0A00F14BF4FF001094FF00009FBF7BA
:107EC000C3FDA0234FF0000ADFF858810320C8F853
:107ED0004430FDF7BDFB0420FDF7BAFB4B4FFFF725
:107EE00079FB4B4B4FF0040B7B67C7F878A0FFF78B
:107EF000E9FE484B4FF48071D3F8C02E42F02002C7
:107F0000C3F8C02EFF22C8F808203F4A1161D3F8F9
:107F1000F02E41491140C3F8F01EC8F844B0C3F830
:107F2000C8AE7B6913F0060F04D0FDF711FE58466A
:107F3000FDF78EFBB9F1000F08D04FF40062374B0C
:107F40005A644FF40042A3F5E0339A6666B1344BAD
:107F5000DB6C180701D4FFF78FFAFFF747FF042007
:107F6000FDF776FBFFF75AFA274B5A69D10746D53A
:107F7000DA6812F0706FFBD12A4B2B4A5A642B4AF5
:107F8000936E23F0F003936615B12046FFF75EFF72
:107F9000274BD3F84C315A1C01D05B0002D501228B
:107FA000204B5A615CB31E4BDA6E03F500539A66A0
:107FB00003F5D0331B6A1B4A23F00103D3611D4B29
:107FC000D96803F50053996003F50053D3F8841082
:107FD00003F5005399674FF03A43D3F8181103F5AE
:107FE0000053C3F81411144BD96C03F50053996472
:107FF000124903F5803359664FF608435364BDE8D0
:10800000F88F4FF000095AE7000002B800C001B82D
:1080100000000101003000B0DF0000FF001002B8D6
:10802000004000B8002002B810003000003F00B04F
:108030000080E00F004001B800C000B85000002FE1
:108040009E4B2DE9F04F9A6EDB6E85B002EA030875
:108050009B4BC3F868804FF03A43D3F81461D3F8D0
:1080600018311E40974BC3F81461974B9A68DB6830
:1080700002EA030A954BC3F808A003F52043DA6926
:108080001B6A02EA0309924B09F47702DA61914B09
:10809000D3F80422110706D4D3F804311A07C3F326
:1080A000C00740F1E98004F0DBF98B4B5A695F6E41
:1080B0001B6F12F0060F07EA0307884A27F00073C8
:1080C00023F4006314BF4FF0010B4FF0000B536615
:1080D0007B0706D5824A92F86D300133DBB282F815
:1080E0006D3004F0CCF9B8F1000F00F0E38018F423
:1080F00000442BD004F0B4F90146FFF7A9F9044677
:10810000784B1D682A682B689A42FCD02A689A42EC
:10811000FCD0FFF79DF9A04240F0B080084604F083
:10812000AEF9714B1C60714B5D6C15F4E05240F080
:10813000A78024F07F4424F0DF040CB9FFF7DAFDB8
:108140006B4B01201B6898474FF0807418F0020FAA
:108150004FF0000514D0654B5D495B6C03F4604241
:108160004A64002A00F0A0801D0400F1A08013F4EE
:10817000005F0CBF4FF000534FF0006300251C431D
:10818000C8F340384FEA48085A4B3340002B4BD0D5
:1081900016F4206F0AD040F6A31206210020F9F74A
:1081A000F5FF0020FFF752FE26F48026F00506D5E5
:1081B000FF22474B44F4C0649A60FFF75DF916F064
:1081C000090F0BD040F6B81208210020F9F7DEFFA6
:1081D000FFF70CFE4FF03A4301225A6316F0106F7E
:1081E0000CD040F6C11209210020F9F7CFFFFFF7AC
:1081F000FDFD002211461046FCF72EFB16F4202F41
:108200000AD040F6C91207210020F9F7BFFF00206D
:10821000FFF71CFE26F48026F10301D5FCF766FC6F
:10822000002EB8BF48F0080872070ED54FF03A4349
:108230001B6B13F4005F4FF4005317BF214A2E4A03
:10824000136344F4000408BF1363730548BF44F08C
:10825000040416F48023019300F0B780FCF7FEFBC2
:10826000013806284AD8DFE810F03B013E013B0107
:108270004101440147014701BB4634E7044641E759
:108280000192FFF737FD124B019A5A6415F480539F
:1082900007D115F4806F0CBF4FF080544FF080640D
:1082A00054E74FF0804451E74FF0007366E74FF01A
:1082B000004363E74446454666E700BF004000B818
:1082C000006000B8002000BA004001B8006001B8AA
:1082D000002002B800E100E000C001B800E001B8F1
:1082E000003E00B030350508F0750020000002B8EF
:1082F000447A0020090B0B89001000BA40F6FA12EC
:1083000003210020F9F742FF4FF03A420121D2F851
:108310008C30D2F8AC0003F00703063301FA03F304
:10832000C0F30C001B1A9BB2072B12D97E4B5B6C5F
:1083300058020ED47D48D36CD26E406D58B103F014
:10834000070306339940C2F30C03C91A89B20729FF
:1083500001D844F40074764B1B78002B35D04FF0D5
:108360003A43D3F8143113F4A02F2ED1714B724A33
:108370001B7893B9FB0410D4137873B1E3086F49E9
:1083800043EA457383F00103D1F8F01E03F00103C3
:108390005B0021FA03F3980717D10420FDF758F981
:1083A000674B68495967FFF715F9634A137843B972
:1083B000654B1B782BB1654B654A1B682340134204
:1083C00001D144F4804427F48057BAF1000F27D03C
:1083D0001AF4805F18BF44F480241AF4807F18BF19
:1083E00044F400241AF4005F18BF44F010041AF497
:1083F000007F18BF44F020041AF4806F18BF44F0C7
:1084000040041AF4006F18BF44F080041AF0805F33
:1084100006D0504B0021186845F48055FBF70CFE40
:10842000B9F1000F3ED019F4802F18BF45F4007544
:1084300019F4803F05D0484B03201B6844F4805456
:10844000984719F4801F18BF44F4003419F4001F32
:1084500018BF44F0020419F4003F18BF44F480141C
:1084600019F4800F18BF45F0100519F4002F19D02A
:10847000324BD3F8C03E13F0C00F13D02A4AD36852
:10848000C3F30363032B01D0072B05D1936CD906EB
:1084900002D4D36C1A0736D54FF400222F4B29F49F
:1084A0000029DA61002F00F019813B0540F190802E
:1084B0002B49DFF88CA0CB782A4A002B58D04FF4F8
:1084C0000060013BDBB25066CB7033B9264B1B78A2
:1084D000E3B140F60142254B5A670023002275E0C4
:1084E00044F4803410E744F400640DE744F48064FD
:1084F0000AE744F4807407E7174B02201B6844F036
:108500000804984700E744F40014CBE7DAF8783021
:1085100013F4A05F15BF4FF4807340F60143CAF80F
:108520005830CAF87830D8E7000002B8004000B8E8
:10853000757800207478002077780020003000B033
:1085400000C001B80000010176780020C06D002055
:10855000088D0100D4720020447A0020002002B867
:108560006178002000E001B87278002000D001B8E6
:108570000320FDF76DF8DAF81430AA4813F0060F5F
:1085800004BF41F61F73A84AA84908BF53674FF4B8
:108590000062A54B5A66DAF8143013F0060308BFE0
:1085A000CAF87830B0F86A3013F400625CD023F473
:1085B0000063A0F86A300B7803F0FF0A002B57D154
:1085C000FDF7C6FAFFF796FB534620221C431543DE
:1085D000B80009D52E20FCF79BFF4FF00052924BBC
:1085E00045F008051A675A66F90606D52B20FCF7F0
:1085F0008FFF10228C4B1A675A6617F0306F05D127
:10860000FA045FD5BBF1000F00F0B4803B0111D537
:108610002920FCF77DFFFFF7B5F948B1844B854968
:10862000814A53660B6701F54051C968480422D45A
:1086300045F0040517F0007B28D00420FDF708F86A
:108640002720FCF765FFFFF755FB4FF00072764BD4
:108650005A66794BD3F8F02E520674D40222774B27
:108660009A6045F0020528E00B784FF40053ADE71F
:108670004FF4004332E7136720205366FCF748FFAE
:108680002D2045F00C05FCF743FFD3E717F0807F62
:10869000DFF8ACA142D00420FCF7DAFF2820FCF779
:1086A00037FFDAF87830002B35D1FFF723FB5E4B2C
:1086B0005F4A45F001051A675A66FEF7F1FE00228F
:1086C0005F4B9A65BB0409D55E4A5379002B00F0D5
:1086D000A480013B5371002348EA03084246204628
:1086E0002946FEF75FFF019B0BB1FCF7EDF94FF058
:1086F0000042554B06F00436C3F81461534B19F48D
:10870000002FC3F880211EBF4FF400224B4BDA61CB
:1087100005B0BDE8F08FCAF878B0C8E7F904CED547
:108720000420FCF795FF4A4BCAF87430FDF710FAA5
:10873000DAF8643013F0407FC1D12A20FCF7E8FE5C
:10874000FFF7D8FA85E7D3F8C03E9B0689D402220A
:10875000404B9A60404B1B6893F82530980780D5B2
:10876000304B93F8DC30002B3FF47BAF80223B4B47
:108770001A6176E7334A13794BB1013BDBB21371CF
:1087800013B92C4B364A5A6700231C439AE704203E
:10879000FCF75EFF0320FCF75BFF294B2C4A5A676E
:1087A00003F05EFE82460DF10F00FDF737FD2D4B05
:1087B00083461B780BB1FEF75FFEBBF1030F0ED1B2
:1087C000DFF898B00020FDF729FD032807D1DBF87A
:1087D0002830D907F6D4DBF84830DA03F2D49DF814
:1087E0000F30032B06D101221F4B50461A7003F0A5
:1087F00046FEC9E74FF03A43D3F8143113F4A02FE3
:10880000F1D1FEF7E7FE504603F039FE174B032087
:108810001B6898474FF48043B7E70520FCF718FF23
:10882000012359E7003E00B000E001B87278002053
:108830001000002000D001B8003000B0002002B8C5
:1088400000C001B861780020002000BA00E100E01B
:1088500000000101001002B8D4720020000002B82C
:108860000000010D7878002074780020447A002000
:108870000122024B1A62DA61704700BF002002B881
:10888000094A08B5D369116A0B40084923F47F00EF
:10889000DB07C86106D5D1684FF0FF30C1F3036133
:1088A00001F07FFE08BD00BF000002B8002002B842
:1088B0000C4A08B5936CD26C13400B4A9364DB07E7
:1088C0000FD50A4B40F663421878122100F00100E0
:1088D000F9F75CFCBDE80840002201200021FEF70A
:1088E00061BE08BD00C000B800E000B8C06D002047
:1088F00070B5154D2C6C6B6C1C40144B24F00202AF
:108900001A64E20705D540F6CA4200202968F9F743
:108910003DFCA30716D502220C4B1A640C4A6B6867
:1089200014687CB1DBB2042B07D100220121094B72
:1089300018682346BDE870401847052B02D1002275
:108940001146F4E770BD00BF0080095000A0095037
:1089500030750020D472002038B50B4C0B4DD4F884
:108960008430DB0706D4A36FD4F884201340084A70
:10897000936738BDD5F804315A06F0D5FFF7B8FF34
:108980004023C5F88431EAE7008001B800E100E047
:1089900000A001B870B514460D4603F061FD064B0A
:1089A000D3F8C06E74402C407440C3F8C04E03F03E
:1089B00066FD06EA050070BD003000B0034BD3F839
:1089C000C03E99430CBF012000207047003000B02A
:1089D0002DE9F04117460A43012A1D469DF818402B
:1089E0009DF81C60DDF8208029D8B44227D2082EDB
:1089F00025D8032B23D8B8F1000F20D00A46002138
:108A0000FAF75CFFFF21EB009940C943DFF834C05F
:108A100008F1FF38FF00E2B2964202D80020BDE81C
:108A2000F0813D190CEB8505D5F8F82018F8010FF9
:108A30000A4098401043C5F8F8000134EBE72120C4
:108A4000EDE700BF003E00B0174BD3F8C02E12F088
:108A5000010312D0154B93F84C30154A43F0807344
:108A6000C2F8D0304FF4801302F50052C2F8B4308F
:108A7000A2F58052C2F8B83070471106EDD40D4B04
:108A800093F84B1121B1D20602D593F84831E4E7AF
:108A90004FF480120020084B0549C3F8B820C1F8F4
:108AA000D000C3F8B4207047003000B0003F00B0E1
:108AB000004000B8003E00B0006000B853B94AB9A9
:108AC000002908BF00281CBF4FF0FF314FF0FF30D6
:108AD00000F082B9ADF1080C6DE904CE00F006F8A3
:108AE000DDF804E0DDE9022304B070472DE9F04F22
:108AF000099D0C46002B4DD18A420F46844696466E
:108B0000B2FA82F360D94BB102FA03FEC3F120023C
:108B10009F4000FA03FC20FA02F217434FEA1E4678
:108B20001FFA8EF44FEA1C42B7FBF6F106FB1177F1
:108B300001FB04F042EA0742904208D91EEB020210
:108B400001F1FF3702D2904200F231813946121A08
:108B50001FFA8CFCB2FBF6F006FB102200FB04F4BB
:108B60004CEA024C644508D91EEB0C0C00F1FF32B4
:108B700002D2644500F21E81104640EA0140ACEB8F
:108B8000040C002125B12CFA03F30022C5E90032C0
:108B9000BDE8F08F8B4205D90DB1C5E90001002178
:108BA0000846F5E7B3FA83F100294DD1A342C0F09E
:108BB000F380904280F0F080064623460846002D60
:108BC000E6D0C5E90063E3E7002B40F0A3808A1AF2
:108BD0004FEA1E471FFA8EF60121B2FBF7F407FB9E
:108BE00014204FEA1C4242EA004206FB04F0904285
:108BF0000FD91EEB020204F1FF382CBF4FF0010920
:108C00004FF00009904203D9B9F1000F00F0CC8079
:108C10004446121A1FFA8CFCB2FBF7F007FB102235
:108C200000FB06F64CEA024C664508D91EEB0C0C1C
:108C300000F1FF3202D2664500F2B3801046ACEB81
:108C4000060C40EA04409DE7C1F120068B4004FA7F
:108C500001FE22FA06F720FA06FCF4408A401F4380
:108C60004EEA0C0300FA01FE4FEA17484FEA134997
:108C70001FFA87FCB4FBF8F008FB104449EA0444EF
:108C800000FB0CF9A1450ED93C1900F1FF3A2CBFAD
:108C90004FF0010B4FF0000BA14503D9BBF1000FC2
:108CA00000F08B805046A4EB09041FFA83F9B4FB53
:108CB000F8F308FB134403FB0CFC49EA0444A44505
:108CC00006D93C1903F1FF3801D2A4457BD84346AD
:108CD00043EA0040A4EB0C04A0FB02984445CC46B8
:108CE000434602D306D1CE4504D20138B9EB020C7B
:108CF00068EB0703002D6CD0BEEB0C0264EB0304A1
:108D000022FA01F304FA06F6CC4000211E43C5E91D
:108D100000643DE702FA03FEC3F1200104FA03F206
:108D200000FA03FCCC404FEA1E4720FA01F11FFA7B
:108D30008EF6B4FBF7F00A4307FB1044110C41EA2E
:108D4000044100FB06F48C420ED91EEB010100F138
:108D5000FF382CBF4FF001094FF000098C4202D9B7
:108D6000B9F1000F2CD04046091B92B2B1FBF7F4C9
:108D700007FB141142EA014204FB06F1914207D9B4
:108D80001EEB020204F1FF3801D291421ED8444684
:108D9000521A44EA004120E7861A64EB03030120DB
:108DA0000DE7F44402384AE7023C724431E70239E5
:108DB0007244CCE6F4440238DFE602383C4472E701
:108DC00002387144D0E7023B3C4481E7023C7244E4
:108DD000DEE72946DCE600BF704700BF1FB514463A
:108DE0001A46094B05461B68D86854B9074B1C4600
:108DF00000910749CDE901342B4600F0C3F801F09A
:108E0000A5FC044BF4E700BF707A0020D9080508E0
:108E10009D7405089074050808B5064B044613B107
:108E20000021AFF30080044B1B6803B19847204634
:108E3000BDF7AAFE0000000030770020002310B527
:108E400004468360818119464366C281082283619A
:108E5000C0E90033C0E904335C3001F05FFC0D4B26
:108E6000246263620C4BA3620C4BE3620C4B2363E2
:108E70000C4B9C4206D003F16802944202D0D033DE
:108E80009C4205D104F15800BDE8104001F04EBCF1
:108E900010BD00BF77A6040899A60408D1A604084F
:108EA000F5A60408F8750020024A0349034801F0BA
:108EB000C4BB00BF647A002097A90408747A00201C
:108EC00041680C4B994210B5044601D001F063FD96
:108ED000A168094B994202D0204601F05CFDE1688F
:108EE000064B994204D02046BDE8104001F053BD26
:108EF00010BD00BFF875002060760020C876002005
:108F000010B50B4B04210B4C0B4A20461A60002273
:108F1000FFF794FF04F1680001220921FFF78EFF9B
:108F200004F1D00002221221BDE81040FFF786BFF5
:108F300030770020F8750020A98E0408014801F060
:108F4000F6BB00BF79780020014801F0F1BB00BFFB
:108F50007978002010B50446FFF7F0FF236A1BB1B3
:108F6000BDE81040FFF7F0BF044B2362044B1B68C1
:108F7000002BF5D1FFF7C4FFF2E700BFC18E040854
:108F8000307700200EB403B503AB0146054853F813
:108F9000042B0068019300F071F802B05DF804EB57
:108FA00003B07047707A002038B50023054D0446A1
:108FB00008462B60BDF7E6FD431C02D12B6803B1C8
:108FC000236038BD3477002038B50446064D084686
:108FD000114600222A601A46BDF7E3FD431C02D168
:108FE0002B6803B1236038BD3477002038B50446C0
:108FF000064D0846114600222A601A46C1F718F9A4
:10900000431C02D12B6803B1236038BD34770020A4
:1090100038B50446064D0846114600222A601A4615
:10902000C1F7FFF8431C02D12B6803B1236038BDA0
:109030003477002070B50D4D00260D4C641BA41034
:10904000A64209D10B4D00260B4C03F079FA641BA4
:10905000A410A64205D170BD55F8043B01369847CF
:10906000EEE755F8043B01369847F2E7307B0020E5
:10907000347B0020347B0020387B00202DE9F04F2A
:109080000D469DB014469846064618B1036A0BB9C2
:10909000FFF760FF6B6ED90705D4AB899A0502D440
:1090A000A86D01F044FBAB891B0701D52B699BB967
:1090B0002946304600F026FA70B16B6EDC0704D505
:1090C0004FF0FF301DB0BDE8F08FAB899805F7D4A5
:1090D000A86D01F02DFBF3E70023CDF80C804FF0D5
:1090E0000109DFF8B481099320238DF8293030235A
:1090F0008DF82A3023469A4613F8012B0AB1252A07
:10910000F9D1BAEB040B0BD05B4622462946304618
:1091100001F03AFB013000F0A780099A5A44099205
:109120009AF80030002B00F09F8000234FF0FF32B0
:109130000AF1010A049307938DF853301A93CDE98D
:10914000052354460522544814F8011B01F0CDFCB8
:10915000049AD8B9D10644BF20238DF853301307A1
:1091600044BF2B238DF853309AF800302A2B15D0AA
:10917000079A544600204FF00A0C214611F8013B93
:10918000303B092B4BD9B0B1079214E0A0EB080398
:10919000A24609FA03F313430493D2E7039B191D74
:1091A0001B68002B0391BBBF5B4242F00202079396
:1091B0000793B8BF049223782E2B0AD163782A2B09
:1091C00032D1039B02341A1D1B6843EAE3730392F6
:1091D0000593DFF8D4A003222178504601F085FCE6
:1091E00038B1A0EB0A004022049B013482401343B3
:1091F000049314F8011B062228488DF8281001F06A
:1092000074FC00283FD0264B1BBB039B073323F085
:10921000070308330393099B3B4409936AE70CFB5C
:1092200002320C460120A8E7002301344FF00A0C5B
:1092300019460593204610F8012B303A092A03D924
:10924000002BC6D00591C4E70CFB01210446012385
:10925000F0E703AB2A4604A930460093114BAFF365
:1092600000800746781CD6D16B6ED90705D4AB8930
:109270009A0502D4A86D01F05BFAAB895B063FF555
:109280001FAF09981EE703AB2A4604A93046009396
:10929000044B00F00BF8E4E7CD750508D775050819
:1092A0000000000089A70408D37505082DE9FF47D1
:1092B0000F7E914680460C46782F9A460C9E01F10F
:1092C000430207D8622F0AD8002F00F0DD80582F04
:1092D00000F0C38004F1420684F842703AE0A7F13E
:1092E0006303152BF6D801A151F823F04593040828
:1092F00059930408D5920408D5920408D59204081D
:10930000D592040859930408D5920408D59204080C
:10931000D5920408D59204086F940408E7930408D2
:1093200027940408D5920408D5920408919404085F
:10933000D5920408E7930408D5920408D59204084E
:109340002F94040833681A1D1B68326004F142062A
:1093500084F842300123A8E031682368081D30609A
:109360001E0601D50D6803E05D06FBD5B1F900507E
:10937000002D616878DA2D200029A16084F843006F
:109380002DDA6D425D480A231646B5FBF3F103FB67
:109390001157C75D06F8017D2F460D46BB42F4D933
:1093A000082B0BD12368DF0708D523696168994230
:1093B000DEBF302306F8013C06F1FF36921B226126
:1093C0004B4603AA21464046CDF800A001F0EEF935
:1093D00001306FD14FF0FF3004B0BDE8F08723F0CB
:1093E00004032360CDE721683368080653F8045B63
:1093F00002D4490648BFADB26F2F33603F4814BF57
:109400000A230823002184F843106668002EA66012
:10941000BADB216821F004012160002DB4D1002EB7
:10942000B2D11646BCE7236843F0200323607827B7
:109430003348236884F845701F06316851F8045B8F
:1094400002D45F0648BFADB23160D90744BF43F0D4
:10945000200323601DB11023D4E72848E9E72368DF
:1094600023F020032360F6E724480A23CDE733687E
:109470002568181D616930602E061B6801D51960CA
:1094800002E06806FBD5198000231646236197E7A2
:10949000336800211A1D32601E686268304601F090
:1094A00024FB08B1801B606063682361002384F89B
:1094B000433085E72369324649464046D04701306C
:1094C00088D023689B0714D4E068039B9842B8BFF8
:1094D000184681E70123324649464046D0470130CD
:1094E0003FF478AF0135E36803995B1AAB42F1DCD6
:1094F000EAE7002504F11906F5E700BFDE75050867
:10950000EF75050838B5294B05460C46186818B1A3
:10951000036A0BB9FFF71EFDB4F90C30190722D40A
:10952000DA0607D409222A6043F040034FF0FF30E7
:10953000A38133E0580712D5616B41B104F14403B4
:10954000994202D02846BEF7A7F900236363A38996
:1095500023F02403A3810023636023692360A3898C
:1095600043F00803A38123694BB9A38903F4207353
:10957000B3F5007F03D02146284601F0E9FAB4F99B
:109580000C3013F001020AD00022A260626952423C
:10959000A261226942B913F08000C5D138BD990794
:1095A00058BF6269A260F4E70020F7E7707A0020F4
:1095B000024B0146186801F06EBA00BF707A0020B5
:1095C00038B50023064D0446084611462B60BDF70A
:1095D000E5FA431C02D12B6803B1236038BD00BFFC
:1095E0003477002038B50023064D0446084611465E
:1095F0002B60BDF7CAFA431C02D12B6803B123606C
:1096000038BD00BF3477002038B50023054D04462F
:1096100008462B60BDF7C0FA431C02D12B6803B18A
:10962000236038BD34770020024B0344587800F0A3
:1096300020007047CC740508024B0344587800F0B2
:1096400097007047CC7405080FB407B5064904AB02
:10965000086853F8042B81680193FFF70FFD03B0EE
:109660005DF804EB04B07047707A0020024B0146AD
:10967000186801F0A9BA00BF707A00200CB4184B2A
:1096800030B50C1E9DB01D6808DA8B234FF0FF30FB
:109690002B601DB0BDE8304002B070474FF402733C
:1096A0000290069002A9ADF8143014BF04F1FF3304
:1096B0002346209A2846049307934FF6FF73ADF88C
:1096C000163021AB019300F01BF8431CBCBF8B2369
:1096D0002B60002CDDD0029B00221A70D9E700BF5E
:1096E000707A002007B5009313460A4601460348E6
:1096F000006801F0BEFA03B05DF804FB707A002048
:109700002DE9F04F98468B899DB007461B060D4604
:10971000144610D50B6973B94021BEF7B2F8286022
:10972000286130B90C233B604FF0FF301DB0BDE81D
:10973000F08F40236B610023CDF80C804FF00109BE
:10974000DFF8A081099320238DF8293030238DF88C
:109750002A3023469A4613F8012B0AB1252AF9D15B
:10976000BAEB040B0BD05B4622462946384601F083
:1097700002FB013000F0A780099A5A4409929AF836
:109780000030002B00F09F8000234FF0FF320AF1E1
:10979000010A049307938DF853301A93CDE90523FA
:1097A000544605224F4814F8011B01F09EF9049A13
:1097B000D8B9D00644BF20238DF85330110744BFD9
:1097C0002B238DF853309AF800302A2B15D0079AA6
:1097D000544600204FF00A0C214611F8013B303B63
:1097E000092B4BD9B0B1079214E0A0EB0803A246B5
:1097F00009FA03F313430493D2E7039B191D1B6873
:10980000002B0391BBBF5B4242F002020793079318
:10981000B8BF049223782E2B0AD163782A2B32D139
:10982000039B02341A1D1B6843EAE37303920593FA
:10983000DFF8C0A003222178504601F056F938B174
:10984000A0EB0A004022049B01348240134304939E
:1098500014F8011B062224488DF8281001F045F960
:10986000002836D0214B1BBB039B073323F0070393
:1098700008330393099B334409936AE70CFB0232D4
:109880000C460120A8E7002301344FF00A0C1946CA
:109890000593204610F8012B303A092A03D9002BF2
:1098A000C6D00591C4E70CFB012104460123F0E773
:1098B00003AB2A4604A9384600930D4BAFF3008052
:1098C000421C0646D6D1AB895B063FF52DAF099801
:1098D0002CE703AB2A4604A938460093044BFFF754
:1098E000E5FCEDE7CD750508D7750508000000001B
:1098F00077AD0408D3750508022070470220704731
:109900000020704701207047002070470E207047EC
:10991000FAF7A8BB08461146012200F096B870B5C8
:109920000C4611461A46F8F793F8059B049E0493DB
:10993000456933462046AC46BDE87040604710B5E7
:10994000F8F786F8BDE8104083690846184700F02C
:1099500048BCFAF7B7B9FAF743BA00F0E8B800F034
:10996000F9B8F9F775BE70B504460D4616464FF4C2
:10997000881100F059F9324629462046BDE870406A
:10998000FAF7FCBD7047431E012B03D9031F584251
:10999000584170470120704700F040BD4FF4D87225
:1099A000002100F0BBBE70B50446F9F7FBFE05468A
:1099B000A8B9A169F1B1238AD3B1204604F11002FC
:1099C00000F0DBFB38BBE16919B3638AA3B1204621
:1099D00004F1120200F0A6FB78B1054603E0002373
:1099E000A3612361E361002328466361236270BDA4
:1099F000A061E8E72082E6E7E361216A0029F2D06E
:109A0000A28A002AEFD02046E38ABDE8704000F029
:109A100045BB6182F1E76582E561DEE711B9D0F807
:109A2000DC1021B1CB6813B18B68D88970474FF631
:109A3000FF70704710B5F8F7F1F8044608B900F068
:109A4000F3FC204610BDF8F731BF10B50C461146A7
:109A5000F8F752FFFAF706FB012801D1002010BDEC
:109A6000002CF7D10520FAE700F08FBAD0F8E030EB
:109A70000BB90E2070474FF6FF72C38D93420B80D7
:109A8000F7D000207047F8B506460D46F8F7C6F83F
:109A9000D8B94FF6FF734FF0240CEF68C1B28F4274
:109AA00008D81C4621463046F8F77EFA00F0BCFC88
:109AB0002046F8BDAA680CFB0122D4899C4202D240
:109AC000002CEFD023460130E8E70024F0E7C08DFA
:109AD00070470A7838B505461046FFF754FF60B165
:109AE0004C782046FFF74FFF38B12243530704D488
:109AF0002846BDE83840F9F799B9212038BD10B59E
:109B000004460878FFF73FFF58B14A781046FFF740
:109B10003AFF30B1042A04D02046BDE81040F9F7DE
:109B2000A3B9212010BD00F0F0B9F9F71DB838B580
:109B300004460D4600F0BFF850B129462046F8F71C
:109B400033FA30B929462046BDE83840F8F7D4BF8B
:109B50000E2038BD70B504460D46164600F0ABF831
:109B600058B129462046F8F71FFA38B93246294637
:109B70002046BDE87040FDF787BF0E2070BD00F0A5
:109B80003FBA70B5044600200E4600F049FCD4F8F8
:109B9000F0503DB1002331462046AC46BDE8704050
:109BA0001A4660472B46012231462046F9F764FAEF
:109BB000284670BD38B5044648880D4600F030FC94
:109BC000D4F8F0302BB929462046BDE83840F9F7E3
:109BD00065B9022038BD00F025BC00F008BAFBF7DB
:109BE00019BB38B504460D4602F03AFC0023C4F810
:109BF0009050C4F88C30BDE8384002F040BC38B515
:109C000005460C4602F02CFCD5F890301C40D5F8E7
:109C10008C302343C5F88C3002F031FC211E18BF74
:109C200001210020490238BD38B504460D4602F036
:109C300017FCD4F890301D40D4F88C3023EA050589
:109C4000C4F88C5002F01BFC284638BDF9F74CBC18
:109C500070B5BDF81060054606B16BB133442846B7
:109C60009BB200F01BFA044620B91EB131462846CB
:109C700000F055FA204670BD2124FBE7FAF756BFE5
:109C80000846FBF705B8F9F755BBF9F7FBBB0B46E0
:109C900010B514461846A168928800F04AFDE168A4
:109CA000034631B1A0886288121A92B2184400F0BB
:109CB00040FD002010BD0346408A18B1188A0038C4
:109CC00018BF012070470846FBF7C4BB431C08BF00
:109CD0000020F8F7CDBE10B5044600F06DF820B9AD
:109CE0002046BDE81040F8F72DBB10BD00F0A6BB24
:109CF0002DE9FF41984604460E46174602F0B4FB94
:109D000005462046FFF7E7FF0A9B3A4602930023E9
:109D10003146CDE900832046F8F762FB0446284629
:109D200002F0A8FB204604B0BDE8F08138B5044637
:109D300002F09AFB05462046FFF7CDFF2046F8F7D4
:109D40002DFB0446284602F095FB204638BD38B569
:109D5000044602F089FB05462046FFF7BCFF20467B
:109D600000F039F80446284602F084FB204638BD4E
:109D700038B5044602F078FB05462046FFF7ABFFF6
:109D8000204600F02EF80446284602F073FB2046D9
:109D900038BD70B504460E4602F066FB0546204607
:109DA000FFF799FF31462046F8F768FB044628463E
:109DB00002F060FB204670BDF8F7FEB910B502F066
:109DC00053FB044600F015F8F8F71CFA2046BDE8EE
:109DD000104002F04FBB024608B5F8F7EDF9507D90
:109DE00008BD024608B5F8F7E7F9507D80F001009C
:109DF00008BD00F023BBF8F777BF00F0C3B80847F1
:109E000000F08FBA022A01D800F010BA2120704762
:109E1000022A01D800F01BBA21207047022A01D87B
:109E200000F027BA2120704738B504460D4600F0EF
:109E3000FAF928B129462046BDE8384000F028BA92
:109E4000022038BD70B504460D46164600F0EBF909
:109E500030B1324629462046BDE8704000F020BAB5
:109E6000022070BD0E20704738B504460D4600F044
:109E7000DAF928B129462046BDE8384000F041BA59
:109E8000022038BD38B504460D4600F0CCF928B1A3
:109E900029462046BDE8384000F03BBA022038BDD4
:109EA000FAF7C2B90846FAF7DDB903469B8E0846B1
:109EB0009342114601D3FAF701BA21207047FAF70D
:109EC0003FBA0020704700207047013001D1FBF7F6
:109ED0003BBF212070477047D0F8943003F06003F7
:109EE000402B0DD0602B03D0203B58425841704787
:109EF00049B10B68012B06D9486940F00100704751
:109F000040F20110704700207047F7B50446104634
:109F1000D4E954C7DDE908268CEA020587EA060180
:109F20000540194085EA0C057940C4E954510025E3
:109F300023F4004106EA010320F0010043F400731A
:109F4000024043F00203CDE90055FDF751FB94F8C0
:109F500024309A0713D5D4F854319B050FD54FF40C
:109F600088112046FFF74BFE94F82430024665F333
:109F7000410384F8243020460B46F8F785FC002086
:109F800003B0F0BD0520FBF759BC08B5D0F8E430AC
:109F90004BB11A68022A06D993F825204AB1186AEB
:109FA000B0FBF2F008BD4FF446624C210020F8F7F8
:109FB000EDF80020F6E7D0F8E42008B57AB1136890
:109FC000022B0CD9536A13F47F4FC3F3072106D039
:109FD000126ADBB253438B42B3FBF1F006D200208E
:109FE00040F67F424C21F8F7D1F8002008BD034627
:109FF000D0F830010860B3F8343100208B8070470E
:10A0000090F830310C2B14BF90F82B00FF207047D4
:10A0100038B50C464FF400610546FEF7CFFC70B131
:10A020007CB195F81E3173B94FF480724FF4807192
:10A030002846FEF7AFFC003818BF012038BD2202C9
:10A04000F4E72246F2E70020F8E74FF48071FEF7CC
:10A05000B5BC08B54A024FF40071FEF79BFC002026
:10A0600008BD08B58A024FF48061FEF793FC00201A
:10A0700008BD38B54FF03A430546DC6A808AC4F320
:10A080000C04A04234BF0020012041F66A020821DE
:10A09000F8F77CF8A88A001B80B238BD2DE9F041A2
:10A0A000884618F0030706461546194633D1B2F51F
:10A0B000805F30D89A422ED33F2A28D9B2FA82F450
:10A0C00001220120C4F11F03DBB29A4092B2AA42DE
:10A0D0002CBFC4F11904C4F11A04E2B2931DDBB21F
:10A0E000984080B2A84214D096F8F530ABB9012060
:10A0F00096F8253060F3000386F825304046FAF7DD
:10A10000C5FAC6F82080B5823846BDE8F0813A46E7
:10A11000EAE70020ECE72127F6E70E27F4E70846F8
:10A1200000F061B9F8B511F0030607460D46144674
:10A1300021D102B313883F2B1DD9B3FA83F3C3F1A6
:10A140001901C9B2062901D8192B12D0062928BF36
:10A15000062101238A1DD2B293402846238000F0B5
:10A1600048F923883846FD617B82FAF7A1FB304627
:10A17000F8BD3146EDE72126F9E738B5148811F02E
:10A1800003054FEAC4041ED13F2C1CD9B4FA84F451
:10A19000C4F11903DBB2052B01D8192C11D0052B02
:10A1A00028BF052301240633DBB204FA03F3C3F30B
:10A1B000CF041480816104824387FAF779FB284633
:10A1C00038BD2B46EEE72125F9E710B514460846C1
:10A1D0000121FBF7C3FE2046BDE810400121FBF73B
:10A1E000BDBE10B50023F9F74FFC044608B9FDF7D2
:10A1F00035FC204610BD70B504460E46154600F0ED
:10A2000014F931462046FFF73EFC00F00EF92946CE
:10A210002046F8F76BFB00224FF400312046FEF792
:10A22000B9FB002070BD8021FEF7C8BB7FB5531C71
:10A2300005AAADF81410029202210022DBB2CDE98A
:10A2400000211146FEF7C4FB07B05DF804FB7FB5A3
:10A25000531C05AAADF81410029204210222DBB2AD
:10A26000CDE9002100220121FEF7B2FB07B05DF825
:10A2700004FB1FB5531C029100220821CDE90021E7
:10A280000122DBB21146FEF7A3FB05B05DF804FB2B
:10A2900008B50A044FF48031FEF77CFB002008BDAE
:10A2A000F8B514468A0707460E4601F0010309D4A3
:10A2B000D3B1A2044FF48021384602F48022FEF785
:10A2C00069FB11E065083BB104F0010305F00105ED
:10A2D000AB42EED021200AE04FF48021FEF76EFB66
:10A2E00005F00105A842F5D1730701D40020F8BD9F
:10A2F000A2064FF08051384602F08052FEF74AFB2A
:10A30000F4E708B50A054FF48011FEF743FB00207F
:10A3100008BD08B5CA044FF40021FEF73BFB00203E
:10A3200008BD09B141F01001F8F7E0BA10B50446D4
:10A33000F8F7D6FA01462046BDE81040F8F7D6BA3D
:10A340007047D0F8E030C3B15869B0B1531EDBB2EA
:10A35000FD2B09D8012A05D143689A1C01D14FF081
:10A36000FF334B6000207047036813F1020F08BFF2
:10A370004FF0FF33FF2A0B60EDE7212070472DE9F6
:10A38000F74F01251C469DF83030064601930368BF
:10A39000174603F0070306339D4005F1FF380B46CF
:10A3A000A1B1416804EA080BA5EB0B0A41F0005982
:10A3B000524509EB0B0114D95246184600F0B9F981
:10A3C00049467A1B5A44504400F0B3F9019B2BB123
:10A3D0003C4448EA050804EA0804F46003B0BDE818
:10A3E000F08F1846F0E74FF03A43022298615A6323
:10A3F00070474FF03A4301225A6741F6FF72D96421
:10A4000018651A67704737B5002514460095FFF7A1
:10A41000B6FF204603B030BDF9F7AEBD002070474F
:10A4200000207047002070477047704710F0FD0F04
:10A4300014BF4FF0FF300020C0B2704708B5FBF7E3
:10A4400021FBBDE80840FBF745BB38B50446FFF7E4
:10A45000F5FF0546FFF7F2FF431BA342FAD338BDD1
:10A4600038B50D460446FBF70DFB35B1844200D9E3
:10A470000139204601F0030138BD844238BF013163
:10A48000F7E708B5FBF716FBBDE80840FBF722BB72
:10A4900008B50121FFF7E4FFBDE80840FBF71ABB50
:10A4A00008B521B1920000F044F9002008BD212038
:10A4B000FCE700F06F43B3F1804F02D0B3F1204FBF
:10A4C00002D120F07040704700F06043B3F1204F9C
:10A4D00008BF20F0805070470B0C23F48053B3F575
:10A4E000284FF7B50D468FB2064699B216D04AF6F8
:10A4F0000103994214D04AF60203994212D0B1F5F1
:10A50000204F14BF04240324D6F8E0300BB119689F
:10A5100051B9D6F8DC3093B928680EE00024F3E78F
:10A520000124F1E70224EFE7234668463A46FBF7A9
:10A5300057FBDDE90003002BEBD103B0F0BD196838
:10A540000029E9D0234668463A46FBF749FBDDE996
:10A550000003002BE0D1F0E70204C0F3891307D514
:10A560006FEA83536FEA935313F5007F18B206D056
:10A57000A3F1C8006FF4FF739842B8BF1846704744
:10A580000020FBF78FBE0120FBF78CBE0E2070472A
:10A590007047FDF755BDFDF753BDFDF751BDFDF704
:10A5A0004FBD08B50846FEF763F908BDFDF748BD85
:10A5B00073B50D7806460C4635B304238DF8043088
:10A5C0002379304601A98DF80530FFF798FA054642
:10A5D000B8B92278A37952BB8DF80430E3793046BC
:10A5E00001A98DF80530FFF774FA054648B92378BC
:10A5F0003BB161883046F8F763FE01213046FFF732
:10A6000007FD284602B070BD2946FFF701FD294627
:10A610003046FFF71EFD29463046FFF722FD23781E
:10A62000002BCAD123798DF804306379C9E702225F
:10A630008DF80420D3E7002070472DE9F843074642
:10A64000884614460026D4E90195B9F1010905D5DB
:10A650002468002CF7D13046BDE8F883AB89012B84
:10A6600007D9B5F90E30013303D029463846C04723
:10A6700006436835E9E710B50C46B1F90E10FEF750
:10A68000B5FC0028ABBF636DA3891B1823F480536E
:10A69000ACBF6365A38110BD2DE9F0411F468B89D6
:10A6A00005460C46DB05164605D502230022B1F906
:10A6B0000E10FEF789FCA3893246B4F90E10284625
:10A6C00023F48053A3813B46BDE8F041FEF7A0BCD4
:10A6D00010B50C46B1F90E10FEF776FC431CA389A9
:10A6E00015BF606523F4805343F48053A38118BFE2
:10A6F000A38110BDB1F90E10FEF756BC013902441A
:10A7000010B5904201D1002005E0037811F8014F07
:10A71000A34201D0181B10BD0130F2E702440346EA
:10A72000934200D1704703F8011BF9E77047704767
:10A7300070470A44431E914200D1704710B511F88A
:10A74000014B914203F8014FF9D110BD062008B525
:10A75000FEF72EFF0120BCF717FA9368013B002B90
:10A76000936010B408DA9469A34201DB0A2903D18B
:10A770005DF8044B00F037B91368581C10600846A8
:10A7800019705DF8044B7047F8B506460F4614463D
:10A79000D518AC4201D1002007E03A4614F8011B5D
:10A7A0003046FFF7DAFF431CF3D1F8BD2DE9F0473F
:10A7B000164698468A6807460B690C46DDF82090D5
:10A7C0009342B8BF1346336091F843200AB1013376
:10A7D00033602368990642BF3368023333602568CB
:10A7E00015F0060506D104F1190AE36832689B1AD0
:10A7F000AB422BDC94F843302268003B18BF0123A6
:10A80000920630D404F1430241463846C84701302D
:10A8100023D023681A3454F80A2C03F00603042BBF
:10A820000ABF54F80E5C002533684FF0000608BFDD
:10A83000ED1A54F8123C08BF25EAE5759342C4BFEF
:10A840009B1AED18B5421AD1002008E001235246A8
:10A8500041463846C847013003D14FF0FF30BDE8CC
:10A86000F0870135C1E7E1185A1C30200233224439
:10A8700081F8430094F8451082F84310C2E70123A1
:10A88000224641463846C8470130E6D00136D9E76E
:10A89000B1F90C202DE9F041170705460C4656D4B6
:10A8A0004B68002B02DC0B6C002B3DDDE66A002EB2
:10A8B0003AD0002312F480522F68216A2B6025D0F1
:10A8C000626DA389580705D56368D21A636B0BB113
:10A8D000236CD21A216A0023E66A2846B047411C3D
:10A8E00024D00023636023692360A389DA0400D5A0
:10A8F0006065616B2F60B9B104F14403994202D0E5
:10A900002846BCF7C9FF002363630DE001232846F6
:10A91000B047461C0246D4D12B68002BD1D01D2B4A
:10A9200001D0162B2AD12F6000202EE02A68B4F91E
:10A930000C3042B11D2A01D0162A21D100236360B8
:10A9400023692360D5E7626022692260CEE70F6940
:10A95000002FE9D093070E680F600CBF4B690023EE
:10A96000A6EB07088B60B8F1000FDDDD43463A46E1
:10A97000216A2846A66AB047002808DCB4F90C30E2
:10A9800043F040034FF0FF30A381BDE8F08107445E
:10A99000A8EB0008E7E738B50B6905460C4613B984
:10A9A0000025284638BD18B1036A0BB9FEF7D2FA64
:10A9B000B4F90C30002BF3D0626ED00704D49905A3
:10A9C00002D4A06DFFF7B3FE28462146FFF760FFD3
:10A9D000636E0546DA07E4D4A3899B05E1D4A06D34
:10A9E000FFF7A6FEDDE7F8B50E461446054618B19A
:10A9F000036A0BB9FEF7AEFAA369A360A3891A072D
:10AA000001D5236943B921462846FEF77BFD18B1DD
:10AA10004FF0FF373846F8BD2368F6B22269374653
:10AA2000981A6369834205DC21462846FFF7B3FF85
:10AA30000028EDD1A368013BA36023685A1C226063
:10AA40001E70431C62699A4204D0A389DB07E1D5DA
:10AA50000A2EDFD121462846FFF79DFF0028D9D0D6
:10AA6000D6E7884210B501EB020402D9844223469E
:10AA700007D8431EA14208D011F8012B03F8012F7B
:10AA8000F8E7024401468A4200D110BD13F8014D97
:10AA900002F8014DF7E71F2938B505460C4604D9E1
:10AAA000162303604FF0FF3038BDC26B12B152F86D
:10AAB00021304BB9284600F016F8224601462846B8
:10AAC000BDE83840FEF77CBD012B0AD0591C03D1EC
:10AAD000162303600120E7E70021204642F82410F6
:10AAE00098470020E0E7BCF755B8C9B203460244D6
:10AAF00010B59342184601D1002003E004780133D9
:10AB00008C42F6D110BD70B50C46B1F90E1096B05E
:10AB1000154600291E460CDAA389002113F0800F88
:10AB200014BF40234FF48063002031602B6016B0C7
:10AB300070BD6A46FEF756FD0028EDDB019901F471
:10AB40007041A1F50053594259414FF48063EBE73E
:10AB50008B89F7B59D0706460C4607D504F14703D8
:10AB6000236023610123636103B0F0BD01AB6A463A
:10AB7000FFF7C9FF009F054630463946BCF781FE06
:10AB800048B9B4F90C309A05EED423F0030343F02E
:10AB90000203A381E2E7A389206043F08003A3813D
:10ABA000019BC4E904075BB1B4F90E103046FEF70F
:10ABB0002BFD28B1A38923F0030343F00103A381F4
:10ABC000A3891D43A581CFE7036A70B505460E46EC
:10ABD00084680BB9FEF7BEF9636EDB0705D4A38961
:10ABE000980502D4A06DFFF7A2FDA389190702D52D
:10ABF0002369002B35D121462846FEF783FC80B31C
:10AC00004FF0FF35636EDA0705D4A3899B0502D4A4
:10AC1000A06DFFF78DFD284670BD002B15DB236866
:10AC20005A1C22601970A36816F8011F013BA3602B
:10AC30000029F2D1002B16DA22460A212846FFF716
:10AC4000D2FE0130DCD00A25DCE7A2699A4201DCA1
:10AC50000A29E4D122462846FFF7C5FE0130E2D199
:10AC6000CEE7013EDFE723685A1C22600A221A70F1
:10AC7000E9E730B514469BB005461A46002C05DAC4
:10AC80008B2303604FF0FF301BB030BD4FF40273D5
:10AC9000009104916946ADF80C3014BF04F1FF3304
:10ACA0002346029305934FF6FF73ADF80E301E9BBB
:10ACB000FEF726FD431CBCBF8B232B60002CE3D08A
:10ACC000009B00221A70DFE7024610B51478134685
:10ACD0000132002CFAD1013B11F8012B03F8012FAE
:10ACE000002AF9D110BDC9B20346184613F8012B4A
:10ACF00012B18A42F9D17047002918BF002070476D
:10AD00000139034610B532B111F8014F013A03F889
:10AD1000014B002CF7D11A440021934200D110BD01
:10AD200003F8011BF9E70A7870B56AB970BD9A4259
:10AD300009D10C46054614F8013F002BF6D015F852
:10AD4000016F9E42F7D001300378002BEFD11846F7
:10AD5000ECE710F8012B11F8013B012A28BF9A42B9
:10AD6000F7D0D01A7047034613F8012B002AFBD105
:10AD7000181A013870472DE9F0471F468E68824641
:10AD80000C46BE4290460B682DD8B1F90C2012F447
:10AD9000906F26D06569096905EB4505A3EB0109AC
:10ADA0007B1C05EBD5754B446D109D4238BF1D468D
:10ADB000530527D52946BCF764FD064660B34A46CD
:10ADC0002169FFF7B6FCA38923F4906343F0800365
:10ADD000A38126614E446561A5EB090526603E46C8
:10ADE000A560BE4200D93E46324641462068FFF784
:10ADF00038FEA36800209B1BA360236833442360B4
:10AE0000BDE8F0872A46BCF7AFFD06460028E0D132
:10AE100021695046BCF740FD0C234FF0FF30CAF8C3
:10AE20000030A38943F04003A381E9E74FF40022F7
:10AE3000184B5A664FF0B4439868C0F304400C288E
:10AE40000AD8DFE800F00B090909090907211909E7
:10AE50001B1D1F0010487047002070479B6803F0BF
:10AE60004073B3F1807F11D0B3F1007F10D00B4A53
:10AE7000002B08BF104670470948704709487047C3
:10AE800009487047094870470948704709487047A2
:10AE90000948704700900050405DC60000093D0021
:10AEA000C0EA210180BA8C010048E801005A620220
:10AEB0000024F40080841E0040420F00014B1868FB
:10AEC000704700BF8C7900200A4B1B6F03F007030B
:10AED000013B032B03D8DFE803F00B030609FEE771
:10AEE000054B18687047044B586870470348704713
:10AEF00003487047008000508C79002080D54302C1
:10AF0000002D310108B5FFF7DFFF044B1B6FC3F3C2
:10AF100003330133B0FBF3F008BD00BF00800050E5
:10AF2000014B5868704700BF8C790020034B5A686A
:10AF3000D20702D5DA69002AF9D1704700800A5099
:10AF400010B54FF480641B4B9C66BFF34F8F01F02C
:10AF5000B4FA01F099FA184B9C6680B1B0F5E02F75
:10AF60001ED012D8B0F5403F1CD009D8B0F5803FB4
:10AF70001AD0B0F5003F08BF2A2018BF012010BD2D
:10AF8000B0F5802F08BF4B20F7E7B0F5302F0DD07C
:10AF9000B0F57F0F0CD0B0F5202F08BF1020ECE7E4
:10AFA0002120ECE72C20EAE74820E8E71120E6E73B
:10AFB0000620E4E70090005000A0005038B5184B80
:10AFC0005A6E42F004025A66D3F8802242F001021F
:10AFD000C3F88022134B5B68C3F3080343B14FF0FF
:10AFE000A842D36B13F0430FFBD11424204638BD85
:10AFF0004FF0A843DC6B14F04304FBD10A4DD5F8A5
:10B00000483A23B9042105F64820D2F789FAD5F841
:10B01000483A013343F00043C5F8483AE6E700BF39
:10B020000080005000ED00E00818002030B50E4C04
:10B03000416123688BB9206083600DE0891A9A68AA
:10B040001D4641616AB113465A698A42F6D935B143
:10B05000A860521A83605A6130BD0025F4E7206071
:10B06000F7E798608260F7E78C1E00200D490B68B7
:10B0700098B100229BB1834203D1836822B90B604F
:10B0800003E01A469B68F5E7936083681BB15A6931
:10B0900041690A445A61002070472220704702200B
:10B0A000704700BF8C1E002038B50025FFF73EFF1B
:10B0B000094B0A489C690A4B1A680368E31A2AB1CB
:10B0C00023B15169994203D3C91A5161046038BD53
:10B0D00055615B1A9268F2E700800A50901E0020CA
:10B0E0008C1E002010B5184CD4E903139942A068B7
:10B0F0004FF0FF3118BF0021FEF733FC10F5007F41
:10B100000AD0124B002893F90620B8BF033040F351
:10B1100087008242B8BF9871E2682AB1EDF710FB50
:10B12000E368013BE36010BD084BA06893F906108B
:10B13000074B19700221074B19708021FEF7F5FCAF
:10B140000028F0D0FEE700BF00640020CC7900208A
:10B150006E2100206D21002038B5A0230C4DEC6C31
:10B160005C4308B9BBF7B0F82B6DB3FBF4F204FBFA
:10B170001233B0FBF4F204FB12002344181AB0FBA4
:10B18000F4F304FB1300A023B0FBF3F080B238BD4E
:10B19000006400202DE9F04F076804469BB0384654
:10B1A0000D46F5F71EFC002800F0CA81204607A9CD
:10B1B000C3F7F8FE002840F0C3819DF81C80B8F169
:10B1C000080F40F0BD81267F16F0100640F0B881D0
:10B1D000FF2D00D1FEE73B7803F00703022B1CD1C3
:10B1E00007A920468DF81C60C4F749F89DF81C108B
:10B1F000002900F0B0813C22C34B02FB05335B7891
:10B200005A1E91420FD08B420CD00133994200F06C
:10B21000138140461BB0BDE8F08F3C22BA4B02FBC5
:10B220000533597801263C220C2312FB053303EB2E
:10B230000613B54E3344A360237FDB0716D43B7857
:10B2400003F00703022B05D102FB05F3F218F154BA
:10B25000536893602046C4F726F83C2303FB056639
:10B26000716820464B1C7360C3F7BCFE0023206846
:10B270000293F5F7B6FB002800F0628120460DF13D
:10B280000701C3F77FFE002840F05A81204602A93B
:10B29000C3F798FE002840F053819C4A03AB02EBB1
:10B2A000C50152F8350049689DF8076003C302984C
:10B2B0001946C1F72FFC20468DF81860C4F704F832
:10B2C000A368861E5FFA86F816F00106139340F015
:10B2D000B5800638C0B20C2800F2B0802046C4F712
:10B2E0005FF83546074603466A1C002B40F0A780EE
:10B2F000EDB2022D38BF02252046022DC5F10F09FF
:10B3000018BF5FFA89F9C4F743F8021E18BF01227B
:10B31000013DA8F10203EDB25B1045EAC30343EA25
:10B32000821303A94A4683460DF11D008DF81C3097
:10B33000FFF7FFF90BA93A460F238A469945C0F05B
:10B34000818007AA1146139801F002F8BBF1000FA3
:10B3500006D002269DF81D308BEA03038DF81D30C0
:10B360004A4603A90DF12D008DF82C50FFF7E1F9A5
:10B3700007AB09F11100C9F10F0200211844FFF7D2
:10B38000CDF910238DF864904FF000092046CDE9E7
:10B390001597CDF850B0CDF85C90ADF86060ADF881
:10B3A00062308DF86580C3F7F3FF834505464FD3C0
:10B3B00026688719B7424CD1159B1D44149B1595DF
:10B3C0009D420AD1BDF8603023B107AA11461398F7
:10B3D00000F0BEFF0023ADF860302046C3F7E0FF69
:10B3E000179B169A0344934205464CD82046C3F750
:10B3F000C5FF002680462F18474545D1179B1D44A1
:10B40000169B17959D4212D3BDF8603023B107AA51
:10B410001146139800F09CFF9DF8642007AB02F1E1
:10B4200011000021C2F10F021844FFF777F9DDE99E
:10B4300016329A426ED0FEE70226F4E6FEE7154683
:10B440001B0A51E7013B01F8012DDBB2120A75E737
:10B45000FEE7BDF86030102B06D107AA11461398FD
:10B4600000F076FFADF86090BDF860305A1C68338C
:10B47000ADF860206B4416F8012B13F84C1C4A40C1
:10B4800003F84C2C96E7FEE7BDF86230102B12D182
:10B490000FA90F200A469DF864C0604505DD11F82C
:10B4A000013D0133DBB20B7093B35146139800F0AA
:10B4B0004FFFADF86260BDF8623098F800905A1CFA
:10B4C0006833ADF862206B4413F82C3C89EA03031F
:10B4D00008F8013BBDF86030102B06D107AA1146D1
:10B4E000139800F035FFADF86060BDF860305A1C6D
:10B4F0006833ADF860206B4413F84C2C89EA0209DC
:10B5000003F84C9C78E700BF2C21002054640020F5
:10B510000138C2E72046C3F7D7FEA6880FAA361A1D
:10B5200051461398256800F013FF002207ABA819B5
:10B530009DF865108A4206DB237F43F010032377D2
:10B540004FF0000865E613F8011B0132DD7F69400A
:10B5500000F8011BECE74FF001085AE6EFF3118207
:10B56000302383F31188074B39B1D96D0843D8656F
:10B5700082F31188BFF36F8F7047D96D21EA000005
:10B58000F5E700BF00640020EFF31182302383F35E
:10B590001188054BDB6D82F31188BFF36F8F034277
:10B5A00014BF0120002070470064002008B502206D
:10B5B000FFF7EAFF28B1034B1B681B681878C0F33C
:10B5C000401008BD6821002008B5074B02201B6809
:10B5D0001B681988FFF7D8FF20B101F00701CB1EC7
:10B5E0005842584108BD00BF6821002010B5FFF740
:10B5F000DDFF00B9FEE70820FFF7C6FF00B9FEE750
:10B6000001214FF48060FFF7A9FF084C0021084892
:10B61000FFF7A4FF00210820FFF7A0FFA068F6F7BE
:10B62000BFFA002384F8603010BD00BF0064002022
:10B630000200010010B5084CA068FEF769F9012866
:10B6400004D001220021A068FEF764F9A068BDE8DB
:10B650001040F6F7A5BA00BF006400202DE9F041C4
:10B660002B4F3B68002B50D05C692A4B002C40D0FC
:10B67000294A2A4E1268144402225A64EFF31088B1
:10B6800072B6FFF753FCB56900F034FEF36C326C10
:10B69000960704D45A1B032A01D89D420FD1631B7D
:10B6A000022B98BFEC1CB4F1FF3F38BF013C00F007
:10B6B00021FE0222194BDC6403F580535A64404694
:10B6C00000F0DDFE164BDA7922B10121114A9164B6
:10B6D0000022DA71002313493A6881F870302AB1E8
:10B6E000D088800709D5012381F870300020BDE89B
:10B6F000F08102225A641A64ECE79268002AF5D0BD
:10B7000050690344012BEBD9F0E72220EFE700BF9B
:10B710008C1E002000900A50901E002000800A50CD
:10B72000CC790020006400202DE9F0410D4616463A
:10B730001F460446002841D00023C361EFF3118364
:10B74000302282F31188DFF88080D8F8000010B131
:10B7500084421ED1012083F31188BFF36F8F78BB21
:10B760009DF81830C4E903602371BDF81C302760D0
:10B77000E380A060FFF7DAFB124B9B692B44A361C7
:10B780004DB9656116B139462046B0470020BDE885
:10B79000F0818068DBE7EFF3108672B6FFF784FC78
:10B7A00029462046FFF742FCD8F800309C4201D1E0
:10B7B000FFF754FF304600F062FEE7E72220E6E79D
:10B7C0000320E4E700800A508C1E002038B50446B0
:10B7D00038B3EFF3108572B6FFF766FC124B1868AA
:10B7E000A04209D02046FFF741FC0446A0B12846FC
:10B7F00000F045FE204638BDFFF738FC044600281F
:10B80000F5D1FFF72BFF222806D10122074BDA7171
:10B81000074B9A6402225A64284600F030FE002446
:10B82000E8E72224E6E700BF8C1E0020CC79002048
:10B8300000A00A502DE9F84FEFF31187302383F36E
:10B840001188594B59491B6C03F0010213F0020F88
:10B8500003F003030B640ED13AB1554A1368013368
:10B860001360FFF721FCFFF7F9FE87F31188BFF3A0
:10B870006F8FBDE8F88F3AB14D4A136801331360FA
:10B88000FFF712FCFFF7EAFEEFF3118A302585F38C
:10B8900011884FF0000BFFF707FC5E46DFF80891B8
:10B8A000444B1C680CB16369D3B10022424B012E9A
:10B8B00083F8712004D11BF0020F18BF83F8716068
:10B8C000FFF7CCFE222806D101223C4BDA71374B20
:10B8D0009A6402225A648AF31188BFF36F8FC4E717
:10B8E00023465A693AB91A792179914288BF1C4690
:10B8F0009B68002BF5D18AF31188BFF36F8FD4F8C2
:10B9000010B0BBF1000F1DD0FFF710FBD9F81820C5
:10B91000A369A2EB030A4FEAEA72DA4572F1000268
:10B9200011DB5B44A361E36813B1204621689847AB
:10B93000B4F806B00136EFF3118A85F31188FFF7EA
:10B94000B3FBADE7DA46EFF3118885F311882046A3
:10B95000FFF78CFB88F31188BFF36F8F2369002BEF
:10B96000E1D0A38BBBEB0A0133B1E28B13449BB252
:10B97000B3F57A7F10D2E383EFF3118A85F3118850
:10B980002046FFF753FBA36922691344A3618AF39E
:10B990001188BFF36F8FC6E7A3F57A73E383A369BA
:10B9A0000139013BA361E7E700800A5000A00A507B
:10B9B000941E00208C1E002000640020CC79002002
:10B9C00038B50C460546BEF77CFC0023844228BFF0
:10B9D00001F1FF311B191DB1024AC2E9023138BD24
:10B9E000014AFAE7581E0020F82000202DE9F04F08
:10B9F0008046900216469946EFB040F12B82BAF786
:10BA000063FC614D02900CA9A868FEF739F9BDF8F6
:10BA100032C0BCF1020F40F21D824EAC0CAF0FCF12
:10BA20000FC43B68BCF1270F23600AD92723BDF858
:10BA30003420ADF83A31262A82BFADF83C310023DC
:10BA40005193A8684EAA2EA9FEF721F99DF83A71E4
:10BA5000002F00F0FF810E9B0DF1B9001B781A90AA
:10BA60000193ADF86C300DF239132493F4F7AFFF66
:10BA700095F87C40002800F00E83002311AF394672
:10BA80001AA83B72C3F70CFE0DF1180B38B93B7ABC
:10BA9000012B2AD0022B2ED00BB98BF808309BF843
:10BAA0000830002C5ED0002B00F0B381022BDFF8B1
:10BAB000E0A0364F26D15846F0F73EF8C4439AF836
:10BAC00000A097F90070C4F3C034D2F721FF0368D7
:10BAD0006BB3082206A998180393FEF70FFE039B89
:10BAE000002800F0F0831B68F2E78BF808303B88F1
:10BAF000ABF80030D3E797E803008BF808308BE809
:10BB00000300CCE7BBF800000393EFF7FBFFC4434F
:10BB1000039B9AF800A0012B97F90070C4F3C0347E
:10BB200005D1D2F7F5FEBBF8002003682BBBEB6C08
:10BB3000002B00F070814FF0000A5146B5F87E30BE
:10BB400023F4FF4343F45063A5F87E30042385F8C3
:10BB50007E30002900F06181BAF1000F00F05D81B4
:10BB6000062725E00A49012B91F800A0074991F921
:10BB70000070D6D0022BA8D0D9E7D988914200F026
:10BB8000A2831B68D2E700BF0064002028210020A8
:10BB9000292100208DF814A0002A40F034811B07D1
:10BBA00000F110814FF0010AEF6C05A9002FC5D1FB
:10BBB000B5F87E30524623F4FF43A5F87E300AF1F3
:10BBC000040385F87E309B2385F88030B82385F800
:10BBD0008130EA2385F882300023914885F883304C
:10BBE000FEF7A7FD0AEB0705063505F0FF0511A8CE
:10BBF000F4F7EAFB00230DF1B9008DF82C308DF835
:10BC000011308DF81230F4F7E2FE002800F02281A6
:10BC10000DF1B900F4F7D5FE002800F01B8109A949
:10BC20001AA8C3F715FD002840F014819DF82C10C8
:10BC3000002900F00F81BDF82400F4F7BBFB0028B9
:10BC400040F008810DF152011AA8C3F729FD002820
:10BC500040F000819DF85A30002B00F0FB800DF180
:10BC6000B900F4F7BEFE002840F0E2800DF1B90003
:10BC7000F4F79CFE0746C3F706F9002800F0FC81A4
:10BC80000DF116011AA8C3F747F9002840F0E28029
:10BC9000BDF81630ADF85E3001238DF861309DF8A7
:10BCA0006E302022002126A88DF89630FEF736FD52
:10BCB0005C4B24A911939DF8113011A88DF86230C6
:10BCC0009DF812308DF86330C3F7C0F924A82146DF
:10BCD000C3F770F8249F3846F4F768FE002D00F093
:10BCE000D78140F4007080B23870000A78701AA8CA
:10BCF000C3F7B4F8014624A8C3F7BAF80DF1B900A8
:10BD0000F4F76FFE60B10DF113011AA8C3F7B7FA8B
:10BD1000002840F09F809DF8131024A8C3F7C3FAB1
:10BD20006DB124A8C3F756FB249F2A463E493844E8
:10BD3000FEF7FFFCBDF894301D44ADF894503B4B2A
:10BD4000DD6C9DB1BDF83200019B4001C0EB43109A
:10BD5000029B00F5F0701844FFF7FEF9074624A88F
:10BD6000ADB2C3F74BFB08B1458007802498F4F7C8
:10BD700038FE28B1002124A8FFF70CFA002869D169
:10BD80000CA800F0C9FB002864D1DDE90E53BDF812
:10BD900034202498002A08BF1D46F4F722FE18B16B
:10BDA0002B7843F004032B701CB12B7863F07F03D6
:10BDB0002B70BDF8942040464EA98DF83821FEF72F
:10BDC00074F847E0012382228237C7EB0727B7FBCD
:10BDD000F2F705AA03F1010AD754E5E68A46394687
:10BDE00095F97D000393DDF7C9FA822200B2C0EB1A
:10BDF0000020B0FBF2F005AA02F80A00BAF1000F29
:10BE000004D1039BCBE64FF0010AE8E74FF0020AAA
:10BE1000CAE61C468BE61D46E9E60625E7E600BFB6
:10BE200084640020020000207E6400200064002062
:10BE30000DF111011AA8C3F7A5F858B99DF81130F2
:10BE4000052B07D10DF112011AA8C3F7ABF8002892
:10BE50003FF40CAFF00106F0807240F16C810220DB
:10BE6000FFF792FB68B110200021FFF777FBFFF787
:10BE70009DFB0446002800F0528101210820FFF7B5
:10BE80006DFB2020FFF780FB06F4005104460028DC
:10BE900000F0628121B101214FF40040FFF75EFB09
:10BEA00016F4404F06D0002148F22000FFF756FB61
:10BEB000FFF7C0FB310740F18880B44D0321A8682B
:10BEC0002EAAFDF7DBFE0146002800F096819DF8C2
:10BED000B830072B40F09181A8684EAAFDF7D3FE39
:10BEE000002840F08A81BDF8BA40309B04F1010A75
:10BEF0001B781FFA8AFA534540F07F81E31E7B2BA3
:10BF000000F27B812EA800F007FB002840F075812D
:10BF1000BDF8BC30002B40F03781319B1F789DF875
:10BF20004531002B00F03E8107F00703022B40F063
:10BF30006481DFF86CB2A868DBF800102EAAFDF768
:10BF4000A6FEABF804A0FFF731FB002837D0904BDA
:10BF5000DBF800201B6892781B689B789A422ED1F0
:10BF60009DF83E31002B00F048810234A8684EA9AC
:10BF7000ADF83C41FDF789FE0446002840F03D81C4
:10BF80009DF846314E998BF815309DF847318BF866
:10BF9000280001208BF81630FFF712FD01214FF425
:10BFA0008070FFF7DBFA21467A48FFF7D7FAFFF7F0
:10BFB0000BFB20B1FA0644BF012385F86030FFF780
:10BFC00003FB10B9A868F5F7EBFDB7014FF00005CA
:10BFD0000CD56E4C29460420FFF7C0FA94F8603067
:10BFE00023B1A068F5F7DCFD84F8605016F0084F27
:10BFF00003D000210420FFF7B1FAB50003D50021DA
:10C000000420FFF7ABFAB40705D50820FFF7BCFA08
:10C0100008B1FFF7EBFA19F4807F21D040464EAA11
:10C020002EA9FDF773FC9DF8B830CBB15A4800211A
:10C03000FFF794FA0420FFF7A7FA18B100210420B3
:10C04000FFF78CFA0220FFF79FFA18B14FF4007047
:10C0500000F05AF90820FFF797FA08B1FFF7C6FA7F
:10C0600019F4007F00F03F810022404611466FB076
:10C07000BDE8F04FF6F704B83846C2F7ACFE00282A
:10C080003FF40DAE0DF116011AA8C2F7D3FEFCE580
:10C0900020F4007027E6012F17D1FCB140464EA9CD
:10C0A000FDF700FF68B99DF84031032B2CD14EA855
:10C0B000EFF742FD0028FFF6CDAE4046FDF7F0FE5B
:10C0C00080B102283FF4C6AEFEE7002CE6D19DF811
:10C0D000B93003F00703012B3FF4BCAE4046FDF737
:10C0E000DFFEC8B90CA800F017FA00287FF4B2AE42
:10C0F000DDE90E32BDF83410002908BF13461A7866
:10C1000062F07F021A70A5E6022B7FF4A3AEBDF8A1
:10C110003801EFF7F7FCCDE70228D5D19AE61B4BA3
:10C120009868F5F73DFD01214FF48070FFF716FA8E
:10C1300021461A48A3E609F002031A4304D04FF43B
:10C14000007000F0E1F89CE606F0A8421A433FF4C4
:10C1500098AE4FF48050F4E749B101214FF480309C
:10C16000FFF7FCF921464020FFF7F8F9A2E609F0B5
:10C1700020030B433FF49EAE4020FFF7EFF94FF44E
:10C18000006000F0C1F895E6309BC7E6006400202F
:10C19000682100200A000100600001000200010087
:10C1A000581E002095F88E3013B9BAF1040F24D030
:10C1B0009DF83E310BB3A86802344EA9ADF83C415E
:10C1C000FDF763FD8346C0B9EFF3108072B6474BAD
:10C1D0005A889C88019200F052F9019AA2420CD030
:10C1E000EFF31182302181F3118841484468631CC8
:10C1F00008D182F31188BFF36F8F00242046F2F735
:10C20000BDF9E2E6214651F80CCBC0F804C082F338
:10C210001188BFF36F8F2EAAA868FDF738FD84F848
:10C2200000A0BDF84C2162709DF84621E2709DF897
:10C230004721A2704E9A84F804B0A260EFF3108AEE
:10C2400072B62A4B598898881A88814214D20A44B7
:10C25000B2FBF0FC00FB1C22013103EB8202D46034
:10C260005980504600F00BF917F0200720D001212B
:10C270000420FFF773F9A8E6D3F808B0BBF1000F6C
:10C2800009D003EB82021846D168D84718B9504646
:10C2900000F0F5F8B2E7154A138802EB8301CC6091
:10C2A00091880133B3FBF1F001FB10331380D8E721
:10C2B00095F86030002B3FF488AEA868F5F770FC65
:10C2C00085F8607081E61B799807C3F38002C3F399
:10C2D00040013FF55FAC002A7FF480AD19077FF580
:10C2E00026AC13466FE56FB0BDE8F08FAC200020A0
:10C2F00098280020034B5A68D20702D59A6D002A6D
:10C30000F9D1704700800A5010B504460220FFF7AB
:10C310003BF9C0B1B4F5007F4FF0010110D12046C8
:10C32000FFF71CF900211020FFF718F9064800213B
:10C33000FFF714F9BDE81040044B1868F5F730BC5E
:10C340004FF48050F0E710BD0A000100086400209F
:10C350004FF4807370B596B00292012421220193AC
:10C36000102303940493059206910794089309926D
:10C3700001AA0A9206AA0B9204220C9211220D9293
:10C380000AAA0E900F92109340F611031193194BC5
:10C3900012930EAB1393184B149346F61103159397
:10C3A000FEF70CFE1428044620D1EFF3108072B67D
:10C3B0004FF0A8431E681D6900F061F84FF0A843D4
:10C3C000032212A95A63196002A919619A63DA6BF0
:10C3D0009207FCD1142C06D1EFF3108072B61E60C8
:10C3E0001D6100F04CF8054B5B6801E00028E5D0CA
:10C3F00016B070BD502200200400002000ED00E0C7
:10C4000080B1036813F4E07F03F03F00C3F38212AE
:10C4100009D0012A06D1064B39B103F58053012218
:10C4200082401A607047034BF6E703F50053F6E7C6
:10C430006880005064800050074A10B512780C469E
:10C440004AB1072807D8054A02EB00131B7B13B13A
:10C45000C9F768FD207010BD581B0020701900201E
:10C46000EFF3108072B67047EFF31180302383F33F
:10C470001188704780F31188BFF36F8F704710B930
:10C4800062B6BFF36F8F70474FF098435A6CD20279
:10C49000FCD5586D00F47020704708B528220021A3
:10C4A000FEF73CF9002008BD036A042B9FBF00EB98
:10C4B00083020133D16003627047036A052B14D8ED
:10C4C0004FF09842116CC902FCD504339B001365F0
:10C4D0000168103B11604168116050F8081F11603D
:10C4E0004FF098420344984200D1704750F8041F1F
:10C4F0001160F8E7836813B9816070475B685A6818
:10C50000012AFBD159607047002070470846B9F7EF
:10C51000AABE1046B9F7A7BE83884BB18268013B1B
:10C520000132826042888380013A42800020704755
:10C53000012070470121FFF763BF000000000000E9
:10C54000F8B500BFF8BC08BC9E467047F8B500BF00
:10C55000F8BC08BC9E4670475FF800F021790020C7
:10C56000B003E2377CF3F2BFBBC4A1CC6435E7DE95
:10C570000053525020436C69656E742063616C6C8B
:10C580006261636B3A2055706461746520737563F2
:10C590006365656465640053525020436C69656E41
:10C5A000742063616C6C6261636B3A204572726FD8
:10C5B000722025640A00206563686F006C65642042
:10C5C0006F6E00526563656976656420554450203E
:10C5D0006D6573736167653A202573202D204C4586
:10C5E00044207475726E6564204F4E0A006C656459
:10C5F000206F666600526563656976656420554400
:10C6000050206D6573736167653A202573202D2076
:10C610004C4544207475726E6564204F46460A008E
:10C620006C656420746F67676C650052656365694B
:10C6300076656420554450206D6573736167653A73
:10C64000202573202D204C454420746F67676C654E
:10C65000640A00526563656976656420554450201C
:10C660006D6573736167653A202573202D20556EC3
:10C670006B6E6F776E20636F6D6D616E640A00651F
:10C6800072726F72203D3D204F545F4552524F529F
:10C690005F4E4F4E45002E2E2F6170705F75647097
:10C6A0005F6C65642E63006F70656E74687265619F
:10C6B000642D6E6F64652D656E61626C6500656DDD
:10C6C0006265646461742D646576696365005F61A9
:10C6D0007070746573742E5F75647000656D62654B
:10C6E00064646174322D646576696365005F6170AE
:10C6F00070746573742E5F746370005761726E6935
:10C700006E673A2073496E7374616E636520697356
:10C71000204E554C4C20696E206170705F696E69C7
:10C720007428292C2053525020696E697420646546
:10C730006C6179656400666433613A623832613AEB
:10C74000383235353A633264623A643332383A34D7
:10C750003361383A623664343A62373830005544CF
:10C7600050206D6573736167652073656E74207307
:10C7700075636365737366756C6C792E00466169C9
:10C780006C656420746F2073656E6420554450207E
:10C790006D6573736167652E204572726F723A2002
:10C7A00025640A0048656C6C6F2066726F6D204FBF
:10C7B00070656E5468726561642055445020436C06
:10C7C00069656E742100C1059ED8367CD50730702E
:10C7D000DD17F70E5939FFC00B316858151164F990
:10C7E0008FA7BEFA4FA4006A09E667BB67AE853C17
:10C7F0006EF372A54FF53A510E527F9B05688C1F60
:10C8000083D9AB5BE0CD19000100000000000000FF
:10C810000000010000000000E361954BC279567CE6
:10C820003FBD88E204A11CC44F70656E54687265F8
:10C8300061642D3133626400004E5854DEAB64D322
:10C840003AFD3AB82A8255C2DB0101001A00000005
:10C8500002020300000000000500000000000000CC
:10C8600000C20100000200000010000000000000F3
:10C870000000000000000000560000000000015B06
:10C880001500000078C80408030000000000000044
:10C890000000000000000000000700080000000089
:10C8A000000000000000000001020405000000007C
:10C8B000000000000000000000063506FEB823D48A
:10C8C000871200001E000000160000005564705F13
:10C8D0006C65645F696E6974000D0A0820080002C7
:10C8E00001000000000800B480C904080100000F26
:10C8F0005EC9040800000000000000000000000005
:10C9000000000000FFFFFFFFFFFFFFFFFFFFFFFF33
:10C9100099DEF836146BC9B1B4D22831FFFFFFFF9E
:10C92000FFFFFFFFFFFFFFFFFFFF16A2E0B8F03E93
:10C9300013DD29455C5C2A3DFFFFFFFF000000007E
:10C94000FFFFFFFFFFFFFFFFBCE6FAADA7179E84C6
:10C95000F3B9CAC2FC632551141C2030400006FF05
:10C960006CFFA1FFBCFFCDFFD8FFE0FFE6FFEAFFB1
:10C97000EEFFF0FFF3FFF4FFF6FFF7FFF7FF000015
:10C98000C800AEFEB400E8087F8DFBFF4E00020336
:10C990006349FFFF2C00AF01EFE5FFFF1B00FF0025
:10C9A000E61A00001100A700DA2800000A00620061
:10C9B0001528000006003B00A821000003000B0022
:10C9C000A10E00004F2B0108712B010885600108A2
:10C9D000952B0108712E01088D32010805350108DB
:10C9E00013B779FAC925DDB7ADF3CFE0F1B614B8C6
:10C9F0000102000000000000FFFFFFFF0200000036
:10CA00000100000000000000000000000000000025
:10CA10000000000000000000000000000000000016
:10CA20000000000000000000000000000000000006
:10CA300098790020101C0020B81D00209479002057
:10CA40009937010875380108993801081527010838
:10CA50005927010870726F636573730048616E64D3
:10CA60006C6572002C20004F70656E5468726561B1
:10CA7000640044656661756C74446F6D61696E0035
:10CA8000526573657420696E666F3A203078257838
:10CA9000202825732900457874656E6465642052EA
:10CAA0006573657420696E666F3A20307825325858
:10CAB0002028257329002573206D6F646520757308
:10CAC000696E6720257320737461636B2028253499
:10CAD0006C7820746F2025346C78292C20535020DA
:10CAE0003D2025346C7800257520627974657320AB
:10CAF000757365642028257525252920696E2025F4
:10CB00007320737461636B20286F7574206F6620C7
:10CB1000257520627974657320746F74616C2900C7
:10CB20005350206973206F75747369646520257391
:10CB300020737461636B2072616E676521004E6FB4
:10CB400020696E74657272757074732061637469A4
:10CB5000766500496E7465727275707473206163D6
:10CB60007469766520286F72207072652D656D700E
:10CB700074656420616E6420737461636B656429FD
:10CB80003A0052657365742063617573653A205786
:10CB900061746368646F6720657870697265642C7E
:10CBA000206E6F2072656C6961626C6520657874B7
:10CBB000726120696E666F726D6174696F6E00528A
:10CBC000657365742063617573653A20576174639A
:10CBD00068646F672063617567687420776974683B
:10CBE00020656E68616E63656420696E666F0049DA
:10CBF0006E737472756374696F6E206164647265BC
:10CC000073733A2025346C78005265736574206321
:10CC1000617573653A204173736572742025733AA8
:10CC2000256C640052657365742063617573653AA1
:10CC30002048617264204661756C74004846535206
:10CC40002E5645435454424C3A206572726F7220FE
:10CC500072656164696E6720766563746F722074B3
:10CC600061626C6520666F7220616E206578636515
:10CC70007074696F6E00484653522E464F524345BA
:10CC8000443A20636F6E666967757261626C6520F5
:10CC90006661756C7420636F756C64206E6F7420B0
:10CCA000616374697661746500484653522E444549
:10CCB0004255474556543A206661756C742072653A
:10CCC0006C6174656420746F206465627567202DE3
:10CCD00020652E672E2C2065786563757465642049
:10CCE000424B5054005265736574206361757365DF
:10CCF0003A204D656D6F7279204D616E6167656D8B
:10CD0000656E74204661756C7400496C6C65676172
:10CD10006C2061636365737320616464726573730F
:10CD20003A2025346C7800434653522E2573005226
:10CD3000657365742063617573653A20427573206D
:10CD40004661756C74004164647265737320697325
:10CD5000206F6620616E20696E73747275637469EA
:10CD60006F6E2061667465722062757320666175EE
:10CD70006C74206F636375727265642C206E6F74BF
:10CD8000207468652063617573652E0043465352B5
:10CD90002E286E6F6E6529206C6F6164206F722083
:10CDA00073746F726520617420616E20696C6C65AC
:10CDB00067616C20616464726573730052657365AA
:10CDC000742063617573653A205573616765204609
:10CDD00061756C7400526573657420636175736569
:10CDE0003A204465627567204D6F6E69746F7220DA
:10CDF0004661756C74002573203D203078253038ED
:10CE00006C78257300736563703235367231007348
:10CE10006563703232347231007365637031393258
:10CE20007231004941434356494F4C3A2061747472
:10CE3000656D7074656420696E737472756374696E
:10CE40006F6E2066657463682066726F6D20612066
:10CE50006E6F2D65786563757465206164647265B5
:10CE60007373004441434356494F4C3A20617474F4
:10CE7000656D70746564206C6F6164206F722073DF
:10CE8000746F726520617420616E20696C6C6567D7
:10CE9000616C2061646472657373004D554E535428
:10CEA0004B4552523A20756E737461636B20667203
:10CEB0006F6D20657863657074696F6E207265743C
:10CEC00075726E2063617573656420616363657359
:10CED000732076696F6C6174696F6E004D53544BAB
:10CEE0004552523A20737461636B696E67206672B3
:10CEF0006F6D20657863657074696F6E206361750E
:10CF0000736564206163636573732076696F6C6118
:10CF100074696F6E004D4D415256414C49443A2060
:10CF20004D4D415220636F6E7461696E732076615E
:10CF30006C6964206661756C7420616464726573E9
:10CF40007300494255534552523A20696E737472C8
:10CF5000756374696F6E20707265666574636820AE
:10CF600063617573656420627573206661756C74A6
:10CF7000005052454349534552523A2070726563FE
:10CF800069736520646174612062757320666175E0
:10CF90006C7400494D5052454349534552523A2012
:10CFA000696D707265636973652064617461206284
:10CFB0007573206661756C7400554E53544B455221
:10CFC000523A20756E737461636B696E67206F6E81
:10CFD00020657863657074696F6E20726574757210
:10CFE0006E2063617573656420646174612062758D
:10CFF00073206661756C740053544B4552523A204D
:10D00000737461636B696E67206F6E20657863650A
:10D010007074696F6E20656E7472792063617573C8
:10D020006564206461746120627573206661756C4B
:10D0300074004246415256414C49443A20424641CE
:10D040005220636F6E7461696E732076616C6964DF
:10D05000206661756C742061646472657373005539
:10D060004E444546494E5354523A207472696564A1
:10D0700020746F206578656375746520616E207516
:10D080006E646566696E656420696E73747275633B
:10D0900074696F6E00494E5653544154453A2069A5
:10D0A0006E76616C69642045505352202D20652EA8
:10D0B000672E2C20747269656420746F2073776901
:10D0C00074636820746F2041524D206D6F64650059
:10D0D000494E5650433A20657863657074696F6EA7
:10D0E0002072657475726E20696E746567726974FA
:10D0F0007920636865636B73206661696C656400A1
:10D100004E4F43503A20617474656D7074656420AD
:10D11000746F2065786563757465206120636F7036
:10D12000726F636573736F7220696E737472756367
:10D1300074696F6E00554E414C49474E45443A2044
:10D14000617474656D7074656420616E20756E61C4
:10D150006C69676E6564206D656D6F7279206163BF
:10D16000636573730044495642595A45524F3A20F9
:10D17000617474656D7074656420746F2065786582
:10D18000637574652053444956206F722055444995
:10D190005620776974682064697669736F72206FAE
:10D1A00066203000000000007AFF809F79FF009F1A
:10D1B00073FF809EECD50408D0D504080000000061
:10D1C000FFFFFFFFFFFFFFFFFEFFFFFFFFFFFFFF70
:10D1D000FFFFFFFFFFFFFFFFB1B946C1ECDEB8FE66
:10D1E00049302472ABE9A70FE7809CE5190521645B
:10D1F0003128D2B4B1C96B1436F8DE99FFFFFFFFB6
:10D20000FFFFFFFFFFFFFFFF1210FF82FD0AFFF489
:10D210000088A143EB20BF7CF69030B00EA88D189B
:10D220001148791EA177F973D5CD246BED111063E8
:10D2300078DAC8FF952B19070100000001000000F3
:10D240000000000000000000FFFFFFFFFFFFFFFFE6
:10D25000FFFFFFFFFFFFFFFF00000000B4FF5523AB
:10D2600043390B27BAD8BFD7B7B04450563241F52F
:10D27000ABB3040C850A05B43D2A5C5C4529DD137B
:10D280003EF0B8E0A216FFFFFFFFFFFFFFFFFFFF2A
:10D29000FFFFFFFF211D5C11D68032342211C256E0
:10D2A000D3C1034AB99013327FBFB46BBD0C0EB724
:10D2B000347E00859981D5446447075AA07543CDD3
:10D2C000E6DF224CFB23F7B5886337BDFFFFFFFF86
:10D2D000FFFFFFFFFFFFFFFF000000000000000056
:10D2E0000000000001000000FFFFFFFF4B60D2279D
:10D2F0003E3CCE3BF6B053CCB0061D65BC8698765E
:10D3000055BDEBB3E7933AAAD835C65A512563FC0D
:10D31000C2CAB9F3849E17A7ADFAE6BCFFFFFFFFB0
:10D32000FFFFFFFF00000000FFFFFFFF96C298D83D
:10D330004539A1F4A033EB2D817D0377F240A4633E
:10D34000E5E6BCF847422CE1F2D1176BF551BF3747
:10D350006840B6CBCE5E316B5733CE2B169E0F7C1A
:10D360004AEBE78E9B7F1AFEE242E34F0300170071
:10D370000001000005CE040802001500E0000000D6
:10D380000FCE040801001300C000000019CE0408ED
:10D39000000000000000000000000000554E4B009F
:10D3A0004649420042544C004558540050575200E0
:10D3B00057444700205357004352530046534800F8
:10D3C00042414400464C540042524F0052300052F9
:10D3D000310052320052330052340052350052367E
:10D3E0000052370052380052390052313000523169
:10D3F000310052313200523133284C5229004D5302
:10D4000050005053500050430078505352004D5339
:10D410005020757365640050535020757365640027
:10D4200043535441434B20626F74746F6D00494302
:10D43000535200534843535200494E545F414354A2
:10D440004956453000494E545F4143544956453191
:10D45000004346535200484653520044465352003C
:10D460004D4D41522F4246415200414653520052C7
:10D470006574300052657431005265743200526533
:10D48000743300526574340052657435004461741D
:10D4900030004461743100005700000001040103B2
:10D4A00003060105010501090600060B0000070B34
:10D4B000050B00000000000000000000000000005C
:10D4C0000100A0020202020264000000B600000097
:10D4D00064000000000100000000000000000000E7
:10D4E000000000000B000000323030313A34383692
:10D4F000303A343836303A3A38383838006465666D
:10D5000061756C742E736572766963652E617270D5
:10D510006100DEAD00BEEF00CAFE78581686FDB48D
:10D52000580FB092546AECBD1566FDDEAD00BEEF3B
:10D5300000003E200000000028D70408D0D60408D0
:10D540009CD6040890D6040888D604087CD6040823
:10D550006CD6040864D6040858D6040848D60408D3
:10D5600028D6040808D6040823CE040863CE04088D
:10D57000D90805089BCE0408DCCE0408D9080508A4
:10D58000D908050815CF040842CF040871CF040854
:10D5900093CF0408B9CF0408F8CF0408D9080508C8
:10D5A000D908050832D004085FD0040895D00408D3
:10D5B000D0D0040800D10408D9080508D908050806
:10D5C000D9080508D908050835D1040865D104082B
:10D5D0000200000000000000000000003B7C00088A
:10D5E0003B7C00084D7800084971000802000000EB
:10D5F000636B000839C7000807690108676B0008FA
:10D600006778000865710008554E4B0055502000A2
:10D610005250200041503000415031004150200014
:10D620004450200044454300554E4B0048524400AE
:10D630004D454D0042555300555347004442470065
:10D64000444D410056435400554E4B004C434B0053
:10D6500058544C004F424600554E4B005646590018
:10D66000494E4800554E4B0041535400554E4B0017
:10D670005242540044534C00454D3400554E4B002B
:10D68000455850004C574D00554E4B004856200011
:10D69000554E4B0050494E00454D3400554E4B0001
:10D6A000474F200042544C004241440046544C0035
:10D6B000465243004F54410044534C0042415000F5
:10D6C00055504700544D450046415500545A4600B8
:10D6D000474F200042544C00474F3200474F330021
:10D6E000474F3400474F3500474F3600474F37000C
:10D6F000474F3800474F3900474F4100474F4200DE
:10D70000474F4300474F4400474F4500474F4600AF
:10D710004A4D5000424452005550520042544D0070
:10D720004D534D0046544C00554E4B000000000038
:10D7300065636B65792E510031352E340061706957
:10D74000006C6576656C00626F6F746C6F61646508
:10D750007200424252205072696D6172793A002023
:10D760004E6F6E650073657276657231363A2030A1
:10D770007825303458007365716E6F3A2020202070
:10D7800025750064656C61793A202020202575207C
:10D79000736563730074696D656F75743A20202535
:10D7A0006C75207365637300746F74616C3A202527
:10D7B0007500667265653A202575006D61782D7576
:10D7C0007365643A2025750025733A202575202558
:10D7D0007520256C750025642064426D006C6E61B7
:10D7E0006761696E00737570706F72746564007044
:10D7F0007265666572726564006C697374007C2082
:10D8000025337520007C2030782530347820007C4A
:10D81000202531306C7520007C2025357520007C5A
:10D820002025347520007C253164007C253375006B
:10D830007C2025316420004368696C642049443AA7
:10D8400020257500526C6F633A20253034780045EE
:10D85000787420416464723A200043534C20537919
:10D860006E6368726F6E697A65643A202564200081
:10D870004E657420446174613A20257500416765E6
:10D880003A20256C75004C696E6B205175616C698E
:10D89000747920496E3A20257500525353493A2035
:10D8A0002564005375706572766973696F6E2049DF
:10D8B0006E74657276616C3A202564002530347888
:10D8C0003A2000636865636B74696D656F757400F9
:10D8D0006661696C636F756E7465720067756172FD
:10D8E0006474696D65006368616E6E656C3A2025CD
:10D8F0007500706572696F643A20256C75757300E8
:10D9000074696D656F75743A20256C757300617369
:10D91000796E630068656C7000757000646F776E77
:10D92000002D7600206F726967696E3A257320704A
:10D930006C656E3A257520707265666572726564F5
:10D940003A25752076616C69643A257500616464D6
:10D95000006C696E6B6C6F63616C00726C6F63005E
:10D960006D6C65696400506172746974696F6E20D2
:10D9700049443A20256C7500576569676874696E7B
:10D98000673A20257500537461626C6520446174A8
:10D99000612056657273696F6E3A202575004C657B
:10D9A0006164657220526F757465722049443A2033
:10D9B000257500796573006E6F00506F776572533F
:10D9C0007570706C792020202020203A202573006B
:10D9D0004973426F72646572526F7574657220206C
:10D9E000203A20257300537570706F72747343630F
:10D9F0006D2020202020203A202573004973556E89
:10DA0000737461626C65202020202020203A20253C
:10DA1000730057656967687441646A7573746D65EE
:10DA20006E74203A202564002D70006C696E6B7155
:10DA300075616C697479007C202533632020007C3B
:10DA40002025336C7520007C2025386420007C2044
:10DA50002539642000207C20253764207C007C2030
:10DA6000307825303478207C200025752E25303202
:10DA70007500207C2025397320252520007C202559
:10DA8000377320252520007C2025376420007C204A
:10DA900025356C75207C00636F6E6E74696D650052
:10DAA000207C202531367300207C202531367320E0
:10DAB0007C00206167653A256C7520636F6E6E2D62
:10DAC00074696D653A256C75007C20252D3437739B
:10DAD00020007C20252D343773207C007C202534C9
:10DAE00075207C2000253475207C20253475207C11
:10DAF00000253473207C20253473207C0030782569
:10DB000030347820636F73743A257500526C6F63FC
:10DB10003A202578004C696E6B205175616C6974F0
:10DB200079204F75743A2025750043534C20636C5F
:10DB30006F636B2061636375726163793A20257549
:10DB40000043534C20756E6365727461696E74791D
:10DB50003A202575007365617263680073746F7095
:10DB6000002D49002D6D0050696E67696E67207346
:10DB7000796E74686573697A6564204950763620D9
:10DB8000616464726573733A20006D6163006D6C4B
:10DB900065005478546F74616C3A20256C750025CB
:10DBA000733A20256C75005278546F74616C3A207A
:10DBB000256C750025733A2025750054696D652024
:10DBC0002573204D696C6C693A200054696D65209D
:10DBD000547261636B6564204D696C6C693A200016
:10DBE000556E6B6E6F776E4572726F725479706599
:10DBF000004572726F722025753A20257300446FBC
:10DC00006E650046696E6973686564206465746159
:10DC10006368696E670069696400636C65617200BE
:10DC200072657163616C6C6261636B002063616E2D
:10DC300045766963743D256400207472616E735487
:10DC4000696D653D256C75206569643D00207469CA
:10DC50006D656F75743D2575002072657472794429
:10DC6000656C61793D25752072616D70446F776ECA
:10DC70003D2564006C6C61746E00726C61746E00A2
:10DC80004E7874486F70006D61786C656E6774686B
:10DC9000007374656572696E6764617461004C6FCE
:10DCA00063616C20416464726573730050656572D2
:10DCB000204164647265737300524C4F43313600E7
:10DCC000457874656E646564204D4143004C617312
:10DCD0007420486561726420284167652900436F9C
:10DCE0006E6E656374696F6E2054696D650046726F
:10DCF000616D65204572726F72004D7367204572C9
:10DD0000726F720041766720525353004C617374F6
:10DD100020525353004167650041766720525353A8
:10DD200049004C61737420525353490052005665A8
:10DD30007273696F6E006D676D740070726F6265EB
:10DD40000071756572790072657175657374006232
:10DD50006174746572790065787465726E616C00C7
:10DD600065787465726E616C2D737461626C6500A8
:10DD700065787465726E616C2D756E737461626C1A
:10DD8000650074687265616400736C61616300644E
:10DD900068637036006D616E75616C00736E6F6FD5
:10DDA000700072657472790062726F7773650072C9
:10DDB00065736F6C7665007265736F6C76653400A1
:10DDC00073657276696365686F7374004E65747706
:10DDD0006F726B204E616D6500457874656E646589
:10DDE000642050414E004D4143204164647265738C
:10DDF00073004368004C5149005478537563636560
:10DE000073730054784661696C6564005278537589
:10DE100063636573730052784661696C6564005290
:10DE20006F6C652044697361626C656400526F6C4D
:10DE30006520446574616368656400526F6C652099
:10DE40004368696C6400526F6C6520526F7574652D
:10DE50007200526F6C65204C6561646572005061A0
:10DE600072746974696F6E204964204368616E67DB
:10DE700065730042657474657220506172746974D0
:10DE8000696F6E2041747461636820417474656DBC
:10DE90007074730042657474657220506172656EAF
:10DEA000742041747461636820417474656D70748A
:10DEB0007300506172656E74204368616E676573AC
:10DEC000005278556E696361737400527842726FC4
:10DED00061646361737400527844617461005278C4
:10DEE00044617461506F6C6C005278426561636F7D
:10DEF0006E005278426561636F6E5265717565732D
:10DF0000740052784F74686572005278416464728C
:10DF100065737346696C7465726564005278446514
:10DF200073744164647246696C746572656400520E
:10DF3000784475706C6963617465640052784572E9
:10DF4000724E6F4672616D650052784572724E6F07
:10DF5000556E6B6E6F776E4E65696768626F7200A3
:10DF60005278457272496E76616C6964537263418E
:10DF7000646472005278457272536563005278454A
:10DF800072724663730052784572724F746865729C
:10DF9000005478556E696361737400547842726FEF
:10DFA00061646361737400547841636B5265717589
:10DFB000657374656400547841636B6564005478DC
:10DFC0004E6F41636B52657175657374656400547F
:10DFD000784461746100547844617461506F6C6C72
:10DFE000005478426561636F6E00547842656163E6
:10DFF0006F6E526571756573740054784F746865FF
:10E000007200547852657472790054784572724384
:10E010006361005478457272427573794368616E2A
:10E020006E656C00547845727241626F7274005470
:10E03000784469726563744D61785265747279458C
:10E040007870697279005478496E64697265637496
:10E050004D61785265747279457870697279004CB7
:10E060005120496E00435F564E005665720043537F
:10E070004C00514D7367436E740053757072767324
:10E080006E00366C6F2073656E6400366C6F2072A4
:10E0900065617300697036006D706C00636F61704C
:10E0A00020736563757265006170706C696361747B
:10E0B000696F6E20636F6170004F4B0044726F7028
:10E0C000004E6F42756673004E6F526F7574650037
:10E0D0004275737900506172736500496E76616CA8
:10E0E000696441726773005365637572697479007E
:10E0F000416464726573735175657279004E6F4146
:10E10000646472657373004E6F74496D706C656DF5
:10E11000656E74656400496E76616C696453746100
:10E120007465004E6F41636B004368616E6E656C91
:10E130004163636573734661696C7572650046631C
:10E1400073457272004E6F4672616D65526563650C
:10E150006976656400496E76616C6964536F7572A7
:10E160006365416464726573730044657374696EBA
:10E170006174696F6E4164647265737346696C742F
:10E1800065726564004E6F74466F756E6400416C15
:10E190007265616479005265736572766564457273
:10E1A000726F7232350049707636416464726573FD
:10E1B000734372656174696F6E4661696C757265EF
:10E1C000004E6F7443617061626C650052657370DC
:10E1D0006F6E736554696D656F7574005265617318
:10E1E00073656D626C7954696D656F7574004E6FFF
:10E1F00074546D66004E6F6E4C6F7770616E446143
:10E2000074614672616D650052657365727665640E
:10E210004572726F723333004C696E6B4D61726779
:10E22000696E4C6F7700496E76616C6964436F6DFF
:10E230006D616E640050656E64696E670052656A58
:10E240006563746564002A8648CE3D030101002A97
:10E250008648CE3D03010700534C2D4F50454E5488
:10E2600048524541442F322E372E322E305F4769B7
:10E27000744875622D6662303434366635333B201F
:10E2800045465233323B204A616E203134203230D1
:10E2900032362031313A32383A323000080000004C
:10E2A00082E00408100000008BE004081800000061
:10E2B00094E004082000000098E004082800000012
:10E2C0008EDB040830000000B4E0040838000000D1
:10E2D0009CE0040840000000A8E0040805080C0CBD
:10E2E000070601010103030707120000F3F4040805
:10E2F000B9DC0408D4E1040815DD04085FE0040873
:10E3000065E004082CDD040826080508E4DD04089F
:10E310006AE004086EE0040872E004087AE0040889
:10E32000C0DC0408A8DD04086948020800000000F9
:10E3300068F604082D4602080000000041DD0408CC
:10E340002949020800000000AFDD040889470208DF
:10E3500000000000B7DD0408F947020800000000D3
:10E3600020FA04081949020800000000C0DD040872
:10E37000214902080000000068F60408BF120208E4
:10E380000000000036DD04087929020800000000C2
:10E390003BDD04082F6502080000000041DD040891
:10E3A000692902080000000047DD04081D06020874
:10E3B000000000008ADC04082D2B02080000000089
:10E3C00087DC0408512B020800000000B7F904089C
:10E3D000FD2F02080000000091DC04081507020868
:10E3E00000000000FF02000000000000000000002C
:10E3F00000000001E4E70408FF0300000000000043
:10E400000000000000000002E4E30408756E6B6E7B
:10E410006F776E0082DD040889DD04088FDD040853
:10E4200095DD04084FDD040857DD040860DD0408AD
:10E4300070DD04080608050A0B010101120900003D
:10E4400026F90408B9DC040815DD040819DD040800
:10E4500022DD04082CDD040826080508E4DD040894
:10E46000C0DC04082EDD040808120D0B090A0700A1
:10E47000B9DC0408C0DC0408EEDC0408FADC04089B
:10E4800004DD04080CDD040815DD0408081212126E
:10E49000B9DC0408C0DC0408CDDC0408DEDC0408B8
:10E4A000313100009EDC0408ACDC040806060600DE
:10E4B000F3F4040880DC0408A5FA040846E2040822
:10E4C0000800000019CE040819CE0408010000005D
:10E4D000F8E70408050000000FCE04080FCE04087A
:10E4E000020000004FE204080800000005CE040806
:10E4F00005CE04080300000000000000000000003A
:10E50000000000000000000000000000404000008B
:10E5100040408080808000009088684850534100CF
:10E520004B455900000000007AFF80AF79FF00AF33
:10E5300073FF80AE081C400920400000040000006A
:10E5400091DF0408080000009BDF04080C000000B5
:10E55000A7DF040810000000B6DF04081400000064
:10E56000BEDF040818000000CFDF04081C00000014
:10E57000D6DF040820000000E1DF040824000000CA
:10E58000EADF040828000000FADF04082C0000007D
:10E5900002E00408380000000AE00408400000001F
:10E5A00013E004083C00000024E0040830000000F0
:10E5B0002FE004083400000046E004084800000092
:10E5C000C1DE04084C000000CBDE0408500000004F
:10E5D000D7DE040854000000DEDE04085800000006
:10E5E000E9DE04085C000000F2DE040860000000C0
:10E5F00002DF0408640000000ADF0408680000006D
:10E600001CDF04086C0000002FDF0408700000000D
:10E610003CDF04087400000049DF040878000000B3
:10E6200060DF04087C00000074DF04088000000044
:10E630007DDF04088400000086DF0408000000007D
:10E640001FDE0408020000002DDE040804000000A4
:10E650003BDE04080600000046DE04080800000057
:10E6600052DE04080A00000084DE04080C000000EA
:10E670005EDE04080E00000073DE040810000000D7
:10E6800094DE040848000000B2DE04081800000010
:10E6900024DE04082000000032DE04082800000008
:10E6A00040DE0408300000004BDE040838000000A3
:10E6B00057DE040800000000F9DD0408080000002F
:10E6C00003DE0408040000000CDE04080C00000057
:10E6D00016DE0408B9E0040818DE0408BCE00408EB
:10E6E000C1E00408C8E00408D0E00408D5E004084C
:10E6F000DBE00408E7E00408F0E00408FDE00408BB
:10E7000029E0040807E1040816E1040823E10408ED
:10E7100029E1040832DE04083EE1040845E104086A
:10E7200050DF040855E1040875E104086AE10408B3
:10E7300085E104088EE1040896E10408A6E10408D6
:10E74000C1E10408CCE1040831DF0408DCE104087D
:10E75000EEE10408F5E1040808E2040818E2040800
:10E7600026E2040835E204083DE204080000000047
:10E770007BFF80B079FF80B078FF80B176FF00B179
:10E780006CFF00B36BFF00B2121206120405050005
:10E79000CCDD0408D9DD0408E2DD0408E6DD040868
:10E7A000F2DD0408D9D70408F5DD040841F60408B1
:10E7B0009CDD040841DD0408A2DD0408FF0200001E
:10E7C000000000000000000000000002F8E3040860
:10E7D000FF0300000000000000000000000000FC3B
:10E7E00000000000FF030000000000000000000027
:10E7F00000000001D0E704082B81040021006D6FA8
:10E8000064656C00737776657273696F6E00617012
:10E810007075726C0070656E64696E670073696E06
:10E82000676C6500666F7277617264006368656328
:10E830006B002D75002D62002D68006E6577002538
:10E84000732D2530347800746C767300656E6861C2
:10E850006E6365642D61636B0072656769737465CF
:10E8600072000D0A0072656D6F766500616C6C0058
:10E870006765740025783A25783A25783A25783AFC
:10E880003A2F3634002575207061636B65747320F0
:10E890007472616E736D69747465642C20257520C3
:10E8A0007061636B65747320726563656976656416
:10E8B0002E00205061636B6574206C6F7373203D74
:10E8C00020256C752E257525252E0020526F756E1E
:10E8D000642D74726970206D696E2F6176672F6D7B
:10E8E0006178203D2025752F25752E25752F2575DE
:10E8F000206D732E00444E5320726573706F6E73DB
:10E900006520666F72202573202D20002054544C02
:10E910003A256C7520003A3A002F2564004546528E
:10E920003332005458005258002563005B25732091
:10E930006C656E3D253033755D0020253032580002
:10E94000202020007C20252D31367320007C2025BE
:10E95000303478207C2000207C2025327520007CFB
:10E960002025336420007C20253375207C007C200A
:10E97000253275207C20253464207C0074727565F6
:10E980000066616C736500636C69656E7400696E26
:10E9900076616C69640064657461636865640063D2
:10E9A00068696C6400726F75746572006C6561648F
:10E9B000657200616C7473686F7274616464720074
:10E9C0007265747269657300696E646972656374F7
:10E9D000006E6F6E70726566657272656463686101
:10E9E0006E6E656C73007E20446973636F7665722A
:10E9F0007920526571756573742066726F6D2000A1
:10EA00003A2076657273696F6E3D25752C6A6F6961
:10EA10006E65723D25640063616C63756C6174653D
:10EA20000076616C6964617465002420257300546C
:10EA3000686520636F6D6D616E6420226C696E6B1A
:10EA40006D657472696373207175657279222068CF
:10EA50006173206265656E207265706C61636564C8
:10EA60002062792074686520636F6D6D616E64202B
:10EA7000226C696E6B6D6574726963732072657167
:10EA800075657374222E0054686520636F6D6D6127
:10EA90006E6420226C696E6B6D657472696373209D
:10EAA0006D676D742220686173206265656E2072E7
:10EAB00065706C61636564206279207468652063A9
:10EAC0006F6D6D616E6420226C696E6B6D65747222
:10EAD00069637320636F6E666967222E00202D20A4
:10EAE00050445520436F756E7465723A20256C75DD
:10EAF0002028436F756E742F53756D6D6174696F47
:10EB00006E2900202D204C51493A2025752025736F
:10EB100000202D204D617267696E3A2025752028EE
:10EB200064422920257300202D20525353493A2056
:10EB30002564202864426D2920257300556E6B6E74
:10EB40006F776E206572726F72004F746865722005
:10EB50006572726F72005265636569766564204CF8
:10EB6000696E6B204D657472696373205265706FB6
:10EB700072742066726F6D3A20004C696E6B204D86
:10EB8000657472696373205265706F72742C2073A0
:10EB900074617475733A20257300526563656976F4
:10EBA0006564204C696E6B204D65747269637320D7
:10EBB0006461746120696E20456E682041636B203A
:10EBC00066726F6D206E65696768626F722C207364
:10EBD000686F727420616464726573733A3078256B
:10EBE000303278202C20657874656E64656420610D
:10EBF0006464726573733A0052656365697665642F
:10EC0000204C696E6B204D657472696373204D6191
:10EC10006E6167656D656E7420526573706F6E739B
:10EC2000652066726F6D3A20005374617475733A93
:10EC30002025730050726566697865733A00202557
:10EC400073202530347800526F757465733A005321
:10EC5000657276696365733A00207300202530344D
:10EC60007820257500436F6E74657874733A00439D
:10EC70006F6D6D697373696F6E696E673A002065B9
:10EC80000025752062797465732066726F6D2000AF
:10EC90003A2069636D705F7365713D257520686CFE
:10ECA000696D3D25752074696D653D25756D730031
:10ECB0006E616D653A00286E756C6C29002C2073AE
:10ECC000746174653A25732C2061646472733A0030
:10ECD0006175746F00696E7374616E63653A2225A5
:10ECE00073222C206E616D653A222573002C2573EA
:10ECF00000222C2073746174653A25732C20706F88
:10ED000072743A25642C207072696F726974793A52
:10ED100025642C207765696768743A25640053522E
:10ED20005020636C69656E742063616C6C62616312
:10ED30006B202D206572726F723A257300486F73D5
:10ED40007420696E666F3A00536572766963652058
:10ED50006C6973743A0052656D6F766564207365F3
:10ED60007276696365206C6973743A002564206269
:10ED7000797465732066726F6D2000456E61626CF8
:10ED800065640052784F6E5768656E49646C653AE9
:10ED900020256400446576696365547970653A207E
:10EDA0002564004E6574776F726B446174613A201C
:10EDB000256400506F72743A25642C205072696F7C
:10EDC000726974793A25642C205765696768743ACA
:10EDD00025642C2054544C3A256C7500486F73748C
:10EDE0003A257300486F7374416464726573733AB3
:10EDF000005458543A002E2E2E5D00444E5320717C
:10EE00007565727920726573706F6E736520666FB9
:10EE1000722025732000257529005265636F726486
:10EE2000547970653A25752C205265636F72644C75
:10EE3000656E6774683A25752C2054544C3A256CDD
:10EE4000752C2053656374696F6E3A2573004E61AB
:10EE50006D653A2573005265636F72644461746135
:10EE60003A5B002E2E2E007C20252A73007C252A5A
:10EE70002E2A73002B007C2025387520007C20254D
:10EE8000397520007C202536752000416C6C6F633D
:10EE90003A202564004E65787420486F703A20252A
:10EEA000303478004C696E6B3A2025640041676508
:10EEB0003A20257500656E65726779006469736133
:10EEC000626C650053796E74686573697A65642055
:10EED0004950763620444E53207365727665722011
:10EEE000616464726573733A2000646973616C6C69
:10EEF0006F77005365727665723A200052657370C1
:10EF00006F6E736554696D656F75743A20256C7505
:10EF1000206D73004D61785478417474656D707420
:10EF2000733A20257500526563757273696F6E447C
:10EF30006573697265643A2025730053657276695A
:10EF400063654D6F64653A202573004E61743634F5
:10EF50004D6F64653A20257300436F6E6E65637470
:10EF6000696E6720746F2073796E74686573697A4F
:10EF70006564204950763620616464726573733A23
:10EF8000200053656E64696E6720746F2073796E1C
:10EF900074686573697A65642049507636206164C7
:10EFA00064726573733A20002D73002D7400444918
:10EFB00041475F4745542E7273702F616E73206610
:10EFC000726F6D20004578742041646472657373BC
:10EFD0003A2000526C6F6331363A20307825303455
:10EFE00078004D6F64653A00436F6E6E65637469B7
:10EFF000766974793A00506172656E745072696F07
:10F00000726974793A202564004C696E6B517561A0
:10F010006C697479333A202575004C696E6B5175B3
:10F02000616C697479323A202575004C696E6B51B8
:10F0300075616C697479313A202575004C6561649D
:10F040006572436F73743A20257500496453657186
:10F0500075656E63653A2025750041637469766550
:10F06000526F75746572733A20257500536564425A
:10F07000756666657253697A653A20257500536531
:10F0800064446174616772616D436F756E743A2098
:10F09000257500526F757465446174613A00526F52
:10F0A00075746549643A20307825303278004C69AF
:10F0B0006E6B5175616C6974794F75743A20257562
:10F0C000004C696E6B5175616C697479496E3A20B8
:10F0D000257500526F757465436F73743A202575FA
:10F0E00000456E68526F7574653A002D20526F7539
:10F0F00074657249643A252D327500205468652084
:10F100007175657269656420646576696365002060
:10F110004861734C696E6B3A252D3373204C696ED0
:10F120006B5175616C6974794F75743A2575204C13
:10F13000696E6B5175616C697479496E3A257520F9
:10F14000004E657874486F703A6E61204E65787431
:10F15000486F70436F73743A6E61004E65787448FF
:10F160006F703A252D3275204E657874486F704364
:10F170006F73743A2575004C656164657220446153
:10F1800074613A00506172746974696F6E49643ACF
:10F190002030782530386C7800537461626C654497
:10F1A00061746156657273696F6E3A202575004C03
:10F1B0006561646572526F7574657249643A203096
:10F1C0007825303278004E6574776F726B20446119
:10F1D00074613A200049503620416464726573734B
:10F1E000204C6973743A004D414320436F756E742F
:10F1F0006572733A004D4C4520436F756E746572AD
:10F20000733A0042617474657279204C6576656C5E
:10F210003A202575252500537570706C7920566F3E
:10F220006C746167653A2025756D56004368696C9A
:10F2300064205461626C653A004368696C64496497
:10F240003A203078253034780054696D656F7574D4
:10F250003A202575004C696E6B205175616C69749C
:10F26000793A202575004368616E6E656C205061A7
:10F270006765733A2027004D6178204368696C64A4
:10F280002054696D656F75743A20256C750045557D
:10F290004936343A200056656E646F72204E616DB7
:10F2A000653A2025730056656E646F72204D6F6459
:10F2B000656C3A2025730056656E646F7220535753
:10F2C0002056657273696F6E3A2025730056656E1D
:10F2D000646F72204170702055524C3A20257300A3
:10F2E00054687265616420537461636B2056657263
:10F2F00073696F6E3A202573004E6F6E2D707265C4
:10F30000666572726564204368616E6E656C732019
:10F310004D61736B3A203078256C7800444E532051
:10F3200062726F77736520726573706F6E7365209C
:10F33000666F7220257300444E53207365727669A0
:10F340006365207265736F6C7574696F6E2072658A
:10F3500073706F6E736520666F7220257320666F01
:10F3600072207365727669636520257300546F415E
:10F37000646400416464696E6700546F526566722C
:10F380006573680052656672657368696E670054DC
:10F390006F52656D6F76650052656D6F76696E6749
:10F3A00000526567697374657265640052656D6FBC
:10F3B000766564006D656400686967680043616E26
:10F3C0006E6F7420737570706F7274206E65772025
:10F3D000736572696573005365726965732049448A
:10F3E00020616C7265616479207265676973746508
:10F3F00072656400536572696573204944206E6FBD
:10F4000074207265636F676E697A6564004E6F2061
:10F410006D61746368696E672073657269657320D6
:10F42000494400616E7377657200617574686F722C
:10F43000697479006164646974696F6E616C0075E8
:10F440006E7370656300737276007372765F7478A2
:10F4500074007372765F7478745F73657000737292
:10F46000765F7478745F6F70740050656E64696E57
:10F47000672054696D657374616D700070656E64AA
:10F48000696E6774696D657374616D700041637452
:10F490006976652054696D657374616D7000616390
:10F4A0007469766574696D657374616D7000576118
:10F4B0006B652D7570204368616E6E656C007761B9
:10F4C0006B6575706368616E6E656C004368616E34
:10F4D0006E656C204D61736B006368616E6E656C68
:10F4E0006D61736B0044656C6179004578742050E0
:10F4F000414E2049440065787470616E6964004D26
:10F50000657368204C6F63616C2050726566697822
:10F51000006D6573686C6F63616C707265666978A5
:10F52000004E6574776F726B204B6579006E657461
:10F53000776F726B6B6579006E6574776F726B6E47
:10F54000616D650050534B630070736B63005365CE
:10F5500063757269747920506F6C696379007365A3
:10F56000637572697479706F6C6963790061747422
:10F5700061636874696D65006262720062756666D7
:10F580006572696E666F0063636174687265736843
:10F590006F6C64006368696C646970006368696CAF
:10F5A000646D6178006368696C64726F757465720C
:10F5B0006C696E6B73006368696C647375706572F7
:10F5C000766973696F6E006368696C6474696D65F0
:10F5D0006F757400636F6E746578747265757365AA
:10F5E00064656C617900636F756E74657273006336
:10F5F000736C00646174617365740064656275673F
:10F600000064656C617974696D65726D696E006422
:10F6100065746163680064657669636570726F70B4
:10F620007300646973636F76657200646E7300645F
:10F630006F6D61696E6E616D65006475610065690D
:10F640006463616368650065756936340065787464
:10F650006164647200666163746F72797265736568
:10F66000740066656D006966636F6E666967006940
:10F670006E7374616E63656964006970616464725D
:10F680000069706D61646472006A6F696E657270A2
:10F690006F7274006B657973657175656E63650073
:10F6A0006C656164657264617461006C6561646558
:10F6B00072776569676874006C696E6B6D657472EA
:10F6C000696373006C6F67006D756C746972616457
:10F6D000696F006E65696768626F72006E65746459
:10F6E000617461006E657473746174006E65747723
:10F6F0006F726B646961676E6F73746963006E65C6
:10F7000074776F726B696474696D656F7574006E80
:10F710006574776F726B6B6579726566006E65787C
:10F7200074686F7000706172656E740070617265EC
:10F730006E747072696F7269747900706172746945
:10F7400074696F6E69640070696E6700706C6174D3
:10F75000666F726D00706F6C6C706572696F6400BB
:10F76000707265666572726F757465726964007037
:10F77000726F6D697363756F75730070736B63720D
:10F7800065660072637000726567696F6E0072650E
:10F790006C65617365726F75746572696400726C13
:10F7A0006F63313600726F75746572646F776E6760
:10F7B000726164657468726573686F6C6400726FFF
:10F7C00075746572656C696769626C6500726F75E6
:10F7D00074657273656C656374696F6E6A6974745D
:10F7E000657200726F7574657275706772616465B9
:10F7F0007468726573686F6C64007363616E007324
:10F80000696E676C65746F6E0073727000746172FC
:10F81000676574706F776572007478706F77657262
:10F8200000756E736563757265706F7274007570C4
:10F8300074696D650076656E646F720076657268D6
:10F840006F656666004966496E556E6B6E6F776EC2
:10F8500050726F746F73004966496E4572726F72B1
:10F86000730049664F75744572726F727300496612
:10F87000496E5563617374506B7473004966496EC9
:10F8800042726F616463617374506B747300496694
:10F89000496E44697363617264730049664F75749D
:10F8A0005563617374506B74730049664F7574428D
:10F8B000726F616463617374506B74730049664F57
:10F8C0007574446973636172647300547261636B2D
:10F8D000656454696D650044697361626C65645464
:10F8E000696D6500446574616368656454696D653C
:10F8F000004368696C6454696D6500526F75746586
:10F900007254696D65004C656164657254696D651A
:10F910000044697361626C6564526F6C6500446594
:10F92000746163686564526F6C65004368696C64F8
:10F93000526F6C6500526F75746572526F6C650022
:10F940004C6561646572526F6C65005061727469D8
:10F9500074696F6E49644368616E676573004265E0
:10F9600074746572506172746974696F6E417474F5
:10F97000616368417474656D707473005061726581
:10F980006E744368616E6765730062696E640063DC
:10F990006C6F736500636F6E6E656374006C696E87
:10F9A0006B7365637572697479006F70656E006E54
:10F9B0006574646174612073686F77006E65746448
:10F9C0006174612073686F77202D78006368696CBB
:10F9D00064207461626C65006E65696768626F724D
:10F9E000207461626C6500726F7574657220746159
:10F9F000626C650073727020636C69656E7420734D
:10FA0000746174650073727020636C69656E742034
:10FA1000686F73740073727020636C69656E742014
:10FA2000736572766963650073727020636C6965D3
:10FA30006E74207365727665720064656C617974AA
:10FA4000696D657200636F6D6D697400696E6974CC
:10FA5000006D676D74676574636F6D6D616E6400D2
:10FA60006D676D74736574636F6D6D616E64006452
:10FA7000697361626C6564006175746F737461723F
:10FA800074006B65796C65617365696E7465727617
:10FA9000616C0074746C004E65787420486F70005F
:10FAA0005061746820436F7374004C51204F75741B
:10FAB000004C696E6B00000000000000590000005F
:10FAC0006AF404087CF404088DF404089EF4040825
:10FAD000B6F40408C4F40408AEF40408BEF4040840
:10FAE000CCF40408D9F40408E5F40408E0F50408AB
:10FAF000EBF40408F6F40408FFF4040811F5040814
:10FB000021F504082DF50408CCDD040838F50408B7
:10FB1000EFF40408F9F4040844F5040849F504086E
:10FB20004EF504085EF5040878FA0408014402085A
:10FB30000000000023DC04087744020800000000F5
:10FB400010FA0408D93102080000000082FA040803
:10FB5000751102080000000085FA0408651102080A
:10FB60000000000033FA0408D13002080000000051
:10FB700020FA04088D350208000000007CFA040811
:10FB80000D08020800000000FFF90408013902080E
:10FB9000000000005CDB04084508020800000000CB
:10FBA00093FA040885110208000000006FFA0408A7
:10FBB00096E904089FE90408A5E90408ACE90408EB
:10FBC0004CCB040809180208000000001ADC0408E5
:10FBD000110202080000000045FA0408F9030208B7
:10FBE000000000004CFA0408890F02080000000021
:10FBF00051FA0408210502080000000060FA040818
:10FC0000410402080000000015E804085518020825
:10FC100000000000F7F50408A5030208000000003A
:10FC200047E80408A1180208000000008AF9040847
:10FC300063080208000000008FF90408E1080208C8
:10FC40000000000095F90408B14902080000000016
:10FC50009DF904089544020800000000AAF9040870
:10FC60004F4B02080000000086E00408814B0208A8
:10FC7000000000006DF5040831A20108000000003A
:10FC800078F5040869A20108000000007CF504086A
:10FC900021A301080000000087F5040861A4010801
:10FCA00000000000C4F4040829A5010800000000B9
:10FCB0009FE904088DA501080000000094F50408E0
:10FCC00059A80108000000009CF50408B1A901082A
:10FCD00000000000A5F50408D5110208000000008E
:10FCE000B6F50408E1A9010800000000C7F5040802
:10FCF0007DAA010800000000D4F5040891AA0108BB
:10FD000000000000E6F5040845E9010800000000D5
:10FD1000EFF5040801AB010800000000F3F504084A
:10FD2000BD20020800000000FBF504086D27020852
:10FD30000000000001F6040819AC010800000000F2
:10FD40000FF6040879AC01080000000016F604085C
:10FD500055B501080000000022F60408CDF801089E
:10FD6000000000002BF60408B9AC010800000000F8
:10FD70002FF60408F9A20108000000003AF6040872
:10FD8000ADF70108000000003EF60408D5FA0108AE
:10FD90000000000047F604085DAE01080000000006
:10FDA0004DF604087FAE010800000000F6F40408D8
:10FDB000D1AE01080000000055F604082DAF01087F
:10FDC0000000000062F60408A1A401080000000081
:10FDD00066F6040811B00108000000006FF6040880
:10FDE000A1B20108000000007AF60408B1B20108CF
:10FDF0000000000081F60408BDFC010800000000BE
:10FE000089F60408D52702080000000094F60408CB
:10FE1000A5AA010800000000A0F60408A5B4010886
:10FE200000000000ABF604082DB50108000000003A
:10FE3000B8F6040845AD010800000000C4F6040847
:10FE4000D5A10108000000008ADB0408B5220208E1
:10FE500000000000CBD0040861B7010800000000DA
:10FE6000C8F6040861A1010800000000D3F60408E8
:10FE7000BDB8010800000000DCF60408D1AD01089F
:10FE800000000000E4F60408BDBB0108000000000B
:10FE9000ECF604084523020800000000FEF6040802
:10FEA00041B50108000000002DF5040821BC01083F
:10FEB000000000000FF70408E9AB01080000000093
:10FEC00038F504080DA30108000000001DF7040820
:10FED00085BC010800000000F9F4040881A90108AC
:10FEE0000000000025F7040861BD010800000000C3
:10FEF0002CF70408D5A40108000000003BF7040813
:10FF000025A101080000000047F7040855BE0108BC
:10FF1000000000004CF70408231C02080000000049
:10FF200055F70408251202080000000060F70408D5
:10FF3000BD110208000000006FF7040871420208BA
:10FF40000000000049F50408CDB6010800000000DB
:10FF50007BF70408B9AB01080000000083F7040830
:10FF6000251E02080000000087F70408291E020869
:10FF7000000000008EF70408C9110208000000000C
:10FF80005CF6040805A20108000000009EF70408C2
:10FF9000431E020800000000A5E90408753F02089E
:10FFA00000000000A5F70408871202080000000006
:10FFB000BEF704083543020800000000CDF704082E
:10FFC0009912020800000000E3F70408A9120208D1
:10FFD00000000000FAF70408854102080000000054
:10FFE000FFF70408151F02080000000009F80408C4
:10FFF000451F020800000000FFF90408ED1F020879
:020000040805ED
:10000000000000000DF80408FBFF010800000000DC
:1000100082DD0408BB4A02080000000019F8040849
:100020006D21020800000000D8C60408C1210208A2
:100030000000000021F804083D160208000000003E
:100040002EF804084D2202080000000035F80408CC
:1000500051000208000000003CF80408AD2402082A
:100060000000000006E8040899A101080000000053
:10007000666163746F727972657365740000000065
:1000800006E80408FFF904089EF704084DF6040882
:100090007AF6040881F60408C4F40408F9F40408A4
:1000A000F6F40408AFF90408BCF904083BF70408A7
:1000B000A0F60408CCF9040894F50408D8F904085B
:1000C000E7F904081DF704083EF6040816F60408CC
:1000D000F4F9040805FA040815FA040828FA0408D3
:1000E0007CF50408284578706F6E656E7469616CE4
:1000F000204D6F76696E672041766572616765296C
:10010000000000000EDE0408BDF30408D7F3040865
:10011000F4F304080DF40408EFEE0408B4F3040843
:10012000B8F304086DF3040873F304087AF30408C1
:1001300084F304088FF3040898F30408A1F3040877
:10014000ACF30408020000010000050000010000FB
:100150000600000214000C00000100000F00020164
:100160000000110000020000120002010000150052
:10017000020100001A000202000021000601000036
:100180002400020100002700000100002F000001F0
:100190000200000023F404082AF4040834F40408DC
:1001A00004080A0B0708051206000000F3F404080F
:1001B000B9DC040897FA0408A0FA04085FE0040810
:1001C000AAFA040815DD0408C0DC0408B1FA040822
:1001D00004060000F2DD04081DDD04080612040513
:1001E00005000000E2DD0408E6DD0408F2DD040895
:1001F000D9D70408F5DD04083FF4040846F40408E0
:100200004EF404084AF4040852F404085EF40408A6
:10021000506C6174666F726D000000000000000099
:1002200045F804080400000057F80408080000001E
:1002300062F804080C0000006EF8040810000000CA
:100240007CF80408140000008EF804081800000070
:100250009BF804081C000000AAF804082000000015
:10026000BDF804080000000011F9040802000000B5
:100270001EF90408040000002BF904080600000021
:1002800035F904080800000040F904080A000000DD
:100290006DF904080C0000004BF904080E00000082
:1002A0005EF90408100000007CF904081800000042
:1002B000CBF8040820000000D7F80408280000004C
:1002C000E4F8040830000000F1F8040838000000E9
:1002D000FBF804084000000006F90408000100FFD4
:1002E0009EF40408000000005519020800000000F8
:1002F0006502020800000000C4F4040808000000C1
:100300004528020800000000C3FF010800000000AB
:10031000D9F404080B000000652802080000000062
:10032000C100020800000000E0F50408060000001B
:100330007128020800000000D1000208000000003F
:100340003AFA0408060000007128020800000000C4
:10035000D100020800000000F6F4040804000000C8
:10036000F9170208000000009B02020800000000CC
:1003700015F5040805000000ED1602080000000055
:10038000AB0202080000000011F50408050000009F
:10039000ED16020800000000AB0202080000000099
:1003A0002DF5040802000000FD17020800000000FF
:1003B000D50202080000000038F504080300000020
:1003C0007D28020800000000E5020208000000008D
:1003D000F9F40408070000008D280208000000005E
:1003E000E3FF0108000000007CF4040801000000A5
:1003F0005B190208000000007F02020800000000F4
:1004000049F5040809000000031802080000000074
:100410002B030208000000005EF504080A0000003B
:100420009D28020800000000F10002080000000002
:10043000BEF404080C00000055280208000000006B
:10044000D3FF010800000000256C75642E002530E4
:1004500032753A253032753A25303275002E253006
:1004600033750045434453410045435F44480045CC
:1004700043000000A1630008A96200089D62000813
:1004800077630008D5620008C96200080503050407
:100490000406050702030E35040C0E00350207059D
:1004A0000301040C3334000601170C081D1D170846
:1004B000060C0101010101010101061B06000202F7
:1004C000020404060700000004000000630405089D
:1004D000639C0108ED9C010819ED010875F1010804
:1004E000000000000000000091F30108CDA0010809
:1004F000E39F0108CD9C0108030000006904050882
:10050000639C0108E19C010800000000000000005D
:10051000000000000000000091F30108CDA00108D8
:10052000E39F0108CD9C0108020000006F0405084C
:10053000639C0108579C010819ED010875F1010839
:10054000000000000000000091F30108CDA00108A8
:10055000E39F0108CD9C0108000000002805050864
:10056000F8040508C80405080110002400111271E0
:10057000000000800044400409008003FF060006DC
:100580002573222573220000BC0200001027000002
:10059000102700001027000010270000102700007F
:1005A000000602060407060700020202040402070E
:1005B0005468726561640402020C0C0A01010303B1
:1005C000050506070C09612F616500612F616E004A
:1005D000612F617100612F617200612F6173006191
:1005E0002F736400612F796C00622F626100622FAB
:1005F000626D7200622F627100632F616200632F6F
:10060000616700632F617200632F617300632F6362
:100610006100632F636700632F637000632F637350
:1006200000632F646300632F657200632F6573009E
:10063000632F6A6500632F6A6600632F6C61006335
:100640002F6C7000632F706300632F706700632F3F
:10065000707100632F707300632F727800632F74C2
:100660007800632F757200632F757400642F6461C6
:1006700000642F646700642F647100642F6472004B
:100680006E2F646E006E2F6472006E2F6D7200000C
:10069000F80004FC10040201100A091010090000FF
:1006A000C6050508CB050508D0050508D5050508CC
:1006B000DA050508DF050508E4050508E90505086C
:1006C000EE050508F4050508F9050508FE05050809
:1006D00003060508080605080D06050812060508A4
:1006E000170605081C060508210605082606050844
:1006F0002B06050830060508350605083A060508E4
:100700003F06050844060508490605084E06050883
:1007100053060508580605085D0605086206050823
:10072000670605086C0605087106050876060508C3
:100730007B06050880060508850605088A06050863
:100740005F737562002D2D2D2D2D454E44204543A0
:100750002050524956415445204B45592D2D2D2DA1
:100760002D002D2D2D2D2D424547494E204543204E
:1007700050524956415445204B45592D2D2D2D2D74
:10078000002D2D2D2D2D454E4420505249564154BB
:1007900045204B45592D2D2D2D2D002D2D2D2D2D49
:1007A000424547494E2050524956415445204B45F9
:1007B000592D2D2D2D2D005B25735D3A257500FFDC
:1007C000FFFFFFFFFFFFFF005B25635D2000252E7D
:1007D0002A7325733A20004661696C656420746F42
:1007E000207365742050414E206368616E6E656CA5
:1007F00020746F202575207768656E206170706C9D
:1008000079696E6720646174617365743A20257339
:100810000050726F632D547970653A20342C454E28
:1008200043525950544544004145532D3235362DDD
:1008300043434D2A2D4E4F2D544147004145532DE2
:100840003139322D43434D2A2D4E4F2D544147000F
:100850004145532D3132382D43434D2A2D4E4F2DD6
:10086000544147004145532D3235362D43434D0009
:100870004145532D3139322D43434D004145532DD0
:100880003132382D43434D004145532D3235362DFD
:10089000434243004145532D3139322D43424300F9
:1008A0004145532D3132382D434243004145532DAC
:1008B0003235362D454342004145532D3139322DD5
:1008C000454342004145532D3132382D45434200C6
:1008D0002A864886F70D01010100727361456E6337
:1008E00072797074696F6E00525341002A8648CE47
:1008F0003D02010069642D65635075626C69634B4C
:1009000065790047656E65726963204543206B65B4
:1009100079002B8104010C0069642D656344480053
:100920004543206B657920666F722045434448003B
:100930002D2D2D2D2D2D2D2D2D2D2D2D2D2D0044FD
:100940006174617365744D616E61676572000A0C54
:1009500009000000020000006C0A05080300000006
:10096000640A0508040000005C0A05080500000090
:10097000540A0508060000004C0A0508070000009C
:10098000440A0508260000003C0A0508270000006C
:10099000340A0508280000002C0A05082900000078
:1009A000240A05082A0000001C0A05082B00000084
:1009B000140A05080000000000000000D008050827
:1009C00009000000DA080508E80805080100000031
:1009D000EC08050807000000F408050803090508ED
:1009E00002000000120905080500000018090508AA
:1009F00020090508030000000000000000000000BE
:100A00000000000000000000000000005053410002
:100A10004B4559002808050870942B053C0805082B
:100A200070932A0550080508709229056408050886
:100A30007084280570080508708327057C08050860
:100A40007082260588080508902407009408050888
:100A500090230600A008050890220500AC080508B0
:100A600010140400B808050810130300C408050892
:100A7000101202007372705F636C69656E745F724E
:100A8000656769737465725F736572766963653AE9
:100A90002061496E7374616E6365206973204E55E1
:100AA0004C4C006F70656E7468726561642D6E6F7A
:100AB0006465006F74537270436C69656E74416451
:100AC00064536572766963652829206661696C657F
:100AD000643A2025640A0053525020736572766987
:100AE000636520726567697374657265643A202571
:100AF000732E2573206F6E20706F72742025640A28
:100B0000006F74537270436C69656E744164645312
:100B10006572766963652829206661696C65642061
:100B20002866616C6C6261636B293A2025640A0057
:100B300053525020736572766963652072656769E8
:100B4000737465726564202866616C6C6261636BA6
:100B5000293A2025732E2573206F6E20706F7274D2
:100B60002025640A000000000102030480810213B2
:100B70000000000050C30000F22B0000EE02000055
:100B8000EE02000050C3000076160000770100005E
:100B900077010000193F0106041001000001010661
:100BA00000102700000C0000000000000000000002
:100BB000F5DA0200A41F000090010000900100007F
:100BC000E5BF0000282300006B0300006B0300005A
:100BD00002000000C017530206140000802FA60474
:100BE00005380000A00800000000580901040706AD
:100BF000100A01040707C80A00040807800B000454
:100C00000808380C000409086108000000008A0880
:100C100000000000C709010404032C0B01040404B4
:100C2000920C01040504000050C30000E62D0000F2
:100C3000D0070000D0070000193F01060410010092
:100C40000001010600102700000A0000000000005B
:100C50000000000014000000244992000000000081
:100C6000940B0508740B050800000000000000004C
:100C70000024F40040420F000101F800C224500398
:100C800000000000D00B050800000000000000007C
:100C9000000000002B420F000000000000000000D8
:100CA00000000000000000001400000066666600FE
:100CB00000000000940B0508840B050800000000EC
:100CC000000000000048E80180841E000101F800D7
:100CD000F147500200000000D00B050800000000A2
:100CE00000000000000000007C841E0000000000E6
:100CF00000000000000000000000000014000000E0
:100D00001CC7710000000000380C0508B00B050876
:100D100000000000000000000051250240420F00CA
:100D20000108F600F147100200000000D00B050892
:100D30000000000000000000000000002A420F0038
:100D400000000000000000000000000000000000A3
:100D5000140000001CC7710000000000380C0508DA
:100D6000C00B050800000000000000000051250233
:100D700040420F000102F600F1471002000000009F
:100D8000D00B05080000000000000000000000007B
:100D90002A420F00000000000000000000000000D8
:100DA00000000000140000001CC7710000000000DB
:100DB000380C0508280C05080000000000000000A1
:100DC0000051250240420F000108F600F1471002D1
:100DD00000000000D00B050800000000000000002B
:100DE000000000002A420F00000000000000000088
:100DF0000000000000000000030A0000FC4F010397
:100E0000540C050810400100014100003C40010065
:100E10000000000048400100A0070003504001000E
:100E2000000000005C4001000000000008410100DB
:100E3000FF4C000054C00700511130000E0009E6BD
:100E40002D0000000405060708000000D1B60200CE
:100E50006435000040400701000050510000A0111F
:100E600010000000000000861FC08100000000206C
:100E7000000000006440050100000040B904F800D3
:100E800040080000020000009200040088400F01AA
:100E9000B7033B00000000E0000000000002050D69
:100EA0001C2F42536269686053402E1F110A0808C4
:100EB00008080706050403030202020101010101FB
:100EC0000000000000000000000000001C410101C3
:100ED0000060B18C38410701BC200AF0F662520074
:100EE000055B98408E6E82941C784852893B400086
:100EF000C00300805C410101FFDD00006841070183
:100F0000E853FA000000004000000000000000006C
:100F1000000000000000000000000000D0410301BC
:100F2000000000AAD000000004001200E0411301FC
:100F300000000000FFAB000A5CF10F00D34102008B
:100F400095EDB100197BD80F1208B904EA1B6D1F8B
:100F5000C9B7C20A0B203B00430600005962F300E8
:100F6000727E9600A73D1900D022F13B000000A040
:100F70000000000038000000000000004C420101A9
:100F800008000304684201010100000038800101EB
:100F9000C2241000A080020170780300D00000007D
:100FA000A8800111F0010000A88001310542CB01A9
:100FB000AC800111F0010000AC800131053EFD0064
:100FC000EC000112E00F0000EC0001320C20515146
:100FD0008401010200100000FFFFFFFF0302000078
:100FE000FC4F0103A80C050810400100014100005E
:100FF0003C4001000000000048400100A007000341
:1010000050400100000000005C40010000000000B2
:1010100008410100FF4C000054C00700512130007E
:101020000E000DE62A000000040506070800000077
:10103000D1B6020060050000404007010000505199
:101040000000A02110000000000000861FC08100E9
:101050000000002000000000644005010000004086
:101060004902F00040080000020000009200080061
:1010700088400F01DA032A00000000E000000000B1
:101080000102071121374B5A67696254402915053F
:10109000000000000102030404040303030303022D
:1010A0000202020202010101000000000000000033
:1010B0001C41010100B0B18C38410701BC200AF08D
:1010C000B6555200055B98408E6E8294233C485280
:1010D000893B4000C00300805C410101FFDD00004E
:1010E00068410701E853FA000000004000000000DA
:1010F00000000000000000000000000000000000F0
:10110000D04103010000AAAAD00000000400120090
:10111000E041130100000000FFAB000A5CF10F008A
:10112000D341020095EDB100197BD80F1208B90424
:10113000EA1B6D1FC9B7C20A0B203B004306000023
:101140005962F300727E9600A73D1900D022F13B50
:10115000000000A0000000004000000000000000AF
:101160004C42010108000304684201010100000033
:1011700038800101F1471000A0800201707803005F
:10118000D5C00000A8800111F0010000A880013145
:101190000542CB01AC800111F0010000AC800131AF
:1011A00005228D00EC000112E00F0000EC0001327E
:1011B0000C2051118401010200000000FFFFFFFF1D
:1011C00003080000FC4F0103A80C050810400100B3
:1011D000014100003C4001000000000048400100C7
:1011E000A007000350400100000000005C40010027
:1011F0000000000008410100FF4C000054C007003F
:10120000512130000E000DE62A00000004050607FB
:1012100008000000D1B60200600500004040070150
:10122000000050510000A0211000000000000086C6
:101230001FC0810000000020000000006440050184
:10124000000000404902F0004008000002000000D9
:101250009200080088400F01D7032A00000000E038
:10126000000000000002050D1A2D3F506068696300
:1012700057463525150D090807060505040404031E
:101280000303030202020202010101010101010143
:10129000010101011C41010100B0B18C384107017D
:1012A000BC200AF0B6555200055B98408E6E8294C1
:1012B000233C4852893B4000C00300805C4101014F
:1012C000FFDD000068410701E853FA00000000401C
:1012D000000000000000000000000000000000000E
:1012E00000000000D04103010000AAAAD0000000C5
:1012F00004001200E041130100000000FFAB000AEF
:101300005CF10F00D341020095EDB100197BD80FBD
:101310001208B904EA1B6D1FC9B7C20A0B203B00B3
:10132000430600005962F300727E9600A73D190043
:10133000D022F13B000000A00000000040000000AF
:10134000000000004C420101080003046842010152
:101350000100000038800101F1471000A080020167
:1013600070780300FFC00200A8800111F0010000A6
:10137000A88001310542CB01AC800111F0010000D1
:10138000AC800131050A0D00EC000112E00F0000F5
:10139000EC0001320C205111840101020000000018
:1013A000FFFFFFFF03030000FC4F0103FC0C0508D7
:1013B00010400100004100003C400100100000000E
:1013C00048400100200700035040010000040000D5
:1013D0005C4001000D0F00000841010003C0010046
:1013E00054C00700511130000E000DE62A00000025
:1013F000080B0C0D0D000000D1B6020080050000A6
:1014000040400701000020700000A0111000000003
:10141000300000461FC8810000200030008000001E
:101420006440050100000000B904F8004008000015
:101430001000000092000A0088400F01B70312005C
:1014400000000060000000000002050D1C2F425348
:101450006269686053402E1F110A080808080706D1
:101460000504030302020201010101010000000062
:1014700000000000000000001C41010100302C8C25
:1014800038410701BC200AF049C05100010000406A
:10149000B75635120078085009084000C003008094
:1014A0005C41010100000000684107014CD4E83BA9
:1014B00004190D70080E141A20262C32383E1032F2
:1014C0005476980A1D6940B4D04103010000000021
:1014D000D000000000000200E04113010000000005
:1014E000E2CFDD2C7EB63A00600919005122E200FD
:1014F0004CB9510E3982A904D8229B29E2CFDD2CA8
:101500007EB63A00600919005122E2004CB9510E32
:101510003982A904D8229B290000000000000000A5
:10152000440000003C3C3C3C4C42010108000004EB
:10153000684201010000000038800101F1471000FD
:10154000A080020170380300D0000000A8800111C3
:10155000F0010000A8800131055AFD01AC800111A5
:10156000F0010000AC800131053EFD00EC000112ED
:10157000E00F0000EC0001320C2051118401010247
:1015800000000000FFFFFFFF03040000FC4F010309
:10159000500D050810400100004100003C400100D2
:1015A00010000000484001002017000350400100D7
:1015B000010400005C4001000D0F00000841010023
:1015C00003C0010054C00700511130000E000DE6A9
:1015D0002A000000080B0C0D0D000000D1B602001F
:1015E0008005000040400701000020700000A011AD
:1015F00010000000300000461FC8810000200030AD
:10160000008000006440050100000000B904F800FB
:10161000400800001000000092000A0088400F01FE
:10162000B703120000000060000000000002050D7A
:101630001C2F42536269686053402E1F110A08082C
:101640000808070605040303020202010101010163
:101650000000000000000000000000001C4101012B
:1016600000302C8C38410701BC200AF049C05100E1
:1016700001000040B75635120078085009084000B4
:10168000C00300805C4101010000000068410701C7
:101690004CD4E83B04190D700A10161C22282E3475
:1016A0003A4010325476980A1D6980A4D041030153
:1016B00000000000D000000000000200E041130123
:1016C00000000000E2CFDD2C7EB63A006009190070
:1016D0005122E2004CB9510E3982A904D8229B292B
:1016E000E2CFDD2C7EB63A00600919005122E200FB
:1016F0004CB9510E3982A904D8229B290000000060
:1017000000000000440000003C3C3C3C4C42010115
:101710000800000468420101000000003880010157
:10172000F1471000A080020170380300D0000000D3
:10173000A8800111F0010000A8800131055AFD01C7
:10174000AC800111F0010000AC800131053EFD00CC
:10175000EC000112E00F0000EC0001320C205111EE
:101760008401010200000000FFFFFFFF03050000ED
:10177000FC4F0103A40D05081040010000410000CA
:101780003C40010000000000484001002007000329
:1017900050400100000000005C4001000D0F0000FF
:1017A00008410100FF4C000054C0070051113000F7
:1017B0000E000DE62A000000080B0C0D0D000000C5
:1017C000D1B60200E0040000404007010000207094
:1017D0000000A01110000000000000461FC08100A2
:1017E00000000020008000006440050100000000AF
:1017F000B904F80040080000100000009100040047
:1018000088400F01B70312000000006000000000D4
:101810000002050D1C2F42536269686053402E1F61
:10182000110A08080808070605040303020202015A
:1018300001010101000000000000000000000000A4
:101840001C41010100302C8C38410701BC200BF0F9
:1018500049C05100055BA0408E6E8294218248529F
:1018600009084000C00D00805C410101FFDD00005F
:10187000684107014CD4E83B04190D50080E141AB6
:1018800020262C32383E10325476980A1D0040B47F
:10189000D041030100000000D0000000040012004D
:1018A000E041130100000080E2CFDD2C7EB63A005B
:1018B000600919005122E2004CB9510E3982A90485
:1018C000D8229B29E2CFDD2C7EB63A0060091900B0
:1018D0005122E2004CB9510E3982A904D8229B2929
:1018E0000000000000000000440000003C3C3C3CC4
:1018F0004C4201010800030468420101000000009D
:1019000038800101F1471000A08002017038030007
:10191000D0000000A8800111F0010000A880013172
:10192000055AFD01AC800111F0010000AC800131CD
:10193000053EFD00EC000112E00F0000EC0001325A
:101940000C2051118401010200000000FFFFFFFF85
:10195000FC0D0508809C2B8F80841E000000000079
:101960002500FF7FFC79002000000000F80D05082D
:1019700000000000FC0D0508809C2B8F80841E0059
:10198000000026002600B700FC79002000000000BF
:10199000F80D050800000000FC0D0508809C2B8F49
:1019A00080841E000000270027008C00FC790020A6
:1019B00000000000F80D050800000000E00F050819
:1019C000809C2B8F80841E00000000002500FF7F7C
:1019D000FC79002000000000DC0F0508000000007A
:1019E000E00F0508809C2B8F80841E0000002600DD
:1019F0002600A000FC79002000000000DC0F050894
:101A000000000000E00F0508809C2B8F80841E00E2
:101A1000000027002700FF7FFC7900200000000065
:101A2000DC0F050800000000C4110508809C2B8F06
:101A300080841E00000000002200FF7FFC7900204F
:101A400000000000C011050800000000C4110508D6
:101A5000809C2B8F80841E00000023002300B60092
:101A6000FC79002000000000C01105080000000003
:101A7000C4110508809C2B8F80841E000000240068
:101A800024009D00FC79002000000000C011050822
:101A900000000000C4110508809C2B8F80841E006C
:101AA0000000250025007D00FC79002000000000DA
:101AB000C011050800000000C4110508809C2B8F90
:101AC00080841E000000260026005300FC790020C0
:101AD00000000000C011050800000000C411050846
:101AE000809C2B8F80841E00000027002700FF7F32
:101AF000FC79002000000000C01105080000000073
:101B0000A8130508809C2B8F80841E000000000015
:101B10002500FF7F047A002000000000A4130508C0
:101B200000000000A8130508809C2B8F80841E00F5
:101B3000000026002600B700047A00200000000004
:101B4000A413050800000000A8130508809C2B8F33
:101B500080841E000000270027008C00047A0020EB
:101B600000000000A4130508000000008C15050803
:101B7000809C2B8F80841E00000000002500FF7FCA
:101B8000047A00200000000088150508000000000D
:101B90008C150508809C2B8F80841E000000260079
:101BA0002600B700047A0020000000008815050810
:101BB000000000008C150508809C2B8F80841E007F
:101BC0000000270027008C00047A0020000000009D
:101BD000881505080000000070170508809C2B8FF1
:101BE00080841E00000000002500FF7F047A002092
:101BF000000000006C1705080000000070170508C1
:101C0000809C2B8F80841E00000026002600B700D9
:101C1000047A0020000000006C1705080000000096
:101C200070170508809C2B8F80841E000000270001
:101C300027008C00047A0020000000006C170508C3
:101C4000000000000C400100018101002040020062
:101C50000000000001000000304003000000000010
:101C600000000000000000004040020000000000F2
:101C7000004000006040010001010000A840010098
:101C800007000000BC40040000000000000000004D
:101C900000000000000000000C410300FF4C0000A9
:101CA000FF4D0000FF4D000020C0011000F80700AC
:101CB00020C00130F502280124C00110FF000000FF
:101CC00024C001300013000028C00800EC80B303DA
:101CD00043754051A00F00F800400000A8AA07007B
:101CE00000000000000000000000000070C00900BB
:101CF000BA10000000042000041880000B3C2001F2
:101D0000187C10022FFCE0067F000000000000009D
:101D100000000000A8C00500BD4B721511A31805F6
:101D200010325476980A000000000000CCC0040075
:101D3000010000000000000001000A00010028006E
:101D4000080001010807000018000101AAAAAA0062
:101D5000200001010060DA005C4002010000000385
:101D60000000002078400401294176710000000045
:101D70008C000C0000000000C440040100000000C2
:101D8000000000000000000000000000E040010131
:101D90000002000010410201331E05000000000097
:101DA0002041060100000000FF0483078813C83AA1
:101DB000FF06660CFF0483078813FF0358410101E7
:101DC00000000000644101010C0100008441050194
:101DD0000101000000000000000000000000000001
:101DE00000000000A441020100000000000000000B
:101DF000B04102010000000058923EC0BC41030106
:101E00000000000000003C00699006002C42030125
:101E10006018004000000000000000003C4201018A
:101E20000000000044420201140000000000000015
:101E3000804202010000000081000000984205017C
:101E40003F000002FFFF0000FFFF0000FF03000053
:101E5000FFFF0000B44201010000000030430A010E
:101E600040002001A0000000085000011F1F1F1F9C
:101E70001F1F1F1B18151311100E0D0C45C1872FA6
:101E800000000000000000001080010103000000BD
:101E90003C800101010000009C8001010000000065
:101EA000B080020100030002370000019C00010223
:101EB000000C0004D8000302050040AA88010000BD
:101EC000C0000000F00001022B010000100101120F
:101ED00000FF0F0010010132020000315001011219
:101EE00000C0010050010132C100A20074010102D2
:101EF00069811B0C7801011200001C00780101327D
:101F00001004E0CF80010112790700008001013246
:101F1000020000008801010250000000FFFFFFFFE7
:101F2000ED170000ED170000F401000000000000B4
:101F300002000000C017530206140000802FA60400
:101F400005380000A0080000000058090104070639
:101F5000100A01040707C80A00040807800B0004E0
:101F60000808380C000409086108000000008A080D
:101F700000000000C709010404032C0B0104040441
:101F8000920C010405040000E1190000E1190000B1
:101F9000F401000000000000193F010604100100D8
:101FA00000010106001027000009000000000000E9
:101FB00000000000120000006666660000000000DD
:101FC000981F0508881F0508000A0000000000008F
:101FD000005A620280841E000420F800F14750027B
:101FE00000000000301F0508000000000000000095
:101FF0000000000062841E000000000000000000DD
:10200000000000001200000066666600000000008C
:10201000981F0508881F0508000B0000000000003D
:10202000005A620280841E000420F800F14750022A
:1020300000000000301F0508000000000000000044
:102040000000000062841E0000000000000000008C
:10205000000000001200000066666600000000003C
:10206000981F0508201F0508000000000000000060
:10207000005A620280841E000420F600F1475002DC
:1020800000000000301F05080000000000000000F4
:102090000000000062841E0000000000000000003C
:1020A0000000000005030000FC4F01035420050858
:1020B00020C0011000F8070020C0013014022801E0
:1020C00024C00110FF00000024C0013000430000C4
:1020D00044C001002E02000068C00200D1B6020018
:1020E000C0060000D0C00100000000004C40030109
:1020F00020F91304070062003870000060400201FC
:102100000068010F40B824408040010123630000B3
:102110008C40020100800060BE0A000020410101E5
:10212000590B00003841010190200AF05C41010187
:10213000001E00006C410B0100140CC0141A212871
:102140002E343B42495043557698BA0C2373000015
:10215000010100001721286414171A002004C87D0B
:10216000A1203A09A8410101290000003C420101D7
:102170000000000080420201000000008100000019
:10218000A0420301FFFF0000FF030000FFFF00006B
:10219000B44201010000000030430301400020016F
:1021A000A0000000085000014C43010145C1872FE9
:1021B000FFFFFFFF05000504FC4F01030420050895
:1021C00020C0011000F8070020C00130FE012801E6
:1021D00024C00110FF00000024C0013000140000E2
:1021E00044C001000000000068C0020088C6020070
:1021F00000050000D0C00100A10000004C40030118
:1022000020FB130407C042000000000060400201F0
:102210000000002800800200804001015A01A0084F
:102220008C4002010000006000000000204101011C
:102230000000000038410101BC200AF05C410101AE
:10224000031000006C410B01000000400000000082
:10225000000000000000000000000000000000007E
:10226000010100000000000000000000000000006C
:1022700000000000A8410101000000003C420101F3
:102280001201000080420201010009400108100013
:10229000A04203010000E80300020000000010005B
:1022A000B44201010000C00030430301410040027C
:1022B0004001AC0450B000014C4301015D280F2DDA
:1022C000FFFFFFFF05060000FC4F01030420050887
:1022D00020C0011000F8070020C00130FE012801D5
:1022E00024C00110FF00000024C0013000140000D1
:1022F00044C001000000000068C0020088C602005F
:1023000000050000D0C00100A10000004C40030106
:1023100020FB130407C042000000000060400201DF
:102320000000002800800200804001015A01A0083E
:102330008C4002010000006000000000204101010B
:102340000000000038410101BC200AF05C4101019D
:10235000031000006C410B01000000400000000071
:10236000000000000000000000000000000000006D
:10237000010100000000000000000000000000005B
:1023800000000000A8410101000000003C420101E2
:102390001201000080420201010009400108100002
:1023A000A04203010000E80300020000000010004A
:1023B000B44201010000C00030430301410040026B
:1023C0004001B40550B000014C4301015D280F2DC0
:1023D000FFFFFFFF05050000FC4F01035420050827
:1023E00020C0011000F8070020C0013014022801AD
:1023F00024C00110FF00000024C001300043000091
:1024000044C001002E02000068C00200D1B60200E4
:10241000C0060000D0C00100000000004C400301D5
:1024200020F91304070062003870000060400201C8
:102430000068010F40B82440804001012363000080
:102440008C40020100800060BE0A000020410101B2
:10245000590B00003841010190200AF05C41010154
:10246000001E00006C410B0100140CC01A20272E26
:10247000343A41484F56546687A9CB0D2373000068
:102480000101000017272E6A14171A002004C87DC6
:10249000A1203A09A8410101290000003C420101A4
:1024A00000000000804202010000000081000000E6
:1024B000A0420301FFFF0000FF030000FFFF000038
:1024C000B44201010000000030430301400020013C
:1024D000A0000000085000014C43010145C1872FB6
:1024E000FFFFFFFFA82005084063598F404B4C00B9
:1024F0000B000B001A00FF7F0C7A00200000000088
:10250000A420050800000000000000004063598F6F
:10251000404B4C000B000B001A00FF7F0C7A002090
:1025200000000000B4210508000000000C4002007B
:10253000018014007F4000002040020000000000E5
:102540000000000030400700000000000000000014
:10255000000000000000000000000000004000003B
:10256000A007000350400100000000005C40020092
:102570000000000000000000A8400100070000006B
:10258000BC4004000000000000000000000000004B
:10259000000000000841040000400000FF4C000063
:1025A00000410000FF4D000020C0011000F80700AE
:1025B00020C00130FE01280124C00110FF000000EE
:1025C00024C001300014000028C00800EC80B303D0
:1025D00043754051A00F00F800400000A8AA070072
:1025E00000000000000000000000000054C01000C7
:1025F00051313000070007E6150000000406060709
:102600000700000088C6020000050000BA100000A4
:1026100000042000041880000B3C2001187C1002EC
:102620002FFCE0067F00000000000000000000001A
:10263000A8C00500BD4B721511A3180510325476C1
:10264000980A000000000000CCC004000100000057
:10265000A100000001000A0001002800080001019B
:102660000407000018000101000000002000010123
:102670000884000040402501000000000000000028
:102680001000000020FB130407C0420000000000FF
:1026900000000000000000030000002020B802003D
:1026A0004902F0004108000002000000B0070800E5
:1026B000A7000000000000005A02A0089BC34A7453
:1026C000F0030F0000000060000000000101103066
:1026D00050707F7F0000000000000000000000003C
:1026E00000000000000000000000000000000000EA
:1026F00000000000000000000000000000000000DA
:10270000000000000000000000000000E0400101A7
:102710000002000010410201731E050000000000CD
:102720001C410E010090C28B11010000FF048307C1
:102730008813C83AFF06660CFF0483078813FF035B
:10274000BC200AF0F854520000000000B7563512C1
:1027500000000050803B00000000000058410201D2
:10276000000000000310000064410D010C01000096
:10277000E853FA00000000400000000000000000E4
:102780000000000000000000000000000101000047
:102790000000000000000000000000000000000039
:1027A000A44102010000000000000000B04102014D
:1027B0000000000000002000BC41030100000000F8
:1027C00000003C0069900600D041030100000000B9
:1027D000D000000000000200E041160100000000EF
:1027E000DE635E36BF6F07006FEA1600E530CE008D
:1027F000B2B9D90E4B8494045A1FA924DE635E3605
:10280000BF6F07006FEA1600E530CE00B2B9D90EEF
:102810004B8494045A1FA92400000000000000000B
:102820002C00000007EE7536601800000000000064
:10283000000000003C42010112010000444203017B
:1028400014000000000000000800000468420101BC
:102850000000000080420201010009400108100050
:10286000984205013F000002FFFF00000000E8035E
:102870000002000000001000B44201010000C0008E
:1028800030430A01400040024001AC0450B0000156
:102890001F1F1F1F1F1F1F1B18151311100E0D0CBC
:1028A0005D280F2D000000000000000010800101D5
:1028B0000300000038800201F14710000100000011
:1028C0009C800301EB400200D5C00000D5C0000091
:1028D000A8800111F0010000A880013105228D00BF
:1028E000AC800111F0010000AC80013105228D00A7
:1028F000B08002013F000001370000019C0001028E
:10290000000C0004D8000302050040AA8801000062
:10291000C0000000EC000112E00F0000EC000132EA
:102920000C205111F00001022B01000010010112D6
:1029300000FF0F00100101320200003150010112AE
:1029400000C0010050010132C100A2007401010267
:1029500069F11F0C7801011200001C00780101329E
:102960001004E01F800101127907000084010202B7
:102970000000000048000000FC4F0103B41F0508E0
:10298000FFFFFFFFB82105084063598F404B4C0003
:102990000B000B001A00FF7F0C7A002000000000E3
:1029A000B621050800000000C82205084063598FC1
:1029B000404B4C000B000B001A00FF7F0C7A0020EC
:1029C00000000000C422050800000000D82305080C
:1029D0004063598F404B4C000B000B001A00FF7FE7
:1029E0000C7A002000000000D4230508000000003D
:1029F0000C400200018014007F40000020400200D3
:102A0000000000000000000030400700000000004F
:102A100000000000000000000000000000000000B6
:102A200000400000A007000350400100000000002B
:102A30005C4002000000000000000000A84001000F
:102A400007000000BC40040000000000000000007F
:102A500000000000000000000841040000400000E9
:102A6000FF4C000000410000FF4D000028C007009F
:102A7000EC80B30343754051A00F00F80040000004
:102A8000A8AA0700000000000000000054C00500D4
:102A9000513130000E000DE62A000000080B0C0D2D
:102AA0000D00000070C00900BA10000000042000F2
:102AB000041880000B3C2001187C10022FFCE0065B
:102AC0007F0000000000000000000000A8C005001A
:102AD000BD4B721511A3180510325476980A0000E8
:102AE00000000000CCC0010001000000D4C00200C2
:102AF00001000A000100280008000101040700008D
:102B000018000101000000002000010108840000FD
:102B10004040030100000000000000001000000021
:102B20005840020100000000000000036840060158
:102B30004902F0004108000002000000B007080050
:102B4000A700000000000000844002019BC34A74FB
:102B5000F0030F00944010010101103050707F7F8E
:102B60000000000000000000000000000000000065
:102B70000000000000000000000000000000000055
:102B80000000000000000000000000000000000045
:102B90000000000000000000E04001010002000011
:102BA00010410201331E0500000000001C4101011C
:102BB0000090C28B24410501FF0483078813C83AA3
:102BC000FF06660CFF0483078813FF033C410601E0
:102BD000F854520000000000B756351200000050B3
:102BE000803B00000000000058410101000000008F
:102BF000644102010C010000E853FA00A441010104
:102C000000000000B04102010000000000002000B0
:102C1000BC4103010000000000003C006990060078
:102C2000D041030100000000D000000000000200BD
:102C3000E041160100000000DE635E36BF6F070052
:102C40006FEA1600E530CE00B2B9D90E4B84940479
:102C50005A1FA924DE635E36BF6F07006FEA1600B5
:102C6000E530CE00B2B9D90E4B8494045A1FA92482
:102C700000000000000000002C00000007EE753688
:102C80006018004000000000000000004442030102
:102C90001400000000000000080000046842010168
:102CA00000000000984202013F000002FFFF000008
:102CB0003C4304011F1F1F1F1F1F1F1B181513114B
:102CC000100E0D0C50430201000000000000000037
:102CD000108001010300000038800201F14710005C
:102CE000010000009C800301EB40020070780300AB
:102CF000D5C00000A8800111F0010000A8800131BA
:102D00000542CB01AC800111F0010000AC80013123
:102D100005228D00B080020100030002370000018F
:102D20009C000102000C0004D8000302050040AA28
:102D300088010000C0000000EC000112E00F00005C
:102D4000EC0001320C205111F00001022B010000B7
:102D50001001011200FF0F001001013202000031CA
:102D60005001011200C0010050010132C100A20057
:102D70007401010269811B0C7801011200001C0022
:102D8000780101321004E0CF8001011279070000C0
:102D900080010132020000008401020200000000F4
:102DA00050000000FFFFFFFF02000000C0175302A9
:102DB00006140000802FA60405380000A0080000BB
:102DC0000000580901040706100A01040707C80A91
:102DD00000040807800B00040808380C00040908E8
:102DE0006108000000008A0800000000C709010413
:102DF00004032C0B01040404920C010405040000DC
:102E0000DBD61000DBD6100020A107000000000078
:102E1000193F010604100100000100020200000039
:102E20000005000101000000000000001200000089
:102E30000000000000000000102E0508002E05080C
:102E4000000000000000000070305E01E803000098
:102E50000102F2003304100300000000A82D050851
:102E6000000000000000000000000000D00700008B
:102E70000000000000000000000000000000000052
:102E8000000000008008089240420F00000000008F
:102E90000000FF7F147A0020000000007C2E05084F
:102EA000000000000C400200000000000040000094
:102EB000204002000F00000000000000304007002A
:102EC0000000000000000000000000000000000002
:102ED0000000000000400000000700035040010017
:102EE000000000005C400200000000000000000044
:102EF000A840010007000000BC40040000000000E2
:102F00000000000000000000000000000841040074
:102F1000FF40000000000000FF4100000000000032
:102F200020C0011000F8070020C001300001280176
:102F300024C00110FF00000024C001300013000075
:102F400028C00800EC80B30343754051A00F00F87F
:102F500000400000A8AA07000000000000000000D8
:102F60000000000054C0100051213000F400E3E6DE
:102F7000A354000086B7CFDCE300000088C602003F
:102F800040070000BA100000000420000418800070
:102F90000B3C2001187C10022FFCE0067F00000093
:102FA0000000000000000000A8C00500BD4B721525
:102FB00011A3180510325476980A00000000000092
:102FC000CCC00400010000000000000001000A0065
:102FD0000100280008000101440700001800010159
:102FE000000000002000010101A000004040250178
:102FF000000000000000000010000000910100002F
:1030000001C00206003000000000000000000003C4
:10301000000000200000000042720600410800008D
:10302000F007040010000000000000000000000095
:103030000000AC08000000001C030F00000000604E
:103040000000000000000000000000000000000080
:103050000000000000000000000000000000000070
:103060000000000000000000000000000000000060
:103070000000000000000000000000000000000050
:1030800000000000E04001010002000010410201C8
:10309000331E0500000000001C410E010010568B7D
:1030A00000000000FF0483078813C83AFF06660C7F
:1030B000FF0483078813FF03BC200AF05633500037
:1030C00000000000B756351200000050803B0000A1
:1030D0000000000058410201000000000000000054
:1030E00064410D010C010000E853FA0000000040AB
:1030F00000000000000000000000000000000000D0
:1031000000000000010100000000000000000000BD
:103110000000000000000000A441020100000000C7
:1031200000000000B041020100000000000020008B
:10313000BC4103010000000000003C006990060053
:10314000D041030100000000100000000000020058
:10315000E041160100000000E6E7FF0BCDA10A00E8
:10316000BD066A005EB04D007D02420EA5B6220289
:10317000FF25B234E6E7FF0BCDA10A00BD066A00C9
:103180005EB04D007D02420EA5B62202FF25B2348C
:10319000000000000000000005000000000000002A
:1031A0006018004000000000000000003C420101E7
:1031B0000000000044420301140000000000000071
:1031C0000800000468420101000000008042020182
:1031D0000000000081000000984205013F0000024D
:1031E000FFFF0000FFFF0000FF030000FFFF0000E3
:1031F000B44201010000000030430A0140002001F8
:10320000A0000000085000011F1F1F1F1F1F1F1BD1
:1032100018151311100E0D0C45C1872F000000006A
:10322000000000001080010103000000388002014E
:1032300033041000010000009C8003010000000026
:1032400070780300D0000000A8800111F001000098
:10325000A88001310542CB01AC800111F0010000D2
:10326000AC800131053EFD00B08002010003000288
:10327000370000019C000102000C0004D80003028A
:10328000050040AA88010000C0000000EC00011207
:10329000E00F0000EC0001320C205151F00001025F
:1032A0002B0100001001011200FF0F00100101327C
:1032B000020000315001011200C001005001013232
:1032C000C100A2007401010269811B0C7801011286
:1032D00000001C00780101321004E0CF80010112CF
:1032E000790700008001013202000000840102021F
:1032F0000010000050000000FC4F01032C2E0508B8
:10330000FFFFFFFF441C05080000000050190508DE
:103310000300000000000000C0175302043305083A
:10332000441C050800000000BC190508030000004B
:1033300000000000C017530220330508441C050894
:1033400000000000281A0508060000000000000028
:10335000C01753023C3305080000000000000000C5
:10336000441C050800000000001B050803000000C5
:1033700000000000C017530260330508441C050814
:10338000000000006C1B05080300000000000000A6
:10339000C01753027C330508441C050800000000D8
:1033A000D81B05080300000000000000C0175302EE
:1033B00098330508F029050800000000E4240508FA
:1033C0000100000000000000C0175302B4330508DC
:1033D000F02905080000000084290508010000000C
:1033E00000000000C0175302D03305082C25050843
:1033F0000000000008250508010000000000000092
:10340000C0175302EC330508F0290508000000003E
:10341000CC2905080100000000000000C01753027D
:1034200008340508F029050800000000A82905084F
:103430000100000000000000C017530224340508FA
:10344000A42E050800000000802E050801000000E1
:1034500000000000C017530240340508751A040824
:10346000BD1A0408691A0408C91A0408B11A040824
:10347000F19C04082D9D04084F9D0408719D0408CB
:10348000939D04082D2D0408DD2C0408E92C040864
:10349000D92D0408859F0408F9980408FD980408AC
:1034A000019904080599040809990408000000001E
:1034B000B0010000906B0020FFFFFFFFFFFFFFFF48
:1034C000FFFFFFFFFFFFFFFFFFFFFFFFFFFFFFFF0C
:1034D000FFFFFFFFFFFFFFFF00021000F072002060
:1034E000406D00200000020800000000FFFFFFFF09
:1034F000FFFFFFFFFFFFFFFF0000000000000000D4
:1035000000000000000000000000000000000000BB
:10351000000000010000010100010101192604085A
:10352000FD250408696404089D660408D165040843
:1035300020C001B8000100000102020300000000E9
:103540000000000002030303030404040405050053
:103550000000000101010102020202030303030350
:103560000404040404000000010101010707080825
:1035700003030305040404050505060606070707FB
:1035800008030202040404030405050606060607F0
:1035900007070202020303030304040404050505EC
:1035A00005050606060601020202020303030303E1
:1035B0000404040404050505050606060C0C0C0CA1
:1035C0000B0B0B0B0B0B0B0B0B0B0B0B0B0B0B0B4B
:1035D0000B0B0C0C0C0C0C0C0C0C0C0C0B0B0B0B31
:1035E0000B0B0B0B03040404040505050506060676
:1035F0000606070202020203030303040404040490
:103600000505050505060606020202020707030472
:103610000607040403030303040506030305060762
:103620000804050604030404030304050606030452
:1036300005060708C7BFBEBEBEB5B5B4B4ABABDCAC
:10364000DCDBDBD2D2D1D1C8C8C8C7BFBEBEBEBDCD
:10365000B5B5B4B4B4DCDBDBD2D2D2D11B1B1616A9
:103660002E2D2D2A29292925242420201F1B1B1B10
:10367000162E2D2D2A2A29292524242020201F1BFF
:103680001B1B2D2DBEB5B5B4B4ABABABAAA2A1A18B
:10369000A1A099999898C7BFBEBEBDB5B5B4B4B442
:1036A000ABABABAAAAA2A1A1A19999990000000075
:1036B00003030303030202020202020203030202E3
:1036C00002020101010101010000000003030303E4
:1036D00003020202D0C7C6C6C6BDBDBCBCB3B3B2EE
:1036E000B2B2A9DBDBDADAD1D1D0D0C7C7C6C6C641
:1036F000BDBDBCBCBCB3B3B2DBDBDADA1F1F2D2B04
:10370000221E2E2E323232312D2624303028231F15
:103710001B2B26222E322E2E31312D282424302C04
:1037200027231E1AFFFFFFFFFFFFFFFFFFFFFFFF23
:10373000FFFFFFFFC8C8C8C8C8C8C8C8C8C8C8C82D
:10374000030404080808080800B801B802B800B06B
:103750000304040808050000000000000000000049
:103760000000000000000000040008007C003100A0
:103770003B001B004C3900007C030000CC3C0000E7
:10378000040000001C3E000004000000543400004F
:10379000F8040000C83C000004000000183E0000CF
:1037A000030000000000000054340000D03C000082
:1037B00001000000203E000037000000CD3B00006B
:1037C00055340000010000000006800F7047944946
:1037D00009684143880B7047924800680104C80F8C
:1037E000704730B5002090490A680023FA24A401EC
:1037F000521C6568AA4200D322681578AD06AD0E4A
:103800009D40054328009B1D1E2BF1D30A6030BD4F
:1038100084480168090408D584490A68824B1A6003
:103820004A68C2618868B14908607047F3B583B0DF
:103830001700C006000E00901038912833D2FFF711
:10384000CBFF00282FD00026794C01250398FFF7E5
:10385000BBFF002802D0022803D003E020682840E4
:1038600000D001260197734F04980C21615E401827
:103870000E21615E4018FFF7AAFF019940183860D9
:10388000049800994018FFF7A2FF0199401878604A
:10389000C020800168490860300368490860FCF76F
:1038A00003FF9348057005B0F0BDFEB5644B654D50
:1038B000C02080040290F0200005019018690228C1
:1038C00005D228680199014002988142F0D08948C8
:1038D0000068C01C8849014388480160884A894CB7
:1038E0000421A068084204D0187D8006C10F490059
:1038F00023E00226304022D01869042805D22F6820
:1039000001983840029FB842F6D0187D0007000F9A
:10391000072814D1587D022811DD987D8006800E7D
:1039200002280CDBD87D009007460F4207D0C00765
:1039300000D50A21374200D0891D00290BD17248D9
:103940006E49086000201860802189026F4B196061
:1039500010602061F7BD481C1E69864205D22F68A1
:10396000019E3E40029FBE42F6D06948405C0090F6
:1039700020610098C000F821014002D08020C004DE
:10398000186064480668012E00D14900596021681A
:1039900000291DD159490B682026A65F36039B05D7
:1039A0009B0D33430B600126166002219160009944
:1039B000890909D10068002801D1182000E01A20E7
:1039C000225E0098FFF732FF207A000700D42660BD
:1039D000F7BD4A484C4901600021194A1160802214
:1039E00092024A4B1A60464A11604B4A0261426198
:1039F0003F48017070470620484908600020484948
:103A00000860F0210901474A116080214900464AB7
:103A100011600849404A0A604A6035490870704799
:103A2000A83E0000C04101A81C3E0000883E0000E6
:103A3000A43E0000C84101A8C06101A8C05101A86E
:103A4000C44000A80C0002A830B581B00400A00357
:103A500014D530480068002801D1162000E00C2061
:103A6000FEF7C0FA3148806E0007C10F3048017080
:103A7000082030490860C003244908602E4D28689A
:103A8000000406D5FFF7ADFEE861FFF7AAFE17496F
:103A90000860A00727D58020C0021C490860FCF7F9
:103AA00026FE00281FD0254A1068C0B2002802D088
:103AB0000621234B1960810915D01C490B68012B85
:103AC000FBD949680905090D091DC900114B1B687F
:103AD000012B00D14908002B01D1182300E01A2343
:103AE000D25EFFF7A3FE01B030BD00005C4201A82A
:103AF000563E0000204000A800F0FF3FB84101A85A
:103B0000044003A89C3E0000FFF3FF3F106001A8A3
:103B1000D84000A86C3F0000FFFF0300006401A82C
:103B2000504000A80C6000A80C5000A81C4000A841
:103B3000D03C0000846000A8C04101A8A03E000065
:103B4000005401A870B50822814B1A60FB239B0129
:103B50001B68DC0302D50020088070BD0C880019AA
:103B6000401E00787B4DA870641C0C8045076D0FCB
:103B7000052D05D8784E3668F60603D5022D0DD0F2
:103B8000032070BD9604AE401E4001D1082070BDD8
:103B9000052D03D1104201D1641E0C80A948486054
:103BA000002070BDF3B582B008886C490978491CC3
:103BB000C9B2814204D202990918491E097800E06D
:103BC0000021644A517093785B075B0F01933023A7
:103BD000019C052C28D1194233D19478E5081E2484
:103BE0002C40CD0702D5250001242C430125A14EF0
:103BF000E6402E4073D0019F9F4EE6414024264070
:103C00003E434C0602D5340020262643947889088A
:103C10000D40A7080C2139402943C02525400D43FC
:103C20002021294396705170FB2189010C68557839
:103C3000022123262E4008D0660302D52B40202BDC
:103C400001D0052082E0424B196093789B0601D495
:103C5000202203E09278120702D540223C4B1A60E2
:103C60003C4A92786B461A70C022844B1E680E4004
:103C700001D1154212D06E46377827263E40232EBA
:103C800003D1E60207D4012606E0252E03D0212E1B
:103C900004D1260302D504262D4F3E601B6819402F
:103CA0002026019F002F1CD11E4027D0294B5B7876
:103CB0001A40402A13D00C221A40042A0FD02A0797
:103CC0003BD40122002902D0E100CB0F5A406946C3
:103CD0000978CB07DB0F1A422FD021012AD4072005
:103CE00034E0022FE2D11E4008D00029DED1CC23DF
:103CF0002B4003D16B461B785B0601D5032025E0E2
:103D0000A30311D59C4E73691B051B0D5B1C366804
:103D1000F60205D5994E36683607B60F9B1B5B1E1B
:103D20009BB2052B04D1C1E7029B1B78052BBDD0AC
:103D300006200BE08021064A1160E90702D4401CEE
:103D400003990880AB4803994860002004B0F0BD97
:103D50004C1002A8183E0000480002A8343E0000A3
:103D6000F2B587494978CA0705D4009A12888018A5
:103D7000401E037800E00023FB2292011068022419
:103D80009D4D2E68F60611D512695340DBB2002B0B
:103D900003D16E68D30973402340002B03D0020285
:103DA00004D40A20F2BDE206944E3260744A1E0228
:103DB000C0230B403343914E336093785E07760FF8
:103DC000022E06D16D682C4003D100200099088096
:103DD000F2BDA0250D409E08102737402F433D0916
:103DE0000E0702D42E0010253543CC240C401A2691
:103DF0002E400A2E04D1CC2C02D02E00FD253540B9
:103E00007F4EEE40F60705D4000416D5412B10D1A5
:103E1000082912D17B48E84011210140214320208C
:103E2000084310700D210140009808D000F0AAF856
:103E3000F2BD0B2B01D10029ECD00720F2BD00F020
:103E40001FF8F2BDB534000038B50C006E490B7890
:103E50001A0953399500491925881B071B0FEB1ABE
:103E60009A1A8018FEF75CFD010002D1200000F0D4
:103E700007F832BDF300A3E3981440684C0002A891
:103E8000F8B50400614805683D4F3878D0263042C7
:103E900002D00D21014005D008205D490860EF20C7
:103EA000FEF7FBFC39782000314204D00909397053
:103EB00000F068F8F2BD0521294020D00288FB21DE
:103EC0008901CA60534BEC0705D5521C0280690674
:103ED00007D4514B05E043242C40422C03D1521C03
:103EE000028043600DE01022494B1A604B4A09687A
:103EF0008B00DB0F19011163802109031160002180
:103F000001800020F2BD0A888018401E00788306D8
:103F100001D4121D0A801822024004D008885208D9
:103F20008018C01E088039480068C00702D508887C
:103F3000401C08803848486000207047334A1368A6
:103F4000DB0708D51268920705D40A888018401E3E
:103F5000007804280DD110202D4A10602F48FB2234
:103F6000920112689300DB0F1A0102638022120390
:103F700002600020088070470C4000A8080001A8DB
:103F8000183E000031B581B025490020009008227C
:103F9000244B1D7802230C24254202D10022224901
:103FA00003E02C40082C00D10222EC0703D50C00C2
:103FB0001E21614000931D4207D01449096809067B
:103FC00001D51A4901E00021C943019B184C216029
:103FD0001849FF248C70009C15012543CD70087092
:103FE00018880099401880181880134858600020DD
:103FF00036BD000071360000480002A8481002A833
:104000000D0F0C0D071708504B3F00004C0002A885
:104010004C2002A8173800004D3800001C1002A8E0
:10402000DE1B2501183E00002084100000FCFF016B
:10403000F43E0000483F000059370000183E0000E1
:1040400021340000393400003934000039340000D4
:104050003934000039340000000000000000000086
:104060000000000000000000393400003934000076
:10407000393400002D2B0000393400005F2C000083
:104080006F2C00009B2D0000FD2D0000872E0000EE
:104090000D300000B12E0000BD3000000D2F0000DB
:1040A0005D2F0000D52F0000753200006D33000039
:1040B000312C00001F280000CD23000039340000FF
:1040C000C928000039340000052A0000C929000071
:1040D0003934000039340000452A0000393400002A
:1040E000393400003934000039340000393400001C
:1040F000393400001F12000015120000904880683B
:10410000000200D4704780B580208002AB4908606F
:10411000CF2000F051FA01BDF8B58A4800688A4CFA
:10412000802292032260FB26B601316809051DD565
:10413000110BA023034001D0216017E002403FD1C2
:104140008027824A1760824A1760084038D07C4D29
:10415000287A400705D501207E49086000027E4983
:1041600008602878002801D0062801DB0020F2BD75
:1041700000F07AFB716889684E682978052907D1B3
:10418000B905A1606E60B668CC218901724A1160E0
:1041900000F073FB012E00DA0226BC20800588495E
:1041A0000860942080058749086068480021C94359
:1041B00001647142416484490F6040210160D5E788
:1041C00082480160FFF79AFF0120F2BD5D48016857
:1041D000890504D5C06E0004000F022801D000201C
:1041E00070470120704738B580245848046000F0BB
:1041F0003BFB05007648006800F068F9280000F0F5
:104200003CFBFFF77BFF4E48007A000705D5A00076
:104210004D49086000F03AFC31BD60036B4908600D
:10422000B148046031BDFEB50500CC20800169496C
:104230004860012668480660FFF7C8FF00287DD067
:104240003F4C2078002879D031020195052802D012
:104250002A460A4072D1CC27BF015E4A17608D4AB8
:10426000126881231B02134001D0032301E053078E
:104270005B0F022805D1022B5ED308013649086086
:10428000F7BD4D01032804D1022B55D932480560F2
:10429000F7BD042802D111404ED0F7BD05284BD1FF
:1042A0000198002848D0C005C10F684641700198A8
:1042B000C004C10F6846017000F0D6FA0290606831
:1042C00069464978002903D006688021204A116098
:1042D0002C0486496A461278002A0CD0C2680B6802
:1042E000D21A834B1B68234001D0066800E0466861
:1042F000964200DD1600684640786A46127802430E
:1043000008D008684242B01E824202DA70428860D9
:1043100000E00026029800F0B0FA0198800501D56F
:10432000964804600198054001D095480460002E2D
:1043300002D009480760F7BDFFF755FFF7BD000041
:10434000203E0000440002A8442002A80CC001A89E
:1043500090E001A8C4D000A8145001A838B580246A
:104360008848046001201C490860874D287805288A
:1043700002D0600085490860FFF728FF002812D0AE
:1043800013480068000A80214140A868000EC9B2A5
:10439000814208D23F4800684007400F022802D2FD
:1043A000FFF721FF31BD7A480168C0220A4002D1DF
:1043B000C06F204001D00448046031BD1C1002A829
:1043C00008E001A808D001A894D001A8441002A8D0
:1043D00018C000A8106001A8C4E000A8F1B582B020
:1043E0000F00A020384003D0802080006A494DE0B3
:1043F00000F03AFA009067480468F80202D5A06815
:104400000069029000F0ABFB80210903606800F0B6
:104410007DF926780020761C6178B14200D2002612
:104420001821714365180C3529780829F3DA2670AC
:10443000A56055492A780A70BA0507D5554800681D
:104440008068C068FA0201D4032290438860012783
:10445000384003D100F0A0FC01F004F9F9046869C8
:1044600000F054F93C2000F0A7F8F0B200F0A4F8F6
:1044700060884A4901406180009800F0FEF93805E3
:104480004549086046480760380246490860029876
:10449000FEBD0000184001A810B543480068800523
:1044A00001D4FE2010BDC02080034049086000F008
:1044B000DBF9384909688A78D20702D589688C788F
:1044C00000E00C7800F0D9F9200010BD31490968EE
:1044D0008A688B78DB0704D5927818235A438A18A8
:1044E0000C32906070470000100002A848C001A87C
:1044F0004C0002A8F1B582B02D4F3C680026200F79
:10450000000702D1E00102902AE001F0ABF800F0D0
:10451000ABF9019080210903606800F0F7F8257875
:104520006D1C6078A84200D20025E80020180C30ED
:10453000009000680290802109030098406800F014
:10454000E5F83D2000F038F8E8B200F035F82570C5
:104550000098A060019800F090F902A801F0DCF842
:1045600014480068800407D5F86901F0CCFD029971
:104570000818029000D502960298FEBD4C1002A8C1
:104580004C2002A894E001A8203E0000146001A87D
:1045900014C001A8C43E0000442002A8FEFF000091
:1045A000C0E000A8106001A8440002A8441002A8BE
:1045B000C83E0000FC0302A849490968002901D54A
:1045C000484908607047F3B581B0474FB968474C18
:1045D0004A0057D50125090100D521250100444A8B
:1045E0001068566822689206920E94463A689300C4
:1045F0008022134062461343802252001A430092E5
:104600000A0023D0890601D5012008E0F0210140ED
:1046100007D16946097A0C220A4002D0022000F034
:104620004AF83449096809040AD53968090701D5E7
:10463000022605E03968490301D5002600E003267B
:104640004835009A2C490968890003E0009A2A49F4
:10465000896B09094023194011430207120F032AED
:1046600005D12268120904231A4032431600802221
:104670005200002E02D016432666083521660243FA
:1046800022662566E06D4407640F00F0D7F8A007A6
:104690000BD0052C09D0B868000406D400F0E4F86B
:1046A0000221164A116000F0E8F800F0D0F800206E
:1046B00000F001F8F7BD0E490A68F0239A430001A3
:1046C00010430860C0B270478020C0020C490968DE
:1046D000890701D10B4900E00B49086070470000D1
:1046E000500002A8884000A8480002A8284000A85E
:1046F000683F0000684101A8184001A8D4D40350C5
:10470000844000A8486000A8485000A880B56F4ABF
:10471000116001F023FDFFF7D7FF01BDFEB5FB25BA
:10472000AD012878000604D5287F002801D0182480
:1047300000E0462400F098F802906548C068400503
:10474000C20DD52A01D2D52204E0D12040008242F8
:1047500000D90200100001005E4B01932B6B5B013E
:104760001DD55D4B00931D1D5C4E367806277E439C
:10477000AA530025019B1B7CEB40DB070CD5009B5B
:1047800006266E439B199B888FB2BB4200D219004C
:1047900086B29E4200D218006D1C022DEAD389B267
:1047A000091909044E4B0B40001BC005C00D1843EE
:1047B00047490860C02000064A4908604548017D15
:1047C00000290CD04849D52A02D98023DB050B608B
:1047D000D1235B009A4202D280231B060B6000218A
:1047E000424B19604188002900D10280029800F0F4
:1047F00044F800F071FDF7BD80B53D483D490860C3
:104800003D48C1680902090A192251434160052146
:104810000160FFF783FF01BD80B5FB2080010178B7
:10482000090604D5007F002801D0FFF777FF324842
:104830000068C00301D5FFF771FF01BD8020C002F1
:10484000224908602D4800684007FBD4704780204B
:10485000C0022B490860704701E02A4908602A49D4
:1048600009680140F9D17047284800682021284A8A
:1048700011601021274A116070473021014002D198
:10488000102023490860704720480068302101400B
:10489000102901D101207047002070471E480121D6
:1048A0000160C160704701201C49086070471C48C6
:1048B00000780621014007D01A480068022803D07A
:1048C000032801D00120704700207047441002A83F
:1048D0007C400050743F0000443E0000403E000019
:1048E0000000FF01A0600050A450005018E000E05C
:1048F0007F1A0601540002A810E000E0440002A85C
:10490000442002A8282002A8280002A8600002A8CB
:10491000602002A8601002A8789001A884A001A8D5
:10492000A43E00006C3F0000F8B5634880214902B6
:10493000C1610221614A51600021614AD162614A2C
:10494000118003215D4A1160022101605E4DCC019E
:10495000A868204010D05A480068F021090501409D
:1049600090200005814207D00220584908600120AC
:1049700001F018FC56480460202056490860802049
:1049800055490860CC2080015449086001245448EE
:1049900004602E683004070F52480068C505ED0D0D
:1049A000103DC0202843C0B2FFF706FE4448C06B4C
:1049B000800309D5092F07D0FFF779FF002801D020
:1049C00003F0F9F801F028FA3007000F009046488C
:1049D00006680098032803D0022806D1032F37D099
:1049E00000F05EFA0098032803D0062F30D1062D80
:1049F0002ED03E480068C00B204001D001F004FDDD
:104A00003B480068000108D5052D06D1012539482D
:104A100004606005FFF720FF00E00025310038004A
:104A200000F078FA0600002D06D000F01FFC324896
:104A3000046002203149086060052F4948658009FB
:104A40002F490860FFF733FF002801D003F0A1F8D9
:104A50001A4821040162002F08D102214160002080
:104A60001749C863C020C0001C4948643000F2BD2B
:104A700080B5FFF7E3FEFB2080010078800602D4BA
:104A8000022020490860FFF7E2FE01BD02201E4916
:104A900008607047802000061C49096801400AD060
:104AA000C10D1B4A1278920701D51A4A00E01A4A32
:104AB00011601A49086070472C1002A8282002A82B
:104AC0000C0002A8503E0000B00002A86C1102A821
:104AD000B82002A894E001A80CC001A8146001A8A5
:104AE000C4E000A804ED00E0B44000A800E200E04B
:104AF000F03E0000645000A8646000A82C4000A8AC
:104B000080E200E0081002A8082002A8440002A8E1
:104B1000703E0000FC1302A8FC2302A8442002A857
:104B20005A480068800700D4704770B59448012146
:104B30000422BB4B0C02E025ED0086682E4002D01B
:104B40001C601A6119610068054002D01C609A60FF
:104B5000996070BDBF48012181600160704710B548
:104B6000012088498A680240FCD1BB4A04231361B2
:104B70000C680440FCD193600002106010BD8249B3
:104B800008680122104200D1704710B5E023DB0015
:104B90000340FF24A41CA34204D3C04B1B689B0604
:104BA00000D54868024001D000F044F910BDFEB5C0
:104BB0000700764E30683F218843754909780143E4
:104BC0003160FFF7DCFF734880214903954C0825CD
:104BD000954A1268D20504D525600322B2620160AD
:104BE00006E0C822B2620622904B1A60904A116019
:104BF00000978909C16000980068984FB9688142A0
:104C000001D2019100E001900199401A00990860D9
:104C10000121009800F0FAFB060000980068019955
:104C2000401800990860FFF77BFF8D4800683860E6
:104C3000002E13D1002060627B480168C90501D4B1
:104C4000102161620068284001D0256000E06560A5
:104C500095480068400001D5680260623000FEBDE2
:104C6000FB208001017809060DD5007F00280AD0BD
:104C70008A484168C90606D40068A0210140481E40
:104C80008041C00F7047002070470000500002A80C
:104C900080B5FFF7E5FF002803D00021042001F0D4
:104CA00047FC01BDF1B581488149C860EE20C004D0
:104CB0000860804880490860FFF7D2FF002803D0D1
:104CC0000021042001F034FC7C4C8020C0012060D5
:104CD00008277B4887650125754845641D2078496C
:104CE0008862784E9B204000B061072001F05AFA9C
:104CF0000220734988624C490A68D20603D570497C
:104D0000714A0A6008E00F220968394002D0310078
:104D1000103101E0310014310A606C490968002942
:104D200000D4B761E32109013160C021C900684A9C
:104D30001268F823DB01134001D1F16201E05C4A03
:104D40009165216C294008D0616BC90705D4614980
:104D50000968084001D101F009FC0020C0435E4908
:104D60000860606B054001D1FFF7DAFE009801F0A2
:104D700007FA606B8001FCD4606A58490860F1BD95
:104D8000900102A8940102A8783F00002C8001A89D
:104D9000523E0000981002A870B5FB2080010178F7
:104DA000090606D5007F002803D00021052001F068
:104DB000BFFB4B4801683F2291434A4A12780A439D
:104DC00002603E4848490122436B134001D10A6307
:104DD0008A62972252000A6010220A60434AE22344
:104DE0001B019366424BCB610021424B196080232B
:104DF0005B00072408210C4D2E680E4005D09467F7
:104E00002C68234006D1916704E0D4672C682340C6
:104E100000D1D1670323136011630903016070BDE2
:104E2000881102A8601102A8FC0302A80C9001A836
:104E3000982002A8F02109012F4A116001402F4853
:104E4000016020202E4908602E4909680840BF49AA
:104E500008607047902102A8882102A8A03F0000A6
:104E6000340002A82848294982680A4002D1C26851
:104E7000114001D00F49016012480821A64A136869
:104E80000B4000D081611178C90602D58C2109013F
:104E900001601420AE490860E9E10000440002A866
:104EA0000448054908607047EC0002A8000FFF00A5
:104EB000242102A801200000706201A8100002A8AD
:104EC000C01002A8501102A8BD03000028C000A80D
:104ED000A88001A8283E0000B46000A89C3F000004
:104EE0002C8001A8533E0000682102A8E82002A8F7
:104EF00010100000C00002A8586001A8585001A876
:104F0000482002A8184001A8704201A80080008033
:104F100070470000F8B586B005000C008D480068A9
:104F2000400102D52000402404438B48C66AFFF7A5
:104F30009BFC0590B00503D588480068FFF7C6FACA
:104F40000020019001237006C00F0290844A9168EE
:104F500000209060B8204000824E30606608B82083
:104F600030401278F0261640402E02D10200402038
:104F700010430D2D02D10A00042111434A0704D524
:104F800002001420104310229443774A12686D46A1
:104F90002B70D20506D580225200744B1A60020095
:104FA00001201043029A002A11D10C220240082A43
:104FB0000DD00200684B9B6BDD0601D41025AA437F
:104FC0009B0601D420239A43B12313404FD06A4655
:104FD0001278002A4ED0A34A956B966D01236D0777
:104FE0006D0FAD1DAB40F504ED0C5B1B9BB2082BA8
:104FF00009D280200623584D2B6043029A4D2B6026
:1050000000236D462B708123034036D00823029D78
:10501000002D00D113620D000821294310239C4369
:1050200004231D05954E3560DD04954E35606D46B3
:105030002D78002D1ED0062B25D3464DEE6CF6069E
:1050400021D5904E3668360E01966D69ADB28D4E03
:10505000F66B360603D02E0080256D0135431561B1
:105060002D121561404A1268D50592D40BE0082232
:105070007C4B1A620491009032E000BF27A34506E2
:10508000ED0E5B5DD3E7049100903348026B7D49E0
:105090000968744D2E686F463E81282616401E43CF
:1050A000930CDB0133431600120E324010263240BF
:1050B0001A43890040231940114302AA9170406BA2
:1050C000000A02A9C870FFF7E7F902A90871019860
:1050D00048716D480068C8800298E8660398E866E1
:1050E0000598FFF7CAFB0825600601D5634885606F
:1050F000FFF7DDFB002805D064480078002801D0C8
:10510000634805600498C1B20098C0B2FFF75BFA2B
:10511000200007B0F0BD0000F84F000003010706B3
:105120000301070605010606050106060302070638
:10513000030207060502060605020606081A03D240
:10514000544909684018401C70470000481002A8E4
:10515000703F0000084000A8180002A81CC000A86A
:10516000683F0000B46000A81C0100AA1C2100AA2E
:10517000F8B5494F494E0F24012549494948806BEC
:10518000C0061BD5012008704748006847490968D8
:10519000FFF7D4FF316F4018012858DB01F08EFA79
:1051A00043490968090B0C40022C4ED16905414A5C
:1051B0001160102139643B490D6046E03948006CAC
:1051C000C0001FD53C480068E021890501403ED061
:1051D000374D28682103014080208001814236D16B
:1051E000FFF742FB354A36490968C90502D53549FA
:1051F000096811602968090B21400229F3D0FFF7E3
:105200003CFBF1BD30480068002820D001220A7024
:1052100000F0B6FF00281AD101F050FA24490968BD
:10522000090B0C40022C10D102213278D20705D58F
:10523000264A12680A4001D01A4A1560CA031D4B5B
:105240001A6039600021204A116001F03BFAF1BD7B
:10525000802080041E4908607047802040041C495B
:1052600008607047540000AA141100AA00BF194832
:105270000168490701D0FF2141617047441002A82D
:105280004C5001A8184001A8448001A8D03C00005F
:10529000845000A838C001A8082002A8703E000071
:1052A000553E0000100002A81CC101A820C001A8A2
:1052B000B00002A81C1002A84C4001A8800000AA5F
:1052C000084000A8904000A82C3E0000F03E0000DE
:1052D0003C2002A80C4000A83D480068000217D5F9
:1052E0003C4801680BA2008ACA384009105C0818C3
:1052F00040B2082801DB401F02E0002800D5401D15
:1053000035490A68354B1340000680111843086080
:105310007047000002010000FFFEFD00FF2807D0DB
:10532000032805D22E490978C140C807C00F70472D
:1053300000207047F0B5802000020821294A116042
:105340000A230121284A01249C40044329A5ED5C3D
:1053500025439560F025254E3560224D28A6F65C44
:10536000022737432F6004262E60214D2D680D4003
:1053700006D1CD026D1E03D0966C3603FAD401E03F
:105380000220F0BD956CD66C6D036D0BAE4200D261
:1053900020005B1ED7D50823144C23609060AC4BD3
:1053A0001B685B0112D5AB4C63785D1C01262E4057
:1053B00066701D000626754365191268AA80E8808C
:1053C0002370074802789940114301700020F0BD16
:1053D000500002A8643F0000F80302A8FFFFE3FFAB
:1053E000843F0000889001A8448001A888A001A8FB
:1053F000140002A80000000101020408102020008F
:10540000505050404040403020202000F1B584B042
:10541000914C92484068C00516D5606AE021C900E9
:105420000840884210D1AA48006E0004000F8C4941
:105430000A68D20601D5072804D00968C90603D432
:105440000B2801D1002001E1FFF784FBA14840694E
:10545000400101D401251CE09F48826B00207D495A
:10546000C3B206256B43CB189B8895B2AB4204D0E0
:10547000401CC3B2022BF3D3FF20087001259548CE
:105480004069400105D50878FFF748FF002800D0A3
:10549000002592485021405C000608D58D480078D0
:1054A000002804D08B484078002800D10125E0690D
:1054B00002906A480068E061894E04980068316D86
:1054C0004718012F16DB00F0D2FD3060C001381AFA
:1054D00001280FDBFFF743FB00F0C4F804980068D5
:1054E000316D401800F04CFE002803D00021049AD2
:1054F000116010E07B4FC020C00038602068072892
:1055000032D005210840052808D021600C2000F089
:1055100049FE002802D00299E16197E0724EFF2017
:105520007A3070620420B062FFF719FB022030600D
:10553000E020C0046D49486080208004786002202B
:105540003860012000F02EFE802080007062022072
:1055500000F028FE8020C00070620820B0620220A7
:1055600000F020FE0220B062614EE0204000F061B9
:105570005A480078C00705D5802000065D490860BC
:1055800040083060042000F00DFE019000284BD14F
:1055900002205649086080027064C00170641020C7
:1055A0004D4908600120B0674C4F494800684006EB
:1055B0001ED448484069400113D526480078694602
:1055C000087068460078FFF7A9FE002809D0214836
:1055D00069460978062251434018C0883E4908644C
:1055E00006E001203873FFF7A5FE019000281BD1CB
:1055F0000120394908600020C867022000F0D2FD70
:105600003C4E4020F061C030F0613878C00705D5CD
:10561000C020000630603048006CF881022000F0A5
:10562000C1FD8120C0027064002D05D028480068AB
:10563000800101D4FFF7F0F8E069E021490301405F
:1056400002982D4A02400A43E261019805B0F0BD7C
:10565000F03E0000403E00005C0102A8F80302A8F2
:10566000B04301A870B5FFF775FAFFF778FA234C3D
:1056700023480068C00509D5E06F000B0F210F22F9
:105680000240072A23D001400B2920D002251248CE
:1056900005601C4E0820B062C0017062012000F05D
:1056A00081FD2802706235600620B0621648706283
:1056B000E0204000154908600C4805600021144AAC
:1056C0001160C021C900016020681249086070BDE6
:1056D000500002A8DC3E00000C8001A8703E0000D3
:1056E0008C3F0000981002A85C1102A8982002A824
:1056F000109001A810A001A8FFFFE3FF340002A84A
:10570000FC0302A85C2102A8F96100002CA001A8FA
:105710005C0102A8943F000070B50600FFF71FFA75
:105720002848C021C900284A1268F823DB01134029
:1057300001D1C16101E0254A116025498022520052
:10574000244B1C68144003D008240460032001E0AB
:10575000AC20400088641868024001D10A2008602B
:105760001D488021490301608909C1601B4C6069A3
:10577000AF21C90145183068854200D30500401BA0
:10578000306000213000FFF741FE31684919316077
:1057900013490968216070BD80200001114908602B
:1057A000000111490860704710B50400FFF75CF86C
:1057B0000E490A680E4B13401C430C60FFF75DF85E
:1057C00010BD0000601102A8AC8001A87C2102A8D5
:1057D0000C8001A8FC0302A8981002A8903F0000CA
:1057E000340002A8441002A8685000A83040005AB3
:1057F000FFF8FFFFF1B584B0E020C000FFF7D4FF51
:10580000B04800680190B048006BAF21C901401852
:10581000AE490978C90708D40499884205D2081A04
:1058200000F0AEFC002800D016E2A94C6068C0076A
:1058300000D511E20425A748C562A803A6498862DD
:10584000A248006D0090A06B8607B60F032E03D010
:105850001020A049C86223E00846E9038162E16B99
:10586000890601D5012053E00099090610D5E26BA5
:1058700002210A400CD1994A05231360E36B1027DB
:105880003B401943116000211160A16B090A1160AE
:10589000C562E06B002803D5E8038E4988620026C4
:1058A000A06B284004D0A06BC000A901084003E011
:1058B00085488068C10701D5FFF7BCFA012000992F
:1058C000014008D0BE49B2018918096AC904C90C4F
:1058D000491EBC4A11600021BB4A13681B0403D552
:1058E000926F002A00D40121C0208000B74A506581
:1058F0003202764B1B78DB0701D4002901D001006E
:1059000000E01100B24B1960B04988655A60002070
:10591000216C942292050A40110000D001216A46B0
:1059200011706E026F036946097801432CD0CB4891
:105930000078C0210140402902D1FFF799F801E029
:10594000FFF7A4F8202020606846007800281AD0CD
:10595000A06B284009D028035F4988620220C04913
:10596000086000F0A1FA002805D05A48C5625A48DC
:105970008662BB48076055485021405C000602D54E
:1059800068045449086067E16068C007FBD4E80315
:105990005149C862FEF752FF8A48406E216C394077
:1059A00008D1C00606D5FEF75FFF0221AD4A11609F
:1059B000FEF763FFFEF74BFFA8022060C020000641
:1059C000A949C860A803A9490860A06B4007C10F96
:1059D000684601700198C00700D4CDE000F06EFE6B
:1059E0000290FEF75BFF206C40040DD400BF00BFA7
:1059F00000BF00BF00BF00BF00BF00BF00BF00BFAF
:105A0000802000069A490860FEF74DFF029800F0DA
:105A100059FEEE20C004AD4908609348466295499E
:105A200003220A647F224A644222019BDB0501D4DF
:105A30000A6000E002600646A020B06008208B49A2
:105A40000866A3480560206CC0025BD5A148416888
:105A50000A0B0F2313401A01D21A09090F250D4012
:105A600051190F3901D1002200E04A1E82A55B00C6
:105A7000EB5A0193102945D313490D88E72D41D3E3
:105A800095235B009D42019B9C4608D895235B00B3
:105A90005B1B1B0965465D43AB0A5D4205E08E4B0F
:105AA000EB181B0965465D43AD0A6DB252190B6BCD
:105AB0009C46CB6B5D4363465B190B63B32A0FD3E4
:105AC000B32210E0FC0302A8743F0000703E000007
:105AD000100002A81C2002A81C1002A8E40000AAC2
:105AE0000F2A00D20F227D485043C00C7C49784BCE
:105AF0001960411C09030301C01A1018401C000161
:105B00000843B066714D7748A864C0208001F060FA
:105B100056487549416775498167F02000016865FD
:105B20007809B0610A2000F03DFB82204002B06697
:105B3000C4200006F060C02040016D4908600120CB
:105B400000F030FB0120F060062000F02BFBF76036
:105B5000082000F027FB7802F0604008F060400861
:105B6000F060C000F0604000A864032000F01AFB61
:105B700078005749086004E05E4A4021002001F0A7
:105B800015F80020C0431149086000F070FA9B4EE0
:105B9000401DC001316B47188020C00198494D6FEE
:105BA0000540984908600498874214D2316B401A26
:105BB00000F0E6FA00280DD0934805604CE000BFE5
:105BC0000C0000AA204000A8684101A8B46000A809
:105BD000085100A8049F8D482349C860012000F0A7
:105BE000E1FA606AF06280204000204908603800D5
:105BF00000F0C6FA864F3878C00703D58C204005E0
:105C0000FEF72AFE68460078002806D17C48006826
:105C100078678020C0037F4908607B4805602B4877
:105C200002218164C02189018164606A70626846D2
:105C3000007800280AD0012000F0B4FA5020385C27
:105C4000000603D58020000396490860206CC0023E
:105C500002D520480068306305B0F0BDF03E00007A
:105C6000685000A8D4E40350601102A8B81002A83C
:105C700004500950600102A8000000000004000860
:105C80000008010C01100218021C0324042C04302B
:105C90000534000080B55E490978C90701D50028A0
:105CA00003D0C0208000FFF77FFDFEF7DDFD9549A2
:105CB00000220A600A22CA61FEF7DFFD9248C02175
:105CC000890201609149416001BD0000242102A8C0
:105CD000C82102A8F83F0000D6FEFFFF8988000017
:105CE000F0F0000004040000020300000004FF00C4
:105CF000B05101A8050700008548806B800300D4DF
:105D00007047F8B583480068009000240020012601
:105D10000099314001D0C02080017F4902220A60F1
:105D2000086408277D4807607D480068C00403D4E4
:105D30007C4800683840FBD07B4D344868650420BF
:105D400000F030FA8820C00468650098304027D001
:105D5000F005686580006865012000F023FA6E6533
:105D6000F00368654002686500F0A8FC0600FEF7D5
:105D700095FD6748006C40040DD400BF00BF00BF14
:105D800000BF00BF00BF00BF00BF00BF00BF80203A
:105D9000000666490860FEF786FD300000F092FCC0
:105DA000634E0098C00501D5376000E03460746030
:105DB000C02000066865C00C5E490860012000F044
:105DC000F1F9F0200001E8665B480099C90502D5A9
:105DD0000321016000E0046086204002574908600A
:105DE000574868652F60A020286534647464B80241
:105DF00047490860000153490860F1BD743F000045
:105E000020C001A894E001A894D001A8024000009D
:105E1000703E00001C1002A8F8B54B4800680D2722
:105E200007400424002F00D10427484810256603AA
:105E30000821474A474B1B682340126814D0426030
:105E4000394004D00220FEF736FC434806603C404F
:105E500007D042480068054340480560B0083E4905
:105E6000086002203E4915E00260394005D002205A
:105E7000FEF721FCA002384908603C4006D03748B4
:105E800001680D43056070093349086034480660B5
:105E900030032C490860FFF72FFF00210020FEF798
:105EA00092FBF1BD1C2002A810B580202D490A6884
:105EB00002400AD02C4B1A680624144005D15C6EAF
:105EC0002A4A22401B6D9C0101D5002010BD0968A3
:105ED00008400DD02648824203D1180501D5012083
:105EE00010BD24480068C107C90F481E8041C00F7B
:105EF00010BD214803210164A821C1631021016064
:105F000070470000D80000AA442002A804000080C6
:105F1000100002A8FC0302A82C1102A8106001A81E
:105F2000D84001A8104001A8182102A80460095017
:105F3000600102A8B06101A8548001A8C82102A88C
:105F400004340000482002A8B44000A8E83E000045
:105F50001CC101A8480002A8441002A8683F000024
:105F6000685000A8440002A814C001A81F1F000028
:105F7000010C000030C101A8082002A86C4800688C
:105F80000121084209D16B4A12686B4B000C184082
:105F9000F03291400B40984201D00220704700201F
:105FA0007047F8B507000F386A461080604CE0680B
:105FB0000A0004D16B461B8882B29A423AD2002270
:105FC0006B461A80012502263A0013D0226832401F
:105FD00007D000292ED059480088401C5749088016
:105FE00000203900216156490E6080B2B84201D3C9
:105FF00069460D805348456000E030BF206830405E
:1060000003D1FFF7BBFF0028F7D04D4845603900AA
:1060100010D02168314005D048490A886B461B885A
:10602000D2180A80066000202061E068B84201D2E0
:1060300044480660FFF7A2FFF2BD38B5050000F046
:106040003DFB0400012199204543A8093E4A1268FE
:106050008018123880B2FFF7A4FF05008020C0012D
:106060003A490860200000F02DFB280032BD33487B
:1060700003883549096802889342F9D11004081849
:106080007047FEB51238070C6946088000F016FB11
:106090000190274C294D2888B8421ADA01202C4952
:1060A0000860274E30BF02202168014006D03060D2
:1060B0004003264908602888401C2880FFF75EFFBF
:1060C000002802D12988B942ECDB01217160002847
:1060D0000DD12888B8420AD1E0686946098888420B
:1060E00005D2002168460088FFF75BFF01E0FFF75B
:1060F00045FF04008020C00114490860019800F0A9
:10610000E1FA2000FEBD10B512490A680E4B1B686B
:106110000C689442FAD0DB014033141A02D2886929
:106120002418641C0C4800684443181B10BD000070
:10613000280002A804ED00E0FF3F0000503E0000F0
:10614000282002A8281002A8340002A880E200E05B
:106150002C1002A820C001A8B43F0000F0B502E056
:106160000A601C602E607EC84F1C07D05F1C04D0E4
:106170006F1CF5D10A601C60F0BD0A60F0BD000024
:1061800010B5C409FFF773FF201A312806DAC000E2
:10619000183801D4C01EFDD5002010BD2000FFF727
:1061A00070FF10BDC32148436F3801D41E38FDD5A0
:1061B0000020704780B5FEF77EFA01208C49086008
:1061C00001BD38B58B490C6808258B490D60FFF778
:1061D000F1FF2C4001D08948056031BD80B5EB202E
:1061E00000F001F801BD30B585490B681840102258
:1061F000134211D0834BFB24A4012468224008D011
:10620000B04A14682402FF252D0225401D63002496
:106210001460802252031A60086030BDF3B501009B
:1062200016001C0000250095A748019A330000279E
:106230000BE0BC464F5D4743AE009E597E40575D24
:1062400047433740664637436D1CA542F1D33909B1
:1062500039438A080A43510811430840C1090143E0
:106260000F208A0B0A4302405040F6BDF1B582B0C0
:106270000E00002093490860FD25AD01EF7AA87A51
:1062800001900F21394000910ED00B468F4A904962
:106290000298FFF7C3FF019901408A4801608D48C9
:1062A00041438D48084001D1012400E044013809F0
:1062B00015D032003B0929000298009E6D7A7519AD
:1062C0004019FFF7ABFF0199091101407D480268B1
:1062D0000B0113430360002901D0480044437F4869
:1062E0000068204001D10420FEBD0020FEBD80B525
:1062F0000A00002111807A4952888018FFF7B6FF02
:1063000002BDF0B50F22774B5C7905780F20204055
:10631000C5402009284001259C79C4402C4001D16A
:106320000320F0BDFB24A4012468254008D06E4D55
:106330009E684700F65B761E2E608026B601EE60F2
:10634000DD78DE79C640F00711D5E0060FD5002DC7
:106350000DD0664848600888488008881C78001975
:106360002A4080185A7880182A09801800E00020F6
:1063700008800020F0BD10B55D4801685D4A082026
:10638000014200D09061C90602D58C21090111603B
:1063900059495A4A5A4B1B681B040CD54B685C047C
:1063A00002D5C303136006E0C024A4011C404302CD
:1063B0009C4200D010600B68034005D0514B1B6815
:1063C0009B0F9B0700D01060FB2080010078C0234A
:1063D000034002D180204005106008682021084059
:1063E000106049480068C00101D4FFF7F7FE10BDF6
:1063F0002C4000A84C4000A84C6000A84C5000A8BD
:10640000703F00001C1002A8F8B5404F38687E6845
:1064100006403F4830403F4908608024A4033E4D79
:10642000F00228D5FB208001016801200A0605D56D
:106430003A490968A9602870022014E0014202D09C
:106440003749A9600FE00020C9060CD52749A9608B
:10645000344A91780B071B0F12789A1809095118C2
:10646000A980E880A888A880A888002801D02643B1
:1064700001E0FFF7B3FE264023D0264E746034605F
:10648000A88800280BD0396A814208D3291D2648E4
:10649000AA6890470100F3D0FFF78CFEF1BD010020
:1064A0000CD0FC218902F16120490203CA613460E9
:1064B0004C603A6A824204D30C60F1BDEB20FFF7D6
:1064C00092FEF1BD303E000001010101F83E0000E6
:1064D000383F00001111000021840000F43E00004C
:1064E000183F0000483F0000204000A8B3220000F1
:1064F000F84F0000502102A8184001A8481002A837
:10650000684101A84C4201A8D04000A8B44000A8AE
:10651000FFFFDFFFB46000A8343E0000C83C00006D
:10652000C7220000493F0000D84000A8B45000A88E
:1065300070B505000C0000F0C1F80600FEF7AEF9DA
:106540002002054306480560022006490860FEF760
:10655000AAF9300000F0B6F801200349087070BDB8
:106560000480095040900950543E0000FEB5C02000
:10657000C004334908603348334948653348886567
:1065800033484024046044601020FFF70BFE0028CD
:1065900054D1FF2000052F4908602F482F4908607B
:1065A0002F4829490860A5032A4805602D48076837
:1065B0000820FFF7F7FD002840D108262A4806608A
:1065C0000120FFF7EFFD274880680190274806600B
:1065D00027481D4908601F4805600820FFF7E2FDB5
:1065E00000282BD1204806600120FFF7DBFD1D4865
:1065F000806800901D480660134D1E482860019970
:10660000009800F03FF88606B60E0198C10B00987E
:10661000C00B00F037F80002FC2189010140314332
:1066200029601048076060030A4908601248046046
:10663000446012490164124941640020FEBD00001B
:1066400020E000A8571400004C0102A8FF3FFF3FC4
:10665000601102A8B42002A80000380EB41002A8ED
:1066600030300000104101A8105101A8106101A8AC
:106670001010000020200000602102A8F703F000A5
:10668000FF3F000010B54904CA104004C310991A16
:1066900000209A18D30F9A18521052188B115B0EC3
:1066A0005B18DB11D2182023541A01D4220018439E
:1066B000CC0F611849105B08F6D110BDEFF31080C4
:1066C00072B67047002800D162B6704710B5C2009C
:1066D00018231340FF249C40E2438907090E994088
:1066E000030004D474489B089B00C01806E0734B59
:1066F0000007000F083880088000181803681A4047
:106700001143016010BD80B573225421002000F0B8
:106710004DFA01BD10B5FFF7D1FF694901220A60AA
:10672000684B694C2360694C23600323684C2360E9
:10673000684C2360684B1A60684B1A60684B802471
:106740001C601A60674A1A6011228A63FFF7BAFF59
:106750003F206549096801400A1D402A00D2081DF2
:10676000624A1070A548017010BD80B5010011206B
:10677000FFF7ACFF01BDFFF7A1FF050000240121D9
:1067800060B2FFF7A3FF641C0E2CF8D301210F2089
:10679000FFF79CFF01211320FFF798FF012117202D
:1067A000FFF794FF03210120C043FFF78FFF012172
:1067B0001E20FFF78BFF4E484E49086002204E49CD
:1067C000086001209B49086047044C4C2069384010
:1067D000FCD02068800101D4FEF70EF82800FFF7F6
:1067E00071FF47480068400311D4FF22263253212D
:1067F000002000F0DBF90AE000281CD0FEF734F896
:1068000019E020693840FCD02800FFF75BFF206EBC
:106810000004000F022801D1FEF7AAFCFFF74EFF8B
:106820000500774EFEF730F800287078E4D0002895
:1068300001D1FEF722F801202F493278002A05D134
:106840007D4A1268920600D4086030BF0022327080
:1068500002220A6077490860D3E7784801684268F5
:106860000A408048104018490860800700D47047EB
:1068700010B57D480188491C0180FB24A4012078C3
:10688000000617D579490A680F20120B0240032A27
:1068900010D1774A12685207520F032A0AD80968A2
:1068A000090B0840032805D10D20FFF78AFCE08A78
:1068B000401CE08210BD000000E400E01CED00E0A0
:1068C000040002A80000FF3F282002A82C1002A804
:1068D00040E002A844C002A804C001A8044001A8E6
:1068E000145001A8200060062C8001A8523E000030
:1068F000FFFF9B4000E100E0602002A8500002A8DA
:10690000F80702A8F8B55B4C206865680540904818
:1069100005605948284007D0FDF7C9FF002803D07B
:1069200028005649096888470121022289480078D1
:10693000C00701D5022300E001232B408648002B2D
:1069400010D0864B1A60864A12680A4007D1026846
:10695000F0231B051340902212059342F3D0090245
:10696000804A116080210D4220D0A26AF823DB0109
:1069700013401BD0C0221201934217D880231B065C
:10698000894E3360A76AF826F6013E40374F3F68CC
:106990003F043F0F022F01D0032F03D1002E01D05F
:1069A0009642EFD3904A1360694A11608F49097883
:1069B00006290DDACC20800128401DD0FFF77EFE8D
:1069C00004002800FDF72FFC2000FFF77BFEF1BD3F
:1069D000806B800510D58648284005D0FEF798FAD0
:1069E0002800FDF720FCF1BDA80205D5802040015C
:1069F000574908607F490860F1BD0000533E000020
:106A0000553E000010B57C48016844680C407B4846
:106A1000046080210C4205D041607948016000206B
:106A2000FDF701FC600403D580204005754908602E
:106A300010BD0000601002A8F40302A8280002A8FC
:106A400038B57148016844680C40E00707D5FFF786
:106A500035FE0500FDF782FC2800FFF733FE6B488A
:106A6000046031BDFFFF00C0503E0000B00002A82E
:106A7000184001A8104001A802000600CC3C00000C
:106A8000FEB5634C206C676C074001252F4216D081
:106A90002E066048066020685F490D60002802D01D
:106AA0000021FDF733FE5D480068A021C90188423E
:106AB0008041C043C00F5A4948705A480660FDF7EC
:106AC000D3FE0190022007403ED06168CEB20F0A8B
:106AD00055490822494B4403012E24D0022E31D1BE
:106AE000012F22D1514EF6780096504E377801266C
:106AF000BE404F4F3E604D4E3678760590277F045E
:106B0000F71903263E434B4F3E601C604A4B1C6006
:106B10000B68009C1B194B65444909788D40474917
:106B20000D6047490DE00090DFE7002F0AD1454E88
:106B3000356000254D655C601C60C104424B1960E6
:106B400042490A60344908600198FDF796FEF7BD96
:106B5000106001A8703E00000C0002A86C1102A891
:106B6000B44000A8B82002A870B5FDF77DFE04006F
:106B7000FFF7A4FD2F490A68D2070FD52A4A566DA0
:106B80001368334D2E60CE686E604968E9818021BC
:106B9000C904204E3160297B59185165FFF792FDD9
:106BA0002000FDF76AFE70BDE06101A8002800D05A
:106BB000704770B50C00FDF757FE0500FFF77EFD2E
:106BC0000600FDF76BFE234804600121224A116094
:106BD000026C0A40FCD1FDF766FE3000FFF772FD43
:106BE0002800FDF74AFE70BDE05101A8203E0000DC
:106BF00000104006145001A890C001A890E001A820
:106C00000CC001A804ED00E0C0C000A8C0E000A8CE
:106C100000C002A8441002A840E002A8404000A81A
:106C2000553E0000442002A818800A50693E00002A
:106C300068A00A5060C101A894D001A868900A50C9
:106C4000F42302A860E101A880E200E0F41302A8A6
:106C5000603E0000008009504090095080B5FDF76B
:106C600026FE002801D000F0B3FE01BD80B5FDF77F
:106C70005BFEC348006800030AD4FEF711F9FFF772
:106C80003BF8FEF789F80120FFF704F8FEF7EAFC6D
:106C900080208005FDF7E0FD01BD80B5FDF744FED5
:106CA00080204002FDF7D8FD01BDFEB505208D49CD
:106CB00008608D4806680124264201D1FDF74AFF8D
:106CC000FDF732FE9C49086800909C4849680160C5
:106CD000B105CA0F69460A710025264210D00095F9
:106CE0009749496801609648026896490B68981A66
:106CF0009A4202D38B69C018401CA24B9842F5D32C
:106D0000A148056068460079002804D03100009849
:106D1000FDF764FB009000279B480068204003D1EA
:106D20006846FDF744FF0700FDF79AFF002840D0B2
:106D30008348407C00283CD19449814DEE680A6923
:106D400033689A4200D00120914A9446914A1378C0
:106D5000062253436246D35AB446020018267243B1
:106D60006646B2185360009A0192EA6801234340D4
:106D700018204343D61830680861B0680860A248FC
:106D8000F1680160316901627069A049086001A879
:106D9000FDF70DFF002806D17D497E4A12780623B3
:106DA0005A43895A7160390007000F4301D16C744E
:106DB00001E0002F02D10098FDF774FF9E480460A7
:106DC00002209E490860C820C004BC4908606004D5
:106DD000FDF742FDF7BDF8B5994C8025EF02FDF7B0
:106DE0003FFF002808D097480078002804D13800D9
:106DF000FDF732FD2560F1BD206CC00506D5802071
:106E00000006206000BF00BF40082060FEF72AF89F
:106E1000FDF78AFDFDF780F90600A948A949086039
:106E2000FFF71CFF3800FDF717FD002E00D025608E
:106E30000120A5490870F1BDF8B50120FFF795FCC8
:106E4000A24CA34800682060FDF76EFD7820205C0E
:106E50000521014002D0FDF70BFE01E0FDF716FE13
:106E6000774D0227A06F384001D001202860102004
:106E7000C043984908600026EE6397480660FDF716
:106E800016FD002802D000F0F0FD00E06663FDF77B
:106E9000D5FC92480068296C090407D4000705D581
:106EA000FDF7E2FC8E490F60FDF7E7FCFDF7CFFC34
:106EB000FFF761FAB804FDF7CFFC0020FFF755FC9F
:106EC000F1BD80B5FDF730FD2D480068000303D407
:106ED000FDF762FFFEF7C6FB80204003FDF7BCFC18
:106EE00001BD00005C1102A8440002A838B5FDF7FE
:106EF0001BFD534C2025FEF7D7FF002806D0606B02
:106F0000000704D5FEF7F5FFFEF746FC2560FDF708
:106F100043FFFEF7A7FB734800780C2101400429CA
:106F200002D1FDF7A5FD01E0FDF7B0FD6804FDF716
:106F300093FC4020206031BDB83F00002C3E000093
:106F4000CC3E000020C001A81CB5052066490860A1
:106F5000FDF7EAFCFEF7CDFF644800680090684644
:106F6000FEF7DAFB0400FFF779FE002C02D100984F
:106F7000FEF740FC80204004FDF76EFC13BD0000CE
:106F80000C0002A801FF0000283E0000348001A888
:106F9000463E0000403E0000F8B5FDF7C5FC544CED
:106FA000A56A5020284002D0FDF762FD01E0FDF700
:106FB0006DFD234FFEF778FF00281BD1B86B40070B
:106FC0001DD4786BE0214901014018D1A80611D4E5
:106FD000FDF734FCA56A474E354207D0FF20C04379
:106FE0002D18A56280200005A9490860FDF72FFC37
:106FF0002E4002D00120386001E000202060802077
:107000008004FDF729FCF1BD1C4101A8284000A81F
:1070100080B5FDF789FC9F480068C00501D5FDF7E4
:10702000BBFE0120FEF736FEFEF71CFB8020C004ED
:10703000FDF712FC01BD0000442002A8305201A857
:10704000100002A8DD3E000010B526480468FDF7D8
:107050006BFC9149096809032AD40321C00601D5B4
:10706000214001E0A0080140012902D1FDF700FD07
:107070000BE0200107D50E20FFF79CF8874804217C
:10708000016008210160FDF701FDFDF778FD844CEA
:10709000206984490860FFF7E1FD2068002807D0D7
:1070A0004000122802D2FFF77DF801E0FEF7C5FF8D
:1070B00080208003FDF7D0FB10BD0000106001A808
:1070C00070012000B46000A8553E0000783E00002A
:1070D00008C000A8482002A8303E0000844000A854
:1070E000D4E40350F03E00005C1102A8CC3F000045
:1070F000C83E000000FFFF00FEB500246A490C7383
:107100000120694608700294FDF70EFC0600624FEC
:107110003868000300D5B5E003209F4908649F4804
:107120000268FF2080019E4910255F4B1B78DB071A
:1071300020D51207120F022A03D09A4A12682A4059
:1071400004D1594A5268584B5B7801E08A680B6851
:107150008E6A096A0091911B14225143DBB2C9184F
:10716000009A891A09014068081801D5019453E072
:10717000019051E013071B0F032B03D01204120FD1
:10718000062A3AD18968426802923A6C920701D580
:10719000806802900800FEF7B6FF0299401801D5FA
:1071A000019400E00190B86B0107C80F03213F4A2A
:1071B00012680A40022A1AD12E4018D03A4A126D9B
:1071C000D30512D5FE6B984B1E409E4202D17249E8
:1071D0000D640CE092050AD43A6C2823134006D1C2
:1071E0006B461C702A4A116001E06A4614700290D6
:1071F00068460678002E03D10FE000680190012652
:10720000FEF752FE002808D0FEF773FE0298002811
:1072100002D0FEF7C1FA00E0002602205E490860B5
:10722000002E10D0214800780C210140042902D002
:10723000F86B054002D0FDF71BFC01E0FDF726FCD2
:10724000202078601EE018480078C00705D5554812
:107250000068054001D1FDF71DFCFDF79DFD802074
:1072600000060B4908600020C0437049086001A86F
:10727000FEF752FA0400FFF7F1FC002C02D101984E
:10728000FEF7B8FA80200004FDF7E6FAF7BD00002B
:10729000481002A8680102A80C0002A880E200E0E1
:1072A000AC3F00002C3E0000703E0000F03E0000AD
:1072B000FEB500245E490C730094FDF735FBFFF723
:1072C000CDFC5C4DE86E5C4E0007000F07280BD12B
:1072D0006868002808D40020FEF7DCFC30685749B5
:1072E0000860FDF7D5FC52E00120102769684907C6
:1072F0000DD453490968014009D001024C4A126D6E
:107300000A4208D0520502D42A68114001D10090E7
:1073100001E04C48076046480078C00705D5214881
:107320000068384001D0FDF7B5FB474801680320ED
:10733000009A002A01D0890900E00909084001905B
:107340000020FEF7A7FC0198002805D168680740D7
:1073500002D1FDF79BFB01E0FDF78AFB00200099BD
:10736000002903D139480068FEF7CDFE7169401845
:1073700001D5009400E000906846FDF718FC002855
:1073800005D10098FDF78EFCB0692C49086080207B
:107390000005FDF761FAF7BD082002A8B00002A8B9
:1073A00004C101A8B04301A8F8B5FDF7BDFA002457
:1073B00000252748466B80277F05300606D5300715
:1073C00009D5FEF796FDFEF7E7F929E001251C48EF
:1073D0000068284019D00020FEF75CFC022006401F
:1073E00002D01C490C60C8611B480468002D03D002
:1073F0002000FDF77FF80400FEF77BFD2000FEF77C
:10740000F9F93800FDF728FAF1BD0F480078C021DE
:107410000140402902D1FDF72BFB01E0FDF736FBCF
:1074200020200B490860ECE710000010B46000A8B1
:10743000703E0000440002A8BC3F00002C3E00004B
:10744000B44000A8481002A8F03E00001CC101A8EA
:10745000100002A8180000AAD83F0000FFF75AF950
:10746000024803494860FFF786F900BF3B27000048
:107470000000000080B5EFF305800B2801D23A210F
:1074800000E02921FF2216320020FFF78FFBFEE7E4
:107490002C2066756E6374696F6E3A200061737399
:1074A000657274696F6E2022257322206661696C93
:1074B00065643A2066696C6520222573222C206C55
:1074C000696E65202564257325730A00002020203D
:1074D0002020202020202828282828202020202084
:1074E0002020202020202020202020202088101054
:1074F00010101010101010101010101010040404B0
:10750000040404040404041010101010101041416D
:10751000414141410101010101010101010101015B
:10752000010101010101010110101010101042426F
:10753000424242420202020202020202020202022B
:1075400002020202020202021010101020000000CB
:10755000000000000000000000000000000000002B
:10756000000000000000000000000000000000001B
:10757000000000000000000000000000000000000B
:1075800000000000000000000000000000000000FB
:1075900000000000000000000000000000000000EB
:1075A00000000000000000000000000000000000DB
:1075B00000000000000000000000000000000000CB
:1075C00000000000000000000000000000232D303B
:1075D0002B2000686C4C00656667454647003031DB
:1075E000323334353637383941424344454600302A
:1075F0003132333435363738396162636465660059
:08760000ECAFFB7F010000006C
:0C76080014760508807900206F00000057
:107614000000000000000000FFFF0000C0EA21019C
:10762400C0175302010201280040170800A00000FF
:1076340058220020C8000000FE00000000000000E6
:10764400C4C904080000000000000000000000009D
:10765400000000000B000000FF0100000400E40C27
:107664000A008001FFFFFFFFFFFFFFFFB5000000DE
:107674001DA70408030505B54001800000000000B3
:10768400000001B50000800000000000FFFFFFFFC4
:10769400FFFFFFFFFFFFFFFFFFFFFFFFFFFFFFFFF6
:1076A400FFFFFFFFFFFFFFFFFFFFFFFFFFFFFFFFE6
:1076B40085990408AC340508FFFFFFFFC79E040842
:1076C400C39E0408FFFFFFFFFFFFFFFFFFFFFFFF55
:1076D400D79E040841A30408FFFFFFFFA1A40408E8
:1076E400FFFFFFFFFFFFFFFFFFFFFFFFFFFFFFFFA6
:1076F400CB2600000000000003000000F875002005
:10770400747A002000000000F875002060760020E4
:10771400C876002000000000000000000000000007
:107724000000000000000000000000000000000055
:107734000000000000000000000000000000000045
:107744000000000000000000000000000000000035
:1077540004F8FFFF0C0000000000043215678901E3
:107764002345678915762830945803796142891630
:107774000435279453126870428657390127938041
:10778400641570469132580123456789123406788E
:107794009523401789563401289567401239567845
:1077A4005987604321659871043276598210438762
:1077B400659321049876543210FF0C01FF0F0000EA
:0C77C400AD780008C9250108A1250108C6
:040000050801342595
:00000001FF
