:020000040800F2
:10600000C80A00202D7600086DEB02086DEB02082F
:106010008D0F03086DEB02086DEB02086DEB0208B3
:106020006DEB02086DEB02086DEB02086DEB0208E8
:106030006DEB0208C40D0408391003086DEB02086B
:10604000F57900086DEB02086DEB02086DEB0208B4
:106050006DEB02086DEB02086DEB02086DEB0208B8
:106060006DEB0208F1E702086DEB02086DEB020828
:106070006DEB02086DEB02086DEB02086DEB020898
:106080006DEB02086DEB02086DEB02086DEB020888
:106090006DEB0208258100086DEB02086DEB02082C
:1060A0006DEB0208417E0008217E00086DEB0208BE
:1060B0006DEB020889890208C19402083DC40308F7
:1060C00039C40308518C020853C4030841C40308AF
:1060D0009194020845C403080195020869950208D5
:1060E0006DEB02086DEB02086DEB02086DEB020828
:1060F0005F0903086DEB02086DEB02086DEB020807
:106100006DEB02086DEB02086DEB02086DEB020807
:106110006DEB02086DEB02086DEB02086DEB0208F7
:106120006DEB02086DEB02086DEB02086DEB0208E7
:106130006DEB02086DEB02086DEB02086DEB0208D7
:106140006DEB02086DEB02086DEB02081B0D0408F5
:106150000D6E02086DEB02081FC4030825C4030876
:106160006DEB02086DEB02086DEB02086DEB0208A7
:10618000F0B5114A114C124E00F00105E3695F07AA
:1061900013D40DB9334213D103EA00078F4207D15C
:1061A0000B4A1A40002A0CBF00206FF00100F0BD1E
:1061B000013AEBD16FF00200F9E74FF0FF30F6E75C
:1061C0006FF00100F3E700BF8096980000000350D5
:1061D000020001000B4B70B5D96911F480310DD16B
:1061E00001244FF48072084E084DF46020462C6460
:1061F0001A61FFF7C5FF3464EC6070BD6FF00100F9
:10620000FBE700BF000003500010035000200350C4
:106210004FF4803238B50E4B0E4C9A66E56941F664
:10622000713315400122E3630B4B0021DA60022336
:10623000606121202361FFF7A3FF10B92120FFF740
:106240009FFF0122054BDA600DB10023E36338BDE7
:106250000090005000000350001003500020035035
:1062600070B5134C6061E3695B071ED40E4656F8A7
:10627000043B8D18A361AE420BD1042300212120E1
:106280002361FFF77DFF58B9BDE870402120FFF77B
:1062900077BF08210846FFF773FF10B1042323617D
:1062A00070BD56F8043BA361E5E74FF0FF30F7E718
:1062B000000003502DE9F84315464FF48032184B87
:1062C00089469A6603F51C33DF690646174041F696
:1062D0007132DA63012203F58053DFF84C80DA6013
:1062E00055B9284601220F4BDA601FB10022A3F5F1
:1062F0000053DA63BDE8F88306F5005404EA0804A5
:10630000A41BAC4228BF2C46494622463046FFF724
:10631000A7FF0028E6D12644A1442D1BE0E700BFDB
:10632000009000500020035000E0FFFF000000003C
:10633000000000000000000000000000000000005D
:10634000013800D0FCE7704707B588B10BA3D3E94B
:1063500000230949C1E90223CDE900234FF0FF32B0
:106360004FF0FF33086935F0EEF903B05DF804FB38
:1063700000220023EDE700BF500B00200DD5015592
:10638000200000000348044B834202D0034B03B1BA
:106390001847704780330020803300200000000041
:1063A000064B0749C91A891048BF0131491003D06B
:1063B000044B0BB101481847704700BF80330020E1
:1063C000803300200000000010B5064C237843B94C
:1063D000FFF7D8FF044B13B10448AFF3008001234B
:1063E000237010BD722D002000000000A06E040874
:1063F00008B5054B1BB105490548AFF30080BDE862
:106400000840FFF7CDBF00BF00000000B00D002026
:10641000A06E0408A3F5803A704700BF174B002B0D
:1064200008BF134B9D46FFF7F5FF00218B460F4633
:106430001348144A121A36F04CF80E4B002B00D0B9
:1064400098470D4B002B00D09847002000210400F6
:106450000D000D48002802D00C48AFF3008023F057
:10646000D7FA2000290028F044F923F0BFFA00BF32
:10647000000008000000000000000000C80A002022
:10648000C80A0020E02E00200000000000000000EC
:106490000022014B1A807047302D002010B53AF0D1
:1064A00096F9054A148814B1631E012413803AF04A
:1064B00089F9204610BD00BF302D00200B4B70B570
:1064C0001D688DB12846012300F8013B084B094C9B
:1064D0001E782178324635F0FCFF2946304628F0F8
:1064E0009AF923680133236070BD00BFCC0D0020F2
:1064F000742D0020C80D00202DE9F3414378044697
:10650000013B042B54D8DFE803F0032B3A4145004C
:106510004FF00008C378284F284E294D3B708378F0
:1065200028683370274BC3F8008018B12AF043FC69
:10653000C5F8008038782AF03AFB286070B1012352
:106540000093214A00233178204800F07FFE01218A
:10655000621C02B0BDE8F04128F05AB91920F6E7F4
:106560001A4800F055FE164E0546306818B12AF05C
:1065700022FC0023336001212846621CE9E714480D
:1065800035F0BCFF124AC1B20020E2E7024612F821
:10659000011BF9E7054615F8011B00202A4628F0E3
:1065A00037F92946207802B0BDE8F04128F033B928
:1065B000002201201146CCE7742D0020732D00200D
:1065C000CC0D0020C80D0020BD640008D00D0020B7
:1065D0005033002018B1034B18600020704725206D
:1065E000704700BF080E002010B5054C0549206813
:1065F00003F026FD2068BDE81040FFF7EBBF00BFA9
:10660000D0310020AC300020014B1868704700BF2B
:10661000080E002008B53AF0E3F80022034B1A8078
:106620009A70BDE808403AF0D6B800BFB80F002015
:1066300070B50D4E0546306828F0DBF9044680B988
:106640000A4A1388C3F58273AB4205D393781BB90A
:10665000074B9C7884F00104306828F0D8F9204674
:1066600070BD0024FBE700BFC0100020A80E002072
:10667000B80F0020002337B518481D460288009344
:106680001146D41CADF804300444032920D93BB191
:10669000042AC2F1040388BF002312FA83F30380A3
:1066A0006A4606234A21406831F03AF9FFF7B2FF03
:1066B00001220B4B69461A70009B180200F4E0603F
:1066C000C3F307231843043000F080FB03B030BD50
:1066D0000131012304F8015F89B2D6E7B80F002029
:1066E000752D0020F8B505463AF07AF80E4E0746AB
:1066F0003488AC4208D22B21062028F07FF8384697
:10670000BDE8F8403AF067B803D100233380B37096
:10671000F5E7641BA4B2291D22463144301D35F033
:10672000BEFE3480EBE700BFA80E002030B589B074
:10673000FFF770FF3AF054F804461F4B1888FFF734
:10674000D1FF204600243AF046F81C4B1C2221467B
:1067500001A81C7035F0BDFE09238DF80430184BDC
:1067600018490293184B01A8039302238DF81030A7
:106770004FF4806305930A23ADF8183000F080FCD5
:10678000014610B1204628F039F8104C4FF48070C3
:10679000214615F007F80E4D014630B1042028F0CF
:1067A0002DF800232B6009B030BD4FF482712068B2
:1067B00029601AF043FDF6E7A80E0020752D002091
:1067C000D5670008C010002005E80208B40F0020BB
:1067D000B00F002070B5474D286828F00AF901462F
:1067E00038B1002028F00AF82868BDE8704028F089
:1067F000E4B8414883784BB3404E337833BB404ACA
:106800004168146883703F4A21F47F4323F00703F3
:10681000934261D03AD802F17C42D8320A403A49D8
:106820008A423CD1934242D0384A93424AD0012313
:106830003370FFF7EFFE23682146180200F4E06092
:10684000C3F307231843043000F0C0FA30498B78B3
:10685000002B49D0294A1378002B45D151F8043F29
:106860001C0204F4E064C3F307231C430123043433
:106870002046137000F0AAFA2046FFF733FF28687D
:1068800028F0C5F8BDE8704027F0D9BF214A9342EF
:1068900005D1027A1AB3083027F0B9FFC7E71E4BBB
:1068A000018822461B681D4814F0DEFEBFE7027A0D
:1068B0001AB10830FFF720FEB9E7114601201AF09F
:1068C000C7FCB4E7037A1BB1083000F027F9AEE744
:1068D00001201AF0CDFCAAE700F03EFFA7E7114621
:1068E00001201AF0CFFCA2E72868BDE8704028F02C
:1068F0008EB800BFC0100020B80F0020752D0020FA
:10690000B40F00202000FF022000FF002000FF0144
:10691000A80E00202000FF03B00F0020BC0F0020B5
:106920002DE9F0410546006820F47F4020F0070083
:1069300000F052F918B9284627F058FF18B9BDE8F9
:10694000F08127F07DFF2B68180200F4E060C3F3AC
:10695000072318430430FFF76BFE0028F1D01C4FCB
:10696000386828F046F8014668BB2B68194E1C02AF
:1069700004F4E064C3F307231C4339F031FF338888
:106980000434C3F582729442804615D804332246FB
:10699000F018294635F0A5FD338840461C440123F4
:1069A0003480B37039F017FF386828F006F838687B
:1069B000BDE8F04128F02BB839F00DFF1D2105206E
:1069C00027F01CFFF0E7002027F018FFB7E700BF13
:1069D000C0100020A80E002010B50A4C206828F036
:1069E00008F8014648B9084B1870206827F0E5FF01
:1069F0002068BDE8104028F00AB8002027F0FEFE0D
:106A000010BD00BFC0100020752D00202DE9F743F8
:106A100089461746014610B1012027F0EFFE3A4D96
:106A2000286827F0E6FF0146002866D11FFA89F49E
:106A30003CB339F0D5FE354E804630880328C0F58A
:106A400082720CD994420AD973681C0204F4E0647F
:106A5000C3F307231C43C0F104031C44A4B29442B3
:106A600040D8043022463946304435F03AFD338868
:106A700083B123444046338039F0ADFE3288032A87
:106A80001DD8286827F099FF286803B0BDE8F043B7
:106A900027F0BDBF4046348039F09DFE3288032A7E
:106AA0001ED800234FF4FA710093194A194B1A4863
:106AB00000F0CCFB01460028E3D0022017E00020C4
:106AC00071680B0203F4E063C1F307210B43043345
:106AD00093420FD801231048B37000F099FBE9E707
:106AE0000120EDE7404639F076FE1E21012027F017
:106AF00085FEC6E70028D4D1C3E7002027F07EFE3C
:106B000003B0BDE8F08300BFC0100020B80F002024
:106B10001FE8020875660008700E002070B5437803
:106B20000278012B14D0022B2BD063BB052A2AD16B
:106B3000274C2278082A47D02649D0F802000D4673
:106B4000DEB2964224D345F822000132227016E0CC
:106B5000052A18D11E4C2178C1B3D0F802601D4817
:106B60000023024650F8045BAE421ED100200139DA
:106B700042F82300217002EB830299420FDC0020CF
:106B800002E0012A17D00120BDE870401AF070BB66
:106B900051F8046B0133B042D2D12E20F4E754688F
:106BA0000133146042F8040FE7E70133DDB2A94274
:106BB000D8D82D20E8E720220021064835F089FCAE
:106BC0000022034B1A70DAE71C20DDE71B20DBE70D
:106BD000762D0020C410002010B5084B084A1C7800
:106BE0000023D9B28C4201D8002010BD52F8041BFA
:106BF00001338842F5D10120F7E700BF762D002050
:106C0000C4100020F8B50546002843D039F0E8FD4F
:106C1000AB6A06469B889BB21BB9BDE8F84039F0C9
:106C2000DABDE86838F0C8FB0023AC6A85F830307C
:106C300039F0D6FDA3889BB21BB939F0CCFD3046A4
:106C4000EBE767886388E2889BB20133B3FBF2F11C
:106C500002FB11339BB26380A388BFB2013B9BB29E
:106C6000A38039F0B8FD14235F4307F110012144DC
:106C7000E86838F0E7FB08493C44A1610028DED110
:106C80006769002FDBD0E26823692846D31AA2681F
:106C9000B847D4E7F8BD00BF097000F038B51D4C07
:106CA000206803689B6C1A0421D5012103F0AEFA19
:106CB00039F096FD4FF40042054623681B6803F542
:106CC0000053DA649A6439F082FD23681B685A6EB7
:106CD00022F4E0225A665A6E42F082725A6639F005
:106CE00071FD284639F077FD2068FFF78BFF20689B
:106CF00003689B6CDB060CD5012103F087FA0221A7
:106D0000206803F037F8102223681B6803F500534E
:106D10009A6438BD04140020014B1868FFF772BF55
:106D20000414002010B5102488B02246002101A8C8
:106D300035F0CFFB29238DF804300C4B4FF48062E3
:106D400002930B4B0B49039302238DF810300A4B2F
:106D500001A8CDE90523079400F092F9014610B18E
:106D6000012027F06EFD08B010BD00BFED6F0008D8
:106D70004BE80208001400200A00040013B5FFF7D6
:106D800043FC0F4B026818600E4B0F4C9A420CD11B
:106D90000923237001A9012039F085FE014610B1B5
:106DA000042027F04EFD02B010BD2521022027F05F
:106DB00048FDFF2325210220237027F042FDE9E74B
:106DC0000414002000C00550772D00202DE9F84361
:106DD0001D4E04463068884627F00BFE014620B160
:106DE000012027F02EFDBDE8F883184DE71C2B6825
:106DF00027F00307DA19164B9A4224BFA3F58273D2
:106E00002B60B4F5827F08D91D21032027F019FDDE
:106E10003068BDE8F84327F0FABDD5F80090224667
:106E20004146484635F05DFB0A48224649460A4B32
:106E3000006803F0A7FA10B92B683B442B60306858
:106E400027F0BBFDE4E700BF00140020D431002090
:106E5000E8110020041400205D6E00081FB5022315
:106E6000003918BF01218DF80030074B0191102225
:106E70006946186827F0CDFD014610B1012027F0C2
:106E8000E0FC05B05DF804FB001400201FB50023F2
:106E90008DF80030064B69461022186827F0B9FDBE
:106EA000014610B1012027F0CCFC05B05DF804FBD1
:106EB0000014002070B51B4D04462B6803F5827248
:106EC000194B9A4224BFA3F502732B6039F088FC5A
:106ED0004FF482720646154B2046296803F0A4F948
:106EE0000446C0B9304639F076FC4FF40041104BEF
:106EF0001868036803F50052916448F2100203F524
:106F00008053DA64214603F081F92B6803F582731C
:106F10002B60204670BDFFF7B9FF304639F05BFCAF
:106F2000F7E700BFD8310020F0130020A56F00085C
:106F30000414002070B5164D286827F05AFD01464C
:106F400018B1012027F07DFC70BD124C124E94F94F
:106F5000000007F031F894F9000006F0E7FF33680D
:106F60000E4A1B685A660E4A03F500539A6439F0BC
:106F700037FC04463068FFF79DFF08B1FFF786FF36
:106F8000204639F028FC2868BDE8704027F03FBD56
:106F900000140020772D002004140020FF0024019D
:106FA000FFFF01001FB500200124CDE90200019080
:106FB0000C488DF80040814201D001B1019463B1C9
:106FC000CDE90232084B69461022186827F021FDEE
:106FD000014610B1012027F034FCFFF757FF04B041
:106FE00010BD00BF097000F00014002070B5214DE5
:106FF00086B0286801AA02A927F038FD1B2804469C
:1070000004D028B10146012027F01BFC06B070BD5A
:1070100039F0E6FB9DF808300646012B1ED0022B06
:107020000FD043B9144C206828F04AFC10B92068EE
:10703000FFF740FF304639F0CEFB286827F0E7FC29
:10704000E4E70E4B039E5C601C7339F0C4FB2868B8
:1070500027F0DDFC3046FFF7BFFCD7E739F0BBFB7C
:10706000286827F0D4FCDDE904120398FFF7CEFC72
:10707000CCE700BF0014002004140020F01300200F
:10708000F8B50F460546002843D0002941D00378C3
:107090004268980702D01AB9212428E0002AFBD1BF
:1070A000190702D5AA8A002AF6D09A0605D5EB8AD6
:1070B000002BF1D0AB69002BEED02C2029F077FD0E
:1070C000064640B32C22002135F003FA2B46321D30
:1070D00005F11C0153F8040B8B4242F8040BF9D163
:1070E0002B785B0705D53E606B686BB900242046A2
:1070F000F8BD0121304627F034FC04460028F2D0C8
:10710000304629F058FEF2E73146044827F08FFD5B
:10711000ECE72224EBE71924E9E700BF081400207C
:1071200008B5034827F07CFDBDE8084027F0EDBA1C
:10713000081400200B4B10B51C680CB901200AE0A4
:1071400039F045FB94F8202003462AB1A26A1AB10F
:1071500039F038FB002010BD184639F033FB2468A5
:10716000EBE700BF081400200B4B10B51C680CB9EE
:1071700001200AE039F02BFB94F8202003462AB1C5
:10718000A26A1AB139F01EFB042010BD184639F06E
:1071900019FB2468EBE700BF081400200C4B10B566
:1071A0001C6804B910BD39F012FB94F82030024677
:1071B0004BB1A36A3BB1013BA36239F003FBA36867
:1071C00098472468EDE7104639F0FCFAF9E700BF6C
:1071D0000814002038B5054639F002FB00230B4A9D
:1071E00014685CB1AC4206D1A96A6BB1996239F0FE
:1071F000F2FA012007E02346A46AF2E7002DF3D05B
:1072000039F0E9FA204638BD1160F0E70C1400208F
:1072100010B50446B0B139F003F82046FFF7DAFFA5
:1072200010B194F82C300BB9002010BD064C236827
:10723000002BF9D039F0D4FA2368013B236039F0F0
:10724000CAFAF1E72220F0E7101400202DE9F043FC
:1072500085B00546914698460E469DF8307009B9AE
:10726000002F5CD12846FFF7D3FF0446002836D113
:1072700085F82C00686307F0CFF9864233D939F0DE
:1072800067F82146844640F2E7304FF47A720023D3
:10729000E6FB0C0122F01AFA4FF0FF32002322F035
:1072A00015FA2B46E88611462846CDE900441D4ACA
:1072B00039F0CAFC044690B9C5E9089885F82D70E4
:1072C0002E6339F08DFA184A136833B31A469B6A55
:1072D000002BFBD195620023AB6239F07CFA20468B
:1072E00005B0BDE8F08347B12B4631462846CDE9CD
:1072F00000440C4A39F07EF8DCE7304603A939F047
:107300002DF804460028EAD12B462846CDE900771F
:10731000044A039939F074FCCCE71560DBE72124BB
:10732000DDE700BF2D7300080C14002091F82C300D
:1073300013B50C4683B98B8ECA8E93420ED243B9D5
:10734000CDE9003320460B46124A4FF0FF3139F0A9
:107350003BFCA38E0133A38602B010BD52B191F85D
:107360002D3093B101230093D1E908232046096B06
:10737000FFF76CFF012384F82C30074B1A680132A9
:107380001EBF1A6801321A60E6E7084638F048FF67
:10739000F0E700BF2D730008101400202DE9F04124
:1073A000154E336833B34FF00008144F39F018FA14
:1073B00005463C6824B92846BDE8F04139F00BBACF
:1073C00094F82C30A3B1336884F82C8013B133685F
:1073D000013B336094F82D3013B92046FFF7FAFED5
:1073E000284639F0F8F9D4E9083120469847DDE716
:1073F000A46ADFE7BDE8F081101400200C1400201F
:10740000034B1B68002B14BF04200120704700BFF2
:1074100010140020024B1868B0FA80F04009704741
:107420001014002008B5044839F042FB27F091F908
:10743000BDE8084000F032B83C210408014839F0AA
:1074400037BB00BF3C21040813B5082027F0F7FB29
:10745000FFF7DAF80123104C009390F836302060E3
:10746000C3B9006828F0FFFA236820F07F4093F842
:107470003530023B012B94BF0323002340EA837085
:107480000190684627F036FB082002B0BDE81040A6
:1074900027F0E0BB0020E7E7141400202DE9F04FAF
:1074A000544E97B0354609AC0FCD0FC42B6806F18A
:1074B000140523600EAC0FCD0FC495E80F00DFF864
:1074C0004C8184E80F004C4839F0F2FA404639F01C
:1074D000EFFA4FF48073494FADF83C30484B3846D3
:1074E0000B9309A90EAB0D9304F036FA0421B6F8FC
:1074F00034B00DEB01000122ADF804B000F0ACFB9C
:10750000B6F836A00022012102A8ADF808A000F0CC
:10751000A3FBB6F838900122042103A8ADF80C9023
:1075200000F09AFB758F0122042104A8354CADF8B8
:10753000105000F091FB344B4FF44870C4F8C8343D
:107540004FF00213C4F8C434A3F58033C4F8CC342C
:107550001C23C4F8B43407F0CDF808A8ADF82050C7
:1075600000F0D4FB142007F0C5F808A8ADF82050AF
:1075700000F0A4FB232007F0BDF808A8ADF82050C8
:1075800000F0C4FBB921384628F046FA08A8ADF847
:10759000205000F093FB002205A81146ADF814B06E
:1075A00000F05AFB002206A81146ADF818A000F022
:1075B00053FB0122002107A8ADF81C9000F04CFB02
:1075C0000122002108A8ADF8205000F045FB384604
:1075D00004F022F900234046C4F8B434C4F8C83497
:1075E000C4F8C434C4F8CC3439F065FA17B0BDE837
:1075F000F08F00BF880D04083C21040800000A50E9
:10760000E070720000C00350020003004021040833
:107610000348044A0449121A921027F0A8BA00BF7E
:107620008061000840630008E02E002008B5154B7B
:1076300083F30A8800F030F8FFF7EAFF124B134992
:107640008B4212D30020124B12498B4218D3FEF703
:10765000E5FE186850F82240586840F82240013290
:1076600098688242F5D30C33EAE70022F8E71C68F9
:1076700044F8220001325C68A242F8D30833E4E700
:107680000022F8E708000020A86E0408B46E040881
:10769000B46E0408B46E04084FF48041124B134AD0
:1076A00070B59A60D3F88820114D42F47002C3F887
:1076B0008820104A05F5005491664FF0FF3222668B
:1076C0000D4A62660222C3F8D020BFF34F8FBFF38A
:1076D0006F8F4FF44036002006F06EFC0020E6600D
:1076E00006F024FC2E6170BD00ED00E00060000893
:1076F0000080004400900050F7FF3700014B1860F5
:10770000704700BFE0310020054B1860054B1B6F30
:1077100003F00703032B01D137F0D2BD704700BF40
:10772000E8310020008000504FF000639B6A03F1B5
:107730007842B2F5C04F03D21968064A914203D08D
:107740000023037083607047012202709A689B696E
:107750004260F7E707B0CD5E024B034A1A6029F09A
:1077600000B900BF0000002002020FF073B5464BC5
:1077700004461A781AB102221A7002B070BDCDE91F
:1077800000220028F9D001261E7039F029F83F4D5B
:107790003F4B18601EF03CFA2B785BB901F0EEFF0E
:1077A00040B93C4808233C4A3C49006801F0AAFD26
:1077B00000B92E703A4B5A6E62619B6E394AA361D2
:1077C0004FF480439366384B5968E16137499960BB
:1077D000196E2160596E6160D3F87011A160196C47
:1077E000E160596C21613249086C1864496C596434
:1077F000012151661B6E9C042ED52E4AD368D807F2
:10780000FCD42D4B1A68531C2BD04FF4801393409B
:107810002A4A13660423294C684623664FF40073F2
:107820002366082323664FF4805323664FF00063DA
:1078300023664FF4002301A9636627F0A5F9009B96
:107840002366019B63662B78002B96D0124B1A6837
:1078500022665B68636690E7194AD368D907FCD44F
:10786000CFE7184B1B78002BD4D14FF400720D4B8F
:107870005A6603F5A6235B68002BCBD14FF4801228
:107880000E4B1A66C6E700BF792D00207A2D002026
:1078900038140020103200203C1400200071080031
:1078A00000800050009000500080004455CEAC0095
:1078B00000C0005400000440EC310020009000445F
:1078C00000000450782D002070B5224D04462E781B
:1078D000012E02D001232B7070BD0028FCD027F0B0
:1078E0006FF901300BD027F06BF940F20113984289
:1078F00005D0194B194A5E66D368DE07FCD42268AE
:10790000174B1A6662685A66A268C3F87021E2686B
:107910001A6422695A64E269D00744BF00229A605F
:10792000104B1A68013207D10F4A127822B90F4959
:107930004968C90748BF1A6062690D4B5A66A26957
:107940009A661EF06DF90B4B186838F044FF00235F
:10795000C1E700BF792D00200090004000000440E6
:1079600000800044EC310020782D002000C005503C
:107970000080005038140020F8B54FF00066B36A5C
:1079800003F17842B2F5C04F26D21A68144B9A42DE
:1079900022D1144D2C7814F0FD0402D0002420468E
:1079A000F8BD4FF480371048FFF7E0FE204606F0A0
:1079B00003FB0E4B2046DF6006F0B8FA0C4B1F614C
:1079C000B36ADB69984704460748FFF77DFF002C40
:1079D000E5D101232B70E1E74FF48174DFE700BFAD
:1079E00007B0CD5E782D00201814002000A00044C0
:1079F0000090004413B5204B1B7803B9FEE7002329
:107A00001E4CCDE900336A4608231D49206801F069
:107A100079FCF8B91B4AD2F84031D2F840211F2B2B
:107A20004FF0010311D9203A9340019A1A43019271
:107A300008236A461249206801F0B8FD124B134A28
:107A40001A6028F08EFF02B010BD9340009A1A43CE
:107A50000092EDE72D28F1D10A4AD2F84031D2F850
:107A600040211F2B4FF0010385BF203A93409340E4
:107A7000019398BF0093DBE7792D0020103200209E
:107A80000071080000800044000000200B020FF08D
:107A9000BFF34F8F0549064BCA6802F4E0621343F7
:107AA000CB60BFF34F8F00BFFDE700BF00ED00E0EC
:107AB0000400FA05002307B52948019338F0F8FFC0
:107AC0004FF44073012204216846ADF8003000F005
:107AD000C3F80122234B0520C3F8442401A938F040
:107AE000E2FF002839D1204BD3F8F02042F0010208
:107AF000C3F8F020D3F8FC2042F08072C3F8FC20D9
:107B00001A4AA3F55D431A60019B194A03F5D52370
:107B100003F2FC43B3FBF2F3164A013B1361022369
:107B2000C2F8F0304FF48073C2F804334FF0604372
:107B3000114AC3F8B02F114AC3F8802ED3F8002E93
:107B400042F48072C3F8002EFF2283F82020D3F87D
:107B5000002E22F48072C3F8002E03B05DF804FBFF
:107B60003C21040800D0035000ED00E0FF0300407A
:107B7000F8590D00000004E055CEACC50900010025
:107B80004FF06043D3F8802E30B5D20715D50124CD
:107B90000B4D8440D5F8FC2042F08072C5F8FC20E3
:107BA000D3F8002E2243C3F8002E53F82020002AD9
:107BB000F0D003F82010002030BD1120FCE700BFFA
:107BC00000ED00E02DE9F04104460C254FF00108DE
:107BD000124E0CB314F001000BD0002024F001046D
:107BE00005FB00625768002FF3D09168C0B2B84718
:107BF000EFE72246013020284FEA520201D0D30796
:107C0000F8D508FA00F20F2824EA0204E8D910385F
:107C100005FB0062B432E5E7BDE8F08144140020C2
:107C200008B50C4838F044FF192006F08DF928B14A
:107C3000192006F0C1F9192006F078F91A2006F08B
:107C400083F928B11A2006F0B7F91A2006F06EF968
:107C5000002008BD3C2104082DE9F0410E46904665
:107C6000054618B30F2923D80378E3B1012B03D0BD
:107C7000022B18D0032B1BD13F236A78D340DB079C
:107C800016D50D4BD3F81043A4B938F0A9FD07461B
:107C900042462846314604F031F9384638F09BFD1B
:107CA0002046BDE8F08140F2FF33E6E72224F7E703
:107CB0002124F5E70224F3E700C0035010B5044681
:107CC000E8B10378C3B1012B03D0022B14D0032BEE
:107CD00017D13F236278D340DB0712D538F080FDFF
:107CE0000122637821789A4030235943064B5A5039
:107CF00038F071FD002010BD40F2FF33EAE722208A
:107D0000F9E72120F7E700BF40D0035010B5044643
:107D1000E8B10378C3B1012B03D0022B14D0032B9D
:107D200017D13F236278D340DB0712D538F058FDD6
:107D30000122637821789A4030235943064B5A50E8
:107D400038F049FD002010BD40F2FF33EAE7222061
:107D5000F9E72120F7E700BF40E003502DE9F041AB
:107D60000D46164698460446002851D000294FD0AB
:107D700002784AB1012A42D0022A05D0032A3ED015
:107D8000FF2A07D0212041E040F2FF336278D34040
:107D9000DA07F7D5022E01D9042EF3D138F020FDF1
:107DA00023780746FF2B05D032462046296804F089
:107DB000EBF828602B68013309D12378FF2B06D11B
:107DC000144B6078D3F8241427F081FE28602968CA
:107DD0004B1C17D00C23104A03FB0122069BC2F850
:107DE000048093602378FF2B04D001230B4A8B403F
:107DF000C2F82434384638F0EEFC002006E03F2379
:107E00006278C4E7384638F0E6FC2D20BDE8F08102
:107E10002220FBE700C003504414002000D0035090
:107E200008B504F061F8054B00F0553020F0502003
:107E3000C3F82004BDE80840FFF7C4BE00E00350CB
:107E400008B504F051F8054B00F0AA3020F0A0204E
:107E5000C3F82004BDE80840FFF7B4BE00E00350BB
:107E60002DE9F04F9A46564B85B01B7806460F46D3
:107E70001546DDF83C909DF844B0DDF85080002BAD
:107E800000F09780072A00F296800E9B002B00F0EE
:107E90009280B9F1000F00F08E80129BB3F5006F55
:107EA00000F38980012803D1109B002B00F0838010
:107EB000444B03EB05131B7B002B7ED0424C10225E
:107EC0000021684634F005FB04EB45141022A7BBE3
:107ED0003946204634F0FDFA43F210036380BBF1CB
:107EE000000F03D1E37843F00303E370364A0E9B9F
:107EF00002EB451CCCE90193129B6901581E9DF8C9
:107F00004C30C0F30A0003F003039B0643EA001E53
:107F100053582E48012E00EA03004EEA0003CDF824
:107F200000A0535017D0B8F1000F2ED19CF80230AA
:107F300068F304138CF8023027E00021204634F067
:107F4000C8FA4FF444736380BBF1000FCED1E378DD
:107F500043F03003C9E713230CF1100ECCF80C30BA
:107F60009CE80F008EE80F006FF00301DCF81C2086
:107F7000109B61F39F02012FCCF81C20CCF8143029
:107F800003D1CCF81890CCF8043000270D4A290111
:107F900002EB051342F80180159A28465A6069469B
:107FA00022469F605E7303F0D5FD384605B0BDE8FC
:107FB000F08F0748FAE70748F8E70748F6E700BFF9
:107FC0007B2D0020AC160020AC1500200F80FFF3A5
:107FD000028000F0018000F0078000F038B5124BFD
:107FE00005461B78DBB1E0B138F0FAFB0F4A0023FD
:107FF0001146147B54B92B6001251A0101EB0313C0
:108000001D738C5038F0E7FB204638BD0133082B38
:1080100002F11002EDD138F0DEFB0548F5E7054826
:10802000F3E70548F1E700BF7B2D0020AC160020E8
:10803000048000F0028000F0018000F0154B13B5C1
:108040001868002301908DF8043038F0C9FB124BFA
:108050001C7824B138F0BFFB104802B010BD0122DB
:108060001A7038F0B8FB0E4B01A81C731C7783F80C
:108070002C4083F83C4083F84C4083F85C4083F804
:108080006C4083F87C4008238DF8073003F032FD04
:108090002046E2E7140E04087B2D0020038000F048
:1080A000AC1600200A4A08B512785AB107280BD836
:1080B000084A02EB00131B7B43B1002103F00CFDC7
:1080C000002008BD0448FCE70448FAE70448F8E744
:1080D0007B2D0020AC160020028000F0018000F013
:1080E000078000F00A4A08B512785AB107280BD861
:1080F000084A02EB00131B7B43B1012103F0ECFCA7
:10810000002008BD0448FCE70448FAE70448F8E703
:108110007B2D0020AC160020028000F0018000F0D2
:10812000078000F0184B2DE9F0411F6D5B6D1F407B
:1081300000D5FEE701260025144CDFF858803742B1
:1081400018D02368C8F85060A3B1A168284601314F
:108150006268A1609847637B012B0BD150B90C4B2F
:1081600003EB45131A7B60F341021A731A7F60F325
:1081700041021A770135082D4FEA460604F1100432
:10818000DDD1BDE8F08100BF00000450AC16002036
:10819000AC150020002004502DE9F04F1446054690
:1081A0000E469B46C36B87B001225B6902A96068DB
:1081B0009847EB6B01225B6903A93046984702A8F8
:1081C00027F0B1F9074648B10023A37563754FF056
:1081D000FF33A360002007B0BDE8F08F03A827F0AD
:1081E000AFF90123A375237E04EBC303DE611F8473
:1081F0006368B3420ED1206003A827F0C3F94FF0A3
:10820000FF332075A360237D043B022B26D8002377
:10821000A375DFE723681A1A53425341A37503A8D5
:1082200027F0B0F9237D834218BFA77503A827F074
:108230008BF9074602A827F087F9874218BF002369
:1082400003A818BFA37527F087F9074602A827F0EF
:1082500083F987421CBF0023A375D4E703A827F046
:1082600073F980B1EB6B022230465B6904A9984731
:1082700004A827F078F90346207D032839D8DFE8E1
:1082800000F03838040903A8F3E7CC22237E04EB7E
:10829000C3031A8401F0EAFA109B187003A8277E22
:1082A00027F046F904EBC70787F82200237E03A8CE
:1082B00004EBC303B3F8209093F8227027F044F93D
:1082C000804603A827F048F98246B8F1000F15D080
:1082D000EB6B022230465B6904A9984704A827F09B
:1082E00007F96075637D6BB90023A3754FF0000833
:1082F00038E0227E04EBC2021384CBE703A827F008
:10830000E2F8EEE794F81680B8F1000FEED0B9F17C
:10831000000F09D1DFB10123E375637E002B4FD13C
:10832000012F42D1677614E06B6C06EB0A025942CA
:1083300086EA020008421CBF0021A175591E0A40AE
:108340009B1A9945D0D8A37D002BE3D1CEE7E37DDE
:1083500043B94FF000084B4652463146284626F0B6
:1083600020FEA060A27D12B123694B4423611A490B
:10837000237E097899422AD901332376BBF1000F75
:1083800027D032B3E37D23B3B8F1000F21D1032FFF
:108390001FD0A1684B1C1CD0109B2246009328467E
:1083A0000123FFF7F9FEA07513E095F8343063B9A7
:1083B000EB6A0133CFD1032FCDD10123A376C8E7D8
:1083C000012FCFD0032FC4D1F7E79846C3E700238E
:1083D000A375A07DFFE600BF380E04082DE9F04F1D
:1083E0000E46984600238BB004464FF0FF311046EE
:1083F00017468DF8133001F023FAB6F5801F3BD3F2
:10840000B21C53D1E56A6B1C57D12046616A26F035
:108410000EFD0546B31C18BF0123DFF81091019330
:10842000636A626C0293236805A902FB053AE36B59
:1084300005225B695046984705A827F00FF927F0F9
:1084400032F9504627F03AF94FF0000B82460146C8
:108450004B1C05D0636C81EA0A025B42134232D0A6
:108460002946204626F0E3FC029BAB424DD0BBF1EF
:10847000000F4DD10546D3E7314605AA04F10800A7
:1084800026F09FFF0146481C10D0384601F0D8F96D
:108490000122394620460DF1130326F0D4FD28B100
:1084A0009DF8133088F80030002003E0237C002B77
:1084B000A8D12D200BB0BDE8F08F2368ED1A636CB6
:1084C000B5FBF3F5A6E7484601F0BAF90DF1130341
:1084D00049462046019A26F0B6FD034690B1B21CEB
:1084E00003D0D9F80020B2420CD19DF81320039399
:1084F0000D4B88F8002049461A68384633F0F1FFE2
:10850000039B9B46D9F80810A2E7BBF1000FD0D01F
:10851000B6F5801FC8D2314698F800307A6804F169
:10852000080001F0BBF8BFE7340E0408A01D0020CE
:108530002DE9F3410446174698460E46194D816AC7
:10854000E36A8B422AD04B1C18E0284601F078F9E8
:108550000122294620460DF1070326F074FD30B1B3
:108560004346294620469DF80720B847B0B1A96880
:108570004A1C05D0012E0AD0E36A9942E5D10DE0EC
:108580006968204626F0E0FC012E0146D8D16B68D0
:1085900081EA0302636C5B421A42D1D002B0BDE8AB
:1085A000F08100BF741D00202DE9F04F4FF0FF3324
:1085B0004FF6FF720025044600F10806C0E90923C2
:1085C0008BB0C3620562056330460F4626F0CAFED3
:1085D000204626F0FCFB20BB2046394626F077FCDF
:1085E000204626F0F4FB20BB5E200BB0BDE8F08FE8
:1085F000E26B2368606CD2F814C000FB05300522E2
:1086000005A9E04705A827F029F8012828D129461F
:10861000204626F02DFC421C2946204626F0F6FB7B
:108620000135E3699D42E3D3204626F0D0FB0028C4
:10863000D2D000254FF0FF394FF6FF73CA46A84647
:10864000C4E90853E369984514D3A5EB0905012D46
:1086500036D84FF6FF72636A934246D16720C4E76B
:1086600027F026F80028DBD02946204626F000FC1B
:108670000246D1E72368E26B606C576900FB083063
:10868000052205A9B84705A826F0E8FF834605A8F6
:1086900026F0BBFF0746584627F005F868B1574556
:1086A00038BFC4F82480B94528BFB946BD4238BF99
:1086B0003D46BA46236A0133236208F10108C1E747
:1086C0004FF6FF7300256362E3699D42C1D2676C78
:1086D0002068E36B052207FB05005B6905A9984745
:1086E00005A826F092FF0135EEE7E26B676C206883
:1086F000694607FB030055690522A847684626F02E
:1087000084FF626A2368606C4B4D00FB023026F0E8
:10871000D5FF4FF0FF33A062E3622A466FF00101FC
:10872000204605ABFFF75AFE002846D1AD68294622
:108730002046E56226F027FB206320B92046E16A47
:1087400026F002FCE0622946204626F0FDFB0546A5
:10875000A36A9D4233D1204626F0E8FA00278046DE
:10876000B946E36999453CD3B84559D92046616A71
:1087700026F05DFB0026054604F1400AB74212D8F8
:10878000626C2368694602FB0539E36B05225B696D
:1087900048469847684626F038FF53460246494601
:1087A000E06B26F08DFF2946204626F040FB01367F
:1087B000B0450546E2D1642017E7A56AB7E7294628
:1087C000204626F0E0FA236B29460344074623633C
:1087D000204626F0B9FB0546002FB9D1C4E90B07A6
:1087E000B6E7636C2568052203FB0955E36B05A911
:1087F0005B692846984705A826F030FF26F053FF0E
:1088000058B1284626F05AFF0146204626F0BBFA0A
:10881000636C143B984208BF013709F10109A0E7D6
:10882000304626F09FFD002320461946034AFFF7F5
:108830007FFE0020D9E600BFCC1D002035F00208E5
:108840002DE9F041036B9046826B07689A4288BF1E
:108850008363426C436A90B002FB0377C36B0E469E
:10886000052201A95B6904463846984701A826F00D
:10887000F5FE01280146307057D0656CE26B236825
:10888000606AD2F814C005FB0030052206A9E04753
:1088900006A826F0E3FE01284FF0000523D0D4E916
:1088A0000A3201219342CDE90B458DF834800E95B3
:1088B0008DF83C102AD11946204626F045FB236B43
:1088C000626C14339B1AE06223630C9B53B99DF8CE
:1088D0003C303BB1626A616C2368E06B01FB0231A2
:1088E00026F074FE0C9DE36B05225B6901A93846F6
:1088F000984701A826F0B2FE30702846236BA26B81
:108900009A4288BFA36310B0BDE8F081237C33B9DD
:108910001C490BAA04F1080000F00EFFD5E7204621
:10892000194A0BABFFF704FECFE7237C23BB22469B
:10893000164904F1080000F0FFFE616A204626F0A7
:1089400097FA616A421C204626F060FA054620B973
:10895000236B626C1344143B23632046A16A26F008
:10896000F3FA2368A062C01A636CB0FBF3F0606294
:10897000204626F02CFBB6E700232046044AFFF7EA
:10898000D7FDDAE7B590000831900008CFF0020873
:108990006BF0020873B50D46D11E4A421C461B7E81
:1089A0004A419A4226D129682368994222D36368B2
:1089B00099421FD8114E0DF107033246FFF70EFD05
:1089C000C0B972686B689A4214D19DF80730DA1EFC
:1089D00053425341227E93420CD163690133636158
:1089E000D4E90323934205D22968A26842F82310F0
:1089F00001332361012002B070BD00BFCC1D0020F7
:108A00002DE9F04F9A468BB09DF85030DFF850B109
:108A10000293DBF81030804653450D461646C0F0F1
:108A20009980D146DBF804300193B9F1000F00F0D2
:108A30008D80D8F83C3001225B6907A901989847DE
:108A400007A826F07DFDDBF80030984240F08580D5
:108A500007A826F081FD0428074614D107A826F0B0
:108A600082FD019B029A04463B44002A3FD1864284
:108A700012D91446361A4046019926F065FAA9EB38
:108A800004090190D1E7D8F83C3002225B690198D3
:108A900008A9984708A8E2E7841B544528BF544614
:108AA000032C03EB0607AAEB040A4FEA94021CD935
:108AB000D8F83C30294638465B69984724F00303D0
:108AC00004F003061F441D44002ED4D0D8F83C30D7
:108AD00001225B6908A9384698473246284608A90A
:108AE000354433F0FEFC0026C5E72646ECE7074692
:108AF00000F00302039203442A1804920593049B96
:108B0000DD1B059BD81B039B9F420FD1002FB2D0CA
:108B1000D8F83C30012208A95B6998473A462846B4
:108B200008A933F0ACFC78B93D44A4E7D8F83C3050
:108B3000012208A95B6998470422284608A933F056
:108B40009EFC08B9043FDAE74FF0360948460BB0FF
:108B5000BDE8F08F4FF06309F8E74FF06F09F5E7D4
:108B6000F81D00202DE9F0410F46164698460446B0
:108B700088B060B390F83450FDB1012126F01CF9A3
:108B800000210E9BCDE90511CDE902379DF83C305F
:108B9000CDF804808DF81C30237C04968BB90D49E8
:108BA00001AA04F1080000F0C7FDDDE90553E06B00
:108BB000002E08BF1D4626F098FA284608B0BDE8EA
:108BC000F0812046044A01ABFFF7B2FCEDE7054611
:108BD000F3E700BF99F00208958900082DE9F04FEE
:108BE00099B00F4609920A69416C0E931439D31D4E
:108BF000B3FBF1F3013302EBC302036B0446934270
:108C0000C0F0B3810023DFF824940D93E36A484653
:108C10001946079300F014FED7E9033604930E9B20
:108C2000022B4ED1CC2E40F08A81099B002B42D0E2
:108C30003946204626F0B7FA656C079A6B1E13403A
:108C40001490ED1AE36B01225B6916A978689847C6
:108C500016A826F079FC00280CBF04230823782EE0
:108C600006933DD9012300254FF0080A05933B6880
:108C700005990E98C9F80030C9F8106026F086FCF6
:108C80004FEA9A0310930023DDF81CB089F8140012
:108C90000B930F9308930C93616C4A1E0BEA02022C
:108CA0008B1A002E38D05544AB4240D8236B5B1A48
:108CB00013442363ABE0049B1B68149308230693BF
:108CC000D0E7656C079A6B1E1340782EA5EB030561
:108CD00016D8FB7D7BB9099B002BB3D104230693E7
:108CE000331DAB4210D9A6B1082DBBD804250023F3
:108CF000AA460593BBE7099B002BA3D10823EEE707
:108D0000099B002B9ED1D9E7002505954FF0040A59
:108D1000ADE704250596F9E75345C7D3B0460BEBFD
:108D20000A030393089B002B18BF032313E0A3EB54
:108D30000A039E42B0460BEB0A0228BF98469E42A9
:108D40000392EFD90123D9F8102089F81730964201
:108D500071D1C9F804B0089399F81730002B6CD082
:108D600099F818200899D31C09EBC3030132C3F802
:108D700004B0A3F80880997289F81820B8F1000FA0
:108D800014D00E9B022B5BD10B9B7BB90F9B4344F2
:108D9000032B0BD9E36B01229B69039814A9984715
:108DA0000546002840F0E38001230B93089B16A89A
:108DB0000193059B009399F814204346396800F00D
:108DC000F5FCE36B58469B69109A16A99847051E57
:108DD0000D9B18BF5B4652460D93594643462046AD
:108DE00026F0DFF8236B08F10302A3EB0A0322F05D
:108DF00003029B1AC9F808002363002D40F0B780D6
:108E00000F9BDDF80CB04344A6EB08060F935946C0
:108E1000204626F099F800258346002E7FF43CAFCB
:108E2000824A3968936804F10800E36252680E9B35
:108E300000F034FC84E002238DE7C9F804B09DE71C
:108E4000099B002B30D1049BB8F1030F43440A93D4
:108E500027D9DDE90301E36B4FEA98029B69984744
:108E60000546002865D118F003025FD0049B28F066
:108E700003052B440493039B1D444FF0FF330499D7
:108E800015A8159333F02DFBE36B28469B6901224F
:108E900015A9984705460A9B0493002D86D0039B8D
:108EA00099E74246039DE8E7039B0A9307F12003F5
:108EB0001193FB7D78689BB100233D7E0C9AD9B25B
:108EC0008D4211D9119903F1010C31F833109142FF
:108ED00026D9069907EBC303D8690A44104403E076
:108EE0000C9B069A13441844E36B01225B6915A995
:108EF0009847159B012213930C9B0A9804330C93FB
:108F0000E36B13A99B699847039B0A9A43449B1AF6
:108F1000042B054607D978B9134604330A93C8E7EA
:108F20006346521ACBE70A9B0393B6E70A9B049366
:108F30003CE70A9B0493B2E70A9B0393AFE77026D2
:108F4000304619B0BDE8F08F4FF0000A4FE03A69A3
:108F5000616CD31D1439B3FBF1F3013302EBC3028F
:108F6000236B9342BFF452AE5DE01C26E8E73D2D33
:108F700059D104F1080303932368079A606CA2EBAC
:108F8000030ABAFBF0FA00FB0A3026F097FBE16A0D
:108F90008046204625F0D8FFA26A8242D7D0626C74
:108FA000D9F80830511E0B40216B2668891A0B44F2
:108FB00023630D9BE0629E1BB6FBF2F6B245C3D164
:108FC000079BB3EB080A12D0E36B4FEA9A024146C3
:108FD0009B6998478346E36A079A5344E362236B8D
:108FE00003989B1A4344236326F0BCF9DA462368AE
:108FF000616CE06B01FB063126F0D5FA204625F0C6
:10900000E6FE204625F0E3FF2063BAF1000F9ED074
:109010003A69616CD31D1439B3FBF1F3013302EBF0
:10902000C3029042A8D22E468AE700BFA01D0020AE
:10903000032A2DE9F34106460D4617461C4606D184
:10904000237A012B23D0012002B0BDE8F081DFF8A4
:109050006080096842460DF10703FFF7BFF96060C1
:109060000028EDD19DF80720237A032AE8D0D8F80C
:1090700004106A689142E3D1012B2969D4F80CC02D
:1090800007D172690CEB0103934202D92074207C52
:10909000DAE708316144E1603B4601222946304667
:1090A000FFF79CFD60600028CAD00020CCE700BF1D
:1090B000CC1D00202DE9F341089C032A17462668A1
:1090C00006D1237A012B24D0012002B0BDE8F08123
:1090D000DFF89080304642460DF10703FFF77EF936
:1090E00060600028EDD12568D8F80400A96AD5F899
:1090F00044C04840CCF100031840227AE1D1012A53
:1091000009D1E268D8F8103013447269934202D949
:109110002074207CD9E72868EB6A1B1A081AB3FB75
:10912000FCF3B0FBFCF083420BD1706CF36A421E7F
:109130001340326B121A13442846336325F004FFA0
:10914000E862D8F81020E36808321344E360012293
:109150003B4604492068FFF741FD60600028B0D01D
:109160000020B2E7CC1D00202DE9F0410025634B23
:109170000E46D3F8008004461D6018B92125284604
:10918000BDE8F08190F8347007B30A6803689A422A
:1091900040F0AA804A6843689A4240F0A5808A68F5
:1091A00083689A4240F0A080CA68C3689A4240F03F
:1091B0009B800A6943699A4240F096808A69C36B32
:1091C0009A4240F091804B698361D8E76822394622
:1091D000856B33F07EF9D6E90212336804F108009A
:1091E00023607368A5636360336963617369A36116
:1091F00026F0CAF8B36904F14000E3639B6898471E
:1092000020B9676C17B16368B3FBF7F794F8433084
:10921000E761002BB2D00023656C2366002D6BD074
:10922000002F69D02368B3FBF5F205FB1233002B46
:109230005CD16768B7FBF5F605FB1676002E55D1B5
:10924000204625F090FDA369043303449F424FD389
:1092500040F634726369CC3B93424BD8B5F5805FDE
:109260004AD30321204625F0A7FDD4E90001E36B92
:109270001B6898470546E36B0220DB6898472DB1D1
:1092800084F83460E06B25F030FF78E741462046F3
:10929000FFF78AF96428054604D141462046FFF7C6
:1092A00083F90546636C143BD5B9226A204602FB5C
:1092B00003F625F058FDA369043303449E4203D20C
:1092C00084F834505A25DDE70123D4E900010C4A23
:1092D00084F8343013680133136026F0EFF8D1E7D7
:1092E000002384F83430CDE75D2548E7592546E76B
:1092F0005A2544E75F2542E75B2540E73017002009
:109300002C1700202DE9FF410C4616461F46054646
:1093100080B390F834307BB3B1F5801F2ED2DFF8E4
:109320006080012125F048FD2146424628460DF186
:109330000F03FFF753F8044670B99DF80F30012B67
:1093400011D1D8F81030BB4212D1024600903146FC
:109350002846FFF755FB0446E86B25F0C6FE20467D
:1093600004B0BDE8F081022B14BF2D246024F3E784
:109370006324F1E72124F2E71124F0E72924EEE742
:10938000F81D00202DE9F04385B00C4617461E4617
:109390000546DDF8308098B390F8343093B3B1F5DA
:1093A000801F31D2DFF86490012125F005FD2146B0
:1093B0004A4628460DF10F03FFF710F8044688B916
:1093C0009DF80F30012B14D1D9F8102006EB0803BB
:1093D0009A4213D300904346324639462846FFF757
:1093E0000FFB0446E86B25F080FE204605B0BDE883
:1093F000F083022B14BF2D246024F3E76324F1E7EC
:109400002124F2E71124F0E72924EEE7F81D0020DB
:109410002DE9F3411F4600230C46164605463B60E6
:1094200050B390F834304BB3B1F5801F28D2DFF839
:109430005480012125F0C0FC2146424628460DF10A
:109440000703FEF7CBFF0446A0B99DF80730032BB6
:1094500010D0022B0AD10123336004233B60E86B58
:1094600025F043FE204602B0BDE8F081D8F8103068
:109470003060F3E72D24F2E72124F3E71124F1E72C
:109480002924EFE7F81D002073B50446056B25F08D
:109490006AFC636E03449D422CBF00230123854276
:1094A00094BF00252D1A207C84F85030656584F81F
:1094B0005800A8B100230C4E1A46194620460096C3
:1094C00025F03EFF002305461A4619462046009621
:1094D00025F03FFFE3682844984294BF0020C01A5B
:1094E000E06502B070BD00BFFFFF0F002DE9F3473C
:1094F0001E4643690446B342884617469DF82890A5
:109500004ED300258DF80750204625F02CFCD4F8CA
:1095100030A082450AD2236AB5EB430F06D200225F
:1095200020460DF10701FFF78BF9B8B39DF807301E
:10953000012B05D1002220460DF10701FFF780F92C
:10954000B9F1030F06D03146204625F0FCFB256B10
:10955000854227D3144D4FF0FF31284600F070F9B3
:109560004B46294600222046C5E90376C5F800800F
:10957000FFF734FB236E054663B12046FFF784FFF7
:1095800094F8503013B994F858301BB1236E04F19D
:1095900050009847284602B0BDE8F0870135B3E790
:1095A0006225F7E71C25F5E7CC1D00202DE9FF41DA
:1095B0000F4690461E46054698B390F8343093B354
:1095C000B1F5801F31D21A4C022125F0F5FB22465D
:1095D000394628460DF10F03FEF700FF024678B129
:1095E000012342460093394633462846FFF77EFF63
:1095F0000446E86B25F079FD204604B0BDE8F08113
:109600009DF80F30012BEBD12169B142E8D10093D5
:10961000414633462846FFF7F3F904460028DFD1D8
:10962000E7E72124E8E71124E6E72924E4E700BF7F
:10963000F81D002030B50C46054685B028B390F8DB
:10964000343023B3B1F5801F23D2022125F0B4FBBF
:109650000DF10F03214628460F4AFEF7BFFE0346D1
:1096600088B99DF80F20032A0DD0032221460092CD
:1096700002462846FFF73AFF0446E86B25F035FD21
:10968000204605B030BD2D24F7E72124F8E711244A
:10969000F6E72924F4E700BFF81D00202DE9F04388
:1096A000466886B3056898464FF0000CA946AE465A
:1096B00055F83C400CF1010CC4F31307013401D000
:1096C000B94217D066450EF1080EF1D12F4600249D
:1096D00003E0A64207F1080712D055F834300134F0
:1096E0000133F6D1C1F3130141EA0851C7E9001271
:1096F000BDE8F08341EA0851CEE90012BDE8F083ED
:10970000B8F1030F03D101230372BDE8F0830023F6
:1097100003E09E4209F10809F5D055F833400133C2
:10972000C4F30754032CF4D1C1F3130343EA0853E1
:10973000C9E90032BDE8F0832DE9F04106464068F2
:1097400082B0C0B10F4690460024336853F83450BD
:1097500003EBC403C5F30752C5F31301013504F14C
:10976000010406D05B683046CDF80080B84710B1E0
:1097700070688442E9D302B0BDE8F081024B1968F9
:10978000024B1868FFF7F0BCF031002010320020C7
:1097900008B537F01CF8014B186008BD241E0020E6
:1097A000014B186837F00EB8241E002073B504462C
:1097B0002248012A00EAC1119DF8185023F07C408C
:1097C00007D9961E012E28D9073303F07F031943CA
:1097D00008E09DF81C300A43DB0603F0C053134336
:1097E00043F060410023C4E900108DF80730B5B1A3
:1097F000202221460DF1070025F07CFF1A220DF1F1
:109800000700211D25F076FF082063689DF80720DA
:1098100043EA8263636002B070BD1143E2E71B223A
:109820000DF10700214625F065FF23689DF807200C
:10983000042043EAC2632360EDE700BF80FFFF0717
:1098400038B5094B0D461A680021044632F041FE36
:1098500000234FF0FF322383C4E900252361A26077
:10986000E382A37638BD00BF340E04080138C0B2CD
:1098700005289ABF014B185C01207047390E040877
:109880002DE9F0410746154600240E46596888B078
:10989000490A012922464FEA510104F10104F8D88E
:1098A000DC78997824031B88C90201F4006104F470
:1098B00080540C43C3F30A035203234492B24FF083
:1098C00000089C18274B6FEA0444039325F0784363
:1098D000ED4302A90DF107001B2202938DF80780CA
:1098E00025F008FF9DF80720029B02A943EAC26306
:1098F0000DF107001B2225F07845049302958DF8A1
:10990000078025F0F7FE9DF80720029B6FEA1444BC
:1099100043EAC26305934FF0FF330794069307A908
:10992000BB69012206F110009847BB6905A90446EE
:10993000012206F108009847BB69404518BF04465C
:1099400004A90122301D98470122404518BF044652
:10995000BB69304603A99847404508BF204608B078
:10996000BDE8F08101009AB238B504460D4636F0E4
:1099700037FFA3889BB223B92B6036F02CFF064833
:1099800038BD142263889BB202FB034408342C6068
:1099900036F021FF0020F3E70B7000F038B141B141
:1099A000013AB2F5006F044838BF00207047034801
:1099B00070470148704700BF037000F0027000F06C
:1099C000104930B50A78104B2AB9C3E90022C3E91F
:1099D000022201220A700C4900220C4654F8045B52
:1099E000854208D00132042AF8D1002251F8044BF4
:1099F0001CB943F82200002030BD0132042AF5D101
:109A00000248F9E77C2D0020281E0020027000F09B
:109A1000002313B51D4A52F8044B94F821108142DB
:109A20000ED00133042BF6D102B010BD0028FBD1BB
:109A30009DF80730002BF7D0A068FEF733FBF3E763
:109A400094F83530022BEFD1204625F0D8FE637E06
:109A50002076022BE8D194F8323003F0FF02002B7D
:109A6000E2D1A0680DF107018DF8072035F0C4FCA4
:109A7000237E1BB194F83330002BD7D00023A0688D
:109A800084F83330FEF72EFBCEE700BF281E0020FF
:109A900010B50446FEF7D2FA002104F10800FEF7E3
:109AA0009DFA014608B1044810BD04F10C00FEF710
:109AB00095FA0028F8D0F6E70E7000F0F8B50446E5
:109AC00016460F4636F08CFEA388E2889BB29A4277
:109AD000054605D80023336036F07DFE1748F8BDF3
:109AE0001422238807F1100C9BB202FB03433A4671
:109AF0000833174603CF6745186059603A4603F1AB
:109B00000803F6D1142238681860238828469BB2CF
:109B100002FB0343083333602388E2889BB201339E
:109B2000B3FBF2F102FB11339BB22380A388013314
:109B30009BB2A38036F04FFE0020D0E70A7000F001
:109B400090F8363063B9012203685A619A69D207E6
:109B5000FCD504210379084AB9335B01D150704721
:109B6000022B07D10068836C9B074CBF052109219C
:109B700025F02BBF704700BF00C0035090F836306F
:109B800053B9042103790A4A03F239135B01D15016
:109B9000022203685A617047022B07D10068816C6A
:109BA00011F0020118BF062125F00FBF704700BF5A
:109BB00000C0035010B590F83630044663B9042253
:109BC00003685A619A699207FCD523790C4AB93324
:109BD0005B011021995010BD022BFCD10068836CF1
:109BE000DB074CBF0521062125F0EFFE237941F26A
:109BF00094425B0103F1A04303F57033E9E700BF32
:109C000000C00350012370B580F8303090F8363032
:109C100004460E4686B0A3B905682435204625F0D3
:109C200007FE0D4B04940393002302937368019382
:109C30000123009332682B466169E06825F05CF8E7
:109C400007E0022B02D105683C35E7E7002380F8E6
:109C5000303006B070BD00BF81A2000801232DE99D
:109C6000F04180F8313090F8363004460E4688B026
:109C700063BB05683C3536F0B3FD04F13C0807468C
:109C80000DF11F01404636F0FBFA40B99DF81F3038
:109C90002BB1404636F0C4FA204636F0BAFD3846BD
:109CA000012736F098FD2046E76525F0C1FD0D4BF4
:109CB000049403930023029373682A46CDE900734A
:109CC00033682169A06824F0FDFF07E0022B02D170
:109CD00005684435CFE7002380F8313008B0BDE88F
:109CE000F08100BFE99C00082DE9FF41D06A03A97B
:109CF0001446FFF739FE0646204636F077FD00256C
:109D000001462346CDE90055184A04F13C0036F0DF
:109D100077FF174B9E4221D0039E3561B56036F028
:109D20005FFDD6F80C800746B8F1000F04D0D6E9E5
:109D3000002329462046C047E06A03A925F091FD8B
:109D4000E06A83889BB26BB103A9FFF70DFE204642
:109D50000399FFF783FF384636F03DFD012004B03C
:109D6000BDE8F08184F83130F5E700BF89F40308DD
:109D70000B7000F0F7B50D46044600287FD036F092
:109D80002FFD012D06460AD1E36A9B889BB2002B6A
:109D90003CD1304636F01FFD3A4803B0F0BD022DED
:109DA0002CD1A36A9B889BB2002BF2D0E06835F0DF
:109DB00003FB0023A06A84F8303083889BB2002B19
:109DC0004BD001A9FFF7D0FD019DE06805F1080126
:109DD00035F038FB2C4B2B61A06A83889BB2002B9B
:109DE0003BD001A925F03DFD019AD568002DF3D0A7
:109DF0009368204612682449A847EDE7032D2CD12B
:109E0000E36A9B889BB20BB9A36ABEE7A06835F0F2
:109E1000D3FA0023E06A84F8313083889BB273B1AF
:109E200001A9FFF7A1FD019FA06807F1080135F026
:109E300009FB154B3B61E06A83889BB293B92046CE
:109E400025F032FD8304FAD5A36B002B02DD2046FA
:109E500036F0DFFC023D012DA8D9304636F0BBFCC0
:109E600000209AE701A925F0FCFC019AD768002F91
:109E7000E1D09368204612680349B847DBE70348FE
:109E80008BE700BF087000F0097000F0027000F06E
:109E90002DE9F04104461746FFF780FD8846064647
:109EA000E8B9152004F05EF80546E26A93889BB293
:109EB00013B194F83230ABB194F83630BBB92368A3
:109EC0009D6915F0020527D0012384F834304744FA
:109ED000B845206844D183699B06FCD545B330461C
:109EE000BDE8F081002DE1D0FEF71CF9DDE7022B83
:109EF00012D123689D6C15F002050DD0012384F862
:109F0000343047444745206831D142F22002836C07
:109F100032EA0303FBD1E1E72046FFF74BFE0123C2
:109F200094F8365084F83430002DD0D0022D1CD057
:109F300094F8363003B3022BD1D12068816C11F034
:109F4000010118BF092125F040FD42F29442102181
:109F500023795B0103F1A04303F570339950BEE709
:109F600018F8011B25F09FFDB2E70025C9E718F896
:109F7000011B25F04CFDC5E710212379044A03F2AB
:109F800039135B01D150082223685A61A7E700BF4B
:109F900000C0035010B5044680B190F832302BB9A0
:109FA00025F02DFC10B9A068FEF77CF8002094F88D
:109FB00032300133DBB284F8323010BD0048FCE7A8
:109FC000027000F010B50446A0B190F832309BB199
:109FD00090F83230012B05D125F011FC10B9A068A2
:109FE000FEF780F8002094F83230013BDBB284F8B1
:109FF000323010BD0148FCE70148FAE7027000F07A
:10A00000057000F030B50025437F85B08DF808302D
:10A0100090F82130044604228DF80930039303A9F7
:10A02000064B009502A8FDF799FE4FF400732046F9
:10A030002383A57625F048FC05B030BD119A0008B1
:10A040002DE9F0410546694F88B001AE0C460FCFAF
:10A050000FC697E8070086E80700002D00F0C380D0
:10A0600024B9634E304608B0BDE8F0816422002177
:10A07000284632F02EFA2846FFF7A2FC06460028B2
:10A08000F0D14FF00108237D85F83530236885F83D
:10A0900036002B60227BC5F85C802A71554A6168C6
:10A0A00093422966DDD1544B544A6B624FF48023AE
:10A0B000C5E90423D4E90723AA6210805080908068
:10A0C00085F83000EB62188058809880E38985F825
:10A0D0003100ADF81430238A85F83300ADF8123022
:10A0E000A37C47488DF81030E37C03918DF816303F
:10A0F00005238DF8113036F0DBFC6B6A414F986810
:10A1000036F0D6FC206801A98DF8046001F082FECB
:10A110001421237B03F139025201B950267AA07A27
:10A1200007EB431346EA0042C3F83827617AE27A24
:10A1300041EA024CC3F830C7EE76E877297785F814
:10A140002020637D41466B77A37D284685F821302A
:10A15000E37DAB77237E85F8223025F0E9FA0646C9
:10A1600000287FF47FAF36F03BFB237D8046032B36
:10A1700033D10221227B02F1B9035B01F9500421A2
:10A1800007EB421741F22C72236803F58053D9651F
:10A19000217EE37D43EA0143BB50A27D637D43EA18
:10A1A000024341F22872BB504FF0FF32206800F5A5
:10A1B00000539A64237D032B0CBF0521042125F055
:10A1C00063FC4FF44062236828465A61FFF760FC45
:10A1D0000646404636F0FFFA44E7022BE4D1284613
:10A1E000FFF710FFE0E7084E3CE700BF400E040811
:10A1F000037000F000C00550442104080200040070
:10A200003C21040800C00350027000F090F8353083
:10A21000032B05D00229417618BF017625F054BBE7
:10A2200000487047057000F0F0B587B00546164647
:10A23000FFF7B4FB0446F0B90493104BCDE90116C7
:10A240006A46A86A01A903960593FFF737FC0446FE
:10A2500088B995F8303073B92846FFF771FC284665
:10A260000099FFF7CFFC95F83530032B03D0284633
:10A270002C7625F029FB204607B0F0BD017000F0D8
:10A28000F7B5906A01A91446FFF76EFB0546204614
:10A2900036F0BFFA384B9D4230D094F83610019D0D
:10A2A000002939D123689A6C12F4007229D0334AFC
:10A2B000A9602A614FF4007203F500539A6436F0E6
:10A2C0008FFAEF68064637B16A68AB682046D31A42
:10A2D00029692A68B847A06A01A925F0C2FAA06ACC
:10A2E0008588ADB2002D37D001A9FFF73DFB204690
:10A2F0000199FFF787FC304636F06DFA012003B074
:10A30000F0BD996CC80523D51D49AA6029614FF499
:10A31000807203F50053D1E7022919D12368DA6C62
:10A3200012F4007209D0154A03F500532A61002285
:10A33000AA604FF40072DA64C1E7D96CC90507D589
:10A340000F49AA6029614FF4807203F50053F2E7C8
:10A3500000232B61AB60B2E701232046237625F072
:10A36000B3FA94F8353084F83050032BC3D020462C
:10A37000FFF704FCBFE700BF0B7000F00D7000F0AA
:10A380000C7000F0F0B587B004461646FFF706FBE8
:10A39000054658BB0493194BCDE90116059394F873
:10A3A000363003962BBB23689B6903F0020313B975
:10A3B0002046FFF7FFFB6A46E06A01A9FFF77EFB34
:10A3C000054698B994F8313083B936F009FAE36A52
:10A3D00006469B889BB233B120460099FFF73EFCAE
:10A3E000012384F83430304636F0F5F9284607B0BA
:10A3F000F0BD022BDCD123689B6CD6E7017000F026
:10A40000044BD3F88420D206FBD4D3F88400C0F3E5
:10A41000811070470040005038B5174B0546D3F8FF
:10A4200028310C4603F00703013B052B20D8DFE859
:10A4300003F003131B0F0B1734F01CFF052305B1AA
:10A44000286004B1236038BD34F014FF0623F6E71A
:10A4500034F05AFF0723F2E734F04CFF0323EEE712
:10A4600034F048FF0423EAE734F040FF0223E6E734
:10A4700000231846E3E700BF00800050002337B5F3
:10A480000193164B0546D3F820320C4603F0070320
:10A49000042B21D8DFE803F0030B11161B00012366
:10A4A0000DB1019A2A6004B1236003B030BD0021D0
:10A4B00001A8FFF7B1FF1223F2E734F025FF0723CD
:10A4C0000190EDE736F078F90A230190E8E734F0DF
:10A4D00063FF09230190E3E70023E1E700800050D8
:10A4E00038B5104B0546D3F880300C4603F0030313
:10A4F000022B0BD0032B0DD0012B0FD134F0C0FE5B
:10A500000E2305B1286004B1236038BD34F0FCFE91
:10A510000723F6E734F0AEFE0623F2E700231846E1
:10A52000EFE700BF0080005038B5104B0546D3F868
:10A5300000310C4603F00303022B0BD0032B0DD08C
:10A54000012B0FD134F0D6FE032305B1286004B1EE
:10A55000236038BD34F020FF0923F6E734F0D0FE45
:10A560000823F2E701230020EFE700BF008000503E
:10A5700038B5184B0546D3F820010C4600F007000B
:10A58000062823D8DFE800F0040A0E16121A1E006F
:10A59000012305B1286004B1236038BD34F06AFEA0
:10A5A0000523F6E734F0A6FE0323F2E734F0ACFE11
:10A5B0000723EEE734F09AFE0223EAE734F05AFE6E
:10A5C0000623E6E734F096FE0423E2E7002318466C
:10A5D000DFE700BF0080005038B5104B0546D3F8C8
:10A5E00040310C4603F00303022B0BD0032B0DD09C
:10A5F000012B0FD136F0E0F80A2305B1286004B131
:10A60000236038BD34F0C8FE0923F6E736F0D7F8EA
:10A610000C23F2E701230020EFE700BF0080005089
:10A62000002337B50193164B0546D3F860320C462C
:10A6300003F00703013B032B1FD8DFE803F0020EF2
:10A640001914002101A8FFF793FF10230DB1019AFF
:10A650002A6004B1236003B030BD002101A8FFF7D8
:10A66000BBFF1123F2E734F04FFE07230190EDE723
:10A6700034F03CFE02230190E8E70023E6E700BF48
:10A6800000800050002337B50193164B0546D3F8E0
:10A6900094320C4603F00703013B032B1FD8DFE87D
:10A6A00003F0020E1914002101A8FFF761FF102327
:10A6B0000DB1019A2A6004B1236003B030BD0021BE
:10A6C00001A8FFF789FF1123F2E734F01DFE0723ED
:10A6D0000190EDE734F00AFE02230190E8E7002341
:10A6E000E6E700BF0080005038B5104B0546D3F8B0
:10A6F00060310C4603F00303022B0BD0032B0DD06B
:10A70000012B0FD136F058F80A2305B1286004B1A7
:10A71000236038BD34F040FE0923F6E736F04FF8E9
:10A720000C23F2E701230020EFE700BF0080005078
:10A730002E4B98424AD022D82D4B984240D014D864
:10A740002C4B984239D00AD82B4B984232D02B4B05
:10A7500098422FD02A4B98422CD000207047294B8A
:10A760009842FAD1284B186F7047284B98422AD04C
:10A77000274B9842F1D1244BD3F880007047254BEA
:10A7800098422BD009D8244B984223D0234B98428F
:10A79000E3D11D4BD3F88C007047214B984221D058
:10A7A00003F5740303F510539842D6D1164BD3F832
:10A7B00098007047144B986D7047134B586E704754
:10A7C000114B586F7047104B986F70470E4BD3F872
:10A7D000840070470C4BD3F8880070470A4BD3F8BD
:10A7E00090007047084BD3F8940070470048E80188
:10A7F0000024F400C0CF6A0080841E0000093D00E0
:10A8000040420F00405DC6000080E00FC0EA210119
:10A8100080BA8C01007E560380D54302006CDC02B6
:10A820000090D00373B50D460021114B0191D3F870
:10A830008041064604F00304022C13D0032C0CD0F4
:10A84000012C13D101A8FFF793FE10240EB1019B38
:10A85000336005B12C6002B070BD34F055FD0724A3
:10A860000190F3E734F042FD0190EFE70C46EDE78D
:10A870000080005038B5104B0546D3F840320C46E6
:10A8800003F00303022B0BD0032B0DD0012B0FD1B0
:10A8900035F092FF0A2305B1286004B1236038BD6A
:10A8A00034F07AFD0923F6E735F089FF0C23F2E74F
:10A8B00001230020EFE700BF0080005038B5144BA3
:10A8C0000546D3F800020C4600F0070004281BD808
:10A8D000DFE800F003090D111500012305B1286020
:10A8E00004B1236038BD35F067FF0A23F6E734F082
:10A8F00053FD0923F2E735F062FF0C23EEE734F055
:10A90000DFFC0F23800AE9E700231846E6E700BFD3
:10A910000080005038B5144B0546D3F808020C46A9
:10A9200000F0070004281BD8DFE800F003090D1130
:10A930001500012305B1286004B1236038BD35F04E
:10A940003BFF0A23F6E734F027FD0923F2E735F051
:10A9500036FF0C23EEE734F0B3FC0F23800AE9E75F
:10A9600000231846E6E700BF00800050B0F5207FC6
:10A970001FD009D8B0F5007F15D003D868B1B0F565
:10A98000C07F0AD000200CE0B0F5607FFAD10B4BFD
:10A99000D3F88000C0F3011003E0084B186FC0F338
:10A9A000033001307047054BD3F89000C0F30460CA
:10A9B000F7E7024B186FC0F38020F2E700800050E9
:10A9C00002464FF48030104B10B598660020FFF718
:10A9D000CDFF504341F671320C4BDC69DA635A68A3
:10A9E00004F4803422F4401259B90949884294BFD2
:10A9F00000200120000502435A600CB10022DA63F6
:10AA000010BD0449F2E700BF009000500000035061
:10AA1000005A6202002D3101430905D0012B0CD0F0
:10AA2000022B084B18BF002300F01F0039B103F5BB
:10AA30008053012282401A607047034BF4E703F50C
:10AA40000053F6E768800050648000501FB5002175
:10AA5000B0F5807F0446CDE9001100F0D2803AD8ED
:10AA60005E2833D85E2833D8DFE800F04532323232
:10AA700032323232323232323232323232323232B6
:10AA800032323232323232323232323245AC45AC8C
:10AA9000BCBCBCBCBCACC64E6BDC4EACACAC32324D
:10AAA000323232323232ACACAC7EE6AC323232329E
:10AAB000323232323232323232BC454545E14E4ECC
:10AAC000EB8D63C132323232329E4500802870D025
:10AAD000009804B010BDB0F5D06F00F0A38035D859
:10AAE000B0F5607F79D01AD8B0F5007F65D005D871
:10AAF000B0F5C07FECD134F0E3FB5CE0B0F5207F33
:10AB000060D0B0F5407FE3D134F0DAFB02464FF479
:10AB10002070FFF72BFFB2FBF0F252085BE0B0F5BC
:10AB2000B06F69D00AD8B0F5806F5BD0B0F5A06F78
:10AB3000CED100216846FFF7A1FCC9E7B0F5C06F90
:10AB4000C6D100216846FFF747FDC1E7B0F5106F99
:10AB50006DD00ED8B0F5086F78D0B9D8B0F5E06FE9
:10AB60006AD0B0F5F06FB3D100216846FFF7BCFDA5
:10AB7000AEE7B0F5406F3AD013D8B0F5206F60D093
:10AB8000B0F5286FA4D10021324B0391D3F8703275
:10AB900003F00303012B02D103A8FFF71DFD039B64
:10ABA00039E0B0F5486F93D100216846FFF76AFDA0
:10ABB0008EE734F065FB00908AE734F061FB0246D3
:10ABC000204604E034F07CFB02464FF42070FFF78F
:10ABD000CDFEB2FBF0F200927AE701A8FFF780FC0D
:10ABE000019AEDE700216846FFF7C2FC70E70021FB
:10ABF0006846FFF711FC6BE700216846FFF712FE7D
:10AC000066E74FF0E02302911B695B0705D534F03E
:10AC100057FB0290029B00935AE703A902A8FFF793
:10AC2000DBFCF7E700216846FFF748FE50E700210C
:10AC30006846FFF76FFE4BE700216846FFF71AFEF4
:10AC400046E700216846FFF7EBFC41E76846FFF75F
:10AC50006BFC3DE70080005008B58020FFF7F6FE52
:10AC6000034B98429EBF4FF48032024B1A6708BDD7
:10AC7000005A620200A000501FB503460020B3F541
:10AC8000807F019000F0C58065D85D2B56D84C2B95
:10AC900007D82D2B48D8232B2CD8019805B05DF868
:10ACA00004FB4D3B102BF8D801A252F823F000BF53
:10ACB00009AE00089BAC00089BAC00089BAC0008E8
:10ACC000B7AD00089BAC00089BAC000863AE000861
:10ACD000D5AD00087BAD000859AE00089BAC00085C
:10ACE0009BAC00089BAC00089BAC00089BAC000828
:10ACF0006DAE0008243B092BCFD801A252F823F0F7
:10AD000009AE000809AE000809AE000809AE000847
:10AD100009AE00089BAC0008FFAD00089BAC000822
:10AD200097AD00083FAE00083D2B00F083803E2B1E
:10AD3000B3D1002001A9FFF79DFDAEE7802BACD178
:10AD4000504B1B6F03F00703013B032BA5D8DFE833
:10AD500003F0544D5052B3F5F06F6BD020D8B3F5DB
:10AD6000B06F4CD00ED8B3F5607F71D095D3B3F5EA
:10AD7000806F49D0B3F5A06F8FD1002001A9FFF7F4
:10AD80007DFB8AE7B3F5D06F59D0B3F5E06FD0D033
:10AD9000B3F5C06F81D1002001A9FFF71DFC7CE74E
:10ADA000B3F5206F5DD00BD8B3F5086F4CD0B3F579
:10ADB000106F7FF472AF002001A9FFF7ABFD6CE7C5
:10ADC000B3F5406F48D0B3F5486F4FD0B3F5286F57
:10ADD0007FF463AF2B4BD3F8703203F00303012BE6
:10ADE00049D0022B0CBF1523002300E0052301935B
:10ADF00053E70323FBE70823F9E70223F7E70020E3
:10AE000001A9FFF70FFD48E7002001A9FFF7B0FBFC
:10AE100043E74FF0E02302901B695B0705D534F050
:10AE20004FFA0D230393039BE1E703A902A8FFF761
:10AE3000D3FBF8E7002001A9FFF756FC2DE700201F
:10AE400001A9FFF73BFD28E701A9FFF76DFB24E708
:10AE500001A9FFF745FB20E7002001A9FFF7DCFA75
:10AE60001BE7002001A9FFF7DBFB16E7002001A983
:10AE7000FFF708FC11E7002103A8FFF7ADFB112342
:10AE8000B5E700BF008000504FF48032074B0849FF
:10AE9000586E03F580535A664B6A23F001034B62E8
:10AEA000C3035CBF034B5A66704700BF008000506D
:10AEB00000C0075000A0005008B5FFF7DDFE0928CC
:10AEC00011D00A38012802D94FF6FF7008BD4FF49F
:10AED0008002064B5A6603F5D8335B6ADB07F3D56D
:10AEE0004FF4FA70F2E7024B1888EFE70090005039
:10AEF0003E33002008B5FFF7BFFE03280ABF024B10
:10AF00004FF6FF70188808BD3C33002038B5044662
:10AF10008020FFF7B1FE032800F083804FF48012F9
:10AF2000524B4FF0A0615A6645F60E02504BC3F8E3
:10AF30008020504A91624FF4803102F58052916234
:10AF40009A6DD203FCD4996D11F08041FBD1D4E904
:10AF50000002120542EA0062E07B0243207B42EAE3
:10AF60000042607B42EA0032A07B42EA80121A6112
:10AF70009869D4E90452120642EA856200F0004062
:10AF80000243A07EE57E0243207E42EA0042607ECC
:10AF900042EA00229A611A6AE06922F00F0242EA4C
:10AFA0008502354D00283DD11A6294F82420996A13
:10AFB00094F82000D200294042EA40120A4394F853
:10AFC000211042EA011242F480329A622B49284A47
:10AFD000936D31EA0303FBD14FF080712548816204
:10AFE0001369A56823F4700343EA055313614FF016
:10AFF0000043836194F822300BB9214B996294F895
:10B0000023303BB94FF480321D4B9A62184A936D3E
:10B010005B00FCD494F825301BB1154B194AC3F8DA
:10B02000802038BD024342F0080202281A6208D18B
:10B0300019614FF40852996113484FF47F4124F08D
:10B040007FFC0B4994F822308A6A94F820001B0692
:10B050002A4043EA4013134394F8242043EAC203EE
:10B0600094F8232043EA02438B62D3E70090005018
:10B070000040005A0050005AC7FFFEFE03000100C6
:10B080000060005AF1A7FFFF3440005A014B93F9CA
:10B090000000704759330020F0B5D0E901434FF468
:10B0A00000061A4A4178057856664FF4D1560227B1
:10B0B00002F5B8325662164E4F2977604FF00107FD
:10B0C00028BF4F2106F5805677601669F603FCD439
:10B0D00041EA052151611B01417B43EA04230B43F3
:10B0E000017B43EA41039360C37B817B1B0143EAFD
:10B0F0004113417C0B43017C43EA41035360837C51
:10B1000013B16FF4D1535362F0BD00BF00900050F3
:10B1100000100250014B1880704700BF3E330020E2
:10B12000014B1880704700BF3C3300204FF4800271
:10B1300008B5184B5A660223174A5360936813F4F4
:10B140008033FBD1012822D134F0D4F8134B98423C
:10B1500015D003F5122303F5F863984213D0104B72
:10B1600000EB8002400AB3FBF0F3520A0A49CA62BC
:10B170000B6301234B620022074B5A6008BD45F662
:10B180007A13084AF2E745F61A03074AEEE75362D4
:10B19000F1E700BF009000500040025000F049026B
:10B1A00064666666D8B80500BBCF0500B0F5207FA1
:10B1B00010B50C465DD008D8B0F5007F4ED003D84E
:10B1C000C0B1B0F5C07F15D010BDB0F5607FFBD128
:10B1D0002C4B4C1ED3F8FC202B4912F0807F4FEAF9
:10B1E000041427D1D1F8803023F030032343C1F871
:10B1F0008030E9E724F0B3FB24F0BFFB4FF480314B
:10B20000224B214A1967136F013C23F4704343EA30
:10B210000433136734F054F80446FFF7F1F8C0F133
:10B220000201204624F0A3FB00F04AF8BDE81040DC
:10B23000FFF712BDD3F8FC2022F08072C3F8FC2087
:10B24000D1F8802022F030022243C1F88020D3F8C8
:10B25000FC2042F08072C3F8FC20B5E70A4A4C1E7D
:10B26000D2F8903023F0F85343EA0463C2F89030E8
:10B27000AAE7054A4C1E136F23F4806343EA842334
:10B280001367A1E700ED00E000800050009000503F
:10B2900008B50121022000F073F94FF42070FFF788
:10B2A00065FB054B187024F05AFB24F066FB4FF445
:10B2B0008032024B1A6708BD7D2D0020009000509F
:10B2C00008B54FF4C070FFF7C1FBBDE80840044962
:10B2D000884294BF012102214FF42070FFF766BF1E
:10B2E00080F0FA0238B5044633F0EAFF0546FFF76E
:10B2F00087F8C0F10201284624F039FB0121002023
:10B3000000F07EF92CB1FFF7DBFFBDE83840FFF716
:10B31000A3BC034B4FF420701978FFF747FFF4E705
:10B320007D2D00204FF4C02270B50546FFF700FACE
:10B33000314B04465A6603F598335A68012A04D102
:10B340002E494A605A689207FCD48020FFF794FC8B
:10B35000052807D124F003FB24F00FFB4FF48032C3
:10B36000254B1A67264B24F040749D4230D0254B64
:10B370009D4230D033F07EFF8542064603D901213D
:10B38000284600F03DF9204BDA6812F0060FFBD199
:10B3900099689C609A68624012F4F81F1ED1284692
:10B3A000FCF7ACF98020FFF767FC05280DD133F0DE
:10B3B00087FF0446FFF724F8C0F10201204624F07D
:10B3C000D6FAFFF77DFFFFF747FCAE420CD270BD07
:10B3D00044F00074CEE744F08074CBE7802099609D
:10B3E000FFF74AFC052805D0BDE870400121002088
:10B3F00000F006B93546DAE70090005000E0015051
:10B4000040420F0080841E0000000150304B314A42
:10B41000984251D020D8A3F5B703A3F558639842BA
:10B4200046D00DD82C4B984231D02C4B984239D075
:10B430002B4B4FF4002198421DD00023516622E08F
:10B44000284B4FF400219842F7D1274BD3F8BC305A
:10B45000516623F0407316E0244B984230D0244BC1
:10B46000984231D0234B4FF400219842E5D11E4B36
:10B47000D3F8C830ECE71C4BD3F8A030516623F06A
:10B48000407343F000734FF0B442936070474FF441
:10B490000021154BD3F8A030516623F0407343F0E0
:10B4A0008073F0E7104BD3F8A0304FF40021CFE7C2
:10B4B0000D4BD3F8B830F8E70B4BD3F8C030F4E7B6
:10B4C000094BD3F8CC30F0E7074BD3F8D030ECE79A
:10B4D000C0EA21010090005080841E0000093D0058
:10B4E00040420F000024F4000080E00F0048E80113
:10B4F000005A620280BA8C01024A536B0342FCD1AB
:10B50000704700BF00400950044A4178536F23F44C
:10B51000407343EA01235367704700BF0040005067
:10B520000E4A10B51369044643F00403136134F066
:10B5300059FD24F027FA0A4B5B6E5B0142BF094BB1
:10B54000094AC3F8202430BF24F01DFA02F0BAFFE4
:10B550001CB9BDE8104033F0B3BE10BD00ED00E0F3
:10B560000080005000E003500000FF0F034A017903
:10B57000D36E23F030030B43D36670470040005076
:10B58000F8B504461C4BD3F88420D106FBD4D3F87D
:10B590008430C3F381139C422CD033F071FE012C14
:10B5A000064602D1214624F0E2F935F010F94FF0B9
:10B5B0000072124B07465A66204624F0E7F94FF412
:10B5C00080630D4D621E93402B676B6E9A0103D40E
:10B5D000D5F884309B060AD5384635F0F3F8022CAE
:10B5E00008D13046BDE8F840002124F0C0B9D5F8B4
:10B5F0008430EAE7F8BD00BF004000500060005012
:10B6000010B50C4608B933F03BFE074B21461B78BA
:10B610003BB1064B984204D80120BDE81040FFF72B
:10B62000AFBF0220F9E700BF7E2D0020005A620262
:10B630000278034B012100201A70FFF7E1BF00BF21
:10B640007E2D00204FF0004238B5244B244C5A6622
:10B650004AF6CD33656C014605F00105236428BB2D
:10B660000120FFF749FF6368DB0715D51D4B5860C4
:10B6700008461D4B226BD2070CD4984208D10724F0
:10B6800015B1174B194A1A6430F09CF8204638BDA2
:10B690000130EFE79842F2D00024F1E70132236B4A
:10B6A00013F0080305D08A42F8D1E8E700220E49DA
:10B6B000F5E78A42E3D020210A4A91620121A2F5EE
:10B6C000805251600649084A886A800603D4934232
:10B6D000D5D00133F8E79342DDE700BF009000507A
:10B6E000004009500060095040420F003254FFFFF3
:10B6F0004FF0004238B5164B01465A664AF6CD3334
:10B70000144C154A656C236443780B205B0043F0AE
:10B710000103D363FFF7F0FE63688A7823F4F873BC
:10B7200043EA02136360CA784B7943EA0223A360B9
:10B730000A798B7943EA022323610878FFF782FFB5
:10B74000EB0744BF054B236430F03CF8012038BDC3
:10B750000090005000400950004000503254FFFF5C
:10B760004FF00042124B70B55D6E03F580535A6680
:10B770004AF6CD3304460F4980204E6C0B64FFF728
:10B78000BBFE0B6A23F00F030F2C94BF234343F03F
:10B790000F030B62F30744BF074B0B64002DA2BFDE
:10B7A0004FF00042054B5A6630F00CF870BD00BFF8
:10B7B00000800050004009503254FFFF00A00050AC
:10B7C0004FF00042104B70B55D6E03F580535A6622
:10B7D0004AF6CD3304460D4980204E6C0B64FFF7CA
:10B7E0008BFE0B6A23F4F85343EA04230B62F3073E
:10B7F00044BF074B0B64002DA2BF4FF00042054B26
:10B800005A662FF0DFFF70BD0080005000400950E5
:10B810003254FFFF00A0005010B524F0BCF8042300
:10B8200000F5805100F500520B6113610B6113614B
:10B830000B6113610B611361202341F2020103616B
:10B840000023C360836041614FF4A021836183655D
:10B8500041620549C36103628362C3624363036556
:10B86000D164036310BD00BFFF3F0D0370B50546F3
:10B870001446084641B9354B9D4218D0344B9D4281
:10B8800008BF5720FFF7E2F8AB6813F0010F6B68B1
:10B8900030D0B0FBF4F4D80704F1FF344FEA04646D
:10B8A00007D42B6923F07F4323432B6170BD5620BF
:10B8B000E8E72821284624F06AF8AB6C990715D1EF
:10B8C000AB6CDA0714D4AB6C13F0020F14BF06266E
:10B8D0000026284624F05FF82B69314623F07F4389
:10B8E00023432B61BDE8704024F06FB80526F0E7D4
:10B8F0000926EEE7AB6DDB07AB6848BF640003F0D9
:10B90000E003402B1BD004D8DBB1202BCED1082381
:10B9100004E0602B17D0802BC8D101236343410181
:10B92000B1FBF3F20B4B203A284603EAC202012195
:10B9300024F02DF82A63BDE8704024F028B80623CF
:10B94000ECE71023EAE70423E8E700BF0000015B0F
:10B9500000000A50F8FF7F00F8B5436804460E4621
:10B960000D691BB140F6FF7124F011F82046FFF776
:10B9700053FF2269737BB17B22F087020B43134391
:10B9800043F080032361E5B9A368F27B23F003034E
:10B99000134343F00103A3606369327B23F00F0379
:10B9A000134363612046D6E90112FFF75FFF20468B
:10B9B000317824F00AF8A36CDB4313F4405FFAD12A
:10B9C000F8BD2369297F23F0F80343EAC1132978DE
:10B9D000EA7B0B43297943EA4113697A43EA01136D
:10B9E00043EA82132361E068D5E9053720F0F0408F
:10B9F0003B4320F470200343287B697B43EA802388
:10BA000043EAC133E360A368F07B23F003030343FD
:10BA100043F00103A3606B88A06803F4C0430343B1
:10BA2000A360A368687943EA8023A360AB79EF79C8
:10BA3000606A1B013F0203F0700307F4E06720F423
:10BA4000772020F4EE603B430343287A000300F4A0
:10BA5000E0400343687F000400F470200343636206
:10BA60006369307B23F00F03034363616B89A36138
:10BA700009B3164B9C420CD1AB7B154903F00F0365
:10BA80004B67002A8ED02B7C114A03F00F031367FB
:10BA900088E7104B9C4285D1AB7B0D4903F00F0327
:10BAA000C1F88030002A3FF47DAF2B7C084A03F0B8
:10BAB0000F03D36776E7002A3FF474AF034B9C4231
:10BAC000E1D0044B9C42F0D06CE700BF0000015B6A
:10BAD0000090035000000A50044A054B002908BF9B
:10BAE0001346012282401A60704700BF4010045084
:10BAF0004020045010B5012104462020FEF78CFFA1
:10BB000001212120FEF788FF0122114B15205A60E8
:10BB1000227812069A606178A27842EA01429A611C
:10BB2000FF229A6200229A631A644FF000425A651B
:10BB30004FF0FF3203F500531A6502F03DFA15206D
:10BB4000E17824F010FFBDE81040152002F0EEB9B6
:10BB500000000450F8B50125C3B2D1F800C08F7AB7
:10BB60000E7B0C469D40CB7A1C491B050D65810060
:10BB700001F1A04101F58821C1F804C04FF0300C5B
:10BB80000CFB00F0617B00F1A04043EA074300F5A5
:10BB9000802043EA465322F003020166C365026730
:10BBA00034F01EFE0E4B227A5D6502B11D64627A8E
:10BBB00002B19D632279A37943EA0243074A936164
:10BBC0006179E37943EA014305498B61054B55638C
:10BBD0009D64BDE8F84034F0FEBD00BF0020045075
:10BBE000001004500000045010B50124C0B284407D
:10BBF00034F0F6FD044B5A6D22EA04025A659C6249
:10BC0000BDE8104034F0E7BD0000045070B50546B3
:10BC100034F0E6FD3022084B5E6B02FB05335C6EB0
:10BC200034F0D9FD0123EDB2AB4033420ABFC4F377
:10BC30000A100020013070BD000004504FF4803223
:10BC4000054B9A6641F6713203F51C33DA63012223
:10BC500003F50053DA6070470090005041F67132EE
:10BC60000121064BDA6303F50052D1600022DA634A
:10BC70004FF48032A3F518339A66704700000350E2
:10BC8000013831289ABF024B185C0020704700BF72
:10BC90007C0E040838B5C2F30625044602F00702FC
:10BCA00041B942EA052242F440220634074B43F8E8
:10BCB000242038BD1146284623F0B8FE0246284607
:10BCC000FFF7DEFF163442EA0022EFE70080035060
:10BCD0004FF48032064B5A6603F5E6239B69C3F3A3
:10BCE0008512827003F03F021B0B42700370704795
:10BCF00000900050014B986CD96C70470080E00FA9
:10BD00000120034B9B680A3303F01F0398407047E0
:10BD10000080E00F70B5054616461C4621B94FF469
:10BD20002070FEF793FE0146402C1BD003D8DCB1F7
:10BD3000202C1BD070BD602CFCD1042303FB06F229
:10BD4000530803EB4113B3FBF2F36021084A203B95
:10BD500002EAC30305F50052916005F58052946034
:10BD6000EB61E7E70623E9E71023E7E70823E5E7C8
:10BD7000F8FF7F00F8B5154E1C4615460E40FAB97F
:10BD8000202B05D0402B1ED0002B0CBF10244024AC
:10BD9000012306F580765E430023324619461DF0E6
:10BDA00095FC02FB05F100FB04F704FB0311A2FB69
:10BDB00004040023324621441DF088FC3844F8BDB9
:10BDC00080240025E4E780240323E2E7F8FF7F00D6
:10BDD000012100F5805310B5596040F6AA6341F285
:10BDE000050243610023094C8360C365C26000F50E
:10BDF00000520361C361C3649464054C8365A0422F
:10BE000004BF03654365516010BD00BFFFFF010023
:10BE100000C0055070B50C46FFF7DAFF012300F5AE
:10BE200080567360A37C05461BB1836843F0804352
:10BE30008360E37C4BB1234B9D4202BF227DA3F57F
:10BE40001033C3F8C8218023F365228A637B284618
:10BE50001343E2891343EB60237BD4E90112FFF71C
:10BE600059FF637D1BB1AB6843F48033AB60A37DA6
:10BE70001BB1AB6843F40043AB60E37D227E1B073C
:10BE8000120502F4E00203F0E0431343AB65637E66
:10BE90009A1E012A4FF0020209D80B49032BC1F860
:10BEA000202709D10423F36523786B6170BD07490E
:10BEB000012BC1F82027F4E7042205F50053DA65C9
:10BEC000F2E700BF00C0055000D0035000E003506F
:10BED0000122437801789A4030235943014B5A504C
:10BEE000704700BF40E00350034BD3F82424D3F83D
:10BEF00020041040704700BF00C003502DE9F843F4
:10BF00001F4B0546D3F810334B1E0E2B0E4617461B
:10BF1000047890F8018026D951B34FF000092846E3
:10BF20001FB333F0EFFA0F21B8F1070F04EB44040D
:10BF300088BFA8F108084FEA0414124895BF4FEAD9
:10BF400088084FEA880804340C3409FA08F201FA28
:10BF500008F1204423F0ACFD86B9284657B1BDE86E
:10BF6000F84333F0CFBA8946D9E7FFF7B1FFDAE7F4
:10BF70008946D8E7BDE8F843FFF7AABFBDE8F883D4
:10BF800000C0035030C003502DE9F0412B4B174641
:10BF9000D3F810234A1C06460C46407804D1D3F847
:10BFA000241423F094FD0446002C2FDB072C4FF0C3
:10BFB000030532782DDC4FEA840805FA08F5294696
:10BFC0001F4802FA08F223F073FD294672781D48D3
:10BFD00002F0030202FA08F223F06AFD012317F0CF
:10BFE000050F194A18BF194903FA04F30CBFC2F828
:10BFF0001034C1F8103417F0060F18BF134AC2F8F6
:10C0000014340123104AA340C2F820342046BDE86E
:10C01000F081A4F108084FEA880805FA08F52946D6
:10C020000B4802FA08F223F043FD7278294602F029
:10C030000302084802FA08F2CEE700BF00C003502E
:10C0400000C4035008C4035000E0035000D0035064
:10C0500004C403500CC40350054B9A689107FCD4E8
:10C060005A689207F9D4DA69002AF6D1704700BFFE
:10C0700000800A50034908B54B6833F04FFA022399
:10C080000B6108BD00800A5008B5FFF7E5FF0122EB
:10C09000024B03F580514A601A6108BD00800A50C6
:10C0A00008B5044B5868012803D1FFF7E3FF024BA2
:10C0B000586008BD00800A5000A00A5038B5074DEE
:10C0C000FFF7CAFF6B680446012B03D1FFF7E8FFB7
:10C0D000FFF7C2FF2378EB6038BD00BF00800A5035
:10C0E00010B533F025FAB8B94A680B7812B1127856
:10C0F00043EAC2034A7843EA42038A6812B11278DB
:10C1000043EA8213CA7843EA82030A6912B11278B9
:10C1100043EA4223014A936410BD00BF00800A50E5
:10C120004FF48032084B5A6603F5E6239B691A0BDD
:10C13000027003F03F0242704FF6FF72C3F38513A3
:10C1400042808380704700BF00900050014B986C84
:10C15000D96C70470080E00F70B504462FF02CFCBE
:10C16000064630B90FCC044D0FC594E8030085E8AE
:10C170000300304670BD00BF381E002047F6FF7335
:10C180009A42F0B56FD002296FD8394B5B5C012B16
:10C190006BD8384DDF0005EBC30415F83330A178B8
:10C1A000012B13D10025E078401AA84202D8084498
:10C1B000C0B2F0BD431B6668A0EB530336F91360B1
:10C1C0009642D4BF1D4603F1FF30EEE760680028B9
:10C1D000EFD0B0F90040944204DBB0F90240944241
:10C1E000B8BF144683883D44FF2B19BFC8224FF0C7
:10C1F000280CB0F90620B0F908C0A2EB04030CBF6C
:10C200000126002693FBFCF333446E781BB29E425A
:10C2100001DD002B01DA731E1BB24FF47A7C01336F
:10C220009BB2071D5D1E2DB24FEAC50E00EBC50582
:10C23000EA88AD689E4214FB025222EAE27202F1E1
:10C240005C02B2FBFCF204DD37F833500133954257
:10C25000E8D200EB0E039888904228BF104688422F
:10C2600038BF0846A4E7FF20A3E70020A1E700BFEE
:10C27000AE0E0408381E00200229F0B555D82C4B0C
:10C28000585C012851D82B4C04EBC00114F8300045
:10C290004B6801280FD1C8788C78904294BFC4EBCA
:10C2A0000001C4EB0201001BCAB28242C8BF0022D7
:10C2B00033F91200F0BD002B37D08878904202D3BA
:10C2C000B3F90200F6E7CC78B3F900009442F1D953
:10C2D0004C789988013CA1F1FF06714203F10405F5
:10C2E000E4B2714103F10C07CEB2B44216D805EBAB
:10C2F000C1014FF47A756A43B1F902404968521A94
:10C3000004EBD47102EB610292FBF4F29042D1DBB8
:10C31000B3F902009042CDDC10B2CBE737F831C060
:10C320004E1C9445E3D33146DEE70348C2E700BF25
:10C33000AE0E0408381E00200080FFFF08B5044838
:10C34000FFF70AFFBDE8084001202FF03BBB00BF0C
:10C35000B40E040800487047403300202DE9F04136
:10C360008CB08846DDE912761D460446002847D089
:10C37000002945D0002F43D0002E41D013F00F03E9
:10C380003ED120482049A360002A08BF014623620D
:10C39000C4E90013404609A923F07FFC68BB20468E
:10C3A000099934F088FA2946204634F084FA69461F
:10C3B000404600F0DFFA00BB6946204623F083FECA
:10C3C000404603A923F050FDB8B9204603A923F045
:10C3D0007AFE06970127204645F0005506A90797E3
:10C3E000089523F070FE204609A909960A970B9537
:10C3F00034F087FA204633F0F1F80CB0BDE8F08154
:10C400002120FAE700010004000101042DE9F041B8
:10C410008CB0884616461D460446129F00284BD015
:10C42000002949D0002A47D0002F45D00B68103B87
:10C43000102B41D8214A22FA03F3D9073CD5002317
:10C440001F4A8360C0E90023036209A9404623F024
:10C4500024FC70BB2046099934F02DFA2946204669
:10C4600034F029FA6946404600F084FA08BB694670
:10C47000204623F028FE404603A923F0F5FCC0B96E
:10C48000204603A923F01FFE06960126204606A992
:10C4900045F000550796089523F015FE094B2046F8
:10C4A00009A909970A960B9334F02BFA204633F02A
:10C4B00095F80CB0BDE8F0812120FAE701010100F8
:10C4C0000000040410000020F0B50C4617461E467C
:10C4D000054695B0002874D0002972D0002A70D08B
:10C4E000002B6ED0036B0F2B5BD80023364A3846E7
:10C4F000C4E90023A360236211A923F0CEFB002826
:10C500005BD12046119934F0D6F9296B20460F29CA
:10C5100084BF01F00F01103134F0CDF9384602A983
:10C5200000F028FA002848D1204602A923F0CBFDCC
:10C53000384605A923F098FC00283ED1204605A9DD
:10C5400023F0C1FD0122214B089509920A932B6B20
:10C5500005F1100003F00F0141F000510B900F2B7B
:10C560000C920D910E900F9243F00052109226D92A
:10C570000A9B08A923F0005320460A9323F0A3FD49
:10C580000BA9204623F09FFD0123119612930F4B18
:10C59000204611A9139334F0B4F9204633F01EF865
:10C5A0000BE000F120030190009301221023394693
:10C5B0002046FFF7D3FE002897D015B0F0BD0EA996
:10C5C000DFE72120F9E700BF00000404100000208D
:10C5D0002DE9F04F9BB00C4690461F460546DDF80E
:10C5E0009090002800F0B280002900F0AF80002A6F
:10C5F00000F0AC80002B00F0A980026B02EB090375
:10C600001B09B3EB121F02F00F0600F09780002306
:10C610004F4A8B60C1E900230B62404617A923F003
:10C620003CFB0346002840F0858006EB090B2046C2
:10C6300017992BF00F0A34F03EF95146204634F09A
:10C640003AF9404602A900F095F90346002871D155
:10C65000204602A923F037FD404605A923F004FC3B
:10C660000346002866D14FF00108019005A9204635
:10C6700023F029FD374A204608A90895CDF82480E3
:10C680000A9223F020FD46F00051AAEB060605F1C0
:10C69000100346F000560B93CDF830800D910E97A5
:10C6A000CDF83C8010960D99204621F000510D9157
:10C6B0000BA9009323F007FD20460EA923F003FDEC
:10C6C000019B244A1193AAF1100343F00053CDF8C3
:10C6D0004880139305F120031493CDF854801692EB
:10C6E000139B204643F080431393139B11A923F01F
:10C6F0000053139334F005F9204614A934F001F9DE
:10C70000144A17A920461795CDF86080199234F085
:10C71000F8F8204632F062FFAAEB0B014944019081
:10C72000ABEB0A02009839442FF0DBFE019B2A6B29
:10C730004A442A6318461BB0BDE8F08F10304A46C1
:10C74000394630442FF0CDFE0023F0E72123F1E7F6
:10C7500003020004100000202DE9FF474FF00008FD
:10C760000E4617460446CDF80080002859D022B95D
:10C770000025284604B0BDE8F087002951D032F0EA
:10C78000030902F0030A1FD04FF0E063C0E900384C
:10C7900001230191C0F808800293C0F8208049F07D
:10C7A000005301A9039334F0ACF84946204634F015
:10C7B00082F8204632F012FF054628B14A4641462B
:10C7C00030462FF086FED4E7BAF1000FD0D04FF0FC
:10C7D00000084FF0E063C4E900380123CDF804D02D
:10C7E0000293114B204601A9C4F80880C4F82080A8
:10C7F000039334F086F80421204634F05CF8204698
:10C8000032F0ECFE054608B13A46D8E7009A4E44AD
:10C81000EB00013522FA03F3AA4506F8013BF7D1F4
:10C82000A6E72125A5E700BF04000020F0B50F46CC
:10C8300016461D46044693B010B9212013B0F0BD32
:10C840000029FAD0002AF8D0002BF6D00023314678
:10C850001A46384623F0C6F90028EFD1304602A91F
:10C8600023F05CF90028E9D1EB68022B0AD0396883
:10C870003F48029A81426B6902D01830814270D1E0
:10C880009A42DAD82B68002BD7D14FF06062384635
:10C89000C4E90023A360236201A923F0FEF9002864
:10C8A000CCD10199204621F4F061019134F003F8D4
:10C8B0006946284623F0F1F90028BFD120460099A7
:10C8C00033F0F9FF384609A900F054F80028B5D133
:10C8D000204609A923F0F7FB38460CA923F0C4FA37
:10C8E0000028ABD120460CA923F0EDFBEB684BB13F
:10C8F000284606A900F03EF800289FD1204606A948
:10C9000023F0E1FB304603A923F0AEFA002895D1CD
:10C91000B368DA040CD59B0427D50621F369326984
:10C920001B6801FB03225B0043F000530392059355
:10C93000204603A923F0C7FB28460FA923F094FA49
:10C9400000287FF47BAF20460FA933F0DAFF0325E0
:10C95000204632F043FE01287FF470AF013DF7D14D
:10C960006CE7B3EB420F8DD267E7292066E700BF83
:10C97000200000B090B189B101234B60C368013B36
:10C98000012B08D88269064B1AB10A6000208B601F
:10C990007047044AF9E74FF00053F7E7212070474A
:10C9A000080000209C20040870B50E461546044679
:10C9B0008AB000285BD0002959D0002A57D0012323
:10C9C00029461A46304623F00DF900284DD1B368A8
:10C9D00013F4C04F4BD0AB6803F4C043B3F5005F12
:10C9E00045D1254BA060C4E90030206207A930463C
:10C9F00023F053F9002838D12046079933F05BFF24
:10CA0000304601A9FFF7B6FF78BB204623F05BFB59
:10CA1000304604A923F028FA38BB204604A923F0A5
:10CA200052FBEB681BBBAB6803F4C043B3F5005F7C
:10CA30001DD16946284623F09CF8B0B9009B6A696D
:10CA40009A4216D32A6943F00053079201222046E6
:10CA500007A908920325099333F053FF204632F0CB
:10CA6000BDFD012801D1013DF8D10AB070BD2120E2
:10CA7000FBE71D20F9E700BF0000010206289ABF6E
:10CA8000014B185C00207047A420040800F01F022E
:10CA9000A0F50620A0F55060812810D8012309498F
:10CAA0004009934051F820201A4341F820200649BC
:10CAB00051F8202022EA030241F8202070474FF06D
:10CAC000FF307047681E0020541E002000F01F0336
:10CAD000A0F50620A0F55060812810B519D80121D5
:10CAE0000D4A4009994052F820300B430B4942F857
:10CAF0002030D1E9004323448C682344CC68096981
:10CB000023445B1804D1C2E90033C2E90233136144
:10CB100010BD4FF0FF30FBE7541E0020681E0020C0
:10CB20002DE9F04FA7B003921F4604460822CDE935
:10CB30000401414021FA02F34B40980702F1080238
:10CB400018BF9B00202A1C44F4D18123B4FBF3F3CB
:10CB500003EBC313E41A7F4B04F506241B7804F59A
:10CB60005064002B39D1FCF709FE054600286FD12F
:10CB70000146402206A82FF0ACFC2946402216A808
:10CB80002FF0A7FC744D754EA8461035AE4228BF55
:10CB90002E467348013E009643461022006806A9BF
:10CBA00022F0CEFB4FF0000B81460DF1180AD9455B
:10CBB00041D16B48009643461022006816A922F026
:10CBC000C8FB4FF00008834616AEC34546D1654BFF
:10CBD0009D42D8D101225F4B1A704FF08108002688
:10CBE000DFF894B1A4F50625A5F550635B095BF861
:10CBF000232004F01F01CA40D20746D45A4A52F8F3
:10CC00002330CB40DB0732D58123002E08BF2646D8
:10CC1000A5F6FF44B4FBF3F303EBC313E41A04F5E6
:10CC20000624B8F1010804F55064DBD1039B03B37B
:10CC3000FEB1344625E05AF8040BFFF727FF013018
:10CC400009D10022434B1A70424B1B78002BC4D1F0
:10CC50006FF091000FE00BF1010BA8E756F8040B01
:10CC6000FFF734FF0130EFD008F10108ADE7039B77
:10CC700023B96FF08B0027B0BDE8F08F002E18BFEE
:10CC80003446329B00201C60F5E7309B13B1002333
:10CC9000309A1360319B13B10023319A13604FF027
:10CCA000100ADFF8BC90CDF800A000233A462146D8
:10CCB000D9F80000FCF766FB002838D130993A68B3
:10CCC0002A4BE9B19A42C1F800A01CD02146D9F8FC
:10CCD0000000FCF7AFFC0028CBD1D7E90223DDE947
:10CCE0000410834208BF8A422AD08123A5F6FF455B
:10CCF000B5FBF3F303EBC313ED1A05F5062490E738
:10CD00009A42EAD0E2E7319B002BE6D02146D9F8DF
:10CD1000000016AAFCF77CFB48B9319B309A1B68CF
:10CD20001268934294D39B1A319A1360D5E7104B43
:10CD30009842CBD06328C9D00E4B9842CDD087E71C
:10CD4000039B002B9DD07B68012B9AD16FF0840050
:10CD500091E700BF7F2D0020006D0800816D080065
:10CD600010320020906D0800541E0020105D175EE8
:10CD7000FFDF00F0FEDF00F0681E00202DE9F04F1D
:10CD800087B08246894698461646DDF840B02AB1FB
:10CD9000002B53D040F26C739A4252D8BBF1010F72
:10CDA00052D8002406F1100739460120059424F0DA
:10CDB00020F8054600284AD021463A462FF089FB44
:10CDC00005ABCDE9014300942B460122504649466C
:10CDD000FFF7A6FE044680B110F18C0F08BF6FF07C
:10CDE0008D043A46002128462FF073FB284623F095
:10CDF000E2FF204607B0BDE8F08F164BC5E902A957
:10CE00002B60C5F804B02EB13246414605F1100042
:10CE10002FF067FB059E10483B462A4631460068C6
:10CE2000FCF7C4FB38B93046FFF730FE013008BFCD
:10CE30006FF08604D5E76FF09104D2E76FF08604B7
:10CE4000D7E76FF09104D4E76FF08504D1E76FF076
:10CE50008C04CEE7105D175E103200202DE9F04300
:10CE60008DB08146DDE914780E4615461C469BB10F
:10CE7000B8F1000F05D16FF0860630460DB0BDE861
:10CE8000F083002FF7D0B7F1005FF4D3C3F1005364
:10CE900003F580239F42EED81022002108A82FF02E
:10CEA00018FB002207AB029305AB019306AB31469A
:10CEB0000093484608ABCDE90522FFF731FE064650
:10CEC0000028DAD1059BA4B1AB4215D853EA05047A
:10CED000D1D1069B0B48C8F8004000943A46079908
:10CEE00000682B44FCF74EFA002818BF6FF091063B
:10CEF000C3E7AB42EDD2BEE75B1B9C4228BF1C469A
:10CF0000E7E700BF1032002030B58DB00C46054673
:10CF10001022002108A82FF0DCFA002207AB0293B0
:10CF200005AB019306AB21460093284608ABCDE93B
:10CF30000522FFF7F5FD044608BB099B012B21D014
:10CF4000079D134B29461868FCF774FBE8B9A5F553
:10CF50000623A3F55063812B05F01F020DD8012194
:10CF60000C485B09914050F823204A4040F82320A8
:10CF70002846FFF7ABFD013001D16FF08604204653
:10CF80000DB030BD6FF08404F9E76FF09104F6E75F
:10CF900010320020681E00202DE9F04F95B00446A5
:10CFA000DDE92075DDE922689346DDE91E028A4647
:10CFB000DDF8909029B96FF08604204615B0BDE8E1
:10CFC000F08FBBF1000FF6D00FB9002DF3D108B9E7
:10CFD000002AF0D116B9B8F1000FECD1B9F1000F69
:10CFE000E9D02C4A934252D12388B3F5105F4ED139
:10CFF000282200210DEB02002FF06BFA20220021E5
:10D0000002A82FF066FA0AA833F04BFC10B16FF0BB
:10D010009204D2E720465A46514602AB00F00CFA81
:10D0200004460028C9D1029823F0A7F80446002836
:10D03000C3D115B9C9F80050BFE7B74224D27B1954
:10D040009E4221D24545B6D839462A4630462FF071
:10D0500026FA374615F00F0AADD1CDE900762B46FA
:10D06000524602A90AA8FFF779F907460028E1D03D
:10D070004246514630462FF02CFA012FC9F800A045
:10D08000C5D16FF08B0498E74545E3D993E76FF07E
:10D09000850492E7004440042DE9F047C4B00C46F3
:10D0A00007460021154601A820229A464C9EDDF82D
:10D0B0003891DDF840812FF00CFA2022002109A8D8
:10D0C0002FF007FA2022002111A82FF002FA2822BF
:10D0D000002119A82FF0FDF90021802224A8239116
:10D0E0002FF0F7F93CB135B12EB1B9F1000F02D0F4
:10D0F000B8F1000F05D16FF08604204644B0BDE8BA
:10D10000F0872188628801F4E043B3F5804FF2D0C4
:10D110002C4B2D483B4043F01063834202D06FF00C
:10D120008504EAE7D31DBAEBD30F4FEAD307E2D366
:10D130004F9B9F423FD847F212139942EFD1B2F56D
:10D14000807FECD1214B4D98099384230230013626
:10D1500020F0030016937B000D960E90129320464C
:10D160005246294623AE01AB159600F065F90446F8
:10D170000028C2D10B9B119043F4005319A80B93C4
:10D1800033F08FFBD0B911AB09AA01A919A8FFF799
:10D190004DFB054610B14828ADD1C0E73A463146AF
:10D1A00048462FF09EF92B4673550135842DFBD14F
:10D1B000C8F80070A1E76FF089049EE76FF0920451
:10D1C0009BE700BF0000FFF600000209200000807E
:10D1D0002DE9F0410D4614461E46C4B010B96FF05B
:10D1E00086000DE00029FAD0002AF8D0002BF6D0F6
:10D1F000038803F44F42B2F5824F04D06FF08500EC
:10D2000044B0BDE8F081DAB2122AF7D123F0FF036F
:10D21000B3F5E24F27D143883360FBB9E3003360B5
:10D22000B3F5807FEAD10023184642492E192144E4
:10D2300011F8014D16F8012D1043121B0CBF4FF0D1
:10D24000FF340024B54203EA040343EA0203EFD1AA
:10D250000028C4D0002BC2DA0020D1E7DA1DB4EBDD
:10D26000D20FDDD0BBE7B3F5824F60D10B78042B32
:10D27000B5D12822002118A82FF02BF918A833F0D7
:10D2800010FB002850D100278422394623A822977A
:10D290002FF01FF901232022394668468DF8883087
:10D2A0002FF017F920224FF08808013C394601354C
:10D2B00005940DEB0200E400049564082FF009F9D1
:10D2C00022AD2022394610A80C95CDF834802FF0DD
:10D2D00000F9E02CCDE91458346003D0B4F5807F18
:10D2E0007FF47DAF144B0734009308934FF4005341
:10D2F00002934FF48043E4086A460A93640010AB3B
:10D3000008A918A81194FFF791FA33680733DB08CE
:10D310005A0033B10021531E013B297005F101056C
:10D32000FAD2002898D05AE76FF0920068E76FF0C1
:10D33000960065E7C820040820000080F8B5134671
:10D3400042880C460732072A4FEAD20101D0A14297
:10D350006DD1D0E9016705882022184600212FF001
:10D36000B8F8360A034626B1012E11D06FF08B00B3
:10D37000F8BD002C5BD041F20102954205D0B5F515
:10D38000885F02D0B5F5905F1BD15C600020EFE7AD
:10D39000C660002C4BD041F2010295420BD15C607B
:10D3A000B90707F001021FD4002AEFD19A6842F0B2
:10D3B00080729A60EAE7B5F5885FF0D0B5F5905FC6
:10D3C000EDD0B5F5105F0AD1182C03D0202C01D078
:10D3D000102C2CD1C3E90044002ED7D0E0E705F48F
:10D3E0004F42B2F5824F02D06FF08500C0E7EAB23B
:10D3F000122AF9D1202CF7D10E4A25F0FF05B5F5F8
:10D40000E24F1A600CD0B5F5824F10D14FF40052A4
:10D4100017F4705F09D017F4864F04D09A60E3E7E1
:10D420004FF48042F4E742F480629A60D4E76FF0F0
:10D4300086009DE7200000802DE9F041174600227C
:10D440001C4643688CB01B0A80460D46009204D0EF
:10D45000012B56D06FF08B008EE0008820F0FF0388
:10D46000B3F5824F15D1B8F802200732D2080092E6
:10D4700022F08FFE002800F0E1800B78042B05D10C
:10D48000013FB7EB420F05F1010503D06FF08600B5
:10D4900072E00097009E224631464046FFF74EFF5D
:10D4A000002869D1FA1CC4E9030522F00302626175
:10D4B000002E00F0A4802022002101A82FF009F8FE
:10D4C0003146404601AAFFF739FF002840F0978017
:10D4D0002368019A9A4240F092806368029A9A42C5
:10D4E00040F08D80A368039A9A4240F08880A36937
:10D4F000079A9A4240F08380E369089A9A423BD0A7
:10D500007DE0032FC2D90B78012B40F09A80497837
:10D5100000294BD0F73908299CD801A353F821F0F2
:10D5200089D5000845D5000855D400087FD50008E6
:10D5300055D40008A3D5000855D4000893D5000899
:10D540009BD500084FF41056F8253F4F1C220021B0
:10D5500002A82EF0BEFF03230197CDE90435039600
:10D5600001AA09AD134603CBAB42206061601A46A5
:10D5700004F10804F6D100200CB0BDE8F0811027BA
:10D580004FF08076FA25E1E720274FF00076F72567
:10D59000DCE7FE252C4F2D4ED8E7FF252A4F2C4ED9
:10D5A000D4E74FF41056FC25274FCFE72B2F7FF6FB
:10D5B0006DAF202220462EF08CFF05F11003236171
:10D5C000AB070DD001AB05F128061A46286869683B
:10D5D000083503C2B5421346F7D1286801AD106083
:10D5E0006B68103F2360AB6869466360EB68204658
:10D5F000A36001236761E36022F090FA28B1202242
:10D60000002120462EF065FF40E7B8F80030009E6C
:10D6100003F44F42B2F5824F0ED1DAB2122A0BD187
:10D6200023F0FF03B3F5824F06D1730062691C3308
:10D630009A42BFF43DAFE2E73346F7E76FF085006B
:10D640009AE76FF0910097E7200000800044000205
:10D65000004400032DE9F04F91B0DDF86880814669
:10D660000C4692469B461C9FB8F1000F05D16FF007
:10D670008604204611B0BDE8F08F002FF7D00028B7
:10D68000F5D02822002106A82EF023FF06A833F0AB
:10D6900008F910B16FF09204EBE714F47C1FC4F3A7
:10D6A00005452AD0102DE2D81B9B9D422ED81A4B3F
:10D6B00024F47E149C422CD1002302AECDE9023327
:10D6C000CDE9043352465B464946009606A8FEF76C
:10D6D0009DFE044698B92A46314640462EF001FF89
:10D6E000234633550134102CFBD100243D6006A89D
:10D6F00022F00FFA0028BCD0CCE71025D4E721286F
:10D7000014BF6FF092046FF08604F0E76FF08904A5
:10D71000AFE76FF08504ACE70002C00370B50E46BA
:10D720001446054610B96FF0860070BD0029FAD086
:10D73000382200212EF0CDFE094B24F47E129A42AD
:10D740000AD13388B3F5105F06D1C4F30543102B1B
:10D75000E9D800202C60E8E76FF08500E5E700BF1E
:10D760000002C003F0B50E4617461C4605468DB0B4
:10D77000002834D04AB9002B31D1002914BF00242D
:10D780006FF0860420460DB0F0BD41B3002BF9D0F8
:10D790002822002102A82EF09CFE02A833F081F876
:10D7A00010B16FF09204EDE72B68104A23F47E135A
:10D7B000934217D100943B46324602A9281DFEF73A
:10D7C00007FF044628B1212814BF6FF092046FF0C0
:10D7D000860402A822F09DF90028D3D0E1E76FF07B
:10D7E0008604CFE76FF08804CCE700BF0002C003D7
:10D7F0002DE9F0438FB0894690461D460446169F9A
:10D8000000284ED0002A4CD0002B4AD0002F48D000
:10D81000002946D02822002104A82EF05AFE04A890
:10D8200033F03FF8064628B16FF0920420460FB05F
:10D83000BDE8F0832368102D28BF102513F47C1F4A
:10D84000C3F3054202D0954228BF1546184A23F477
:10D850007E13934228D12822002104A82EF039FEFD
:10D860000023201DCDE90033CDE902334A466B4643
:10D8700004A9FEF729FE044660B1212814BF6FF009
:10D8800092046FF086043E6004A822F042F900285A
:10D89000CCD0C9E72A46694640462EF022FE2E46E5
:10D8A000F1E76FF08604C1E76FF08804BEE700BFC0
:10D8B0000002C0032DE9F0410E4617469846044683
:10D8C00000B3F9B1F2B1982200212EF002FE3146E8
:10D8D000069A04F16000FFF721FF0546A0B9234630
:10D8E000424639463046FFF7A7FD054660B97288C3
:10D8F000D208A2F110011029E26503D80A4BCB40EF
:10D90000DB0704D46FF086052846BDE8F081636923
:10D910001C329342F6D304F12003184621692EF0FD
:10D92000E0FD2061F0E700BF010101000023C360BA
:10D9300001F13803036120230A6843618B6D0B49B1
:10D9400022F47E128A42436003D001F580718A423C
:10D9500008D1102B01D0182B02D103600020704792
:10D96000202BFAD06FF08800704700BF0001C00381
:10D9700070B504460D4632F033FF0C2C064616D81F
:10D980000C2C18D8DFE804F01B1B171B1B2A171BD5
:10D990002E17311734000123194AA34013421DD119
:10D9A000062C2AD0DB0706D54FF4F06022E00D3CB0
:10D9B000E4B2132CEFD9002321242B8009E080202E
:10D9C000FDF798FA4FF6FF7398420CBF0E2400241F
:10D9D0002880304632F0FFFE204670BD00230F2421
:10D9E0002B80F6E74FF48060EAE74FF44060E7E70A
:10D9F0004FF4C060FDF760FAE4E74FF4E060F9E748
:10DA00001C450D0030B58BB06C46864D864833F012
:10DA10004FF80FCD0FC42B68844A2360FF238DF885
:10DA20000130D2F84C3113F4802340F0EF80D2F86B
:10DA300050218DF801309DF801306C46FF2B08BF56
:10DA40002C2368467A4D8DF80130FDF725FB3220F6
:10DA5000FDF760FB0FCD0FC40FCD0FC495E8030099
:10DA600084E80300714BD3F84C21120340F1B280DB
:10DA7000A3F5FE431C88B4F5807F28BF5F248DF892
:10DA80001940FDF703FB044484F3080469488DF84A
:10DA90001840F9F739FE6846FDF738FA3220FDF7ED
:10DAA0003FFB6548FDF73EFC6448FDF7AFFC644C66
:10DAB000644832F0FDFF0020FDF738FBFDF7E8FB7E
:10DAC000236F002023F0070343F003032367FDF7D0
:10DAD00009FC236F5C4923F4744323675B4BD3F841
:10DAE000FC2012F0807279D1D4F8803023F0030347
:10DAF00043F00103C4F88030C1F88020504CD4F8C2
:10DB0000203123F0070343F00203C4F82031D4F896
:10DB1000283123F0070343F00203C4F82831D4F876
:10DB2000803123F0030343F00103C4F88031D4F8BB
:10DB3000403123F0030343F00203C4F84031D4F82A
:10DB4000603123F0030343F00203C4F86031D4F8DA
:10DB5000403223F0030343F00203C4F84032D4F808
:10DB6000003223F0070343F00203C4F80032D4F874
:10DB7000083223F0070343F00203C4F80832D4F854
:10DB8000703223F0030343F00103C4F87032D4F879
:10DB9000203223F0070343F00103C4F82032FDF7DD
:10DBA00073F94FF0E0220020136943F0040313617E
:10DBB000D4F8603223F0070343F00103C4F8603265
:10DBC000D4F8943223F0070343F00103C4F89432ED
:10DBD0000BB030BDD3F85041E4B250E7D3F8FC208D
:10DBE00022F08072C3F8FC20D4F8802022F00302D7
:10DBF00042F00102C4F880200022C1F88020D3F84E
:10DC0000FC2042F08072C3F8FC2077E74FF07E637F
:10DC100093F89C2093F99C30002BFFF60CAF8DF805
:10DC2000012008E7E8200408302104080080E00F04
:10DC3000FC200408C017530200B4C404C0EA210148
:10DC400000800050382104080090005000ED00E0F2
:10DC500007B5094B18689A889B7900906846ADF81B
:10DC600004208DF80630FDF743FD0920FDF778FD0F
:10DC7000002003B05DF804FB2421040870B500F017
:10DC800091FC0446E8B900F01DFD32F061FB4FF451
:10DC9000167343430C4A03F5742303F23F23B3FB8B
:10DCA000F2F30A490A480B600A230268094D0E681C
:10DCB000013B45F8046B0E6813F0FF033244F6D1C4
:10DCC0000260204670BD00BF40420F00B01E002021
:10DCD000801E0020841E0020012208B5034B1A700C
:10DCE00032F0D7FF024B186008BD00BF802D002026
:10DCF0007C1E002010B532F02BFB044632F05FFD95
:10DD0000844207D932F0D1FF20B10122024B1860C2
:10DD1000024B1A7010BD00BF7C1E0020802D002019
:10DD2000F8B51F4C2378E3B132F0B3FF1D4B1E4D05
:10DD30001B68C01A28602B68A3B12B682B6032F0D7
:10DD400007FB4FF416725043184A00F5742000F296
:10DD50003F20B0FBF2F02B682B68834204D90023EC
:10DD60002370F8BD0123E9E71148124E03782968B2
:10DD700056F82320104F511A3A68521A29683A600F
:10DD800046F823100A210932B2FBF1F20B4D0133A0
:10DD9000DBB22A60B3FBF1F201FB12330370DEE762
:10DDA000802D00207C1E0020AC1E002040420F0071
:10DDB000812D0020841E0020801E0020B01E002027
:10DDC000014B1868704700BFB01E0020F8B5032152
:10DDD0002C2022F0C8FD04264FF480120D4C0E4B6F
:10DDE0000E4F04F500555A662C206F676E672F673B
:10DDF0002E6700F0E1F82C2000F098F84FF0007248
:10DE000004F580535F675E67AA624FF480529A629E
:10DE1000F8BD00BF0040005A00900050010000A073
:10DE2000064B074A996D11F0050F01D0117811B119
:10DE30000028F7D170470120704700BF0040005A0A
:10DE4000822D0020164B10B51C6F14F0040111D068
:10DE5000144A1167082191629B6DDA0701D4FFF71C
:10DE600049FF00F09FFA00F07FFA012032F01AFB20
:10DE700032F01DFFE30706D501220A4B1A67FFF7B0
:10DE80004FFF00F071FA14F000521CBF054B1A67E7
:10DE9000002CBEBF4FF00042024B1A6710BD00BFFE
:10DEA0000040005A0060005A0028ACBF00F16040FA
:10DEB000064B4FEA0111C9B2ABBF00F5614000F05B
:10DEC0000F0080F800131954704700BF14ED00E0F4
:10DED0000028ABBF00F16040054B00F5614000F049
:10DEE0000F00ACBF90F80003185C0009704700BF3A
:10DEF00014ED00E008B532F073FC0B4B1A7872B9E0
:10DF000001221A7032F067FC6FF0040210460132F1
:10DF1000052152B2FFF7C8FF4C2AF7D108BDBDE872
:10DF2000084032F058BC00BF832D0020002807DBDA
:10DF300001234109034A00F01F00834042F82130C9
:10DF4000704700BF00E100E0054B421153F822305A
:10DF500000F01F0023FA00F0C04300F001007047FA
:10DF600000E100E0014608B5EFF31083DB0702D5BE
:10DF70000122104608BDFFF7E7FF02460028F7D14F
:10DF800048B2FFF7A5FF0146EFF3118313B1B0EBE1
:10DF9000131FEDD2074B5B68C3F30803002BE8D0D7
:10DFA000103B58B2FFF794FF814234BF0022012298
:10DFB000DFE700BF00ED00E0002808DB0122430995
:10DFC000034900F01F008240603341F8232070476E
:10DFD00000E100E007B5684600F028F8DDE900013F
:10DFE0000022034B03B05DF804EB22F0B3BF00BF87
:10DFF000B41E002007B5009313460A4601460348A5
:10E0000022F0F6FC03B05DF804FB00BFB41E002054
:10E0100007B5009313460A460146034822F0CDFE99
:10E0200003B05DF804FB00BFB41E00200249034AA0
:10E030000160521A426070478033002000000420C3
:10E0400000487047B41E0020BFF35F8F074B5A6A29
:10E0500022F480325A62D3F8942022F00102C3F8ED
:10E060009420BFF34F8FBFF36F8F704700ED00E038
:10E0700038B5FFF7E9FF284A2848D2F8C030284DC4
:10E0800023F0FF0343F0A003C2F8C030254B04681F
:10E090009D4204F101011ED1234BC2F89840C2F801
:10E0A0009C3003F57F3303F2FE33C2F8A0300160E9
:10E0B000BFF35F8F0522184BC3F894205A6A42F4CD
:10E0C00080325A62BFF34F8FBFF36F8FBFF34F8F12
:10E0D000BFF36F8F38BD23F01F03203BB3F1005F08
:10E0E00009D3C2F89840104C43F00103C2F89C4099
:10E0F000C2F8A03001600D4B0168074A23F01F03EE
:10E1000043F00303C2F89810C2F89C30084B013169
:10E11000C2F8A030CBE700BF00ED00E0DC1E00201D
:10E12000A0300020E02E002003000020BF3000209F
:10E13000E1FF03202DE9F0410D461146DFF8E080B4
:10E14000D8F80040B4F5807F34BF00271A27FFF7C6
:10E150007BFF1F292ED90021C2061CBF20F01F0003
:10E1600020302E4EEB0618BF25F01F05CBB29C4287
:10E1700035D8D6F8C03020F01F0023F47F4343F495
:10E180008073C6F8C03040F0030432F029FBD8F8A1
:10E19000003025F01F0141F00301C6F89830C6F8A1
:10E1A0009C40C6F8A01032F016FBD8F800300133BE
:10E1B000C8F80030BFF35F8F0522184BC3F89420D6
:10E1C0005A6A42F480325A62BFF34F8FBFF36F8FA7
:10E1D000BFF34F8FBFF36F8F3846BDE8F081C6F8AD
:10E1E0009830D6F89C30D6F8A02023F01F03984230
:10E1F00022F01F0201D195420BD0904201D89D42DE
:10E2000009D2D6F89830013123F0FF03C6F89830D0
:10E21000ACE70027CEE72827CCE700BF00ED00E001
:10E22000DC1E0020BFF34F8F0549064BCA6802F47D
:10E23000E0621343CB60BFF34F8F00BFFDE700BF29
:10E2400000ED00E00400FA0538B54160044632F004
:10E25000BEFA05462146044820F0E5FC2846BDE804
:10E26000384032F0AFBA00BFE01E0020014820F075
:10E27000D7BC00BFE01E002070B532F0A8FA184EDF
:10E280000546184832F014FC3378DBB900F08AF9FF
:10E29000044620B1284632F095FA204670BD00F0C1
:10E2A000F7F9FFF7E3FF32F015FD0F4B1C6032F07A
:10E2B0004FF80E4B0E4A1860536F43F0010353673B
:10E2C00022F068FE00F0A2F822F07AFE094B00244A
:10E2D000186001232846337032F074FADDE700BF7E
:10E2E000902D00203C210408E41E00200C1F00207B
:10E2F00000400050E81E002038B5044632F067FAAE
:10E300000F4D02462B78FF2B04D1B4B1BDE8384045
:10E3100032F058BA1BB9002CF8D0012103E0002CD0
:10E320000CBFFF2101210B44DBB22B70B3FA83F346
:10E3300004495B0910460B70E8E71946F3E700BF94
:10E340008D2D00208C2D0020054B1B685843054B5C
:10E3500000F5742000F23F20B0FBF3F0704700BFDF
:10E360000C1F002040420F0010B5094B1B786BB109
:10E37000084C237853B131F0DBFD0023064A2370AB
:10E3800013700123054A1370054A137010BD00BFB6
:10E390008F2D00208A2D0020892D0020852D002022
:10E3A000842D0020034B1B7813B10122024B1A70FD
:10E3B000704700BF8F2D00208A2D002073B5114EAD
:10E3C0000446337883420FD04FF400730E4DADF8FE
:10E3D000043058B101A8FDF797F84020FFF7B4FFCB
:10E3E0002B68181A2860347002B070BD8DF80500D3
:10E3F00001A8FDF789F84020FFF7A6FF2B68184415
:10E40000F0E700BF5A330020101F002073B500242E
:10E4100001A88DF80440FDF70BF92046224CFFF7C8
:10E42000CDFFD4F80031214A03F0030313604FF409
:10E4300080121F4B1F4D5A664FF400325A6631F05E
:10E44000DFFC1D4B1B780BB3D4F8003103F0030342
:10E45000022B23D0032B24D0012B17D130F04AFFFD
:10E46000024698B1154B164EDC6800231946C4F3DA
:10E470000B04013404EB84040138E4FB06011BF0B7
:10E4800025F9FFF761FF2B6803442B601F20FFF77E
:10E490005BFF2B6803442B6002B070BD30F07CFF43
:10E4A000DEE730F02DFFDBE700800050181F002072
:10E4B00000900050101F0020932D002000C001503C
:10E4C00040420F000122114B10B55A67104B114CFE
:10E4D0001B78A3B1022032F0ECFB80B131F0CCFF0D
:10E4E00068B1A36DD90302D5E36D9A0703D4094B34
:10E4F0009B6DDB0704D54FF48032044B9A6210BD4C
:10E500000122054B1A70FFF7E7FBF4E70050005AB1
:10E51000942D00200040005A912D00200122014B33
:10E520001A707047942D002007B5FFF753FD01A81E
:10E53000FDF7CEFB9DF80530012B14D19DF804307A
:10E540008BB94FF48012144B1449586E03F5805365
:10E550005A664B6B23F0E05343F040634B63C302B6
:10E560005CBF0F4B5A6622F02FFDFFF7C3FCFFF78D
:10E570006FFB22F0F0F9FFF77FFE00F013F8FFF7D2
:10E5800077FD22F022FD22F02FFD20F0F8F803B0F5
:10E590005DF804EB22F01ABD008000500040005AE4
:10E5A00000A0005070B532F01BF9144E05463478C7
:10E5B000FCB9134B1C60134B1C60134B1C6000F028
:10E5C00031F8012032F08BFB32F038F80F4B024665
:10E5D000186020B9284632F0FEF8232070BD23468B
:10E5E00040F2E7310A481BF071F80A4B186001232A
:10E5F0003370284632F0EFF80020EFE7972D002027
:10E600002C1F0020281F0020341F0020301F002056
:10E6100018FCFFFF241F0020014B1868704700BF43
:10E62000241F002010B5002486B01422214601A822
:10E630008DF800402DF04DFF012313488DF8043074
:10E6400032F036FABFF34F8F6846FDF737FD2046AC
:10E6500001A98DF80440FDF743FD20460F2130F05D
:10E6600079FF0F21204630F07BFFFDF70DFD30F0E4
:10E6700055FF064B43209C61FFF79EFC4320FFF7AC
:10E6800055FC06B010BD00BF3021040800800A50C0
:10E6900008B50A4832F00CFA40F601520021012078
:10E6A000FDF7F8FA4FF496720021012021F0CFF91E
:10E6B0004FF48072024B9A6408BD00BF34210408F5
:10E6C00000900A5008B5094832F0F2F940F60162AC
:10E6D00000210220FDF7DEFA4FF4927200210220A1
:10E6E00021F0B5F90022024B9A6408BD34210408D8
:10E6F00000900A5010B5044630F0E2FD0C4BA0F536
:10E700007A729A4212D84FF47A73B0FBF3F05C43FA
:10E71000084BB3FBF0F3B4FBF3F0022806D9BDE8D5
:10E7200010400323B0FBF3F0F7F70ABE10BD00BFA3
:10E73000FFC99A3B40420F0038B5044608F020FC60
:10E7400000284BD10323A38340F2FD5323830423EA
:10E75000A376A368A07743F48013A36022F05BFC48
:10E76000A368A0801B030CD4B0F5FA7F09D932F05E
:10E770002EF801210546084631F0B6F9284632F058
:10E7800021F8204608F028FC48BBE06840B309F0B7
:10E7900055FE23F0ECFB24F07EF805F055FA06F068
:10E7A00063F825F01DFB26F0E6FC24F00AFB0120AF
:10E7B00028F041FD27F069FE012028F040FD70B9E6
:10E7C00004210246084628F01CFC0321042003F023
:10E7D00081FB0A2000F0DAFE22F02AFC002038BD7E
:10E7E0000048D4E75D33002008B50449044813F01D
:10E7F0008BFABDE8084013F0B9BA00BF60210408E5
:10E80000682204084FF08052014B5A60704700BFE5
:10E8100000ED00E070B5012886B00D468DF80700C8
:10E8200003D92124204606B070BD284B284E196814
:10E830003068FAF799FC04460028F3D1254B0622EC
:10E8400018689B88029002A92846ADF80C30049401
:10E85000ADF814402DF013FE28B10622284604A975
:10E860002DF00DFE70B91C493068FAF7E3FE08B1CF
:10E870002D2828D119493068FAF7DCFE2D2818BF59
:10E880000446CFE79DF80730012B0DD16B799B092A
:10E89000032BC6D10123104930680DF10702FAF7A6
:10E8A00085FE04464CB1BDE7002BF3D10A49306820
:10E8B000FAF7C0FE2D280446F4D106232A4607495C
:10E8C0003068FAF773FE0446ACE700BFF031002071
:10E8D00010320020B52004083C0004002C00040085
:10E8E000F8B50E460546D0B1C9B10E4B0E4F1968AA
:10E8F0003868FAF739FC044678B9062332460B49E2
:10E900003868FAF7FFFC044638B901232A4608495B
:10E910003868FAF7F7FC00B12C702046F8BD2124C6
:10E92000FBE700BFF0310020103200202C00040073
:10E930003C00040010B50A46044619B1024B002100
:10E940001B68984710BD00BF243200200E4B0340C7
:10E95000B3F1607F06D1B1F5885F14BF6FF0860018
:10E9600000207047B3F1707F0BD101F4E043B3F5A1
:10E97000005F06D111F4E06F0CBF6FF0860000203D
:10E9800070476FF0860070470000C07F8A42F8B57C
:10E9900007460C4600F019818F4922F4FF7323F0DB
:10E9A00001038B420ED08D4B22F0FF01994209D01A
:10E9B0008B4822F47F7323F00303834202D0894BF8
:10E9C000994228D1884B24F0FF0199420FD114F0CD
:10E9D000FF000BD0854B40F00070984240F0F7806C
:10E9E00082EA0400FF288CBF00200120F8BD7B4B89
:10E9F0009942ECD0A3F588539942E8D024F4FF73F0
:10EA000023F00103B3F1062FE1D076488142DED036
:10EA100073498B42DBD004F0FE43B3F1A06F14D1F5
:10EA200002F0FE43B3F1A06F40F0D18082EA04030C
:10EA300033F47E1340F0CB8014F40040D6D0C4F3FE
:10EA40000540C2F305429042CDE7B3F1407F40F06C
:10EA5000A88002F0FE43B3F1407F40F0B88082EA24
:10EA6000040535F47E1540F0B28039462046FFF7A4
:10EA70006DFF002840F0AB805D4B12F47C1603EA7A
:10EA8000020319D0B3F1607FC2F3054679D1594929
:10EA9000D3B243F000738B4277D003F17E43043B43
:10EAA0000F2B5CD8DFE803F05A5A5B716567696B1E
:10EAB00065675B5B6567696BB3F1607F34D14D4916
:10EAC000D3B243F000738B4244D003F17E43043B46
:10EAD0000F2BDCD801A151F823F000BF59EB00083F
:10EAE00059EB00088FEA000855EB0008D3EB00084B
:10EAF0001DEB000821EB000825EB0008D3EB000814
:10EB00001DEB00088FEA00088FEA0008D3EB00082D
:10EB10001DEB000821EB000825EB00082026B6E7D6
:10EB20003026B4E74026B2E7B3F1707F17D107F47F
:10EB3000E043B3F5005F03D10126C7F302239E40F3
:10EB400007F4E043B3F5005F09D10125C7F30221C3
:10EB50008D4004E010269AE7142698E7142514F453
:10EB60007C1FC4F3054312D1B54214BF002001201D
:10EB70003CE71C25F3E72025F1E73025EFE74025AA
:10EB8000EDE7B3F1707FEAD1DAE71025E7E712F499
:10EB90007C1F01D1AB4218D022047FF527AFB342CE
:10EBA00021E7B3F1106F12D124F01F6020F4702020
:10EBB00068B902F0FE43B3F1106F7FF417AF0E484F
:10EBC000104040F01060A042CFE701200EE7002087
:10EBD0000CE71C265BE700BF0002000600130006DE
:10EBE000000400060009000600030006FF00000202
:10EBF0000000C07F030000020000FFF637B50D4D96
:10EC00000C466B78022B12D12B78072B0FD10023E7
:10EC10000A460193014601AB281D21F092FA20B962
:10EC2000019BA34218BF6FF0930003B030BD6FF09B
:10EC30008800FAE7381F00202DE9F8438846174678
:10EC40001C4600F0E3FB054688BBD8F80060B6F828
:10EC5000009009F4E043B3F5804FB36808BF27F094
:10EC6000010737EA03031AD10CB3254B24F0FF0246
:10EC70009A421FD114F0FF0304D0224A43F00073DC
:10EC8000934232D022464846F168FFF77FFE07469E
:10EC900068B9224648463169FFF778FE70BB6FF0CD
:10ECA000840500233046C8F8003022F0F1FF2846E2
:10ECB000BDE8F883144B9A42DCD0A3F588539A42FE
:10ECC000D8D024F4FF7323F00103B3F1062FD1D081
:10ECD0000E498A42CED00E4A9342CBD004F0FE4376
:10ECE000B3F1407F04D12304CCD56FF08605D8E77B
:10ECF000B3F1A06FF7D0034B9C42C2E73D46D6E785
:10ED000000030006FF0000020013000600090006D1
:10ED10000004000600F0FE43B3F1407F70B50446E6
:10ED20000E4619D1FFF712FE00285ED114F47C1FA5
:10ED300015D0C4F30543032B137054D9554D25400A
:10ED4000B5F1607F40F09380534AE4B244F0007420
:10ED5000944256D1102B48D96FF0860045E04D4BB8
:10ED60002340B3F1607F39D14B4BE4B244F00074DF
:10ED70009C4202D11023137037E004F17E44043C1E
:10ED80000F2C2ED801A353F824F000BFCDED0008BE
:10ED9000CDED0008E3ED000875ED000891EE0008E8
:10EDA000D1ED0008D5ED0008D9ED000891EE00087E
:10EDB000D1ED0008E3ED0008E3ED000891EE000856
:10EDC000D1ED0008D5ED0008D9ED00081423D2E7F5
:10EDD000202307E0302305E0402303E0B3F1707FF8
:10EDE00004D0002313706FF0850070BD01F4E04380
:10EDF000B3F5005FF5D10123C1F302218B40DBB2F3
:10EE000099E704F17E44043C0F2CA5D801A252F8E6
:10EE100024F000BF63EE000863EE000859ED00081F
:10EE200055ED00088DEE000855EE000867EE00086D
:10EE30006BEE00088DEE000855EE000859ED000855
:10EE400059ED00088DEE000855EE000867EE000849
:10EE50006BEE000820218B423FF67EAF142BC4D905
:10EE6000C1E7142B77E73021F5E74021F3E7B5F14F
:10EE7000707F7FF471AF06F4E042B2F5005F7FF47B
:10EE80006BAF0121C6F302229140E4E71C21E2E7C7
:10EE90001C23A7E70000C07F030000022DE9F04F0C
:10EEA0009B46002389B08DF81B30159B9246DDE907
:10EEB0001278002B89460B460CBF4FF400624FF4CA
:10EEC000806207A9149EFFF7B7FE044628BB079D82
:10EED000484629880DF11B02FFF71CFF0446E0B9E4
:10EEE0009DF81B00404542D8D5E908126B681B0A03
:10EEF000012B31D0214CA34212D0002B3AD1CDE9C5
:10EF000003064B462846CDE901B7CDF800A021F015
:10EF100047FC10F1860F04460DD1C6F800800CE0C6
:10EF2000CDE903064B462846CDE901B7CDF800A050
:10EF300021F036FC0446002CEFD1424621463846EB
:10EF4000336822F0D2F8079822F0A2FE002C18BFF6
:10EF5000204609B0BDE8F08FCDE903064B462846B0
:10EF6000CDE901B7CDF800A021F0BFFBE2E76FF0DB
:10EF70008904D2E76FF08604CFE700BF020080006B
:10EF80002DE9FF4105469846002303932B68084668
:10EF90001746002B55D1B8F1000F134603A914BF33
:10EFA0004FF480624FF40062FFF746FE04460028EB
:10EFB00049D1039E384631882A1DFFF7ABFE04462F
:10EFC000002840D16B7968F300036B717168D6E952
:10EFD0000823090AB8F1000F1FD0012913D02048D7
:10EFE000814201D0002938D13146009705F108004F
:10EFF00021F00FFC044630BB042303982B6022F061
:10F0000047FE044625E03146009705F10800FEF76B
:10F0100051FC0446B8B90523EFE701290AD010488E
:10F02000814200D0C9B93146009705F1080021F0AE
:10F0300038FCDFE73146009705F1080021F07AFB44
:10F04000E7E76FF08804284622F006FB039822F0D9
:10F050001FFE204604B0BDE8F0816FF08604F2E7A1
:10F06000020080002DE9F04F9B460023924601F0FC
:10F07000FE428FB0B2F1806F0E46DDE918891A9F0B
:10F08000099305D0184622F003FE6FF086052EE0A6
:10F090000B464FF4807209A9FFF7CEFD054609988B
:10F0A00015B122F0F5FD22E0038803F4E042B2F549
:10F0B000005F1ED113F4E06FC3F3022119D0474C57
:10F0C00026F48072A2420AD004F50074A64206D04B
:10F0D000434CA64203D0A4F53F44A24209D10124E7
:10F0E0008C40102C10D922F0D3FD6FF08305002442
:10F0F00062E042F20402934202D13A4B9E420AD0AD
:10F10000394B9E4211D10D24A14506D222F0C0FDFB
:10F110006FF08905EBE70C24F6E721460AA8FFF714
:10F120006DFD054610B10998BBE700240998D0E9A8
:10F130000812B8F1000F21D008EB040C4568A9EBC8
:10F1400004032D0A012D3CD0DFF8A0E0754517D04F
:10F15000002D98D1CDE905370AAB0093CDE903BC6A
:10F160003346CDE9014A21F019FB10F1860F06461E
:10F1700012D1099822F08CFD3546B8E7C446DDE788
:10F18000CDE905370AAB0093CDE903BC3346CDE9A1
:10F19000014A21F003FB0646099822F079FD054655
:10F1A000002EE9D10028A2D124B1224640460AA966
:10F1B0002DF097F93B681C4428463C600FB0BDE831
:10F1C000F08FCDE905370AAB0093CDE903BC334698
:10F1D000CDE9014A21F087FADDE700BF0010C00445
:10F1E00000FF4004000180040013C00402008000FE
:10F1F000002307B51A460091024922F040FB03B0F4
:10F200005DF804FBCC22040810B5114C2378580794
:10F2100044BF23F0040323702378990705D500F039
:10F220009BF8237823F00203237063781BB100233B
:10F23000084A636053600023082106486370FFF7A3
:10F2400079FB2378DA0744BF23F00103237010BD54
:10F25000381F00203C1F002038B51E4C62782378F0
:10F26000022A01D1072B11D0DD0712D52378980788
:10F2700007D400F069F82378054643F002032370B1
:10F2800078B962782378CAB15A071FD50025284675
:10F2900038BD20F04BFF054630B1237843F0010321
:10F2A0002370FFF7B1FFF2E720F049FF237805460E
:10F2B00043F0010323700028F3D1D7E7D907E3D542
:10F2C000054962604A6002226270DDE743F0040390
:10F2D0002370DBE7381F00203C1F002000F1404373
:10F2E000032B70B505460E460CD82822154C02FBA0
:10F2F0000344237E022B02D16369834218D06FF04E
:10F300008B001AE0012122F09DFCB8B10D4B0022C8
:10F310001C46197E022902D15969A94205D0013241
:10F32000042A03F12803F4D1E9E7282303FB02446C
:10F33000204622F07AFC00B9346070BD6FF087007F
:10F34000FBE700BF441F00200122024B002083F88E
:10F35000A0207047441F00202DE9F0410A4C0025F1
:10F3600026464FF0010803272046C4F81C80277664
:10F37000013521F0EAFF042D04F12804F4D1002323
:10F3800086F8A030BDE8F081441F0020F8B51E4D7E
:10F39000064695F8A0300F4683B300242B4622463C
:10F3A000197ED1B13CB9022905D1D96919B91979A8
:10F3B000002918BF1C460132042A03F12803EFD1AB
:10F3C00014B96FF08C0006E0204622F02EFC204697
:10F3D00021F0BBFF10B100240EE01C46237E83B950
:10F3E000012323763EB1651BED1003F1CC335D4361
:10F3F00005F18045356000203C60F8BD6FF0880065
:10F40000E9E76FF09600E6E7441F0020F7B5002615
:10F410002C4B0E6093F8A03007460D46002B4ED0C3
:10F42000FFF75CFF10F18C0F044645D129463046AA
:10F43000FFF7ACFF044600283ED101232E68CDE93A
:10F440000000694630467761736001AA22F0A3FC90
:10F45000044670B1DDE9000122F09BFC286821F030
:10F4600074FF14F18C0F08BF6FF0870400232B602A
:10F4700022E0DDE90012304621F0EAFE0446DDE933
:10F48000000122F086FC002CE8D128688368D904AA
:10F4900044BF43F48063836083689A0444BF43F4A9
:10F4A00000638360037E012B04BF0223037622F0F6
:10F4B000BCFB04460028D9D1204603B0F0BD6FF054
:10F4C0008804F9E7441F002030B40D4D2C681C60FF
:10F4D0006C685C6000249C605468DC6014881C824A
:10F4E00054885C8294685C61D4689C61126930BC09
:10F4F000DA6119620A46014603F124002CF0F1BFDB
:10F50000D02204082DE9F843232904460F469146EA
:10F510009846089E04D86FF098052846BDE8F88301
:10F52000082219492CF0ABFF05460028F3D1A36847
:10F53000002BF0D1216A243F8F42C8F80010EAD393
:10F54000B1F5005FE7D271B9C9F80000E3687360F4
:10F55000238A3380638A73806369B360A369F3602D
:10F56000E3693361D9E7012021F043FCC9F80000C9
:10F5700030B1D8F8002004F124012CF0B2FFE5E707
:10F580006FF08C05C9E700BFD0220408014B18704A
:10F59000704700BF6E330020F7B505466B46164630
:10F5A000174A0C461068516803C395F85830083361
:10F5B0006B4413F8087CB5F85030DA0609D43346AA
:10F5C00022463946284623F082F800F5FA7003B047
:10F5D000F0BD20462DF0A0F9B5F8503000F10A0436
:10F5E0009B074FEAC40405D030462DF095F904F589
:10F5F0000C740444E823781E584304FB0700E4E736
:10F60000D82204089022174B10B51C68002102FB79
:10F61000004420462CF05DFF134B04F108001B68EA
:10F620000021DB78637524F0D6FC4FF00823E364F7
:10F630001323A4F85030236A0C4A43F013032362C7
:10F640004FF60773A4F85830FF2384F85A30084B5C
:10F650002046C4E91B32C4E91F32BDE8104022F045
:10F6600088BC00BFE81F0020E0220020555555004F
:10F67000D6BE898E014B9868704700BFE81F0020F6
:10F68000F0B5104B02461E6893F804C035464FF0A3
:10F69000FF3400239C4508DC91B1631C10D09023FB
:10F6A00003FB046080F85920F0BD95F85970284696
:10F6B0009742F9D0FF2F08BF1C4690350133E9E788
:10F6C0000020F1E7E81F002070B50446234D002814
:10F6D00042D0083002F0D0FC0026FF2304F12800BD
:10F6E00084F85930A6612DF08AF804F12C002DF031
:10F6F00086F804F130002DF082F804F134002DF08A
:10F700007EF804F140002DF07AF82868144B201A96
:10F7100000115843C0B222F0AFFB0146304622F040
:10F72000A2FBE06B10B101F061FFE663606C18B101
:10F7300023F096FB00236364A06C22F0F5FB00230A
:10F74000A36470BD286806FB0400FFF7BDFF013409
:10F750002B79A342F6DCF4E79026F9E7E81F0020B6
:10F76000398EE338F7B5044627F0A2FDC0F30F2326
:10F77000542B3ED9AA2B34BF01230223C0B27E28CA
:10F780008CBF0222012203218DF804301344B3FB05
:10F79000F1F000EB40001B1A8DF805301344B3FB69
:10F7A000F1F202EB42029B1A8DF806300023184654
:10F7B0001D461A46104901AF4B7517F8016B44FA04
:10F7C00006FC1CF0010F06D053009E40012330437D
:10F7D0000132C0B2D2B20135EDB2032DEDD103B189
:10F7E00048754B7D43EA82134B75FF230B7503B0BD
:10F7F000F0BD0023C2E700BFE81F0020064B1B68D6
:10F80000D97ADA78437D5B1A9342A8BFDAB2002135
:10F81000427522F0EDBB00BFE0220020027D0346CE
:10F8200022F00802027511B1012910D07047094A6F
:10F83000407D1168CA7A897802448A42D8BFD1B221
:10F840009A6959752AB10121184622F0D1BBFFF7F8
:10F85000D5BF7047E02200202DE9F0410025354E4C
:10F860008AB03379AB4203DC01200AB0BDE8F081F5
:10F870009023346803FB054494F85930FF2B0DD0D6
:10F88000236A980106D504F1400840462DF034F86B
:10F89000074628B9226A12F0A06F1ED10135E0E7B1
:10F8A000BB7908A90C333B44D8689A7A1B8AC2F307
:10F8B0008012ADF8243000238DF81F2008901A46DE
:10F8C0000DF11F0022F037FB38469DF81F2094F8F9
:10F8D000591008AB24F0D5FCD7E7B4F850301D2BF5
:10F8E00018D13C23FF210020CDE90431CDE90200ED
:10F8F0000121CDE9000004F16203C2F3802225F06A
:10F9000044FA0028B1D04FF0A06104F1200022F0A9
:10F91000CDFAC3E712F0807F08BF3C214FF0000210
:10F9200018BF432194F8573094F8590024F0EDFEA5
:10F93000E7E700BFE81F00202DE9F0411F4683697B
:10F9400004460D4616468BB169B930F049FF0646AC
:10F950002946A06C22F0D6FA2046294622F030FB38
:10F96000304630F038FF0020BDE8F0810029FAD0A1
:10F97000036A03F01203022B00F0BD80236ADD0747
:10F9800000F1C18094F85930FE2B0CD104F15B00DA
:10F9900027F01BFC27F012FC28B14FF4001104F1F2
:10F9A000200022F07BFA256A624B2B40B3F5807F62
:10F9B00000F0BC80A80531D5C5F3802504F16208AC
:10F9C00000224146284622F0BEFA002184F85A005F
:10F9D00022F0CCFA41460022284622F0B9FAB4F8C7
:10F9E000501020B194F95A00002880F298804FF40A
:10F9F000007104F1200022F059FAB4F8502002F00E
:10FA00000302012A0AD14146284622F0A1FA28B170
:10FA10004FF4006104F1200022F040FA236AD90675
:10FA200000F18280D4E90A122046FFF7B5FD012FCC
:10FA300011D040F27123B4F84C205A4390420AD9B5
:10FA4000B4F84E205A43904272D800F51C70B0FBB7
:10FA5000F3F0A4F84C00384BA361002384F857302E
:10FA6000236A84F8567013F0100F0CBF4FF48C7794
:10FA70008C27E16823F480322262216107F2631748
:10FA800056B140F27121B4F84E3042F48032C3EBEB
:10FA900006134B4322626362236A43F4002323620A
:10FAA000264B1B68DB78637530F09AFE237D054694
:10FAB00043F0080304F108003946237524F08BFA5B
:10FAC000012007F02DF828B9237D5A075CBF43F0C9
:10FAD0000203237526B127F02DFC636A0344636299
:10FAE000204627F05FFA284630F075FE0121A06C11
:10FAF00022F008FA37E7C06A2CF00EFF00287FF4E6
:10FB00003DAF0C2030E7E36B002B7FF43BAF01F0FF
:10FB10001BFDE06300287FF435AF092024E701F0E6
:10FB2000010122F023FA68E7054B95E712201BE755
:10FB3000452019E7000120000B280308E0220020DF
:10FB40003DFC000870B500249026094D2B79A34296
:10FB500000DC70BD286806FB040090F85930FF2BCC
:10FB600004D000231A461946FFF7E6FE0134EDE7FC
:10FB7000E81F00202DE9F04304468F798BB00C3745
:10FB80000DF10409CD1901220E460DF1030049467D
:10FB900022F0E6F9E36B804603930023E363236AD4
:10FBA000E879C3F300138DF825302989F75927F038
:10FBB00064FC214B07441B6805975B7905F118022B
:10FBC0006375012306928DF8103005F10C03B8F12E
:10FBD000000F26D09DF80330CDF81C908DF8203012
:10FBE0009DF8252094F859308DF821300123EAB989
:10FBF0008DF8223094F884308DF823306B7903A887
:10FC00008DF8243001F0B0FD27F021FA01212046C3
:10FC100022F0D6F930461AF083FA01200BB0BDE885
:10FC2000F0830793AB7AC3F38013D7E7AA7AC2F3C2
:10FC300040128DF82220DFE7E0220020022810B5D4
:10FC40000C4621D0032827D001282AD1084622F0CB
:10FC5000ECFB40F27121B4F84C30B4F84E2094F82B
:10FC60005800D21AE36803F59C53083301FB0233B2
:10FC70002361FFF777FD0B4B20469968A36ABDE827
:10FC800010400B6007F0C8BA07F098F8844208D11A
:10FC9000BDE8104027F0DBB90846BDE81040FFF78B
:10FCA000ADBD10BDE81F002038B50A4D0020FFF79C
:10FCB0000BFDAB6813B100221A60DA8024F075FBEB
:10FCC00000242B79A34200DC38BD2046FFF79AFCC4
:10FCD0000134F6E7E81F002070B52A4C0546A068FD
:10FCE00018B11AF01DFA0023A360FFF7DDFF002012
:10FCF00022F0CAF855B9032025712560E5821AF073
:10FD00007FF9207922F0C0F828B970BD02202CF0CC
:10FD100042FFA06048B90025A0682571256060BB3E
:10FD2000002022F0B1F80720EFE70026032025711C
:10FD30002660E6821AF064F9B542E2DD05EBC50102
:10FD4000090133460122032089B21AF015F906464B
:10FD50000028E0D103201AF075F920600028DAD0DD
:10FD6000902231466A432CF0B4FB2379B342C8DDBC
:10FD70003046FFF747FC0136F7E71AF0D1F9A560E6
:10FD8000CEE700BFE81F0020034B1B68C01A034BDF
:10FD900000115843C0B27047E81F0020398EE33885
:10FDA00030B5094B1C791A680023D9B28C4201D8AE
:10FDB000C82008E011464D6C0133854202F19002E3
:10FDC000F3D1B1F9540030BDE81F002006222DE91F
:10FDD000F341354B06469C688846A5790C35635D32
:10FDE000671903F04F036355B0F850307A70103B39
:10FDF0000D2B31D8DFE803F055305107300C30308F
:10FE000030303030300C635D6FF30303635523E013
:10FE10000123625D006A63F3030262550C2210F451
:10FE2000006F7A7006F1620107F108020CD00192AE
:10FE30004FF0FF32C0F3802000921A4622F086F87D
:10FE4000635D43F08003E1E7D6F86230BB608B88E6
:10FE50009380336A5B05F3D4B6F85020635D304677
:10FE600062F345136355B91C22F079FE635D60F3BC
:10FE700086136355A3797A7802331344E371B6F895
:10FE8000503003F01403142B04D0B8F1000FC4BF9A
:10FE900042447A7002B0BDE8F081635D62F303030F
:10FEA000B4E70222635DF9E7E81F00202DE9F04383
:10FEB0008B7906460C33CC18237985B0DA0737D511
:10FEC000E77A252F34D8484B9A6893790C33D118A8
:10FED000D35CA27AC3F38013B3EBD21F28D1056A97
:10FEE0000622EB064CBF0231043104F112002CF063
:10FEF000C6FAE8B994F80A9022F02CF805F4C04547
:10FF000080F001032A1EC9F3801904F10C08414650
:10FF100018BF01224846DBB227F0B9FA014650B1BA
:10FF2000A37A03F00F03032B1BD1336A980712D473
:10FF30004FF0FF3012E022F015F80028F8D1A37A34
:10FF400003F00F03002DEED0032B85F4C0451CD128
:10FF5000A904EDD5E9E70C2FEAD1032005B0BDE8EF
:10FF6000F083052BE4D1306AC207E1D500F0140319
:10FF7000142B0FD0012202A90DF1070021F0F0FF90
:10FF800008BBA17AC1F3801121E0052BD0D16B040D
:10FF9000E9D4CDE706F162052946C0F3802021F0BF
:10FFA000CEFF0028E6D1A27A336AC2F38012C3F3EF
:10FFB00080239A42BCD10622294640462CF05FFAA3
:10FFC0000028B5D1D6E79DF807100DF10808404686
:10FFD00001F02EFB0028ABD104F1180022F07DFACD
:10FFE0000028A5D00520B9E7E81F002070B5054618
:10FFF0000C4CB0F85260237DE16806F5FA7606FBFA
:020000040801F1
:100000001311A06800F034FB217D6B68002006FB13
:1000100001316A7D27F0ABF9A068BDE8704009F0B6
:1000200011BA00BFE81F002038B50446104B0D463A
:100030001B68627DD87AA9B19B781044984200DC95
:10004000C3B22046A16A637522F097FA20B100215D
:1000500094F8850022F0CFFF29462046BDE83840BD
:1000600021F0C6BFDB78121A9A42A8BFD3B2E8E7E4
:10007000E022002070B5002490260C4D2B79A3427D
:1000800000DC70BD2B6806FB043393F85920FF2A6F
:1000900003D0986C18B121F048FF0134EEE7586C9A
:1000A0000028FAD022F092FEF7E700BFE81F0020F8
:1000B0002DE9F74F1646884699460546FFF7DAFAC6
:1000C00004462846FFF760FE21F0D6FE0190304638
:1000D00098F800702CF020FCDFF850B10021BBF93B
:1000E0001030C61A384600F0A5FA7B0748BF073023
:1000F00026EAE6763318FF2BC4BF47F01007C0F19D
:10010000FC0617F0100A0CD027F0D2F82523B0FB1C
:10011000F3F101FB13010020C9B200F05FFE85F886
:100120008500B9F1000F01D095F8509000234A46A0
:100130003946204622F0C6FB2946204622F038FDEB
:100140002946204622F0E8FB2046019922F00DFCCA
:100150002946204622F064FCBAF1000F49D020461F
:1001600095F8851095F8842000F03AFA2946204643
:1001700022F066FC60BBD5F88830002B52D0B3F972
:100180000010204622F05FFC2046019922F02FFC4F
:100190002946204622F054FC20B1A86C10B121461B
:1001A00021F0B3FE3146204622F061FCBAF1000F87
:1001B00008D0FF2195F8840022F095FC01462046E6
:1001C00000F056FA304688F8007003B0BDE8F08FB2
:1001D000DBF80C306968E2791944A379A86CD21A6B
:1001E0000C3353FA82F2224490B9686C00F02EFB73
:1001F00010E0204695F8751095F8742000F0F0F99D
:100200002946204622F01CFC0028E1D1AB6FB4E760
:1002100021F079FEC1B220462CF0C1FABAF1000FEC
:10022000A9D1F3E747F6FF71ABE700BFE81F002055
:100230002DE9F34704468DF807101646002190F883
:100240008520984690F88430B0F9540022F0D4FE0E
:1002500004F17C050146284609F054FB284627F0A6
:1002600070F800221146104621F012FE9DF807504A
:100270006B0709D52046FFF787FD21F0FDFD002122
:100280000246042021F004FEFFF7F4F925F01005E2
:100290008146324620469DF828300DF107018DF841
:1002A0000750FFF705FFDFF858A00746AAF812002D
:1002B000B8F1000F17D19DF8075015F0100015D1B7
:1002C0000C4B6168A361DAF80C30627D194427F0A9
:1002D0004EF83B4631464846BAF9102009F0D0F8AE
:1002E00002B0BDE8F0870220034BEAE74046034B2B
:1002F000E7E700BFF9270308192803084D040108A0
:10030000E81F002073B5044690F86150406C05F07A
:10031000EF0548BBA06C002830D1204645F0080608
:10032000FFF732FD21F0A8FD48B1C3799B0606D541
:10033000636C23B9838845F00C0601338380002267
:100340000121114B20461A82236AA26A13F0020F80
:1003500018BF002213F0030318BF0B46009131466B
:10036000FFF766FF02B070BD22F09CFD0028D1D0DF
:10037000236A9A07D1D145F02005CEE721F0BEFDD2
:100380000028F5D1C9E700BFE81F002010B5037DA4
:10039000044623F0080303750C4B836106F0EEFE60
:1003A00020B12046BDE81040FFF720BE2046A16ADC
:1003B00022F0E3F820B12046BDE81040FFF7A2BFCD
:1003C0002046BDE810400121FFF72EBE0B28030890
:1003D00037B5044622F029F828B12046A16A22F058
:1003E000EEF884F86100174D94F85800FFF7BAF959
:1003F000B4F852306A7D03F5FA73920953432046EC
:1004000003F59673EB6006F0B9FE0F4B94F861109C
:10041000A361237D204643F00103237522F0E5F814
:1004200001238DF80700002220460DF10701FFF798
:100430003FFE00222046AB681A6003B0BDE83040A2
:10044000FFF7D4BDE81F00200B280308512837B55B
:100450000C4620D1124DFF212B8A6A8A94F8840021
:1004600013442B8222F03FFBEB6894F861100344A5
:10047000EB60B4F85030D4E90A0213F0020F4FF0E9
:10048000000308BF02460093204601F04801FFF731
:10049000CFFE03B030BD03B0BDE8304022F082B9DA
:1004A000E81F0020F0B5002787B04FF0FF31044669
:1004B00005A8059708F062FE059949B12046FFF7A7
:1004C000F5FC032806D0052853D005A82CF097F991
:1004D000012048E0FFF7CEF809230546617D384644
:1004E0008DF8133008F0B0F90123E26A0DF1130121
:1004F0002046FFF7DDFDAA7903461544AA7BE16A91
:1005000067F38712AA73324D3A466882A8682F8231
:1005100008F0B6FF9DF813302E4A13F0100F2E4B43
:1005200018BF13460598A36108F058FE059A937901
:100530000C33D0180189C079D65826F09EFF636825
:10054000C3F1960333440344EB60236ADB040CD508
:10055000059904F140002CF041FA4FF0007120465B
:1005600021F024FD002007B0F0BD05A82CF047F9CC
:10057000F8E7059E617DB37938460C33144F1E446D
:1005800008F062F9154BB868A361B17A06F10C0363
:100590008679256A0644367BC5F3402CC5F3C02214
:1005A00015F4001518BF04F15B05C6F38016CDE9FC
:1005B00001C5C1F38011009622F074FB0023B868D6
:1005C000036008F03FFF0598A06308F007FEC9E745
:1005D000E81F00204D040108F927030873250308CC
:1005E0007FB50E4610210546144622F05EF9E0B1B3
:1005F0000F4B18681B7902908DF80C300023ADF872
:10060000043066F305038DF8043063180DEB030422
:100610004FF0000314F8082C284662F3471301A991
:1006200003228DF806302CF0C6F804B070BD00BF70
:10063000E822040803460D4A82B0106800909088B2
:100640009279ADF804008DF8062013B9481C02B069
:1006500070476A460220D90748BF117802F10102AB
:1006600048BF40185B08F6D1F1E700BFE02204085C
:1006700038B583790C460C33C518C35C03F00F03FF
:10068000072B25D1AB789A0622D0E878C3061FD570
:10069000012100F00F00FFF7CDFF0E4B02359C4209
:1006A00095BF1E234FF496730021012194BFB4FB24
:1006B000F3F4B4FBF3F42B5C2A1861F3C7132B5447
:1006C0009378547023F01F03C4F3042423439370DE
:1006D00038BD00BFC3BF030070B5BDF810505B0844
:1006E00005820025438005704570D1F801309DF8E2
:1006F000186043604B799DF81C1003F01F0343EA18
:1007000041130372134653F8041B059CC0F80910EB
:100710009288A0F80D209B78C373D6B9164B9C42E3
:1007200016D8164B9C4203D9EBB243F0200343701A
:10073000437813F0200F14BF4FF496721E22B4FBBF
:10074000F2F423F01F030470C4F304242343437022
:1007500070BD0B4B9C42FBD8084B9C42E8D94378B8
:10076000B4F5161F43F020034370E1D3DBB2A4F5C8
:10077000161443F04003DAE7D47E2500C3BF03001C
:10078000D4FE4A00002230B5084B1C791B68944205
:1007900001DC002005E05D6C03F19001854201D190
:1007A000184630BD0B460132F1E700BFE81F0020BC
:1007B000F8B5064600257427234C227AEBB29A42FC
:1007C00008D8072019F01CFC0023E360237246B907
:1007D0000020F8BDE068013507FB030021F034FB81
:1007E000EBE7C6EBC60106EB810189000122072079
:1007F00089B219F0C1FB0546E0B9072019F022FCC7
:100800007427E0602672237AEEB2B34207D9E0681B
:10081000013507FB060021F015FB0028F3D0237AF1
:10082000B342D5D000257427EBB2B34204D30020E5
:10083000FFF7BEFF0720CCE7E06807FB050021F0CB
:1008400003FB0135F0E700BF002000202DE9F34154
:100850000D4617460446002842D0036A13F00103F0
:1008600041D0866906BB22F090FA204BA36126F0A6
:1008700061FD00F5BB5010306060E6632046FFF775
:100880008FFA014604F1300009F03CF804F120022F
:1008900052E8003F43F0040342E800310029F7D159
:1008A0004FF4800011F022F96368A68DA3EB0508D0
:1008B00005F6B835ED1A002D06DB40F27122636AA9
:1008C000013602FB0388B6B206F0D4FB0023019088
:1008D0000093204643463246394622F0ADFA1220B4
:1008E00002B0BDE8F0811846FAE700BF110C01081C
:1008F000002210B50A4B1C7AD968D3B29C4201D8A9
:1009000000200BE00B6A084613F4807F02F101021D
:1009100001F17401F1D143F48073036210BD00BF93
:100920000020002073B50D46044618B949B90020CF
:1009300002B070BD036A03F001038B42F7D00029B7
:100940005ED0236A590675D5636AC8220B2B98BFFF
:100950000C2394F8381098BF6362002008F090FED2
:100960000646684600F0E4F96A4604F140010120B9
:1009700000F0EAF924F023FD00252063204603213E
:10098000A58540F8345F03F0EFF8314604F13000FC
:1009900008F0B8FF06F06EFBA56184F82E0004F1A4
:1009A000200252E8003F43F0010342E800310029F1
:1009B000F7D152E8003F43F0400342E800310029FC
:1009C000F7D141F288330125C4E903331A4B257569
:1009D0001B6804F108005B796375184BD98A0029FC
:1009E00008BFE62123F0F7FA284606F099F8002818
:1009F0009DD1237D5A079AD443F00203237596E7CD
:100A00002FF0EEFE064604F1080001F035FB20460B
:100A1000012126F0D4FA203444F8085C54E8003F61
:100A200023F0010344E80032002AF7D130462FF0CA
:100A3000D2FE7CE70C207BE7E0220020E81F0020AC
:100A40002DE9F84315460E4699460746FEF712FE75
:100A5000044628462BF060FFDFF898800021B8F8A4
:100A60000430C51A3078FFF7E5FD25EAE5752B1847
:100A7000FF2B08DD317801B90130033041F010015E
:100A80003170C0F1FF05089BC9F800001D60337884
:100A9000DB060DD526F00CFC2523B0FBF3F202FBA0
:100AA000130107F14000C9B200F098F988F8060078
:100AB000002320461A46317821F004FF2046099988
:100AC00021F053FF204697F8382098F80610FFF7DA
:100AD00087FDFB6B5BB1B3F90010204621F0B3FF3B
:100AE0002046294621F0C3FF2046BDE8F88347F69B
:100AF000FF71F2E7002000202DE9F04186B00446A6
:100B000022F03BF90746002504F1300026F019FCDD
:100B10003A460021032021F0BBF92E4E8DF80F50EC
:100B2000002F50D0FB7913F020024ED0F27903F061
:100B30001F039B1AAB4209DD012B14BF14230423AE
:100B4000BD798DF80F3005F01F05ED00236A019780
:100B50009A0748BF9DF80F300DF10F0144BF43F0D5
:100B600040038DF80F3005AB0093E26E04AB2046D6
:100B7000FFF766FFDDE904178046394494F8380032
:100B800021F0B1FF9DF80F300544DB061FD5294643
:100B90004046FFF76DFD104B6168A3613368627DCD
:100BA0001944002026F0E3FB3B464046B288E16E44
:100BB00008F066FCB3883B44B38033682B44336051
:100BC00006B0BDE8F0813D46C0E71546BEE7034BE1
:100BD000E2E700BF00200020F10C0108110C010821
:100BE0000A4BDA8A22B9826812F4601F08BFDA82DF
:100BF00040F27121838D426A01338385436801FB92
:100C000002330121436026F0EBB900BFE81F00204A
:100C1000032870B50C4609D004D8012818D0022842
:100C200036D070BD51283BD05628FAD1236A4FF4F4
:100C3000800043F0A003236210F058FF2A4B1B688A
:100C4000D97A5A79637D5B1A934246DBDAB244E083
:100C500000260B6A254D1A07AE802E6009D523F0B9
:100C600008030B6201F16C002BF0C9FD236FC4E98E
:100C70001B360023226BA18D04F14000EB7100F0C4
:100C8000B7F884F839002046BDE87040FFF734BF5C
:100C900006F094F88442C4D1BDE8704008F058B81A
:100CA000124DEB790133EB710B6ADB060DD5C86E83
:100CB0002BF032FEAB88984207D1236A4FF48000B4
:100CC00043F02003236210F011FF074B617D1A6887
:100CD000D37A12790B449342B8DD62752046BDE8A1
:100CE0007040FFF77DBF00BFE02200200020002001
:100CF00051280B4609D1064A1846D1790131D171E4
:100D0000927983F83920FFF7F7BEFFF781BF00BF64
:100D1000002000204840704700EB0010084480B2DB
:100D2000704700BF90FAA0F000BA80B2704700BFD1
:100D3000044BD3F8012002605B7903F01F030371B9
:100D4000704700BF982D0020234B2DE9F04100296A
:100D500014BF0C461C4600250646174613688AB089
:100D6000C4F801301379257063715FFA85F8414644
:100D7000384622F034F938B1237803F128026A4466
:100D8000013302F8288C23700135252DEDD194F81C
:100D900000803EB142466946A01D2BF0A2FB0AB07E
:100DA000BDE8F081B8F1000FF9D00534F5B229465D
:100DB000384622F014F940B9B5FBF8F308FB135597
:100DC0000AAB53FA85F515F8285C0136252E04F890
:100DD000015FEBD1E3E700BF982D0020034B002813
:100DE00018BF03460B449879704700BF982D002028
:100DF000F8B50D4682EA124296B2314603462846BD
:100E0000FFF788FFFFF78EFFFFF786FFFFF78AFFE8
:100E1000FFF782FFFFF786FFFFF77EFF0546FFF72C
:100E200079FF164C002B14BF1F4627460446144B6F
:100E3000781CA3FB0423E21A03EB52035B0903EBC8
:100E4000C30203EB8203E41AE4B2214622F0C7F89E
:100E500040B93B786E40B6B206FB03F307EB13478D
:100E6000B879F8BD7B1D2A3701E09F4204D013F802
:100E7000010F8442F9D1F4E72046F8BD982D0020F7
:100E80004D91CFBA38B50446D0F8A00010B9D4F8C7
:100E9000A400D0B194F830512BF0E2FC81B20631BD
:100EA000284626F0EAFA83B240F271200849B4F8E5
:100EB0007820098E424341438A42B8BF0A4603F56F
:100EC00048709042B8BF104638BD0346ECE700BFFB
:100ED0001020002030B5174B826A1B681206597922
:100EE00026D5028F1C79436B1203B2FBF3F2631A0F
:100EF000B2FBF3F2B0F89C3003B1013BD0F8A05044
:100F000005B15B101B02B3FBF2F35B180CD090F839
:100F100095200F2A08D91209B3EB820FB8BF00231E
:100F20004FEA8201A8BF5B1A9C42A8BF1C46E1B2EF
:100F3000417530BDE02200202DE9F0411A4C0646F3
:100F40002368A3B92EB100254FF4A478EFB2B742BD
:100F500011DB0020BDE8F0812068013507FB0300AC
:100F600020F072FFA27EEBB29A42F5D8EAE70025A4
:100F70004FF4A477F6E72068013508FB070020F05E
:100F800061FF0028E2D000254FF4A47605E0206838
:100F900006FB050020F058FF0135EBB2BB42F6D34B
:100FA00041F20700D6E700BF10200020084B9A7ED0
:100FB00082420AD94FF4A4721B6802FB0030836A94
:100FC00013F0100F08BF002070470020704700BFCB
:100FD00010200020084A09491368C31AD810002BB2
:100FE00001FB00F005DB937E8342D8BF4FF0FF305A
:100FF00070474FF0FF30704710200020199C8FC1C0
:1010000070B504460E462FF0EBFB3146054604F161
:10101000300022F026F82046FFF7DCFF0121814056
:10102000054822F01EF84FF4807010F05FFD28464E
:10103000BDE870402FF0CFBB38200020F3292DE908
:10104000F84304460D468C4E1ED1738C5BB9A368E1
:1010500013F4601F6ED0238F626B1B01B3FBF2F39E
:10106000F32D9FB225D1204622F07EF8B4F89C30B3
:10107000002B38D1A26A984612F0800F0CBF3E2296
:10108000082284F8772030E0736959064BD5836ACB
:101090001A0748D5336900F14001436024F07FF915
:1010A000738C002BD3D0238F626B1B01B3FBF2F345
:1010B0009FB2618FB4F89C209BB25B1A9A423BDCD2
:1010C000736994F831019B074CBF0021022121F084
:1010D00092FF40F2022372699343C4D12046A4F8E0
:1010E0009C7022F042F84FF001082046FFF7F2FE14
:1010F000FFF770FF87B2384620F0FCFE8146384685
:1011000020F0F6FE30B1384620F0E8FE00213846E7
:1011100020F0EDFEF32D04D0A36A190701D5628FEC
:101120008AB9012334E0718C238F626B00298ED041
:101130001B01BBE773848EE7B37F002BC9D003216B
:1011400094F83101C3E713F4C05FEAD1726912F079
:101150000C0FE6D140F202239343E2D1D4F8A4303D
:10116000002BDED12046FFF735FF80B220F0BAFE1B
:101170000028D6D12046A18F24F0A8FA031E69DDED
:10118000628F0132934265DC012BCAD0013B9BB2D6
:10119000A4F87C30384620F0A3FEB4F87C30184424
:1011A000A4F87C00384620F09AFE236B5A0409D537
:1011B0004FF4804104F1300021F05BFF0021204614
:1011C000FFF71EFFA58FB4F87C302B44A387B8F13E
:1011D000000F0AD0204621F085FF204620F036FE81
:1011E0002046A18F24F026F98046384620F082FE62
:1011F00048450DD0A36A1B070AD43846A58720F0BE
:101200006FFEA38F013080B2A4F87C001844A08741
:10121000A38FAB4202D2384620F068FEB4F87C209F
:10122000B4F89C3094F870109B1AA4F89C3094F891
:101230006F3002FB01332522B3FBF2F102FB1133C5
:1012400084F86F30B8F1000F07D02046BDE8F843AE
:1012500022F041B8638F013399E72046082124F03A
:1012600025F920460221FFF7CBFE41462046BDE886
:10127000F84325F0A4BE00BF1020002038B500239D
:101280000C4D0446AB7720234FF400306B6107F020
:101290003BF858B105F00CFEE862204621F00EFF45
:1012A00084F83101204622F07CF838BD05F020FC9E
:1012B000F2E700BF10200020022810B50C462CD009
:1012C000032832D001283FD191F8953008466FF3BA
:1012D000071381F89530FFF7D1FFA36A20461B075B
:1012E00018D506F04FF9042007F00EF860B3174A3E
:1012F000D37F4BB392F820300133DBB282F8203039
:1013000092F824209A421FD8BDE810404FF0806028
:1013100010F0ECBB06F022FBE5E705F04FFD844240
:1013200012D1BDE8104006F021B991F89530204661
:10133000C3F30312013262F3071381F89530BDE85D
:101340001040F321FFF77ABE10BD00BF102000202F
:1013500008B507F065F8FB22114B10F0020FDA76A2
:1013600044F290229A830CBF012203224107197E86
:1013700048BF42F0040262F3030119761A7EC2F3F9
:10138000030161F307121A7600229A621A61DA7772
:101390004FF480621A62032283F8242008BD00BF44
:1013A000102000202DE9F843574C0546A06818B1DD
:1013B00018F0B6FE0023A360EFB2384621F09DFE80
:1013C0008046002839D1384621F0A2FE0646A0BB4F
:1013D000FFF7B2FD8146022018F012FE002D58D012
:1013E00005EB850105EBC101C9003346012202204E
:1013F00089B218F0C1FD002846D102204FF4A4792B
:10140000A77618F01FFE314609FB05F220602BF08D
:1014100060F82368681EF1B2814209FB01F206F10F
:1014200001062CDB0021284699506360FFF784FDFC
:1014300050BB384620F04EFD90B30025002021F02F
:101440005CFE002021F064FE0020FFF775FD022005
:1014500018F0D6FD2846C4E90055A57620F03AFDDF
:10146000284621F03DFE284621F036FE284620F091
:1014700009FD022018F0C4FD4FF0070840E002F516
:10148000A47119449950C6E70023C4E90033A37638
:10149000D3E7C4E90055A576B9F1000FC9D0CCE770
:1014A000384621F01DFE0028C7D1284620F0EAFC6E
:1014B0000028C2D1384621F00FFE0028BDD13846A1
:1014C00021F011FE06460028B7D1002D18DD0220BC
:1014D0002BF061FB0223A060C37183793146C3F115
:1014E00002020C33D2B218442AF0F3FF0121A368A0
:1014F0009A7913441A7B61F301021A73FFF728FFEC
:101500004046BDE8F88300BF10200020014B987EC4
:10151000704700BF1020002030B50A4B4FF4A4756F
:101520001A689C7E002318462832D9B28C4200D813
:1015300030BD05FB03F151580133490644BF01306A
:10154000C0B2F2E7102000202DE9F0412FF048F959
:10155000244D06466C6824B92FF03DF92046BDE8BD
:10156000F0814FF4A4772368D4F81C803A46002118
:1015700020466B602AF0ADFF402104F12800C4F83A
:101580001C8021F06EFD30462FF025F901232375D4
:1015900084F83031A3F10113A367EB7E2A8B84F822
:1015A0004231AB8B0021A4F84031072384F8853009
:1015B0000D4BA4F84421C4F8883003F1CE5303F551
:1015C0009813C4F88C3041F61B33A4F890301B23D9
:1015D000A4F8867084F8923004F1080022F0FBFC35
:1015E000BCE700BF102000204801480170B5044648
:1015F00021F04DFE04F1080000F03EFD2FF0F0F860
:101600004FF4A472054600212046E6692AF061FFE6
:10161000064BE66153F8042F2AB928461C60BDE842
:1016200070402FF0D8B813461268F5E7102000205C
:101630002DE9F04106464FF480400F4606F064FE67
:10164000044630B90E4B1D6893F81A807135A045D9
:1016500002D80020BDE8F08155F8493CDA0609D5EA
:10166000C3F38003BB4205D10622294630462AF047
:1016700006FF18B1013405F5A475E8E70B20E9E78A
:101680001020002010B5044610B9084B198610BD73
:10169000A0F87810A0F87A20FFF7F4FB2169E06049
:1016A0002046BDE8104021F0EDBC00BF1020002016
:1016B000B0F8943010B55A1C62F30B030446A0F83E
:1016C0009430042006F020FEC0B12046FFF782FCD3
:1016D00080B220F001FC78B14188094AD37F0B44E5
:1016E000DBB2D37792F821209A4207D8BDE81040A8
:1016F0004FF0806010F0FAB90121EEE710BD00BF95
:101700001020002038B58B7905460B449B7D0C4694
:1017100003F00303032B09D101212C3021F0A1FC9C
:101720004FF4006105F1280021F09BFC214605489B
:10173000A5602BF053F9BDE838404FF0005010F091
:10174000D5B900BF1C200020014BD8769983704783
:1017500010200020014BD87E704700BF10200020D1
:1017600000487047282000202DE9F04FD0E902758D
:1017700090F9181087B00291417E046890F80480B7
:10178000D0F810A0037D427D90F816B090F8179025
:10179000002940F0E680A9F1030101298CBF02264F
:1017A000032603932B8984F89B202A4652F8101BAA
:1017B000BBF1000018BF0120C4F8281104F1440156
:1017C0000193FFF7C1FA204623F069FE204621F07D
:1017D000A1FC21F016FC49460246204621F094FC6B
:1017E000C82220460DF11601ADF8162021F07DFC2F
:1017F0000022C4F83421AA88039BA4F82C21AA79DA
:1018000084F82E21DAF80020C4F87120BAF80420F8
:1018100004F1280AA4F875201BB10421504621F0D8
:1018200020FCBBF1000F04D04FF40051504621F0D2
:1018300018FC4FF4607006F067FDC0F3C0134FEA68
:10184000831BC30548BF4BF0800B810548BF4BF499
:10185000807B2EF0C5FF4FF482610390504621F04B
:1018600000FC594604F12C0021F0FBFB03982EF0FC
:10187000B2FFA8F10203012B75D84FF400215046A6
:1018800021F0EFFB01212046FFF7BAFB042120469F
:1018900023F00CFE6B7D2046C3F3040384F8703004
:1018A0006A8952006263697B2A7B42EA012262876D
:1018B000E97BAA7B42EA012222876A7D84F86F30A5
:1018C000C2F3421284F83E2000220523A28701229F
:1018D000A4F89C30A4F87C20029921F020FC06F0AA
:1018E00099FD20F40060C4E908012046FFF7F2FAF0
:1018F0003A493B4AB1F822B008F0FD03BBF1000FB2
:1019000066D1B3BB40F2C71B6760A26120460F617E
:10191000FFF7B8FAB9F1010FE06005D0494620465B
:1019200084F8309121F0A9FD04F10800594622F015
:1019300052FB012005F0F4F828B9237D5A075CBF5B
:1019400043F00203237540F271216B892046013B6D
:10195000594321F097FB204625F024FB07B0BDE852
:10196000F08F01261DE7B8F1010F8BD140F2014144
:1019700089E74FF4D77BA26140F27128019B760082
:1019800006EB430608FB06F6374440F608015046CE
:10199000676004F1400721F064FB3946204623F0DC
:1019A000FEFC33463946204604F1340200F0D6FFEF
:1019B000EB7901225B003946204608FB03F323F054
:1019C000F4FC236C20469E08FFF75CFA3044A1E744
:1019D0006760A261002BCFD198E700BF10200020E4
:1019E000B912010870B51D46C36A04461B071646A6
:1019F00013D408212C3025F4105521F032FB25F0AA
:101A00001005064B2D0433402D0C2046C4E9083543
:101A1000BDE870404021FFF7F3BA70BD2FCF87F7C4
:101A20002DE9F04F85B004460191084689B34B7902
:101A30009A071FD42AF070FF019D70B96B79DB07FC
:101A400005D54FF4803104F1280021F00AFB01A8EC
:101A50002AF0D5FE05B0BDE8F08FA36ADF0309D5F3
:101A60004FF4803104F1280021F003FB6B7943F03F
:101A700001036B71019E2EF0B3FE737931469E0710
:101A800005461ED504F1AC002AF0B7FF28462EF01B
:101A9000A2FEDFF890912EF0A3FEA36A0746DD05B3
:101AA00014D5D4F8AC3043B19A7913441B7B3A2B4C
:101AB00003D829FA03F3D80711D438462EF08BFE49
:101AC000C8E704F1A8002AF089FFDFE794F946315E
:101AD000022BF2DCD4E92A2372B9002BEDD004F1F9
:101AE000AC002AF0AAFE054638462EF074FE2946C0
:101AF000204621F0BDFECEE7002BF0D194F8928075
:101B0000039304F1A80BD4F8A86096F807A0B37962
:101B1000AAEB030A5FFA8AFAC24527DC58462AF084
:101B2000EBFE0546A8EB0A086B7929466FF3C30361
:101B30006B7103A82AF052FFD4F8A8302BB15B795F
:101B4000990702D1B8F1000FDDD1039B002BB4D06F
:101B50009B79022B40D800202BF01DF8014670BB6A
:101B6000039904F1A8002AF048FFA6E700202BF013
:101B700012F8054630B9039904F1A8002AF03DFF98
:101B800003959AE78079B1790C300C3142463144A3
:101B900028442AF0A6FCEB7953FA88F3EB71B37969
:101BA000727953FA88F3B3716B794FF0000862F3DE
:101BB00000036B7173796FF300037371B4E7039BD8
:101BC0004A79587960F300024A715A7903A86FF391
:101BD00000025A712AF00CFFE36A9A0512D50398A5
:101BE000034600680028FBD1DB79C3F14503DBB273
:101BF000032B07D82AF0CFFF01460028B0D003A856
:101C00002AF0ECFED4F8A83013B15B79DB0704D5D9
:101C1000039A537943F00803537138462EF0DBFDE5
:101C2000039965E77C2C0200F8B50023124A02F103
:101C3000280151E8004F41E80035002DF7D1012778
:101C400034B9BDB10D48294621F00BFA2046F8BD44
:101C500094FAA4F0B0FA80F007FA00F624EA060439
:101C6000FFF7A4F90028EBD021F090FE0028E7D17F
:101C70003543E5E70120EAE7102000203820002066
:101C80002DE9F74F04460190002862D0C5794FF046
:101C900000080C3505442EF0A3FD464600904FF495
:101CA000A47A40462C4FBA7E5FFA88F94A4517D984
:101CB0000AFB09FB3A685A44916ACB0646D5B2F84A
:101CC0009420C2F30B02002A40D0E279C2F145020F
:101CD000D2B2032A17D802202AF05DFF044650B979
:101CE00000230098FB7787F820302EF074FD3046F3
:101CF00003B0BDE8F08F014601A82AF06FFE002076
:101D0000E5790C35254404220123002112FB003320
:101D100005F82090E9543B6802FB005C5B44B3F893
:101D2000943001368CF80230032312FB0032A954A0
:101D30003B6801305B44B3F89420C0B261F30B02FE
:101D4000A3F89420E379F6B20433E37108F10108B3
:101D5000A9E70646CBE700BF10200020F7B568468C
:101D6000FEF7E6FF00254FF4A477124EB37EAB4298
:101D700001DC03B0F0BD346807FB0544A36A03F03F
:101D80001803102B13D10522694604F145002AF0EF
:101D900076FB60B10121204623F03CFD38B90120DB
:101DA0002AF0F9FE014610B1204601F077FA01351C
:101DB000DCE700BF102000202DE9F74F2EF010FDCA
:101DC000424BDA6800920022DA602EF004FD009B9C
:101DD00013B903B0BDE8F08F68462AF02EFD827972
:101DE000876802F10C04044401460190A07A0A328B
:101DF00010F0200F14BF0320022002448A71FA6AF7
:101E000052050FD5E07AA27A42EA0022384622F043
:101E1000CAF838B901A82AF0F2FC3D21384621F071
:101E20009BFFD4E7BA6A94F80AB012F400720199E1
:101E30000BF0030013D003288A79EBD10A44127BFC
:101E40003A2AE7D8224B23FA02F2D307E2D54A799D
:101E5000384642F002024A7100F000FFB7E703285B
:101E6000F5D048790BF0030B62F341004871084646
:101E700094F8069094F905A02AF04EFD019D0646BF
:101E8000AC793846063CE4B2AC71FFF7A3F80C34E9
:101E9000C0F3032305EB040843EA0B1388F803306F
:101EA0002B46F6B288F80200A8F8046005F804A0F2
:101EB00088F801905A796FF341025A711B68002B20
:101EC000F8D1284622F00DFA81E700BF102000204B
:101ED0007C2C0200012838BF0120012938BF0121D4
:101EE000024B83F8210083F8241070471020002053
:101EF000F0B51D4687B004460E9EFFF7C3FB40F2C7
:101F00007120BDF830106D0049004143684304F072
:101F1000F3FF40F2E243B0FBF3F058431A4B30605A
:101F20005F8C002F08BF4FF4967725F003FA3368D3
:101F3000019000EB4302CDE90223E368054601A8C6
:101F4000CDE904371FF07BFF9DF8043053B925F02D
:101F5000AFF94FF4FA63B0FBF3F202FB130015FA8A
:101F600080F002900299E36861603268E0691FF0D6
:101F70006CFF00226168E06904F0DCFD62680D9B83
:101F80001A6007B0F0BD00BF10200020104B1A7877
:101F900042F0F0021A701A7C42F0F0021A7493F8C0
:101FA000202042F0F00283F8202093F8302042F005
:101FB000F00283F8302093F8402042F0F00283F8DA
:101FC000402093F8502042F0F00283F850207047F0
:101FD000442000200368054A23F07F6323F4002394
:101FE00002EAC14213430360704700BF0000F80FCC
:101FF000F8B54488054604F00704072C1C4E28D188
:102000002EF0EEFB00221101735C06EB02171B0998
:102010000F2B0AD00132062AF5D1164A1388013354
:1020200013802EF0D8FB1920F8BD2B6894B27B806A
:10203000112373542EF0CFFB25F07CF906EB04132B
:10204000D8602B68002023F4E02343EA04432B608C
:10205000EAE72301F15CC1F30312013202F00F023F
:10206000052A28BF002262F30711F154E4E700BFFC
:1020700044200020322D002038B54488054604F065
:102080000704072C0FD02EF0ABFB074A2401135D89
:1020900043F0F00313552B6843F4E0232B60BDE8B5
:1020A00038402EF098BB38BD442000202DE9F04781
:1020B0004588074605F00705072D894637D01D4C92
:1020C0004FEA051814F8086025F034F904EB051AF6
:1020D000DAF80C30360906EBC506C01A04EB4606E2
:1020E000708014F8083003F00F02042A9EBF0132FA
:1020F00062F3030304F80830B9F1030F14D114F8A4
:10210000081004EB0514A01C01F00F0123F0B4FF2C
:1021100004462EF065FB3A68074B134023433B60AF
:10212000BDE8F0472EF057BB4FF6FF74F1E7BDE86E
:10213000F08700BF442000200000FF7F064A08B55A
:102140009268824207D0427922F0030242F00302F1
:1021500042710FF025FD08BDA420002010B5064CEB
:1021600020462AF04CFB201D2AF049FB04F1080010
:10217000BDE810402AF043BBA420002010B5022087
:102180002AF009FD034C606002202AF004FDA060E3
:1021900010BD00BFA420002008B5FFF7DFFF00221C
:1021A000024BDA60BDE80840FFF7E8BFA42000203A
:1021B000014B5868704700BFA4200020014B98686D
:1021C000704700BFA420002038B50C4CE3681BB159
:1021D000E36898470023E36023686BB107482AF05F
:1021E0002CFB054640B123681BB14FF000400FF0B7
:1021F0007DFC284622F04DFF38BD00BFA420002002
:1022000010B5084CE0604FF000400FF06FFC00BFCD
:1022100000BF00BF00BFE3681BB1E368984700231D
:10222000E36010BDA420002038B583790446034440
:102230005B7B13F0300F437923F0030308BF43F0B7
:10224000010343712EF0CCFA0546214605482AF0D9
:10225000C5FB4FF000400FF049FC2846BDE8384070
:102260002EF0B9BAA42000202DE9F041234F00211F
:102270007C68FE20A679FDF703FA054601F06CFDA7
:1022800040B10C22B8680023BDE8F04142F20501DC
:1022900021F0A7BE01F0A0FD0028F2D10C36344495
:1022A000237AE61C9B09022BEBD0012B18D9237A49
:1022B000A11C03F03F02073443F0C00311F8010FE3
:1022C0008C4242EA000203EA0003F7D1002AD8D088
:1022D000FF2BD6D055B9304624F043FF0022D1E77A
:1022E000314624F052FF0028E1D0CAE731462846A3
:1022F00020F07EF80028EED1C3E700BFA420002024
:1023000010B50C4C63689A790C321344597901F07A
:102310000302032A0CD0B3F8030024F0DDF80246D0
:10232000A0680023BDE8104042F2590121F059BED7
:102330001122F5E7A420002070B5114C63689A794A
:102340000C321344B3F80510B1F5FA7F15D243F6F9
:10235000F675B3F80720A2F10A0080B2A8420CD8A3
:10236000B3F8030024F0A1F80246A0680023BDE8FA
:1023700070404FF6294121F034BE1222F5E700BF2C
:10238000A420002010B5084C63689A791344B3F870
:102390000F0003F08DFA0023024642F24601A068C6
:1023A000BDE8104021F01DBEA42000207FB5684C80
:1023B00063689A790C321344DA78013A132A12D8F6
:1023C000DFE802F00A13262A32113A3E535C6D759B
:1023D0007D1111959DA6AFB85879003818BF01201E
:1023E00006F046FC48B9122008E05A4AB3F8051036
:1023F00012681172B3F807305372002002460023AE
:102400004FF60741A06804B0BDE8704021F0E9BD77
:10241000587902F0BFF9F0E71A79042AE3D1D3F82A
:10242000050005F05FFFE8E71A79042ADBD1D3F84D
:10243000050005F05DFFE0E7587920F0E6FDDCE7F8
:102440001A79022ACFD1B3F805600021F0B2FDF766
:1024500017F9054620F02FF9002876D0284620F0FD
:102460002AF9310A20F0B2FDC7E71A79112ABAD841
:10247000591D384B18682AF034F8BEE7587930B93E
:10248000034602460146009006F0F4FCB6E7DA790E
:10249000997902F108051D4400950833F4E758794D
:1024A0000128A0D800F0010006F0CAFDA6E71A79BD
:1024B000042A98D1D3F8050020F0A8FD9EE71A79E8
:1024C000082A90D1D3F80500D3F8091002AA03C254
:1024D000BDF90E30BDF90C20BDF90A10BDF9080098
:1024E00022F058FF002814BF1F20002086E71A7929
:1024F000082A7FF478AF581D20F0FBFD7EE71A799B
:10250000022A7FF470AFB3F8050001F0D3FC75E741
:102510001A79012A7FF467AF93F9050020F09DFD39
:102520006CE71A79022A7FF45EAFB3F9050020F058
:1025300096FD63E71A79012A7FF455AF5879003880
:1025400018BF012002F036F958E7422056E700BFD5
:10255000A4200020E0220020F0B5184E85B0756858
:10256000AB790C331D4405F05BFFB5F80920B5F8D5
:1025700007108A421FD8032A1DD903291BD96F7956
:10258000CFB1C04360F0050010EA070413D1EB7827
:10259000A879CDE901742C79009401F095FB00280D
:1025A0000CBF0C22002242F24101B06805B0BDE828
:1025B000F04021F067BD1122F5E700BFA420002004
:1025C00010B50D4C626893790C331A441179D078A8
:1025D000003918BF01210038B2F8073018BF0120B8
:1025E000B2F8052001F090FE42F242010246A068D6
:1025F000BDE8104021F046BDA420002038B5134BA3
:1026000000229D684FF617410A23284621F0E9FC75
:10261000AC7907F053F80C342C44E08007F056F8FE
:102620002081002007F01EF8608120F0EAFCC8221B
:10263000022107F025F8A081002007F05BF9E08176
:102640002846BDE83840FFF779BD00BFA420002030
:1026500010B5084C6068837918440F3024F065FD8C
:102660000023A0681A46BDE810404FF6284121F02B
:10267000B8BC00BFA4200020242816D80F2805D8F5
:1026800002280CD8B0FA80F040097047084B103887
:1026900080B2C34003F0010383F0010070470538A6
:1026A000012894BF0020012070470120704700BF1F
:1026B0002D2011002DE9F04F95B0FFF779FD42F282
:1026C0003603867905460C3630F80680841998451D
:1026D0000ED1FFF76DFD02212AF061F87F22A37869
:1026E0000233A370AA5500232022237762706377F8
:1026F0000121E078FCF7C4FF00230646002800F023
:10270000D280CDE91233E288237AADF848208DF8E3
:102710004A30B4F80920E37AADF84C208DF84E30F9
:10272000A288E37802F01C01FE2B4FF6FF7308BF6E
:102730004FF480431C2925D0DDE9120188421DD9C0
:1027400000251126FFF73AFD012332464146ACB27F
:1027500021F047FC002DCCBF0534053C24B2002EEF
:1027600040F0A4800A2394FBF3F4E4B2FFF726FDC3
:10277000C3791844C47215B0BDE8F08F1F28DFD9A3
:102780009942DDD8D206E77D657E04D5012F16D0AB
:1027900000251226D6E7012F74D0032FD0D16B1E4F
:1027A000DBB2022BCCD805F03BFE04270742C7D092
:1027B000032D08BF04252840C0B20028C0D0E0780F
:1027C00020F049F820B1A088FFF756FF0028DFD09D
:1027D000374A237F1278002A5CD0042BD8D8637F35
:1027E000042BD5D8A388DB065BD420F00AFC01219A
:1027F000C822084006F044FF94F91630B4F804E00B
:1028000003EB8303B0EB430F4FEA4302637B677E26
:102810000F93A37BE188109304F10F031193637F5F
:1028200094F80C9094F815A094F818B00546E07D43
:10283000C8BF15B2B4F809200C93237F03280B936B
:10284000E37E08BF0420032F08BF0427003B18BF06
:1028500001230A93A37E1FFA85FCCDE90873119B1F
:10286000CDE9060B0293109BCDE904ACCDF80C909A
:1028700001930F9B304600935FFA8EF31FF009FC23
:1028800006465FE76B1EDBB2022B3FF659AF05F041
:10289000C7FD8BE7002B7FF453AF637F002BA1D0E4
:1028A0004EE70020A3E7054607264BE700245DE737
:1028B000C32D0020F8B507460D4616461C4623B921
:1028C00001202AF068F90446C8B106220C212046EE
:1028D00021F0A9FB691EC9B2032988BF0022A37990
:1028E00098BF074A03F10C0398BF525C234420466B
:1028F0009F80DE70DA719A71FFF720FC0120F8BD2D
:10290000ED220408F8B5FFF753FC83791844B0F8BA
:102910000F60B0B2FEF74AFB0446C0B120F06CFF76
:102920000138C0B2032814D800270B4B1C5CFFF7FA
:1029300045FC054604233A4642F2300121F051FBA2
:10294000AB790C33E818C68004724472F8BD0227D4
:10295000EDE700242746EAE7ED2204082DE9F041DF
:102960001D4690460E46074604F084FB04F07CFBAF
:10297000044698F80A0004F077FB1A4B04449D4281
:1029800025D9194B9D4215D9184B013D93FBF4F302
:10299000002BB8BF03339A1005EBA305B5FBF2F388
:1029A00079683268A1EB930102EB430279603260EF
:1029B000BDE8F0810E4B0F4AA3FB05535B0904FBF6
:1029C00003F303F6C313A2FB0323DB0AE8E704FBCC
:1029D00005F3094A03F574338F33A2FB03231B0C61
:1029E000DEE700BF4C6210001366660640420F002F
:1029F0001F85EB515917B7D183DE1B43034600F007
:102A00003F003F2830B51FD090B119460022013257
:102A10001B2A4FEA510105D100212E480A46012404
:102A2000584007E001F03F003F280DD00028EED1CC
:102A300030BD012104FA02F5054202F1010205D17F
:102A4000202AF7D1022907D00020F1E7202A01F13E
:102A50000101F7D00229ECD1DAB2C3F30721914288
:102A600025D000211C46084604F00305013D012D38
:102A700001F1010198BF01301F294FEA54041ED112
:102A80001828E1DC052000219B0E03F00304013C23
:102A9000012C98BF013101384FEA5303F5D10129C8
:102AA000C6DD8AB90228D4BF00200120C0E7C3F3E5
:102AB00007419142D5D1B2EB136FD2D1C4E71029AF
:102AC000D2D10B28D0DDBFE7D30748BF0130520871
:102AD000E7E700BFD6BE898E024B1A680260186015
:102AE000704700BFB82000200022024B1A6000F09F
:102AF00045BA00BFB82000202DE9F843064620F073
:102B00004EFB0446002835D045784DB92DF068FEBF
:102B1000237863701B4B1B68257063602DF05BFE90
:102B20004FF00108677837B923781BB34FF4007072
:102B30000EF0DCFF1EE097FAA7F5B5FA85F508FA66
:102B400005F55FFA85F9636833B90E4B27EA050589
:102B500065701B686360E5E79B681BB963681B6869
:102B60006360F0E7494630469847012805D163681D
:102B70001B6863600120BDE8F8830228EED10020C5
:102B8000F9E700BFB820002070B500250D4EFEF714
:102B9000BDFCA84201D8012012E03068FEF706FA19
:102BA00050B93468FEF7B2FC0134B4FBF0F303FB18
:102BB000104401353460EAE7FFF79EFF0028F0D1AA
:102BC00070BD00BFB420002010B5044683790344D3
:102BD0001B7B3A2B96BF044AFF21D15C29F0DFFD15
:102BE000A0790C30204410BDF1220408F8B5174636
:102BF00006460C461D4620F0CAFA020713D50221EC
:102C0000304621F05DF870B11121204622F066FCBB
:102C10002046FFF7D9FF4570877021463046BDE852
:102C2000F840FEF7FDBE29200B49C5F12002A5F1B1
:102C30002003E94000FA02F220FA03F3114319439A
:102C4000CB07E1D40D21204622F048FC2046FFF7B7
:102C5000BBFF4770E1E700BF000040842DE9F3416E
:102C600005460C46019120F08AFA830605D501A895
:102C700029F0C5FD02B0BDE8F081019FBE790C3698
:102C8000BB5D3A2B18D8164A12F80380B8F1FF0F33
:102C900012D0384629F040FE013840450CD1114B86
:102CA0001E6896B921462846A37923441A7B02B0B0
:102CB000BDE8F04122F026BC019829F0A0FD28468D
:102CC000BA5D019922F01EFCD4E773680BB936682F
:102CD000E7E72146284698470028F8D0CAE700BF12
:102CE000F1220408B820002037B504460D46202103
:102CF00020F047FA2946204620F0A1FA214601207B
:102D000022F0A7FC2146002022F0A3FC0120002392
:102D10002146034A009022F02DFC03B030BD00BFD5
:102D20003154030837B5044622F011FE0321204632
:102D300020F088FA0025034621460120034A009529
:102D400022F018FC284603B030BD00BF2958030804
:102D50002DE9F34104460D460146012020F006FA14
:102D600001210746284622F0B9FB2846FFF72CFF31
:102D7000064600F101084046FDF7DAFFD6F80130BB
:102D80000221C7F8123073792046BB7520F05AFA39
:102D900029460746F080204622F09EFB202321464C
:102DA000009301203B46034A22F0E4FB002002B0DE
:102DB000BDE8F0810F5903087FB504460D4622F0A7
:102DC000BAFDD8B3204620F0E2F9430715D5002319
:102DD00020461A460DF10F0120F0ADFC9DF80F3092
:102DE000062B0AD8284617F09BF90122002320461B
:102DF000FEF7F8FD002004B070BD0E21284622F039
:102E00006DFB2846FFF7E0FE064605F003FBC6F81B
:102E1000051005F0FFFA2946C6F80100204622F009
:102E20005BFB0321204620F00DFA002203460092AE
:102E300021460120024A22F09DFBDBE70821DDE765
:102E40002D580308F7B50D460446174622F073FDCA
:102E500080F001002146C0B220F088F9C668012D3B
:102E6000B37907D03A462946204603B0BDE8F04082
:102E700022F08CBD0C3320461E44FEF7ABF871895E
:102E800080B21FF03AF81022738921460092002088
:102E9000024A22F06FFB284603B0F0BD8D590308AB
:102EA0002DE9F74F0746884620F071F910F4801697
:102EB0005DD1022029F06FFE0546002859D098F810
:102EC000063031460C334344B3F80490B3F806B0EF
:102ED000B3F808A022F002FB2846FFF775FE022196
:102EE0000446384620F0AEF9A4F804906081A4F8B6
:102EF00006B0A4F808A024F0DBF909F10109B0FB41
:102F0000F9F303FB1900022360806370AB7988F842
:102F10000630EA7903F10C0088F80720D21AD2B201
:102F20002918404429F0DDFA3946012020F01EF925
:102F3000C0F80C803846FEF74DF8618980B201393F
:102F40001EF0DBFF102263893946012000920A4AF5
:102F500022F010FB4FF48031384620F01AF9384641
:102F6000294622F0B9FA304603B0BDE8F08F23209D
:102F7000FAE70720F8E700BF8D59030810B5054CA4
:102F8000054A2046054922F040FC2046BDE8104095
:102F9000FFF7A2BDBC200020195A0308FD3001082C
:102FA0002DE9F04191F806800F4686B008F10C0833
:102FB0000391044601EB08060146012020F0D6F8F3
:102FC00017F808300546023B0F2B00F28E80DFE831
:102FD00003F0088C8C8C8C638C6D8C8C2D5C8C8CB1
:102FE0008C4D2DF0FDFB71780546204620F027F929
:102FF0002021204620F0C5F82146012022F029FB9F
:103000002146002022F025FB0123009300232146C6
:103010001846374A22F0AEFA03A829F0F0FB2846FA
:103020002DF0D9FB012006B0BDE8F081B388204621
:103030007288717820F065FB204620F0A8F883079D
:1030400008D42046039922F082FC0121204622F078
:103050002DFAE7E7AA68274B9A4203D121460120BF
:1030600022F0C7FA03A829F0CAFBEEE7836843B150
:1030700003AA0492B27803218DF8142004AA2046F2
:10308000984703A829F0BBFBCCE78368002BF8D056
:1030900003AA04927278EEE78368002BF1D0002235
:1030A000059203AA0492042104AAE8E7039D21469D
:1030B0000120AE7920F05AF80F4B82689A4203D073
:1030C000284617F02DF8ADE7AB19D3F80D202046B0
:1030D000D3F81130FEF786FC284617F021F8214678
:1030E000012022F086FA0221B0E700209BE700BF12
:1030F00043590308295803082D5803082DE9F341C3
:103100000D46044622F017FCAB7900287DD00C3325
:1031100015F80380EE18B8F1010F53D0B8F1080F7D
:103120004BD0B8F1000F63D12046718922F010FA1C
:10313000B38872889A4294BF07460027092B38BF8C
:1031400009237278013B9BB29A421BD8002A08BF20
:1031500000272046FDF73EFF1FFA80F840461EF08C
:10316000BBFE88B14388B18800930846F388328952
:1031700022F034F950B9284616F0D2FF012002B0EF
:10318000BDE8F0814746E4E70123ECE7002FF2D0E9
:10319000214600201FF0EAFFC560718940460139D1
:1031A0001EF0ABFE102273890092013B1B4A9BB2BA
:1031B0002146002022F0DEF9E0E72946204622F0F1
:1031C00058FBDBE72046F18822F0C2F90746701C65
:1031D0001FF031FF0028CED0002FCCD02146002098
:1031E0001FF0C4FF2023C5600093F3880C4ADFE77B
:1031F0002946204622F02EFF0028BFD1294620462E
:1032000002B0BDE8F041FFF7CBBE2B441B7B0E2B79
:10321000D3D02946204622F00CFFEDE7452E0108C9
:10322000C758030838B504460D461FF0B0FF4207E3
:103230000FD420461FF0ABFF83070AD4204602219B
:103240001FF0A7FF29462046BDE83840034A22F078
:1032500071BA284616F064FF002038BD252D0108FC
:1032600038B504460D461FF08AFF00F018001028FC
:103270000CD120461FF08BFF10F4C02F06D1294639
:103280002046BDE83840044A22F054BA284616F0D9
:1032900047FF0C2038BD00BFA12E0108014A22F0D3
:1032A00049BA00BF512D010870B505460C460146CC
:1032B00001201FF05BFF064628461FF068FF02074B
:1032C00004D5204616F02CFF002070BD33685B0546
:1032D000F7D4284622F02FFB40B121462846FFF7BD
:1032E000A1FF18B929F057FC044670B156E8003F19
:1032F00043F4806346E80032002AF7D1214628468D
:10330000BDE87040024A22F015BA0720DDE700BF91
:10331000B92D010873B504460E461FF030FF00F0CA
:10332000300010284FF0020031D129F034FC05465E
:1033300078B34379022143F00203437122F0CEF8BF
:103340002846FFF741FC29464670204622F0C4F883
:10335000162120461FF073FF202120461FF011FF89
:103360002146012022F075F92146002022F071F952
:10337000204622F014FA012120461FF063FF034685
:10338000012021460090044A22F0F4F8002002B007
:1033900070BD0720FBE700BF575803082DE9F04335
:1033A00087B004460E461FF0F2FE00F4C060B0F590
:1033B000C06F06D1022029F0EEFB054610B90720A8
:1033C00054E00025214601201FF0D0FE814696F8EA
:1033D000068000F1120208F10C08B04408F10F0356
:1033E00008F11F0153F8040B8B4242F8040BF9D18A
:1033F0000321304622F072F83046FFF7E5FB0A223F
:10340000074608F10501013029F049F80C210DEBC0
:10341000010000F0A9FB03AB03CBC7F80B00C7F812
:103420000F10059B07F10B02C7F813300DB30A21EB
:10343000284622F053F82846FFF7C6FB29462046C7
:1034400022F04AF84FF480712046C9F80C601FF052
:1034500098FE032120461FF0F5FE00250346214675
:1034600001200C4A009522F085F8284607B0BDE8F7
:10347000F083204607F11303012120F0F3FC2046DE
:10348000314622F029F82046C9F80C5020F006FDFC
:10349000DFE700BF8B5A0308F0B589B00D4604463C
:1034A00022F0EDFAAB79002800F0A3800C33EA1883
:1034B000EB5C033B082B00F23881DFE813F00900D6
:1034C0003601360184003601360136015D007E008A
:1034D000D2F80100D2F8051003ABB2F8097003C3AB
:1034E00002F1130301210B32204620F0BBFC042122
:1034F000284621F0F3FF2846FFF766FB06460C211D
:1035000005A800F031FB05AB03CB3346C6F801003C
:10351000C6F80510079A002143F8092F2046721CAF
:1035200020F0A0FC214600201FF020FE034603AA45
:10353000478303CAC3F81200C3F8161020460821B7
:10354000FDF75EFD4FF4007120461FF01AFE204685
:1035500020F0A4FC2946204621F0BEFF032120468E
:103560001FF070FE034600202146714A009022F0B1
:1035700001F8012009B0F0BD0B21284621F0AEFF73
:103580002846FFF721FB2946204621F0A5FF2DF014
:1035900027F905464FF4407120461FF0F2FD4FF425
:1035A000805120461FF0F5FD28462DF014F94FF408
:1035B000806120461FF0F0FDDBE7284616F0B0FDE5
:1035C0004FF40071F5E70621284621F087FF2846D1
:1035D000FFF7FAFA204620F007F92946204621F0A5
:1035E0007BFF204620F080FC2146002022F001F8DD
:1035F000BFE72B441B7B043B072BBBD801A252F82F
:1036000023F000BF253601084B360108AD3601080E
:1036100075350108753501087535010875350108DE
:10362000C336010820464FF400711FF0AAFDAA79A5
:1036300020460C322A4402F109030021013220F015
:1036400011FC284616F06CFD93E74FF4806004F0FF
:103650005BFEB0B100274FF4006120461FF091FDE2
:103660002046CDE90577FDF7B5FC064620461FF05C
:1036700084FD39460346009505AAB0B221F06FFCDF
:1036800077E7214601201FF071FD00F1120120466D
:1036900020F03FFC0621284621F020FF2846FFF7B6
:1036A00093FA2946204621F017FF62E7284616F0D4
:1036B00037FD2146012021F0CCFF204620F014FCEC
:1036C00057E72DF08DF806464FF4007120461FF0A5
:1036D00058FD4FF4805120461FF05BFD30462DF021
:1036E0007AF84FF4C06120461FF056FD2946204667
:1036F00021F0F2FE214601201FF038FDC268054688
:1037000082B1937901210C331A4402F1130320464C
:103710000B3220F0A7FB204620F0C0FB2046E968D2
:1037200021F0DAFE0023EB6023E7002022E700BF50
:103730008B5A030810B5074C07492046002222F097
:1037400064F82046FFF7C8F9BDE8104001200021C9
:1037500004F0E0BDC82000209934010838B50546C2
:103760000C461FF00CFD00F01800102806D1214671
:103770002846BDE83840044A21F0DCBF204616F058
:10378000CFFC0C2038BD00BF9D33010838B50C4676
:103790008B7905460C331944E35C142B03D0152BAD
:1037A0000FD0002038BD013122F041FA1521284602
:1037B000224622F084FA2146284621F08DFE01207F
:1037C000F0E7014601201FF0D1FC0B4B82689A42C2
:1037D00003D0204616F0A4FCF1E7A1792846214445
:1037E0000D3122F024FA204616F09AFC29460120D9
:1037F00021F0FFFEE3E700BF135D030837B5044681
:103800000D460A46142122F05AFA2946204621F094
:1038100063FE032120461FF015FD3022034600926F
:1038200021460120024A21F0A5FE002003B030BD50
:10383000135D030810B5074C07492046074A21F0DD
:10384000E4FF2046FFF748F9BDE8104020200021A2
:1038500004F060BDD42000208D370108175D0308F7
:1038600073B51E46ADF800208DF80230009B04466B
:1038700001A801930D46114622F0C3F99DF80630C8
:10388000B34203D1BDF804308B4205D0284616F070
:1038900047FC122002B070BD20461FF0ECFD9DF8E1
:1038A0000230827A9A4209D18288BDF800309A4269
:1038B00004D1284616F034FC0020EBE76946204688
:1038C00020F076FA29462046014A21F033FFE1E74D
:1038D000FD3701082DE9F0411D46134307460C460C
:1038E0001646BDF8188006D12046BDE8F0411A46BC
:1038F000194622F074BA4146204621F015FE78B1EF
:10390000214638461FF032FC40238674C574214698
:10391000069338464346BDE8F041024A21F02ABEEC
:10392000BDE8F081C95E0308F7B504460D461FF0F7
:1039300060FF0646202120461FF02BFC204622F087
:1039400020FA3278C2F3030303EA1213184022F07C
:103950000FFA0646204621F0ACFE0746A8B936B15C
:1039600020461FF049FF03F059FBB0420FD120461B
:103970001FF042FF03F052FB2B4601463A46204619
:1039800022F02DFA002003B0F0BD2327EFE73946DF
:1039900020461FF072FD1621284621F09FFD284683
:1039A000FFF712F9294646708670204621F094FDF3
:1039B000032120461FF046FC402203460092214688
:1039C0000120024A21F0D6FDDCE700BF715E03084A
:1039D00010B50446002029F0DEF8014610B907238F
:1039E000184610BD2046FFF75FFC03460028F7D1BC
:1039F00029F0D1F801460028F1D02046BDE810405A
:103A0000014A21F097BE00BF29390108F7B50546E4
:103A10000E46014601201FF0A9FB036813F0F00FCA
:103A200003D02946012021F014FE28461FF0E1FEB4
:103A3000B3790C3333445F789B781F400378C3F32A
:103A4000030000EA1310384022F092F9044668B9E6
:103A5000284622F096F9384022F08AF9044628B91F
:103A600028461FF0C9FE03F0D9FA04462846002173
:103A70001FF003FD1721304621F030FD3046FFF7DF
:103A8000A3F8314644708470284621F025FD0321B7
:103A900028461FF0D7FB402203460092294600200B
:103AA000024A21F067FD03B0F0BD00BF715E03085C
:103AB0002DE9FF4107460E461446DFF8388043469D
:103AC000694638460A4A06F057F80028F7D0102C05
:103AD000254628BF102530462A46694628F001FDB4
:103AE000641B2F442E44EAD104B0BDE8F08100BF2E
:103AF000D42D0020C42D002030B589B02022694685
:103B0000FFF7D6FF6A460C4D04AB144603CC9C422B
:103B100028606960224605F10805F6D1074C08AD1A
:103B20001A4603CAAA4220606160134604F10804E1
:103B3000F6D109B030BD00BFC42D0020D42D002027
:103B400010B588B06946202016F0A6FC044630B9AE
:103B50006846FFF7D1FF0122024B83F82020204660
:103B600008B010BDC42D002070B5134B054693F866
:103B700020300C468CB00BB9FFF7E2FF0023CDE9F3
:103B80000033CDE9023354B91C22214605A8049420
:103B900028F09FFC04A8FFF7AFFF0CB070BD102CFD
:103BA000264628BF1026294632466846FFF780FF82
:103BB0003544A41BE7E700BFC42D002008B581B23F
:103BC000074820F008FA012002F0AAFF30B9054AA0
:103BD000137D59075CBF43F00203137508BD00BF96
:103BE000E8200020E020002001238340DB43064939
:103BF00001F1240252E8002F1A4001F1240C4CE894
:103C000000200028F4D17047E02000200123074A5B
:103C100003FA00F002F1240353E8003F034302F1EA
:103C2000240C4CE800310029F4D17047E02000203A
:103C3000044A4FF08040536A43F4002353620DF06E
:103C400055BF00BFE020002038B54FF01013194CCD
:103C5000002563644FF4E063A4F848300123164A5A
:103C600084F85C30154B6562C4E91532256604F0B2
:103C7000D7FB4FF48073A4F84E30114B84F85200F8
:103C8000A361104B25751A6829461378527804F100
:103C9000080013445B106375A4F8B450A4F8AE5048
:103CA00020F099F9294604F19000BDE8384020F051
:103CB00092B900BFE020002055555500D6BE898E30
:103CC000D1620308E02200202DE9F843214C9946F7
:103CD000636A0F46DB0715469DF824609DF828802F
:103CE00035D468B30120FFF791FF626A9DF8203058
:103CF00022F4C07242EAC312052E626284F8506058
:103D000007D105F02DF948B96D00ADB2BD4228BF0D
:103D10003D4694F8500022F0D1FA0646636A84F8D2
:103D20005C60A4F84470A4F8465084F84890B8F158
:103D3000000F09D043F4801301206362BDE8F883CB
:103D40000120FFF751FFD0E723F48013F4E70020B0
:103D5000F4E700BFE0200020024B586AC0F3800067
:103D6000704700BFE020002010B51A4CFFF7F4FFA9
:103D7000636A13F0010313D1A8B994F85D3094F885
:103D80004910253BDBB20133DBB2032B28BF0023F4
:103D900041FA03F2D207F6D5253384F85D3014E0FA
:103DA00094F8503010B194F85120134303F00503F8
:103DB000052BE2D105F0D4F80028DED194F85C3070
:103DC000012B03D1032384F85C3010BD012384F858
:103DD0005C30D2E7E0200020024B586A00F001007E
:103DE000704700BFE0200020F8B540F271232F4C4F
:103DF000E36018B1237D43F00803237523F09AFA9A
:103E000040F27121B4F84620E66B151F4D43AE42D7
:103E1000236CB4F8447018D2A3F5967301FB0733F2
:103E2000E768181A23893B4483420EDA5143237D05
:103E3000891B43F0080323758142D4BF21612061AF
:103E40001A48BDE8F84023F0ADB840F271277A4334
:103E5000A2F5E1722261FFF787FFB4F84420236CDA
:103E6000AE4207FB0233636023644FF00003104A45
:103E7000E3630DD3FFF770FF136838B19A791B7BAA
:103E8000617D0B4493420DDC6375D9E71A78F6E740
:103E9000FFF762FF136838B1DA79197B637D5B1A2B
:103EA0009342F1DA6275CBE75A78F6E7E02000201A
:103EB000E022002040B1A0F11003F02B07D8054B01
:103EC000A3F84E00002070474FF48070F7E71220EF
:103ED000704700BFE020002038B505460D4C80B18A
:103EE0000320FFF781FE002384F84D300123A4F85E
:103EF0004A300420FFF778FEBDE838401020FFF775
:103F000073BE0520FFF770FE012384F8AD50A4F8BE
:103F1000B030EEE7E0200020274B70B55A6A0D461E
:103F200009B3160747D503F14D0603F14A0428B338
:103F3000D1061FD52388012B1CD95B0804202380C0
:103F4000FFF752FE1020FFF74FFE23F0B1F9238850
:103F5000B0FBF3F202FB1300307055B30320BDE851
:103F60007040FFF741BE940625D503F1AD0603F17D
:103F7000B004DCE70420FFF749FEE3E7D20314D5E1
:103F8000B3F84A10B3F84E2091420ED22288102086
:103F9000520092B22280B3F84E30934228BF1346AB
:103FA0002380FFF721FE0420CDE71020FFF72EFE2F
:103FB000F9E70520D3E770BDE020002070B58AB096
:103FC00005466B46484AAC7910685168127A03C3BB
:103FD0000C3408201A702C4404F096F920B1012208
:103FE0002846A11D28F0E7FB0021A379CDF8211078
:103FF0008DF80F30A37AADF8251003F00F0303F10D
:1040000028026A4412F8282C8DF82010ADF81020F0
:10401000062B08D8DFE803F0044F07075F074B00C3
:104020000D20FFF7F3FDA37A0DF11301C3F3801305
:104030008DF81230E3680DF11200CDF81330238AA9
:1040400009AEADF8173000231A461DF074FFE3796E
:104050001C218DF819304FF47F43ADF81A307F23BF
:104060008DF81C30637928468DF81D300023ADF89B
:104070001E30AB7903AC1233AB7128F000FCAB7986
:104080002B440C33224603CAB242186059601446CE
:1040900003F10803F6D1106829461860134828F088
:1040A0009DFC4FF080400DF021FD0AB070BD0D2049
:1040B000FFF79AFDB7E7D4F81230CDF82130E38A44
:1040C000ADF82530EB79063BEB71A37AC3F3C0134F
:1040D0008DF82030A7E7064B5B6A9B0444BF42F093
:1040E0000102ADF810209EE72C23040800210020D7
:1040F000E020002070B583790C33C4182379DA07E7
:1041000002D44FF0FF3070BDA37AE27A03F00F05BE
:10411000082DF6D8062D01D92846F4E7911F1F294E
:10412000EFD8012D1FD10C2AEBD1244E736A13F066
:10413000060F01D1DB05EFD41DF00CFF20B91DF0F7
:1041400000FF0028E8D1DCE7A37A96F84820C3F303
:10415000C010B2EBD31FD4D104F1120100F0010062
:1041600023F013F8EDE7042DD6D11449144A486A18
:104170000240002AC5D0096B0029CDD08A79C3F34B
:1041800080130C3288188A5CB3EBD21F08D01DF064
:10419000E1FE0028C0D11DF0C9FE0028BCDBB0E75D
:1041A00004F10C010622083028F069F904461DF0DC
:1041B000D1FE0028B0D1002CAED0ECE7E0200020EA
:1041C00008000400F0B5214C87B0A06A00B3E76A8C
:1041D000BE79FCF7FFFE0223FF210C36BA5DCDE964
:1041E0000431BD1995F8233000215B090393AB8B93
:1041F000D20902936B8B80B201932B8B009305F154
:10420000080320F0C2FDA06AFDF7F0F90023A362C5
:10421000E06A15F085FF0023E362636A23F004027D
:10422000DB07626208D594F85050052D06D104F0E2
:1042300097FE18B184F85C5007B0F0BD94F85000B8
:1042400022F03CF884F85C00F6E700BFE020002094
:1042500013B5154C2CF0C4FA236A01930023236292
:104260002CF0B9FA019BA3B9636A1A0406D51FF0B2
:10427000FBFFA0B1636A23F400436362636A1B031C
:1042800005D5FFF79FFF636A23F40023636202B042
:1042900010BD01A828F0D1FA20F051F8E2E74FF064
:1042A00080400DF023FCE9E7E020002038B50E4DFA
:1042B000044603F06FFB286B18B115F031FF0023A3
:1042C0002B6300F0C9FB0948FDF7D6FEEB6A0BB182
:1042D000FFF7AEFC044884F0010122F070FEBDE857
:1042E0003840034828F08BBAE0200020E820002066
:1042F00000210020034B586A10F0050001D1FFF7A0
:10430000D5BF7047E020002070B53B4C1646636A6D
:1043100003F0010270B95AB12CF062FA636A0546E3
:1043200023F001036362FFF7E5FF28462CF053FA00
:10433000002070BD002AFBD19B0704D5236BBBB1C5
:104340000120FFF7C9FD94F8483003F0FD03012B6D
:1043500016D02CF045FA0546C6B10E20FFF756FCE4
:1043600022F0E8FF42F2107303FB0600606310E0E6
:10437000022028F010FC20630028E1D10720D8E7B4
:1043800022F01CFF0028E4D11220D2E70E20FFF714
:104390002BFC0020FFF73AFC636A13F00403C4D13E
:1043A00040F27122E363B4F84630E260023B5343CB
:1043B000236122F07DFF0323B0FBF3F303EB430300
:1043C000C31A253384F85D30FFF7CEFC22F0B2FF2C
:1043D00060602064B4F8B400002808BFF520FFF73F
:1043E000EDFB064B04481A681378527813445B10AF
:1043F000637522F0D7FD98E7E0200020E02200203E
:1044000038B51A4C0546237D23F00803237503F0C5
:10441000C1FAB4F8B4302BB9A36813F4601F08BF15
:10442000A4F8B4300021114822F0C9FD104BA3615B
:10443000636A5A0405D485F00100BDE83840FFF7EF
:10444000D3BC626B6168521A002AF4DA23F00103CC
:1044500043F400436362FFF74DFF4FF080400DF0DF
:1044600045FBFFF779FC0028E5D138BDE0200020AE
:10447000D162030808B5FFF76FFCB0B10B4B586A67
:1044800020F0040210F001005A6203D1BDE8084098
:10449000FFF70CBF03F07EFA00F0DEFAFFF7C8FB6F
:1044A000BDE808400020FFF7ABBF08BDE0200020BA
:1044B0002DE9F04F4FF0000B2E4C89B0E66AA36A4D
:1044C000B779C4E90ABB0C37F51901936B6A9046BA
:1044D00082468946039304F03BFCF35D05F108072F
:1044E0003946C3F3C01306A88DF818301DF03CFD03
:1044F000FF238DF81930636A01A8C3F380230E35BA
:104500008DF81A30CDE904578DF808B08DF81BA04E
:104510008DF81C908DF81D80FDF726F9304615F0BA
:10452000FFFD636A23F02402DB07626205D40120E9
:10453000FFF7BCFE09B0BDE8F08F0F4B94F8505068
:104540001A68052D1378527813444FEA6303637594
:104550000AD094F8500021F0B1FE0546012084F8FD
:104560005C50FFF74DFFE5E704F0FAFC0028F0D0BF
:10457000F4E700BFE0200020E022002037B5054628
:1045800008461146254A526A02F41072B2F5107FAD
:1045900004D1022B40D0032B08BF01230193162323
:1045A00000F0010200932846052321F0D0FEAC79EB
:1045B00020F005FF0C342C440321C4F80E0004F154
:1045C0001200FFF7D1FABDF8203004F11E0023835A
:1045D000BDF82430E38202236375BDF8183063838D
:1045E000BDF81C30A383FCF7A3FB0C22A37CB3FB18
:1045F000F2F102FB113394F82320053363F3040234
:1046000084F8232002F036FD94F8233060F347133A
:1046100084F8233003B030BD0023BFE7E020002042
:104620002DE9F041054686B000208846174628F05F
:10463000B2FA0646002800F0A780544C0620C4F8C1
:10464000288095F8018018F0010800F09280FFF7AB
:10465000DDFA2A79636A023A012A98BF88F00100DC
:104660004FF0000893BF43F4007323F4007300205D
:10467000636288BF63621DF078FC05AB029304ABF4
:104680000193EB89CDE904880093AB89EA8AA98A72
:10469000A06AFDF72DFC40F2E242059BCDF80C80AC
:1046A000B3FBF2F39BB202936B8A304601932B8AE1
:1046B0006A1D0093A9782B79FFF760FFB379049AFC
:1046C00033441A63E6622CF08BF806464046FFF747
:1046D00003FC636A43F0040363622D4B1A68937909
:1046E000D27913445B106375ED7884F8515005F06E
:1046F0000505052D40D0284621F0E0FD0546636AFA
:1047000084F85C5013F001022CD1E263002F38D002
:1047100043F48013B4F8B4006362002808BFF520A6
:10472000FFF74CFA40F27122B4F84630E26053438E
:10473000A3F5E173236122F0BBFD0323B0FBF3F388
:1047400003EB4303C01A00F1250384F85D30002316
:104750002366FFF709FB22F0EDFD606020640B4843
:1047600022F020FC30462CF036F8002006B0BDE8E0
:10477000F081FFF739FA6CE704F0F2FB0028BAD0B9
:10478000BDE723F48013C5E70720EFE7E020002012
:10479000E022002010B500F00704204627F0B6FE06
:1047A000002808BF0724024B83F8494010BD00BF12
:1047B000E02000200E4A68B102F1240353E8003FD4
:1047C00043F4802302F1240040E800310029F3D1B2
:1047D0000020704702F1240353E8003F23F48023B4
:1047E00002F1240040E800310029F3D1F0E700BFD6
:1047F000E0200020014B93F852007047E020002099
:1048000038B505464FF480200C4603F07DFD48B1D5
:1048100040F22E432046C4E90333BDE83840104936
:1048200002F0EABA0F4B9C4217D1042D14BF284660
:104830000320FF2122F021FE42F20F7300F5AF703A
:10484000984298BF42F21073A4F18804C4F894000F
:104850008CBFC4F89800C4F89830012038BD00BF60
:104860008096980068210020002310B5104CC4F8F1
:10487000A030012384F89C30B4F8AE30B3B1B4F862
:10488000B4100C481FF0A7FB012002F049F938B919
:1048900094F89C305A075CBF43F0020384F89C30C4
:1048A0000120BDE810400449FFF7AABFF521E8E761
:1048B000E020002070210020682100207FB56D4697
:1048C000264C04F045FA04F154030FCB85E80F00A1
:1048D00094F8723094F8AC200021C8208DF808308C
:1048E0008DF809201EF088FB0146284605F00AF8DD
:1048F000284622F026FD1DF0BBFA002201460420C6
:104900001DF0C6FAD4F8A85022F014FD636A2D1ADF
:1049100013F4003F4FF480200CBF1026112603F043
:10492000F3FC28B102F0E4F8A0F52F7022F0EDFCC2
:10493000D4F8A8108C2D94F89D3001F5FA7007DC9E
:1049400001461A46304622F079FD012004B070BDC0
:104950000246304622F033FDF7E700BFE02000209A
:1049600073B5437901906FF30003437101221C2159
:1049700001A828F04DF948B1144A01A8536A43F43C
:104980000063536227F03BFF02B070BD019A104CE8
:10499000537904F1180643F00103537193791344DA
:1049A0000C33254603CDB542186059602C4603F1FF
:1049B0000803F6D1286811461860064828F00EF85A
:1049C0004FF080400DF092F8DEE700BFE0200020BD
:1049D000442100200021002010B50A4CD4F8A0008A
:1049E00020B194F88730012B01D0002010BD22F0B7
:1049F000A1FCD4F8A830181AB0F57A7F94BF002033
:104A0000012010BDE020002010B5124C636A1B0588
:104A10001FD5012028F0BFF828B9BDE810404FF09D
:104A200080400DF063B8B4F8683023F0600343F0C1
:104A30004003A4F86830FFF793FF04F1240353E820
:104A4000003F23F4006304F1240141E80032002A0E
:104A5000F3D110BDE020002010B50A4CD4F8A030EE
:104A60005BB1012104F1880022F0A9FA04F1900061
:104A7000FDF702FB0023C4F8A030BDE81040FFF7AB
:104A8000C3BF00BFE020002010B5044602F096F935
:104A9000844201D104F05CF9084BB3F8AE2032B97E
:104AA000D3F8902012F4601F08BFA3F8AE20FFF7E0
:104AB000D3FFBDE810400120FFF7A2BCE02000209A
:104AC000F7B54D4C05460E46174622F033FC94F8D8
:104AD0008730022B05D0D4F880301B1AB3F5FA7F4B
:104AE00044D2AE61294694F87200FFF789FE06466B
:104AF0004FF4802003F008FCA8B1B6B101F0F8FF34
:104B0000A0F52F7022F001FC3C4B3D4A3846CDE920
:104B10000032D4F8803094F8842094F8721022F097
:104B20006CFC064601E0002EEED11DF0A1F900223A
:104B3000014604201DF0ACF9002003F053FAA54211
:104B400009D1D4F8A03033B1002104F1880022F05B
:104B500036FAFFF781FFD4F88030C4F8A83094F813
:104B6000843084F8AC30304603B0F0BDA54214D197
:104B7000D5F8A0208AB1D5F8A820121A934205D3FF
:104B80000121284622F01BFA0126ECE7002105F15D
:104B9000880022F014FAFFF75FFFD4F8803001217B
:104BA000C4F8A83094F88430284684F8AC3022F059
:104BB00006FAD4F88030C4F8A060C4F88C30637D65
:104BC00084F89D30FFF7C8F80E4B1B6890B1DB7975
:104BD00094F89D200C4993423CBF02F1FF32D3B2BE
:104BE00094F8720084F89D30FFF70AFE064822F020
:104BF000D9F9C9E75B78EBE7E0200020555555006F
:104C0000D6BE898EE0220020682100202DE9F04FD9
:104C10008D798BB00C350D44EB7A07910390002B06
:104C20003BD017462E7B8B46B20916F03F0618BFC5
:104C30006E7B0292012F05F10E029046049200F065
:104C40008D8140F27C81FA1E012A26D8029AB2FA9E
:104C500082F94FEA5919B9F1000F1ED02A7B02F0F0
:104C60003F029A4219DAB94C636A23F40033636253
:104C70002B7BC3F38113013BDBB2012B56D9584682
:104C800004F0ACFA94F8863083B194F88730002FA2
:104C900040F08380F2060BD453B107A827F0AFFD94
:104CA0004FF0000948460BB0BDE8F08F002F74D1DB
:104CB000FF20DDF81CB02B7B9BF806A04FF0000E08
:104CC0000AF10C0ADA449AF807104FF47F4C84F882
:104CD0006A004FF07F0094F85C209B09052AA4F835
:104CE000683084F87400A4F876E0A4F872C000F08C
:104CF000348284F871201BB1636A43F40033636229
:104D0000F3071CD5D5F80E30049AC4F86B3092889E
:104D10008F4B9A80AB7A13F0400340F05782626A5F
:104D200022F48052626284F86A304DE0012FA6D1ED
:104D30009BF806A00AF10C0ADA44F10740D4B20746
:104D400046D4730700F18D80300741BF98F80130D9
:104D500008F10208C3F3031384F87330012F40F005
:104D600091809AF80C3003F0C003402B02D0802BC6
:104D700040F088800023626AB4F8680022F40032B0
:104D8000F10620F06000A4F88630626248BF08F1A6
:104D9000030880B2A4F8680092E0DDF81CB0042F8C
:104DA0009BF806A00AF10C0ADA44C6D1B4F86830C0
:104DB000580754BF0A230E23F107A4F86830BED564
:104DC00094F86A30FF2B9DD0B20705F11408B8D5CE
:104DD000BB1E022B40F2BE8194F84800AA7AB0FABA
:104DE00080F35B09B3EBD21F00F0BC81003818BF21
:104DF0000120414622F0C9F90346A87A4146C0097C
:104E000005931DF0A9F806901DF097F8616A069ABF
:104E100001F4807C05991346002900F0AE81AB7A3D
:104E2000DB09002A00F0A780BCF1000F00F0A3808E
:104E3000002840F0A380FE2384F87830D8F80030B2
:104E400008F10608C4F87930B4F8683038F8022C54
:104E500043F00403A4F868303E4B9A8073077FF553
:104E600073AF1DF005F84FF6FF73CDF804B0009353
:104E70000146374B94F86A20042008F101081CF021
:104E8000E9FF61E7344ADAF80030009241463246E1
:104E900094F852001DF02FFE8044B4F8680094F896
:104EA000863020F06000626A80B2002B3FF472AF5F
:104EB00094F8853040F02000A4F8680084F872303F
:104EC00016F0200A1BBF98F8023098F80310CDF8AE
:104ED00014A043EA01231EBFCDF81480A4F8763055
:104EE00008F11208012F50D006921DF033F8F20697
:104EF0000DD4069A80F00100C2F3C01BC3B25A461B
:104F0000134994F86A0022F0C2FA00284FD0042F07
:104F1000DDF81CB05CD8022F55D8002F58D1029B69
:104F2000626A022B00F0F88194F88730002B40F081
:104F30004881BAF1000F40F0AF81D1464EE0029AAD
:104F4000B2F1030918BF4FF0010984E6E020002008
:104F50004B21002059210020602100209E4AB2F8F8
:104F60006890029A09F00309A9EB0209B9FA89F9D4
:104F70004FEA59196FE600283FF45EAF94F84830C5
:104F8000002B40F07C81022356E7530758D4C2F32C
:104F9000C01B1CF0DFFF80F001035A468F4994F8D4
:104FA0006A00DBB222F073FA002840F0DB81BBF12B
:104FB000000F00F01F81BAF1000F40F08F814FF019
:104FC000000907A836E094F88730002B40F0ED8008
:104FD000BAF1000F40F06081D146626A730648BFA3
:104FE00098F80030CDF820B048BF84F874302B7B9F
:104FF000D00703F03F081CD5002F5FD1F10618D46D
:105000004FF0FF3108A804F0B9F8089804F0E6F86A
:10501000AB7908A884F867306B7908F10D0184F842
:10502000753027F0F4FC0898002800F04F81C78005
:105030005BE008A827F0E3FB48460BB0BDE8F08F23
:10504000029BD807A3D5DDF81CB00297C2F300334A
:1050500094F87220012100920020604A02F06AFD5B
:105060008146584604F0BAF8B9F1000F40F05D816E
:10507000BAF1000F40F0F480029B002B00F0098190
:10508000D4F824A01CF066FF034683F00103CAF3A2
:10509000C012524994F86A00DBB20AF0800A22F08A
:1050A000F6F9002840F08A80BAF1000F89D1514604
:1050B0001CF058FF002800F0818082E74FF0FF319C
:1050C00008A804F05BF8089804F088F8AB7908A801
:1050D00084F867306B7908F10D0184F8753027F09A
:1050E00096FC0898002800F0F180B4F86830099028
:1050F00003F06003202B636A4FF001020CBF43F4FE
:10510000006323F40063636243791C216FF300039F
:10511000437109A827F07CFD002840F0F780099E24
:105120002F4C7379B57943F00103737135440FCC7B
:10513000E86029616A61AB6107CCE8612962A4F18A
:10514000600031466A6227F049FC4FF080400CF065
:10515000CDFCA7E508F10608F3E504290A4608BFD7
:105160000322C6E54146D0091CF0F6FE05901CF06E
:10517000E4FE616A059B01F4807C33B1BCF1000F51
:105180007FF456AE00287FF4F9AED4F8A0304BB1CE
:105190000121144821F013FF1348FCF76DFF002391
:1051A000C4F8A030FFF730FC77E5002203980F49E0
:1051B000FFF786FC8146BAF1000F6FD1DDF81CB015
:1051C0000BE703980A49C2F34042F1E7626A012300
:1051D00042F48052A6E500BFE02000204B210020D1
:1051E0004421002068210020702100200F64030862
:1051F00099530108594658461CF0B4FE00287FF424
:10520000DAAE042FDDF81CB03FF6E2AE022F3FF617
:10521000DAAE002F3FF483AE012F7FF4D9AE626A7D
:10522000029B51077CD4012B04D902F00303032B0A
:1052300000F0838094F887302BB303985349C2F36E
:105240004042FFF73DFC034658469B4603F0C6FF2D
:10525000BBF1000F1AD0BAF1000FAFD000230293B8
:1052600094F873204A4994F86A00D5F800B000F029
:10527000A9F900287DD1029B002B9FD000E7012BCC
:1052800008BF0323D8E5584603F0A8FFBAF1000F82
:105290006BD14FF0000991E74FF0000994F87320AB
:1052A0003B4994F86A00D5F800A000F08BF900287B
:1052B00084D005F10C0094F872B021F05FFD5146E6
:1052C0000346059A584600F0D5FB77E7012027F002
:1052D00062FC089000283FF4E5AC06E794F87320E0
:1052E0002B4994F86A002E6800F06CF900283FF40E
:1052F00066AE05F10C0094F8724021F03FFD314696
:105300000346059A204600F0B5FB58E6636A09A8F3
:1053100043F4006363628DE691073FF505AE08E64E
:10532000D807B0D50023029390E65946002002F03A
:10533000E9FBBAF1000F9ED092E7584621F05FFEDC
:1053400008B9626A76E7A97A0498C1F3801102F07D
:105350009BFB002897D00F4B039A5846936103F0AC
:105360003DFF78E7DDF81CB059E70023994602932A
:1053700076E705F10C0094F872A021F0FFFC594685
:105380000346059A504600F075FB74E70F64030866
:105390004B21002033640308532810B50C4610D06D
:1053A00006D8512817D02146BDE8104020F0F9BF9B
:1053B000A0F15503012BF6D82046BDE81040FFF7B9
:1053C00063BB0022064B0120A3F8862021F004F8DD
:1053D0000028F1D010BDBDE8104002F07BBB00BF3B
:1053E000E020002053282DE9F74F0C4615D007D8B0
:1053F000512878D0214603B0BDE8F04F20F0D1BF4E
:10540000A0F15503012BF5D8A0F1560358424FF0F7
:1054100000015841FEF780FD2FE04FF0000901A880
:105420004FF0FF31CDF8049003F0A8FE0198DFF8AB
:10543000D88048B103F0D2FE0198FEF75BFE082841
:1054400021D001A827F0DBF901F0B8FC844201D19A
:1054500003F07EFC0021204621F0B1FDFFF7FCFAAD
:10546000D8F824305A0703D500210846FEF754FD2A
:10547000D8F8243013F0050F40D0204603B0BDE823
:10548000F04FFFF701BB019DD8F82C70AB79BE79C6
:105490000C331D441CF04DFDE8B11CF047FD002805
:1054A00019DB0C36B85D07EB060B0BF1080A4A4610
:1054B0005146C0091CF052FD68B1D5F80E30CBF84A
:1054C00008306B8AABF80C30AB7ABA5DC3F380134B
:1054D00063F3C712BA55002295F9051098F87200C7
:1054E000FEF7E6FFADE7074B11201B68597803F084
:1054F000C1F9054A536A43F02003536203B0BDE883
:10550000F08F00BFE0220020E0200020028D30B5A7
:10551000456A1203B2FBF5F20A4B1B6819795C79F4
:10552000B0F88830A142D8BF611C0D1BB2FBF5F268
:105530001B02B3FBF2F323448B42A8BF0B46437517
:1055400030BD00BFE0220020034B5B68C01A034B54
:1055500080105843C0B27047982100208BAFF88A62
:105560007FB516468DF80700012204460D460DF161
:10557000070002A91CF0F4FC104B9A7EB2421AD12B
:10558000DB7E003B18BF012388B19DF8074002ADC8
:10559000003C18BF0124A3420DD106222946084829
:1055A00026F06DFFB0FA80F0400904B070BD003CF9
:1055B00018BF0124EFE70020F7E700BF9821002083
:1055C000B4210020F8B50E4C074623680D46164658
:1055D00013B900231846F8BD1B6ADB030BD521F075
:1055E00073F803460028F4D0E7762868E061AA88BB
:1055F000A6762284EEE7BDE8F840FFF7B1BF00BF12
:105600009821002010B504460D220021783026F0A4
:1056100060FF0A4B0A4A5B68E31A9B105343DBB2F4
:10562000A4F87B307F2384F87D304FF67F73A4F895
:105630007E3040F2FF23A4F8823010BD9821002074
:105640008BAFF88A2DE9F0410646394827F0D7F8A4
:1056500000274FF08C08374C94F82230FDB2AB4253
:105660002DD800250820256084F8225014F0C8FCAD
:1056700028461CF00BFC284620F000FF002E43D0EB
:1056800006EB8601C1EBC10189002B4601220820EF
:1056900089B214F071FC0546F0B100258C2694F80F
:1056A0002220EBB29A423BD8082014F0A9FC00203B
:1056B000606084F822001CF0E9FB072025E008FB6D
:1056C00005F5606801372844703027F098F8606865
:1056D00028441CF0B9FBBFE7082014F0B3FC60605D
:1056E0000028DAD08C2784F8226094F82200EBB2EC
:1056F00098420CD81CF0CAFB0028CED1304620F0CE
:10570000BDFE0028C9D120830020BDE8F08160687B
:10571000013507FB03001CF095FB0028E5D0BCE732
:105720006068013506FB03001CF08EFBB7E700BF85
:10573000A42100209821002038B58368044613B1C5
:105740000830FCF799FC002504F17000A56127F0F2
:1057500056F8606F256221F000FA074B65675868BC
:10576000064B201A80105843C0B21CF083FB294618
:105770001CF079FB38BD00BF982100208BAFF88A60
:105780002DE9F347324E1F463368804689468DF82F
:105790000720002B5AD110F0010A0DD02BF020F871
:1057A000002296F822507168AA4214DB2BF013F8FD
:1057B000072002B0BDE8F08739460DF107001CF064
:1057C000D3FB3A4648469DF8071020F05AFE0028C1
:1057D000E4D00B20EDE70C46236A8C319B0625D4E0
:1057E000202323622AF0F7FF9DF83050236A05F04A
:1057F0001F0518F0020F45EA030519D12562BAF119
:10580000000F18D045F4803525620123A4F88630B6
:1058100005230020A4F88830BDF82830A0606385F7
:10582000BDF82C30606723853460C2E70132BBE7E6
:1058300045F40045E2E73868064BF061BA8886F81F
:105840001A909A809DF80730F376DEE70C20B0E7D7
:1058500098210020B4210020084B93F82220824296
:1058600009D98C225B6802FB0030036A13F0200F19
:1058700008BF002070470020704700BF982100201B
:1058800030B570B1094B93F822405A6800239C420E
:1058900001DC002005E0556F02F18C01854201D149
:1058A000104630BD0A460133F1E700BF98210020C1
:1058B00038B5FFF7D1FF044690B12AF091FF094BAC
:1058C00005461B68A34203D12AF085FF0C2038BD92
:1058D000204620F0DDFD28462AF07DFF0020F6E777
:1058E0004220F4E798210020014B1868704700BF60
:1058F000982100202DE9F047089C06460F461546E2
:105900009846002C00F0AC80236A180500F1AA80AC
:105910005388052B03D811252846BDE8F0876B78FE
:10592000127803F01F0152EA012201D15906F2D583
:1059300001202A1D04F14401FBF706FA94F84430D3
:10594000012BE8D984F83C60D5F809300022636364
:10595000234643F8382FB5F80D20DFF8149122873D
:10596000EA7B04F108009A706B885B0063622B7A13
:105970005B0984F82E302B7C6A7C43EA0223A385E2
:10598000394BA36141F28833C4E903330523A38271
:1059900040F2F913B9F81810002908BF19461EF093
:1059A0001AFB012001F0BCF828B9237D5A075CBF1F
:1059B00043F0020323756B782E7803F01F0213F077
:1059C000200F46EA022614BF4FF496721E22564359
:1059D0005B0648BF06F5161604F1300A37445146F7
:1059E000204667601FF0DBFC33465146204604F139
:1059F0002402FCF7B3FF6B78012213F0200F0CBFD9
:105A00001E234FF49673514620461FF0CEFC2046CD
:105A100099F81A3099F81B20144920F031FDB8F19B
:105A2000000F0FD0606F78B900F0DCFB70B101227D
:105A30004146606721F009F9054640B939462046DC
:105A400000F0BAFC002567E70022F1E70725236A8A
:105A50004FF0807043F4011323620CF047F85BE7CA
:105A60001F2559E70B2557E761680308B42100207B
:105A70009821002013B5074C24680094FFF73AFFE3
:105A800028B9204602B0BDE8104020F043BD02B066
:105A900010BD00BF982100202DE9F04700274FF0EE
:105AA0008C08844C8AB094F822309F4210DA42F27B
:105AB0002003656808FB07552A6A93432CD102200E
:105AC00027F069F8064698B94FF080700CF00EF890
:105AD000794FE668002E5BD14FF08C0844F2200924
:105AE00094F822309E4263DB00200AB0BDE8F087C4
:105AF00000222B6A696F23F4205343F48013226041
:105B00002B6259B10146284600F008FC2B6F1BB9E7
:105B1000022027F040F828670137C4E795F83CE0F9
:105B20006268CDE90411CDE90211DFF8949195F88E
:105B30002EC0AA1A9210CDF804C009FB02F26B6ABB
:105B4000D2B2C3F34F0CCDF800C0734620F09BFCDB
:105B500001460028DAD16368CDE90700CDE90500E8
:105B6000EA1A95F82E30921004936B6A09FB02F240
:105B7000C3F34F03039395F83C30304602934F4BE9
:105B8000D2B20193E37E0093A37E1EF083FABDE7B9
:105B90002AF026FE0646384626F04FFE05463046D9
:105BA0002AF019FE002D94D028461EF021FB90E724
:105BB000656808FB06552B6A39EA030314D10220F5
:105BC00026F0E9FF0746002871D02B6A13F48012F3
:105BD0000CD061683A4B691A89105943C9B21EF05A
:105BE000F8FA2846FFF7A8FD013679E79803226006
:105BF0000DD419030DD413F4001F14BF07223E2245
:105C0000696F41B13946284600F088FBE9E71A225E
:105C1000F6E74422F4E7626895F83C30CDE90411D8
:105C2000CDE90211DFF898A095F82E10AA1A92106B
:105C30000AFB02F20191696A3846C1F34F010091F3
:105C4000D2B23E2120F01FFC0028CAD12B6A1B488B
:105C500013F4003229D113F4002F20D04421026024
:105C6000828062836368EA1A0023CDE90733CDE9B5
:105C7000053395F82E30921004936B6A0AFB02F2FA
:105C8000C3F34F03039395F83C30D2B2CDE901033F
:105C9000E37E38460093A37E1EF0FCF9A1E713F4DF
:105CA000001F14BF07213E21DCE71A21DAE7072095
:105CB0001BE700BF98210020A4210020B421002070
:105CC0008BAFF88A036ADA0407D48A7943F48053E5
:105CD0001144C968014A036291607047982100200D
:105CE000036A0146DA0408D523F480530362034BA8
:105CF00030319B6843601FF052BB704798210020F1
:105D000038B51F4B05461A8B0C4622B9826812F42F
:105D1000601F08BF1A834121204603F02FFA216833
:105D200011B94FF0FF3038BD8B796A6F0C331944CD
:105D30000B79887ADB0700F00F04F2D5EAB1072C63
:105D40000AD1CA7A002AECD00B7B03F03F019142C2
:105D5000E7DA3F2B08D9E4E7052CE2D11231C0097C
:105D600021F013FA0028DCD02B8D6A6A1B01B3FBEB
:105D7000F2F320B2A5F88830D5E7072CE1D0D0E7C0
:105D80009821002038B54379044643F0010343715C
:105D90002AF026FD05462146054826F01FFE4FF055
:105DA00080700BF0A3FE2846BDE838402AF013BDF2
:105DB000A42100202DE9F04791F806A0436F0AF1D5
:105DC0000C0A8AB001EB0A07002B894603910446AE
:105DD0000CBF2321332106AA07F10C001CF005FF9C
:105DE0009DF81E50002D7ED1236A03F40163B3F5A4
:105DF000016F00F08280FF21636F84F87F10002B19
:105E000040F08B80204659F80A2006A900F0F8F8E7
:105E100006464FF0FF3103A803F0B0F9236A5D4D49
:105E200013F4006F08D0002243F400534FF0807049
:105E300023622A600BF05AFE94F97E307F2B04BF58
:105E40007B7984F87E3094F97D307F2B06D19DF8E4
:105E500022200AB1069B9B5684F87D309DF82310C2
:105E600009B1069B194420469DF8242020F068FBC8
:105E7000D4F87480B8F1000F51D16868DFF8189138
:105E8000201A801009FB00F0C0B21BF0F3FF6A6813
:105E9000039BA21A921009FB02F20193A38D014603
:105EA000009303204346D2B21BF0D4FF3F7B07F0A0
:105EB0003F0707F10D03452B04D903A8383F26F00F
:105EC00023FDFBB20398827913448371AB7D059067
:105ED0005BB3012384F8833026F01EFD38BB05A890
:105EE00026F08DFC15E0069B2046595D890920F0BF
:105EF00087FB054600287FF47FAF0026039B05A89B
:105F0000059326F07CFC236AA4F8885043F4003300
:105F1000236230460AB0BDE8F087002679E72046C4
:105F200059F80A1020F0ABFEC0E784F88330236AEA
:105F30001B04D4D4059826F0EFFC0D215FFA80F8FD
:105F4000059826F09CFC0028C9D0059D04F1780234
:105F5000AB7904F1800C0C331D442B46174603CF5C
:105F60006745186059603A4603F10803F6D138686E
:105F700018603A79606F1A71A38D2B8140B120F0BF
:105F800082FEA87285F80C800598FFF7FBFEC0E73B
:105F9000FF20F6E7982100208BAFF88A2DE9F04129
:105FA00006460F46904600240D4D15F8013CFF2B88
:105FB0000BD015F8022C424507D1B34205D1062279
:105FC0003946284626F05BFA38B10834502C05F1E2
:105FD0000805EAD10020BDE8F08102482044FAE734
:105FE000E72D0020E52D00200023FF21034A02F8C1
:105FF000331001330A2BFAD100207047E62D002020
:1060000073B50D4604461646FEF7F4FB297A19B31C
:1060100010222B681944174B009333461CF06BFD7C
:10602000236A1B0401D5A879A0B1134DE87D88B17E
:106030002E6921F07FF9361AB6F5FA7F2A7D0DDA3E
:10604000636B00200193A36B00932B6994F83C10C1
:1060500021F0D3F902B070BD0A46DCE7074B2046B9
:10606000A3612B69002184F88520636020F0B8FFCC
:106070000120EFE7A821002098210020D76803081D
:1060800038B50446354B836120F098FB2046FFF776
:1060900027FE204620F0F7FA00285BD0618D013101
:1060A00089B2A4F886102046C9B220F0D3FA00289D
:1060B00052D1A38DB4F886201344226A9BB25203B6
:1060C000A38515D5226F91790C310A44B2F80510D9
:1060D000CB1A1B030CD5012004F14401FAF734FE5E
:1060E000236A04F1700023F48023236226F087FBE7
:1060F000224640F2712552F8241FB4F8863020461B
:106100004B4304F130016B43FCF728FC236B94F8FC
:106110003C109B0803F54873FF22E36000201CF04D
:10612000B8FCE368C8330344E360636A2046013B7C
:106130006B432361FFF7EAF9636AB4F886202046CF
:106140005A436368012105FB02336360BDE83840B0
:1061500020F046BF0121A4E738BD00BF61680308F5
:106160001E4B70B51D680923826923FA01F11C4B8F
:1061700001F001019A4217D1EB7B99B906262D7CDB
:10618000427D5C1B94FBF6F4E4B2012C38BF012481
:10619000A24232BF0A46121BD2B295421BD893428A
:1061A00028BF1346437570BD6B7B0029FAD10626C4
:1061B000AD7B447D5A1B92FBF6F2D2B2012A38BF66
:1061C0000122944224BFA41AE1B28D4203D88B422B
:1061D00028BF0B46E6E72B46E4E700BFE02200209D
:1061E000CD6701082DE9F0412AF0FAFA254B054662
:1061F0001878254B1A680023984204DC28462AF0B8
:10620000EAFA002425E01168144611F0020702D0D2
:1062100024320133F0E74FF03C081C4A3946166837
:10622000204608FB0366242226F053F942463946ED
:10623000304626F04EF92368666143F0020323607E
:106240000220346226F0A7FCE06138B928462AF023
:10625000C2FA204620F081FC00240AE0022026F049
:106260009AFCB0620028F1D0236A2BB128462AF0AC
:10627000B2FA2046BDE8F081FBF766F920620028FB
:10628000E4D0F3E7352E0020C0210020BC210020FF
:106290002DE9F043056F04460E468DB0002D38D031
:1062A000AA7990F88B800C321544FFF74DF9074618
:1062B0002046B5F80490FFF747F9656F41466B69D2
:1062C00093F831300A93AB7A09936B7A08932B7A5F
:1062D000079394F82E300693626AC2F34F02059238
:1062E00094F83C300C4A0493039212F8013C029358
:1062F00012F8023C3A46CDE900034B4630461DF009
:1063000016FF04F1700026F07AFA01200DB0BDE806
:10631000F0832846FAE700BFB421002070B58AB0A8
:1063200004460D461646FFF7B3FF002840D120462D
:10633000FFF70AF9636F02465969284691F8311050
:106340000591997A0491597A03911B7A3146029307
:1063500094F82E300193636AC3F34F03009394F8CB
:106360003C3020F090F818BB2046FFF7EDF8636F43
:10637000024658690F4990F831000890987A0790C2
:10638000587A06901B7A2846059394F82E30049389
:10639000636AC3F34F03039394F83C30029301F113
:1063A0001C030193CB7E00938B7E31461DF072FE61
:1063B0000AB070BD9821002038B5002304460D4670
:1063C000406F0373036803F00203036020F0AFFD26
:1063D0002046616F20F0B1FC636F0A4A5D605D6921
:1063E000094BA2610321AB612046FFF7B9FE0321EF
:1063F0002846FFF7B5FE636F5A69137D43F0040327
:10640000137538BDCD6701088F6A03082DE9F04F79
:106410009DB0044620F07BF80646204620F08AF81E
:106420008046204620F012F9C0B1204620F06FF8D7
:10643000B0F90E3093B9C37A0269002B00F08F8057
:10644000013BD35C427A41685200534340F27122CF
:106450005343BA4A9268521A9B1AC3812046FFF7E7
:106460003FFC236A58037CD4304620F00CFC33698F
:106470001B78834240F09181204620F004F90028E7
:1064800000F08281618DB8F808204B1C0A44A8F8FE
:106490000820B4F88820DBB2521AA4F88820002122
:1064A00040F27127B6F90E20F181D8F80010756816
:1064B0004B43AD1A07FB03553046756020F0E3FBF4
:1064C000224696F809C0236B4FEA4C0C07FB0CFCE4
:1064D0000CFB00F0B4F88610A0EBD30052F8243F78
:1064E000284459436060337B30697943034413F88F
:1064F000013C00781B1A0CFB1313204604F13001F9
:10650000FCF72CFA236B40F201119D08636F94F89D
:106510003C009F7A40F271237F005F4320F0ADFF83
:10652000874294BFED192D18226AC4E9035553031D
:1065300040F14181236F002B00F03D8199790B449C
:10654000B3F82B10A38D994240F03581304622F4E8
:10655000802222621DB0BDE8F04F20F0E8BC037B32
:106560006EE7226F002A3FF47FAF94F88A30282B21
:106570000FD0FF2B23D0236F23B19A7913449B7B39
:10658000592B03D0236A5A047FF56EAF1DB0BDE8C6
:10659000F08F93790C331A44B2F80510A38D994209
:1065A000E9D1012004F14401FAF7CEFB04F17000B7
:1065B00026F025F9236A23F480232362DBE72046B3
:1065C0001FF0A5FF256F0746AB790C331D44AB7850
:1065D000582B00F0C280592BCDD14369D3F83890A5
:1065E000236A5903C7D523F4802323622B4611AABB
:1065F00005F1280E9446186859680833ACE8030082
:1066000073456246F6D11B880021ACF80030EB7967
:10661000D5F809000493B5F80D3095F806B0089048
:10662000ADF82430E87820F0F0FC2A7C2B4612F0FC
:10663000200F14BF4FF4967A4FF01E0A12F0400F4D
:10664000059002F01F000CBF00224FF4161213F841
:106650000F1F079241EA002106910CAA05F11F0EB7
:106660009446186859680833ACE8030073456246DD
:10667000F6D11B88ACF80030D5F82510D5F82100EC
:106680000AAB03C32046FEF75FFFFFF711F90020B6
:106690000290238D59460193638D049A009308ABB1
:1066A000FFF76EF8BDF840308346013BADF840304F
:1066B000FFF71AF90546BBF1000F23D1022026F09F
:1066C0006AFA286783790DF1440C0C3303440DF109
:1066D0006C0E624603CA724518605960944603F115
:1066E0000803F6D112881A80FFF77CFD0123686742
:1066F0004946C3720CAA059800950AABFFF7FAF851
:106700008346E8B12B6A43F480432B6285F88BB053
:10671000236A4FF0807043F4005323620BF0E6F9D4
:106720003B687D6923F00403284600213B6020F08C
:1067300046FC05F1240026F062F81CE798210020B1
:10674000069B28460AFB0391079B524619441FF0FB
:1067500063FF28461FF0DEFED8E7B5F81F20A38DA3
:106760009A427FF408AF0022606F05F1210120F00A
:106770006CFA30B9EB7884F83C30B5F811305B0036
:10678000636284F88B00C3E7012120461FF062FF9B
:1067900000287FF4FBAE012381E6737AB4F88620EB
:1067A0005B00534340F27122534362681A446260B3
:1067B00004F12402A1E6002301212046A4F886303A
:1067C0001DB0BDE8F04F20F00BBC00BF2DE9F0413B
:1067D00006468CB008460C461FF099FE054620463A
:1067E0001FF0A8FE0023562E049300F29E80502E28
:1067F0000FD8012E64D0032E00F0F280022E40F05C
:10680000948000F0DBFA844240F08F8002F0A0FA1E
:106810008BE0A6F15103052BF0D801A252F823F02A
:1068200039680108FD67010831690108FD67010841
:10683000F1690108E169010802F08AFA2B6A83B361
:10684000AA6993790C33D618F0798DF82B00318929
:10685000D75820F012FE2B6A06F118020593032385
:106860008DF8183006F10C03CDE90823B37A0744FC
:10687000C3F3801328468DF828300797FFF700F8F8
:10688000FEF762FE01238DF829008DF82A30737916
:10689000002605A88DF82C308DF82D60FAF764FFDE
:1068A0002E6205F1180025F0AAFF204620F01DFAFF
:1068B0002046294620F041FA2046FFF7A7FD34E0A4
:1068C00020461FF024FE074620461FF033FE0646F2
:1068D00020461FF02CFE054620461FF02EFE804667
:1068E000384620F0D0F9338980EA030620461FF0AD
:1068F000A8FE3B6AB6B213B9FAF726FE38623146F3
:106900002A684046FAF774FA00236872284623641E
:1069100020F017FD6168226B1120637D01EB92026C
:1069200020F04DFD2046FEF76DFE0CB0BDE8F08175
:1069300000212046FFF714FC04A9FFF7E1F9431CEE
:10694000049905D1204620F0A8F902F001FAACE73D
:1069500005283DD1204605911FF0D9FD83690746E2
:106960001BB105A825F04BFFEFE7036A002BF8D019
:10697000059883790C331844817A0C30C1F3801167
:10698000FAF756FE06460028EBD1636F059DDB69DA
:10699000617DD880AB790C331D4401F055FFA97A95
:1069A000606FCDE90166CB090093324605F10C0317
:1069B000C1F38011C0691CF075F9636FD86902F0EA
:1069C00041FD059B20460499BB611FF071FEACE7B9
:1069D00020461FF06DFE20460499FFF7EBF9B4E75F
:1069E00020460121FFF7BCFB05F1180025F007FF49
:1069F00000F0E4F9844201D102F0AAF90021204616
:106A000020F04BF951E700BF10B5074C2368DA06B8
:106A100007D523F01003236018B90220A1681BF0EA
:106A20000CFA0023A36010BDC4210020F8B5002398
:106A30000360037D044698070DD5204650F8081FD3
:106A4000C90C01F4FC7141F00501FBF7C3FA237D89
:106A500023F002032375237D2589190703D520F030
:106A600069FC28446060174E6068314651F8043F65
:106A70002D1A7BB923600C60B368D3B1617D5A7D58
:106A8000914217D2227D12070DD5BDE8F8400020B3
:106A9000FFF7BABF5A681F892A44D21B002AE9DAD5
:106AA00019461B68E5E75A681B6913441B1A002B3B
:106AB000EBDAF8BD1A895B68D31AE2680344D34263
:106AC000F7D5E2E7C4210020014610B504460320B3
:106AD0001BF0B3F9054B1B68D90305D4237D5A0776
:106AE0005CBF43F00203237510BD00BFC42100202A
:106AF000014BD868DC387047C4210020034B10B527
:106B0000DC6820F017FCDC3C201A10BDC4210020FA
:106B100018220021014825F0DCBC00BFC421002060
:106B2000034B1B6813EA004314BF01200020704789
:106B3000C421002070B568B146685EB1154C236968
:106B40001D4645B9257D0135EDB242B10360206196
:106B50008160257570BD8542FCD02D68F1E743B199
:106B60009B68CB1A41BF5B42B3FBF6F303FB06669F
:106B70008919002303602369074E816013B90360FC
:106B80003060E6E79A688A1A002AF8DB1E461B681E
:106B9000F4E700BFC4210020D421002040B14368A5
:106BA00033B1084B1A7D013A1A7553F8102F02B908
:106BB00070479042116801D11960704713460A4628
:106BC000F5E700BFC421002038B50446084D08464B
:106BD000AB68A34201D1FFF717FF6B68054A1BB1F1
:106BE000A342196801D1116038BD1A460B46F6E779
:106BF000C4210020C82100202DE9F3415A4D2B6803
:106C000058077ED4AB68002B7BD155E8003F43F09A
:106C1000040345E80032002AF7D16C68A4B120F0E3
:106C200089FB01AA804601462046276920F098F991
:106C300008B920461FE0019B2668FF1AA6B96368C1
:106C4000DC371F44C5E9024755E8003F23F0040341
:106C500045E80032002AF7D1AC68002C45D102B0DB
:106C6000BDE8F04102F064B94146304601AA20F087
:106C700077F918B93046FFF727FFCEE7337DD6F80E
:106C800004C03289D907ACEB020205D401993369FB
:106C90005B1AF1685B1A1A446368D919891A0029CA
:106CA0001FDD8F4204D9E168D21ADC31914217D935
:106CB000207DC2070BD42269F1681344A3EB0C03B7
:106CC00022895B1A9B1AE268DC3293420BDC727DEC
:106CD000637D9A4205D20307ABD5F768344600E0DE
:106CE00017463668AAE70F46F8E7A36813F4601F53
:106CF0000AD121462B6843F010032B6001201BF0C2
:106D00009CF802B0BDE8F08104F108063046FBF7BC
:106D10006FF92B68214643F010032B600028EDD15A
:106D200001201BF08AF8A36813F4601F4FEAD341D7
:106D3000C3F3C2440ED0013CE4B201F4FC7130460E
:106D40002143FBF747F903213046FBF7AFF9002C4D
:106D5000D7D103E003213046FBF7A8F9304602B053
:106D6000BDE8F041FBF788B9C421002008B5034B0A
:106D7000996809B11BF061F808BD00BFC42100206B
:106D80000D4B50B153E8002F42F0040243E80021BC
:106D90000029F7D10220FFF7E9BF53E8002F22F0C6
:106DA000040243E800210029F7D1986808B1FFF7F1
:106DB0008BBEFFF721BF00BFC4210020014B9868A4
:106DC000704700BFC42100200A4B70B59C68844204
:106DD0000FD1214602201BF030F86668258920F08B
:106DE000A9FAAD1BC54221464CBF012003201BF070
:106DF00024F870BDC42100202DE9F04F8B46B0B1BE
:106E0000294DD0F80CC0AE680469864203680CEBCB
:106E100001070C441AD06FF0DB0E6B684BB9864249
:106E2000C0E9037402D173682344EB600120BDE81C
:106E3000F08F42685968B3F80880AEEB02020A444A
:106E4000A2EB0802002A03DA1B68E7E7002BE6D072
:106E50006FF0DB08D0F804E0A8EB0E085A68B3F82E
:106E600008904244A2EB0902974214D393F815A06C
:106E700090F81590CA4502D91B68002BEED10B4B38
:106E80009B450ED194450CD88642C0E90322CDD152
:106E90007244EA60CAE7C7609442D4BF04610261E9
:106EA000C4E70020C3E700BFC421002080969800FB
:106EB000104B70B59D682E692C681CB9686864B960
:106EC000304470BD627D6B7D9A42F7D9204620F038
:106ED00092F80028F2D12468EFE76FF0DB036268D4
:106EE0001B1A134422899B1A2A699342D4BFC018E3
:106EF0008018E6E7C4210020884238B504460D46D4
:106F00001AD0134B1B69D3B15868844209D8814207
:106F100012D2B0FBF4F4B0FBF4F0A84228BF28462C
:106F20000AE0B4FBF0F3DBB200FB03F2944204D8B6
:106F30009542284628BF104638BD0133F3E720F0BC
:106F4000FBF92B1BB0FBF3F202FB13002044E4E738
:106F5000C4210020542310B5046808490D20B4FB57
:106F6000F3F413F063F8002351211846A2B213F092
:106F700003F8002814BF1920002010BD39A402080E
:106F8000014B1878704700BF362E00203023114A7D
:106F900082F81533837E1B01DBB282F81E3382F840
:106FA0001F3382F8213382F8203382F8223382F8AB
:106FB000233382F8243382F8253382F8273382F88A
:106FC0002633837F23B9437E1B01DBB282F8223C48
:106FD000704700BF00E100E037B5044613F06CF8DD
:106FE000204601F0A3F9054698B92046FFF7CEFFE9
:106FF000A38A0DF10601ADF80430E38A01A8ADF8CB
:10700000063020F000F80122034B1A70284603B026
:1070100030BD0225FAE700BF362E00200138C0B28D
:1070200003289ABF014B185C0020704739230408DD
:10703000431E012B05D9022902D8024B585C704728
:107040000020704736230408431E042B054A07D846
:10705000052808BF03200621431E01FB03207047BB
:107060001046704764230408014B53F82000704712
:1070700040230408024BDB6993F87F00704700BF90
:10708000500B0020094B10B5D96968B1084B1C465C
:1070900053F8042F0AB18242FAD21B1B9B10013B0A
:1070A000DBB281F87F3010BD0123FAE7500B0020DE
:1070B00040230408054B1B681B6A13F0100003D023
:1070C00013F0030018BF0120704700BFAC2200205E
:1070D0002DE9F34100264FF0FF31044601A8019647
:1070E00002F04CF8019949B12046F8F7DFFE032879
:1070F00006D005282FD001A825F081FB012023E030
:107100001B4D1C4800F06EFF2B683046597D01F086
:107110009BFB2F68184EF86AD6F8088025F0FCFB18
:107120004146024638461BF004FA2B68B068DB6A19
:10713000036002F087F92B681B6ADB0407D5204641
:1071400001991BF0BEF9002002B0BDE8F08101A852
:1071500025F055FBF7E7019802F040F82046019929
:107160001BF044F90028C9D0304600F03BFFEAE7A5
:10717000AC2200204D730108E81F002038B52549D6
:1071800004460B7D4A7D0133DBB2B3EB921F0B75D6
:1071900003D3032300200B7538BD016A09042CD5E5
:1071A000032390F87520243A92FBF3F303EB430397
:1071B000D21A2532D2B2B4F8505094F8743015F087
:1071C0001001B4F9540084F875201CD11BF014FF91
:1071D00004F16C050146284602F094FB284620F095
:1071E000B0F80022114610461AF052FE94F87500CD
:1071F00000211BF000FF0120CEE75B001A4102F0E6
:1072000003022532D7E702461946002002F038FA79
:10721000DEE700BFE81F0020204B2DE9F0410446C7
:107220001860806A25F078FB01462046F8F7CEFD0D
:10723000B4F850301A4E03F01403142B0CBF002284
:10724000A26AB36820461A60FFF798FFFFF732FF83
:10725000144B051E144808BF184600F0C3FE94F8EE
:107260001480676820F066F86D0008F0080803468F
:10727000627DE8B2B8F1000F03D1FF1AB7F59B7F2A
:1072800007D5114620F087F8B068BDE8F04102F05C
:10729000D9B8616820F06BF8F6E700BFAC22002097
:1072A000E81F0020397301088973010870B505468D
:1072B000FFF700FF104B041E104808BF184600F0EF
:1072C00091FE2846FFF75AFF0D4E054660B1336820
:1072D0006000597D00F0FE0020F05DF8BDE87040D0
:1072E000084B986802F0AEB800F07CFE2946306882
:1072F000BDE87040F8F792BA397301088973010844
:10730000AC220020E81F0020034610B5094C552B85
:1073100020680AD0562B0CD1002000F063FE2068B4
:107320000121BDE81040F8F779BABDE81040FFF739
:10733000BDBF10BDAC220020512803D1024B1868FC
:10734000FFF7B4BFFFF7E0BFAC2200200C4B512881
:1073500010B51C680FD1A06A25F0DEFA0146204660
:10736000F8F734FD074BA26A9B682046BDE8104041
:107370001A60FFF79BBFBDE81040FFF7C5BF00BF15
:10738000AC220020E81F00200E4A512810B51468D6
:1073900005D0532809D0BDE81040FFF7B5BF617D87
:1073A0000120BDE8104001F065BA2046FFF790FECD
:1073B00030B101F0CDFC2046BDE81040FFF776BFAC
:1073C00010BD00BFAC22002038B50D460446002099
:1073D00000F008FE01F0BCFC29462046F9F72EFE1D
:1073E0000022014B1A6038BDB02200200123074A59
:1073F00003FA00F002F1140353E8003F034302F1E3
:10740000140C4CE800310029F4D170471020002002
:107410002DE9F041324E054673690C4613F4C07FE6
:1074200003D0980659D401200CE039B1590705D48E
:10743000D5F8A43013B90820FFF7D8FF73699A066E
:1074400002D50020BDE8F081B27FAB6A022A03F0CA
:10745000080709D927B184F001004000C0B2F1E764
:10746000002CEED00320EDE77FBB002CE9D05B05BC
:10747000D5F8A00048BFD5F8A40025F0F1F9C1B2B5
:10748000063195F830011FF0F8FF95F88F1080460F
:10749000063195F830011FF0F0FF05461FF04AFF56
:1074A000F36A1FFA88F8A3F596731B1AA3EB080377
:1074B000ADB25B1B002B0EDB736913F01C0FC0D148
:1074C00037B1002CBDD10520BCE7002CCFD0B8E7E8
:1074D000002CB6D0F7E70420B4E70029A6D1B0E726
:1074E0001020002038B504460B4B186000F594704E
:1074F0001FF027FF2046F9F76DFDC4B220461AF0B1
:10750000B3FC054620461AF0B1FC2946024602208B
:107510001AF0BEFC38BD00BFB022002038B50446CA
:10752000114D4FF480616B69283043F400736B6137
:107530001FF095FD012120461BF02EFE0021204664
:10754000FFF766FF014620B12046BDE83840FFF74F
:107550003BBF6869617D80F48070C0F30020BDE8A6
:10756000384001F087B900BF1020002008B5002086
:1075700000F038FD01F0ECFB0022014B1A6008BD61
:10758000B022002010B50446FFF7ACFF064800F01B
:1075900029FD6168226C637D1120BDE8104001EB7C
:1075A00092021FF00CBF00BFA1780108454B37B510
:1075B0001C680023A26A01935005D4F8A03012D5AC
:1075C00004F1A400019325F038F9C4F8A00050B1EB
:1075D00094F846314FF48061013B84F8463104F160
:1075E00028001FF03CFDD4F8A0500DB9364B9D6823
:1075F00094F94631022B0DDCD4F8A83013B1A36AFC
:10760000D90502D5D4F8AC3023B14FF480512046CF
:10761000F9F7F6FCD4F8A410A36A002914BF0121DD
:107620000021AA794FEA830302F10C0203F00C0354
:1076300043EA0113A95C21F01C0143EA0103AB54A6
:107640000DD1214A02F1140353E8003F23F008034F
:1076500002F1140040E800310029F3D102E00320D8
:10766000FFF7C4FE284601F0EDFE2046F9F7B2FC14
:10767000AB792B445B7B1BB1012180B21AF037FC44
:10768000019B53B15B7903F00A03082B02D120461A
:10769000FAF70EF801A825F0B2F86B799A070ED523
:1076A000A36A1B040BD50820FFF7A0FE4FF400418E
:1076B00004F1280003B0BDE830401FF0D0BC03B097
:1076C00030BD00BFB02200201020002000232DE993
:1076D000F04385B00446032103A8039301F04EFD57
:1076E000039D35B9F4212046FFF76EFE05B0BDE8D5
:1076F000F083AB79694F0C331D442A797B69D60737
:107700004FD4DD064CBF07200420FFF76FFE002694
:1077100001212046FFF77CFE054650B97869617D5E
:1077200080F48070C0F30020400001F08DF8FFF776
:107730003DFF039801F052FDDDF80C807A6998F85E
:107740000630510603F10C0308EB030915D458F871
:10775000033006203B61FFF749FEA36A1A060CD4EA
:1077600004F1280252E8003F43F0800342E8003170
:107770000029F7D10120FFF739FE494620461BF0CA
:107780001DFD99F80430DB0740F18480002E52D1B2
:107790001DB129462046FFF717FE03A801F08EFA17
:1077A000A4E7012023F010037B61FFF71FFEAE7AF0
:1077B000F0062FD50220FFF719FEA36AAA7A83F0FC
:1077C0000203C2F38002C3F340039A422FD14FF465
:1077D000006104F128001FF042FC50E8002F42F441
:1077E000806240E80023002BF7D1A26A82F00202F7
:1077F000A262BB77AA7AA36AC2F3C00203F00101B6
:107800008A4284D183F0010316F0030618BF0126D3
:10781000A3627DE707F1140353E8003F23F004035C
:1078200007F1140141E80032002AF3D1C5E7BB7F1C
:107830000133DBB2DDE72046F9F7CCFBC0B21AF02A
:1078400013FB06462046F9F7C5FBCDF80480A38F4D
:1078500082B200933146002302201AF0FBFA4FF067
:10786000FF3103A801F08AFC039B9A791344DB7D66
:10787000002B8DD02046F9F7ADFB012180B21AF024
:1078800036FB20460399F9F73DFF002D3FF42EAF5C
:10789000294628E7002E3FF47BAFE0E710200020C8
:1078A00008B50346114A532B10680BD002D8512B50
:1078B00018D008BD553B012BFBD8BDE80840F1218D
:1078C000FFF782BDFFF702FF094A02F1140353E8F4
:1078D000003F23F0200302F1140040E800310029AA
:1078E000F3D1E6E7BDE80840FFF718BEB02200205C
:1078F00010200020174B513810B51C68052819D8E6
:10790000DFE800F008180318191F2046BDE81040F2
:10791000FFF7DCBE2046FFF701FE0F4A02F1140319
:1079200053E8003F23F0200302F1140040E8003147
:107930000029F3D110BDF1212046BDE81040FFF72A
:1079400043BD4FF4806104F128001FF088FBF22151
:10795000F2E700BFB02200201020002010B504463E
:10796000FFF7C0FD054800F03DFBFFF71FFE627DFD
:1079700061680220BDE810401FF0F9BCF5780108ED
:10798000034B5B6A13F0060F0CBFE220F120704737
:10799000E020002008B5FFF711FA054B834206D11D
:1079A00001F0D6F9BDE80840002000F01BBB08BD7F
:1079B000E020002070B51E4C1E4800F013FB94F828
:1079C0005C3094F85D200021C8201BF015FB0146B7
:1079D00004F1540001F096FF04F154001FF0B1FCD3
:1079E0000022114610461AF053FA66681FF0A2FCF6
:1079F0000246FFF7C5FFB61AB6F5FA6F05460BDC6F
:107A0000FFF776F8627DA0F5E17128461FF016FDBC
:107A1000BDE8704001F07AB96668FFF769F8314651
:107A2000A0F5E172637D28461FF0C9FCF0E700BFB6
:107A3000E0200020B17D010838B501F089F9FFF799
:107A40005DF840F2EE2398420E4C0EDDFFF798FFF2
:107A50000546FFF74DF8627DA0F5E17128461FF05D
:107A6000EDFCBDE8384001F051B91FF063FCE36B59
:107A700062689B1A0344E3630020BDE838401EF0AF
:107A800035BC00BFE0200020F7B5104C064694F846
:107A90004D500F462DB10020013D84F84D5003B0EC
:107AA000F0BD0B4B02201B68597800F0CDFE94F816
:107AB00048303A46CDE9005331460323206B1EF08F
:107AC00046FC206B01F0BEFC0120E8E7E02000202E
:107AD000E0220020094A02F1240353E8003F43F06A
:107AE000080302F1240040E800310029F3D1044BDF
:107AF00001201B68597800F0BDBE00BFE0200020C7
:107B0000E022002070B50A4C636A5B070DD58B79C3
:107B10000C33CD1850B9E879CE5829891FF0ADFC47
:107B20000644A6636B7984F84C3070BD0120F3E7FE
:107B3000E02000202DE9F04F16468DB0021E069180
:107B400008BF00211F46964B0592DD6A5B6AAC793F
:107B500038460C342A5DC3F3801B61F345122A5565
:107B6000314603F0400203921AF0F6F905EB0408DF
:107B70000790285D08F108094946C0091AF0ECF998
:107B8000039B8246002B44D1002844D11AF0E2F92D
:107B900080F00103DBB25A463146384603F0010358
:107BA0001FF075FC0490002800F08A80039B002BD6
:107BB00033D1BAF1000F75D1079B002B72D01AF0A8
:107BC000B8F900286ED001220AA90DF127001AF099
:107BD000C7F9002874D09DF827302A5D591E4B4202
:107BE0004B41B3EBD21F6BD1062248460AA924F0C1
:107BF00046FC002864D13368C8F80830B388A9F877
:107C000004302B5D67F3C7132B554FF0000AD346A2
:107C100019E00123BFE7039BBDE7614B5B6A13F4E7
:107C2000007A1CD115F804B0CBF3801B50461AF033
:107C30009CF93368C8F80830B388A9F804302B5D84
:107C400067F3C7132B55059B554E002B3ED196F875
:107C5000AD30002B3AD0013B86F8AD3030E01AF061
:107C600065F9002806DA15F804B04FF0000ACBF3E6
:107C7000801BDBE70022114610461AF069F915F85F
:107C800004B08246CBF3801B0028CFD00023022112
:107C90001A4608EB01001EF032FB2B5D60F38613E1
:107CA0002B55C3E77A1E57422B5D5741B7EBD31FC5
:107CB00006D106223146484624F0E1FB0028A4D034
:107CC0000023049304980DB0BDE8F08F1FF032FB41
:107CD000F36A00F196019A7908F10E0013441A6BC9
:107CE000059B00939DF858301FF0C2F92D4B059A63
:107CF00007461B68A2B95978022000F0A5FDF06A7A
:107D000001F0A0FBF36A9A7913441F63FFF756F85A
:107D1000254B8361069BBBB9736A23F4806316E02D
:107D2000D979002000F090FDF06A01F08BFBF36A36
:107D30001E489A7913441F6300F054F9069BC3B997
:107D4000736A23F4806317E0736A43F48063736299
:107D5000039B9BB1BAF1000FB4D0002359461A46D9
:107D600008F102001EF0CBFA2B5D60F386132B5551
:107D7000A8E7736A43F480637362EBE72B5D00222C
:107D8000C3F3C01349460AA88DF828301AF0E8F862
:107D90002B5D9DF8282062F3C7132B55DAE700BF4F
:107DA000E0200020E0220020E55301087D7F01084B
:107DB0002DE9F04F532885B01FD005D8512800F089
:107DC000CE8005B0BDE8F08FA0F15503012BF8D8A7
:107DD00055384FF0010118BF0120FCF79DF81FF046
:107DE000A9FA644AD36B51685B1A03440020D36339
:107DF00005B0BDE8F04F1EF079BA002503A84FF09A
:107E0000FF31039501F0BAF903985A4E58B1FCF7C7
:107E100071F90828804603D8574B1F5C380709D4EE
:107E200003A824F0ECFC736A13F0060F15D0FFF7DB
:107E300003FE12E0B8F1070F16D1726A12F4801235
:107E4000EED130460399FCF7E1FE0028EBD0FCF7B9
:107E5000C3FD10B10120FBF7C7FF0121084605B0A3
:107E6000BDE8F04FFCF758B8039CFEF747FE736A75
:107E7000814613F0040343D017F0020340D0A0F56D
:107E80006E73002B0DDD0120A2790C322244917A11
:107E90000090C1F380130C32C1F34011FFF74AFE8A
:107EA0000546204601F09AF921460120FFF72AFEF7
:107EB000736AD9072ED503F0800A94F806B01AF039
:107EC00049F80BF10C0BA34480F001039BF80A0066
:107ED000BAF1000218BF0122DBB20BF10C01C0F3B2
:107EE00080101FF0D4FA68B155BB736A20469A0718
:107EF0003AD5FB0712D47B0739D5FCF75FF892E738
:107F00001D46CEE7BAF1000F04D151461AF02AF807
:107F10000028E9D0204612F003F91CE01FF06FF8AA
:107F200070B1A9F21659B9F1000F09DDA0790C3032
:107F30002044817A0C30C1F38011FFF7A5FD05467E
:107F4000B8F1040F02D1736A9907E3D57A07E1D536
:107F50002046FCF733F8002D7FF47FAF63E705B0D0
:107F6000BDE8F04FFFF7B6BDB8F1040FC3D112F072
:107F7000D7F858E7E02000207C230408512808B5F2
:107F80000BD1084800F02EF80122074B104693F958
:107F90004C10BDE80840FCF78BBABDE80840FFF77D
:107FA00007BF00BFB17D0108E02000200022024B86
:107FB000C3E90022704700BFD422002010B5074C4F
:107FC00020220021204624F084FA0523A383044BB9
:107FD000A36100F0F1FA9030206010BDB4220020BF
:107FE0007F72030810B5044628F0F1FB0022044B11
:107FF0005C60044BBDE810409A6128F0E3BB00BF11
:10800000D4220020B4220020034B03EB80035868E5
:10801000003818BF01207047B422002010B5044674
:1080200028F0D5FB0022044B9C61044BBDE81040B6
:108030005A6028F0C7BB00BFB4220020D422002021
:1080400010B5074CA36953B10020FFF7E7FFFF23EA
:10805000A38300F001FFBDE8104000F017BA10BD87
:10806000B422002070B5C5B2212D044612D100F013
:1080700019FC0A4B220CC4F3074403EB84049A83D3
:1080800062689A61054A936933B12846BDE8704039
:1080900011681847222DF5D170BD00BFB422002011
:1080A00038B50D4B04461A7812B100221A7038BD4B
:1080B000C5B2FEF783FE40B1C38AB3EB144F284626
:1080C00005D1BDE83840FEF751BEFF23F5E7BDE816
:1080D00038401FF0B8B800BFD4220020A0F121031F
:1080E0000E2B10B5044611D8FEF768FE60B3C08AA7
:1080F000FF2829D0222C03D1BDE81040FFF7A0BFF4
:1081000044EA0040BDE8104000F024BAA0F1310379
:108110001E2B0ED8114B988B44EA004000F02EFA2B
:10812000312C11D10020FFF779FFBDE810401FF07E
:10813000F7B8A0F111030E2B06D8132C40F4A020A1
:1081400003D006D9142CDDD010BD0122044B1A70C7
:10815000D8E7BDE8104000F011BA00BFB4220020FB
:10816000D42200200B4A10B5936904461BB1116854
:10817000BDE810401847084B5B6813B1BDE81040DC
:108180001847FEF71BFE014618B183690BB1204664
:10819000EEE710BDB4220020D4220020024B186963
:1081A00008B109F0A3BC7047300B002038B50A4B6A
:1081B0001C6804B10C3400F0FFF90025C0F89050A1
:1081C000204600F00BFB28461EF0AFFFBDE838400C
:1081D000014824F014BB00BFDC220020002310B5AE
:1081E0003E4A02F1100151E8001F02F1100C4CE868
:1081F0000034002CF5D140EA0104A00201D5FEF7BD
:10820000FBFC210101D500F0E9FDE20301D500F0FE
:108210006DF9002C01DAF9F7D7FF630001D5FCF7FF
:1082200017F8A00001D5F9F7C7FDE10007D5F7F76A
:1082300013FB20B94FF0805129481EF0D0FF620196
:1082400007D51BF027FD20B94FF0806124481EF0B0
:10825000C6FFA30105D51AF0CDFEF9F77FFD19F091
:108260005DFEE00108D5FDF717FC072804D14FF0AB
:1082700080711B481EF0B3FF610201D5F7F7FAFECB
:10828000220201D519F0EAFDE30207D51AF026FF14
:1082900020B94FF4801112481EF0A1FFA00507D5A8
:1082A000FAF772FC20B94FF400710D481EF097FFE9
:1082B000E10507D5F9F7B8FC20B94FF480710848FB
:1082C0001EF08DFF620503D519F0E6FD19F0E5FDFE
:1082D000230501D51CF0EBFF10BD00BF300B0020C3
:1082E000400B0020014601481EF079BF300B0020F2
:1082F000C043044A52E8003F034042E800310029ED
:10830000F8D17047300B0020014B1B6818407047B4
:10831000300B002010B5044BD3E9064204430A4356
:10832000C3E9064210BD00BF300B002038B504463B
:10833000344DFEF7EDFB00212022284624F0C9F839
:108340004CF20C000021FFF7E5FFC4B1A3684FF623
:10835000FF720020A18B2B60F9F794F9022024F022
:108360001AFC294B1860002849D023460C3004F130
:10837000200253F8041B934240F8041BF9D1234B0D
:108380002348AB6000232B7311F006FFF9F7FEFDC5
:10839000204600F06FFE054678BB00F0FFF920B1E3
:1083A0004FF480700021FFF7B5FF00F007FA20B10D
:1083B0004FF400600021FFF7ADFF2CB1B4F91210AB
:1083C000B4F9100001F07EFA1AF027FE01F066FC05
:1083D000FBF7B6FB054680B9F9F7DEFE00F03EF884
:1083E00000F0E2F8FFF7E2FD00F068F818B9BDE828
:1083F000384000F069B8FFF7D9FE284638BD01259E
:10840000FBE700BF300B0020DC2200209D8101082B
:10841000340B0020014BD3E906017047300B0020DC
:10842000054B9B69DA054CBF032001201B0548BFA3
:1084300040F00400704700BF300B0020014B186073
:10844000704700BFE02200202022034BC3E9002236
:108450009A6000221A7670470823002038B500255C
:10846000084C094B1C2229462046C3E9005524F03C
:1084700030F8FFF7E9FF30236576C4E90333636121
:1084800038BD00BF08230020E422002008B528F0F2
:10849000A7F930230749084ACB60D3600B61136109
:1084A0004B61536100234B765376BDE8084028F0BA
:1084B00092B900BF08230020EC220020014B18785D
:1084C000704700BF372E002010B5044C23781BB92D
:1084D0001EF0CDFE01232370002010BD372E00209A
:1084E000014B1868704700BFE4220020F8B5164E13
:1084F00028F076F93546154C07460FCD0FC495E8A0
:108500000700002584E80700FFF79EFF3023384668
:10851000C6E903337361757628F05DF90C4E103CA3
:10852000E068302804D07368C6E90030FFF7B8FD72
:1085300054F8040B202801D0FFF794FD0135EDB26B
:10854000032DEDD1F8BD00BF08230020EC22002050
:10855000E422002010B5044628F042F9064A137EB2
:1085600042F823400133137628F035F9BDE8104076
:108570004FF4803009F0BABA0823002010B5044641
:1085800028F02EF9074A537E02EB83010133CC60B9
:10859000537628F020F9BDE810404FF4803009F000
:1085A000A5BA00BF0823002094220021014823F02F
:1085B00090BF00BF242300200048704724230020E0
:1085C000074B586940F20D1338B9002BC1BF452243
:1085D0004433B3FBF2F0C0B270470068453BF3E7A9
:1085E000500B00202DE9F0414FF0000882B0CDF88B
:1085F0000480F8B10546154F01AC09E023601B6803
:108600007B612368C3F800802668002D344611DDA5
:108610007B69453D002BF1D1012024F0BCFA0646D0
:1086200020600028F1D101A824F0E9F8304602B01A
:10863000BDE8F081102000F057FE019E30467379AE
:1086400043F00103737102B0BDE8F081500B0020CC
:1086500037B5184D0446EA6992F87D3013B9002009
:1086600003B030BD01281CD002280CBF0223012317
:108670008DF8043001238DF80530936F286923F4B9
:10868000805323F00203936701A923F055F80028D3
:10869000E6D1012C07D1EA69936F43F00203936797
:1086A000DDE70423E4E7022CD9D1EA69936F43F4B0
:1086B0008053F4E7500B002037B5174D0446EB69A3
:1086C00093F87D2012B9002003B030BD01281AD0E4
:1086D00002280CBF022201228DF8042001228DF80D
:1086E00005209A6F286922F044029A6701A923F0B5
:1086F0000DF80028E8D1012C07D1EA69936F43F007
:1087000040039367DFE70422E6E7022CDBD1EA6946
:10871000936F43F00403F4E7500B00200422F0B5FC
:108720001D4E0546F36985B083F87C2040791EF024
:10873000E6FD2C79074694B1A879FFF7BDFF044602
:1087400038BB01466A7901201EF0D4FD3B46224623
:108750007179306905B0BDE8F04022F021BF2B6887
:108760006879039402931EF0CAFD00902246717945
:10877000306902AB22F016FF044650B9A879FFF722
:108780009BFF044628B9024601216B7928681EF038
:10879000B2FD204605B0F0BD500B002010B5064CD0
:1087A000206923F0FDF928B9206923F0FBF900F0D6
:1087B000010010BD0120FAE7500B0020014B1869A1
:1087C00023F0F2B9500B002008B5FFF7F5FE024B7D
:1087D0001030D86108BD00BF500B002038B50446EA
:1087E000084DFFF7F1FFEB692A689A6744B1A0884A
:1087F000FEF748FC0122EB69002083F87C2038BD9D
:108800002046F5E7500B0020014B1869704700BF68
:10881000500B0020014BD8696E307047500B002080
:108820000022034BDB69C3F86E20C3F87220704747
:10883000500B0020034BDA69936F43F48033936746
:10884000704700BF500B0020042238B5084B0D467E
:10885000DB6983F87C20FFF72FFF044608B100F0A6
:108860004FFD2A46002101201EF044FD204638BD60
:10887000500B0020022238B5094B0D46DB6983F806
:108880007C20FFF7E5FE044608B100F039FD2A46DA
:10889000002101201EF02EFD19F0FBFA204638BD04
:1088A000500B0020034A136823F40043136001F0C7
:1088B0009BB800BF500B002030B51A4D044685B060
:1088C000286923F059F958B3286923F053F900B9FE
:1088D000E071E37973B1ADF8003002230022ADF806
:1088E0000230A36869462869CDE90222019322F08B
:1088F00025FF80B900232046A371FFF70FFFE3791E
:108900003BB140B9EA69936F43F04003936705B008
:1089100030BD0028FBD005B0BDE8304000F0F0BC11
:108920000E20F8E7500B0020014B186923F048B8DF
:10893000500B00207FB5022304462A4D1022EE6919
:10894000002186F87C30684623F0C3FD237A03B308
:1089500001238DF8043063680293A37A53B196F82B
:108960007D00FEF771FB029B0288134402930123F2
:108970008DF80D30637A207B8DF80E30FFF768FE9E
:1089800050B1EA69936F23F48033936700F0B8FC29
:1089900020E023680093DEE7E07A1EF0B0FC6A4630
:1089A00003466979286922F006FE0028E9D1EB69BF
:1089B000227AB3F87A10E37A01F0010162B11A4623
:1089C00001201EF097FC19F064FAEA69936F23F412
:1089D0008033936704B070BD0A46206801211EF001
:1089E0008AFCF0E7500B00207FB50222194D0E469D
:1089F000EB69044683F87C20017A4B1ED9B2437A96
:108A00000529184628BF00212B711EF053FC687100
:108A100002460020CDE90230236801936368009389
:108A20007368286923F057F9EB69227A83F87D206F
:108A300020B104B0BDE8704000F062BC307BFFF7AD
:108A400007FE0028F5D1EA69936F43F480739367BA
:108A500004B070BD500B00202DE9F0431C4A87B0D4
:108A6000D56995F86C3003EBC3004FEA800855F8E0
:108A7000087005EB80061FB1304607B0BDE8F083F3
:108A800011791069717301AA0321B760B77322F0DD
:108A9000D0FFDDE9031245F80800304608F1100365
:108AA000E9501D446A60BDF80630BDF80820B78360
:108AB0009B1A32839DF804207383072A08BFB3688A
:108AC000376204BF43F00103B36007B0BDE8F08331
:108AD000500B002083689B0700D5704730B5154DBB
:108AE00087B0044601686A46286922F0A4FF50B99D
:108AF000238B628B6946134403332869ADF8043035
:108B000022F09DFF08B107B030BD009B9DF90E001B
:108B1000636000F0E7FE2073EB699DF8111093F895
:108B20007D00FEF785FAA368A07343F00203A360FB
:108B300007B030BD500B00202DE9F04F4FF6FF7409
:108B40001F46A142038B458B08BF818B1D4418BF74
:108B50008183A942064683B059DA4FF6FF708242FC
:108B6000A5EB010502D09542A8BF15468B42ADB2D8
:108B70000BD84FF00008A8452AD345462846B38BAA
:108B80002B44B38303B0BDE8F08FA3EB0108A845E5
:108B9000A8BFA84632691FFA88F802EB010BB8F1AA
:108BA000000F62D0002F5ED0B946C2465246452A19
:108BB000594628BF4522484623F0FDFD83B2AAEB63
:108BC0000304A4B283443CBB318B0B46A845D4D2EA
:108BD000C91A7369A5EB080913FA81F41FFA89F918
:108BE000002FCAD04A46452A214628BF452238468A
:108BF00023F0E1FD1FFA80F8A9EB08039BB20444BF
:108C0000002BBBD03A68CAB117469946EAE700255F
:108C1000284603B0BDE8F08FD9F8002012B1914684
:108C2000A246C3E799F80400019323F0B4FF019B27
:108C3000C9F8000060B18146A246B7E738790193D0
:108C400023F0A9FF386040B1019B07469946C9E768
:108C5000A3EB0A0343449DB290E7A8EB0908A8449C
:108C60001FFA88F58AE73D4688E719460B46ADE7C7
:108C700037B50F4D04462B78834217D078B10120C9
:108C8000FEF77EF80023012200934FF00041094BCC
:108C9000094822F06CFC01202C7003B030BD06485E
:108CA00022F073FC2046FEF76BF8F4E70020F4E7AF
:108CB000382E0020AB720308B82300202DE9F041C4
:108CC000064627F08DFD0746FFF77AFC3546044639
:108CD000286818B16CB9284623F091FD31680A481C
:108CE00023F07CFE384627F076FD00233360BDE894
:108CF000F081D0F8008023F042FF2B68013CC3F8DC
:108D000000802D68E4B2E3E7640B002010B5094C45
:108D1000E369986F10F400700AD0206922F0B5FE64
:108D200030B90121206922F0ACFE80F00100C0B210
:108D300010BD00BF500B0020044BDA69926F920502
:108D400003D50021186922F09CBE7047500B00200B
:108D500010B5154CE36993F87C30012B08D0002244
:108D6000114610461EF0C6FA0122E36983F87C2002
:108D700000220321206922F0EBFB0022012120695F
:108D800022F05FFEFFF7D8FF00201EF0BBFA1EF0B6
:108D9000BBFA00201EF0BAFAE269936F23F48473E1
:108DA00043F4C043936710BD500B002010B527F06B
:108DB00017FD0446FFF7CCFF074B5620DA69B2F8DF
:108DC00074300133A2F87430FFF7CCF92046BDE8C7
:108DD000104027F000BD00BF500B0020F8B51C4D1F
:108DE000EA69936F1C0704D523F008039367FFF724
:108DF000DDFFEB699B6FD8060FD527F0F1FC064627
:108E0000FFF7DEFB0446134F24B1012023F0C3FE1D
:108E10000146B0B9304627F0DEFCEA69936F990647
:108E200015D523F02003936701F03EFA78B127F0BF
:108E3000D7FC0446FFF7BAFF2046BDE8F84027F00C
:108E4000CABC3846013C23F0D3FDE4B2DCE7F8BDF0
:108E5000500B0020640B002008B5FFF779FF00F0ED
:108E6000C3FD034A136823F40043136008BD00BF29
:108E7000500B00202DE9FF470C9D174699460646EA
:108E800060B9294CFFF758FF206922F0EEFDE26936
:108E9000936F23F400730020936720E0042840D8E8
:108EA00008293ED8531E072B3BD8002D39D0B9F1E5
:108EB000000F36D00023DFF870808DF809308DF870
:108EC0000B301A4B8DF80810D8F8100002A98DF855
:108ED0000A20039322F0D7FD044618B11F2004B0E6
:108EE000BDE8F0874FF0010ACDF800A000212B4625
:108EF000D8F81000E2B222F0BCFD01460028EDD106
:108F00000134B4423D44EFDB4A46D8F8100022F069
:108F1000AEFD0028E2D1D8F81C20936F43F4007313
:108F2000B9E72020DBE700BF500B0020FEFFFF0168
:108F3000002210B5094C104611461EF0DBF92069DD
:108F400009F040F81EF0D5F904F1140023F057FCA5
:108F5000E269936F23F01003936710BD500B00205C
:108F6000024B1868C0F38020704700BF500B0020F0
:108F700038B5154C0546E36993F87D3083420ED031
:108F8000431E042B08D8DFE803F0030B0F14160070
:108F9000206909F0C3FC10B9E36983F87D5038BD3E
:108FA00020691EF0B5F9F6E7012120691EF0B2F93B
:108FB000F1E70321F9E7FFF7D3FF0028ECD02069A0
:108FC0001EF0AAF9E7E700BF500B0020FF2337B5DA
:108FD000084D04462B7143786B710078FFF7C8FF8A
:108FE000012300936378044A0449286922F04DFE66
:108FF00003B030BD500B0020294176715555550006
:1090000073B504460D4D407A002628711EF052F9C2
:109010006871207AFFF7ACFF0096637AD4E90021EB
:10902000286922F032FE32463146304618F030FFD1
:1090300020681EF068F902B070BD00BF500B002020
:1090400038B50B4C05462368206923F48063236000
:1090500022F0ACFD38B10DB9002038BD236843F4CF
:1090600080632360F8E7002DF6D00C20F5E700BF01
:10907000500B0020F0B5394C0546216889B011F03D
:10908000010163D12022204623F023FA344822F044
:10909000B0FA074610B1102009B0F0BD314E324B86
:1090A00030463360314B73601EF028F93946304644
:1090B00008F01EFFAB682061DB0249D40120EDF708
:1090C00043F90028E7D102224FF0FF31206922F056
:1090D00060FB06460028DED10120FFF7B1FF4FF408
:1090E000007332462249206922F085FCB0F5007FEA
:1090F000D1D1287E00F086FA0028CCD1206922F058
:1091000080FD0028C7D100F01BFB0028C3D13C2301
:1091100094220393CDE9013296235022059001A9B0
:109120002069CDE90623049308F0FCFF0028B2D1A2
:10913000012022F012FA0028ADD00E4A0E49206913
:109140001EF0DAF8236843F0010323600020A3E750
:10915000012122F0ECF90028B0D09CE7500B002050
:10916000690345ECE023002029930108D023002067
:1091700064250020B1720308DF7203082DE9F04175
:1091800005460E46FFF768FC2F680446C7B9638B97
:10919000008B18440A30FFF725FA03462860C0B157
:1091A00082790C321344A2681A71618B228BDF71B1
:1091B0000A441A81084A0A2112799A7123F0EFFAB7
:1091C00020462B68B2B24FF6FF71BDE8F041FFF7C1
:1091D000B3BCBDE8F08100BF500B002070B5054660
:1091E0000D4BDC6994F86C6006EBC60004EB800064
:1091F000FFF770FCAA790C32AB18197941F0020123
:109200001971242101FB06446168A950227B5A711F
:10921000A27BDA7170BD00BF500B002038B5FDF79E
:10922000CDFDC8B1847DC4B92A4DEB6993F87C208B
:10923000022A10D1B3F8702053200132A3F8702015
:10924000FEF790FF01201EF061F82421EA6992F8F0
:109250006C304B43D45038BDFF242046FEF7D4FE7B
:10926000002831D01B4CE36993F87C20022AF2D10C
:10927000B3F8702053200132A3F87020FEF772FF7C
:1092800001201EF043F823681B0407D5E36993F817
:109290007C30012B02D05220FEF764FF2422E169CA
:1092A00091F86C305A438818806810F004001FBF92
:1092B00003220133B3FBF2F202EB42021ABF9B1A04
:1092C00081F86C308850C6E75320BDE83840FEF77F
:1092D00049BF00BF500B0020024BDB6993F87D00B3
:1092E000704700BF500B0020044BDA69936F0343B3
:1092F00093674FF0006008F0F9BB00BF500B0020EF
:1093000038B5054627F063FA0446064B0820DB69AA
:1093100083F87E50FFF7E8FF2046BDE8384027F08D
:1093200051BA00BF500B0020F8B515461C46064642
:10933000194610461DF0E5FF2A46234630461DF02B
:10934000FDFF3E4FD7E9022300EA020401EA0305CC
:1093500054EA05032FD0A4F108032B4325D0A4F52C
:109360008043083B2B4327D0A4F10C032B4319D097
:10937000231F2B433FD0324B23402BB124F001134A
:1093800023F4A0432B4346D004F17F432B4335D035
:10939000600122D5FA69936FD9051ED523F4807335
:1093A000936704E000201DF0B1FFFFF737FF204670
:1093B00029461DF0A2FFF8BDFFF730FFFA6992F8C9
:1093C0007C30022BF3D140F60201906F814318BF2D
:1093D0000123552082F87C302CE027F0F8F9642234
:1093E0000646FB69082083F87E20FFF77DFF3046A4
:1093F00027F0E8F9DBE71DF08AFFD8E7FA6951208A
:10940000B2F86E300133A2F86E30FEF7ABFE0120E9
:109410001DF07CFFCBE7FB6993F87C20012AC6D0C6
:1094200040F60202996F55208A4314BF012202229E
:1094300083F87C20FEF796FEB9E700BF500B0020B2
:109440000150010038B5044680790C4D0C302044A1
:1094500018F020FD0123A179E279521A0C31214440
:109460002869D2B222F0C5FA246804B938BDA179BE
:10947000E2790023521A0C31F1E700BF500B0020B3
:109480002DE9F041054680790C460C3028441646FB
:109490001F4618F0FFFCA979EA79DFF85C80521AC0
:1094A0000C310123D8F81000D2B2294422F0A1FADD
:1094B00044B1E379A2799B1ADBB2B34204D30CB175
:1094C000002F04DCBDE8F0812468F61AF0E7A179EA
:1094D000E57900236D1AEDB2AD1BBD42A8BF3D4634
:1094E0000C3131442144D8F81000AAB222F081FA9C
:1094F000002624687F1BE2E7500B002010B4254CA7
:109500002269B2F9001081422DDA034694F814C0A2
:109510000CF18041013932F9210002EB81019842BE
:1095200025DD312B28DDA17D8C4530D902EB810072
:1095300032F921409C4224DB14D001F1804C0CF123
:10954000FF3C32F92CC0E41A002CACEB0303B8BF8B
:109550006442002BB8BF5B42A34203DA0139C9B2AF
:1095600002EB8100024610465DF8044B70470A4644
:109570005DF8044B10467047002BD4BF0021617D7D
:10958000D2E70131CCB2A44500F10400D0D8104696
:109590000246E8E7F0230020042307B58DF80730E2
:1095A000002306481A460DF10701006922F0F3FA7C
:1095B0009DF8070003B05DF804FB00BF500B0020CE
:1095C00037B5044627F00CF90B4B054618689B8805
:1095D0000090ADF80430094B694618698DF80040D9
:1095E00022F0D9F947F6FF72054B28469C739A8101
:1095F00027F0F1F803B030BD342D0020500B0020CF
:10960000F023002037B58DF80700F2F7A3FE134CC6
:109610000368134D236083889DF80700A380FF280B
:1096200003D0FE2809D1FFF7B7FF20700021286979
:1096300008F050FF002003B030BD237828698DF872
:10964000073000230DF107011A4622F0A4FA10B1E9
:109650009DF80700E9E72020EDE700BF342D00204A
:10966000500B00200346044AB2F902001BB1034B21
:109670001B8BC01A00B27047F0230020500B002053
:10968000084B10B5B3F9004030B903EB4103B3F90F
:1096900002309C42A8BF1C46A242A8BF22461046E8
:1096A00010BD00BFF0230020034BB3F900309842F7
:1096B000A8BF1846704700BFF0230020024B1B696B
:1096C000B3F90000704700BFF0230020034A137D68
:1096D0001269013BDBB232F923007047F02300200E
:1096E0007FB5ADF80210ADF80420ADF806304FF0AC
:1096F000C8124FF082136946CDE90223ADF800008D
:109700000C46FFF7E3FF042202ADB1F9003035F952
:10971000026B8342A8BF03461BB2B342A8BF3346C5
:1097200021F8023B531E13F0FF02EED194E8030030
:10973000024B83E8030004B070BD00BFF423002097
:109740002DE9F04FDFF878A189B0DAF80000BAF817
:1097500004300690C0B2FF28ADF81C3003D1FFF7EB
:109760001BFF8DF81800534F06A9386922F013F932
:1097700027F036F84FF4FA710290386922F0F2F8C7
:10978000386908F091FE4C490090386922F0EAF8F7
:10979000386908F089FE4FF01E08484D01904FEAE5
:1097A000880023F04EFB064680B14FF000030024F2
:1097B000DDF804906B75AB75009B4B451EDA2346B4
:1097C00047F6FF72434571DB2E612C75029827F036
:1097D00002F864231A4619461846FFF781FFFFF77F
:1097E00075FF2B6928801B8800206B8047F6FF736C
:1097F000AB810C23AB7309B0BDE8F08F9AF8003051
:10980000ADF81690FF2B34D14FF00C0338698DF86A
:1098100015300DF1150200230DF1160109F03EF887
:109820009DF815B0AB7B5B4502D05846FFF7C8FEEC
:109830004946386922F096F80028C7D1386908F0FF
:1098400033FE019B83422CDC009B834229DB34B135
:1098500004F18043013B36F92330834221D0A045F7
:109860000AD8304608F1050823F0EDFA5FFA88F8C7
:1098700095E78DF81530D3E7002802DA6C75AC75E2
:1098800001E03128FBDD06EB840326F8240083F891
:1098900002B03869039322F063F8039B0134D87057
:1098A000E4B209F101090FFA89F985E726F82320C6
:1098B000013387E7500B00200CFEFFFFF023002050
:1098C000342D00208BB200294FF00A01B4BF053BB4
:1098D00005331BB293FBF1F3014A108353837047A6
:1098E000500B0020024B5B8BC01A40B2704700BF88
:1098F000500B0020024B1B8BC01A00B2704700BFF8
:10990000500B0020044B10B51B8B0446C81A00B244
:10991000FFF7F4FDE06010BD500B002010B5094CBE
:109920002369B3F900108142B8BF0146FFF7CEFEAC
:109930008842A8BF084600B2FFF7E0FD03886380B5
:1099400010BD00BFF023002010B50146FFF7BEFE9A
:1099500088420346A8BF0B46064C18B22269B2F9EA
:1099600000209042B8BF1046FFF7C8FD038823804F
:1099700010BD00BFF023002070B5044608B3114DA0
:10998000B0F90030B5F90C209A421AD026F028FF21
:10999000AB7B0646A078834201D0FFF711FEB5F9F4
:1099A0000C20B4F900309A4206D0074BE1781869D0
:1099B00021F0C5FF2388AB813046BDE8704026F01A
:1099C0000ABF70BDF0230020500B002008B5054BE6
:1099D0001B8BC01A00B2FFF791FDBDE80840FFF7EE
:1099E000CBBF00BF500B00200022044BDB691A6084
:1099F0005A629A64A3F86C20704700BF500B002095
:109A00002DE9F04F87B0074691469A46ADF80C1005
:109A100022F082FFB0F100083DDD002F3ED03C4631
:109A20004FF0000B264EA379E57903F10C01ED1AF6
:109A3000EDB2214406EB0B002A4622F052FD2468C9
:109A4000AB44002CEFD19DF80C101E4801F023010F
:109A50000091C0F808900DF1140942465346184988
:109A6000CDF80490A04627F00CF83C46A379E579A0
:109A700003F10C00ED1AEDB206EB080120442A4672
:109A800022F02FFD2468A844002CEFD1042249467F
:109A9000384623F07EF907B0BDE8F08F9DF80C1032
:109AA000084801F02301C0F808900DF11409009155
:109AB000534642460249CDF8049026F0E2FFE5E71E
:109AC00008240020283200202DE9F04784B0904679
:109AD00099460390ADF8081022F01EFF071F002FD3
:109AE00025DD039D002D40D04FF0000A204EAB79BC
:109AF000EC7903F10C01E41AE4B2294406EB0A0004
:109B0000224622F0EEFC2D68A244002DEFD1194828
:109B1000F119C0F8088001919DF808104B4601F03A
:109B2000230100913A46124926F09FFF18B1002008
:109B300004B0BDE8F087039D7DB10746AB79EC79B1
:109B400003F10C00E41AE4B2F1192844224622F091
:109B5000C8FC2D682744002DF0D103A8042122F071
:109B60007DFF012004B0BDE8F087014ECFE700BFC4
:109B7000082400202832002030B514460D46024645
:109B8000064883B00195802183602346009426F027
:109B900084FFB0FA80F0400903B030BD28320020C5
:109BA0000023F0B50E46D1688BB009BA0291C17896
:109BB00090F800C061F3070381781A4D61F30F2319
:109BC000417802AF61F317436CF31F630993936805
:109BD00051681BBA0393836809BA1BBA07931368C9
:109BE00042681BBA0593C36812BA1BBA06AC04914B
:109BF000AF600892069323468022294601200094F4
:109C000026F04EFF0028F6D1DDE90810DDE9063226
:109C100000BA09BA12BA1BBA30607160B260F36060
:109C20000BB0F0BD283200202DE9F84FDFF8689026
:109C30008246D9F800B088461746BBF1000F28D0FD
:109C4000002699F80450B54207D13D7099F80400F8
:109C5000A84214BF0120022017E074196110C1EB63
:109C6000C10159448879C4F3470400F00100B8EBFE
:109C7000000003D10622504622F001FC002806DB3A
:109C800002D0661CF6B2DEE73C70BDE8F88F2546D0
:109C9000D9E70320F9E700BF182500200022014B77
:109CA0001A71704718250020F8B5054626F098FD72
:109CB000104C85F3070563790646AB4205D10024B5
:109CC000304626F088FD2046F8BD002720686571E3
:109CD000277110B123F0B7F827606379002BEED01D
:109CE000C5EBC50010F0A8FB20600028E7D160712B
:109CF0000724E5E71825002038B50546074B5C68C2
:109D000004B938BDA379E2792946D21A0C33E01898
:109D1000D2B222F0DEFB2468F2E700BF402500202B
:109D200008B5084864211AF056F90120FCF7F8FE3E
:109D300030B9054A137D59075CBF43F00203137520
:109D400008BD00BF282500202025002013B50F4C9A
:109D5000B4F91200FFF7A8FC014604F11400FFF764
:109D6000D1FDA38B206AADF80430FFF705FE01A8F2
:109D7000FFF72CF918F082F8044618F081F8214614
:109D80000246012018F084F802B010BD40250020E2
:109D9000022808B50CD003280ED0012807D11DF0E9
:109DA000C9FA084B986000F05BFA1DF0A2FA08BDF2
:109DB000BDE8084000F05EBA00F05CFABDE808407B
:109DC00000F04EBA402500202DE9F74F27288146A4
:109DD0000F4616469A469DF830509DF834B000F272
:109DE00018818E4C2368D90600F1158150461DF06C
:109DF00092FB804620B91125284603B0BDE8F08FBC
:109E000018F03EF8002842D0291E18BF0121C2795F
:109E100061F34512C27192061CD430232360BDF950
:109E200040307F4D63827F4B84F81D90C4E9053537
:109E300000237D4D84F81CA0236223820337012078
:109E400022F0A9FE014628BB2060774822F0D7FC0B
:109E50000725D1E7BBF1020FCDD8AA1E122ACAD816
:109E6000827905F01F0502F0200245EA8B151543A3
:109E700085710F9A9DF8381017F0F3FF05460028FA
:109E8000BAD117F0E9FF05460028C6D0B4E7002D87
:109E9000C3D0B0E7452F3B46A8BF4523453FC3711C
:109EA000284622F09BFD002FC9DC6768BB7903338D
:109EB000BB71072E08D8DFE806F07E7604077A7CAF
:109EC00078745520FFF718FF17F0DAFF07460028CF
:109ED00000F09C80C37903F02003002B0ABF022509
:109EE00003254FF00008EDB22946606822F0C7FC58
:109EF000D4F804A006F00F069AF80690504609F12F
:109F00000C090AF8096022F007FD0AEB090B401B57
:109F10008BF80100B8F1000F08D01AF8093043F0AF
:109F200020030AF80930BB798BF802303F4E404BD2
:109F3000B36101233375FFF709FF606822F0ECFC81
:109F4000014600201DF099FA054617F099FF38B137
:109F5000C379990642BF837903F01F0305EBC3055C
:109F600040F2712305F2693595FBF3F54FF49672D3
:109F70005D434FF4C873E560C6E90323FFF7D0FEE5
:109F800026F02EFC04461DF0D5F9338900256433F4
:109F90000344264873601DF005F8204626F01BFC9C
:109FA0002AE7AA208EE70F208CE7F0208AE7FF201F
:109FB00088E7002086E74FF0FF3ABB7997F80790D3
:109FC00003F10C05A9EB0309B34600233D4455FA00
:109FD00089F9A94503D13F68002FEED174E70AF44F
:109FE000887210460193009222F090FA009A00F0D5
:109FF0000100019B40EA4A0A100AC001013340EA0D
:10A000005B0B580708BF05F801BBE2E78046022555
:10A0100069E71225F0E60C25EEE600BF402500209A
:10A0200055555500294176714425002020250020F2
:10A03000919D010827282DE9F84306460F469046D2
:10A04000994668D8364D2B68D90666D438461DF037
:10A0500062FA10B91120BDE8F88317F00FFF00284D
:10A0600055D0B8F1000318BF0123827A63F30412BC
:10A070008272D3B2D2062DD45023DFF8BC802B607D
:10A08000284B0024C8F818300823274A88F81430D1
:10A09000264B6E77C5E905322F772C622C82FFF7AD
:10A0A00055FE2349234BC8E90313FFF739FE26F079
:10A0B00097FB05461DF03EF9B8F8083064330344B9
:10A0C0004046C8F804301CF06DFF284626F083FB9C
:10A0D0002046C0E7B9F1020FBCD8A8F10202122A4B
:10A0E000B8D89DF820209DF8241062F3030380F86F
:10A0F00004800A9A80F80590837217F0B0FE002859
:10A10000A9D1012017F0A8FE0028B5D0A3E7B8F127
:10A11000000FB1D09EE712209DE70C209BE700BF07
:10A1200040250020919D0108555555002941767123
:10A1300000E9A43500CA9A3B2025002070B526F01E
:10A140004FFB134C06461348F7F796FF00F092F8C2
:10A15000012111481CF033FF2368258A9B0606D590
:10A160004FF48030FEF7D0F8002808BF0025002308
:10A170002382236017F082FE044617F081FE014619
:10A18000204617F070FE304626F025FB284670BDAD
:10A1900040250020282500202025002038B50D4C22
:10A1A000226812F020050CD0D4E9021300221944D1
:10A1B0001046A1601DF0DBF86068BDE83840FFF78D
:10A1C00041B9FCF795FC2A46BDE83840014602201B
:10A1D0001DF034B94025002030B5532885B011D08A
:10A1E00003D8512809D005B030BD55380128FAD818
:10A1F00005B0BDE83040FFF7D1BF184A138A0133DC
:10A200001382F5E700254FF0FF3103A80395FEF711
:10A21000B5FF039B002BE6D09A7913441B7CDA0729
:10A2200018D517F02BFE044680B1837ADB060DD5D6
:10A230000398FEF7D3FF039B40F6FF72CDE900536E
:10A2400021462B46012017F005FE18B1034A138A58
:10A250000133138203A822F0D2FAC4E7402500207C
:10A2600008B50348FDF7BEFEBDE80840FFF796BFFE
:10A27000D9A1010810B5084C2368DB060BD5FEF701
:10A2800067FD0020FDF7AEFE636823B1201D22F0BC
:10A29000B6FA0023636010BD40250020014B186E04
:10A2A00080B2704700C001B80A4BD86800F07060F7
:10A2B000B0F1106F0CD008D8B0F1E06F08D0B0F159
:10A2C000006F14BF002001207047B0F1406FF8E725
:10A2D00001207047000002B80022034B1A609A80E8
:10A2E000FF229A71704700BF5B2E0020064A137947
:10A2F000834207D9012312688340134214BF01200F
:10A30000002070470020704764270020054A03465C
:10A310001068002208B91A607047C10748BF0132AF
:10A320004008F7E764270020014B1879704700BF09
:10A3300064270020024B1B6803600020704700BFA9
:10A3400064270020F0B541EA002087B040F4902750
:10A3500006200E461546F2F791FB22F072FD0446E8
:10A3600040B901461A2011F0ADFB6FF08C0528466C
:10A3700007B0F0BD43684761DAB222B923F0FF03AA
:10A3800043F00103436015F0AAFE0002062E1C4BA9
:10A3900040F0010060600CBF40F201114FF4807189
:10A3A00020461DF0CEF8E360164B2A46236002AB30
:10A3B0001E4605F110071D4610685168083203C596
:10A3C000BA422B46F7D11021304622F024FD10224C
:10A3D0003146204601AB17F0CAF8054620B10146C8
:10A3E00040F2074011F06EFB1021304622F021FDB3
:10A3F000204617F022FB204622F025FDB7E700BFDC
:10A400000044400400248000102A2DE9FF4706463E
:10A410000F46154623D800244FF00109DFF8448089
:10A42000DFF844A0D8F8002009FA04F3134213D04F
:10A4300046EA042040EA0A006A46E9B280B207F020
:10A44000E7FB48B92A463946684622F018F818B999
:10A4500060B204B0BDE8F0870134202CE2D14FF0A7
:10A46000FF30F6E7642700200080FFFF2DE9F3416D
:10A470001D4E054601460622304622F000F820B95E
:10A4800096F9060002B0BDE8F0810024A046EF1C5A
:10A490002046FFF72BFFD8B13B88CDF80080ADF800
:10A4A0000330BB786946E0B28DF8053023F0C6FB77
:10A4B00021280DD0A8B903222946684621F0DFFFE4
:10A4C00030B92B6860B23360AB88B071B380D9E724
:10A4D0000134202CDCD12B683360AB88B380FF23A0
:10A4E000B3714FF0FF30CDE75B2E0020034B93F9A3
:10A4F0000630013301D1FFF7EFBE70475B2E00201D
:10A50000F7B5044620F02FFF631C58D1FFF7E4FE97
:10A510000024624E3379A3422CD84FF4004100242A
:10A52000084607F0D5FB20224FF0FF315C4834602D
:10A5300021F0CFFF204601F0BBF9FF260446594D1C
:10A540005CBB594816F01EFF014630B110F1880F70
:10A5500003D040F2074011F0B5FA0C214F4A43F600
:10A56000FF7007F039FB202138204D4A07F034FBFB
:10A5700000202AE02046FFF7B9FE60B165B2052150
:10A5800028461CF0E0FF032128461CF0DCFF0621D2
:10A5900028461CF0D8FF0134BCE794F9753001332C
:10A5A00005D02B7843B91321204623F03BFA2046EF
:10A5B00001F07EF90446C3E784F87560F7E72046AA
:10A5C000FFF794FE18B940F2064003B0F0BD6B46A9
:10A5D0000622002120461DF00CF8002845D0492312
:10A5E0008DF806304FF47F41304840EA042008409F
:10A5F00007F06EFB052120461CF0A5FF0321204635
:10A600001CF0A1FF062120461CF09DFF01222349DA
:10A61000E3B29A400B6823EA02030B60244B93F9E0
:10A620000630A34201D1FFF757FE002005460B7903
:10A630001B4A013BC1B2994221DBFF260020D654C0
:10A6400001F036F90546174F002D86D095F9753083
:10A65000A34205D13B78EBB91321284623F0E2F958
:10A66000284601F025F90546EEE76B460622012152
:10A6700020461CF0BEFF0028B4D07223B0E7565627
:10A68000A64200D025B1551895F901505554012521
:10A690000130CFE785F87560E2E700BF642700204E
:10A6A0003B2E0020392E0020370004000080FFFFE1
:10A6B0005B2E0020202828BF2020012838BF012041
:10A6C0000322F8B54300B3FBF2F30D4D0D4A0F46DC
:10A6D00013702B790446834206460DD82C716F7196
:10A6E0000C21BDE8F84043F6FF70054A07F074BA44
:10A6F00070B2FFF705FF01362B79B342F8DCEDE7C6
:10A70000642700203A2E00202DE9FF41354C0646F3
:10A7100001A8FFF7FBFD2379019A93421ED86279C5
:10A72000012A40D100274FF0FF383D4610E0236852
:10A73000EB40D9070BD5082202AB114668B21CF0DA
:10A7400058FF20B1039B43453CBF2F469846013537
:10A7500023799D42EBD378B2FFF7D2FE236813F042
:10A76000010529D0002501220135202D18D002FA3B
:10A7700005F71F42F8D13B432360A3680C21013346
:10A7800043F6FF70174A7361A36007F025FAA8B17A
:10A79000236823EA07032360A368013BA360736176
:10A7A0004FF0FF3519E0022AFAD10F4A134413F98A
:10A7B000010D421CFBD0CFE70127DCE722790A4CD0
:10A7C000013A2146D2B2601C21F069FE6DB22246E8
:10A7D00020213820257007F0FFF9284604B0BDE895
:10A7E000F08100BF642700203B2E00202DE9F043BC
:10A7F000002489B0AF4D04213F2001AA2C7007F03E
:10A8000007FA00B10194019F002F4FD00026781E57
:10A810004742474100242C70A74D0C212A4643F69D
:10A82000FF7007F0F5F9C0B10D23AB80019B2C60E0
:10A83000032BAC6011D803AC2246142143F6FF7001
:10A8400007F0E6F948B994E8070085E807002A46CA
:10A850000C2143F6FF7007F0BFF9019B042B06D0D3
:10A8600004213F200DEB0102019107F0B5F92021F1
:10A870003820924A07F0CCF928B120224FF0FF315E
:10A880008E4821F026FE03222B795B00B3FBF2F306
:10A890008B4A1370FFF720FDF4F7DEFC014618B178
:10A8A00040F2074011F00EF9002413E0012637466C
:10A8B000B0E72B68E340D9070BD508224FFA84F89C
:10A8C0001146404603AB1CF094FE10B94046FFF71A
:10A8D00017FE01342B799C42EBD38EB11021372027
:10A8E00003AA07F095F9002852D10620F2F7C6F81E
:10A8F00022F0A7FA044680B901461A2011F0E2F8C6
:10A900003FB13D2007F0A0F900242B799C42C0F014
:10A91000AB80002009B0BDE8F0836A4A4368426119
:10A92000DAB222B923F0FF0343F00103436015F0CC
:10A93000D6FB0002644B40F0010040F20111606060
:10A9400020461CF0FEFDE360604B1021236003A84D
:10A9500022F061FA102202AB03A9204616F007FE8E
:10A960000646102103A822F064FA204617F065F885
:10A97000204622F068FA372007F066F946B140F227
:10A980000740314611F09EF84FF0FF30FFF7B8FD59
:10A99000002623E03046FFF7A9FCF0B174B2102284
:10A9A0000321204603AB1CF024FE1028814620D151
:10A9B0000321204603AAFFF7C5FC8046494603A8A9
:10A9C00022F037FAB8F1000F0CD040F207404146B0
:10A9D00011F078F82046FFF793FD01362B799E425F
:10A9E000D8D38DE748F2030040EA062080B207F092
:10A9F0002BF910220521204603AB1CF0FAFD10288C
:10AA0000814613D10521204603AAFFF79BFC80460F
:10AA1000494603A822F00DFAB8F1000FD5D148F24B
:10AA2000050040EA062080B207F00EF91022062148
:10AA3000204603AB1CF0DDFD10288146CDD1062158
:10AA4000204603AAFFF77EFC8046494603A822F071
:10AA5000F0F9B8F1000FB8D148F2060040EA06203C
:10AA600080B207F0F1F8B8E72046FFF73FFCF0B1FD
:10AA700066B204220C21304602AB1CF0BAFD042859
:10AA80000AD1029B0122C3F300238DF80C300C2164
:10AA9000304603AB1CF06CFD00231022CDE90333DC
:10AAA000CDE905330D21304603AB1CF061FD0134C7
:10AAB0002BE700BF392E0020642700203B2E00200A
:10AAC0003A2E002037000400004440040024800097
:10AAD000F8B5104B044618790F4B00221D46D1B231
:10AAE000884204D913F9017B561CA74204D10B4BB1
:10AAF0001B788B4202D9F8BD3246F0E70649481C64
:10AB000021F0CDFC2C702021BDE8F8403820024A0D
:10AB100007F062B8642700203B2E00203A2E002068
:10AB200038B50A4B1C680388073CA4B29C4228BF76
:10AB30001C46204601F01CFA051E054818BF0024DB
:10AB40001CF0F5FF8580C48038BD00BFB42800200C
:10AB50002004090010B500781FF0EEFD04460248FD
:10AB60001CF0E5FF848010BD2002090130B50446C9
:10AB7000457887B02A46811C01A821F0B2FC01A9C2
:10AB8000207805951FF0E2FD044603481CF0CFFF36
:10AB9000848007B030BD00BF2002090210B5D0F894
:10ABA000011000781FF0E6FD044602481CF0BFFFCC
:10ABB000848010BD2002091010B5D0F80110007873
:10ABC0001FF0E4FD044602481CF0B1FF848010BD74
:10ABD0002002090330B50446457987B02A46811D15
:10ABE00001A821F07EFCD4F8011001AA2078059577
:10ABF0001FF0D8FD044603481CF099FF848007B07D
:10AC000030BD00BF20020904002310B5B0F80110C8
:10AC10001A4600781FF0EAFD044602481CF087FF40
:10AC2000848010BD2002090710B5B0F80110B0F8FB
:10AC30000530B0F8032000781FF0D8FD0446024824
:10AC40001CF075FF848010BD2002091270B5447994
:10AC500086B00578D0F801602246811D01A821F058
:10AC600040FC314601AA284605941FF0CFFD04465A
:10AC700002481CF05CFF848006B070BD2002090809
:10AC80000146B0F8012010B511F8030BD2B21FF045
:10AC9000D3FD044602481CF04AFF848010BD00BF6B
:10ACA000200209170146B0F8012010B511F8030B76
:10ACB000D2B21FF0CFFD044602481CF038FF84805A
:10ACC00010BD00BF2002091810B5B0F80110B0F88F
:10ACD0000330421D00781FF0CBFD044602481CF0F3
:10ACE00026FF848010BD00BF2002091930B585B051
:10ACF0000DF10E030093B0F80330B0F80110421DBF
:10AD000000781FF0C5FD04460448BDF80E501CF045
:10AD10000EFF8480C58005B030BD00BF2004091A35
:10AD200030B587B00DF116030293B0F8053001225B
:10AD30000193C31D0093B0F80330B0F80110007800
:10AD40001FF0C2FD04460448BDF816501CF0EFFE8B
:10AD50008480C58007B030BD2004091B10B5417840
:10AD600000781FF0CBFD044602481CF0E0FE848012
:10AD700010BD00BF2002090C10B5B0F80110C27858
:10AD800000781FF0EDFD044602481CF0D0FE8480E0
:10AD900010BD00BF2002090510B5B0F801104FF634
:10ADA000FF7200781FF014FD044602481CF0BFFE3D
:10ADB000848010BD2002090610B5B0F80110B0F86B
:10ADC00003208A4208D300781FF002FD044603489E
:10ADD0001CF0ADFE848010BD2124F8E72002091488
:10ADE00010B5B0F8011000781FF09EFD044602482F
:10ADF0001CF09DFE848010BD2002090E10B5B0F835
:10AE00000110B0F80330421D00781FF099FD044690
:10AE100002481CF08CFE848010BD00BF2002091D7A
:10AE200010B500781FF076FD044602481CF07FFE46
:10AE3000848010BD2002090D30B587B00DF11603D6
:10AE40000293B0F8053002220193C31D0093B0F8BD
:10AE50000330B0F8011000781FF036FD04460448B6
:10AE6000BDF816501CF063FE8480C58007B030BD6D
:10AE70002004091C37B500780DF106011CF0D8FF3D
:10AE8000044610B10023ADF806300448BDF8065062
:10AE90001CF04DFE8480C58003B030BD2004091530
:10AEA00020F00040A0F20540F8B5032817D8DFE8ED
:10AEB00000F0021728330C790F78A4F11B025342DB
:10AEC00053414E88CD8801F10802194899001CF0C1
:10AED000DEFD20B10771A0F80560C4710581F8BDE1
:10AEE0000E784D888C8801F10802124800211CF070
:10AEF000CEFD0028F3D00671A0F80550A0F8074059
:10AF0000EDE70D480D784C681CF089FD0028E6D06F
:10AF10000571A0F80540E2E707480C781CF07FFDBA
:10AF20000028DCD007234371002304718371D6E726
:10AF3000A02304089C2304089823040837B50D4B6C
:10AF400041881C6801AA0DF1020300881EF007F970
:10AF5000043CBDF80230A4B2A34288BFADF8024061
:10AF60000546019ABDF8021003481CF008FD8580D3
:10AF700003B030BDB428002020840A161FB5002479
:10AF800001882046CDE90044CDE902441DF091FC42
:10AF90004FF6FF7398420AD0694601F053FC014610
:10AFA0006A4605481CF0EBFC848004B010BD2146C5
:10AFB00041F20114F4E700BF20030A0100232DE948
:10AFC000F04788B08DF81630ADF81830ADF81A306B
:10AFD0008DF81730ADF81C30ADF81E300DF11E03A2
:10AFE0000088029307AB01930DF11703009306AAA3
:10AFF0000DF11A030DF1160101F030FD04460E4863
:10B000009DF816A0BDF81890BDF81A809DF817702D
:10B01000BDF81C60BDF81E501CF089FD848080F8CE
:10B0200006A0A0F80790A0F80980C7728681C581A4
:10B0300008B0BDE8F08700BF200C0A0537B50288CC
:10B0400081780DF1060303301DF06CFB04460448C3
:10B05000BDF806501CF06BFD8480C58003B030BD88
:10B0600020040A067FB5014602460DF10E0331F8B1
:10B07000030B0093927803AB1EF0C6FB0446064810
:10B08000BDF80C60BDF80E501CF051FD8480C680E8
:10B09000058104B070BD00BF20060A09002110B56B
:10B0A000821D83880446084621F0A0FE024648B16E
:10B0B000618820881EF07FF8044603481CF037FDA5
:10B0C000848010BD1A24F8E720020A170023F0B587
:10B0D000044685B0ADF80E30B0F80150C7788688C8
:10B0E00014F8060B1CF0D3FF90B10DF10E032246AD
:10B0F000CDE90073294633461EF073FA044605482D
:10B10000BDF80E501CF013FD8480C58005B0F0BD65
:10B110002524F4E720040A1837B5B0F80140C578B3
:10B1200000781CF0B4FF68B1002321462A46CDE91F
:10B1300000331EF08FFA044603481CF0F8FC8480AC
:10B1400003B030BD2524F7E720020A042DE9F341BE
:10B150000446B0F80150C6788788B0F8068014F825
:10B16000080B1CF094FF70B1CDE900483B46324615
:10B1700029461EF06FFA044604481CF0D8FC84806F
:10B1800002B0BDE8F0812524F6E700BF20020A1CCA
:10B19000002313B50193D0F8033000F109020093A6
:10B1A000B0F80730B0F8011000781CF0A0FA04469F
:10B1B00002481CF0BCFC848002B010BD20020A1DB5
:10B1C000802313B50193D0F8033000F109020093F6
:10B1D000B0F80730B0F8011000781CF088FA044687
:10B1E00002481CF0A4FC848002B010BD20020A1E9C
:10B1F000002313B5CDE90033421DB0F80330B0F899
:10B20000011000781CF073FA044603481CF08FFC10
:10B21000848002B010BD00BF20020A1900238022E2
:10B2200013B5CDE90032421DB0F80330B0F801107B
:10B2300000781CF05CFA044602481CF078FC84801C
:10B2400002B010BD20020A1A08B50146034631F8C3
:10B25000040B5A881EF068F903481CF068FC0023B0
:10B260000371437108BD00BF20020A1B002337B5DC
:10B27000B0F801400078ADF806301CF008FF70B15E
:10B2800021460DF106021EF092F904460548BDF86C
:10B2900006501CF04CFC8480C58003B030BD2524D2
:10B2A000F4E700BF20040A1238B500781CF0EFFE66
:10B2B000044648B11CF022FF0025044603481CF058
:10B2C00036FC8580847138BD2525F7E720030A15F3
:10B2D00010B50168406889B2C0B21EF07EFA04461B
:10B2E00002481CF024FC848010BD00BF20020A0824
:10B2F00010B50446012000F069FF236840EA03010D
:10B3000089B200201EF069FA044602481CF00FFCC6
:10B31000848010BD20020A0C10B50446012000F004
:10B3200055FF236820EA030189B200201EF055FA78
:10B33000044602481CF0FBFB848010BD20020A0D6D
:10B3400010B5012000F042FF044604481CF0EFFB5A
:10B350000023C0F806400371437110BD20060A0E99
:10B3600038B50A4B1C680388073CA4B29C4228BF2E
:10B370001C46204600F0FCFD051E054818BF0024B1
:10B380001CF0D5FB8580C48038BD00BFB4280020E8
:10B3900020040A0A37B500780DF106011CF048FDBB
:10B3A000044610B10023ADF806300448BDF806503D
:10B3B0001CF0BDFB8480C58003B030BD20040A0BA7
:10B3C00040F2055320F0004098422DE9F0410BD89F
:10B3D00040F20153984209D840F2014398420DD0FF
:10B3E00040F20A43984214D0BDE8F081A0F2035025
:10B3F000022816D8DFE800F024495C000D784C885C
:10B400002D481CF00CFB0028EED00571A0F805407B
:10B41000EAE72A480C781CF002FB0028E4D004710B
:10B42000E2E727480F784E880D79CC881CF0F7FAB0
:10B430000028D9D00771A0F80560C5710481D3E751
:10B440008C684E880D790F7884B1B1F8068001F1CF
:10B4500008021C4800211CF01AFB0028C4D0077108
:10B46000A0F80560C571A0F80880BDE72346224614
:10B47000214614481CF0E4FA0028B5D00771A0F862
:10B480000560C57104724472AEE70F4891F8008000
:10B490004F880E79CD880C891CF0C1FA0028A3D002
:10B4A00080F80480A0F80570C671058144819BE78F
:10B4B0000D784C680548A4E788240408742404081F
:10B4C00084240408802404087C24040878240408C4
:10B4D000044A0346106810B102789A4200D17047BE
:10B4E0004069F8E77027002038B5074D2C784CB933
:10B4F0001CF0A1F905F0DEFF044B1C60044B1C702E
:10B5000001232B7038BD00BF632E00207027002060
:10B51000622E002070B5104E04463568B5B9B0F5FE
:10B52000006F15D20D490434084615F01FFA204665
:10B530000EF082FF224601463060084815F01BFAE3
:10B5400033683BB12846064B1C6070BD1220FCE7F7
:10B550002120FAE71920F8E7802700204425040875
:10B560007C27002010B1034B1B680360024B186856
:10B57000704700BF7C2700208027002011B1034BBB
:10B580001B680B60024B1868704700BF74270020CF
:10B5900078270020044B186828B1044B1868042849
:10B5A00038BF042004387047782700207427002013
:10B5B000084A136833B94178436141F00101417091
:10B5C00010607047197802789142FAD003F11402A2
:10B5D0005B69EFE7702700202DE9F84F0F4688469A
:10B5E00057F8041B0546144600203A461E461CF038
:10B5F00023F9D8F8008040461CF096F820B19DB998
:10B6000041684FEA186359B90F2133462246404634
:10B610001CF086F90D461AE04A799A4204D00831A6
:10B620000D68002DF8D1EFE7DFF83490DFF83480B3
:10B63000D9F800B0D8F800A03846C9F80040C8F8DA
:10B640000060A8470025C9F800B0C8F800A022464D
:10B65000012052F8041B1CF0EFF82846BDE8F88FD3
:10B6600078270020742700202DE9F04106469846EF
:10B6700017466AB3052B2DD9C8B103291AD9056815
:10B680002C0204F4E064C5F307231C430434A142F4
:10B6900011D328461FF015FE044670B143463A46C2
:10B6A0002846A1B21CF03CF92046BDE8F0810546D1
:10B6B0002224F3E700254A24F0E7074B3A461C68AA
:10B6C00031464346A047044628461FF002FEEBE7FA
:10B6D0002224E9E71D24E7E73C32002070B50D4B3A
:10B6E00004020E4604F4E064C0F307211B680C4317
:10B6F000094A04349C42126809D9052B02D91D213C
:10B700001CF00EF900231A461046336070BD10601D
:10B71000043BF9E77427002078270020054B1868C0
:10B7200008B1C3681BB1003818BF012070474069D9
:10B73000F6E700BF7027002008B539B1FFF7C8FE53
:10B7400030B10020034B1B680B6008BD2220FCE7D2
:10B750002D20FAE77C27002037B50D461446CAB1E4
:10B760000F4B1B688B4217D81CF0F7F8014601906D
:10B77000A0B100232A46204621F030F801A821F08C
:10B780003EF82246022052F8041B1CF055F8002017
:10B7900003B030BD2220FBE72120F9E72D20F7E799
:10B7A0007C270020034610B559B10020084A0860E4
:10B7B000126842B1074C04332468A34205D80A60DA
:10B7C00010BD2220FCE71120FAE72120F8E700BF96
:10B7D000802700207C27002070B504460D461B4AB8
:10B7E00013686BB393F87D10586811F0040129D1E8
:10B7F00010608C22184693F8706020F06AFE0346B1
:10B8000080F870602268C0F85A20A288A0F85E20F4
:10B81000A27980F860202868D864AA79A98883F87A
:10B820005220FF2283F8752083F8762040F6FF72BD
:10B83000A3F86E20064AA3F85010116813605960EF
:10B84000184670BD1A1D0346CBE700BF88270020AD
:10B8500084270020054A0346106800B97047B0F8F5
:10B860006E209A42FAD04068F7E700BF8427002094
:10B87000054A0346106800B9704790F870209A4254
:10B88000FAD04068F7E700BF8427002038B50546A6
:10B89000064B1C680CB9204638BD294604F14C0003
:10B8A00000F0B8F90028F6D16468F3E78427002097
:10B8B00010B9024B18687047406870478427002011
:10B8C0000023114A2DE9F0418C2113608046024685
:10B8D00001200EF051FB044620B905460B4E3060A6
:10B8E000454502D32046BDE8F08101200EF0AAFBB9
:10B8F00007468C220021013520F0EBFD87F87050BF
:10B9000037603E1DECE700BF842700208827002019
:10B91000012310B58B4090F87110044621EA030111
:10B9200049B280F87110002949D11FF0DBFC204694
:10B9300022F0AFF9102104F1180021F07AFA204624
:10B9400002F0FEFD04F1380020F059FF20461FF000
:10B9500023F9214A13681BB19C42596830D1116008
:10B96000A36859050BD51A0509D443F40063A189CE
:10B9700094F87000A36004F1780205F089FB0023BD
:10B980002046636020F055FE1CF0E3F84FF480720F
:10B99000B2FBF0F2424394F870300344B3FBF2F18F
:10B9A00002FB1133DBB2591EC9B2FD29F5D884F868
:10B9B000703000236360094B1A6852B91C6010BDD7
:10B9C0001A465B68002BCBD09C42F9D16368536068
:10B9D000C6E7131D5268F0E784270020882700205F
:10B9E00090F8743003F00B03013BDBB20A2B9ABFD3
:10B9F000014AD05C00207047522504081FB501465B
:10BA000090F870308DF80430FFF7EAFFB1F862303B
:10BA10008DF80C00ADF80630B1F8643001AAADF82D
:10BA20000A30B1F86630054840F20311ADF808302D
:10BA300020F013FE05B05DF804FB00BFD027002006
:10BA400007B590F870308DF8051001AA40F2072173
:10BA500003488DF8043020F000FE03B05DF804FBCD
:10BA6000D027002038B50A4B04461B680D462BB181
:10BA700043699B0702D51CF091FA30B12A46206831
:10BA80000421BDE838401EF0F9BFA3699D6138BDAF
:10BA90008C270020014B1860704700BF8C270020C6
:10BAA000024B1868003818BF012070478C2700200F
:10BAB00013B50446019120B901A820F0A0FE212071
:10BAC00012E008460029FAD020F026FF80B20028B4
:10BAD000F2D0094B20461B6801994BB1984728B911
:10BAE0002046019901F0A4FD02B010BD0020FBE743
:10BAF00002F0E0F9F3E700BF8C2700200048704710
:10BB0000DF270020044890F8261000F10B020430D3
:10BB1000012918BF10467047D427002038B5837913
:10BB2000044613F0280F25D00368134DC5F80B30D9
:10BB30008388A5F80F30837900206B740EF00EFE19
:10BB400040B92B68032043F002032B60BDE8384066
:10BB50000FF048B9436A13F4404FEFD1226843F025
:10BB60000803C0F80120A288A0F80520A27943624A
:10BB7000C271E3E7212038BDD42700204379024A6F
:10BB80009B09D05C704700BF732504080B6810B593
:10BB900003608B88FF2A0446838002D10723A371A8
:10BBA00009E0032A08D8054B9B5C072B837102D15F
:10BBB000FFF7E4FFA07110BD0023F0E7772504082C
:10BBC00010B50B68FF2A03608B880446838002D17E
:10BBD0000723A37110BD052A0FD8094B995CCB062A
:10BBE000817105D5FFF7CAFF81421CBF0023A371F5
:10BBF00020461CF049F90028ECD10023E9E700BFFA
:10BC00006D2504088379024A03F00703D05C70476E
:10BC10006525040810B582798B79094C02F007027A
:10BC200003F00703A25CE35C9A4206D1062220F0EF
:10BC300026FCB0FA80F0400910BD0020FCE700BFF0
:10BC40005D25040838B50EF0A7FDB8B100B200EBD1
:10BC500080008400002301220920A1B20EF08CF99B
:10BC6000054648B909200EF0EDF9064B2246294653
:10BC7000186020F02EFC0025284638BD014B1860C6
:10BC8000F9E700BF9027002038B50C4B05461C682B
:10BC900094B1037803EB830304EB8304204620F084
:10BCA000AEFD0021287800F027F92046BDE8384095
:10BCB0001422002120F00DBC38BD00BF90270020C9
:10BCC000F0B52D4B07461D6887B015B9002007B0A9
:10BCD000F0BD007800EB8004A60005EB84046368E7
:10BCE000990643D49B0708D5002100F021F90028CC
:10BCF000EDD1636823F022036360636813F0210FC2
:10BD0000E4D0190715D5A07CA38962892189049004
:10BD1000607C0390207C0290E07B0190A07B0090EF
:10BD2000387800F0BDF80028D1D1636823F008030B
:10BD300063606368DA070BD50121387800F0F8F802
:10BD40000028C4D1636823F0010343F0200363603B
:10BD500063685B07BAD5A959387800F0CDF800239D
:10BD6000AB51636823F004036360B0E71A07B9D5E9
:10BD700043F001036360B7E7902700202DE9FF41FE
:10BD8000884603A9064617461D460EF065FC68BBAB
:10BD9000B8F1050F3AD9052F38D9B84536D81C4A1D
:10BDA00006EB8603146805F0010104EB83049DF89B
:10BDB00028300398A3739DF82C30A4F80A80E3730D
:10BDC0009DF83030A78123749DF8343063749DF85A
:10BDD0003830A3748B012381636843F009036360E7
:10BDE000436A13F0100304D0FFF76AFF04B0BDE804
:10BDF000F08115F0020218BF4A004FF0000108BFA1
:10BE000002233046009121F05CFCEFE72120EDE7B2
:10BE1000902700202DE9F3410E4601A90EF01CFCED
:10BE20000546C0B9019B1C780D4B04EB84041F68C8
:10BE30004FEA840807EB8404204620F0E0FC3368D6
:10BE4000019847F808306368356043F00403636085
:10BE5000FFF736FF0546284602B0BDE8F08100BF77
:10BE60009027002037B50D4D04462B6813B90020EC
:10BE700003B030BD01A90EF0EFFB0028F8D12B680C
:10BE800004EB840403EB84035A689106EFD542F077
:10BE9000020201985A60FFF713FFE9E7902700209C
:10BEA000F8B507460C4642F286000C2116461D46A0
:10BEB0001EF080FD9DF81830C77083729DF81C300D
:10BEC0008680C3729DF82030C58003739DF82430AE
:10BED000048143739DF8283083730648F6F790F980
:10BEE0001EF096FD407920B11EF092FD407940F49D
:10BEF0008050F8BD554503080A4610B50321044695
:10BF000042F23F001EF061FD032303710023C47061
:10BF100043710648F6F774F91EF07AFD407920B1B6
:10BF20001EF076FD407940F4805010BDC9460308EC
:10BF300038B504460D464FF4015002211EF03AFD7B
:10BF4000C57004710648F6F75BF91EF061FD407993
:10BF500020B11EF05DFD407940F4805038BD00BF37
:10BF600071460308F722014B1A80704746330020C0
:10BF7000162883BF024B188000202120704700BF85
:10BF80004633002010B5044658B30068836CA342C2
:10BF90001FD1636883642246124920F02AFB04F112
:10BFA0000C0020F046FB04F1440020F028FCA069BE
:10BFB00048B1143020F023FCA069183020F01FFC99
:10BFC000A06920F040FF2046BDE8104020F03BBFB4
:10BFD0001346002BDFD05A68A242F9D162685A603A
:10BFE000D9E710BD2D80030870B5054648200E46E0
:10BFF00020F027FF044650B1FFF752FD60B11C202E
:10C0000020F01FFFA06128B9204620F01CFF00246B
:10C01000204670BD00230370032128461BF091FDCC
:10C02000AB6C22466360AC641723268100266381D3
:10C03000144928462560267766640DF005FF03F055
:10C04000A3FF3246014604F10C000DF0FDFE022371
:10C050002374FFF725FD18B90B4B1B78002BD7D0A5
:10C060000A4B19881729D3D920461BF0F9FD00285F
:10C07000CED1132120461BF09EFF636943F00203DB
:10C080006361C5E72D800308642E0020463300203D
:10C09000F8B5054610B3002920DB114C2468247E36
:10C0A0008C421BDD3F2919DC032701F0030600EB5E
:10C0B000A10191F831407600B74002F0030224EA72
:10C0C0000704B240224381F8312013B100211CF053
:10C0D0002FF82846BDE8F8401CF087B8F8BD00BF2F
:10C0E000C427002070B5164600221A7032800A7AE2
:10C0F0000D46072A4DD8DFE802F004090D111A1E7B
:10C10000304AE86830F8023B338043E0EB68981D22
:10C110005B88F9E7EB68981D9B88F5E7697B1CF065
:10C1200054F802221C4B18801846328032E0022359
:10C130001A4833802EE01A4C2B7BE88923702B8819
:10C14000E11C013363702B8801331B12A37000F0D4
:10C1500079FB0330308020461CE0124CA889EB8923
:10C16000020AA3701B0A20706270E37000F050FC9A
:10C1700058B1C3681A88022A07D19A782271DB78ED
:10C18000637106230748338004E00423FAE7802222
:10C190001A70002070BD00BF7E2E00207B25040891
:10C1A0006B2E0020652E0020054A064B1860136890
:10C1B00043F001031360828B034B1A80704700BF6A
:10C1C00094270020C42700203A2D002018B9034BE3
:10C1D0001B68588B7047024B18887047C427002093
:10C1E0003A2D002000232DE9F04FDFF8B89191B0EF
:10C1F000D9F80070054617F00807CDE90633CDE9F8
:10C2000008330AD0644B03F1100253F8041B934225
:10C2100045F8041BF9D1002015E01022394620F022
:10C2200058F90320F0F72AFC20F00BFE804648B1B5
:10C230000620F0F723FC20F004FE064630B9404605
:10C2400020F001FE1A2011B0BDE8F08FCDE904778F
:10C25000F3F702F8044668B1404620F0F4FD30469A
:10C2600020F0F1FD40F2074021460FF02BFC40F298
:10C270000740E8E713F033FF4FF4A053DFF828A19D
:10C280000002C6E9023A454B706033601022304626
:10C29000776104AB06A915F06AF90446A0B95246C5
:10C2A0004046049915F0F5F9044668B9BB463C4B85
:10C2B000BAB21B68D988914227D810222946404635
:10C2C00005AB15F00BFA0446404615F0C5F940469B
:10C2D00020F0B9FD304615F0B0FB304620F0B3FD3C
:10C2E000049815F04FF8002CBCD12B4B05F110022F
:10C2F00055F8041B954243F8041BF9D1D9F80030D6
:10C3000043F00803C9F8003085E71A68BCB2210180
:10C3100002EB04142046ADF80EB0019100921CF01F
:10C3200092FB8246204600F02FFB30B3DDE900216E
:10C33000AAF5205080B2032802D9BAF5245F1ED195
:10C34000525A00202146ADF828200DF10D030DF1C1
:10C350000E02ADF82AA0FFF7C5FEBDF80E2001467B
:10C360000BA820F0BEF8BDF80E20404604320AA902
:10C3700015F092F904460028A6D1013797E70AF58F
:10C380005640FF3080B20428F7D8525AADF82AA0A0
:10C39000ADF82820E7E700BF802E002000248000B1
:10C3A000C4270020942700200002C003024B186815
:10C3B00000B1C088704700BFC42700200F4B10B5E4
:10C3C0001968CC0717D40E4BDA899C89944212D98C
:10C3D000490748BF0B499C6848BF096824F8120008
:10C3E000DA894ABFC8891046801802F1010248BFA5
:10C3F00080B2DA8110BD4FF6FF70FBE79427002072
:10C40000A0270020C0270020134B01461B6870B5F1
:10C4100013F0040306D00022104B1C68E38990B28D
:10C42000834209D80E4A14680022E58990B28542F9
:10C4300009D84FF6FF7005E0A56835F812500132B3
:10C440008D42ECD170BDA66836F8126001328E4282
:10C45000ECD1034498B2F5E794270020C0270020D0
:10C46000C4270020094B1B685B070AD5084B1A68D4
:10C47000D389834203D9936833F810007047C01AF8
:10C4800080B2044B1B689B68F6E700BF942700202E
:10C49000C0270020C4270020F0B50E4E0246F188C8
:10C4A0003068002300EB011005464FF00B0C0A4FDB
:10C4B0003C8804EB030E01339BB29342A5F800E0E5
:10C4C00085F809C005F11005F3D3144411443C80EC
:10C4D000F180F0BDA02700203C2D00202DE9F04187
:10C4E000254C8846A589E3891646EB1A834213DA60
:10C4F0000A35ADB268000DF09FFF074610B9002065
:10C50000BDE8F081E289A16852001FF0EAFFA0684F
:10C5100020F099FCA760A581A58AE38AEB1A434520
:10C5200011DA0A35ADB228010DF086FF0746002862
:10C53000E5D0E28A216912011FF0D3FF206920F0C3
:10C5400082FC2761A582A588E388EB1AB34211DA41
:10C550001435ADB228010DF06FFF06460028CED08D
:10C56000E288216812011FF0BCFF206820F06BFCFC
:10C570002660A5800120C3E7A0270020F8B51D4C48
:10C580000746A688E388F31A83421DDAB0F5FA7FDE
:10C590002CBF361806F5FA76B6B230460DF04CFFD1
:10C5A0000546B0B1E28821681FF09BFF124A20685F
:10C5B0001368D188A5EB000C03EB01118B420AD163
:10C5C00020F041FC2560A680E38825681D443B449B
:10C5D000E3802846F8BD5A7A920704D51A7A22B128
:10C5E000013A012A01D91033E8E7DA686244DA60D7
:10C5F000F9E700BF98270020A027002010B50E4CB7
:10C60000206820B120F01FFC00232360A3800B4C86
:10C61000206818B120F017FC00232360A06818B12F
:10C6200020F011FC0023A360206918B120F00BFC5E
:10C630000023236110BD00BF98270020A027002001
:10C6400038B505464FF4FA700DF0F6FE134B18603E
:10C65000D8B14FF4FA72124C5A60002120222046C1
:10C660001FF037FF28010DF0E7FE206014200DF0C9
:10C67000E3FEA060A0200DF0DFFE2368206113B16F
:10C68000A36803B118B9FFF7B9FF002038BD0A232A
:10C690002046A580A381A382F8E700BF9827002049
:10C6A000A02700200B4B0C4A10B51888D1881368BE
:10C6B00003EB01118B4200D110BD5A7A940707D4C5
:10C6C000DC88204214BF42F0040222F004025A72B5
:10C6D0001033EFE73A2D0020A0270020034A13680B
:10C6E000990744BF23F0020313607047942700208A
:10C6F00038B5046805460C22204608491FF0BFFEE5
:10C7000050B90222064904F10E001FF0B8FE18B914
:10C7100002200C342C6038BD1020FCE77E25040874
:10C720008C2504082DE9F743102801910BD002282D
:10C7300004D04FF6FF7003B0BDE8F083019B18886A
:10C74000FFF762FEF7E701A8FFF7D2FF0228F5D056
:10C750001028EED11B4B019F1E6816F0040608D06E
:10C760000024194BD3F80080B8F81660A5B2AE4289
:10C770001AD80025154BD3F80080B8F81690ACB243
:10C780004C45D6D2D8F81000102200EB05103946DF
:10C790001FF075FE01350028F1D1A0196FEA404065
:10C7A0006FEA504080B2C6E7D8F81000102200EBC4
:10C7B000041039461FF063FE01340028D6D145F439
:10C7C0000040B8E794270020C0270020C42700209D
:10C7D00070B505460C46FFF7A5FF4FF6FF7398426C
:10C7E00029D1022D04D12088BDE87040FFF7E6BDB5
:10C7F000102D20D1104B1D68EA071CD40F4BDE8A88
:10C800009A8AB24217D921461A6904F1100002EB44
:10C81000061251F8044B814242F8044BF9D1D88AF0
:10C82000421CDA826B0704D5054B1B68DB8A18446F
:10C8300080B240F4004070BD94270020A027002063
:10C84000C0270020020408B51DD5124BC0F30E000E
:10C850001B685B0713D5104B1A68D38A98420CD219
:10C86000136903EB001000F1100350F8042B9842F9
:10C8700041F8042BF9D1102008BDC01A80B2074B33
:10C880001B681B69EDE7FFF7EDFD0870000A4870B3
:10C890000220F1E794270020C0270020C4270020B1
:10C8A00070B504460A4B1B68DA881D6805EB021553
:10C8B00026461034A54209D019B920461CF0CDF8FF
:10C8C00020B920461CF0D2F80028F1D0304670BDC7
:10C8D000C42700202DE9F0410C461146FFF7E0FF88
:10C8E0001B4E00F11005F2883368074603EB021374
:10C8F0009D4204D12046BDE8F041FFF7CDBD5B1B52
:10C90000C3F30F131A0129464FEA041805EB04106C
:10C910001FF0C5FD4246002128461FF0DAFD3846CB
:10C9200000230B270B49B6F806C00A8802EB030E5A
:10C9300001339BB29C42A0F810E0477600F1100052
:10C94000F4D82244644428460A80F480BDE8F0818B
:10C95000A02700203C2D002038B50446094B1B6859
:10C960001D68A54209D2204621B91CF076F830B1E5
:10C97000103402E01CF07AF808B1204638BD103CB3
:10C98000EFE700BFC4270020437ADA0702D5C3F3DC
:10C9900080007047034BC2881B881A4214BF0120D5
:10C9A000002070473A2D002008B5084B1A8810B9AE
:10C9B00007490968888B8242188005D0054B1B689F
:10C9C000DB0701D4FFF76EFE002008BD3A2D0020E2
:10C9D000C4270020942700200A4B1B68DB0708D5DA
:10C9E00070B1094B1B68DB88834234BF00200120F3
:10C9F000704728B1054B1B88834294BF002001205B
:10CA0000704700BF94270020C42700203C2D002041
:10CA100070B50246FFF7E0FFE8B10F4B1968CD880B
:10CA2000954209D302F180500B680138040103EBF1
:10CA300000101B5B93420ED0002398B2854201D8B0
:10CA4000002008E00E681C01345B06EB03109442E2
:10CA500003F10103F1D170BDC42700202DE9F34794
:10CA60008046DDE90B7A0D4691461E46FFF7D0FF62
:10CA7000044618B9252002B0BDE8F0878288092154
:10CA800050481BF085FFA9F80000237A072B1CD122
:10CA900000233B80AAF8003003230A9A2046137033
:10CAA000002333801BF0E2FF38B301232B70B4F96D
:10CAB0000430002B07DA2046FFF766FF18B13388F1
:10CAC00043F0010333800020D5E70DF106033A4619
:10CAD00021460020FFF706FB9DF806300BB100232E
:10CAE0003B8040461BF06CFCAAF80000237A022B26
:10CAF000D3D0072BD0D00123CFE720461BF0A3FFD4
:10CB000042F6020398424BD020461BF0A6FF074690
:10CB1000002848D1B8F1020FACD9A4F110001BF0E5
:10CB20009CFF002843D004232B700321A2882648B1
:10CB30001BF02EFF054640461BF0A3FB03210246D7
:10CB400022481BF025FF120645EA0005ADB225D5A7
:10CB500039462046FFF7A4FE074604F110018F4234
:10CB60001CD308461BF06FFFB0F5245F1DD10020D9
:10CB70000DF105030DF10602ADF80600FFF7B2FA5C
:10CB80009DF8053053B9BDF80630022B06D1038855
:10CB9000DB0703D545F4807545F00105358092E744
:10CBA00002232B708FE70323FBE71031D7E7052320
:10CBB0002B70A2880321064882F400621BF0E8FE75
:10CBC000308080E7B2250408A62504089A250408C9
:10CBD0008E2504082DE9F34100250E46A846174F7F
:10CBE00001903A68ABB2D18899421DD91468ABB2B2
:10CBF00004EB0314B4F90430002B1CDA2046FFF7D1
:10CC0000C3FEC0B1E1680B889E4214D13246019840
:10CC1000023120F0BEF8E36882B21B88934207D04D
:10CC2000114601A81FF01AFF404602B0BDE8F0818E
:10CC300043441FFA83F80135D3E700BFC42700201F
:10CC400010B5094C2368DB070CD4FFF7D7FC074B62
:10CC50001B683BB1064A1360DB88064A0133138028
:10CC600001232360002010BD94270020C02700204E
:10CC7000C42700203C2D0020064A1368D90706D49B
:10CC800013F0020003D143F002031360704741F236
:10CC90000C007047942700202DE9F04F924B95B07F
:10CCA0001B689B0740F11D8142F602001BF092FEBB
:10CCB0008E4C8346D4F800A04FF000085546B4F8D7
:10CCC00006900AEB09130193019BAB423AD1884FBE
:10CCD000BB88434515D040460DF0AEFB814680B180
:10CCE00083464FF0000AE2881FFA8AF39A427AD804
:10CCF000386820F0A8F8C7F80090A7F80480A7F8D3
:10CD0000068000250123DFF8EC8140224FF0FF313F
:10CD100004A8A8F8003025762E461FF0DAFBA946B5
:10CD2000E3881FFA85FA53457DD8E680FFF7D6FCE5
:10CD3000B9F1000F02D004A801F08AF8002015B064
:10CD4000BDE8F08F6B7ADF0638D49E0705D52846FC
:10CD50001BF030FE40441FFA80F86B885B452DD1F4
:10CD6000AF89B9F1000F2BD05346012600211A8854
:10CD7000974216D0587AC0060DD4B242039208D911
:10CD8000184602931BF072FE039A029B002818BFFC
:10CD900016460136B6B2013189B2494503F1100396
:10CDA000E5D1B74238BF3746BFB23E46013189B2FE
:10CDB0000AEB0113894506D8AF81EE81103583E770
:10CDC00049460126EDE7184602931BF04FFE002866
:10CDD000F2D1029B01315A7A89B2D2065CBF013688
:10CDE000B6B21033E6E726681FFA8AF306EB03169D
:10CDF000737A03F01203022B09D130461BF0DAFDDF
:10CE0000054620B1337A2BB1013B012B02D90AF13F
:10CE1000010A68E758462A46F1681FF062FBC6F827
:10CE20000CB0AB44F3E72768A9B24FEA011B07EB4C
:10CE300001114B7AD80651D41A0744BF23F00803D6
:10CE40004B724B7A48BF4FF00109980642BF23F05E
:10CE5000200343F004034B724B7A48BF4FF00109A3
:10CE60005A0644BF23F044034B7237F80B30B8F82E
:10CE7000002048BF4FF00109934202931DD9084694
:10CE800001921BF0F3FD019AB8B1029BA8F80030A3
:10CE9000564509D207EB061301F1100251F8040BB5
:10CEA000914243F8040BF9D1B8F800300136013350
:10CEB000B6B2A8F80030013532E70B7A032B0AD15D
:10CEC0004B7B207E3E2B9EBF50336B4403F8400CBF
:10CED000431C2376487327F80B20D9E74FF001094C
:10CEE000E9E741F20C002AE794270020A027002060
:10CEF000982700203C2D0020F8B5294B1B689A0785
:10CF00004AD50022154627490C68CF8804EB07173D
:10CF1000A7420AD11AB12448C3889B1AC380002DA6
:10CF200037D1FFF7DBFB0020F8BD667A330706D563
:10CF300020461BF03FFD01350244ADB292B226F00F
:10CF4000700666721034E3E7A3B202EB03135F7A54
:10CF50003F070DD4B04209D202EB001203F11006D4
:10CF600053F8047BB34242F8047BF9D1013080B21C
:10CF70000134CB88A6B2B3420A68E5D85B1B9BB2EA
:10CF800002EB0312CB8032F8103C084A01331380C5
:10CF9000C7E700242046ECE741F20C00C4E700BFDD
:10CFA00094270020A0270020982700203C2D002057
:10CFB00070B51546012204460E4610460021FFF7C3
:10CFC0008DFA78B32046FFF723FD044660B31BF0CB
:10CFD0004DFD48B33046FFF71BFD28B31BF046FD5F
:10CFE00010B3012220461146FFF774FC0446304678
:10CFF000FFF70EFD064642F602001BF0EBFC0B4B62
:10D00000608063600623237233880121A381304648
:10D01000FFF746FC0388E3810DB9002070BD23882B
:10D020002B80FAE71A20F9E72120F7E70108FFFF34
:10D030002DE9F04F87B01C46BDF840309DF850A058
:10D040000293BDF84430BAF1020F06461746BDF808
:10D050004890059103932AD0994503D9212007B020
:10D06000BDE8F08FB9F1000F02D0139B002BF5D073
:10D07000022F06D0102FF1D105A8FFF739FB0228A7
:10D080001AD102200021074614F0300518D09DF86F
:10D090005430DA0713D40130A30680B2C4F300156C
:10D0A00001D545F002050123019303230AE0002383
:10D0B000994613930393DBE701210846E4E7002533
:10D0C00002230195DBB21A46C0B20493FFF706FAB9
:10D0D00008B91A20C3E73046FFF79AFC83460028B8
:10D0E000BCD01BF0C3FC0028B8D09BF8098018F016
:10D0F000040F1CBF08F0FB0343F02008BAF1020F35
:10D1000051D0039B981D80B2FFF738FA06460028DD
:10D11000DFD0012204995846FFF7DCFB834642F634
:10D1200003001BF057FC9BF80920102F48EA02026D
:10D130008BF80920424AE4B2CBF804204FF00502F4
:10D14000ABF802008BF808200CBF38460220059986
:10D150008BF80C40FFF73CFB9BF81920BAF1010F4C
:10D1600048EA02038BF81930029BABF80E00ABF8CB
:10D1700014304FF6FF73ABF81200ABF8163014D032
:10D18000BAF1020F2AD107238BF818300023CBF80D
:10D190001C30169B1BB1BBF81030169A1380019BF4
:10D1A000F3B900205BE70026B3E702238BF81830C1
:10D1B000039BCBF81C6034707380B9F1000FE8D08A
:10D1C000139B002BE5D0BAF1010F4A46139908BF13
:10D1D000A6F80490B01D1FF084F9DAE70123E5E713
:10D1E00042F602101BF0F6FB40F60312029BABF86E
:10D1F000220013F4805F40F6030318BF1346029A1F
:10D200008BF82C50920448BF43F40073ABF82430E1
:10D21000029B0C4A5B0442BFBBF8243043F480639A
:10D22000ABF824304FF6FF73ABF8263003238BF8AE
:10D230002830137E591C11768BF82D30B1E700BFD2
:10D240000108FFFFA02700202DE9F04F85B09DF8D1
:10D2500048800546B8F1020F1646BDF83C90BDF86F
:10D260004070119C0391019305D04F4503D92120B3
:10D2700005B0BDE8F08F0FB1002CF8D0022E17D00A
:10D28000102EF4D103A8FFF733FA022810D00121A1
:10D290000020B8F1020F1AD0002300930122FFF7FB
:10D2A0001DF9B8B91A20E3E7002101200226F0E7B2
:10D2B000039B1A8842F602139A42F5D101230021FA
:10D2C000184602260C4600932746A146E6E70024AE
:10D2D0000094F9E7019B13F0F50FC8D12846FFF73A
:10D2E00097FB10F8075C30F8103C690744BF05F065
:10D2F000FB0545F02005022B8246A0F1100BB6D9A4
:10D3000058461BF0AAFB0028B1D0B8F1010F43D852
:10D3100009F1060080B2FFF731F903460028C1D0B9
:10D320000022012158460293FFF7D4FA8346102EBB
:10D330000CBF304602200399FFF74AFA9BF80920F8
:10D34000029B1543BDF83820ABF80200ABF804206F
:10D350004FF6FF72ABF80620009A8BF80950EAB13D
:10D36000B8F1020F1DD0DAF80C301A78C2F30013AE
:10D3700092064FF0030248BF43F002038BF80820E7
:10D380001C4A8BF80C30137E591C11768BF80D302B
:10D39000139B4BBB00206BE70023C1E7B8F1020FE2
:10D3A00006D107238BF808300023CBF80C30EFE7C9
:10D3B000B8F1010FECD80CBF022201228BF8082033
:10D3C000019ACBF80C301A70A3F80290002FDFD02E
:10D3D000002CDDD0B8F1010F3A46214608BF9F80EE
:10D3E000981D1FF07EF8D3E7BBF80030139A138026
:10D3F000D0E700BFA027002041F6010330B58FB071
:10D40000ADF8243042F60523ADF8283042F62A3331
:10D41000ADF82C3042F62933ADF830302A4BDB889A
:10D42000002B4ED1FFF728FC002848D10222012012
:10D430000DAB09A91BF091FB002840D14FF400630C
:10D440000421BDF834400DF13605CDE90031CDE9B8
:10D450000505CDE9030002902023022220460AA9F7
:10D46000FFF7E6FD58BB40F601031022CDE900327C
:10D470000223CDE90505CDE9030002901A462046B6
:10D480000BA9FFF7D5FDD0B90DF1230303930123B9
:10D49000CDE9013340F60303CDE905058DF82300FE
:10D4A0000490009302220A2320460CA9FFF7C0FD36
:10D4B00028B920461BF0D1FB08B9FFF7EDFB0FB0F0
:10D4C00030BD0220FBE700BFA02700202DE9F04778
:10D4D000DFF8FCA0202206460D46504600211EF033
:10D4E000F8FF0023374ADFF8EC80C2E90033C8F8C0
:10D4F00000300123DFF8E090A9F80030002E52D070
:10D50000314F3B68DB074ED5304E3368D888143036
:10D5100080B2FFF795F8044618B91A252846BDE8E9
:10D52000F08736680068F288316812011EF0D9FF72
:10D53000F388E380337EBAF806202376738B638307
:10D54000B38BA3833B6823F001033B60DAF8003020
:10D5500003EB02129A421FD1FFF7A4F83B6843F095
:10D5600004033B60E3880133A9F80030174B1A68C5
:10D570001C60C8F80020144A136823F001031360EC
:10D58000002DCBD0E388D3B9FFF736FF054600283E
:10D59000C4D0FFF755FBC1E7597A103341F00101C0
:10D5A00003F8071CD6E71420FFF74AF804460028C2
:10D5B000B3D0054A136823F004031360D6E70025AF
:10D5C000ACE700BF9827002094270020C427002044
:10D5D000A0270020C02700203C2D00207FB5134B42
:10D5E0000E46054604460393A0B11AF08AFD78B9A9
:10D5F0000022314620461AF0B4FE022807D18023CB
:10D60000314600932046042303AA1BF0D7FB0DB13B
:10D6100004B070BD20461AF040FD04460028F7D043
:10D620001AF06FFD0028F5D1E2E700BF0100FFFF0F
:10D630002DE9F04F97B0834609911AF0A5FC09989F
:10D6400083790C33C45CC5181FF066F9202C06469C
:10D65000099F26D8012C28D9C74BA21ED2B2D3408D
:10D66000DA0722D5384697F806801FF055F9BBF83F
:10D670000A2083B29A4228D214F0010240F0A78017
:10D6800004F07F03522B00F0A2801E2C00F09F803C
:10D69000099B21460093584604231AF0F2FA2124EC
:10D6A0000CE004F07F03522BDCD02146062300223D
:10D6B000584600971AF0E5FA41F2061458461AF057
:10D6C00068FC204617B0BDE8F08F47443A7B013B29
:10D6D000202A9BB246D8012ACED9023A1E2ACBD89C
:10D6E00001A151F822F000BF85D7010879D60108C1
:10D6F00089D7010879D601087DD7010879D60108B4
:10D7000071D7010879D6010885D7010879D60108B3
:10D7100089D7010879D601088DD7010879D6010883
:10D7200071D7010879D60108BBD7010879D601085D
:10D7300079D6010879D60108BFD7010879D6010842
:10D74000C3D7010879D6010879D6010879D601082E
:10D7500079D6010879D60108C7D7010879D601081A
:10D760008DD70108522A28D0D22A85D10D2B06E068
:10D77000062B11D0142B7FF47FAF0DE0052B7FF625
:10D780007BAF09E0022BF6E7042BF4E7032B7FF6CF
:10D7900073AFDB073FF570AF022C00F00281DBF8BE
:10D7A00000309B689F0516D40BF144001FF027F84A
:10D7B000099BCBF84430002480E7012BDFE7032BE3
:10D7C000DDE7012BD7E7002B7FF456AFE4E709A88C
:10D7D0001FF015F863E71E2C00F0368358461AF048
:10D7E00090FC0746002840F0828058461AF081FCE1
:10D7F00000287CD004F07F03522B00F0CE80082C50
:10D8000068D1B6B2152E14BF02201020691D1AF07F
:10D810005BFC00285ED0DBF81430D8074BBF23F048
:10D82000010343F001033946012158464CBFCBF8B0
:10D830001430CBF814301AF07BFC09980D901AF0D4
:10D840008EF90446B0F80180B0F803900D981FF0EF
:10D8500063F8152814BF02251025053421462846F3
:10D86000FEF760FF2146039028461AF02DFC049035
:10D87000B8F1000F00F05281C84500F24F8102213B
:10D8800009200D9A1AF08EF9BBF80A708246023F01
:10D89000BFB23E4640464FF0FF354946039A1AF064
:10D8A00026FF0446002800F07B811AF0E2FC0028E5
:10D8B00000F093810122214658461AF095FD034657
:10D8C0008DF82E00002800F02E810D9A009222463D
:10D8D0000821B2E0DBF8143013F001064ED023F03B
:10D8E000010300215846CBF814301AF021FC202CFB
:10D8F00072D8032C75D9231F1C2B72D801A252F8A1
:10D9000023F000BFF1DB0108E3D90108E3DC0108E3
:10D91000E3D901083BD80108E3D90108CDDD0108AE
:10D92000E3D90108EBDD0108E3D9010801DE0108B4
:10D93000E3D90108EFD90108E3D9010819DE01088C
:10D94000E3D90108E3D90108E3D9010835DE01086C
:10D95000E3D901083FDE0108E3D90108E3D9010852
:10D96000E3D90108E3D90108E3D9010849DE010838
:10D97000E3D901080FDE01085555515043F001036A
:10D9800001215846CBF814301AF0D2FB122332464C
:10D990002146584600961AF074F909A81EF02FFF88
:10D9A00009E7099DBA4C28461AF0D9F82188B0F841
:10D9B00001602A4658461AF079F92388BBF80A1004
:10D9C000B34228BF3346172BB8BF17235846ABF8CE
:10D9D0000A301AF0C5FAEEE6522C00F02482D22C5E
:10D9E000DBD0099B002200932146062325E0099FF6
:10D9F00038461AF0B4F80546B0F80180B0F803A034
:10DA000038461EF089FF15280CBF20460220691DEC
:10DA1000FEF788FEB5F8053004900793B8F1000FC3
:10DA200007D0D04505D81AF0F0FF50B91023009761
:10DA300001E0012300974246102158461AF021F9CF
:10DA4000B9E63A46022111201AF0ACF844464FF0EC
:10DA5000FF35BBF80A3005909E1E0393063B9BB230
:10DA6000B6B2089351462046049A1AF040FE814609
:10DA700068B35146079A1AF087FE044648461AF0E2
:10DA8000F8FB40B94FF6FF739C4201D00134A4B2B9
:10DA90005445E7D91BE04FF000030DAAADF8343030
:10DAA00049460CAB58461AF03CFD039ABDF8343099
:10DAB000053A9A42089A0690D8BF1346002DADF851
:10DAC000343009DB9D4202D1EB1CB34208DB691CF8
:10DAD0001CD10A230097AEE7351F9D42A8BF1D4603
:10DAE000042211A93846ADF84490ADF846401FF025
:10DAF00050F92A46384606991FF04BF94FF6FF7346
:10DB0000043E761B9C42B6B2C0D1E0E73946059B85
:10DB100004355D705846FDF7A5FF4CE60D9B00935C
:10DB200001234246D4E6049B13B120461AF085FB3C
:10DB300020461AF0B6FBD8B1002D54DC0DA81EF01B
:10DB40005EFE082358468BF81C3050F80C2B40F230
:10DB5000025192F870208DF8483000238DF844204F
:10DB600011AAADF84640ADF84A301EF076FD22E627
:10DB7000ADF844000DF12E032146584611AA1AF0C3
:10DB8000D0FCBDF844300590BB4228BF3B46002D79
:10DB9000ADF844300ADBAB4202D16B1CB34209DB67
:10DBA0006A1C0D9B1FD100930A23BAE7B51E9D4244
:10DBB000A8BF1D4602220CA90D98ADF830401FF0F9
:10DBC000E8F82A4605990D981FF0E3F84FF6FF7321
:10DBD000023E761B9C42B6B2E2D0601C80B2814508
:10DBE000BFF45BAEDCE702350D998AF8015091E78E
:10DBF000DDF82490484619F0B2FFB0F80330B0F8D1
:10DC000001800493B8F1000F44D0984542D84FF6F4
:10DC1000FF774A460221052019F0C4FF4546BA465F
:10DC2000BBF80A400590023CA4B2294658461AF0B7
:10DC300040FE504506464CD04FF4006229465846F7
:10DC40001AF0D2FB00283FD130461AF0FAFE002825
:10DC50000CBF022310235745039321D030461AF0FE
:10DC6000F0FE069038461AF0ECFE069B834203D184
:10DC7000039B0133A34214DB38461AF0E2FE059BF6
:10DC8000013019465870584619F0E4FF93E500BF7B
:10DC9000463300200123CDF8009042460421CCE613
:10DCA00037460DF146013046ADF84450FEF7CAFD47
:10DCB000039B48469A1C11A91FF06BF8039B023C7A
:10DCC000E41A5545A4B2D7D0049B0135ADB2AB429E
:10DCD000ABD24FF6FF739F42CED10A23CDF800900E
:10DCE000DBE7DDF824900024484619F038FFB0F84F
:10DCF0000530B0F803A0B0F801600746484603932A
:10DD00001EF00AFEC51FADB2102D0C945AD82A463B
:10DD1000F91D0DA81EF0E5FB002E55D0564553D831
:10DD20004A460121072019F03DFFA0460746334629
:10DD30000A249A45049307D93946BBF80A0019F01A
:10DD400014FF0328049B04D8B8F1000F1CD03946F7
:10DD500099E7ADF84430039B5846ADF848300DAB19
:10DD6000139300230BAA009311A90DF12E03ADF814
:10DD700046A0ADF850501AF033FD0A280446E3D00F
:10DD8000BDF82C3030B11E46234632460621CDF870
:10DD9000009052E6ADF83030BDF82E300CAAADF848
:10DDA000323039460423BBF80A0019F0E9FE4FF679
:10DDB000FF72BDF82E309342C9D001334FF00108F5
:10DDC0009BB2B6E70424DFE70124DDE70A23099CC0
:10DDD0008BF81C30204619F0C2FE23460022B0F812
:10DDE000011058461BF0BAF8E5E4099C204619F0EA
:10DDF000B6FE0C238BF81C30B0F803202346EEE768
:10DE00005A460F210E20099B1BF001F9D3E45A4614
:10DE100021212020099BF7E75846099AB5F80110FF
:10DE20001BF00EFAC7E45846099AB5F801101BF02A
:10DE300062FAC0E4584609991BF09CFABBE45846C4
:10DE400069781BF002FBA8E558461BF01EFBA4E511
:10DE50007FB5174A0646136842F6052023F00803EB
:10DE600013601AF07FFC054650B16846FEF7BAF918
:10DE700000201AF012F9044620B92946FFF7AEFB3C
:10DE800004B070BD1022684604F121011EF0F7FABB
:10DE900038B1012120461AF04BF9636923F00103E0
:10DEA00063611EB1314620461AF034FD2046E0E79A
:10DEB0009427002037B58B790A460C33CD18019191
:10DEC000C95C044611F0010329D01D290AD10121A2
:10DED0001E2019F067FE0146204619F0BBFE012006
:10DEE00003B030BD032916D10E4BB5F801201B88B5
:10DEF0004189934228BF1346172BB8BF172343818C
:10DF00001AF02EF8636940F2094123F0020320461B
:10DF100063611AF04DF801A81EF071FCDFE71846A6
:10DF2000DEE700BF4633002030B585B005461BF064
:10DF30008AFC0446A8B9AB690B4A01215A604FF428
:10DF40002053ADF80C3002234FF6FF7200932846A1
:10DF500003AB1CF074FF044618B9012128461AF0DF
:10DF60002AF8204605B030BD0100FFFF37B5054651
:10DF70001BF069FC0446E0B9AB69124858602346BF
:10DF800028461BF079FC044698B9A8694369C28801
:10DF900081884089019098790C3003440093284689
:10DFA0004FF420531CF0BDFE044628B128461BF058
:10DFB00057FC204603B030BD0221284619F0FBFF74
:10DFC000F7E700BF0100FFFF38B5124B04461B887E
:10DFD00042898B4228BF0B46172BB8BF1723114627
:10DFE000438119F0BDFF636923F002036361A369F4
:10DFF0009D693DB10022294620469A61BDE838401E
:10E00000FDF730BD40F20941204619F0D1FFA36968
:10E010001D7038BD463300200148FDF73BBD00BFF1
:10E020002DE901082DE9F043044685B000200D4696
:10E03000174699461EF0AFFD064600285BD04FF00C
:10E04000C8134FF000080093BDF83030ADF804302D
:10E05000BDF83430ADF80630BDF83830ADF80830D2
:10E06000BDF83C30ADF80A30BDF84030ADF80C30AA
:10E07000BDF84430ADF80E3047FA08F3DB0704D59D
:10E080001022694630461EF096FB08F10108B8F1EF
:10E09000030FF1D132460C2142F285001CF095FCB1
:10E0A000FF2D057118BF94F876508773C57080F8FE
:10E0B000059094F8603083F00803C3F3C0038371C4
:10E0C00094F8523083F00803C3F3C003C371E36CC8
:10E0D0008360B4F8503083810848F4F791F81CF05D
:10E0E00097FC807820B11CF093FC807840F480503D
:10E0F00005B0BDE8F0831A20FAE700BF3D4A0308E7
:10E1000008B5002142F20E001CF054FCBDE80840A6
:10E110000148F4F775B800BF0D4A030838B590F808
:10E1200072300446032B154606D1FFF7E9FF0123A1
:10E13000002084F8723019E0C9B9012B2DD90321D0
:10E1400040F206401CF036FCB4F86E304571A0F881
:10E1500003301348F4F754F81CF05AFC8378002B72
:10E16000E5D01CF055FC807840F4805038BDA3B158
:10E1700002214FF604401CF01DFCB4F86E30A0F8EC
:10E1800003300848F4F73CF81CF042FC4379002BBC
:10E19000CDD01CF03DFC4079E6E70220E6E700BF69
:10E1A0006B480308E748030870B506460D4642F27F
:10E1B0003100032114461CF0FDFBC670057144714B
:10E1C0000548F4F71DF81CF023FC407918B1BDE8B0
:10E1D00070401CF0D3BB70BD7B510308F8B50746F7
:10E1E0000E4642F23200062115461C461CF0E2FBA8
:10E1F000B7F86E304671A0F803309DF8183085717D
:10E200000372C4710648F3F7FBFF1CF001FC807831
:10E2100020B11CF0FDFB807840F48050F8BD00BFB9
:10E220000D52030838B505460C464FF60540062149
:10E230001CF0C0FBA0F80350C0F805400548F3F7F8
:10E24000DFFF1CF0E5FB407918B1BDE838401CF059
:10E2500095BB38BD2949030838B505460C464FF62D
:10E26000064006211CF0A6FBA0F80350C0F80540AC
:10E270000548F3F7C5FF1CF0CBFB407918B1BDE8AA
:10E2800038401CF07BBB38BD61490308F8B5074630
:10E290000E4642F213000E2115461C461CF08AFB66
:10E2A000B7F86E30A0F80560A0F80330BDF818305C
:10E2B000A0F80750A0F80B30BDF81C30A0F80940BA
:10E2C000A0F80D30BDF82030A0F80F300648F3F765
:10E2D00097FF1CF09DFB807820B11CF099FB8078A3
:10E2E00040F48050F8BD00BF99490308F8B50746CF
:10E2F0000D4642F219001C211C4616461CF05AFB22
:10E30000B7F86E300F3020F80C3C2B6804F1100287
:10E3100040F80A3C6B6820F8026C40F8063C234643
:10E3200053F8041B934240F8041BF9D10648F3F755
:10E3300067FF1CF06DFB807820B11CF069FB8078D2
:10E3400040F48050F8BD00BF9347030870B50646FF
:10E350000D4642F27A00042114461CF02BFBA0F873
:10E360000360457184710648F3F74AFF1CF050FBC7
:10E37000407918B1BDE870401CF000BB70BD00BF13
:10E38000D150030810B50446022142F230001CF0BF
:10E3900011FBB4F86E30A0F803300F48F3F730FFEC
:10E3A0001CF036FB437963B91CF032FBC088FDF7E3
:10E3B00051FA044628B11CF02BFB017A2046FDF7E8
:10E3C0003FFB1CF025FB407920B11CF021FB40797C
:10E3D00040F4805010BD00BF0529010838B505463E
:10E3E0000C4642F2150002211CF0E4FAB5F86E303A
:10E3F000A0F803300848F3F703FF1CF009FB83681B
:10E400002360037B23711CF003FB407918B1BDE846
:10E4100038401CF0B3BA38BD4150030838B5054642
:10E420000C4641F2054002211CF0C4FAA0F803504A
:10E430000848F3F7E5FE1CF0EBFA90F9083023707A
:10E440001CF0E6FA407918B1BDE838401CF096BAE5
:10E4500038BD00BFD94C030810B50446022142F272
:10E4600016001CF0A7FAB4F86E30A0F80330064886
:10E47000F3F7C6FE1CF0CCFA807820B11CF0C8FA85
:10E48000807840F4805010BDA94C030801481EF06C
:10E49000D4B900BF3428002040F6FF732DE9F341C2
:10E4A0000D46B0F86E100192994205D101A81EF0F8
:10E4B000A6F902B0BDE8F0811146134601229BBBCC
:10E4C0001E481EF08BFAFFF7E1FF04460028F0D04B
:10E4D0001EF022FA6379074603F001086FF3000388
:10E4E000637104212046A6681EF059FB4379044657
:10E4F00068F300034371DB438179B6F86E200C3179
:10E50000866003F001036254C2F30322084442EA26
:10E510000312427047802246304629461CF0E3FE33
:10E520002046F3F781FECEE75C79986024F003047F
:10E5300014435C7100221B68C1E700BF342800202F
:10E5400070B50546064C206800B970BD8368AB42C3
:10E5500004D106680BF0E4FD2660F4E70446F2E718
:10E5600034280020014601481EF038BA382800201F
:10E5700001481EF062B900BF38280020014601485A
:10E580001EF02CBA30280020034BD86818B103F1D4
:10E590000C001EF052B9704724280020044BDA68A2
:10E5A00022B95869003818BF012070470120704710
:10E5B00024280020044B18780130C0B2012838BF4D
:10E5C00001201870704700BFC8270020014800F0E4
:10E5D00001BB00BFD9E501082DE9F04F867987B06E
:10E5E0000C3605900546805BC0F30B00FDF732F951
:10E5F000044618B905A81EF002F94EE090F87230F2
:10E60000022BF7D1AB5B059AC3F30B0103F4405324
:10E61000B3F5805F9060A95342D153796FF3000343
:10E620005371836B002BE5D0042105A804F1380653
:10E630001EF0EDF9304605991EF0D0F9A06B0023CD
:10E6400001465A1CA9BBDBB2012B01D91EF037FAD7
:10E65000A06B1EF061F903281FD9D4F83890484602
:10E6600099F806701EF058F90C3709EB070539F8D0
:10E670000770A0F10408474522D9524FD4F838A0BA
:10E6800007F1100957F804BB534642462946204675
:10E69000D8474F4510D00028F4D007B0BDE8F08F20
:10E6A00038301EF0ACF8059A537943F001035371EA
:10E6B000BAE713460968C4E70028EED130469AE766
:10E6C000A06B1EF029F904378742F7D36988A1F1BE
:10E6D00040033F2B0BD8042130461EF098F920460A
:10E6E000A26B69881CF050FA0023A363D5E70529C3
:10E6F0000BD0062961D00429E0D130461EF087F9FD
:10E70000A16BA06CFDF7D4F9EEE7294620461CF07A
:10E7100039FA02460028D1D12B79122B06D0132BBF
:10E7200036D0204669791CF005FAC7E794F87330B3
:10E73000022BF6D040F67A4029898B1F9BB2834288
:10E7400024D86A89931F9BB283421FD891421DD857
:10E75000AB89B3F5FA7F19D240F6764CEF89A7F171
:10E760000A0080B2604511D8B4F86A000290B4F88B
:10E770006800CDE900702046FFF788FD021E18BF33
:10E780000122204669791CF055F997E70122F8E744
:10E7900094F87330012B03D1204669791CF0CAF933
:10E7A000A3681A048AD523F40043A3602B89012BA4
:10E7B00084D120460CF0FCFC80E72046A16B1FF0C2
:10E7C00041FA91E7D82504080138C0B20A289ABF57
:10E7D000014B185C00207047E825040801490248F5
:10E7E0001DF003BF40320020D02700201022074B2D
:10E7F00028215A826422C3E905124FF6FF729A83D8
:10E8000000221A604FF47062DA847047D427002027
:10E810000128F8B506460D4631D81CF03BFA0746EC
:10E8200078BB194C94F82630B34226D084F8266081
:10E830001EF00EFD94F82630012B15D1201D0DF091
:10E84000C5F9034618B184F826701846F8BD002DA6
:10E8500008BF0F25236884F8275043F00203236084
:10E86000BDE8F8400CF0BEBA4FF4827107481DF0C5
:10E8700087FE236823F0010323600023E5E72123BB
:10E88000E3E70223E1E700BFD4270020D0270020E0
:10E8900038B5114C94F82630EBB1226812F001051E
:10E8A00019D1201D0DF092F9236843F00203236073
:10E8B0001CF0F0F978B14EF6602294F827304FF44E
:10E8C0008271534305482A460BF09CFA18B9236815
:10E8D00043F00103236038BDD4270020D027002057
:10E8E00022F00042052A10B504D0B2F5827F0AD08A
:10E8F000002010BD0C4A1B88918C00209942F8D151
:10E9000090840120F5E7084B1A6893F8264022F01E
:10E910000102012C1A60F4D11EF09AFCFFF7B8FF37
:10E9200020460CF05FFAECE7D427002030B504460F
:10E9300085B0084603911CF024FB830708D410F02F
:10E94000010003D003A81DF05AFF012005B030BD1F
:10E9500003998B7903F10C0288188A5C013A202A0A
:10E9600000F21781DFE812F021001501B100150156
:10E97000B4001501BD001501C4001501CC0015013E
:10E98000D4001501DB001501E9001501F1001501A6
:10E9900015011501F3001501010115010301150110
:10E9A0000C01150115011501E20003790BB103F506
:10E9B00088534278023A1E2AC4D801A151F822F0A5
:10E9C0003DEA010845E9010847EA010845E901086F
:10E9D00053EA010845E901085FEA010845E9010831
:10E9E0006BEA010845E901088FEA010845E90108D9
:10E9F00077EA010845E901089BEA010845E90108B1
:10EA0000A7EA010845E9010845E9010845E90108C7
:10EA1000B1EA010845E90108C1EA010845E9010830
:10EA200045E9010845E9010845E9010845E901080A
:10EA300045E9010845E9010883EA01081721204654
:10EA4000FFF7C2FA7EE70022204611461BF018FAB3
:10EA500078E71A46002120461BF0BFFA72E7002231
:10EA6000204611461BF069FC6CE700222046114647
:10EA70001BF012FB66E71A46002120461BF0FFFB45
:10EA800060E71A46002120461BF018FC5AE71A4698
:10EA9000002120461BF0D6FB54E7002220461146F9
:10EAA0001BF03EFD4EE7194620461BF0A2FD49E74C
:10EAB0000093002320461A4619461BF0A4FD41E7A7
:10EAC000194620461BF0F1FD3CE7B0F80110B6E70F
:10EAD00002338B710A460023417820461BF0D0F99F
:10EAE00033E70133002220468B711BF076FA2CE7C6
:10EAF00002338B714278002320461BF01EFC24E772
:10EB000001338B71002320461A461BF0C5FA1CE71F
:10EB10000133002220468B711BF094FB15E7013373
:10EB2000002220468B711BF0AAFB0EE70133002266
:10EB300020468B711BF0C2FB07E702338B714278D2
:10EB4000002320461BF0ECFCFFE60021ACE7053378
:10EB50008B710023B0F80320B0F8010000930B463E
:10EB6000014620461BF04FFDEFE60021A9E70333E5
:10EB70008B710A46B0F8011020461BF0B5FDE4E6A3
:10EB800003338B710A46B0F8011020461BF0B5FD27
:10EB9000DBE60020DAE600BF07B5837801916A461C
:10EBA000082104488DF800301DF057FD03B05DF8D2
:10EBB00004FB00BFD02700200022054BC3E903223D
:10EBC000C3E905221A70DA614FF6FF725A84704762
:10EBD00024280020014B1860704700BF2028002027
:10EBE00082780D4B13B55A60B0F8032091B210290A
:10EBF00010D040F60344A1420CD041795B8C8DF8D3
:10EC00000210ADF8042005216A460448ADF8003032
:10EC10001DF023FD02B010BD24280020D0270020C5
:10EC200073B5837901900C33C418C35C132B0ED8D1
:10EC3000042B12D9053B0E2B0FD8DFE803F0200E72
:10EC40000E200E0E0E0E0E181C0E0E0E25003E2B64
:10EC50001FD0FF2B1DD0302B11D0F3F7AFFA019B43
:10EC6000834202D001A81DF0CAFD02B070BD20464B
:10EC7000FFF7B6FFF1E7E2780E4B5A60EDE720466A
:10EC800001A90CF0A5FAE8E7204601A91CF026FB33
:10EC9000E3E70025084E019B3BB1204656F8043BB4
:10ECA00001A901359847102DF5D101A81DF0A7FD48
:10ECB000D3E700BF24280020F425040807B5FFF798
:10ECC00057FC20B103B05DF804EBFFF7A9BFFFF7D5
:10ECD0005BFC019018B1054B1B681BB1984703B052
:10ECE0005DF804FB01A81DF08AFDF8E7202800204C
:10ECF000024B1A78024B53F8223018472428002080
:10ED00003426040810B504460120FFF7F1FF034B39
:10ED100000201C70BDE81040FFF7EABF2428002047
:10ED200010B50446062142F205001BF043FE23689D
:10ED3000C0F80330A388A0F807300648F3F760FA5C
:10ED40001BF066FE407918B1BDE810401CF06EB9AA
:10ED500010BD00BF6922010810B5044606214FF618
:10ED600028401BF027FE2368C0F80330A388A0F8D2
:10ED700007300648F3F744FA1BF04AFE407918B111
:10ED8000BDE810401CF052B910BD00BF512601086B
:10ED900010B50446052142F214001BF00BFE236857
:10EDA000C0F803302379C3710548F3F729FA1BF043
:10EDB0002FFE407918B1BDE810401CF037B910BDE6
:10EDC000A148030838B505460C4669B9022142F24C
:10EDD0001B001BF0EFFDB5F86E30A0F803300D48B6
:10EDE000BDE83840F3F70CBA122142F21A001BF0CA
:10EDF000E1FD2146B5F86E30053020F8023C04F103
:10EE0000100351F8042B994240F8042BF9D1024821
:10EE1000E6E700BFE94703082548030838B504467C
:10EE200008200D460BF008FB024658B10CB144F423
:10EE300080541460958040F20231BDE838400248A9
:10EE40001DF0C7BB38BD00BFD02700202DE9F04121
:10EE50009DF820400F46E11D8046C9B242F24F00A6
:10EE600016461D461BF0A6FDE0B19DF8183022465F
:10EE7000C3719DF81C300999037280F803800771F3
:10EE80004671857144720A301DF02BFB0648F3F77A
:10EE9000B7F91BF0BDFD00214079FFF7BFFF00204F
:10EEA000BDE8F0811A20FBE74BCE03082DE9F843BB
:10EEB0009DF82850884605F108018146C9B242F202
:10EEC0007B0017461E461BF075FD04469DF820305A
:10EED0002A46C3719DF824300B9980F8039080F87E
:10EEE000048047718671037245720A301DF0F9FA89
:10EEF0009DF930302C44A3720548F3F781F91BF0DB
:10EF000087FD00214079FFF789FF0020BDE8F883E5
:10EF1000D5A4020810B5002142F21F001BF04AFDE3
:10EF20000648F3F76DF91BF073FD44791BF070FD93
:10EF3000C1882046FFF772FF002010BD93CE030862
:10EF400070B50C4602310646C9B24FF60740154669
:10EF50001BF030FD22462946C670047105301DF0B5
:10EF6000C0FA0648F3F74CF91BF052FD407918B18E
:10EF7000BDE870401CF05AB870BD00BFAD23010859
:10EF800010B504461248F3F73BF91BF041FD034668
:10EF9000407910B140F4805010BDD9799A7942EA95
:10EFA00001222280597A1A7A42EA01226280D97AB1
:10EFB0009A7A42EA0122A2801A7B597B42EA012214
:10EFC000E2809A7BDB7B42EA03232381E4E700BFF4
:10EFD000FD25010840F2023122F000428A4238B594
:10EFE0000ED040F203339A4218D10D4818F017FDA5
:10EFF00020B10023037143718371C371012038BDB7
:10F000001C6814B10021074A117005489D8818F04A
:10F0100006FD0028F2D08480C580EFE70020EEE7EF
:10F020004C260408912E002008B5054905481DF01E
:10F03000DCFA054905481DF0D8FA002008BD00BFDC
:10F04000603200205028002050320020D0270020BD
:10F050002DE9F04F037804460333DBB2012B85B072
:10F060006DD8B0F9036001A81BF0F5FDBDF906509D
:10F07000AE4204DCBDF90450B542B8BF3546DFF8F6
:10F08000D080304F98F800303A7813434FFA83FA23
:10F09000002B4ED194F800B094F8019087F800B09E
:10F0A000A47818F0C4F8BBF1FD0F06461BD0BBF1E5
:10F0B000FE0F41D128461DF0FDFE534652464946FB
:10F0C00030461CF071FA78B340F20344002240F25B
:10F0D00003311D481DF07DFA1C4818F028FD84807E
:10F0E00005B0BDE8F08F18F0A2F8631E032B16D808
:10F0F000DFE803F0020C0F1303F010FC044670B9B4
:10F1000028461DF0D7FE23460122D8E703F00CFC69
:10F11000F4E700211CF07FFDF0E70221FAE700236D
:10F1200041F212043B70D1E70223002488F800303A
:10F13000CCE741F23A04C9E741F21104C6E72124C1
:10F14000CAE700BF902E00205028002020020E04A5
:10F15000912E002070B502780446022A86B002D9AA
:10F16000131F032B23D8144D2B7813BBA078617881
:10F17000E37894F90460114C246804969CB1E61C71
:10F180000396A678029666780196247800941DF07E
:10F190009FFE044608B901232B70094818F0C7FCEC
:10F1A000848006B070BDCDE902440194EEE72124CD
:10F1B000F3E741F23A04F0E7912E002048280020BE
:10F1C00020020E037FB5164D02462B7843B1154839
:10F1D00018F0ADFC3A2303711023437104B070BDE5
:10F1E000114B00781B6851789BB11C4614F8042B16
:10F1F0005E780294DC7801949B78009333461DF08E
:10F2000077FE0123044607482B7018F090FC848099
:10F21000E4E70122CDE9013300921A46EFE700BF8F
:10F22000912E002020020E014C28002070B5184EAF
:10F230003378022B22D1174D2B78FD3B012B0FD9B0
:10F24000002341F211042B70134818F070FC0022C7
:10F25000848040F20331BDE8704010481DF0B9B918
:10F2600017F0E5FF1CF0A2F9044620B1002340F29C
:10F2700003442B70E8E728703070E5E71DF048FE86
:10F28000002304460448337018F051FC848070BD9C
:10F29000912E0020902E002020020E0250280020E7
:10F2A00010B541780078FFF7B3FA0446024818F029
:10F2B0003EFC848010BD00BF20020201014610B553
:10F2C00011F8010B1BF0F6FC0446024818F02FFC65
:10F2D000848010BD2002020213B50146827968467F
:10F2E000FCF76EFC9DF8063013F0280F09D0684635
:10F2F000FCF714FC0446044818F019FC848002B0A2
:10F3000010BD2124F7E700BF2002020438B5FCF746
:10F31000F5FB0446FCF776FC0546064818F007FCAA
:10F320000023037143712368C0F80630A388057376
:10F33000438138BD2009020573B5411D0279044699
:10F340006846FCF723FC684618F04CF90546684609
:10F350001EF0B9FB06460948E47818F060FB034646
:10F3600048B104710098DE72C3F80500BDF80420AE
:10F370001D73A3F8092002B070BD00BF70260408F9
:10F3800013B5C37A0093B0F80930D0F80520D0F84F
:10F39000011000781DF087FF0446034818F0C7FBF2
:10F3A000848002B010BD00BF2002040310B5417874
:10F3B00000781DF0A4FF0446024818F0B8FB8480D2
:10F3C00010BD00BF2002040410B5064B064A417868
:10F3D00000781A601DF0AAFF0446044818F0A7FB45
:10F3E000848010BD5428002039F301082002040550
:10F3F00010B5D0F8011000780BF0F4FA044602487A
:10F4000018F095FB848010BD20020412002337B54C
:10F41000B0F901100DF106020078ADF806301DF0CC
:10F42000A3FF04460448BDF9065018F080FB848011
:10F43000C58003B030BD00BF2004040B37B544784D
:10F440000546FE2C27D06CB91B4818F070FB212311
:10F4500044710371D5F80230C0F80630EB8843815F
:10F4600003B030BD022C17D16946532018F0EBFCD5
:10F470000446E0B9694628781DF0ABFF04460E4803
:10F4800018F055FB034684800098C3F80600BDF8C9
:10F4900004205A81E4E7002422466846A91CFCF7B0
:10F4A0008FFB9DF8063013F0180FE3D121240023C1
:10F4B0000093CDF80330E2E72008041010B500787F
:10F4C0000BF0E6FA0446024818F031FB848010BDC8
:10F4D00020020411FF2337B50DF107008DF8073026
:10F4E0000BF0F8FA044604489DF8075018F01FFB8B
:10F4F0008480857103B030BD2003040110B500780D
:10F500001EF034F80446024818F011FB848010BD48
:10F510002002040210B500781EF011F804460248DB
:10F5200018F005FB848010BD2002040A4B7937B522
:10F530005B0705460C460CD420461421064A1BF0F6
:10F54000D3FE01A8019418F063FA10B9A3791C4402
:10F55000257403B030BD00BF74260408837810B54D
:10F56000132B0C4608D1054B1B6803B19847204666
:10F57000BDE810401DF043B910BD00BF5428002065
:10F5800010B5837804461F2B10D8002100781BF09B
:10F5900067FD68B1A37861782078E21C1DF03EFE1B
:10F5A0000446044818F0C3FA848010BD2124F8E70B
:10F5B0000224F6E72002560010B500210446007828
:10F5C0001BF04EFD48B1617820781DF059FE0446CD
:10F5D000034818F0ACFA848010BD0224F8E700BF9D
:10F5E0002002560110B5417800781DF05BFF0446FB
:10F5F000024818F09CFA848010BD00BF2002560219
:10F6000013B5811C027A044668461EF049FA9DF83B
:10F6100006305BB1617820786A461DF069FF0446C8
:10F62000034818F084FA848002B010BD2124F7E763
:10F63000200256030346014610B55A7811F8020B12
:10F6400018F056FC0446024818F071FA848010BD88
:10F650002002580013B5044601F01CFE01A90190D8
:10F660002078FCF7D7FB044601A81DF0C8F8034832
:10F6700018F05DFA848002B010BD00BF200258016E
:10F6800010B5B0F80110D0F80530B0F803200078BC
:10F6900018F049FC0446024818F049FA848010BD6D
:10F6A0002002580210B50078FCF7DCFB0446024843
:10F6B00018F03DFA848010BD20025803F8B5837815
:10F6C0000C46FF2B10D1C77846680589074818F00B
:10F6D000A6F920B10771C0F80560A0F809502046CE
:10F6E000BDE8F8401DF08BB8F8BD00BF98260408AF
:10F6F0000020024B1870024B18707047932E0020A8
:10F70000922E002010B5B0F80110B0F803200023AD
:10F7100000780BF087FA0446024818F008FA848053
:10F7200010BD00BF2002050638B5D0F805300446EC
:10F73000012B14D8437A032B11D8B0F80320B0F86A
:10F74000011000780BF06EFA054618B9D4F80520C0
:10F75000044B1A70044818F0EAF9858038BD212559
:10F76000F8E700BF932E00202002050710B541786E
:10F7700000780BF0FDFA044618B9044B1A78044BD4
:10F780001A70044818F0D3F9848010BD932E00201D
:10F79000922E00202002050310B50BF015FB044645
:10F7A000024818F0C4F9848010BD00BF200205058E
:10F7B000F0B583780D460D2B91B04DD1821C09AC6C
:10F7C00000F11A03264610685168083203C69A42AF
:10F7D0003446F7D113881C21338028461DF017F9D1
:10F7E000BDF826402E6814F00C043CD130461DF0C4
:10F7F00093F8871EA7420DDA4FF0FF3400239C4296
:10F800008DF81C301EDB01223146A31C07A81CF01A
:10F81000E5FF17E0631C0122314605A81CF0DEFF5E
:10F820009DF81430012BE9D023460122314607A868
:10F830001CF0D4FF9DF81C3013B101331C44D9E7F0
:10F840008DF81C300BF006FA012807D0022834D0BE
:10F8500048B928461CF0D3FF11B0F0BD9DF81C300C
:10F8600013F0010FF5D09DF82F0001F06FFE044654
:10F870009DF8300001F06AFE07AF9DF828200DF1D9
:10F880002901064605A8FCF781F938469DF836207F
:10F890000DF13701FCF77AF90C4B1B78DB0711D41B
:10F8A00005A817F09FFECDE90105324621460097D5
:10F8B00005AB09A800F00CF8CBE79DF81C3013F05D
:10F8C000030FCFE74FF0FF30EDE700BF922E00208F
:10F8D0002DE9F74FB0F802C006461CF0100F1C4689
:10F8E0000C9F9DF934A0DDF838B033D05FFA8CF569
:10F8F0001CF0080F184614BF05F0080505F00F05A9
:10F900001EF0E1F8814638461EF0DDF896F90F301A
:10F9100080465A46042113480193767818F0B7F8C8
:10F92000019BA0B105712268C0F80520A28880F86B
:10F930000B90A0F8092080F80CA0437386733B68F5
:10F94000C0F80F30BB8880F81580A0F8133003B0E2
:10F95000BDE8F08FCDE90DAB0C9703B0BDE8F04FDB
:10F9600000F00CB8AC26040808B51DF021FF0020FB
:10F97000014B187008BD00BF942E00202DE9F04FF8
:10F980001D468FB0CDE908129DF9643004460A93F4
:10F9900043882846C3F3411304931EF094F805905E
:10F9A00018981EF090F82E4B2E4E1B6806901B3BAD
:10F9B00007931A9B1B6813B90FB0BDE8F08F0DF1C8
:10F9C00033030193079B0122049900931A980223A1
:10F9D00018F08CF894F90F300D9067880B939DF810
:10F9E0003330B4F810800293337804211E480DAAF6
:10F9F000039394F801B094F80DA094F90E9018F0C8
:10FA000046F80B9B38B307F00F0707712A68C0F858
:10FA10000520AA884373A0F80920059A189BC27292
:10FA20000A9A80F80EB002731B68C0F80F30189B5A
:10FA30009B8880F816A0A0F81330069B80F81990D8
:10FA40004375089BA0F81A80C375099B0376029B37
:10FA50000377039B4377337801333370A9E700BF03
:10FA6000B4280020942E0020B0260408054B1A88E4
:10FA7000D20705D55B88834214BF29200020704738
:10FA8000022070473E2D002000220068044B00F049
:10FA90000101C0F340001A805A80FDF717BD00BF76
:10FAA0003E2D00200B4A38B5138813F001050ED106
:10FAB000548843F001030134A4B213805480FDF74D
:10FAC000DBF8054818F033F88580C48038BD002481
:10FAD0002E25F6E73E2D00202004460037B50146CE
:10FAE0000088FFF7C3FF4FF6FF730446ADF80630FA
:10FAF000C0B90A79022A05D141F60103B1F805001F
:10FB0000984218D08878CB78B0FA80F0DB074FEABB
:10FB1000501048BF40F002000DF10603053119F006
:10FB20001CF804460548BDF8065018F000F884801B
:10FB3000C58003B030BD2124F4E700BF2004460196
:10FB400010B501460088FFF791FF044618B94888B0
:10FB500019F051F80446024817F0E9FF848010BDFF
:10FB60002002460237B505460088FFF77FFF4FF6B3
:10FB7000FF730446ADF8063030B9A98868880DF1E6
:10FB80000602FDF715FA04460448BDF8065017F0C2
:10FB9000CEFF8480C58003B030BD00BF2004460383
:10FBA00010B501460088FFF761FF044618B9488880
:10FBB00019F025F80446024817F0B9FF848010BDFB
:10FBC0002002460430B504468BB00088FFF74EFF94
:10FBD0004FF6FF730546ADF82630B8B90DF1260390
:10FBE000069304F110030593E3890493A389039317
:10FBF000E37A02930223019304F109030093237A29
:10FC0000E288A18860881BF03FFA05460448BDF8E9
:10FC1000264017F08CFF8580C4800BB030BD00BF3C
:10FC20002004460530B504468BB00088FFF71EFF60
:10FC30004FF6FF730546ADF82630B8B90DF126032F
:10FC4000069304F11E030593A38B0493638B039324
:10FC5000637E02931023019304F109030093237A36
:10FC6000E288A18860881BF00FFA05460448BDF8B9
:10FC7000264017F05CFF8580C4800BB030BD00BF0C
:10FC80002004460610B501460088FFF7EFFE044643
:10FC900018B9488818F0C6FF0446024817F047FF15
:10FCA000848010BD2002460730B5044689B0008824
:10FCB000FFF7DCFE4FF6FF730546ADF81E30B8B90E
:10FCC0000DF11E03059304F10F030493B4F80D30F6
:10FCD0000393B4F80B300293A37A019302230093A9
:10FCE000E288A188608804F108031BF02DFA05461C
:10FCF0000448BDF81E4017F01AFF8580C48009B083
:10FD000030BD00BF2004460830B5044689B00088E5
:10FD1000FFF7ACFE4FF6FF730546ADF81E30B8B9DD
:10FD20000DF11E03059304F11D030493B4F81B3079
:10FD30000393B4F819300293237E019310230093A8
:10FD4000E288A188608804F108031BF0FDF90546EC
:10FD50000448BDF81E4017F0EAFE8580C48009B053
:10FD600030BD00BF2004460910B501460088FFF7EA
:10FD70007DFE044618B9488818F058FF044602482A
:10FD800017F0D5FE848010BD2002460A10B501464A
:10FD90000088FFF76BFE044618B9488818F05DFF2D
:10FDA0000446024817F0C3FE848010BD2002460BB3
:10FDB00010B501460088FFF759FE044618B9488877
:10FDC00018F04FFF0446024817F0B1FE848010BDC2
:10FDD0002002460C10B501460088FFF747FE044696
:10FDE00018B9488818F041FF0446024817F09FFEF2
:10FDF000848010BD2002460D10B501460088FFF733
:10FE000035FE044618B9488818F053FF04460248E6
:10FE100017F08DFE848010BD2002460E002337B5FA
:10FE200000880DF107018DF8073018F03BFE0446FD
:10FE300004489DF8075017F07AFE8480857103B05E
:10FE400030BD00BF2003461110B50088FFF70EFE3D
:10FE5000044638B9064A138823F001031380FCF7DF
:10FE60001BFF0446034817F062FE848010BD00BFEC
:10FE70003E2D00202002460F10B50088FFF7F6FD4A
:10FE8000044638B9064A138823F001031380FDF7AE
:10FE900033F80446034817F04AFE848010BD00BFC3
:10FEA0003E2D00202002461010461946F8B522F0DB
:10FEB000004340F20A4293420ED8B3F5806F59D9FD
:10FEC0006FF480621344092B54D8DFE803F00D105F
:10FED0001F3050505050530D40F20152934234D0D5
:10FEE000A3F20253032B45D8FBF76AFA0CE00D7816
:10FEF0004C688A6901F108031F48002117F0A0FD32
:10FF000010B10571C0F805400120F8BD0E784D888C
:10FF10000C798A6901F108031848002117F090FD57
:10FF20000028F1D00671A0F80550C471ECE70D78F7
:10FF30004C884A690B1D1248002117F081FD0028EA
:10FF4000E2D00571A0F80540DEE70F784E880D7904
:10FF5000CC8801F108020B48002117F098FD002819
:10FF6000D2D00771A0F80560C5710481CCE7FAF71B
:10FF700097FFC9E70020C8E7D0260408CC2604086C
:10FF8000C8260408C426040800487047A9FE0108D2
:10FF900008B54FF0FF30FAF7B3FA074B4FF4802162
:10FFA0001868064A01F066FE054817F0C0FD0023F8
:10FFB0000371437108BD00BF10320020FFFF040031
:10FFC00020020D010346008810B5322806D0A0F5A6
:10FFD0008042B2F5005F04D3292407E09A78022A10
:10FFE00009D19978DA1C01F0F7FD0446034817F0AF
:10FFF0009EFD848010BD2124F8E700BF20020D0281
:020000040802F0
:10000000F7B5054600212020FBF7B8FA002300933E
:100010002B88C61D322B04D0A3F58043B3F5005FB7
:1000200026D2154B154F19683868E9F79DF8044634
:10003000B0B929886B46386801AA41F48021E9F7F4
:10004000E7F9044660B92020FBF7A4FA00990338C9
:1000500088420FD332462888C9B201F0D9FD044640
:1000600032460099064817F08AFC848003B0F0BD40
:100070002924F5E71A24F3E7F0310020103200209C
:1000800020030D03008810B5A0F58043B3F5005F91
:1000900007D201F0D9FD0446034817F048FD8480DB
:1000A00010BD2924F8E700BF20020D0410B5007828
:1000B0001DF05FFD0446024817F039FD848010BD35
:1000C00020020F0410B500780BF0ECFB0446024848
:1000D00017F02DFD848010BD20020F0010B50446DE
:1000E0000078FF280ED01CF0EBFE20781BF0F2F811
:1000F00094F90000FAF704FA0446034817F017FDD4
:10010000848010BD2124F8E720020F0670B5FAF7AD
:100110000BF900240546E6B2B54209D84FF0FF308E
:10012000FAF7EEF90446084817F001FD848070BD27
:100130002046FAF7DBF828B120461CF0C1FE304615
:100140001BF0C8F80134E6E720020F0710B500786D
:100150001DF0D8FC0446024817F0E9FC848010BD6D
:1001600020020F1410B5417800780BF0EBFB044629
:10017000024817F0DCFC848010BD00BF20020F0194
:1001800010B5D0F8011000780BF02CFC04460248A2
:1001900017F0CDFC848010BD20020F0810B5006858
:1001A0000BF03CFC0446024817F0C1FC848010BDF3
:1001B00020020F1010B5417800781DF0AEFC044607
:1001C000024817F0B4FC848010BD00BF20020F0964
:1001D000014610B511F8010B003818BF01201DF0C1
:1001E00096FC0446024817F0A2FC848010BD00BFB4
:1001F00020020F19014610B511F8013B00F1110260
:10020000181E18BF01201DF084FC0446024817F098
:100210008EFC848010BD00BF20020F1B70B50078DB
:1002200088B0003804AC2246694618BF01201DF092
:1002300072FC05460E4817F07AFC6A460346858034
:10024000861D154603CDA542306071602A4606F131
:100250000806F6D1163308AD224603CAAA42186032
:100260005960144603F10803F6D108B070BD00BF11
:1002700020220F1A10B541780078FAF71BFA0446CD
:10028000024817F054FC848010BD00BF20020F020A
:1002900010B5417800781DF056FC0446024817F06E
:1002A00046FC848010BD00BF20020F0E10B5012156
:1002B00000200BF0F1FA0446024817F038FC848065
:1002C00010BD00BF20020F0F002337B56846CDE9EF
:1002D0000033FAF71BF8044618B901A8FAF72AF810
:1002E0000446042101AA0448009D17F048FB8480BD
:1002F000C0F8065003B030BD20070F15F0B50068F8
:1003000085B01F280DF107030DF106028CBF4FF0D9
:10031000FF3040B202A91AF076FF054602A8FBF7AB
:1003200071FC044609489DF806709DF8076017F0B7
:10033000FEFB0346858002981C73C3F80600BDF8D7
:100340000C205F735A819E7305B0F0BD200B0F1611
:100350000346F0B59B8885B0ADF80C3049230068A2
:100360008DF80E30029002A817F02CF9431C0446B9
:1003700006D1722302A88DF80E3017F023F9044637
:1003800020460DF107030DF1060202A91AF03BFF0A
:10039000054630B140F2064398424FF0FF0408BFD3
:1003A0002D2507489DF806709DF8076017F0BFFBE4
:1003B0008580C0F806408772C67205B0F0BD00BFE8
:1003C00020080F177FB500250146022202A80095DC
:1003D000CDF80350FBF7F4FB9DF80E40A4B91E487E
:1003E00017F0A5FB212203460271447100989C730B
:1003F000C3F80600BDF80420DC735A81FF221C7488
:100400001A735A7304B070BD02A8FAF72FF8431C90
:1004100004461DD0694617F004F9064690B96846AF
:10042000FBF7F0FB05460C4817F081FB034686807E
:1004300000981D73C3F80600BDF80420C3F80D40F2
:100440005A81DFE70095CDF80350FF252C46EAE7F7
:10045000FF252D262C46E6E7200D0F1D38B5037924
:100460000446013BDBB2022B11D854F8050B0C49B2
:100470002246C95C40B217F01CF9102105462046FF
:100480001CF0D7FC074817F052FB858038BD0548A3
:1004900017F04DFB2123037100234371F6E700BFE2
:1004A000E426040820020F18014817F02EBA00BFF6
:1004B000B828002030B5124B0D469942144689B039
:1004C0001BD1930011D505A906A809F03BFD062311
:1004D00000220393059BE1B20293069B2846CDE9D7
:1004E000003241F000511CF055F8064817F097FA19
:1004F00000B10471012009B030BD0020FBE700BF4E
:10050000582800201027040822F00042B2F1A04F22
:1005100008B504D1034817F082FA012008BD002075
:10052000FCE700BF1427040810B5047FD4B1102CD9
:1005300028BF10241CF0A8F8621C81B200230620FA
:10054000D2B209F019FD044650B9074907481CF01A
:100550004CF8074807491CF048F8074809F040FFE5
:10056000204610BD0424E5E7783200205C280020F6
:1005700058280020883200207032002010B51AF070
:1005800098FE0446024817F0D2FA848010BD00BFDE
:100590002002011C10B51AF08EFE0446024817F026
:1005A000C6FA848010BD00BF2002011D10B51AF0EC
:1005B00084FE0446024817F0BAFA848010BD00BFDA
:1005C0002002011E70B5FFF76FFF90B1FBF796FA9E
:1005D000002604462046FBF715FB0546064817F0A3
:1005E000A6FA86802268C0F80620A2880573428198
:1005F00070BD0226014CEDE720090115F82604081C
:1006000010B50446FFF750FF48B12146A079EEF738
:1006100001F90446034817F08AFA848010BD0224C9
:10062000F8E700BF2002011370B50546FFF73CFF55
:100630000446E0B1002120202D78FAF79FFFC41D69
:100640002020FAF7A7FF0338A84213D328462146F3
:1006500009F022FF002840F2074614BF00250026BB
:1006600022462946054817F08AF9868070BD05465E
:100670000226F5E700252126F2E700BF2003010B43
:1006800010B50446FFF710FF58B12078003818BFA6
:10069000012001F0A5F90446034817F048FA8480C8
:1006A00010BD0224F8E700BF2002010C73B54278A8
:1006B000037843EA0223ADF804308378C27843EA32
:1006C0000223ADF80630FFF7EFFE88B10DF1060109
:1006D00001A81AF0B4FA04460648BDF90460BDF951
:1006E000065017F024FA8480C680058102B070BDE0
:1006F0000224F1E7200601172DE9F04385B0FFF74A
:10070000D3FED8B101A81AF0A6FA04460E48BDF9E6
:100710000490BDF90680BDF90870BDF90A60BDF905
:100720000C5017F004FA8480A0F80690A0F8088016
:1007300047818681C58105B0BDE8F0830224CDE9FB
:100740000100ADF80C00E1E7200C011808B50348E2
:1007500017F0EDF900230371437108BD2002010079
:100760002DE9F04786B005AB019304AB009303AAD3
:100770000DF10E030DF10A0102A801F04BFBDDE9BA
:10078000046504460C48BDF808A0BDF80A90BDF801
:100790000C80BDF80E7017F0CAF98480A0F806A08E
:1007A000A0F80890A0F80A808781C0F80E60C0F811
:1007B000125006B0BDE8F0872012011B10B50446A8
:1007C000FFF772FE50B161782078A21C1AF012FA7D
:1007D0000446034817F0ABF9848010BD0224F8E703
:1007E0002002010E2DE9F3410546FFF75DFE28B317
:1007F0001FF0F6FF04461CF05FFB02466B460068E4
:10080000516803C32B780BB11CF058FB20461FF036
:10081000E2FF00240B48BDF80080BDF80270BDF86F
:100820000460BDF8065017F082F98480A0F80680B5
:1008300007814681858102B0BDE8F0810224CDE9BF
:100840000000E7E7200A010FF0B585B00546FFF785
:100850002BFE002844D02C68002C43DB00236F685B
:100860006E7A2D7A1A46214845F000511BF080FE21
:1008700000231E481A4645F080411BF079FE4CB318
:10088000062009F0F5FB01282ED9631EB3F5A37FDE
:1008900098BF4FF4A4741FF05BFDA4FB0003C40BCE
:1008A00044EA43441FF054FD0622A7FB0030DB0B53
:1008B00043EA4043002E0CBF4FF000514FF08041FF
:1008C000CDE9023200220948CDE9004229431BF05C
:1008D00061FE0446064817F02AF9848005B0F0BD91
:1008E0000224F7E72124F5E71A24F3E7582800202B
:1008F0002002011A22F00042B2F5887F2DE9F0476C
:100900001C4600F0E2800ED840F203139A423CD01D
:1009100040F209139A4200F0C2800E2A00F0B38020
:100920000020BDE8F08740F207239A4247D0B2F595
:10093000037F56D040F206239A42F1D120684C3012
:10094000FBF760F925680746644895F8736095F8E9
:1009500070A095F9759095F87680A48817F05FF8E7
:100960000028DDD0EB6C4360B5F85030877203810E
:10097000731E5E425E41C67280F80CA080F80D9036
:1009800080F80E80A0F80F40CAE72078FAF770FFD1
:100990000028C5D0524894F800806788A688E5886A
:1009A000247A17F03CF80028BAD080F80480A0F828
:1009B0000570A0F80760A0F80950C472B0E720786D
:1009C000FAF756FF0028ABD060782578FDF7FCFEDB
:1009D0000446444817F023F80028A1D0057144715B
:1009E0009EE7A578012D1ED0022D2DD0CDB9E3783C
:1009F00094F80080023BDBB2022B8CBF01253A4AFF
:100A000094F90470667998BFD55C94F9064037482C
:100A100017F005F828B180F8048045718771C67118
:100A2000047201207DE7E37894F80080023BDBB29A
:100A3000022B98BF2C4A94F90470667998BFD55C54
:100A400094F906402A48E3E7E3782A48023BDBB200
:100A5000022B94BF244A012594F80180277898BF7F
:100A6000D55C94F90490667994F9064016F0D7FFA6
:100A70000028D6D0A0F804808771C57180F808904E
:100A800046728472CDE723460822002113F8014BF9
:100A9000194816F0D5FF0028C3D00471C1E71748E4
:100AA00094F800806788A688E588248916F0B7FF47
:100AB0000028B6D080F80480A0F80570A0F8076080
:100AC000A0F80950A0F80B40ABE70D481C7816F0D1
:100AD000A6FF00283FF424AF047121E75027040843
:100AE0004C27040844270408182704083C27040856
:100AF000382704084027040834270408302704084E
:100B0000482704080022084B10B51A609A80026832
:100B10001A6018781CF0C7FE044618B90349044847
:100B20001BF063FD204610BD422D002098320020AE
:100B3000D027002008B5034B58880AF0CFF90020D1
:100B400008BD00BF422D00201FB5438902930389D1
:100B50000193C3880093838842880188FF200AF0AC
:100B60005BF90446024816F0E2FF848004B010BD31
:100B7000200206001FB501460078FF2817D0B1F803
:100B80000B300293B1F809300193B1F807300093AC
:100B9000B1F80530B1F80320B1F801100AF03CF9C2
:100BA0000446044816F0C3FF848004B010BD21241D
:100BB000F7E700BF200206067F2337B500788DF8DF
:100BC0000730FAF755FEE0B140F6FF73B0F86E005B
:100BD000984218D00DF10701FDF720FC9DF9073070
:100BE00004467F2B04D140F20343002808BF1C4673
:100BF00006489DF9075016F09AFF8480857103B06E
:100C000030BD2124F4E70324F2E700BF20030615DA
:100C100010B504460078FAF72BFE78B1637801210D
:100C2000B0F86E003BB1FDF7FDFA0446044816F03B
:100C30007EFF848010BDFDF70FFBF6E72124F5E76A
:100C400020020603002313B5007800938DF80430CA
:100C5000FAF70EFE58B16946FDF7C0FB04466A4636
:100C60000521044816F08BFE848002B010BD2124BB
:100C7000F5E700BF2003060730B587B0827901464B
:100C8000054604A81CF00CFF00239DF816200393D2
:100C900012F0180408D1212503950F4816F047FFDC
:100CA0008580847107B030BD04A8FAF7EFFD0246D5
:100CB00068B903ABCDE9000304A9084BE8790AF051
:100CC00051F9024618B90446BDF80C50E5E7BDF8E5
:100CD0000C5092F87040E0E7200306043D13020830
:100CE00010B50078FAF7C4FD40B113211CF09AFE4C
:100CF0000446034816F01BFF848010BD2524F8E746
:100D00002002060510B50078FAF7B2FD38B11CF0E4
:100D10008DFE0446034816F00AFF848010BD25248A
:100D2000F8E700BF2002060F10B5417800781CF0EC
:100D3000BCFD0446024816F0FAFE848010BD00BFD8
:100D40002002060110B58278417800781CF0FEFD83
:100D50000446024816F0EBFE848010BD200206080F
:100D600010B543780446012B0FD80078FAF780FDC0
:100D700068B161784B1E594259411CF05BFE044634
:100D8000044816F0D4FE848010BD2124F8E7252401
:100D9000F6E700BF2002060910B5417801290AD8FC
:100DA000007801F001011EF05EFA0446034816F0D7
:100DB000BEFE848010BD2124F8E700BF2002060A91
:100DC0007F2373B541788DF806308DF807304B1EC0
:100DD000072B1CD8DFE803F005051B041B1B1B19A0
:100DE000032100780DF107030DF106021EF03DFA14
:100DF000044608489DF906609DF9075016F097FED5
:100E000084808671C57102B070BD0421E9E7212498
:100E1000EFE700BF2004060B10B541784B1E072BEF
:100E200011D8DFE803F0050510041010100E03219F
:100E300000781EF01CFA0446044816F078FE848000
:100E400010BD0421F4E72124F6E700BF2002060CC0
:100E500010B50078FAF70CFD38B1FDF7FDFA04463D
:100E6000034816F064FE848010BD2524F8E700BF17
:100E70002002060D70B50078FAF7FAFC044678B146
:100E800090F87560FAF7ACFD05460B48A47C16F0A7
:100E90004EFE0023857103714371C471067270BDEB
:100EA000054816F044FE21230371FF234471847129
:100EB000C4710372F3E700BF2005060E10B5008869
:100EC0000AF00CF80446024816F031FE848010BD8A
:100ED0002002061010B504460078FAF7C9FC58B194
:100EE000B4F80320B4F801100AF01CF804460348D3
:100EF00016F01DFE848010BD2524F8E7200206119F
:100F00002DE9F04F044699B04422002107A81BF0B8
:100F1000E0FA2078FAF7ACFC064600287AD00421E3
:100F20004FF62A4019F046FDB6F86E30C0F803308F
:100F30003F48F1F765F919F06BFD43790293002BF7
:100F40004BD0002419F064FDA2464579A146204605
:100F50002746A04621462346A346224645F480550F
:100F60000194009496F8736006F1FF3CDCF10006F2
:100F700046EB0C06CDE904120393FDF725FC029025
:100F80000198FDF721FC01902A4816F0D0FD039B43
:100F9000059AC0F80B30029B04990375019BC7F3B7
:100FA00040074375DDF83530858083619DF8393021
:100FB000C0F806200377009B8672A0F80FB0A0F857
:100FC000114080F813A0877580F8179080F81D8075
:100FD000C383016219B0BDE8F08F19F019FD044612
:100FE000811C442207A81BF07CFAA08AA57EB4F8D5
:100FF00006B0A268E36821690090019594F8168014
:10100000E77D94F81890607E94F820A0029DB4F8D3
:101010002140A7E7044682468146074680460146AE
:10102000034683460246252501900090A2E700BFB3
:10103000214D0308202006140E2330B587B0054645
:1010400003931BF03FFF044640B9BDF80C500E4817
:1010500016F06DFD8580847107B030BD04A816F0D0
:1010600042FF03AB01930023009328780122074B32
:1010700004A909F077FFBDF80C5004460028E6D01B
:1010800090F87040E3E700BF200306163D13020806
:1010900073B5144606460D4620461421094A1AF037
:1010A00023F901A8019416F0B3FC48B9A3790C33D5
:1010B0001C44054BA6711B79A5800BB11AF0FFF8F3
:1010C00002B070BD2C270408422D002037B50078EF
:1010D000FAF7CEFBA8B9684616F005FF2525684645
:1010E000FAF790FD04460C4816F021FD0346858072
:1010F00000981C73C3F80600BDF804205A8103B0A1
:1011000030BDD0E91301ADF80410090C00250090A2
:101110008DF80610E3E700BF2009061738B5007800
:10112000FAF7A6FB044638B190F87240631E022B12
:1011300000D90024002500E02525034816F0F7FC1F
:101140008580847138BD00BF2003061813B5B0F840
:1011500009300193B0F807300093B0F80530B0F8CB
:101160000320B0F8011000781AF0D1F904460348C2
:1011700016F0DDFC848002B010BD00BF2002061A0C
:1011800013B503890093C3888288418800881AF0C8
:10119000C0F90446024816F0CAFC848002B010BDB3
:1011A0002002061908B5044816F0C1FC0E2303718D
:1011B0000023437108BD00BF200206132DE9F74349
:1011C00099461C4B06461C681B4B0F461B68154670
:1011D00001931CB901A8FAF7C5F90446019B032B3A
:1011E0000BD9691CA3F104020FD0B9F1000F08BF9D
:1011F000002505F1030842450CD222461D21304648
:1012000016F08EFB03B0BDE8F083012AF5D94FF04C
:10121000020805E02A464946E01D1BF062F9A57167
:101220004FEA08239BB246EA18261E432660A78091
:10123000E8E700BF6428002060280020024B186007
:10124000024B1960704700BF64280020602800200E
:1012500013460A4601460148FFF7B0BF2000FF00D1
:101260000A460146014819F0F5BF00BF542704089B
:10127000014600234FF0FF320148FFF79FBF00BF38
:101280002000FF0113460A4601460148FFF796BFBA
:101290002000FF0310B51FF0A3FA0022034B1C68C7
:1012A0001A601FF098FA204610BD00BF6828002081
:1012B00038B50446104816F028FBC0B1224600217C
:1012C00012F8013B08461BF091FD044688B11FF05F
:1012D00087FA0546214609481BF080FB28461FF087
:1012E0007AFA0024064816F022FC848038BD0224D5
:1012F000F8E71A24F6E700BFB82800206828002085
:101300002002011210B50A4816F0FFFA70B11FF062
:1013100067FA044607481BF072FA20461FF05BFA92
:101320000024054816F003FC848010BD0224F8E771
:10133000B8280020682800202002011422F0004272
:101340000D2A73B51C460ED06FF4C0631A440B2AE5
:1013500012D80B2A10D8DFE802F03B12242C370FEA
:1013600046505F84878E0422002153F8044B444882
:1013700016F066FB00B18480002002B070BD2078BA
:10138000FAF776FA0028F7D03E48267894F901500B
:10139000A47816F044FB0028EED0067145718471E4
:1013A000EAE72478384816F03AFB0028E4D00471C4
:1013B000E2E725783548646816F031FB0028DBD079
:1013C0000571C0F80540D7E7257831486468F3E730
:1013D00030482578646816F022FB0028CCD00571CF
:1013E000A0F80540C8E72C482578646816F017FB7C
:1013F0000028C1D005714471BEE7637827480D2BE2
:1014000096BF274A0125D55C247816F008FB0028F2
:10141000B2D004714571AFE7637800210D2B98BFFE
:101420001F4A204898BFD55C6368A27888BF012511
:10143000267816F005FB08B1067145716378012B1B
:101440009AD88DF807300122002116480DF10703C4
:10145000247816F0F5FA00288ED001230471437128
:101460008AE7247810489EE70021636822780F48B5
:1014700016F0E6FA80E70E4816F0D1FA7CE700BFD6
:1014800098270408842704088C2704089027040858
:1014900088270408802704087C2704087827040884
:1014A00058270408742704087027040868270408CC
:1014B0006C2704081422002101481BF00AB800BF61
:1014C0006C28002073B505461FF08AF91D4C0646AE
:1014D00063795B070ED4204614211B4A19F004FFE0
:1014E00001A8019416F094FA20B130461FF073F968
:1014F00002B070BDA3790C33234455B91A79FF2A81
:1015000001D001321A71304602B0BDE870401FF0C0
:1015100062B9012D05D15A79FF2AF4D001325A71EE
:10152000F1E7022D05D19A79FF2AECD001329A71A8
:10153000E9E7032DE7D1DA79FF2A1CBF0132DA711E
:10154000E1E700BF6C28002094270408042828BF86
:101550000020014B185C70479C27040810B5827866
:10156000417800781CF04FF80446024816F0DFFA84
:10157000848010BD2002570010B501210446007878
:1015800019F06EFD60B122466378002112F8020B5B
:101590001BF044FE0446034816F0C9FA848010BDCF
:1015A0000224F8E72002570113B50446FFF772FE44
:1015B00001210190207819F053FD70B120780021AD
:1015C00001AA1BF002FE044601A81BF018F904480A
:1015D00016F0ADFA848002B010BD0224F4E700BF1B
:1015E0002002570210B501210446007819F038FD99
:1015F00048B1617820781CF053F80446034816F08F
:1016000096FA848010BD0224F8E700BF2002570339
:10161000002313B50093D0F80220417800781CF025
:1016200050F80446024816F082FA848002B010BDD9
:101630002002570430B585B002AD027B811D0446FF
:1016400028461CF02DFA9DF80E3073B10095D4F8A1
:1016500002206178207801231CF033F80446044806
:1016600016F065FA848005B030BD2124F7E700BF8D
:101670002002570538B50C460546032142F25900B1
:1016800019F098F90CB1012C12D12B884471C3F3D5
:101690000B03A0F803300748F0F7B2FD19F0B8F9D2
:1016A000407920B119F0B4F9407940F4805038BD48
:1016B0002120FCE70123010810B50446008809F049
:1016C00065FF40B1A178FFF7D5FF0446034816F047
:1016D0002EFA848010BD40F20A44F7E7200242034C
:1016E00070B506460D464FF629400621144619F0FE
:1016F00061F93388A0F80550C3F30B03A0F8033059
:10170000A0F807400648F0F77BFD19F081F9407911
:1017100020B119F07DF9407940F4805070BD00BFD0
:101720003923010810B50446008809F02FFF48B19D
:10173000A2886188FFF7D4FF0446044816F0F7F941
:10174000848010BD40F20A44F7E700BF2002420443
:1017500010B50221044642F2460019F02BF9A0F818
:1017600003400648F0F74CFD19F052F9407920B1DA
:1017700019F04EF9407940F4805010BD85230108DE
:1017800070B506460D4609F0A1FE0446304609F044
:10179000E9FE034816F043F908B18580C48070BDA6
:1017A000C027040810B5008819F0BBFD04460248A4
:1017B00016F0BDF9848010BD2002420108B505482D
:1017C00016F0B5F900230E22437102718371C371C3
:1017D00008BD00BF2004061210B50F4C88B0206071
:1017E00008F0F8FD2168684619F030FE6846F5F704
:1017F000B1FB044660B90A20084A094908F0E4FA36
:10180000044628B908F03EF90CF054FFFCF7EEFF4F
:10181000204608B010BD00BFA828002037B4030838
:101820001D03040870B58EB00FF019FC002302AD43
:1018300029460DF107008DF80E308DF80730EDF7D1
:101840004FF800286BD1284619F017FA002866D007
:10185000302864D09DF80730012B17D172238DF802
:101860000E30EAF773FCCDE90601030C8DF8123057
:10187000BDF81D30ADF81000ADF813309DF81F30E5
:101880008DF8153049238DF816300AE049238DF87C
:101890000E3095E80300ADF81410090C04908DF893
:1018A00016109DF80E3013F0280F07D1DDE9040162
:1018B000ADF80C10090C02908DF80E10274E33680D
:1018C0001869002830D133685A690AB9244A126865
:1018D00024490A609A690AB9234A126823490A60AE
:1018E00093F82220D20727D404A819F007FE044653
:1018F000F8B9316806A819F0A9FD06A8ECF71CFF95
:101900000446B0B9BDF92E0019F076F919F0FBFDC7
:101910002846FAF703F9164808F050FA09E09DF84E
:101920000E3019079DD5B4E717F04FFF0446002885
:10193000C9D020460EB070BD93F8232000234FF08D
:10194000FF3006A9CDE906338DF81A2019F0FDFE07
:101950000028C9D040F20C44EBE700BFA8280020C3
:10196000C422040884280020C02204088028002003
:101970001D1A02082DE9F041114815F0CAFFE8B917
:101980001EF0CCFC05460E460D4F07F10C0828460C
:10199000314619F00FF908F0B1F80446384615F051
:1019A000B4FF10B940461AF02AFFF9F7B7FE08B99C
:1019B000002CECD1BDE8F04119F082BCBDE8F0810B
:1019C000B828002008B5054B1B782BB919F07CFD11
:1019D000B0FA80F0400908BD0020FCE7962E0020F8
:1019E000054A08B51178814204D0107019F0F5F855
:1019F000002008BD0220FCE7952E0020012310B531
:101A0000044C2370044B1B6803B1984700232370D8
:101A100010BD00BF962E00208028002050EA010350
:101A200037B504460D4604D103B0BDE83040FFF79A
:101A3000E5BFB1F1FF3F08BFB0F1FF3F13D01EF08B
:101A40006DFC221845EB010308490948C1E9002350
:101A500000239D420CBF21464FF0FF31CDE90033FA
:101A6000044A1FF092F803B030BD00BF700B002095
:101A700088280020791A0208D3B51EF0B1FE04466A
:101A80001EF04CFC0B46104AD2E90067B04273EBE3
:101A9000070107D3FFF7B2FF204602B0BDE8D040F0
:101AA0001EF099BED2E900670022311A67EB0303EA
:101AB0009342CDE90022134618BF4FF0FF31034A8D
:101AC00003481FF062F8E7E7700B0020791A02085C
:101AD000882800200023044A52E8000F42E8003121
:101AE0000029F9D1F6F77ABBAC280020054A52E864
:101AF000003F034342E800310029F8D1024B1B6844
:101B0000184700BFAC2800208428002037B51C6887
:101B1000E10705D519F041F8164917481AF065FD97
:101B2000A20723D5FCF73AFDD0B9144D01901EF061
:101B300057FE044628461AF080FE019020461EF00B
:101B40004AFE019890B143799B070CD401A8022169
:101B50001AF05DFF0198FCF711FD19F078FAE6E73D
:101B600019F075FADEE7FCF7FDFCF6E7002003B09C
:101B700030BD00BFA8320020D0270020B0280020B0
:101B800008B5054807F08AFF044B01211870BDE82D
:101B9000084007F093BF00BFB8320020972E002006
:101BA00038B5044648B11EF01BFE054621460848DC
:101BB0001AF014FF28461EF00EFE064B022193F980
:101BC000000007F07BFFBDE83840FFF717BF00BFFC
:101BD000B0280020972E00202DE9F0410A4B0B4F32
:101BE00004460E46386819681546E7F7BDFA40B94D
:101BF00033462A46386844F48021BDE8F041E7F7CF
:101C0000D5BCBDE8F08100BFF031002010320020CB
:101C10002DE9F0410A4B0B4F04460E46386819680F
:101C20001546E7F7A1FA40B933462A46386844F426
:101C30008021BDE8F041E7F765BBBDE8F08100BF5A
:101C4000F03100201032002038B5084D084B044612
:101C500019682868E7F788FA30B9286844F48021C1
:101C6000BDE83840E7F7E6BC38BD00BF10320020C1
:101C7000F03100202DE9F043134B0E461968134B49
:101C800005468DB018681746E7F76EFA80B93346F7
:101C90000A222846009702A90DF052FB4FF00008D7
:101CA00004460DF10809444505D1002CEFD120462A
:101CB0000DB0BDE8F083284659F8041BE7F7BAFCDD
:101CC00008F10108EFE700BFF031002010320020DA
:101CD000F8B50B4B0B4F06460C4638681968E7F70A
:101CE00043FA054648B9E24316FA82F2386842F4EC
:101CF000802246F48021FFF7BDFF2846F8BD00BFD3
:101D0000F031002010320020F8B50E46074630B3FF
:101D100029B300F03FF80446F8B9124D01461822E5
:101D200028461AF0D6FB20232B7033692E616B6096
:101D30007369AB6008F07AFBF9F7D6FBBE6A002E38
:101D400008BF4FF480763046F9F7E4FB044620B92B
:101D5000054B28461E60F9F72BFC2046F8BD2124D0
:101D6000FBE700BFB8280020B4280020014815F088
:101D700092BD00BFB828002010B5054815F0A3FD9E
:101D8000044618B900F018F81BF0A1F8204610BD61
:101D9000B8280020074BDA69D20407D51B6A40F245
:101DA000044013F0010F18BF0020704740F20440B8
:101DB000704700BF0080E00F30B5002485B002A856
:101DC000EAF7AEF901A8BDF8085001940FF036F912
:101DD00000B101940E48019C15F021FEB0B1002322
:101DE0004371C37143728372C3726FF009030A2295
:101DF00083746FF032030271037501226FF0740374
:101E000082710272C4600582C274437505B030BD30
:101E1000142C040838B50A25058001200025049CEF
:101E2000088010801D80204625600FF007F900B162
:101E30002560059B014A00201A6038BDF601CD8B54
:101E40001046044A1368591E033102D8002111605C
:101E500018477047C8320020034B1868034B00280E
:101E600008BF1846704700BFD0280020402C040847
:101E7000014819F039BE00BFD828002013B50B4C1B
:101E80000229226005D10A4819F02EFE002002B076
:101E900010BD0A4600930146064B054819F006FEA0
:101EA000003818BF01204000F1E700BFC832002011
:101EB000D8280020411E0208014819F026BE00BFA4
:101EC000D82800200021014819F041BED828002060
:101ED00008B5064B1B68013305D0FFF7EDFF80F016
:101EE0000100C0B208BD0020FCE700BFC8320020DE
:101EF000F0B50D4604468BB018B9002420460BB04F
:101F0000F0BD1A4E3768002FF7D12022394602A8BB
:101F10001AF0DFFA236801A80193154B1B88ADF86E
:101F20001430144B1B68079300F0C4F804460028D3
:101F3000E3D0306000F0E4F82046394619F040FC68
:101F4000204619F05DFB38B10020306000F0D8F871
:101F5000204619F050FBD0E7204600F0C5FA0028D3
:101F6000F2D1002DCAD02046A847C7E7D4280020C8
:101F7000742C0408782C0408024B1868003818BF29
:101F800001207047D428002038B50C4602F06CFAC6
:101F9000A3780B4A13705A1E55425541A8420CD0E3
:101FA000012B04D02846BDE8384002F03FBA204655
:101FB00002F00EFA0028F5D038BD0020FCE700BF83
:101FC000982E0020002108B5024B08465B68984710
:101FD000002008BDDC32002010B5FFF73DFF0D4B9F
:101FE0000C461A1A534253418B4201D1002010BDB6
:101FF000094B1B683BB9094A064B002C08BF134626
:10200000074A1360F2E719F066FF0028F3D00220B8
:10201000EDE700BF182C0408D4280020402C040849
:10202000D0280020431E033306D8044B984228BF13
:102030001846642838BF6420704700BF40420F0034
:1020400038B5194B05461B680C4603B1984744B197
:10205000236833B11B68013303D0E3680BB1A36875
:102060004BB91AF029F900204FF4C172412100F058
:102070006FFA212038BD204603F0EAFA00230B4A0C
:1020800085F83C31C5E93743C2E9003363694BB198
:10209000074A422110684FF4D272C31A584258417D
:1020A00000F056FA0020E5E7642B0020A030002065
:1020B000982B0020F8B504461EF089FB0026074641
:1020C0000E4B1B6893B19E68AEB196F82420D207E0
:1020D00011D435460FCC0FC50FCC0FC523682B602C
:1020E00096F8243043F0010386F8243038461EF079
:1020F00069FB3046F8BD1B68E4E700BFD032002022
:1021000010B5044618B9054B054A136010BD00F020
:10211000B7FFD4F8E830002BF6D1F4E7DFB50308B9
:10212000CC32002008B502460868FFF77BFF086044
:102130004868FFF777FF48608868FFF773FF88609B
:10214000C868FFF76FFF0B69C860581C03D00B48C5
:10215000834228BF03460B614B69581C03D00748D4
:10216000834228BF034688694B61FFF75BFFBDE8E8
:1021700008408861104602F0ABB800BF40420F0033
:10218000D0F8E0302DE9F04105460C4613B1C38D7F
:102190008B424CD0D5F8DC30002B4BD09E68002E03
:1021A00048D0D868002845D0013800B200281ADB92
:1021B000002106E0128A591CA24217D209B28842B5
:1021C00011DB0B1803EBD3735B1003EBC30206EBBD
:1021D0008202B2F80EC003F1FF3EA445EAD90FFA1D
:1021E0008EF08842EDDA2120BDE8F0814FF6FF72D3
:1021F00099B29142F7D09BB203EBC30306EB83067F
:102200002846B6F9122095F83011D5F8F080E9F794
:10221000B5FF0746B8F1000F04D000233246284628
:102220001946C047EC85C5F8E06085F83971002093
:10223000BDE8F0810E20BDE8F08100BF2DE9F04738
:1022400082B004460F46164602F070FA002863D1A9
:102250004F4D2B68D4F8DCA0D4F8E0800BB1534587
:1022600076D04FF00009AF6002F0D6FA0128074699
:1022700065D1204619F08DFF002851D12B68DAF87E
:102280000010D8F8002013B1186888426BD020469F
:1022900019F007FFC5E900A8D4F8F0508DF80760E1
:1022A000002D67D00022204611460DF10703A847F4
:1022B000204601F08FFB0546B9F1000F0FD076B92B
:1022C000D4F88C300BBB012F05D025B1314B002148
:1022D00003205B689847284602B0BDE8F087B5FA4E
:1022E00085F040F207523321400900F031F93146C0
:1022F000204601F0E1FD284B05461B68414620467B
:102300009847D4F88C30002BDDD000224FF40073B6
:10231000204600F0C5FED6E700231D4D6B6098E710
:1023200094F825309A07A9D5D4F894305B05A5D543
:102330001A4B0122002120461B6898479EE7002186
:10234000012000F0E5FE02F067FA0128FBD190E7DA
:102350006B68002B85D0434583D1AB689F4215D075
:102360004FF001097FE7696811B10968914291D086
:1023700059688CE794F82A1094F83931324699421A
:1023800028BF1946204601F077FA91E70025A2E719
:10239000A0300020DC320020CC320020682B00204E
:1023A000F8B50F4605461EF012FA3946064628468D
:1023B000FFF7E6FE044620B130461EF003FA204641
:1023C000F8BD02F095F9224639462846FFF736FF58
:1023D00004460028F0D1284619F0DBFE0028EBD097
:1023E00095F8253013F002030DD0D5F894305B0535
:1023F0000DD5B5F82A31BB420BD0B5F82C31DB1B1B
:10240000B3FA83F35B09044A82F8DC30D4E723464D
:10241000F9E70123F7E700BF003E00B037B5204BD6
:10242000D0F8DC20D0F8F0501A60D0F8E020044654
:10243000C3E9012100228DF807205DBB90F82A1026
:1024400090F839312A46994228BF194601F014FA0A
:10245000204601F0BFFAB0FA80F040F26E5233210C
:10246000400900F075F80121204601F025FD0D4BD3
:1024700005461B682046D4F8E0109847D4F88C3005
:102480002BB100224FF40073204600F009FE2846CD
:1024900003B030BD11460DF10703A847D8E700BFD0
:1024A000A0300020CC32002013B50446694619F054
:1024B00085FA204619F037FDFF28024606D020464F
:1024C0009DF80010E9F7D8FE02B010BD0048FBE708
:1024D0000080FFFF0029034B08BF0023C0F8F03045
:1024E00000207047D7B703084FF4007307B50A49B7
:1024F0000DF10602ADF8063019F099FABDF8063074
:10250000B3F5007F05D1022808BF002003B05DF8B5
:1025100004FB2120FAE700BFF0280020024B1860DE
:10252000024B1960FEE700BFF02A0020D4320020E1
:1025300038B5044D044C054B286021601A60FFF744
:10254000EDFF38BDF02A0020D4320020F42A00200C
:1025500010B550B90548064B01600648026018687E
:10256000054B18601868FFF7E3FF10BDD432002058
:10257000D4280020F42A0020F02A0020054B1B68F4
:102580000BB918467047834201D01B69F8E7012058
:10259000704700BFFC2A0020094A13680BB918468F
:1025A0007047834207D11B6901201360054A1368F5
:1025B000013B1360704703F110021B69EEE700BF97
:1025C000FC2A0020F82A00202DE9F74F06461EF0CD
:1025D00007F9DFF82881012398F800B0DFF820918F
:1025E0000190BBF1000F06D089F8003003B0BDE8C0
:1025F000F04F1EF0F0B83F4F88F8003089F800B077
:1026000019F0F7FA08B119F0F2FA3D683A495DB9E4
:10261000DFF8F0A0DAF800200024AA423B682FD8A7
:102620004FF0FF3134483BE06B7D8BB12B68B342F8
:1026300002D09A1B8A420BD96A6813442B60AB689C
:10264000003A18BF0122003B18BF01236A75AB7521
:102650002D69DCE7907D20B1107D88429CBF01464A
:1026600014461269002AF5D1002CD9D0D4E9000112
:10267000A275411AD4E90232204698470135C9E7CC
:102680001A46FF21EEE75A7D4AB11A68B24224D0B9
:10269000921B824221D8914201D311461C461B69EC
:1026A000002BF0D15CB12046FFF776FF38B13B68D4
:1026B0003C602361DAF800300133CAF800303B682F
:1026C0005A7D6AB919F091FA064699F80030002B44
:1026D00094D1019888F8003088E71C460021DEE795
:1026E000186800F0D3F8044619F07FFA0646002C6B
:1026F00084D1EAE7FC2A0020FCFFFFBF9A2E0020CD
:10270000992E0020F82A002038B5054608B3182273
:10271000002119F0DEFE1EF063F802462846FFF79E
:102720002DFF20B110461EF056F8022038BD0A4B8E
:102730001C6854B909491D600B68104601332C61AF
:102740000B601EF048F82046F0E704F110032469FE
:10275000EFE72120EAE700BFFC2A0020F82A00204A
:1027600038B50446FFF70AFF1EF03AF80546204642
:10277000FFF704FF637D23B928461EF02CF80E20D6
:1027800038BD00236375064B1B68A34203D119F0C3
:102790002CFAFFF719FF28461EF01DF80020EFE77E
:1027A000FC2A00202DE9F84FDDF8289098460446D1
:1027B0000D469246FFF7E2FEDDF830B01EF010F84D
:1027C000074619F012FA06462046FFF7D7FE637D4A
:1027D00023B12046FFF7C4FF0023A375BAF1010F10
:1027E00023D175B9B8F1000F21D1B9F1000F03D091
:1027F0005A4631462046C84738461DF0ECFF0020B7
:1028000019E035440D4BAA1B9A4210D80123637579
:102810009DF82C303046C4E90058C4F80890237560
:10282000C4F80CB0FFF7D0FEE6E7AE42EAD1384676
:102830001DF0D1FF2120BDE8F88F00BFFCFFFFBFD6
:102840002DE9F04107468846FFF798FE1DF0C8FFC6
:102850003D68064619F0C9F97B7D7BB185420DD0F4
:10286000094B2C1A9C4209D830461DF0B4FFB8F130
:10287000010F08BF25462846BDE8F08130461DF00F
:10288000AAFF0025F7E700BFFCFFFFBF0023024AB5
:10289000194600F075BE00BFB5BB03080C232DE937
:1028A000F74F13700F46144602210022064619F016
:1028B00065F9DFF8648010B1164BC8F800300025C8
:1028C0004FF00609EBB209FB03F3D8F80010CA1861
:1028D0005079012804D923780C2B14D1212013E03E
:1028E00031F903B01179B2F902A03046002201910A
:1028F00019F044F958B101992170B7F900305B45DE
:1029000005DB534503DC002003B0BDE8F08F013543
:10291000D8E700BF882C0408D8320020014919F0FC
:102920006AB900BF494A0208014919F064B900BFF9
:102930001D4A020870B5164E032804460D4633782A
:102940001ED023FA04F202F00102AA421DD053B1B4
:102950000122A240A54023EA02032B43DBB23370DD
:102960004BB1012070BD2DB10A4B01201B68984767
:102970003378EDE73570074B00201B689847F0E788
:102980009A07DED003F0FC03E9E7002070BD00BF2A
:102990009C2E00203C2B0020F8B505460C461DF06F
:1029A00016FF104F06463B7833B1012D04D01CB9F9
:1029B0000D481DF035FC3C7021462846FFF7BAFF54
:1029C0000A4B04461B783BB93B782BB919F0C7FB7F
:1029D00010B1074B1B68984730461DF0F3FE2046A8
:1029E000F8BD00BF9D2E0020102B00209C2E002043
:1029F000DC320020054A0B46117831B100211170FC
:102A0000034A012152681878104770479D2E002014
:102A1000DC32002038B5074D04462B78834207D0BE
:102A200001F0E4FE20462C70BDE83840EBF764BCB2
:102A300038BD00BF9B2E00201B4B022910B518701B
:102A400002D0032904D010BD184B1B78002BFAD1FB
:102A5000FFF792FA0028F6D04FF00052144BC3F85B
:102A60008020BFF34F8FBFF36F8F01F075FE0028FA
:102A7000E9D001F0BDFC0028E5D10E4B1C6834B153
:102A800023689847BDE81040002001F0A3BE19F06C
:102A900009F8094B18601EF0FCF8084B1860204636
:102AA00001F062FEEEE700BF703300209B2E002095
:102AB00000E100E0602B0020382B0020342B0020A8
:102AC00038B504460D46FFF757FA80B14FF0005273
:102AD000124B1A6001F040FE48B9012D07D80120C1
:102AE00001F078FE0E4B1B6823B15B6898470D4BD5
:102AF0001C7038BD1EF0CDF80B4B1A68801A186098
:102B00001DF04AFC4FF47A72084B1B6802FB003040
:102B100018F0CAFF012001F027FEE8E700E100E01D
:102B2000602B002070330020342B0020382B002035
:102B3000F0B585B01DF04BFE344D04462B7823B123
:102B400033481DF06DFB002852D11DF001FC02AA94
:102B500003A919F0EEFA0346002838D019F0FDFA5F
:102B6000029B98421CD100202A4B03991B682A4ED5
:102B70009942307020D90027C91A012324482B70AC
:102B8000264A3346CDE900771EF03AF8002837D1BF
:102B9000234A1378D90701D53178F9B1204611E0DD
:102BA00019F0D9FA029B984228D0002318461949F7
:102BB000194A0968137003910121FFF7BBFE002336
:102BC00020462B701DF0FEFD002005B0F0BD204614
:102BD0002B701DF0F7FD212005B0F0BD03F0FE03C2
:102BE0001370002BDAD10F4B1B6898472046E9E79A
:102BF00020461DF0E7FD0E2005B0F0BD0220B3E732
:102C0000032320462F703370F3E700BF9D2E002072
:102C1000102B0020302B00206F330020F5290208F4
:102C20009C2E00203C2B002038B51DF0D0FD144D0B
:102C300004462B78EBB9134A13491370134B144A0B
:102C400014481A60144A5A60EBF7FEFA1349144804
:102C5000EBF7FAFA134A144B1A60144B5B6F03F448
:102C60004073B3F5007F02BF0222114B1A600123AB
:102C70002B70EBF753FC20461DF0A4FD002038BD5F
:102C80009E2E00209D2E00209C2C0408DC3200206B
:102C9000312B0208002B002099290208A42C0408DB
:102CA000082B0020152A02083C2B00200040005071
:102CB000302B002010B50446D0F818210B4B4FF4F0
:102CC0000061C3F8C42090F82420D20102F400620D
:102CD00006F068FC94F8243013F0100F4FF40073E2
:102CE00014BF034A034A536410BD00BF003E00B046
:102CF000001002B8002002B837B50C46264D69B95D
:102D00000A46012106F04EFC244BEC645C6006F0A0
:102D1000A3FC2022224B5A6603B030BD012211468B
:102D200006F040FC07221E4B0121DA60237901A83E
:102D300085F84C306379019319F08DFB019BC2B289
:102D4000D34000F00F0040EA031085F84D00A2794F
:102D500085F84E20E27985F84F2020682865019398
:102D6000BBB1012102888B420CD821794B1E134440
:102D70000C4A1362C2F8CC1020220B4B5A6606F0A4
:102D80006BFCC9E730F811500131AA4228BF2A462E
:102D9000E9E71A46E9E700BF003F00B04C3F00B04A
:102DA000006000B8004000B8005000B810B5054CF5
:102DB000237823B104F01EF90020207010BD0E20EE
:102DC000FCE700BFA12E002008B504F0E1F80122C5
:102DD000014B00201A7008BDA12E0020D0F8E4306D
:102DE00013B11A68032A10D8094BDB6BC3F3C20274
:102DF00013F0380F03F0070018BF504313F4E07FBF
:102E0000C3F3821203D050437047986A400E704754
:102E1000008001B8431C07D06FF0FF02034B104045
:102E20005A62A3F580535862704700BF00E000B8B3
:102E300010B504234FF03A4101240A4AD1F8180191
:102E4000C2F81831C2F814314C634FF400511163C9
:102E5000410742BFC2F81431A2F58052C2F81831BE
:102E600010BD00BF002000BAF8B504460F46164654
:102E70001DF0ADFC0546A047044620B128461DF0D4
:102E8000A1FC2046F8BD05F0C9FC04220549D1F893
:102E9000F03E23EA07033343C1F8F03E024B5A6485
:102EA000ECE700BF003000B0002002B8F8B51C46C7
:102EB00012F0020318BF043412F00107064607D1CE
:102EC0006FF41070A4F5742202441648824224D98B
:102ED000003B18BF0123144A144813704FF6FF73C8
:102EE00099421ABF4A1C92B22022114918BF1202FD
:102EF000FFF7BAFF054670B98FB9631C08BFD6F853
:102F0000104102F0C5FC0146204604F0B9FE094B11
:102F1000C009C3F8C8002846F8BD2125FBE70525F0
:102F2000F9E700BFBDBDF0FF9F2E0020613202080F
:102F300020FFFF00003E00B000F1E40370B5C2E9DD
:102F4000003143F6787390B09360064618F0E5FEC2
:102F50001446D060072301AA06F1F8000D4604F0DC
:102F6000ADFE43F6BC732361079B63614FF47F534F
:102F7000A361089BE36143F6C4732362099B636208
:102F800043F6C873A3620A9BE36243F6CC732363E0
:102F90000B9B636343F6D073A3630C9BE36343F61D
:102FA000D47323640D9B63640D4B93F90030C3F11C
:102FB0001C030DB195F9265096F928205B1B9B1A2E
:102FC0004FF4FF220749DB02C4E91212064A03F458
:102FD000FF2304F158002265636510B070BD00BF87
:102FE000A02E002020E000A820D000A8F8B50746B9
:102FF0000C461E4615461AB113680BB15B68B3B98F
:103000001DF0E5FB01463846FFF7E8FE0746084697
:103010001DF0D8FBB772AB890698E11A89B2D5E9E1
:103020000132034402FB013331817360F8BD1A6839
:10303000032AE5D99F6A7F0EECE700BF00F0180372
:10304000182B0AD003070AD440F2011310F0100025
:1030500018BF1846034BD86770470020FAE70120D5
:10306000F8E700BF003F00B0044B1868830654BF68
:10307000C0F30F204FF6FF70704700BF682C002090
:1030800038B10368044A002B08BF1346034A136093
:103090007047014BFAE700BF19BD0308EC3200206E
:1030A00010B4D0E9544122400B4052EA030104D04D
:1030B00003495DF8044B096808475DF8044B704705
:1030C000EC3200200F2938B505460C460ED801F029
:1030D000A3FB01280CD1074A2846936E23F00F0367
:1030E0002343936619F058F8002038BD2120FCE7EF
:1030F0000220FAE7003F00B0014BD86E704700BFD6
:10310000003F00B0014B0020D9667047003F00B07F
:1031100003282DE9F347884664D8344B13F8009010
:10312000334B1E5C334B13F800A01DF050FB0746D9
:1031300005F088F9054640B100230022CDE90033AF
:1031400001200023002104F0ABFF05F083F948B112
:1031500000230022CDE90033002000234FF400417A
:1031600004F09EFF002E3BD0234BDC6C04F00804DF
:10317000224B3146DC64484605F0AEFB52463146F0
:10318000484605F04DFC1E4BDC64DDB11D4B186854
:10319000D0F89410F83003F037FC1B490868FFF7AB
:1031A00039FE4FF0FF330B60184B1A68511C06D0E4
:1031B0006FF07E401649C863A1F58051CA634FF095
:1031C000FF321A60B8F1000F04D0124B0021032027
:1031D0005B689847384602B0BDE8F0471DF0F2BA88
:1031E0003446C5E702B0BDE8F08700BFB42C040840
:1031F000B02C0408AC2C0408004000B8006000B8F3
:10320000005000B8D4280020E8320020E43200202A
:1032100000E000B8DC3200200F4A536C13F0A00F1E
:1032200015D1906C10F0040013D10C4BD3F8F03E84
:1032300023F07F4323F0FF035BB1D368C3F3036242
:10324000092A07D0B2F10C0018BF012070470020F6
:1032500070470120704700BF000002B8003000B086
:1032600008B501F0FDFA014610B10221084608BD7B
:10327000FFF7D2FF0028F8D0054B1A784FF400531F
:103280001AB1044AC2F8FC33F0E7034AFAE700BF78
:103290009F2E0020001002B8002002B8074A084BF9
:1032A00030B10221C2F864120422C3F864227047CC
:1032B0000421C2F864120222F7E700BF006001B8DF
:1032C000005001B870B50D46064620B91C4B1B686E
:1032D000D3B10E2017E001F09FFA01282DD1194B30
:1032E00093F90040D6F8E430C4F11C040BB193F913
:1032F0002630E41A641BC4F12B03002BB8BF5B42D9
:10330000232B0CDD212070BD01F10F03002BB8BF72
:103310005B42232BF6DC0B4B19700020F3E786F899
:1033200028501DF054FA084A136A23F4FF2343EA95
:10333000C42313621DF046FAEFE70220E3E700BF63
:10334000D4280020A02E002000C000B810B5FFF740
:10335000B1FC04F087FB1DF03AFA0A4A0121D2F8C9
:10336000C03E044623F02003C2F8C03E0222064BB2
:1033700008469A60054B5B68984720461DF022FA84
:10338000002010BD003000B0001002B8DC32002078
:10339000094B08461A6D91020BD4D3F84021D2078D
:1033A00008D4D3F8803013F4706F14BF01200020CC
:1033B00070470120704700BF004001B8F8B50D46C6
:1033C000D0F8943002EA010423EA01032343C0F851
:1033D00094304D4A01F00B0323EA0401D1642340E9
:1033E000A2F580526F070646D36410D50121FFF77E
:1033F000CFFF60B105F012FA4FF4007314F0040F20
:1034000014BF424A424A13650422424B5A64E906F9
:1034100006D514F0100F14BF00221B223E4B5A6534
:103420002A0618D5230611D54FF40012374BDA645B
:103430001DF0CDF90E210746032003F06DFA40F28E
:103440000122354B3846DA621DF0BCF9214606F1FF
:10345000F80003F0D9FAEF0503D5E0053DD503F0F8
:1034600049FAA90503D5A2053AD503F04FFA15F498
:103470008C6F1DD014F4806237D096F825309B07EE
:103480000CD5F28DB6F82A3193422CD0B6F82C31F7
:103490009F1A7B427B41214A82F8DC30D6F8E41047
:1034A000304618F03AFC80221D4B98671D4B1A617C
:1034B0002B0510D505F0B2F91B4A14F4006FD2F8B1
:1034C000F03E14BF43F0006323F00063C2F8F03E07
:1034D0000422104B5A640020F8BD03F005FAC0E73F
:1034E00003F00EFAC3E70123D5E76805D6D596F8B1
:1034F00025309907D2D5094B114683F8DC200B4BB8
:1035000030461B689847C9E7006000B8005001B812
:10351000006001B8002002B8004000B8003E00B0D2
:10352000003F00B0000002B8003000B0682B00205F
:10353000014B1868704700BF502B002037B51DF0B5
:1035400046F9002401230022CDE90034002305467A
:103550001946104604F0A4FD052002F0FFFC064BBE
:1035600021461C60054B02205B68984728461DF0E9
:1035700029F9204603B030BD582B0020DC32002052
:103580002DE9FF4102290D4616469846039004D1C5
:10359000FFF7D4FF04B0BDE8F0811DF018F91E4F0D
:1035A00004463B683BB1B34205D01DF00BF9002344
:1035B00021203B60EEE7194B0022C3F800803E60FB
:1035C000002301264FF0000810461946CDE9006699
:1035D00004F066FD124B052083F8008002F0BEFC6B
:1035E00043462A46052003A902F0D6FC0D4B039A58
:1035F0001A6008B92046D8E70B4D2B689847212858
:1036000004D020461DF0DEF80020C3E731466B6889
:1036100002209847F5E700BF582B0020542B0020CC
:10362000A32E0020502B0020DC320020044B5B6EC8
:103630009B044EBF0120034B187800F00100704737
:1036400000C001B8A32E002090F827305A1F012A8D
:1036500001D9082B05D14B7C2BB1012B05D0022BB6
:1036600005D018F03BBC0348704703487047034837
:10367000704700BF20A1070048E8010040420F004A
:103680000A78022A11D0101F4242424152004B7860
:103690001201022B0BD0191F4B424B415B00054915
:1036A000054842EA8312FFF7DFBB0122EFE701235F
:1036B000F5E700BFF0FFFF00614802080B78022B1E
:1036C00010D0181F434243415B004A78022A0BD0B6
:1036D000111F4A424A4152000F21044843EA820224
:1036E000FFF7C2BB0123F0E70122F5E78D4802088E
:1036F0002DE9FF474B684A880C4609888146FFF749
:10370000D5FB0528054628D1D4F80480B8F1000F70
:103710003CD0082341464846A27A18F017FB002700
:1037200008F10C060290C8F808600DF10C0AE36875
:10373000CDF804A003EBC70233F8373031460093CD
:103740005368484602AA18F024FB054648B10023F6
:10375000012219464846FFF7A9FB284604B0BDE8F8
:10376000F08798F801300137BB4206F10806DED237
:103770002389606840F61A7200EB8300029B3021B7
:1037800083428CBF00200120FEF7E2FE6268024BFC
:103790000025C3F8C820E0E7003E00B02DE9F8435B
:1037A0000E780446042E0D4690F830810BD1002788
:1037B0005FFA87F9484601F0EDFF08B14E4602E096
:1037C0000137042FF4D1304601F0E4FF002849D03E
:1037D00094F83031B34209D1AA88D4F8A4309A427F
:1037E00004D16A88B4F832319A4238D084F8306112
:1037F000AB883046A4F834316B88A4F83231AB88FA
:1038000004F59875C4F8A430FF2384F82B3018F021
:103810005CFD84F82A00284601F04CFF18BB2846BE
:1038200001F0AEFFF8B9D4F8E03053B194F830119C
:10383000414506D02046B3F91220E8F79FFC84F8F2
:103840003901204602F02AF80949A4F8340101237D
:10385000084AD1F8FC1004F1F80004F02FFA002017
:10386000BDE8F88321200C2384F83031F8E700BF4D
:10387000004F00B0A43F00B070B5054690F830018D
:103880000C460C281FD0FF2901D1212070BD1AB190
:103890004FF0FF320D4B1A6018F017FD064695F8F1
:1038A000300101F0E7FF844228BF0446E4B2B4428D
:1038B00038BF3446E0B285F82B0002F00DF9FF283E
:1038C000E3D00020E2E70220E0E700BFF43200206E
:1038D00010B590F8303104460C2B44D0D0F8E030CD
:1038E00080F82A10DBB3D0F8F020D2B990F8393143
:1038F0008B421CD300222046FFF7BEFF48BB1B4B68
:103900001B7813F0FD0F23D1204601F0C7FF1849A3
:103910000123184AD1F8FC1004F1F80004F0CEF9A4
:1039200016E0B0F94220B3F912309A42E2DD0022EB
:10393000204694F83911FFF79FFF50B9C4F8E00012
:10394000204617F0CBFE4FF6FF739842014601D197
:10395000002010BD2046BDE81040FEF721BDFF232A
:1039600080F82B30F4E70220F3E700BF4A33002051
:10397000004F00B0A43F00B0F0B51D46144B044604
:103980001B780F46164685B05BB1D0F8E030E3B146
:1039900002AAB3F91230009200220CF0B2F805B07E
:1039A000F0BD02A918F00AF89DF808103A46204622
:1039B000E8F7E4FB014626B92A462046FFF75CFFFC
:1039C000EDE72046FFF784FFE9E71846E7E700BF89
:1039D000B10E0408F0B504468FB001F0F7F9D4F841
:1039E0009C300546012B00D010B128460FB0F0BD29
:1039F0006C49204618F0BFFCD4F8E0600146E58D24
:103A0000C4F8E4003EB133682BB15B681BB11A689F
:103A1000032A00F2A4801CF0DAFE01462046FFF7DC
:103A2000DDF9074608461CF0CDFED4F8E410B38952
:103A30008DF80E70EB1A9BB2D6E9012000FB032231
:103A40005948ADF80C3003680292994207D02046DD
:103A500018F063F980225549554B88671A61554D16
:103A6000534E00F0D9FE0128FBD12B6CDB07F8D4B4
:103A7000736CDF01F5D4D4F8E41020460D919DF865
:103A80000E20029908AB03F0AFFD002847D100F0EB
:103A9000C3FE0128FBD1464A4649536CD801FCD4E9
:103AA0000B6CDB07F9D408A901A803F023FF054636
:103AB000002834D1E28D404B5A6494F8243060F3EE
:103AC000410384F8243001F077FAD4F8E0305969E2
:103AD000431E0E68DBB2FD2B049624D84B680128E8
:103AE000059330D10126DF1C06D90133334B5B68C7
:103AF00046D0DA1C41D80593024604A9204601F0BD
:103B00001DFA002E7FF471AFD4F85431990529D4F1
:103B100094F8243043F0020384F8243065E702254A
:103B200028460FB0F0BDF71C13D9244B01361B6893
:103B300018BF0126DA1C1BD804934B68FF28059395
:103B4000D1D00020D8E70246204604A901F0F6F9BA
:103B50004BE74B68FF280593C4D02A46F4E79F6AD9
:103B60007F0E64E720464FF4803117F02DFF3CE7CD
:103B7000FF284B6813D00593C3E7FF28C1D1E0E7C6
:103B8000DE1C06D80246204604A9059301F0D6F9AA
:103B9000BAE7FF28B8D10022204604A9F6E70120A1
:103BA0000593A0E7FC4F00B0442B0020003F00B07D
:103BB000000002B800C002B8008001B8FC3200204A
:103BC00038B590F83C510446002D37D01CF0FFFD6D
:103BD0001F221B4B013D1A651540A3F580531D653F
:103BE000D4F84021A3F580539A67D4F84421DA67CA
:103BF000D3F84031DB071AD5D4F8E430DBB11A68CA
:103C0000122A18D9196D4FF0FF3320290A4628BF10
:103C1000202219B1C2F120029340DB43084AC2F8C6
:103C20004431D4F8A0201340064AC2F84431BDE81C
:103C300038401CF0C7BD4FF0FF33EFE738BD00BF81
:103C4000006001B8005001B82DE9F0410B4606466E
:103C5000154611B92120BDE8F081002AFAD00329C8
:103C600005D8002201F042FC03460028F2D01C884F
:103C70009A78B4F5804F02F0070180F08680A1F1B8
:103C8000070C1879DF88DCF1000343EB0C030529EE
:103C90002B7394BF0023C2F30013C2F3801C6B7319
:103CA000930985F810C003F00203C2F3C00C43EA85
:103CB0000C03C2F34012E8746B74AA74D6F8943003
:103CC000AF82D8064DD4063901294AD8B6F81280F9
:103CD000F76908F1FF38083C04EA0804395D2C4B09
:103CE00080295B6D08BF6FF07F014FF000031CBFA0
:103CF000323949B2A973AB6096F82700013404EA5F
:103D0000080460BB3B5D5B0103F47E63FF2B9CBF3B
:103D1000DB43D8B2D6F8EC3003B19847631CE873A4
:103D200003EA0803F95C013303EA0803FA5C013390
:103D300003EA080341EA0221FA5C013303EA0803BB
:103D4000F85C41EA0241002341EA00616A7C3046A6
:103D500004F030F806232860AB7100207BE718469A
:103D6000DCE700230020EB730A4BDA69C2F3072378
:103D7000120448BF63F0FF035AB212F1800F1CBF58
:103D8000323B5AB2AA730346E5E7022063E700BF5D
:103D9000004000B800C000B8F8B507460E468C8851
:103DA000FFF752FC97F827700546082F737C0CD15B
:103DB000012B0AD80146012003F0F0FF421C01D17B
:103DC0000220F8BDE30003330EE0053FFFB2012FF0
:103DD0008CBF00200120294603F0E0FF431CEFD0F8
:103DE000012F4FEAC403EED90E4A0344D2F8AC10B7
:103DF000326801F01F01A2EBC10203213260B171F0
:103E0000002DDDD0B3F5803FDAD84FF224406909A8
:103E100000FB03132D09B3FBF5F3D21A0020326027
:103E2000CFE700BF003E00B0F8B507460D46144688
:103E30008BB1FEF7FDFF29463846BE8A01F012F825
:103E4000B44228BF3446A4B222462946044801F0B1
:103E50001DF92046F8BD18F079F80646F0E700BFD6
:103E60000C0000BA70B54FF03A434FF480640A4D2D
:103E7000D3F818610020C5F81841C5F8144104F0C2
:103E8000A7FD4FF400532B67730542BF034BC5F8E2
:103E90001441C3F8184170BD002000BA001000BAE8
:103EA000082310B1024A53647047024AFBE700BF7F
:103EB000001002B8002002B82DE9F04104460E4679
:103EC00019B990F824305A064AD44FF6FF73618E20
:103ED000D4F8E470994204D0334B1B680BB12046F0
:103EE0009847324D2B68BB4256D0314B1B6833B1DB
:103EF000002F54D0396801B1B968204698474FF077
:103F00000708204601F0CAFC002E3AD0294B93F94D
:103F10000030C3F11C0317B197F926209B1A062025
:103F200094F9286024499B1B0A6ADB0222F4FF22D1
:103F300003F4FF2313430B62D4F8E4201F4B2A60E1
:103F4000986701F075FE002501211D4A1D4B117077
:103F5000204683F8845018F01FF92846BDE8F08108
:103F60004FF6FF71114DD0F8E4702A6866F386139E
:103F7000BA42418680F82430B7D101F08FFC4FF06F
:103F80000108114A4346D2F8FC1004F1F800A2F6E9
:103F90005C7203F093FEB9E74FF00108B1E73946D0
:103FA00020469847ABE700BF4C2B0020442B002055
:103FB000482B0020A02E002000C000B8006000B8F0
:103FC000A22E0020003F00B0004F00B0054A12684A
:103FD0001AB190F81E1119B91047084602F0AEBC8C
:103FE00001487047402B002000FEFFFF3A4B2DE9AF
:103FF000F7431C6801F4007900F00103174653EA07
:10400000090206460D4640D04FF0000893B3002346
:10401000002201200021CDE9008804F041F841464A
:104020002046FFF7D3FF012241462086104617F0B5
:1040300022FBD4F8941004F1F80002F0E5FC2749C3
:104040000868FEF7E7FE4FF0FF330B60244B1A6859
:10405000511C06D06FF07E402249C863A1F5805103
:10406000CA634FF0FF321A6094F8243043F004031F
:1040700084F82430B9F1000F07D00121204617F051
:10408000A3FC25F4007506430D432B46324620461B
:10409000FFF706F8FB070FD51349144A08680021FB
:1040A000136811600121124A117003B19847114B36
:1040B000002102205B68984717F00E0F08D04FF4DC
:1040C00009723B21002003B0BDE8F043FEF740BA7F
:1040D00003B0BDE8F08300BFD4280020E832002000
:1040E000E432002000E000B8542B0020582B0020C0
:1040F000A32E0020DC32002008B5582200210648FB
:1041000018F0E7F91022FF21044818F0E2F905F051
:10411000A3FA002008BD00BFF43E00B0383F00B055
:1041200073B586216F22A0F814118221C0F80021F6
:10413000C0E9411264220C23C0E9432207224FF058
:10414000FF35002680F830314FF6FF730446C287F2
:1041500000F14C028264204AC385A0F8403080F808
:104160002C3043864263038780F82860C0F8A4504F
:10417000458580F8265004F075F92046FFF7BCFF0E
:104180000122164B2046C3F8382294F92810FFF775
:1041900099F86023124A41F6FF71D3644FF03A4216
:1041A000116311670F4A2946D36440220E4B204603
:1041B0005A64D4F89420FFF701F90E230022CDE9C8
:1041C000003340F202231046194603F069FF01F064
:1041D000FBFA304602B070BD4000FFFF005001B84E
:1041E000004000B8005000B8002002B810B50C46DE
:1041F000FFF782FFCCB1A378082B18D8E278082A01
:1042000015D843EA021313F0FF030CBF1946616887
:10421000084AC2F8F410217882F84811617882F8CF
:104220004B3182F8491105F017FA002010BD21200A
:10423000FCE700BF003E00B00129F0B51ED8EAB18E
:104240000F4C8B0094F84B0194F84A51184100F040
:104250000F000023082828BF082084F84A3104EB07
:10426000C101DEB2B04203D8002084F84A51F0BD4B
:10427000D75CCE1886F838710133F2E72120F6E7D3
:10428000003E00B0012A10B512D8032B10D803EB62
:1042900082020123074C934094F84A01DBB221B11A
:1042A0000343002084F84A3110BD20EA0303F8E7F5
:1042B0002120F9E7003E00B0044BD3F8F03E13F0A4
:1042C000806F14BF23200020704700BF003000B073
:1042D0000246F8B5B0F8344100F1F805FFF7ECFFFD
:1042E0000B688E68013304BFD2F800310B604B6855
:1042F000013304BFD2F80C314B60771C3BD1D2F8AC
:104300000831CF688B607E1C3CD1D2F804610F6904
:10431000CE60013704BFD2F8F8700F614F690137E2
:1043200004BFD2F8FC704F618F69013704BFD2F827
:1043300010718F618F6967BBC0F1640408688C617C
:1043400010B16F2838BF6F20C2F808314B68C2E93E
:104350004006C2E943340B692846C2F8F8304B697D
:104360000F49C2F8FC30D1F8FC1007230D4A03F0C6
:10437000A5FC0020F8BD04F16F031B1AB34238BF3F
:104380003346BEE704F18606361ABE4238BF3E46C3
:10439000BDE76F34241ABC4238BF3C46CEE700BFAD
:1043A000004F00B0A43F00B038B50446074D214689
:1043B0002868621C003818BF012002F0B3FD2B688A
:1043C0000020003B18BF0123A37038BD5C2B0020E8
:1043D00038B5054C054B417800782568236002F01C
:1043E0001FFD00B1256038BD5C2B0020C02C0408E7
:1043F00070B51CF0ECF905460B4E00F00DFA0128E3
:1044000005D028461CF0DEF90224204670BDF36872
:1044100013F0706FF1D1F46814F08054EDD1284698
:104420001CF0D0F9F1E700BF000002B80A4B10B54C
:104430001B68044673B1094B48B10121084A1A6050
:10444000022003F025FB0020064B1C7010BD014626
:104450001860F5E70220F9E75C2B0020602B0020B4
:10446000B82C0408A42E0020014B1878704700BF18
:10447000A42E002038B51CF0AAF94FF6FF710A4AA5
:1044800013888B4203D11CF09DF90E2038BD074CD8
:10449000074D1B046567A4F58054636711801CF009
:1044A00091F90020F2E700BF48330020006001B816
:1044B0000000FFFF2DE9F74304460F4615461E4650
:1044C000FEF7AAFE38B3A38A2BB3204617F0C5FA2D
:1044D00078B97A4BD3F8F02E1EB10E2003B0BDE8A8
:1044E000F08302F03003102BF7D002F0C002402A14
:1044F000F3D0DFF8F88103F0B5FAD8F81430D90713
:10450000EBD51CF064F90646032001F025FE20B12E
:1045100030461CF057F90220E0E7D8F8142012F0DA
:104520000608F5D130461CF04DF9644B4FF400619C
:104530002046D3F8F09ED3F8C86E05F047F840B196
:104540004FF4007201215E4B08465A64424617F050
:1045500092F894F825309A0707D5D4F894305B0583
:1045600042BF4FF40022574B5A6439462046FDF7AC
:1045700017FF524BC3F8F09EC3F8C86E0028ADD1A8
:1045800094F82430980601D4002D58D0C5F340008B
:1045900004F00AF9022315F4807F1FBF494A002165
:1045A00053644FF03A420BBF454A916153645363E1
:1045B00004F034F94FF4806315F0040F14BF424A3D
:1045C000424A15F0400F13654FF004023C4B284659
:1045D0005A644FF0400314BF3D4A3E4AC2F8B83017
:1045E000FEF72CFD204617F0ADFC38B14FF4807378
:1045F00015F0010F14BF334A314A5364A90647D559
:104600004FF6FF72B4F8403093420FD0324A33492C
:10461000526F100CC2F301120132B3FBF2F30880A7
:10462000294A2A492E481B0448675367003D18BF92
:10463000012594F8243065F3451384F8243020468E
:1046400017F0A7FDF0B1204617F07CFCD0B14FF475
:104650000031204604F0BAFF431C03229BB22148DC
:1046600001A917F0EFFD9DF8042002F00703052BC8
:104670009DF8053015D112070DD443F480731A4A02
:10468000C2F8D030002003B0BDE8F04317F018BEE8
:10469000FFF7F0FECAE713F0040F09D19DF80630CA
:1046A000EBE703F03002202A05D113F0010FF4E705
:1046B0004FF48073E3E79DF80630E0E7003000B088
:1046C000002002B8001002B8005001B8006001B824
:1046D00000D000B800E000B8004001B84833002026
:1046E0000000FFFF0C0000BA003E00B000C001B89F
:1046F00008B50B4BD3F84C114B1C10D011F0804176
:104700000DD1084B1B6813B10320FEF701FD4FF0DC
:104710008062054B1A6501225A6102229A6208BD25
:104720000080E00FD4280020001002B84FF40022CF
:10473000034B586C03F500535A64C0F3C0407047F4
:10474000000002B8024B034A00201A60704700BF05
:10475000482B0020F92C0208024B586900F0010098
:10476000704700BF00C001B808B50D4B5A69D107AA
:1047700010D518B9BDE8084001F0CCBB5B69DA0779
:104780000DD401F0B9FB0323064A1364A2F580524D
:10479000536404E05B69DB0701D40028F1D108BD54
:1047A00000C001B800A0095090F92430002B0CDAA9
:1047B0004FF08053064A29B19360A2F58052D3602E
:1047C00000207047D3609360FAE70E20704700BF67
:1047D000006001B84FF0806310B1024A5361704726
:1047E000014AFBE7001002B8002002B8202350B1B4
:1047F000064AC2F8F433064B196C11F0010104D1DA
:10480000032003F045B9034AF3E77047001002B8EC
:1048100000C002B8002002B80F4BDB68C3F303638B
:10482000013B0B2B0FD8DFE803F006060C0606064B
:1048300006080A080808022070470420704705206F
:10484000704703207047054B5B6913F0060F0CBFE0
:1048500001200420704700BF000002B800C001B86A
:10486000094AD368C3F303630B2B08D06FF490504D
:10487000184100F0010080F0010040007047506CCA
:1048800010F48030EDD17047000002B80C490D4A99
:10489000CB68C3F30363062B07D8042BD8B20BD81D
:1048A000C31E5842584140007047072B06D1D1F82B
:1048B00068011040ECD1704702207047002070471B
:1048C000000002B85FFFF9FF094BDB68C3F3036325
:1048D0009A1E012A8CBF00220122012B02701EBFEA
:1048E0004FF4026222FA03F303F001030B707047E6
:1048F000000002B811F0010311D09AB9552391FAC2
:10490000A1F193FAA3F34A081B0F490042EAC372CC
:1049100001F00203C0F8A02080F82930704722B9C6
:10492000AA23ECE70023024AF4E7014AF2E700BFBA
:10493000B75635120F2370B51B4C11F0010F63678A
:104940001A4B14D09AB901225A674FF0FF32C4F8BB
:104950004421D0F8A020C3F844214FF07042C4F89D
:10496000482190F829201207C3F8482170BD4FF064
:10497000FF3602255D67C4F84461D0F8A060C3F833
:1049800044614FF07046C4F8486190F8294024070C
:10499000C3F84841002AE9D0836C19604FF03A43CC
:1049A000C3F8F450E2E700BF006001B8005001B85E
:1049B00013B590F827300446033BDBB2072B96BFB4
:1049C000134A0021D15CFEF79DFB012001F008FA9B
:1049D0004FF4F0620F4B0020DA644FF40072A3F53D
:1049E0008053DA6494F8273001905A1F012A0AD8BC
:1049F0000421094B0DEB01009B6F0193012200F094
:104A00000BFC02B010BD093B012BFAD80121F5E7E0
:104A1000D02C0408006000B8004001B8012310B594
:104A200080F816312823C0F8FC300423044680F8AF
:104A30002730044B196816F02DFE2046FFF7B8FF0B
:104A4000002010BD702B0020012310B580F8163116
:104A50002823C0F8FC300223044680F82730044B9A
:104A6000196816F017FE2046FFF7A2FF002010BDC0
:104A700098200408012910B5044604D902390129F7
:104A800015D90E2012E00C4B19680523012284F879
:104A900016214FF4BC7284F82730C4F8FC2020465D
:104AA00016F0F8FD2046FFF783FF002010BD034BF2
:104AB00019680623EAE700BF902004088C20040848
:104AC000012310B580F816314FF4BC73C0F8FC30E8
:104AD0000823044680F82730044B196816F0DAFDE5
:104AE0002046FFF765FF002010BD00BF88200408A6
:104AF00038B5194B04461D6845B1EB6833B12868D9
:104B000001F036FEAB68186801F032FE134B144A10
:104B10001B6813602BB1DA681AB19B68186801F042
:104B200027FE104B1B682BB1DA681AB19B68186816
:104B300001F01EFE0C4B1B682BB1DA681AB19B68A2
:104B4000186801F015FE2046FFF77EFF2046BDE8FD
:104B50003840FFF72DBF00BF9820040894200408B8
:104B6000702B0020902004088C200408F8B5D0F8A1
:104B7000403104468B420D46164603D190F83C3135
:104B8000202B0ED0324629462046FFF7B3FE2023C5
:104B900084F83C310023C4F84051C4F84431FFF795
:104BA0000FF84FF00077074B32465F6429462046E6
:104BB000FFF7C0FE8022044B1A6103F500535F64C7
:104BC000F8BD00BF001002B8000002B8072330B5DE
:104BD000144CE363144B61B94FF480424FF48041AD
:104BE000C3F80811C3F80C21C3F81021C3F814212D
:104BF00030BD44250D4940F040004D6388630121DC
:104C0000D9634FF480414AB1C3F80811054BC3F88A
:104C10000C11C3F81011C3F81411E9E7C4F8081116
:104C2000F4E700BF006000B8005000B8004000B8D2
:104C30002DE9F74F9046019305460F461BF0C7FD3F
:104C4000064603F07FFE95F82730033BDBB2072BC7
:104C500096BF4B4A4FF0000B12F803B0032F11D848
:104C6000DFE807F002151C230222464BDFF83891DB
:104C7000D3F800A085F82720012285F81621BAF183
:104C8000000F17D12124204603B0BDE8F08F3E4B22
:104C90000422D3F800A0DFF81491EBE705223B4B88
:104CA000D3F800A0DFF80891E4E7394B0622D3F8E7
:104CB00000A0F7E7D5F8DC20524507D0504600F0B9
:104CC000C7FC0022C5F8DCA0C5F8E0204146284614
:104CD000FDF756FA044603F075FF5F4507D0D5F897
:104CE000E02028461268DAF8041017F0DAF9019B80
:104CF000DFF8C0A0A3F16F0001F096FAB0F57F4F86
:104D00003FBF244B9B6B0133C018A0F57F40CAF80E
:104D1000CC00484602F04CFFCAF8D0002CB94146FE
:104D20002846FDF77BFB044618B130461BF04AFDD0
:104D3000A9E701224FF00209174B41465A64284661
:104D4000C3F80890FEF702FB044618B1134BC3F8F2
:104D50000890EAE739462846FEF7D4F928460C9928
:104D600016F067FF04460028DFD10D4907230D4ADE
:104D7000D1F8FC1005F1F80002F0A0FFD5E700BF64
:104D8000D02C040898200408702B002090200408E0
:104D90008C20040800C001B8001002B8002002B83E
:104DA000004F00B0A43F00B0D0FB010050BD010097
:104DB000501C0700003E00B0034BD3F8F80780F00A
:104DC0000070C0F340607047000002B810B590F862
:104DD0002730022B08D11C4BD3F89C1031B9C28D5F
:104DE000272A0ED90E2002E0042B01D0002010BD8E
:104DF000154BD3F89C30002BF8D1C28D272AF1D85F
:104E00000121124B12481B68834219D031241148EA
:104E1000181A434243415B000B48A0F8B6405024A7
:104E20006343282404FB01330B491944895CFA319C
:104E3000A0F8BC1009490B449A5C094B1A70D5E7DD
:104E40006FF003040123E7E7003E00B0982B002039
:104E500000F04902005A6202C82D0408D82C040848
:104E6000A52E002010B590F82700A0B1304BD3F844
:104E7000A42012F0060F01D004280DD94FF470625F
:104E80002C4BDA604FF48072A3F58053DA60002275
:104E9000274BC3F8A02010BD02F0020412F0040258
:104EA00002D00B789B0637D4002C39D00B7803F056
:104EB0000F03072B34D14B78022B31D98B7813F0A9
:104EC0003E0F2DD0CC7814F0040F29D014F0010F30
:104ED0000CBF04230A23A40748BF0633CB5CFBB1F5
:104EE000002A14BF02220122042840F6FF7003F0BA
:104EF0001F0108BF4900013940EA01310E48016530
:104F00004FF470600B491202C860A1F58051CA606D
:104F1000074AC2F8A030BEE7002CC7D18B7823B96E
:104F20000023054A13650122EAE70222DCE700BFFD
:104F3000003E00B0006000B8004000B810B5124B51
:104F40000C68C3F87842C3F87C42C8B1D0F8E030AE
:104F5000B3B15B69A3B1501EC0B2FD2812D90134B0
:104F600004BF6FF0010008600868FF2A186007D1CD
:104F70004A68013202D16FF001024A604A685A6001
:104F8000002010BD012AF2E7004001B8FF2818BF39
:104F9000C3434FF0180108BF1023064A18BFDB00B7
:104FA000C2F8FC1318BF03F00803A2F58052C2F840
:104FB000FC337047002002B8024BD3F8F807C0F367
:104FC000C0407047000002B84FF03A43D3F81421B4
:104FD000D2031ED54FF480320E49C1F81421A1F539
:104FE0008051C1F818215A6DD1B2C2F30722C3F81B
:104FF000A410C3F8A4200422C3F8A4200022C3F8FC
:10500000A420C3F8A420C3F8A420C3F8A420C3F8A4
:10501000A4207047002000BAF0220B4B01219A64B3
:10502000A022A3F580539A644FF03A43826CC3F8F0
:10503000F410FC21C3F8CC10C3F8D0204FF4005278
:10504000C3F8F020704700BF006000B8F8B54FF01B
:105050003A440D46174606461BF0B9FB01230422CD
:105060006363084BE76026616561C3F814214FF064
:105070000042054BC3F880211BF0A4FB0DB10223B5
:105080006363F8BD002000BA00E100E02DE9F041C3
:1050900005460124006800F00700063004FA00F31A
:1050A000A868EC685E1EA04262D000EA060E6C683A
:1050B00010441E430640A3EB0E000EEB040C82428C
:1050C000644618D9D31A0EEB030298B1431E052B80
:1050D00004D94B1CACEB0303022B59D80B460844F4
:1050E000ACEB010E03EB0E0113F8014B83420C7085
:1050F000F8D101466C688AB1531E052B01F10103FA
:1051000002D9E01A022812D80A44611E00E00133D5
:1051100013F8010C934201F8010FF8D11BF057FB73
:105120000223AE60AB62BDE8F0411BF04BBB0B4607
:10513000204622F0030E8E4453F804CB734540F80A
:1051400004CBF9D122F00303D01A920701EB030C30
:1051500004EB0307E2D0CA5C0128E254DED09CF8DD
:10516000013002287B70D9D09CF80230BB70D5E7A3
:10517000042A35D90878043AA86148780431A8612E
:1051800011F8020CA86111F8010CA861A8688CE75D
:105190000B4620F003070F44ACEB010E1C684EF8E1
:1051A00003400433BB42F9D120F0030310F0030F96
:1051B00001EB030EA0EB03040CEB030728D011F85E
:1051C0000380012C0CF8038022D09EF80130022CC1
:1051D0007B7018BF9EF80230084418BFBB7088E788
:1051E000013A032A12D8DFE802F00F1507020B4636
:1051F00013F8012B1946AA610A4612F8013BAB616C
:10520000114611F8013BAB610B78AB61BDE8F08151
:1052100008446EE70A46F3E738B50B4615460146E3
:105220004FF03A4468B101221048C4F8F4201A46FD
:10523000FFF72CFF25B14FF03A430422C3F8F420C6
:1052400038BD73B1D4F8D8209A4284BF0122C4F883
:10525000F4204FF03A42C2F8D4300223C2F8F430BE
:10526000E8E70123C4F8F430E4E700BFCC0000BA5B
:1052700038B504461BF0ABFA4FF03A420121638F78
:10528000054651674BB3B3FA83F3C3F11903DBB29D
:10529000A069C2F8B410C2F88C300723C2F890009D
:1052A000C2F8B0304FF4A02302F50052C2F8143116
:1052B000A2F58052C2F8183100220C4B1A600C4B38
:1052C0005B6C5B0209D54FF480020A4B04F1F800D5
:1052D0005A64D4F8941001F097FB4FF4E023284669
:1052E000E363BDE838401BF06DBA00BF742B0020AB
:1052F000000002B8002002B82DE9F84305460C462C
:10530000B1B1D0F81880478F1BF061FAB5F83CC0F6
:10531000791E01EA0C0323F00702032C0646DFF88E
:10532000F8E042445FD1DEF8004024B91BF04AFAAD
:105330000E20BDE8F88324F00104DEF8000020F020
:105340000100A04254D10023CEF8003023889442BB
:105350006FEA43436FEA534323803FD1EB8F08EB5F
:1053600007091846083880B202F108044C4528BFE6
:105370004446082804D9B4F800E0BEF5804F41D275
:1053800063440F431B1A3B409BB2AB87E88794787A
:1053900011884FF03A42C1F30C019165C2F8983080
:1053A000C2F8B0004FF48022174B04F00704C3F892
:1053B00014214FF00042154BC3F88021FFF704FE83
:1053C000042C0BD14FF48002114B05F1F8005B6CFB
:1053D000104B5A64D5F8941001F016FB30461BF0C0
:1053E000F1F90020A5E7601E012898BF1446A4E744
:1053F000E88F4344E31A48BFDB1908389842A5DC1C
:10540000304693E72246ADE7002000BA00E100E015
:10541000000002B8002002B8742B0020154B10B514
:105420001968CA8F8B8F488F13440138073B8C69EA
:10543000034023F007031C4402F108034FF03A42F3
:105440009BB2CB87C2F8B0304FF480220A4BC3F82E
:1054500014214FF00042094BC3F88021A07800F0DE
:105460000700042803D1064AD3681B03FCD4054B6C
:105470001C6010BDD4280020002000BA00E100E02C
:10548000000002B8742B002010B5064C216839B119
:10549000CB0703D4044B1868FFF72EFF00232360CB
:1054A00010BD00BF742B0020D42800204FF48032A0
:1054B0000C4B0D49C3F818214FF03A43C1F81421A1
:1054C000D3F8AC10D3F88C20012302F00702063287
:1054D0009340C1F30C01083B994201D8FFF774BD1A
:1054E000704700BF002000BA001000BA2DE9F04755
:1054F00080460C4616468769458F1BF068F9B8F858
:105500003C2005F1FF3C02EA0C0323F00701032CC9
:1055100082463944B8F83E0019D14A4C24689CB9F7
:105520000244073A02EA0C0222F00702BC183B448C
:10553000E31A48BF5B19834210DB50461BF042F967
:1055400000242046BDE8F08724F00104EFE7012C99
:1055500002D0022CEBD108380C46E8E7002E3FD0F1
:105560008C4241D14FF03A42D2F858904FF03A4134
:10557000D1F8AC20B8F81270C2F30C02934247DAAB
:105580002588B5F5804FD8D2A378C5F30C0503F074
:1055900007037A1EA5EB09053A43052B337005EA8C
:1055A00002052DD82DB2E84340F241420421C00F3C
:1055B000FCF7CEFF7580E3783374D8F81C207B1E8F
:1055C00003EA0903D118B160A9B213FA85F5AF4215
:1055D0002FBF0023FF1AB780F26024BFB180F360B1
:1055E00050461BF0EFF8ACE7A4F10802974284BFE5
:1055F000ED0802EBC502B2F80090C9F30C09B5E75B
:10560000114B5B6D003B18BF0123A5EBC305C9E738
:105610004B6D7A1EA3EB09033A431A400B4915B2AE
:10562000002DCB680BDCC3F30363D81E4342434118
:10563000DB003370CB6C72801B0A3374BDE7082328
:10564000F7E700BF742B0020004000B8000002B84C
:10565000054BA822D3F84C013121431C0CBF01207B
:10566000C0F38070FCF774BF0080E00F10B50F4BE3
:105670001C78ACB90E4BD3F8F8375B0309D490B162
:105680000F23441EB4FBF3F410300444E4B220466C
:1056900010BD40F61D023F212046FCF759FFF6E7FA
:1056A0000001C4B2F3E71024F1E700BF4A33002041
:1056B000000002B838B5294D0446297819B92022CE
:1056C000274816F006FF2378264A61881370518018
:1056D0004FF2F0022449C1F8C821244A4BBBA1F57E
:1056E0000051D1F8F81711F4002F4FF0FF011CBF43
:1056F0001F48C0F8DC3011704FF040731A4AC2F8EE
:1057000034311C4BD3F8F83713F480230BD14FF40A
:105710007F01C2F830111849C1F8303148F2C80190
:10572000164BC3F8F4100723C2F8FC330122124BC6
:105730000DE000240E48022BC0F8DC404FF0FF00C3
:105740001070D9D107230422C1F8FC330A4BC3F8E7
:10575000FC23012300202B7038BD00BFA62E0020A3
:10576000E03F00B04A330020002002B8743300202C
:10577000004001B8000002B8001002B8003F00B0BD
:10578000034B1A6802609B8883800020704700BF2B
:105790004A33002010B5044600F0FCFE094BD3F854
:1057A000F80734B900F44020B0F5402018BF0120BC
:1057B00010BD022C0ABF80F400300020C0F340402E
:1057C000F6E700BF000002B82049D1F8FC37FF2BF4
:1057D00031D01F48C3F303120270D1F8F81703F059
:1057E0000F0309035BBFC2EB02120F3B02F1FF3252
:1057F000D2184ABF03EB0213D3B2DBB2154A1649E3
:1058000013700978154B1A68E9B1B2F1A06F1AD379
:10581000D3F85012124A134BB1F1FF3F18BF134691
:10582000114A136041F66A02104B1B68B3FBF2F396
:105830000F4A13607047D1F8F83713F4002F0CBFEC
:10584000B4235A23DAE7074BEAE700BF000002B8A7
:1058500075330020A82E0020733300200080E00F55
:105860005082E00FB82E0408782B0020982B0020DF
:105870007C2B002020B1022804D1034B18787047FC
:10588000024BFBE70020704775330020A82E002054
:10589000014B1868704700BF802B00202DE9F74F9F
:1058A000D0F8A4404C22022C38BF02247B49013C92
:1058B000CB6CD1F8DC507A49C3F38213DA400B6821
:1058C0000646A34290F83071764BDFF800A2DFF86D
:1058D0000092DFF8008202F0010216D1187890429F
:1058E00013D19AF80000B8420FD1D6F8A80060B1E1
:1058F000A8420AD196F82B5099F80000854204D1AD
:10590000B8F8040003B0BDE8F08F98F800001A70F2
:105910000C60FFF7AFFF0346002A00F091800423DC
:105920004FF07F41604AC2F8BC30604BC3F8BC10F6
:1059300096F82B301B06C2F8BC30002040F27122D2
:105940005B4B19211B68B3FBF2F36343182BB3FBCA
:10595000F1F14FEA004400F29380002C00F09B80AC
:10596000B4FA84F2C2F12002C2F10F03012B38BF56
:105970000123D440A14201D2013B6408421C03F040
:105980001F0152008A40121BDFF838B19208CBF891
:10599000B0201A0242EA03121343019300EB0023E2
:1059A00000EB0325434B40F6970218682B21003883
:1059B00018BF0120FCF7CCFDFA223E4B02FB04F09D
:1059C0001B6840F6FF72B0FBF3F00A2358433A4BD2
:1059D00000F57A74C3F8D820019AA3F58053C3F870
:1059E000D820364AA3F58053C3F8DC50D2F8F82704
:1059F000520308D4D3F8DC3003F47F02C3F303531B
:105A00001343CBF8FC30C6F8A8502D4D00F6B83043
:105A10002C6002F0CDF84FF47A722A4BC3F8A40040
:105A2000C3F8F8002B68B4FBF2F0B3FBF2F3A8F86C
:105A3000043096F82B308AF8007089F8003061E75E
:105A400096F82B00984228BF1846C0B22FB1022FFB
:105A50007FF473AFFFF70AFE70E7184BD3F8F837FF
:105A60001903F7D450B10F230138B0FBF3F0013024
:105A7000154B1B68034413F8010C5FE70120F7E79F
:105A8000B1FA81F23CB1B4FA84F3D21A002A3FF79A
:105A90006BAF0F236EE70F2370E700BF004001B824
:105AA000F4320020A72E0020001002B8002002B817
:105AB000982B00207C2B0020006001B8000002B869
:105AC000802B0020003F00B0782B00207233002094
:105AD000713300204A33002038B5254B05461A782B
:105AE000244C0C2A02D1FF20207038BD104616F03D
:105AF000ECFB01461046FFF7BDFEA84228BF284632
:105B0000C0B2884238BF08462378C0B28342ECD086
:105B100020703ABB184BD3F8F83713F4002321D187
:105B20004FF2F001154AC2F8C811C8B10F2301386D
:105B3000C0B2B0FBF3F3591CC3EB0313C01A431CF0
:105B40000D4A1B01D2F8C80143EA01330343C2F8EE
:105B5000C831D2F8C8210A4BC3F8FC202078C4E72A
:105B60000121EDE7074B1868FFF798FEF6E700BF45
:105B70004A33002074330020000002B8002002B82D
:105B8000003F00B0D4280020014B1870704700BFC0
:105B90007333002010B50446FCF7EEF978B1154BCD
:105BA0001B786BB964B1144B1B784BB1134B1B784A
:105BB000013B012B04D84FF40042114B1A6510BD74
:105BC000104B1B6D1B04FAD41AF001FE044602F0C0
:105BD00025FE4FF400420C4B2046BDE810401A65EC
:105BE00002220A4BC3F8D4240422054B5A641AF04B
:105BF000E9BD00BFA92E0020AA2E0020842B002082
:105C0000002002B8000002B8001002B800D0035013
:105C10000122024B00201A70FFF7BCBFA92E002002
:105C20000022024B01201A70FFF7B4BFA92E0020FA
:105C3000054BD3F8843013F0030F4FF4802314BFC7
:105C4000024A034A93647047004000B8005000B80D
:105C5000006000B8F7B50646534C00F09BFC0121EC
:105C60003A20E4F7D9FE514B2578514F1E7085BB81
:105C70002846FFF78FFF2378013B012B19D8E37BE0
:105C800001A88DF80430237C8DF80530E2F73EF84A
:105C9000C7F8D4544FF6FF72464BC3F88420F8225D
:105CA000A3F58053C3F884200022414BC3F8D424C9
:105CB0000DE04FF6FF723F4BC7F8D454C3F8842071
:105CC000F822A3F58053C3F88420C7F8D4543A4B84
:105CD0005BE00020FFF75EFF2378013B012B08D833
:105CE000E37B01A88DF80430237C8DF80530E2F7C2
:105CF0000DF80023C7F8D434002ECBD062685AB315
:105D00002E4B1B6803EB5203B3FBF2F3013B1B0268
:105D100043F0F80326782749022E294A1ED0032E85
:105D20004FF6FF75224826D0012E36D143F00203EC
:105D3000C1F88450C2F884300723C0F8D434E37B20
:105D400001A88DF80430237C8DF80530E1F7B6FF0B
:105D50000120FFF71FFF17E0F823DBE74FF6FF7086
:105D600043F00103C1F88400C2F884300622104BCE
:105D7000C3F8D424E3E743F00503C1F88450C2F824
:105D800084300423C0F8D4340E4B4FF080421A659F
:105D90000020FFF74DFF03B0F0BDC1F88450C2F8FA
:105DA00084300023EEE700BF842B0020AA2E0020C1
:105DB00000C00350006000B8002002B8982B0020FB
:105DC000005000B8001002B8034B1B6D002BBCBF85
:105DD000024BC3F888007047000002B8004000B8CA
:105DE0004FF0006338B1064A1365064B4FF400329A
:105DF000C3F884207047044A1365044BF6E700BFDC
:105E0000001002B8005000B8002002B8006000B8CE
:105E10002DE9F04700F018FC4FF47A762D4BB0FBDB
:105E2000F6F618604FF4FA73734307462A48190EC2
:105E30001B021818294A4FF0000341F1000103F03A
:105E400045FC274BA0F5807205461A6320B948220D
:105E50002B21FCF77DFB01254FF47A724FF0000AED
:105E60006A4353465008310203F030FC1C4B1D4A74
:105E7000B7F57A7F9A601C4B4FEA056819601B4B97
:105E80008946044618604FEA152505D29B222B212E
:105E90005046FCF75DFB01264FF47A73A8FB030123
:105EA00003FB05117308C01841F1000100233246BD
:105EB00003F00CFC0E4B023419600E4B49F1000943
:105EC000A408186044EA8974054B013C9C63BDE852
:105ED000F08700BF982B002020A1070040420F0050
:105EE00000C001B802110100A82B0020A42B002043
:105EF000A02B00209C2B00200822044BC3F88421F7
:105F00005A600122024BDA60704700BF00E100E0F6
:105F100000C001B80822064BC3F88421C3F88420CE
:105F2000BFF34F8FBFF36F8F0422024BDA607047CD
:105F300000E100E000C001B810B50446A242A2EBA7
:105F40000000A3EB010104D2034B01399B6B013329
:105F5000184401F0030110BD00C001B838B5012597
:105F60000A4B02019D504FF480730446084A834057
:105F700053661AF02CFC074AA540137823EA050360
:105F80001370BDE838401AF01DBC00BF00E101B835
:105F900000E001B8B32E00202DE9F84F1646054663
:105FA0008A461F461AF013FC022E00F091808046AC
:105FB0001AF016FC5A4B5B4AD3F8209092F86D40C9
:105FC0005A6EE4B2520744BFD3F82090013404F073
:105FD00003041AF000FC4846214600F013F98446F9
:105FE000DAF80000012E04BF01306044ACEB000C75
:105FF00008BFCAF80000BCF1804F7DD300F014F94F
:106000008145A1EB040188BF454BDFF838C188BF4B
:1060100001F1FF3101F0030188BF9B6BA0EB090E7A
:106020000CF80510A1B1F90742BF41F61F723E4BB3
:106030005A67BA0742BF3C4B3C4A5A677B0742BF8C
:106040000022374B9A673C0742BF0022344B9A65C7
:1060500011244FF0010A324B05F11002120103EB3B
:10606000051BCBF80C0132499C501A6A0AFA05F458
:10607000586E0B78A2EB0902E4B2234372450B7011
:1060800025D34FF48073AB40034220D11CF8052088
:10609000002A40D10EB3274AF807536607D541F6C8
:1060A0001F7140F20110204B596750675967B907BB
:1060B00006D51D4B1D4A1F491F485A6748675A6736
:1060C0007A0742BF01221D4B1A613B071AD4404692
:1060D0001AF078FB0120BDE8F88F194A2D0142F82B
:1060E00005A042F89C3C1AF072FB11490B7823EA98
:1060F00004030B701AF066FB40461AF063FB0020A5
:10610000BDE8F88F2120FFF75FFE4FF48032044B8B
:106110004046DA60DCE7074A40465366D8E700BFEE
:1061200000C001B8003E00B000E001B800001F1F31
:10613000B32E002000D001B800000101000002B819
:1061400000E101B8AB2E0020024B1878003818BFD0
:1061500001207047B32E0020034B10300001185867
:1061600000F00100704700BF00C001B870B50646DE
:10617000FEF7F2FA044608B1FFF7CCFE00230A4D01
:106180003046AB61EB612B6200F04EF8074BC9B2B1
:1061900083F86D1028622CB1FFF7AEFE4FF08062DD
:1061A000034B5A64002070BD00C001B8003E00B02F
:1061B000002002B838B51AF013FB084B084A1D6AD4
:1061C00092F86D405A6EE4B2520744BF1D6A013422
:1061D0001AF001FB284604F0030138BD00C001B8E5
:1061E000003E00B00346064A103302EB00111B01CB
:1061F000D1F80C01D158C1F3400116F080B800BFAE
:1062000000C001B8064B1B68434303EB8171054B8B
:106210001B68A3FB003013F1004341EB0000704703
:10622000A02B00209C2B00200C4A20F0404301466C
:1062300010B5002014684FF00042E4FB0320084A28
:10624000890F126802FB0300064B9B6B984204D92E
:1062500001330131C01A01F0030110BDA42B00204D
:10626000A82B002000C001B8044B01F0F0711030E1
:1062700041F0030100011950704700BF00C001B890
:1062800008B52220FFF7A0FD4FF48022014BDA6011
:1062900008BD00BF00C001B840B1836833B10649F2
:1062A000C268096803F13043032A00D8704743F8F5
:1062B000041B043AF8E700BFDC2B002070B516463B
:1062C000054600B3F9B1F2B14268104B00680332E1
:1062D0001B68920800F130409847044688B9EA6884
:1062E000A86803323146920800F1304016F027F8D2
:1062F000044630B9D5E90402214600F1304016F0D9
:10630000E8F8204670BD2124FBE700BFF8320020EA
:1063100070B50C68651C15D0C4F302669E42C4F3C8
:10632000074530D1A4B294422DD804EB8506B24281
:1063300029D2141BA50824F003040E59340F04D0ED
:10634000012C08D00022212402E06B1C51F82320EC
:10635000C0E9002470BD0E4C34F8133042EA034308
:106360001A686B1C51F8234001EB83014B682240F3
:106370005E4036F0704404D11B0F032B04BF8B68C2
:106380001A430024E4E7013501EB8501C1E700BFB2
:10639000CC2E040807B501A8E5F79AFC254B264941
:1063A000D3F86022D2B2FF2A1DBFD1F878011302C0
:1063B00043EA0213D1F878311CBF20F47F62134303
:1063C000C1F8F8331C4BD3F8F837190354BF092030
:1063D0000C20E5F7F5F9C822184B42F201015A6585
:1063E0004FF4C02203F51043C3F868214FF4803204
:1063F000C3F86C21124AC2F8701202F52042D2F89A
:10640000F827120308D44FF470610E4AC2F8A010A6
:106410004FF42062C3F8A02001220B4BC3F80024E4
:1064200003F53043D3F86821084B1A6003B05DF8D8
:1064300004FB00BF0080E00F000002B8008001B83C
:10644000006001B8002002B8005001B86C2B002099
:10645000134B1B78002B20D0124B134A00201A60DC
:10646000124B134A1A60134B134A1A60134B1A68E3
:10647000134B1A60134B144A1A60144B144A1A60D7
:10648000144B154A1A60154B154A1A60154B164ADB
:106490001A60164B164A1A6070470220704700BFF8
:1064A000B42E0020E82B0020C0370408E02B002089
:1064B000282F0408E42B0020482F04080C33002068
:1064C000DC2B0020002C0020102F0408F82B0020CB
:1064D000C8320408FC2B0020442F0408F42B0020B1
:1064E000F82E0408EC2B00204C2F0408F02B002081
:1064F000402F04080022012138B51E4B5A649A64CB
:10650000DA641D4A516102219162DA68C2F30362C2
:106510000D2A01D0002AF8D111220124174DDA6387
:106520004FF0FF302C7009F0F0FA00232B70144D5F
:106530004FF4E86228685421C01A18BF0120FCF704
:1065400007F8104B28681A680F4B1968FFF7B6FE5A
:1065500001F04CFC0D4B1868FFF79EFE0C4B1868C1
:10656000FFF79AFE4FF08062034B5A6103F58053A8
:106570005C6138BD000002B8001002B8B42E0020E3
:10658000E02B0020E42B0020E82B0020002C002032
:10659000F42B002001230D4A0D49C2F88032916688
:1065A0000C4A53600C4A53600C4A5360A2F5804277
:1065B0005360A2F54042536002F5C032536002F5C9
:1065C00080425360A2F50042536070470090005033
:1065D000FF0B001600D000B8001000BA005001B840
:1065E00038B50324FFF7D6FF114A124B124D1A6536
:1065F000FFF7D0FE114BC3F8104101232B6501F0CA
:1066000031FA4FF460736B614FF400732B65FEF742
:10661000D3FC0021FEF7BAFC4022094B1C64A3F511
:1066200080535C64074BC3F884215A6038BD00BFB7
:106630000048F000000002B8001002B8005001B895
:1066400000A0095000E100E008B518F019FE044B65
:106650001B6FC3F300430133B0FBF3F008BD00BF71
:10666000008000502DE9F04F044687B00290894623
:1066700059F8043B5A1C06D12360029BE01A801093
:1066800007B0BDE8F08F3748C3F301615FEA137BC1
:1066900030F8110008BFC3F307429BB218BF0122B4
:1066A00043EA004015F054FE4FEAC20A05460AF1DB
:1066B00004032D48234483421BD807230127C846DF
:1066C000CB4003F0010301939300049307FA0BF707
:1066D00005EB8203039307F0940304F10806059386
:1066E000039B08F10408AB4208D10499544449447F
:1066F000BDE71E4B9C42E0D80020C1E7059B53B983
:1067000017F0420F19D117F0280F0BD146F8085C8B
:1067100058F8042C21E04FF4206232210020FBF7CE
:1067200017FFF3E740F6042232210198FBF710FF30
:1067300005F5805246F8082CEAE740F60D22322192
:106740000198FBF705FF05F50052BBF1010F46F874
:10675000082CDDD158F8042CD24346F8042C04351B
:106760000836BDE7C42E0408DF4F00B0E04F00B08C
:10677000F8B50646E0B10024144B25461F461449DF
:1067800053F8042BAAB91348314600EB8500FFF7F4
:1067900069FF30B940F6AE323621BDE8F840FBF76C
:1067A000D7BE0D4B0135281847F8246023F8140094
:1067B000F8BDB242FCD001340C2C02D031F8145098
:1067C000DEE740F6C83236210020E6E7AC2B002099
:1067D000462D0020404000B0482D002070B50446F2
:1067E00098B1B1B13A4A52F8043B834213D1002325
:1067F000384A116CC907FCD4374800EB830015F008
:10680000A7FD364B106001221A6470BD01330C2BBA
:1068100002D1334D2CE0012352F8041BA142F5D1E3
:10682000304A32F81330E3E7C2F3016335F813005E
:10683000110C93B211F0FE0F43EA0043606820D0C0
:106840000434CAB2022A216808D9D4E90160033AA3
:10685000C3E9001698600C340C33F3E704D1626886
:10686000C3E90012083403E0012A01D1043419609D
:106870002268531CD8D10022164B1A6003F58053AE
:10688000C1E7120F072AEDD8DFE802F00704090D6F
:106890001013181DC04303F500531860E2E71A688F
:1068A00042401A60DEE703F58053F6E715F01CFD61
:1068B000D8E7012203F580538240F2E7012203F575
:1068C00000538240EDE71A6830EA0202FBD1C9E7C3
:1068D000AC2B002000C002B8404000B000D002B88D
:1068E000CC2E0408462D00200122014B1A6570476A
:1068F000001002B80122014B1A657047002002B84F
:106900004022014B1A657047002002B84022014B1B
:106910001A657047001002B8064BDB68C3F30363C7
:10692000984206D1044A936E23F0F00343EA011122
:1069300091667047000002B8003F00B02DE9F743B0
:10694000064615F0CAFC00248046DFF8909019F046
:106950003EFF0DF1070105460DF10600FDF7B4FFFE
:106960009DF806308BB9721C29D015F0B6FCA0EB4F
:106970000804284619F026FF9DF8063013B99DF843
:1069800007303BB3A642E2D824E0D9F80C3013F428
:10699000603FE8D0D9F8180015F02DFD731C0746AC
:1069A00003D015F09AFCA0EB0804284619F00AFF62
:1069B00017F5007FE0D0384603B0BDE8F0832846E5
:1069C00019F000FF9DF80630002BC0D19DF807306C
:1069D000002BBCD1004FEEE700FEFFFF00C000B867
:1069E0000122024B98611A61704700BF000001B894
:1069F000044BD3F8B03010B1C3F30332027003F08C
:106A00000F007047000002B8064B01F080015B6C7C
:106A100003F480030B4302BF4FF40012024BDA640D
:106A2000704700BF000002B8006001B80F4B1B7830
:106A30008BB1012B11D10E4A012102F580528B42FC
:106A400091600FD80A4A0B49002B08BF0A46936889
:106A50009B07FCD47047074AEEE700224FF48053AF
:106A60009A60FFDE00239B68FBE700BFB52E002085
:106A7000004003B8000003B838B50B4B0B4C00289E
:106A800018BF1C46A569E3691D4007D0084B1B6869
:106A90002BB12846984704F50054A56138BD6B0515
:106AA000F9D5FFF7C3FFF6E7004003B8000003B8CD
:106AB000042C0020124B197809BB124AD06C586084
:106AC000D2F88800D860526F1A610F4AD068986176
:106AD000D06BD861D2F808011862D2F80C01586264
:106AE000106B9862506BD862926B1A6301221A7015
:106AF000064B074AD3F8C00E1060C3F8C01E70479B
:106B00000C2C0020004001B8004000B8003000B05C
:106B1000082C0020164B1A784AB35968154AD164DC
:106B2000D968C2F88810196951679969A2F580324D
:106B3000D160D969D163196AC2F80811596AC2F8DB
:106B40000C11996A1163D96A5163196B9163012120
:106B500002F5005291641021A2F58052C2F884100F
:106B600000221A70044B1A68044BC3F8C02E7047F9
:106B70000C2C0020004001B8082C0020003000B090
:106B8000194A38B5D36C03F4E071C02921D003F061
:106B9000C003802B23D1154B154A01255A6730229B
:106BA00003F580535A670522A3F59033DA6003F5A5
:106BB00080539D6419F00BFE04460E4B29461D615F
:106BC0000D4B00205B6898472046BDE8384019F01F
:106BD000F9BD23F4E07343F08003D364DBE70023C3
:106BE000C2F88830D7E700BF004001B8005001B8B4
:106BF0000F00FFFF000002B8DC320020012838B58A
:106C000001D0042831D11E4BD3F8082122F4804250
:106C1000C3F80821D3F80C2122F48042C3F80C21D8
:106C20000122DA6324221A634FF480725A634FF40C
:106C30009C729A63102203F50053C3F88420052246
:106C400001250F4BDA6003F580539D6419F0BFFDF9
:106C500004460C4B29461D610B4B00205B6898478E
:106C60002046BDE8384019F0ADBD3F22074B06284D
:106C70005A670CBF064A074AA3F580535A67DEE7F6
:106C8000004000B8000002B8DC320020006001B80B
:106C90003800FFFF1200FFFF4FF604014FF6050218
:106CA000044B01201B6C9BB28B4208BF1346024A67
:106CB000136670470080E00F00C001B82DE9F74F60
:106CC00081460F464FF0FF35FFF774FA002601901A
:106CD0008A462C463046DFF8D8B006F110031B0177
:106CE0005BF8033003F00308B8F1010F15D130460B
:106CF000FFF778FA02460B4601985146FFF71CF958
:106D0000DBF8643006F10802D340DB0739D5002FE9
:106D100040D000252C463E6040460136082EDCD18E
:106D200060B3234A0027D2F808C0916B0CF44033BB
:106D30000131A4FB0141641941F10001B3F5003FA9
:106D400030D1536B0CF4405C013347F10006BCF5C5
:106D5000805F22D1156B15F5807505FB06F647F1AE
:106D6000000203FB0266A5FB03323244594304FBD5
:106D70000212A3FB04341444C9E9003403B0BDE893
:106D8000F08FA84271EB0403C6D207B13E600546FE
:106D90000C46C1E73D463C46BEE7320242EA13627A
:106DA0001B02E3E7136B13F5807347F10002DDE785
:106DB00000C001B8F8B5062015F0B2FA044615F087
:106DC0008CFA42F21073041B9C42054618D94FF00E
:106DD00080624F240B4B5A6441F26F770A4E0BE0EE
:106DE00015F07BFA401BB8424FF4837221468CBFEA
:106DF00000200120FBF7ACFB736C5B01F0D5F8BD04
:106E00001A24E9E7002002B8000002B8034B1A6E0A
:106E1000596E03F500530A401A66704700800A5005
:106E2000FF28F8B506D1FF294FF0070006D000294A
:106E300067D103E0FF2962D10F2862D80026324CC7
:106E4000324D84F8680084F86960686940F25D1228
:106E50004B2100F00100FBF77BFB11231022AB66F6
:106E60002B4B6E66C3F888219A6001213B20E3F723
:106E7000D3FD94F86910274A94F868300A432649EC
:106E8000063341F82320254B3E201D68E3F7DEFD45
:106E90006F08ED07024633462846394602F016FCD5
:106EA000090241EA1061C0F3C05040EA41001C4BA6
:106EB000A065186B10F5807005D14FF4D6722B21A8
:106EC000FBF746FB0220024600230020012102F0CE
:106ED000FDFBE0653E20E3F7B9FD40F6494358432A
:106EE000000DFF2828BFFF20022838BF0220002104
:106EF00084F86C00012000F0CBFD0020F8BD0F28C5
:106F000095D92120FAE700BF003E00B000800A506A
:106F100000E100E0020D0C0000800350982B0020DF
:106F200000C001B838B1054B93F86800087093F8B9
:106F300069001070704707230B70FAE7003E00B03D
:106F40002DE9F34105460F4668461146FFF7B6FEA8
:106F50000646B0B1AFB1DDE900321B0A43EA026375
:106F6000A5FB0384094B120A05FB02441A6812B9F7
:106F7000FFF76AFB024600234046214602F0A6FBCB
:106F80003860304602B0BDE8F08100BF982B002089
:106F900070B5FFF70FFF0021022000F079FD15F01A
:106FA0009CF904460F4D104ED5F8F4331B070BD552
:106FB00019F00DFCBDE8704002220C4BDA60012292
:106FC0000B4B1A7019F0FEBB15F087F9001BB0428D
:106FD0004FF405724FF045018CBF00200120FBF7F4
:106FE000B7FAE1E7000002B83F420F0000C001B865
:106FF000B62E0020214910B50B78002B3DD0012280
:107000001F4C94F869300133DBB202FA03F31D4AD6
:107010005366136608221C4BC3F8882100230B70AB
:1070200003231A4A39211364A2F580525364184B82
:1070300040F2C322586CC0F38060FBF789FA4FF42A
:107040008041144A144BC2F89410144A216ED26E37
:10705000914202BFD3F86C216266D3F86431606E4E
:1070600008BFA4F86E30B4F86E1000F0DDF8BDE88B
:1070700010400121022000F00BBD10BDB62E0020F3
:10708000003E00B000A00A5000E100E000A009505E
:10709000000002B800E001B800C001B800800A504A
:1070A00010B504463E20E3F7D1FC6043034B00F5E6
:1070B000F42000F59070B0FBF3F010BD40420F00DB
:1070C0002DE9F74FFFF7ECFF0446FFF773FE19F0C9
:1070D0007EFB00214B4F054668463970FFF7EEFDF9
:1070E000494B80469E69494BDB6813F0706F1CD199
:1070F000474B5B6913F0060A17D1E0B1454B611DA0
:107100001868A1FB00B93E20E3F7A0FC53460246F5
:107110004946584602F0DAFA009B090241EA10613A
:1071200000029842019B994105D3284603B0BDE86F
:10713000F04F19F047BB0021022000F0A9FC15F028
:10714000CCF88146DFF8C4B0DFF8D4A0DBF8F43324
:107150001B0741D5B8F1000F4DD0DDE900893E2075
:10716000E3F774FC4FEA182141EA09614FEA192359
:10717000A0FB019800FB0388264B1A6812B9FFF7A1
:1071800063FA024600234846414602F09FFA012175
:10719000214B013493F86930DFF86CC001331F4A8A
:1071A000361BDFF880E0DBB201FA03F30644CEF8C9
:1071B0006030CCF86C605366DCF81820DCF86C604A
:1071C000241A921BA24216D2CEF864300220CEF8C6
:1071D000603000F05DFCA8E715F07FF8A0EB090037
:1071E000504540F26A224FF045018CBF002001203B
:1071F000FBF7AEF9AAE70222054BDA6001233B70E8
:1072000093E700BFB62E002000800A50000002B8AD
:1072100000C001B8982B0020003E00B000900A503A
:107220003F420F0000A00A5001232DE9F74F9A4F6B
:10723000044697F869208A469340984A0E4693661A
:1072400097F86820964B0546C3F8D8204FF40032D3
:10725000944B4FF0000B1A610223DFF85482C8F8F8
:107260000C30914B9B6903F1FF39A3EB0903002B11
:1072700040F3D4800BF1010BBBF1020F57D9F4227C
:107280000D210020FBF764F94FF08053874A884FA7
:1072900053664FF40031804BC7F86C51C3E9189521
:1072A0000025C7F86461A3F86E6011617C4AC2F8DA
:1072B000D85093F8692001239340784A936619F0D7
:1072C00086FA2A462B464FF4807E3E6AD7F864C081
:1072D00002F110010901795801F00301012910D1CF
:1072E0000EFA02F111EA0C0F0BD107EB0215B442B2
:1072F000D5F80C5100F2A580AC4202D2AE4280F02B
:10730000A3800132082AE3D16A4D2968012940F29D
:107310009E803BB16049B1F86A201A43A1F86A2007
:10732000604A536603B0BDE8F04F19F04BBA012331
:1073300097F869205C4D9340584A936619F047FAD4
:107340004FF08052594B01905A66AB6903F1010925
:10735000C5F86C90D8F83010D8F80830DD036DD53A
:107360003A6EBE6DA9EB0202A2FB0626FB6D01F58B
:107370008071A6FB03E5A2FB03C313EB0E03A1FB85
:1073800003EC45F1000501FB05CCB2EB0E0266EB08
:107390000C06120A42EA06625244B2EB112F4FEA7F
:1073A000112603D3013345F10005921B043E96429A
:1073B00028BF1646C8F8186097F86D20D8F8201036
:1073C000E318D2B245F100058C42D8F8381084BFDA
:1073D00002F1FF32D2B2481C0ED04FF0000E01F184
:1073E000010C99427EEB050008D20132B3EB0C038D
:1073F000D2B265F10005F4E72A44D2B21D4602F08C
:10740000030287F86D20C8F82030012397F869201F
:1074100001989340284A936619F0D4F9224B9B694E
:1074200000BF00BF00BF00BF00BF00BF00BF00BF64
:10743000D8F86420D2007FF518AF25E756462546D8
:10744000E3E7AC42BFF45AAF19438BB259E71B4A8A
:107450001478142C01BF0024194E14703470147861
:1074600001341470002B3FF45DAF0B4EB6F86A4048
:107470001C43A6F86A400B4C6366114C2378013319
:10748000DBB2022B23707FF44DAF00230131296062
:107490001370237046E700BF003E00B000A00A5002
:1074A0000080035000D001B800800A5000E001B80D
:1074B00000C001B8302B002000900A50B82E0020E8
:1074C000B72E00204FF00052014B1A60704700BFEA
:1074D00000E100E04FF00052034BC3F88020BFF3FF
:1074E0004F8FBFF36F8F704700E100E037B5044660
:1074F000FFF750F801213A20E3F78EFAE17822797C
:107500001B4841EA0243C0F85C35E579A37943EAB8
:107510000543C0F8603523784BB18DF80410042181
:107520008DF805200DEB01000022E0F795FB637854
:107530005BB10421A37900228DF80430E3790DEBCF
:1075400001008DF80530E0F787FB227801235AB15E
:10755000084AC2F85835627802233AB1054A002039
:10756000C2F8583503B030BD034AF2E7024AF6E7E5
:1075700000C0035000D0035000E00350F8B50B46A4
:10758000002213F8044B944225D91D68854224D16A
:1075900006245A791D79124B88181E6804FB0503CE
:1075A000104F33F8063C7B43B3420ED900238A5A6E
:1075B0007A43964202D804FB0300F8BD9D42FAD9F3
:1075C000013304FB03F2825AF2E740F244423D21C8
:1075D0000020FAF7BDFF0020EFE708330132D2E7C1
:1075E000442C002040420F002DE9F04F4FF0000ED8
:1075F000A2FB016BDFF8F4C2DFF8F48216EB0C0C8F
:107600001F466BF10003E0457EEB030383B009D214
:1076100040F23E220E217046FAF79AFF022003B094
:10762000BDE8F08FD7F814A00C4615468146BAF194
:10763000000F04D0DAF80030032B00F29A809E4B42
:107640009E4A9B6BD2F8FCA0C3F314089C4B1B6FA3
:107650005A074EBF4FF440039B0503F0E07348EA1E
:107660000308984BD3F8EC305B0048BF48F08078B3
:1076700048EA456817F03EFE012D0246CED10028AB
:10768000CCD0914B984200F0858003F5122303F58E
:10769000F863984200F090808C4B984200F0EB80A9
:1076A000002501902B4600204FF0007102F00EF8EB
:1076B0002B46019A013006FB03F300FB0B33A6FBBC
:1076C00000600344C8F31300A0FB0221203300FB39
:1076D00005119B093B607E4BD20C1C6042EA413194
:1076E0007C4B18F4801F08BF494219607A4B0C4448
:1076F0001C60BAF1000F5BD000237B60BB60DAF83E
:107700001C5018F0807F18BF6408002D46D099F8EF
:107710002720093A012A41D9694ED6F83C21D002E6
:107720007FD4DAF80000002C00F0A980B4FA84F1CC
:10773000072900F3A480C1F1080325FA03F304FA32
:1077400001F10133B1FBF3F14B004FEA442C01335B
:10775000E40D01E002330131A5FB0362B44574EB93
:107760000202F7D2C1F30E031B0343F00063BB60B8
:1077700016E0042BDAF828807FF47CAF18F0807FC5
:1077800014BF4FF4400308F0E07328F0E07848EAB3
:1077900003086FE7002351481D468CE7DAF8000024
:1077A00000230628FB603B6102D9DAF830303BB990
:1077B000002003B0BDE8F08F002349481D467AE75A
:1077C00017F098FDDAF83010FFF7D8FE044610B134
:1077D0008378002B56D117F04DFDDAF83010FFF703
:1077E000CDFE04460028E3D08378002BE0D040791A
:1077F0004FF4AE62003818BF01203D21FAF7A8FE11
:10780000207940F2715200384FF03D0118BF01203D
:10781000FAF79EFE237962791B0243EA02133B6169
:10782000C6E781EAE172A2EBE1722E49C8F3815802
:1078300011F808C019464FEA8C6C6008CCFB0201B5
:10784000224601F043FF0346DAF800000E280ED965
:10785000194A916BB26CD6F83C61D20607D501F497
:10786000801106F40016314308BFC3F58013C3F33B
:1078700013037B6057E700231B481D461BE72B467D
:1078800021025FE7407940F25552003818BF0120CD
:107890003D21FAF75DFE207940F25652003818BFBC
:1078A00001203D21FAF754FE237962791B0243EA55
:1078B0000213FB608FE700BF008001B8004F00B0EB
:1078C000004001B8000002B800F04902005A62020C
:1078D0004C2C0020482C0020442C00200A3BB2DF16
:1078E000313641DCD42E0408D694BFD6006CCA8849
:1078F000807C814A10B5044686B059B9214B416855
:10790000D3F8FC30827A2048059300686B46FFF775
:107910006BFE69461D4B0A685A631A4BD3F8FC305C
:1079200033B34B6843B11A4B1A4AC3F83C214A6837
:10793000A3F58053C3F83C218B6843B1144B164A1E
:10794000C3F81C218A68A3F58053C3F81C21134A8D
:10795000C868D2F8983123F4EE630343C2F8983133
:10796000D2F89031096923F4EE630B43C2F89031E9
:10797000002022890A4B9A6203F5A033186406B0EE
:1079800010BD00BF004F00B0D4280020008001B817
:10799000006001B8FFFF0F0000F0FF0F000002B809
:1079A000004000B870B51D4614460E461B6886B0F0
:1079B0000593AA7A6B466968FFF716FE1C4B236095
:1079C0002B8963601B4BA360009BE3601A4BC4E9E7
:1079D0000436019B13BB04F11800029B3BB1174A0C
:1079E0001749C0E90012174AC0E9022310304FF4CA
:1079F000EE63154AC0E90023144A8260039AC2600C
:107A0000134AC0E90423134B203040F8083C049B80
:107A100040F8043C001B801006B070BD0E480F4AB1
:107A20006362C4E906020E4A04F128002262D4E728
:107A3000284000A8348001A8448001A800F0FF0F6E
:107A40001C6101A81C5101A8982102A8981102A844
:107A5000902102A8901102A83C6101A8FFFF0F002D
:107A60003C5101A8074BD3F88022D20707D55B6EA3
:107A7000002B4FF48043B4BF034A044A136500202F
:107A8000704700BF00800050002002B8001002B80C
:107A9000064B1A6C9207FCD4022240EA012058607F
:107AA000034B1A640122034B1A70704700C002B8DE
:107AB00000D002B8B92E002040B10368012B05D9CF
:107AC0000069034B002808BF1846704700487047FC
:107AD000DC2E040810B590B10468012C0FD902699E
:107AE0006AB11168094B102C19605168596091688E
:107AF00088BFD268996094BFD960DA6010BD102247
:107B00000021024814F0E5FCF8E700BF542C0020E7
:107B1000064B586F1B6DC0F30112000C02FB0000F6
:107B200003F01F0301331844704700BF004001B841
:107B30001B4B2DE9F0410D4616461C6858B34FF417
:107B40007A7343438A68A3F6AC539B1A4A689B1A1C
:107B5000144AD8171168144FA1FB033201FB00220D
:107B600013F1807342F100025B0E43EAC213803BC3
:107B700033620E4BD3F8C43073623B6873B1204656
:107B800014F007FB50B1324629463B68D4F8D800C0
:107B9000BDE8F04118474AF6C873D9E7BDE8F0815F
:107BA000D4280020642C0020502C0020003F00B07E
:107BB000084BC1171A68A2FB000302FB013310F146
:107BC000807043F10003400E40EAC310803820EA81
:107BD000E0707047642C00200722194B70B51A64BE
:107BE000184B194A1D68194BEC08E005C0184FEAFC
:107BF000153141F10001002301F068FD144B154ED1
:107C000018601548FFF7D4FF4042C6F8DC0049F67B
:107C10005800FFF7CDFFC6F8A8001048FEF704FB98
:107C2000024660B1E301500818184FEA15714FF091
:107C3000000341F1000101F049FDC6F8B40070BD38
:107C4000000002B8982B002065CD1D00B2E60E00A2
:107C5000642C0020003F00B07011010040420F0072
:107C600048B14FF47A72054BDB6802FB0030A0F597
:107C7000FA50FFF79DBF47F23050FAE7542C00202E
:107C800010B5044698B10B4BD3F8FC00FFF722FF68
:107C90004FF47A7303FB04F0074BA0F6AC50DA689C
:107CA0009B681044C01ABDE81040FFF781BF4AF638
:107CB000C870F8E7004F00B0542C0020F8B5044617
:107CC000084615461E46FFF705FF9CB106F0020761
:107CD00016F004060FD16FB14FF47A706368584301
:107CE000002B4BD1FFF764FF28636069FFF7B8FFF3
:107CF000E8623EBBF8BD2069002839D04FF47A73A2
:107D00005843254BA0F6AC509B68C01AFFF750FFB4
:107D1000A862A08B78B34FF47A7358431E4BA0F639
:107D2000AC509B68C01AFFF743FFE8612A461A4926
:107D3000E068FFF7FDFE0021A069FFF7A1FF68637F
:107D4000002FC9D1A06800BB47F23050FFF730FFC9
:107D500068614FF47A70236858432BB10E4B1B684F
:107D600003F51C5310331844FFF722FFA861C1E745
:107D70004AF6C870CAE74AF6C870D4E7064B1B68D3
:107D800003F51C5310331844ACE74FF47A7358438F
:107D9000A0F5FA50DAE700BF542C002008B9FFF72D
:107DA000B7BE034881420CBF2F20BC20704700BFE4
:107DB00048E8010038B5054608461C4614F0B7FAF5
:107DC0000246D5F8E400FFF777FE4368A018002BC1
:107DD000044AA8BF4FF4FA721A44034B92FBF3F221
:107DE000104438BD0CFEFFFF18FCFFFF70B588B0D3
:107DF0006D46194C0FCC0FC594E80F0085E80F00B5
:107E0000FC220021154814F064FBAC220021144828
:107E100014F05FFB20220021124814F05AFB14F0EA
:107E20000AFB114B1B783BB16D460B4E0FCD0FC6B5
:107E300095E80F0084E80F000C4A0D4B106851685C
:107E400003C390680B4A18600B4BD3F87831C3F327
:107E50008243536608B070BDE03F00B0583E00B0AA
:107E6000543F00B0E04F00B0A62E0020EC2E0408D6
:107E7000B03E00B0003F00B0000002B808B518F0F6
:107E8000A6FC0E4B1A78A2B90D4A126812F4843F70
:107E90000FD10C4A102111651B7863B9084B1B6880
:107EA000DB0508D4074B20221A65BDE8084018F00E
:107EB00089BC054AEEE7044BF5E700BFBF2E002062
:107EC000A80D0020002002B8001002B80A4B197853
:107ED00001F0FF0229B10021197008499202C1F88E
:107EE0000821597801F0FF0229B10021597093024D
:107EF000024AC2F80C317047BA2E0020005000B878
:107F0000064BD3F8F00E064B9B6C1A0103D4054BBD
:107F10009B6E1B0401D500F580707047003000B0E7
:107F2000000002B8004000B810B518F050FC0E2157
:107F300004460320FEF7F0FC40F20122034B2046EA
:107F4000BDE81040DA6218F03DBC00BF004000B848
:107F5000064B00201B6893F82430DB0902BF032284
:107F6000034BC3F85022FBF799B900BFD428002077
:107F7000006001B838B518F02AFC4FF08043244C5B
:107F80000546C4F88030BFF34F8FBFF36F8F4FF0BB
:107F90000043C4F88030BFF34F8FBFF36F8F0123CE
:107FA000C4F88430BFF34F8FBFF36F8F0223C4F840
:107FB0008430BFF34F8FBFF36F8F0423C4F8843036
:107FC000BFF34F8FBFF36F8FFFF784FA0823C4F816
:107FD0008430BFF34F8FBFF36F8F1023C4F884300A
:107FE000BFF34F8FBFF36F8F2023C4F88430BFF3EC
:107FF0004F8FBFF36F8F8023C4F88430BFF34F8F50
:10800000BFF36F8F2846BDE8384018F0DBBB00BFD8
:1080100000E100E038B518F0DAFB05464FF0804388
:108020000B4C23604FF00043236002236360042362
:108030006360FFF747FA082363601023636020231F
:108040006360802363602846BDE8384018F0BABBFF
:1080500000E100E0012370B5074C2370074B1E6858
:10806000074B3240D3E9005319402840FBF7BEFFCD
:108070000023237070BD00BFBD2E00206C2C00209B
:10808000A80D00200022044B1A70044B197811B17E
:108090001A70FFF7F3BE7047BE2E0020BF2E0020DF
:1080A0002DE9F047DDF820A003EA0108099B064608
:1080B0000D4602EA000703EA0A09BAF1000F40F090
:1080C0004F81031F0B4300F00F81052871F100035E
:1080D00080F0E58050EA010300F07581431E0B43F8
:1080E00000F02581FFF746FFB84AD2E9004323EAB2
:1080F000050324EA06043C4343EA0807B44BC2E9FB
:1081000000471E6826EA0A0646EA09061E60FFF7CF
:10811000B5FE14F02A4F14BF48F202034FF4004397
:10812000AC4AB007D26EAC4848BF43F4005383EA70
:10813000020122EA0302C266A84A0B408166D366A6
:10814000C4F380421203210348BF42F48072E30665
:1081500048BF42F40052A24BA50648BF42F4007249
:10816000600648BF42F480622106D96848BF42F4E5
:10817000006282EA010323F080539A4819401A40B2
:10818000C1608360984B17F4007FDA60974B07F467
:10819000007200F0048101224FF4802583F88820CA
:1081A000E30448BF45F48035A00348BF45F480157B
:1081B000A10748BF45F4001514F4001FDFF86882DA
:1081C00006D0D8F8000014F058F908B945F4002595
:1081D000E20248BF45F40035FB06854B48BF45F435
:1081E00080051A6A834985EA020323F001031A40D5
:1081F0000A621D40CB61804B16F0010F1D627F4B60
:108200007F4A18BF1A467F4B7D071B6F48BF42F05D
:1082100000627D4882EA030123EA020303677B4B85
:108220000A4041661A677A4A04F00103D16CA0F54E
:10823000803081EA030221EA0301C16482641A40AA
:10824000744B2002DA64D8F8002048BF724B92F8D1
:10825000F62058BF714B610748BF43F4806322B1D9
:1082600014F4C06F18BF43F4807332074FF03A42E2
:10827000BDE8F047D2F8181148BF43F0004383EA45
:10828000010222F4A02266481140C0F818111340E0
:10829000C0F81421634AC2F81831FFF7BBBEA0F53D
:1082A00080630B4306D020F48063A3F500730B4377
:1082B0007FF418AF18F08BFA4449D1E9003223EA71
:1082C000060322EA050242EA08023B43C1E9003202
:1082D000554A126892F8F610514A09B313F4C06F68
:1082E0001ED04FF4807311E018F071FA374AD2E9CA
:1082F000003123F004033B4341EA080157EA080731
:10830000C2E900314FF48063454A0BD0C2F8143102
:10831000A2F58052C2F81831BDE8F04718F052BA01
:108320004FF48073C2F81831C2F81431F4E718F032
:108330004EFA264AD2E9003123F001033B4341EAD9
:108340000801C2E900310123384A57EA08071BBF78
:108350009364A2F58052D364D36408BF9364DBE7CF
:1083600050EA01037FF4BEAEBAF1010F7FF4BAAE5A
:1083700018F02DFA164A136823F0010343EA0903A3
:1083800013604FF40053204AB9F1000F04D0536634
:10839000A2F580521367BFE713675366BCE793F8F3
:1083A000881071B183F88820214BD3F8A41003F50D
:1083B0000053C3F8A410C3F8A0104FF05023C3F823
:1083C000A4200025ECE6BDE8F08700BFA80D002042
:1083D0006C2C0020004000B8006000B8005000B8CD
:1083E000004001B8006001B8005001B8003F00B083
:1083F000000002B8002002B8001002B804380003E0
:108400000418000300C001B800E001B800D001B8B2
:1084100000C000B800D000B80D0A0A09090A0A090C
:10842000002000BA001000BAD428002000E000B8F4
:1084300000400050024B5868C0F3C000704700BFB6
:10844000A80D0020024B186800F00100704700BF23
:10845000A80D0020024B5868C0F3C030704700BF21
:10846000A80D002010B50446FEF7BAF8FFF782FD0C
:108470002046FCF7D1FDFEF73DF8FDF7C9FCFDF7FE
:108480003BFDFFF7A9FB13490723134AD1F8FC1062
:1084900004F1F800FFF712FC4FF080710020FDF7A7
:1084A000E3FE4FF000720D4B4FF400110120C3F8B2
:1084B0000021FDF7D9FEFEF7EFFB20B940F2923222
:1084C0001421FAF745F813F0B4FFBDE8104001207D
:1084D000FDF7C0BB004F00B0A43F00B000D001B812
:1084E0008023074A5364082340B15364054AD2F8F5
:1084F000C03E23F02003C2F8C03E7047024AF4E7B2
:10850000001002B8003000B0002002B810B518F01A
:108510005EF9012104460020FFF7E2FF044B1961D8
:10852000044B5B6898472046BDE8104018F04AB9F4
:10853000000002B8DC3200202DE9F04182B0144680
:108540000646FFF78FFAFCF707F9002800F0B58020
:108550005E4B5D6915F0060540F0AF8018F037F905
:1085600023790095022B05464ED1237B022B39D06F
:108570000320FDF7F1FD20B9554BDB685B0440F1AA
:108580009E80A37B94F80C80003B18BF0123A26857
:108590005049B8F1010F01920B7074D000234E4A7C
:1085A0004E4E13703278002A79D10420FDF7D6FCA4
:1085B0000420464F42467B6F0DEB000123F0F85339
:1085C00023F4F81343F0506343F480337B670223B2
:1085D000FDF7E2FC0446002865D001213022404B23
:1085E00031701A653F4E336898472128044604D1FC
:1085F00001210020736898470024284618F0E2F80B
:10860000204602B0BDE8F0810320FDF7A5FD00285B
:1086100055D12279D6F80031012A226830D0D01AFB
:1086200000900020294B304A30495A679867637B95
:108630002F4A23F040000028C3F380130B700CBFB7
:108640000123002313702B4B2A4AD3F8C03E4FF06E
:1086500003000CBF43F0200323F02003C2F8C03E08
:10866000FDF77CFC194B244A03205A676946012315
:108670002279FDF791FC20B30122204B1A7074E798
:108680009A42CDD3CBE72379022B87D0009BD6F833
:1086900000114FF000080B44134401937EE7337040
:1086A000FFF7ECFB81E70320FDF758FC28460E4A54
:1086B000124B7A671C7018F085F80E24A0E7284644
:1086C000F9E7284618F07EF8212499E700C001B8A0
:1086D000000002B8C22E0020BE2E0020BF2E0020B7
:1086E000001002B8DC32002000000101C02E002082
:1086F000C12E0020003000B0010C0100BC2E002073
:108700002DE9F3410D460024074618F060F8214B8F
:1087100006462046DFF88C801C70FFF7E1FE1E4BFA
:10872000C8F87430C8F878406879431E58425841F8
:10873000FBF7B6FB40F60143C8F878302A79296880
:10874000012AD7F8083101D1994200D3CC1A042369
:1087500003200DEB03010194FDF71EFC50B98822A4
:108760000E4B30465A6418F02DF82124204602B0F2
:10877000BDE8F0810A4D2B6898472128044604D1B2
:10878000012100206B6898470024304618F01AF841
:10879000ECE700BFBC2E002000000101002002B861
:1087A000DC32002000C001B8F8B5194C054620782D
:1087B00040F2E442B0FA80F03E214009F9F7C8FEE9
:1087C00055B9607840F2E442BDE8F840B0FA80F074
:1087D0003E214009F9F7BCBE4FF440660D4F0E4DE7
:1087E000D7F8083140F2E442C3F381232370C5F87F
:1087F000086160783E21B0FA80F04009F9F7A8FEE0
:10880000D7F80C31C3F381236370C5F80C61F8BD50
:10881000BA2E0020004000B8006000B8F8B5084C3F
:10882000084D636C0423084F6B64636C5B0300D4D6
:10883000F8BD042602207E6413F056FD6E64F4E752
:10884000000002B8001002B8002002B8A82238B513
:108850001A4B5D6C03F500535A6410229A60A3F51D
:10886000804302F100521A675A66FFF72FFB144B40
:108870001B7813B90320FDF771FB0024114B9C6793
:10888000FFF7CCFF104A114BD2F8F01E0B40C2F894
:10889000F03E04220E4B5A640E4BAA06C3F8C840A1
:1088A00008D503F580739B6FB3F5817F22BF8022CB
:1088B000024B1A61BDE83840FBF7DCBD000002B88E
:1088C000BC2E002000C001B8003000B0DF0000FF67
:1088D000002002B8003E00B010B551B920B3154BCE
:1088E000DB681B0E13F00E0F1ED1134B1B6CD90748
:1088F0001AD4FFF719FB0F4C0020FEF779F8032874
:1089000001D0092805D1A36ADA07F5D4A36CDB03EB
:10891000F2D4FFF783FF0122084B5A6102229A62C8
:10892000042203F580535A644FF4C062044B9A65E5
:1089300010BD00BF000002B800C002B8001002B8AD
:10894000006001B808B5FFF7EFFAFFF767FF0122F3
:10895000064B5A6102229A62042203F580535A643C
:108960004FF4C062A3F540439A6508BD001002B8F9
:1089700008B503210920FDF7CFFF2022014B1A6122
:1089800008BD00BF000002B80D4A10B5D2F8A030F3
:10899000D2F8A4100B40B3F1804F0CD34FF04040FD
:1089A0000849094CC1F8A400D467C1F8A0004FF4ED
:1089B0008021064AD161034AC2F8A03010BD00BF31
:1089C00000400050006000500000FF01001002B89D
:1089D00038B5054617F0FBFE0E4B04461868FCF749
:1089E00047FC35B1FFF74EFB2046BDE8384017F095
:1089F000E9BE094B1B78002BF6D0084B1D78002DE3
:108A0000F2D1FFF73FFB2A464FF480400021FFF7E9
:108A100021FBE9E7D4280020BE2E0020BD2E002037
:108A20002DE9F84F594B06460D4614465B6C002A5B
:108A300040F0A98013F0A00F14BF4FF001094FF0D0
:108A40000009FBF717FDA0234FF0000ADFF858815B
:108A50000320C8F84430FDF781FA0420FDF77EFAC0
:108A60004B4FFFF70FFB4B4B4FF0040B7B67C7F8E7
:108A700078A0FFF7D3FE484B4FF48071D3F8C02E97
:108A800042F02002C3F8C02EFF22C8F808203F4A57
:108A90001161D3F8F02E41491140C3F8F01EC8F817
:108AA00044B0C3F8C8AE7B6913F0060F04D0FDF7DD
:108AB000E7FB5846FDF752FAB9F1000F08D04FF422
:108AC0000062374B5A644FF40042A3F5E0339A66D4
:108AD00066B1344BDB6C180701D4FFF725FAFFF7BA
:108AE00047FF0420FDF73AFAFFF7F0F9274B5A69E0
:108AF000D10746D5DA6812F0706FFBD12A4B2B4AAA
:108B00005A642B4A936E23F0F003936615B1204606
:108B1000FFF75EFF274BD3F84C315A1C01D05B00A6
:108B200002D50122204B5A615CB31E4BDA6E03F56D
:108B300000539A6603F5D0331B6A1B4A23F00103E6
:108B4000D3611D4BD96803F50053996003F50053B9
:108B5000D3F8841003F5005399674FF03A43D3F8E4
:108B6000181103F50053C3F81411144BD96C03F515
:108B700000539964124903F5803359664FF6084350
:108B80005364BDE8F88F4FF000095AE7000002B8BF
:108B900000C001B800000101003000B0DF0000FF9C
:108BA000001002B8004000B8002002B810003000E9
:108BB000003F00B00080E00F004001B800C000B8E6
:108BC0005000002F38B51C4A1C4B1D4C656C5A6771
:108BD000FFF724FEFF221B4B15F0A00F9A604FF405
:108BE000807222614FF004025A6409D04FF400628F
:108BF000A3F580535A644FF40042A3F5E0339A661C
:108C00006369D90717D50E4AD36813F0706FC3F3A1
:108C10000360F9D10C4A936E23F0F0039366FFF7DB
:108C2000D7FE0A4BD3F84C315A1C01D05B0002D559
:108C30000122044B5A6138BD0000010100C001B897
:108C4000000002B8002002B8003F00B00080E00F32
:108C50009E4B2DE9F04F9A6EDB6E85B002EA030859
:108C60009B4BC3F868804FF03A43D3F81461D3F8B4
:108C700018311E40974BC3F81461974B9A68DB6814
:108C800002EA030A954BC3F808A003F52043DA690A
:108C90001B6A02EA0309924B09F47702DA61914BED
:108CA000D3F80422110706D4D3F804311A07C3F30A
:108CB000C00740F1E98017F08AFD8B4B5A695F6E5F
:108CC0001B6F12F0060F07EA0307884A27F00073AC
:108CD00023F4006314BF4FF0010B4FF0000B5366F9
:108CE0007B0706D5824A92F86D300133DBB282F8F9
:108CF0006D3017F067FDB8F1000F00F0E38018F455
:108D000000442BD017F063FD0146FFF7F9F8044645
:108D1000784B1D682A682B689A42FCD02A689A42D0
:108D2000FCD0FFF7EDF8A04240F0B080084617F005
:108D300049FD714B1C60714B5D6C15F4E05240F0C5
:108D4000A78024F07F4424F0DF040CB9FFF77EFDF8
:108D50006B4B01201B6898474FF0807418F0020F8E
:108D60004FF0000514D0654B5D495B6C03F4604225
:108D70004A64002A00F0A0801D0400F1A08013F4D2
:108D8000005F0CBF4FF000534FF0006300251C4301
:108D9000C8F340384FEA48085A4B3340002B4BD0B9
:108DA00016F4206F0AD040F6A31206210020F9F72E
:108DB000CFFB0020FFF70CFE26F48026F00506D539
:108DC000FF22474B44F4C0649A60FFF7ADF816F0F9
:108DD000090F0BD040F6B81208210020F9F7B8FBB4
:108DE000FFF7C6FD4FF03A4301225A6316F0106FA9
:108DF0000CD040F6C11209210020F9F7A9FBFFF7BA
:108E0000B7FD002211461046FCF706FA16F4202F93
:108E10000AD040F6C91207210020F9F799FB00207B
:108E2000FFF7D6FD26F48026F10301D5FCF73EFBC3
:108E3000002EB8BF48F0080872070ED54FF03A432D
:108E40001B6B13F4005F4FF4005317BF214A2E4AE7
:108E5000136344F4000408BF1363730548BF44F070
:108E6000040416F48023019300F0B780FCF7D6FACF
:108E7000013806284AD8DFE810F03B013E013B01EB
:108E80004101440147014701BB4634E7044641E73D
:108E90000192FFF7DBFC124B019A5A6415F48053E0
:108EA00007D115F4806F0CBF4FF080544FF08064F1
:108EB00054E74FF0804451E74FF0007366E74FF0FE
:108EC000004363E74446454666E700BF004000B8FC
:108ED000006000B8002000BA004001B8006001B88E
:108EE000002002B800E100E000C001B800E001B8D5
:108EF000003E00B0CC2C0408682C0020000002B812
:108F0000F0320020090B0B89001000BA40F6FA126B
:108F100003210020F9F71CFB4FF03A420121D2F85F
:108F20008C30D2F8AC0003F00703063301FA03F3E8
:108F3000C0F30C001B1A9BB2072B12D97E4B5B6C43
:108F400058020ED47D48D36CD26E406D58B103F0F8
:108F5000070306339940C2F30C03C91A89B20729E3
:108F600001D844F40074764B1B78002B35D04FF0B9
:108F70003A43D3F8143113F4A02F2ED1714B724A17
:108F80001B7893B9FB0410D4137873B1E3086F49CD
:108F900043EA457383F00103D1F8F01E03F00103A7
:108FA0005B0021FA03F3980717D10420FCF7D6FFE2
:108FB000674B68495967FFF765F8634A137843B907
:108FC000654B1B782BB1654B654A1B6823401342E8
:108FD00001D144F4804427F48057BAF1000F27D020
:108FE0001AF4805F18BF44F480241AF4807F18BFFD
:108FF00044F400241AF4005F18BF44F010041AF47B
:10900000007F18BF44F020041AF4806F18BF44F0AA
:1090100040041AF4006F18BF44F080041AF0805F17
:1090200006D0504B0021186845F48055FBF7BCFB77
:10903000B9F1000F3ED019F4802F18BF45F4007528
:1090400019F4803F05D0484B03201B6844F480543A
:10905000984719F4801F18BF44F4003419F4001F16
:1090600018BF44F0020419F4003F18BF44F4801400
:1090700019F4800F18BF45F0100519F4002F19D00E
:10908000324BD3F8C03E13F0C00F13D02A4AD36836
:10909000C3F30363032B01D0072B05D1936CD906CF
:1090A00002D4D36C1A0736D54FF400222F4B29F483
:1090B0000029DA61002F00F019813B0540F1908012
:1090C0002B49DFF88CA0CB782A4A002B58D04FF4DC
:1090D0000060013BDBB25066CB7033B9264B1B7886
:1090E000E3B140F60142254B5A670023002275E0A8
:1090F00044F4803410E744F400640DE744F48064E1
:109100000AE744F4807407E7174B02201B6844F019
:109110000804984700E744F40014CBE7DAF8783005
:1091200013F4A05F15BF4FF4807340F60143CAF8F3
:109130005830CAF87830D8E7000002B8004000B8CC
:10914000BF2E0020BE2E0020C12E0020003000B017
:1091500000C001B800000101C02E0020A80D0020B1
:10916000088D0100D4280020F0320020002002B831
:10917000AB2E002000E001B8BC2E002000D001B8CA
:109180000320FCF7EBFEDAF81430AA4813F0060FC0
:1091900004BF41F61F73A84AA84908BF53674FF49C
:1091A0000062A54B5A66DAF8143013F0060308BFC4
:1091B000CAF87830B0F86A3013F400625CD023F457
:1091C0000063A0F86A300B7803F0FF0A002B57D138
:1091D000FDF756F8FFF73AFB534620221C43154390
:1091E000B80009D52E20FCF7EFFD4FF00052924B4E
:1091F00045F008051A675A66F90606D52B20FCF7D4
:10920000E3FD10228C4B1A675A6617F0306F05D1B8
:10921000FA045FD5BBF1000F00F0B4803B0111D51B
:109220002920FCF7D1FDFFF705F948B1844B8549AA
:10923000814A53660B6701F54051C968480422D43E
:1092400045F0040517F0007B28D00420FCF786FECB
:109250002720FCF7B9FDFFF7F9FA4FF00072764BC3
:109260005A66794BD3F8F02E520674D40222774B0B
:109270009A6045F0020528E00B784FF40053ADE703
:109280004FF4004332E7136720205366FCF79CFD40
:109290002D2045F00C05FCF797FDD3E717F0807FF4
:1092A000DFF8ACA142D00420FCF758FE2820FCF7E0
:1092B0008BFDDAF87830002B35D1FFF7C7FA5E4B1B
:1092C0005F4A45F001051A675A66FEF741FE002223
:1092D0005F4B9A65BB0409D55E4A5379002B00F0B9
:1092E000A480013B5371002348EA0308424620460C
:1092F0002946FEF7AFFE019B0BB1FCF7C5F84FF016
:109300000042554B06F00436C3F81461534B19F470
:10931000002FC3F880211EBF4FF400224B4BDA61AF
:1093200005B0BDE8F08FCAF878B0C8E7F904CED52B
:109330000420FCF713FE4A4BCAF87430FCF7A0FF78
:10934000DAF8643013F0407FC1D12A20FCF73CFDED
:10935000FFF77CFA85E7D3F8C03E9B0689D402224A
:10936000404B9A60404B1B6893F82530980780D596
:10937000304B93F8DC30002B3FF47BAF80223B4B2B
:109380001A6176E7334A13794BB1013BDBB21371B3
:1093900013B92C4B364A5A6700231C439AE7042022
:1093A000FCF7DCFD0320FCF7D9FD294B2C4A5A675A
:1093B00017F00DFA82460DF10F00FDF719FB2D4B4A
:1093C00083461B780BB1FEF7AFFDBBF1030F0ED147
:1093D000DFF898B00020FDF70BFB032807D1DBF87E
:1093E0002830D907F6D4DBF84830DA03F2D49DF8F8
:1093F0000F30032B06D101221F4B50461A7017F075
:10940000E1F9C9E74FF03A43D3F8143113F4A02F30
:10941000F1D1FEF737FE504617F0D4F9174B032071
:109420001B6898474FF48043B7E70520FCF796FD8B
:10943000012359E7003E00B000E001B8BC2E002037
:109440001000002000D001B8003000B0002002B8A9
:1094500000C001B8AB2E0020002000BA00E100E0FF
:1094600000000101001002B8D4280020000002B85A
:109470000000010DC22E0020BE2E0020F032002080
:109480000122024B1A62DA61704700BF002002B865
:10949000094A08B5D369116A0B40084923F47F00D3
:1094A000DB07C86106D5D1684FF0FF30C1F3036117
:1094B00012F0CAFF08BD00BF000002B8002002B8C9
:1094C0000C4A08B5936CD26C13400B4A9364DB07CB
:1094D0000FD50A4B40F663421878122100F00100C4
:1094E000F9F736F8BDE80840002201200021FEF718
:1094F000B1BD08BD00C000B800E000B8A80D002054
:1095000070B5154D2C6C6B6C1C40144B24F0020292
:109510001A64E20705D540F6CA4200202968F9F727
:1095200017F8A30716D502220C4B1A640C4A6B6875
:1095300014687CB1DBB2042B07D100220121094B56
:1095400018682346BDE870401847052B02D1002259
:109550001146F4E770BD00BF0080095000A009501B
:10956000682B0020D428002038B50B4C0B4DD4F8C4
:109570008430DB0706D4A36FD4F884201340084A54
:10958000936738BDD5F804315A06F0D5FFF7B8FF18
:109590004023C5F88431EAE7008001B800E100E02B
:1095A00000A001B870B514460D4617F010F9064B2F
:1095B000D3F8C06E74402C407440C3F8C04E17F00E
:1095C00001F906EA050070BD003000B0034BD3F886
:1095D000C03E99430CBF012000207047003000B00E
:1095E0002DE9F04117460A43012A1D469DF818400F
:1095F0009DF81C60DDF8208029D8B44227D2082EBF
:1096000025D8032B23D8B8F1000F20D00A4600211B
:10961000FAF738FEFF21EB009940C943DFF834C068
:1096200008F1FF38FF00E2B2964202D80020BDE800
:10963000F0813D190CEB8505D5F8F82018F8010FDD
:109640000A4098401043C5F8F8000134EBE72120A8
:10965000EDE700BF003E00B0174BD3F8C02E12F06C
:10966000010312D0154B93F84C30154A43F0807328
:10967000C2F8D0304FF4801302F50052C2F8B43073
:10968000A2F58052C2F8B83070471106EDD40D4BE8
:1096900093F84B1121B1D20602D593F84831E4E793
:1096A0004FF480120020084B0549C3F8B820C1F8D8
:1096B000D000C3F8B4207047003000B0003F00B0C5
:1096C000004000B8003E00B0006000B853B94AB98D
:1096D000002908BF00281CBF4FF0FF314FF0FF30BA
:1096E00000F082B9ADF1080C6DE904CE00F006F887
:1096F000DDF804E0DDE9022304B070472DE9F04F06
:10970000099D0C46002B4DD18A420F468446964651
:10971000B2FA82F360D94BB102FA03FEC3F1200220
:109720009F4000FA03FC20FA02F217434FEA1E465C
:109730001FFA8EF44FEA1C42B7FBF6F106FB1177D5
:1097400001FB04F042EA0742904208D91EEB0202F4
:1097500001F1FF3702D2904200F231813946121AEC
:109760001FFA8CFCB2FBF6F006FB102200FB04F49F
:109770004CEA024C644508D91EEB0C0C00F1FF3298
:1097800002D2644500F21E81104640EA0140ACEB73
:10979000040C002125B12CFA03F30022C5E90032A4
:1097A000BDE8F08F8B4205D90DB1C5E9000100215C
:1097B0000846F5E7B3FA83F100294DD1A342C0F082
:1097C000F380904280F0F080064623460846002D44
:1097D000E6D0C5E90063E3E7002B40F0A3808A1AD6
:1097E0004FEA1E471FFA8EF60121B2FBF7F407FB82
:1097F00014204FEA1C4242EA004206FB04F0904269
:109800000FD91EEB020204F1FF382CBF4FF0010903
:109810004FF00009904203D9B9F1000F00F0CC805D
:109820004446121A1FFA8CFCB2FBF7F007FB102219
:1098300000FB06F64CEA024C664508D91EEB0C0C00
:1098400000F1FF3202D2664500F2B3801046ACEB65
:10985000060C40EA04409DE7C1F120068B4004FA63
:1098600001FE22FA06F720FA06FCF4408A401F4364
:109870004EEA0C0300FA01FE4FEA17484FEA13497B
:109880001FFA87FCB4FBF8F008FB104449EA0444D3
:1098900000FB0CF9A1450ED93C1900F1FF3A2CBF91
:1098A0004FF0010B4FF0000BA14503D9BBF1000FA6
:1098B00000F08B805046A4EB09041FFA83F9B4FB37
:1098C000F8F308FB134403FB0CFC49EA0444A445E9
:1098D00006D93C1903F1FF3801D2A4457BD8434691
:1098E00043EA0040A4EB0C04A0FB02984445CC469C
:1098F000434602D306D1CE4504D20138B9EB020C5F
:1099000068EB0703002D6CD0BEEB0C0264EB030484
:1099100022FA01F304FA06F6CC4000211E43C5E901
:1099200000643DE702FA03FEC3F1200104FA03F2EA
:1099300000FA03FCCC404FEA1E4720FA01F11FFA5F
:109940008EF6B4FBF7F00A4307FB1044110C41EA12
:10995000044100FB06F48C420ED91EEB010100F11C
:10996000FF382CBF4FF001094FF000098C4202D99B
:10997000B9F1000F2CD04046091B92B2B1FBF7F4AD
:1099800007FB141142EA014204FB06F1914207D998
:109990001EEB020204F1FF3801D291421ED8444668
:1099A000521A44EA004120E7861A64EB03030120BF
:1099B0000DE7F44402384AE7023C724431E70239C9
:1099C0007244CCE6F4440238DFE602383C4472E7E5
:1099D00002387144D0E7023B3C4481E7023C7244C8
:1099E000DEE72946DCE600BF704700BF08B5064B3E
:1099F000044613B10021AFF30080044B1B6803B190
:109A00009847204605F01AF900000000702C00204D
:109A100070B50D4D00260D4C641BA410A64209D153
:109A20000B4D00260B4C17F09BF9641BA410A642AB
:109A300005D170BD55F8043B01369847EEE755F85F
:109A4000043B01369847F2E7783300207833002052
:109A5000783300207C330020094A5168C84390FACB
:109A6000A0F048B1B0FA80F0042805DC012383405F
:109A70000B43536040B270474FF0FF30704700BF58
:109A80009C2C00200021034B28220348C3E900112D
:109A900012F01FBD9C2C0020742C002038B5054608
:109AA000FFF7DAFF04460448294600EBC40012F031
:109AB0009CFD204638BD00BF742C0020C3B2042B8F
:109AC00010B515D804230B4A03EBC003134453E825
:109AD000002F0A4343E80024002CF8D10122064954
:109AE000824051E8003F134341E800300028F8D19C
:109AF00010BD00BF742C00209C2C0020F7B54FF047
:109B0000040C01260827184A1849194D106800B39B
:109B10000B7806FA03F420421DD0E04352E8004FD0
:109B2000044042E8004EBEF1000FF7D117FB03C31B
:109B30002B4453E8000F43E800E4002CF9D10190D6
:109B400048B1087801AA0B4905EBC00012F085FD69
:109B5000012003B0F0BD0B78506883422EBF002374
:109B60000133DBB20B70D1E79C2C0020C32E002008
:109B7000742C002078563412024B1868003818BF35
:109B8000012070479C2C002038B505460C4616F085
:109B900027FE084B1B6853B1D3E9042395429C412F
:109BA0002CBF0124002416F016FE204638BD1C46AA
:109BB000F9E700BFB42C00202DE9F0414FF0FF344D
:109BC00025460746884616F00BFE144B1E68A6B9BC
:109BD00016F001FEB5F1FF3F08BFB4F1FF3F08D01A
:109BE000BC4275EB080316D3E71B65EB08083C463F
:109BF000454620462946BDE8F0817269D6E9033121
:109C00005B1842F10002A34272EB05013CBF1C4607
:109C100015467668DBE734463546EAE7B42C002083
:109C20002DE9F74F109F0E46DDE90CA915469DF86A
:109C30003CB008B1026882B93FB129463046B84706
:109C400040F2034003B0BDE8F08F002DF8D0002EA5
:109C5000F6DB284613F0F7F8F2E7019016F0C0FDA6
:109C60008046584600F0EEF90446404616F0B3FD33
:109C7000019B8CB947B129463046B847032031468D
:109C800000F0C4FB1A20DDE7002DF7D0002EF5DB35
:109C9000284613F0D8F8F1E7256200252360DFF8A5
:109CA00080800E9BC4E906A9A660E360A762D8F88D
:109CB000003084F824B0656098471AEB000649EB41
:109CC000010916F08DFD144B0746D3F800E0C4E9F6
:109CD000046972462AB1D2E90401864279EB010196
:109CE00011D2A5B9C4F804E01C600C4B1C682CB15F
:109CF000D8F800309847FFF75FFFA047384616F0C6
:109D00006AFD00209EE7516815460A46E2E76A6848
:109D100062606C60E9E700BFB42C0020A42C002036
:109D2000AC2C00202DE9F74F4FF0000881460D467E
:109D300092461E4616F054FD4746DFF87CB001906F
:109D4000DBF800408CB9B8F1000F08D0184B1C6844
:109D50002CB1184B1B689847FFF72EFFA0470198BE
:109D600003B0BDE8F04F16F036BD22684A4511D168
:109D70002DB1A268296822F000428A420AD126B990
:109D8000626857B9CBF8002008E05146206AB04716
:109D90000028F5D027466468D4E77A60D4F80480B8
:109DA000204612F0C6FB44464FF00108CAE700BF48
:109DB000A42C0020AC2C0020B42C0020014B1860F7
:109DC000704700BFA42C002070B50E460949044618
:109DD0000846154606F0CAFD0023074A30211360E5
:109DE000064A05201660064A15602246BDE8704006
:109DF00000F0C2B8146C0408B42C0020AC2C002075
:109E0000A82C002070B504461646184600220023F0
:109E100086B0CDE904230B4B0D461B6813B92120F6
:109E200006B070BD04A998470028F8D1DDE90423E5
:109E30000290CDE9002329463246204612F0BBFBB2
:109E4000EEE700BFA82C0020F8B5054610200F460D
:109E5000164600F0F1FA044601461022074806F0C3
:109E60008AFD44B101230020E3602B68C4E9017638
:109E700023602C60F8BD1A20FCE700BF146C0408B6
:109E80002DE9F84F814688460027DFF8B4A0294E17
:109E900048464146FFF778FED8B916F0A1FC264B9C
:109EA00006461B689847FFF787FE05460C464FB1EC
:109EB000B1F1FF3F08BFB0F1FF3F03D01F4B1B685C
:109EC00003B19847304616F086FC28462146BDE887
:109ED000F88F16F085FCDAF8004084B16368CAF8A0
:109EE000003016F078FCA368346033F000430AD1E8
:109EF000306812F01EFB002301273360C8E716F01C
:109F00006AFC3460C4E72368002BF1D01D68002D83
:109F1000EED0A26832F00043EAD0D5E9007B236A94
:109F20002168A868D8470028E2D1002FE0D03D463C
:109F3000EFE700BFB02C0020AC2C0020A42C0020A8
:109F4000B42C0020F8B504460D4616F049FC094B28
:109F50001B684BB1D3E90667C4E90067DB682B6077
:109F6000BDE8F84016F037BC00260027C4E90067BA
:109F7000F5E700BFB02C00202DE9F0474FF6FC7844
:109F8000002416461B4F03311B4B07EB001501EA5B
:109F900008084FEA001A1B686A80814627F80A8081
:109FA00002FB08F0EC60984718FB06F39BB20246F0
:109FB00068602B81D8B11149284651F8291006F064
:109FC000D7FC21462A89686812F083FA2146234685
:109FD0009E4204DC002057447E80BDE8F0876A681A
:109FE000E868541850500133EC604144F0E71A20FF
:109FF000F3E700BFDC210020B82C0020D86C040857
:10A0000038B5094C04EB00156B682BB1284606F0F7
:10A01000B1FC686812F017FF2846BDE838401022EE
:10A02000002112F056BA00BFDC210020034B0201D0
:10A03000C3E900100021024812F04BBAB82C0020EE
:10A04000DC21002038B5094B020103EB0015EC6858
:10A05000284621469A5A06F08EFC24B12368EB600C
:10A060006B88013B6B80204638BD00BFDC2100209F
:10A07000024B03EB00139878704700BFDC210020EF
:10A0800030B4064C04EB0013DD685A880D600132D1
:10A09000184630BCD9605A8006F06EBCDC21002026
:10A0A000044A010102EB0013505A10B11B89B3FBA3
:10A0B000F0F07047DC2100200020124B10B5187022
:10A0C000114B124C1860124B206018706060A06039
:10A0D000FFF7E6FF80B2A0F10E036380A0F1140346
:10A0E000013060810B49201DE38006F03FFC2046D3
:10A0F000094906F03BFC04F108000849BDE810409E
:10A1000006F034BCC52E0020D82C0020602D002085
:10A11000C42E00200C6D0408156D04081F6D040882
:10A1200070B5044680B316F05BFB637905466FF3A8
:10A1300082036371237913F0100605D01023237175
:10A14000BDE8704016F047BB104903F0030331F837
:10A1500023203046013A21F823202146FFF790FFC3
:10A160000B4B0C4E1C681CB90A4B28461C70E7E7C9
:10A17000237A1BB933781BB92468F4E7012BFBD190
:10A18000204663689847F7E770BD00BF602D002048
:10A19000D82C0020C52E002010B5044616F020FB58
:10A1A000034B1A6822601C60BDE8104016F013BB18
:10A1B000D82C002010B5064B00F0E0001A78541C93
:10A1C0001C70044B03F8320003EBC203596010BD4E
:10A1D000C42E0020C02C00200022F8B50E4C0F49E0
:10A1E0002378934214D951F83260551C86424FEAC5
:10A1F000C2070ED15E1E0A48B21AD20007F108014A
:10A2000001449D4288BF0022384412F048F926706C
:10A21000F8BD2A46E5E700BFC42E0020C42C00206C
:10A22000C02C00202DE9F04F0446460789B048BFF6
:10A2300000F0F7040492029116F0D2FA604E04F096
:10A24000030706EB870336F827205B8881469A428E
:10A2500004F0EF0A4FEA870830D20020FFF7F2FE41
:10A26000054638B336F827304846013326F82730FC
:10A2700016F0B1FA284612F082FC029B029AAB71EA
:10A28000049B85F804A01344EB7116F0A9FA8046EC
:10A290004C4B1C68002C40F08B80404616F09BFA1B
:10A2A00006EB87004522294606F065FB284609B0E3
:10A2B000BDE8F08F01224846434B1A7016F08BFA26
:10A2C00025071DD51F2C1BD904F0E003B0440393D0
:10A2D00016F086FAB8F8023036F827904FF0000BE7
:10A2E00099452CBF00230123DFF8E480019316F089
:10A2F00072FA06EB87030593344B1B789B4508D312
:10A3000084F004005146C0F3800000F07FF800257F
:10A31000C6E798F80030039A1A4204D0D8F804909F
:10A32000D9F8003023B90BF1010B08F10808E3E775
:10A3300007935A79D00708D51A79510705D501999D
:10A3400041B98AEA0202920704D099461B68002BA1
:10A35000EFD1E5E7484612F070FA0579079007A8B3
:10A3600012F04DFA2946002000F050F816F038FAA5
:10A37000059B36F827205B8805469A4234BF0123A7
:10A380000023019309D20020FFF75CFE079058B12B
:10A3900036F82730013326F82730284616F01BFA06
:10A3A000079D002DBCD065E70122074B1A70F4E72A
:10A3B000237A012B02D1204663689847246869E715
:10A3C000602D0020D82C0020C52E0020C42E002097
:10A3D000C02C00200022014B1A607047DC2C0020AA
:10A3E00010B5044616F0FCF9074A13682BB914603F
:10A3F0002360BDE8104016F0EEB9A34202D01A4621
:10A400001B68F3E710BD00BFDC2C002070B50546CB
:10A410000E46054B1C6804B970BD6368314628467A
:10A4200098472468F7E700BFDC2C00200149084664
:10A4300006F09CBA2C6D0408012838BF012038B5FD
:10A44000C41C24F00304204606F0B1FB0546014677
:10A450002246084806F08FFA2DB921460220FFF760
:10A46000D5FF284638BD22460021284612F031F893
:10A47000F7E700BF2C6D040810B5064C237823B90C
:10A48000E4F7EAFE18B901232370002010BD40F262
:10A490000740FBE7C62E002038B50B4B04461B785F
:10A4A0000D464BB12146284607F0D8F9002840F266
:10A4B000074008BF002038BD04490548FFF7DCFF0E
:10A4C0000028EFD0F7E700BFC62E0020EFBEADDEBC
:10A4D000BEBAFECAF0B587B0E7F76AFE83790C33DF
:10A4E000C418667AA31993F90A307E2B23D07F2BE8
:10A4F00023D003EB83035D00A37921796279E078AF
:10A50000049504F10A05CDE90265257A5F1E0195DF
:10A51000E479032F88BF00230094EFF755FC04462D
:10A52000E7F74CFE0023224642F27B0107B0BDE86C
:10A53000F04009F056BD024DDEE7C825DCE700BF5C
:10A540000CFEFFFF436A70B55904044616D4154A41
:10A5500003F4004392F82620012A10D1826A920463
:10A560000DD4002B00F101010CBF532014200DF07D
:10A570006AFC18B9636A43F00803636270BD002B7C
:10A58000FCD1094D661C29463046F1F743FB0028F3
:10A59000F4D12B68C4F80130AB88A4F80530AB794E
:10A5A000E371E7E7D4270020DF2700202DE9F04101
:10A5B0001E4E3071C0B3334600224821E3F728FD18
:10A5C00038B905464FF0480807463379AB4202DCFC
:10A5D0000020BDE8F0813468002108FB0544142206
:10A5E000A76104F1340011F074FFA0224FF4A073AE
:10A5F000C4E90723072304F1100084F83130E7731E
:10A60000E77112F0FCF804F1140012F0F8F820469B
:10A6100012F080FC40F20113E3857F23A76284F8E7
:10A62000323067620135D0E73060D1E7E02C00209E
:10A63000084A03461179814209D9106840B103EBF9
:10A64000C30300EBC300406A00F001007047002024
:10A65000704700BFE02C002038B504460D46FFF7D8
:10A66000E7FF034640B10020044B04EBC4041B6821
:10A6700003EBC4032B6038BD2120FBE7E02C002056
:10A680002DE9F04F0446344A93B0106851680FAB7F
:10A6900003C3906812AA1860E37B94F82E7002EB53
:10A6A000430333F80C1C636A94F82F60DA0444D433
:10A6B0000126374641F0100194F80E80C3F340495B
:10A6C0005B0348BF49F002098BB288F00808012FEC
:10A6D00094F800A094F831500B9304F1080BD4E9DE
:10A6E0000723C8F3C00894F9324005D0022F03D0E5
:10A6F000042F14BF00270327012E05D0022E03D0FC
:10A70000042E14BF002603265046CDE90C2312F078
:10A71000A5FCDDE90C230121CDE90760CDE900515D
:10A720005046CDE90547CDE903B90B99CDF808802E
:10A7300000F0B8FF13B0BDE8F08FA26A950648BFDD
:10A7400041F02001500648BF41F04001DA0348BF04
:10A7500041F00401B0E700BF366D040837B5044688
:10A7600048B104782046FFF763FF10B9002003B01A
:10A7700030BD0134E4B2074D2B79A342F6D920460F
:10A7800001A9FFF769FF08B90198F0E70134E4B2C5
:10A79000F2E700BFE02C0020014B1879704700BFA2
:10A7A000E02C00202DE9F04F054600F1100A87B09B
:10A7B000504605F1140B0C46174612F020F8584687
:10A7C00012F01DF8002012F0E6F90646002800F00D
:10A7D0000381012F40F2726818BF4FF01F08012C4F
:10A7E00060D0022C0CBF062404240221304612F053
:10A7F0009BFB0121304612F097FB2146304612F0B8
:10A8000093FB304612F088F8012384B2A8EB0401D0
:10A810000A22009389B242F60723304612F0D4FB95
:10A8200004230444A4B2A8EB04010093122242F6CC
:10A830000423304689B212F0C7FB0719BFB2A8EB58
:10A840000709B9F1010F04962EDC0024644F97F834
:10A850002630002B00F0A080504611F0D0FF6B6A2C
:10A860002E6143F080026A62DB0400F1A78097F852
:10A870002600002840F0A28012F08DF905900028F3
:10A8800000F09C80414612F05AFB002800F0A080A6
:10A890005846059C11F0B3FF6B6A6C6143F48073FA
:10A8A0006B628BE00524A0E7002012F074F905909C
:10A8B0000028CAD00221F2F78DF9A8F10204E41BA6
:10A8C000A4B28442074611D224F001018BB2411A8E
:10A8D00005A8039312F0C2F8039B1F4602233FB959
:10A8E0000598E0B905A811F08AFFAEE70323F6E763
:10A8F000791C0498C9B2039312F016FB039B0498C9
:10A90000194612F011FB059904A812F020F9002055
:10A9100012F041F90590002832D0E41BA4B2022CB9
:10A9200038BF0224A31E9BB20F2B30D910210393F2
:10A93000F2F750F9039B044683421ED223F00F0125
:10A940008BB2411A05A8039312F088F8039B1C46AA
:10A950000623611C0498C9B2039312F0E5FA039B25
:10A960000498194612F0E0FA059904A812F0EFF8DD
:10A97000BB1C1C44A4B23FB968E740B10723E8E719
:10A9800005A811F03CFF3C460234A4B25EE705A8DE
:10A9900011F035FF3C46EEE7A9EB040189B23046E1
:10A9A00012F0CDFA0446504611F029FF6B6A2E6171
:10A9B00043F080026A62002C3FF456AF686A10F0E0
:10A9C00010000AD0284607B0BDE8F04F12F081BB56
:10A9D00005A811F014FFF1E71A2007B0BDE8F08FC9
:10A9E000D42700202DE9F3410D4601A9FFF734FEDD
:10A9F000064658BB019C636A5A040FD46B0704F1E6
:10AA0000010727D5394614200DF01DFA00283AD148
:10AA1000636A43F4004343F008036362A36AE806F1
:10AA20004CBF43F4005323F40053A362636AA906A6
:10AA30004CBF43F4003323F400336A064CBF43F4A5
:10AA4000802323F4802343F002036362304602B084
:10AA5000BDE8F081DFF8348038464146F1F7DAF896
:10AA600068B9D8F80030C4F80130B8F80430BB80B9
:10AA700098F80630BB71636A43F008036362636A47
:10AA800023F40043C9E70646E0E700BFDF270020C4
:10AA900013B501A9FFF7E0FDB0B9019A536A13F0AD
:10AAA000100013D159040FD5094923F48043D1F87C
:10AAB0000B4043F00803C2F80140B1F80F40497C55
:10AAC000A2F80540D171536202B010BD0220FBE72D
:10AAD000D427002070B5144B054619791868002357
:10AAE000994201DC1A201AE0426AD60718D490F87D
:10AAF0003940640714D4DCB203460C4903F8014B17
:10AB0000D1F80B6042F00902C0F80160B1F80F60A3
:10AB1000497C9E8099714262FFF7B2FD2C7070BD36
:10AB200001334830DCE700BFE02C0020D4270020B0
:10AB30008378F7B5122B0D4632D10B6801A99A79AB
:10AB40000C3213441E79DF783046FFF785FD88B953
:10AB5000019C636A23F0100363628FB93146A069D8
:10AB6000621C104B00F0EEFA222239460D48A76114
:10AB700011F0AFFC284603B0BDE8F04011F03FBE35
:10AB8000204612F0C7F9636A5A0603D523F0400342
:10AB90006362EFE7304604F13401F4F7C7FCE9E7FC
:10ABA00003B0F0BDFC27002073B5144D144C2A6887
:10ABB000236802F0400103F002030B431BD093060D
:10ABC0004CBF0126A67AF0F79DFF0196837983F0AA
:10ABD0000803C3F3C0030093E388A288217A607A54
:10ABE00000F01CFD40B9236823F0020323602B68AA
:10ABF00023F040032B60002002B070BDD42700205A
:10AC0000E82C002001210020054BA3F10802C3E934
:10AC1000000043F8081C4FF0101351725360704746
:10AC2000F02C0020032910B510D9032A0ED9914227
:10AC30000CD301280AD8064C20720020A372236886
:10AC4000A18043F00203E280236010BD2120FCE7D5
:10AC5000E82C0020014B187B704700BFE82C002037
:10AC6000074BDA7A4AB95A7A82421FBF1A68587279
:10AC700042F002021A60FFF797BF0020704700BF42
:10AC8000E82C0020024BD87A003818BF012070470A
:10AC9000E82C002070B51F4D2B68590707D50021FF
:10ACA000084600F0E1FC2B6823F004032B601A4EE9
:10ACB0002B68326803F0080302F00202134310D03D
:10ACC000F0F720FF83791A071FD5F4F745F80446FB
:10ACD000C8B92B6823F008032B60336823F0020304
:10ACE0003360FFF761FF044668B9EB7A5BB12B680C
:10ACF0005B0708D40121084600F0B6FC40B92B6878
:10AD000043F004032B60204670BDF4F709F8DEE73A
:10AD10000446F8E7E82C0020D427002070B5124C38
:10AD2000257B637B22689D42B8BF1D469207E37A6C
:10AD3000EEB201D4B34215D01BB10023E372FFF78A
:10AD4000A9FFE67275B1094B93F82630012B05D1A6
:10AD5000236843F002032360F3F79AFDBDE87040D7
:10AD6000FFF798BF002070BDE82C0020D4270020FA
:10AD7000022938B504460D4601D9212038BD12F00C
:10AD800005FD0028F9D00E4B1A7BB2B91A68D1071D
:10AD900042BF22F0010242F002021A60094A525DEB
:10ADA0001A735A7AA2421FBF1A685C7242F00202FA
:10ADB0001A60BDE83840FFF7B1BF0220DEE700BFF0
:10ADC000E82C0020426D0408054A137B013B022B4E
:10ADD00003D800231373FFF7A1BF0020704700BF03
:10ADE000E82C0020032805D10A4A136843F0080321
:10ADF000136008E0012808D1064BDA7A42B11A68DC
:10AE000042F008021A60FFF745BF10F0FD0FEBD0CB
:10AE100000207047E82C00202DE9FF4791420E46A4
:10AE200015469946BDF830A0BDF83480BDF838709D
:10AE300003D9212004B0BDE8F08740F67A428B1F89
:10AE40009BB29342F5D8B5F5486FF2D8B9F5FA7FC1
:10AE5000EFD240F67642AAF10A039BB29342E8D8B9
:10AE600009F101039BB26B43B3EB8A0FE1DAB845FA
:10AE7000DFD8FF280BD1184B59829D82A3F816907A
:10AE8000A3F818A0A3F81A809F830020D2E7F0F758
:10AE9000EFFC04460028CCD090F873302A46012BF2
:10AEA00031464B46CDE90187CDF800A008D1F3F734
:10AEB000EDF90028BED1A4F86880A4F86A70E4E730
:10AEC000F3F7E4F94B462A4631462046CDF800A078
:10AED0000FF0F4FDEDE700BFD4270020A0F11B0325
:10AEE000E02B10B5044618D8042142F224000FF0DC
:10AEF00061FD6FF06F0343714223A0F8034083713B
:10AF00000748E7F77DF90FF083FD407920B10FF096
:10AF10007FFD407940F4805010BD2120FCE700BF48
:10AF20007B4C030870B506460D4642F2220006210E
:10AF300014460FF03FFDB6F86E30A0F80550A0F8AB
:10AF40000330A0F807400648E7F75AF90FF060FD14
:10AF5000407920B10FF05CFD407940F4805070BD25
:10AF6000234C03082DE9F0439946002387B00F9E38
:10AF7000334C3360236A07460D46904613B10223D3
:10AF8000336012E00FF09DFE074213D037EA000055
:10AF900010D1012F01D0042F0CD128463346494649
:10AFA0000E9A12F05BFD054630B90025284607B021
:10AFB000BDE8F0832123E3E73846FFF751FE306018
:10AFC000002833D194F82630012B18D12368DB07F1
:10AFD00015D4DFF87090484600F0F8FD306028BBCB
:10AFE0002368606843F00203B9F80420236099F8ED
:10AFF0000630C5F85A00A5F85E2085F86030FFF7E6
:10B0000049FE306090B9A38B3A460593638BFF21CC
:10B010000493238B28460393E38A0293A38A019324
:10B02000638A00934346F2F7FDFF3060336823B133
:10B0300000212846F0F76CFCB7E72562B6E700BFB1
:10B04000D4270020D827002037B504460D4612F03B
:10B05000D7FB698820460CF071FD6A7E2B7E204666
:10B0600043EA0223A4F862306A7F2B7F43EA02237B
:10B07000A4F86430EA7EAB7E43EA0223A4F866308B
:10B080001B23A4F86C302D4B5A8B9B8BA4F86820A3
:10B09000A4F86A30022384F8723010F022F92046B6
:10B0A00012F0D2FD94F87330022B15D100F03CFC65
:10B0B00070B194F9753001330AD105212046A36897
:10B0C00043F48053A36003B0BDE8304012F0AABC43
:10B0D000002120460CF035FD00212046F0F784FFCA
:10B0E0004FF6FF73288C984225D000F067FA009441
:10B0F00000F0ECF96A46ADF8040040F20621104871
:10B1000011F0ABFA002240F20221204611F061FA60
:10B110002046F0F773FC204612F0A2FD2046F3F71C
:10B1200031F9A368012123F480432046A36012F083
:10B1300081FC03B030BD0020D9E700BFD427002038
:10B14000D0270020F7B504460F46164668465A79C0
:10B15000991D1D46F0F71AFD2CB969463046F0F7E7
:10B160003BFB0446A0B140F2032384F87670A4F8B8
:10B17000723033682946C4F85A30B3882046A4F8A0
:10B180005E30B37984F86030FFF75EFF03B0F0BD46
:10B19000032140F206400FF00DFC6B88A0F803304D
:10B1A0000D2343710148E7F72BF8EFE76B480308DD
:10B1B00007B590F870304FF4887101AA03488DF8F4
:10B1C000043011F04AFA03B05DF804FBD0270020E8
:10B1D0002DE9FF4103780446302B0E4639D006D8BE
:10B1E000052B25D0082B41D004B0BDE8F0813E2BC3
:10B1F000FAD183780C2B4BD8022BF5D9033B092BC2
:10B20000F2D801A252F823F0A1B20208E1B3020879
:10B21000E9B10208E9B1020879B30208E9B102080C
:10B22000E9B10208E9B10208E9B10208CDB30208A8
:10B23000B0F80300F0F70EFB28B1617909B141F4D1
:10B24000805112F0B6FA304604B0BDE8F04111F07A
:10B25000D6BAB0F80300F0F7FDFA0028F3D0A178D1
:10B2600009B141F4805112F0FDFAECE7B0F80300A7
:10B27000F0F7F0FA0028E6D0627990F8743022B145
:10B2800043F0010380F87430E9E703F0FE03F9E7C7
:10B29000212B00F0BA80292B1FD0202BD3D0A3E77D
:10B2A0008088F0F7D7FA0028CDD0E278002ACAD1FA
:10B2B000E179A27942EA0122A0F86220E17AA27A39
:10B2C00042EA0122A0F86420227A617A42EA01224D
:10B2D000A0F86620F0F792FBB5E7C778851C3C2FF5
:10B2E00002D112F0C1F9AEE790F80680B8F1000F74
:10B2F00023D1564A146AC2F82080CFB1294620468D
:10B3000047F4805712F07CFAE76084F8728040F2CC
:10B310000121204601AACDE9014711F09EF9A36859
:10B32000414643F480632046A360F0F7F1FA8AE7D0
:10B3300029462046FFF788FE85E74FF6FF73408CCD
:10B3400098420BD000F03AF940B1F0F7DBFB2B4606
:10B350000246FF210020FFF7F5FE74E72B463C4A2A
:10B360002234154618685968083303C5A3422A4693
:10B37000F7D11B882B8066E7B0F80300F0F76AFA74
:10B3800000283FF460AF40F20911B4F8053090F89E
:10B390007020A0F86C308DF80420ADF80630227AC9
:10B3A000E37943EA0223ADF80830A27A637A43EAEC
:10B3B0000223ADF80A30227BE37A43EA0223ADF898
:10B3C0000C3001AA234811F048F93CE78088F0F7D7
:10B3D00041FA00283FF437AFA179F0F731FB32E7AB
:10B3E0008088F0F737FA00283FF42DAF90F87030DE
:10B3F0000E218DF80430D4F8063001AACDF80530BE
:10B40000D4F80A30CDF80930DCE78088F0F722FA6A
:10B4100000283FF418AF90F870304FF403718DF8A6
:10B420000430E37801AA8DF80530A3798DF8063051
:10B43000E3798DF80730237A8DF80830637A8DF838
:10B440000930A37A8DF80A30BCE700BFD42700206A
:10B45000FC270020D027002070B5054640B300EB44
:10B460008006B6003046FEF7E7FF154C0246206026
:10B4700018B314493346084605F07AFA32460021DB
:10B48000206811F026F82268002311462571013347
:10B49000DBB2AB424B7401F11401F8D1FF2332440B
:10B4A00002F8033C002262714FF6FF722372E280C1
:10B4B0000020054B1860988070BD1A20FCE700BF83
:10B4C00010330020456D04086C2D002050B114226B
:10B4D000064B1B68C31AB3FBF2F3007C40EA03205F
:10B4E00080B270474FF6FF70704700BF10330020E6
:10B4F000142370B51A4D44782E6805EB1414821B82
:10B50000B2FBF3F20534D2B22378FF2B05D093427D
:10B510000FD1437C2370FF23437489B96B796A711F
:10B520004374037C01330374437861F3071343705E
:10B5300070BD03EB830306EB830303F11104E3E720
:10B540004C1D2C442D682378FF2B01D12270EBE792
:10B5500003EB830305EB830303F11104F3E700BF5F
:10B560001033002040F6FF7210B5044603880146F0
:10B5700062F30B030380044805F0FEF92046BDE8A2
:10B5800010400021FFF7B4BF456D040802460A4B86
:10B59000010A1879B0EB122F0CD314201B6800FBA2
:10B5A000013043780F2B05D9037CD2B2934218BFE8
:10B5B00000207047002070471033002002460949E0
:10B5C0000B7A0968FF2B01D10020704703EB83033E
:10B5D00001EB830031F82330C3F30B039342F4D023
:10B5E000437CEFE7103300200B49034630B50A686F
:10B5F00028B1831A1420B3FBF0F3DBB20133142417
:10B600000979994201D8002030BD04FB0320457818
:10B610000F2DF9D80133F4E710330020F8B50746B1
:10B620000E4642F24100082115461C460FF0C2F9B1
:10B630009DF818304771C3709DF81C3086710371F6
:10B64000A0F80750A0F809400648E6F7D9FD0FF02A
:10B65000DFF9407920B10FF0DBF9407940F48050F8
:10B66000F8BD00BF5925010838B505460C4642F221
:10B67000420006210FF09EF90023C57043718371CB
:10B68000C371037204710648E6F7BAFD0FF0C0F902
:10B69000407920B10FF0BCF9407940F4805038BDBA
:10B6A000C12501082DE9F041154606460F4642F234
:10B6B000360019211C46DDF824800FF07BF92B0A97
:10B6C000C371230A83729DF81830857103739DF846
:10B6D0001C30447243739DF820302D0C240CC6702E
:10B6E00087800572C4728373D8F80030C0F80F30B9
:10B6F000B8F804308676A0F813309DF828304375EA
:10B700009DF92C3083759DF83030C3750023037686
:10B710009DF8343043769DF83830C3760648E6F716
:10B720006FFD0FF075F9407920B10FF071F9407994
:10B7300040F48050BDE8F081B526010838B50546D3
:10B740000C464FF6194005210FF034F9C5704460DE
:10B750000548E6F755FD0FF05BF9407918B1BDE8F3
:10B76000384012F0BBB938BDAD43030838B50546C3
:10B770000C464FF61A4005210FF01CF9C5704460C5
:10B780000548E6F73DFD0FF043F9407918B1BDE8F3
:10B79000384012F0A3B938BDDD43030870B50D463B
:10B7A00006460121DAB1FFF7C9FF0446A8B907210F
:10B7B00042F235000FF0FEF8C6702B684360AB888C
:10B7C00003810848E6F71CFD0FF022F9437923B105
:10B7D0000FF01EF9447944F48054204670BDFFF701
:10B7E000C5FFE2E7194503080A4610B504210446DF
:10B7F00042F237000FF0E9F8032303710023C4700D
:10B80000437183710548E6F7FBFC0FF001F94079BD
:10B8100018B1BDE8104012F061B910BD0D44030825
:10B820000A4610B50421044642F238000FF0CDF864
:10B83000032303710023C470437183710548E6F745
:10B84000DFFC0FF0E5F8407918B1BDE8104012F0C8
:10B8500045B910BD59440308F8B506460F4642F2F3
:10B860003900062114461D460FF0A4F80123847107
:10B87000240A0371C7704671C47105720548E6F762
:10B88000BFFC0FF0C5F8407918B1BDE8F84012F0E0
:10B8900025B9F8BDA5440308014B9B68184700BFB4
:10B8A0001C33002010B504460BF060FE30B1003CA4
:10B8B00018BF01240020024B1C7010BD0E20FCE7B5
:10B8C000F82C00200C4B01461A789AB95B689B074C
:10B8D00010D490F97520013218BF012291F852302E
:10B8E00013F0400005D091F8600010F0400018BF40
:10B8F000D0B270470122F1E7F82C0020024B5868C3
:10B9000000F00200704700BFF82C0020024B58687E
:10B9100000F00800704700BFF82C0020014B1B68A6
:10B92000184700BF1C33002008B50BF01FFE01288C
:10B9300009BF034B0020586800F0100008BD00BF8D
:10B94000F82C002007B502460846042802F0010141
:10B9500013D9B1B903200C4B5A6002F08003019354
:10B9600002F04003009302F0200302F0040200F012
:10B97000E1FB002003B05DF804FB0029EBD00328B5
:10B98000E9D12120F6E700BFF82C002038B50D4999
:10B990000D48FEF771FD0446054688B90B4B0C4A6D
:10B9A0001A600C4A5A600C4A9A600C4ADA6000F03D
:10B9B0008BFC032104462846FFF7C4FF084B1D708B
:10B9C000204638BDEFBEADDEBEBAFECA1C33002035
:10B9D00029C102081FE0030831C20208F5DA020893
:10B9E000F82C002007B50191EFF742FF88B1019BC9
:10B9F000094A013393420CD845F21802002101ABE9
:10BA000012F078FAB0FA80F04009400003B05DF817
:10BA100004FB2120FAE700BF40420F00054A08B5A9
:10BA2000431C934203D800F0A5FB002008BD212051
:10BA3000FCE700BF40420F0038B504460320FEF784
:10BA4000FBFC0546D0B194F87030037094F8753063
:10BA500043702046EFF7C4FF2A46A87040F2026107
:10BA6000074810F0B6FD074B2046DB6801219847D8
:10BA700094F97500BDE83840EEF738BD38BD00BF19
:10BA8000D02700201C33002070B5054608200E4644
:10BA9000FEF7D2FC044680B195F8703000210370A7
:10BAA000064B4660DB68284698472246BDE8704052
:10BAB00040F20161024810F08CBD70BD1C330020C3
:10BAC000D027002038B5054608200C46FEF7B4FC08
:10BAD000024638B1C0E90054BDE838400D210248A3
:10BAE00010F077BD38BD00BFD027002038B505461F
:10BAF00008200C46FEF7A0FC024650B195F87030C5
:10BB000040F20561037044600248BDE8384010F01F
:10BB100060BD38BDD027002013B504460191114601
:10BB200012B301A90420FEF7B7FC019B104A20467E
:10BB3000B3FBF2F102FB113345F21802002101932D
:10BB400001AB12F0D7F90820FEF776FC024648B1A7
:10BB500094F8703040F204610370019B4360054823
:10BB600010F037FD02B010BD45F2180201ABE8E756
:10BB700040420F00D027002010B504460120FEF7F8
:10BB80005BFC024648B194F8703040F203610370E8
:10BB9000BDE81040014810F01CBD10BDD0270020AA
:10BBA00038B5054608200C46FEF746FC024650B163
:10BBB00095F8703040F20761037044600248BDE8B8
:10BBC000384010F006BD38BDD0270020014B5B681F
:10BBD000184700BF1C33002010B50F4C2368D3B1A9
:10BBE0000022D3F8A0001A7783F83D2083F85E2066
:10BBF00005F0C8FB20684421603011F01AF9206874
:10BC000021211D3011F015F920682121BDE81040D7
:10BC10003E3011F00EB910BD042D0020F0B5062005
:10BC200087B0E0F72BFF11F00CF9054640B901464B
:10BC30001A20FFF747FF6FF08C04204607B0F0BDD5
:10BC40002F4E306805F09EFB044640B110F1880F7E
:10BC500005D0014640F20740FFF734FFEDE70BF057
:10BC600085FC0328074622D10024346004F037FA0B
:10BC7000000268606C6140F20111284612F037F84A
:10BC8000204B6946EB60204B2B6000230093E3F7C9
:10BC9000AFFA0446E0B1014640F20740FFF712FF59
:10BCA000284605F0CAFE284611F0CDF8C5E73268EF
:10BCB0006B686A61DAB222B923F0FF0343F0010333
:10BCC0006B6004F00CFA000240F001006860D2E7FB
:10BCD000032FE5D101AB102202A9009805F0BDFBAE
:10BCE0001021044602A811F096F802A9102011F0C4
:10BCF000ECF8102102A811F09CF8009B3360CFE70C
:10BD0000002D00200044400400248000FF282DE97D
:10BD1000F84316BF1C4D1D4B45EA002581464FF0E8
:10BD200006008846174608BF1D68E0F7A7FE11F019
:10BD300088F8064618B30146284605F048FB044635
:10BD4000304605F07AFE304611F07DF814F1880F88
:10BD50000FD1B9F1FF0F0ED1FFF760FF044660B9B4
:10BD60000A4B1D680020C8F8005007B13C60BDE8D0
:10BD7000F883002CF6D02120F7E70025F2E71A20FF
:10BD80006FF08C04F1E700BF06800400002D002056
:10BD90002DE9F0418AB006AC884615460346264692
:10BDA00000F11007224618685968083303C2BB42E5
:10BDB0001446F7D11021304611F02DF8002306204B
:10BDC0000593E0F75BFE11F03CF8044610B3102732
:10BDD0004FF4807111F08BFF194B1A49036005ABCA
:10BDE000C160324628460293CDE900873B46E3F71F
:10BDF00039F90546F0B93946404611F00CF8394694
:10BE0000304611F016F8204605F017FE204611F0D6
:10BE10001AF80BE06FF08C0140F20740FFF752FE7A
:10BE20001021304611F005F86FF08C0528460AB055
:10BE3000BDE8F081014640F20740FFF743FEDEE730
:10BE400000248000004440042DE9FF4105460620FF
:10BE500088461646E0F712FE10F0F3FF044648B994
:10BE600001461A20FFF72EFE6FF08C05284604B01D
:10BE7000BDE8F08104F033F92A466D4600232F46D1
:10BE8000000260606361204606F5807111F02FFFAB
:10BE9000144BE360144B236002F110032E4610682C
:10BEA0005168083203C69A423546F7D11021384608
:10BEB00010F0B1FF434610223946204605F057FBEB
:10BEC000054620B1014640F20740FFF7FBFD102177
:10BED000384610F0AEFF204605F0AFFD204610F0CA
:10BEE000B2FFC3E700444004002480002DE9F04382
:10BEF0004FF0000987B0044606200E4617469846C4
:10BF0000CDE90499E0F7BAFD10F09BFF054670B348
:10BF100004F0E5F800024FF480516860C5F8149011
:10BF2000284611F0E4FEDFF874901B4B21462B608D
:10BF30001022C5F80C9004AB05F019FB044628BB91
:10BF400005AB029310233246CDE9008349463B46B8
:10BF5000049805F009FC0446C0B9049805F012FAEB
:10BF6000284605F06AFD284610F06DFF0AE06FF0E4
:10BF70008C0140F20740FFF7A5FD049805F002FA96
:10BF80006FF08C04204607B0BDE8F083214640F2F4
:10BF90000740FFF797FDE0E7002480000002C003A0
:10BFA000F0B50E460446154693B02022304643496C
:10BFB00010F065FA68B920222846414910F05FFA6E
:10BFC00038B9404B1B681B7D002B64D040F2034006
:10BFD0001BE0246C2022304604F1510110F04FFA8E
:10BFE00038B92022284604F1710110F048FA0028DF
:10BFF000ECD00620E0F742FD10F023FF044630B9F4
:10C0000001461A20FFF75EFD1A2013B0F0BD00278D
:10C01000009704F064F8000260604FF4804120460D
:10C02000676111F064FE284B3046E360274B06F150
:10C030002002236004238DF804300DF1050350F82D
:10C04000041B904243F8041BF9D10DF10500202197
:10C0500010F0E1FE28460DF1250305F1200250F80D
:10C06000041B904243F8041BF9D120210DF1250057
:10C0700010F0D1FE01A96B464122204605F077FA67
:10C08000014650B9204605F0D8FC204610F0DBFEF2
:10C09000009805F077F90020B7E710F1870F03D07B
:10C0A00040F20740FFF70EFD204605F0C6FC204693
:10C0B00010F0C9FE009805F065F987E7606E040886
:10C0C000406E0408042D0020000002091241000106
:10C0D00000F0C003402B07D1094B1B6873B100F07F
:10C0E0003F0053F820007047802B01D1054BF4E747
:10C0F000054A0648C02B08BF1046704703487047E2
:10C100000C2D0020082D002021E10308D5C60208CF
:10C11000102828BF1020072838BF0720014B1B68B4
:10C1200018727047042D0020014B1B68187A704765
:10C13000042D0020003918BF0121003B18BF012346
:10C1400010B50B4C003A246818BF0122A3749DF867
:10C1500008302070003B18BF0123E3749DF80C30B9
:10C160002174003B18BF01236274237510BD00BF0A
:10C17000042D0020014B1B68D8607047042D00205F
:10C1800010B50D4B02461B68187F022810D082B1F3
:10C19000012201F110001A7703F11D0251F8044B3E
:10C1A000814242F8044BF9D1012283F83D2000205E
:10C1B00010BDFFF711FDFAE7042D002070B51B4BF1
:10C1C0000D461E681446337F022B2AD128B351B383
:10C1D0004AB3102206F11D0010F051F918B31022D5
:10C1E000214606F12D0010F04AF9E0B1294606F18A
:10C1F0003E0305F1100251F8040B914243F8040B81
:10C20000F9D1214606F14E0304F1100251F8040B56
:10C21000914243F8040BF9D1012086F85E0000201A
:10C2200070BD0220FCE72120FAE700BF042D0020AA
:10C2300001280AD002280ED098B90B4B1A689369CE
:10C2400043F00103002093617047074B1A6893691C
:10C2500043F00203F6E7044B1A68936943F00403C2
:10C26000F0E72120704700BF042D002038B5094DAC
:10C270002C6854B9A42010F0E4FD286038B122469F
:10C2800005490648FDF7E0FD38BD0020FCE71A200F
:10C29000FAE700BF042D00203DDD0308102D00202B
:10C2A000024B034A00201A60704700BF0C2D00208B
:10C2B000FC6D0408024B034A00201A60704700BF5F
:10C2C000082D0020D46D040810B5144CFFF784FC31
:10C2D0002068A42110F0ADFD03224FF0FF31236848
:10C2E0001A70D960002210211A7783F83D2083F854
:10C2F0005E201A829A7419729A61E2F7ADFF0446C1
:10C3000048B90BF033F90328054B08BF002320463A
:10C31000044A136010BD40F20740FBE7042D0020E3
:10C3200037000400002D00202DE9F0438368044607
:10C33000590687B040F1B18023F04003836011F0CB
:10C340009EFD802802D0402840F0AA8094F9758094
:10C3500004F13409B8F1FF3F1DD10BF007F90128B2
:10C3600071D1636B04201A888DF808201A4632F8C0
:10C37000021B090A8DF80910D3F8023002A9CDF882
:10C380000A3053680A22CDF80E30EEF73DF8B0F1CE
:10C39000FF3F804657D0A56815F4807553D106201D
:10C3A000E0F76CFB10F04DFD074698B901461A20E6
:10C3B000FFF788FB204641F20601FFF765FB2046A8
:10C3C0000021F2F7FFFC04F1340007B0BDE8F043B0
:10C3D00011F0A5BD204611F052FD802828D1494D0D
:10C3E000394645EA0825284604F0F1FF0646384656
:10C3F00005F023FB16F1880F1BD1434D394645EA62
:10C400000825284604F0E3FF0646384605F015FBEC
:10C41000384610F018FD96B9606B2A4602A90A301A
:10C42000FFF7B6FC70B3102102A810F002FDC1E7BF
:10C430002E46204611F023FD4028E9D1DDE73146A4
:10C4400040F20740B4E794F87430DA0702D4A368E6
:10C45000DB05AFD5002201A904F118000192FFF716
:10C46000F3FC18B1019804F08DFFA3E7606B019A0B
:10C4700002A90A30FFF78CFC0546019804F082FF00
:10C48000002DD0D1204602A9F2F79CFC02A8102171
:10C4900010F0CFFC484611F042FD07B0BDE8F08334
:10C4A000636B1A88002A85D1882801D04B2881D156
:10C4B0000021013313F8012F002A7FF47BAF0131F3
:10C4C0000829F7D1206C01A900F598700192FFF7B7
:10C4D000BBFC0028C6D1606B019A02A90A30FFF7A5
:10C4E00057FC0546019804F04DFF002D9BD12046D6
:10C4F00002A9F2F767FC02A8102110F09AFC04F1DF
:10C500003400C8E705800400038004002DE9F043EF
:10C51000804693B006200F4616469946E0F7AEFADD
:10C5200010F08FFC044648B901461A20FFF7CAFAFA
:10C530006FF08C05284613B0BDE8F08303F0CFFD03
:10C5400000230002606063614FF48041204611F0D7
:10C55000CEFB5A4BE3605A4B23605A4B1A68137F49
:10C56000022B21D102F1600302F1800153F8040B88
:10C570008B4247F8040BF9D102F1A00153F8040BE8
:10C580008B4246F8040BF9D1D2F8A0302046C9F806
:10C59000003005F052FA204610F055FCB8F1000FBB
:10C5A00040F085800025C5E79369DB072DD5464B14
:10C5B00003F1200253F8041B934247F8041BF9D1FE
:10C5C000424B03F1200253F8041B934246F8041B2C
:10C5D000F9D14B4620223E49204604F0C8FF0546CB
:10C5E000204605F02AFA204610F02DFC002DD5D06B
:10C5F000294640F20740FFF765FAB8F1000F99D0DD
:10C600000821404611F06AFD94E74946E2F7F0FD43
:10C61000054690B1014640F20740FFF753FAB8F1E2
:10C62000000F03D00821404611F058FD204605F0C8
:10C6300004FA204610F007FC7CE76B46412201A972
:10C64000D9F8000004F068FF0546204605F0F5F92A
:10C65000204610F0F8FB4DB1294640F20740FFF7A5
:10C6600031FAD9F8000004F08DFEC6E73A460DF124
:10C6700005030DF1250153F8040B8B4242F8040B1E
:10C68000F9D132460DF1450153F8040B8B4242F8C3
:10C69000040BF9D101A8412110F0CBFB3846202131
:10C6A00010F0B9FB2021304610F0B5FB76E70022F0
:10C6B00045F21601404611F00DFC73E70000020937
:10C6C00012710001042D00204F6D0408706D0408E4
:10C6D000806E040845F20603994210B5044637D02F
:10C6E0001FD840F20323994207D045F20203994232
:10C6F0003FD040F2012399421FD1244894F8701092
:10C700000FF03EFF94F873304FF4A041012B14BF9B
:10C7100080204020FFF7DCFC00220346204698479B
:10C720000BE045F2170399422ED045F21A039942C5
:10C7300005D045F20C0399421FD0482007E0C021E4
:10C7400011F0ADFB07212046FFF79EF9002010BD38
:10C7500093791A44517C41F49051FFF795F994F87C
:10C7600073302046012B14BF8021402111F097FB2C
:10C77000ECE7052111F0B2FCE8E711F080FB41285D
:10C78000E4D005212046F5E70220E0E7102D002047
:10C79000F7B52B4F06463B680D461B7F1446012B11
:10C7A0004CD000283DD0FFF717FA396810201D3112
:10C7B000FDF772FE28B1FFF70FFA40F2074003B011
:10C7C000F0BD396801F1A00301F180026031FFF78B
:10C7D0009DFE0028EFD13B6803F1600203F12D06B6
:10C7E0001146CDE900061D3311F0C6FC0028E2D148
:10C7F00002233A681377012302F12D0182F83D30BC
:10C8000002F11D0353F8040B8B4245F8040BF9D1D8
:10C810003D3253F8041B934244F8041BF9D1002025
:10C82000CDE7FFF7D9F93146102228460FF051FE27
:10C830001022314620460FF04CFEF0E70220BEE702
:10C84000042D0020B1F5A04F2DE9F0410446164615
:10C8500000F01481A1F5A043DD1F042D00F2158125
:10C860009279083B0C321644026C92F85021032B4B
:10C8700005D8DFE813F043009B00B9000001D107A1
:10C8800019D5771D1022394682480FF0F8FD00288F
:10C8900062D00AF06BFE0128206C0ED103213A46CB
:10C8A00090F95E01EDF74EFD10210546384610F077
:10C8B000C0FA002D4CD100276BE03B46102203212B
:10C8C00090F95E010AF054FE94F873300546012B8E
:10C8D0000DD13B4604F11802153653F8041BB34240
:10C8E00042F8041BF9D1A36843F48073A3601021BC
:10C8F000384610F09EFA002DDDD011E012F001074D
:10C90000D9D00AF033FE01282DD1236C062093F9EB
:10C910005E81E0F7B3F810F094FA054618B91A25CD
:10C920000021284612E001465B4840EA082004F056
:10C930004EFD8046284605F080F8284610F083FA20
:10C94000B8F1000F0FD0414640F20740FFF7BAF8A8
:10C950000821204611F0C2FB2046082111F0BEFB41
:10C9600040F2034020E0206C06F1050843460A220D
:10C97000022190F95E010AF0FBFDD6F8053005466C
:10C98000A362D6F80930E362B6F80D30238600289A
:10C99000C6D1226C92F8503123EA070382F8503155
:10C9A000204611F059FC0020BDE8F081920782D5A5
:10C9B0000AF0DCFD012806F10506206C09D10621EC
:10C9C000324690F95E01EDF7BDFC10210546304678
:10C9D0006DE706213346102290F95E010AF0C8FD8A
:10C9E00010210546304684E793077FF564AF0AF0CF
:10C9F000BDFD01281AD1236C062093F95E71E0F782
:10CA00003DF810F01EFA0546002888D0014623485C
:10CA100040EA072004F0DBFC0746284605F00DF845
:10CA2000284610F010FA0FB139468DE7717989B9AF
:10CA30000A46731D13F8010F60B90132062AF9D1B5
:10CA400094F85210206C81F0080104F14C03C1F3FA
:10CA5000C00106E000394FF0060218BF0121206C2A
:10CA6000B31D90F95E010AF083FD054600287FF4AE
:10CA700057AF02278DE702F004078AE711F06BF940
:10CA80000022236C83F85C218AE7BDE8F041FFF7C0
:10CA900021BE00BF306E040803800400068004003D
:10CAA000F0B5B1F5A04F05468DB008D045F213049E
:10CAB000A14244D00DB0BDE8F040FFF70BBE00230B
:10CAC000046CCDE90833CDE90A3394F85D310DF1FA
:10CAD000200C042B2CD11F4B1B6893F85E205AB1FD
:10CAE000674603F13E024E333E46106851680832F5
:10CAF00003C69A423746F7D104F58473069305F1CD
:10CB00005303059305F15A030493237928460393AD
:10CB1000637904F1C8020293A37904F1F801CDE925
:10CB200000C304F1B80311F00EFE00200DB0F0BDFB
:10CB3000013B022B9CBFD4F82C310893DCE7016C3D
:10CB400001F5847111F023F94A21284611F0A7F963
:10CB5000EBE700BF042D0020F0B545F20E06B14210
:10CB6000044613468DB00BD045F21303994260D0B2
:10CB7000B1F5A04F77D111F0EEF800200DB0F0BD67
:10CB80009979026C0C310B44591D02F58C721533E6
:10CB900051F8040B994242F8040BF9D1256C10228C
:10CBA00005F58C7105F584700FF069FC20B90B2137
:10CBB000204611F093FAE0E70023CDE90833CDE9F0
:10CBC0000A3395F85D310DF1200C042B2AD1284B46
:10CBD0001B6893F83D205AB1674603F11D022D33BF
:10CBE0003E4610685168083203C69A423746F7D16C
:10CBF00005F5A073069304F15A03059304F153035A
:10CC00000493EB7A204603932B7B05F1B802029341
:10CC10006B7B05F1F801CDE900C305F1C80311F004
:10CC200092FDAAE7013B022B9CBFD5F82C3108935B
:10CC3000DEE7056C102205F5A07105F58C700FF08C
:10CC40001EFC0028B3D1D5F858314B219B0748BFB3
:10CC500094F87430204644BF43F0020384F87430E3
:10CC600011F01DF989E70DB0BDE8F040FFF732BDC6
:10CC7000042D002073B545F21406B14204461AD0C3
:10CC800045F21906B14221D0B1F5A04F28D111F0DB
:10CC900062F8216C204601F59473019301F1B80309
:10CCA000009301F1110201F1C803513111F0ECFDC3
:10CCB000002002B070BD036CD3F828210B4BB2FBEF
:10CCC000F3F103FB1121FEF711FFF1E713781BB914
:10CCD0000C2111F003FAEBE7492111F0E0F8E7E746
:10CCE00002B0BDE87040FFF7F5BC00BF40420F0046
:10CCF0002DE9F04F97B01546DDE9209804AA0646C5
:10CD00008C4692461C46524B229F03F1100B9646CE
:10CD1000186859680833AEE803005B457246F6D1DF
:10CD20006B46202261465046FFF7E0F88346002814
:10CD300071D1484B05F11002089365238DF824301A
:10CD40000DF12503184655F8041B954243F8041BC2
:10CD5000F9D1102110F05FF80DF13503184604F1F8
:10CD6000100254F8041B944243F8041BF9D110211B
:10CD700010F051F899F80630062183F00803C3F348
:10CD8000C0038DF84530D9F800300DF14600CDF8DC
:10CD90004630B9F804300124ADF84A3010F03BF8C1
:10CDA00098F80630062183F00803C3F3C0038DF81A
:10CDB0004C30D8F800300DF14D00CDF84D30B8F8BA
:10CDC0000430ADF8513010F026F8002335228DF8EC
:10CDD00054306846239B08A98DF85340FFF786F826
:10CDE0008346C0B91021239810F015F83B46352230
:10CDF000684608A98DF82040FFF778F8834650B9B7
:10CE0000B27C0146C2F1100238460FF062FB1021DD
:10CE1000384610F000F81021684610F00AF8352165
:10CE200008A810F006F81021504610F002F8BBF1E7
:10CE3000000F06D00821304611F050F917B0BDE8B8
:10CE4000F08F5A4645F21201304611F043F8F5E7EB
:10CE5000916D04080062746C70B51E46042305468B
:10CE600096B014468DF8143001F120020DF115032F
:10CE700051F8040B914243F8040BF9D120210DF134
:10CE800015000FF0C8FF22460DF1350304F1200113
:10CE900052F8040B8A4243F8040BF9D120210DF11A
:10CEA00035000FF0B8FF04AB0293202301931A9BC7
:10CEB000314600930E48412305AA04F068FC04465D
:10CEC000412105A80FF0B5FF54B1214640F20740BB
:10CED000FEF7F8FD0821284611F000F916B070BDE4
:10CEE000224645F21501284610F0F4FFF6E700BF90
:10CEF0000000020945F20D039942F7B5044627D018
:10CF00000DD8B1F5A04F1DD045F20403994200F0B1
:10CF10008F80204603B0BDE8F040FFF7DBBB45F251
:10CF20001103994200F0A68045F215039942F0D111
:10CF3000006C90F85D31052B06D8DFE803F0503A1D
:10CF4000423A555010F007FF0027384603B0F0BDB5
:10CF500093790C331A44561D02F125052A463146B1
:10CF6000FFF71EF8074620B10B21204611F0B6F856
:10CF7000EBE73146236C113351F8042BA94243F8F7
:10CF8000042BF9D1236C01F12002313351F8040B49
:10CF9000914243F8040BF9D1216C204601F1D803EA
:10CFA0000093D1F8943001F131021131FFF754FFB1
:10CFB000CAE72046452110F072FF2046FEF7DCFD4F
:10CFC000C2E72046452110F06AFF364B20461B6819
:10CFD000D9684B1C5A425A41FEF79EFDB4E74621E0
:10CFE000204610F05CFFAFE72E4B1B6893F85E50B5
:10CFF00065B1002100F1110200F5A07001900091CF
:10D00000204611463E3311F0B7F89DE71021C83095
:10D0100010F07BFF00283DD00821204611F05EF87B
:10D02000294640F20740FEF74DFD40F207478CE7E6
:10D030009179036C0C310A44511DA833153251F813
:10D04000040B914243F8040BF9D1256C102205F131
:10D05000A80105F198000FF012FA20B9042120462A
:10D0600011F03CF870E7D5F8583143F00103C5F8EA
:10D07000583169E70B4B056C196810224E3105F5E4
:10D08000A0700FF0FCF90028E8D1102105F1C800CC
:10D0900010F03BFF216C2046C83110F094FE472170
:10D0A0009EE700BF042D002045F216039942F7B514
:10D0B000044600F0B0810CD8B1F5A04F0FD045F276
:10D0C0000303994210D0204603B0BDE8F040FFF7BB
:10D0D00001BB45F217039942F5D1022002E010F09E
:10D0E0003AFE002003B0F0BD9379056C0C33D618DE
:10D0F000F379DF070CD4FEF701FC18B994F9753009
:10D10000013305D00521204610F0E8FF2120E9E792
:10D11000A24F337A3A68127A9A4202D8A27C9A4293
:10D1200001D90621EFE7D6F80530C5F80B30B6F87F
:10D130000930A5F80F300223AB7294F9523094F8FD
:10D140005210002BB2BF012381F00803C3F3C003C8
:10D15000AB7094F8603083F00803C3F3C0036B70C6
:10D16000337A102B28BF1023A374F379D8072BD55B
:10D17000AB79DA0728D5737A2A7A134085F85131CA
:10D18000B37A6A7A134085F8503195F95E310133EC
:10D190001ED0206C90F850319B0719D481F0080103
:10D1A000062290F95E0104F14C03C1F3C0010AF0BC
:10D1B000DFF968B140F21B412046FEF765FCA36829
:10D1C0005907A3D508219EE7002385F85131DAE7F6
:10D1D0003B68F079597C00F0080229B112B1AA79B4
:10D1E000120703D403218EE7002A73D0AA7911070E
:10D1F00070D5D5F8581141F00401C5F85811B5F8AB
:10D20000501121F4807121F00101A5F8501193F81B
:10D210001CC0B179BCF1020F03D0002937D0022124
:10D2200071E729B3012283F83D20DA7C52BB042345
:10D2300085F85D3194F91330022B03D1D5F85831BC
:10D240005B07CFD50AF092F901285CD194F97500FB
:10D25000461C58D0002201A9C0B2FEF757FD002895
:10D2600051D1236C93F85021900748D40A214AE702
:10D2700093F85E20002AD2D083F83D10DB7C002B8F
:10D28000CDD1D4E793F85E30002BD0D1C7E702436D
:10D2900012F0040209D185F85D211B7C002BA1D17D
:10D2A00094F8743098079DD4C4E772791878052AE9
:10D2B00028BF03223A4902EB82020A44125C85F835
:10D2C0005D211B7C1BB994F874309907B2D5002AF4
:10D2D000B0D187E71A7F012A02D1B279002AA6D1FC
:10D2E000420703D4AA7912F00402D4D072791878D4
:10D2F000052A28BF03222B4902EB8202DDE793F8BF
:10D3000051319907B2D594F97500421C18D0226C9E
:10D310000821D2F8583143F04003C2F858310AF0DE
:10D320003EF9052194F975000AF00DF9032194F9ED
:10D3300075000AF008F9062194F975000AF003F95E
:10D3400095F85D31206C042B00F5987021D13B6875
:10D3500003F11D022D3352F8041B9A4240F8041BBE
:10D36000F9D1D5F8583195F85D2103F00401DAB907
:10D3700023F00203C5F85831E274002946D0216C2D
:10D38000204601F1940301F171025131FFF7BEF81B
:10D39000A7E6102200210FF09CF8E2E7042D002000
:10D3A000A26D0408BB6D040843F00203C5F85831B0
:10D3B00049B90123013AE374032A3FF692AEDFE84C
:10D3C00002F010181025A37C0F2B89BF94F874303D
:10D3D000012343F0080384F8743088BF0223E37408
:10D3E000CDE72046452110F05AFD2046FEF7C4FB4C
:10D3F00077E62046452110F052FD3B682046D9686B
:10D400004B1C5A425A41FEF787FB6AE643212046ED
:10D4100010F045FD65E610F00EFD4221F7E700BF74
:10D42000F8B50446FEF74EFA266C054628B394F983
:10D4300075305F1C0BD086F85E31FEF75FFA07216E
:10D44000012010F098FC024638BB1A2111E020465A
:10D45000EDF75AF986F85E01236C93F95E310133DA
:10D46000EBD1FEF74BFA60B1A3685D070FD441F230
:10D4700005212046FEF708FB0DE0FF2386F85E310C
:10D48000EFE794F975300133EED10025D7E7052198
:10D49000204610F023FE0020F8BD32498679096845
:10D4A0000C3691F800C0831983F801C091F81CE094
:10D4B000281E18BF0120BEF1010F0DD183F802E034
:10D4C000D870487C00B3D87800071DD4A3685B07E8
:10D4D000DDD441F20321CCE78F69BEF1020F07F0E2
:10D4E00002070ED191F85EE0BEF1000F09D04FF0B7
:10D4F000010E83F802E0D870002FE2D140F008005E
:10D50000DEE74FF0000EF4E7BCF1030F07D0096926
:10D5100011F0FF1F1EBFD97841F00401D97094F8B3
:10D5200074108F0708D5D978480705D4BCF1030FCC
:10D53000CFD041F00401D970002D18BF0325102170
:10D540005D7119719D71216C9059C1F80300988823
:10D55000A1F807009B7920464B7206210DF08EFA48
:10D56000012099E7042D0020F0B545F20E06B142E6
:10D57000044615468DB00ED045F21306B1425CD07C
:10D58000B1F5A04F40F0BD8010F0E5FB236CD3F85F
:10D590005831190757D5236CD3F8582112070CD4EA
:10D5A000AA7903F584730C3215446A1D153552F8B7
:10D5B000041BAA4243F8041BF9D10023256CCDE9D2
:10D5C0000833CDE90A3385F85C3195F85D310DF10A
:10D5D000200C042B2AD14D4B1B6893F83D205AB1E7
:10D5E000674603F11D022D333E461068516808322C
:10D5F00003C69A423746F7D105F5A073069304F1A6
:10D600005A03059304F1530304932B7905F1C802DF
:10D6100003936B790293AB79CDE900C305F1B803AD
:10D62000204605F1F80111F08EF80CE0013B022BC9
:10D630009CBFD5F82C310893DEE7056C95F85C317A
:10D6400023B1012B54D000200DB0F0BD102205F500
:10D65000A07105F584700EF012FF20B10B21204659
:10D6600010F03CFDEFE7D5F858310DF1200C9B0789
:10D6700042BF94F8743043F0020384F874300123FD
:10D6800085F85C310023CDE90833CDE90A3395F8FC
:10D690005D31042B25D11D4B1B6893F85E205AB1D8
:10D6A000674603F13E024E333E4610685168083229
:10D6B00003C69A423746F7D105F58C73069304F1F9
:10D6C0005303059304F15A030493EB7A05F1B8026E
:10D6D00003932B7B02936B7BCDE900C305F1C80359
:10D6E0009EE7013B022B9CBFD5F82C310893E3E762
:10D6F00005F58C7110F04BFB8821204610F0CFFB14
:10D70000A1E70DB0BDE8F040FEF7E4BF042D002016
:10D7100045F21403994213B504462BD00CD8B1F549
:10D72000A04F13D045F20E03994232D0204602B0EA
:10D73000BDE81040FEF7CEBF45F219039942F5D17E
:10D74000137813BB0C2110F0C9FC10E010F003FBA0
:10D75000216C204601F59473019301F1B803009305
:10D7600001F1510201F1C803113111F08DF80020CF
:10D7700002B010BD036CD3F82821114BB2FBF3F1BA
:10D7800003FB1121FEF7B2F9F1E7872110F087FBC7
:10D79000EDE79179036C0C310A44511D03F5847354
:10D7A000153251F8040B914243F8040BF9D1226C65
:10D7B000D2F8583143F00803C2F85831D7E700BF18
:10D7C00040420F0045F2100330B59942044685B03F
:10D7D00000F0A6800CD8B1F5A04F27D045F2050384
:10D7E000994228D0204605B0BDE83040FEF772BF10
:10D7F00045F21103994200F0B08045F212039942BC
:10D80000F0D1016C91F85D3113B1043B012B03D8C9
:10D810002046B83110F0D7FA236C93F85D31042B11
:10D8200040F2DF80052B03D1862192E010F093FABD
:10D83000002005B030BD9179036C0C310A44511DB4
:10D84000C833153251F8040B914243F8040BF9D157
:10D85000206CD0F8583113F0040354D090F85D31A7
:10D86000042B22D1604B1B6893F85E5065B10021F8
:10D8700000F111020091114600F5A07001903E33B5
:10D88000204610F079FCD3E71021B83010F03DFBB2
:10D8900058B10821204610F021FC40F207402946EB
:10D8A000FEF710F940F20740C3E7216C91F85D31B3
:10D8B00001F1C80213B1043B012B12D801F1F803A6
:10D8C000039301F59873029304F15A03019304F151
:10D8D0005303009301F1B8032046D831FFF708FA4B
:10D8E000A6E701F5A073019391F85C01D1F82C3102
:10D8F000C34003F0010343F080030093134601F19A
:10D9000051021131BCE780F85C3100F1C80200938C
:10D9100000F5987100F5A073204611F029F887E70B
:10D92000056C102205F1980105F5A0700EF0A7FD19
:10D9300020B10421204610F0D1FB79E78821D5F8E9
:10D9400058319B0742BF94F8743043F0020384F8C7
:10D950007430204610F0A3FA6AE7056C95F85D3143
:10D9600005F5A070042B1ED11F4B102219684E31F3
:10D970000EF085FD0028DCD1102105F1B80010F073
:10D98000C4FA216C01F1F803039301F59873029333
:10D9900004F15A03019304F15303009301F1C80207
:10D9A00001F1B80398E70146102205F198000EF046
:10D9B00066FD0028BDD105F1B801204610F003FA3C
:10D9C000216C91F85C310133DBB2142B81F85C31AE
:10D9D000D8D0D1F8583123F00103C1F8583184214F
:10D9E000B7E78721B5E700BF042D002045F21503F6
:10D9F0009942F7B5044651D00CD8B1F5A04F19D0D3
:10DA000045F20D0399421BD0204603B0BDE8F0401B
:10DA1000FEF760BE45F216039942F5D1016C01F1A3
:10DA2000D8030093D1F8943001F131021131FFF79E
:10DA300013FA01E010F08FF90027384603B0F0BD6B
:10DA400093790C331A44551D02F1250632462946B6
:10DA5000FEF7A6FA074620B10B21204610F03EFB48
:10DA6000EBE72946236C113351F8042BB14243F8FC
:10DA7000042BF9D1236C01F12002313351F8040B4E
:10DA8000914243F8040BF9D1216C204601F1940333
:10DA900001F171025131FEF739FDCDE710F0CBF9FC
:10DAA000236C93F85D31052BC6D8DFE803F019032A
:10DAB00011111E192046822110F0F1F90C4B20465D
:10DAC0001B68D9684B1C5A425A41FEF725F8B3E748
:10DAD0002046822110F0E3F92046FEF74DF8ABE72F
:10DAE0008321204610F0DBF9A6E78521F9E700BF86
:10DAF000042D0020204B10B51B6804469B6913F0D1
:10DB0000040310D141B180F8773090F87010BDE86F
:10DB100010401A480EF034BD90F87330012B03D139
:10DB20008368580705D410BD022B02D183685907BA
:10DB3000F9D494F9772094F87730002AF3DBB3B95D
:10DB4000012384F8773094F877305B08EBD04FF4FA
:10DB50007A7294F87010534308480022FCF752F987
:10DB600094F8773063F07F0384F87730DBE75A0668
:10DB7000E9D45B00E5E700BF042D0020102D002054
:10DB800045F21E0330B599420446154689B010D8B7
:10DB900045F21603994213D845F20103994200F069
:10DBA000828145F20C03994222D0B1F5A04F00F0DA
:10DBB00080812A46204609B0BDE83040FEF78ABD84
:10DBC000A1F5A043173B072BF3D801A252F823F08D
:10DBD000B5DC0208B3DB0208B3DB0208B3DB0208E2
:10DBE00061DE0208B3DB02082DDE0208A1DC0208B8
:10DBF00090F97730002B02DB8268530707D5204667
:10DC0000092110F06BFA41F2092009B030BDAB795F
:10DC10002B44914D5B7C2D6803F008016D7CD5B1E0
:10DC200021B9032110F05AFA2120EEE713F0040F76
:10DC300003F0010308D042F00802826093B9A368A0
:10DC400043F02003A36013E0002BF8D0836843F077
:10DC500010038360F3E7580744BF42F00802A26054
:10DC6000DB0703D5A36843F01003A3600029E6D1C6
:10DC7000A368224643F00403A36078492046FCF7DA
:10DC8000E3F80221204609F05CFF47F230530022FE
:10DC900045F21A012046FCF7B5F8A3689D054AD560
:10DCA000A368580747D594F8700009B0BDE8304024
:10DCB0000FF05FBF90F87430D90745D590F97530F3
:10DCC00001333AD094F9131001291DDCA2689306A0
:10DCD0000DD5614B15071B6801D4187C38B1187F2E
:10DCE00010B91878032802D09B6998072CD5012910
:10DCF0000AD0594B11071B6801D41A7C22B11A7F34
:10DD000012BB1B78032B1FD10023CDE90433CDE9CF
:10DD1000063309F02BFC012801AB2DD0A06AE16A83
:10DD2000228E03C31A802046BDF8042004AB0DF1F7
:10DD30000601F0F7DBFA002067E78368DA0616D4FD
:10DD4000FDF7DCFD0028BDD0434B1B68197F02297D
:10DD500029D1DA7C3AB393F85E3023BBA3685A0723
:10DD600017D5204610F0BAF941F202204DE7FDF731
:10DD7000A9FD0028E4D0E7E70A22022194F9750002
:10DD800009F037FC0028CED1CDE90100ADF80C0038
:10DD9000C9E7204641F20221FDF776FE0121204627
:10DDA000FFF7A8FEE0E720460FF0A7FFA56860B9DF
:10DDB0006B0705D50821204610F090F91A2024E7BA
:10DDC0001A212046FDF760FEF8E715F0040508D09B
:10DDD000FDF79CFDC8B1204694F97510FDF7E0FEF3
:10DDE000A9E722461D492046FCF72EF802212046CD
:10DDF00009F0A7FE47F230532A4645F21A012046A1
:10DE0000FCF700F8A3685D07E2D4226CD2F8583121
:10DE100043F020032046C2F85831FFF701FB0028E9
:10DE200089D04121204610F03AF884E7FDF76EFDD5
:10DE3000002868D0226C002A65D0A368580762D5F4
:10DE4000D2F8583199065ED429780029E0D105210D
:10DE5000204610F043F96EE7042D0020F5DE03089C
:10DE600090F87430D80707D44021204610F017F8F6
:10DE700029462046FDF708FEA36859077FF55BAFEA
:10DE8000204645F21A010EF07BFB204622461F4930
:10DE90000EF0AFFBA368022123F03C032046A360F1
:10DEA000EDF736FD47E7024618491948FBF7CCFF66
:10DEB00041E745F21A010EF063FBA36823F03E032D
:10DEC000A360236C6BB193F95E01421C09D094F9F5
:10DED0007520013203D0D3F858315B0601D5ECF739
:10DEE0000FFB2246204609490EF083FB22460749D4
:10DEF00007480EF07EFB20460221EDF709FD204683
:10DF000010F04CF817E702207FE600BFF5DE0308AB
:10DF1000D027002045F21E0399422DE9F341044623
:10DF2000154611D845F21603994214D845F201035B
:10DF3000994200F0438345F20203994200F09C802D
:10DF4000B1F5A04F00F040832A46204602B0BDE85C
:10DF5000F041FEF7BFBBA1F5A043173B072BF3D859
:10DF600001A252F823F000BF89DF020849DF02084E
:10DF700049DF020849DF020877E5020849DF0208A5
:10DF800049E102080FE10208874E33681A7F022A2E
:10DF900011D1DA7C7AB193F85E3063B941F2022193
:10DFA000FDF772FD20460121FFF7A4FD41F202209A
:10DFB00002B0BDE8F081A368590701D50220F7E758
:10DFC0002046FDF77FFC3368051E1A7818BF01252F
:10DFD000032A07D019696AB211F0FF1F28D042F056
:10DFE000040503E094F87420920729D49A699607EF
:10DFF00023D41A7F012A20D045F0080502210B20E6
:10E000000FF0B9FE024600B3837903445D7394F9BF
:10E010007530013303D094F87430DD0703D5A3685D
:10E0200043F00203A360062120460CF027FD0CE01C
:10E0300094F874108F07D2D4D8E75B7C002BDDD026
:10E0400041F203212046FDF71FFDA368224643F05D
:10E050000403A36055492046FBF7F6FE0221204643
:10E0600009F06FFD47F23053002245F21A012046B5
:10E07000FBF7C8FE00209BE78368580703D494F998
:10E080007730002B05DB236C53B1D3F85831D90618
:10E0900006D52046092110F021F841F2092087E732
:10E0A00020460FF02AFE28B90821204610F016F865
:10E0B00021207DE7206CD0F8583143F01003C0F8E0
:10E0C0005831AB790C332B445A68C0F803201A89B5
:10E0D000A0F8072001229B7A4372236CDA70A268B1
:10E0E00012F0040610D1224630492046FBF7ACFE60
:10E0F0000221204609F025FD47F23053324645F211
:10E100001A012046FBF77EFEA3689A05B2D5236C60
:10E11000002BAFD0D3F85831DB06ABD5FDF7F6FBBB
:10E1200094F9751030B1A3689F0703D42046FDF71A
:10E1300037FD9FE70846ECF7D9F828B194F874301A
:10E14000DE0701D40521B0E7236C002B3FF436AF86
:10E15000D3F85831D8067FF531AF99063FF52EAF89
:10E16000FDF7D4FB48B1A3689A0706D42B7823B9EE
:10E17000052120460FF0B2FF7CE7A368256C23F051
:10E180000203A360D5F85831074F43F02003C5F8C8
:10E1900058313B68EA791B7A934202D8A37C9342B8
:10E1A00006D9062181E700BF042D0020F5DE030813
:10E1B00094F9521094F852300029B2BF012383F031
:10E1C0000803C3F3C003102A28BF10226B7094F811
:10E1D0006030204683F00803C3F3C003AB70A27421
:10E1E000AE79FDF76FFB90B3F30730D594F9753036
:10E1F000D4F84080581C20D088F85E3106F00D0617
:10E200003B689A69910704D41A7F012A01D032072A
:10E2100001D406F0F7061A78032A1BD01B6913F005
:10E22000FF1F01D046F00406072102200FF0A3FDD6
:10E230000190A8B940F20340BAE62046ECF764FA30
:10E2400088F85E01236C93F95E310133D6D106F074
:10E250000C06D5E71B7F002BE6D106F0FB06E3E7B3
:10E2600090F806C03A680CF10C0C137800EB0C0126
:10E270004B70137F012B06D0022B45D192F85E30F4
:10E28000003B18BF01238B701023CE7016F00106DF
:10E2900008BF32460B711FBF2B7A6A7A03F0030363
:10E2A0004B71236C14BF02F003024E718A7183F824
:10E2B00051214A7983F8502150F80C20C3F80A20E4
:10E2C0008A88DA818A791A7406B3206C90F8501122
:10E2D00011F002061AD194F85210062281F00801BA
:10E2E00090F95E0104F14C03C1F3C00109F040F95B
:10E2F00060B13146FDF7E6FB204608210FF0EEFE47
:10E3000001A80EF07CFA95E70023BCE7019E002EE1
:10E3100090D0FDF7F3FA95F806C018B994F9753066
:10E3200001330FD01CF0010F04D0236C93F95E3140
:10E33000013307D1052120460FF0D0FE3046FBF710
:10E34000EFFEB5E63B680CF00802597C29B112B12A
:10E350006A7B100703D40321EDE7002A70D06A7BA3
:10E3600011076DD5D5F8581141F00401C5F85811C1
:10E37000B5F8501121F4807121F00101A5F8501178
:10E38000187F697902280FD091B942EA0C0212F085
:10E39000040240D185F85D211B7C002BDBD194F871
:10E3A00074309807D7D40DE021B993F85E203ABBBA
:10E3B0000221C0E7012283F83D20DA7C32BB04232E
:10E3C00085F85D3194F91330022B03D1D5F858311B
:10E3D0005A07C0D509F0CAF801284DD194F9750043
:10E3E000431C49D0002201A9C0B2FDF78FFC0028D0
:10E3F00042D1236C93F85021910737D40A219AE730
:10E4000083F83D10DB7C002BD2D1D8E793F85E3047
:10E41000002BD4D1CCE72A791978052A28BF03220A
:10E420007C4801EB810101448A5C85F85D211B7CFD
:10E430001BB994F874309907C4D5002AC2D18AE771
:10E440001A7F012A02D16A79002AB8D11CF0040F80
:10E4500003D16A7B12F004029CD02A791978052A2C
:10E4600028BF03226C4801EB8101DCE793F85131AE
:10E470009A0701D40A2118E694F97500431C18D0B4
:10E48000226C0821D2F8583143F04003C2F85831C9
:10E4900009F085F8052194F9750009F054F8032175
:10E4A00094F9750009F04FF8062194F9750009F008
:10E4B0004AF83246062120460CF0E0FA95F85D3124
:10E4C000206C042B1DD13B6800F5987003F11D02F0
:10E4D0002D3352F8041B9A4240F8041BF9D1D5F8A9
:10E4E000583195F85D2103F004018AB923F0020345
:10E4F000C5F85831E274B9B1812120460FF0CFFC44
:10E50000B8E51022002100F598700DF0E2FFE6E773
:10E5100043F00203C5F8583141B90123032AE374DB
:10E5200012D9042A7FF4A6AD8421E6E7A37C0F2B41
:10E5300089BF94F87430012343F0080384F87430E1
:10E5400088BF0223E374D7E7012A07D0204682213F
:10E550000FF0A5FC2046FDF70FFB8BE5204682213E
:10E560000FF09DFC3B682046D9684D1C6A426A4109
:10E57000FDF7D2FA7EE590F87430D80707D48021F1
:10E5800020460FF08CFC29462046FDF77DFAA36853
:10E5900059077FF56FAD45F21A0120460DF0F0FFE7
:10E5A000224620461D490EF024F8A36823F00403F8
:10E5B000A36002212046EDF7ABF95BE5024617495F
:10E5C0001748FBF741FC55E545F21A010DF0D8FF5D
:10E5D000A36823F03E03A360236C6BB193F95E0143
:10E5E000421C09D094F97520013203D0D3F8583178
:10E5F0005B0601D5EBF784FF2246204607490DF064
:10E60000F8FF2246054906480DF0F3FF20460FF0BB
:10E61000C5FCCEE7A26D0408BB6D0408F5DE030857
:10E62000D027002007B506480EF007F90421019015
:10E630000DEB01000EF0EBF9019803B05DF804FB5F
:10E64000142D0020F7B5186810F0020003D0164E04
:10E65000316811B9012003B0F0BD00240422234623
:10E660000DEB020001940EF0B9F8BDF80630DB079F
:10E6700002D4FFF7D7FF044600250C4F57F8043BA0
:10E6800023B12146BDF80400984748B13368002BF8
:10E69000E0D0074B022193F90000FBF70FFAD9E70E
:10E6A0000135062DEAD1F1E7142D0020182D0020A8
:10E6B000C72E002010B50948FBF7F0F90024084BDD
:10E6C0000849187020200C60FBF774FD064BC3E965
:10E6D0000044C3E90244C3E9044410BD2C330020C4
:10E6E000C72E0020142D0020182D00207047D7F7CA
:10E6F000D5BE08B5DFF718FFFFF7F8FF02F080FC82
:10E70000FFF7F5FF11F048FAF8E708B5D8F70AFB6C
:10E7100000F094F8BDE80840D8F708B808B5D8F775
:10E720002DFBBDE8084000F065B800B5C3B0F3F7B5
:10E7300021F90CF0BFFE48B100F06FF830B101A82C
:10E740000CF06BFE10B901A8D8F7EAF843B05DF8F9
:10E7500004FB00F0C1B970477047E0F745B8704757
:10E7600008B5D8F76BFE02F0EDF802F0F6F8D8F72E
:10E7700059FED9F701F9BDE80840DAF7FFBF08B53F
:10E78000D7F786FEBDE80840D8F7CABC08B5D9F768
:10E7900091F9D9F745FAD7F727FFBDE80840D8F730
:10E7A00053BE08B500F096F9DFF768FA01F095FC62
:10E7B000E0F752FD01F0ABF901F093FC02F0BDF877
:10E7C000BDE8084012F010B908B5DDF7B7FD01F05B
:10E7D0009AF9BDE8084002F02DBCFFF79FBF7047D3
:10E7E000D8F7DCBDFFF7A1BFD8F7D8BC00F004B85C
:10E7F000D8F754BAD8F79EBB0120704709B100BEC4
:10E80000FDE7704708B50020FFF7F8FF08BD704727
:10E8100080B2F2F71DBDF2F723BDD7F709BF37B5B8
:10E820000D460446D8F778FA00232A464FF4FA71C9
:10E8300020460093D8F70AFD03B030BD70477047FB
:10E84000704709B100BEFDE7704708B50120FFF72A
:10E85000F8FF08BDF8B50E4617461D46044660B1E0
:10E860005BB111F0B4FFE5600025E780A68025606C
:10E87000A56011F0A7FF2846F8BD2220FCE7F8B5F7
:10E880000E46044600283DD000293BD0C368002B2B
:10E890003AD011F09CFFA18805466088884215D2C5
:10E8A0002388E2880344B3FBF1F001FB1033E068F6
:10E8B000314602FB03000DF014FE638801336380D0
:10E8C0000024284611F07EFF2046F8BDA368BBB1A6
:10E8D000E1882288E768204601FB0277394698479D
:10E8E0000028EDD03146E28838460DF0FAFD238845
:10E8F000A2880133B3FBF2F102FB11332380DFE77F
:10E900001D24DEE72224DFE71124DDE770B50D4684
:10E91000044610B309B3C3680BB311F058FF638802
:10E920000646C3B1E288E3682188284602FB01312C
:10E930000DF0D7FD2388A2880133B3FBF2F102FB6F
:10E94000113323806388013B63800024304611F03B
:10E9500039FF204670BD1B24F8E72224F9E7112473
:10E96000F7E7037970B503F0200304460E4639B982
:10E9700013B1406A02F01FFA002584F8206018E005
:10E98000002BF9D0E369408B5843103002F00FF9A7
:10E990000346606278B10022618BA2626284103308
:10E9A000A28BFFF757FF05460028E5D0606A02F00A
:10E9B00002FA284670BD1925FBE710B5044690B150
:10E9C0000379990711D090F8203083B111F0FFFE40
:10E9D000A36A5A1C1BBF0133A3620124002411F057
:10E9E000F1FE204610BD2524FBE70F24F9E70224A1
:10E9F000F7E740B103791B0707D590F8200080F0B6
:10EA0000010040007047252070470F207047FFF736
:10EA1000F0BF70B50C460546F0B1F9B112B30379F9
:10EA200099061DD5C36993421CD390F82030DBB101
:10EA300011F0CDFE21460646686AFFF720FF044626
:10EA400028B9AB6A5A1C0EBF01240133AB623046B1
:10EA500011F0B8FE204670BD2524FBE72224F9E71B
:10EA60000F24F7E72124F5E70224F3E7F8B50C4675
:10EA700016460546C8B1D1B1CAB1037903F02803DF
:10EA8000282B16D190F82030ABB111F0A0FE214612
:10EA90000746686AFFF73AFF044608B9EB69336036
:10EAA000384611F08FFE2046F8BD2524FBE72224CE
:10EAB000F9E70F24F7E70224F5E707B5042101225F
:10EAC0000DEB0100ADF80420D9F7C6F8002003B023
:10EAD0005DF804FBFFF7F1BF07B504210123002215
:10EAE0000DEB0100ADF80430D9F7B6F8002003B003
:10EAF0005DF804FB70B5002506462C46052C20D891
:10EB0000DFE804F003070B0F13175B210820D9F788
:10EB100037F80C210820D9F733F8D1210820D9F78C
:10EB20002FF880210820D9F72BF800210820D9F7E9
:10EB300027F86C1C2946E4B208202546D9F720F8AE
:10EB40000624A4F10E03012B05D85A210820D9F779
:10EB500017F80134D2E7102C05D1BDE870405D21D3
:10EB60000820D9F70DB8B31F195DEFE7FEE70023C2
:10EB70009A4200D1704710B550F8234041F8234025
:10EB800001339A42F8D110BD7FB54FF000639E6A01
:10EB9000044606F17843B3F5C04F0D460ED200236C
:10EBA00001A80393D8F7C0FD039B5B0506D5294652
:10EBB0002046336C04B0BDE87040184704B070BD07
:10EBC0001FB54FF000639B6A03F17842B2F5C04F66
:10EBD00004D340F2011005B05DF804FB1B6B03F198
:10EBE0007843B3F5C04FF4D201238DF804300023ED
:10EBF00001A8CDE90233D8F797FD039BDB03E8D5E5
:10EC0000029B1A0EE5D0012A03D1C3F307430A2B56
:10EC1000DFD94FF000639B6A1B6B1B6C9847DAE7E8
:10EC200000230360704703680B600160704703684E
:10EC300013B90B60016070471846F8E7FEE74FF024
:10EC400060420123D2F8001E83400B430020C2F82B
:10EC5000003E70474FF060410122D1F8003E8240F3
:10EC600023EA02030020C1F8003E704738B50D4684
:10EC7000044618B311B30378EBB1012B03D0022B78
:10EC800019D0032B1CD13F236278D340DB0717D563
:10EC900011F0A6FD30222378534303F1A04303F57E
:10ECA00070335B6C6278D34003F001032B7011F07A
:10ECB00092FD002038BD40F2FF33E5E72220F9E75E
:10ECC0002120F7E710B588B00C460E990092079105
:10ECD0000D99024606919DF8301005910B9904910B
:10ECE0009DF8281003910021CDE901310846234603
:10ECF000D9F7B6F808B010BD10B588B004460E9824
:10ED0000009207900D98224606909DF830000590DD
:10ED10000B9804909DF8280003900020CDE9013065
:10ED20000B460121D9F79CF808B010BD4369426C2D
:10ED3000D91C143AB1FBF2F103EBC1000330B0FB74
:10ED4000F2F00230704738B505460C46FFF7EEFF8B
:10ED50006A6CE31D143AB3FBF2F3013304EBC30412
:10ED600002FB004038BD38B5054644692146FFF72F
:10ED7000EAFF6A6CE31D143AB3FBF2F3013304EBD0
:10ED8000C304204438BD73B506460D460024F36B1A
:10ED900001225B6901A928199847019B013309D118
:10EDA000736C043462196A405B421A42EFD0204609
:10EDB00002B070BD0024FAE770B505460C46DAF7DC
:10EDC000E7FCEB6B2046BDE87040DB68184770B588
:10EDD0000025044686B00562E369AB4202D8206A8A
:10EDE00006B070BD666C2068E36B05225B6901A903
:10EDF00006FB0500984701A800F030FC00F053FC2A
:10EE000010B1236A013323620135E5E738B50446C2
:10EE1000456C006804F1400305FB0101E06B00F064
:10EE20004FFC05462046FFF7D2FF284638BDF0B517
:10EE30000546002687B0EC69013CB44203D80C4675
:10EE4000204607B0F0BD01B14C1E6F6C2868EB6B1B
:10EE500005225B6901A907FB0400984701A800F09F
:10EE6000FDFB00F020FC0028EAD121460136E2E754
:10EE7000F0B504460D46466CE36B006887B005228A
:10EE80005B6901A906FB0500984701A800F0E6FBB5
:10EE900000F009FC20B101A800F0B7FB07B0F0BDFD
:10EEA00029462046FFF7C3FF0646676C2068E36BE0
:10EEB00005225B6901A907FB0600984701A800F03D
:10EEC000A4FB431CEAD0B54238BF0130E6E72DE988
:10EED000F0434FF6FF79D0F8248004460E46C8452B
:10EEE00014BF45460025002787B0E369BB4202D81E
:10EEF00007B0BDE8F083E26B2368606CD2F814C001
:10EF000000FB0530052201A9E04701A800F0A6FB9F
:10EF1000022806D0C8450CD1721C29462046FFF7AE
:10EF200075FFE3690135B5FBF3F2013703FB1255B9
:10EF3000DBE729462046FFF79BFFB0F1FF3F14BFF8
:10EF4000024632460132E8E70368F0B5CC1A436C5A
:10EF50000646B4FBF3F4002587B0F36937685A1E00
:10EF60009542706C08D3706C336800FB043007B0B6
:10EF7000BDE8F04000F0A2BB0134B4FBF3F203FBA8
:10EF80001244F36B05225B6901A900FB04709847EA
:10EF900001A800F063FB00F086FB0028E3D10135F7
:10EFA000DBE710B423F0030422449B070A44436CBC
:10EFB00018BF04325B4282EA0104234203D05DF8A9
:10EFC000044BFFF7C1BF10465DF8044B70472DE9B5
:10EFD000F041D0E90A369E42044686B028D1142278
:10EFE000C369456802FB1355284606B0BDE8F081A9
:10EFF0002068676C331AB3FBF7F3E26B07FB03007F
:10F00000D2F8148001A90522C04701A800F026FB10
:10F01000012804D0636C1D44013B3340ED1A314696
:10F020002046FFF791FF0646A36AB342E0D1DBE733
:10F030000025F9E708B508301346D1E90012DAF7E0
:10F040002DFB012008BD13B50C460021217600934D
:10F05000616813462246D9F79FF818B1E37D03B1E2
:10F06000A07EA075A07D02B010BD73B5164600F15C
:10F0700008050C46284609680DF1070200F0A1F9C1
:10F08000032E06D16368834203D12846216800F02D
:10F090007FF9012002B070BDD01E009B4242424168
:10F0A000187E824211D11A688A420ED85A688A4262
:10F0B0000BD35A6901325A61D3E9030282423FBF3E
:10F0C000986840F8221001321A610120704710B58B
:10F0D000032A029C07D1A26A5340626C5242134237
:10F0E00001D100F055F9012010BD08B5C36800201A
:10F0F0009847BDE80840DAF753BB012814BF042045
:10F10000022070B5002442431C70CC7D101D02F01B
:10F1100002024CB91AB1012220F003001A7000F16A
:10F1200008034868184470BD1AB1012220F003009A
:10F130001A7000230C7E01F12005DAB2944201D846
:10F140000020F0E735F833205E1C824206D901EB3F
:10F15000C30300F10802D8691044E4E73346801A7B
:10F16000EBE773B5054690F842601C4630460DF15A
:10F170000303FFF7C2FFEB6B012E5B690DD1324633
:10F1800001A998479DF8033013B1BDF806300193EB
:10F19000BDF80430236002B070BD0122214602B0E8
:10F1A000BDE870401847F0B5054600244868EB6B91
:10F1B00087B00E4601225B69029402A90830984785
:10F1C000274695F84230012B40F08480632C02D909
:10F1D000029807B0F0BD612C08D805AB2246314635
:10F1E0002846FFF7BEFF9DF814301BB305AB22463F
:10F1F000314628468DF81070FFF7B3FF95F842307E
:10F20000012B059B55D14FF6FF72934200F096807B
:10F21000082205A904A800F06DFA059B9DF81010BE
:10F22000C3F30722914240F08980DBB2029A1A446C
:10F23000029283E095F84230012B30D122463146CC
:10F24000284603ABFFF78DFF3146284604AB621C0E
:10F25000FFF787FF3146284605ABA21CFFF781FF69
:10F26000102208230DEB02010DF107008DF8073085
:10F2700000F040FA102205A90DF1070000F03AFA5B
:10F28000039BDAB2002A52D19DF80720B2EB132F6C
:10F290004DD1DDE9043203EB0243029347E0302C09
:10F2A0002BD944E09DF80720B2EB134F3FD1049BCC
:10F2B000F3E7013342D0102205A90DEB020000F064
:10F2C00019FA059B9DF81010C3F30742914235D1FE
:10F2D0009BB2ABE7312C3FF67BAF87D005AB224624
:10F2E00031462846FFF73DFFBDF81430002B7FF470
:10F2F0007DAF95F84230012BA0D0224631462846FA
:10F3000003ABFFF72EFF3146284604AB621CFFF724
:10F3100028FF102320220DEB03010DF107008DF8CB
:10F32000073000F0E7F9039B9AB2002ABAD095F8AB
:10F330004230012B14BF012302231C44013440E757
:10F3400013B500240194049C0094D9F70BFC02B07F
:10F3500010BD13B501240194049C0094D9F702FC5C
:10F3600002B010BD00234FF0FF3230B544689C421C
:10F3700002D10023037230BD016801EBC30541F8DF
:10F3800033206A600133F2E7C0E90012FFF7EABFF9
:10F390000023F0B545689D4210D00468DF0054F8A2
:10F3A000332004EBC306B2F1FF3F08D0C2F31302CF
:10F3B000914204D14FF0FF33E3517360F0BD01334C
:10F3C000E9E70023F0B545689D4202D14FF0FF30D8
:10F3D0000EE00468DE0054F83340671C09D0C4F323
:10F3E0001307B94205D1240D1470036833445868DB
:10F3F000F0BD0133E8E7704770B59400224605463A
:10F400000E4611F0B9FC431C0AD058B922463146C9
:10F4100028460DF034F8002814BF3D20002070BDB0
:10F420006E20FCE77120FAE713B5044601A8DCF76B
:10F430004FFC9DF8063023804FF480736380DCF727
:10F440005FFC6060002002B010BDDCF707BC08B5AF
:10F45000DCF7F4FB002008BD10B5044644EA0103C4
:10F4600013F00303084609D1934201D1002010BDD7
:10F4700054F8231040F823100133F5E72146920099
:10F480000DF02FF8F2E710B5044611F079FC431C9B
:10F4900010D088B9DCF734FC234620F00300204468
:10F4A000984201D1002010BD53F8042B0132F7D04F
:10F4B0003E20F8E76E20F6E77120F4E70A460139AE
:10F4C0000144DEF737BE13B50023044601461B2274
:10F4D0000DF107008DF8073000F00CF922689DF857
:10F4E0000730B3EBD26F0CBF0120002002B010BD7B
:10F4F00013B500230446014620220DF107008DF8C4
:10F50000073000F0F7F80DF107001A22211D00F076
:10F51000F1F862689DF80730B3EB926F0CBF0120E1
:10F52000002002B010BD0068431C5842584170478B
:10F53000006810F07E0F0CBFC0F3C1600020704760
:10F540000068C0F3D3107047006800F07F00012806
:10F550008CBF002001207047036813F07E0F14BF9A
:10F56000042008207047036813F07E0F03D1406821
:10F5700020F07C40704713F078001CBF03F07F033D
:10F58000D81F7047006800F07F007047032809D03B
:10F59000022803D1C1F10201C8B2704700290CBF93
:10F5A00007200020704737B5054601F10C04436978
:10F5B0006946012220469847BDF800300122019398
:10F5C0002046AB6901A9984703B030BD37B501F1BA
:10F5D0000C044369012269460546204698474FF6C8
:10F5E000FF72009B99B291420DD11B0C1B0443F496
:10F5F000254343F0A503019301222046AB6901A9ED
:10F60000984703B030BD0020FBE737B5044600251E
:10F610001B22011D0DF107008DF8075000F06AF85C
:10F6200060689DF80720B2EBD06F03D120F07840DE
:10F6300003B030BD0DF107001B2204F108018DF865
:10F64000075000F057F8A0689DF80730B3EBD06F73
:10F6500001D1C043EAE74FF0FF30E9E74BF29A22CD
:10F66000036810B5B2EB134F044613D19BB2012BC4
:10F6700013D1FFF7CAFF01300CD04FF6FF72E068DC
:10F68000B2EB104F4FEA104309D180B2C01A18BF35
:10F69000012010BD2368013303D00420F9E70220C4
:10F6A000F7E70320F5E701288CBF00200120704711
:10F6B000033801288CBF00200120704714307047A8
:10F6C0002DE9F04105469846036908460E4617465F
:10F6D0009847044638B943463A4631462846DAF751
:10F6E000CFF8044618B131462846FFF75CFF2046A4
:10F6F000BDE8F0811F2A0B689EBF4FF0FF3191409B
:10F700008B43590801F055315B1A03F033319B08E4
:10F7100003F033330B44017803EB13130A444FF027
:10F72000013103F00F334B43A2EB136202707047B9
:10F7300030B5C27EC37F85B004460D468DF80020EB
:10F740008DF8013081B3012204216846D8F784FA8C
:10F75000237F01228DF8043094F82030022101A883
:10F760008DF80530D8F778FA94F83530023B012B44
:10F7700017D8637F00228DF8083094F821300121DA
:10F7800002A88DF80930D8F767FA00220421A37F78
:10F790008DF80C3094F822308DF80D3003A8D8F78E
:10F7A0005BFA002005B030BD0A466846D8F754FA27
:10F7B000237F2A468DF8043094F82030294601A88A
:10F7C0008DF80530D8F748FA94F83530023B012B14
:10F7D000E7D8637F2A468DF8083094F8213029460F
:10F7E00002A88DF80930D8F737FAA37F2A468DF89A
:10F7F0000C3094F8223029468DF80D30CEE70023E6
:10F8000007B58DF8033090F83530022B0BD1437FCC
:10F810000DF103018DF8043090F8213001A88DF826
:10F820000530FFF723FA9DF8030003B05DF804FBF1
:10F8300070B5044610F0D4FFA36B05464BB910F029
:10F84000C6FF01210646084610F04EF9304610F07A
:10F85000B9FFA36B28460133A363BDE8704010F0E5
:10F86000BABF38B504460D4610F0BAFFA3889BB264
:10F8700023B92B60BDE8384010F0ADBF1422638877
:10F880009BB202FB034308332B606388E2889BB280
:10F890000133B3FBF2F102FB11339BB26380A38807
:10F8A000013B9BB2A380E5E790F8363013B90368BB
:10F8B00098697047022B06BF0368986C0020704758
:10F8C000836A9888C0B2704737B590F835500446BF
:10F8D000022D21D1417E827F90F8223049B98DF8E6
:10F8E00004208DF8053001A8D8F710FA002003B0E5
:10F8F00030BD012907D18DF804208DF8053001A80D
:10F90000D8F7DCF9F2E7017E8DF804208DF8053098
:10F9100001A80029F4D1E7E7012DE7D1037E6BB9F7
:10F9200011238DF80430DAF735FB2A46204601A969
:10F93000DAF7AEFA2046DAF745FBD7E71323F0E70C
:10F9400070B5054614460E4610F041FF2B685C402A
:10F9500034405C402C60BDE8704010F033BF08B507
:10F960000FF0C0FCBDE808400021DBF729B80029F2
:10F97000CCBF01210021DBF723B802214FF4207016
:10F98000DBF714BC70477047704770477047436D92
:10F990000B42FCD1704708B54368DA0714D5836879
:10F9A000DB0702D50369D90707D50A2350218363F2
:10F9B000FFF7EDFF836C9A07FCD1012200F500539D
:10F9C0005A6043689B07FCD408BD38B50A46044614
:10F9D00019B9BDE83840FFF7DEBF012100F58053BB
:10F9E000596002F00F0540F6FF71FFF7D0FF782154
:10F9F0008563FFF7CCFF02F00103520748BF43F0D5
:10FA00000203A26C02F003029A42FAD138BD836C61
:10FA10005B06FCD541647047836C5A06FCD5416493
:10FA2000836C1B06FCD5C06B80B270470346142B59
:10FA3000084604D00AD8012B08D0122B06D1022880
:10FA400003D0032808BF01207047002070473AB157
:10FA500022F0030202F1A04202F5603209B91060FF
:10FA600070470002FBE770B5044685684FF42070CC
:10FA7000DAF7ECFFA36805F00102E16903F0600327
:10FA8000BDE87040DCF776B9012200F580535A607A
:10FA9000CB43934003F00A034361416111B900F580
:10FAA00000504260704783695B06FCD5C1637047B4
:10FAB00070B5054614460E4610F089FE2B685C4072
:10FAC00034405C402C60BDE8704010F07BBE21FAF1
:10FAD00000F2D20730B5034600F0FC040FD5002237
:10FAE0000132D2B2042A02D14FF0FF3008E083186D
:10FAF00003F00303234421FA03F5ED07F0D418467D
:10FB000030BD00207047F3F78FB80CF0FFB800202D
:10FB1000704708B110F0C5BE2120704708B92120F8
:10FB200070470029FBD0036813F0704209D1C3F37A
:10FB30000E030B601BB94368002BF0D00B60002054
:10FB40007047B2F1004F07D18268D2040ED5C36965
:10FB5000002BE4D01B68ECE7B2F1204FF4D0B2F1F7
:10FB6000304FF1D0B2F1404FEED0D8E703F07F0331
:10FB7000DFE737B50C46054610B9212003B030BD8C
:10FB80000029FAD0002301A90193FFF7C7FF00283D
:10FB9000F4D1296811F0704102D1019B2360EDE797
:10FBA000AA68B1F1004FC2F38033C2F34035C2F30B
:10FBB000003207D1062103EB450301FB0233019A12
:10FBC0005343EBE7B1F1204F04D12B4402EB820207
:10FBD0001344F4E7B1F1304F02D0B1F1404FCCD132
:10FBE0002B44ECE72DE9F3470D4690469A46044630
:10FBF000F0B1E9B106680F6806F07049BE422AD03C
:10FC0000B9F1004F11D186EA0703B3F1805F13D336
:10FC1000BAF1000F36D1B8F1000F1FD0A368AA685F
:10FC2000534013F4E04F19D002E0B9F1404FEAD04D
:10FC3000212002B0BDE8F0870023204601A90193EE
:10FC4000FFF76CFF0028F3D1019AC2F30E021643AE
:10FC50001743BE42ECD1B9F1000FD9DB002369464E
:10FC600020460093FFF75AFF0028E2D1019001A936
:10FC70002846FFF753FF0028DBD1DDE900239A4235
:10FC8000D7D0D5E7AA68B8F1000F03D0A3685340D6
:10FC9000D904CDD49304E1D4CAE7F7B50C460546A0
:10FCA00048B141B100230B60036803F070430B605F
:10FCB000C268032A02D9212003B0F0BD012A70D8FE
:10FCC00012B143F000632360D5E90223900102F0F2
:10FCD000407169D5B1F1407F69D0002BEBD04FF076
:10FCE0000072236823F0407313432360EA68022AFA
:10FCF00007D12A69032ADED823F47F0343EA0243AB
:10FD00002360EB68032B03D12B69F62BD3D9A370A7
:10FD1000AB681A0442BF236843F400432360EB68D6
:10FD2000032B09D023682A6823F4FF4323F07F03C1
:10FD3000C2F30E02134323602B68AE68002B06F457
:10FD4000805740DB16F4E84FB5D12B6806F4806687
:10FD500003F0704303F10043B3F1804F04D21EB1AE
:10FD6000236843F4806323600023284601A901939C
:10FD7000FFF7D4FE00289FD12B6813F070413BD1D0
:10FD80002368019A23F4FF4323F07F03C2F30E029A
:10FD900013432360002F8FD0EB69002B8BD00F20F3
:10FDA0008AE743F080638EE7B1F1407F04D1002BF6
:10FDB00081D04FF0407294E702F08072002B90D116
:10FDC000002A8ED077E7730406F400520DD4002A7F
:10FDD0003FF471AF236843F400532360002FB4D085
:10FDE000236843F480532360AFE7236843F48043E0
:10FDF0002360002AF2D0EDE703F05043B3F1004F47
:10FE000006D0B1F1304F03D0B1F1404F7FF453AF82
:10FE1000019B2268013B03F07F0322F07F02134322
:10FE20002360002F3FF448AFEA69002A3FF443AF54
:10FE3000B1F1004FB3D1117F71B1002E3FF43CAF4F
:10FE400043F400732360537F002B3FF435AF2368E6
:10FE500043F4807323602FE7537F002B3FF42CAFD4
:10FE6000002E3FF429AFF2E773B50C46054608B9FA
:10FE700021201AE00029FBD00123C6684B609E4276
:10FE800017D8002301A90193FFF773FE68B9019BFE
:10FE900006B11C336A699A4209D32A69002AE7D05D
:10FEA000226043F000530020A36002B070BD1D200B
:10FEB000FBE7023E012EDBD80023F4E72DE9F041F9
:10FEC0000D46044698B0002869D0002967D0002369
:10FED0004FF000728360C0E90023036215A9284631
:10FEE000FFF7DBFE002857D12046159910F0E3FC00
:10FEF000AB68DB043CD52B68002B52DA4FF00108CD
:10FF0000EE696946376873682046CDF8048000932F
:10FF1000029700F0D8F8B368204603A9CDF8108006
:10FF20000393059700F0CFF8F368204606A9CDF8B3
:10FF30001C800693089700F0C6F83369204609A98B
:10FF4000CDF8288009930B9700F0BDF8736920461F
:10FF50000CA9CDF834800C930E9700F0B4F8B36977
:10FF600020460FA9CDF840800F93119700F0ABF811
:10FF7000284612A9DCF7FEFC70B9204600F0A3F871
:10FF8000284615A9FFF770FF30B9204615A910F0D3
:10FF9000B8FC20460FF022FB18B0BDE8F08121200C
:10FFA000FAE70F20F8E770B50E46154604468AB00A
:10FFB00000283ED000293CD0002A3AD0002301225C
:10FFC00029463046FFF70EFE88BBF3688BBBEB6813
:10FFD000013B012B2DD84FF08073A060C4E90030A5
:10FFE000206207A92846FFF758FE00BB2046079964
:10FFF00010F061FC304601A9FFF736FFB8B9204682
:020000040803EF
:1000000001A900F060F8284604A9DCF7B3FC70B938
:10001000204600F058F8284607A9FFF725FF30B919
:10002000204607A910F06DFC20460FF0D7FA0AB061
:1000300070BD2120FBE770B50D46164604468AB018
:1000400000283ED000293CD0002A3AD000230122CB
:1000500031462846FFF7C6FD88BBF3688BBBEB68CB
:10006000013B012B2DD84FF08173A060C4E9003013
:10007000206207A92846FFF710FE00BB204607991B
:1000800010F019FC284601A9DCF774FCB8B9204629
:1000900000F019F8284604A9FFF7E6FE78B92046D3
:1000A00004A900F010F8304607A9FFF7DDFE30B9CB
:1000B000204607A910F025FC20460FF08FFA0AB061
:1000C00070BD2120FBE7436813B9416070475B684E
:1000D0005A68012AFBD159607047FFF718BD01200B
:1000E00070470020704770B506460D4614468CB028
:1000F000CAB11022002108A80CF0EBF9002207ABCE
:10010000029305AB019306AB00933046294608AB3A
:10011000CDE90522DCF704FD18B9099B6360059B56
:1001200023600CB070BD6FF08600FAE708B5FFF7EA
:10013000EEFC002814BF6FF09200002008BDFFF70E
:10014000F5BFF0B51C4600238BB023600F46164662
:10015000FFF7DDFC70B9684610F0A3FB054648B90F
:10016000324639466846DCF7F7FA10B926600BB01C
:10017000F0BD25606FF09200F9E720F00803102B26
:1001800005D0202814BF6FF08600002070470020A3
:10019000704720F0FF03B3F5824F06D14138C0B25B
:1001A000012894BF0020012070470020704710B53F
:1001B0000024436814601B0A04D0012B0AD06FF09E
:1001C000850010BD0088FFF7E4FF00B10131002079
:1001D0001160F6E72C31FAE7406810B5000A029C7E
:1001E00004D0012807D06FF08B0010BD934209D9CD
:1001F0006FF08C00F9E703F12C009042F8D8103131
:1002000003F11C020020C4E90412EEE72B2A034686
:100210000AD9012200200A8048801A684A605A6878
:100220009B688A60CB6070476FF0890070472DE94A
:10023000F0470F4692469946054694B078B171B1A1
:100240006AB14288D31D072B4FEAD3085AD00388DE
:1002500003F4E043B3F5805F04D1530708D06FF097
:10026000860427E0B3F5005FF7D0B3F5804F49D09F
:1002700002AE2022002130460CF02BF932464146D6
:100280002846DDF75BF80446A0B943465246394696
:1002900028460096FFF7A0FF044658B928220146D9
:1002A0000DEB02000CF015F90AA810F0FAFA28B1CB
:1002B0006FF09204204614B0BDE8F08731460AA8DA
:1002C000FFF7FCFD58B1482814BF6FF092046FF09F
:1002D00085040AA8FFF71DFC0028EBD0E8E76B684F
:1002E0001B0A06D14A4641462846FFF760FF0446EE
:1002F000EFE7524639463046FFF788FF04460028AC
:10030000F0D0E6E76FF08504D4E72DE9F0439DB027
:100310000D46DDE9248916461F460446002868D0AC
:10032000002966D0002A64D0002B62D0B8F1000FFB
:100330005FD0B9F1000F5CD02022002102A80CF0A0
:10034000C8F820463246294602ABDDF775F8044668
:10035000F8B90AAD02AE0FCE0FC596E80F0085E8DA
:100360000F000C9A7B1C22F080720E9322F48042C4
:1003700008F1020323F0030342F4005201A90AA882
:100380000D940F930C920194FFF7F3FB28B16FF0DB
:10039000920420461DB0BDE8F083019B0133434524
:1003A000019329D82822214612A80CF092F812A80D
:1003B00010F077FA0028EAD10AAA02A912A8DCF7FD
:1003C000F3FA012812D058B1482814BF6FF09204F4
:1003D0006FF0850412A8FFF79CFB0028D9D0D6E760
:1003E00004233B70019BC9F80030F3E76FF08B04E6
:1003F000F0E76FF08604CCE76FF08904C9E7FFF7F8
:1004000016BFFFF782BF2DE9F04F9FB01546DDE91B
:1004100028AB0F46994606462A9A002800F09F808E
:10042000002B00F09C80BAF1000F00F098800029AA
:1004300000F09580002D00F09280BBF1000F00F0DD
:100440008E80002A00F08B800023B0F80080CBF86B
:10045000003008F44F41EB00B1F5824F13605FD1DB
:100460005FFA88F112290ED128F0FF01B1F5824F11
:1004700002BF083B5B0813601368B3F5047F04BF39
:1004800040F20923136000232A460393394630467D
:1004900003ABDCF79DFE044600283DD1039C40469B
:1004A0000734E408FFF775FE08B1013D01370DF18F
:1004B000100820220021404603940CF00AF821463F
:1004C00042463046DCF73AFF044628BBC6460DF1EB
:1004D000300CBEE80F00ACE80F009EE80F008CE87F
:1004E0000F00EB1C214623F00303282214A8CDE9BA
:1004F0000F4711930BF0EDFF2B465246494630460D
:10050000CDF80080FFF768FE044628B914A810F063
:10051000C8F938B16FF0920420461FB0BDE8F08FE3
:100520002C46C4E742460CA914A8FFF73CFD98B935
:10053000524649464046FFF769FE04460028EBD183
:100540005A4629463046FFF732FE044614A8FFF704
:10055000E0FA0028E0D0DDE76FF09204F6E76FF0F4
:100560008604D9E72DE9F0479CB00C46DDE9249AD2
:1005700015461F468046002866D0002964D0002A10
:1005800062D0002B60D0B9F1000F5DD0BAF1000F3E
:100590005AD08368DB075AD52022002102A80BF02D
:1005A00098FF21462A46404602ABDCF745FF044649
:1005B00038BB0AAD02AE0FCE0FC596E80F0085E836
:1005C0000F0001A90AA8B8F800500194FFF7D1FA6A
:1005D00001462846FFF7DDFD012804BF042307F884
:1005E000013B4FF0000308BF09F1FF39CDE90D379A
:1005F00009F1030323F0030305460F9329B16FF0BC
:10060000920420461CB0BDE8F087019B4B4521D8E1
:10061000282212A80BF05DFF12A810F042F9002862
:10062000EDD10AAA02A912A8FFF705FD48B9019B5E
:100630002B44CAF8003012A8FFF76BFA0028E0D06C
:10064000DDE76FF09204F6E76FF08604D9E76FF00C
:100650008404D6E76FF08904D3E710B4048804F467
:10066000E044B4F5805F06D0B4F5005F03D05DF8D8
:10067000044BFFF7DCBD6FF085005DF8044B70475D
:1006800070B40488DDE9035604F4E044B4F5804F07
:1006900004D0CDE9035670BCFFF737BE6FF085007C
:1006A00070BC7047F8B51E4603880F4603F44F43ED
:1006B000B3F5824F154610D1089BDCF789FD04463F
:1006C00048B9069B9D420BD82A46394630460BF066
:1006D00008FF079B1D602046F8BD6FF08504FAE710
:1006E0006FF08904F7E7DCF757BCF0B5044617460E
:1006F0001E460D468DB0D1B1C8B12022002104A8FC
:100700000BF0E7FE3A462946204604ABDCF794FEA0
:1007100058B9169B31460293159B04A80193149B6C
:100720000093DDE91223DCF795FF0DB0F0BD6FF00B
:100730008600FAE7DDF7BEB810B413460C46014652
:1007400040B104B932B9224601F160005DF8044BB2
:10075000DDF708B86FF086005DF8044B704713B5FD
:100760000C46014650B14CB142B13BB100936030F0
:1007700013462246DDF73CF802B010BD6FF086004C
:10078000FAE708B528B1982200210BF0A2FE00205C
:1007900008BD6FF08600FBE7DCF77EBCDCF7FCBB36
:1007A000F0B5044615461F460E468DB019B96FF0D8
:1007B00086000DB0F0BD0028F9D02022002104A849
:1007C0000BF087FE2388CDE90865B3F5105FEED105
:1007D0006388C02B16D0B3F5807F15D0802B15D140
:1007E00010208542CDE90400E1D3169B39460293DF
:1007F000159B04A80193149B0093DDE91223DCF7F9
:1008000029FFD6E71820ECE72020EAE76FF0850003
:10081000CFE7F8B50E4614461D46074600283DD0E2
:10082000E1B302B9D3BB5C22002138460BF051FE84
:1008300031463846069ADCF771FFA0B97288D208B3
:10084000182ABA6510D0202A1BD0102A26D10F2DC5
:1008500024D907F1380304F1100254F8041B944220
:1008600043F8041BF9D1F8BD172D17D907F1380348
:1008700004F1180254F8041B944243F8041BF9D104
:10088000F1E71F2D0AD907F1380304F1200254F8CB
:10089000041B944243F8041BF9D1E4E76FF086008F
:1008A000E1E7FFF7B6BF70B50D461646044688B0BF
:1008B00098B101B98AB90021202268460BF009FEDF
:1008C00021466846DDF732F828B933462A4669469C
:1008D0002046DCF747FF08B070BD6FF08600FAE7EE
:1008E000F0B50D4616461F4604468BB0A8B1A1B11F
:1008F0009AB193B10021202202A80BF0EAFD214613
:1009000002A8DDF713F830B933462A46204600978F
:1009100002A9DCF76DFF0BB0F0BD6FF08600FAE7BF
:1009200008B528B15C2200210BF0D3FD002008BDE2
:100930006FF08600FBE7DCF7AFBB08B510F054F8AA
:10094000002008BD00F005B809B1DDF711B822207C
:10095000704700207047DDF755B8DDF737BADDF78F
:1009600071BAD7F795B840B2DDF79EBA0E2070473E
:100970000E207047704770477047F8B50C468D18C9
:10098000073552421540A5F108070646384600F0E3
:100990003AFAA188381B628801EBE00189B2A2EB28
:1009A000E00225F8041C25F8062CA288C310AAB181
:1009B000A4EBC202B2F802C0D18003EB0C0151805B
:1009C000E28892B1D31A9BB204EBC20425F8023C30
:1009D000A380B3680344B3603846F8BD15F8082C0B
:1009E00042F0020205F8082CEAE725F8022CF0E7AD
:1009F0002DE9F04F4FF0000887B09946531C109B2B
:100A00000546174614BF14460824CDF81480002B61
:100A100000F0C580C3F80080002900F0C280426861
:100A20008A4240F2BE80073121F007060FF0D8FE5F
:100A300005AACDE9008282463A464B463146284611
:100A400000F0E5F9059F834607B130B950460FF035
:100A5000C2FE192007B0BDE8F08FB7F802802969FF
:100A60004FEAC802C0EBC8080139B8F1270F296165
:100A70007AD9B9F1000F51D1864206F1080848D061
:100A8000224639462846FFF778FF04460590059B25
:100A90009844404600F0B7F9059906F10F004A88DE
:100AA000C308A2EBD002A8F80220CA88A8F8043034
:100AB000002A30D0D31A9BB201EBC202A8F806304C
:100AC00093808B88F608A380B8F804303A46E38018
:100AD000414600232846668000F006FAAB680833DA
:100AE000AB60237843F0010323702B6901332B6142
:100AF0006288AB68504603EBC203EA68AB6093427E
:100B000088BFEB600FF067FE109B083400201C606C
:100B1000A0E73C46BBE7A8F80620D2E707EB0804AD
:100B20002046039200F06FF90BF10703DB080599EB
:100B3000638008F10703DB08A380CB8893B1DB0057
:100B4000039AD81D821A5A44C2F3CF020B44E280A2
:100B50009A80A38808F1FF384FEAD808A1F80280EC
:100B6000CB80BBE7E380F4E7B9F1010F1BD107F1BC
:100B70000803B3FBF4F204FB1233B3B12246394647
:100B80002846FFF7FAFE044623783A4643F001036D
:100B9000237021460123284600F0A6F9A8E7222069
:100BA00058E7212056E78642E8D13C46ECE707B5F6
:100BB00000224FF0FF3101AB0192DDF71BFA0198E3
:100BC00003B05DF804FB07B5009313464FF0FF3206
:100BD000FFF70EFF03B05DF804FB2DE9F74F054664
:100BE0000C46002900F0DC80D0E905680FF0F8FD24
:100BF00014F8087C34F806CCFB07009002D5BCF151
:100C0000000F06D100980FF0E6FD012003B0BDE80B
:100C1000F08FAB68D5F8109034F804ECA3EBCC0B54
:100C200009F10103A4F108010CF10102C5F808B0B3
:100C30002B61BEF1000F39D0A1EBCE03D888B3F8F9
:100C400002A00190187807F00207C00723D41FBB49
:100C50000198A0EB0A07012F28D10CF10202ABF199
:100C600008075244C5F81090AF6034F802ECBEF1AA
:100C7000000F1DD114F8081C24F806EC6EF30001D7
:100C800004F8081C013A5A801A786EF300021A70B0
:100C90000022DA8040E04FB114F8087C72446FF310
:100CA000410704F8087C00279F80DEE70B46DCE75D
:100CB00001EBCE0AD5E9007007EB0009CA450ED357
:100CC00014F8081C013A6FF3000104F8081C002115
:100CD00024F8061C5A801A7861F30002D7E711F84D
:100CE0003E10574611F001012FD014F8081C013AAC
:100CF0006FF3000104F8081C002192B224F8061CCE
:100D00005A801A7861F300021A70C3F107023A445C
:100D1000C2F3CF02DA80BA80002E3FD0B3423DD377
:100D20007288002A08BF1E46B8F1000F06D043455E
:100D300004D8B8F80220002A18BF43460098C5E935
:100D400005630FF048FD002060E7AEEB0C0EBEF12E
:100D5000010FCAD1BAF802C0AAF802109444BAF836
:100D60000620CAB10AEBC20700212A69013A2A61AA
:100D7000AA68083AAA6014F8082C24F8061C6FF335
:100D8000000204F8082C1A78A3F802C061F30002EC
:100D90001A70002FB9D17BE71746E5E71E46C3E777
:100DA000222033E710B50446DDF74AF92146BDE8B5
:100DB0001040FFF712BFFFF7F5BF70B5049E154650
:100DC0001A4696B1002333608DB181B14D4333464D
:100DD0002946FFF7F8FE044628B9306818B12A46BC
:100DE00021460BF076FB204670BD2224FBE7212430
:100DF000F9E707B5002201AB0192DDF709F9019887
:100E000003B05DF804FB0023036043607047F0B556
:100E1000D0E90540551C08BF0822002B4FF0000503
:100E200018BF0446DDF818C0CCF80050002C37D0AD
:100E30009DF814706588FF0007EBC505C2F1000E30
:100E40002078C00708D51BBBE088A0B104EBC00424
:100E5000658807EBC505F3E78D42F4D363B904F168
:100E60000806B6FBF2F002FB106670180EB1A8423D
:100E7000EAD8CCF80040F0BD082A0FD060880130D5
:100E800004EBC000461A06EA0E06801B8542F0D22B
:100E9000A0880028EFD0A4EBC004D9E70846E8E713
:100EA0002046E8E7034610461A69DAB108B921B9C5
:100EB00018680378DB0702D470479869F9E739B9F5
:100EC000C3887BB100EBC3000378DA07F8D470471E
:100ED000012907D183882BB1A0EBC3000378DB077E
:100EE000F8D47047002070472DE9F041D0E905455E
:100EF000074688461646F3B194420FD042B1954258
:100F000015D1424601213846FFF7CCFF05460EE0D9
:100F10000A463146FFF7C6FF0446F2E70A460021BB
:100F2000FFF7C0FFB5420446EBD0002EE9D0C7E979
:100F30000545BDE8F081944208D08C4228BF0C469C
:100F4000B54205D0454538BF4546F0E70C46F7E7C2
:100F50004546ECE770B500261C46C3E90001C3E92D
:100F60000266C3E905001E611A775E62FFF74BFF58
:100F700023690139C908013341802361A3683046E0
:100F80000833A360E3680833E36070BD08B5DDF79C
:100F900049F908BD002307B5684600938DF8043071
:100FA000DAF7E4FA03B05DF804FB10B50FF00FFCBC
:100FB00004460EF03BFD2046BDE810400FF002BC99
:100FC0004FF4C870DDF7C0B97047704708B5FDF73A
:100FD000C7FBFDF7DBFBFDF7E4FBFDF7F5FBBDE829
:100FE0000840FDF7FABB704708B5FDF7B4FBFDF705
:100FF000B3FBFDF7B2FBFDF7B2FBFFF7F4FF08BD53
:1010000008B5FDF7ECFBFDF7EBFBFDF7EBFBBDE8EF
:101010000840FDF7E9BB00F000B807B513200DF15B
:101020000601FFF791FCBDF8060003B05DF804FB74
:1010300070477047F0F7A0BEF0F74CBD30B5002404
:1010400085B0054601A8CDE901440394D6F76CFBB1
:101050002046029B2B6005B030BDD6F719BD704706
:1010600010B5044608B1DDF765FC2046BDE8104028
:10107000FFF7A1BE00F4E040B0F5805F04D0A0F51A
:101080000053584258417047012070472DE9F04104
:101090001F4600F0FE4386B0B3F1106F1646DDE93F
:1010A0000CCEDDF838800BD120F01F6424F47024BE
:1010B00034B9D1E908234C68240A04D0012C0CD09F
:1010C0006FF0850006E0CDE903E8CDE9017C0096EC
:1010D000FFF731FC06B0BDE8F081CDE903E8CDE9CA
:1010E000017C0096FFF758FBF4E73AB1002918BFDE
:1010F00000232121D21A18440BF0EBB9704738B500
:10110000037904460D464BB9636900202B60237EAA
:10111000012B0AD028606FF0960005E0D0E9081294
:1011200000F0E7FD0028EFD038BD02232376FBE76F
:1011300000232DE9F3414668D0F8148004460F4699
:1011400030461146136000F0A5FD054688B93046CB
:1011500000F0A2FD054660B9F6B276B9B8F1000F0D
:1011600005D1A06820F47F4020F0030060B16FF04B
:101170008605284602B0BDE8F0810146606900F0AE
:1011800061FD0028EDD1F2E74FF6F87362889A42CC
:1011900019D894F80480B8F1000F00D101A839469D
:1011A000DEF7F4F805460028E3D10FCC3F683E4651
:1011B0000FC694E8030086E80300B8F1000FD8D109
:1011C000019B7B61D5E76FF08505D2E741F20523EE
:1011D00098421AD8B0F5905F09D241F201039842C3
:1011E0000CD0B0F5885F09D06FF0850070472923D7
:1011F000A0F5905080B2C340DB07F5D511F0070F82
:101200000CBF00206FF086007047B0F5105FEBD187
:1012100021F04003802B06D0B1F5807F0CBF002069
:101220006FF0860070470020704770B5046A05466D
:101230000E463CB90120FFF7DCFD286228B12046AC
:101240006E6270BD6FF08A00FBE76FF08C00F8E70C
:10125000F8B50F46114606461546FFF7E6FF044669
:1012600020B92A463946306A0BF03BF92046F8BDD2
:101270002DE9F041089D88461F46048802B32046A8
:10128000FFF7F8FEE0B12B680BB9D3002B602046C6
:101290002968FFF79BFF044678B9CE1DB2EBD60F45
:1012A00011D1069B9A4211D8414638460BF019F9E4
:1012B0002B68079A0733DB0813602046BDE8F081EE
:1012C0006FF08504F9E76FF08604F6E76FF08904A4
:1012D000F3E72DE9F04F456885B02D0A0446DDE9B6
:1012E0000E67894692469B46DDF8408006D0012D68
:1012F00018D06FF0860005B0BDE8F08FCDE9017819
:101300000096FFF7CFF910F1860FF4D15B465246F5
:1013100049462046CDE90F780E9605B0BDE8F04F5E
:10132000FFF7A6BFCDE90F780E9605B0BDE8F04FE8
:10133000FFF769B810B50446006A10B1616AFFF79B
:101340008FFE0020C4E9080010BD38B50546FFF740
:10135000F1FF2B7E0446012B0ED0023B012B0ED851
:10136000EB69012B18BF6FF0960428220021284654
:101370000BF0AFF8204638BDEB69002BF2E76FF0B9
:101380009604F2E713B50446C0B101A9DEF73EF8B2
:10139000044698B9019B1A7E022A12D103221A76BA
:1013A0001A79FF2A10D01AB1586900F087FC044658
:1013B000019800F058FC002818BF0446204602B0EF
:1013C00010BD6FF09604F3E76FF08404F0E773B597
:1013D000054608460C4600F030FB002328461A4616
:1013E00001A9DDF729FC50B9019E35460FCD0FC488
:1013F00095E8030084E80300304600F049FC02B0A1
:1014000070BD70B5144602881D461046049EFFF755
:1014100031FE68B944F2010322F44050984207D0EB
:1014200002F44F42B2F5824F02D0B2F5844F0ED192
:10143000B4420FD8224628460BF053F80021321B45
:1014400028190BF046F80020059B1C6070BD6FF05A
:101450008500FBE76FF08900F8E7F0B50F461E4600
:10146000154685B04AB300230122336003A9DDF796
:10147000E3FB044658B903984368D0E908121B0AF5
:1014800008D0012B13D000F003FC6FF08604204637
:1014900005B0F0BD3B46CDE90056FFF7B2FF04466C
:1014A000039800F0F5FB002C08BF0446EFE73B462D
:1014B000CDE90056FFF756F8F1E76FF08904E6E74B
:1014C00070B514460288049D02F4E040B0F5804FE8
:1014D0001CD144F2010022F44056864207D002F4A7
:1014E0004F42B2F5824F02D0B2F5844F0ED1AC42DA
:1014F0000FD8184622460AF0F4FF00212A1B204488
:101500000AF0E7FF0020059B1C6070BD6FF08500AE
:10151000FBE76FF08900F8E7F0B50F461E46154669
:1015200085B00AB3002303A91A463360DDF784FBB4
:10153000044638B9039803885B0406D400F0A8FB7E
:101540006FF08604204605B0F0BDCDE900563B465D
:10155000D0E9081200F03EFB0446039800F098FB27
:10156000002C08BF0446EDE76FF08904EAE72DE997
:10157000F0411F46002388B0054688461646CDE94F
:10158000043307923B60002A60D0B2F1005F60D262
:1015900005AA04A9FFF7CCFD0446A0B9049B1A6A6A
:1015A000BAB1049B41465A882846069206AA02927E
:1015B00003F1240201925A6A00921B6A3246FFF735
:1015C00088FE0446F8B10498002835D0FFF7BDFE28
:1015D00032E06B681B0A07D107990498FFF725FED4
:1015E00004460028DDD0EEE7012B03D007926FF010
:1015F0008604E8E7284607A9079600F022FA044681
:101600000028E9D0DFE70498069B4288C2B94380EE
:101610004FF6F872934216D82B8813B102889A427B
:10162000E5D16B8813B142889A42E0D13946FFF781
:1016300066FD04460028C6D1204608B0BDE8F0810A
:101640009A42D4D1E4E76FF08504BCE76FF08604DA
:10165000F2E76FF08504EFE710B50446006868B163
:1016600004280CD005280FD06FF0860000232360DB
:10167000A38823F4FF7323F00103A38010BD04F1BA
:101680000800FFF74DF9F1E704F10800FFF779F8DA
:10169000ECE70123DDF774BC38B505462B68D3B100
:1016A00012B90024204638BD042B07D0052B0DD0DD
:1016B0006FF086042846FFF7CFFFF3E705F1080037
:1016C000FFF7F1F804460028EBD0F3E705F1080036
:1016D000FFF732F8F6E76FF08804E3E72DE9F04111
:1016E000054600680E461746984648B36A79D20701
:1016F00026D52A7922B3BA4225D804280ED0052847
:1017000019D06FF086040023C8F800702B71EEB971
:101710002846FFF7A1FF2046BDE8F08105F108004B
:10172000FFF7DEF804460028EDD17EB92846BDE873
:10173000F041FFF791BF05F10800FFF710F8F1E75E
:101740006FF08804DFE76FF08904DCE721463A4652
:101750003046D8F80030FFF7C8FC2846FFF77CFF7A
:10176000002C08BF0446D6E71FB501240394089C4B
:101770000294079C0194069C0094DDF78FFB04B053
:1017800010BD036819430CBF0120002070472DE9EC
:10179000F04707469A46002386B0059307F0FE43BC
:1017A000B3F1106F0846DDE90E589146109E0BD03C
:1017B000002D48D12846356000F06AFA6FF08604A3
:1017C000204606B0BDE8F0873B464FF4804205A9AD
:1017D000DDF732FA044628B175BB3560059800F094
:1017E00057FAEDE705990B8823F0FF03B3F5E24FB5
:1017F00002D0B3F5E44F0CD14B880733B8EBD30FCD
:1018000007D21DBB0846356000F042FA6FF089042C
:10181000D6E753464A463846CDE901860095FFF79C
:1018200035FC04463DB90598356000F031FA002CCE
:1018300008BF0446C4E760B141462846DDF7DEF93B
:10184000C6F80080CAE76FF08604F5E76FF08904F8
:10185000F2E7059800F01CFA0446B1E7DDF7CEB9CF
:1018600008B50088DDE90221FFF704FC20B1BDE8DE
:1018700008401046DDF7C2B96FF0850008BD2DE9BC
:10188000F04F1F46002389B09046129ACDE90533E8
:101890001360438805460E46002B00F0CB8003887A
:1018A00003F4E043B3F5804F00F0C480394630467E
:1018B000FFF767FF002800F0BD80284606AA05A9AB
:1018C000FFF736FC0446002840F08180059A6B68DB
:1018D000126A8AB1059B9A46D3F820B06B685AF811
:1018E000249F1B0A78D0012B00F09D806FF08604A6
:1018F0000598FFF71FFD6AE01A0A61D1B5F800A04C
:1019000069885046FFF7B6FB80B15046FFF75EFC92
:10191000044600285BD10AF4E043B3F5805F02D0AF
:10192000B3F5005F0AD10731CA0817E02AF0FF03B8
:10193000B3F5E24F37D06FF0850448E00AF44F4327
:10194000B3F5844FEFD047F201039A450FD1490810
:101950000131C90801EBC10101F13B02079207996E
:101960000598FFF762FC04460028B3D02FE044F24C
:1019700001039A4503D1C90801F11002EEE747F2CD
:1019800002039A4505D1C90801EB410101F15A0250
:10199000E4E744F202039A4505D1C90801EB41018D
:1019A00001F14A02DAE72AF0FF00B0F5E24FBAD0BF
:1019B000B0F5824F01BFCC1DE4086400621CCDE786
:1019C000284607A900F03DF804460028C7D005982E
:1019D00028B3FFF7BAFC22E02B885B040BD43B460C
:1019E000424631462846CDE9019ACDF800B0FFF7CE
:1019F00037FF044609E053464A4659462846FEF753
:101A00002CFE10F1860F0446E9D00598002C7FF4D7
:101A10006FAF1299FFF773FB04460028D7D1204619
:101A200009B0BDE8F08F53464A4659462846FEF7AE
:101A3000E6FCDEE76FF08604F1E7182200210AF0E9
:101A400048BD426870B5120A0588438806D0012A4D
:101A500056D000236FF086000B6022E005F4E042D0
:101A6000B2F5805F02D0B2F5005F05D10733DB0825
:101A700040D16FF0850014E005F44F42B2F5844F79
:101A800003D10733DB080AD1F3E747F2010295429D
:101A900008D15B080133DB0803EBC3033B330020B1
:101AA0000B6070BD44F20102954202D1DB08103395
:101AB000F5E747F20202954204D1DB0803EB43034A
:101AC0005A33ECE744F20202954204D1DB0803EBFF
:101AD00043034A33E3E725F0FF05B5F5E24FD0D0E5
:101AE000B5F5824FC5D10733DB085B000133012B0D
:101AF000D5D1BEE725F0FF05B5F5824FCFD1F6E78A
:101B000005F4E046DC1DB6F5805F25F0FF024FEAE4
:101B1000D40002D0B6F5005F06D100284AD0B2F555
:101B2000824F07D1034640E005F44F46B6F5844F97
:101B300002D190B3C31C32E047F20106B5420DD189
:101B40005B080133DB0803EBC3033B33033380073C
:101B500023F0030335D1072C23D132E044F20106F0
:101B6000B54202D1DB081033F0E747F20206B54276
:101B700004D1DB0803EB43035A33E7E744F20206E0
:101B8000B54204D1DB0803EB43034A33DEE7B2F589
:101B9000E24FCED0B2F5824F05D00B68033323F06D
:101BA00003032C337BE743000133012B00D10B6887
:101BB000013BCBE7B2F5824F0B6806D0033323F02D
:101BC0000303B2F5824FECD102E0023323F00303AA
:101BD0000433E6E72DE9F34745680446DDE90A6783
:101BE0002D0A884691469A4606D0012D16D06FF0F0
:101BF000860002B0BDE8F087CDE90067FEF740FD42
:101C000010F1860FF5D153464A4641462046CDE9AC
:101C10000A6702B0BDE8F047FFF752BCCDE90A679A
:101C200002B0BDE8F047FEF7ECBB037E022B06D105
:101C3000C3695A1C03D00133C361002070476FF0A1
:101C40009600704703466FF040420846591E914285
:101C500007D338B103F1404393428CBF00200120E9
:101C6000704701207047034668B1017E8A1E012A31
:101C70000BD80329C26903D1012A01D1FFF765BB43
:101C80001AB1013ADA61002070476FF09600704790
:101C9000FFF7E9BF00207047C0B2FF280CBF6FF00C
:101CA00086000020704707B500216A46FEF71BFA40
:101CB0008C3018BF012003B05DF804FB13B5002180
:101CC0006A460446FEF70FFA8C3002D1002002B0BB
:101CD00010BD00212046DBF717F9014610B16FF067
:101CE0009800F4E76A462046FEF7FDF98C30EDD007
:101CF000F5E72DE9FF4107461446884600293FD005
:101D0000002A3DD0B2F5005F3DD202F124063146F3
:101D10000120FFF76EF80546C0B303463A46214658
:101D20004046DDF7D1FB7F6900243846FFF7BBFF53
:101D300001281FD021462B46324638460094DBF757
:101D40001DF80146C8B9384602AAFEF7CCF9044688
:101D500020B9029B9E4205D06FF0980438460021BE
:101D6000DBF7D2F831462846FFF77AF9204604B06F
:101D7000BDE8F0816FF08A04F4E76FF09804F1E7B2
:101D80006FF08604F2E76FF08D04EFE76FF08C04DC
:101D9000ECE7FFF765B92DE9F047D0F814A086B05D
:101DA0008146884617465046002104AAFEF79BF953
:101DB000044610BB049E01203146FFF71AF8054681
:101DC000002837D02146504604AA0394FEF78BF929
:101DD000044670B903AB02462146CDE90053504694
:101DE0003346DBF73BF8039B04469E4209D06FF075
:101DF000980431462846FFF733F9204606B0BDE87F
:101E0000F0870028F5D13B46424631462846CDF8BA
:101E10000090DDF777FB04460028EAD1D8F80030BF
:101E20002BB13B68002B08BF6FF09104E1E76FF026
:101E30009104DEE76FF08C04DFE78B69184700231D
:101E400003707047002070477047704770474FF02D
:101E50000000704700207047002070477047002046
:101E6000704700207047704700207047002070477F
:101E70000020704700207047002070470020704706
:101E800000207047002070470020704700207047F6
:101E900070477047002070477047704750E8003F18
:101EA0000B4340E80032002AF8D17047C94350E89C
:101EB000003F0B4040E80032002AF8D17047431E33
:101EC000032B06D8DFE803F0020402040320704766
:101ED000042070470020704700207047704770470B
:101EE0000020704700207047704770477047704768
:101EF00000207047002070477047704700207047EF
:101F000011207047704700207047704784B001A8C7
:101F100080E80E0004B07047112070470020704721
:101F20000020704711207047704770474FF0FF3016
:101F300070470020704770477047002070470020AE
:101F40007047002070474FF0FF30704711207047F6
:101F50000020704701207047002070470020704724
:101F6000002070470020704770477047704702F0AC
:101F70001CBA38B504460EF033FCD4E90A12054603
:101F80002046DDF709FBB4F84C10B4F84E20E060B1
:101F9000521A40F2712101FB020303F59C530833EE
:101FA00028462361BDE838400EF015BC08B5203046
:101FB000FFF774FFBDE808404FF08050EFF796BD83
:101FC00038B50D4604460830E0F756F885F00101B3
:101FD0000025204604F0F3FFE06BA56110B1DFF7A8
:101FE00005FBE56304F14000BDE838400AF007BC9A
:101FF00010B5044619B390F856208AB190F85730BE
:102000000133DBB29A4280F8573009D10121FFF742
:10201000D7FF4FF080712046BDE81040FFF7C6BFE4
:10202000236ADA030BD5636A62689B1A002B06DA0F
:1020300001212046FFF7C4FF4FF08061EBE7236AE0
:102040001B0424D405F034F91123B0FBF3F394F905
:10205000682003EB0313C01A83B212FA80F0102831
:1020600088BFC3F110035BB2083A1A4484F86820B1
:1020700040F27121B4F84C2020461A44636801FBF9
:10208000023301216360BDE8104004F0A9BF0023C2
:10209000EEE72DE9F74F16461D4682699DF8583048
:1020A000044688460E9F9DF840909DF848B09DF8E4
:1020B00050A00193002A40F0D28005F01C021C2A97
:1020C00004BF0626B046EB0600F1A98005F0030226
:1020D000032A08BF05F0FD0505F0F70505F0140219
:1020E000142A40F0A080A80600F1AA80BDF8442080
:1020F0009DF85C00A4F85420FFF7E1FE00221BF0DD
:10210000020F84F86900A26740F09D801BF0040F65
:1021100000F09B8000F0FD00012814BF032304237E
:1021200084F874309DF86000FFF7C9FE00231AF0B0
:10213000020F84F88E00C4F8883040F088801AF0CE
:10214000040F00F0868000F0FD00012814BF032179
:102150000421606C84F8841000F0C1FE49F6FF7120
:1021600004F12000FFF7A2FEFF2384F85A30019B00
:102170001BB1236A43F48053236205F01803182B24
:1021800002BF236A43F400432362236A6A0723F4ED
:10219000C04323620CD419F0010F1CBF43F4005359
:1021A0002362236A19F0020F1CBF43F480432362A9
:1021B000236AA4F850502B43236204F16203002FDA
:1021C00049D03A68C4F86220BA889A809DF83430C1
:1021D000012B03D14FF48061FFF760FE236A9DF865
:1021E000302023F4407343EA0223236205F060F8B1
:1021F0009DF85430C0F30B0040EA03309DF83C30AA
:10220000A4F88C00A4F84C802046A4F84E6084F812
:102210005830FFF7AEFE002003B0BDE8F08F4FF05E
:10222000010AD3465AE700222046A16ADDF7B4F935
:1022300040F2712272438242BFF455AF4520EBE772
:1022400005F0FC0552E702236AE7012368E7022153
:102250007FE701217DE7C4F862709F80BEE70C2014
:10226000DAE72DE9F743894617460446019330B96A
:1022700001A80AF0C4FA422003B0BDE8F0830129A6
:1022800020D0022910D089B98369C3B900F128058B
:102290004FF40036236AD9061ED55A0726D501A861
:1022A0000AF0ADFA0020E7E7406C20B901A80AF077
:1022B000A6FA0C20E0E7194600F034FEDCE700F156
:1022C0003005E5E7836923B900F12C054FF480263A
:1022D000E0E700F13405F9E79B0707D5B9F1000FF6
:1022E00004D101A80AF08BFA1220C5E704F12008F6
:1022F00040463146FFF7DAFDF80702D528460AF0D6
:102300007EFA019921B128460AF068FB0023019367
:1023100028680AF001FB236AD90605D51F2801DCCD
:10232000032F16D02846DDE740F27262904204DDAA
:1023300028460AF064FA07209EE7B9F1000F08D199
:10234000BF2806DD9A0704D028460AF058FA45202F
:1023500092E72046D4E90C12DDF71EF9A36983B198
:1023600040F27122B4F84C305343984209D9B4F882
:102370004E308342E8D300F51C70B0FBF2F0A4F8B5
:102380004C000EF02DFAA36905467BB1BB070DD5B5
:1023900031464046FFF782FD6368C3F57A7604F064
:1023A000C9FFF04202D52046E4F70EFD28460EF0A4
:1023B00012FA77E708B548B1CB0701D4002008BD71
:1023C0004FF480112030FFF769FDF7E74220F6E770
:1023D00008B548B1CB0701D4002008BD4FF48011E7
:1023E0002030FFF763FDF7E74220F6E7DDF7C2BBD9
:1023F00038B5836904460D463BB1036A13F001000A
:1024000011D194F85930FE2B0CD004F120004FF478
:102410000011FFF743FD01202B68C4F85B30AB8847
:10242000A4F85F3038BD0020FCE7036A10B504460D
:1024300013F4602025D09A0307D504F128000AF090
:10244000DEF9236BA36200232363236A5B0307D5B2
:1024500004F12C000AF0D3F9636BE3620023636399
:102460004FF4602104F12000FFF720FD2046FFF724
:1024700080FD0120B4F88C305A1C62F30B03A4F8E1
:102480008C3010BD10B504464FF400212030FFF70A
:1024900005FD2046BDE81040E4F796BC38B504467B
:1024A0000EF09EF9002105462046DDF7E9F830B12F
:1024B000B0F8504028460EF08EF9204638BD04464C
:1024C000F8E710B5044640300AF088FA2046BDE827
:1024D00010404FF00071FFF769BD012313B541892A
:1024E000009304468389C289084602F077FFE0B171
:1024F000E279531E072B1AD86389934217D9228990
:102500009A4214D8237C43B9637C33B9A37C23B9A2
:10251000E07C10B9237D0F2B07D9607D1B3000F0C4
:102520001F000B288CBF0020012002B010BD00202E
:10253000FBE7F8B58D790C460C354B5D4F1903F070
:10254000400343F004034B550623B91C7B70164629
:1025500000F005FB635D002E60F386136355A379DD
:102560007A7803F102031344E371A4BF06367E7048
:10257000F8BD0846896BDDF7FDBA10B5044609B110
:10258000012010BD406C80B9A06C98B9B4F85030EF
:102590009B07F5D12046DDF7F7FBFFF76DFC002820
:1025A000EFD0C079C0F34010EBE700F07BFC0028CF
:1025B000EAD0E5E7FFF7A2FC0028E7D0E0E710B596
:1025C0000446FFF7DAFF002814BF18200020236A12
:1025D000990658BF40F001005A0648BF40F040003D
:1025E0005B0748BF40F0020010BD10B50C4600214B
:1025F000FFF7C3FF30B9E3064CBF04F0180004F046
:102600005B0010BD1820FCE737B50446806C0D4612
:1026100098B1D4F88830009304F17C030ECBFFF717
:1026200075FCA2692946003A18BF0122A06CFFF789
:1026300067FC0546284603B030BD606C30B1DEF75C
:1026400071F905462046FFF71DFFF3E70C25F1E77A
:10265000F8B51F46036A04469B060D46164628D465
:10266000436C83B1606C00F0A9FB98B93B463246DD
:102670002946606C00F01BFC606C94F8841000F03C
:102680002EFC0020F8BDDEF733F960640028E9D1A4
:102690000720F7E7606C00F091FB0022014620461E
:1026A000DCF77AFF40F2712169438842DED9452088
:1026B000E8E71220E6E700B1406C704700B14164E2
:1026C000704700B1806C704700B1816470472DE99C
:1026D000F04705460F46114691469A46FFF76FFFB1
:1026E00095F884608046042E04D195F88E30032B33
:1026F00018BF032695F87440042C04D195F869306E
:10270000032B18BF032441462846FFF76EFF002124
:10271000DDF790FFC11C204604F0AFFE4FF4FA73C2
:102720007C1E5C43A5F8520018F0100F80B207FB26
:1027300000440BD0B5F8503004F5487703F003039C
:10274000012B06D0022B1BD083B13C462046BDE8AE
:10275000F0872421304604F090FE102105463046D3
:1027600004F08BFE04F58A672F44074448460AF0BC
:10277000D3F831460246404600F08BF93C18E5E7B5
:102780000E21304604F079FE054650460AF0C4F8A2
:1027900031460246404600F07CF904F58A642C4438
:1027A0000444D3E7032810B50C460DD004D8012803
:1027B00010D0022813D010BD552818D05628FAD1B1
:1027C0000B7D23F008030B752046BDE81040002167
:1027D000DDF72ABC0846BDE81040DDF7F9BDE4F797
:1027E000EDFA8442E7D1BDE81040E6F7B1BA0846F9
:1027F000BDE81040DDF7CABD51280B4603D10121C9
:102800001846DDF711BCFFF7CDBF512802D10846AD
:10281000DDF7BCBDFFF7C6BF532810B50C4609D085
:1028200055280DD0512811D1BDE810400120497D17
:10283000E6F720B80846DDF735FE58B1E6F788FA26
:102840002046BDE810400121DDF7EEBBBDE8104099
:10285000FFF7A8BF10BD70B504460DF0C1FF002101
:1028600006462046DCF70CFF054628B90024304612
:102870000DF0B1FF204670BD406C30B9A86C002847
:10288000F4D0FFF73BFB0446F1E700F00BFB0446F6
:102890000028ECD1F2E708B501F087FDBDE808405B
:1028A0004FF480500021E5F735BD83790C33C21811
:1028B000937813F03F0004D0D378194214BF01205D
:1028C0000020704773B54FF440758DF8071081797B
:1028D000C580002507260C314552455C441866F337
:1028E0000305455402F001019207A27848BF41F068
:1028F000020161F38712A2709DF8072002B92BB183
:1029000001220DF1070109F056FF0123A27863F3BC
:102910000502A27002B070BD70B50D4602210446DA
:10292000FFF7C3FF00B3A07900F10C02A35CA1186C
:102930006FF3C713A354E379D5F862601B1AD8B2BA
:102940000E5051FA83F3B5F86610204699802B6A31
:10295000062113F4406F1EBFA35C43F08003A35411
:10296000BDE8704009F01BBF70BD38B50D460421AD
:102970000446FFF79AFF30B12046A91D0122BDE8A9
:10298000384009F018BF38BDF7B504460F46164663
:102990001D460DF10701013301228DF807300AF0C1
:1029A000F8F90DF10701012220468DF807700AF0B1
:1029B000F0F92A463146204603B0BDE8F0400AF05F
:1029C000E8B9F0B5054614889C4208D22819477822
:1029D0002E5D8F4205D1013434449C4205DD002038
:1029E00004E001363444A4B2EEE71480F0BD37B5FC
:1029F0000D4604210446FFF758FF78B140F2FF234B
:102A0000ADF8003000238DF80230AB886A46ADF88F
:102A10000330FF2105232046FFF7B6FF03B030BD8A
:102A200038B50D4608210446FFF73FFF38B1204670
:102A300005F18C010222BDE8384009F0BCBE38BD6A
:102A40002021FFF732BF37B50C4640210546FFF77E
:102A50002CFF50B10A2394FBF3F4012228460DF118
:102A600007018DF8074009F0A6FE03B030BD10B590
:102A70008479C37904F10C021B1B02390244D8B2D9
:102A800051FA83F353709378033860F3050393701E
:102A900010BD70B505460E4600F06B0000211446CF
:102AA000DDF7C8FD54FA80F4FF2C05D821463046E6
:102AB000BDE8704004F0E1BCFF21304604F0DDFCCD
:102AC00005F04005FC3D00F5487061190446FF29FA
:102AD00004EB000304D8304604F0CFFC204470BD62
:102AE0001C462944F3E708B50231C0B204F0C5FC26
:102AF00000F5FA7008BD70B505460020049CE07131
:102B000012F0100001D1A07170BD0122A27188786D
:102B10004609F540EA0720D54A7800F01F0042EA4E
:102B2000002291F900000028ACBF1E204FF49670DF
:102B300050430A78252102F03F02B2FBF1F501FB78
:102B40001522B0F5FA7F227106F1010262712CBFE5
:102B5000012202220344E27123600320D4E737B547
:102B60000246136A084603F4007403F48015DB057B
:102B700005D47CB904F019FB204603B030BD4CB934
:102B8000B5FA85F4D2F85B1064090160B2F85F20F1
:102B90008280F1E7019092F95A30B5FA85F40093FA
:102BA00000231A4619461846FFF7D0F96409E3E7EF
:102BB00070B50E4601210446FFF777FEA0B1A27959
:102BC000E37902F10C059B1A611951FA83F1304641
:102BD000FFF7C5FF635D062160F38613635520464A
:102BE000BDE8704009F0DBBD70BD70B51446054608
:102BF00010220E462046002109F06BFC2B789A0625
:102C00004FD06B1C23606A78D30743BFF34303F0B4
:102C100001032371012348BF0723900707D516F04E
:102C2000020F0CBF1946002106336171DBB2500759
:102C300007D516F0040F0CBF194600210133A1710E
:102C4000DBB2100707D516F0080F0CBF194600219C
:102C50000233E171DBB2D00607D516F0100F0CBFBE
:102C60001946002103332172DBB2900607D516F016
:102C7000200F0CBF1946002112336172DBB25106DE
:102C800007D516F0400F0CBF1A4600220133A2727E
:102C9000DBB22A7802F03F029A4282BFD21AE37274
:102CA000227370BD2DE9F04F064685B015469DF89C
:102CB00038208B4603929A469DF83C4009F05FFF0E
:102CC000032196F80680039A08F10C0806EB080722
:102CD00007F10309F970381D82B9BCB904F065FA2F
:102CE00007F10A03BBF1000F15D1ADB9DAF80020E6
:102CF000C7F80A20BAF804209A801AE034B9109B69
:102D000033B11B687B60109B9B8883800124E7E7BD
:102D100004F05BFAFAE775B30393FFF707F9039B37
:102D20000021CDE90003012308461A46FFF70EF9FA
:102D3000012507F11001A1EB090101F03F02114645
:102D4000531C7B7016F80830A40103F00F0344EA0B
:102D5000C5141C4306F808403046BA70033109F028
:102D60001EFD082216F8083062F3030306F8083047
:102D700005B0BDE8F08F0125B8E708B5DDF702FD25
:102D8000DDF702F8FFF778F808BD70B50546FFF7E4
:102D9000F4FF88B1C479C4F34014A400286F95F8F7
:102DA000386009F0B9FD314602462046FFF771FE52
:102DB000C830C5E9030070BD0446EFE700B1C06E3E
:102DC00070474FF400500021E5F7A4BA036A70B5CC
:102DD00013F0010604462ED0590712D50DF000FD60
:102DE000054604F1200252E8003F23F0040342E8C4
:102DF00000310029F7D1204604F0D4F828460DF020
:102E0000EAFC236A9A0616D513F080051CBF23F04E
:102E100080032362236A204623F02003236218BF25
:102E20003546DDF7AFFC2946A28D90F85900BDE884
:102E3000704001F08CBC70BD1FB5044608469DF87B
:102E40001C10009203919DF8181004F13002CDE996
:102E5000013104F14001636ADDF73EFC04B010BDAE
:102E6000036A70B513F00105044619D123F4A07369
:102E700003626C3009F0C3FC04F1700009F0BFFC80
:102E80002046FFF77AFF01462846FEF7ECFF742242
:102E900029462046E66909F01CFB0120E66170BD69
:102EA0000020FCE710B1006A00F0010070471144F7
:102EB000026A5B064FEA61014FEA41014CBF42F0F2
:102EC000020222F00202416240F8202F50E8003F47
:102ED00043F0400340E80032002AF7D1704708B1C0
:102EE00080F83810704770B505460DF079FC06463D
:102EF0002846FFF74AFF2B6ADB070ED5E3F75EFF94
:102F0000A842044609D1456804F014FA2D1AB5F513
:102F1000FA7F02DB2046E3F757FF3046BDE87040FA
:102F20000DF059BC032AF8B504460E4615464BD899
:102F300030B1036ADF0703D5032A03D00C2025E054
:102F4000E80703D504F1700009F059FC04F170079B
:102F50003146384609F042FD0021206F09F0AFFDEF
:102F6000206F09F0D9FC94F8381002460020FFF7D2
:102F700090FD40F27122636A53432289C83B9B1A39
:102F8000834204D8384609F03AFC4520F8BD0DF0DC
:102F900027FCE90705D5E36E1BB9236A23F040033C
:102FA0002362AA07236A09D543F0480323620DF080
:102FB00012FC2046FFF797FF0020E7E723F0080305
:102FC00023620DF008FCF7E71220DFE7036A19B16E
:102FD00043F010030362704723F03003FAE7CB0895
:102FE000C25C012301F007018B401A4214BF01208B
:102FF0000020704770477047024619460020E6F7E8
:103000003FBB002070470020704770471120704779
:10301000002102460846DDF797BE07B500214FF0B4
:10302000FF336A46084600938DF80430DDF78CFEC6
:1030300003B05DF804FB38B50546006809F066FA90
:103040000446287900F01F0009F060FA2044C0B25D
:10305000012894BF0020012038BD0C2070470C20AF
:10306000704750E8003F0B4340E80032002AF8D197
:103070007047C94350E8003F0B4040E80032002A47
:10308000F8D1704738B505460C46FFF7BCFF20B1B4
:1030900049F640439C4228BF1C46EA68A2420BD234
:1030A00040F27121B5F87A304B43934238BF134652
:1030B000A34228BF23461A462A6138BD03469A6AAE
:1030C0004430920404D5D3F82821998FDDF790BEBF
:1030D00093F86F10DDF782BE002070470120704723
:1030E0000020704770470020704701207047C820BB
:1030F00070470C20704700207047002070477047D1
:103100007047112070477047704700207047704724
:10311000002070477047012070477047704790F853
:10312000852010B5531C03F00F03072B28BF002385
:10313000044663F30302034480F8852083F87E107D
:1031400090F885306F2B4FEA13129EBF013262F365
:10315000071380F88530FFF7E1FF204694F830111F
:10316000FFF7CEFF10BD70477047704710B101F1F7
:10317000B000704701F1D4007047F8307047806AA2
:1031800070472830FFF76DBF2830FFF772BFC06A65
:1031900070472C30FFF765BF2C30FFF76ABF00F592
:1031A0009C70704790F8851008B50F2904D909095B
:1031B0007E3002F0CAFF08BD7F20FCE708B50B791E
:1031C000DB0702D4FFF7CFFF08BD91F90510BDE87A
:1031D0000840FFF7A4BF70B540F2712606FB01F36B
:1031E00045685643826A1D441207044645600ED561
:1031F00000F14005294600F13402DFF7AFFB33460A
:1032000029462046BDE87040012202F0CEB805EB09
:103210005605456070BD836A590505D4D0F8A030C5
:1032200013B15B799A0708D4D0F8A40000B97047AD
:1032300043799B0701D40068F8E70120704780F8C4
:103240007710704738B504460D46DDF7C3FE80B2EF
:10325000FEF742FE78B14288022DA08F11D0032DD7
:103260000BD0012D06D1238F626B1B01B3FBF2F350
:10327000184480B238BD0122EEE74FF47A43626B06
:10328000F4E7638F5B00073313FB0200F1E738B507
:10329000044602F084FA04F1A40009F0B0FA04F143
:1032A000A80009F0ACFA04F1AC0009F0A8FA04F1A6
:1032B000A00009F0A4FA2046DDF78CFEC4B2204637
:1032C000FEF7D2FD05462046FEF7D0FD0146284612
:1032D000FEF7C9FD38BD38B5836A04461B0713D510
:1032E0000246B0F87C3052F8341F4B4340F2712153
:1032F0004B4300F14001DFF731FB236C20469D0872
:10330000DDF7C0FD2844E06040F27125616B204686
:1033100001396943FFF7B6FE636BB4F87C202046A1
:103320005A436368012105FB02336360BDE83840FE
:1033300003F056BE38B5D0F83431044600F5947524
:1033400043B3B3F90030A4F832312046DDF742FE32
:10335000C0B2FFF7CCFE94F8303194F8312104F17B
:103360004401FFF749FE01462846E6F7CBFAD4F8B8
:103370003431B4F9322183B1B3F900309A420FD01D
:10338000A36A9B030CD52046BDE838404FF40041AA
:10339000DDF736BE47F6FF73D5E747F6FF73EDE777
:1033A00038BDFFF7C7BF836A0A4600F14401C3F383
:1033B0004030DDF7C9BC38B504460D463AB94FF484
:1033C000C0212830FFF755FE9DB9002038BDFFF71A
:1033D0009CFE98B128344FF4C0212046FFF749FEE7
:1033E0001DB14FF40031FFF73CFE4FF48021204621
:1033F00001E04FF40031FFF734FEE6E71120E5E786
:103400002DE9FF41836A04469B032CD5D0F8343163
:1034100063B3B3F900500020B4F93281E6F722F922
:10342000A842B4BF00260126FFF7EBFDC82294F89E
:103430003011E6F725F907462046DDF7CBFDAF4210
:10344000CCBF00270127A5EB08080FFA88F30293E9
:10345000002346EA4706CDE900561A4694F8301193
:1034600080B200F042FF04B0BDE8F08147F6FF757E
:10347000D1E7FFF7C5BF86307047F8B504460E4662
:1034800000295AD040F27123476B30465F43A7F2C0
:103490008A277F08394603F0CDFD94F88E30851FCA
:1034A000ADB29D4239463046A8BF1D4603F0C2FD6D
:1034B00094F88F20831F9BB29342A8BF1346F21E3D
:1034C000012AB4F88610B4F888202BD8B1F5296FFA
:1034D00044F29020B8BF4FF429618142A8BF014651
:1034E000B2F5296FB8BF4FF429628242A8BF0246E5
:1034F0001B2DB8BF1B251B2BB8BF1B23304684F8E0
:10350000913084F89050A4F88A10A4F88C2003F02D
:1035100091FD831F9BB2AB42A8BF2B46DBB284F860
:103520009230F8BDB1F5A47FB8BF4FF4A471B2F5E5
:10353000A47FB8BF4FF4A472DAE71B23EFE72DE9AD
:10354000F341476B490089B28F42044616461D4637
:1035500039D040F271224368416302FB073302FB1A
:1035600011334360DDF736FD4FF0000887B2334674
:103570004246012138460195CDF80080FEF7B4FCA3
:103580003846FEF7B9FC41463846FEF7AEFC01234B
:10359000618F228FB14218D09542668700D025876F
:1035A000238F626B1B01B3FBF2F3204694F83011BA
:1035B000A4F89C30FFF761FF0421204602B0BDE86B
:1035C000F041DDF71DBD0023E2E79542E7D1A26A95
:1035D0001207E5D5002BE3D102B0BDE8F081F0B5CC
:1035E00085B004460E466A4600F1860300F18E0758
:1035F000154618685968083303C5BB422A46F7D1F7
:103600001868314628609B882046AB80FFF735FF5D
:103610009DF80B2094F891309A4211D1BDF8062004
:10362000B4F88C309A420BD19DF80A2094F890306F
:103630009A4205D1BDF80420B4F88A309A4207D0E6
:103640004FF48141204605B0BDE8F040DDF7D8BC1D
:1036500005B0F0BD37B5044694F88E50BDF818009B
:103660008D420BD1B4F88650954207D194F88F5013
:103670009D4203D1B4F8885085421BD08DF80610C6
:10368000ADF80420019D84F88E1084F88F30A4F8E2
:10369000880094F830112046C4F84051A4F88620E0
:1036A000FFF79DFFB4F88A30A4F88630B4F88C3068
:1036B000A4F8883003B030BD70B5044616460D46F8
:1036C00090F83031B1B1994214D00122FFF71BFDBF
:1036D000294600222046FFF714FD2946204684F89B
:1036E0003051FFF77CFF2046BDE870404FF4844125
:1036F000DDF786BC19462046FFF771FF002EF2D198
:1037000070BDF8B51D46C36A04465B070F461646F2
:1037100010D404212C30FFF7A4FC84F89A702046C2
:10372000A4F89660A4F898504FF40061BDE8F84002
:10373000DDF766BCF8BD10B511B190F89A400C7079
:1037400012B1B0F89610118013B1B0F898201A8019
:10375000C06AC0F3800010BD38B50446C8070D46E6
:1037600005D54FF4805104F12800FFF77AFCA90732
:1037700004D5402104F12C00FFF773FC6A0704D53F
:10378000802104F12C00FFF76CFC2B0707D504F116
:103790002C004FF48071BDE83840FFF762BC38BDA3
:1037A00038B50446C8070D4605D54FF4805104F1DD
:1037B0002800FFF75EFCA90704D5402104F12C0086
:1037C000FFF757FC6A0704D5802104F12C00FFF7AE
:1037D00050FC2B0707D504F12C004FF48071BDE895
:1037E0003840FFF746BC38BD4FF400412830FFF7A2
:1037F00038BC00F5A270704790F830017047F8B5FA
:1038000004460CF0EDFF6568064603F093FD2B1AA5
:10381000B3F5FA7304D53046BDE8F8400CF0DBBFD1
:1038200040F27122616B94F870505143B3FBF1F395
:10383000A28F98B2121AA28794F86F2000FB15226B
:10384000252592FBF5F705FB1722002AB8BF521970
:1038500084F86F20B4F89C20121AA4F89C206268A7
:1038600000FB112200212046626003F0B9FBD2E781
:1038700000232DE9F3474E790446B20758BF06F0FE
:103880000106084648BF0326ADF8043058BF01368C
:103890000D46FEF7DCFA074607F01F03002BE36A2C
:1038A00015BF4FF001084FF000084FF003094FF02B
:1038B00002099B050CD59DF80430294666F30103E7
:1038C00068F345138DF804302046019A00F052FB4E
:1038D000284609F021F882464946284608F0CFFFDD
:1038E0009DF80430AA7966F3010368F345138DF857
:1038F00004308DF805A0BDF804300C32AB529DF8B1
:103900000430A91898066B7948BF8F7043F0010303
:103910006B710CF065FF06462046294650F8A47FDF
:1039200009F05CF894F846312046013384F84631BA
:10393000DDF750FB80B2FEF7CFFA80B14388A26A70
:1039400012070ED5B4F87C209A4202D92046FFF720
:1039500056FF304602B0BDE8F0470CF03CBF0123F3
:10396000EDE7656803F0E6FC8046E3F727FA84425A
:10397000EFD1A5EB0805B5F57A7FEADD1FB1D4F8E4
:10398000A030002BE5D1E3F711FEE2E7F0B5036BC1
:103990000446990790F8775087B001D5FFF777FC78
:1039A000236BDA0733D5A76A3B0723D517F4002F1B
:1039B00014BF032601262046DDF70CFB94F89B304C
:1039C000314605930023049394F83E30C7F38002F8
:1039D0000393238F80B20293638F0193636BC3F3CE
:1039E0004F03009304F1710301F0CFF930B90020C7
:1039F00007B0F0BDBE0C06F00206DCE7012104F1C1
:103A00003000FFF736FB4FF40051FFF72AFB236B22
:103A1000980410D52046DDF7DDFAA16AC0B2C1F3E3
:103A2000403100F047FC0028E1D04FF4005104F190
:103A30003000FFF71EFB236BD90409D50021204677
:103A4000DDF7EEFF4FF4805104F13000FFF711FB7A
:103A5000236B5A0512D52046DDF7BCFA002394F8F3
:103A60009B60C2B21946304600F04FFE0028BED01F
:103A70004FF4806104F13000FFF7FBFA236B5B0722
:103A800011D52046DDF7A6FA616B238F628FC1F353
:103A90004F0180B201F059F90028A8D0042104F1A7
:103AA0003000FFF7E6FA236B1F0709D5204602F026
:103AB0007DF800289BD0082104F13000FFF7D9FAE7
:103AC000236BDE0618D52046DDF784FAE16A80B262
:103AD00011F4805100F0DB80002101F0CBF90028C7
:103AE00085D04FF4805104F12C00FFF7C2FA102169
:103AF00004F13000FFF7BDFA236B580613D52046BA
:103B0000DDF768FA94F8773080B20093D4E908239F
:103B100001F093F900283FF46AAF402104F130002E
:103B2000FFF7A7FA0025236B190516D52046DDF708
:103B300051FA00230093B4F89830B4F8962094F822
:103B40009A1080B200F069FB00283FF450AF4FF4A8
:103B5000006104F13000FFF78CFA236B13F4804608
:103B60002FD19A0513D52046DDF734FA3346324675
:103B700094F8301180B2DEF79DFE00283FF437AF95
:103B80004FF4007104F13000FFF773FA3546236BF0
:103B90001B0616D52046DDF71DFAB4F88C3080B22E
:103BA000009394F89130B4F88A2094F8901001F0C2
:103BB00093F900283FF41BAF802104F13000FFF798
:103BC00058FA236B9F0610D52046DDF703FA94F8C8
:103BD000771080B201F065F900283FF408AF20218A
:103BE00004F13000FFF745FA0025236BDE0508D508
:103BF00004F130004FF48071FFF73BFA204601F0EA
:103C0000E8FD236B180408D504F130004FF400419F
:103C1000FFF72FFA2046FFF72CFC236BD90308D5BA
:103C200004F130004FF48031FFF723FA2046FFF70C
:103C300066FA236B9A0308D504F130004FF4003183
:103C4000FFF717FA2046FFF768FA236B9B071AD590
:103C5000002220461146FFF75EFA2046FFF75DFA84
:103C60002046DDF7B7F994F8771080B201F0CFF96C
:103C700000283FF4BCAE04F130000221FFF7F9F94F
:103C80002046DDF7B3FC012084F87750B0E601F060
:103C900008F924E708B5022008F07DFF10B101F013
:103CA0009CF9012008BD10B504464FF4407128303E
:103CB000FFF7DFF92046BDE810400021DDF7B0BE78
:103CC000012310B5A1F12002C1F1200423FA04F46C
:103CD00003FA02F222438B40D0E9084123400A4014
:103CE000134314BF0120002010BDC36A10B5044661
:103CF00013F0080012D00123A1F12002C1F120002D
:103D000023FA00F003FA02F202438B40D4E90801DF
:103D100003400A40134314BF0120002010BD10B51A
:103D20000C46C9B2FFF7E1FF70B1E4F773FBC4F1D1
:103D30002002A4F12003E04001FA02F2104321FA2C
:103D400003F3184300F0010010BDD0F845300B60BC
:103D500090F849300B71704770B504460E46DEF797
:103D6000C3FF0CF03DFD05460221204684F8776034
:103D7000DDF746F92046012103F021F92846BDE888
:103D800070400CF028BD70B504460D460CF028FDBF
:103D90000646E3F713F8844201D1E3F7E7FB304628
:103DA0000CF019FD29462046BDE87040FFF7D4BF4E
:103DB0000B68C0F84031704738B540F64805D0F878
:103DC00040310C460B609BB2AB4204D90B21FFF78C
:103DD000A6FF08B9258038BD44F290232380FAE776
:103DE00008B5DDF7B5FA00F0CAFC00F03AF8DEF7E6
:103DF0007BFEDFF79FFCBDE80840DFF71BBD38B551
:103E00008B790C33CC18DDF7D1F8D0F84530054666
:103E1000C4F81B3090F84930E377836AC3F340332A
:103E20005B00E375436B5B08E380D0F82831A36047
:103E3000FFF744F9D5F82C31A075E36095F83031DF
:103E40006376A376AB8FA38295F8703023766B6888
:103E5000236195F83E3084F820302B8FA4F8213070
:103E600038BD704770B515460E461C46FFF785F9FC
:103E70002B684EB103606B6843602368C0F825303F
:103E80002368C0F8153070BD83606B68C360236819
:103E9000C0F829302368C0F81930F4E770B505463A
:103EA000FFF76BF904460CF09BFC06464FF480715B
:103EB0002846FFF766F94FF400612846FFF769F9D5
:103EC00030460CF088FC00232846236123752362CA
:103ED00084F82430FFF753F9802310F0080F14BF43
:103EE000237584F8243070BD10B50446FFF7DBFE5F
:103EF0002046BDE810401021DDF782B810B5044619
:103F00004FF46061FFF748F92046BDE81040FFF725
:103F1000CABE7FB506460C46FFF72FF94FF4C061C5
:103F200005463046FFF735F94FF400613046FFF79C
:103F300033F94FF48060E4F7E7F9224670B9694637
:103F40002846E5F72DFE6B4605F1100213F8011B1C
:103F500002F8011DAA42F9D104B070BD6C4602F10D
:103F60001006234610685168083203C3B2421C464B
:103F7000F7D1E8E737B50D46ADF80420FFF7FDF8B7
:103F8000044600F12003024601992846E5F738FD72
:103F9000236A0133236223B994F82430013384F86F
:103FA000243003B030BD37B50D46ADF80420FFF71F
:103FB000E4F801990446024600F110032846E5F7AB
:103FC00083FD30B123690133236113B9237D0133AC
:103FD000237503B030BD41F0004141F4E0210160A0
:103FE000704710B5DC1D043383734379C47123F02B
:103FF000030343F003030E244371012344738371CD
:10400000C3730182827410BDD31CC371FF23437339
:104010004379827323F0030343F0030343710123C5
:10402000C17383717047D31CC3713E2343734379BB
:10403000827323F0030343F0030343710123C1732D
:10404000837170470F234373042383734379A0F86C
:10405000111023F0030343F00303437140F2017393
:10406000C3800123C27303747047D31CC3714379A7
:10407000417323F0030343F003034371012382736D
:104080008371704708B50023FFF7ABFFBDE8084018
:10409000DEF754B82DE9F3418846162117461E462F
:1040A000099D019008F07BFB162805D001A808F0B7
:1040B000A6FB02B0BDE8F0813E2201982946447972
:1040C000837924F003040C3344F003044471C418CE
:1040D000C25414236370002308A81A46FDF72BFF6F
:1040E0002423A3709DF8203084F80380E3719DF8A9
:1040F0002830A780A373BDF82C30A671A4F80F3028
:104100009DF83030019863749DF83430A3749DF8A5
:104110003830E3749DF83C3023759DF8403063756A
:104120002B68A360AB88A381DEF708F8C1E72DE90F
:10413000F34188461A2117461E460B9D019008F050
:104140002EFB1A2805D001A808F059FB02B0BDE8E3
:10415000F081019818224479EC2124F0030444F002
:1041600003044471FFF750FF019C0AA8A379294674
:104170000C331C4400231A46FDF7DDFE9DF8203069
:1041800084F8038023819DF82430A780A3729DF8D2
:104190002830E680E3729DF830300198A374BDF8B2
:1041A0003430A4F813309DF8383063759DF83C30F6
:1041B000A3759DF84030E3759DF8443023769DF853
:1041C000483063762B68E360AB882382DDF7B6FF67
:1041D000BCE738B504460D4603221021FFF723FF44
:1041E00083791C44A4F80F50BDE83840DDF7A6BF22
:1041F00010B5044608F090FB3E21A379C0B20C3301
:10420000E218E154831E537025230D381073937008
:104210002046BDE81040DDF791BF2DE9F843804608
:104220000220894617461E4608F0B5FCD0B10C2383
:1042300043730823837340F601334579C38025F027
:1042400003059DF8203045F003054571A0F8108066
:1042500080F81290A0F81370A0F81560C373DDF712
:104260006DFF0120BDE8F88308B5022008F093FC3B
:1042700030B101221121FFF7D6FEDDF75FFF0120EB
:1042800008BDF8B504460F46164613211D460922FF
:10429000FFF7C9FE83790C331C44A170E7702671C7
:1042A0002B68C4F80530AB88A4F80930BDE8F840A5
:1042B000DDF744BF70B5064602200D4608F06BFCE2
:1042C000044668B114210422FFF7ADFE83790C3354
:1042D0001C44A170A4F803606571DDF72FFF012075
:1042E00070BD08B507F011F908BD2DE9F04107468A
:1042F00002200D4690461E4608F04DFC0446E0B1F3
:1043000009222121FFF78FFE0A2283790C331C44F6
:10431000BDF9183084F8038093FBF2F323729DF803
:104320001C30A7806372BDF92030A67193FBF2F3B5
:10433000E571A372DDF702FF0120BDE8F08137B51A
:10434000044608F0E9FA3E22A379C0B20C33E5181E
:10435000E254831E6B700D23AB70AB791C38012BBC
:10436000E8768DF8073009D10023E91D1A460DF1D2
:104370000700FDF7E0FD9DF80730AB712046DDF743
:10438000DDFE03B030BD08B58388C2889A4201D3F0
:10439000052B01D8122008BDC078FEF77FF8DEF7A4
:1043A0006BF90028F6D00020F5E7704710B5DDF76F
:1043B000FFFE837900210C33C418E078DBF760F945
:1043C0006168FDF7F7FF0446DDF7F8FE2246BDE819
:1043D000104000234FF61941FFF703BE10B5DDF77B
:1043E000E7FE837900210C33C418E078DBF748F945
:1043F0006168FDF7EDFF0446DDF7E0FE2246BDE80B
:10440000104000234FF61A41FFF7EBBD2DE9F041B4
:10441000DDF7CEFE837900250C33C418E678DDF78E
:10442000C7FE0768DDF7C4FEA6F1FE0359425941F5
:1044300005603046DBF724F93B4629462279FDF733
:1044400010FF0446DDF7BAFE2B462246BDE8F041D8
:1044500042F23701FFF7C5BD2DE9F041DDF7A8FEB7
:10446000837900250C33C418E678DDF7A1FE0768D0
:10447000DDF79EFEA6F1FE03594259410560304624
:10448000DBF7FEF83B4622790121FDF7EAFE044600
:10449000DDF794FE2B462246BDE8F04142F238019A
:1044A000FFF79FBD2DE9F047DDF782FE83790C33DE
:1044B000C418277994F8038027B9B8F1010F27D0E1
:1044C000DBF740FB00260534BE420ADB0025DDF7A2
:1044D00075FE2A46BDE8F047002342F23901FFF796
:1044E00080BD2078B4F80150A0F1FE035942594133
:1044F00094F803900434DBF7C3F858B12A464B46CE
:104500004146DBF719FA05460028E0D10136DBE722
:104510001225DCE74225DAE710B5DDF749FE83799D
:1045200000210C33C418E078DBF7AAF880B1211D14
:10453000FDF75EFF00280CBF0C240024DDF73EFED3
:104540002246BDE81040002342F23501FFF749BD85
:104550004224F3E72DE9F04186B0DDF729FE42F26F
:104560003E03867905460C36875B84199F420ED13F
:10457000DDF71EFE052108F012F9A3780533A370BC
:104580006FF07903AB55202363700023A3720021E1
:10459000E078DBF775F80646002858D02046FFF78C
:1045A000F2FE054630B93046FEF785F8FEF77AFC94
:1045B00070B10C2542F23E039F424AD1DDF7FEFD69
:1045C00000232A46394606B0BDE8F041FFF709BD91
:1045D0003046FEF776F8FDF791FC05460028E8D155
:1045E00094F80A803046B8F1000F13D1FEF769F84D
:1045F00040B13046FEF765F8FDF796FC414630467F
:10460000FEF762F830462389E288A188FEF720F899
:104610000546CFE7FEF74FF840B13046FEF74BF8BE
:10462000FEF71EFC29463046FEF748F8A57B238995
:10463000E288A188E0780495657B0395257B029547
:10464000E57A0195A57A0095FDF766FCE0E742253D
:10465000B0E7DDF7B3FD064601232A463946FFF7EA
:10466000C0FCB3791E44E378B37406B0BDE8F081B2
:1046700070B5DDF79DFD837900210C33C4182079D6
:10468000DAF7FEFF0546C8B1E3789B0718D4207916
:10469000FDF704FFDDF7F0FFA0B1E178284601F057
:1046A0000101FDF7B1FF0446DDF788FD2246BDE8B4
:1046B000704000234FF40151FFF793BC4224F3E70D
:1046C0001124F1E70C24EFE770B5DDF771FD837974
:1046D00000250C33C418DDF76BFD0668DDF768FDB7
:1046E00029460560E078DAF7CBFF334622790221CC
:1046F000FDF7B7FD0446DDF761FD2B462246BDE818
:10470000704042F23F01FFF76CBCFE282DE9F843F0
:104710000646894690461F4616D0022008F03BFA0E
:10472000044690B106221221FFF77DFC1223A579E1
:1047300020460C352544AB7085F803902E71A5F802
:104740000580EF71DDF7FAFC0120BDE8F883F8B5CC
:10475000074602200E46154608F01DFA044668B1C9
:104760000822FF21FFF750FCA37920460C33234495
:10477000DF705E601D81DDF7E1FC0120F8BD704750
:1047800010B5DFF7E9FA0446FDF7CAFB2043C0B2D3
:1047900010BD38B5DDF70CFD8379C17903F10C024A
:1047A0000244CB1A02200021B2F8035008F01EFB8D
:1047B000044640B9DDF702FD0722BDE8384042F269
:1047C0001901FFF73FBC2846DCF7F0FB38B1214662
:1047D000DEF7C4FF0446DDF7F1FC2246EDE7204694
:1047E000F5F79EFC0224F6E770B5DDF7E1FC83796E
:1047F0001844B0F80F60B0B2DCF7D8FB80B10021EC
:1048000001F07CF90546DDF7D9FC044602232A466F
:1048100042F21B01FFF7E5FBA3791C44668270BDE1
:104820000225F0E770B5DDF7C3FC83790C33C418BB
:10483000B4F803502846DCF7B9FBA0B1611D01F0C4
:104840005DF90646DDF7BAFC04460223324642F221
:104850001A01FFF7C6FBE37923449D72E3792D0A21
:104860001C44E57270BD0226ECE710B5DDF7A0FC34
:1048700083790C3318444479B0F80300DCF796FBD5
:1048800060B12146DEF746FD0446DDF797FCE2B253
:1048900040F20641BDE81040FFF7D4BB0224F4E724
:1048A00010B5DDF785FC83790C331844C379C41C3B
:1048B00003F01F03C3712046FEF7BDFB88B12046FD
:1048C000FEF7A6FBDDF74AFAFDF728FB0446DDF705
:1048D00075FCE2B20023BDE8104042F21401FFF77C
:1048E00080BB1224F3E770B5DDF762FC83791844CE
:1048F000B0F80F500BF074FF04462846DCF756FB67
:1049000080B11621FFF73FFA002520460BF063FF28
:10491000DDF754FC2A46BDE8704000234FF6044101
:10492000FFF75FBB0225F0E710B5DDF741FC8379A7
:104930000C33C418B4F80300DCF738FB70B1D4F8BA
:104940000510FEF709FF0024DDF738FC2246BDE81C
:10495000104000234FF60541FFF743BB0224F3E765
:1049600010B5DDF725FC83790C33C418B4F80300C7
:10497000DCF71CFB70B1D4F80510FEF711FF002422
:10498000DDF71CFC2246BDE8104000234FF606412F
:10499000FFF727BB0224F3E7F8B5DDF709FC8479BC
:1049A00005460C340444B4F80300DCF7FFFA06466D
:1049B00040B9DDF703FC0222BDE8F84042F21301E2
:1049C000FFF740BBAB79E97903F10C020220CB1A67
:1049D0002A44002108F00AFA014618B9DDF7EEFB77
:1049E0000722E9E78379033383713046B4F80D5029
:1049F000B4F80F70DEF734FC04463A4629463046D8
:104A0000DCF740FEDDF7DAFB2246D5E738B50BF0E0
:104A1000E7FE0446FFF7B4FE00280CBF0C25002576
:104A2000DDF7CCFB2A4642F20E01FFF72BFBDFF746
:104A300021FD2046BDE838400BF0CDBE2DE9F04FFA
:104A40008DB0DDF7B5FB42F2850390F8068006468F
:104A500008F10C0830F8082000EB08049A420268BC
:104A60000ED10021E37894F80490FF2B016004F14B
:104A70000504059229D1B9F1FF0F07D0122515E0E1
:104A800000234FF0FF09036003340592E3F7C8FCED
:104A9000637A33EA000236D1184010F0050FEDD0EA
:104AA00009F11003DBB20E2B2AD84225059B13B166
:104AB00005A807F0A4FEDDF781FB2A4636F80810AA
:104AC000FFF7C0FA0DB0BDE8F08FB9F1FF0F01D1CB
:104AD0009946DBE703F11002D2B20E2AE5D989F03C
:104AE00080027E2ACAD9CB469946DCF72DFD0746BF
:104AF00058B9059B13B105A807F081FE0725DAE731
:104B00004FF0FF0BF1E71125D0E7FFF739FE30B189
:104B1000059B13B105A807F072FE0C2435E06378FD
:104B200003F0FD03012B09D102F048FB30B9059BCE
:104B300013B105A807F063FE122426E004F1030A6E
:104B40005146A01CFDF710FA5046A178DCF770FD25
:104B5000054630B1059B13B105A807F050FE2C4661
:104B600013E0B9F1FF0FA27814D005A96378384695
:104B7000CDE901A1009249465A46FDF7D3F9059BBC
:104B80000446002B49D1002C95D03846DCF72EFD89
:104B9000254690E7637A8DF818008DF81B3023784E
:104BA0008DF81A208DF81930DAF80030CDF81D3064
:104BB000BAF80430ADF8213063788DF81C30059BCD
:104BC0009A790C32134459791A7942EA0122ADF8E4
:104BD0002420D9799A7942EA0122ADF82620597A1F
:104BE0001A7A42EA0122ADF82820D97A9A7A42EA62
:104BF0000122ADF82A20597B1A7B42EA0122ADF846
:104C00002C209A7BDB7B394642EA0323024606A826
:104C1000ADF82E30DFF704FDB1E705A807F0EFFD92
:104C2000B1E770B5DDF7C4FA83790C33C418B4F872
:104C30000360B0B2DCF7BAF90546D0B1012007F045
:104C4000AAFF0146B8B1B4F805302846B4F80720E9
:104C5000DBB2DEF705FE0546DDF7B0FA04460223B7
:104C60002A4642F22201FFF7BCF9A3791C4466826E
:104C700070BD0225F0E70725EEE710B5DDF798FADD
:104C800083790C330344B3F80300B3F80510C0B2C2
:104C9000DCF75AFDDDF792FABDE81040002342F23E
:104CA00024011A46FFF79DB910B5DDF781FA837923
:104CB0001844B0F80F00DCF779F958B100F0C7FEDE
:104CC0000446DDF77BFA2246BDE8104042F21601A9
:104CD000FFF7B8B90224F4E770B5DDF769FA837914
:104CE0001844B0F80F60B0B2DCF760F980B9DDF7B6
:104CF00065FA7F25044602220323204641F205413E
:104D0000FFF76FF9A3790C331C44E680257270BD60
:104D1000FEF748FA45B2DDF751FA00220446EBE708
:104D200038B5DDF745FA83790C33C418DDF746FA58
:104D300005461D2300224FF62A41FFF752F9294666
:104D4000D4F80300FFF75BF838BD2DE9F84381463E
:104D50000220884617461E4607F01DFF044690B104
:104D60000A220321FFF75FF90023A57920460C35BD
:104D70002544EB70A5F80490A5F806802F816E817C
:104D8000DDF7DCF90120BDE8F8832DE9F043814629
:104D900085B002200E461F469DF844808DF80F20F6
:104DA00007F0F9FE0546002844D022222921FFF70A
:104DB0003AF90022AC7930460C342C4404F10E034D
:104DC00004F11401C4F80E209A80626122830091DC
:104DD0003A460DF10F01FDF7AFF89DF84030A4F809
:104DE0000490E37006F00103A3719DF80F3016F0F4
:104DF000FD0FE3713B68A360BB88A3814FF6FF738F
:104E000004D0032E08BF43464FF0FF08BDF8302002
:104E100028466283BDF8342084F82180A283BDF83F
:104E200038206384E2839DF83C2084F82020DDF75D
:104E300085F9012005B0BDE8F083F8B507460220EA
:104E400016461D4607F0A7FE044690B10C22042129
:104E5000FFF7E9F8A1799DF818300C31214420467C
:104E60008F80C1F80660C1F80A50CB70DDF766F993
:104E70000120F8BD70B5064602200D4607F08BFEF6
:104E8000044668B103223021FFF7EFF8A3792046EA
:104E90000C332344A3F803609D70DDF74FF9012024
:104EA00070BD70B5064602200D4607F074FE04463C
:104EB00088B104220821FFF7D8F8B5FA85F2A37962
:104EC00052090C3323442046A3F803605A719D70A5
:104ED000DDF734F9012070BD2DE9F8438146022049
:104EE000884617461E4607F056FE0446B0B10B2210
:104EF0000721FFF798F8A579BDF820300C35254437
:104F00002046A5F80390A5F80580A5F80770A5F838
:104F10000960A5F80B30DDF711F90120BDE8F88331
:104F2000F8B5074602200E46154607F034FE044643
:104F3000A0B10D220521FFF776F8A37920460C33A6
:104F40002344A3F80370A3F80D602A68C3F8052072
:104F50006A68C3F80920DDF7F1F80120F8BD2DE9F2
:104F6000FF4116466A4680460F4615460A9C03F1E5
:104F7000100E9446186859680833ACE8030073456E
:104F80006246F6D124B9022007F005FE044608B3B4
:104F90001D22ED212046FFF737F8A3790C33234477
:104FA000A3F80380A3F80D702EB13268C3F8052072
:104FB0007268C3F809200F3304AE2A4603CAB2420E
:104FC00018605960154603F10803F6D12046DDF755
:104FD000B5F8012004B0BDE8F08113B51321827942
:104FE00001900C32841881544FF44072C280DCF777
:104FF00047FEA07020B901A807F001FC02B010BD67
:105000008000013060700198DDF798F8F6E770B520
:10501000064602200D4607F0BEFD044678B1042284
:105020000521FFF722F80022A37920460C33234400
:10503000A3F803605D719A70DDF780F8012070BD00
:1050400070B5DDF7B5F883791844B0F80F60B0B2E9
:10505000DBF7ACFF0546B0FA80F040094400DDF70D
:10506000ADF80723224642F21501FEF7BAFFDDF73D
:10507000A5F8C3791844A0F805604CB9DDF79EF88F
:10508000C179073101442846BDE87040FEF75DBE96
:1050900070BD13B5837901900C33C418C05CDBF785
:1050A00085FF20B901A807F0AAFB02B010BD637804
:1050B000019913F0300F0CBF012200228B790433C9
:1050C0008B714B7962F300034B71DCF7A9FCECE7C1
:1050D0002DE9F041DDF76CF883790C33C418B4F88E
:1050E00003801FFA88F0DBF761FF054600B3A27961
:1050F0006179FEF760F90646DDF760F8074602239E
:10510000324642F27A01FEF76CFFBB7938463B44E7
:10511000A3F81280DDF712F846B9A37933B1284617
:10512000FEF76AFB01462846FDF7F1FFBDE8F08176
:105130000226E1E7F8B507460E4614461D46E3F79A
:105140006FF987B13CB936EA00000AD1002E14BFCE
:1051500000201120F8BDB54203D135EA000300D18B
:1051600015B91120F6E724B135EA0000F9D1002D78
:10517000EDE72046EEE700F07EBF2DE9F047DDF7D2
:1051800017F883790C33C618DCF7EAFA0446E3F71C
:1051900047F9F778804607F0010917F002070CBFBE
:1051A000012200227379317989F00100FFF7C2FFF3
:1051B0000546C8B92378B9F1000F0BD1327902F056
:1051C0000F0262F307132370DBB207B9727962F33F
:1051D000030308E008F00F0060F307132370DBB24D
:1051E00067B160F303032370DCF7E8FF2A46BDE8EC
:1051F000F047002342F23101FEF7F3BE727902F06C
:105200000F0262F3030362F30713ECE72DE9F041A9
:10521000DCF7CEFF83790C33C418B4F80300DBF756
:10522000C5FE0646002840D06779E37907F00108FB
:1052300017F002070CBF01220022A17988F00100BB
:10524000FFF778FF0546E0B93046FEF7D2FA02468E
:10525000B8F1000F1ED1A179037801F00F0161F3BD
:1052600007130370DBB207B9E17961F3030313702D
:105270005378217A304661F303035370DEF7A8FBBD
:105280000546DCF79BFF2A46BDE8F04142F23201B9
:10529000FEF7D8BE002FEBD1E179037801F00F01C2
:1052A00061F3030361F30713E1E70225E9E77047C0
:1052B00038B50446FDF7A5FE054658B9C820E4F701
:1052C00043FBC82202212846E4F7DAF98442A8BF4A
:1052D000044624B22046E4F737FBFDF792FEBDE812
:1052E0003840C8220221E4F7CBB9B0F90020B1F967
:1052F00000302DE9F0479A4204460D4648DC0BF099
:105300006FFA8046DCF708F900283ED1E4F7AAF9E5
:105310008246FDF776FEC8220221E4F7B1F947F68E
:10532000FF73B5F9002081469A4202D1E4F7CEF925
:10533000288047F6FF73B4F900209A4202D1E4F7BF
:10534000BDF92080B5F90000FFF7B2FFB4F90030D5
:1053500007468342C8BF2080B4F90000E4F7DEFAB4
:10536000FDF7C9FE064658B15046E4F7D7FA48465D
:10537000E4F7EAFA40460BF02EFA3046BDE8F08733
:10538000E4F770F920802F80F4E741F20C06F1E792
:105390002126F2E708B5E4F7A3F9002008BD436829
:1053A000143B4360A0230B6070471AB94268A2EB1C
:1053B000530242600A6802EB83020A60704713B529
:1053C00004210DEB0100DEF7CFFB019C2046DDF749
:1053D00015FB0028F4D0204602B010BD884210B55D
:1053E0001BD8052819D9B1F5486F16D8B3F5FA7F3F
:1053F00013D240F67644A2F10A0080B2A0420CD843
:10540000BDF8080001339BB243434B435B00B3EB51
:10541000C20F94BF0120002010BD0020FCE7C9434B
:1054200050E8003F0B4040E80032002AF8D17047B6
:10543000002070472DE9F04104460E460025012763
:10544000214685F00100FDF791FE4FF48051FFF7F2
:10545000E6FF8368804633B938460DB1BDE8F08178
:1054600001250746ECE7028AB24206D1002201215B
:10547000204698470028EFD1EFE70268D10502D512
:1054800000221146F4E79307E6D52046FDF7C3FE58
:1054900002460028E0D10521D8F80830E8E708B531
:1054A000FDF77DFE00230380436008BD70B506460E
:1054B0000C460BF095F905463046FDF770FE30B10D
:1054C00003781C4304704FF40070ECF70FFB284680
:1054D000BDE870400BF07FB9DCF7A2BA07B542799E
:1054E0008DF8071022F0030242F00302427140F2ED
:1054F00003320DF10701C280012207F05CF903B00D
:105500005DF804FB70B50C4605460721204616469B
:10551000FFF7E4FF2046DDF757FB2146467028469B
:10552000BDE87040DCF77CBA38B50C460021054672
:10553000FDF788FE47F6FE73241AA4B29C4205D9F3
:1055400028462821FEF708FC002038BD0120FCE792
:1055500038B504460D4601460020FDF707FE0368F6
:105560009B0505D429462046BDE83840FFF7DCBF3F
:10557000002038BD2DE9F04115461F469DF81880E2
:10558000FDF7F4FD04460BF02BF9B8F1010F0646C8
:1055900023D154E8003F43F4807344E80032002AEA
:1055A000F7D105B354E8002F42F4007244E8002319
:1055B000002BF7D1FF212046FFF731FF54E8002FE1
:1055C00048EA020244E80023002BF7D13046A560E8
:1055D0002782BDE8F0410BF0FEB84FF48071204601
:1055E000FFF71DFFDDE74FF400712046FFF717FFBF
:1055F000E0E773B5064601200C46FDF7B7FD002332
:1056000005461A46009321463046FFF7B3FF6B6804
:1056100063B14FF480712046DBF7F2FC55E8003FA0
:1056200043F4007345E80032002AF7D10BF0D8F8B4
:1056300005462046FDF7B3FD28B103881BB14FF4A2
:105640000070ECF753FA284602B0BDE870400BF04A
:10565000C2B838B505460C46FDF788FD83684BB1E6
:10566000022120460022984721462846BDE83840BE
:10567000FFF7BFBF38BD012938B505460C4608D035
:10568000CC1E012C03D801460120FFF7E2FF0120C8
:1056900038BD2221FDF7D3FD20462946FFF7D9FF6B
:1056A0000020F5E708B5FDF761FD006800F0F000A7
:1056B00008BD10B5014604460120FFF7F3FF20B9ED
:1056C0002146BDE81040FFF7EDBF10BD70B506469E
:1056D0000C4601460120FDF749FD314605460020F4
:1056E000FDF744FD2B680268014643EA0200C0054D
:1056F0001ED49B0502F4007203D49AB94FF0FF3018
:1057000070BD2B8A1B1B98B27AB1098A091B89B21A
:105710008842A8BF08464FF6FF73984208BF4FF073
:10572000FF30EDE74FF6FF70EFE74FF6FF71EFE761
:105730000120E5E72DE9F3410446019101460120EE
:105740001546FDF713FD214606460020FDF70EFD28
:1057500080462046FDF713FD810606D501A807F017
:105760004EF80C2002B0BDE8F0810BF039F8336838
:1057700007469A0503D4D8F800309B0509D501994E
:10578000301D8D6007F02AF938460BF024F8002010
:10579000E8E70BF020F820460199A847E2E738B582
:1057A000014604460120FDF7E1FC05460C3007F0F8
:1057B00026F8281D07F023F821460020FDF7D6FC27
:1057C00004460C3007F01BF8201DBDE8384007F0F8
:1057D00016B870B5014605460120FDF7C7FC064620
:1057E000043007F089F8044670B14FF40071304678
:1057F000FFF715FE21462846A368984720B12046AA
:10580000BDE87040F4F78CBC70BD00238260C0E935
:105810000031704708B50B4601461846FDF7A6FC57
:105820000068C0F3402008BDFFF725BFCB1E012B49
:1058300070B504460D46164606D81A21FDF7FFFC42
:1058400040212046DBF7DCFB324629462046BDE8F6
:105850007040FFF710BF38B504460D46FDF7DBFC7E
:1058600028B1012D04D122212046FDF7E8FC0020BB
:1058700038BDF8B50C468B7907460B44D3F80D605C
:10588000D3F811303246DCF7ADF809212046FFF796
:1058900025FE2046DDF798F9A579E2F7BBFD0C352A
:1058A00066F0FF0625440640C5F80160E2F7B2FD48
:1058B0003846C5F805102146FFF70EFE022138468E
:1058C000FFF7F4FDF8BD70B50E4605460146002011
:1058D000FDF74CFC012E044603D0022E11D001200E
:1058E00070BDC16828468B7919440D31FDF75BFD09
:1058F000E068F4F715FC00202946E060FFF779FE28
:10590000EDE7C068F4F70CFC0023E360E7E738B587
:105910000D46044601460120FDF728FC012D08D163
:1059200000F112012046FDF73EFD21462846FFF713
:1059300060FE012038BD08B5FDF721FCC0F3C000B2
:1059400008BD08B5FDF723FC00F0010008BD38B51F
:105950000C4602210546FDF71CFC0C212046FFF7F2
:10596000BDFD2046DDF730F94FF0FF338370022391
:10597000C3700E2343706FF02F030371052321467C
:1059800043712846BDE83840FFF7A6BDF8B5044688
:105990000D46DBF71FFB4FF0FF3180B2FCF7ADFA8D
:1059A0002046FFF7C8FF80F00107FFB221463846C6
:1059B000FDF7DCFB0646C068012D837903D0022D7C
:1059C00020D00120F8BD0C33C5182B892046EA8869
:1059D000A988FDF7B4FD69886A784900520020461D
:1059E00089B2FDF7F8FBF068F4F79AFB0023204634
:1059F0004FF48031F360FDF7CFFB21463846FFF7C7
:105A0000F8FDDEE7F4F78CFB00234FF480312046ED
:105A1000F360FDF7C1FBD4E7042910B5044601D0BB
:105A2000002010BDFFF787FFC0F10200E2F76CFC19
:105A30000028F5D107F0AFF8014608B90220F0E7D9
:105A40002046DDF731FC0028F8D10120E9E710B548
:105A50000446FDF79CFB030705D520464021DBF7F4
:105A6000CFFA002010BD012007F095F8014620B1C3
:105A70002046BDE81040DDF717BC0720F2E708B567
:105A8000FDF77DFBC0F3C00008BD2DE9F0410F46D6
:105A900004469046FFF7F3FF80F00105EDB2214682
:105AA0002846FDF763FB012F064603D0032F0FD0D6
:105AB00001200BE02046FEF721FA22212046FDF7C7
:105AC000BEFB28462146FFF7C4FD0020BDE8F0815B
:105AD000C068F4F725FB00232046F360FEF70EFABA
:105AE000204698F80410FDF7AAFB20462021DBF79A
:105AF00087FA21462846FFF7ACFDD9E737B50446BB
:105B00000D46FDF744FB03054CD5022007F043F892
:105B10000190002848D0204645B3FFF7B0FF50B1B0
:105B200005210198FFF7DAFC0198DDF74DF82046D2
:105B30000199FFF7D1FC20462946FEF7EAF92046F5
:105B4000FFF79DFF78B94FF400612046FDF71CFB7D
:105B500006210198FFF7C2FC0198DDF735F82046D1
:105B60000199FFF7B9FC002003B030BDFFF787FFB4
:105B700068B10199032306222046DDF737F8204655
:105B8000FEF7BCF921462846FFF763FDEBE701A8C5
:105B900006F035FE20463D21FEF7DEF82046FEF7F2
:105BA000ADF9E0E70C20DFE70720DDE7F7B50146B8
:105BB00004460020FDF7DAFA054600F112074FF41B
:105BC0008060E2F7A1FB50B92046DBF703FA3A46C2
:105BD000698B80B203B0BDE8F040FFF7A1B9204661
:105BE000DBF7F8F9064620466D8BFDF7C6FA002272
:105BF0000346009229463A46B0B2FFF7B0F903B027
:105C0000F0BD83781A2B09D81B2383700288B2F564
:105C1000A47F07D24FF4A473038007E0FB2BF5D9D0
:105C2000FB23F2E744F290239A42F5D87047F0B58F
:105C30000446CA798B7987B043EA0223ADF80C3069
:105C40008B8803A88DF80E30CA788B7840F648050B
:105C500043EA0223ADF810300B8805A98DF8123005
:105C6000FFF7CFFF04A8FFF7CCFF2046FEF7A4F80C
:105C70000B212046FEF753F844F29023002818BF6A
:105C80001D46BDF80C709DF80E30BDF81460BDF8CF
:105C900010209DF816009DF81210AF42D4BF009757
:105CA0000095FB2BA8BFFB23B242A8BF324681421E
:105CB000A8BF01462046FDF7CDFC07B0F0BD37B5C3
:105CC000144605461046FFF709FC2046DCF77CFF2A
:105CD00001A904462846FEF76FF80B212846FEF777
:105CE0001EF86FF004036370002344F29022A37047
:105CF00040F64803002818BF1346A4F803309DF867
:105D00000630A4F80530BDF80430A4F8073003B01D
:105D100030BDFFF7B0BC022973B505460C4603D071
:105D20000024204602B070BD0521FDF7C9FF002800
:105D3000F6D0DBF70FFD1B28F2D94FF40040E2F755
:105D4000E3FA0028ECD106F026FF06460028E8D04A
:105D5000284601A9FEF730F8314628469DF806305E
:105D6000BDF80420DDF77CFD0028D9D10124D8E757
:105D700030B190FAA0F00123B0FA80F08340D8B29D
:105D8000704770B50646FDF702FA80F0400402063F
:105D90000546C4F3801406D408213046FDF7BFFF42
:105DA00008B144F00204EB0506D40B213046FDF7A0
:105DB000B6FF08B144F00404204670BD4B1E032B0F
:105DC00010B50C4602D90023184610BD0329FAD09D
:105DD000FFF7D7FF04EA00038443F4D1F4E72DE989
:105DE000F7430446884617460193FDF7D0F9C0F300
:105DF00040152046FDF7FDFC214681462846FDF76B
:105E0000B5F9064607B32046DBF7E4F8804620469E
:105E1000FDF7F2FC3A460146019B1FFA88F0DCF7D9
:105E200049FD21462846FFF7E4FB20212046FDF7E7
:105E3000B3F956E8003F43F4805346E80032002AA5
:105E4000F7D103B0BDE8F08301A806F0D8FC99F8BB
:105E50000110404601F00F0101F0D7F8062818BFE5
:105E600001462A4608BF00212046FDF725FCD8E759
:105E7000F8B50F4604461546FDF789F9032FC0F320
:105E800040160DD0042F1BD0012F17D12221204600
:105E9000FDF7D5F930462146FFF7DBFB0020F8BDC2
:105EA0002B682A791B6800212046FFF798FF002203
:105EB0002B68214630461A60FFF7CBFB0120EEE746
:105EC0002B680C221B68EEE7012910B504460CD1A3
:105ED000FDF75DF92146C0F34010FDF747F90023B7
:105EE000817C1A462046FFF77AFF012010BD2DE97C
:105EF000F7430F460546FDF74AF900F02009C0F3C5
:105F000040182846FDF775FCBB790C333B445E789E
:105F10009B781E400378C3F3030000EA131030405F
:105F2000FFF726FF044648B9B9F1000F06D128460D
:105F3000FFF727FF3040FFF71BFF04462846FDF719
:105F40005BFCE1F76BF8A04223D01CB3022128468A
:105F5000FDF778F9002106462846FDF78EFA18214C
:105F60003846FFF7BBFA3846DCF72EFEB6B23946A4
:105F700044708470A0F803602846FFF7ADFA23460A
:105F80002246294640460096DDF7A4FC03B0BDE852
:105F9000F08300242646E2E770B504460D46FFF77D
:105FA00088FB28B929462046BDE87040FFF79FBF0F
:105FB000402829462046BDE870404FF0160314BF24
:105FC0002A222322DCF712BE38B505460C46FDF71F
:105FD000DEF8830604D42046BDE83840F4F7A0B8C4
:105FE00021462846BDE83840FFF781BF2DE9F3413F
:105FF0008C7906460C340C440D46FDF7C8F8A178A0
:1060000007463046FFF7DAFE617880463046FFF7F4
:10601000D5FEB4F8032003460092C7F34010424671
:106020003146DDF757FC284602B0BDE8F041F4F7F1
:1060300077B808B58B790B441B7B162B03D0172B35
:1060400005D0002008BDFFF7A7FF0120FAE7FFF702
:10605000BBFFFAE708B58B790B441B7B162B03D0EB
:10606000182B05D0002008BDDDF7D0FC0120FAE791
:10607000FFF7BCFFFAE770471FB54A1E042A034624
:106080000C465FD8012902D1008804B010BD022956
:1060900005D100885B88984238BF1846F5E74A006A
:1060A000014601A806F01DFA032C07D10023ADF824
:1060B0000A304FF6FF73ADF80C3001E0042CF8D035
:1060C000BDF80620BDF80430934284BFADF8063019
:1060D000ADF80420BDF80A30BDF80C20934288BF0B
:1060E000ADF80A20BDF80A2088BFADF80C30BDF825
:1060F0000430934288BFADF80A30BDF80620BDF8E1
:106100000C309A4288BFADF80630BDF80820BDF8C3
:106110000630934284BFADF80830ADF80620BDF8D4
:106120000A30BDF808209A4288BFADF80830BDF8A3
:106130000820BDF806309A4238BFADF80830BDF8E7
:106140000800A2E74FF6FF709FE74A1E062A13B524
:1061500003460C4600F2AF80012903D190F90000FC
:1061600002B010BD022907D190F9000093F9013067
:106170009842B8BF1846F3E70A460146684606F05B
:10618000B0F9032C0AD180238DF803304FF4FF437C
:10619000ADF804307F238DF8063009E0042CF5D0EB
:1061A000052C03D180238DF80530F3E7062CF1D0C0
:1061B0009DF900309DF905209342C4BF8DF8002061
:1061C0008DF805309DF903209DF900309342C4BF3E
:1061D0008DF803308DF800209DF901309DF90620DF
:1061E0009DF900109342C4BF8DF801208DF8063050
:1061F0009DF904209DF902309342C4BF8DF802201E
:106200008DF804309DF90120BDF8003091425BBA51
:106210009DF90520C8BFADF800309DF903309342C9
:10622000C4BF8DF803208DF805309DF906209DF937
:1062300002309342C8BF8DF802209DF902109DF9EB
:106240000320C8BF8DF80630BDF8023091425BBA1A
:10625000C8BFADF802309DF903209DF906309DF9C5
:1062600004109A42C8BF8DF803309DF90520BDF88F
:10627000043091425BBAC8BFADF804309DF90420E8
:106280009DF901309342C4BF8DF801208DF8043090
:106290009DF903209DF901309A42B8BF8DF8033073
:1062A0009DF903209DF904309A42C8BF8DF8033050
:1062B0009DF9030054E76FF07F0051E7830705D491
:1062C00010F0040F14BF0320012070470220704714
:1062D000022805D0032805D0012806D1E1F76ABBC2
:1062E000E1F758BB0020DEF78BB8704710B10128EA
:1062F00003D070470120DEF783B80020FBE7F7B535
:106300001F468B1E012B05460C46164613D8FBF77D
:106310000DFE0023CDE90005F01A18BF01201A4632
:106320003946FBF713FE80B1022C0BD1284600F052
:106330003CFF002004E00029F8D0012902D0FF2012
:1063400003B0F0BD284600F040FF0120F8E770B52B
:106350000D4600219DF810600446817106F10C0184
:106360004173111E18BF012103F00F00237B40EA87
:10637000C11003F04003184320732B469DF81410FE
:1063800004F10E00FFF7BBFF237B0E3660F386138C
:1063900023732B686361AB882383A3793344E37150
:1063A00070BD022810B50C4608D003280ED0012875
:1063B00011D1BDE810400846DEF780BAE0F7FEFCD8
:1063C000844208D1BDE81040E2F7C2BC0846BDE8EF
:1063D0001040DEF759BB10BD002337B505460C460B
:1063E00001A841210193E2F7C9FE019830B1DDF720
:1063F00081FE072805D001A806F001FA002003B0AD
:1064000030BD2A4620460199DEF700FCF7E7532805
:1064100010B50C4608D10320FFF7DEFF40B9204637
:10642000BDE81040DEF730BBBDE81040DEF7B4BF7A
:1064300010BD512838B504460D460ED0532810D053
:1064400055384FF0010118BF0120DDF765FD2946E1
:106450002046BDE83840DEF79FBFBDE83840E1F791
:1064600039BB0420FFF7B8FF10B92846DEF70CFB54
:10647000BDE8384001210846DDF74EBD00207047D9
:10648000704700207047002070470A2000F03CB998
:1064900010B50446012100F092FD204600F099FB62
:1064A0002046BDE81040DFF747B970B51446DFF766
:1064B000D3F90E46054668B10AF092F96B6A2C854D
:1064C0002401B4FBF3F46E85A5F888400AF083F943
:1064D000002070BD4220FCE708B5DFF7BDF9A0B190
:1064E000203049B150E8003F23F4004340E8003237
:1064F000002AF7D1002008BD50E8003F43F40043D4
:1065000040E80032002AF7D1F4E74220F3E700B177
:10651000406F704710B50446002100F050FD204642
:1065200000F040FD236A43F40063236210BD00B114
:106530003430704700B12430704700B144307047A8
:106540002DE9F341064615460C4651B34AB30023E4
:106550002821ADF80630204613460DF10602FCF75F
:1065600030FA08BB2B46FF2120460DF10602FCF74E
:1065700028FAC8B90024D6F87080B8F1000F10D0FE
:1065800098F8067096F88A300C37282B08EB070528
:1065900018D0FF2B05D12A222146284605F06FFF8F
:1065A00018BB02B0BDE8F0810378013B13F0FF0394
:1065B000E0D0072B01D02A2BDCD14378841C86F84D
:1065C0008A30D8E707222146284605F058FF0028E0
:1065D000E7D0236848F80730A388AB80A379AB7174
:1065E000336A43F480233362DBE704F1280354F871
:1065F000042B9C4245F8042BF9D123882B80EFE72C
:10660000022907D80123026A8B4013420CBF0120E4
:10661000002070470020704770B50446154600F111
:10662000300641603146FEF7BAFE20462B46012275
:106630003146FEF7BAFE606F10B1616800F01DFBD5
:1066400070BD036A23F4805303627047006AC0F38D
:1066500000307047B0F8883010B58B4204460DD238
:10666000036A43F4804303624FF08070EBF73EFA15
:106670002046002100F0A3FC012010BD5B1AA0F809
:1066800088300020F9E70246408D80B1136A5B0331
:106690000CD4138D516A1B01B3FBF1F3B2F88800DF
:1066A0009BB2984234BF0020012070470020704701
:1066B00038B505460C460846E2F790FD21462846C7
:1066C000BDE83840DFF7FEBA7FB504460D461646F2
:1066D0008DF80700012202A90DF10700FBF740FC2D
:1066E00010B19DF8074002AD324629462046DFF73B
:1066F00055FC38B12A4621463046FFF7C2FE80F0ED
:106700000100C0B204B070BDDFF76EBC38B50446FE
:10671000FFF797FF626BA18D04F14400DAF768FB85
:10672000002584F83D00256404F1340000F009FEE2
:106730002046DEF709FFFBF79DFB2A4601460320B2
:10674000FBF7A6FB6168226B637D01EB92021020D0
:1067500000F035FE0D22294604F1780005F0B9FE5F
:106760007F23204684F87E3084F87D30DEF7ECFE0F
:10677000A4F87B0038BD30B585B004466D4600F105
:1067800034030FCB85E80F0094F8853028468DF848
:10679000093000F0D6FD2046DEF7D6FEFBF76AFB97
:1067A000002201460320FBF773FB61681020637D24
:1067B00001F5FA6200F003FE05B030BDF7B590F8C0
:1067C0008330044613B9036A5A0241D5012006F00A
:1067D000E2F9019050B9203454E8003F43F0160329
:1067E00044E80032002AF7D103B0F0BD022384F858
:1067F0008330236A1B0403D501A806F000F8F3E7F1
:1068000001220D2101A806F003FA28BB019E04F124
:106810007802B37904F1800733440C33154603CD75
:10682000BD42186059602A4603F10803F6D1286872
:1068300018602A7930461A71DFF7A4FA04F12002B1
:1068400052E8003F23F0160342E800310029F7D157
:10685000012384F88330C7E701A805F0D0FFEDE7F6
:10686000002313B503280C4601930BD005D801284B
:106870000CD002280ED002B010BD532811D05538CC
:106880000128F8D82046DFF7FBFBF4E70846FFF7BE
:106890003DFFF0E7E0F792FA8442ECD1E2F758FAD4
:1068A000E9E7204601A9DFF72BFA013008D10223DE
:1068B00001A884F8833005F0A2FFE2F749FAE1E786
:1068C00020460199FFF7F4FE20460199DFF772FA9E
:1068D0000028D0D1F1E7012802D10846FFF74BBFCD
:1068E000FFF7BEBFF0B5044685B0006ADEF7C8FF0B
:1068F000FFF71DFE6E4605460FC886E80F00C8224A
:10690000297A0020E2F7BCFEE36A0146009394F87E
:106910003030074630468DF80930E2F7F3FF304655
:1069200000F00FFD236A606A1D6805F099FFC5F34A
:106930004015AD01064600212846D9F77BFE3044BC
:10694000FF2815DC002329461A46A06AFBF7BAFF88
:106950003946A06AFCF777F8A06A3146FCF787F859
:10696000A06A33460022616AE2F78AFD05B0F0BDF5
:106970000020F6E7F8B5076A04463A6812F0040109
:106980006FD1466A002E6CD022F004033B60B379CD
:106990000C331E44F57890F834309D4205D000F059
:1069A0000EFBBDE8F840E2F7D3B990F8313012079A
:1069B000C3EB431103EB8103C0E903331DD440F261
:1069C00071253079626884F83200B97A490005FB94
:1069D000012203FB002262603B6843F008033B6036
:1069E0000121204600F0FCFA626A93790633937124
:1069F0003B6843F004033B6033E0E0F7DFF9A0427B
:106A000005462FD190F8323032790133934229D1A3
:106A1000E1F78AFF30B33379D5E9086285F832307F
:106A20009379284606339371FFF75CFF95F8313070
:106A30002846C3EB431103EB8101E0F7DDF904467F
:106A400058B9E2F785F92846214600F0B8FA05F171
:106A50002400BDE8F84005F0D2BE336843F00403DB
:106A60003360F8BDE0F7AAF9844201D1E2F770F98A
:106A70007D20317994F8323094F83120CB1A534389
:106A8000626884F8321000FB03226260A8E730B528
:106A900051280C460D6A85B013D00ED8012828D095
:106AA00003284BD002280AD1E0F788F9844206D1A6
:106AB00005B0BDE83040E2F74BB956283ED005B0EE
:106AC00030BD00212046DFF74BFB2B6804F124008A
:106AD00023F004032B6005F0B0FE019001A805F03F
:106AE0008EFE636A63B3204605B0BDE83040FFF711
:106AF00041BF0846FFF7F6FE94F83130607DC3EBE6
:106B0000431203EB8203226A94F83250917AA26B0B
:106B100040F2712403FB0522490004FB012201928B
:106B200000228DF808204FF47F428DF8090001A85B
:106B3000ADF80A200393E1F7BFFEC0E70121C1E7EA
:106B4000E0F73CF9844201D1E2F702F90021204646
:106B500005B0BDE8304000F032BA70B504460028F8
:106B600036D009F03DFE0646606998B1836A2BB1C4
:106B7000283005F044FE002263699A626069436A26
:106B80002BB1243005F03BFE002263695A620022DB
:106B900063691A6200252069656110B106F053F936
:106BA0002561E369257323B104F11C0005F027FE7C
:106BB000E561206A18B1DAF719FD00232362236822
:106BC000304623F002032360BDE8704009F003BEA5
:106BD00070BD38B5044609F003FE636F0546C3B1C6
:106BE0005B6963B1E0F7EAF8636F5B69834201D1E7
:106BF000E2F7AEF8636F0121586900F0E0F9E0F7C1
:106C0000DDF8844201D1E2F7A3F80121606F00F0C2
:106C1000D6F92846BDE8384009F0DDBD98B10379C2
:106C2000013B1B060FD44379052B0CD981794A1EF1
:106C3000D2B2FD2A07D8C279012A04D98B4294BF67
:106C40001220002070471220704770B50546084694
:106C50000C461646FFF7E2FF70B922686B69DA62EC
:106C600022792A72E27983F8312063796B72A379F1
:106C7000AB720EB1FF23EB7270BD41607047436F82
:106C80005B699963704702692AB1C37A017B9942B3
:106C900001D9D05C7047FF207047F8B506460C4616
:106CA00021B9022005F077FF0446E8B100270D2145
:106CB0002046E78005F073FD3046A579FFF73AFCE2
:106CC0000C3503892544706F2B81FFF7DCFF7F2390
:106CD000AB716B71FF23A872EB71EB722F732046BF
:106CE000BDE8F840DFF74EB8F8BD2DE9F0410646A3
:106CF000FFF70DFC446905463046FFF71BFC804654
:106D00003046FFF714FC7368074663602846FFF7B8
:106D1000BAFF84F83400B8F808302046E3864FF60E
:106D2000FF7363867B7A84F830302B6823F0080386
:106D30002B60BDE8F041FFF71DBE70B50C4606465E
:106D4000FFF7F8FB05462046FFF79DFFE37A227B1D
:106D50000133DBB29A42E37222690BD80023E3725B
:106D60002B8901332B811378012B38BF0123A6F81F
:106D7000863070BDD35C1B1A9BB2F8E713B504468E
:106D800010B9002002B010BD037803F03F03012BBF
:106D9000F7D901214078D9F74DFC0138ADF806004C
:106DA000204610F8013B322103F03F030DF10602AB
:106DB000FBF707FE0028E4D00378092BE1D102306D
:106DC000E0E72DE9F0470446884692461E4690F8D3
:106DD0000C9009F005FD0746BAF1000F00F0A58000
:106DE000217A5145C0F0A180002E00F09E80B37939
:106DF000F279D21AD2B2924540F0978000254FF036
:106E0000FF300B33334413F8012F914240F28D8051
:106E1000824240F38A800135EDB2AA4510B2F2D128
:106E20002069237B18B39D420FD100232A463146A7
:106E30002069257305F0D2FC85421BD0206906F03D
:106E400002F80023236123730AE005F0FCFF00230E
:106E500023732361284605F0F4FF20610028E4D164
:106E60000724384609F0B7FC2046BDE8F087002B20
:106E7000F0D0DAE7236818F0400F14BF43F0200386
:106E800023F020032360B9F1000F2ED02046DEF757
:106E9000F7FC0546466800F04DFAE37A3BBB361A2C
:106EA000B6F5FA7F23DB2846FFF731FB03692A6B2F
:106EB00019784368A5F88610A3EBD203427A5200F2
:106EC0004A4340F2712101FB02336B60DFF776FF2A
:106ED000291A18BF0121284600F082F860690021B4
:106EE00000F06DF82846FFF700FF0024B9E7DFF750
:106EF00065FF854201D1E1F72BFF0026FE232146E5
:106F00002846A5F88660E372FFF717FF2B8D6A6AA3
:106F10001B01B3FBF2F32846A5F88830E681FFF7A2
:106F200090FB2846DFF772FAD8E7122499E738B5C4
:106F30000025044643690121986AC58005F02FFCAD
:106F4000636929469B6A20469A7913441D736369D5
:106F500001229B6AFFF735FF63699B6ADD8038BDBC
:106F60000023F0B51360037D044613F0080705897C
:106F700003D00D4445600120F0BD4668701AB0EBA7
:106F8000050CF8D513F001000AD1D4E90373DB1B1B
:106F900013EB0C0FF0D429448E1B16606160EAE7F6
:106FA0003846E9E710B50446DFF740FD6168E0695F
:106FB0000022DFF7BFFDBDE8104000F034B938B55E
:106FC0000C46C94301F001010546DFF7FDFDA307AB
:106FD00002D4E869DFF7E2FDBDE8384000F023B9EC
:106FE00010B50446DFF7F0FD2046DFF71FFDBDE8D2
:106FF000104000F018B9007D00F00100704701203A
:10700000704700F0F4B8FEF770B9022808D00428E1
:1070100003D0012818BF0620704701F00101C81CE9
:10702000704710B50C46E0F70FF80279408804FB72
:10703000020010BD10B50C46E0F706F84388A342E5
:107040009BBFE41A03790020B4FBF3F010BD08B530
:10705000E1F77EFEBDE808400020E0F7C3BFC9436A
:1070600050E8003F0B4040E80032002AF8D170475A
:107070002DE9F0410F460446242118461E461546C8
:107080009DF8188000F0F9F9C319B8F1000F37D155
:10709000033E012E94BF0322022240F271265200C9
:1070A00006FB023342F21072608941007143A1F283
:1070B000E2469642A8BF16466A1A921BD21A002AC6
:1070C000C2BFB2FBF1F202FB0112AD1AEA1A09D5F6
:1070D0005242B2FBF1F707FB011C01FB172265448A
:1070E00002B96D1AEB1A8B4240F2E2470AD8B3FBA1
:1070F000F7F3022298B2E27120812846BDE8F081C0
:107100000122CAE75B1ABB42B8BF3B46B342A8BFE5
:107110003346B3FBF7F107FB1133CAB2002BEAD0B9
:107120000132D2B2E7E7E1F729BA37B50546E1F710
:1071300043FA04462DB12B680360AB88A38003B0EB
:1071400030BD00F0EBF80322CDE900010DF105019F
:107150000DEB020005F0A3F90098BDF804302060A3
:10716000ECE738B50546E1F727FA044609F038FBA5
:107170002B68C4F80630AB886381237B43F001039E
:10718000237309F028FB012038BD38B50C460546AD
:10719000E1F712FA014605B106310622204605F054
:1071A0006EF9B0FA80F0400938BD10B50446E1F739
:1071B00003FA036823608388A38010BD08B5E1F754
:1071C000FBF9007B00F0010008BD10B50446E1F7B3
:1071D000F3F9D0F8063023604389A38010BD50E84E
:1071E000003F0B4340E80032002AF8D1704770B5E9
:1071F0000E461546DAF7D6F8044648B93046D8F7B1
:107200006BFD044620B92846E2F74EFD044640B126
:107210000020DAF7C7F80020D8F75EFD0020E2F77B
:1072200043FD204670BD4FF40010EAF75FBCE1F764
:10723000EBBAFFF77ABF08B5D9F7BAFA08BD08B5B7
:10724000DEF700FA08BD112808B502D0122805D0D3
:1072500008BD1320BDE80840E0F740BFE1F740F962
:1072600000F004F8E0F7A2FF1420F3E7704708B538
:10727000E0F7A4FEBDE808401120E0F72FBF132877
:1072800008B502D0142809D008BDE1F795F9FFF739
:107290004AFFBDE808401220E0F720BF0020E0F7D9
:1072A000BDFEBDE80840F9F7C4BE5720E0F75ABF5D
:1072B000E2F7F4BF0A2802D80130C0B27047242890
:1072C00001D80230F9E7252805D0262805D027283F
:1072D00018BFFF207047002070470C20704708B58A
:1072E000E2F7E2FF20B1BDE808402020E1F7FCBF53
:1072F00008BD70477047704770477047704700205F
:1073000070477047704770477047704770477047C5
:10731000EBF70ABB04F07FBC04F084BCD4F7EABCF2
:10732000704708B5E1F7FAF918B1BDE80840E1F790
:10733000E7BF08BD04F0B6BBE2F7B0BF1046194680
:1073400070471FB50023CDF80A30ADF80E30D0E9F4
:107350000023CDE900230389C068ADF80830E2F7C7
:107360000BFB6846E1F74CFE05B05DF804FB1FB56A
:10737000002300F00F008DF80A0001A801918DF89C
:1073800008308DF809208DF80B300393FFF7C9FF03
:1073900005B05DF804FB1FB50023CDE9013303936D
:1073A000012300F00F008DF80A0001A88DF80830C5
:1073B0008DF80910FFF7B5FF05B05DF804FB1FB5A8
:1073C000CDE9001200228DF80B308DF8082000F076
:1073D0000F03C0F340128DF809208DF80C30C0F374
:1073E000001243068DF80A2001D5E1F723FA68461A
:1073F000E1F7A0FA05B05DF804FB30B589B01D4691
:107400008DF809200023102204460D988DF80810ED
:1074100000900C98194601900DEB0200CDF80A304F
:10742000ADF80E3005F055F8684604A905958DF8BD
:107430001C40E1F7D9FA012009B030BD1FB5002387
:10744000CDE9003101238DF80830C0F340138DF8E9
:107450000930C0F300138DF80A3000F00F038DF8E7
:107460000C3043068DF80B2001D5E1F7E3F96846AF
:10747000E1F760FA05B05DF804FB10B50C4608B9F9
:10748000E1F72AFF2146BDE81040FFF7CABDF0B57D
:1074900087B00D4616468DF8070002B9A3B32946FA
:1074A0009DF80700FAF758FD0446B8B929469DF83B
:1074B0000700FAF757FD40BB16B39DF807100039D7
:1074C00018BF012128460DF10F02E2F7ADFBF8B914
:1074D0009DF80F40013418BF012416E004AF0122CB
:1074E00039460DF10700FAF73BFD04464EB19DF811
:1074F0000730191E18BF0121002818BF3D46E1E7DB
:107500000124FAF716FD00B90124204607B0F0BDAA
:107510004FF0FF34DEE710B50446E0F781FF022CA0
:1075200009D003D8631E5842584110BD033C012CBA
:1075300004D90020F9E7C0F34000F6E7C0F380006B
:10754000F3E78160704741EA002008B540F49020DD
:10755000F9F718FF014640B110F1880F05D0BDE8DA
:10756000084040F20740F4F7ADBA08BD012070476B
:1075700070B50C46064611461D46E2F7B7FE58B1F7
:1075800044EA06206FEA40406FEA50402A46BDE8D0
:10759000704080B2EAF720BB40F2064070BD10B5E3
:1075A0000446E2F7A3FE50B141EA04206FEA4040EE
:1075B000BDE810406FEA504080B2EAF745BB40F2A8
:1075C000064010BD837901461A0703D50622002024
:1075D000E2F71ABF9B0602D506220120F8E74FF01A
:1075E000FF3070478379532B01D1E2F73FBFFFF79C
:1075F000E9BF70B5064614461D46E2F777FE10B99E
:107600000024204670BD41EA06206FEA40406FEA40
:1076100050402A46214680B2EAF7FAFA0028F0D014
:10762000EEE738B505460C46E2F760FEC0B10B4602
:10763000062200212846FFF7DCFF062803D1492354
:10764000A371002038BD2346062201212846FFF7FA
:10765000D0FF72230628A371F3D04FF48160F1E7C5
:1076600040F20640EEE7F7B504460F4616461D46C3
:10767000E2F73CFED0B100230822CDE900331146E9
:107680006B462046FFF7B5FF08280CD13946204647
:10769000FFF7C7FF28B99DF8033033709DF802301B
:1076A0002B7003B0F0BD4FF48160FAE740F2064062
:1076B000F7E770B504460D461646E2F717FE70B1BF
:1076C0002046FFF740FF324629462046E2F73AFEC1
:1076D00020B12046E2F714FF40F2074070BD40F2AF
:1076E0000640FBE708B5E6F797FC002008BD2DE94A
:1076F000F0410D46DDE9064816461F4600F0C7FC7E
:10770000012C0AD860B144EA08043B4632462946B7
:107710000694BDE8F04101F0E4BE2120BDE8F0810F
:107720002520FBE700207047014608B500F038002F
:10773000E3F7CEFE78B1D0E901324078C1F30741DA
:1077400010F0020F08BF1346043B53F8040F10B1AA
:1077500002788A42F9D108BD10B500F1080454F846
:10776000083C0BB9184605E054F8040C9847083457
:107770000028F4D010BD37B5837901900344044646
:10778000D86800F03800E3F7A3FE054628B901A841
:1077900005F035F8022003B030BD204605F039F879
:1077A00009F01EF80446019905F10C0005F016F9E0
:1077B000204609F010F8EAF721F90020EBE72DE95F
:1077C000F04107463C681D4614F4004F4FF6FF7326
:1077D00008BFFF23AB420846114604D24FF0000811
:1077E0004046BDE8F08124F400431E0206F4E06642
:1077F000C3F3062324F47F441E4324F0C704731903
:1078000044F08004827944EA13241B029BB20C32B8
:107810001C43845000EB0208FFF7ADFF0028DDD1C8
:107820003A6808F10403334412044CBF23F8025CA5
:1078300003F8015CD4E77047704770B505460C301B
:10784000F2F7CAFC6E689EB9334606EB8304B44275
:1078500010D12B69ABB900236B806B7823F00E033A
:107860006B7070BD013356F82320002AFAD1ECE783
:107870000023F8E754F8043DDB68002BE7D0984775
:10788000E5E7DC68002CE6D0043C54F8043F002B0C
:10789000E1D09847F9E738B54378044623F00C0364
:1078A00043F00203437003690BB1186810B9002557
:1078B000284638BDFFF750FF05460028F7D0204680
:1078C000FFF7BBFFF4E7036970B5054653B158688D
:1078D00040B1FFF741FF044620B12846FFF7ADFF56
:1078E000204670BD6E68043E56F8044F2CB9202027
:1078F00005F10C01F2F75EFCF2E7A368002BF3D070
:10790000984704460028EFD0E7E74078C0F34000EE
:107910007047437813F00E0F0CBF01200020704712
:10792000052B07D920F47F4020F0C70040F40070F9
:1079300010609180704708B5E3F7CAFDC068003851
:1079400018BF012008BD08B5E3F7C2FD20B1BDE8AE
:107950000840C06804F084BF08BD38B5E3F7B8FD3F
:10796000044650B108F03CFF054604F10C0004F059
:1079700064FF0446284608F02EFF204638BD20F458
:1079800000432DE9F3411D0205F4E065C3F306232E
:107990001D43002390466A18019313020746C2F361
:1079A00002229BB220F47F40134320F007000C46D4
:1079B000184301A9E3F792FE064690B1031D2B443C
:1079C000B8F1000F07D0434505D01846224641467E
:1079D00004F065FD03463A044CBF23F8024C03F85B
:1079E000014C304602B0BDE8F081026810B501F0EC
:1079F000040022F40044C2F306220021043240F0C5
:107A0000290005F089F910B183790344DC6010BDC9
:107A10000346002200681A600179FFF7ACBE10B57A
:107A20000021FFF7E2FF044608B9002010BD0179EC
:107A3000FFF7A1FE0028F8D1A3790C33E018F5E791
:107A40002DE9F04117461A46036801F0040123F4BA
:107A500000431C0204F4E064C3F306231C4341F01A
:107A60002905043406463B462146284605F0BEF962
:107A7000804650B1E1B204F002FF3B462A4641463F
:107A80003046BDE8F041FFF79ABEBDE8F0812DE930
:107A9000F341002401F004010668074641F029057E
:107AA000106829461460019004F0B3FE019804F0B8
:107AB00033FF26F40046310201F4E061C6F30626E6
:107AC000314380460122043101A805F0A1F830B10C
:107AD00001A804F094FE204602B0BDE8F0814346C0
:107AE0002A4638460199FFF76AFEF5E72DE9F0418D
:107AF000DDF818800E464146044615461F4605F03F
:107B0000E7F878B9206804F007FFA0EB08012046E9
:107B100004F0A4FF00233D4620682360079B1D70EE
:107B2000BDE8F0812368002B08BF3546F6E707B5AE
:107B300001A9E3F7D3FD03B05DF804FBA0F86E10D4
:107B4000704701238B4090F87110194380F8711031
:107B5000704708B50120F2F7A3FAC0B208BD8379D7
:107B60000C33184470471438704710B50446A1F11F
:107B7000140004F0D1FE201A20EAE07080B210BD9B
:107B800070B51C460D461646FFF7EFFFA04207D31F
:107B900022463146A5F1140005F0FBF8012070BD26
:107BA0000020FCE770B506460D4614467AB90A4631
:107BB0002046082105F0B0F8044690B92A4608216D
:107BC000292005F0A9F8044658B9204670BD104692
:107BD00004F015FE204604F0D2FF08231D44A371D3
:107BE000E571A3790C331C442670EEE72DE9F041D2
:107BF0001646069A074688461D46FFF7D3FF0446F9
:107C0000F0B114382A463146069005F0C2F8854294
:107C100017D9069B06A81C7904F0200404F0EFFD98
:107C200074B942460821292005F076F82A463146E3
:107C3000069005F0AEF8854206D906A804F0DFFDEF
:107C400000242046BDE8F081069A93790C33D418BD
:107C5000D754F6E711B11439E3F704BF1A2070477F
:107C600038B5002204460D4602200321FFF79AFF93
:107C7000014608B1A0F801502046BDE83840FFF7A2
:107C8000E9BFF8B504460F46164605210120069ABD
:107C90001D46FFF787FF014638B1477046800571E2
:107CA0002046BDE8F840FFF7D5BFF8BD38B50D4612
:107CB000032104460846FFF775FFA0F8015001466E
:107CC0002046BDE83840FFF7C5BF73B505460846F6
:107CD00011466C891A46641ABDF81830A4B29C4249
:107CE00028BF1C46079B089E00932346FFF77EFF94
:107CF000014630B12846348002B0BDE87040FFF73D
:107D0000A9BF1A2002B070BD012110B5002204469F
:107D10001320FFF747FF014620B12046BDE8104081
:107D2000FFF798BF10BDF7B54489054618460F46C2
:107D30001646019304F0F0FD053CA4B2844203DA38
:107D4000011B01A804F08AFE0521019804F027FF19
:107D5000014628B901A804F052FD1A2003B0F0BD75
:107D600083790C33C2181720C8542846A2F8017032
:107D7000A2F80360E3F776FEF0E7012110B50022D8
:107D800004461920FFF70EFF014620B12046BDE84A
:107D90001040FFF75FBF10BD73B50E460021448948
:107DA0000546033CA4B2A342009128BF2346032109
:107DB0001B20FFF71BFF014670B1012210F80F3C9A
:107DC000A0F8016062F3071300F80F3C284602B0E8
:107DD000BDE87040FFF73EBF1A2002B070BD73B51A
:107DE0000E46002144890546033CA4B2A3420091FB
:107DF00028BF234603211D20FFF7F8FE014638B1B6
:107E0000A0F80160284602B0BDE87040FFF722BF2D
:107E10001A2002B070BD4B88042B07D1836C0888F0
:107E20005B8998428CBF002001207047002070477A
:107E300010B50C4600F02BF918B1438900202380BF
:107E400010BD2520FCE7532838B505460C4604D163
:107E5000BDE838400846F3F7B9BE0620F2F71CFB30
:107E600068B96379142D03F03F03637104D0722D58
:107E700008D163F03F0363710020A57138BD40F263
:107E80000740FBE72120F9E74FF0FF33F7B50093F8
:107E9000ADF804308379DA060CD5532B08BF0023E4
:107EA0004FF03F0208BFADF800308DF8052008BF45
:107EB0008DF802300021451E431D6A46084615F81C
:107EC000016F12F8014B9D4206EA040724EA0604FA
:107ED00040EA070041EA0401F1D110B1081E18BFC1
:107EE000012003B0F0BD00230360838083717047DD
:107EF00037B50C46002105461346019152B9284674
:107F000001A9E3F787FF044601A804F078FC2046A6
:107F100003B030BD2246084604F068FF01900028F7
:107F2000EDD11A24F3E710B5002486B0CDE903445F
:107F3000CDE901440094E3F721FF06B010BD10B570
:107F4000044660B1806C50B1E4F71CF8A06C0028C6
:107F5000FAD12046BDE810400321E3F7D9BC10BD9B
:107F6000438907B58B420CD050F80C2B40F20141ED
:107F700092F87020ADF806308DF8042001AA04F0C4
:107F80006CFB03B05DF804FB436943F004034361F9
:107F90007047436923F00403436170474069C0F3AD
:107FA0008000704747F2305300220068F1F72ABF83
:107FB000006804F0E5BA38B5436904469B070D46EE
:107FC00003D540F20941FFF7F3FFE3F769FD08B17C
:107FD000A3691D702046BDE8384040F20941FFF713
:107FE000E1BF07B5027C012A09D00122027440F2E8
:107FF0000942914206D040F20A4291420ED003B0AB
:108000005DF804FB4FF4816150F80C3B01AA93F832
:1080100070308DF8043004F020FBF0E750F80C3B92
:1080200001AA93F870308DF80430F4E738B522F0E7
:1080300000430D46114640F20322934204461AD0F3
:10804000B3F5017F09D240F20122934213D040F2EE
:108050000222934209D0002038BD6FF4816213449C
:10806000012BF8D8FFF7BDFFF5E700F023F9204614
:1080700001F055FBEFE763699B0704D540F2094126
:108080002046FFF795FF2846FFF759FFE3E708B5BD
:10809000E3F7EEFB00B1806C08BD08B500B10068E5
:1080A000E3F706FC08B9034602E0836C002BF7D027
:1080B000184608BD10B5044642F62A3000F052FBBF
:1080C000031B5842584110BD022806D142F62A33FC
:1080D0000888C31A5842584170470020704710B5AD
:1080E000044642F6293000F03DFB031B584258413C
:1080F00010BD90F8200000F00100704790F82000BB
:1081000070471FB504466846E4F76CF810226946CC
:1081100004F1210004F0B3F9B0FA80F0400904B092
:1081200010BD08B5FFF7EDFFB0FA80F0400908BDBB
:1081300070B5044600F1210591B92846E4F752F8DC
:10814000236893F97500E2F7D1F878B120682B46DF
:10815000BDE8704010220D2190F97500FFF708BAB4
:1081600010220021284604F0B4F9E9E770BD38B5C3
:108170000446002390F8202041FA03F0C50703D4F9
:1081800042FA03F0C0071ED40133082BF4D101F0EA
:10819000010523682A4384F8202093F97500E2F74B
:1081A000A5F840B1234653F8200B01220C2190F989
:1081B0007500FFF7DDF90DB9002038BD002120461C
:1081C000FFF7B6FFF8E71320F7E768B13F290AD8B1
:1081D00000EBA10090F8310001F0030149000841D3
:1081E00000F0030070470020704710B50368044694
:1081F00093F97500E2F77AF850B12346BDE81040D4
:1082000053F8310B10220B2190F97500FFF7B0B92C
:1082100010BD10B590F87430DB0706D490F97530B6
:10822000013314BF0F20052010BD847CF3F776FBCB
:10823000844234BF0C200020F6E730B5044685B0F8
:108240006846E3F7CFFF1021684604F0E4FD2046BE
:10825000E4F7DEFB6B46C26804AD06321C4603CC75
:10826000AC4210605160234602F10802F6D105B01D
:1082700030BD08B5E4F7CCFB08B1E4F785FBC0B22C
:1082800008BD013810B580B2E4F7C2FB044608B956
:10829000002010BD408800F0C7FB0028F8D0207BEC
:1082A000F7E708B5E4F7B4FB18B1007AC31F5842EA
:1082B000584108BD70B5054655F8213B044693F971
:1082C0007500E2F713F820B92846BDE87040E3F7DF
:1082D00089BF234653F8310B10220B2190F975000A
:1082E000FFF787F9234653F8200B01220C2190F960
:1082F0007500FFF77EF920682B46BDE8704010221C
:108300000D2190F97500FFF774B901302DE9F041A6
:1083100085B228460E46E4F77BFB42F60217044678
:1083200042F603089CB12046E4F72EFB78B12046C4
:1083300000F089FBB84205D10EB123883380607B01
:10834000BDE8F081204600F07EFB404502D14FF0B1
:10835000FF30F5E70135ADB22846E4F759FB044696
:10836000E0E72DE9F04707460E4690460D4642F6F7
:10837000021942F6030A0135ADB22846E4F748FB7C
:10838000044678B1E4F700FB60B1204600F05BFBE7
:10839000484505D1237A072B04D10320BDE8F08797
:1083A0005045E8D141463046FFF7AFFF431C014638
:1083B00004D03846BDE8F047FFF707BF0020EDE7DF
:1083C00008B5E4F725FB20B1037A022B02D843B9A4
:1083D000184608BD033B012B8CBF00230123580026
:1083E000F7E7C3685888F4E770B5054608461646AF
:1083F000E4F70EFB044608B9012070BDE4F7C4FAA7
:108400000028F9D0F00713D4B10734D4720702D58D
:10841000A3885B0732D516F0060F31D116F4006041
:10842000EBD0A38813F4006F14BF00200620E4E70C
:10843000A388DA0743D513F0700F0AD1980610D439
:108440005806E1D52B6893F975300133DCD108204B
:10845000D3E72868FFF7DDFEA388990608D5002832
:10846000CBD12A6892F874209207E9D40520C4E79A
:108470000028C2D1E4E7A3889907C7D40320BCE74A
:10848000A38813F4E06F09D198050FD45B05C5D517
:108490002B6893F975300133C0D1D8E72868FFF70E
:1084A000B8FEA388990507D50028A6D12A6892F8B6
:1084B00074209207EAD4D9E700289ED1E6E702208B
:1084C0009BE738B504460846E4F7A2FA054608B922
:1084D000012038BDE4F758FA0028F9D0AB8813F42E
:1084E000E04F0CD1980412D413F48040F1D02368EB
:1084F00093F97500431C58425841C000E9E72068D1
:10850000FFF787FEAB88990408D50028E1D12268DF
:1085100092F874209207E7D40520DAE70028D8D132
:10852000E2E72DE9F0474FF00009044683F8009098
:108530000846A2F80090884616461D46E4F768FAF9
:10854000074620B9012300202B70BDE8F08774B1E5
:10855000E4F71AFA0028F5D04046FFF7C0FD30B125
:10856000012385F8009004F120003380EDE72B46CD
:10857000324639462046BDE8F047E3F7B3BD2DE962
:10858000FF4107460846884616460393E4F740FA3B
:10859000044638B903A804F032F90125284604B08E
:1085A000BDE8F0811FB1E4F7EFF90028F2D0237A9B
:1085B000072B05D8DFE803F017262F381C171721E3
:1085C00026BB0398002835D13246257A022D62D089
:1085D000032D64D0012D3BD0002F7FD1002503A8AF
:1085E00004F00DF9DAE703A804F009F90325D5E74B
:1085F00003A804F004F90625D0E703A804F0FFF867
:108600008025CBE7E3685D88B54209DA03A804F06A
:10861000F6F80725C2E7E3689A88B242F6D35D8888
:10862000039840B9024609E0022EEFDC039868B9CE
:108630000246CAE7354604F06FF982B29319AB429D
:10864000C3DD03A804F0DBF80D25A7E70225F2E758
:10865000E068063000230399304404F0BFF8002F8F
:10866000BCD0237A032B39D103A804F0C8F8002129
:108670002046E4F771F968B30588617B3846FFF757
:10868000A4FD0122034629463846CDF8008000F0BB
:10869000BFFD002582E7E068B3188380D9E7039B1C
:1086A0009A79D979891AC9B2481E012810D8134479
:1086B00002291A7B04BF5B7B42EA0322237B32EA56
:1086C00003038CD101233846617BE3F7E1FCC6E765
:1086D0000D2584E708F1FF35ADB2CEE7039B414697
:1086E0000093384633463A7F00F078FDD1E7884260
:1086F00070B504460D46164611D8012838BF01242E
:108700002046E4F785F910B14388B34208D001341C
:10871000A4B22046E4F760F908B1A542F0D20024E3
:10872000204670BD70B50C4616461D460146B8B1D0
:10873000B3B1022C01D0102C12D1E0B2E3F7F2FF5A
:108740004FF6FF718842024602D141F20A1070BD15
:108750003046FFF7CCFF0028F7D028800020F6E74E
:108760002120F4E7002307B50122ADF80400ADF89D
:10877000063002210DF1060301A8FFF7D3FFBDF873
:10878000060003B05DF804FBF8B50F461646441C1E
:10879000A4B22046E4F73CF910B9013CA0B2F8BD00
:1087A00000F051F90546304600F029F920B128467D
:1087B00000F025F90028F0D1304600F019F920B179
:1087C000284600F015F90028E7D10134A4B220466C
:1087D000E4F702F908B1BC42DBD94FF6FF70DEE7DF
:1087E0002DE9F04F9A4687B08B880D460C8881465C
:1087F00004A90220ADF810309046E3F793FFAB6870
:108800000090A888AF89059300F0F2F838B1102FD6
:1088100005D105A8E3F76CFF022808BF02279DF8E1
:1088200040B00BF0010B38E02046009AFFF75FFFE5
:108830000646A8B3AA886988FFF7A6FF0446304613
:10884000FFF717FD40EA0B00C0B200B30DF10F03B4
:10885000314648460DF11202FFF763FE9DF80F30D6
:108860002BB1A8F80060184607B0BDE8F08FBDF83E
:108870001220BA420BD13A460599019303F0FFFD4D
:10888000019B20B9A8F80060AAF80040EBE74FF67A
:10889000FF739C4201D00134A4B26988A142C3D2C3
:1088A0000A23E0E708B5E4F7B3F8BDE8084000F0B4
:1088B000CAB838B505460846E4F7AAF8044610B920
:1088C0004FF6FF7038BD0DB96088FBE7E4F75CF840
:1088D0000028F9D1F4E770B5044642F60520FFF709
:1088E00041FFB0B10021FFF710FD054601462046CB
:1088F000FFF76BFC06461022002104F1310003F063
:10890000E8FD324629462046BDE870400023E3F7E3
:10891000BFBB70BD7FB504460D46102200216846DE
:1089200003F0D7FD0026AB575A1C1BD0314620461A
:10893000FFF74BFC1946002BB8BFD91C04AA02EB69
:10894000A10100F00302584200F0030003F003030A
:1089500058BF43425B0002FA03F311F8102C134393
:1089600001F8103C0136402EDDD16B4604F1310593
:1089700004AE1A4603CAB24228606960134605F184
:108980000805F6D1204604B0BDE87040FFF72DBCC5
:10899000002370B504461846A51C34F82360324203
:1089A00018BF35F8236003F1010318BF3043994223
:1089B000F3D170BD037A23B1013B012B06D900200E
:1089C0007047C3681888023080B27047C3685888FF
:1089D0000630F9E710B50446E3F716FD4FF6FF73CE
:1089E000984204D12046BDE81040E3F7E7BC10BD33
:1089F000A0F5205001288CBF00200120704742F6CE
:108A00000303C31A58425841704708B5030409D4F8
:108A1000E3F728FDA0F5205080B201288CBF00208C
:108A2000012008BD0020FCE7020408B507D4E3F7E5
:108A300019FD42F60303C31A5842584108BD0020ED
:108A4000FCE7C00B70470346B3F902304088002BA7
:108A500001DBE3F707BD0020704708B5FFF7F3FF20
:108A600042F60303C31A5842584108BD08B5FFF740
:108A7000EAFFA0F5205080B201288CBF0020012021
:108A800008BD70B51D4604461646E3F709FFEB43E3
:108A9000844200D970BD617A314305B119406172D9
:108AA0001034F5E7002310B50B700C46E3F7B0FF68
:108AB000014610B3E3F768FF20704B7ADA0701D460
:108AC000002010BD9B0644BF40F0020020704B7A8E
:108AD000580642BF237843F0040323704B7A1A07E9
:108AE00042BF237843F0080323704B7ADB06E7D5B7
:108AF000237843F010032370E2E741F20A10E0E725
:108B000070B50D461646E3F783FF044650B1FFF7F4
:108B1000ADFF38B1204633462A460121FFF7B1FFA9
:108B2000002070BD2120FCE770B50D461646E3F726
:108B30006FFF80B10388022B0DD9A0F110042046ED
:108B4000FFF78BFF38B1204633462A460021FFF756
:108B500098FF002070BD2120FCE72DE9F3411E465F
:108B6000C3071446019116D540F6010310F0020F19
:108B700048F601074FF4205808BF1F46022C0FD1BA
:108B80000224012200211046E3F7A8FC80B91A2034
:108B900002B0BDE8F08140F6010742F60108EDE7BA
:108BA000102C26D101A8E3F7A3FD0228E9D1E7E7BD
:108BB000A01CE3F7E3FC05460028E8D02246019913
:108BC00020F8024B03F08DFC0120E3F765FC04461E
:108BD0004046FFF7FFFE4FF6FF73E38000236080FF
:108BE000A7802372E5600EB90020D1E72388338087
:108BF000FAE72120CCE700221021FFF781BF08B55A
:108C0000E3F706FF014658B1FFF71DFF42F60203E6
:108C1000984205D100204B7A43F010034B7208BDF7
:108C20002120FCE700221021FFF77EBF08B5E3F703
:108C3000EFFE014678B1FFF719FF60B90B88022BF0
:108C400009D9A1F11000FFF708FF20B94B7A43F0D2
:108C500010034B7208BD2120FCE740222021FFF7C2
:108C60004FBF20224021FFF74BBF38B5E3F7D0FEBE
:108C7000D8B10388022B18D9A0F110052846FFF7B8
:108C8000ECFE90B101212846E3F766FE417A11F02F
:108C9000240F0CD011F0400409D128464023202293
:108CA0002146FFF7EEFE204638BD2120FCE70220DA
:108CB000FAE720224021FFF737BF1FB550F80C4BD1
:108CC000ADF80A3094F87040069BADF806108DF8A8
:108CD000082040F2035101AA8DF80440039303F0E9
:108CE000BCFC10B906A803F08AFD04B010BD2DE944
:108CF000F0414FF0000886B004460E461546CDF808
:108D00000C8000F1440712B303A803F078FD384645
:108D100003F075FD84F81C8000233246009318216F
:108D20002B462046FEF7ADFF05F58855204650F846
:108D30000C3B40F2055193F8703004AA8DF81030C6
:108D4000059503F08AFC002006B0BDE8F081436978
:108D50001A0710D4A846384603F06FFD0346039067
:108D6000C0B903A803F04BFD384603F048FD0023CB
:108D7000237755B1D0E723F00803436103A803F03C
:108D80003EFD384603F03BFD25772046FEF7F5FF14
:108D90000025CBE79979204601F10C021A44B2F87C
:108DA00001600531B2F8032099713146FFF7E7FB06
:108DB000CDF80C800028CED00546D2E72DE9F0474B
:108DC000089C0E4617469846054610B1037C012BB9
:108DD00061D02846FFF7D8F814F08009304614BF58
:108DE0004FF0200A4FF0100AFFF74BFA1AEA000F73
:108DF0004DD03046FFF756FD42F6052398420FD17D
:108E000014F0010219D031462846FFF75AFB08B387
:108E100000F588542846FFF7BCF82046BDE8F087E7
:108E20002846FFF766F90028EAD02846FFF779F9C7
:108E30000028E5D041F21214ECE7B9F1000F3146F9
:108E4000284614BF02240124FFF78BFA2042DAD10E
:108E50000224DFE7B9F1000F11D0EB8BCBB9434609
:108E60003A4631462846FEF7BAFF04460028D1D1DB
:108E700040F20A412846EE83FFF794F8CAE74346DA
:108E80003A4631462846FEF787FF0446C2E72124CA
:108E9000C0E70524BEE70724BFE72DE9F04700251A
:108EA00086B09DF8389090F81CA004460F46904676
:108EB0000F9E0577B9F1000F09D00A464B4651467F
:108EC0000096FEF7DEFE284606B0BDE8F087BAF150
:108ED000080FADF8169026D145893246043DADB253
:108EE0009D424FF002014FF00900A8BF1D46FEF75A
:108EF00059FE0222814605A93046ADF8147003F0F0
:108F000048FF2A464146304603F043FF0546831C8E
:108F10003146204689F80130E2F7A4FDADF816503D
:108F2000BDF81600D0E7BAF10A0F0DF116020CBF1A
:108F30000B210D21CDE90162009301224346FEF78A
:108F4000C4FE1A28ECD111233A4651462046CDF8EA
:108F50000090ADF81690FEF794FEE1E7F0B500251D
:108F600089B01746012204460E460393ADF8165009
:108F7000FFF73AFA8DF81500002846D13046FFF782
:108F800099F810B13046FFF758F93046FFF789F9E4
:108F9000B8B103A803F033FC204650F80C2B237F14
:108FA00092F8702040F202518DF8182006AAADF810
:108FB0001A608DF81C30ADF81E7003F04EFB09B03E
:108FC000F0BD0DF115030DF1160231462046FFF7F5
:108FD000A8FA9DF8153002465BB9BDF81630BB42C1
:108FE00035BF0723DB1B8DF81530D21928BFADF82C
:108FF0001630039B314601939DF8153020460093AF
:10900000BDF81630FFF749FFD9E72A46F1E72DE909
:10901000F04F89B002901846154605930C46FEF7AE
:109020009EFD8046059803F077FC0023B0F1010A0D
:10903000B5F80A908DF81D3000F089801AF001070C
:1090400040F085805046F1F7F7F90646002800F019
:109050008480524608F1010103F043FA01212046C1
:10906000059AFEF79FFDB8460AEBDA7A09F1FF3B55
:1090700003904FEA6A0ABA4544DD36F817400122E8
:1090800021462846FFF7B0F98DF81D0068B9204643
:10909000FFF710F810B12046FFF7CFF82046FFF792
:1090A00000F978B180238DF81D30304603F0CBFEF7
:1090B000059B2246009328469DF81D300299FEF735
:1090C000E0FD26E00DF11D03214628460DF11E02AC
:1090D000FFF727FA9DF81D300490002BE5D1029B85
:1090E000202B1BD1ABEB0803012B0BDD0DF11E0177
:1090F0000222059803F04DFE012801460CD805A870
:1091000003F0ACFC304603F09EFE28460399FEF7C0
:10911000A1FD09B0BDE8F08F08F10208BDF81E20DE
:10912000ABEB08039A42C2BF09F1FF33A3EB08037C
:10913000ADF81E30BDF81E20DDE9041003F029FE55
:10914000BDF81E309842DDD39844013793E70423DD
:1091500000248DF81D302646A7E71123F8E7F7B560
:109160001E4600231360338004460D461746FEF763
:10917000A1FF10B12046FFF760F8214600200DF155
:1091800005030DF10602FFF7CCF99DF8054024B95F
:10919000BDF806402CB9002001E004F5885003B06A
:1091A000F0BDAC4204D32844641B38603480F2E73D
:1091B00041F20710F3E770B504460D461646FEF778
:1091C00079FF40B933462A462146FFF7D8F908B15E
:1091D00000F5885070BD41F20310FBE71FB550F851
:1091E0000C4BADF80A3094F87040069BADF80610B1
:1091F0008DF8082040F2015101AA8DF80440039334
:1092000003F02BFA10B906A803F0F9FA04B010BD68
:109210001FB550F80C4BADF80A3094F87040BDF80B
:109220001830ADF806108DF8082040F2045101AA5C
:109230008DF80440ADF80C3003F00FFA04B010BD07
:10924000F0B5122785B003920777022205460E4635
:10925000FFF7CAF8044668B103A803F0D0FA002368
:109260002B77002332460093122123462846FEF72F
:1092700008FD0FE0039A3046937903339371FFF7AB
:1092800010F848B1039B3A460093314623462846DE
:10929000FFF713FD05B0F0BD42F62930FFF762FA83
:1092A000B04220D1039830B903A803F0A8FA0023F4
:1092B0000D242B77D5E703F02FFB80B20128F3D1E3
:1092C000039B28469A791344197BFEF750FF044606
:1092D00003A803F094FA00232B77002CC1D1284671
:1092E000FEF712FDD6E7224631462846039BFFF7DC
:1092F00046F90446EFE72DE9FF41039204220446B4
:109300000D46FFF771F8074628B103A803F077FA76
:1093100004B0BDE8F0814FF05208039A28469379D3
:109320000333937184F81C80FEF7BBFF064640B1FF
:10933000039B4246009329463B462046FFF7BDFC6F
:10934000E6E742F62930FFF70DFAA842039B0BD15E
:109350009A7920461344197BFEF709FF03A803F00E
:109360004EFA00232377D3E7324629462046FFF7FB
:1093700006F9F6E72DE9FF418B7904460C330B44DF
:10938000B3F801700E463846B3F80380FEF771FF5C
:10939000002858D0022239462046FFF725F8054616
:1093A000E8B93846FEF77DFF68B116222277B37917
:1093B00039460533B371204643460096FFF77DFCDE
:1093C00004B0BDE8F081F0F753FE33461B68013569
:1093D000EDB2002BFAD10635A8421DDC092504F1B7
:1093E000440003F00CFA2B463A461621204600961C
:1093F000FEF747FC092DE3D1204650F80C3B40F224
:10940000055193F8703002AA8DF8083041F2091323
:10941000039303F022F9D3E70121304603F084FCE3
:1094200001460028DAD004F1440003F0D7FAB379FA
:1094300042460533B37139463346204604B0BDE891
:10944000F041FEF770BC0125C9E713B5044641B9E8
:10945000443003F0D4F9204602B0BDE81040FEF7D6
:109460008CBC18224369027713F0080306D000234E
:1094700019460093FFF721FC02B010BD1A461946A9
:1094800002B0BDE81040FFF732BC7FB5C58B044683
:109490002DB342F60520FFF765F9A84207D1002158
:1094A0002046FEF745FE636923F001036361002651
:1094B00040F20A412046FEF77BFD29460DF10E02DF
:1094C0002046ADF80E60FEF74CFFBDF80E200346B7
:1094D0000092294602222046FFF79AFEE68304B056
:1094E00070BD2DE9F047DDF820900E4690461F46EE
:1094F000044618B941F20110BDE8F0870846FEF7AE
:10950000B8FE0028F6D06589033DADB2AF4209D858
:109510003B46424631462046CDF82090BDE8F04714
:10952000FFF74CBC4920E7E72DE9F74305460F4616
:109530009046FEF79EFE98B32846FEF7A2FE10F076
:10954000300F30D02846FEF79CFE06460020FEF77E
:10955000A4FD044606F010091CB9204603B0BDE87E
:10956000F083002229462046FEF7FBFEB9F1000FEA
:1095700001D0C10712D4B20617D5830715D58023B1
:1095800000933A46434629462046FFF717FC1A281F
:10959000E4D02046FEF781FD0446DDE70023EFE737
:1095A00041F20110DAE72120D8E70220D6E770B5B2
:1095B0000D461646044610B941F2011070BD08462A
:1095C000FEF757FE0028F7D0237C012B07D000229E
:1095D00029462046FEF7C5FE30800020EEE7072032
:1095E000ECE72DE9F341054698460C461646099FDF
:1095F000FEF7CAFC2B7C012B24D02046FEF751FE3F
:1096000010B32A7F0C2A21D84FF4A853D340DB078C
:109610001CD5002003F0BFFAD0B19DF82030019096
:1096200000933246434621462846FFF736FC3FB9B1
:1096300000242846FEF7ADFC204602B0BDE8F081CC
:109640003880F5E70724F4E72124F2E70224F0E765
:109650001A24EEE7F7B504461F460E461546FEF7F8
:1096600093FC237C012B58D0237F182B2CD06369CB
:109670001B0713D5217F16292DD008D8122914D005
:1096800002252046FEF785FC284603B0F0BD1829C8
:109690001AD05229F4D10023237713E03046FEF785
:1096A00000FE0028E6D12125EBE70023237735B122
:1096B000009332462B462046FEF7E3FA02E02046AE
:1096C000FEF722FB0025DCE72A4631462046FFF75D
:1096D0000EFB0546D5E700232377002DE8D10521B1
:1096E0001720BDF82430089A0095FEF77FFA20B9BC
:1096F0001123324612210095DDE7FEF734FA626944
:10970000034642F008026261827931460532827175
:109710003A462046FEF707FBD4E70725B1E72DE9D7
:10972000F041054688B042F60520FFF71BF80646D3
:1097300004A8E2F757FD102205F121010DEB02000C
:1097400002F09DFE50B101212846FEF7F1FC2846AB
:10975000FFF7C1F86B6923F001036B6142F6030365
:10976000022003A9ADF80C30E2F7DCFF0124074624
:109770004FF0000820463A464FF6FF71FEF7B7FF5C
:10978000044610B908B0BDE8F081FEF772FD01345F
:10979000A4B20028EED0A64203D131462846E3F712
:1097A0001DFF214628460DF10E02ADF80E80FEF792
:1097B000D8FD03460028DDD0BDF80E2021460092DA
:1097C00028460122FFF724FDD4E708B5E2F7ECFCB8
:1097D0000020E4F73DFB002008BD38B500200C4612
:1097E000E2F7F4FC34EA00050CD10120E2F7EEFCCC
:1097F000844205D02046E3F7D7F82846E4F728FB53
:10980000002038BD2120FCE770B586B00E46154615
:109810001C46ADF80800E2F7C9FD4FF42053ADF83F
:109820000C300123ADF80A000093224600200A9B69
:1098300002A90496ADF81450FEF7D2FF08B100F566
:10984000885006B070BD037C012B07D0836918785F
:1098500028B113280CBF002005207047072070474F
:1098600010B504468069143002F0C9FFA069BDE854
:109870001040183002F0C3BF2DE9F0410F461446E6
:1098800005461E46FFF7ECFF23463A460821002016
:10989000D5F8188003F0AAFAAA69C8F81400536929
:1098A00023B1002054811682BDE8F0811A20FBE725
:1098B0001FB50A468369090C92B29980DA8042F694
:1098C0000303ADF80C300223009303AB01F045FA1B
:1098D00005B05DF804FB70B50446084603F01CF8BB
:1098E000A16986B28A894D8912B1521B96420CDA5F
:1098F0006389581E80B225B90A78082A04BF043B40
:1099000098B2831B5842584170BD0020FCE730B527
:10991000044654F80C0B8DB09DF8405090F8700040
:1099200042EA01428DF804001946029203A82A4631
:10993000079502F0D6FD40F20241204601AA02F04E
:109940008CFE0DB030BD10B550F80C4B86B094F8BD
:109950007040ADF80E10ADF8102040F2064103AA99
:1099600001938DF80C40059302F077FE10B901A821
:1099700002F045FF06B010BD37B504460D46FFF7AF
:109980006FFF204640F20941FEF712FB00222046FD
:10999000A36940F207411A7050F80C3B6A4693F8ED
:1099A000703001958DF8003002F057FE03B030BDE5
:1099B00013B501910021044601F0C6FA04220023E8
:1099C00020460DEB0201FFF757FF02B010BDF0B5C6
:1099D00004460F461E46154685B052B983691B786A
:1099E000072B30D0082B14BF15460925002E18BFB1
:1099F0000D250A9802F090FFA3699A894AB15B8904
:109A000081B2D21A914204DD92B2891A0AA803F0F7
:109A100025F8204650F80C3B40F2054193F8703091
:109A200001AA8DF804300A9BADF806708DF8085035
:109A3000ADF80A60039302F010FE10B90AA802F014
:109A4000DEFE05B0F0BD0B25D0E7B0F80AC02DE969
:109A5000F041ACF1020C9C4505460E4617461C46EB
:109A600003DDBDE8F04101F003BA836922461981A4
:109A700000233946FFF700FF044658B9AB69024698
:109A8000314628460E3301F025FA044610B1284627
:109A9000FFF7E6FE2046BDE8F08130B585B005460B
:109AA000FFF7D1FE0A460446A0B9AB69090C92B291
:109AB0009980DA8042F60203ADF80C300223284682
:109AC000009303AB01F049F9044618B90321284675
:109AD000FEF771FA204605B030BD2DE9F043202A8B
:109AE0008FB0054617461C4603910BD941F204146A
:109AF00021462846FFF740FF03A802F080FE0FB082
:109B0000BDE8F083002B46D10846A2F1060802F01A
:109B100003FF4FF6FF765FFA88F81FFA80F94C458D
:109B200010D3AB69DA88B24239D942F60203ADF8F4
:109B300014300223711C0093284605AB89B201F052
:109B40000CF925E023463A46039906A802F046FEA2
:109B5000AB69BDF818609A88B242C7D8DA88B242B9
:109B6000C4D3BDF81A10BDF81C20B8F1000F09D0FD
:109B70002846CDF800800DF11E033C44FFF7C7FED8
:109B8000A4B2CCE728469E8019815A8101F0FEF8E4
:109B900004460028B0D041F20A139C42A8D1002408
:109BA000A6E738B50546FFF74EFE044640B92846FD
:109BB000FFF77EFE044618B904212846FEF7FBF99C
:109BC000204638BD70B505460E4611461A46FFF7C9
:109BD0003AFE044670B903462846FFF74DFE044698
:109BE00040B931462846FFF763FE044620B12846B7
:109BF000FFF736FE204670BD05212846FEF7DBF94B
:109C0000F8E770B50546FFF71EFE044638B94FF673
:109C1000FF73994205D101462846FFF7ADFE204665
:109C200070BDAB69284699800131DA8089B201F0B4
:109C300064F820B906212846FEF7BDF9EFE704468F
:109C4000EDE770B506461D46FFF7FDFD044698B9E1
:109C5000B2F5007F15D8B36919815A810DB1154449
:109C6000ADB230469D814AB901F090F8044618B96A
:109C700007213046FEF79FF9204670BD01F097F8A6
:109C8000F4E72124F8E72DE9F34106469846FFF76B
:109C9000DAFD0D461746044680B9B369090CAAB22D
:109CA0009980DA8030463B46CDF8008001F055F8C7
:109CB000044618B908213046FEF77DF9204602B067
:109CC000BDE8F08138B50546FFF7BDFD044648B94B
:109CD0002846D2B201F07FF8044618B90921284677
:109CE000FEF769F9204638BD38B50546FFF7ABFDEC
:109CF000044648B92846D2B201F087F8044618B99C
:109D00000A212846FEF757F9204638BD70B50546AA
:109D10001E46FFF798FD044648B933462846FFF72C
:109D200094FE044618B90B212846FEF744F9204654
:109D300070BD70B504461D46FFF785FD28B92B465A
:109D40002046BDE8704001F0ACB870BD2DE9F04789
:109D500005461E46FFF777FD0F460446DDF820A0B6
:109D6000DDF8288058BBAB6912F0020F1981284634
:109D700033465146BDF824200CBF4FF00D094FF07B
:109D80001209FFF779FD0446C8B943463246394601
:109D9000284601F09FF80446A0B9B9F1120F06D188
:109DA000334651462846B8F80020FFF765FDB8F85D
:109DB0000020AB6949462846DA81FEF7FCF82046C8
:109DC000BDE8F0872846FFF74BFDF8E738B50546B4
:109DD000FFF739FD044640B9284601F0B5F80446BE
:109DE00018B90E212846FEF7E6F8204638BD70B5B2
:109DF0000446FFF728FD1646054640B94FF6FF72A8
:109E0000914206D141F20A112046FFF7B5FD2846DE
:109E100070BDA369013120465E8189B200F06DFFFB
:109E200020B911212046FEF7C6F8F0E70546EEE717
:109E300038B50546FFF707FD044660B9AB695881A0
:109E400098811981284600F0A1FF044618B90F2116
:109E50002846FEF7B0F8204638BD70B505461E46C8
:109E6000FFF7F1FC044648B933462846FFF7EDFDFD
:109E7000044618B910212846FEF79DF8204670BD0B
:109E80002DE9F0471C4696B0836901921B7806467F
:109E9000062B03D0112B60D001A81CE0012910462D
:109EA00014BF4FF010084FF002080392002C4CD161
:109EB00002F032FD4FF6FF7508F1020987B2A742A2
:109EC0000ED8B369DA88AA4237D800242146304632
:109ED000FFF752FD03A802F092FC16B0BDE8F08730
:109EE00023464A46039904A802F078FCB369BDF8FA
:109EF00010509A88AA422DD8DB88AB422AD39DF80D
:109F00001330282BE1D0B2465AF80C3B424693F866
:109F100070300DF112010DA88DF83030ADF83250CF
:109F2000CDF844804C4402F0DCFA40F20441504643
:109F30000CAA02F092FBA4B2C1E7691C304689B2B8
:109F400000F0DBFE04460028C4D041F20A139C4214
:109F5000BBD0BBE741F20414B8E70129104614BF97
:109F600012270427049284BB02F0D6FC42F60218A2
:109F70004FF6FF7185B2A5420DD8B369DB888B42DD
:109F800021D901314FF6FF72304689B200F0B5FE9B
:109F90000446A0B119E023463A4604990CA802F001
:109FA0001DFCBDF83220BDF8301042459DF833301D
:109FB00007D1B269022330460A32FFF746FD04A8F2
:109FC00089E7282B06D141F20A1421463046FFF7D3
:109FD000D3FCF4E73C44A4B2CDE7F0B5836987B085
:109FE00003911B780546022B144653D10846049171
:109FF000002A47D102F090FC4FF6FF7687B2A742C5
:10A000000DD8A869C288B2422BD800242146284620
:10A01000FFF7B2FC04A802F0F2FB07B0F0BD042287
:10A020000499234605A802F0D9FBAA69BDF81410CB
:10A030009088BDF81660814229D3D388994226D8EA
:10A04000864224D39E4222D85069927A837904347E
:10A050000C330092034432462846FFF758FCA4B262
:10A06000CDE743694089711C0190987989B20C3021
:10A070000344009328464FF4205300F052FE044658
:10A080000028C7D041F20A139C42BFD1BDE741F27C
:10A090000414BBE703A8BEE7F0B587B00546174632
:10A0A0001C46039153B9FFF716FC38B10123224631
:10A0B0002846039900F084F807B0F0BDA9690B7831
:10A0C000082B05D8062B44D8032B0FD003A83DE05E
:10A0D0000F2BFBD1039B0593002C6DD1002B6BD074
:10A0E000224628460989FFF72EFC59E0039805907F
:10A0F00018B3ECB9102683794A890C3309890344D3
:10A1000000962846FFF703FCAB699988DA889142EC
:10A1100017D242F60203ADF810300223013100934A
:10A1200028460DEB060389B200F017FE044660B125
:10A1300041F20A139C4204D101E0002CF8D141F213
:10A140001F0421462846FFF717FC05A802F057FB1D
:10A15000B2E7039805907CBB70B302F0DDFB0FB350
:10A1600086B2B7421ED2394605A802F0B1FD38B911
:10A1700005A802F044FB1A212846FFF7FDFB9BE7E8
:10A180008379F61BC218023391898371AB6900226F
:10A190005B89B6B200902846FFF719FCB742E2D9B6
:10A1A0002146E9E7AA69284653891189059A009250
:10A1B0000022FFF70CFCF3E705A802F020FBEFE715
:10A1C000F0B585B006461F461446039132BB0846DB
:10A1D00002F0A2FB054608B3B1690B784A89082B47
:10A1E0000BD8062B0BD9039B0989304600931346E5
:10A1F0002246FFF7ECFB039401E00F2B19D0B16965
:10A200004B89EA1892B2B2F5007F4A8117D82FB174
:10A210003046098900F0CBFD044628B100222346D0
:10A2200011463046FFF738FF03A802F0E8FA05B000
:10A23000F0BD3046039B0989FFF785FBDBE741F260
:10A240000414EBE773B5836901911B780446082B6E
:10A2500015460ED8062B0ED9019E20463146FFF733
:10A260003AFB2A46034631462046FFF7A9FF02B0D3
:10A2700070BD0F2BF0D001A802F0C1FAF7E730B59E
:10A28000836987B003911B780546092B144611D1C9
:10A2900005915AB9134600910F222146FFF797FB0B
:10A2A00021462846FFF768FB07B030BD05A802F03D
:10A2B000A6FAF5E703A802F0A2FAF5E770B58369FC
:10A2C00086B003911B7805460A2B144631D10591BF
:10A2D00032BB059802F020FB08B9044620E00023B9
:10A2E000022205A90DF1120002F082FA012815D907
:10A2F000BDF8126096B1059802F00EFB86420FD8A9
:10A30000BDF8121005A802F0E3FC48B1002300904C
:10A31000212219462846FFF75AFBDAE741F20D14CD
:10A3200005A802F06CFA21462846FFF725FB06B087
:10A3300070BD03A802F063FAF9E72DE9F04F8769D1
:10A340009FB003913F780546052F16461C4604D85A
:10A35000032F16D810D003A867E0082FFBD10846BA
:10A360001391002B00F0C28013A802F048FA214696
:10A370002846FFF701FB01E0FFF7AFFB1FB0BDE888
:10A38000F08F202A0846049148D8002B40F0A8807E
:10A39000571F02F0C1FA4FF6FF78FFB21FFA80FA9A
:10A3A0000DF11C0BA24506D8AB69DA88424500F2D4
:10A3B0008780002434E02346324604990BA802F03B
:10A3C0000DFAAB69BDF82C809A88424526D8DA8808
:10A3D000424523D35969F1B9A94659F80C1BBDF878
:10A3E0002F2091F870109DF82E308DF84C10ADF89C
:10A3F0004E200DF131013A4615A88DF850301997CD
:10A4000002F06FF840F20341484613AA02F025F922
:10A410003444A4B2C6E75A89102A09D941F2041477
:10A4200021462846FFF7A8FA04A802F0E8F9A5E7B4
:10A430000023584602F0D2F9AB690DF13101102F1B
:10A44000CDE9051B93F80A902BD1B9F1020F34D155
:10A4500005A8E2F74DF90228DAD14A46DDE90510F0
:10A4600002F00DF80028D3D12B4653F80C0BBDF8A1
:10A470002F1090F870009DF82E208DF84C00ADF84C
:10A480004E108DF8502059464A4615A80293CDF833
:10A49000649002F026F8029B40F20341184613AA8A
:10A4A000B4E7022F09D1B9F1100F06D106A8E2F7DF
:10A4B0001FF90228ACD13A46D0E73A465846CFE7D2
:10A4C00042F60303ADF84C30022308F1010100937A
:10A4D000284613AB89B200F040FC04460028A3D004
:10A4E00041F20A139C423FF464AF99E759B9002145
:10A4F0000023AA692846938153811181139932461A
:10A50000FFF7CAFD3AE702F007FA16B180B28642B9
:10A51000EDD1139A9379D118023389899371E7E7C2
:10A520002DE9F0431C468FB0836903911B780546E3
:10A53000012B17465BD10846059102F0EDF9202F5B
:10A540000BD941F2041421462846FFF715FA05A855
:10A5500002F055F90FB0BDE8F083002C42D1059808
:10A5600002F0DAF94FF6FF76A7F104081FFA88F82F
:10A570001FFA80F95FFA88F8A14505D8AB69DA8837
:10A58000B24220D80024DEE723463A46059906A8C1
:10A5900002F024F9AB69BDF818109A88BDF81A606A
:10A5A0009142CED3DB889942CBD89642C9D39E4202
:10A5B000C7D832462846CDF8008007AB3C44FFF7A9
:10A5C000A6F9A4B2D8E74FF42053ADF81030022317
:10A5D000711C0093284604AB89B200F030FC04469D
:10A5E0000028B4D041F20A139C42CBD0ABE703A8B9
:10A5F000AEE783691B780B2B02D0103B012B01D8EF
:10A60000FFF7BAB97047F0B585B001938369174673
:10A610001A7804460B3A0A9E072A42D8DFE802F06D
:10A6200004413041410441290198039002F074F93A
:10A6300085B203A802F0E3F826B131462046FFF7C1
:10A64000B7F90FE0A1697A194B8992B293420BD9FD
:10A650000A8201F10E032046098900F03BFC014605
:10A660000028EBD105B0F0BD0121204600F06CFCC4
:10A67000F5E72EB91A8A0198BA420BD04FF48166D9
:10A68000019B03A8039302F0BAF831462046FFF776
:10A6900073F9E7E7DA89596902F049F90028EDD141
:10A6A000EEE701A802F0ABF8DCE738B582690446B2
:10A6B00013780D460E2B12D0102B01D00B2B12D17C
:10A6C000536933B1997902F114000B44DD6802F04B
:10A6D00096F829462046BDE83840FFF78ABFBDE816
:10A6E0003840FFF749B938BD07B5002300921B2257
:10A6F000FFF76DF903B05DF804FB07B58369598076
:10A70000009200231D22FFF762F903B05DF804FBFD
:10A7100010B5037C0446012B0AD083695B884BB1DA
:10A7200000F022FC1A2802D00022A3695A8010BD32
:10A730000720FCE70220FAE708B5FDF7A8FC18B1EE
:10A74000BDE80840E3F7F0BB252008BD10B50C4676
:10A75000FDF79DFC50B12269022A01D0102A07D1D1
:10A760002146BDE81040D2B2E3F700BC252010BD61
:10A770002120FCE710B50C46FDF789FC20B12146ED
:10A78000BDE81040FFF789B9252010BD10B50C4673
:10A79000FDF77DFC20B12146BDE81040FFF701BA6E
:10A7A000252010BD70B50D461446FDF770FC58B15C
:10A7B0002369022B01D0102B08D122462946BDE87F
:10A7C0007040DBB2FFF7FEB9252070BD2120FCE709
:10A7D00038B50C461546FDF75AFC28B12A462146E5
:10A7E000BDE83840FFF70DBA252038BD70B50C46DE
:10A7F00015461E46FDF74BFC30B133462A4621462E
:10A80000BDE87040FFF71DBA252070BD70B50D463C
:10A810001446FDF73CFC58B12369022B01D0102BE4
:10A8200008D122462946BDE87040DBB2FFF72BBABB
:10A83000252070BD2120FCE738B50C461546FDF7F4
:10A8400026FC28B12A462146BDE83840FFF73ABA2F
:10A85000252038BD38B50C461546FDF718FC28B143
:10A860002A462146BDE83840FFF73EBA252038BDCC
:10A8700070B50C4615461E46FDF709FC30B133464F
:10A880002A462146BDE87040FFF740BA252070BD3A
:10A890002DE9F041DDF818800E4617461D46FDF7FC
:10A8A000F6FB70B144892B46033CA4B2AC4228BFEE
:10A8B0002C463A463146A8F80040BDE8F041FFF783
:10A8C00038BA2520BDE8F0812DE9F047089F0C46F5
:10A8D00015461E46BDF82480DDF82890FDF7D7FB0D
:10A8E00048B133462A462146CDE909890897BDE893
:10A8F000F047FFF72BBA2520BDE8F08710B50C46CE
:10A90000FDF7C5FB20B12146BDE81040FFF75EBA58
:10A91000252010BD08B5FDF7BAFB18B1BDE8084009
:10A92000FFF7F6BE252008BD10B50C46FDF7AFFBBE
:10A9300020B12146BDE81040FFF77ABA252010BDAE
:10A9400070B50C4615461E46FDF7A1FB30B13346E7
:10A950002A462146BDE87040FFF77FBA252070BD2A
:10A9600038B50C461546FDF792FB28B12A4621461C
:10A97000BDE83840FFF73BBA252038BD08B500F0E8
:10A9800047F8407940F4805008BD70B506460D4642
:10A990001446D7F70DFC4379C57523F0030343F044
:10A9A0000303437140F60943C380A0F8156020609B
:10A9B000153070BD13B50C4601AAFFF7E6FF019BE9
:10A9C000DA791444DC7102B010BD73B50646104646
:10A9D0000C46154601F0A0FF211801AA3046C9B265
:10A9E000FFF7D3FF019B0646DA791444DC712B464E
:10A9F00033B901A8294601F0F1FF304602B070BD1D
:10AA00005C7924F0030444F002045C711B68EFE7F6
:10AA100008B5D7F7D3FB83790C33184408BD4B88AE
:10AA2000052B05D108880E288CBF00200120704717
:10AA300000207047F8B505460F46164604210A2245
:10AA4000002002F069F90246B8B1847905210C347E
:10AA500003194FF0060C00209970D87002F804C05A
:10AA600013241C7102245F715870D8719C712846A0
:10AA70001E81BDE8F840E3F70FBDF8BD73B505468C
:10AA8000104601920C4601F047FF042186B201985E
:10AA900002F085F8024628B901A801F0B0FE1A209C
:10AAA00002B070BD837901900C33C1184C80C6523E
:10AAB00021462846E3F7F0FC0020F1E72DE9F84FA6
:10AAC0008A4691469846064680B3846814F400444A
:10AAD0002CD1E3F76FFD102283460421204602F0BB
:10AAE0001BF9024620B305210C2387790C37C519C1
:10AAF000A970EC70C35512232B710823AB71BDF8FC
:10AB000028303046EB816C7085F805B0EC71A5F803
:10AB100008A0A5F80A90A5F80C80E3F7BDFCB3687F
:10AB200043F40043B3602046BDE8F88F0224FAE7FF
:10AB30001A24F8E72DE9F041064688461746042115
:10AB40000A22002002F0E8F80246B8B18579002414
:10AB50000C354319052106209970DC7050550120F1
:10AB6000187102205C70987183F805803046DC71A2
:10AB70001F81E3F791FC2046BDE8F0811A20FBE736
:10AB8000002070470020704707B501A8019201F02E
:10AB900036FE03B05DF804FB704708B5E4F70CF827
:10ABA000E3F714FDE3F71AFEE1F7DCF9BDE808402E
:10ABB00000F050BA38B505460C46E3F7EFFC28B96B
:10ABC00028462146BDE83840EFF75AB928462146C5
:10ABD000EFF756F900F03BFAEFE707B501218DF8E2
:10ABE00007000DF107020846E4F7AAF9002003B0B8
:10ABF0005DF804FBE4F7A4B937B5044642F6072034
:10AC0000FDF7B0FD0546C0B10A23002CCBBF0534CB
:10AC1000053CB4FBF3F494FBF3F401230021184644
:10AC20000DF1070264B28DF8074002F0DFF8002250
:10AC3000034629461046FDF7A2FC03B030BD38B5E7
:10AC40000D46FCF7E0F9044618B9B5F90000FFF726
:10AC5000D3FF204638BDE4F793B9430803F055030A
:10AC6000C01A00F03303C0F3850000F0330018442D
:10AC700000EB101000F00F007047002110B5421DCE
:10AC8000441E14F8010FFFF7E8FF94420144F8D185
:10AC9000084610BD10B5EFF7F5FF044628B10124B2
:10ACA000204610BD436ADB06F9D4EFF757FD0028B4
:10ACB000F8D1F5E7052802D10846E4F769B8212064
:10ACC000704710B5DDF76AFD002814BF0324012486
:10ACD000DDF774FD08B144F00404204610BD10B542
:10ACE000DDF75CFD002814BF03240124DDF766FDB9
:10ACF00008B144F00C04204610BD70B504460E4661
:10AD00001546052100220420FCF74CFF014618B12E
:10AD1000A0F80160A0F803502046BDE87040FCF7A1
:10AD200099BFF7B51D460023044600930F4616460B
:10AD300007210620BDF82430089AFCF757FF01468A
:10AD400028B1A0F80170A0F80360A0F805502046D3
:10AD500003B0BDE8F040FCF77DBF73B515461A4659
:10AD60000023044600930E46082005219DF8183064
:10AD7000FCF73CFF014618B1A0F80160A0F80350B1
:10AD8000204602B0BDE87040FCF764BF38B5002231
:10AD900004460D460A200321FCF704FF014608B1D2
:10ADA000A0F801502046BDE83840FCF753BF70B50D
:10ADB00004460E461546052100220C20FCF7F2FE43
:10ADC000014618B1A0F80160A0F803502046BDE884
:10ADD0007040FCF73FBF37B544891346013C24F06F
:10ADE0000104A4B2A2424FF000020546009288BFBF
:10ADF000E3B20A460E200121FCF7F8FE0146284680
:10AE000003B0BDE83040FCF725BF37B54489134691
:10AE1000013C24F00104A4B2A2424FF00002054616
:10AE2000009288BFE3B20A4620200121FCF7DEFE33
:10AE30000146284603B0BDE83040FCF70BBF73B5B0
:10AE400015461A460023044600930E46102005219D
:10AE50009DF81830FCF7CAFE014618B1A0F8016051
:10AE6000A0F80350204602B0BDE87040FCF7F2BEE7
:10AE700073B50E46002144890546033CA4B2A342A3
:10AE8000009128BF234603211220FCF7AFFE0146A4
:10AE900008B1A0F80160284602B0BDE87040FCF798
:10AEA000D9BE73B50E46002144890546033CA4B2C1
:10AEB000A342009128BF234603215220FCF796FEAF
:10AEC000014608B1A0F80160284602B0BDE8704014
:10AED000FCF7C0BE2DE9F3410546984683690F464D
:10AEE0005869164601F018FD6C8980B2053CA4B281
:10AEF000844228BF0446A8692146143001F0E8FEC8
:10AF0000009048B105220821002001F005FF0190C2
:10AF100030B9684601F073FC1A2002B0BDE8F08138
:10AF2000009901A801F05AFD1620019A93790C337B
:10AF3000D118D054A8F800402846A1F80170A1F813
:10AF40000360FCF787FEE8E738B5002204460D46AB
:10AF500018200221FCF726FE014600B1457020466C
:10AF6000BDE83840FCF776BE10B50121044600224A
:10AF70001E20FCF717FE01462046BDE81040FCF7F6
:10AF800069BE70B5857904460C35461901F0C4FCDC
:10AF9000625D431E013A9BB2202A12D8DFE802F01C
:10AFA000131118111A112B113111421142114211B2
:10AFB0003511271111113B112711401140111111A9
:10AFC0004200002070BD042B14BF01200320F9E7CC
:10AFD000022BF9E743B37278022A0AD0012A23D15F
:10AFE0000222013B0232B3FBF2F102FB1133002BD0
:10AFF000EAE71022F5E713F0030F14BF0120032046
:10B00000E0E78BB17278013BEDE76BB17278032A10
:10B010000AD9013BE7E7042B34BF01200320D1E725
:10B02000022BF9E70320CDE70120CBE708B5FFF7B6
:10B03000EFFC407940F4805008BD022801D1E3F7CD
:10B040003DBE704710B90120E3F75CBE7047022097
:10B05000E3F74EBE0020E3F74BBE0078EFF7A6BA49
:10B0600013B50C460DF107020DF1060102F013F8BD
:10B0700030B19DF80600031B5842584102B010BD84
:10B080000120FBE7EFF7BEBD2DE9F0430F46DDE9F8
:10B090000C8940F60104154617F0020F08BF4FF463
:10B0A000006417F0080F18BF44F0020417F0040FF3
:10B0B00018BF44F0040415F0010F18BF44F0100449
:10B0C00015F0020F18BF44F0400415F0040F18BF2C
:10B0D00044F0200415F0080F18BF44F4807415F0F4
:10B0E000100F18BF44F4806415F0200F18BF44F40B
:10B0F00000749DF8246015F0400F18BF44F480548C
:10B1000015F0800F18BF44F48044ED0506F1FF35BB
:10B11000EDB248BF44F40054032D28BFFF25BDF80D
:10B1200028C0BDF82CE003F00103CDE90C390799E4
:10B130009DF820203B46CDE90A85CDE908CE07944D
:10B14000BDE8F043E1F774BF2DE9F0430F46DDE9B8
:10B150000B8917F00104154619469DF81C209DF82F
:10B160002060BDF824C0BDF828E007F002033BD101
:10B17000002B42D14FF40064BF0544BF24F40064A7
:10B18000A4B2EF0748BF44F01004AF0748BF44F033
:10B1900040046F0748BF44F020042F0748BF44F421
:10B1A0008074EF0648BF44F48064AF0648BF44F49F
:10B1B00000746F0648BF44F48054013E2F0648BF18
:10B1C00044F48044F6B2ED0548BF44F40054032E25
:10B1D00028BFFF26CDE909E8CDE90B69CDE9074C89
:10B1E000BDE8F043E2F730B84BB1022304F5006448
:10B1F00043F0080344F00204BEE72346F6E70223C7
:10B2000040F60104B8E7F7B5002415460DF1070232
:10B210000E461F468DF80740FCF725FA30B1346022
:10B22000C6F803402C703C7003B0F0BD9DF80730A9
:10B2300001332B70F8E702F05FBCF0F7A7BBE6F72D
:10B2400041B9F5F70ABFF5F708BF02F057BC02F0A5
:10B2500057BC704773B50C4600211546FCF7C5FB7B
:10B26000019040B12246294601F093FD844204D06A
:10B2700001A801F0C4FA02B070BD019DA9790C319A
:10B280006A586E181302C2F3072003F4E063034305
:10B290002344180280B2C3F3022322F47F42034303
:10B2A00022F0070213436B5001A83471FCF7B0FB86
:10B2B000E1E70E2070470E2070470E207047704760
:10B2C000704708B504F06EF8002814BF1420002061
:10B2D00008BD70470F2070477047704770470020C7
:10B2E000704770477047704770B504460E46156842
:10B2F0000A46002101F0EDF825F400452046212200
:10B30000314601F0C3F9290A04312046C9B201F0DF
:10B3100046FAA3791C44E56070BD70470078F0F7E9
:10B320009BB838B5F0F732F90446C8B1437803F05A
:10B33000F003102B03D0202B09D100F068F8002572
:10B3400041F216012046E6F71BFA284638BD302B9D
:10B35000F5D10088C0F30B00E6F7FAF90546EFE7F0
:10B3600040F20A45F1E738B505460020F0F73CF910
:10B37000044600B938BD04F10800FCF733F9421C5B
:10B3800008D06B1C01D0A84204D12046F0F79EF8EB
:10B39000FFF7C7FF2046E9E71FB582780346102A6A
:10B3A0000C4628D0252A30D1D3F80610D0F8020058
:10B3B00001AA03C259891B7B204611800D2193707D
:10B3C00001F025FBBDF80500F0F7F8F850B1F0F7F3
:10B3D0007DF89DF80C300246FF2B214601A807D1CD
:10B3E00000F018F8204604B0BDE8104001F007BA9C
:10B3F00000F011F8F6E7B0F80300F0F7DFF80028E6
:10B40000F0D00721E6F7BCF9ECE704B010BD7047B7
:10B410007047704770477047704713B5044601A9DD
:10B420002020E0F789F920B9224620200199E0F791
:10B4300093F902B010BD13B50C4601A904F08EFFBC
:10B4400010B9019BC4E9003002B010BD38B5044604
:10B450000D462022002101F03CF8F5F7DCFDD5E98E
:10B460000232E260EA8B43F4806322822A8CA0805D
:10B470006282AA8CA282EA8CE2826A68A36022605D
:10B48000FFF72DFF18B1A36843F00403A360A3687E
:10B4900043F48032A2602A6892055CBF43F4102313
:10B4A000A36038BD08B52020FCF745FA003818BF66
:10B4B000012008BD08B5FFF7F5FF20B1BDE8084041
:10B4C0002020FCF740BA08BD08B5EEF755FB08B1DF
:10B4D000012008BD04F022FFEEF756FB0028F7D14B
:10B4E000E0F71CF9003818BF0120F2E708B5E6F7CD
:10B4F00069FA00280CBF0420012008BD08B5FBF73D
:10B5000098FE002008BDE6F73BBBE6F749BB0E20DE
:10B5100070470E2070477047022070470220704726
:10B52000002070470120704700207047704737B5F2
:10B5300004460D4601A8E8F737FF01A8FFF7F6FF1C
:10B54000204601A98DF80650E6F71EFD03B030BD78
:10B5500008461146012200F08EB8014608B54FF0AA
:10B56000FF30E6F739FDB0FA80F0400908BD70B54C
:10B570001D460446E6F770FC049B049346692B467F
:10B580002046B446BDE87040604708B50246E6F77D
:10B5900063FC836910469847B0FA80F0400908BD03
:10B5A00000F0DFBD00F0E7BD00F099B908B500F08C
:10B5B000C2FC002008BD7FB56C4605460E460FCA8A
:10B5C00084E80F009DF80D30224643F040033146D9
:10B5D00028468DF80D3000F0DEF804B070BD7047DD
:10B5E000431E012B03D9031F5842584170470120C5
:10B5F000704700F063BE4FF4D872002100F069BFBD
:10B6000070B50446E8F78CFD0546A8B9A169F1B10B
:10B61000238AD3B1204604F1100200F018FD38BB94
:10B62000E16919B3638AA3B1204604F1120200F064
:10B63000E3FC78B1054603E00023A3612361E361E5
:10B64000002328466361236270BDA061E8E7208281
:10B65000E6E7E361216A0029F2D0A28A002AEFD04E
:10B660002046E38ABDE8704000F085BC6182F1E7C6
:10B670006582E561DEE710B50C461146E7F748FD47
:10B68000E9F7CAF8012801D1002010BD002CF7D13C
:10B690000520FAE7F8B506460D46E6F7D1FCD8B91D
:10B6A0004FF6FF734FF0240CEF68C1B28F4208D8F9
:10B6B0001C4621463046E6F773FE00F005FE2046A4
:10B6C000F8BDAA680CFB0122D4899C4202D2002C4E
:10B6D000EFD023460130E8E70024F0E7C08D704743
:10B6E0000A7838B505461046FFF77AFF60B14C7806
:10B6F0002046FFF775FF38B12243530704D428468C
:10B70000BDE83840E7F7BCBF212038BDFFF7E8BFF0
:10B7100010B504460878FFF763FF58B14A78104621
:10B72000FFF75EFF30B1042A04D02046BDE8104088
:10B73000E7F7C4BF212010BDFFF7EABF09B1E7F763
:10B74000D7BF2120704700F089BB084600F031BD0B
:10B75000F0B5044600262427C268013A12B2964288
:10B7600002DD4FF6FF700DE0B318A56803EBD3734D
:10B770005B1007FB035598B2EB898B4203D82B8AE9
:10B780008B4203D3F0BD431E1AB2E8E7431C1EB23E
:10B79000E5E7E7F713BE70B504460D46164600F020
:10B7A0005CF958B129462046E6F7FAFD38B9324629
:10B7B00029462046BDE87040ECF7BEBE0E2070BDA5
:10B7C000E8F7C0BF08B5E6F7D7FB18B1BDE80840F9
:10B7D000ECF748B908BDF0B587B004460E461546EB
:10B7E0001F46ADF80610D3B190F83831ABB9D0E9A7
:10B7F0004C0194F836310490C0B29842ADF8141060
:10B8000005D0204604A98DF81030E7F7C7FF204681
:10B810003A7894F83711E8F72FF8002020E00ABBB7
:10B82000D0E94C01D4F8E0300490ADF81410204673
:10B83000A4F8426004AA0DF10601E7F72FF878B9E1
:10B84000204604A9E7F7AAFF50B903460122204683
:10B85000BDF90610E8F790F8BDF80630A4F84430BA
:10B8600007B0F0BDB2F91230B0F942200DF10E016F
:10B870009342A8BF134604AAADF80E302B46E7F753
:10B880000DF8BDF90E30B5F912209A42A8BF1A463C
:10B890009DF81030ADF80E200C2B0FD1212384F829
:10B8A0003831B4F9443093420DDDD4E94C01002322
:10B8B0000490ADF8141084F8383104E0C0B284F874
:10B8C00038010028EDD19DF810102046A4F844203E
:10B8D00084F83611D0F752FC84F837019DE7062A28
:10B8E000F8B504460F4615461E4624D8E7F794FCE3
:10B8F00018B320463946E6F753FD0446B0B9012196
:10B9000002460846FFF7B7FE204600F0D9FCEBF7E9
:10B91000D1F83046E7F792FB062D284608D06FF0A5
:10B9200029032B41DB0703D4EBF72AF92046F8BDA6
:10B93000EBF764F9FAE72124F8E70224F6E738B5D3
:10B94000044600200D4600F0BBFCD4F8F0302BB9C3
:10B9500029462046BDE83840E7F7BABF022038BD87
:10B9600000F0E1BA70B5044600200E4600F0A8FCD5
:10B97000D4F8F0503DB1002331462046AC46BDE836
:10B9800070401A4660472B46012231462046E7F7B1
:10B99000F3FF284670BD38B5044648880D4600F0D0
:10B9A0008FFCD4F8F0302BB929462046BDE838404A
:10B9B000E7F7F4BE022038BD00F084BC00F0AABA5C
:10B9C000E7F752BBEAF7E0B838B505460C4604F095
:10B9D000FEFED5F890301C40D5F88C302343C5F8D6
:10B9E0008C3004F0EFFE211E18BF01210020490217
:10B9F00038BDE8F719BA3F2B10B502D8002420460D
:10BA000010BDB3F5805F9BBF4FF00044B3FA83F3E2
:10BA10004FF48054DC4098BFA4B2A242134628BF22
:10BA20002346224600F0A7FA0028E7D1E7E700F016
:10BA3000E3BAE9F75BBDE8F707B9E8F7ADB9FFF797
:10BA4000FCBF38B50446154609B100F028FB15B116
:10BA50002046E8F707FA002038BD0346408A18B1AF
:10BA6000188A003818BF01207047E8F745BBE8F78F
:10BA7000E3BB10B49DF8044001945DF8044B00F062
:10BA80002BBB00F01ABBE8F7B1BB00F022BB10B52E
:10BA9000044600F08DF820B92046BDE81040E6F7D6
:10BAA00033BE10BD00F019BCEAF760BB2DE9FF41C1
:10BAB000984604460E46174604F092FE0546204678
:10BAC000FFF7E5FF0A9B3A46029300233146CDE992
:10BAD00000832046E6F766FE0446284604F07BFE17
:10BAE000204604B0BDE8F08138B5044604F078FE85
:10BAF00005462046FFF7CBFF2046E6F731FE044619
:10BB0000284604F068FE204638BD38B5044604F0E7
:10BB100067FE05462046FFF7BAFF204600F057F8BB
:10BB20000446284604F057FE204638BD38B5044682
:10BB300004F056FE05462046FFF7A9FF204600F018
:10BB40004CF80446284604F046FE204638BD70B541
:10BB500004460E4604F044FE05462046FFF797FFD4
:10BB600031462046E6F76CFE0446284604F033FED4
:10BB7000204670BD0120704701207047134607B56D
:10BB800000228DF807100DF10700194600F063FB45
:10BB900003B05DF804FB084611461A4600F05BBB93
:10BBA0000020704701207047E9F706B900F0FEBA9F
:10BBB000E6F7E4BC10B504F013FE044600F015F8F7
:10BBC000E6F702FD2046BDE8104004F004BE024640
:10BBD00008B5E6F7D3FC507D08BD024608B5E6F788
:10BBE000CDFC507D80F0010008BD00F076BBE7F78A
:10BBF000A5BC00F070B990F8273003B108470220C7
:10BC0000704710B50446E8F773FF2046BDE81040C2
:10BC10000321E7F757BA90F827300BB1E8F72ABFAE
:10BC20000220704790F827300BB1E8F749BF022097
:10BC3000704738B590F827400D46BCB1053C012C43
:10BC40008CBF0024012449682246E8F78FFF28684A
:10BC500090FAA0F0000AEAF7C3FEA97A28892246E2
:10BC600081F00101E8F7B2FF002038BD0220FCE7B7
:10BC700030B585B005460FC96C4684E80F002146F3
:10BC80002846FFF7D6FF05B030BD1FB5ADF8083028
:10BC90009DF81830CDE900128DF80A30002369466E
:10BCA000ADF80C30FFF7E4FF05B05DF804FBF0B52C
:10BCB0009C4605460E46174687B00C9B02AC0FCB40
:10BCC00084E80F0063463A46314628460094E8F778
:10BCD000AFFF07B0F0BD10B586B0089C0294099C78
:10BCE0000394BDF82840ADF810409DF82C408DF825
:10BCF00012400024ADF8144002AC0094FFF7D7FFC7
:10BD000006B010BD0020704700207047013001D1FF
:10BD1000EAF79EBB212070477047D0F8943003F0BB
:10BD20006003402B0DD0602B03D0203B584258417C
:10BD3000704749B10B68012B06D9486940F00100F2
:10BD4000704740F20110704700207047012A38B553
:10BD50000C46114638BF01210139C9B2617021700A
:10BD60004B4300216180D0F8DC10273323F003031C
:10BD70004968E518656039B132B12846EAF772FCC6
:10BD8000013005EB800038BD4FF0FF32281DE25036
:10BD9000F9E72DE9F04304464FF47A70164658430C
:10BDA00087B00F46BDF83880EBF702FF3568386082
:10BDB0004146D4F8DC007D60FFF7CAFC4FF6FF7304
:10BDC000984249D02422D4F8DC3050439B680F9A23
:10BDD0001F5803EB0009C2F8009067BB4A46414672
:10BDE0002046009703ABE7F701F9D4F8E4902A4620
:10BDF0004146204603ABCDF80C90EBF7D3FD05EBA5
:10BE0000800227B149462046E7F796F802461446D5
:10BE10004FF0FF3344F8043B601BE0288CBF002048
:10BE200001204FF466622F21E6F792FB0020346078
:10BE300007B0BDE8F08339462846EAF713FC002333
:10BE40004A460093414605EB800503AB2046E7F7E1
:10BE5000CDF8D7F80490CAE72120E9E7F7B5044602
:10BE60001046D4E954C7DDE908268CEA020587EAC2
:10BE700006010540194085EA0C057940C4E9545192
:10BE8000002523F4004106EA010320F0010043F4F9
:10BE90000073024043F00203CDE90055ECF700F9CE
:10BEA00094F824309A0713D5D4F854319B050FD554
:10BEB0004FF488112046FFF787FD94F8243002469E
:10BEC00065F3410384F8243020460B46E7F7E8F891
:10BED000002003B0F0BD0520EAF73EB9D0F8E42019
:10BEE00008B57AB11368022B0CD9536A13F47F4F4B
:10BEF000C3F3072106D0126ADBB253438B42B3FB74
:10BF0000F1F006D2002040F67F424C21E6F720FBFC
:10BF1000002008BD0346D0F830010860B3F8343182
:10BF200000208B80704790F830310C2B14BF90F8B4
:10BF30002B00FF20704708B500F077FABDE80840F5
:10BF4000EAF7E8BD4FF48071EDF740BB38B54FF02C
:10BF50003A430546DC6A808AC4F30C04A04234BF2D
:10BF60000020012041F66A020821E6F7F1FAA88ACA
:10BF7000001B80B238BD2DE9F041884618F0030758
:10BF800006461546194633D1B2F5805F30D89A423D
:10BF90002ED33F2A28D9B2FA82F401220120C4F11B
:10BFA0001F03DBB29A4092B2AA422CBFC4F119041B
:10BFB000C4F11A04E2B2931DDBB2984080B2A842E9
:10BFC00014D096F8F530ABB9012096F8253060F31F
:10BFD000000386F825304046E9F738F8C6F8208097
:10BFE000B5823846BDE8F0813A46EAE70020ECE742
:10BFF0002127F6E70E27F4E7F8B511F00306074608
:10C000000D46144621D102B313883F2B1DD9B3FA34
:10C0100083F3C3F11901C9B2062901D8192B12D033
:10C02000062928BF062101238A1DD2B29340284643
:10C03000238000F0FDF823883846FD617B82E9F714
:10C0400017F93046F8BD3146EDE72126F9E738B556
:10C05000148811F003054FEAC4041ED13F2C1CD9EB
:10C06000B4FA84F4C4F11903DBB2052B01D8192CFE
:10C0700011D0052B28BF052301240633DBB204FAB7
:10C0800003F3C3F3CF041480816104824387E9F78B
:10C09000EFF8284638BD2B46EEE72125F9E7E6F70D
:10C0A000C7BE10B5144608460121EAF797FB2046A3
:10C0B000BDE810400121EAF791BB10B50A0110213B
:10C0C000EDF770FA0446EDF7C7FA201E18BF0120FD
:10C0D00010BD1021EDF77ABA2DE9FF4102934B080C
:10C0E00003F1304303F5785393F84B418B001C4127
:10C0F00004F00F04082C28BF082400239DF8288092
:10C1000016460093019413460A4607460D46EDF77E
:10C1100067FAB8F1000F09D040B933462A46012129
:10C12000384604B0BDE8F041E8F7ACB804B0BDE86B
:10C13000F081F8B504460E46174604F048FB3A462F
:10C14000054631462046EAF7FBFE0446284604F041
:10C1500039FB2046F8BD0520704703207047E9F7FA
:10C16000F3BF10B50023E8F7A5F9044608B9ECF7CA
:10C17000CDF9204610BD38B51D4600230446E8F72A
:10C1800099F928B929462046BDE83840ECF7B8BAF5
:10C1900038BD8021EDF71ABA10B50446E6F7ACFFBA
:10C1A00001462046BDE81040E6F7ACBFE8F704BE04
:10C1B000704710B5EBF79AF904460021E8F7FCFE4A
:10C1C000E8F7E4FE204610BD2DE9F74F01251C4697
:10C1D0009DF83030064601930368174603F00703C5
:10C1E00006339D4005F1FF380B46A1B1416804EAD2
:10C1F000080BA5EB0B0A41F00059524509EB0B0166
:10C2000014D95246184600F06CF949467A1B5A4434
:10C21000504400F066F9019B2BB13C4448EA050804
:10C2200004EA0804F46003B0BDE8F08F1846F0E7B4
:10C230004FF03A4301225A6741F6FF72D9641865FC
:10C240001A67704737B5002514460095FFF7BCFF05
:10C25000204603B030BD70B50E461546044608B9F9
:10C26000002070BD0378042B18D02078E9F792FAEB
:10C27000B0B923780C2BF3D10EB1FF233370CDB1BD
:10C28000FF232B7016E020780130C0B20328207005
:10C29000EBD8E9F77FFA0028F5D0E6E70020F5E7CC
:10C2A0001EB12078E9F7E6FA30701DB1207800F071
:10C2B0000CF828700120D4E7E8F71ABA002070477C
:10C2C0000020704700207047704710F0FD0F14BF2A
:10C2D0004FF0FF300020C0B2704708B5E9F76AFFA1
:10C2E000BDE80840E9F78EBF38B50446FFF7F5FF13
:10C2F0000546FFF7F2FF431BA342FAD338BD38B51A
:10C300000D460446E9F756FF35B1844200D901399C
:10C31000204601F0030138BD844238BF0131F7E700
:10C3200008B5E9F75FFFBDE80840E9F76BBF08B55E
:10C330000121FFF7E4FFBDE80840E9F763BF08B556
:10C3400021B1920000F0CDF8002008BD2120FCE7CB
:10C3500000F06F43B3F1804F02D0B3F1204F02D110
:10C3600020F07040704700F06043B3F1204F08BFE9
:10C3700020F0805070470B0C23F48053B3F5284F06
:10C38000F7B50D468FB2064699B216D04AF60103AC
:10C39000994214D04AF60203994212D0B1F5204FC7
:10C3A00014BF04240324D6F8E0300BB1196851B946
:10C3B000D6F8DC3093B928680EE00024F3E70124B6
:10C3C000F1E70224EFE7234668463A46E9F7A0FF83
:10C3D000DDE90003002BEBD103B0F0BD19680029A3
:10C3E000E9D0234668463A46E9F792FFDDE90003C3
:10C3F000002BE0D1F0E70204C0F3891307D56FEA00
:10C4000083536FEA935313F5007F18B206D0A3F15C
:10C41000C8006FF4FF739842B8BF184670470020F9
:10C42000EAF72ABB0120EAF727BB01210320E6F740
:10C430006FBE0E2070477047ECF70ABCECF708BCE3
:10C44000ECF706BCECF704BC08B50846EDF718F8A5
:10C4500008BDECF7FDBB00228A4202D14FF0FF304D
:10C46000704750F8223093FAA3F30BB90132F3E787
:10C47000B3FA83F000EB4210704700207047013997
:10C48000024410B5904201D1002005E0037811F874
:10C49000014FA34201D0181B10BD0130F2E78842C2
:10C4A00010B501EB020402D98442234607D8431E8B
:10C4B000A14208D011F8012B03F8012FF8E702443C
:10C4C00001468A4200D110BD13F8014D02F8014D1A
:10C4D000F7E702440346934200D1704703F8011B7B
:10C4E000F9E70A44431E914200D1704710B511F894
:10C4F000014B914203F8014FF9D110BD034613F8E7
:10C50000012B002AFBD1181A01387047430803F0A9
:10C510005533C01A00F03333800800F0333018442C
:10C520004FF0013300EB101000F00F305843000EB5
:10C53000704710B5044688B1836A016A7BB1806890
:10C540009847002394F8240023620C28636005D8E0
:10C550002146EDF795FD0D2384F8243010BD002908
:10C56000EFD08368002BECDB084600F06CFCE8E7BA
:10C5700007B5019101A9EDF7D5FB03B05DF804FB08
:10C58000002307B51A46019101A9EDF7CBFB03B0D3
:10C590005DF804FB002330B587B004939DF8343078
:10C5A000DDE90A4503930C9BCDE900450293EDF7C5
:10C5B00037FB07B030BD052330B585B003930A9B28
:10C5C000DDE908450293CDE90045FFF7E3FF05B03B
:10C5D00030BD30B500230024002585B0CDE90045ED
:10C5E0000293FFF7E8FF05B030BD03680B60016000
:10C5F00070472DE9F0410E461746002405460068B5
:10C6000008B9BDE8F081D0E90083B3420BD183685B
:10C61000BB4208D154B9C5F80080C368DB0701D517
:10C6200000F011FC204604464046E9E7C4F80080CB
:10C63000F3E7002370B51A46194605460468EDF77E
:10C6400071FB0CB92C6070BDE3682668DB0702D56E
:10C65000204600F0F8FB3446F3E72DE9F8430E4698
:10C660001746054610B90020BDE8F8830468002C81
:10C67000F9D0D4E900893B4632462946A068C8472C
:10C680000028F1D14446F2E73020704738B505461E
:10C6900014460A460021FFF71CFF24F01C046B79A6
:10C6A00044F0100443F004032C716B7138BD2DE984
:10C6B000F74F1F469DF830308A4680460093002889
:10C6C00050D0002967D00C68002C66D04FF0000BCA
:10C6D000E679A179761AF6B2BE4208D30C31394414
:10C6E00008EB020945462144F61BC84537E020689F
:10C6F000A346BF1B002835D00446E9E7AB1999458E
:10C7000038BFA9EB050632462846FFF7EAFE009B34
:10C71000002B3DD0E279A079F3B237BB1844A07169
:10C72000E279A37927689A4232D1DAF80030A3423D
:10C7300008BFCAF80070BBF1000F01D0CBF8007041
:10C740002046EDF7EDFC3C4635444CB10027A3797B
:10C75000E67903F10C01F61A2144F6B24D45CDD32A
:10C76000A5EB080003B0BDE8F08F121AD2B2F91899
:10C77000914209DA0C302044D21BD21A01443844C9
:10C780000193FFF78CFE019BE279D31AE371C7E7AF
:10C79000A3462468D8E70846E4E72046E2E710B558
:10C7A000C4790246C4F14503D8B2884228BF08467E
:10C7B0000444D47110BD38B50546C079C0F14504B4
:10C7C000E4B2944288BFD4B20C3022462844FFF72A
:10C7D00088FEEB7920462344EB7138BD1FB50391E9
:10C7E0000021009103A9FFF762FF05B05DF804FB8B
:10C7F00013B501240094FFF75AFF02B010BD38B5FD
:10C800000446206800B938BD0568EDF789FC25604D
:10C81000F7E7034610B501F0EC0103B910BD1A7932
:10C8200002F013020A431A711A1A544254415A79F7
:10C8300064F300025A711B68EFE710B558B1016844
:10C8400002685AB1136823B15C79E40704D5002467
:10C8500014600360084610BD0360F1E71346F8E773
:10C86000034658B10020DA7999791B68521A50FAB8
:10C8700082F01BB15A79D207F5D57047704770B571
:10C880000D460446E8B186798E4203D3751A857148
:10C89000012070BDC27906F145039B1ADBB29942B3
:10C8A0000FD806F10C010144921BA81BD2B2084418
:10C8B000FFF7F5FD0023A371E3791D44AD1BE5717E
:10C8C000E6E70020E5E710B50C4698B191B189790B
:10C8D000E279C379521AC3F14503D2B2DBB2934273
:10C8E00008D30C312144FFF766FF2046EDF718FC12
:10C8F000012010BD0020FCE70346006818B1026863
:10C900001A600023036070470346006818B102688C
:10C910001A60EDF705BC70470346002003B9704765
:10C92000DA7999791B68521A50FA82F0F6E72DE904
:10C93000F84F894614468246FFF7EEFF0546484603
:10C94000FFF7EAFFA542074601D3A04208D2BD4245
:10C9500008D10024A346A046264647B9384604E03D
:10C960002746F6E738D24FF0FF30BDE8F88F5EB9C2
:10C970009AF806809AF80760A6EB080608F10C08FA
:10C98000D044DAF800A0F6B2BBF1000F0BD199F851
:10C99000064099F807B0ABEB040B0C344C44D9F8C3
:10C9A00000905FFA8BFB5E45354628BF5D46BD4271
:10C9B00028BF3D4621462A464046FFF760FD002835
:10C9C000D3D1A8442C447F1BEDB2761BABEB0505FD
:10C9D000F6B25FFA85FBC0E70120C6E703680BB932
:10C9E000016070471A461B68002BFBD1116070472D
:10C9F000036803B10B600160704739B10B461A46FA
:10CA00001B68002BFBD1036813600160704770B591
:10CA1000046806460D4644B12046FFF77DFFA84254
:10CA200011D8236813B9E379A37170BD2046336030
:10CA3000EDF776FB3468F4E7ED1A2368204633609F
:10CA4000EDF76EFB3468002DEFD0A279E3799B1AE5
:10CA5000DBB2AB42F0D92A44A271E6E7F8B506682A
:10CA600005460C4646B13046FFF756FFA0421DD89A
:10CA7000336813B9F379B371F8BD30462B60EDF725
:10CA80004FFB2E68F4E7064638460768002FFAD1B8
:10CA9000C2798379D31ADBB2A34202D9121BC271C5
:10CAA000EAE7E41AEDF73CFB3EB13760002CE3D037
:10CAB00028680028E0D00026E7E72E60F6E7F8B502
:10CAC00004460F46BC4200D1F8BDA179E5796D1A44
:10CAD000EDB2C5F14506B6B20EB92468F2E749B128
:10CAE0000C312A46214404F10C00FFF7D8FC002346
:10CAF000E571A3712368BB42EFD05A79D207ECD419
:10CB00009979DD79A0796D1AEDB2B54228BF354625
:10CB1000E2790C3010440C312A4619442044FFF7C6
:10CB2000E0FCE379206853FA85F3E3718379761B9F
:10CB300053FA85F5C379EDB2AB42B6B2857103D134
:10CB400003682360EDF7ECFA002ED3D1C5E738B5C2
:10CB50000C46016809B9046038BD0D460968002912
:10CB6000FBD1236823B12046FFF7A9FF2C60F3E730
:10CB700021462846FFF7A7FE0028EDD1F6E748B189
:10CB8000002302794360036083604379027143F0BC
:10CB900004034371704700221146EDF743BB38B5DB
:10CBA00004460D46FFF76BFE98B984B12079FFF774
:10CBB000F2FF58B163794279C3F3400363F3410252
:10CBC00045235D1B04604271C371857138BD01202E
:10CBD000EDE72046FAE738B5036804460D469BB1F9
:10CBE0001879FFF7D8FF88B12368427903605B7931
:10CBF000C3F3400363F3410245235D1B4271C371DC
:10CC000085712060002038BD0120EAE71920FAE78D
:10CC100038B50C46054640B3006830B309B900206A
:10CC200038BD4AB9C9B2FFF72AFE0028F7D12B68F0
:10CC30009A799871A41A06E0452918D8C9B2FFF765
:10CC40001EFE0028EBD1442C07D8002CE7D0284644
:10CC5000E1B2BDE83840FFF7BEBF45212846FFF7E7
:10CC6000BAFF0028DCD1453CEDE72220D8E721209F
:10CC7000D6E72DE9F84390F8078090F8069004462F
:10CC8000A8EB0907FFB2B9420D4602D30020BDE868
:10CC9000F8830079FFF77FFF06460028F6D0A179D8
:10CCA00080790C317F1B29440C30BAB221443044C6
:10CCB000FFF717FCF37901203B44F371E3799944C2
:10CCC0004D442368A5EB0805E57133602660DEE777
:10CCD000F8B5076806460D463C46002305B12CB959
:10CCE0000BB100221A6034603846F8BDE379A279AE
:10CCF0009B1ADBB2AB4207D8E379A2799B1ADBB26D
:10CD0000ED1A23462468E9E72046E9B2FFF7B1FFB0
:10CD10000028F1D10746E7E75318452B02DCC9B2DA
:10CD2000EDF780BA00207047F7B5002605460F469C
:10CD300001960DB9019C09E0002238461146EDF735
:10CD400071FA044628B901A8FFF759FD204603B03F
:10CD5000F0BDAB798371EA79C27168796179D21AD1
:10CD600060F30001617169796079C1F3400161F399
:10CD70004100607103F10C002918D2B22044FFF782
:10CD8000B0FB019B03B9019406B1346026462D68BF
:10CD9000CFE72DE9F8430D461446064610B319B304
:10CDA000DAB1034699461B68002BFBD12746C846DB
:10CDB0003A4629464046FFF7FEFCC145A7EB00076F
:10CDC000054418BFC9F8008037B10022B179307925
:10CDD000EDF728FAC14618B9E41B2046BDE8F883F0
:10CDE0008046E5E70446F8E70C46F6E737B5154612
:10CDF000C9B200221C46EDF715FA019040B1224657
:10CE00002946FFF7C6FF844202D901A8FFF7F7FCC5
:10CE1000019803B030BD034610B501391A1A91428A
:10CE200000D810BD445C1A7803F8014B4254013914
:10CE3000F4E700230144884200D1704700F8013B29
:10CE4000F9E7EDF7F9BAF3F7B6BF30B585B0D5F726
:10CE5000AFF983790C33C418217904F10A054B1E0C
:10CE6000A279E078032BE3790295657A88BF0021E7
:10CE70000195247A0094DDF7DDF80446D5F79EF994
:10CE80000023224642F24F0105B0BDE83040F7F7DB
:10CE9000A8B838B5DDF752F90546D5F78FF904463D
:10CEA0000223002242F21F01F7F79BF8A3791C44EA
:10CEB000658238BDDCF78ABDDBF7ACBCDBF7B0BC04
:10CEC000002070470020704770470E207047704761
:10CED000F0B49DF810409DF814509DF818609DF92D
:10CEE0002070CDE9055608970494F0BCE1F7DEBF49
:10CEF0001FB5089C03949DF81C4002949DF81840AF
:10CF0000CDE9003413460022E1F7A0FF04B010BDC4
:10CF1000E2F700B810B50446806920B10021DEF7C1
:10CF2000F7FC0023A36110BD07B501228DF807109F
:10CF30000DF10701FFF72DFF03B05DF804FBF7B516
:10CF400005464FF428500C46FBF70CFC0646FBF751
:10CF500090F9B0B3022C02D8002003B0F0BD002736
:10CF600031460DF105030DF106023846ADF80670A5
:10CF7000FBF7D7FABDF80620631E934206461EDC77
:10CF8000072C1AD9023CADF806400824BDF806303B
:10CF9000002BE1D00133D9B22846FFF7C5FF214667
:10CFA0002846FFF7C1FF31462846BDF80620FFF7A7
:10CFB000F0FEBDF806000230CFE7ADF80670092498
:10CFC000E4E74FF0FF30C8E702292DE9F3410446BA
:10CFD0000D461746184603D8002002B0BDE8F08180
:10CFE000FBF7C0FB0646FBF744F90028F4D04FF0EE
:10CFF000000831460DF105030DF106024046ADF87B
:10D000000680FBF78EFABDF80630BDF820200646F4
:10D01000934228BF1346AB4228BF2B469DF805001C
:10D02000ADF80630C0B9002BD7D001339AB2954283
:10D03000D3D9D9B22046FFF777FF39462046FFF70C
:10D0400073FF31462046BDF80620FFF7A2FEBDF86B
:10D0500006000230C0B2C0E74046BEE707B501A9EE
:10D06000EDF7FAFA30B9019B586AC0F3C02003B05B
:10D070005DF804FB0020FAE7002008B5EDF76EFB31
:10D0800008B9FF2006E0C37B012BF7D1436ADB061A
:10D09000F4D5007808BD73B50E4601A91546EDF725
:10D0A000DBFA90B9019A546A14F010030FD0C4F35C
:10D0B00000343470D37B5A1E042A02D8D81E18BFFD
:10D0C00001202870012002B070BD0020FBE7184647
:10D0D000F9E738B5436A04465B0705D500230078B5
:10D0E0001A461946EEF7B8FB636A9D0706D5204637
:10D0F000EDF7C6FA636A23F002036362636A1807F6
:10D100000DD52146E27911F8010BC2F3C002EEF70A
:10D1100045FB0546E8B9636A23F0080363622046CD
:10D12000DEF7CEFD0546A0B9626AD10611D5D3045B
:10D1300004D5204600F013FB40B11BE01206E37B50
:10D1400009D4E37B626A023B012B15D9616A480767
:10D150001FD4284638BD03F0FB03012BF6D021690C
:10D160002078EEF741FB636A256123F08003636258
:10D170000028E6D00546ECE7D305E7D561692078BD
:10D18000EEF74EFB00236361636A23F480736362EE
:10D19000D2E7E37BA28D012B03D1A2B1802A28BF65
:10D1A000802211F0400F94F830304FF0010118BF89
:10D1B00001232078EEF750FB0028DBD1636A23F0CF
:10D1C00004036362C5E74022EBE7F7B50E4601A909
:10D1D0001546EDF741FAF8B9019C2F689EB904F1A4
:10D1E0001000FFF70CFB606A276140F0800000230D
:10D1F000606210F010002B600ED0204603B0BDE836
:10D20000F040FFF766BF04F11400FFF7F8FA606A18
:10D21000676140F48070EAE703B0F0BD37B50D46B2
:10D220000021044601915BB92046294601AAFFF777
:10D23000CCFF044601A8FFF7E2FA204603B030BD58
:10D240000846FFF7D3FD01900028EDD11A24F4E73A
:10D25000002010B5EDF782FA044600B910BD636AEC
:10D26000DA060BD55B0409D42046EDF76BF9636A47
:10D27000204643F006036362FFF72BFF2046E9E7F1
:10D2800013B50C4601A9EDF7E7F950B9022C07D800
:10D2900002462146019802B0BDE81040EDF782BA7F
:10D2A000212002B010BDF7B50E4601A915461F4654
:10D2B000EDF7D2F9F8B9019C626A93050BD44FF6E9
:10D2C000DF73A6F12001994217D8A5F120019942F8
:10D2D00013D8AE4211D8E369B34202D1236AAB42FC
:10D2E00004D0C4E9076542F0020262629DF8203072
:10D2F000A78584F8303003B0F0BD2120FBE713B5DB
:10D300000C4601A9EDF7A8F960B963070CD0019BA1
:10D3100093F83120A24205D05A6A83F8314042F096
:10D3200002025A6202B010BD2120FBE773B50D4620
:10D3300001A90646EDF790F9044678B93046FFF7A3
:10D340008DFE2B1E18BF0123834207D0019A536A1A
:10D350003DB143F4006343F002035362204602B040
:10D3600070BD23F40063F6E730B585B00C4669461E
:10D370001546EDF771F940BB40F6EC1204F2F643A6
:10D380009BB2934223D801A8FDF765FCE8B9BDF92B
:10D390000A10A142A8BF214629800A2591FBF5F475
:10D3A000002923B262B205DA05FB141109B209B1F2
:10D3B000013B5AB2009B93F93210914205D083F899
:10D3C00032205A6A42F002025A6205B030BD212072
:10D3D000FBE713B50C4601A9EDF73EF9B8B9A379FF
:10D3E00013F0180F15D0019A536A13F0100012D1E0
:10D3F000216823F40043C2F80110A18843F480435C
:10D40000A2F80510A17943F00803D171536202B06C
:10D4100010BD2120FBE70220F9E790F8393037B53D
:10D420005B0704460D462AD4EDF78CF86B1E042BDF
:10D4300014D8032D12D0E379142B22D0A3696BB931
:10D440006846FAF750FDDEF75DFB6946DEF7C4F982
:10D4500018B91A25284603B030BDA061636AE57388
:10D4600043F016036362E1F713FA2046FFF731FE3B
:10D4700005460028EED02046FFF74CFDEAE70225DE
:10D48000E8E72125E6E707B501A9EDF7E5F830B9AA
:10D490000198C17B03B05DF804EBFFF7BEBF03B09A
:10D4A0005DF804FB37B50C4601A9EDF7D5F818B9BE
:10D4B000052C019D02D9212003B030BD2869FFF75A
:10D4C0002BFA1F28F7D86869FFF726FA1F28F2D829
:10D4D000012CF0D0231F012BEDD9214628466B6A81
:10D4E00023F482536B6203B0BDE83040FFF795BF71
:10D4F00037B50C4601A91546EDF7AEF8E8B9052C8D
:10D500001AD8012C16D1FFF7B7FDFF2814D19DB111
:10D51000019B28689860A988AA79184699812146B4
:10D520009A735A6A22F482525A6203B0BDE83040BC
:10D53000FFF773BF052CE9E7212003B030BD13B519
:10D5400001A9EDF789F878B9019C636A204623F0B8
:10D55000500343F004036362FFF7DCFC204602B093
:10D56000BDE81040FFF7B5BD02B010BDF7B501A989
:10D570000746EDF771F8002843D1019C2078DEF7CB
:10D5800071FC11280546204608BF0025DEF77CFB0C
:10D59000636AD90608D523F0100343F0040320463C
:10D5A0006362FFF796FD0546FF232370636AA0229E
:10D5B00023F0010363624FF4A0730026C4E907233C
:10D5C000072304F1100084F83130E673E671FFF7A9
:10D5D00016F904F11400FFF712F92046FFF79AFC40
:10D5E00040F20113E3857F23314684F83230384618
:10D5F000A6626662EEF7F8F831463846EEF710F9A3
:10D60000284603B0F0BD73B50E4601A91546EDF7E7
:10D6100023F8044618BBFDF754FB064222D005420E
:10D6200020D046EA050383431CD1012E01D0042EED
:10D6300018D16B1E012B01D9042D13D1019B93F836
:10D640002E20B24203D193F82F20AA4207D05A6A63
:10D6500083F82E6042F0020283F82F505A6220466F
:10D6600002B070BD2124FAE737B5FFF705FDFF28AA
:10D67000044613D001A9ECF7EFFF78B9019D6B6A5E
:10D68000284623F010036B62FFF744FC204605F1A7
:10D69000340103B0BDE83040E1F748BF03B030BD0E
:10D6A00013B50C4601A9ECF7D7FF30B9022C06D808
:10D6B000012221460198EDF775F802B010BD212036
:10D6C000FBE72DE9F3410D4601A990461E46089F50
:10D6D000ECF7C2FF002836D1052D08D86B1E012BB0
:10D6E00005D9052D03D008F0010115B171B3212032
:10D6F00029E0019A936A49B343F02003019C9362A5
:10D70000A36A18F0020F14BF43F0400323F0400354
:10D71000F107626AA3621ED5386842F48032A060C5
:10D72000BB796262BA88A373A281636AB2074CBFF5
:10D7300043F0400323F0400343F48053294620463E
:10D740006362FFF76AFE02B0BDE8F081019A936A56
:10D7500023F02003D2E722F480326262E5E7436AD5
:10D7600010B5044613F080000CD0E37B2078032B27
:10D77000216908D1EEF754F800232361636A23F08E
:10D780008003636210BDEEF72FF8F5E710B504468D
:10D79000FDF797FA0346204009D014F0050006D0A3
:10D7A000DB4363F0050323420CBF0120002010BDC2
:10D7B0007047002337B580F8723040F6FF73A0F849
:10D7C0006E3083680446DA040D46C16010D443F419
:10D7D00080636A46A36040F203212046CDE90045FC
:10D7E000FEF73BFF00212046DEF792F803B030BD84
:10D7F00090F87600FFF747FEA36823F48053E8E72C
:10D8000073B56E4604464A7930460D460631DEF75A
:10D81000BDF996E80300A4F85010090C11F0800F30
:10D82000E06484F8521004F1530312D00122184628
:10D8300005F11201DEF7AAF90C352846FDF71DFAAD
:10D8400028B10122294604F15A00DEF79FF902B0FF
:10D8500070BDB4F8501094F85220C4F85300998069
:10D860009A71E9E71FB590F87420044602F00103AD
:10D8700001908DF808300BB102F002038DF80930E9
:10D8800094F8753020468DF80A30039100F0C4F901
:10D890004FF4017101AA2046FEF7DFFE2046DEF7B5
:10D8A000ADF804B010BDDEF70BB837B505460C4631
:10D8B000FDF707FAC34335EA000001D0FF2D43D13D
:10D8C00023400ED0FF2C3FD100204FF46073CDE9F0
:10D8D00000030421052001AAE1F732FB38B303B0AD
:10D8E00030BDCDE90033802314F0010F14BF019344
:10D8F0000093A107009B49BF019B43F4807343F44D
:10D900008073019358BF00936207009B18D5019A5A
:10D9100042F400720192002BDBD004216A460846D3
:10D92000E1F70EFB0028DAD1019B002BD1D105F0E5
:10D9300007021146002003B0BDE83040E0F734BCD8
:10D9400043F400730093E8E72120C8E72DE9F7438B
:10D950000E4604461746FDF7C2F936EA000903D021
:10D96000212003B0BDE8F083FDF7ABF937EA0000F2
:10D9700011D0FF2FF4D12046DDF77AFF05460028AD
:10D98000EED049460224B0F86E8044F00C04002921
:10D990003DD0022136E02046DDF76AFF054600282B
:10D9A000DED017F0010414BF00210221B0F86E8010
:10D9B000B8074FEA440407F004031DD5002BE4D157
:10D9C00044F00404404641F00801E0F72BFC002835
:10D9D000C7D1E4B916F0040206F003031ED13107E3
:10D9E00044BF42F0010243F00403009200211A46B2
:10D9F0002846E0F7F3FBB4E741F00401002BE1D047
:10DA000044F008044046E0F70DFC0028A9D1214667
:10DA10004046E0F721FC0028DCD0A2E7022243F0D8
:10DA20000403DCE70A460021E0F778BB132201215A
:10DA3000E0F774BB826838B5C2F380320446B0F8B0
:10DA40006E000D46E0F782FC20B9A3681DB143F4D7
:10DA50000053A36038BD23F40053FAE7F8B5044639
:10DA60000E4617461D46DEF74DF82146DDF7B4FE9B
:10DA7000044698B10021FAF764F83A463146204648
:10DA8000ECF7E2F9A36843F00103A36040F203134B
:10DA9000A4F87230002320462B60F8BD1A23FAE761
:10DAA00010B504460B68084623608B88A38042B1FA
:10DAB000DEF764F8A0712046FAF7E6F900B9A07124
:10DAC00010BD4920F6E783791A0705D413F0100F2B
:10DAD0000CBFFF20012070470020704708B5FCF7FD
:10DAE00097FF407940F4805008BD002070470F2018
:10DAF00070470F2070477047EEF7B8BBEEF7D0BB0A
:10DB0000EEF7D8BB08B5EEF703FB002008BDEEF733
:10DB100037BBEEF753BBEEF73BBE07B58DF80710EA
:10DB2000DDF7A6FE68B145F2190200210DF10703E9
:10DB300000F0E0F9B0FA80F04009400003B05DF871
:10DB400004FB2120FAE707B58DF80710DDF790FEFA
:10DB500068B145F21D0200210DF1070300F0CAF97A
:10DB6000B0FA80F04009400003B05DF804FB2120CA
:10DB7000FAE710B588B0DDF77BFE0446002847D0F1
:10DB800090F87200022845D1A36813F4407F2AD090
:10DB900094F87330012B2FD194F97500DCF7A6FBB4
:10DBA00010B9A368DB0527D594F8743013F001038E
:10DBB00022D1CDE90133CDE90433CDE90633ADF807
:10DBC0000C30A36813F4807F01AB0ED0A06AE16A29
:10DBD000228E03C31A802046BDF8042004AB0DF149
:10DBE0000601E0F783FB08B010BD0A22022194F978
:10DBF0007500F9F7FEFCEEE7002345F2170219461F
:10DC0000204600F077F9B0FA80F040094000EAE7DA
:10DC10002120E8E70220E6E738B545F21B020C4672
:10DC20000B460021054600F065F930B92CB12146BC
:10DC30002846BDE83840EDF727BF38BD00F07CB975
:10DC400001F0F2BA01F0FBBA10B504464C30F9F716
:10DC5000C9FC84F875002046BDE8104001F0BFBA49
:10DC600010B50446F9F782FC01280DD094F8733002
:10DC700094F97000012B14BF0521032184F83210A0
:10DC8000BDE81040FFF720B9A36843F40073A36018
:10DC900010BD00F083B938B5037804463E2B0D461D
:10DCA00002D0FF2B12D038BD8378052BFBD1B0F802
:10DCB0000300DDF7CFFD20B1B4F80D10621D00F0B8
:10DCC000D3F92846BDE83840FEF799BD8378ED2B9F
:10DCD000E9D1B0F80300DDF7BDFD0028F1D0B4F8BC
:10DCE0000D1004F10F03621D00F0C1F9E9E7CB0448
:10DCF00048BF41F480618160704710B50446006CF4
:10DD000030B94FF4B070FFF79CF8206420B910BD13
:10DD10004FF4B071FFF78DF8FF23226C82F85E316B
:10DD2000A3681B0603D5C02301201370EFE794F806
:10DD30007330012B14BF80234023F5E708B5D0B220
:10DD4000DDF796FD28B190F8773003F07F0380F877
:10DD50007730012008BD10B5044645F21A01FEF7E0
:10DD60000FFC2046BDE8104047F23053002245F238
:10DD70001A01ECF747B810B50A46044608210020FE
:10DD8000FEF7CAFF10B1837903441C7310BD38B588
:10DD900005460C460D201121FFF7EDFF024688B124
:10DDA0002146837903440D3304F1100051F8044BEC
:10DDB000814243F8044BF9D12846BDE8384006219A
:10DDC000FCF75CBE38BD38B505460C460420112171
:10DDD000FFF7D1FF024688B12146837903440D3312
:10DDE00004F1100051F8044B814243F8044BF9D17F
:10DDF0002846BDE838400621FCF740BE38BD38B59E
:10DE000005460C4603201121FFF7B5FF024688B1F5
:10DE10002146837903440D3304F1100051F8044B7B
:10DE2000814243F8044BF9D12846BDE83840062129
:10DE3000FCF724BE38BD37B5002205460821104640
:10DE4000FEF76AFF0446C0B10C2301220DF1070161
:10DE50008DF80730FEF79DFF296C202251312046B6
:10DE6000FEF797FF296C202271312046FEF791FFC3
:10DE7000224606212846FCF701FE03B030BD036CA4
:10DE80004BB983681B0608D490F87330012B14BF7C
:10DE900080204020704718787047C020704770B5C8
:10DEA0000446FFF7ECFFEEF713F90D460346002298
:10DEB00045F2010120469847236C03B11D702846A6
:10DEC000EEF706F94FF4A041034600222046BDE8D4
:10DED0007040184770B51546044648B1FFF7CFFFAC
:10DEE000EEF7F6F82A4603462046BDE8704018478C
:10DEF000022070BD114608B51A4621F00041FFF717
:10DF0000E9FFB0FA80F0400908BD08B50B460146AC
:10DF10001846ECF7C1FA003818BF012008BD10B54B
:10DF20000446006838B11A21FEF783FF2068FEF727
:10DF30008AFF0023236010BD30B58BB00D46002250
:10DF400001A9C0B2EDF7E2FE044620BB01460D2256
:10DF50000DF10B00FEF7BDFAB5F803206B79ADF8B3
:10DF6000082006A9019A02A88DF80A30EDF710FFE3
:10DF700040F20343BDF81820002818BF1C469DF846
:10DF80001A30102102A82A80AB70FEF752FF102130
:10DF900006A8FEF74EFF20460BB030BD10B5044674
:10DFA000EDF71AFE04F13400FFF7B9FFA3685A0633
:10DFB00006D523F0400300212046A360E0F702FFCE
:10DFC000236C63B1D3F89400F3F7DCF90421206CDF
:10DFD000FEF72FFF206CFEF736FF0023236410BDF1
:10DFE000F7B50D4669461646EDF790FE044698B91A
:10DFF00029461022009801ABF3F72FFA07461021AB
:10E000002846FEF708FF2FB110212846FEF711FF22
:10E0100040F2074406B13760204603B0F0BD38B582
:10E020000446C51C03212846FFF76FFFC8B9E278F4
:10E0300063797AB922791A43F4D003F07F0343F06D
:10E04000400363715323A3712146BDE83840FF208C
:10E05000FFF772BFFF2AF0D122791A40FF2AE1D0E0
:10E06000EBE740F2074038BD0021E0F7ABBEF8B562
:10E070001D46836804465B060F4616462DD41A20BB
:10E08000FEF7DFFE0146606320B92046BDE8F84098
:10E09000E0F798BE034623F8027B326805F11001D1
:10E0A000C0F8022072685A602A46636B0A3352F83D
:10E0B000040B8A4243F8040BF9D110212846FEF7DD
:10E0C000B8FEA36843F0400213F4407FA26004D07E
:10E0D0002046BDE8F840EEF727B9F8BD38B504464C
:10E0E0000D4605200221FFF746FE0246B8B18379AE
:10E0F000062103445D732046FCF7C0FC45F49051B3
:10E100002046EDF7C1FC94F873302046012B18BF70
:10E110008021BDE8384008BF4021FFF7C0BE38BDB0
:10E12000B1F5A04F70B504460D4616460AD045F22B
:10E130000603994218D0324629462046BDE8704071
:10E14000EEF7C8BA836843F08003836090F87330B9
:10E15000012B14BF80204020EDF7BAFF00220346B8
:10E160002046BDE87040184793791344597C41F428
:10E170009051EDF789FCDEE72DE9F04196B01546A8
:10E1800005AA1C4606460B4690461D9F01F1200E2F
:10E190009446186859680833ACE803007345624632
:10E1A000F6D120214046FEF736FE0DAB2A469C46AE
:10E1B00005F1200E1D4610685168083203C57245EE
:10E1C0002B46F7D120216046FEF725FEAEB3336C17
:10E1D00093F85D31013B022B2FD89DF8703043F04E
:10E1E000800301AA8DF854301546234604F1100C23
:10E1F000144618685968083303C463452246F7D1AA
:10E2000010212846FEF707FE3B464122414628469C
:10E21000EDF76CFE044610212846FEF70AFE412168
:10E220004046FEF706FE54B11EB108213046FFF706
:10E2300055FF204616B0BDE8F0810023D1E710213C
:10E240003846FEF7E8FD002EF3D0224645F21101D4
:10E250003046FFF73FFEECE72DE9F34790F8738077
:10E260000446B8F1010F056C04D195F85031002B2C
:10E2700040F0A88095F85C3195F85191032B00F29D
:10E28000ED80DFE803F00283ACD019F0010F78D005
:10E2900011210620FFF76FFD8246002800F09280D2
:10E2A000877910210C3707447E1C3046FFF72DFE7E
:10E2B000014658B120460821FFF710FF002140F227
:10E2C000074002B0BDE8F047EDF7FCBBA07CC0F111
:10E2D00010023044FEF7FDF8F9F748F9012895F9E6
:10E2E0005E010BD132460521DCF72CF810B3082172
:10E2F000204602B0BDE8F047FFF7F0BE33461022DB
:10E300000521F9F735F928B1002140F21B40EDF75E
:10E31000D9FBECE7B8F1010F0CD004F11803113769
:10E3200056F8042BBE4243F8042BF9D1A36843F4FA
:10E330008073A360524606212046FCF79FFB0B2109
:10E340000720FFF718FD074600283BD0867995F98E
:10E350005E310C36064443F43F430821A6F80130F1
:10E36000F01CFFF7D2FD0A22042195F95E01731C0F
:10E37000F9F7FEF80028C7D13A4606212046FCF7F7
:10E380007DFB95F85C31013385F85C3119F0020FA3
:10E3900020D011210820FFF7EEFC064690B10023A3
:10E3A000817901AA01440D31FF200193FFF718FE86
:10E3B00058B108212046FFF791FE40F2074001992D
:10E3C000EDF780FB02B0BDE8F0873246062120461B
:10E3D000FCF754FB95F85C31013385F85C3119F09A
:10E3E000020F1BD008210920FFF7C5FC07460028B3
:10E3F000E8D086790C360644DDF780FB83793A460F
:10E4000083F00803C3F3C003737003680621C6F8E2
:10E41000023083882046F380FCF730FB95F85C31AE
:10E42000013385F85C3119F0040F12D011210A2054
:10E43000FFF7A1FC06460028C4D0807910223044A2
:10E44000AB210D30FEF745F8324606212046FCF799
:10E4500015FB95F85C31013385F85C31B8F1010F9B
:10E4600008D0236C93F85031002BABD195F85C3178
:10E47000042BA7D1A36C10220B2195F95E01313337
:10E48000F9F776F878B140F21B412046EDF7FCFA37
:10E49000B8F1010F14BF80214021204602B0BDE831
:10E4A000F047FFF7FCBCA36C01220C2195F95E013B
:10E4B0002033F9F75DF80028E5D1A36C10220D2177
:10E4C00095F95E012133F9F753F80028DBD10822D2
:10E4D00095F95E01114604F11003F9F749F8002897
:10E4E000D1D1236C93F85E2184F87520FF2283F844
:10E4F0005E21F9F73BF8012818BFA36820461CBF2E
:10E5000043F48073A360EDF797FAC1E7EEF79AB989
:10E5100070B5B1F5A04F0446154688B077D045F2E6
:10E520001B06B14240F00A8190F87430DB0766D5D3
:10E53000056CB5F850312BB14C21FFF7B0FC002031
:10E5400008B070BDD5F858315E0747D5AB79D8070C
:10E5500044D56B7BD90741D5A36C10220B2195F9CB
:10E560005E013133F9F704F838B140F21B4120461F
:10E57000EDF78AFA40F21B40E2E7A36C206C01221F
:10E580000C2190F95E012033F8F7F2FF0028ECD15E
:10E59000A36C206C10220D2190F95E012133F8F755
:10E5A000E7FF0028E1D10822206C114690F95E01B6
:10E5B00004F11003F8F7DCFF0028D6D1236C93F8A0
:10E5C0005E2184F87520FF2283F85E2120464021D9
:10E5D000FFF765FC2046EDF72FFAB0E705F59873D5
:10E5E00004F1180205F5A07553F8041BAB4242F87C
:10E5F000041BF9D1A36843F48073A360E6E74021CC
:10E60000FFF74DFC29462046EDF73EFA97E7036CED
:10E61000D3F8582112F0040255D00022CDE901228E
:10E62000ADF80C209A79D2073FD55B7BDB073CD550
:10E63000F8F79CFF0128206C0CD100F5987203219B
:10E6400090F95E01DBF77EFE78B308212046FFF7E4
:10E6500045FD8FE700F598731022032190F95E01C4
:10E66000F8F786FF28B1002140F21B40EDF72AFAA7
:10E67000EBE7206C102200F59873052190F95E01FC
:10E68000F8F776FF0028EED1236C04F1180103F5AA
:10E69000987203F5A07352F8040B9A4241F8040BE8
:10E6A000F9D1A36843F48073A3600023BDF804206C
:10E6B000CDE90433CDE906330DF1060104AB204664
:10E6C000DFF714FE3BE7D3F8B810C3F8D010D3F847
:10E6D000BC100092C3F8D410006C694600F5987025
:10E6E000EDF7B2FB48B10098F2F74CFE2046082146
:10E6F000FFF7F4FC40F2074022E7206C009A00F597
:10E700009871C830EDF744FB05460028EBD100981E
:10E71000F2F738FE236CA07C03F59873C0F1100269
:10E7200029461844FDF7D5FE2A46CDE90155CDE925
:10E730000455CDE9065504AB01A9C0E708B0BDE812
:10E740007040EDF7C7BF2DE9F04796B01D46DDE9F3
:10E75000229705AB06460C469E46DDF8908002F1F6
:10E76000100A9C46106851680832ACE80300524514
:10E770006346F6D170461021FEF74DFB09AA2B46E1
:10E78000944605F1100E154618685968083303C5FC
:10E7900073452A46F7D160461021FEF73CFB0DAACF
:10E7A00094461E9B03F1100E1546186859680833ED
:10E7B00003C573452A46F7D160461021FEF72BFBAF
:10E7C0009DF87C30D9F800008DF844309DF88030F9
:10E7D00006218DF845309DF8843012908DF8463032
:10E7E00099F8063012A883F00803C3F3C0038DF82C
:10E7F0004730B9F80430ADF84C30FEF70CFBBB796C
:10E80000062183F00803C3F3C0038DF84E303B6844
:10E810000DF14F00CDF84F30BB8804F11007ADF873
:10E820005330FEF7F8FA01AA234615461446186835
:10E830005968083303C4BB422246F7D11021284649
:10E84000FEF7E9FA4346412205A92846EDF74EFBBB
:10E85000044610212846FEF7ECFA412105A8FEF7F0
:10E86000E8FA34B108213046FFF738FC16B0BDE8AD
:10E87000F08740461021FEF7CEFA224645F21301FA
:10E880003046FFF727FBF1E72DE9F0419CB0154634
:10E8900008AA1C4606460B469046239F01F1200E0F
:10E8A0009446186859680833ACE80300734562461B
:10E8B000F6D120214046FEF7AEFA10AB2A469C4620
:10E8C00005F1200E1D4610685168083203C57245D7
:10E8D0002B46F7D160462021FEF79DFA18AA9446F0
:10E8E000229B03F1100E154618685968083303C5BA
:10E8F00073452A46F7D160461021FEF78CFA04AA28
:10E900002346154604F1100C14461868596808335C
:10E9100003C463452246F7D110212846FEF77BFA4F
:10E920006B46502241462846EDF7E0FA0446102196
:10E930002846FEF77EFA50214046FEF77AFA34B1B7
:10E9400008213046FFF7CAFB1CB0BDE8F081039BED
:10E9500038463B600421FEF75EFA68461021FEF758
:10E9600068FA224645F214013046FFF7B3FAEBE7A6
:10E970002DE9F3411D46089B04468846164690F84B
:10E9800073705BB110211046FFF7BFFA30B1082158
:10E99000204602B0BDE8F041FFF7A0BB236C013E6A
:10E9A000691E03F1100013F8012F16F801CF8342FE
:10E9B00082EA0C0201F8012FF5D10022404601A99C
:10E9C0000192EDF741FA48B10198F2F7DBFC08211A
:10E9D0002046FFF783FB02B0BDE8F08129462846B8
:10E9E000019AEDF7D5F90028EED1022F0CBF0023D4
:10E9F000062304F159022B4404F15F0012F8016F61
:10EA00001978904281EA060103F8011BF6D1022F22
:10EA100014BF0023062304F152022B4404F15800D2
:10EA200012F8016F1978904281EA060103F8011B80
:10EA3000F6D129462846019AEDF7AAF9054601982C
:10EA4000002DC2D1F2F79EFC2A4645F21001204665
:10EA5000FFF740FABFE773B545F20406B14204463A
:10EA600015460DD045F21006B14222D0B1F5A04FA7
:10EA700038D1FFF770F9236CD3F85831D90720D576
:10EA8000236CD3F85821D2070BD4AA7998330C32CF
:10EA900015446A1D153552F8041BAA4243F8041B9D
:10EAA000F9D1216CD1F8583113F004030CD0832133
:10EAB00004E0016CA831FFF7A2F985212046FFF799
:10EAC000EEF9002002B070BD81F85C31012301F144
:10EAD000B8020093204601F1A80301F59871FFF7F1
:10EAE00047FFEEE702B0BDE87040EDF7F3BD45F239
:10EAF0001003F0B59942044685B000F087800CD829
:10EB0000B1F5A04F1CD045F2050399421DD0204617
:10EB100005B0BDE8F040EDF7DDBD45F211039942C7
:10EB200000F08D8045F212039942F0D1036C93F806
:10EB30005D31042B40F2B380052B03D148217BE0EB
:10EB4000FFF709F9002005B0F0BD9179036C0C3195
:10EB50000A44511DB833153251F8040B914243F861
:10EB6000040BF9D1256C102205F1C80705F1B80690
:10EB700031463846FDF783FC20B904212046FFF7D3
:10EB8000ADFADFE7D5F8583113F0040332D095F829
:10EB90005D31042B13D105F1F803039305F5987348
:10EBA000029304F15303019304F15A0300933A468C
:10EBB0003346204605F1D801EEF79AF8C2E705F58D
:10EBC000A07005F1110105F1510201900BB1052B67
:10EBD00006D10023009320463346FFF7CDFAB1E774
:10EBE00095F85C01D5F82C31C34003F0010343F0E4
:10EBF0008003EFE785F85C3132460093204605F547
:10EC0000A07305F59871FFF7B3FE9BE7056C102222
:10EC100005F1A80105F5A070FDF731FC0028ACD185
:10EC20004B21D5F858319B0742BF94F8743043F01C
:10EC3000020384F874302046FFF731F982E7056C4F
:10EC4000102205F1A80105F5A070FDF718FC0028B9
:10EC500093D195F85D31013B022B0FD895F85C31CB
:10EC60000133DBB2142B85F85C3107D0D5F858316D
:10EC7000432123F00103C5F85831DCE705F1F8031F
:10EC8000039305F59873029304F15303019304F180
:10EC90005A03009305F1C80205F1B80389E7492139
:10ECA000CAE7B1F5A04F70B50446154607D045F246
:10ECB0000406B1420CD0BDE87040EDF70BBDFFF784
:10ECC0004AF8236CD3F85831D90701D4002070BD1D
:10ECD000236CD3F85821D20718D4AA79A8330C3260
:10ECE00015446A1D153552F8041BAA4243F8041B4B
:10ECF000F9D1206C102200F1A8019830FDF7BFFB7C
:10ED000020B904212046FFF7E9F9DFE7206C102144
:10ED1000C830FFF7FAF858B108212046FFF7DEF9AE
:10ED200040F207400021ECF7CDFE40F20740CEE76D
:10ED3000216C2046C831FFF746F847212046FFF7EF
:10ED4000AEF8C3E7B1F5A04F70B50346144607D03F
:10ED500045F21806B14207D0BDE87040EDF7BABCE5
:10ED6000FEF7F9FF002070BD1268551C03D1012188
:10ED7000FFF7B4F9F6E7016CD1F85801400743BF3B
:10ED8000002281F85C212268C1F8302148BFC1F817
:10ED90002C2118464321FFF782F8E3E7B1F5A04F95
:10EDA00070B51346044607D045F20406B14207D0B9
:10EDB000BDE87040EDF78EBCFEF7CDFF002070BDC2
:10EDC0009979026C0C310B44591DA832153351F856
:10EDD000040B994242F8040BF9D1256C102205F17D
:10EDE000A80105F19800FDF74AFB20B9042120464F
:10EDF000FFF774F9E2E7204605F1C801FEF7E3FFEB
:10EE000047212046FFF74BF8D8E7B1F5A04F13B5DF
:10EE100004460ED0A1F5A043103B012B45D8016C50
:10EE20009831FEF7ECFF44212046FFF738F8002028
:10EE300017E0016CD1F8583101F1C80213F0040356
:10EE400028D010211046FFF760F860B10821204655
:10EE5000FFF744F940F207400021ECF733FE40F29F
:10EE6000074002B010BD216C204601F198030193C8
:10EE700091F85C21D1F82C31D34003F0010343F029
:10EE80008003009301F1110201F1C8035131FFF732
:10EE900073F9CCE781F85C310123009301F1980309
:10EEA00001F59871FFF764FDC1E702B0BDE81040BD
:10EEB000EDF710BCB1F5A04F73B50446154677D0F9
:10EEC00045F21B06B14240F0F68090F87430DB0743
:10EED00066D5056CB5F850312BB18921FEF7DFFFFF
:10EEE000002002B070BDD5F858315E0747D5AB7928
:10EEF000D80744D56B7BD90741D5A36C10220B21D1
:10EF000095F95E013133F8F733FB38B140F21B411C
:10EF10002046ECF7B9FD40F21B40E2E7A36C206C01
:10EF200001220C2190F95E012033F8F721FB002823
:10EF3000ECD1A36C206C10220D2190F95E012133DD
:10EF4000F8F716FB0028E1D10822206C114690F951
:10EF50005E0104F11003F8F70BFB0028D6D1236CF7
:10EF600093F85E2184F87520FF2283F85E21204605
:10EF70008021FEF794FF2046ECF75EFDB0E705F533
:10EF8000987304F1180205F5A07553F8041BAB4201
:10EF900042F8041BF9D1A36843F48073A360E6E749
:10EFA0008021FEF77CFF29462046ECF76DFD97E7B0
:10EFB000036CD3F8582112F0040245D09A79D20795
:10EFC0008ED55B7BDB078BD5F8F7D0FA0128206C58
:10EFD0000ED100F59872032190F95E01DBF7B2F9CA
:10EFE00000283FF47DAF08212046FFF777F892E72D
:10EFF00000F598731022032190F95E01F8F7B8FA32
:10F0000028B1002140F21B40ECF75CFDEBE7206CDF
:10F01000102200F59873052190F95E01F8F7A8FA1F
:10F020000028EED1236C04F1180103F5987203F562
:10F03000A07352F8040B9A4241F8040BF9D1A3686B
:10F0400043F48073A3604BE7D3F8B810C3F8D01033
:10F05000D3F8BC100192C3F8D410006C01A900F5DC
:10F060009870ECF7F1FE48B10198F2F78BF9204661
:10F070000821FFF733F840F2074032E7206C019A8D
:10F0800000F59871C830ECF783FE05460198002D15
:10F09000EBD1F2F777F9236CA07C03F5987329463E
:10F0A000C0F110021844FDF714FA216C2046B83163
:10F0B000FEF789FE14E702B0BDE87040EDF70ABB29
:10F0C000B1F5A04FF7B5044608D045F21105A942A5
:10F0D00036D003B0BDE8F040EDF7FCBA006C10216B
:10F0E000B830FEF712FF60B108212046FEF7F6FFA8
:10F0F00040F207400021ECF7E5FC40F2074003B086
:10F10000F0BD256C95F85D6105F1A807013E022E62
:10F1100001979CBFD5F82C0195F85C6105F1510170
:10F120009EBFF04000F0010040F08000009005F12B
:10F130001102204605F1B803FFF71EF80020DEE7B4
:10F14000016CA831FEF75BFE85212046FEF7A7FE85
:10F15000F4E770B545F20406B1420446134625D0E3
:10F1600045F21806B14206D0B1F5A04F33D1FEF7F3
:10F17000F2FD002070BD11684D1C03D10121FEF786
:10F18000ADFFF6E7026CD2F85801400743BF0021FB
:10F1900082F85C111B68C2F8301120464FF08401E0
:10F1A00048BFC2F82C31FEF77AFEE2E79979026C8B
:10F1B0000C310B44591D9832153351F8040B994208
:10F1C00042F8040BF9D1226CD2F8583143F0010314
:10F1D000C2F85831CDE7BDE87040EDF77BBA0023A7
:10F1E00010B50364044690F97500431C13D0DBF797
:10F1F0006FFC082204F11003114694F97500F8F72A
:10F20000F8F994F91330012B07D194F8743043F0D6
:10F21000020384F87430002010BD022BFBD194F857
:10F22000743043F00A03F4E74B88062B05D10888B5
:10F2300041288CBF0020012070470020704707B58F
:10F240008B790A460B440191197C4B1E0D2B04D877
:10F2500001F5A0410131FEF73DFE01A8FDF7CFFA0F
:10F2600003B05DF804FB1120704711207047112096
:10F2700070470000014B1868704700BFE031002064
:10F280000A4B1B6F03F00703013B032B03D8DFE896
:10F2900003F00A030608FEE7054B18687047054BA4
:10F2A000FBE7054870470548704700BF00800050E5
:10F2B000E0310020E831002080D54302002D3101EB
:10F2C00008B5FFF7DDFF054B1B6FC3F303330133B5
:10F2D000B0FBF3F0024B186008BD00BF0080005087
:10F2E000DC3100200048704700B4C4040048704777
:10F2F000002D3101014B1868704700BFE831002034
:10F300000048704780D543024FF40022184B5A66DC
:10F310004FF0B4439868C0F304400C280AD8DFE8E3
:10F3200000F00B0909090909072119091B1D1F0014
:10F3300010487047002070479B6803F04073B3F19A
:10F34000807F11D0B3F1007F10D00B4A002B08BF93
:10F350001046704709487047094870470948704788
:10F36000094870470948704709487047094870477D
:10F3700000900050405DC60000093D00C0EA210138
:10F3800080BA8C010048E801005A62020024F400AF
:10F3900080841E0040420F00014B1868704700BF78
:10F3A000E4310020034B5868C0F30800003818BF50
:10F3B0000120704700ED00E00A4A08B5127852B10A
:10F3C00007280AD8084A02EB00131B7B3BB1CCF795
:10F3D0000BFC002008BD0548FCE70548FAE7054896
:10F3E000F8E700BF7B2D0020AC160020028000F063
:10F3F000018000F0078000F00C4B1B787BB10728E0
:10F400000FD871B10A4B03EB00131B7B5BB1094BA7
:10F41000DB6AC34003F0010300200B70704706480D
:10F420007047064870470648704700BF7B2D002094
:10F43000AC16002000000450028000F0018000F0B3
:10F44000078000F00B4A10B512780C4662B107280D
:10F450000CD859B1084A02EB00131B7B43B1CCF71F
:10F46000D5FB2060002010BD0448FCE70448FAE703
:10F470000448F8E77B2D0020AC160020028000F045
:10F48000018000F0078000F013B591F836200B687A
:10F49000022A0CBF9B6C9B690C469B06084605D54F
:10F4A00001F0B7F90223E36502B010BD01F09EF947
:10F4B00000230146CDE90033034A234604F13C0012
:10F4C00001F09EFBF0E700BF89F403080B4B10B579
:10F4D0001B7883B100230120094951F8042B32B174
:10F4E00092F85C40022C02BF0120D0652046013317
:10F4F000042BF2D110BD0120FCE700BF7C2D0020C1
:10F50000281E00200122437801789A403023594375
:10F51000014B5A50704700BF40D00350034B5A680C
:10F52000D20702D5DA69002AF9D1704700800A5063
:10F5300030B9044B5A68D20702D59A6D002AF9D126
:10F54000704700BF00800A5008B9014B59647047EA
:10F5500000900A5008B9014B5964704700A00A5046
:10F5600008B9014B1964704700A00A5010B9024B4A
:10F57000186C70470020704700800A5010B5FFF7E4
:10F58000D7FF10B919B1012904D0002001E0034BC5
:10F59000D86C10BD014B186DFBE700BF00800A500E
:10F5A00038B51446FFF7C4FF10B911B1012903D0D3
:10F5B00038BD034BDC64FBE7014B1C65F8E700BF7B
:10F5C00000800A5008B5FFF7B3FF10B9024B586D21
:10F5D00008BD0020FCE700BF00800A5008B5C0B19C
:10F5E0004FF480620C4B9A66BFF34F8F01F06CF9B9
:10F5F0004FF098435A6CD202FCD54FF48062586D9C
:10F60000064B10F470209A6604D0BDE8084001F063
:10F610001AB9212008BD00BF0090005000A0005082
:10F6200030B5154B87B00293144B0390049346F604
:10F6300011030D46059300F077F91428044616D1FE
:10F64000684601F0F6F94FF0A843032202A95A6375
:10F6500019601D619A63DA6B9207FCD1142C02D1F8
:10F66000684601F0F4F900F093F9044601E000283F
:10F67000E9D0204607B030BD501E00200400002015
:10F680002DE9F04FB1B005468C469E46E8466F4ED8
:10F69000DDF8EC90409C06F1100A4746306871682E
:10F6A000083603C75645B846F7D13E9B03EB020820
:10F6B000C8F1000A0AF00F0AB9F1000F00F09D80AE
:10F6C000C9F1000707F00F070121DDF8FCB044F095
:10F6D0000050C4F11006CDF810B00591069030022C
:10F6E00000F4F85040F021000790B9F1000F40F00D
:10F6F0008680CDF820D047F00050002D00F08480A7
:10F70000099121210A9041EA07210B9142F0005012
:10F71000CDF830C03D9B08A94FEA0A2C0D910E9000
:10F720004CF041000F901093002A75D13E9B11912F
:10F7300043F0005312933C9B1390149310AB15931A
:10F74000434B444A169340F611031793424B002152
:10F75000002D08BF1346189314AB19933F4B10228A
:10F760001A9311231B931CAB1846FCF7B2FE01221F
:10F770001D92002246F0804603461E96239205B94C
:10F78000EB46102CCDF880B024AE4BD1012322469D
:10F790000021304621932294FCF79BFE20AB0021F0
:10F7A00025938F4218BF334647F0804226923A9AFB
:10F7B0002CA828922993B2FA82F35B0949EA837351
:10F7C00010222B912A93FCF784FEB9F1000F00D090
:10F7D00028AED04448F080432CA918A82D962E932B
:10F7E000FFF71EFF30B92DB90346A34225D10028EB
:10F7F00018BF2C2031B0BDE8F08F102764E7CDF89A
:10F8000020E049F0005078E7002C3FF479AF04A9DC
:10F81000099101210A9076E73E9B0CAA11924120A2
:10F82000129388E710220021304621932294FCF79E
:10F8300050FE002CB2D10123B1E703F1C0026A44AB
:10F8400012F8C02C01331043CFE700BFAB200408EF
:10F8500010000020C0200408C42004080400002078
:10F86000F0B5C0299FB0DDE9244557D0B1F5807FC0
:10F8700004D0802948D029201FB0F0BD01265CB1FA
:10F8800040F23447029410240396049421240197F3
:10F890000594069502AC0AE040F214470294102445
:10F8A0000396049421240594012401970695079456
:10F8B00001251024089409950A9221220B950C9495
:10F8C0000D92174A0AAD0E92164A0F95109242F603
:10F8D00011021192129313951494159201AA169283
:10F8E000D3B112AB1793042318931123199316ABBA
:10F8F0001A901B9340F61103C9081C911AA806A977
:10F900001D93FFF78DFEB7E7012614B94FF4826708
:10F91000C4E74FF48667B5E70EABE3E70F20ABE72C
:10F92000BC2004081000001038B5164B5A6E42F087
:10F9300004025A66D3F8802242F00102C3F8802202
:10F94000114B5B68C3F3080343B14FF0A842D36B7C
:10F9500013F0430FFBD11424204638BD4FF0A843C9
:10F96000DC6B14F04304FBD1084D2B681BB9042158
:10F970002846F1F773FF2B68013343F000432B60F7
:10F98000EAE700BF0080005000ED00E0501E0020BC
:10F99000014B00205B68704700ED00E0B8B10368E0
:10F9A00013F4E07F03F03F00C3F382120AD0012A70
:10F9B0000DD1084B41B103F58053012282401A60FA
:10F9C00000207047044BF5E703F50053F5E70E20E0
:10F9D000704700BF68800050648000500229F8B56D
:10F9E00096BF104B00245C5C012805460E4608D0EB
:10F9F000022809D008B944F002040B4B1F6837B93C
:10FA0000F8BD44F00804F8E744F02004F5E77B680B
:10FA10001A68144203D0314628465B6898473F680D
:10FA2000EDE700BF5C210408E01E002038B5104D52
:10FA30002B78ABB10F4C23781BB100F047FA0023B1
:10FA40002370002000F06AFA0B4C50B100F070FAFD
:10FA50000023012120782B70FFF7C0FF01232370C2
:10FA600038BD0122054B1A702278054B1A70F7E752
:10FA7000892D0020872D00208F2D00208A2D002029
:10FA80008B2D00200C4A1378FF2B01D158B1704701
:10FA90000BB908B9704730B101331370074B1B78AD
:10FAA000012B03D87047013B13707047044B1B7840
:10FAB0000BB9FFF7BBBF70478E2D00208F2D0020A4
:10FAC0008A2D002010B500F082FE064B04461B78FC
:10FAD0001BB1BDE8104000F075BEFFF7A7FF204640
:10FAE000F7E700BF862D00200228F8B504D0244A8D
:10FAF0001378FF2B01D1E9B1F8BDD3B90029FBD0B0
:10FB0000012313701F4B1B78012BF5D900F05FFE0A
:10FB10001D4E0446337893B920461A4C00F052FE2D
:10FB200020780128E8D00121FFF758FF0123237036
:10FB3000E2E711B9013B1370DEE70133E1E7134F50
:10FB40003B781BB901223A70114A1370114D2B7882
:10FB50001BB100F0BBF900232B70204600F032FEF1
:10FB6000012000F0DBF900F032FE3B7804461BB1C7
:10FB700000F0DEF900233B7000233370CCE700BFB8
:10FB80008E2D00208F2D0020892D0020862D002015
:10FB90008A2D0020872D00202DE9FF47EFF31085E7
:10FBA00072B6AFF3008000F0BBFD002870D0704E3D
:10FBB000704F337823B10020FFF764FF00233370C8
:10FBC000387870B903A900F079FB044648B96A4B4C
:10FBD000039A1B689A4263D80120FFF753FF012361
:10FBE00033703B78654CDFF8BC91002B72D02078E5
:10FBF000012840F09480207800F03AF999F800301C
:10FC000013B15F4B1B782370AFF30080284600F0E0
:10FC1000B7FFEFF3108572B65A4B1A7852B1002233
:10FC20001A70574B20781B78984203D1012121701C
:10FC3000FFF7D4FE544800F0F3FA00F085FD80464B
:10FC40000028B6D1514B524F18703B789BB189F8C0
:10FC50000000DFF84C9199F800301BB100F036F944
:10FC600089F80080002000F059F9002875D000F0D4
:10FC70005FF900233B70337823B10020FFF702FFC8
:10FC80000023337000212078FFF7A8FE00232370A3
:10FC9000AFF30080284604B0BDE8F04700F070BF25
:10FCA0003C4BD3F8008000F08DF9039B80449845CD
:10FCB00092D200F081F98200039942F0020292B2DE
:10FCC000CDE900422346344AA1EB08012E4800F05A
:10FCD0005CFF86E72E4BDFF8B4801B780BB900F091
:10FCE000D9F82078022831D198F8003023B10022C9
:10FCF000264B1A7001F02BF8DFF8948098F800304A
:10FD0000002B7FF478AF254B1B7823B900F0D8F88F
:10FD10000122234B1A70012388F800306BE74FF063
:10FD200001080023DFF864A08AF8003099F8003059
:10FD300013B94146FFF752FE9AF8003084F800806C
:10FD40003BB1B8F1020F7FF456AFD0E74FF0020895
:10FD5000E7E7B8F1020FCFD04DE7012000F088F8B7
:10FD6000284600F00DFFEFF3108572B67AE700BF6A
:10FD7000882D00208E2D0020E81E00208F2D0020D1
:10FD80008B2D0020842D0020EC1E00208C2D0020C7
:10FD9000892D0020E41E0020C5FA03088D2D0020C7
:10FDA000872D00208A2D002010B500F010FD0022C4
:10FDB000054B1C781A7000F005FD00F00FFBE4B253
:10FDC0002043C0B210BD00BF852D002038B500F023
:10FDD000FEFC094B05461B78012B04D800F0F2FC11
:10FDE0000024204638BD054B1C6800F0EBF80444A5
:10FDF000284600F0E7FCF4E78F2D0020E41E0020E9
:10FE0000164B17491A6F10B502F007020A60154920
:10FE1000154C8969032A01F00200C1F34001134A1D
:10FE200021700FD0D3F8201101F00701022909D069
:10FE3000D3F8281101F00701022903D00021117025
:10FE400018B910BD01231370FBE7D3F8003103F09C
:10FE50000303591E4B424B41F5E700BF00800050A1
:10FE6000141F002000C00150932D0020942D00206D
:10FE7000012805D00238012808D80020CBF750BB54
:10FE8000034A136923F00403136130BF704700BFB6
:10FE900000ED00E0074A0849D2F8203103F00703DB
:10FEA0000B60D2F82831054A03F007031360EFF71F
:10FEB0006BBD00BF00800050201F00201C1F0020D1
:10FEC0000122014B1A707047922D00200F4B10B584
:10FED0001B7883B10E4C2378A3B90E4B9A6DD103D6
:10FEE00002D5DA6D920702D49B6DDB0704D54FF47F
:10FEF0008032094B9A6210BDCDF7EEFE4FF480328E
:10FF0000054B9A6200232370F5E700BF942D002073
:10FF1000912D00200040005A0050005A034B1B78DE
:10FF20000BB1CDF77DBF0120704700BF942D00209D
:10FF300008B5EFF72AFD174B1B7833B10122164B9A
:10FF40005A60164A9369DB07FCD5154B15491A6FA1
:10FF5000096822F007020A431A671349D3F82021DF
:10FF6000096822F007020A43C3F820210F49D3F899
:10FF70002821096822F007020A43C3F828210C4B04
:10FF80001B781BB14FF480320A4B9A62BDE80840DF
:10FF9000FFF796B9932D002000D0015000C001500A
:10FFA00000800050141F0020201F00201C1F002074
:10FFB000942D00200060005A014B1878704700BF54
:10FFC000942D002008B5054B187818B1CDF7F8FE30
:10FFD00000EBD000024B1B68184408BD942D002094
:10FFE000101F002008B5164B1A7822B300221A7091
:10FFF000144B1A6F22F0070242F001021A67D3F87D
:020000040804EE
:10000000202122F0070242F00302C3F82021D3F896
:10001000282122F0070242F00302C3F828210A4BEC
:100020001B7833B10122094B5A60094A53689B0778
:10003000FCD4FFF745F90122064B5A6708BD00BF03
:10004000922D002000800050932D002000E00150F0
:1000500000C001500060005A0D490B68A0B1002299
:10006000A3B1834203D1836822B90B6003E01A462F
:100070009B68F5E7936083680BB9002070475A6965
:1000800041690A445A61F8E722207047022070470C
:100090002C1F002038B500F09FFA0025084B094CB2
:1000A0001A682368C31A2AB123B15169994203D34C
:1000B000C91A5161206038BD55615B1A9268F2E738
:1000C0002C1F0020281F002038B5154D2B682BB39E
:1000D0005B69A3B1134A022014681C4400F0FFFDC1
:1000E000204600F0B7FA00230F492A680B7022B1AE
:1000F000D08880070AD501230B70002038BD02206C
:1001000000F0EDFD022000F0EFFAECE79268002A23
:10011000F3D050690344012BEAD9EEE72220EDE742
:100120002C1F0020281F0020962D0020C38870B5AA
:1001300004460D463BB9FFF749FE8542064602D20A
:10014000F0F733FF35460E4965610B688BB90C60DB
:10015000A3600DE0AD1A9A68184665616AB113464E
:100160005A69AA42F6D930B18460521BA3605A6121
:1001700070BD0020F4E70C60F7E79C60A260F7E731
:100180002C1F0020F8B515469DF81C20BDF82070E6
:100190000271069A0446026000220E46C0E9033549
:1001A0008260C7809DB900F017FA3044A0614EB15B
:1001B0003546062F1DD10822174B28469A6200F0BB
:1001C00013FA02E0E36866617BB90020F8BD00F035
:1001D00003FA2844A061002EEAD1E3686661002B8F
:1001E000E7D0204621689847E3E7204621689847F2
:1001F000EBE700F0ECFA0646FFF74CFF29462046F5
:10020000FFF794FF054B1B68A34201D1FFF75CFF8A
:10021000304600F0D7FAD8E70050005A2C1F0020D3
:1002200038B5044640B3C388062B01D100F064FA08
:1002300000F0CDFA0546FFF72DFF104B20461B6856
:10024000A34208D0FFF708FF044680B1284600F01B
:10025000B9FA204638BDFFF7FFFE04460028F5D165
:10026000FFF732FF222802D1022000F02BFA2846A5
:1002700000F0A8FA0024ECE72224EAE72C1F002073
:1002800038B50C460546A8B1A1B100230B7000F0AB
:10029000A7FA0121084B1B6833B900F09CFA002033
:1002A00038BD9D4204D121702278002AF9D0F4E7AC
:1002B0009B68F1E72220F3E72C1F0020F8B50646E3
:1002C0000F4600F08DFA00250446124B1B6823B937
:1002D000204600F080FA1B2011E05A691544DA88A4
:1002E000B2420DD100F078F90B4E3368C01AA84223
:1002F0000AD3002320463B6000F06DFA0020F8BDD1
:10030000FF2EEFD09B68E2E700F066F933682B44DC
:100310001B1AEFE72C1F0020281F002070B500F0EB
:100320005FFA064600F058F9084B044601201D68A4
:1003300000F0BFFC18B100F04FF90446013530461B
:1003400000F049FA2046294670BD00BF341F002046
:10035000014B1868704700BF301F0020F8B50C4BE8
:1003600005461B680E4683420FD3002440F2E73057
:100370002146084B4FF47A721F680023E5FB070102
:10038000E9F7A4F930602046F8BD2120FCE700BF62
:10039000241F0020301F00200F4B10B51A689AB19F
:1003A0004FF47A71531E1342A0FB01010ED1B2FA31
:1003B00082F2C2F11F04531CD243E04001FA03F35E
:1003C000184321FA02F20243104610BD0023E9F758
:1003D0007DF90246F8E700BF301F002010B500F09D
:1003E000FFF9034B1C7800F0F6F9E4B2204610BD8B
:1003F000952D00202DE9F0419846002386B00D464A
:10040000174606468DF8133080B30DF11301FFF740
:1004100037FF9DF813305BBB284605A9FFF79EFF09
:100420000446F8B9134B4FF47A7218680023A5FB01
:100430000001E9F74BF9C2F57A7189B2B1F57A7F1B
:1004400008BF0021BDF83430B183F483059A0293CC
:100450009DF830301146CDE9008330463B46FFF72A
:1004600091FE0446204606B0BDE8F0812224F9E75B
:100470000224F7E7301F002008B5084B1B7803F073
:10048000FF004BB100F005FC054B1B689B69C01ACF
:1004900002288CBF0020012008BD00BF962D00203F
:1004A0002C1F0020014B1870704700BF952D0020B5
:1004B000C2072DE9F843044607D5444A13680133BF
:1004C0001360FFF7E7FDFFF7FFFDA3077CD500F002
:1004D00087F94FF0000805464646FFF7DBFD3C4F25
:1004E0003C680CB16369A3B100223A4B012E1A702B
:1004F00003D118F0020F18BF1E70FFF7E5FD222888
:1005000002D1022000F0DEF82846BDE8F84300F0F2
:1005100062B923465A693AB91A792179914288BF5A
:100520001C469B68002BF5D1284600F054F925693C
:10053000DDB100F051F8A269A0EB02084FEAE873C0
:10054000A84573F1000311DB23691344A361E36839
:1005500013B1204621689847B4F8068000F040F9AE
:1005600001360546FFF796FDBAE7A84600F038F9D0
:1005700081462046FFF770FD484600F02CF92369BC
:10058000002BE4D0A38BB5EB080533B1E28B134409
:100590009BB2B3F57A7F0FD2E38300F021F9804656
:1005A00029462046FFF7C2FDA3692269404613444D
:1005B000A36100F010F9CAE7A3F57A73E383A36996
:1005C000013D013BA361E8E7BDE8F883341F00204B
:1005D0002C1F0020952D002008B5FEF79FFF014B32
:1005E000986908BD00800A5038B5044600F0EFF85D
:1005F0000546FEF793FF0E4B022C9A694FF001015E
:100600008CBF12190332B2F1FF3F38BF013A00200C
:10061000FEF7C6FF284600F0D5F8064B1A7832B12F
:100620000221054A91640421916400221A7038BDA8
:1006300000800A505B33002000900A5007B5044B3D
:1006400001A9187900F02FFA019803B05DF804FBB6
:1006500050210408F8B5044600F0B9F80746FEF743
:100660005DFF154B9D6900F036FB06460020FEF746
:100670007DFF830704D4731B032B01D8AE420FD137
:100680000021631B022B98BFEC1C0846B4F1FF3F0E
:100690002CBF2246621EFEF783FF022000F01FFBE4
:1006A000384600F08FF8054B1A7822B10121044A30
:1006B000916400221A70F8BD00800A505C3300205B
:1006C00000900A50830700F0010106D50123044A77
:1006D00041F002011370034A93640020FEF73ABF11
:1006E0005C33002000A00A50830742BF0222014B66
:1006F0001A64704700900A50054B1A7832B90221EB
:10070000044A91640421916401221A70704700BF69
:100710005B33002000A00A50012070470120704781
:1007200038B5C6F707FD0446C6F774FE051E18BFA8
:100730002546E1F747F9041E18BF2C46FFF7ECFFEA
:10074000002818BF204638BD38B5FFF72DFB0446FA
:10075000C6F70AFD042825D002284FF0000508BF7F
:100760000124C6F74DFE04281ED0022808BF01242C
:10077000FAF7BCFE042819D0022808BF0124FEF7AE
:10078000A5FE042814D0022808BF0124FFF7C6FFE5
:1007900004280FD0022808BF0124002D18BF002410
:1007A000204638BD0125DCE70125E1E70125E6E724
:1007B0000125EBE70024F3E74FF4004070474FF4C6
:1007C0007A70704710B962B6BFF36F8F7047EFF35E
:1007D000108072B6704780F31188BFF36F8F704737
:1007E000EFF31180302383F31188704710B590F830
:1007F000363013F0FD0F0AD1046E34B1FFF7A8FDB7
:1008000024235843B0FBF4F40134204610BD0024E7
:10081000FBE770B50446836BFFF7E2FFA36B054669
:10082000013BA363A66B4EB9FFF7D1FF04463146E7
:100830000120FFF759F92046FFF7C4FF2846BDE81D
:100840007040FFF7C8BFB0F5802F22D010D8B0F5A8
:10085000003F20D007D818B3B0F5803F08BF48202C
:1008600018BF01207047B0F5403F08BF2C20F7E7C4
:10087000B0F5302F11D007D8B0F5E02F0FD0B0F57C
:10088000202F08BF1020EBE7B0F57F0F08BF062030
:10089000E6E74B2070472A2070471120704721203F
:1008A000704708B528B128220021FBF712FE00206E
:1008B00008BD2120FCE7036A042B9FBF00EB8302E5
:1008C0000133D16003627047036A052B14D84FF0DF
:1008D0009842116CC902FCD504339B001365016872
:1008E000103B11604168116050F8081F11604FF013
:1008F00098420344984200D1704750F8041F116099
:10090000F8E7836813B9816070475B685A68012A09
:10091000FBD159607047F0B5154649228FB0149C41
:100920008DF8242004F10C060DF1250254F8047B07
:10093000B44242F8047BF9D1247814704FF48074E7
:10094000ADF834409DF8544000228DF83640042420
:100950000694169CCDE9001505941324049409AC63
:10096000CDE902340B4611468DF832208DF8335014
:10097000FEF786FE0FB0F0BD30B5C02A93B02FD081
:10098000B2F5807F29D0802A2CD14FF4807480F07A
:100990000100204301901698012502901024212087
:1009A000039504940590069301AB0795089409906C
:1009B0000A9306AB0B9304230C9311230D930AABFC
:1009C0000E910F9340F61103D20802A90EA81092BF
:1009D0001193FEF725FE13B030BD4FF48274D6E7B5
:1009E0000F20F8E72920F6E708B5FEF79DFFBDE8E0
:1009F0000840FEF7CDBF1FB5079C02949DF8184034
:100A0000CDE9003413460A4601460020FFF783FF74
:100A100004B010BD1FB5079C02949DF81840CDE9A5
:100A2000003413460A4601460120FFF774FF04B064
:100A300010BD10B50446FFF7CAFE4FF0A8431A6870
:100A400022601B696360FFF7BDFE002010BD10B57A
:100A50000446FFF7BCFE4FF0A84322681A606268A4
:100A60001A61FFF7AFFE002010BD10B4044608461F
:100A700011469DF804200192A2685DF8044BFFF72F
:100A8000BABF10B40446084611469DF804200192EE
:100A9000A2685DF8044BFFF7BDBF8068FEF7E0BEBB
:100AA0008968FFF769BF09B100F008B822207047D4
:100AB0000121FEF773BF0021FEF770BF70B5064637
:100AC0000D46FFF78DFE0446202E56D8DFE806F0CF
:100AD000111A551F222555282B552E5531345537BF
:100AE0003A3D554055435552555555465549554C37
:100AF0004F00FEF7C5FB002628602046FFF76BFE7F
:100B0000304670BD4FF4C070C9F7A0FFF3E74FF453
:100B10002070F9E74FF44070F6E74FF46070F3E7A8
:100B20004FF40070F0E74FF48060EDE74FF4406061
:100B3000EAE74FF4C060E7E74FF4F060E4E74FF412
:100B4000B060E1E74FF4D060DEE74FF41060DBE720
:100B50004FF4E060D8E74FF4A060D5E74FF4286089
:100B6000D2E74FF48070CFE74FF42060CCE74FF42A
:100B70004860C9E74FF40860C6E700202126BBE7BC
:100B800010B962B6BFF36F8F70472DE9FF410D4674
:100B900016461F460446A8B14FF00008C0F81C8056
:100BA000FFF73EFBBDF82C30424602939DF82830FB
:100BB0002946CDE9007320463346FFF7E3FA04B037
:100BC000BDE8F0812220FAE7F0B50D4616461F4633
:100BD000044685B090B10023C361FFF721FBBDF847
:100BE0002C302A4602939DF828302946CDE900731F
:100BF00020463346FFF7C6FA05B0F0BD2220FBE7DA
:100C0000F0B51F46002387B00D46164604468DF802
:100C10001730A8B1C3610DF11701FFF731FB9DF843
:100C200017207AB9BDF83430294602939DF8303048
:100C30002046CDE900733346FFF7A4FA07B0F0BDB4
:100C40002220FBE70320F9E7F0B51F46002387B019
:100C50000D46164604468DF81730B0B1C3610DF14C
:100C60001701FFF70DFB9DF8173083B9BDF834303D
:100C70002A4602939DF830302946CDE9007320467C
:100C80003346FFF77FFA07B0F0BD2220FBE70220D2
:100C9000F9E738B5FFF7A4FD0546FFF79DFC0446CC
:100CA0002846FFF798FD204638BD00F021B800F037
:100CB00030B810B504460020FEF758FC012C04D0D3
:100CC000022C05D1C0F3400010BD00F00100FBE78D
:100CD0000020F9E7704700210846FEF74FBC00F0FE
:100CE0000101830748BF41F002010020FEF72CBC40
:100CF000002008B5FEF73AFC10F0080008D00020EC
:100D00000821FEF72DFCBDE808400020FEF75ABC84
:100D100008BD04210020FEF723BC38B5FFF760FDB5
:100D200004460020FEF722FC830700F0010548BFBF
:100D300045F0020500F003010020FEF711FC2846F3
:100D4000FFF7B6FB2046BDE83840FFF744BD02215F
:100D50000120E1F771BE000000000000000000006B
:100D6000F8B500BFF8BC08BC9E467047F8B500BF98
:100D7000F8BC08BC9E4670475FF800F015300020B4
:100D80005FF800F0712F0020050000000000000057
:100D900080969800020100000000000000000000A2
:100DA0000100000000000000000000000100000041
:100DB0000000000000000000010400000201020227
:100DC0000203020413B779FAC925DDB7ADF3CFE00A
:100DD000F1B614B80102000000000000FFFFFFFFA1
:100DE00020000000010000000000000000000000E2
:100DF00000000000000000000000000000000000F3
:100E000000000000000000000000000000000000E2
:100E1000000000001E0000034FF402084BF402081B
:100E200029F40208F7F3020887F4020859F40208CB
:100E3000F9F302082C000000020202030000000087
:100E4000050000000000000000C2010000050000D5
:100E5000001000000000000000000000050000007D
:100E60000000000000C201000002000000100000AD
:100E7000000000000000000000000000030000006F
:100E80000000000000000000000000000007000853
:100E90000000000000000000000000000102040546
:100EA000000000000000000000000000000600023A
:100EB00001000000000800B4EC0E04080100000F5F
:100EC000CC0E0408000000000000000006FF6CFFCC
:100ED000A1FFBCFFCDFFD8FFE0FFE6FFEAFFEEFF7A
:100EE000F0FFF3FFF4FFF6FFF7FFF7FFC800AEFED9
:100EF000B400E8087F8DFBFF4E0002036349FFFF4B
:100F00002C00AF01EFE5FFFF1B00FF00E61A000019
:100F10001100A700DA2800000A006200152800006E
:100F200006003B00A821000003000B00A10E0000FA
:100F3000241B040800000000A80F040803000000A0
:100F400000000000C0175302241B0408000000002A
:100F5000141004080300000000000000C017530232
:100F6000241B040800000000801004080300000097
:100F700000000000C0175302241B040800000000FA
:100F8000EC1004080300000000000000C01753022A
:100F9000241B04080000000058110408030000008E
:100FA00000000000C0175302C4110408809C2B8F5E
:100FB00080841E00000000002500FF7F1432002006
:100FC00000000000A41F040800000000C411040871
:100FD000809C2B8F80841E00000026002600B70016
:100FE0001432002000000000A41F040800000000CC
:100FF000C4110408809C2B8F80841E0000002700F1
:1010000027008C001432002000000000A41F0408F8
:1010100000000000A4130408809C2B8F80841E0015
:10102000000000002500FF7F1432002000000000B7
:10103000A61F040800000000A4130408809C2B8F46
:1010400080841E00000026002600B7001432002015
:1010500000000000A61F040800000000A4130408FC
:10106000809C2B8F80841E000000270027008C00AE
:101070001432002000000000A61F04080000000039
:1010800084150408809C2B8F80841E0000000000C3
:101090002500FF7F1432002000000000A81F040874
:1010A0000000000084150408809C2B8F80841E00A3
:1010B000000026002600B7001432002000000000C7
:1010C000A81F04080000000084150408809C2B8FD2
:1010D00080841E000000270027008C0014320020AE
:1010E00000000000A81F04080000000064170408A6
:1010F000809C2B8F80841E00000000002500FF7F55
:101100001C32002000000000AA1F0408000000009C
:1011100064170408809C2B8F80841E00000026002A
:101120002600A0001C32002000000000AA1F0408B6
:101130000000000064170408809C2B8F80841E0030
:10114000000027002700FF7F1C3200200000000065
:10115000AA1F04080000000044190408809C2B8F7B
:1011600080841E00000000002500FF7F1C3200204C
:1011700000000000AC1F040800000000441904082F
:10118000809C2B8F80841E00000026002600B70064
:101190001C32002000000000AC1F0408000000000A
:1011A00044190408809C2B8F80841E0000002700B7
:1011B00027008C001C32002000000000AC1F040837
:1011C00000000000FC4F0103001E04081040010055
:1011D000004100003C4001000000000048400100C8
:1011E0002007000350400100000000005C400100A7
:1011F0000D0F000008410100FF4C000054C0070023
:10120000511130000E000DE62A000000080B0C0DF5
:101210000D000000D1B60200E004000040400701CC
:10122000000020700000A011100000000000004627
:101230001FC0810000000020008000006440050104
:1012400000000000B904F800400800001000000091
:101250009100040088400F01B703120000000060F5
:10126000000000000002050D1C2F425362696860F7
:1012700053402E1F110A0808080807060504030337
:101280000202020101010101000000000000000053
:10129000000000001C41010100302C8C3841070186
:1012A000BC200BF049C05100055BA0408E6E8294BB
:1012B0002182485209084000C00D00805C410101B4
:1012C000FFDD0000684107014CD4E83B04190D50D4
:1012D000080E141A20262C32383E10325476980A02
:1012E0001D0040B4D041030100000000D000000008
:1012F00004001200E041130100000080E2CFDD2C69
:101300007EB63A00600919005122E2004CB9510E34
:101310003982A904D8229B29E2CFDD2C7EB63A007F
:10132000600919005122E2004CB9510E3982A9041A
:10133000D8229B29000000000000000044000000AB
:101340003C3C3C3C4C420101080003046842010162
:101350000000000038800101F1471000A080020168
:1013600070380300D0000000A8800111F0010000D7
:10137000A8800131055AFD01AC800111F001000087
:10138000AC800131053EFD00EC000112E00F0000D1
:10139000EC0001320C205111840101020000000018
:1013A000FFFFFFFFFC4F0103541E04081040010023
:1013B000004100003C4001001000000048400100D6
:1013C0002017000350400100010400005C400100B0
:1013D0000D0F00000841010003C0010054C00700C8
:1013E000511130000E000DE62A000000080B0C0D14
:1013F0000D000000D1B6020080050000404007014A
:10140000000020700000A011100000003000004615
:101410001FC88100002000300080000064400501EA
:1014200000000000B904F8004008000010000000AF
:1014300092000A0088400F01B7031200000000600C
:10144000000000000002050D1C2F42536269686015
:1014500053402E1F110A0808080807060504030355
:101460000202020101010101000000000000000071
:10147000000000001C41010100302C8C38410701A4
:10148000BC200AF049C0510001000040B756351297
:101490000078085009084000C00300805C41010149
:1014A00000000000684107014CD4E83B04190D70AE
:1014B0000A10161C22282E343A4010325476980A0C
:1014C0001D6980A4D041030100000000D00000008D
:1014D00000000200E041130100000000E2CFDD2C1B
:1014E0007EB63A00600919005122E2004CB9510E53
:1014F0003982A904D8229B29E2CFDD2C7EB63A009E
:10150000600919005122E2004CB9510E3982A90438
:10151000D8229B29000000000000000044000000C9
:101520003C3C3C3C4C420101080000046842010183
:101530000000000038800101F1471000A080020186
:1015400070380300D0000000A8800111F0010000F5
:10155000A8800131055AFD01AC800111F0010000A5
:10156000AC800131053EFD00EC000112E00F0000EF
:10157000EC0001320C205111840101020000000036
:10158000FFFFFFFFFC4F0103A81E040810400100ED
:10159000004100003C4001001000000048400100F4
:1015A0002007000350400100000400005C400100DF
:1015B0000D0F00000841010003C0010054C00700E6
:1015C000511130000E000DE62A000000080B0C0D32
:1015D0000D000000D1B60200800500004040070168
:1015E000000020700000A011100000003000004634
:1015F0001FC8810000200030008000006440050109
:1016000000000000B904F8004008000010000000CD
:1016100092000A0088400F01B7031200000000602A
:10162000000000000002050D1C2F42536269686033
:1016300053402E1F110A0808080807060504030373
:10164000020202010101010100000000000000008F
:10165000000000001C41010100302C8C38410701C2
:10166000BC200AF049C0510001000040B7563512B5
:101670000078085009084000C00300805C41010167
:1016800000000000684107014CD4E83B04190D70CC
:10169000080E141A20262C32383E10325476980A3E
:1016A0001D6940B4D041030100000000D0000000DB
:1016B00000000200E041130100000000E2CFDD2C39
:1016C0007EB63A00600919005122E2004CB9510E71
:1016D0003982A904D8229B29E2CFDD2C7EB63A00BC
:1016E000600919005122E2004CB9510E3982A90457
:1016F000D8229B29000000000000000044000000E8
:101700003C3C3C3C4C4201010800000468420101A1
:101710000000000038800101F1471000A0800201A4
:1017200070380300D0000000A8800111F001000013
:10173000A8800131055AFD01AC800111F0010000C3
:10174000AC800131053EFD00EC000112E00F00000D
:10175000EC0001320C205111840101020000000054
:10176000FFFFFFFFFC4F0103FC1E040810400100B7
:10177000014100003C400100000000004840010021
:10178000A007000350400100000000005C40010081
:101790000000000008410100FF4C000054C0070099
:1017A000512130000E000DE62A0000000405060756
:1017B00008000000D1B602006005000040400701AB
:1017C000000050510000A021100000000000008621
:1017D0001FC08100000000200000000064400501DF
:1017E000000000404902F000400800000200000034
:1017F0009200080088400F01DA032A00000000E090
:10180000000000000102071121374B5A676962543A
:10181000402915050000000001020304040403032D
:1018200003030302020202020201010100000000A0
:10183000000000001C41010100B0B18C38410701DB
:10184000BC200AF0B6555200055B98408E6E82941B
:10185000233C4852893B4000C00300805C410101A9
:10186000FFDD000068410701E853FA000000004076
:101870000000000000000000000000000000000068
:1018800000000000D04103010000AAAAD00000001F
:1018900004001200E041130100000000FFAB000A49
:1018A0005CF10F00D341020095EDB100197BD80F18
:1018B0001208B904EA1B6D1FC9B7C20A0B203B000E
:1018C000430600005962F300727E9600A73D19009E
:1018D000D022F13B000000A000000000400000000A
:1018E000000000004C4201010800030468420101AD
:1018F0000100000038800101F1471000A0800201C2
:1019000070780300D5C00000A8800111F00100002C
:10191000A88001310542CB01AC800111F00100002B
:10192000AC80013105228D00EC000112E00F0000B7
:10193000EC0001320C205111840101020000000072
:10194000FFFFFFFFFC4F0103501F04081040010080
:10195000014100003C40010000000000484001003F
:10196000A007000350400100000000005C4001009F
:101970000000000008410100FF4C000054C00700B7
:10198000511130000E0009E62D0000000405060785
:1019900008000000D1B60200643500004040070195
:1019A000000050510000A01110000000000000864F
:1019B0001FC08100000000200000000064400501FD
:1019C00000000040B904F8004008000002000000D8
:1019D0009200040088400F01B7033B00000000E0C4
:1019E000000000000002050D1C2F42536269686070
:1019F00053402E1F110A08080808070605040303B0
:101A000002020201010101010000000000000000CB
:101A1000000000001C4101010060B18C3841070149
:101A2000BC200AF0F6625200055B98408E6E8294EC
:101A30001C784852893B4000C00300805C41010192
:101A4000FFDD000068410701E853FA000000004094
:101A50000000000000000000000000000000000086
:101A600000000000D0410301000000AAD0000000E7
:101A700004001200E041130100000000FFAB000A67
:101A80005CF10F00D341020095EDB100197BD80F36
:101A90001208B904EA1B6D1FC9B7C20A0B203B002C
:101AA000430600005962F300727E9600A73D1900BC
:101AB000D022F13B000000A0000000003800000030
:101AC000000000004C4201010800030468420101CB
:101AD0000100000038800101C2241000A080020132
:101AE00070780300D0000000A8800111F001000010
:101AF000A88001310542CB01AC800111F00100004A
:101B0000AC800131053EFD00EC000112E00F000049
:101B1000EC0001320C205151840101020010000040
:101B2000FFFFFFFF0C400100018101002040020087
:101B30000000000001000000304003000000000031
:101B40000000000000000000404002000000000013
:101B5000004000006040010001010000A8400100B9
:101B600007000000BC40040000000000000000006E
:101B700000000000000000000C410300FF4C0000CA
:101B8000FF4D0000FF4D000020C0011000F80700CD
:101B900020C00130F502280124C00110FF00000020
:101BA00024C001300013000028C00800EC80B303FB
:101BB00043754051A00F00F800400000A8AA07009C
:101BC00000000000000000000000000070C00900DC
:101BD000BA10000000042000041880000B3C200113
:101BE000187C10022FFCE0067F00000000000000BF
:101BF00000000000A8C00500BD4B721511A3180518
:101C000010325476980A000000000000CCC0040096
:101C1000010000000000000001000A00010028008F
:101C2000080001010807000018000101AAAAAA0083
:101C3000200001010060DA005C40020100000003A6
:101C40000000002078400401294176710000000066
:101C50008C000C0000000000C440040100000000E3
:101C6000000000000000000000000000E040010152
:101C70000002000010410201331E050000000000B8
:101C80002041060100000000FF0483078813C83AC2
:101C9000FF06660CFF0483078813FF035841010108
:101CA00000000000644101010C01000084410501B5
:101CB0000101000000000000000000000000000022
:101CC00000000000A441020100000000000000002C
:101CD000B04102010000000058923EC0BC41030127
:101CE0000000000000003C00699006002C42030147
:101CF0006018004000000000000000003C420101AC
:101D00000000000044420201140000000000000036
:101D1000804202010000000081000000984205019D
:101D20003F000002FFFF0000FFFF0000FF03000074
:101D3000FFFF0000B44201010000000030430A012F
:101D400040002001A0000000085000011F1F1F1FBD
:101D50001F1F1F1B18151311100E0D0C45C1872FC7
:101D600000000000000000001080010103000000DE
:101D70003C800101010000009C8001010000000086
:101D8000B080020100030002370000019C00010244
:101D9000000C0004D8000302050040AA88010000DE
:101DA000C0000000F00001022B0100001001011230
:101DB00000FF0F001001013202000031500101123A
:101DC00000C0010050010132C100A20074010102F3
:101DD00069811B0C7801011200001C00780101329E
:101DE0001004E0CF80010112790700008001013268
:101DF000020000008801010250000000FFFFFFFF09
:101E0000140000001CC771000000000054200408EA
:101E1000042004080000000000000000005125021A
:101E200040420F000108F600F147100200000000D8
:101E3000AE1F0408000000000000000000000000C9
:101E40002A420F0000000000000000000000000017
:101E500000000000140000001CC77100000000001A
:101E600054200408142004080000000000000000B2
:101E70000051250240420F000102F600F147100216
:101E800000000000AE1F0408000000000000000079
:101E9000000000002A420F000000000000000000C7
:101EA0000000000000000000140000001CC77100CA
:101EB0000000000054200408242004080000000052
:101EC000000000000051250240420F000108F6000A
:101ED000F147100200000000AE1F040800000000DF
:101EE00000000000000000002A420F000000000077
:101EF00000000000000000000000000014000000CE
:101F000066666600000000006E20040834200408A5
:101F100000000000000000000048E80180841E006E
:101F20000101F800F147500200000000AE1F040854
:101F30000000000000000000000000007C841E0083
:101F40000000000000000000000000000000000091
:101F50001400000024499200000000006E200408D4
:101F60004420040800000000000000000024F400E9
:101F700040420F000101F800C2245003000000009D
:101F8000AE1F040800000000000000000000000078
:101F90002B420F00000000000000000000000000C5
:101FA000000000000305030403030302030A020008
:101FB0000000C017530206140000802FA604053845
:101FC0000000A00800000000580901040706100ADC
:101FD00001040707C80A00040807800B000408086A
:101FE000380C000409086108000000008A0800009D
:101FF0000000C709010404032C0B01040404920C23
:102000000104050450C30000E62D0000D0070000C5
:10201000D0070000E5BF0000282300006B0300008C
:102020006B030000F5DA0200A41F0000900100001D
:102030009001000050C300007616000077010000F8
:102040007701000050C30000F22B0000EE020000F8
:10205000EE020000193F0106041001000001010614
:1020600000102700000A0000000000000000193FD7
:102070000106041001000001010600102700000CF9
:102080000000000000000000300F0408480F0408A2
:10209000600F0408780F0408900F04080000000087
:1020A00000000000DC984CA0D81018FFFFFFFFFFD5
:1020B000FFFFFFFFFFFFFFFFFFFFFF00000000002B
:1020C0000120000000200000FFFFFFFF00000000D3
:1020D000FFFFFFFFFFFFFFFFBCE6FAADA7179E84DF
:1020E000F3B9CAC2FC6325510126000004000000B8
:1020F0000000000000010000000000000B000000D4
:102100000C00000003000000000020200000000080
:10211000020000003C3C3C00000000000000000009
:102120000000000001031001010903000900000084
:102130001E0000001B000000160000001A00000036
:102140005700000000C00550030000002C210408C7
:1021500000800A5013000000302104080104100020
:10216000E8210408B8210408000000000000000075
:10217000782104080000000000270408D426040881
:1021800050260408E8260408602604087826040877
:10219000A0270408882604089C260408B027040801
:1021A0001C27040888230408B426040864240408AF
:1021B0003C260408000000002518020868220408D4
:1021C000EDA70108000000003BB20308000000007A
:1021D000350B0208B622040889FA0108BC2204085B
:1021E0000000000000000000D9170208682204085F
:1021F000290502086822040837B20308000000001D
:10220000F1F601080000000085B00308000000009E
:1022100069F90108000000001DB30308C922040881
:102220005BB00308B422040845BC0108C8220408B6
:10223000050B0208B62204084BB203080000000098
:102240004FB203080000000029F001080000000060
:10225000E576030800000000257703080000000071
:102260000000000000000000000000004E0C000014
:10227000000000000000000094220408000000009C
:10228000000000000400000000000000E2FF500019
:10229000000100000000000000000000000000003D
:1022A000000000000000000000000000000000002E
:1022B0000000000004000400FB0000000300000018
:1022C0000000000005E80008010100000000000017
:1022D000505341004B455900000101020102020325
:1022E00006060102031201000000010202010207BA
:1022F0000B0B0701160C000001080800000501087F
:10230000FFFF02FFFF0808020204FF010022FFFF97
:1023100023080F030304040A0A030A2AFFFF1419FF
:10232000191B011C15120400480C1404131510800D
:102330001A801280800004030101020404000000DE
:10234000F4010000FA0000009600000064000000A4
:102350004B000000320000001E00000014000000CE
:10236000000000005000400008005000240004005D
:102370009001500240009001AE0110000F0E0C08B9
:102380000C080D181000000009000000A423040828
:102390000000000000000000A0030906A087090853
:1023A000A088090721AB01080900000055AB01080E
:1023B000090100006DAB0108090200009DAB010896
:1023C00009100000B9AB010809030000D5AB0108F2
:1023D0000904000099AD010809060000B9AD010823
:1023E0000914000079AD01080905000021AE0108BB
:1023F000090D000009AC01080907000029AC01081B
:102400000912000081AC010809170000A5AC010801
:10241000091800004DAC010809080000C9AC01080A
:1024200009190000EDAC0108091A000021AD0108EE
:10243000091B000039AE0108091C00005DAD010850
:10244000090C0000E1AD0108090E0000FDAD010816
:10245000091D000075AE010809150000000000000C
:10246000000000000A0000008C24040800000000A6
:1024700000000000A0010A05A0030A04A0080A0346
:10248000A0880A08A0060A01A003090061B3010898
:102490000A0A000095B301080A0B00003DB00108CC
:1024A0000A06000065B001080A0900003DAF0108F6
:1024B0000A1600007DAF01080A010000BDAF010847
:1024C0000A0500009DB001080A170000CDB0010800
:1024D0000A18000019B101080A040000F1B101084E
:1024E0000A19000091B101080A1D00001DB201087F
:1024F0000A1A0000C1B101080A1E000049B2010811
:102500000A1B00006DB201080A1200004DB101085B
:102510000A1C0000D1B201080A080000F1B201084B
:102520000A0C000019B301080A0D000041B30108AC
:102530000A0E0000A9B201080A1500000000000000
:102540000000000062676170695F627566666572AF
:102550007300010002000000000000000300497247
:102560005314497207FF000102030405FF49725327
:10257000144972145300724907CDF6000000FB3471
:102580009B5F800000800010000000000000010040
:1025900001000200020000080002100010002000EC
:1025A00020008000800001000200020008000400FA
:1025B000040010000100200004004000020000019F
:1025C000080000022000000410000010400000205D
:1025D00000010040800000001FAA0308177E0308C6
:1025E00041DC030881AB030801020C000000040079
:1025F00000000800B1F701085DF5010831AB0208E1
:10260000BDF6010819B4030899B30308D1B1020853
:1026100097DC0308D9B2030811B4030813B4030804
:1026200053B203081BB3030817B50308DBB2030852
:1026300099EB010845B003083BB003080E00000009
:10264000EC2B04080000000000000000A0040E00B5
:1026500002000000A429040800000000000000009F
:1026600004000000C427040800000000000000006F
:10267000A0090402A0010401560000001C2804085F
:102680000000000000000000580000007C28040842
:102690000000000000000000A00758000500000036
:1026A000642A04080000000000000000A0130500D8
:1026B000A01B050246000000CC2904080000000011
:1026C00000000000A0880A07A0040903A005090271
:1026D000A00609010D0000007C290408000000008C
:1026E00000000000030506000F0000008C2A04080B
:1026F00000000000000000000000000000000000DA
:1027000001000000542B040800000000000000003D
:10271000A0010107A0000104020408000600000057
:10272000A42804080000000000000000A003060127
:10273000A0090609A0020608A0050607A0050606CE
:10274000A0070605A0020604A0010610A0080602C4
:10275000A00D0600A001FF00000004020503060111
:1027600007010108090A0000A0015C04A0005C0345
:10277000A0015C02A0035C01A0025C00A0020F09A2
:10278000A0030F04A0030F03A0050F02A0010F0177
:10279000A0050F00A0040108A00301060101020426
:1027A000570000004428040800000000000000005A
:1027B00042000000342B040800000000000000006C
:1027C000A0044201D5F4010804010000F1F301085E
:1027D0000412000081F3010804030000ADF30108B6
:1027E000040400000DF40108040B0000C9F3010803
:1027F000040500003DF4010804100000BDF40108C8
:102800000411000015F50108040A0000FDF4010898
:1028100004020000000000000000000081F5010833
:1028200056000000B9F5010856010000E5F5010861
:102830005602000001F601085603000000000000E7
:10284000000000005D15020857000000791502081D
:1028500057010000A915020857020000E5150208FB
:10286000570300001116020857040000351602082D
:1028700057050000000000000000000035F60108C8
:102880005800000055F601085801000081F60108C3
:1028900058020000A5F601085803000000000000DF
:1028A00000000000490B020806000000290D020884
:1028B00006010000BD0E020806100000811102088A
:1028C00006190000790C02080604000039100208FD
:1028D00006160000750B020806060000450D0208EA
:1028E00006080000110C020806030000B90B0208DC
:1028F00006150000450C020806070000610D0208DD
:1029000006090000990D0208060A0000C10D020820
:10291000060B0000190E0208060C0000BD17020885
:1029200006120000510E0208060D0000750E020886
:10293000060E0000D50E020806110000A5110208BF
:1029400006130000010F020806140000CD10020853
:10295000061700004D110208061A00001D1102089A
:1029600006180000E10C020806050000050D02082B
:10297000060F00000000000000000000C5FF010875
:102980000D020000010002080D030000850002088E
:102990000D04000091FF01080D010000000000007F
:1029A00000000000A1F2010802010000BDF20108D0
:1029B00002020000D9F20108020400000DF3010830
:1029C000020500000000000000000000A5FA010858
:1029D00046000000DDFA01084601000041FB010845
:1029E0004602000065FB010846030000A1FB010848
:1029F00046040000C5FB01084605000025FC01084F
:102A00004606000085FC010846070000A9FC0108F5
:102A10004608000009FD01084609000069FD01089B
:102A2000460A00008DFD0108460B0000B1FD0108BB
:102A3000460C0000D5FD0108460D0000F9FD010817
:102A4000460E000049FE0108460F000079FE01080D
:102A5000461000001DFE01084611000000000000A5
:102A60000000000005F701080506000029F701082D
:102A7000050700006DF701080503000099F701083C
:102A800005050000000000000000000065010208CC
:102A90000F0100004D0102080F140000AD020208F2
:102AA0000F0F0000750202080F020000C5000208A7
:102AB0000F0000009D0102080F100000AD00020889
:102AC0000F040000810102080F080000B501020890
:102AD0000F090000910202080F0E0000DD0002083D
:102AE0000F0600000D0102080F070000C9020208CE
:102AF0000F150000FD0202080F1600005103020826
:102B00000F170000C50302080F1D00005D04020836
:102B10000F180000D10102080F1900001D02020861
:102B20000F1A0000F50102080F1B00000000000052
:102B300000000000B9160208420300002517020831
:102B400042040000A5170208420100000000000036
:102B5000000000004D070208010000007D0502088A
:102B6000011C000095050208011D0000AD050208CA
:102B7000011E000061070208011B000047B20308A4
:102B8000011F000081060208010C0000BD070208B9
:102B9000010E0000AD06020801170000F906020848
:102BA000011800000106020801130000C505020813
:102BB0000115000029060208010B0000B1120208ED
:102BC000011200000513020801140000E5070208C5
:102BD000010F000049080208011A000043B203086F
:102BE00001010000000000000000000055F1010894
:102BF0000E03000051F001080E040000C5F10108A9
:102C00000E0100002DF201080E020000000000007D
:102C100000000000A01201007D1E0208C51E02086F
:102C2000711E0208D11E0208B91E0208ADBA0308BF
:102C3000E9BA03080BBB03082DBB03084FBB03080D
:102C400081350208313502083D3502082D3602086B
:102C5000D7BE030819B503081DB5030821B503083D
:102C600025B5030829B5030800000000B0010000E5
:102C7000780B002010000000280D00200080FF7F4E
:102C800000000080FF7F0C0204FF000002000080B3
:102C9000FF7F00000080FF7F0C020000200000008A
:102CA000C12A020810000000392A020800000001B1
:102CB0000000010100010101C92D0208AD2D02082B
:102CC000216E0208C1700208F56F020820C001B829
:102CD00001010203000400010203030303040404CE
:102CE00004050500000000010101010202020203C7
:102CF00003030303040404040400000001010101B0
:102D00000707080803030305040404050505060670
:102D10000607070708030202040404030405050666
:102D2000060606070707020202030303030404045E
:102D30000405050505050606060601020202020352
:102D4000030303030404040404050505050606063D
:102D50000C0C0C0C0B0B0B0B0B0B0B0B0B0B0B0BBF
:102D60000B0B0B0B0B0B0C0C0C0C0C0C0C0C0C0CA9
:102D70000B0B0B0B0B0B0B0B0304040404050505D9
:102D80000506060606060702020202030303030401
:102D900004040404050505050506060602020202F0
:102DA00007070304060704040303030304050603DB
:102DB00003050607080405060403040403030405C9
:102DC0000606030405060708C7BFBEBEBEB5B5B4F8
:102DD000B4ABABDCDCDBDBD2D2D1D1C8C8C8C7BF57
:102DE000BEBEBEBDB5B5B4B4B4DCDBDBD2D2D2D18D
:102DF0001B1B16162E2D2D2A292929252424202097
:102E00001F1B1B1B162E2D2D2A2A29292524242081
:102E100020201F1B1B1B2D2DBEB5B5B4B4ABABAB17
:102E2000AAA2A1A1A1A099999898C7BFBEBEBDB5FD
:102E3000B5B4B4B4ABABABAAAAA2A1A1A19999991C
:102E40000000000003030303030202020202020265
:102E5000030302020202010101010101000000005E
:102E60000303030303020202D0C7C6C6C6BDBDBC2E
:102E7000BCB3B3B2B2B2A9DBDBDADAD1D1D0D0C7FE
:102E8000C7C6C6C6BDBDBCBCBCB3B3B2DBDBDADAF9
:102E90001F1F2D2B221E2E2E323232312D26243092
:102EA0003028231F1B2B26222E322E2E31312D2887
:102EB0002424302C27231E1AC8C8C8C8C8C8C8C8AC
:102EC000C8C8C8C800A801A802A8000000B801B876
:102ED00002B800B003040408080500000000000068
:102EE00000000000000000000000000004000800D6
:102EF0007C0031003B001B004C3900007C030000CB
:102F0000CC3C0000040000001C3E00000400000057
:102F100054340000F8040000C83C00000400000025
:102F2000183E0000030000000000000054340000C0
:102F3000D03C000001000000203E000037000000EF
:102F4000CD3B000055340000010000000006800F5A
:102F50007047944909684143880B7047924800685C
:102F60000104C80F704730B5002090490A6800235B
:102F7000FA24A401521C6568AA4200D3226815787D
:102F8000AD06AD0E9D40054328009B1D1E2BF1D3C1
:102F90000A6030BD84480168090408D584490A687C
:102FA000824B1A604A68C2618868B14908607047FC
:102FB000F3B583B01700C006000E009010389128BA
:102FC00033D2FFF7CBFF00282FD00026794C012504
:102FD0000398FFF7BBFF002802D0022803D003E0CC
:102FE0002068284000D001260197734F04980C21D7
:102FF000615E40180E21615E4018FFF7AAFF01993B
:1030000040183860049800994018FFF7A2FF019912
:1030100040187860C0208001684908603003684922
:103020000860FCF703FF9348057005B0F0BDFEB5DE
:10303000644B654DC02080040290F0200005019093
:103040001869022805D22868019901400298814236
:10305000F0D089480068C01C884901438848016055
:10306000884A894C0421A068084204D0187D800653
:10307000C10F490023E00226304022D018690428FD
:1030800005D22F6801983840029FB842F6D0187DCB
:103090000007000F072814D1587D022811DD987D04
:1030A0008006800E02280CDBD87D009007460F4278
:1030B00007D0C00700D50A21374200D0891D00295A
:1030C0000BD172486E490860002018608021890287
:1030D0006F4B196010602061F7BD481C1E69864265
:1030E00005D22F68019E3E40029FBE42F6D069483D
:1030F000405C009020610098C000F821014002D09F
:103100008020C004186064480668012E00D1490080
:103110005960216800291DD159490B682026A65FF6
:1031200036039B059B0D33430B600126166002217D
:1031300091600099890909D10068002801D11820FF
:1031400000E01A20225E0098FFF732FF207A000785
:1031500000D42660F7BD4A484C4901600021194A55
:103160001160802292024A4B1A60464A11604B4A13
:10317000026142613F48017070470620484908607B
:10318000002048490860F0210901474A1160802168
:103190004900464A11600849404A0A604A60354978
:1031A00008707047A83E0000C04101A81C3E000006
:1031B000883E0000A43E0000C84101A8C06101A8EB
:1031C000C05101A8C44000A80C0002A830B581B0CD
:1031D0000400A00314D530480068002801D116204F
:1031E00000E00C20FEF7C0FA3148806E0007C10FE6
:1031F00030480170082030490860C0032449086045
:103200002E4D2868000406D5FFF7ADFEE861FFF7F4
:10321000AAFE17490860A00727D58020C0021C49D4
:103220000860FCF726FE00281FD0254A1068C0B2AF
:10323000002802D00621234B1960810915D01C49B2
:103240000B68012BFBD949680905090D091DC90047
:10325000114B1B68012B00D14908002B01D1182309
:1032600000E01A23D25EFFF7A3FE01B030BD0000DC
:103270005C4201A8563E0000204000A800F0FF3F3D
:10328000B84101A8044003A89C3E0000FFF3FF3FA3
:10329000106001A8D84000A86C3F0000FFFF0300A9
:1032A000006401A8504000A80C6000A80C5000A8C1
:1032B0001C4000A8D03C0000846000A8C04101A8C8
:1032C000A03E0000005401A870B50822814B1A608E
:1032D000FB239B011B68DC0302D50020088070BD26
:1032E0000C880019401E00787B4DA870641C0C806F
:1032F00045076D0F052D05D8784E3668F60603D5BF
:10330000022D0DD0032070BD9604AE401E4001D1A9
:10331000082070BD052D03D1104201D1641E0C8020
:10332000A9484860002070BDF3B582B008886C4998
:103330000978491CC9B2814204D202990918491E70
:10334000097800E00021644A517093785B075B0FB5
:1033500001933023019C052C28D1194233D1947854
:10336000E5081E242C40CD0702D5250001242C435E
:103370000125A14EE6402E4073D0019F9F4EE641AD
:10338000402426403E434C0602D5340020262643E6
:10339000947889080D40A7080C2139402943C0259D
:1033A00025400D432021294396705170FB2189014E
:1033B0000C685578022123262E4008D0660302D5DA
:1033C0002B40202B01D0052082E0424B19609378DE
:1033D0009B0601D4202203E09278120702D54022F6
:1033E0003C4B1A603C4A92786B461A70C022844B60
:1033F0001E680E4001D1154212D06E46377827263E
:103400003E40232E03D1E60207D4012606E0252EF6
:1034100003D0212E04D1260302D504262D4F3E6071
:103420001B6819402026019F002F1CD11E4027D069
:10343000294B5B781A40402A13D00C221A40042AE8
:103440000FD02A073BD40122002902D0E100CB0F84
:103450005A4069460978CB07DB0F1A422FD0210169
:103460002AD4072034E0022FE2D11E4008D00029E0
:10347000DED1CC232B4003D16B461B785B0601D5F4
:10348000032025E0A30311D59C4E73691B051B0D7A
:103490005B1C3668F60205D5994E36683607B60FBE
:1034A0009B1B5B1E9BB2052B04D1C1E7029B1B78C3
:1034B000052BBDD006200BE08021064A1160E907EC
:1034C00002D4401C03990880AB480399486000204F
:1034D00004B0F0BD4C1002A8183E0000480002A83D
:1034E000343E0000F2B587494978CA0705D4009AEE
:1034F00012888018401E037800E00023FB2292010E
:10350000106802249D4D2E68F60611D512695340AD
:10351000DBB2002B03D16E68D30973402340002B2C
:1035200003D0020204D40A20F2BDE206944E3260B7
:10353000744A1E02C0230B403343914E336093788C
:103540005E07760F022E06D16D682C4003D1002055
:1035500000990880F2BDA0250D409E081027374035
:103560002F433D090E0702D42E0010253543CC24ED
:103570000C401A262E400A2E04D1CC2C02D02E004C
:10358000FD2535407F4EEE40F60705D4000416D5E4
:10359000412B10D1082912D17B48E840112101406C
:1035A00021432020084310700D210140009808D0CD
:1035B00000F0AAF8F2BD0B2B01D10029ECD00720B6
:1035C000F2BD00F01FF8F2BDB534000038B50C00B4
:1035D0006E490B781A0953399500491925881B073C
:1035E0001B0FEB1A9A1A8018FEF75CFD010002D13E
:1035F000200000F007F832BDF300A3E39814406800
:103600004C0002A8F8B50400614805683D4F3878C1
:10361000D026304202D00D21014005D008205D495E
:103620000860EF20FEF7FBFC39782000314204D01F
:103630000909397000F068F8F2BD0521294020D051
:103640000288FB218901CA60534BEC0705D5521C47
:103650000280690607D4514B05E043242C40422CDC
:1036600003D1521C028043600DE01022494B1A60C6
:103670004B4A09688B00DB0F190111638021090394
:103680001160002101800020F2BD0A888018401ED0
:103690000078830601D4121D0A801822024004D04B
:1036A000088852088018C01E088039480068C00782
:1036B00002D50888401C08803848486000207047C0
:1036C000334A1368DB0708D51268920705D40A88C5
:1036D0008018401E007804280DD110202D4A10605B
:1036E0002F48FB22920112689300DB0F1A0102633C
:1036F0008022120302600020088070470C4000A85E
:10370000080001A8183E000031B581B0254900200D
:1037100000900822244B1D7802230C24254202D15C
:103720000022224903E02C40082C00D10222EC07A1
:1037300003D50C001E21614000931D4207D014499F
:103740000968090601D51A4901E00021C943019B16
:10375000184C21601849FF248C70009C15012543EA
:10376000CD70087018880099401880181880134888
:103770005860002036BD000071360000480002A8E5
:10378000481002A80D0F0C0D071708504B3F000002
:103790004C0002A84C2002A8173800004D38000049
:1037A0001C1002A8DE1B2501183E0000208410001A
:1037B00000FCFF01F43E0000483F000059370000C4
:1037C000183E000021340000393400003934000074
:1037D00039340000393400003934000000000000A2
:1037E000000000000000000000000000393400006C
:1037F00039340000393400002D2B0000393400002A
:103800005F2C00006F2C00009B2D0000FD2D0000A0
:10381000872E00000D300000B12E0000BD300000EA
:103820000D2F00005D2F0000D52F00007532000025
:103830006D330000312C00001F280000CD23000054
:1038400039340000C928000039340000052A00007E
:10385000C92900003934000039340000452A00002D
:1038600039340000393400003934000039340000A4
:1038700039340000393400001F1200001512000016
:1038800090488068000200D4704780B58020800294
:10389000AB490860CF2000F051FA01BDF8B58A4865
:1038A00000688A4C802292032260FB26B6013168B0
:1038B00009051DD5110BA023034001D0216017E09D
:1038C00002403FD18027824A1760824A1760084031
:1038D00038D07C4D287A400705D501207E49086004
:1038E00000027E4908602878002801D0062801DB04
:1038F0000020F2BD00F07AFB716889684E68297873
:10390000052907D1B905A1606E60B668CC2189018F
:10391000724A116000F073FB012E00DA0226BC200F
:1039200080058849086094208005874908606848B8
:103930000021C94301647142416484490F60402100
:103940000160D5E782480160FFF79AFF0120F2BDD0
:103950005D480168890504D5C06E0004000F022887
:1039600001D0002070470120704738B580245848A6
:10397000046000F03BFB05007648006800F068F941
:10398000280000F03CFBFFF77BFF4E48007A000761
:1039900005D5A0004D49086000F03AFC31BD600338
:1039A0006B490860B148046031BDFEB50500CC200C
:1039B000800169494860012668480660FFF7C8FF32
:1039C00000287DD03F4C2078002879D03102019525
:1039D000052802D02A460A4072D1CC27BF015E4A90
:1039E00017608D4A126881231B02134001D0032304
:1039F00001E053075B0F022805D1022B5ED30801BB
:103A000036490860F7BD4D01032804D1022B55D972
:103A100032480560F7BD042802D111404ED0F7BDF1
:103A200005284BD10198002848D0C005C10F684631
:103A300041700198C004C10F6846017000F0D6FAC9
:103A40000290606869464978002903D006688021A1
:103A5000204A11602C0486496A461278002A0CD04C
:103A6000C2680B68D21A834B1B68234001D00668DA
:103A700000E04668964200DD1600684640786A46D7
:103A80001278024308D008684242B01E824202DA2D
:103A90007042886000E00026029800F0B0FA0198B9
:103AA000800501D5964804600198054001D09548ED
:103AB0000460002E02D009480760F7BDFFF755FFEC
:103AC000F7BD0000203E0000440002A8442002A8E8
:103AD0000CC001A890E001A8C4D000A8145001A80F
:103AE00038B580248848046001201C490860874D4F
:103AF0002878052802D0600085490860FFF728FF74
:103B0000002812D013480068000A80214140A868AC
:103B1000000EC9B2814208D23F4800684007400FFA
:103B2000022802D2FFF721FF31BD7A480168C02286
:103B30000A4002D1C06F204001D00448046031BD6A
:103B40001C1002A808E001A808D001A894D001A880
:103B5000441002A818C000A8106001A8C4E000A882
:103B6000F1B582B00F00A020384003D08020800043
:103B70006A494DE000F03AFA009067480468F8029C
:103B800002D5A0680069029000F0ABFB8021090318
:103B9000606800F07DF926780020761C6178B142DB
:103BA00000D200261821714365180C3529780829A0
:103BB000F3DA2670A56055492A780A70BA0507D548
:103BC000554800688068C068FA0201D40322904317
:103BD00088600127384003D100F0A0FC01F004F90F
:103BE000F904686900F054F93C2000F0A7F8F0B23D
:103BF00000F0A4F860884A4901406180009800F014
:103C0000FEF93805454908604648076038024649CC
:103C100008600298FEBD0000184001A810B5434896
:103C20000068800501D4FE2010BDC02080034049FB
:103C3000086000F0DBF9384909688A78D20702D5B4
:103C400089688C7800E00C7800F0D9F9200010BD6C
:103C5000314909688A688B78DB0704D59278182384
:103C60005A438A180C32906070470000100002A876
:103C700048C001A84C0002A8F1B582B02D4F3C68A5
:103C80000026200F000702D1E00102902AE001F097
:103C9000ABF800F0ABF9019080210903606800F0F7
:103CA000F7F825786D1C6078A84200D20025E8005E
:103CB00020180C30009000680290802109030098C1
:103CC000406800F0E5F83D2000F038F8E8B200F078
:103CD00035F825700098A060019800F090F902A8CE
:103CE00001F0DCF814480068800407D5F86901F099
:103CF000CCFD02990818029000D502960298FEBDEC
:103D00004C1002A84C2002A894E001A8203E00001C
:103D1000146001A814C001A8C43E0000442002A8F9
:103D2000FEFF0000C0E000A8106001A8440002A847
:103D3000441002A8C83E0000FC0302A849490968D3
:103D4000002901D5484908607047F3B581B0474F55
:103D5000B968474C4A0057D50125090100D52125EE
:103D60000100444A1068566822689206920E9446F2
:103D70003A68930080221340624613438022520027
:103D80001A4300920A0023D0890601D5012008E0D9
:103D9000F021014007D16946097A0C220A4002D07D
:103DA000022000F04AF83449096809040AD5396844
:103DB000090701D5022605E03968490301D5002627
:103DC00000E003264835009A2C490968890003E081
:103DD000009A2A49896B09094023194011430207B7
:103DE000120F032A05D12268120904231A40324314
:103DF000160080225200002E02D016432666083597
:103E00002166024322662566E06D4407640F00F0D8
:103E1000D7F8A0070BD0052C09D0B868000406D449
:103E200000F0E4F80221164A116000F0E8F800F012
:103E3000D0F8002000F001F8F7BD0E490A68F02321
:103E40009A43000110430860C0B270478020C0024E
:103E50000C490968890701D10B4900E00B4908604A
:103E600070470000500002A8884000A8480002A83F
:103E7000284000A8683F0000684101A8184001A838
:103E8000D4D40350844000A8486000A8485000A83B
:103E900080B56F4A116001F023FDFFF7D7FF01BD28
:103EA000FEB5FB25AD012878000604D5287F002843
:103EB00001D0182400E0462400F098F802906548EC
:103EC000C0684005C20DD52A01D2D52204E0D12018
:103ED0004000824200D90200100001005E4B0193B5
:103EE0002B6B5B011DD55D4B00931D1D5C4E367821
:103EF00006277E43AA530025019B1B7CEB40DB0772
:103F00000CD5009B06266E439B199B888FB2BB4243
:103F100000D2190086B29E4200D218006D1C022DFC
:103F2000EAD389B2091909044E4B0B40001BC005A6
:103F3000C00D184347490860C02000064A49086080
:103F40004548017D00290CD04849D52A02D9802353
:103F5000DB050B60D1235B009A4202D280231B0653
:103F60000B600021424B19604188002900D102807A
:103F7000029800F044F800F071FDF7BD80B53D48AF
:103F80003D4908603D48C1680902090A19225143A8
:103F9000416005210160FFF783FF01BD80B5FB2073
:103FA00080010178090604D5007F002801D0FFF7C1
:103FB00077FF32480068C00301D5FFF771FF01BDEC
:103FC0008020C002224908602D4800684007FBD4C9
:103FD00070478020C0022B490860704701E02A49E1
:103FE00008602A4909680140F9D1704728480068EB
:103FF0002021284A11601021274A11607047302182
:10400000014002D110202349086070472048006811
:1040100030210140102901D1012070470020704754
:104020001E4801210160C160704701201C490860E1
:1040300070471C4800780621014007D01A480068E4
:10404000022803D0032801D00120704700207047C8
:10405000441002A87C400050743F0000443E000021
:10406000403E00000000FF01A0600050A45000503E
:1040700018E000E07F1A0601540002A810E000E0FA
:10408000440002A8442002A8282002A8280002A870
:10409000600002A8602002A8601002A8789001A821
:1040A00084A001A8A43E00006C3F0000F8B563485E
:1040B00080214902C1610221614A51600021614AA7
:1040C000D162614A118003215D4A116002210160C1
:1040D0005E4DCC01A868204010D05A480068F021FD
:1040E0000905014090200005814207D0022058496F
:1040F0000860012001F018FC564804602020564951
:104100000860802055490860CC208001544908602F
:104110000124544804602E683004070F5248006898
:10412000C505ED0D103DC0202843C0B2FFF706FEC7
:104130004448C06B800309D5092F07D0FFF779FFEA
:10414000002801D003F0F9F801F028FA3007000F39
:104150000090464806680098032803D0022806D13C
:10416000032F37D000F05EFA0098032803D0062F03
:1041700030D1062D2ED03E480068C00B204001D023
:1041800001F004FD3B480068000108D5052D06D16B
:104190000125394804606005FFF720FF00E0002595
:1041A0003100380000F078FA0600002D06D000F04B
:1041B0001FFC3248046002203149086060052F4925
:1041C000486580092F490860FFF733FF002801D0B8
:1041D00003F0A1F81A4821040162002F08D102213E
:1041E000416000201749C863C020C0001C494864D2
:1041F0003000F2BD80B5FFF7E3FEFB2080010078C0
:10420000800602D4022020490860FFF7E2FE01BDCB
:1042100002201E4908607047802000061C4909687A
:1042200001400AD0C10D1B4A1278920701D51A4AE3
:1042300000E01A4A11601A49086070472C1002A861
:10424000282002A80C0002A8503E0000B00002A8DE
:104250006C1102A8B82002A894E001A80CC001A823
:10426000146001A8C4E000A804ED00E0B44000A878
:1042700000E200E0F03E0000645000A8646000A886
:104280002C4000A880E200E0081002A8082002A844
:10429000440002A8703E0000FC1302A8FC2302A800
:1042A000442002A85A480068800700D4704770B5BF
:1042B000944801210422BB4B0C02E025ED008668E6
:1042C0002E4002D01C601A6119610068054002D0BE
:1042D0001C609A60996070BDBF48012181600160D7
:1042E000704710B5012088498A680240FCD1BB4A5A
:1042F000042313610C680440FCD193600002106039
:1043000010BD824908680122104200D1704710B5E3
:10431000E023DB000340FF24A41CA34204D3C04BD2
:104320001B689B0600D54868024001D000F044F9A4
:1043300010BDFEB50700764E30683F2188437549B1
:10434000097801433160FFF7DCFF7348802149039E
:10435000954C0825954A1268D20504D5256003229C
:10436000B262016006E0C822B2620622904B1A6077
:10437000904A116000978909C16000980068984FC1
:10438000B968814201D2019100E001900199401A7F
:10439000009908600121009800F0FAFB06000098DF
:1043A00000680199401800990860FFF77BFF8D486D
:1043B00000683860002E13D1002060627B480168DD
:1043C000C90501D4102161620068284001D0256030
:1043D00000E0656095480068400001D568026062B1
:1043E0003000FEBDFB208001017809060DD5007F5D
:1043F00000280AD08A484168C90606D40068A0216E
:104400000140481E8041C00F7047002070470000E7
:10441000500002A880B5FFF7E5FF002803D0002177
:10442000042001F047FC01BDF1B581488149C86015
:10443000EE20C0040860804880490860FFF7D2FF82
:10444000002803D00021042001F034FC7C4C8020A3
:10445000C001206008277B488765012575484564B1
:104460001D2078498862784E9B204000B06107206B
:1044700001F05AFA0220734988624C490A68D20650
:1044800003D57049714A0A6008E00F220968394073
:1044900002D03100103101E0310014310A606C4962
:1044A0000968002900D4B761E32109013160C02106
:1044B000C900684A1268F823DB01134001D1F16298
:1044C00001E05C4A9165216C294008D0616BC90705
:1044D00005D461490968084001D101F009FC0020B8
:1044E000C0435E490860606B054001D1FFF7DAFE0A
:1044F000009801F007FA606B8001FCD4606A5849AB
:104500000860F1BD900102A8940102A8783F000064
:104510002C8001A8523E0000981002A870B5FB2024
:1045200080010178090606D5007F002803D000210C
:10453000052001F0BFFB4B4801683F2291434A4AE6
:1045400012780A4302603E4848490122436B1340F7
:1045500001D10A638A62972252000A6010220A601F
:10456000434AE2231B019366424BCB610021424B3D
:10457000196080235B00072408210C4D2E680E4033
:1045800005D094672C68234006D1916704E0D46776
:104590002C68234000D1D167032313601163090302
:1045A000016070BD881102A8601102A8FC0302A876
:1045B0000C9001A8982002A8F02109012F4A11604F
:1045C00001402F48016020202E4908602E490968CB
:1045D0000840BF4908607047902102A8882102A8BE
:1045E000A03F0000340002A82848294982680A40F8
:1045F00002D1C268114001D00F4901601248082160
:10460000A64A13680B4000D081611178C90602D513
:104610008C21090101601420AE490860E9E1000025
:10462000440002A80448054908607047EC0002A84D
:10463000000FFF00242102A801200000706201A8E1
:10464000100002A8C01002A8501102A8BD0300006B
:1046500028C000A8A88001A8283E0000B46000A8D7
:104660009C3F00002C8001A8533E0000682102A856
:10467000E82002A810100000C00002A8586001A89D
:10468000585001A8482002A8184001A8704201A86B
:104690000080008070470000F8B586B005000C006F
:1046A0008D480068400102D52000402404438B4817
:1046B000C66AFFF79BFC0590B00503D588480068E3
:1046C000FFF7C6FA0020019001237006C00F029088
:1046D000844A916800209060B8204000824E30608B
:1046E0006608B82030401278F0261640402E02D1DD
:1046F0000200402010430D2D02D10A000421114375
:104700004A0704D502001420104310229443774A2C
:1047100012686D462B70D20506D580225200744B6C
:104720001A60020001201043029A002A11D10C22C3
:104730000240082A0DD00200684B9B6BDD0601D4B5
:104740001025AA439B0601D420239A43B12313408A
:104750004FD06A461278002A4ED0A34A956B966DC8
:1047600001236D076D0FAD1DAB40F504ED0C5B1B18
:104770009BB2082B09D280200623584D2B604302A0
:104780009A4D2B6000236D462B708123034036D059
:104790000823029D002D00D113620D00082129433A
:1047A00010239C4304231D05954E3560DD04954E72
:1047B00035606D462D78002D1ED0062B25D3464D35
:1047C000EE6CF60621D5904E3668360E01966D6970
:1047D000ADB28D4EF66B360603D02E0080256D01EE
:1047E000354315612D121561404A1268D50592D4E2
:1047F0000BE008227C4B1A620491009032E000BF6B
:1048000027A34506ED0E5B5DD3E704910090334886
:10481000026B7D490968744D2E686F463E812826DB
:1048200016401E43930CDB0133431600120E324038
:10483000102632401A43890040231940114302AA2E
:104840009170406B000A02A9C870FFF7E7F902A94E
:104850000871019848716D480068C8800298E86640
:104860000398E8660598FFF7CAFB0825600601D59E
:1048700063488560FFF7DDFB002805D064480078B9
:10488000002801D0634805600498C1B20098C0B206
:10489000FFF75BFA200007B0F0BD0000F84F000002
:1048A00003010706030107060501060605010606C2
:1048B00003020706030207060502060605020606AE
:1048C000081A03D2544909684018401C7047000078
:1048D000481002A8703F0000084000A8180002A875
:1048E0001CC000A8683F0000B46000A81C0100AA1A
:1048F0001C2100AAF8B5494F494E0F24012549490A
:104900004948806BC0061BD50120087047480068E5
:1049100047490968FFF7D4FF316F4018012858DB79
:1049200001F08EFA43490968090B0C40022C4ED164
:104930006905414A1160102139643B490D6046E028
:104940003948006CC0001FD53C480068E02189054B
:1049500001403ED0374D286821030140802080016E
:10496000814236D1FFF742FB354A36490968C9050D
:1049700002D53549096811602968090B21400229CF
:10498000F3D0FFF73CFBF1BD30480068002820D091
:1049900001220A7000F0B6FF00281AD101F050FA87
:1049A00024490968090B0C40022C10D102213278ED
:1049B000D20705D5264A12680A4001D01A4A156066
:1049C000CA031D4B1A6039600021204A116001F0B2
:1049D0003BFAF1BD802080041E49086070478020AA
:1049E00040041C4908607047540000AA141100AA32
:1049F00000BF19480168490701D0FF214161704794
:104A0000441002A84C5001A8184001A8448001A8F5
:104A1000D03C0000845000A838C001A8082002A89B
:104A2000703E0000553E0000100002A81CC101A805
:104A300020C001A8B00002A81C1002A84C4001A888
:104A4000800000AA084000A8904000A82C3E00006A
:104A5000F03E00003C2002A80C4000A83D48006841
:104A6000000217D53C4801680BA2008ACA384009E9
:104A7000105C081840B2082801DB401F02E0002843
:104A800000D5401D35490A68354B1340000680119A
:104A9000184308607047000002010000FFFEFD009F
:104AA000FF2807D0032805D22E490978C140C8073E
:104AB000C00F704700207047F0B580200002082129
:104AC000294A11600A230121284A01249C400443F9
:104AD00029A5ED5C25439560F025254E3560224DD6
:104AE00028A6F65C022737432F6004262E60214D4E
:104AF0002D680D4006D1CD026D1E03D0966C360395
:104B0000FAD401E00220F0BD956CD66C6D036D0BFC
:104B1000AE4200D220005B1ED7D50823144C236080
:104B20009060AC4B1B685B0112D5AB4C63785D1C8D
:104B300001262E4066701D00062675436519126811
:104B4000AA80E880237007480278994011430170D9
:104B50000020F0BD500002A8643F0000F80302A846
:104B6000FFFFE3FF843F0000889001A8448001A874
:104B700088A001A8140002A8000000010102040896
:104B80001020200050505040404040302020200055
:104B9000F1B584B0914C92484068C00516D5606A62
:104BA000E021C9000840884210D1AA48006E0004E4
:104BB000000F8C490A68D20601D5072804D009687D
:104BC000C90603D40B2801D1002001E1FFF784FBC3
:104BD000A1484069400101D401251CE09F48826B37
:104BE00000207D49C3B206256B43CB189B8895B244
:104BF000AB4204D0401CC3B2022BF3D3FF20087099
:104C0000012595484069400105D50878FFF748FF20
:104C1000002800D0002592485021405C000608D5AD
:104C20008D480078002804D08B484078002800D1B7
:104C30000125E06902906A480068E061894E0498A5
:104C40000068316D4718012F16DB00F0D2FD30608F
:104C5000C001381A01280FDBFFF743FB00F0C4F84E
:104C600004980068316D401800F04CFE002803D015
:104C70000021049A116010E07B4FC020C000386012
:104C80002068072832D005210840052808D0216077
:104C90000C2000F049FE002802D00299E16197E063
:104CA000724EFF207A3070620420B062FFF719FB69
:104CB00002203060E020C0046D49486080208004FC
:104CC000786002203860012000F02EFE80208000F5
:104CD0007062022000F028FE8020C0007062082070
:104CE000B062022000F020FE0220B062614EE0209F
:104CF0004000F0615A480078C00705D580200006C2
:104D00005D49086040083060042000F00DFE01900D
:104D100000284BD102205649086080027064C0010F
:104D2000706410204D4908600120B0674C4F49481D
:104D3000006840061ED448484069400113D5264803
:104D400000786946087068460078FFF7A9FE0028D9
:104D500009D0214869460978062251434018C08885
:104D60003E49086406E001203873FFF7A5FE019074
:104D700000281BD10120394908600020C8670220A3
:104D800000F0D2FD3C4E4020F061C030F061387838
:104D9000C00705D5C020000630603048006CF8819F
:104DA000022000F0C1FD8120C0027064002D05D0FA
:104DB00028480068800101D4FFF7F0F8E069E0219D
:104DC0004903014002982D4A02400A43E2610198DA
:104DD00005B0F0BDF03E0000403E00005C0102A8BE
:104DE000F80302A8B04301A870B5FFF775FAFFF702
:104DF00078FA234C23480068C00509D5E06F000B02
:104E00000F210F220240072A23D001400B2920D076
:104E10000225124805601C4E0820B062C001706275
:104E2000012000F081FD2802706235600620B0622A
:104E300016487062E0204000154908600C48056083
:104E40000021144A1160C021C90001602068124984
:104E5000086070BD500002A8DC3E00000C8001A874
:104E6000703E00008C3F0000981002A85C1102A860
:104E7000982002A8109001A810A001A8FFFFE3FF4E
:104E8000340002A8FC0302A85C2102A8F96100001A
:104E90002CA001A85C0102A8943F000070B5060098
:104EA000FFF71FFA2848C021C900284A1268F823D2
:104EB000DB01134001D1C16101E0254A11602549A0
:104EC00080225200244B1C68144003D00824046044
:104ED000032001E0AC20400088641868024001D142
:104EE0000A2008601D488021490301608909C160CA
:104EF0001B4C6069AF21C90145183068854200D359
:104F00000500401B306000213000FFF741FE316892
:104F10004919316013490968216070BD8020000182
:104F200011490860000111490860704710B504007C
:104F3000FFF75CF80E490A680E4B13401C430C60E7
:104F4000FFF75DF810BD0000601102A8AC8001A859
:104F50007C2102A80C8001A8FC0302A8981002A8DA
:104F6000903F0000340002A8441002A8685000A836
:104F70003040005AFFF8FFFFF1B584B0E020C000D8
:104F8000FFF7D4FFB04800680190B048006BAF2134
:104F9000C9014018AE490978C90708D40499884264
:104FA00005D2081A00F0AEFC002800D016E2A94C89
:104FB0006068C00700D511E20425A748C562A803B0
:104FC000A6498862A248006D0090A06B8607B60FC4
:104FD000032E03D01020A049C86223E00846E9034D
:104FE0008162E16B890601D5012053E00099090631
:104FF00010D5E26B02210A400CD1994A05231360B7
:10500000E36B10273B401943116000211160A16B35
:10501000090A1160C562E06B002803D5E8038E49D8
:1050200088620026A06B284004D0A06BC000A901B4
:10503000084003E085488068C10701D5FFF7BCFA46
:1050400001200099014008D0BE49B2018918096ABF
:10505000C904C90C491EBC4A11600021BB4A13682F
:105060001B0403D5926F002A00D40121C0208000C8
:10507000B74A50653202764B1B78DB0701D4002912
:1050800001D0010000E01100B24B1960B049886501
:105090005A600020216C942292050A40110000D031
:1050A00001216A4611706E026F0369460978014357
:1050B0002CD0CB480078C0210140402902D1FFF715
:1050C00099F801E0FFF7A4F82020206068460078F6
:1050D00000281AD0A06B284009D028035F498862B5
:1050E0000220C049086000F0A1FA002805D05A4803
:1050F000C5625A488662BB48076055485021405CEB
:10510000000602D568045449086067E16068C0077A
:10511000FBD4E8035149C862FEF752FF8A48406E4B
:10512000216C394008D1C00606D5FEF75FFF022189
:10513000AD4A1160FEF763FFFEF74BFFA802206047
:10514000C0200006A949C860A803A9490860A06B4F
:105150004007C10F684601700198C00700D4CDE038
:1051600000F06EFE0290FEF75BFF206C40040DD451
:1051700000BF00BF00BF00BF00BF00BF00BF00BF37
:1051800000BF00BF802000069A490860FEF74DFF6F
:10519000029800F059FEEE20C004AD490860934823
:1051A0004662954903220A647F224A644222019B97
:1051B000DB0501D40A6000E002600646A020B06072
:1051C00008208B490866A3480560206CC0025BD5A7
:1051D000A14841680A0B0F2313401A01D21A09098A
:1051E0000F250D4051190F3901D1002200E04A1E50
:1051F00082A55B00EB5A0193102945D313490D8812
:10520000E72D41D395235B009D42019B9C4608D826
:1052100095235B005B1B1B0965465D43AB0A5D4242
:1052200005E08E4BEB181B0965465D43AD0A6DB278
:1052300052190B6B9C46CB6B5D4363465B190B634A
:10524000B32A0FD3B32210E0FC0302A8743F00007E
:10525000703E0000100002A81C2002A81C1002A82A
:10526000E40000AA0F2A00D20F227D485043C00C50
:105270007C49784B1960411C09030301C01A1018BE
:10528000401C00010843B066714D7748A864C020F7
:105290008001F06056487549416775498167F02083
:1052A000000168657809B0610A2000F03DFB8220AA
:1052B0004002B066C4200006F060C02040016D4985
:1052C0000860012000F030FB0120F060062000F0B3
:1052D0002BFBF760082000F027FB7802F060400805
:1052E000F0604008F060C000F0604000A864032057
:1052F00000F01AFB78005749086004E05E4A40213C
:10530000002001F015F80020C0431149086000F0AA
:1053100070FA9B4E401DC001316B47188020C001C0
:1053200098494D6F0540984908600498874214D207
:10533000316B401A00F0E6FA00280DD09348056062
:105340004CE000BF0C0000AA204000A8684101A862
:10535000B46000A8085100A8049F8D482349C86084
:10536000012000F0E1FA606AF062802040002049EC
:105370000860380000F0C6FA864F3878C00703D5B9
:105380008C204005FEF72AFE68460078002806D1EA
:105390007C48006878678020C0037F4908607B48AC
:1053A00005602B4802218164C02189018164606A03
:1053B00070626846007800280AD0012000F0B4FA34
:1053C0005020385C000603D5802000039649086011
:1053D000206CC00202D520480068306305B0F0BDE3
:1053E000F03E0000685000A8D4E40350601102A809
:1053F000B81002A804500950600102A80000000083
:10540000000400080008010C01100218021C03240B
:10541000042C04300534000080B55E490978C907C2
:1054200001D5002803D0C0208000FFF77FFDFEF7E4
:10543000DDFD954900220A600A22CA61FEF7DFFD00
:105440009248C021890201609149416001BD00007C
:10545000242102A8C82102A8F83F0000D6FEFFFFC1
:1054600089880000F0F0000004040000020300003E
:105470000004FF00B05101A8050700008548806BBB
:10548000800300D47047F8B583480068009000247A
:10549000002001260099314001D0C02080017F49C1
:1054A00002220A60086408277D4807607D4800687A
:1054B000C00403D47C4800683840FBD07B4D34489E
:1054C0006865042000F030FA8820C0046865009800
:1054D000304027D0F005686580006865012000F045
:1054E00023FA6E65F00368654002686500F0A8FC69
:1054F0000600FEF795FD6748006C40040DD400BF20
:1055000000BF00BF00BF00BF00BF00BF00BF00BFA3
:1055100000BF8020000666490860FEF786FD300067
:1055200000F092FC634E0098C00501D5376000E0A2
:1055300034607460C02000066865C00C5E49086075
:10554000012000F0F1F9F0200001E8665B480099C5
:10555000C90502D50321016000E0046086204002F5
:1055600057490860574868652F60A0202865346453
:105570007464B80247490860000153490860F1BDEE
:10558000743F000020C001A894E001A894D001A8B5
:1055900002400000703E00001C1002A8F8B54B4805
:1055A00000680D2707400424002F00D10427484835
:1055B000102566030821474A474B1B6823401268A1
:1055C00014D04260394004D00220FEF736FC434834
:1055D00006603C4007D042480068054340480560EB
:1055E000B0083E49086002203E4915E0026039409B
:1055F00005D00220FEF721FCA002384908603C409B
:1056000006D0374801680D430560700933490860CA
:105610003448066030032C490860FFF72FFF002153
:105620000020FEF792FBF1BD1C2002A810B58020DF
:105630002D490A6802400AD02C4B1A6806241440EF
:1056400005D15C6E2A4A22401B6D9C0101D50020C9
:1056500010BD096808400DD02648824203D11805C4
:1056600001D5012010BD24480068C107C90F481E9C
:105670008041C00F10BD214803210164A821C163EE
:105680001021016070470000D80000AA442002A841
:1056900004000080100002A8FC0302A82C1102A83C
:1056A000106001A8D84001A8104001A8182102A844
:1056B00004600950600102A8B06101A8548001A8EB
:1056C000C82102A804340000482002A8B44000A861
:1056D000E83E00001CC101A8480002A8441002A82E
:1056E000683F0000685000A8440002A814C001A848
:1056F0001F1F0000010C000030C101A8082002A8F3
:105700006C4800680121084209D16B4A12686B4B52
:10571000000C1840F03291400B40984201D002201A
:10572000704700207047F8B507000F386A461080B0
:10573000604CE0680A0004D16B461B8882B29A4232
:105740003AD200226B461A80012502263A0013D075
:105750002268324007D000292ED059480088401CCA
:105760005749088000203900216156490E6080B2F7
:10577000B84201D369460D805348456000E030BF10
:105780002068304003D1FFF7BBFF0028F7D04D4819
:105790004560390010D02168314005D048490A8859
:1057A0006B461B88D2180A80066000202061E068E2
:1057B000B84201D244480660FFF7A2FFF2BD38B5F7
:1057C000050000F03DFB0400012199204543A80994
:1057D0003E4A12688018123880B2FFF7A4FF050015
:1057E0008020C0013A490860200000F02DFB28000D
:1057F00032BD334803883549096802889342F9D19C
:10580000100408187047FEB51238070C6946088066
:1058100000F016FB0190274C294D2888B8421ADA6F
:1058200001202C490860274E30BF0220216801402A
:1058300006D030604003264908602888401C288034
:10584000FFF75EFF002802D12988B942ECDB012175
:10585000716000280DD12888B8420AD1E0686946F5
:105860000988884205D2002168460088FFF75BFF5F
:1058700001E0FFF745FF04008020C00114490860E3
:10588000019800F0E1FA2000FEBD10B512490A6847
:105890000E4B1B680C689442FAD0DB014033141A9B
:1058A00002D288692418641C0C4800684443181B01
:1058B00010BD0000280002A804ED00E0FF3F00003A
:1058C000503E0000282002A8281002A8340002A898
:1058D00080E200E02C1002A820C001A8B43F000024
:1058E000F0B502E00A601C602E607EC84F1C07D035
:1058F0005F1C04D06F1CF5D10A601C60F0BD0A600B
:10590000F0BD000010B5C409FFF773FF201A31285D
:1059100006DAC000183801D4C01EFDD5002010BD25
:105920002000FFF770FF10BDC32148436F3801D43A
:105930001E38FDD50020704780B5FEF77EFA0120A5
:105940008C49086001BD38B58B490C6808258B4926
:105950000D60FFF7F1FF2C4001D08948056031BD93
:1059600080B5EB2000F001F801BD30B585490B682A
:1059700018401022134211D0834BFB24A401246849
:10598000224008D0B04A14682402FF252D02254089
:105990001D6300241460802252031A60086030BD29
:1059A000F3B5010016001C0000250095A748019AD8
:1059B000330000270BE0BC464F5D4743AE009E59C5
:1059C0007E40575D47433740664637436D1CA542CE
:1059D000F1D3390939438A080A4351081143084071
:1059E000C10901430F208A0B0A4302405040F6BD13
:1059F000F1B582B00E00002093490860FD25AD018D
:105A0000EF7AA87A01900F21394000910ED00B4611
:105A10008F4A90490298FFF7C3FF019901408A48D5
:105A200001608D4841438D48084001D1012400E0C8
:105A30004401380915D032003B0929000298009E24
:105A40006D7A75194019FFF7ABFF019909110140F3
:105A50007D4802680B0113430360002901D0480010
:105A600044437F480068204001D10420FEBD00204F
:105A7000FEBD80B50A00002111807A495288801845
:105A8000FFF7B6FF02BDF0B50F22774B5C790578C2
:105A90000F202040C5402009284001259C79C440A2
:105AA0002C4001D10320F0BDFB24A4012468254033
:105AB00008D06E4D9E684700F65B761E2E608026ED
:105AC000B601EE60DD78DE79C640F00711D5E0065C
:105AD0000FD5002D0DD0664848600888488008889A
:105AE0001C7800192A4080185A7880182A098018D2
:105AF00000E0002008800020F0BD10B55D4801687E
:105B00005D4A0820014200D09061C90602D58C216F
:105B10000901116059495A4A5A4B1B681B040CD59C
:105B20004B685C0402D5C303136006E0C024A401E3
:105B30001C4043029C4200D010600B68034005D01B
:105B4000514B1B689B0F9B0700D01060FB2080010E
:105B50000078C023034002D180204005106008680F
:105B600020210840106049480068C00101D4FFF7B7
:105B7000F7FE10BD2C4000A84C4000A84C6000A8C7
:105B80004C5000A8703F00001C1002A8F8B5404F10
:105B900038687E6806403F4830403F4908608024AE
:105BA000A4033E4DF00228D5FB20800101680120AE
:105BB0000A0605D53A490968A9602870022014E050
:105BC000014202D03749A9600FE00020C9060CD578
:105BD0002749A960344A91780B071B0F12789A184D
:105BE00009095118A980E880A888A880A8880028F9
:105BF00001D0264301E0FFF7B3FE264023D0264E16
:105C000074603460A88800280BD0396A814208D3B8
:105C1000291D2648AA6890470100F3D0FFF78CFEA3
:105C2000F1BD01000CD0FC218902F1612049020381
:105C3000CA6134604C603A6A824204D30C60F1BDA0
:105C4000EB20FFF792FEF1BD303E000001010101A3
:105C5000F83E0000383F00001111000021840000D0
:105C6000F43E0000183F0000483F0000204000A81C
:105C7000B3220000F84F0000502102A8184001A8EC
:105C8000481002A8684101A84C4201A8D04000A8D1
:105C9000B44000A8FFFFDFFFB46000A8343E00005E
:105CA000C83C0000C7220000493F0000D84000A8BF
:105CB000B45000A870B505000C0000F0C1F8060053
:105CC000FEF7AEF9200205430648056002200649AA
:105CD0000860FEF7AAF9300000F0B6F80120034989
:105CE000087070BD0480095040900950543E000077
:105CF000FEB5C020C00433490860334833494865C5
:105D00003348886533484024046044601020FFF71E
:105D10000BFE002854D1FF2000052F4908602F48B2
:105D20002F4908602F4829490860A5032A480560C3
:105D30002D4807680820FFF7F7FD002840D1082606
:105D40002A4806600120FFF7EFFD27488068019090
:105D50002748066027481D4908601F48056008203D
:105D6000FFF7E2FD00282BD1204806600120FFF755
:105D7000DBFD1D48806800901D480660134D1E48DD
:105D800028600199009800F03FF88606B60E019849
:105D9000C10B0098C00B00F037F80002FC2189010C
:105DA0000140314329601048076060030A490860D8
:105DB00012480460446012490164124941640020A1
:105DC000FEBD000020E000A8571400004C0102A80E
:105DD000FF3FFF3F601102A8B42002A80000380E68
:105DE000B41002A830300000104101A8105101A8E1
:105DF000106101A81010000020200000602102A8FE
:105E0000F703F000FF3F000010B54904CA1040043A
:105E1000C310991A00209A18D30F9A1852105218CA
:105E20008B115B0E5B18DB11D2182023541A01D49E
:105E300022001843CC0F611849105B08F6D110BD41
:105E4000EFF3108072B67047002800D162B6704739
:105E500010B5C20018231340FF249C40E243890779
:105E6000090E9940030004D474489B089B00C01895
:105E700006E0734B0007000F0838800880001818F0
:105E800003681A401143016010BD80B5732254218C
:105E9000002000F04DFA01BD10B5FFF7D1FF6949B0
:105EA00001220A60684B694C2360694C236003231C
:105EB000684C2360684C2360684B1A60684B1A601A
:105EC000684B80241C601A60674A1A6011228A633A
:105ED000FFF7BAFF3F206549096801400A1D402AC3
:105EE00000D2081D624A1070A548017010BD80B52F
:105EF00001001120FFF7ACFF01BDFFF7A1FF050076
:105F00000024012160B2FFF7A3FF641C0E2CF8D31C
:105F100001210F20FFF79CFF01211320FFF798FFBD
:105F200001211720FFF794FF03210120C043FFF751
:105F30008FFF01211E20FFF78BFF4E484E4908605E
:105F400002204E49086001209B49086047044C4CE0
:105F500020693840FCD02068800101D4FEF70EF89B
:105F60002800FFF771FF47480068400311D4FF2263
:105F700026325321002000F0DBF90AE000281CD073
:105F8000FEF734F819E020693840FCD02800FFF70C
:105F90005BFF206E0004000F022801D1FEF7AAFC6F
:105FA000FFF74EFF0500774EFEF730F800287078B7
:105FB000E4D0002801D1FEF722F801202F493278E1
:105FC000002A05D17D4A1268920600D4086030BFCD
:105FD0000022327002220A6077490860D3E77848CD
:105FE000016842680A4080481040184908608007EC
:105FF00000D4704710B57D480188491C0180FB24FE
:10600000A4012078000617D579490A680F20120BE1
:106010000240032A10D1774A12685207520F032A0E
:106020000AD80968090B0840032805D10D20FFF79D
:106030008AFCE08A401CE08210BD000000E400E021
:106040001CED00E0040002A80000FF3F282002A889
:106050002C1002A840E002A844C002A804C001A875
:10606000044001A8145001A8200060062C8001A85B
:10607000523E0000FFFF9B4000E100E0602002A8CC
:10608000500002A8F80702A8F8B55B4C20686568C4
:106090000540904805605948284007D0FDF7C9FFE2
:1060A000002803D0280056490968884701210222A8
:1060B00089480078C00701D5022300E001232B4066
:1060C0008648002B10D0864B1A60864A12680A4018
:1060D00007D10268F0231B0513409022120593425A
:1060E000F3D00902804A116080210D4220D0A26ABB
:1060F000F823DB0113401BD0C0221201934217D8B2
:1061000080231B06894E3360A76AF826F6013E40BD
:10611000374F3F683F043F0F022F01D0032F03D1B9
:10612000002E01D09642EFD3904A1360694A116065
:106130008F49097806290DDACC20800128401DD02E
:10614000FFF77EFE04002800FDF72FFC2000FFF77C
:106150007BFEF1BD806B800510D58648284005D0B8
:10616000FEF798FA2800FDF720FCF1BDA80205D53E
:1061700080204001574908607F490860F1BD000058
:10618000533E0000553E000010B57C48016844684D
:106190000C407B48046080210C4205D04160794866
:1061A00001600020FDF701FC600403D5802040055C
:1061B0007549086010BD0000601002A8F40302A831
:1061C000280002A838B57148016844680C40E0070F
:1061D00007D5FFF735FE0500FDF782FC2800FFF725
:1061E00033FE6B48046031BDFFFF00C0503E00002D
:1061F000B00002A8184001A8104001A80200060043
:10620000CC3C0000FEB5634C206C676C0740012558
:106210002F4216D02E066048066020685F490D6048
:10622000002802D00021FDF733FE5D480068A02160
:10623000C90188428041C043C00F5A4948705A483A
:106240000660FDF7D3FE0190022007403ED0616852
:10625000CEB20F0A55490822494B4403012E24D0DF
:10626000022E31D1012F22D1514EF6780096504E98
:1062700037780126BE404F4F3E604D4E367876054A
:1062800090277F04F71903263E434B4F3E601C6066
:106290004A4B1C600B68009C1B194B6544490978EC
:1062A0008D4047490D6047490DE00090DFE7002F22
:1062B0000AD1454E356000254D655C601C60C10407
:1062C000424B196042490A60344908600198FDF761
:1062D00096FEF7BD106001A8703E00000C0002A8F9
:1062E0006C1102A8B44000A8B82002A870B5FDF750
:1062F0007DFE0400FFF7A4FD2F490A68D2070FD5E1
:106300002A4A566D1368334D2E60CE686E60496818
:10631000E9818021C904204E3160297B59185165DB
:10632000FFF792FD2000FDF76AFE70BDE06101A855
:10633000002800D0704770B50C00FDF757FE05002F
:10634000FFF77EFD0600FDF76BFE23480460012188
:10635000224A1160026C0A40FCD1FDF766FE300053
:10636000FFF772FD2800FDF74AFE70BDE05101A85D
:10637000203E000000104006145001A890C001A863
:1063800090E001A80CC001A804ED00E0C0C000A886
:10639000C0E000A800C002A8441002A840E002A883
:1063A000404000A8553E0000442002A818800A5032
:1063B000693E000068A00A5060C101A894D001A8FD
:1063C00068900A50F42302A860E101A880E200E08E
:1063D000F41302A8603E000000800950409009506C
:1063E00080B5FDF726FE002801D000F0B3FE01BD08
:1063F00080B5FDF75BFEC348006800030AD4FEF7D2
:1064000011F9FFF73BF8FEF789F80120FFF704F8D0
:10641000FEF7EAFC80208005FDF7E0FD01BD80B5B8
:10642000FDF744FE80204002FDF7D8FD01BDFEB51A
:1064300005208D4908608D4806680124264201D157
:10644000FDF74AFFFDF732FE9C49086800909C4822
:1064500049680160B105CA0F69460A7100252642E4
:1064600010D000959749496801609648026896499E
:106470000B68981A9A4202D38B69C018401CA24B31
:106480009842F5D3A148056068460079002804D0F9
:1064900031000098FDF764FB009000279B480068DE
:1064A000204003D16846FDF744FF0700FDF79AFF3F
:1064B000002840D08348407C00283CD19449814D3D
:1064C000EE680A6933689A4200D00120914A9446E6
:1064D000914A1378062253436246D35AB4460200C7
:1064E000182672436646B2185360009A0192EA6811
:1064F0000123434018204343D61830680861B06830
:106500000860A248F1680160316901627069A049C0
:10651000086001A8FDF70DFF002806D17D497E4ADD
:10652000127806235A43895A7160390007000F43D5
:1065300001D16C7401E0002F02D10098FDF774FFC7
:106540009E48046002209E490860C820C004BC49DF
:1065500008606004FDF742FDF7BDF8B5994C802551
:10656000EF02FDF73FFF002808D097480078002889
:1065700004D13800FDF732FD2560F1BD206CC00567
:1065800006D580200006206000BF00BF40082060C4
:10659000FEF72AF8FDF78AFDFDF780F90600A94805
:1065A000A9490860FFF71CFF3800FDF717FD002E12
:1065B00000D025600120A5490870F1BDF8B5012083
:1065C000FFF795FCA24CA34800682060FDF76EFD24
:1065D0007820205C0521014002D0FDF70BFE01E090
:1065E000FDF716FE774D0227A06F384001D001203D
:1065F00028601020C043984908600026EE63974841
:106600000660FDF716FD002802D000F0F0FD00E066
:106610006663FDF7D5FC92480068296C090407D42D
:10662000000705D5FDF7E2FC8E490F60FDF7E7FC9A
:10663000FDF7CFFCFFF761FAB804FDF7CFFC0020AF
:10664000FFF755FCF1BD80B5FDF730FD2D48006822
:10665000000303D4FDF762FFFEF7C6FB8020400372
:10666000FDF7BCFC01BD00005C1102A8440002A8BB
:1066700038B5FDF71BFD534C2025FEF7D7FF00284A
:1066800006D0606B000704D5FEF7F5FFFEF746FC69
:106690002560FDF743FFFEF7A7FB734800780C2148
:1066A0000140042902D1FDF7A5FD01E0FDF7B0FD91
:1066B0006804FDF793FC4020206031BDB83F000026
:1066C0002C3E0000CC3E000020C001A81CB50520D7
:1066D00066490860FDF7EAFCFEF7CDFF64480068F4
:1066E00000906846FEF7DAFB0400FFF779FE002C05
:1066F00002D10098FEF740FC80204004FDF76EFCBC
:1067000013BD00000C0002A801FF0000283E00009D
:10671000348001A8463E0000403E0000F8B5FDF779
:10672000C5FC544CA56A5020284002D0FDF762FDFC
:1067300001E0FDF76DFD234FFEF778FF00281BD128
:10674000B86B40071DD4786BE0214901014018D196
:10675000A80611D4FDF734FCA56A474E354207D090
:10676000FF20C0432D18A56280200005A9490860BC
:10677000FDF72FFC2E4002D00120386001E0002000
:10678000206080208004FDF729FCF1BD1C4101A898
:10679000284000A880B5FDF789FC9F480068C00527
:1067A00001D5FDF7BBFE0120FEF736FEFEF71CFB10
:1067B0008020C004FDF712FC01BD0000442002A8A7
:1067C000305201A8100002A8DD3E000010B5264896
:1067D0000468FDF76BFC9149096809032AD4032179
:1067E000C00601D5214001E0A0080140012902D1E5
:1067F000FDF700FD0BE0200107D50E20FFF79CF808
:1068000087480421016008210160FDF701FDFDF7C3
:1068100078FD844C206984490860FFF7E1FD206819
:10682000002807D04000122802D2FFF77DF801E0CF
:10683000FEF7C5FF80208003FDF7D0FB10BD0000F0
:10684000106001A870012000B46000A8553E00004F
:10685000783E000008C000A8482002A8303E000092
:10686000844000A8D4E40350F03E00005C1102A86C
:10687000CC3F0000C83E000000FFFF00FEB5002432
:106880006A490C730120694608700294FDF70EFCFA
:106890000600624F3868000300D5B5E003209F4929
:1068A00008649F480268FF2080019E4910255F4BC5
:1068B0001B78DB0720D51207120F022A03D09A4A51
:1068C00012682A4004D1594A5268584B5B7801E05B
:1068D0008A680B688E6A096A0091911B14225143E1
:1068E000DBB2C918009A891A09014068081801D555
:1068F000019453E0019051E013071B0F032B03D0C9
:106900001204120F062A3AD18968426802923A6C40
:10691000920701D5806802900800FEF7B6FF029941
:10692000401801D5019400E00190B86B0107C80F31
:1069300003213F4A12680A40022A1AD12E4018D079
:106940003A4A126DD30512D5FE6B984B1E409E42FB
:1069500002D172490D640CE092050AD43A6C2823E6
:10696000134006D16B461C702A4A116001E06A464A
:106970001470029068460678002E03D10FE000687C
:1069800001900126FEF752FE002808D0FEF773FEA4
:106990000298002802D0FEF7C1FA00E0002602208B
:1069A0005E490860002E10D0214800780C2101407B
:1069B000042902D0F86B054002D0FDF71BFC01E072
:1069C000FDF726FC202078601EE018480078C007FC
:1069D00005D555480068054001D1FDF71DFCFDF7C0
:1069E0009DFD802000060B4908600020C0437049CF
:1069F000086001A8FEF752FA0400FFF7F1FC002C32
:106A000002D10198FEF7B8FA80200004FDF7E6FAFB
:106A1000F7BD0000481002A8680102A80C0002A8F7
:106A200080E200E0AC3F00002C3E0000703E000021
:106A3000F03E0000FEB500245E490C730094FDF7A3
:106A400035FBFFF7CDFC5C4DE86E5C4E0007000F98
:106A500007280BD16868002808D40020FEF7DCFC6A
:106A6000306857490860FDF7D5FC52E00120102737
:106A7000696849070DD453490968014009D00102EA
:106A80004C4A126D0A4208D0520502D42A681140BD
:106A900001D1009001E04C48076046480078C007EB
:106AA00005D521480068384001D0FDF7B5FB4748BF
:106AB00001680320009A002A01D0890900E0090931
:106AC000084001900020FEF7A7FC0198002805D19E
:106AD0006868074002D1FDF79BFB01E0FDF78AFBE8
:106AE00000200099002903D139480068FEF7CDFE47
:106AF0007169401801D5009400E000906846FDF7E8
:106B000018FC002805D10098FDF78EFCB0692C49CF
:106B1000086080200005FDF761FAF7BD082002A893
:106B2000B00002A804C101A8B04301A8F8B5FDF760
:106B3000BDFA002400252748466B80277F053006D4
:106B400006D5300709D5FEF796FDFEF7E7F929E0EF
:106B500001251C480068284019D00020FEF75CFC85
:106B60000220064002D01C490C60C8611B48046822
:106B7000002D03D02000FDF77FF80400FEF77BFD19
:106B80002000FEF7F9F93800FDF728FAF1BD0F48AB
:106B90000078C0210140402902D1FDF72BFB01E024
:106BA000FDF736FB20200B490860ECE710000010D1
:106BB000B46000A8703E0000440002A8BC3F000082
:106BC0002C3E0000B44000A8481002A8F03E00008F
:106BD0001CC101A8100002A8180000AAD83F00009C
:106BE000FFF75AF9024803494860FFF786F900BFEA
:106BF0003B2700000000000080B5EFF305800B2864
:106C000001D23A2100E02921FF2216320020FFF7AD
:106C10008FFBFEE762675F6D657373616765207266
:106C200065636569766572730062676275660061A7
:106C3000636C006C6C5F636F6E6E656374696F6E1E
:106C4000006C6C5F6164765F736574006C6C5F767A
:106C5000616C696461746F720062675F6D65737304
:106C600061676500736F66745F74696D65725F6DEF
:106C7000657373616765006C6C5F6164765F7379DF
:106C80006E63006C6C5F7363616E5F73796E63003B
:106C90006761705F706572696F6469635F61647674
:106CA000006761705F706572696F6469635F7379B3
:106CB0006E63006C326361705F636F635F63686112
:106CC0006E6E656C006D626564746C735F636F6E8D
:106CD0007465787400000000296C04082F6C0408A7
:106CE000336C0408416C04084C6C0408596C0408AB
:106CF000646C0408776C0408836C0408906C0408C6
:106D0000A16C0408B36C0408C56C04086267627562
:106D1000665F696E0062676275665F6F75740062B8
:106D2000676275665F6E6F666C6F770062675F6D36
:106D3000616C6C6F630000000D0003000200010035
:106D4000050001020373796E635F6C69737400E67A
:106D50009D350E480103CCDBFDF4AC1191F4EFB985
:106D6000A5F9E9A7832C5E2CBE97F2D203B02000D0
:106D70008BD28915D08E1C742430ED8FC24563767A
:106D80005C15525ABF9A32636DEB2A65499C80DCD0
:106D9000006C888391AAF5A53860370BDB5A6083B5
:106DA000BE00000001000100050100050202030011
:106DB00002000000000002050100050000010001C2
:106DC00000000100010202030002000000000002B6
:106DD0000201000215DF0208EDD9020853F1030891
:106DE000C1F0030857EA0308C5D7020811D7020803
:106DF00069D50208B5EE03080DE5030881DB02083A
:106E0000A9D00208F5CE02080BEE03089DED030899
:106E100045ED0308A3EC0308EFEA030875CC02086C
:106E2000A1CA020859CB020811E5030845C80208A7
:106E3000BF01FB9D4EF3BC36D874F5394138684C20
:106E40008BD28915D08E1C742430ED8FC2456376A9
:106E50005C15525ABF9A32636DEB2A65499C80DCFF
:106E6000E69D350E480103CCDBFDF4AC1191F4EF47
:106E7000B9A5F9E9A7832C5E2CBE97F2D203B02006
:106E80003F49F6D4A3C55F3874C9B3E3D2103F506D
:106E90004AFF607BEB40B7995899B8A6CD3C1ABD24
:086EA00074F5FB7F0100000006
:0C6EA800B46E0408A0300020B800000008
:106EB4000000000000000000FFFF000000C00550BB
:106EC40000C201000000080900000010000060007A
:106ED400020105000000000050310020D0300020E5
:106EE4000000000000000600000000000000000098
:106EF400000000000000000000000000000000008E
:106F0400000000000000000000000000000000007D
:106F1400000000000000000000000000000000006D
:106F2400000000000000000000000000000000005D
:106F3400000000000000000000000000000000004D
:106F4400000000000000000000000000000000003D
:106F5400000000000000000000000000000000002D
:106F64000000000000000600000000000000000017
:106F7400000000000000000000000000000000000D
:106F840000000000000000000000000000000000FD
:106F940000000000000000000000000000000000ED
:106FA40000000000000000000000000000000000DD
:106FB40000000000000000000000000000000000CD
:106FC40000000000000000000000000000000000BD
:106FD40000000000000000000000000000000000AD
:106FE4000C0E0020E4100020E8110020C0EA21016A
:106FF400C0EA210100800000C0175302FFFFFFFF19
:10700400F43100200040170800A0000034170020CD
:10701400C8000000FE00000000000000180E040874
:10702400C80A0020FFFFFFFFFFFFFFFFFFFFFFFF76
:10703400FFFFFFFFD3C403080000000001000000AD
:10704400000000001000000010000000D9B5010885
:1070540000000000E1E8010800000000000000005A
:1070640000000000D5EF010800000000000000004F
:1070740000000000D5EF010800000000000000003F
:10708400000000003FB203080000000009050208E8
:10709400000000000000000000000000B504020829
:1070A400000000000000000000000000F5080208D5
:1070B4000000000000000000000000003D13020872
:1070C4000000000000000000000000000D1B02088A
:1070D4000000000000000000FFFFFFFFDFB5030811
:1070E400682C0408FFFFFFFF7C2C040809BD03087B
:1070F40005BD0308FFFFFFFFFFFFFFFF19BD0308E6
:10710400B1C10308FFFFFFFF3FC30308FFFFFFFFF9
:10711400FFFFFFFFFFFFFFFFFFFFFFFFCB26000086
:107124000000000000FFFFFFFF000000EBDA03088F
:10713400EFDA0308F3DA0308F7DA030800000000C3
:1071440045E602080000000000000000FFFFFFFF0A
:107154000400E40C0A001700FFFF0C00000000000C
:1071640042524434313837430028010101BF8FAF04
:107174007F8700370F10100004040F05140A0A0358
:1071840001FF0C01FF0F0000F1630008C963000850
:040000050800762D4C
:00000001FF
