S02B0000453A2F434F44452F53696C69636F6E5F4C6162732F426C7565746F6F74682F62745F736F635F656D6B
S31508012000C80A0020293C01081F9C03081F9C0308D5
S315080120100FCB03081F9C03081F9C03081F9C03087A
S315080120201F9C03081F9C03081F9C03081F9C030889
S315080120301F9C030850AC0408BFCB03081F9C030868
S315080120401F9C03081F9C03081F9C03081F9C030869
S315080120501F9C03081F9C03081F9C03081F9C030859
S315080120601F9C0308B5D30108E9DA03081F9C030876
S315080120701F9C03081F9C03081F9C03081F9C030839
S315080120801F9C03081F9C03081F9C03081F9C030829
S315080120901F9C0308F94501081F9C03081F9C030898
S315080120A01F9C030805420108E54101081F9C030816
S315080120B01F9C0308454103087D4C0308BD6B0408B2
S315080120C0B96B04080D440308D36B0408C16B0408F3
S315080120D04D4C0308C56B0408BD4C0308254D030880
S315080120E01F9C03081F9C03081F9C03081F9C0308C9
S315080120F0CBBC03081F9C03081F9C03081F9C0308ED
S315080121001F9C03081F9C03081F9C03081F9C0308A8
S315080121101F9C03081F9C03081F9C03081F9C030898
S315080121201F9C03081F9C03081F9C03081F9C030888
S315080121301F9C03081F9C03081F9C03081F9C030878
S315080121401F9C03081F9C03081F9C0308F5A9040884
S31508012150C92503081F9C0308A76B0408AD6B04086F
S315080121601F9C03081F9C03081F9C03081F9C030848
S31508012180F0B5114A114C124E00F00105E3695F07DB
S3150801219013D40DB9334213D103EA00078F4207D18D
S315080121A00B4A1A40002A0CBF00206FF00100F0BD4F
S315080121B0013AEBD16FF00200F9E74FF0FF30F6E78D
S315080121C06FF00100F3E700BF809698000000035006
S315080121D0020001000B4B70B5D96911F480310DD19C
S315080121E001244FF48072084E084DF46020462C6491
S315080121F01A61FFF7C5FF3464EC6070BD6FF001002A
S31508012200FBE700BF000003500010035000200350F5
S315080122104FF4803238B50E4B0E4C9A66E56941F695
S31508012220713315400122E3630B4B0021DA60022367
S31508012230606121202361FFF7A3FF10B92120FFF771
S315080122409FFF0122054BDA600DB10023E36338BD18
S315080122500090005000000350001003500020035066
S3150801226070B5134C6061E3695B071ED40E4656F8D8
S31508012270043B8D18A361AE420BD104230021212012
S315080122802361FFF77DFF58B9BDE870402120FFF7AC
S3150801229077BF08210846FFF773FF10B104232361AE
S315080122A070BD56F8043BA361E5E74FF0FF30F7E749
S315080122B0000003502DE9F84315464FF48032184BB8
S315080122C089469A6603F51C33DF690646174041F6C7
S315080122D07132DA63012203F58053DFF84C80DA6044
S315080122E055B9284601220F4BDA601FB10022A3F522
S315080122F00053DA63BDE8F88306F5005404EA0804D6
S31508012300A41BAC4228BF2C46494622463046FFF755
S31508012310A7FF0028E6D12644A1442D1BE0E700BF0C
S31508012320009000500020035000E0FFFF000000006D
S31508012330000000000000000000000000000000008E
S31508012340013800D0FCE770472DE9F04FC76997B00F
S315080123508346209E08910C92129355EC104B8DEDF5
S31508012360000B7FB910200CF069FC0246CBF81C0063
S3150801237020B9A74BEF21A7480DF014FAC0E9017758
S315080123800760C760DBF81C30196859B15A68012320
S31508012390584693404A608B600CF098FCDBF81C3079
S315080123A000221A602B1EB7BF23F000430023012227
S315080123B00193A8BF3360019F974BB8BF3260BB43F7
S315080123C019D142F20F73129A1360C7F31303234309
S315080123D000F0DB85219B53B9904B21E0904B039389
S315080123E00833219A1360039817B0BDE8F08F8B4B19
S315080123F003930333F5E79DED007B0022002351EC9F
S31508012400170B8DED0A7B22F06BFF804650B1012335
S31508012410129A1360219B13B1824B219A1360824B46
S315080124200393E0E7C7F30A5614AA15A958469DED82
S315080124300A0B0CF0D3FE0290002E76D00B9BA6F267
S31508012440FF36CDF84C80C3F3130343F07F53DDE920
S315080124500A0143F4401319460022744B0BF030FB72
S3150801246065A3D3E9002322F0D3FC65A3D3E90023AE
S315080124700BF028FB04460D4630460BF06FFC62A3B1
S31508012480D3E9002322F0C4FC02460B46204629461E
S315080124900BF018FB04460D4622F06AFF0022074698
S315080124A000232046294622F025FF40B138460BF085
S315080124B055FC22462B4622F013FF00B9013F162F81
S315080124C052D85B4B03EBC703DDE90A01D3E90023C5
S315080124D022F010FF002849D0013F00231193149BD5
S315080124E09B1B5A1E4CBFC3F101030023079245BF2C
S315080124F00693002306930793002F39DB079B109752
S315080125003B44079300230993089B092B66D8052B9F
S31508012510C5BF043B002401240893089B023B032BF7
S3150801252067D8DFE803F02D3A3859DDE914631E440C
S3150801253006F23243202BC9BFC3F14003C3F120037E
S315080125409F4006F21243D8BF04FA03F006F1FF369C
S31508012550C4BF24FA03F347EA03000BF0EFFB012299
S31508012560A1F1F873139276E70123B7E71190B6E75D
S31508012570069BDB1B06937B42099300231093C3E753
S3150801258000230D930C9B002B56DC012399461A4612
S3150801259004930C920CE00123F3E700230D930C9BA3
S315080125A0FB1803F1010904934B46012BB8BF01231C
S315080125B0DBF81C000021042202F114059D423FD9D3
S315080125C0416058460CF042FB039000283BD1194B59
S315080125D0024640F2AF11CEE60123DFE701240023CC
S315080125E00D9408934FF0FF33002299460493122362
S315080125F0CFE701230D93F5E761436F63A787D23FC1
S31508012600B3C8608B288AC63FFB799F501344D33FD2
S31508012610D1DB0408E8DB04080000F07FCDDB040801
S31508012620C4DB0408A1DB0408A0DB04080000F83FAA
S31508012630E0DC040841DC04080C9B99460493B7E7DF
S3150801264001315200B8E7DBF81C30B9F10E0F039AD5
S315080126501A606FD8002C6DD0002F36DD07F00F02F7
S31508012660A04BF8054FEA271403EBC20393ED007B51
S315080126708DED0E7B17D59C4B04F00F044FF0030824
S31508012680D3E90823DDE90A0122F0ECFCCDE90001D2
S31508012690954D5CB9DDE90E23DDE9000122F0E2FC86
S315080126A0CDE900012BE04FF00208F1E7E10709D572
S315080126B008F10108DDE90E01D5E9002322F0A8FB9E
S315080126C0CDE90E0164100835E3E700F007817C4285
S315080126D0844B854D4FF0020804F00F02241103EBD9
S315080126E0C203DDE90A01D3E9002322F091FB0023A5
S315080126F0CDE90001002C40F0E580002BD0D1119BDB
S31508012700DDE90045002B00F04C810022774B20467D
S31508012710294622F0EFFD002800F04381B9F1000FA8
S3150801272000F03F81049B002B00F3E480DDE90A34C5
S31508012730CDE90034159B002B02DB0E2F40F34282B4
S315080127400D9A002A40F06782099C0025DDF8188059
S31508012750B8F1000F0DD0079B002B0ADD4345069AF9
S31508012760A8BF4346D21AA8EB03080692079AD31ABA
S315080127700793099B0BB30D9B002B00F0A682002C37
S3150801278000F0A1822946224658460CF0C9FB029A56
S315080127900146054658460CF019FB02990646584665
S315080127A00CF094FA099B1B1B099300F09182099A74
S315080127B0314658460CF0B4FB0290012158460CF0FC
S315080127C0EFFA109B0446002B00F084821A46014654
S315080127D058460CF0A5FB089B0446012B03DC009B1D
S315080127E0002B00F07C820026236904EB8303186919
S315080127F02BF006FCC0F120001096079B184410F038
S315080128001F0000F09182C0F12003042B40F381825E
S31508012810C0F11C00069B034480440693079B0344AE
S315080128200793069B002B05DD1A46029958460CF0BC
S31508012830D1FB0290079B002B05DD21461A46584617
S315080128400CF0C8FB0446119B002B00F0768221464A
S3150801285002982BF024FC002880F26F8200230A22BA
S31508012860029958460CF054FA0D9B7E1E0290002BD5
S3150801287000F05C82002329460A2258460CF048FAE1
S31508012880049B0546002B03DC089B022B00F35E82A2
S31508012890B8F1000F05DD2946424658460CF09AFB69
S315080128A00546109B002B00F0D082696858460CF04B
S315080128B0CDF90746002840F07F820D4B024640F2CB
S315080128C0EF2158E5E20706D508F10108D5E9002305
S315080128D022F09EFA0123641008350BE74FF002082F
S315080128E00DE700BFE0DC0408B8DC04080000F03F8F
S315080128F041DC040820460022AC4B294622F088FA1E
S315080129007E1E08F10108049CCDE9000140460BF042
S3150801291025FADDE9002322F07BFAA54B00220BF00C
S31508012920D1F8A1F15073CDE90E010F93002C3BD1DB
S315080129300022A04BDDE900010BF0C2F802460B4666
S31508012940CDE90023DDE90E2322F0F2FC002840F050
S315080129505781DDE90E2101F10043DDE9000122F08D
S31508012960C9FC00283FF4E2AE002425460C9BDDF89D
S315080129700CA0DE434FF00008214658460CF0A6F994
S31508012980002D00F0A980B8F1000F05D0A84503D0A5
S31508012990414658460CF09AF9294658460CF096F9DC
S315080129A09AE03E464C46B1E7834B03EBC40353E931
S315080129B00201039B1C440D9B002B4AD002460B4681
S315080129C000207E4922F04EFBDDE90E230BF078F854
S315080129D0DDF80CA0CDE90E01DDE9000122F0C8FC05
S315080129E005460BF0BBF9024630350B46DDE9000119
S315080129F00BF066F80AF8015B02460B46CDE90001C1
S31508012A00DDE90E0122F094FC002865D100206C490D
S31508012A10DDE900230BF054F802460B46DDE90E0109
S31508012A2022F086FC002840F00D81A24500F0EA80DC
S31508012A3000225E4BDDE90E0122F0EAF900225B4B2A
S31508012A40CDE90E01DDE9000122F0E2F9CDE9000147
S31508012A50C2E7DDE90E2322F0DBF9A046DDF80CA07A
S31508012A60CDE90E01DDE9000122F082FC05460BF0F5
S31508012A7075F9024630350B46DDE900010BF020F801
S31508012A800AF8015B02460B46A245CDE900234FF041
S31508012A90000223D1494BDDE90E010BF013F802467A
S31508012AA00B46DDE9000122F043FC002840F0CA800C
S31508012AB000204249DDE90E230BF002F802460B46D7
S31508012AC0DDE9000122F016FC70B1C24608F1FF38B3
S31508012AD01AF8013C302BF8D0374655E0334B22F033
S31508012AE097F9CDE90001BDE7DDE90A34CDE90034FE
S31508012AF0159B002BFFF628AE0E2F3FF725AE2E4B62
S31508012B0003EBC70393ED007B0C9B002B8DED047B38
S31508012B1002DAB9F1000F64D0DDF80CA0DDE9004551
S31508012B20DDE904232046294622F09CFA22F020FCFE
S31508012B3006460BF013F9DDE9042322F069F902468A
S31508012B40204606F130040B4629460AF0B9FF0AF871
S31508012B50014B039C02460B46AAEB0404A14540F02F
S31508012B6082800AF0AFFF04460D46DDE9042322F010
S31508012B70DFFB002865D120462946DDE9042322F03A
S31508012B80AFFB08B1F3075CD4029958460CF09EF8DE
S31508012B90002301378AF80030129B1F60219B002B06
S31508012BA03FF421ACC3F800A01DE400BF0000244097
S31508012BB000001C4000001440E0DC04080000E03F6F
S31508012BC00000F03FA24B03EBC70393ED007B0C9B80
S31508012BD0002B8DED047B9FDAB9F1000F9CDC7FF4A5
S31508012BE0C3AE00229B4BDDE9040122F011F9DDE9B0
S31508012BF0002322F093FB044600287FF4B5AE3E4637
S31508012C002546B4E0DDE90A34CDE90034159B002BED
S31508012C1001DB0E2FD6DD089A012A36DC139A82B318
S31508012C2003F23343099CDDF81880069A01215846B8
S31508012C301A440692079A1A4407920CF0B1F8054607
S31508012C4086E53E4653469A4613F8012D392A06D19A
S31508012C50039A9A42F7D13022039901360A701A78F3
S31508012C6001321A7038E700227B4B22F0D1F8002294
S31508012C70002304460D4622F033FB00283FF450AFEB
S31508012C8082E7149BC3F13603CCE709F1FF34099BAC
S31508012C90A34208DBB9F1000FA3EB04040EDBDDF850
S31508012CA018804B46C1E7099B109AE31A0994DDF887
S31508012CB0188000241A444B461092B6E7069BA3EBEC
S31508012CC009080023B1E7029E71E5099A029970E5A0
S31508012CD0029672E5089B012B17DC009BABB9019B99
S31508012CE0C3F313039BB9019B23F00046360D360542
S31508012CF036B1069B012601330693079B01330793D9
S31508012D00109B002B7FF470AD1096012075E5002607
S31508012D10F6E73FF486AD1C33069A1A4498440692A0
S31508012D20079A1A4407927CE50346F4E7049B002BAD
S31508012D302BDC089B022B09DC27E0B9F1000F1DDC0F
S31508012D40089B022B1ADD3E46CDF81090049B002BFA
S31508012D507FF40CAE2146052258460BF0D9FF0146F1
S31508012D60044602982BF09BF900287FF7FFADDDF8A2
S31508012D700CA0312301360AF8013BFBE50D9B3E46C3
S31508012D80CDF81090002B7FF483AD039F214602985E
S31508012D902BF0A9F8039B00F13009049A07F8019B67
S31508012DA0FB1A9A4240F3CB8000230A22029958461D
S31508012DB00BF0AEFF0290E9E72A6905F10C010C3028
S31508012DC0023292002BF07AF80122394658460CF065
S31508012DD001F9039BA846054603F1010ADDE9032328
S31508012DE013440793009B03F0010309930AF1FF3388
S31508012DF02146029804932BF076F84146069000F195
S31508012E00300902982BF04BF92A46214607465846BF
S31508012E100CF04CF9C268014602B358460BF056FF4E
S31508012E20002F3ADA0122029958460CF0D3F82146C6
S31508012E3002902BF034F9002803DC29D119F0010F8F
S31508012E4026D0B9F1390F1DD132E02846C1E700BFB6
S31508012E50E0DC040800001440000024400A900298AF
S31508012E602BF01DF90A990C9058460BF02FFF0C9A76
S31508012E705ABB089B53B9099B43B9B9F1390F17D006
S31508012E80002F05DD069B03F1310901E0002F2ADA3F
S31508012E90DDF810A00AF8019B6EE5089B3B4304D1B7
S31508012EA0009B03F00103002BBCD0B9F1390F36D1D1
S31508012EB0049F392307F8013BBA46013F1AF8013C3A
S31508012EC0392B5AD001333B7056E5002F06DB089B98
S31508012ED03B4306D1009B03F0010313B9002AA1DC89
S31508012EE0D6E7002AE1DC079B57460AF8019C5345B9
S31508012EF02ED000230A22029958460BF009FFA8454D
S31508012F0002904FF000034FF00A02414658460BD192
S31508012F100BF0FEFE804605460AF1010A66E7DDF872
S31508012F2010A009F10109B5E70BF0F2FE2946804622
S31508012F3000230A2258460BF0EBFE0546ECE7049BF4
S31508012F404FF00008002BCCBF1F460127039B1F44E7
S31508012F500122029958460CF03DF8214602902BF0C1
S31508012F609EF80028A8DC02D119F0010FA4D1BA46AF
S31508012F7017F8013D302BFAD0FEE4039BBB429BD1E7
S31508012F803123039A01361370F6E4219B002B7FF453
S31508012F9025AA014BFFF744BAC4DB04080000000068
S31508012FA007B588B10BA3D3E900230949C1E902236F
S31508012FB0CDE900234FF0FF324FF0FF33086932F0B5
S31508012FC0F5FF03B05DF804FB00220023EDE700BF1F
S31508012FD0500B00200DD50155200000000348044B75
S31508012FE0834202D0034B03B1184770477C3A00204D
S31508012FF07C3A002000000000064B0749C91A8910CF
S3150801300048BF0131491003D0044B0BB10148184799
S31508013010704700BF7C3A00207C3A0020000000007F
S3150801302010B5064C237843B9FFF7D8FF044B13B103
S315080130300448AFF300800123237010BDFA2800204D
S31508013040000000004024050808B5054B1BB10549D9
S315080130500548AFF30080BDE80840FFF7CDBF00BFC4
S3150801306000000000B00D002040240508A3F5803AB1
S31508013070704700BF174B002B08BF134B9D46FFF740
S31508013080F5FF00218B460F461348144A121A2AF0F7
S31508013090D7FE0E4B002B00D098470D4B002B00D0C6
S315080130A098470020002104000D000D48002802D091
S315080130B00C48AFF300800BF09DFD200029002AF093
S315080130C015FD0BF045F800BF0000080000000000E0
S315080130D000000000C80A0020C80A00208034002029
S315080130E00000000000000000044B834205D1044B98
S315080130F01B7813B1C8B219F045BF7047C80D002037
S31508013100FB28002030B5002503685A4A23F47F437B
S3150801311023F0070385B0934204460295ADF80C5097
S3150801312000F0828002F1C06202F5802293420DD03E
S31508013130514A934240F09C80504B1B78002B00F07B
S31508013140978005B0BDE8304029F035BDB0F80530A7
S315080131501B2B40F08D80FF2304A91A4611E90300B1
S3150801316026F0C4FC012814BF41F2FC15434B05F0B7
S31508013170FC0208BF18701B21207916F08FFC054642
S3150801318018B33F4C3F49206828F0F1FD3E492068B5
S3150801319028F0EDFD26F0B1FC26F0B0FC3B4B3C4A8D
S315080131A000933C495923206828F0E1FD3A492B460A
S315080131B03A4A206828F0DBFD284600F0E5F8384948
S315080131C0206828F0D4FD00BEFDE736490090237932
S315080131D0354A0968354800F033F90546002847D0CD
S315080131E0274C2849206828F0C2FD2749206828F07D
S315080131F0BEFD26F082FC26F081FC244B244A00936E
S3150801320024496223206828F0B2FD23492B46234A24
S31508013210206828F0ACFD284600F0B6F82049206859
S3150801322028F0A5FD00BEFDE7B0F80530B7EE047A33
S3150801323007EE903AF8EE677AB0F8073067EE877AC4
S31508013240013307EE103AB8EEC77A67EE877AB1EE20
S31508013250047A67EE877AFAFE677AFCEEE77A17EE62
S31508013260903AB3F57A7F38BF4FF47A730D4A1360F3
S3150801327005B030BDA0000602A0000601FB2800200B
S31508013280000E0020F9D20408E8AA040895AB040840
S31508013290EDAA040860AB04086FAB04086CAB04081C
S315080132A084AB04084C360020E9300108C80D00201B
S315080132B00B4B02461B7883B10A4B1B78834234BFFA
S315080132C000200120084B1B7833B1084B1B781341AA
S315080132D013F0010F08BF002070470120F2E700BF75
S315080132E0503A00204F3A0020FC2800204E3A002090
S315080132F001222DE9F342174B00241A700422164BBA
S3150801330025461C70154B164E1A701F22154BDFF8F1
S3150801331060901A70144B1B680193019BA3420BD052
S3150801332056F8047B3B7A022B10D1494678682AF075
S31508013330A5FD48B9386810B955B906F063FD0B4BB8
S31508013340186002B0BDE8F08205B93D680134E4E7CA
S315080133502846F4E7503A0020FC2800204F3A00207E
S31508013360B43600204E3A00205CD80408000E00202E
S31508013370B5AB0408024B0349186828F0F8BC00BF2E
S31508013380000E0020BAAB040870B50C4C0C49064671
S31508013390206828F0ECFC06F035FD0546206806F0A5
S315080133A025FD3046FFF7E6FF284606F01FFD206893
S315080133B00449BDE8704028F0DABC00BF000E0020C1
S315080133C0BCAB0408BEAB040838B5054637F09CF813
S315080133D000230B4A14685CB1AC4206D1A96A6BB1E9
S315080133E0996237F08CF8012007E02346A46AF2E7D0
S315080133F0002DF3D037F083F8204638BD1160F0E789
S31508013400040E002010B50446B0B136F0F3FD20468F
S31508013410FFF7DAFF10B194F82C300BB9002010BD74
S31508013420064C2368002BF9D037F06EF82368013B68
S31508013430236037F064F8F1E72220F0E7080E002050
S315080134402DE9F04385B00546914698460E469DF806
S31508013450307009B9002F5CD12846FFF7D3FF04461F
S31508013460002836D185F82C00686307F007FC8642E8
S3150801347033D936F057FE2146844640F2E7304FF4F9
S315080134807A720023E6FB0C010AF0D2FC4FF0FF32F8
S3150801349000230AF0CDFC2B46E88611462846CDE9DD
S315080134A000441D4A37F03DFA044690B9C5E9089823
S315080134B085F82D702E6337F027F8184A136833B349
S315080134C01A469B6A002BFBD195620023AB6237F043
S315080134D016F8204605B0BDE8F08347B12B463146BC
S315080134E02846CDE900440C4A36F06EFEDCE7304644
S315080134F003A936F01DFE04460028EAD12B462846C4
S31508013500CDE90077044A039937F0E7F9CCE7156066
S31508013510DBE72124DDE700BF21350108040E002081
S3150801352091F82C3013B50C4683B98B8ECA8E93420B
S315080135300ED243B9CDE9003320460B46124A4FF065
S31508013540FF3137F0AEF9A38E0133A38602B010BD61
S3150801355052B191F82D3093B101230093D1E9082393
S315080135602046096BFFF76CFF012384F82C30074BC3
S315080135701A6801321EBF1A6801321A60E6E7084660
S3150801358036F038FDF0E700BF21350108080E0020A6
S315080135902DE9F041154E336833B34FF00008144F47
S315080135A036F0B2FF05463C6824B92846BDE8F04125
S315080135B036F0A5BF94F82C30A3B1336884F82C8073
S315080135C013B13368013B336094F82D3013B92046A3
S315080135D0FFF7FAFE284636F092FFD4E9083120466D
S315080135E09847DDE7A46ADFE7BDE8F081080E002009
S315080135F0040E0020034B1B68002B14BF0420012076
S31508013600704700BF080E0020024B1868B0FA80F018
S3150801361040097047080E002007B50421064B012210
S315080136201B880DEB0100ADF8043000F087FC002083
S3150801363003B05DF804FB00BFC1AB040808B5044834
S3150801364037F0A3F82AF0FFF9BDE8084000F0CEB933
S31508013650E8C50408014837F098B800BFE8C504086A
S3150801366007B5082026F051FB0222064B6846CDE92C
S31508013670002326F054FA082003B05DF804EB26F07F
S315080136804FBB00BF006A18102DE9F0412E4C90B0CF
S3150801369003AE0546884617460FCC0FC6043408AE56
S315080136A00FCC0FC694E80F0086E80F0001238DF8AA
S315080136B0253008AB0793AB892448ADF804302B892C
S315080136C02C68ADF8083037F060F8686837F05DF8AF
S315080136D0042100220DEB010000F030FC0022042138
S315080136E002A800F02BFC204603A9CDF814808DF81A
S315080136F01A7003F04FFE164B9C4222D0154B9C4282
S3150801370014BF4FF0FF3401246B7A297A41EA034149
S31508013710114B03EB4412C2F8AC14687B297B2534A0
S3150801372041EA0041002003EB44139960D2F894342E
S3150801373003F0040343F01803C2F8943410B0BDE84B
S31508013740F0810024E0E700BFC8AB0408E8C5040817
S315080137500000015B00000A5000C0035038B5056837
S315080137600521284627F0F0F80A4B9D420FD00A4A50
S315080137700A4C0B4B954208BF1C4636F0BCFE236823
S3150801378043F01803236036F0B1FE002038BD054C1E
S31508013790F3E700BF0000015B00000A5074C4035040
S315080137A0B4C4035094C4035003680B4A10B593423A
S315080137B00FD00A490A4C0B4A8B4208BF144636F009
S315080137C09AFE236823F01803236036F08FFE002043
S315080137D010BD054CF3E700BF0000015B00000A506D
S315080137E074C40350B4C4035094C40350012902D8C5
S315080137F00448FFF7B3BF0239012902D80148FFF788
S31508013800D3BF70475836002013B5044636F08AFCF4
S3150801381000230122217BCDE900324900B0FBF1F1F9
S31508013820024A034837F03DF802B010BD619004081A
S31508013830280E002037B504460F4B01A85B880F4DAB
S31508013840ADF8043000F0ACFB607B07F085FA042381
S3150801385002220DF106012846ADF8063026F0A9F92F
S31508013860284626F0B7F9A07B07F076FA01A800F0FA
S31508013870BFFB002003B030BDFCAB0408583600205E
S3150801388073B50646174C184863883546ADF80030B7
S3150801389036F07BFFB16800221448FFF7F5FE0022D7
S315080138A00421684600F04AFB04212388104C0DEBDD
S315080138B001000022ADF8043000F040FB0FCD0FC423
S315080138C001222B68304623600A4B1A70FFF79CFFCA
S315080138D03046FFF7AFFF0849084806F0E7FF002022
S315080138E002B070BDFCAB0408E8C5040858360020D0
S315080138F0140E0020FD280020503600200C0E002052
S315080139002DE9F74F144605469846284B06885B88E5
S315080139100134ADF80430037901A85E430F46A4B219
S3150801392000F03EFB687B07F017FA230243F0010318
S3150801393002221F480DF10601ADF806304FF0000BC3
S3150801394026F037F901342402DFF86490F610A4B2A0
S3150801395008F1FF3AC3450FD1154826F03BF9A87B74
S3150801396007F0FAF901A800F043FB114826F037F9E8
S31508013970002003B0BDE8F08F39463246484626F0A6
S3150801398018F9DA450CBF4FF6FF7344F0FF0302221C
S3150801399048460DF1060104F58074ADF80630374442
S315080139A026F007F90BF1010BA4B2D3E7FCAB040827
S315080139B058360020034B04481B78002B08BF00200B
S315080139C0704700BFFD280020140E002030B5064DB3
S315080139D087B001AC0FCD0FC42B6801A82360FFF790
S315080139E04FFF07B030BD00BF00AC04082DE9F04F0A
S315080139F0544E97B0354609AC0FCD0FC42B6806F166
S31508013A00140523600EAC0FCD0FC495E80F00DFF83F
S31508013A104C8184E80F004C4836F0B7FE404636F034
S31508013A20B4FE4FF48073494FADF83C30484B3846E5
S31508013A300B9309A90EAB0D9303F0ACFC0421B6F860
S31508013A4034B00DEB01000122ADF804B000F076FAAE
S31508013A50B6F836A00022012102A8ADF808A000F0A8
S31508013A606DFAB6F838900122042103A8ADF80C9036
S31508013A7000F064FA758F0122042104A8354CADF8CB
S31508013A80105000F05BFA344B4FF44870C4F8C83450
S31508013A904FF00213C4F8C434A3F58033C4F8CC3408
S31508013AA01C23C4F8B43407F057F908A8ADF8205018
S31508013AB000F09EFA142007F04FF908A8ADF8205037
S31508013AC000F06EFA232007F047F908A8ADF8205050
S31508013AD000F08EFAB921384626F071FF08A8ADF82C
S31508013AE0205000F05DFA002205A81146ADF814B081
S31508013AF000F024FA002206A81146ADF818A000F035
S31508013B001DFA0122002107A8ADF81C9000F016FA4B
S31508013B100122002108A8ADF8205000F00FFA384616
S31508013B2003F098FB00234046C4F8B434C4F8C834FB
S31508013B30C4F8C434C4F8CC3436F02AFE17B0BDE84C
S31508013B40F08F00BF14AC0408E8C5040800000A5049
S31508013B50E070720000C0035002000300ECC50408BF
S31508013B604FF000639B6A03F17842B2F5903F03D2A6
S31508013B701968064A914203D000230370836070478F
S31508013B80012202709A689B694260F7E707B0CD5E29
S31508013B904FF000639B6A10B503F17842B2F5903F86
S31508013BA011D21968094A91420DD1094C227812F0AD
S31508013BB0FD0F01D0002010BDDB6998470028FAD116
S31508013BC001232370F6E74FF48170F4E707B0CD5E61
S31508013BD0FE280020024B034A1A6028F078B800BF75
S31508013BE00000002002020FF0BFF34F8F0549064B74
S31508013BF0CA6802F4E0621343CB60BFF34F8F00BF7C
S31508013C00FDE700BF00ED00E00400FA050348044A99
S31508013C100449121A921026F003B800BF8021010840
S31508013C20402301088034002008B5154B83F30A8820
S31508013C3000F030F8FFF7EAFF124B13498B4212D313
S31508013C400020124B12498B4218D3FFF713FA186852
S31508013C5050F82240586840F822400132986882425A
S31508013C60F5D30C33EAE70022F8E71C6844F822008A
S31508013C7001325C68A242F8D30833E4E70022F8E788
S31508013C80080000204824050854240508542405087A
S31508013C90542405084FF48041124B134A70B59A60B3
S31508013CA0D3F88820114D42F47002C3F88820104ACF
S31508013CB005F5005491664FF0FF3222660D4A626699
S31508013CC00222C3F8D020BFF34F8FBFF36F8F4FF493
S31508013CD04036002006F07CF80020E66006F05CF825
S31508013CE02E6170BD00ED00E000200108008000444F
S31508013CF000900050F7FF3700014B1860704700BF6E
S31508013D0070360020054B1860054B1B6F03F007033F
S31508013D10032B01D135F0E2B9704700BF7836002090
S31508013D200080005030B5056887B0AB88044618484E
S31508013D30ADF80C3036F029FD0022012103A800F068
S31508013D40FDF80DF10B0103A826F022F89DF80B30BA
S31508013D5083F001032B70AB79022B15D14FF0FF339A
S31508013D600022CDE9043304A90A4B009403A800F004
S31508013D70E7F9049B009401330CBF04220122054B89
S31508013D8005A903A800F05CF9002007B030BD00BF03
S31508013D90E8C504084F9C0308002307B52948019381
S31508013DA036F0F3FC4FF44073012204216846ADF85E
S31508013DB0003000F0C3F80122234B0520C3F8442440
S31508013DC001A936F0DDFC002839D1204BD3F8F020C3
S31508013DD042F00102C3F8F020D3F8FC2042F08072C9
S31508013DE0C3F8FC201A4AA3F55D431A60019B194AD8
S31508013DF003F5D52303F2FC43B3FBF2F3164A013B61
S31508013E0013610223C2F8F0304FF48073C2F8043309
S31508013E104FF06043114AC3F8B02F114AC3F8802EF8
S31508013E20D3F8002E42F48072C3F8002EFF2283F8DD
S31508013E302020D3F8002E22F48072C3F8002E03B096
S31508013E405DF804FBE8C5040800D0035000ED00E066
S31508013E50FF030040F8590D00000004E055CEACC53B
S31508013E60090001004FF06043D3F8802E30B5D20720
S31508013E7015D501240B4D8440D5F8FC2042F08072FB
S31508013E80C5F8FC20D3F8002E2243C3F8002E53F8B8
S31508013E902020002AF0D003F82010002030BD112080
S31508013EA0FCE700BF00ED00E02DE9F04104460C25D2
S31508013EB04FF00108124E0CB314F001000BD000208C
S31508013EC024F0010405FB00625768002FF3D09168BE
S31508013ED0C0B2B847EFE72246013020284FEA52021E
S31508013EE001D0D307F8D508FA00F20F2824EA02040C
S31508013EF0E8D9103805FB0062B432E5E7BDE8F08180
S31508013F00480E002008B50C4836F03FFC192005F08C
S31508013F1051FF28B1192005F05BFF192005F03CFF78
S31508013F201A2005F047FF28B11A2005F051FF1A207B
S31508013F3005F032FF002008BDE8C504082DE9F04167
S31508013F400E469046054618B30F2923D80378E3B1E0
S31508013F50012B03D0022B18D0032B1BD13F236A78E0
S31508013F60D340DB0716D50D4BD3F81043A4B936F069
S31508013F70CBFA074642462846314603F097FE3846AD
S31508013F8036F0BDFA2046BDE8F08140F2FF33E6E798
S31508013F902224F7E72124F5E70224F3E700C00350BA
S31508013FA010B50446E8B10378C3B1012B03D0022B3F
S31508013FB014D0032B17D13F236278D340DB0712D5E0
S31508013FC036F0A2FA0122637821789A4030235943C0
S31508013FD0064B5A5036F093FA002010BD40F2FF33D3
S31508013FE0EAE72220F9E72120F7E700BF40D003508E
S31508013FF010B50446E8B10378C3B1012B03D0022BEF
S3150801400014D0032B17D13F236278D340DB0712D58F
S3150801401036F07AFA0122637821789A403023594397
S31508014020064B5A5036F06BFA002010BD40F2FF33AA
S31508014030EAE72220F9E72120F7E700BF40E003502D
S315080140402DE9F0410D46164698460446002851D0FA
S3150801405000294FD002784AB1012A42D0022A05D056
S31508014060032A3ED0FF2A07D0212041E040F2FF3340
S315080140706278D340DA07F7D5022E01D9042EF3D197
S3150801408036F042FA23780746FF2B05D032462046FA
S31508014090296803F051FE28602B68013309D123787A
S315080140A0FF2B06D1144B6078D3F8241426F090FE22
S315080140B0286029684B1C17D00C23104A03FB0122E0
S315080140C0069BC2F8048093602378FF2B04D0012352
S315080140D00B4A8B40C2F82434384636F010FA0020D1
S315080140E006E03F236278C4E7384636F008FA2D2001
S315080140F0BDE8F0812220FBE700C00350480E0020EE
S3150801410000D003500F2810B5044613D836F0FCF931
S315080141100123094AA340C2F82034C2F824340C22E8
S31508014120064B02FB04330024C3E9014436F0E7F9E0
S31508014130204610BD2120FCE700E00350480E002070
S315080141402DE9F0410D4690461F460446002842D007
S31508014150002940D0017849B1012933D0022905D077
S3150801416003292FD0FF2907D0212032E040F2FF335F
S315080141706278D340DA07F7D536F0C6F923780646CA
S31508014180FF2B05D042462046296803F05BFE2860CE
S315080141902A68531C19D00C23104903FB0211069BEC
S315080141A0C1F8B870C1F8BC302378FF2B05D00123BC
S315080141B0103293400A4AC2F82434304636F09FF941
S315080141C0002006E03F236278D3E7304636F097F9B8
S315080141D02D20BDE8F0812220FBE700BF480E002014
S315080141E000D0035008B503F047FD054B00F05530E4
S315080141F020F05020C3F82004BDE80840FFF754BE5C
S3150801420000E0035008B503F037FD054B00F0AA306E
S3150801421020F0A020C3F82004BDE80840FFF744BEFB
S3150801422000E0035013B504460A4836F0AEFAA27800
S315080142300421B2FA82F2237852098DF804306378A0
S315080142400DEB01008DF80530FFF778FE002002B06E
S3150801425010BD00BFE8C504082DE9F04F9A46564B34
S3150801426085B01B7806460F461546DDF83C909DF845
S3150801427044B0DDF85080002B00F09780072A00F241
S3150801428096800E9B002B00F09280B9F1000F00F08A
S315080142908E80129BB3F5006F00F38980012803D144
S315080142A0109B002B00F08380444B03EB05131B7B0B
S315080142B0002B7ED0424C10220021684629F0C0FD11
S315080142C004EB45141022A7BB3946204629F0B8FD50
S315080142D043F210036380BBF1000F03D1E37843F087
S315080142E00303E370364A0E9B02EB451CCCE90193A6
S315080142F0129B6901581E9DF84C30C0F30A0003F061
S3150801430003039B0643EA001E53582E48012E00EA72
S3150801431003004EEA0003CDF800A0535017D0B8F1B8
S31508014320000F2ED19CF8023068F304138CF8023082
S3150801433027E00021204629F083FD4FF4447363806A
S31508014340BBF1000FCED1E37843F03003C9E713235D
S315080143500CF1100ECCF80C309CE80F008EE80F001B
S315080143606FF00301DCF81C20109B61F39F02012FFB
S31508014370CCF81C20CCF8143003D1CCF81890CCF822
S31508014380043000270D4A290102EB051342F8018082
S31508014390159A28465A60694622469F605E7303F05D
S315080143A04DF9384605B0BDE8F08F0748FAE70748E2
S315080143B0F8E70748F6E700BFFF280020B0100020FD
S315080143C0B00F00200F80FFF3028000F0018000F09B
S315080143D0078000F038B5124B05461B78DBB1E0B112
S315080143E036F092F80F4A00231146147B54B92B6014
S315080143F001251A0101EB03131D738C5036F07FF862
S31508014400204638BD0133082B02F11002EDD136F0F2
S3150801441076F80548F5E70548F3E70548F1E700BFEB
S31508014420FF280020B0100020048000F0028000F070
S31508014430018000F038B536F067F8002305460B4AC7
S31508014440147B6CB90133082B02F11002F8D103F081
S31508014450A1F8074B28461C7036F051F8204603E0B0
S31508014460284636F04CF8034838BD00BFB010002086
S31508014470FF280020058000F00D4B10B51B78044677
S3150801448093B1072812D836F03FF80A4B03EB041309
S315080144901A7B2AB100241C7336F031F8204610BD68
S315080144A036F02DF80448FAE70448F8E70448F6E731
S315080144B0FF280020B0100020068000F0028000F0DE
S315080144C0018000F0154B13B51868002301908DF88B
S315080144D0043036F019F8124B1C7824B136F00FF86F
S315080144E0104802B010BD01221A7036F008F80E4BBA
S315080144F001A81C731C7783F82C4083F83C4083F889
S315080145004C4083F85C4083F86C4083F87C40082370
S315080145108DF8073003F062F82046E2E7A0AC0408FC
S31508014520FF280020038000F0B0100020F8B50D4DDB
S315080145302D7885B1072810DC0B4D060105EB001413
S31508014540277B67B1AB510025069BA560636003F025
S3150801455075F82846F8BD0548FCE70548FAE7054811
S31508014560F8E700BFFF280020B0100020028000F005
S31508014570018000F0078000F00A4A08B512785AB19E
S3150801458007280BD8084A02EB00131B7B43B100210D
S3150801459003F016F8002008BD0448FCE70448FAE7CA
S315080145A00448F8E7FF280020B0100020028000F038
S315080145B0018000F0078000F00A4A08B512785AB15E
S315080145C007280BD8084A02EB00131B7B43B10121CC
S315080145D002F0F6FF002008BD0448FCE70448FAE7A4
S315080145E00448F8E7FF280020B0100020028000F0F8
S315080145F0018000F0078000F0184B2DE9F0411F6D8E
S315080146005B6D1F4000D5FEE701260025144CDFF837
S315080146105880374218D02368C8F85060A3B1A168FA
S31508014620284601316268A1609847637B012B0BD14B
S3150801463050B90C4B03EB45131A7B60F341021A730D
S315080146401A7F60F341021A770135082D4FEA4606AB
S3150801465004F11004DDD1BDE8F08100BF000004506B
S31508014660B0100020B00F0020002004502DE9F04FB3
S31508014670144605460E469B46C36B87B001225B6905
S3150801468002A960689847EB6B01225B6903A930466A
S31508014690984702A826F00EF8074648B10023A375E5
S315080146A063754FF0FF33A360002007B0BDE8F08FB4
S315080146B003A826F00CF80123A375237E04EBC30394
S315080146C0DE611F846368B3420ED1206003A826F019
S315080146D020F84FF0FF332075A360237D043B022B9E
S315080146E026D80023A375DFE723681A1A53425341D4
S315080146F0A37503A826F00DF8237D834218BFA77575
S3150801470003A825F0E8FF074602A825F0E4FF87423B
S3150801471018BF002303A818BFA37525F0E4FF0746B1
S3150801472002A825F0E0FF87421CBF0023A375D4E742
S3150801473003A825F0D0FF80B1EB6B022230465B69F6
S3150801474004A9984704A825F0D5FF0346207D032828
S3150801475039D8DFE800F03838040903A8F3E7CC2292
S31508014760237E04EBC3031A8401F0EAFA109B18703E
S3150801477003A8277E25F0A3FF04EBC70787F82200C5
S31508014780237E03A804EBC303B3F8209093F82270A1
S3150801479025F0A1FF804603A825F0A5FF8246B8F1BA
S315080147A0000F15D0EB6B022230465B6904A99847C6
S315080147B004A825F064FF6075637D6BB90023A375B2
S315080147C04FF0000838E0227E04EBC2021384CBE7DF
S315080147D003A825F03FFFEEE794F81680B8F1000F1D
S315080147E0EED0B9F1000F09D1DFB10123E375637E7C
S315080147F0002B4FD1012F42D1677614E06B6C06EB83
S315080148000A02594286EA020008421CBF0021A17524
S31508014810591E0A409B1A9945D0D8A37D002BE3D18E
S31508014820CEE7E37D43B94FF000084B465246314681
S31508014830284625F07DFCA060A27D12B123694B4470
S3150801484023611A49237E097899422AD901332376A5
S31508014850BBF1000F27D032B3E37D23B3B8F1000FC4
S3150801486021D1032F1FD0A1684B1C1CD0109B2246B7
S31508014870009328460123FFF7F9FEA07513E095F882
S31508014880343063B9EB6A0133CFD1032FCDD101237C
S31508014890A376C8E7012FCFD0032FC4D1F7E79846EF
S315080148A0C3E70023A375A07DFFE600BFC4AC0408D7
S315080148B02DE9F04F0E46984600238BB004464FF07B
S315080148C0FF31104617468DF8133001F023FAB6F575
S315080148D0801F3BD3B21C53D1E56A6B1C57D12046C6
S315080148E0616A25F06BFB0546B31C18BF0123DFF887
S315080148F010910193636A626C0293236805A902FB0E
S31508014900053AE36B05225B695046984705A825F0E9
S315080149106CFF25F08FFF504625F097FF4FF0000BEF
S31508014920824601464B1C05D0636C81EA0A025B424A
S31508014930134232D02946204625F040FB029BAB4262
S315080149404DD0BBF1000F4DD10546D3E7314605AA37
S3150801495004F1080025F0FCFD0146481C10D0384634
S3150801496001F0D8F90122394620460DF1130325F045
S3150801497031FC28B19DF8133088F80030002003E097
S31508014980237C002BA8D12D200BB0BDE8F08F23681E
S31508014990ED1A636CB5FBF3F5A6E7484601F0BAF9DB
S315080149A00DF1130349462046019A25F013FC0346E7
S315080149B090B1B21C03D0D9F80020B2420CD19DF8AF
S315080149C0132003930D4B88F8002049461A68384688
S315080149D029F074FA039B9B46D9F80810A2E7BBF1A4
S315080149E0000FD0D0B6F5801FC8D2314698F80030EE
S315080149F07A6804F1080001F0BBF8BFE7C0AC040807
S31508014A00A41700202DE9F3410446174698460E4699
S31508014A10194D816AE36A8B422AD04B1C18E0284655
S31508014A2001F078F90122294620460DF1070325F000
S31508014A30D1FB30B14346294620469DF80720B847A1
S31508014A40B0B1A9684A1C05D0012E0AD0E36A994279
S31508014A50E5D10DE06968204625F03DFB012E0146AA
S31508014A60D8D16B6881EA0302636C5B421A42D1D0E2
S31508014A7002B0BDE8F08100BF781700202DE9F04F9C
S31508014A804FF0FF334FF6FF720025044600F1080682
S31508014A90C0E909238BB0C3620562056330460F4638
S31508014AA025F027FD204625F059FA20BB2046394630
S31508014AB025F0D4FA204625F051FA20BB5E200BB02A
S31508014AC0BDE8F08FE26B2368606CD2F814C000FB76
S31508014AD00530052205A9E04705A825F086FE012827
S31508014AE028D12946204625F08AFA421C294620461D
S31508014AF025F053FA0135E3699D42E3D3204625F0B3
S31508014B002DFA0028D2D000254FF0FF394FF6FF7352
S31508014B10CA46A846C4E90853E369984514D3A5EBE0
S31508014B200905012D36D84FF6FF72636A934246D1BD
S31508014B306720C4E725F083FE0028DBD029462046F6
S31508014B4025F05DFA0246D1E72368E26B606C576986
S31508014B5000FB0830052205A9B84705A825F045FE3A
S31508014B60834605A825F018FE0746584625F062FE35
S31508014B7068B1574538BFC4F82480B94528BFB94636
S31508014B80BD4238BF3D46BA46236A0133236208F15E
S31508014B900108C1E74FF6FF7300256362E3699D4289
S31508014BA0C1D2676C2068E36B052207FB05005B69C8
S31508014BB005A9984705A825F0EFFD0135EEE7E26B53
S31508014BC0676C2068694607FB030055690522A847F3
S31508014BD0684625F0E1FD626A2368606C4B4D00FB6F
S31508014BE0023025F032FE4FF0FF33A062E3622A4617
S31508014BF06FF00101204605ABFFF75AFE002846D1A2
S31508014C00AD6829462046E56225F084F9206320B976
S31508014C102046E16A25F05FFAE0622946204625F03A
S31508014C205AFA0546A36A9D4233D1204625F045F92D
S31508014C3000278046B946E36999453CD3B84559D911
S31508014C402046616A25F0BAF90026054604F1400AAC
S31508014C50B74212D8626C2368694602FB0539E36BD1
S31508014C6005225B6948469847684625F095FD5346EF
S31508014C7002464946E06B25F0EAFD2946204625F01D
S31508014C809DF90136B0450546E2D1642017E7A56AC4
S31508014C90B7E72946204625F03DF9236B2946034403
S31508014CA007462363204625F016FA0546002FB9D193
S31508014CB0C4E90B07B6E7636C2568052203FB0955AA
S31508014CC0E36B05A95B692846984705A825F08DFD7C
S31508014CD025F0B0FD58B1284625F0B7FD0146204616
S31508014CE025F018F9636C143B984208BF013709F19E
S31508014CF00109A0E7304625F0FCFB002320461946AA
S31508014D00034AFFF77FFE0020D9E600BFD01700202F
S31508014D10C3A103082DE9F041036B9046826B07682E
S31508014D209A4288BF8363426C436A90B002FB037759
S31508014D30C36B0E46052201A95B69044638469847A6
S31508014D4001A825F052FD01280146307057D0656C3F
S31508014D50E26B2368606AD2F814C005FB00300522AD
S31508014D6006A9E04706A825F040FD01284FF00005F1
S31508014D7023D0D4E90A3201219342CDE90B458DF8B6
S31508014D8034800E958DF83C102AD11946204625F017
S31508014D90A2F9236B626C14339B1AE06223630C9BA2
S31508014DA053B99DF83C303BB1626A616C2368E06B8C
S31508014DB001FB023125F0D1FC0C9DE36B05225B69F1
S31508014DC001A93846984701A825F00FFD30702846F5
S31508014DD0236BA26B9A4288BFA36310B0BDE8F0812A
S31508014DE0237C33B91C490BAA04F1080000F00EFF15
S31508014DF0D5E72046194A0BABFFF704FECFE7237C1C
S31508014E0023BB2246164904F1080000F0FFFE616A39
S31508014E10204625F0F4F8616A421C204625F0BDF8C3
S31508014E20054620B9236B626C1344143B2363204661
S31508014E30A16A25F050F92368A062C01A636CB0FB19
S31508014E40F3F06062204625F089F9B6E7002320468B
S31508014E50044AFFF7D7FDDAE7895501080555010820
S31508014E605DA20308F9A1030873B50D46D11E4A428E
S31508014E701C461B7E4A419A4226D1296823689942D3
S31508014E8022D3636899421FD8114E0DF107033246A2
S31508014E90FFF70EFDC0B972686B689A4214D19DF886
S31508014EA00730DA1E53425341227E93420CD163697D
S31508014EB001336361D4E90323934205D22968A268C1
S31508014EC042F8231001332361012002B070BD00BFEF
S31508014ED0D01700202DE9F04F9A468BB09DF8503037
S31508014EE0DFF850B10293DBF81030804653450D4682
S31508014EF01646C0F09980D146DBF804300193B9F122
S31508014F00000F00F08D80D8F83C3001225B6907A9B3
S31508014F100198984707A825F0DAFBDBF80030984294
S31508014F2040F0858007A825F0DEFB0428074614D142
S31508014F3007A825F0DFFB019B029A04463B44002A99
S31508014F403FD1864212D91446361A4046019925F0B0
S31508014F50C2F8A9EB04090190D1E7D8F83C3002223E
S31508014F605B69019808A9984708A8E2E7841B544594
S31508014F7028BF5446032C03EB0607AAEB040A4FEA9B
S31508014F8094021CD9D8F83C30294638465B699847BB
S31508014F9024F0030304F003061F441D44002ED4D055
S31508014FA0D8F83C3001225B6908A938469847324649
S31508014FB0284608A9354428F081FF0026C5E7264674
S31508014FC0ECE7074600F00302039203442A18049209
S31508014FD00593049BDD1B059BD81B039B9F420FD1A1
S31508014FE0002FB2D0D8F83C30012208A95B6998474E
S31508014FF03A46284608A928F0F9FE78B93D44A4E7B7
S31508015000D8F83C30012208A95B699847042228464A
S3150801501008A928F0EBFE08B9043FDAE74FF036098C
S3150801502048460BB0BDE8F08F4FF06309F8E74FF03B
S315080150306F09F5E7FC1700202DE9F0410F461646E2
S315080150409846044688B060B390F83450FDB1012102
S3150801505024F079FF00210E9BCDE90511CDE9023730
S315080150609DF83C30CDF804808DF81C30237C0496DD
S315080150708BB90D4901AA04F1080000F0C7FDDDE965
S315080150800553E06B002E08BF1D4625F0F5F82846A6
S3150801509008B0BDE8F0812046044A01ABFFF7B2FC2F
S315080150A0EDE70546F3E700BF27A20308694E0108A5
S315080150B02DE9F04F99B00F4609920A69416C0E9392
S315080150C01439D31DB3FBF1F3013302EBC302036BAE
S315080150D004469342C0F0B3810023DFF824940D936C
S315080150E0E36A48461946079300F014FED7E90336E2
S315080150F004930E9B022B4ED1CC2E40F08A81099B3C
S31508015100002B42D03946204625F014F9656C079ADA
S315080151106B1E13401490ED1AE36B01225B6916A905
S315080151207868984716A825F0D6FA00280CBF0423F4
S315080151300823782E06933DD9012300254FF0080A46
S3150801514005933B6805990E98C9F80030C9F81060AF
S3150801515025F0E3FA4FEA9A0310930023DDF81CB011
S3150801516089F814000B930F9308930C93616C4A1EEC
S315080151700BEA02028B1A002E38D05544AB4240D8AE
S31508015180236B5B1A13442363ABE0049B1B681493DC
S3150801519008230693D0E7656C079A6B1E1340782E91
S315080151A0A5EB030516D8FB7D7BB9099B002BB3D16B
S315080151B004230693331DAB4210D9A6B1082DBBD8DB
S315080151C004250023AA460593BBE7099B002BA3D117
S315080151D00823EEE7099B002B9ED1D9E70025059503
S315080151E04FF0040AADE704250596F9E75345C7D3F9
S315080151F0B0460BEB0A030393089B002B18BF032346
S3150801520013E0A3EB0A039E42B0460BEB0A0228BF42
S3150801521098469E420392EFD90123D9F8102089F8BE
S315080152201730964271D1C9F804B0089399F8173026
S31508015230002B6CD099F818200899D31C09EBC303E5
S315080152400132C3F804B0A3F80880997289F81820C6
S31508015250B8F1000F14D00E9B022B5BD10B9B7BB9C7
S315080152600F9B4344032B0BD9E36B01229B690398DC
S3150801527014A998470546002840F0E38001230B93BB
S31508015280089B16A80193059B009399F81420434699
S31508015290396800F0F5FCE36B58469B69109A16A924
S315080152A09847051E0D9B18BF5B4652460D935946F6
S315080152B04346204624F03CFF236B08F10302A3EB87
S315080152C00A0322F003029B1AC9F808002363002D7A
S315080152D040F0B7800F9BDDF80CB04344A6EB0806F7
S315080152E00F935946204624F0F6FE00258346002EE4
S315080152F07FF43CAF824A3968936804F10800E36297
S3150801530052680E9B00F034FC84E002238DE7C9F84D
S3150801531004B09DE7099B002B30D1049BB8F1030F1C
S3150801532043440A9327D9DDE90301E36B4FEA98025F
S315080153309B6998470546002865D118F003025FD096
S31508015340049B28F003052B440493039B1D444FF04B
S31508015350FF33049915A8159328F0B0FDE36B284689
S315080153609B69012215A9984705460A9B0493002DB6
S3150801537086D0039B99E74246039DE8E7039B0A9378
S3150801538007F120031193FB7D78689BB100233D7ECD
S315080153900C9AD9B28D4211D9119903F1010C31F840
S315080153A03310914226D9069907EBC303D8690A44F3
S315080153B0104403E00C9B069A13441844E36B01223C
S315080153C05B6915A99847159B012213930C9B0A98AB
S315080153D004330C93E36B13A99B699847039B0A9AB9
S315080153E043449B1A042B054607D978B91346043357
S315080153F00A93C8E76346521ACBE70A9B0393B6E7B3
S315080154000A9B04933CE70A9B0493B2E70A9B03931E
S31508015410AFE77026304619B0BDE8F08F4FF0000AA5
S315080154204FE03A69616CD31D1439B3FBF1F30133CB
S3150801543002EBC302236B9342BFF452AE5DE01C2616
S31508015440E8E73D2D59D104F1080303932368079A28
S31508015450606CA2EB030ABAFBF0FA00FB0A3025F0EE
S31508015460F4F9E16A8046204624F035FEA26A8242B2
S31508015470D7D0626CD9F80830511E0B40216B2668CB
S31508015480891A0B4423630D9BE0629E1BB6FBF2F659
S31508015490B245C3D1079BB3EB080A12D0E36B4FEAB7
S315080154A09A0241469B6998478346E36A079A534499
S315080154B0E362236B03989B1A4344236325F019F887
S315080154C0DA462368616CE06B01FB063125F032F997
S315080154D0204624F043FD204624F040FE2063BAF11D
S315080154E0000F9ED03A69616CD31D1439B3FBF1F3F1
S315080154F0013302EBC3029042A8D22E468AE700BFC7
S31508015500A4170020032A2DE9F34106460D4617463E
S315080155101C4606D1237A012B23D0012002B0BDE80F
S31508015520F081DFF86080096842460DF10703FFF74D
S31508015530BFF960600028EDD19DF80720237A032A78
S31508015540E8D0D8F804106A689142E3D1012B296999
S31508015550D4F80CC007D172690CEB0103934202D946
S315080155602074207CDAE708316144E1603B46012278
S3150801557029463046FFF79CFD60600028CAD0002006
S31508015580CCE700BFD01700202DE9F341089C032A78
S315080155901746266806D1237A012B24D0012002B0AA
S315080155A0BDE8F081DFF89080304642460DF10703E9
S315080155B0FFF77EF960600028EDD12568D8F8040068
S315080155C0A96AD5F844C04840CCF100031840227AAC
S315080155D0E1D1012A09D1E268D8F810301344726979
S315080155E0934202D92074207CD9E72868EB6A1B1AF2
S315080155F0081AB3FBFCF3B0FBFCF083420BD1706CC9
S31508015600F36A421E1340326B121A13442846336357
S3150801561024F061FDE862D8F81020E36808321344E3
S31508015620E36001223B4604492068FFF741FD6060BB
S315080156300028B0D00020B2E7D01700202DE9F041AC
S315080156400025634B0E46D3F8008004461D6018B941
S3150801565021252846BDE8F08190F8347007B30A6819
S3150801566003689A4240F0AA804A6843689A4240F021
S31508015670A5808A6883689A4240F0A080CA68C36890
S315080156809A4240F09B800A6943699A4240F09680A3
S315080156908A69C36B9A4240F091804B698361D8E766
S315080156A068223946856B28F0CBFBD6E902123368A6
S315080156B004F1080023607368A56363603369636155
S315080156C07369A36124F027FFB36904F14000E3631A
S315080156D09B68984720B9676C17B16368B3FBF7F7FE
S315080156E094F84330E761002BB2D00023656C23663A
S315080156F0002D6BD0002F69D02368B3FBF5F205FBAB
S315080157001233002B5CD16768B7FBF5F605FB1676F5
S31508015710002E55D1204624F0EDFBA369043303443A
S315080157209F424FD340F634726369CC3B93424BD8C0
S31508015730B5F5805F4AD30321204624F004FCD4E959
S315080157400001E36B1B6898470546E36B0220DB689B
S3150801575098472DB184F83460E06B24F08DFD78E725
S3150801576041462046FFF78AF96428054604D1414691
S315080157702046FFF783F90546636C143BD5B9226ABF
S31508015780204602FB03F624F0B5FBA3690433034460
S315080157909E4203D284F834505A25DDE70123D4E921
S315080157A000010C4A84F8343013680133136024F07D
S315080157B04CFFD1E7002384F83430CDE75D2548E76F
S315080157C0592546E75A2544E75F2542E75B2540E721
S315080157D034110020301100202DE9FF410C461646F0
S315080157E01F46054680B390F834307BB3B1F5801F68
S315080157F02ED2DFF86080012124F0A5FB214642461E
S3150801580028460DF10F03FFF753F8044670B99DF8C2
S315080158100F30012B11D1D8F81030BB4212D10246F4
S31508015820009031462846FFF755FB0446E86B24F0FD
S3150801583023FD204604B0BDE8F081022B14BF2D24B8
S315080158406024F3E76324F1E72124F2E71124F0E762
S315080158502924EEE7FC1700202DE9F04385B00C4614
S3150801586017461E460546DDF8308098B390F8343061
S3150801587093B3B1F5801F31D2DFF86490012124F08A
S3150801588062FB21464A4628460DF10F03FFF710F839
S31508015890044688B99DF80F30012B14D1D9F8102088
S315080158A006EB08039A4213D300904346324639461B
S315080158B02846FFF70FFB0446E86B24F0DDFC20467B
S315080158C005B0BDE8F083022B14BF2D246024F3E74D
S315080158D06324F1E72124F2E71124F0E72924EEE70E
S315080158E0FC1700202DE9F3411F4600230C461646F6
S315080158F005463B6050B390F834304BB3B1F5801F81
S3150801590028D2DFF85480012124F01DFB21464246A6
S3150801591028460DF10703FEF7CBFF0446A0B99DF80B
S315080159200730032B10D0022B0AD10123336004233D
S315080159303B60E86B24F0A0FC204602B0BDE8F0818C
S31508015940D8F810303060F3E72D24F2E72124F3E785
S315080159501124F1E72924EFE7FC17002073B5044663
S31508015960056B24F0C7FA636E03449D422CBF0023DE
S315080159700123854294BF00252D1A207C84F85030D6
S31508015980656584F85800A8B100230C4E1A461946D5
S315080159902046009624F09BFD002305461A46194623
S315080159A02046009624F09CFDE3682844984294BF5B
S315080159B00020C01AE06502B070BD00BFFFFF0F00EE
S315080159C02DE9F3471E4643690446B34288461746FE
S315080159D09DF828904ED300258DF80750204624F0CF
S315080159E089FAD4F830A082450AD2236AB5EB430F67
S315080159F006D2002220460DF10701FFF78BF9B8B34D
S31508015A009DF80730012B05D1002220460DF107012B
S31508015A10FFF780F9B9F1030F06D03146204624F085
S31508015A2059FA256B854227D3144D4FF0FF31284685
S31508015A3000F070F94B46294600222046C5E903764F
S31508015A40C5F80080FFF734FB236E054663B120468F
S31508015A50FFF784FF94F8503013B994F858301BB106
S31508015A60236E04F150009847284602B0BDE8F08736
S31508015A700135B3E76225F7E71C25F5E7D0170020BE
S31508015A802DE9FF410F4690461E46054698B390F804
S31508015A90343093B3B1F5801F31D21A4C022124F068
S31508015AA052FA2246394628460DF10F03FEF700FF42
S31508015AB0024678B1012342460093394633462846C1
S31508015AC0FFF77EFF0446E86B24F0D6FB204604B0B8
S31508015AD0BDE8F0819DF80F30012BEBD12169B14268
S31508015AE0E8D10093414633462846FFF7F3F90446C1
S31508015AF00028DFD1E7E72124E8E71124E6E729248E
S31508015B00E4E700BFFC17002030B50C46054685B012
S31508015B1028B390F8343023B3B1F5801F23D202217C
S31508015B2024F011FA0DF10F03214628460F4AFEF714
S31508015B30BFFE034688B99DF80F20032A0DD003221C
S31508015B402146009202462846FFF73AFF0446E86BCB
S31508015B5024F092FB204605B030BD2D24F7E7212419
S31508015B60F8E71124F6E72924F4E700BFFC1700201B
S31508015B702DE9F043466886B3056898464FF0000C50
S31508015B80A946AE4655F83C400CF1010CC4F313077F
S31508015B90013401D0B94217D066450EF1080EF1D18C
S31508015BA02F46002403E0A64207F1080712D055F84C
S31508015BB0343001340133F6D1C1F3130141EA0851F6
S31508015BC0C7E90012BDE8F08341EA0851CEE900129F
S31508015BD0BDE8F083B8F1030F03D101230372BDE8D1
S31508015BE0F083002303E09E4209F10809F5D055F830
S31508015BF033400133C4F30754032CF4D1C1F313031F
S31508015C0043EA0853C9E90032BDE8F0832DE9F041BA
S31508015C100646406882B0C0B10F46904600243368F4
S31508015C2053F8345003EBC403C5F30752C5F3130104
S31508015C30013504F1010406D05B683046CDF80080D1
S31508015C40B84710B170688442E9D302B0BDE8F08163
S31508015C50024B1968024B1868FFF7F0BC7C36002026
S31508015C609C36002008B534F046FC014B186008BD87
S31508015C7028180020014B186834F038BC2818002071
S31508015C8073B504462248012A00EAC1119DF8185045
S31508015C9023F07C4007D9961E012E28D9073303F035
S31508015CA07F03194308E09DF81C300A43DB0603F01D
S31508015CB0C053134343F060410023C4E900108DF833
S31508015CC00730B5B1202221460DF1070024F0D9FD90
S31508015CD01A220DF10700211D24F0D3FD082063685F
S31508015CE09DF8072043EA8263636002B070BD1143E1
S31508015CF0E2E71B220DF10700214624F0C2FD2368C5
S31508015D009DF80720042043EAC2632360EDE700BF3C
S31508015D1080FFFF0738B5094B0D461A68002104466E
S31508015D2028F08EF800234FF0FF322383C4E90025BB
S31508015D302361A260E382A37638BD00BFC0AC040824
S31508015D400138C0B205289ABF014B185C012070477B
S31508015D50C5AC04082DE9F0410746154600240E4650
S31508015D60596888B0490A012922464FEA510104F1C6
S31508015D700104F8D8DC78997824031B88C90201F450
S31508015D80006104F480540C43C3F30A035203234409
S31508015D9092B24FF000089C18274B6FEA044403930C
S31508015DA025F07843ED4302A90DF107001B22029362
S31508015DB08DF8078024F065FD9DF80720029B02A94E
S31508015DC043EAC2630DF107001B2225F078450493C7
S31508015DD002958DF8078024F054FD9DF80720029B53
S31508015DE06FEA144443EAC26305934FF0FF330794FD
S31508015DF0069307A9BB69012206F110009847BB69FA
S31508015E0005A90446012206F108009847BB694045E1
S31508015E1018BF044604A90122301D984701224045AE
S31508015E2018BF0446BB69304603A99847404508BFD1
S31508015E30204608B0BDE8F08101009AB2044BD3F8B8
S31508015E408420D206FBD4D3F88400C0F381107047AE
S31508015E500040005038B5174B0546D3F828310C4693
S31508015E6003F00703013B052B20D8DFE803F00313F2
S31508015E701B0F0B1733F00CF9052305B1286004B184
S31508015E80236038BD33F004F90623F6E733F04AF9FF
S31508015E900723F2E733F03CF90323EEE733F038F949
S31508015EA00423EAE733F030F90223E6E7002318462C
S31508015EB0E3E700BF00800050002337B50193164B76
S31508015EC00546D3F820320C4603F00703042B21D8E4
S31508015ED0DFE803F0030B11161B0001230DB1019A2C
S31508015EE02A6004B1236003B030BD002101A8FFF781
S31508015EF0B1FF1223F2E733F015F907230190EDE715
S31508015F0034F008FB0A230190E8E733F053F9092333
S31508015F100190E3E70023E1E70080005038B5104B14
S31508015F200546D3F880300C4603F00303022B0BD049
S31508015F30032B0DD0012B0FD133F0B0F80E2305B189
S31508015F40286004B1236038BD33F0ECF80723F6E77F
S31508015F5033F09EF80623F2E700231846EFE700BF61
S31508015F600080005038B5104B0546D3F800310C4671
S31508015F7003F00303022B0BD0032B0DD0012B0FD1FA
S31508015F8033F0C6F8032305B1286004B1236038BD90
S31508015F9033F010F90923F6E733F0C0F80823F2E7DE
S31508015FA001230020EFE700BF0080005038B5184BE9
S31508015FB00546D3F820010C4600F00700062823D829
S31508015FC0DFE800F0040A0E16121A1E00012305B1B5
S31508015FD0286004B1236038BD33F05AF80523F6E783
S31508015FE033F096F80323F2E733F09CF80723EEE73C
S31508015FF033F08AF80223EAE733F04AF80623E6E79C
S3150801600033F086F80423E2E700231846DFE700BFEA
S315080160100080005038B5104B0546D3F840310C4680
S3150801602003F00303022B0BD0032B0DD0012B0FD149
S3150801603034F070FA0A2305B1286004B1236038BD2B
S3150801604033F0B8F80923F6E734F067FA0C23F2E7D8
S3150801605001230020EFE700BF00800050002337B579
S315080160600193164B0546D3F860320C4603F0070335
S31508016070013B032B1FD8DFE803F0020E1914002198
S3150801608001A8FFF793FF10230DB1019A2A6004B105
S31508016090236003B030BD002101A8FFF7BBFF112320
S315080160A0F2E733F03FF807230190EDE733F02CF8D8
S315080160B002230190E8E70023E6E700BF00800050CD
S315080160C0002337B50193164B0546D3F894320C468F
S315080160D003F00703013B032B1FD8DFE803F0020E89
S315080160E01914002101A8FFF761FF10230DB1019AC8
S315080160F02A6004B1236003B030BD002101A8FFF76F
S3150801610089FF1123F2E733F00DF807230190EDE734
S3150801611032F0FAFF02230190E8E70023E6E700BF21
S315080161200080005038B5104B0546D3F860310C464F
S3150801613003F00303022B0BD0032B0DD0012B0FD138
S3150801614034F0E8F90A2305B1286004B1236038BDA3
S3150801615033F030F80923F6E734F0DFF90C23F2E7D8
S3150801616001230020EFE700BF008000502E4B984224
S315080161704AD022D82D4B984240D014D82C4B98425D
S3150801618039D00AD82B4B984232D02B4B98422FD074
S315080161902A4B98422CD000207047294B9842FAD1B5
S315080161A0284B186F7047284B98422AD0274B98429C
S315080161B0F1D1244BD3F880007047254B98422BD058
S315080161C009D8244B984223D0234B9842E3D11D4B3F
S315080161D0D3F88C007047214B984221D003F57403FC
S315080161E003F510539842D6D1164BD3F89800704749
S315080161F0144B986D7047134B586E7047114B586F77
S315080162007047104B986F70470E4BD3F88400704750
S315080162100C4BD3F8880070470A4BD3F890007047A7
S31508016220084BD3F8940070470048E8010024F400AD
S31508016230C0CF6A0080841E0000093D0040420F005D
S31508016240405DC6000080E00FC0EA210180BA8C01DA
S31508016250007E560380D54302006CDC020090D00311
S3150801626073B50D460021114B0191D3F880410646BD
S3150801627004F00304022C13D0032C0CD0012C13D1E7
S3150801628001A8FFF793FE10240EB1019B336005B1F7
S315080162902C6002B070BD32F045FF07240190F3E788
S315080162A032F032FF0190EFE70C46EDE7008000502F
S315080162B038B5104B0546D3F840320C4603F00303B4
S315080162C0022B0BD0032B0DD0012B0FD134F022F961
S315080162D00A2305B1286004B1236038BD32F06AFF8C
S315080162E00923F6E734F019F90C23F2E70123002014
S315080162F0EFE700BF0080005038B5144B0546D3F8C8
S3150801630000020C4600F0070004281BD8DFE800F05D
S3150801631003090D111500012305B1286004B1236095
S3150801632038BD34F0F7F80A23F6E732F043FF0923BC
S31508016330F2E734F0F2F80C23EEE732F0CFFE0F2342
S31508016340800AE9E700231846E6E700BF0080005007
S3150801635038B5144B0546D3F808020C4600F0070079
S3150801636004281BD8DFE800F003090D1115000123E5
S3150801637005B1286004B1236038BD34F0CBF80A238F
S31508016380F6E732F017FF0923F2E734F0C6F80C23D3
S31508016390EEE732F0A3FE0F23800AE9E70023184649
S315080163A0E6E700BF00800050B0F5207F1FD009D86E
S315080163B0B0F5007F15D003D868B1B0F5C07F0AD013
S315080163C000200CE0B0F5607FFAD10B4BD3F88000C2
S315080163D0C0F3011003E0084B186FC0F30330013016
S315080163E07047054BD3F89000C0F30460F7E7024BFA
S315080163F0186FC0F38020F2E70080005002464FF480
S315080164008030104B10B598660020FFF7CDFF50433A
S3150801641041F671320C4BDC69DA635A6804F480344C
S3150801642022F4401259B90949884294BF0020012033
S31508016430000502435A600CB10022DA6310BD044913
S31508016440F2E700BF0090005000000350005A6202B4
S31508016450002D3101430905D0012B0CD0022B084B25
S3150801646018BF002300F01F0039B103F5805301223C
S3150801647082401A607047034BF4E703F50053F6E7C9
S3150801648068800050648000501FB50021B0F5807FF8
S315080164900446CDE9001100F0D2803AD85E2833D8F7
S315080164A05E2833D8DFE800F04532323232323232F2
S315080164B032323232323232323232323232323232AD
S315080164C0323232323232323245AC45ACBCBCBCBC5B
S315080164D0BCACC64E6BDC4EACACAC3232323232326C
S315080164E03232ACACAC7EE6AC323232323232323295
S315080164F03232323232BC454545E14E4EEB8D63C1EF
S3150801650032323232329E4500802870D0009804B06B
S3150801651010BDB0F5D06F00F0A38035D8B0F5607F17
S3150801652079D01AD8B0F5007F65D005D8B0F5C07F07
S31508016530ECD132F0D3FD5CE0B0F5207F60D0B0F548
S31508016540407FE3D132F0CAFD02464FF42070FFF7CF
S315080165502BFFB2FBF0F252085BE0B0F5B06F69D0E1
S315080165600AD8B0F5806F5BD0B0F5A06FCED1002107
S315080165706846FFF7A1FCC9E7B0F5C06FC6D100218F
S315080165806846FFF747FDC1E7B0F5106F6DD00ED825
S31508016590B0F5086F78D0B9D8B0F5E06F6AD0B0F524
S315080165A0F06FB3D100216846FFF7BCFDAEE7B0F541
S315080165B0406F3AD013D8B0F5206F60D0B0F5286F88
S315080165C0A4D10021324B0391D3F8703203F00303AF
S315080165D0012B02D103A8FFF71DFD039B39E0B0F596
S315080165E0486F93D100216846FFF76AFD8EE732F0BE
S315080165F055FD00908AE732F051FD0246204604E037
S3150801660032F06CFD02464FF42070FFF7CDFEB2FB67
S31508016610F0F200927AE701A8FFF780FC019AEDE70C
S3150801662000216846FFF7C2FC70E700216846FFF7BC
S3150801663011FC6BE700216846FFF712FE66E74FF08B
S31508016640E02302911B695B0705D532F047FD0290ED
S31508016650029B00935AE703A902A8FFF7DBFCF7E7B9
S3150801666000216846FFF748FE50E700216846FFF714
S315080166706FFE4BE700216846FFF71AFE46E7002141
S315080166806846FFF7EBFC41E76846FFF76BFC3DE719
S315080166900080005008B58020FFF7F6FE034B9842AC
S315080166A09EBF4FF48032024B1A6708BD005A620238
S315080166B000A000501FB503460020B3F5807F019066
S315080166C000F0C58065D85D2B56D84C2B07D82D2BE5
S315080166D048D8232B2CD8019805B05DF804FB4D3B0F
S315080166E0102BF8D801A252F823F000BF456801081B
S315080166F0D7660108D7660108D7660108F367010856
S31508016700D7660108D76601089F680108116801085C
S31508016710B767010895680108D7660108D7660108B1
S31508016720D7660108D7660108D7660108A96801086E
S31508016730243B092BCFD801A252F823F0456801085A
S315080167404568010845680108456801084568010862
S31508016750D76601083B680108D7660108D3670108AF
S315080167607B6801083D2B00F083803E2BB3D10020C6
S3150801677001A9FFF79DFDAEE7802BACD1504B1B6FEE
S3150801678003F00703013B032BA5D8DFE803F0544DBB
S315080167905052B3F5F06F6BD020D8B3F5B06F4CD02B
S315080167A00ED8B3F5607F71D095D3B3F5806F49D014
S315080167B0B3F5A06F8FD1002001A9FFF77DFB8AE70A
S315080167C0B3F5D06F59D0B3F5E06FD0D0B3F5C06F3C
S315080167D081D1002001A9FFF71DFC7CE7B3F5206FE5
S315080167E05DD00BD8B3F5086F4CD0B3F5106F7FF4B5
S315080167F072AF002001A9FFF7ABFD6CE7B3F5406F57
S3150801680048D0B3F5486F4FD0B3F5286F7FF463AF1F
S315080168102B4BD3F8703203F00303012B49D0022B1B
S315080168200CBF1523002300E00523019353E7032337
S31508016830FBE70823F9E70223F7E7002001A9FFF799
S315080168400FFD48E7002001A9FFF7B0FB43E74FF02A
S31508016850E02302901B695B0705D532F03FFC0D2347
S315080168600393039BE1E703A902A8FFF7D3FBF8E724
S31508016870002001A9FFF756FC2DE7002001A9FFF723
S315080168803BFD28E701A9FFF76DFB24E701A9FFF7FF
S3150801689045FB20E7002001A9FFF7DCFA1BE70020EA
S315080168A001A9FFF7DBFB16E7002001A9FFF708FCA2
S315080168B011E7002103A8FFF7ADFB1123B5E700BFD8
S315080168C0008000504FF48032074B0849586E03F593
S315080168D080535A664B6A23F001034B62C3035CBFBC
S315080168E0034B5A66704700BF0080005000C007502E
S315080168F000A0005008B5FFF7DDFE092811D00A38B7
S31508016900012802D94FF6FF7008BD4FF48002064BE5
S315080169105A6603F5D8335B6ADB07F3D54FF4FA7089
S31508016920F2E7024B1888EFE700900050B6390020CD
S3150801693008B5FFF7BFFE03280ABF024B4FF6FF70E3
S31508016940188808BDB439002038B504468020FFF7F9
S31508016950B1FE032800F083804FF48012524B4FF0AA
S31508016960A0615A6645F60E02504BC3F88020504A7C
S3150801697091624FF4803102F5805291629A6DD20389
S31508016980FCD4996D11F08041FBD1D4E900021205BE
S3150801699042EA0062E07B0243207B42EA0042607BD6
S315080169A042EA0032A07B42EA80121A619869D4E968
S315080169B00452120642EA856200F000400243A07EB4
S315080169C0E57E0243207E42EA0042607E42EA0022D8
S315080169D09A611A6AE06922F00F0242EA8502354D88
S315080169E000283DD11A6294F82420996A94F8200067
S315080169F0D200294042EA40120A4394F8211042EA99
S31508016A00011242F480329A622B49284A936D31EA7F
S31508016A100303FBD14FF08071254881621369A5688C
S31508016A2023F4700343EA055313614FF0004383616E
S31508016A3094F822300BB9214B996294F823303BB96B
S31508016A404FF480321D4B9A62184A936D5B00FCD451
S31508016A5094F825301BB1154B194AC3F8802038BD67
S31508016A60024342F0080202281A6208D119614FF45A
S31508016A700852996113484FF47F4123F020FF0B49CF
S31508016A8094F822308A6A94F820001B062A4043EAC1
S31508016A904013134394F8242043EAC20394F82320AD
S31508016AA043EA02438B62D3E7009000500040005A44
S31508016AB00050005AC7FFFEFE030001000060005A9D
S31508016AC0F1A7FFFF3440005A014B93F900007047C4
S31508016AD0513A0020F0B5D0E901434FF400061A4AAD
S31508016AE04178057856664FF4D156022702F5B83231
S31508016AF05662164E4F2977604FF0010728BF4F217E
S31508016B0006F5805677601669F603FCD441EA052135
S31508016B1051611B01417B43EA04230B43017B43EA91
S31508016B2041039360C37B817B1B0143EA4113417C8B
S31508016B300B43017C43EA41035360837C13B16FF431
S31508016B40D1535362F0BD00BF0090005000100250AF
S31508016B50014B1880704700BFB6390020014B1880D9
S31508016B60704700BFB43900204FF4800208B5184BAE
S31508016B705A660223174A5360936813F48033FBD18C
S31508016B80012822D132F0C4FA134B984215D003F5E5
S31508016B90122303F5F863984213D0104B00EB8002D9
S31508016BA0400AB3FBF0F3520A0A49CA620B6301238E
S31508016BB04B620022074B5A6008BD45F67A13084A0C
S31508016BC0F2E745F61A03074AEEE75362F1E700BF13
S31508016BD0009000500040025000F049026466666663
S31508016BE0D8B80500BBCF0500B0F5207F10B50C4617
S31508016BF05DD008D8B0F5007F4ED003D8C0B1B0F546
S31508016C00C07F15D010BDB0F5607FFBD12C4B4C1E53
S31508016C10D3F8FC202B4912F0807F4FEA041427D1C0
S31508016C20D1F8803023F030032343C1F88030E9E7F7
S31508016C3023F054FE23F060FE4FF48031224B214AA3
S31508016C401967136F013C23F4704343EA043313674E
S31508016C5032F044FA0446FFF7F1F8C0F10201204682
S31508016C6023F044FE00F04AF8BDE81040FFF712BDD4
S31508016C70D3F8FC2022F08072C3F8FC20D1F88020DA
S31508016C8022F030022243C1F88020D3F8FC2042F0DA
S31508016C908072C3F8FC20B5E70A4A4C1ED2F8903038
S31508016CA023F0F85343EA0463C2F89030AAE7054A89
S31508016CB04C1E136F23F4806343EA84231367A1E709
S31508016CC000ED00E0008000500090005008B5012159
S31508016CD0022000F073F94FF42070FFF765FB054BAE
S31508016CE0187023F0FBFD23F007FE4FF48032024BA8
S31508016CF01A6708BD002900200090005008B54FF416
S31508016D00C070FFF7C1FBBDE808400449884294BF3B
S31508016D10012102214FF42070FFF766BF80F0FA02C5
S31508016D2038B5044632F0DAF90546FFF787F8C0F1B7
S31508016D300201284623F0DAFD0121002000F07EF940
S31508016D402CB1FFF7DBFFBDE83840FFF7A3BC034BC7
S31508016D504FF420701978FFF747FFF4E70029002060
S31508016D604FF4C02270B50546FFF700FA314B0446C9
S31508016D705A6603F598335A68012A04D12E494A609E
S31508016D805A689207FCD48020FFF794FC052807D19E
S31508016D9023F0A4FD23F0B0FD4FF48032254B1A678A
S31508016DA0264B24F040749D4230D0254B9D4230D06D
S31508016DB032F06EF98542064603D90121284600F0CC
S31508016DC03DF9204BDA6812F0060FFBD199689C60F1
S31508016DD09A68624012F4F81F1ED12846FCF78CFF08
S31508016DE08020FFF767FC05280DD132F077F90446B4
S31508016DF0FFF724F8C0F10201204623F077FDFFF7DB
S31508016E007DFFFFF747FCAE420CD270BD44F000741B
S31508016E10CEE744F08074CBE780209960FFF74AFCFF
S31508016E20052805D0BDE870400121002000F006B90B
S31508016E303546DAE70090005000E0015040420F0065
S31508016E4080841E0000000150304B314A984251D0CF
S31508016E5020D8A3F5B703A3F55863984246D00DD8B1
S31508016E602C4B984231D02C4B984239D02B4B4FF4AE
S31508016E70002198421DD00023516622E0284B4FF489
S31508016E8000219842F7D1274BD3F8BC30516623F03D
S31508016E90407316E0244B984230D0244B984231D0A7
S31508016EA0234B4FF400219842E5D11E4BD3F8C83045
S31508016EB0ECE71C4BD3F8A030516623F0407343F03E
S31508016EC000734FF0B442936070474FF40021154B9D
S31508016ED0D3F8A030516623F0407343F08073F0E78E
S31508016EE0104BD3F8A0304FF40021CFE70D4BD3F860
S31508016EF0B830F8E70B4BD3F8C030F4E7094BD3F8B1
S31508016F00CC30F0E7074BD3F8D030ECE7C0EA2101E3
S31508016F100090005080841E0000093D0040420F0089
S31508016F200024F4000080E00F0048E801005A6202DC
S31508016F3080BA8C01024A536B0342FCD1704700BFE9
S31508016F4000400950044A4178536F23F4407343EAD9
S31508016F5001235367704700BF004000500E4A10B521
S31508016F601369044643F00403136132F025FF23F045
S31508016F70C8FC0A4B5B6E5B0142BF094B094AC3F861
S31508016F80202430BF23F0BEFC03F0CEFD1CB9BDE8BA
S31508016F90104032F0A3B810BD00ED00E000800050AB
S31508016FA000E003500000FF0F034A0179D36E23F076
S31508016FB030030B43D366704700400050F8B50446CA
S31508016FC01C4BD3F88420D106FBD4D3F88430C3F301
S31508016FD081139C422CD032F061F8012C064602D16D
S31508016FE0214623F083FC33F086FA4FF00072124BE8
S31508016FF007465A66204623F088FC4FF480630D4DF8
S31508017000621E93402B676B6E9A0103D4D5F88430C0
S315080170109B060AD5384633F069FA022C08D1304660
S31508017020BDE8F840002123F061BCD5F88430EAE7D1
S31508017030F8BD00BF004000500060005010B50C4676
S3150801704008B932F02BF8074B21461B783BB1064BA2
S31508017050984204D80120BDE81040FFF7AFBF0220CF
S31508017060F9E700BF01290020005A62020278034BA2
S31508017070012100201A70FFF7E1BF00BF0129002096
S315080170804FF0004238B5244B244C5A664AF6CD33A4
S31508017090656C014605F00105236428BB0120FFF74D
S315080170A049FF6368DB0715D51D4B586008461D4B1C
S315080170B0226BD2070CD4984208D1072415B1174B75
S315080170C0194A1A642EF0B1FF204638BD0130EFE7A0
S315080170D09842F2D00024F1E70132236B13F008033A
S315080170E005D08A42F8D1E8E700220E49F5E78A4237
S315080170F0E3D020210A4A91620121A2F5805251600A
S315080171000649084A886A800603D49342D5D00133D2
S31508017110F8E79342DDE700BF0090005000400950B0
S315080171200060095040420F003254FFFF4FF0004201
S3150801713038B5164B01465A664AF6CD33144C154AEC
S31508017140656C236443780B205B0043F00103D3632A
S31508017150FFF7F0FE63688A7823F4F87343EA0213AB
S315080171606360CA784B7943EA0223A3600A798B796B
S3150801717043EA022323610878FFF782FFEB0744BF3E
S31508017180054B23642EF051FF012038BD00900050B5
S3150801719000400950004000503254FFFF4FF00042B2
S315080171A0124B70B55D6E03F580535A664AF6CD33B8
S315080171B004460F4980204E6C0B64FFF7BBFE0B6A31
S315080171C023F00F030F2C94BF234343F00F030B62E5
S315080171D0F30744BF074B0B64002DA2BF4FF00042D3
S315080171E0054B5A662EF021FF70BD00BF0080005086
S315080171F0004009503254FFFF00A000504FF00042F2
S31508017200104B70B55D6E03F580535A664AF6CD3359
S3150801721004460D4980204E6C0B64FFF78BFE0B6A02
S3150801722023F4F85343EA04230B62F30744BF074BDD
S315080172300B64002DA2BF4FF00042054B5A662EF093
S31508017240F4FE70BD00800050004009503254FFFF23
S3150801725000A0005010B523F05DFB042300F5805112
S3150801726000F500520B6113610B6113610B61136128
S315080172700B611361202341F2020103610023C360FC
S31508017280836041614FF4A0218361836541620549A9
S31508017290C36103628362C36243630365D1640363A3
S315080172A010BD00BFFF3F0D0370B5054614460846DD
S315080172B041B9354B9D4218D0344B9D4208BF5720E2
S315080172C0FFF7E2F8AB6813F0010F6B6830D0B0FB3B
S315080172D0F4F4D80704F1FF344FEA046407D42B69A0
S315080172E023F07F4323432B6170BD5620E8E728210D
S315080172F0284623F00BFBAB6C990715D1AB6CDA0763
S3150801730014D4AB6C13F0020F14BF062600262846C8
S3150801731023F000FB2B69314623F07F4323432B617E
S31508017320BDE8704023F010BB0526F0E70926EEE715
S31508017330AB6DDB07AB6848BF640003F0E003402B85
S315080173401BD004D8DBB1202BCED1082304E0602B57
S3150801735017D0802BC8D1012363434101B1FBF3F256
S315080173600B4B203A284603EAC202012123F0CEFA42
S315080173702A63BDE8704023F0C9BA0623ECE7102357
S31508017380EAE70423E8E700BF0000015B00000A50B2
S31508017390F8FF7F00F8B5436804460E460D691BB130
S315080173A040F6FF7123F0B2FA2046FFF753FF226930
S315080173B0737BB17B22F087020B43134343F08003AF
S315080173C02361E5B9A368F27B23F00303134343F072
S315080173D00103A3606369327B23F00F0313436361DF
S315080173E02046D6E90112FFF75FFF2046317823F0E0
S315080173F0ABFAA36CDB4313F4405FFAD1F8BD2369FA
S31508017400297F23F0F80343EAC1132978EA7B0B4362
S31508017410297943EA4113697A43EA011343EA821354
S315080174202361E068D5E9053720F0F0403B4320F4B5
S3150801743070200343287B697B43EA802343EAC133EF
S31508017440E360A368F07B23F00303034343F00103DE
S31508017450A3606B88A06803F4C0430343A360A368D1
S31508017460687943EA8023A360AB79EF79606A1B01E7
S315080174703F0203F0700307F4E06720F4772020F455
S31508017480EE603B430343287A000300F4E0400343DC
S31508017490687F000400F47020034363626369307BEC
S315080174A023F00F03034363616B89A36109B3164B89
S315080174B09C420CD1AB7B154903F00F034B67002A9D
S315080174C08ED02B7C114A03F00F03136788E7104B04
S315080174D09C4285D1AB7B0D4903F00F03C1F880307F
S315080174E0002A3FF47DAF2B7C084A03F00F03D367CC
S315080174F076E7002A3FF474AF034B9C42E1D0044B74
S315080175009C42F0D06CE700BF0000015B009003507D
S3150801751000000A502DE9F04105460F461E469046E1
S315080175204AB101233022194C8B4002FB004436B381
S3150801753004F5825423600F21072F05EB450388BF05
S31508017540A7F108044FEA0313114895BFBC00A4002C
S3150801755004330C3308FA04F2A140184423F039FA2B
S31508017560B8F1000F09D101233021084ABB4001FBBC
S3150801757005223EB102F582521360BDE8F08104F599
S315080175800154D7E702F50152F6E700BF00C00350E0
S3150801759030C0035010B5152002F0ECFB0024FF2281
S315080175A0064B21465C6520209A625C60FEF752FF15
S315080175B02146BDE810402120FEF74CBF00000450CB
S315080175C0044A054B002908BF1346012282401A6066
S315080175D0704700BF401004504020045010B50121E7
S315080175E004462020FEF736FF01212120FEF732FF4F
S315080175F00122114B15205A60227812069A60617889
S31508017600A27842EA01429A61FF229A6200229A63AB
S315080176101A644FF000425A654FF0FF3203F50053E2
S315080176201A6502F0D5FB1520E17824F052FBBDE876
S315080176301040152002F0B0BB00000450F8B5012532
S31508017640C3B2D1F800C08F7A0E7B0C469D40CB7A27
S315080176501C491B050D65810001F1A04101F5882131
S31508017660C1F804C04FF0300C0CFB00F0617B00F14F
S31508017670A04043EA074300F5802043EA465322F037
S3150801768003020166C365026732F03EFF0E4B227A9A
S315080176905D6502B11D64627A02B19D632279A3799F
S315080176A043EA0243074A93616179E37943EA01436D
S315080176B005498B61054B55639D64BDE8F84032F079
S315080176C01EBF00BF002004500010045000000450E3
S315080176D010B50124C0B2844032F016FF044B5A6D2E
S315080176E022EA04025A659C62BDE8104032F007BFDF
S315080176F00000045010B50124C0B2844032F004FFE2
S31508017700074BDA6A224208D15B6B9C430CBF012402
S31508017710002432F0F4FE204610BD0024F9E700BF2C
S315080177200000045070B5054632F0EEFE3022084BD3
S315080177305E6B02FB05335C6E32F0E1FE0123EDB2AE
S31508017740AB4033420ABFC4F30A100020013070BDB2
S31508017750000004504FF48032054B9A6641F67132A7
S3150801776003F51C33DA63012203F50053DA60704727
S315080177700090005041F671320121064BDA6303F598
S315080177800052D1600022DA634FF48032A3F5183330
S315080177909A66704700000350013831289ABF024B98
S315080177A0185C0020704700BFCBAC040838B5C2F39B
S315080177B00625044602F0070241B942EA052242F4C7
S315080177C040220634074B43F8242038BD1146284683
S315080177D023F00EF902462846FFF7DEFF163442EA81
S315080177E00022EFE7008003504FF48032064B5A66B9
S315080177F003F5E6239B69C3F38512827003F03F0202
S315080178001B0B42700370704700900050014B986C37
S31508017810D96C70470080E00F0120034B9B680A333F
S3150801782003F01F03984070470080E00F70B50546C6
S3150801783016461C4621B94FF42070FEF725FE01466F
S31508017840402C1BD003D8DCB1202C1BD070BD602C7A
S31508017850FCD1042303FB06F2530803EB4113B3FBE4
S31508017860F2F36021084A203B02EAC30305F50052F8
S31508017870916005F580529460EB61E7E70623E9E735
S315080178801023E7E70823E5E7F8FF7F00012100F564
S31508017890805310B5596040F6AA6341F20502436167
S315080178A00023094C8360C365C26000F50052036179
S315080178B0C361C3649464054C8365A04204BF036530
S315080178C04365516010BD00BFFFFF010000C00550B0
S315080178D070B50C46FFF7DAFF012300F58056736091
S315080178E0A37C05461BB1836843F080438360E37C30
S315080178F04BB1234B9D4202BF227DA3F51033C3F83A
S31508017900C8218023F365228A637B28461343E289CB
S315080179101343EB60237BD4E90112FFF787FF637DED
S315080179201BB1AB6843F48033AB60A37D1BB1AB6875
S3150801793043F40043AB60E37D227E1B07120502F484
S31508017940E00203F0E0431343AB65637E9A1E012A06
S315080179504FF0020209D80B49032BC1F8202709D198
S315080179600423F36523786B6170BD0749012BC1F8C0
S315080179702027F4E7042205F50053DA65F2E700BF8C
S3150801798000C0055000D0035000E003500123054A0A
S31508017990411100F01F00834052F82100034342F8C9
S315080179A0213070472C180020044B1B681BB1044B6F
S315080179B00360002070470120704700BF3C18002073
S315080179C0A428002070B50D4C246884B10C4C851888
S315080179D02688B5420DDC6688CD18B54209DC52B158
S315080179E04BB1A0800020E1802281638170BD012016
S315080179F0FCE70420FAE70520F8E700BF3C18002059
S31508017A00A42800202DE9F74F9946494B1B68002BFE
S31508017A1000F08A80B9F1000718BF01274FF0010B62
S31508017A20DFF814A17F42BAF80650BAF80A300D9E5B
S31508017A302B449BB20D440093FFB2ADB21EB930463A
S31508017A4003B0BDE8F08F009AABB29A426ED9BAF884
S31508017A500840BAF80430241AB44228BF34461844F8
S31508017A60344B361B80B203EB0512B9F1000F0AD06D
S31508017A70072C26D80444A04216D32846FFF786FFCA
S31508017A8001350020DAE7072C1BD80444A042F4D2BA
S31508017A90C108535C00F0070C0BFA0CFC23EA0C0333
S31508017AA00130535480B2F1E7C10812F801C000F061
S31508017AB007030BFA03F343EA0C030130535480B26C
S31508017AC0D9E74FEAD00C02EBD00810F007000BD12A
S31508017AD0E20839464046019226F0B2F914F0070445
S31508017AE0019ACAD0904412E00BFA00F312F80CE09E
S31508017AF0DBB2591E5B420EEA01013B4008381943C5
S31508017B00044402F80C10E20808F10108E1D10BFA65
S31508017B1004F498F80030E4B26242013C13403C4058
S31508017B20234388F80030A8E7012688E7042686E774
S31508017B303C18002002290020A428002037B5114D41
S31508017B402B68EBB9FBF742FF044610B1012003B0DD
S31508017B5030BDFBF72FFF28600028F7D0028841883F
S31508017B60094B20461A801A814A43598059819C80BB
S31508017B70DC802146CDE9004223462246FFF742FF33
S31508017B800020E4E73C180020A42800202DE9F8434A
S31508017B90002301251A461A4FDFF86C803C68DFF886
S31508017BA06490D8F80000D61841888E4207D3FBB9ED
S31508017BB010220021124826F043F9002012E0E107BD
S31508017BC008D50133D118C9060ABF57F825406408F4
S31508017BD00135E6E753B109EB0211FBF791FE0346BE
S31508017BE010B10720BDE8F883721CEBE70132E9E71B
S31508017BF0044901EB0211FBF783FE0028D8D0F0E710
S31508017C002C180020022900203C18002030B5054612
S31508017C1087B000B300226FF07F43C0E9012301A8B2
S31508017C20FFF7C2FE044698B9019BCDE902001A88FE
S31508017C302B605B88013A013B284602A90492059309
S31508017C4022F03CFF044618B92846044923F06FF888
S31508017C50204607B030BD0524FAE700BF30B0040856
S31508017C600122437801789A4030235943014B5A50EF
S31508017C70704700BF40E00350034BD3F82424D3F8E0
S31508017C8020041040704700BF00C00350064BDA6E4F
S31508017C9002F03002202A06D0DA6E22F0300208B14C
S31508017CA042F01002DA667047004000502DE9F843A9
S31508017CB01F4B0546D3F810334B1E0E2B0E4617469F
S31508017CC0047890F8018026D951B34FF00009284667
S31508017CD01FB331F001FB0F21B8F1070F04EB440480
S31508017CE088BFA8F108084FEA0414124895BF4FEA5D
S31508017CF088084FEA880804340C3409FA08F201FAAC
S31508017D0008F1204423F055F886B9284657B1BDE84D
S31508017D10F84331F0E1BA8946D9E7FFF7A1FFDAE777
S31508017D208946D8E7BDE8F843FFF79ABFBDE8F88367
S31508017D3000C0035030C003502DE9F0412B4B1746C4
S31508017D40D3F810234A1C06460C46407804D1D3F8CA
S31508017D50241423F03DF80446002C2FDB072C4FF0A2
S31508017D60030532782DDC4FEA840805FA08F5294619
S31508017D701F4802FA08F223F01CF8294672781D48B2
S31508017D8002F0030202FA08F223F013F8012317F0AE
S31508017D90050F194A18BF194903FA04F30CBFC2F8AB
S31508017DA01034C1F8103417F0060F18BF134AC2F879
S31508017DB014340123104AA340C2F820342046BDE8F2
S31508017DC0F081A4F108084FEA880805FA08F529465A
S31508017DD00B4802FA08F222F0ECFF7278294602F003
S31508017DE00302084802FA08F2CEE700BF00C00350B2
S31508017DF000C4035008C4035000E0035000D00350E8
S31508017E0004C403500CC4035038B505460C4C014054
S31508017E10D4F8303423EA0003C4F83034D4F83034C3
S31508017E201943C4F83014D4F82C340343C4F82C3459
S31508017E30012004F50054FFF729FFC4F8205438BD82
S31508017E4000C00350124B70B5D3F81033064622F022
S31508017E50D9FF0446481C154603D1621C05D12046A4
S31508017E6070BD631CFBD08C420ED13046032185F0D0
S31508017E700102FFF71BFF012004F1100305FA03F1C4
S31508017E809840FFF7C1FFEAE74FF0FF34E7E700BF85
S31508017E9000C00350054B9A689107FCD45A689207AB
S31508017EA0F9D4DA69002AF6D1704700BF00800A5072
S31508017EB0034908B54B6831F01BFA02230B6108BD6B
S31508017EC000800A5008B5FFF7E5FF0122024B03F5CA
S31508017ED080514A601A6108BD00800A5008B5044BF2
S31508017EE05868012803D1FFF7E3FF024B586008BD24
S31508017EF000800A5000A00A5038B5074DFFF7CAFF9F
S31508017F006B680446012B03D1FFF7E8FFFFF7C2FFB1
S31508017F102378EB6038BD00BF00800A5010B531F0F8
S31508017F20F1F9B8B94A680B7812B1127843EAC20373
S31508017F304A7843EA42038A6812B1127843EA8213FD
S31508017F40CA7843EA82030A6912B1127843EA4223DC
S31508017F50014A936410BD00BF00800A504FF4803275
S31508017F60084B5A6603F5E6239B691A0B027003F060
S31508017F703F0242704FF6FF72C3F385134280838036
S31508017F80704700BF00900050014B986CD96C704740
S31508017F900080E00F70B504462EF011F9064630B997
S31508017FA00FCC044D0FC594E8030085E8030030465D
S31508017FB070BD00BF4018002047F6FF739A42F0B51E
S31508017FC06FD002296FD8394B5B5C012B6BD8384DC2
S31508017FD0DF0005EBC30415F83330A178012B13D163
S31508017FE00025E078401AA84202D80844C0B2F0BD7C
S31508017FF0431B6668A0EB530336F913609642D4BF58
S315080180001D4603F1FF30EEE760680028EFD0B0F9AE
S315080180100040944204DBB0F902409442B8BF1446CA
S3150801802083883D44FF2B19BFC8224FF0280CB0F9AD
S315080180300620B0F908C0A2EB04030CBF01260026EE
S3150801804093FBFCF333446E781BB29E4201DD002B91
S3150801805001DA731E1BB24FF47A7C01339BB2071DFA
S315080180605D1E2DB24FEAC50E00EBC505EA88AD685F
S315080180709E4214FB025222EAE27202F15C02B2FB50
S31508018080FCF204DD37F8335001339542E8D200EBB0
S315080180900E039888904228BF1046884238BF084682
S315080180A0A4E7FF20A3E70020A1E700BF60B3040807
S315080180B0401800200229F0B555D82C4B585C0128E8
S315080180C051D82B4C04EBC00114F830004B68012839
S315080180D00FD1C8788C78904294BFC4EB0001C4EBE9
S315080180E00201001BCAB28242C8BF002233F912003C
S315080180F0F0BD002B37D08878904202D3B3F902003D
S31508018100F6E7CC78B3F900009442F1D94C7899880E
S31508018110013CA1F1FF06714203F10405E4B2714184
S3150801812003F10C07CEB2B44216D805EBC1014FF4E0
S315080181307A756A43B1F902404968521A04EBD47157
S3150801814002EB610292FBF4F29042D1DBB3F9020031
S315080181509042CDDC10B2CBE737F831C04E1C9445BE
S31508018160E3D33146DEE70348C2E700BF60B304083C
S31508018170401800200080FFFF08B50448FFF70AFFF2
S31508018180BDE8084001202EF020B800BF64B30408FA
S3150801819000487047B83900207FB50222084B0949C3
S315080181A0CDE901234FF04073CDE90313052301A956
S315080181B04FF0FF3005932EF05FF807B05DF804FB2A
S315080181C0006A1800000304002DE9F0418CB08846C6
S315080181D0DDE912761D460446002847D0002945D018
S315080181E0002F43D0002E41D013F00F033ED1204873
S315080181F02049A360002A08BF01462362C4E9001387
S31508018200404609A922F0FFFE68BB2046099932F0CB
S31508018210BFF92946204632F0BBF96946404600F0C7
S31508018220DFFA00BB6946204623F003F9404603A955
S3150801823022F0D0FFB8B9204603A923F0FAF8069729
S315080182400127204645F0005506A90797089523F00A
S31508018250F0F8204609A909960A970B9532F0BEF956
S31508018260204631F0A5F80CB0BDE8F0812120FAE7E7
S3150801827000010004000101042DE9F0418CB0884693
S3150801828016461D460446129F00284BD0002949D0A0
S31508018290002A47D0002F45D00B68103B102B41D838
S315080182A0214A22FA03F3D9073CD500231F4A8360E2
S315080182B0C0E90023036209A9404622F0A4FE70BB67
S315080182C02046099932F064F92946204632F060F9C8
S315080182D06946404600F084FA08BB6946204623F001
S315080182E0A8F8404603A922F075FFC0B9204603A99C
S315080182F023F09FF806960126204606A945F0005563
S315080183000796089523F095F8094B204609A9099778
S315080183100A960B9332F062F9204631F049F80CB00F
S31508018320BDE8F0812120FAE70101010000000404FB
S3150801833010000020F0B50C4617461E46054695B0B6
S31508018340002874D0002972D0002A70D0002B6ED074
S31508018350036B0F2B5BD80023364A3846C4E9002342
S31508018360A360236211A922F04EFE00285BD12046A4
S31508018370119932F00DF9296B20460F2984BF01F0B6
S315080183800F01103132F004F9384602A900F028FA33
S31508018390002848D1204602A923F04BF8384605A9FA
S315080183A022F018FF00283ED1204605A923F041F8FE
S315080183B00122214B089509920A932B6B05F11000AE
S315080183C003F00F0141F000510B900F2B0C920D9108
S315080183D00E900F9243F00052109226D90A9B08A9D3
S315080183E023F0005320460A9323F023F80BA92046CD
S315080183F023F01FF80123119612930F4B204611A95A
S31508018400139332F0EBF8204630F0D2FF0BE000F17F
S315080184102003019000930122102339462046FFF7D5
S31508018420D3FE002897D015B0F0BD0EA9DFE72120AD
S31508018430F9E700BF00000404100000202DE9F04F01
S315080184409BB00C4690461F460546DDF890900028DD
S3150801845000F0B280002900F0AF80002A00F0AC805D
S31508018460002B00F0A980026B02EB09031B09B3EB91
S31508018470121F02F00F0600F0978000234F4A8B6007
S31508018480C1E900230B62404617A922F0BCFD034649
S31508018490002840F0858006EB090B204617992BF03A
S315080184A00F0A32F075F85146204632F071F8404607
S315080184B002A900F095F90346002871D1204602A9C0
S315080184C022F0B7FF404605A922F084FE034600289C
S315080184D066D14FF00108019005A9204622F0A9FFAF
S315080184E0374A204608A90895CDF824800A9222F031
S315080184F0A0FF46F00051AAEB060605F1100346F067
S3150801850000560B93CDF830800D910E97CDF83C802F
S3150801851010960D99204621F000510D910BA9009353
S3150801852022F087FF20460EA922F083FF019B244AE9
S315080185301193AAF1100343F00053CDF84880139321
S3150801854005F120031493CDF854801692139B204607
S3150801855043F080431393139B11A923F000531393FC
S3150801856032F03CF8204614A932F038F8144A17A913
S3150801857020461795CDF86080199232F02FF82046DB
S3150801858030F016FFAAEB0B0149440190ABEB0A0246
S315080185900098394425F092FC019B2A6B4A442A63C8
S315080185A018461BB0BDE8F08F10304A4639463044AC
S315080185B025F084FC0023F0E72123F1E703020004F8
S315080185C0100000202DE9FF474FF000080E46174618
S315080185D00446CDF80080002859D022B9002528463E
S315080185E004B0BDE8F087002951D032F0030902F042
S315080185F0030A1FD04FF0E063C0E900380123019157
S31508018600C0F808800293C0F8208049F0005301A9F8
S31508018610039331F0E3FF4946204631F0B9FF20467E
S3150801862030F0C6FE054628B14A464146304625F091
S3150801863007FCD4E7BAF1000FD0D04FF000084FF08D
S31508018640E063C4E900380123CDF804D00293114B45
S31508018650204601A9C4F80880C4F82080039331F0A4
S31508018660BDFF0421204631F093FF204630F0A0FEDD
S31508018670054608B13A46D8E7009A4E44EB0001355B
S3150801868022FA03F3AA4506F8013BF7D1A6E7212505
S31508018690A5E700BF04000020F0B50F4616461D46A3
S315080186A0044693B010B9212013B0F0BD0029FAD0C1
S315080186B0002AF8D0002BF6D0002331461A46384650
S315080186C022F046FC0028EFD1304602A922F0DCFB55
S315080186D00028E9D1EB68022B0AD039683F48029A8B
S315080186E081426B6902D01830814270D19A42DAD838
S315080186F02B68002BD7D14FF060623846C4E90023B6
S31508018700A360236201A922F07EFC0028CCD101993D
S31508018710204621F4F061019131F03AFF6946284675
S3150801872022F071FC0028BFD12046009931F030FFB4
S31508018730384609A900F054F80028B5D1204609A9F8
S3150801874022F077FE38460CA922F044FD0028ABD169
S3150801875020460CA922F06DFEEB684BB1284606A906
S3150801876000F03EF800289FD1204606A922F061FEB6
S31508018770304603A922F02EFD002895D1B368DA0404
S315080187800CD59B0427D50621F36932691B6801FBC1
S3150801879003225B0043F0005303920593204603A985
S315080187A022F047FE28460FA922F014FD00287FF47F
S315080187B07BAF20460FA931F011FF0325204630F083
S315080187C0F7FD01287FF470AF013DF7D16CE7B3EBF4
S315080187D0420F8DD267E7292066E700BF200000B067
S315080187E090B189B101234B60C368013B012B08D8BD
S315080187F08269064B1AB10A6000208B607047044AE9
S31508018800F9E74FF00053F7E72120704708000020E9
S315080188104CC5040870B50E46154604468AB00028AC
S315080188205BD0002959D0002A57D0012329461A4678
S31508018830304622F08DFB00284DD1B36813F4C04FA2
S315080188404BD0AB6803F4C043B3F5005F45D1254B64
S31508018850A060C4E90030206207A9304622F0D3FBA4
S31508018860002838D12046079931F092FE304601A9F1
S31508018870FFF7B6FF78BB204622F0DBFD304604A998
S3150801888022F0A8FC38BB204604A922F0D2FDEB68E9
S315080188901BBBAB6803F4C043B3F5005F1DD1694642
S315080188A0284622F01CFBB0B9009B6A699A4216D386
S315080188B02A6943F0005307920122204607A9089224
S315080188C00325099331F08AFE204630F071FD01280F
S315080188D001D1013DF8D10AB070BD2120FBE71D2069
S315080188E0F9E700BF0000010206289ABF014B185C90
S315080188F00020704754C5040800F01F02A0F50620A1
S31508018900A0F55060812810D80123094940099340F0
S3150801891051F820201A4341F82020064951F8202011
S3150801892022EA030241F8202070474FF0FF307047D2
S31508018930701800205C18002000F01F03A0F506201F
S31508018940A0F55060812810B519D801210D4A4009B2
S31508018950994052F820300B430B4942F82030D1E9AF
S31508018960004323448C682344CC68096923445B1873
S3150801897004D1C2E90033C2E90233136110BD4FF0D5
S31508018980FF30FBE75C180020701800202DE9F04F36
S31508018990A7B003921F4604460822CDE904014140C7
S315080189A021FA02F34B40980702F1080218BF9B000F
S315080189B0202A1C44F4D18123B4FBF3F303EBC3133C
S315080189C0E41A7F4B04F506241B7804F55064002B42
S315080189D039D1FDF73DF9054600286FD101464022F8
S315080189E006A825F02DFA2946402216A825F028FAC8
S315080189F0744D754EA8461035AE4228BF2E467348AB
S31508018A00013E009643461022006806A921F05FFD43
S31508018A104FF0000B81460DF1180AD94541D16B4833
S31508018A20009643461022006816A921F059FD4FF019
S31508018A300008834616AEC34546D1654B9D42D8D13B
S31508018A4001225F4B1A704FF081080026DFF894B1B6
S31508018A50A4F50625A5F550635B095BF8232004F008
S31508018A601F01CA40D20746D45A4A52F82330CB408E
S31508018A70DB0732D58123002E08BF2646A5F6FF441B
S31508018A80B4FBF3F303EBC313E41A04F50624B8F1B4
S31508018A90010804F55064DBD1039B03B3FEB13446E8
S31508018AA025E05AF8040BFFF727FF013009D1002208
S31508018AB0434B1A70424B1B78002BC4D16FF09100BF
S31508018AC00FE00BF1010BA8E756F8040BFFF734FF8B
S31508018AD00130EFD008F10108ADE7039B23B96FF028
S31508018AE08B0027B0BDE8F08F002E18BF3446329BA5
S31508018AF000201C60F5E7309B13B10023309A136000
S31508018B00319B13B10023319A13604FF0100ADFF835
S31508018B10BC90CDF800A000233A462146D9F80000BA
S31508018B20FCF79AFE002838D130993A682A4BE9B100
S31508018B309A42C1F800A01CD02146D9F80000FCF7DA
S31508018B40E3FF0028CBD1D7E90223DDE904108342EC
S31508018B5008BF8A422AD08123A5F6FF45B5FBF3F360
S31508018B6003EBC313ED1A05F5062490E79A42EAD0FA
S31508018B70E2E7319B002BE6D02146D9F8000016AA78
S31508018B80FCF7B0FE48B9319B309A1B6812689342CC
S31508018B9094D39B1A319A1360D5E7104B9842CBD0E0
S31508018BA06328C9D00E4B9842CDD087E7039B002B8B
S31508018BB09DD07B68012B9AD16FF0840091E700BFA5
S31508018BC002310020006D0800816D08009C360020E6
S31508018BD0906D08005C180020105D175EFFDF00F03D
S31508018BE0FEDF00F0701800202DE9F04F87B08246AD
S31508018BF0894698461646DDF840B02AB1002B53D06F
S31508018C0040F26C739A4252D8BBF1010F52D8002434
S31508018C1006F1100739460120059423F054FD05464F
S31508018C2000284AD021463A4625F00AF905ABCDE98E
S31508018C30014300942B46012250464946FFF7A6FEFA
S31508018C40044680B110F18C0F08BF6FF08D043A46C7
S31508018C500021284625F0F4F8284623F016FD20467B
S31508018C6007B0BDE8F08F164BC5E902A92B60C5F818
S31508018C7004B02EB13246414605F1100025F01EF921
S31508018C80059E10483B462A4631460068FCF7F8FE21
S31508018C9038B93046FFF730FE013008BF6FF0860459
S31508018CA0D5E76FF09104D2E76FF08604D7E76FF046
S31508018CB09104D4E76FF08504D1E76FF08C04CEE711
S31508018CC0105D175E9C3600202DE9F0438DB0814674
S31508018CD0DDE914780E4615461C469BB1B8F1000F1E
S31508018CE005D16FF0860630460DB0BDE8F083002F3A
S31508018CF0F7D0B7F1005FF4D3C3F1005303F580232E
S31508018D009F42EED81022002108A825F099F80022E2
S31508018D1007AB029305AB019306AB31460093484670
S31508018D2008ABCDE90522FFF731FE06460028DAD160
S31508018D30059BA4B1AB4215D853EA0504D1D1069BCC
S31508018D400B48C8F8004000943A46079900682B4436
S31508018D50FCF782FD002818BF6FF09106C3E7AB4206
S31508018D60EDD2BEE75B1B9C4228BF1C46E7E700BF66
S31508018D709C36002030B58DB00C46054610220021E0
S31508018D8008A825F05DF8002207AB029305AB01930D
S31508018D9006AB21460093284608ABCDE90522FFF725
S31508018DA0F5FD044608BB099B012B21D0079D134BF2
S31508018DB029461868FCF7A8FEE8B9A5F50623A3F520
S31508018DC05063812B05F01F020DD801210C485B0960
S31508018DD0914050F823204A4040F823202846FFF7BF
S31508018DE0ABFD013001D16FF0860420460DB030BDD0
S31508018DF06FF08404F9E76FF09104F6E79C360020DA
S31508018E00701800202DE9F04F95B00446DDE920756C
S31508018E10DDE922689346DDE91E028A46DDF890906F
S31508018E2029B96FF08604204615B0BDE8F08FBBF16D
S31508018E30000FF6D00FB9002DF3D108B9002AF0D1E9
S31508018E4016B9B8F1000FECD1B9F1000FE9D02C4AE7
S31508018E50934252D12388B3F5105F4ED128220021BF
S31508018E600DEB020024F0ECFF2022002102A824F0D9
S31508018E70E7FF0AA831F082FB10B16FF09204D2E73E
S31508018E8020465A46514602AB00F00CFA0446002821
S31508018E90C9D1029822F027FB04460028C3D115B987
S31508018EA0C9F80050BFE7B74224D27B199E4221D2A6
S31508018EB04545B6D839462A46304624F0A7FF3746EF
S31508018EC015F00F0AADD1CDE900762B46524602A917
S31508018ED00AA8FFF779F907460028E1D04246514624
S31508018EE0304624F0ADFF012FC9F800A0C5D16FF0B7
S31508018EF08B0498E74545E3D993E76FF0850492E734
S31508018F00004440042DE9F047C4B00C460746002149
S31508018F10154601A820229A464C9EDDF83891DDF8BF
S31508018F20408124F08DFF2022002109A824F088FF22
S31508018F302022002111A824F083FF2822002119A844
S31508018F4024F07EFF0021802224A8239124F078FFB3
S31508018F503CB135B12EB1B9F1000F02D0B8F1000F0D
S31508018F6005D16FF08604204644B0BDE8F087218814
S31508018F70628801F4E043B3F5804FF2D02C4B2D48BB
S31508018F803B4043F01063834202D06FF08504EAE761
S31508018F90D31DBAEBD30F4FEAD307E2D34F9B9F42B8
S31508018FA03FD847F212139942EFD1B2F5807FECD13F
S31508018FB0214B4D98099384230230013620F0030092
S31508018FC016937B000D960E9012932046524629461B
S31508018FD023AE01AB159600F065F904460028C2D107
S31508018FE00B9B119043F4005319A80B9331F0C6FA61
S31508018FF0D0B911AB09AA01A919A8FFF74DFB054676
S3150801900010B14828ADD1C0E73A463146484624F062
S3150801901055FF2B4673550135842DFBD1C8F80070D1
S31508019020A1E76FF089049EE76FF092049BE700BF02
S315080190300000FFF600000209200000802DE9F0413A
S315080190400D4614461E46C4B010B96FF086000DE0F1
S315080190500029FAD0002AF8D0002BF6D0038803F4A9
S315080190604F42B2F5824F04D06FF0850044B0BDE897
S31508019070F081DAB2122AF7D123F0FF03B3F5E24FF2
S3150801908027D143883360FBB9E3003360B3F5807FAA
S31508019090EAD10023184642492E19214411F8014DF7
S315080190A016F8012D1043121B0CBF4FF0FF34002494
S315080190B0B54203EA040343EA0203EFD10028C4D008
S315080190C0002BC2DA0020D1E7DA1DB4EBD20FDDD0CE
S315080190D0BBE7B3F5824F60D10B78042BB5D12822B3
S315080190E0002118A824F0ACFE18A831F047FA002888
S315080190F050D100278422394623A8229724F0A0FEBE
S3150801910001232022394668468DF8883024F098FED6
S3150801911020224FF08808013C3946013505940DEBAC
S315080191200200E4000495640824F08AFE22AD202298
S31508019130394610A80C95CDF8348024F081FEE02C30
S31508019140CDE91458346003D0B4F5807F7FF47DAF40
S31508019150144B0734009308934FF4005302934FF4CA
S315080191608043E4086A460A93640010AB08A918A864
S315080191701194FFF791FA33680733DB085A0033B1C4
S315080191800021531E013B297005F10105FAD2002879
S3150801919098D05AE76FF0920068E76FF0960065E796
S315080191A078C5040820000080F8B5134642880C46A5
S315080191B00732072A4FEAD20101D0A1426DD1D0E97F
S315080191C00167058820221846002124F039FE360A4F
S315080191D0034626B1012E11D06FF08B00F8BD002C85
S315080191E05BD041F20102954205D0B5F5885F02D000
S315080191F0B5F5905F1BD15C600020EFE7C660002CD7
S315080192004BD041F2010295420BD15C60B90707F0D8
S3150801921001021FD4002AEFD19A6842F080729A603F
S31508019220EAE7B5F5885FF0D0B5F5905FEDD0B5F50D
S31508019230105F0AD1182C03D0202C01D0102C2CD168
S31508019240C3E90044002ED7D0E0E705F44F42B2F552
S31508019250824F02D06FF08500C0E7EAB2122AF9D12F
S31508019260202CF7D10E4A25F0FF05B5F5E24F1A6015
S315080192700CD0B5F5824F10D14FF4005217F4705F38
S3150801928009D017F4864F04D09A60E3E74FF4804279
S31508019290F4E742F480629A60D4E76FF086009DE7AE
S315080192A0200000802DE9F041174600221C4643683C
S315080192B08CB01B0A80460D46009204D0012B56D06D
S315080192C06FF08B008EE0008820F0FF03B3F5824F24
S315080192D015D1B8F802200732D208009222F00FF908
S315080192E0002800F0E1800B78042B05D1013FB7EB8C
S315080192F0420F05F1010503D06FF0860072E0009771
S31508019300009E224631464046FFF74EFF002869D1A6
S31508019310FA1CC4E9030522F003026261002E00F07B
S31508019320A4802022002101A824F08AFD3146404666
S3150801933001AAFFF739FF002840F097802368019AB0
S315080193409A4240F092806368029A9A4240F08D8070
S31508019350A368039A9A4240F08880A369079A9A42B9
S3150801936040F08380E369089A9A423BD07DE0032F57
S31508019370C2D90B78012B40F09A80497800294BD045
S31508019380F73908299CD801A353F821F0F593010868
S31508019390B1930108C1920108EB930108C192010832
S315080193A00F940108C1920108FF9301080794010867
S315080193B04FF41056F8253F4F1C22002102A824F02D
S315080193C03FFD03230197CDE90435039601AA09ADAB
S315080193D0134603CBAB42206061601A4604F10804C8
S315080193E0F6D100200CB0BDE8F08110274FF0807649
S315080193F0FA25E1E720274FF00076F725DCE7FE2579
S315080194002C4F2D4ED8E7FF252A4F2C4ED4E74FF483
S315080194101056FC25274FCFE72B2F7FF66DAF20225D
S31508019420204624F00DFD05F110032361AB070DD08D
S3150801943001AB05F128061A4628686968083503C28A
S31508019440B5421346F7D1286801AD10606B68103F25
S315080194502360AB6869466360EB682046A360012315
S315080194606761E36021F010FD28B120220021204622
S3150801947024F0E6FC40E7B8F80030009E03F44F42BA
S31508019480B2F5824F0ED1DAB2122A0BD123F0FF03BD
S31508019490B3F5824F06D1730062691C339A42BFF451
S315080194A03DAFE2E73346F7E76FF085009AE76FF0DD
S315080194B0910097E720000080004400020044000361
S315080194C02DE9F04F91B0DDF8688081460C46924649
S315080194D09B461C9FB8F1000F05D16FF08604204604
S315080194E011B0BDE8F08F002FF7D00028F5D028225B
S315080194F0002106A824F0A4FC06A831F03FF810B113
S315080195006FF09204EBE714F47C1FC4F305452AD0E7
S31508019510102DE2D81B9B9D422ED81A4B24F47E149B
S315080195209C422CD1002302AECDE90233CDE90433A6
S3150801953052465B464946009606A8FEF79DFE044636
S3150801954098B92A463146404624F0B8FC2346335595
S315080195500134102CFBD100243D6006A821F08FFCB4
S315080195600028BCD0CCE71025D4E7212814BF6FF01A
S3150801957092046FF08604F0E76FF08904AFE76FF0A5
S315080195808504ACE70002C00370B50E4614460546CD
S3150801959010B96FF0860070BD0029FAD03822002173
S315080195A024F04EFC094B24F47E129A420AD13388E0
S315080195B0B3F5105F06D1C4F30543102BE9D8002093
S315080195C02C60E8E76FF08500E5E700BF0002C003FD
S315080195D0F0B50E4617461C4605468DB0002834D010
S315080195E04AB9002B31D1002914BF00246FF0860433
S315080195F020460DB0F0BD41B3002BF9D02822002139
S3150801960002A824F01DFC02A830F0B8FF10B16FF0D3
S315080196109204EDE72B68104A23F47E13934217D17F
S3150801962000943B46324602A9281DFEF707FF044669
S3150801963028B1212814BF6FF092046FF0860402A89E
S3150801964021F01DFC0028D3D0E1E76FF08604CFE7AF
S315080196506FF08804CCE700BF0002C0032DE9F04390
S315080196608FB0894690461D460446169F00284ED05F
S31508019670002A4CD0002B4AD0002F48D0002946D0CA
S315080196802822002104A824F0DBFB04A830F076FF89
S31508019690064628B16FF0920420460FB0BDE8F08364
S315080196A02368102D28BF102513F47C1FC3F3054228
S315080196B002D0954228BF1546184A23F47E139342D1
S315080196C028D12822002104A824F0BAFB0023201D52
S315080196D0CDE90033CDE902334A466B4604A9FEF7C4
S315080196E029FE044660B1212814BF6FF092046FF079
S315080196F086043E6004A821F0C2FB0028CCD0C9E745
S315080197002A466946404624F0D9FB2E46F1E76FF012
S315080197108604C1E76FF08804BEE700BF0002C003F4
S315080197202DE9F0410E4617469846044600B3F9B1AD
S31508019730F2B19822002124F083FB3146069A04F1FE
S315080197406000FFF721FF0546A0B923464246394680
S315080197503046FFF7A7FD054660B97288D208A2F11F
S3150801976010011029E26503D80A4BCB40DB0704D464
S315080197706FF086052846BDE8F08163691C3293427D
S31508019780F6D304F120031846216924F097FB2061DA
S31508019790F0E700BF010101000023C36001F13803AE
S315080197A0036120230A6843618B6D0B4922F47E12FB
S315080197B08A42436003D001F580718A4208D1102B91
S315080197C001D0182B02D1036000207047202BFAD054
S315080197D06FF08800704700BF0001C00370B50446EA
S315080197E00D4630F091FE0C2C064616D80C2C18D8CE
S315080197F0DFE804F01B1B171B1B2A171B2E17311733
S3150801980034000123194AA34013421DD1062C2AD03C
S31508019810DB0706D54FF4F06022E00D3CE4B2132CC9
S31508019820EFD9002321242B8009E08020FDF780F859
S315080198304FF6FF7398420CBF0E2400242880304649
S3150801984030F05DFE204670BD00230F242B80F6E71D
S315080198504FF48060EAE74FF44060E7E74FF4C060F1
S31508019860FDF748F8E4E74FF4E060F9E71C450D0019
S3150801987030B58BB06C46864D864830F086FF0FCDE5
S315080198800FC42B68844A2360FF238DF80130D2F870
S315080198904C3113F4802340F0EF80D2F850218DF833
S315080198A001309DF801306C46FF2B08BF2C23684612
S315080198B07A4D8DF80130FDF70DF93220FDF748F99B
S315080198C00FCD0FC40FCD0FC495E8030084E803003C
S315080198D0714BD3F84C21120340F1B280A3F5FE4334
S315080198E01C88B4F5807F28BF5F248DF81940FDF7E1
S315080198F0EBF8044484F3080469488DF81840FAF72C
S3150801990001FA6846FDF720F83220FDF727F9654880
S31508019910FDF726FA6448FDF797FA644C644830F077
S3150801992034FF0020FDF720F9FDF7D0F9236F002059
S3150801993023F0070343F003032367FDF7F1F9236FC8
S315080199405C4923F4744323675B4BD3F8FC2012F07C
S31508019950807279D1D4F8803023F0030343F00103F0
S31508019960C4F88030C1F88020504CD4F8203123F057
S31508019970070343F00203C4F82031D4F8283123F051
S31508019980070343F00203C4F82831D4F8803123F0E1
S31508019990030343F00103C4F88031D4F8403123F0BE
S315080199A0030343F00203C4F84031D4F8603123F0CD
S315080199B0030343F00203C4F86031D4F8403223F0BC
S315080199C0030343F00203C4F84032D4F8003223F00B
S315080199D0070343F00203C4F80032D4F8083223F02F
S315080199E0070343F00203C4F80832D4F8703223F0AF
S315080199F0030343F00103C4F87032D4F8203223F08C
S31508019A00070343F00103C4F82032FCF75BFF4FF06C
S31508019A10E0220020136943F004031361D4F860328D
S31508019A2023F0070343F00103C4F86032D4F89432F3
S31508019A3023F0070343F00103C4F894320BB030BD99
S31508019A40D3F85041E4B250E7D3F8FC2022F08072F3
S31508019A50C3F8FC20D4F8802022F0030242F0010268
S31508019A60C4F880200022C1F88020D3F8FC2042F0F7
S31508019A708072C3F8FC2077E74FF07E6393F89C2049
S31508019A8093F99C30002BFFF60CAF8DF8012008E7FF
S31508019A9098C50408DCC504080080E00FACC50408B5
S31508019AA0C017530200B4C404C0EA21010080005063
S31508019AB0E4C504080090005000ED00E007B5094B25
S31508019AC018689A889B7900906846ADF804208DF845
S31508019AD00630FDF72BFB0920FDF760FB002003B0DC
S31508019AE05DF804FBD4C5040870B501F08DF8044689
S31508019AF0E8B901F019F930F015FB4FF41673434331
S31508019B000C4A03F5742303F23F23B3FBF2F30A4924
S31508019B100A480B600A230268094D0E68013B45F89D
S31508019B20046B0E6813F0FF033244F6D10260204637
S31508019B3070BD00BF40420F00B818002088180020E9
S31508019B408C180020012208B5034B1A7030F00EFF5D
S31508019B50024B186008BD00BF03310020841800209D
S31508019B6010B530F0DFFA044630F0D7FC844207D945
S31508019B7030F008FF20B10122024B1860024B1A701F
S31508019B8010BD00BF8418002003310020F8B51F4C12
S31508019B902378E3B130F0EAFE1D4B1E4D1B68C01A4F
S31508019BA028602B68A3B12B682B6030F0BBFA4FF401
S31508019BB016725043184A00F5742000F23F20B0FB94
S31508019BC0F2F02B682B68834204D900232370F8BD71
S31508019BD00123E9E71148124E0378296856F823202C
S31508019BE0104F511A3A68521A29683A6046F82310F2
S31508019BF00A210932B2FBF1F20B4D0133DBB22A60BD
S31508019C00B3FBF1F201FB12330370DEE703310020E7
S31508019C1084180020B418002040420F0004310020A7
S31508019C208C18002088180020B8180020014B1868E5
S31508019C30704700BFB8180020F8B503212C2022F080
S31508019C4048F804264FF480120D4C0E4B0E4F04F5BE
S31508019C5000555A662C206F676E672F672E6700F0CE
S31508019C60B7F82C2000F098F84FF0007204F58053ED
S31508019C705F675E67AA624FF480529A62F8BD00BFB9
S31508019C800040005A00900050010000A0064B074A08
S31508019C90996D11F0050F01D0117811B10028F7D18E
S31508019CA070470120704700BF0040005A0531002067
S31508019CB0164B10B51C6F14F0040111D0144A116724
S31508019CC0082191629B6DDA0701D4FFF749FF00F07D
S31508019CD09BFE00F07BFE012030F0CEFA30F054FEF8
S31508019CE0E30706D501220A4B1A67FFF74FFF00F073
S31508019CF06DFE14F000521CBF054B1A67002CBEBF3F
S31508019D004FF00042024B1A6710BD00BF0040005ACF
S31508019D100060005A0028ACBF00F16040064B4FEACC
S31508019D200111C9B2ABBF00F5614000F00F0080F820
S31508019D3000131954704700BF14ED00E008B530F060
S31508019D40E3FB0B4B1A7872B901221A7030F0D7FB74
S31508019D506FF0040210460132052152B2FFF7DAFF0D
S31508019D604C2AF7D108BDBDE8084030F0C8BB00BF92
S31508019D700631002000280CDB01220649430900F0C0
S31508019D801F008240203341F82320BFF34F8FBFF3D2
S31508019D906F8F704700E100E0002807DB01234109C6
S31508019DA0034A00F01F00834042F82130704700BF84
S31508019DB000E100E0054B421153F8223000F01F0084
S31508019DC023FA00F0C04300F00100704700E100E00B
S31508019DD0002808DB01224309034900F01F008240DD
S31508019DE0603341F82320704700E100E010B50446CE
S31508019DF030F081FB024B1C6030F078FB002010BD6F
S31508019E00BC18002010B530F076FB034B1C6830F007
S31508019E106DFB204610BD00BFBC180020034B022273
S31508019E20186800238068194604F0A8BDF436002096
S31508019E30302337B5007D0DF10701434303F1A043F4
S31508019E4003F58023DD6E1C6F2FF002FA9DF80700DB
S31508019E5040B9054B9D4203D184F00204C4F3400086
S31508019E6003B030BD0120FBE7073100203021037D17
S31508019E7002464B4303F1A04303F58023D86E0749F5
S31508019E801B6F884208D113F0020006D0106A136DC1
S31508019E901B1A584258417047002070470731002065
S31508019EA070B5044608B9012070BD057D2846FAF744
S31508019EB063FB30236B4303F1A04303F58023284654
S31508019EC0DE6EFAF779FB0A4B9E421CBF042384F81F
S31508019ED0A13094F8953094F8A1002BB1022803D14A
S31508019EE0012384F8A130DFE70428DCD1F8E700BFB5
S31508019EF0073100202DE9F743D0E9043404F17C0742
S31508019F00D0F80C900646013B102200213846D4F8B9
S31508019F1074809DB223F094FF0B4BC5F30A0543EAFF
S31508019F200513C4E91F39012394F8780084F88C30A5
S31508019F30C4F884803A46054B009604F16401FAF7A1
S31508019F40F5FA03B0BDE8F083000010301FBE030820
S31508019F502DE9F04F04464FF444764FF030093F4D52
S31508019F6000F138071022002185B0384623F068FF32
S31508019F706687C4E90F55207DFAF7FEFA10220021FB
S31508019F80384623F05DFF6687207D354EC4E90F55B7
S31508019F9009FB0063DB6EAB4204D105B0BDE8F04FA7
S31508019FA0FAF70ABB0DF10B012FF052F99DF80B5088
S31508019FB0002D4CD1204621F016FF804603A9207DAD
S31508019FC02FF068F9039B2946013B1FFA83FB04F12D
S31508019FD018031D4610221846D4F810A023F030FFA6
S31508019FE0A169204ACBF30A031B010A4043F04073D7
S31508019FF01343C4E9063A237DC4F8208009FB0366A6
S3150801A000336F94F824205B0863F3410284F8242013
S3150801A010326F94F8243025F0030562F3000384F8BF
S3150801A0202430336F626A9B0863F39F0245F0020589
S3150801A0306262656400943A4621460B4B207DFAF725
S3150801A04075FA207DFAF7B8FA05B0BDE8F08F94F8ED
S3150801A05044306FF3410384F84430EBE707310020BD
S3150801A060000004500F80FFFC8DBE03082DE9F04F58
S3150801A0709946002304468DB008910692C9F8003026
S3150801A080D9F80050069B5E1B00F09E80089B5D195F
S3150801A09000F09A80207DFAF76FFA2046FFF7E6FE70
S3150801A0A08046207DFAF788FAB8F1000F40F08C80D7
S3150801A0B0204621F098FE216D94F89AA088429CBF0B
S3150801A0C0D4E91203C018401A864228BF0646BAF1D7
S3150801A0D0000F00F0A98030F017FA236D079020468B
S3150801A0E00993FFF7A5FE3746099B834698198342CC
S3150801A0F0D4F89C2071D1D4E9120303449A4208BFCB
S3150801A100C4F89C00079830F0FAF9DA46207DFAF788
S3150801A11033FA0DF12F01207D2FF09AF8204621F010
S3150801A12062FE236D8346984240F28C80A26CB5B2DA
S3150801A13093427FD1099304F128082369102200214B
S3150801A1404046079323F07CFE3021079B013DE362DD
S3150801A150099BC5F30A052363237D2D014B4328F08B
S3150801A160030803F1A04345F0407548F0020203F5E0
S3150801A1708023A5621A67236DD4E9121233440A446F
S3150801A180934208BF0B465B45236505D1012320464B
S3150801A19084F85430FFF7DCFE207DFAF70DFA94F8BF
S3150801A1A09A303BB1BAF1000F04D0236E1121204633
S3150801A1B05B689847D9F8003037B1069A3B44934211
S3150801A1C0C9F80030FFF45CAFD9F80030002B14BF92
S3150801A1D000201B200DB0BDE8F08F013303F1FF3CD1
S3150801A1E0624510D1C4F89C3013F8012C112A01D00C
S3150801A1F0132A15D1013FA2F111014A424A41D0461B
S3150801A20084F8A02073E713F8012C02F0FD0CBCF1C9
S3150801A210110F06D1013FB8F1000F3FF468AFEAE725
S3150801A220D04605F8012B62E73246284623F046FE5A
S3150801A23037466BE7238DC3F30A12154465F30E13EC
S3150801A240238598E79DF82F30207D93B9302358430D
S3150801A25000F1A04000F58020426E436EC2F30A1257
S3150801A26023F4FF43324423F0700343EA021343669F
S3150801A27081E70C4B049403930023CDE90163012381
S3150801A28000935A46236921681FF0FDFD3022237D7C
S3150801A290534303F1A04303F580235A6E22F4801237
S3150801A2A05A6668E78DBE0308F0B50C46154606469C
S3150801A2B0A422002189B0204623F0C2FD2746AC46D8
S3150801A2C0BCE80F000FC7DCF8003005F1140C3B6041
S3150801A2D004F16407BCE80F000FC7DCF80030EA6A2E
S3150801A2E03B60AB6AC4E9132395F83020A36484F86C
S3150801A2F0992095F83320C4F89C30012384F89A20D4
S3150801A30084F8A03084F85430AB6B236695F8313065
S3150801A31084F898303F4B346073603F4BB3603F4BD2
S3150801A320F3603F4B73613F4BB3613F4B3361FAF7C0
S3150801A330C9F810B13D4B98420ED1002107A8FAF78A
S3150801A34049F8014640B9079B07A82375FAF742F869
S3150801A35028B1207DFAF790F8102009B0F0BD012741
S3150801A360079B84F87830324B7362324B84F8A170BC
S3150801A370F361314B95F83210336284F8960084F80C
S3150801A3809570204621F052FEAB6B93F91100FFF749
S3150801A3901FFDAB6B93F91100FFF7FEFC207DFAF761
S3150801A3A0EBF80028D8D1254B0494CDE90203E36CD8
S3150801A3B0CDE900732369A26C2168207D1FF063FD36
S3150801A3C00028C9D13022237D4FF48011534342F22C
S3150801A3D0640203F1A04303F580239950AB6B93F90B
S3150801A3E01000FFF7F5FCAB6B93F91000FFF7D4FCEF
S3150801A3F004F190001FF0FDFB3046FFF7F7FC2046FD
S3150801A400FFF7A6FD207DFAF7D7F8003818BF012017
S3150801A4100001A2E7FDBE030847BE03086DA00108B7
S3150801A420D5BD0308DBBD0308A5C00308038000F0FA
S3150801A430A19E01082DC00308E1BD03088DBE0308CE
S3150801A44070B50568144E2C7D2046FAF795F8302329
S3150801A45003FB0463DA6E114B9A420FD12846FFF7C4
S3150801A460E7FC80B130F050F801230D4AA34053654B
S3150801A470A2F580529362536330F041F82046BDE855
S3150801A4807040FAF799B82846FFF7F0FC0028F5D18D
S3150801A4900123A340B364F1E700000450073100200B
S3150801A4A000200450F8B517461C46594A8B6B069D81
S3150801A4B01A60584A5A60584A9A60584ADA600A46EF
S3150801A4C02946FFF7F1FE0646002840F09A802368E0
S3150801A4D00121C5F8A43063683A20C5F8A830637A23
S3150801A4E085F8AD30237A85F8AC30E37A85F8AF3054
S3150801A4F0A37A85F8AE30637B85F8B130237B85F87E
S3150801A500B030E37B85F8B330A37B85F8B230FBF72F
S3150801A510A1FF01230422617A207AFCF7FBFF0123BC
S3150801A5200222E17AA07AFCF7F5FF01216068FBF7C0
S3150801A53091FF3E7039462068FDF7CAF91420617CFF
S3150801A540374B01F1390252019850607A227A03EBAE
S3150801A550411342EA0042C3F83827E17AA27A42EA6D
S3150801A5600142C3F8302785F8B4607B7E032B4CD8AB
S3150801A570DFE803F03949021C022385F8B4300023C9
S3150801A5800422E17BA07BFCF7C5FF0220617C244BFA
S3150801A59001F1B9025201985003EB411341F22C71B2
S3150801A5A0E07BA27B42EA00425A501CE0012785F86B
S3150801A5B0B43002220023617B207BFCF7ABFF617B71
S3150801A5C0227B637C42EA014241F228715B0103F175
S3150801A5D0A04303F570335A500422236803F58053C8
S3150801A5E0DA65002FCBD1237A0E4A85F8AC30637A27
S3150801A5F0052185F8AD30206800F500539A6420F0EE
S3150801A60014FA3046F8BD0027D1E72326F9E700BF3B
S3150801A61067C10308F9C1030807C203087BC1030818
S3150801A62000C00350FFFF010007B5684600F030F887
S3150801A630DDE900010022034B03B05DF804EB22F0CB
S3150801A6404ABA00BFC018002007B5009313460A4648
S3150801A6500146034821F036FE03B05DF804FB00BF4E
S3150801A660C018002013460A460146014821F015BFC5
S3150801A670C018002007B5009313460A460146034849
S3150801A68022F005F803B05DF804FB00BFC0180020EE
S3150801A6900249034A0160521A42607047803A002013
S3150801A6A00000042000487047C0180020BFF35F8FE0
S3150801A6B0074B5A6A22F480325A62D3F8942022F060
S3150801A6C00102C3F89420BFF34F8FBFF36F8F704712
S3150801A6D000ED00E038B5FFF7E9FF284A2848D2F827
S3150801A6E0C030284D23F0FF0343F0A003C2F8C03061
S3150801A6F0254B04689D4204F101011ED1234BC2F882
S3150801A7009840C2F89C3003F57F3303F2FE33C2F852
S3150801A710A0300160BFF35F8F0522184BC3F8942060
S3150801A7205A6A42F480325A62BFF34F8FBFF36F8F72
S3150801A730BFF34F8FBFF36F8F38BD23F01F03203B45
S3150801A740B3F1005F09D3C2F89840104C43F00103F6
S3150801A750C2F89C40C2F8A03001600D4B0168074A57
S3150801A76023F01F0343F00303C2F89810C2F89C3084
S3150801A770084B0131C2F8A030CBE700BF00ED00E07D
S3150801A780E81800204036002080340020030000200D
S3150801A7905F360020E1FF03202DE9F0410D46114601
S3150801A7A0DFF8E080D8F80040B4F5807F34BF002791
S3150801A7B01A27FFF77BFF1F292ED90021C2061CBFC6
S3150801A7C020F01F0020302E4EEB0618BF25F01F057E
S3150801A7D0CBB29C4235D8D6F8C03020F01F0023F4FE
S3150801A7E07F4343F48073C6F8C03040F003042FF06A
S3150801A7F08BFED8F8003025F01F0141F00301C6F899
S3150801A8009830C6F89C40C6F8A0102FF078FED8F804
S3150801A81000300133C8F80030BFF35F8F0522184BAB
S3150801A820C3F894205A6A42F480325A62BFF34F8FB2
S3150801A830BFF36F8FBFF34F8FBFF36F8F3846BDE8F6
S3150801A840F081C6F89830D6F89C30D6F8A02023F0C7
S3150801A8501F03984222F01F0201D195420BD0904264
S3150801A86001D89D4209D2D6F89830013123F0FF0369
S3150801A870C6F89830ACE70027CEE72827CCE700BF13
S3150801A88000ED00E0E8180020BFF34F8F0549064B9D
S3150801A890CA6802F4E0621343CB60BFF34F8F00BF6F
S3150801A8A0FDE700BF00ED00E00400FA0538B5416098
S3150801A8B004462FF020FE0546214604481FF09CF960
S3150801A8C02846BDE838402FF011BE00BFEC1800201D
S3150801A8D001481FF08EB900BFEC18002070B52FF0A3
S3150801A8E00AFE184E054618482FF04FFF3378DBB994
S3150801A8F000F08AF9044620B128462FF0F7FD2046D4
S3150801A90070BD00F0F7F9FFF7E3FF30F050F80F4B91
S3150801A9101C602FF007FC0E4B0E4A1860536F43F06C
S3150801A9200103536722F0F7F800F0A2F822F009F9BB
S3150801A930094B002418600123284633702FF0D6FDF1
S3150801A940DDE700BF14310020E8C50408F01800202F
S3150801A9501819002000400050F418002038B50446A4
S3150801A9602FF0C9FD0F4D02462B78FF2B04D1B4B148
S3150801A970BDE838402FF0BABD1BB9002CF8D001212B
S3150801A98003E0002C0CBFFF2101210B44DBB22B7025
S3150801A990B3FA83F304495B0910460B70E8E71946D5
S3150801A9A0F3E700BF1131002010310020054B1B6869
S3150801A9B05843054B00F5742000F23F20B0FBF3F035
S3150801A9C0704700BF1819002040420F0010B5094B07
S3150801A9D01B786BB1084C237853B12FF093F90023F8
S3150801A9E0064A237013700123054A1370054A13702A
S3150801A9F010BD00BF133100200E3100200D3100209B
S3150801AA000931002008310020034B1B7813B10122BC
S3150801AA10024B1A70704700BF133100200E31002017
S3150801AA2073B5114E0446337883420FD04FF4007341
S3150801AA300E4DADF8043058B101A8FCF783FA402051
S3150801AA40FFF7B4FF2B68181A2860347002B070BD7E
S3150801AA508DF8050001A8FCF775FA4020FFF7A6FF57
S3150801AA602B681844F0E700BF523A00201C19002051
S3150801AA7073B5002401A88DF80440FCF7F7FA2046BF
S3150801AA80224CFFF7CDFFD4F80031214A03F0030326
S3150801AA9013604FF480121F4B1F4D5A664FF4003254
S3150801AAA05A662FF097F81D4B1B780BB3D4F8003173
S3150801AAB003F00303022B23D0032B24D0012B17D138
S3150801AAC02EF026FB024698B1154B164EDC6800237C
S3150801AAD01946C4F30B04013404EB84040138E4FB7E
S3150801AAE0060103F0A5F9FFF761FF2B6803442B6004
S3150801AAF01F20FFF75BFF2B6803442B6002B070BD74
S3150801AB002EF058FBDEE72EF009FBDBE7008000504C
S3150801AB1024190020009000501C190020173100202C
S3150801AB2000C0015040420F000122114B10B55A676F
S3150801AB30104B114C1B78A3B102202FF027FF80B1CF
S3150801AB402FF084FB68B1A36DD90302D5E36D9A078B
S3150801AB5003D4094B9B6DDB0704D54FF48032044BB4
S3150801AB609A6210BD0122054B1A70FEF7EBFFF4E756
S3150801AB700050005A183100200040005A15310020B3
S3150801AB800122014B1A7070471831002007B5FFF7EB
S3150801AB904BFD01A8FCF728FE9DF80530012B14D1C1
S3150801ABA09DF804308BB94FF48012144B1449586E32
S3150801ABB003F580535A664B6B23F0E05343F0406329
S3150801ABC04B63C3025CBF0F4B5A6621F0BEFFFFF70A
S3150801ABD0B5F8FEF773FF21F074F8FFF77FFE00F072
S3150801ABE013F8FFF777FD21F0B1FF21F0BEFF22F040
S3150801ABF040FF03B05DF804EB21F0A9BF00800050C7
S3150801AC000040005A00A0005070B52FF07DFC144E8C
S3150801AC1005463478FCB9134B1C60134B1C60134B67
S3150801AC201C6000F031F801202FF0C6FE2FF0F0FB72
S3150801AC300F4B0246186020B928462FF060FC2320E6
S3150801AC4070BD234640F2E7310A4803F0F1F80A4B92
S3150801AC5018600123337028462FF051FC0020EFE7D6
S3150801AC601B31002038190020341900204019002012
S3150801AC703C19002018FCFFFF30190020014B186809
S3150801AC80704700BF3019002010B5002486B0142281
S3150801AC90214601A88DF8004023F0D2F80123134874
S3150801ACA08DF804302FF071FDBFF34F8F6846FDF71D
S3150801ACB023F9204601A98DF80440FDF72FF920460E
S3150801ACC00F212EF031FB0F2120462EF033FBFDF725
S3150801ACD0F9F82EF00DFB064B43209C61FFF778F837
S3150801ACE04320FFF759F806B010BD00BFDCC50408BC
S3150801ACF000800A5008B50A482FF047FD40F6015270
S3150801AD0000210120FCF752FD4FF496720021012023
S3150801AD101FF07FFE4FF48072024B9A6408BD00BF94
S3150801AD20E0C5040800900A5008B509482FF02DFD22
S3150801AD3040F6016200210220FCF738FD4FF49272B9
S3150801AD40002102201FF065FE0022024B9A6408BD0D
S3150801AD50E0C5040800900A5010B504462EF0BEF965
S3150801AD600C4BA0F57A729A4212D84FF47A73B0FB5B
S3150801AD70F3F05C43084BB3FBF0F3B4FBF3F00228A2
S3150801AD8006D9BDE810400323B0FBF3F0F7F7D8BAAC
S3150801AD9010BD00BFFFC99A3B40420F0038B50446B3
S3150801ADA00BF08CF9002844D10323A38340F2FD5309
S3150801ADB023830423A376A368A07743F48013A360AF
S3150801ADC021F0EAFEA368A0801B030CD4B0F5FA7F34
S3150801ADD009D92FF090FB0121054608462EF06EFD94
S3150801ADE028462FF083FB20460BF094F910BBE06848
S3150801ADF008B30CF0AFFB23F016FC07F0D9FF08F0F7
S3150801AE00A5FD24F0ACFE25F01CFE26F034FE01203B
S3150801AE1027F0DDFC70B902460121042027F0BFFBAB
S3150801AE200321042006F052FA0A2004F005FD21F058
S3150801AE30C0FE002038BD0148DBE700BF553A0020B7
S3150801AE4008B50449044812F05DFCBDE8084012F053
S3150801AE508BBC00BF00C60408F4C604084FF0805234
S3150801AE60014B5A60704700BF00ED00E0F8B50E4689
S3150801AE700546D0B1C9B10E4B0E4F19683868FAF7B5
S3150801AE80DDFB044678B9062332460B493868FAF7DA
S3150801AE90A3FC044638B901232A4608493868FAF753
S3150801AEA09BFC00B12C702046F8BD2124FBE700BFAE
S3150801AEB07C3600209C3600202C0004003C0004004F
S3150801AEC010B50A46044619B1024B00211B6898477A
S3150801AED010BD00BFB03600200E4B0340B3F1607FB2
S3150801AEE006D1B1F5885F14BF6FF086000020704760
S3150801AEF0B3F1707F0BD101F4E043B3F5005F06D1DE
S3150801AF0011F4E06F0CBF6FF08600002070476FF0F8
S3150801AF10860070470000C07F8A42F8B507460C468E
S3150801AF2000F019818F4922F4FF7323F001038B4244
S3150801AF300ED08D4B22F0FF01994209D08B4822F49D
S3150801AF407F7323F00303834202D0894B994228D1A8
S3150801AF50884B24F0FF0199420FD114F0FF000BD062
S3150801AF60854B40F00070984240F0F78082EA040071
S3150801AF70FF288CBF00200120F8BD7B4B9942ECD0FD
S3150801AF80A3F588539942E8D024F4FF7323F001030B
S3150801AF90B3F1062FE1D076488142DED073498B4260
S3150801AFA0DBD004F0FE43B3F1A06F14D102F0FE43E7
S3150801AFB0B3F1A06F40F0D18082EA040333F47E1323
S3150801AFC040F0CB8014F40040D6D0C4F30540C2F358
S3150801AFD005429042CDE7B3F1407F40F0A88002F0E8
S3150801AFE0FE43B3F1407F40F0B88082EA040535F4A8
S3150801AFF07E1540F0B28039462046FFF76DFF0028DE
S3150801B00040F0AB805D4B12F47C1603EA020319D0BB
S3150801B010B3F1607FC2F3054679D15949D3B243F0FA
S3150801B02000738B4277D003F17E43043B0F2B5CD828
S3150801B030DFE803F05A5A5B716567696B65675B5BA5
S3150801B0406567696BB3F1607F34D14D49D3B243F07B
S3150801B05000738B4244D003F17E43043B0F2BDCD8AB
S3150801B06001A151F823F000BFE5B00108E5B00108D8
S3150801B0701BB00108E1B001085FB10108A9B00108D8
S3150801B080ADB00108B1B001085FB10108A9B0010866
S3150801B0901BB001081BB001085FB10108A9B001087E
S3150801B0A0ADB00108B1B001082026B6E73026B4E7ED
S3150801B0B04026B2E7B3F1707F17D107F4E043B3F541
S3150801B0C0005F03D10126C7F302239E4007F4E0433C
S3150801B0D0B3F5005F09D10125C7F302218D4004E0CC
S3150801B0E010269AE7142698E7142514F47C1FC4F34E
S3150801B0F0054312D1B54214BF002001203CE71C25A7
S3150801B100F3E72025F1E73025EFE74025EDE7B3F131
S3150801B110707FEAD1DAE71025E7E712F47C1F01D13F
S3150801B120AB4218D022047FF527AFB34221E7B3F12A
S3150801B130106F12D124F01F6020F4702068B902F054
S3150801B140FE43B3F1106F7FF417AF0E48104040F07D
S3150801B1501060A042CFE701200EE700200CE71C266D
S3150801B1605BE700BF000200060013000600040006A4
S3150801B1700009000600030006FF0000020000C07F68
S3150801B180030000020000FFF637B50D4D0C466B783B
S3150801B190022B12D12B78072B0FD100230A460193D4
S3150801B1A0014601AB281D20F082F920B9019BA34273
S3150801B1B018BF6FF0930003B030BD6FF08800FAE74F
S3150801B1C0441900202DE9F843884617461C4600F025
S3150801B1D0E3FB054688BBD8F80060B6F8009009F489
S3150801B1E0E043B3F5804FB36808BF27F0010737EA94
S3150801B1F003031AD10CB3254B24F0FF029A421FD13F
S3150801B20014F0FF0304D0224A43F00073934232D06C
S3150801B21022464846F168FFF77FFE074668B9224687
S3150801B22048463169FFF778FE70BB6FF08405002345
S3150801B2303046C8F8003022F0ECFA2846BDE8F88313
S3150801B240144B9A42DCD0A3F588539A42D8D024F4F9
S3150801B250FF7323F00103B3F1062FD1D00E498A42B9
S3150801B260CED00E4A9342CBD004F0FE43B3F1407FD1
S3150801B27004D12304CCD56FF08605D8E7B3F1A06FC6
S3150801B280F7D0034B9C42C2E73D46D6E700030006CA
S3150801B290FF0000020013000600090006000400066C
S3150801B2A000F0FE43B3F1407F70B504460E4619D14E
S3150801B2B0FFF712FE00285ED114F47C1F15D0C4F3E3
S3150801B2C00543032B137054D9554D2540B5F1607FBD
S3150801B2D040F09380534AE4B244F00074944256D144
S3150801B2E0102B48D96FF0860045E04D4B2340B3F14A
S3150801B2F0607F39D14B4BE4B244F000749C4202D1D1
S3150801B3001023137037E004F17E44043C0F2C2ED829
S3150801B31001A353F824F000BF59B3010859B3010832
S3150801B3206FB3010801B301081DB401085DB3010833
S3150801B33061B3010865B301081DB401085DB30108CD
S3150801B3406FB301086FB301081DB401085DB30108A5
S3150801B35061B3010865B301081423D2E7202307E086
S3150801B360302305E0402303E0B3F1707F04D00023C6
S3150801B37013706FF0850070BD01F4E043B3F5005F0B
S3150801B380F5D10123C1F302218B40DBB299E704F120
S3150801B3907E44043C0F2CA5D801A252F824F000BF24
S3150801B3A0EFB30108EFB30108E5B20108E1B20108FC
S3150801B3B019B40108E1B30108F3B30108F7B30108A9
S3150801B3C019B40108E1B30108E5B20108E5B20108BB
S3150801B3D019B40108E1B30108F3B30108F7B3010889
S3150801B3E020218B423FF67EAF142BC4D9C1E7142B1B
S3150801B3F077E73021F5E74021F3E7B5F1707F7FF470
S3150801B40071AF06F4E042B2F5005F7FF46BAF01213C
S3150801B410C6F302229140E4E71C21E2E71C23A7E7D1
S3150801B4200000C07F030000022DE9F04F9B46002370
S3150801B43089B08DF81B30159B9246DDE91278002BF1
S3150801B44089460B460CBF4FF400624FF4806207A988
S3150801B450149EFFF7B7FE044628BB079D4846298870
S3150801B4600DF11B02FFF71CFF0446E0B99DF81B000E
S3150801B470404542D8D5E908126B681B0A012B31D021
S3150801B480214CA34212D0002B3AD1CDE903064B46F3
S3150801B4902846CDE901B7CDF800A020F037FB10F119
S3150801B4A0860F04460DD1C6F800800CE0CDE90306E7
S3150801B4B04B462846CDE901B7CDF800A020F026FB7A
S3150801B4C00446002CEFD1424621463846336821F01E
S3150801B4D0CDFB079822F09DF9002C18BF204609B02C
S3150801B4E0BDE8F08FCDE903064B462846CDE901B7FD
S3150801B4F0CDF800A020F0AFFAE2E76FF08904D2E7B1
S3150801B5006FF08604CFE700BF020080002DE9FF41F6
S3150801B51005469846002303932B6808461746002BD1
S3150801B52055D1B8F1000F134603A914BF4FF4806231
S3150801B5304FF40062FFF746FE0446002849D1039EF0
S3150801B540384631882A1DFFF7ABFE0446002840D14C
S3150801B5506B7968F300036B717168D6E90823090AE8
S3150801B560B8F1000F1FD0012913D02048814201D01C
S3150801B570002938D13146009705F1080020F0FFFA75
S3150801B580044630BB042303982B6022F042F9044693
S3150801B59025E03146009705F10800FEF7C1F8044693
S3150801B5A0B8B90523EFE701290AD01048814200D02E
S3150801B5B0C9B93146009705F1080020F028FBDFE7F5
S3150801B5C03146009705F1080020F06AFAE7E76FF0BF
S3150801B5D08804284621F001FE039822F01AF920462C
S3150801B5E004B0BDE8F0816FF08604F2E7020080003E
S3150801B5F02DE9F04F9B460023924601F0FE428FB09B
S3150801B600B2F1806F0E46DDE918891A9F099305D0B4
S3150801B610184622F0FEF86FF086052EE00B464FF429
S3150801B620807209A9FFF7CEFD0546099815B122F0E2
S3150801B630F0F822E0038803F4E042B2F5005F1ED178
S3150801B64013F4E06FC3F3022119D0474C26F4807234
S3150801B650A2420AD004F50074A64206D0434CA6427B
S3150801B66003D0A4F53F44A24209D101248C40102CF1
S3150801B67010D922F0CEF86FF08305002462E042F279
S3150801B6800402934202D13A4B9E420AD0394B9E425A
S3150801B69011D10D24A14506D222F0BBF86FF0890518
S3150801B6A0EBE70C24F6E721460AA8FFF76DFD0546E8
S3150801B6B010B10998BBE700240998D0E90812B8F136
S3150801B6C0000F21D008EB040C4568A9EB04032D0AE9
S3150801B6D0012D3CD0DFF8A0E0754517D0002D98D193
S3150801B6E0CDE905370AAB0093CDE903BC3346CDE96D
S3150801B6F0014A20F009FA10F1860F064612D1099877
S3150801B70022F087F83546B8E7C446DDE7CDE90537BF
S3150801B7100AAB0093CDE903BC3346CDE9014A20F0D3
S3150801B720F3F90646099822F074F80546002EE9D180
S3150801B7300028A2D124B1224640460AA922F0BEFB1E
S3150801B7403B681C4428463C600FB0BDE8F08FCDE944
S3150801B75005370AAB0093CDE903BC3346CDE9014A67
S3150801B76020F077F9DDE700BF0010C00400FF4004B0
S3150801B770000180040013C00402008000002307B5FD
S3150801B7801A460091024921F03BFE03B05DF804FB1D
S3150801B79034C7040810B5114C2378580744BF23F061
S3150801B7A0040323702378990705D500F09BF82378BD
S3150801B7B023F00203237063781BB10023084A6360F0
S3150801B7C053600023082106486370FFF779FB237845
S3150801B7D0DA0744BF23F00103237010BD4419002082
S3150801B7E04819002038B51E4C62782378022A01D1FF
S3150801B7F0072B11D0DD0712D52378980707D400F057
S3150801B80069F82378054643F00203237078B962780C
S3150801B8102378CAB15A071FD50025284638BD1FF017
S3150801B8203BFE054630B1237843F001032370FFF749
S3150801B830B1FFF2E71FF039FE2378054643F001030D
S3150801B84023700028F3D1D7E7D907E3D50549626004
S3150801B8504A6002226270DDE743F004032370DBE7E6
S3150801B860441900204819002000F14043032B70B504
S3150801B87005460E460CD82822154C02FB0344237EA6
S3150801B880022B02D16369834218D06FF08B001AE04C
S3150801B890012121F098FFB8B10D4B00221C46197EF3
S3150801B8A0022902D15969A94205D00132042A03F1B4
S3150801B8B02803F4D1E9E7282303FB0244204621F0B3
S3150801B8C075FF00B9346070BD6FF08700FBE700BFF4
S3150801B8D0501900200122024B002083F8A02070474E
S3150801B8E0501900202DE9F0410A4C002526464FF053
S3150801B8F0010803272046C4F81C802776013521F064
S3150801B900E5FA042D04F12804F4D1002386F8A030C1
S3150801B910BDE8F08150190020F8B51E4D064695F888
S3150801B920A0300F4683B300242B462246197ED1B197
S3150801B9303CB9022905D1D96919B91979002918BF5C
S3150801B9401C460132042A03F12803EFD114B96FF01A
S3150801B9508C0006E0204621F029FF204621F0B6FAA0
S3150801B96010B100240EE01C46237E83B901232376F9
S3150801B9703EB1651BED1003F1CC335D4305F18045FE
S3150801B980356000203C60F8BD6FF08800E9E76FF08C
S3150801B9909600E6E750190020F7B500262C4B0E60F5
S3150801B9A093F8A03007460D46002B4ED0FFF75CFFF3
S3150801B9B010F18C0F044645D129463046FFF7ACFFF6
S3150801B9C0044600283ED101232E68CDE900006946C8
S3150801B9D030467761736001AA21F09EFF044670B173
S3150801B9E0DDE9000121F096FF286821F06FFA14F1CC
S3150801B9F08C0F08BF6FF0870400232B6022E0DDE976
S3150801BA000012304621F0E5F90446DDE9000121F08E
S3150801BA1081FF002CE8D128688368D90444BF43F420
S3150801BA208063836083689A0444BF43F40063836038
S3150801BA30037E012B04BF0223037621F0B7FE0446D9
S3150801BA400028D9D1204603B0F0BD6FF08804F9E784
S3150801BA505019002030B40D4D2C681C606C685C6070
S3150801BA6000249C605468DC6014881C8254885C82BB
S3150801BA7094685C61D4689C61126930BCDA611962A8
S3150801BA800A46014603F1240022F018BA38C7040809
S3150801BA902DE9F843232904460F4691469846089E00
S3150801BAA004D86FF098052846BDE8F8830822194995
S3150801BAB022F09CF905460028F3D1A368002BF0D1A2
S3150801BAC0216A243F8F42C8F80010EAD3B1F5005F16
S3150801BAD0E7D271B9C9F80000E3687360238A338035
S3150801BAE0638A73806369B360A369F360E369336149
S3150801BAF0D9E7012020F0E7FDC9F8000030B1D8F8F0
S3150801BB00002004F1240122F0D9F9E5E76FF08C054C
S3150801BB10C9E700BF38C7040837B50320F7F7C8FBDC
S3150801BB2068B1344C3449206820F021F91DF0E5FF4D
S3150801BB301DF0E4FF314A3249206820F018F9102235
S3150801BB400020114611F04EFA054620B3294C2D491D
S3150801BB50206820F00CF92C49206820F008F91DF01E
S3150801BB60CCFF1DF0CBFF294B294A0093294940F206
S3150801BB703913206820F0FBF827492B46274A206805
S3150801BB8020F0F5F82846F7F7FFFB2549206820F04D
S3150801BB90EEF800BEFDE70121084611F039FA044620
S3150801BBA020B3144D1749286820F0E1F8164928688A
S3150801BBB020F0DDF81DF0A1FF1DF0A0FF134B144A7C
S3150801BBC0009314494FF49E73286820F0D0F812495F
S3150801BBD02346124A286820F0CAF82046F7F7D4FB0C
S3150801BBE00F49286820F0C3F800BEFDE70D4B187011
S3150801BBF003B030BD000E002040C7040845C704083D
S3150801BC0053C70408F9D20408E8AA0408D5D50408D4
S3150801BC1083C7040860AB04086FAB04086CAB04085F
S3150801BC2084AB04083E310020F8B5064603200C46CD
S3150801BC30F7F73EFB0F4D60B10F49286820F097F8DA
S3150801BC401DF05BFF1DF05AFF32460C49286820F0AB
S3150801BC508EF80B4F661E0F3416F8012F39462868E1
S3150801BC6020F085F8A642F7D128680649BDE8F840CC
S3150801BC7020F07DB8000E002040C70408BDC704089F
S3150801BC80C0C70408F9D204080D4B10B598420446FA
S3150801BC9007D11DF0D7FF012803D10A4B187001F00F
S3150801BCA0A7FA094B9C420AD120461DF0CBFF012871
S3150801BCB005D1BDE81040054B187001F099BA10BDC1
S3150801BCC094D80408433100207CD804084231002066
S3150801BCD010B501F0A9FC134B03201B78012B11D1D8
S3150801BCE0F7F7E6FAE0B1104C1049206820F03FF862
S3150801BCF01DF003FF1DF002FF0D492068BDE8104045
S3150801BD0020F035B8F7F7D4FA50B1074C074920683F
S3150801BD1020F02DF81DF0F1FE1DF0F0FE0549ECE7C7
S3150801BD2010BD00BF3F310020000E002040C70408A7
S3150801BD30C5C70408FEC7040838B501F06BFA002820
S3150801BD404FD0284B1B780BB101F0F4FD264B1A781E
S3150801BD502AB3264A12780D2A21D80022244C1A70B1
S3150801BD6022782449B2FA82F22348520922702346DC
S3150801BD700122098800780DF0A9FD0320F7F798FA42
S3150801BD8068B11E4D1E4928681FF0F1FF1DF0B5FE6A
S3150801BD901DF0B4FE22781B4928681FF0E8FF1A4CEB
S3150801BDA02378F3B1114B1B780D2B1AD80320F7F71B
S3150801BDB07FFA60B1114D124928681FF0D8FF1DF0AE
S3150801BDC09CFE1DF09BFE114928681FF0D0FF002339
S3150801BDD02370084B1988084B1878BDE838400DF0D0
S3150801BDE061BD38BD64310020433100203E31002059
S3150801BDF041310020B4280020663A0020000E0020B8
S3150801BE0040C7040834C80408423100205AC8040847
S3150801BE102DE9F0410368AE4A23F47F4323F0070373
S3150801BE20934204468EB000F079827FD8A2F1D97286
S3150801BE30934200F020832FD8A2F59A02934200F08C
S3150801BE40C8840CD8A2F5A022934200F0158102F508
S3150801BE508022934200F048830EB0BDE8F0819D4AE6
S3150801BE609342F9D1D0F805400320F7F721FA68B1D2
S3150801BE70994D9A4928681FF07AFF1DF03EFE1DF07C
S3150801BE803DFE2246964928681FF071FF20460EB0EE
S3150801BE90BDE8F04101F0D2BD924A934201F0938088
S3150801BEA025D8A2F51022934201F03F8102F54032CE
S3150801BEB09342D1D18C4B18780328CDD18B4DD4F828
S3150801BEC005302B60F7F7F4F90028C5D0824C834971
S3150801BED020681FF04CFF1DF010FE1DF00FFE2A68AA
S3150801BEE0834920680EB0BDE8F0411FF040BF814A82
S3150801BEF09342B1D10320F7F7DBF968B1764D77495B
S3150801BF0028681FF034FF1DF0F8FD1DF0F7FDA28823
S3150801BF10794928681FF02BFF002202210120774B5F
S3150801BF201A700EB0BDE8F04111F072B8744A934226
S3150801BF3001F0B3805CD802F17F42934201F094800C
S3150801BF4025D8A2F51022934200F0D28302F5403299
S3150801BF50934281D1644B1B78042B40F04D8582793D
S3150801BF604379684D43EA022303202B80F7F7A0F9AA
S3150801BF7000283FF471AF584C584920681FF0F7FE66
S3150801BF801DF0BBFD1DF0BAFD2A885F49A9E75F4A86
S3150801BF9093427FF461AFC37A032B7FF65DAF03202B
S3150801BFA0F7F786F900283FF457AF4B4D4B492868F8
S3150801BFB01FF0DDFE1DF0A1FD1DF0A0FD94F907306F
S3150801BFC0667B0293B4F90E30B2EE047A07EE903A24
S3150801BFD0F8EEE77AC7EE877A17EE900A01F0D0FEF7
S3150801BFE0CDE9000132464A4928681FF0C0FE33E709
S3150801BFF0484A934200F0048622D802F17D4202F5AE
S3150801C000C022934201F0618002F1FD7293427FF4EE
S3150801C01023AFB0F80550002D00F025850120F7F76C
S3150801C02047F900283FF418AF2B4C3B4920681FF00D
S3150801C0309EFE1DF062FD1DF061FD2A46374950E757
S3150801C040374A93427FF408AF0320F7F731F960B115
S3150801C050214D224928681FF08AFE1DF04EFD1DF06C
S3150801C0604DFD304928681FF082FE012120790EB066
S3150801C070BDE8F04111F06EB80021082010F0FEFF6E
S3150801C0800446002860D0144D274928681FF06FFE22
S3150801C090264928681FF06BFE1DF02FFD1DF02EFDA9
S3150801C0A0234B244A009324499F2328681FF05FFEE7
S3150801C0B022492346224A28681FF059FE2046F7F7E7
S3150801C0C063F9204928681FF052FE00BEFDE700BF4C
S3150801C0D0A0000502A0000F00000E002040C70408BA
S3150801C0E088D40408A0000F013E310020F41900206D
S3150801C0F010CE0408A0004201F6C904084031002008
S3150801C100A0000F03B428002039CE0408A00053026A
S3150801C110D2C90408A0000907E7CA040808CF040819
S3150801C120A0000F099DD40408F9D20408E8AA040856
S3150801C130E4D5040883C7040860AB04086FAB040898
S3150801C1406CAB040884AB040801460C2010F082FF8E
S3150801C150054618B3AA4CAB4920681FF008FEAA4940
S3150801C16020681FF004FE1DF0C8FC1DF0C7FCA74B94
S3150801C170A74A0093A749A22320681FF0F8FDA649FC
S3150801C1802B46A64A20681FF0F2FD2846F7F7FCF869
S3150801C190A34920681FF0EBFD00BEFDE740F6C2305B
S3150801C1A010F090FF054618B3954C964920681FF084
S3150801C1B0DEFD954920681FF0DAFD1DF09EFC1DF095
S3150801C1C09DFC924B924A00939249A52320681FF041
S3150801C1D0CEFD91492B46914A20681FF0C8FD284695
S3150801C1E0F7F7D2F88E4920681FF0C1FD00BEFDE7BA
S3150801C1F0012010F057FF054618B3814C8149206884
S3150801C2001FF0B5FD804920681FF0B1FD1DF075FCD2
S3150801C2101DF074FC7D4B7E4A00937E49A823206855
S3150801C2201FF0A5FD7C492B467C4A20681FF09FFD1F
S3150801C2302846F7F7A9F87A4920681FF098FD00BE45
S3150801C240FDE70320F7F734F860B16D4C75492068AE
S3150801C2501FF08DFD1DF051FC1DF050FC7249206840
S3150801C2601FF085FD10F08AFF704B187801283FD121
S3150801C270022110F0CDFE054620B3614C61492068C4
S3150801C2801FF075FD604920681FF071FD1DF035FC32
S3150801C2901DF034FC664B5E4A00935E494FF4AD735C
S3150801C2A020681FF064FD5C492B465C4A20681FF034
S3150801C2B05EFD2846F7F768F8594920681FF057FDCB
S3150801C2C000BEFDE70320F6F7F3FF00283FF4C4ADEF
S3150801C2D04B4C544920681FF04AFD1DF00EFC1DF019
S3150801C2E00DFC544920680EB0BDE8F0411FF03FBD72
S3150801C2F00320F6F7DDFF60B1414C4A4920681FF07B
S3150801C30036FD1DF0FAFB1DF0F9FB4B4920681FF0BD
S3150801C3102EFD0EB0BDE8F041FFF7FEBB474E337860
S3150801C320002B7FF499AD06224549053021F05EFDC3
S3150801C33000287FF491AD638B002B3FF48DAD03206C
S3150801C340F6F7B6FF40B32E4D364928681FF00FFDA4
S3150801C3501DF0D3FB1DF0D2FB638BB7EE047A07EE13
S3150801C360903AF8EEE77A67EE877A17EE900A01F0C7
S3150801C37007FD94F80980A77ACDE9040163793A465D
S3150801C3800393A3792F490293E3790193237A0093BF
S3150801C390286843461FF0EBFC2B4F0097A57A617A74
S3150801C3A0A37D41EA0521E27AD4F8050010F0F4FEEE
S3150801C3B0054600284AD0124C124920681FF0D7FCBE
S3150801C3C0114920681FF0D3FC1DF097FB1DF096FB61
S3150801C3D0174B0F4A00930F494FF4BD7320681FF09E
S3150801C3E0C6FC0D492B460D4A20681FF0C0FC28469D
S3150801C3F0F6F7CAFF0A4920681FF0B9FC00BEFDE737
S3150801C400000E0020F9D20408E8AA0408E4D50408B5
S3150801C41083C7040860AB04086FAB04086CAB040857
S3150801C42084AB040840C70408A0C804083F310020AB
S3150801C430FBD50408EAC8040814C9040840310020D9
S3150801C4402AD604082BC90408BE3900200320F6F7AA
S3150801C4502FFF68B18F4C904920681FF088FC1DF0AA
S3150801C4604CFB1DF04BFB3A888C4920681FF07FFC7A
S3150801C47001233370F0E40320F6F71AFF60B1854D06
S3150801C480854928681FF073FC1DF037FB1DF036FB44
S3150801C490834928681FF06BFC0320F6F709FFF0B102
S3150801C4A07C4D7D4928681FF062FC1DF026FB1DF0B6
S3150801C4B025FBB4F80F30B7EE047A07EE903AF8EE9A
S3150801C4C0E77A67EE877A17EE900A01F059FC0B4670
S3150801C4D0A17B02460091286872491FF048FC0EB0FC
S3150801C4E0BDE8F04110F0A8BD0320F6F7E1FE60B102
S3150801C4F0684D694928681FF03AFC1DF0FEFA1DF0DF
S3150801C500FDFA694928681FF032FCDFF8E08198F8DE
S3150801C510001000297FF4A0AC2379DB077FF59CACDA
S3150801C5201C220DEB0200069121F08AFC2023A17D35
S3150801C53006AA04F11700261D21F040FA20B9304653
S3150801C5405A4901F041F987E40320F6F7B1FED8B15B
S3150801C550504D514928681FF00AFC1DF0CEFA1DF00E
S3150801C560CDFA94F90D3052490593637906AA0493D5
S3150801C570A3790393E3790293237A0193637A009368
S3150801C580A37A28681FF0F3FB3046484901F01CF9E5
S3150801C59006224849601D21F029FC00287FF45CAC7D
S3150801C5A00320F6F785FE60B13A4D3B4928681FF02E
S3150801C5B0DEFB1DF0A2FA1DF0A1FA3F4928681FF01B
S3150801C5C0D6FB10F039FD054620B3324C3B492068AD
S3150801C5D01FF0CDFB3A4920681FF0C9FB1DF08DFA03
S3150801C5E01DF08CFA374B384A009338494FF4E573F6
S3150801C5F020681FF0BCFB36492B46364A20681FF0D7
S3150801C600B6FB2846F6F7C0FE334920681FF0AFFB94
S3150801C61000BEFDE70146314F0097B2797379D6F826
S3150801C620010043EA022363F30F01E27A012310F0C2
S3150801C6307DFC0446A8B10120F6F73AFE68B1154D0E
S3150801C640274928681FF093FB1DF057FA1DF056FA83
S3150801C6502246244928681FF08AFBFFF75DFAFFF78F
S3150801C660FBBB0123032088F80030F6F721FE0028DA
S3150801C6703FF4F2AB074C084920681FF078FB1DF020
S3150801C6803CFA1DF03BFA3A78174920681FF06FFB10
S3150801C690FFF7E2BB000E002040C7040881C9040861
S3150801C6A09DC90408B1C9040813CA0408BDD90308F9
S3150801C6B05ECA04082AD60408B1CA0408F9D20408CD
S3150801C6C0E8AA0408FBD5040883C7040860AB040874
S3150801C6D06FAB04086CAB040884AB0408663A002007
S3150801C6E0E7CA0408ECCA040824CB04083E31002032
S3150801C6F00320F6F7DDFD60B1A24DA34928681FF0B6
S3150801C70036FB1DF0FAF91DF0F9F9A04928681FF062
S3150801C7102EFB0320F6F7CCFD60B19A4D9A4928689D
S3150801C7201FF025FB1DF0E9F91DF0E8F9984928687D
S3150801C7301FF01DFB0320F6F7BBFD88B1914D924909
S3150801C74028681FF014FB1DF0D8F91DF0D7F9B4F8C5
S3150801C7500520904902EB820328689B081FF007FB16
S3150801C7600320F6F7A5FD70B1864D874928681FF0A5
S3150801C770FEFA1DF0C2F91DF0C1F9B4F80720864981
S3150801C78028681FF0F4FA0320F6F792FD80B17D4D73
S3150801C7907D4928681FF0EBFA1DF0AFF91DF0AEF9D7
S3150801C7A00A22B4F809307D495A4328681FF0DFFA8E
S3150801C7B00320F6F77DFD00283FF44EAB714C724914
S3150801C7C020681FF0D4FA1DF098F91DF097F97449FD
S3150801C7D088E50320F6F76CFD60B16A4D6A49286859
S3150801C7E01FF0C5FA1DF089F91DF088F96D49286809
S3150801C7F01FF0BDFA237B6C4D6C4E2B700223032070
S3150801C8003370F6F755FDC0B15E4F5F4938681FF0C2
S3150801C810AEFA1DF072F91DF071F923796449049392
S3150801C82063790393A3790293E3790193237A0093B6
S3150801C830637A2A7838681FF09AFA0320F6F738FDE2
S3150801C84090B1504F504938681FF091FA1DF055F9CB
S3150801C8501DF054F9E17A574A574B3868002908BF41
S3150801C8601A4656491FF083FA637B0320FF2B50D0E3
S3150801C870F6F71EFD68B1434F434938681FF077FA4A
S3150801C8801DF03BF91DF03AF9627B4D4938681FF0F6
S3150801C8906EFA03203070F6F70BFD60B1394C3A4950
S3150801C8A020681FF064FA1DF028F91DF027F945499B
S3150801C8B020681FF05CFA28781021434A0CF0A0FF83
S3150801C8C0054600283FF474AF2E4C404920681FF0F6
S3150801C8D04EFA3F4920681FF04AFA1DF00EF91DF07D
S3150801C8E00DF93C4B3C4A00933C4940F2052320682C
S3150801C8F01FF03DFA3A492B463A4A20681FF037FAA3
S3150801C9002846F6F741FD384920681FF030FA00BE7F
S3150801C910FDE7F6F7CDFC60B11A4C1B4920681FF0FC
S3150801C92026FA1DF0EAF81DF0E9F8304920681FF0EB
S3150801C9301EFA287810F0D6FB044603207CB1F6F7D8
S3150801C940B7FC0028A5D00F4F0F4938681FF00FFA1A
S3150801C9501DF0D3F81DF0D2F82246254996E7F6F7D9
S3150801C960A7FC002895D0074C074920681FF0FFF956
S3150801C9701DF0C3F81DF0C2F81E4920681FF0F7F92B
S3150801C98087E700BF000E002040C7040861CB0408F2
S3150801C990A8CB0408CECB040803CC040825CC04088C
S3150801C9A04ACC040894CC0408663A00203E3100209B
S3150801C9B0D7CC040898C804088DC804081ECD0408F5
S3150801C9C02DCD0408E2CD04081AD60408F9D20408C4
S3150801C9D0E8AA0408FBD5040883C7040860AB040861
S3150801C9E06FAB04086CAB040884AB040856CD040885
S3150801C9F07BCD0408A3CD0408082B18D18279437985
S3150801CA00AE4D43EA022303202B80F6F751FC00289A
S3150801CA103FF422AAAA4CAB4920681FF0A8F91DF0D9
S3150801CA206CF81DF06BF82A88A749FFF75ABA0A2B42
S3150801CA307FF412AA82794379A44D43EA022303209B
S3150801CA402B80F6F735FC00283FF406AA9C4C9D4935
S3150801CA5020681FF08CF91DF050F81DF04FF82A8850
S3150801CA609B49FFF73EBA9B4D2B78033B092B00F2F6
S3150801CA70C780DFE813F00A004E007C006A008E00CA
S3150801CA80AE006101DB0108027702042303202B7043
S3150801CA90F6F70EFC60B18A4D8A4928681FF067F9D6
S3150801CAA01DF02BF81DF02AF88B4928681FF05FF94D
S3150801CAB08A498B4810228B4B096800780CF0B4FE22
S3150801CAC00546002800F09C807D4C874920681FF0A8
S3150801CAD04EF9864920681FF04AF91DF00EF81DF037
S3150801CAE00DF8834B834A009383494FF40F732068EB
S3150801CAF01FF03DF981492B46814A20681FF037F915
S3150801CB002846F6F741FC7F4920681FF030F900BE38
S3150801CB10FDE706232B707C4B02221988704B187887
S3150801CB200CF09AFE0320F6F7C3FB002868D0644D83
S3150801CB30644928681FF01BF91CF0DFFF1CF0DEFFB3
S3150801CB40724928681FF013F95AE0072303202B704E
S3150801CB50F6F7AEFB002853D0594D5A4928681FF0FD
S3150801CB6006F91CF0CAFF1CF0C9FF6949E9E7072362
S3150801CB7003202B70F6F79CFB002841D0504D5149F4
S3150801CB8028681FF0F4F81CF0B8FF1CF0B7FF6149DC
S3150801CB90D7E742F62A330022ADF81830474B4F49FA
S3150801CBA01A8008234E482B7002220968007806ABC2
S3150801CBB00CF03AFE0320F6F77BFB08B3404D4149DA
S3150801CBC028681FF0D4F81CF098FF1CF097FF52490B
S3150801CBD0B7E73A4B198800295AD10220F6F768FBBC
S3150801CBE060B1374E4D4930681FF0C1F81CF085FF1A
S3150801CBF01CF084FF4A4930681FF0B9F80D232B70E1
S3150801CC00414BB4F805201B889A427FF425A9E3799C
S3150801CC10257B03F0EF020B2A40F0BA810320F6F7D1
S3150801CC2047FB78B1264E274930681FF0A0F81CF05B
S3150801CC3064FF1CF063FF00956389E279394930681E
S3150801CC401FF095F8384B1D703848002D00F09D816E
S3150801CC501DF0CDF8194B1B88002B3FF4FDA8B4F83D
S3150801CC6005209A427FF4F8A8E3790B2B7FF4F4A800
S3150801CC706389102B7FF4F0A82D4A04F10C031C34A8
S3150801CC8053F8041BA34242F8041BF9D1FFF7E4B891
S3150801CC9009232B70124B18780CF004FE0320F6F7C3
S3150801CCA007FB0028ACD0064D064928681FF05FF837
S3150801CCB01CF023FF1CF022FF1E4942E7B228002080
S3150801CCC0000E002040C704087ACE0408B0280020C8
S3150801CCD0BBCE04083E3100203DCF0408F4190020DC
S3150801CCE0663A00200AD60408F9D20408E8AA040814
S3150801CCF0FBD5040883C7040860AB04086FAB0408B6
S3150801CD006CAB040884AB0408B428002073CF04086C
S3150801CD10A8CF0408F1CF04083AD004087DD0040846
S3150801CD2082D00408FED3040841310020ACD8040897
S3150801CD301D310020DFD00408AF4FB049B048FEF7D7
S3150801CD4073FF3E78002E61D0AE49AF48FEF76CFFFF
S3150801CD501022AA49AB4821F049F8002843D10320FB
S3150801CD60F6F7A6FA78B1DFF8BC82A849D8F8000028
S3150801CD701EF0FDFF1CF0C1FE1CF0C0FEA449D8F848
S3150801CD8000001EF0F4FFA34B9E4A1E709B4B03F155
S3150801CD90100153F8040B8B4242F8040BF9D1012315
S3150801CDA03B7042F629330022ADF818309A4B9B495D
S3150801CDB01A800A239A482B7002220968007806AB62
S3150801CDC00CF032FD0320F6F773FA00283FF418AF8A
S3150801CDD0944D8E4928681EF0CAFF1CF08EFE1CF081
S3150801CDE08DFE9149ADE60320F6F762FA60B18D4EE4
S3150801CDF0864930681EF0BBFF1CF07FFE1CF07EFEE4
S3150801CE008A4930681EF0B3FF0026BCE70320F6F70F
S3150801CE104FFA0028F8D0834E7C4930681EF0A7FFE8
S3150801CE201CF06BFE1CF06AFE8149EAE77A4B198809
S3150801CE3081B90220F6F73CFA00283FF4DFAE794EB5
S3150801CE407C4930681EF093FF1CF057FE1CF056FE15
S3150801CE507949D0E60B232B70012371481A460078CD
S3150801CE600CF034FD0320F6F723FA00283FF4C8AE88
S3150801CE706C4D664928681EF07AFF1CF03EFE1CF0D0
S3150801CE803DFE6E495DE60320F6F712FA60B1654E7E
S3150801CE905E4930681EF06BFF1CF02FFE1CF02EFE5B
S3150801CEA0674930681EF063FF0320F6F701FA60B19F
S3150801CEB05C4E564930681EF05AFF1CF01EFE1CF0E7
S3150801CEC01DFE604930681EF052FF0320F6F7F0F99F
S3150801CED060B1544E4D4930681EF049FF1CF00DFEF5
S3150801CEE01CF00CFE584930681EF041FF0320F6F786
S3150801CEF0DFF960B14B4E454930681EF038FF1CF02A
S3150801CF00FCFD1CF0FBFD514930681EF030FF414B1A
S3150801CF101B7883B10320F6F7CBF900283FF46EAEF0
S3150801CF20404E3A4930681EF022FF1CF0E6FD1CF01F
S3150801CF30E5FD47495FE60C232B70394B18780CF051
S3150801CF404FFC0320F6F7B4F900283FF459AE354DE6
S3150801CF502E4928681EF00BFF1CF0CFFD1CF0CEFDF4
S3150801CF603C49EEE50D2303202B70F6F7A1F90028BD
S3150801CF703FF446AE2B4D254928681EF0F8FE1CF0F5
S3150801CF80BCFD1CF0BBFD3449DBE51CF033FF61E653
S3150801CF901D2B7FF45FAE20790CF074FC0320F6F7A5
S3150801CFA087F900283FF450AE1E4E184930681EF026
S3150801CFB0DEFE1CF0A2FD1CF0A1FD2A4627493068B9
S3150801CFC01EF0D5FE40E60320F6F772F960B1154D5D
S3150801CFD00E4928681EF0CBFE1CF08FFD1CF08EFD55
S3150801CFE01F4928681EF0C3FE1E4920790EB0BDE808
S3150801CFF0F04110F087B800BF2D3100201D31002007
S3150801D00010D104082E31002033D1040840C7040882
S3150801D01056D104081C310020B0280020F41900203C
S3150801D020663A0020000E002000D204088ED10408BA
S3150801D030C8D104087DD004084FD2040879D204085F
S3150801D040B6D20408DCD20408FBD204081BD30408B0
S3150801D05036D3040884D30408C0D3040851D4040879
S3150801D060B4D4040840E201000121007910F05EF809
S3150801D0700320F6F71DF900283EF4EEAE4B4D4C4958
S3150801D08028681EF074FE1CF038FD1CF037FDD4F834
S3150801D090052048492868FEF725BF0320F6F708F951
S3150801D0A000283EF4D9AE414D414928681EF05FFE7D
S3150801D0B01CF023FD1CF022FD637922793E4928687C
S3150801D0C00EB0BDE8F0411EF052BE0220F6F7F0F8A8
S3150801D0D078B1364D394928681EF049FE1CF00DFD18
S3150801D0E01CF00CFDB4F805302279354928681EF084
S3150801D0F03EFE2379FF2B3EF4AFAE0220F6F7D8F8B1
S3150801D10068B12A4D2D4928681EF031FE1CF0F5FC40
S3150801D1101CF0F4FC22792B4928681EF028FE207998
S3150801D1200EB0BDE8F0410FF02DBF0320F6F7C0F8A9
S3150801D13060B11E4D1E4928681EF019FE1CF0DDFC63
S3150801D1401CF0DCFC204928681EF011FE0320F6F7C6
S3150801D150AFF870B1154D164928681EF008FE1CF087
S3150801D160CCFC1CF0CBFCA388A279184928681EF0D0
S3150801D170FEFD0320F6F79CF860B10C4C0C492068BB
S3150801D1801EF0F5FD1CF0B9FC1CF0B8FC104920682E
S3150801D1901EF0EDFDFF220F4B1A7000230E4A136095
S3150801D1A00E4A13800E4A1370FFF7B3B8000E00201B
S3150801D1B040C70408C9D40408DAD404087DD0040891
S3150801D1C002D5040835D504085FD50408A2D5040894
S3150801D1D04ACC0408663A0020F4190020B428002035
S3150801D1E03E3100200022014B1A807047B6280020E4
S3150801D1F008B52DF080F94FF6FF71054A13888B4261
S3150801D2001CBF01331380BDE808402DF06FB900BF7C
S3150801D210B628002010B52DF06EF9054A148814B108
S3150801D220631E012413802DF061F9204610BD00BF4D
S3150801D230B6280020064B1B681A7A022A04D812B1AE
S3150801D2401B68044A13607047032AF9D0704700BF68
S3150801D250B4360020F819002070B5264DA8B012ACD6
S3150801D2600FCD0FC495E80700032384E807008DF85E
S3150801D27061302923204A0024CDE9032340F20153D2
S3150801D2801E49CDE90944CDE905134FF480230B94D2
S3150801D290089319AD08AE0FCECDE90E440794109444
S3150801D2A00FC5174B0DAE2B60164B1EAD0D930FCE4A
S3150801D2B00FC52020144B19A92B60144B12AA2393CE
S3150801D2C0134B2694CDE92403124B13482793134B8A
S3150801D2D0009303ABFDF7E6F804469DF897304FF443
S3150801D2E0E130002B0CBF032100211CF054FC204621
S3150801D2F028B070BD60D8040800C0055000080009B0
S3150801D30024C00550020004003CC0055044310020E9
S3150801D31000010100C8360020B41A0020FC190020BB
S3150801D320831E012B10B50C4619D801290DD8184BA7
S3150801D33004221B6C08210020C3F30023FAF7EAF83C
S3150801D34024B1144B18680368F3B910BD114B18685A
S3150801D3500368002BF9D0BDE81040FDF771B88B1EA4
S3150801D360012B0CD80128F0D8BDE810400022084B43
S3150801D37008211B6C1046C3F30023FAF7CBB8002922
S3150801D380E4D00129DDD0E0E7BDE810401EF0C3BEB8
S3150801D39000C00350DC36002008B504490448FDF7EF
S3150801D3A085FABDE80840FFF757BF00BFE036002001
S3150801D3B0DC1A002001481EF033BF00BFB41A002052
S3150801D3C0014B5A6A18681047B41A002008B5044870
S3150801D3D01CF033FCBDE8084002481CF02EBC00BF17
S3150801D3E094D804087CD8040801481CF0FDBC00BF89
S3150801D3F0ACD8040830B503687E4A23F47F4323F08A
S3150801D4000703934289B040F0F380062200211620D3
S3150801D410794B0CF02DFB044618B3784D78492868EA
S3150801D4201EF0A5FC774928681EF0A1FC1CF065FBD7
S3150801D4301CF064FB744B754A009375496C23286884
S3150801D4401EF095FC73492346734A28681EF08FFC23
S3150801D4502046F5F799FF714928681EF088FC00BE39
S3150801D460FDE70146082212206D4B0CF001FB04462C
S3150801D47018B3624D624928681EF079FC614928682B
S3150801D4801EF075FC1CF039FB1CF038FB5E4B5F4A3D
S3150801D49000935F49782328681EF069FC5D49234695
S3150801D4A05D4A28681EF063FC2046F5F76DFF5B4967
S3150801D4B028681EF05CFC00BEFDE701460322142025
S3150801D4C0584B0CF0D5FA054618B34C4C4C49206814
S3150801D4D01EF04DFC4B4920681EF049FC1CF00DFB63
S3150801D4E01CF00CFB484B494A00934949862320689E
S3150801D4F01EF03DFC47492B46474A20681EF037FC7B
S3150801D5002846F5F741FF454920681EF030FC00BE64
S3150801D510FDE70DF10F0104A80FF044FD044618B309
S3150801D520364D374928681EF022FC364928681EF010
S3150801D5301EFC1CF0E2FA1CF0E1FA334B334A009365
S3150801D5403349952328681EF012FC32492346324A8C
S3150801D55028681EF00CFC2046F5F716FF2F492868A7
S3150801D5601EF005FC00BEFDE7BDF8143001465BBAA6
S3150801D570ADF818309DF8133008228DF81A30FF23BC
S3150801D5808DF81B30FE238DF81C309DF812301820BB
S3150801D5908DF81D30BDF810305BBAADF81E3006ABFC
S3150801D5A00CF066FA054618B3144C154920681EF0A6
S3150801D5B0DEFB144920681EF0DAFB1CF09EFA1CF00B
S3150801D5C09DFA114B114A00931149A52320681EF0B3
S3150801D5D0CEFB10492B46104A20681EF0C8FB284688
S3150801D5E0F5F7D2FE0D4920681EF0C1FB00BEFDE726
S3150801D5F009B030BDA000010066D90408000E00205C
S3150801D600F9D20408E8AA040826D90408C4D80408E3
S3150801D61060AB04086FAB04086CAB040884AB040860
S3150801D6205ED904085BD904087FB5F5F7F5FF054609
S3150801D63018B34B4C4B4920681EF099FB4A492068A0
S3150801D6401EF095FB1CF059FA1CF058FA474B484A4C
S3150801D65000934849192320681EF089FB46492B4641
S3150801D660464A20681EF083FB2846F5F78DFE444995
S3150801D67020681EF07CFB00BEFDE7FAF75FFA054657
S3150801D68018B3374C374920681EF071FB36492068B4
S3150801D6901EF06DFB1CF031FA1CF030FA334B344A9C
S3150801D6A0009334491C2320681EF061FB32492B463E
S3150801D6B0324A20681EF05BFB2846F5F765FE3049BD
S3150801D6C020681EF054FB00BEFDE72E4D2846FAF7EA
S3150801D6D09DFA044618B3224D224928681EF047FBD5
S3150801D6E0214928681EF043FB1CF007FA1CF006FACC
S3150801D6F01E4B1F4A00931F491F2328681EF037FB3C
S3150801D7001D4923461D4A28681EF031FB2046F5F7B8
S3150801D7103BFE1B4928681EF02AFB00BEFDE70126D1
S3150801D7201949686028461DF002FB28461DF09BF939
S3150801D730234622462846CDE90146144900941DF0A0
S3150801D74009FB234632462846CDE90146104900948D
S3150801D7501DF000FB04B0BDE87040FAF717BA00BF28
S3150801D760000E0020F9D20408E8AA040882DA04089F
S3150801D7706CD9040860AB04086FAB04086CAB0408E9
S3150801D78084AB0408E41A002000AD0408B0D90408E3
S3150801D790C3D90408F8B506460024094B094D1F7874
S3150801D7A0A74203DC4FF0FF342046F8BD284606227F
S3150801D7B0314620F01BFB29350028F5D00134EFE767
S3150801D7C065310020663100202DE9F047002790B029
S3150801D7D005460C461C22394609A8089720F030FB55
S3150801D7E02023A97C0DEB030205F1130005F1010ABB
S3150801D7F0A0475046FFF7CEFF002859DA464B1E7858
S3150801D8000B2E52D8721C1A70292303FB06F9D5F878
S3150801D8100120DFF81C814FF0010A48F80920B5F804
S3150801D820052008EB0904A2806A7A2546A2719DF8AB
S3150801D83020200735D21B18BF012208A984F8272002
S3150801D84028461F2284F828A020F002FB334B84F8CF
S3150801D850267083F800A0FFF7CBFC0320F5F728FD17
S3150801D86018B32F4F2F4938681EF081FA1CF045F975
S3150801D8701CF044F918F8093094F8272006936378C0
S3150801D88029490593A3780493E378039323790293AB
S3150801D8906379019394F906300093244B3868002A7A
S3150801D8A018BF2B4632461EF062FA10B0BDE8F08763
S3150801D8B0292395F909101E4D03FB005393F90620F8
S3150801D8C08A1A002AB8BF5242022A93F827201ADC7C
S3150801D8D0002AEAD19DF82030002BE6D029244443BA
S3150801D8E0E01D1F2208A9284420F0B2FA00232C447F
S3150801D8F084F82630012384F827300122074B1A7051
S3150801D900FFF776FCD1E79971002AF6D19DF8203008
S3150801D910002BF2D0E2E700BF653100206431002018
S3150801D920000E002040C70408DFD90408D5D9040829
S3150801D930663100202DE9F04F3948F9B01DF093F80A
S3150801D94000240123DFF8E8802246CDE90143354961
S3150801D9502346334800941DF0FDF998F800704FF4FA
S3150801D960D0720C2F214610A828BF0C2720F068FA80
S3150801D9702D4EDFF8C090DFF8C0A0DFF8A4B010ADD7
S3150801D980BC4233D033460134E4B205AA06F1280E67
S3150801D9909446186859680833ACE80300734562462B
S3150801D9A0F6D11B788CF8003096F8273033B39DF9F9
S3150801D9B01A3052460093202128460DF11B0301F027
S3150801D9C091F8002301222946CDE901320093224626
S3150801D9D058461DF0BFF998F8002000230C2A05F1D6
S3150801D9E0200506F12906CBD188F80030FAF7CEF8DA
S3150801D9F000220E4B1A7079B0BDE8F08F9DF91A30E6
S3150801DA004A4602939DF81430202101939DF815305A
S3150801DA10284600939DF8163001F064F8D1E700BF57
S3150801DA20E41A0020B0D904086631002064310020C8
S3150801DA306531002037DA04082ADA040870B50024AB
S3150801DA40012694B00346174D174A202104A801F070
S3150801DA5049F816490CA820F01BFA28461DF003F8C8
S3150801DA60234622462846CDE90146114900941DF070
S3150801DA7071F9234632460CA92846CDE90146009498
S3150801DA801DF068F92346022204A92846CDE9014674
S3150801DA9000941DF05FF9FAF779F8064B1C7014B07B
S3150801DAA070BD00BFE41A00204CDA04085BDA0408EA
S3150801DAB072DA04086431002081F0004102E000BFF7
S3150801DAC083F0004330B54FEA41044FEA430594EA2F
S3150801DAD0050F08BF90EA020F1FBF54EA000C55EA6A
S3150801DAE0020C7FEA645C7FEA655C00F0E2804FEA3B
S3150801DAF05454D4EB5555B8BF6D420CDD2C4480EA1D
S3150801DB00020281EA030382EA000083EA010180EA4C
S3150801DB10020281EA0303362D88BF30BD11F0004F9A
S3150801DB204FEA01314FF4801C4CEA113102D04042D0
S3150801DB3061EB410113F0004F4FEA03334CEA13330B
S3150801DB4002D0524263EB430394EA050F00F0A78023
S3150801DB50A4F10104D5F1200E0DDB02FA0EFC22FA1E
S3150801DB6005F2801841F1000103FA0EF2801843FA12
S3150801DB7005F359410EE0A5F120050EF1200E012A03
S3150801DB8003FA0EFC28BF4CF0020C43FA05F3C01841
S3150801DB9051EBE37101F0004507D54FF0000EDCF1BA
S3150801DBA0000C7EEB00006EEB0101B1F5801F1BD363
S3150801DBB0B1F5001F0CD349085FEA30004FEA3C0C67
S3150801DBC004F101044FEA445212F5800F80F09A805D
S3150801DBD0BCF1004F08BF5FEA500C50F1000041EB61
S3150801DBE0045141EA050130BD5FEA4C0C404141EB65
S3150801DBF00101013C28BFB1F5801FE9D291F0000F60
S3150801DC0004BF01460020B1FA81F308BF2033A3F10E
S3150801DC100B03B3F120020CDA0C3208DD02F1140C05
S3150801DC20C2F10C0201FA0CF021FA02F10CE002F140
S3150801DC301402D8BFC2F1200C01FA02F120FA0CFC39
S3150801DC40DCBF41EA0C019040E41AA2BF01EB045182
S3150801DC50294330BD6FEA04041F3C1CDA0C340EDC80
S3150801DC6004F11404C4F1200220FA04F001FA02F3C3
S3150801DC7040EA030021FA04F345EA030130BDC4F181
S3150801DC800C04C4F1200220FA02F001FA04F340EA76
S3150801DC900300294630BD21FA04F0294630BD94F027
S3150801DCA0000F83F4801306BF81F480110134013D0E
S3150801DCB04EE77FEA645C18BF7FEA655C29D094EA7F
S3150801DCC0050F08BF90EA020F05D054EA000C04BFFD
S3150801DCD01946104630BD91EA030F1EBF00210020E8
S3150801DCE030BD5FEA545C05D14000494128BF41F087
S3150801DCF0004130BD14F580043CBF01F5801130BDEB
S3150801DD0001F0004545F0FE4141F470014FF0000075
S3150801DD1030BD7FEA645C1ABF194610467FEA655C26
S3150801DD201CBF0B46024650EA013406BF52EA0335C8
S3150801DD3091EA030F41F4002130BD00BF90F0000FB6
S3150801DD4004BF0021704730B54FF4806404F13204F2
S3150801DD504FF000054FF0000150E700BF90F0000FAB
S3150801DD6004BF0021704730B54FF4806404F13204D2
S3150801DD7010F0004548BF40424FF000013EE700BFA2
S3150801DD8042004FEAE2014FEA31014FEA02701FBF32
S3150801DD9012F07F4393F07F4F81F06051704732F064
S3150801DDA07F4208BF704793F07F4F04BF41F40021BB
S3150801DDB0704730B54FF4607401F0004521F0004119
S3150801DDC01CE700BF50EA010208BF704730B54FF0A3
S3150801DDD000050AE050EA010208BF704730B511F0A4
S3150801DDE0004502D5404261EB41014FF4806404F1DC
S3150801DDF032045FEA915C3FF4D8AE4FF003025FEA62
S3150801DE00DC0C18BF03325FEADC0C18BF033202EBE5
S3150801DE10DC02C2F1200300FA03FC20FA02F001FA3F
S3150801DE2003FE40EA0E0021FA02F11444BDE600BFE2
S3150801DE3053B94AB9002908BF00281CBF4FF0FF3162
S3150801DE404FF0FF3000F082B9ADF1080C6DE904CE50
S3150801DE5000F006F8DDF804E0DDE9022304B07047B6
S3150801DE602DE9F04F099D0C46002B4DD18A420F46EC
S3150801DE7084469646B2FA82F360D94BB102FA03FE9A
S3150801DE80C3F120029F4000FA03FC20FA02F217436D
S3150801DE904FEA1E461FFA8EF44FEA1C42B7FBF6F10B
S3150801DEA006FB117701FB04F042EA0742904208D9C2
S3150801DEB01EEB020201F1FF3702D2904200F23181D4
S3150801DEC03946121A1FFA8CFCB2FBF6F006FB102231
S3150801DED000FB04F44CEA024C644508D91EEB0C0C11
S3150801DEE000F1FF3202D2644500F21E81104640EA73
S3150801DEF00140ACEB040C002125B12CFA03F30022F6
S3150801DF00C5E90032BDE8F08F8B4205D90DB1C5E9E7
S3150801DF10000100210846F5E7B3FA83F100294DD13E
S3150801DF20A342C0F0F380904280F0F0800646234673
S3150801DF300846002DE6D0C5E90063E3E7002B40F06B
S3150801DF40A3808A1A4FEA1E471FFA8EF60121B2FBF1
S3150801DF50F7F407FB14204FEA1C4242EA004206FB8B
S3150801DF6004F090420FD91EEB020204F1FF382CBFD0
S3150801DF704FF001094FF00009904203D9B9F1000F9A
S3150801DF8000F0CC804446121A1FFA8CFCB2FBF7F05B
S3150801DF9007FB102200FB06F64CEA024C664508D937
S3150801DFA01EEB0C0C00F1FF3202D2664500F2B3807B
S3150801DFB01046ACEB060C40EA04409DE7C1F1200689
S3150801DFC08B4004FA01FE22FA06F720FA06FCF44011
S3150801DFD08A401F434EEA0C0300FA01FE4FEA17482E
S3150801DFE04FEA13491FFA87FCB4FBF8F008FB104403
S3150801DFF049EA044400FB0CF9A1450ED93C1900F184
S3150801E000FF3A2CBF4FF0010B4FF0000BA14503D986
S3150801E010BBF1000F00F08B805046A4EB09041FFAF0
S3150801E02083F9B4FBF8F308FB134403FB0CFC49EA38
S3150801E0300444A44506D93C1903F1FF3801D2A44585
S3150801E0407BD8434643EA0040A4EB0C04A0FB0298A4
S3150801E0504445CC46434602D306D1CE4504D20138BF
S3150801E060B9EB020C68EB0703002D6CD0BEEB0C0272
S3150801E07064EB030422FA01F304FA06F6CC40002104
S3150801E0801E43C5E900643DE702FA03FEC3F1200118
S3150801E09004FA03F200FA03FCCC404FEA1E4720FAC1
S3150801E0A001F11FFA8EF6B4FBF7F00A4307FB104499
S3150801E0B0110C41EA044100FB06F48C420ED91EEB11
S3150801E0C0010100F1FF382CBF4FF001094FF000099B
S3150801E0D08C4202D9B9F1000F2CD04046091B92B2E5
S3150801E0E0B1FBF7F407FB141142EA014204FB06F1FE
S3150801E0F0914207D91EEB020204F1FF3801D291427F
S3150801E1001ED84446521A44EA004120E7861A64EBAF
S3150801E110030301200DE7F44402384AE7023C72443E
S3150801E12031E702397244CCE6F4440238DFE60238B4
S3150801E1303C4472E702387144D0E7023B3C4481E72C
S3150801E140023C7244DEE72946DCE600BF704700BFA1
S3150801E15008B5064B044613B10021AFF30080044B02
S3150801E1601B6803B1984720461DF010FE0000000009
S3150801E170481C00202DE9F04F8DB00C4616461F4667
S3150801E180DDF85880054600F0EBFC03681846049351
S3150801E1901FF0A1FE002305900A93D8F8003094F8E1
S3150801E1A018A00733D4F800B023F0070303F10802D7
S3150801E1B0C8F800204FF0FF32D3E9008929F000435F
S3150801E1C0CDF8188007939C4BDDE90601C4E912894D
S3150801E1D017F0B8F870BB4FF0FF32974BDDE906012F
S3150801E1E017F092F830BB002200234046494617F043
S3150801E1F081F810B12D2384F84330904A904BBAF137
S3150801E200470F94BF9046984603234FF000092361B0
S3150801E2102BF00403236033460BAA214628460097B0
S3150801E2201FF011FD013040F096804FF0FF300DB020
S3150801E230BDE8F08F42464B464046494617F082F8FC
S3150801E24040B14B467F4A002BBCBF2D2384F843308F
S3150801E2507D4BD4E763685A1C26D1062363604BF4C9
S3150801E260806200232846226003930AABCDE901A305
S3150801E27009AB49EC108B00930DF1230361681FF07C
S3150801E28041FCBAF1670F8046099915D1CB1C3BDBD6
S3150801E2906368994238DC0A9B994255DB23682161F8
S3150801E2A0D80745D54B1C42E00AF0DF02472AD6D1EA
S3150801E2B0002BD4D10123D1E7BAF1470F07D1C81CE6
S3150801E2C025DB63688B4222DB4FF0670AE3E7BAF185
S3150801E2D0650F1FD80139524604F1500009911FF004
S3150801E2E079FC0A9A81461318012A236102DC2268FD
S3150801E2F0D20701D5013323619DF82330002B8AD03B
S3150801E3002D2384F8433086E74FF0650AE2E74FF09C
S3150801E310450ADFE7BAF1660FBDD1002963680BDD4F
S3150801E320216113B92268D00702D501330B44236151
S3150801E3304FF00009A165DFE713B92268D20701D5B5
S3150801E3400233F4E70123F2E70029D4BFC1F102023F
S3150801E35001221344EBE723685A0507D42369424689
S3150801E36031462846B84701302BD15EE7BAF1650F29
S3150801E37040F2DD8000220023D4E9120116F0B0FF35
S3150801E380002833D00123314A31462846B84701309F
S3150801E3903FF44BAFDDE90938434502DB2368D8076B
S3150801E3A00FD531462846DDE90423B84701303FF445
S3150801E3B03CAF4FF0000908F1FF3804F11A0AC845C5
S3150801E3C009DC23689B0700F10381E0680B9B9842EF
S3150801E3D0B8BF18462BE70123524631462846B847A7
S3150801E3E001303FF422AF09F10109E8E7099B002B47
S3150801E3F039DC0123154A31462846B84701303FF42E
S3150801E40014AFDDE9093959EA030302D12368D907AB
S3150801E410D7D531462846DDE90423B84701303FF40C
S3150801E42004AF4FF0000A04F11A0B099B5B425345EE
S3150801E4300EDC4B4693E700BFFFFFEF7F90DB040836
S3150801E44094DB040898DB04089CDB0408A0DB0408B9
S3150801E45001235A4631462846B84701303FF4E5AE0E
S3150801E4600AF1010AE1E7A36DDDF828A05345A8BF23
S3150801E4705346002B994636DC4FF0000B29EAE97919
S3150801E48004F11A02A36D0693A3EB09035B4531DC7C
S3150801E490099B9A453ADC2368DA0737D4099BAAEB24
S3150801E4A00309069BAAEB03039945A8BF9946B9F147
S3150801E4B0000F33DC4FF0000829EAE97904F11A0B59
S3150801E4C0099BAAEB0303A3EB090343457FF779AF3E
S3150801E4D001235A4631462846B84701303FF4A5AECE
S3150801E4E008F10108ECE7424631462846B8470130AB
S3150801E4F0C2D19AE60123314628460692B847013029
S3150801E5003FF493AE0BF1010B069ABBE7DDE9042351
S3150801E51031462846B8470130C0D186E6069A4B46A9
S3150801E520314628464244B8470130C3D17DE6DDF875
S3150801E53028A0BAF1010F01DCDB0736D501234246D3
S3150801E54031462846B84701303FF46FAE3146284672
S3150801E550DDE90423B84701303FF467AE0022002302
S3150801E5600AF1FF3AD4E9120116F0BAFEC0B95346C8
S3150801E57008F1010231462846B84701300CD154E664
S3150801E58001235A4631462846B84701303FF44DAE75
S3150801E59008F10108D045F3DB4B4604F15002DFE6EA
S3150801E5A04FF0000804F11A0BF4E701234246E1E7AC
S3150801E5B001234A4631462846B84701303FF435AE6D
S3150801E5C008F10108E3680B995B1A4345F0DCFCE6A0
S3150801E5D04FF0000804F11909F4E700BF2DE9FF47D8
S3150801E5E00F7E914680460C46782F9A460C9E01F17D
S3150801E5F0430207D8622F0AD8002F00F0DD80582F72
S3150801E60000F0C38004F1420684F842703AE0A7F1AB
S3150801E6106303152BF6D801A151F823F075E6010815
S3150801E62089E6010805E6010805E6010805E6010887
S3150801E63005E6010889E6010805E6010805E6010877
S3150801E64005E6010805E601089FE7010817E701083D
S3150801E65057E7010805E6010805E60108C1E70108CB
S3150801E66005E6010817E7010805E6010805E60108B8
S3150801E6705FE7010833681A1D1B68326004F1420618
S3150801E68084F842300123A8E031682368081D306008
S3150801E6901E0601D50D6803E05D06FBD5B1F90050EC
S3150801E6A0002D616878DA2D200029A16084F84300DD
S3150801E6B02DDA6D425D480A231646B5FBF3F103FBD5
S3150801E6C01157C75D06F8017D2F460D46BB42F4D9A1
S3150801E6D0082B0BD12368DF0708D52369616899429E
S3150801E6E0DEBF302306F8013C06F1FF36921B226194
S3150801E6F04B4603AA21464046CDF800A01FF0A3FACF
S3150801E70001306FD14FF0FF3004B0BDE8F08723F038
S3150801E71004032360CDE721683368080653F8045BD0
S3150801E72002D4490648BFADB26F2F33603F4814BFC4
S3150801E7300A230823002184F843106668002EA66080
S3150801E740BADB216821F004012160002DB4D1002E25
S3150801E750B2D11646BCE7236843F020032360782725
S3150801E7603348236884F845701F06316851F8045BFD
S3150801E77002D45F0648BFADB23160D90744BF43F042
S3150801E780200323601DB11023D4E72848E9E723684D
S3150801E79023F020032360F6E724480A23CDE73368EC
S3150801E7A02568181D616930602E061B6801D5196038
S3150801E7B002E06806FBD5198000231646236197E710
S3150801E7C0336800211A1D32601E68626830461FF0E0
S3150801E7D067FB08B1801B606063682361002384F8C6
S3150801E7E0433085E72369324649464046D0470130DA
S3150801E7F088D023689B0714D4E068039B9842B8BF66
S3150801E800184681E70123324649464046D04701303A
S3150801E8103FF478AF0135E36803995B1AAB42F1DC43
S3150801E820EAE7002504F11906F5E700BFA2DB0408AB
S3150801E830B3DB0408002310B50446836081811946B9
S3150801E8404366C28108228361C0E90033C0E9043303
S3150801E8505C301FF0F5FA0D4B246263620C4BA36220
S3150801E8600C4BE3620C4B23630C4B9C4206D003F121
S3150801E8706802944202D0D0339C4205D104F1580073
S3150801E880BDE810401FF0F7BA10BD00BF67DD0308E9
S3150801E89089DD0308C1DD0308E5DD0308101B002037
S3150801E8A0024A034903481FF040BA00BFE836002070
S3150801E8B0E3E20308F836002041680C4B994210B58B
S3150801E8C0044601D01FF00DFDA168094B994202D0FB
S3150801E8D020461FF006FDE168064B994204D0204602
S3150801E8E0BDE810401FF0FDBC10BD00BF101B002085
S3150801E8F0781B0020E01B002010B50B4B04210B4CA4
S3150801E9000B4A20461A600022FFF794FF04F16800BB
S3150801E91001220921FFF78EFF04F1D00002221221FC
S3150801E920BDE81040FFF786BF481C0020101B0020D9
S3150801E930A1E8010801481FF09FBA00BF5233002021
S3150801E94001481FF09ABA00BF5233002010B5044699
S3150801E950FFF7F0FF236A1BB1BDE81040FFF7F0BFD0
S3150801E960044B2362044B1B68002BF5D1FFF7C4FF48
S3150801E970F2E700BFB9E80108481C00202DE9F74372
S3150801E9801D46574B04460E461F68904627B13B6AFB
S3150801E99013B93846FFF7DAFFB8F1020F06D0B8F116
S3150801E9A0010F00F29980002DC0F29680636ED90797
S3150801E9B005D4A3899A0502D4A06D1FF05DFA2146F4
S3150801E9C038461FF08EFC616B41B104F1440399424C
S3150801E9D002D038461DF0CDFF002363630023A361EF
S3150801E9E06360A3891B0603D5216938461DF0C1FF5B
S3150801E9F0A389B8F1020F23F44A6323F00303A38121
S3150801EA0060D001AB6A46214638461FF092FCA389BD
S3150801EA101843A0812DBB009D284600F00FF9064634
S3150801EA20002851D1DDF80090A9453FD14FF0FF35B7
S3150801EA30B4F90C3043F00202A2810022A26004F16B
S3150801EA4047022260226101226261626ED60704D4FE
S3150801EA50980502D4A06D1FF010FA284603B0BDE848
S3150801EA60F083002ED8D03B6A13B93846FFF76EFFFC
S3150801EA70B8F1010F266002BFA38943F00103A38100
S3150801EA80B4F90C3013F00802C4E904651ED0D9079D
S3150801EA9045BF00226D42A560A26048BFA561626EAE
S3150801EAA0D20701D49B0513D50025D6E7484600F0C1
S3150801EAB0C5F806460028B9D0A3894D4643F0800318
S3150801EAC0A381D0E70025B3E7A946F5E7A260E6E703
S3150801EAD0A06D1FF0D2F9E7E74FF0FF35BDE700BF9C
S3150801EAE0F43600200CB4184B30B50C1E9DB01D68C9
S3150801EAF008DA8B234FF0FF302B601DB0BDE830409C
S3150801EB0002B070474FF402730290069002A9ADF85D
S3150801EB10143014BF04F1FF332346209A2846049380
S3150801EB2007934FF6FF73ADF8163021AB019300F04A
S3150801EB30ADFB431CBCBF8B232B60002CDDD0029B95
S3150801EB4000221A70D9E700BFF43600200B460349A4
S3150801EB5002460868816800F095BC00BFF4360020BB
S3150801EB60004870473438002038B50023054D04465F
S3150801EB7008462B601DF008F9431C02D12B6803B126
S3150801EB80236038BD4C1C002038B50446064D08469E
S3150801EB90114600222A601A461DF005F9431C02D1C6
S3150801EBA02B6803B1236038BD4C1C002038B50446D8
S3150801EBB0064D0846114600222A601A461DF0F5F848
S3150801EBC0431C02D12B6803B1236038BD4C1C0020BD
S3150801EBD038B50446064D0846114600222A601A46EB
S3150801EBE01DF0F1F8431C02D12B6803B1236038BD2F
S3150801EBF04C1C002070B50D4D00260D4C641BA4104D
S3150801EC00A64209D10B4D00260B4C2BF059FF641B6C
S3150801EC10A410A64205D170BD55F8043B01369847A4
S3150801EC20EEE755F8043B01369847F2E7743A0020B7
S3150801EC30743A0020743A0020783A0020024B0146C3
S3150801EC4018681DF093BE00BFF436002070B5C6697A
S3150801EC5004460D4676B91020FFF7F0FF0246E0613B
S3150801EC6020B9184B6B21184800F09CFDC0E90166D4
S3150801EC700660C660E669F36883B1E369DB6853F841
S3150801EC802500B8B90121204601FA05F6721D920040
S3150801EC901DF072FE60B1C0E901560EE02122042181
S3150801ECA020461DF069FEE369F060DB68002BE4D1BC
S3150801ECB0002070BD026843F825200023C0E903330C
S3150801ECC0F7E700BFD1DB040852DC040870B5C66952
S3150801ECD005460C4676B91020FFF7B0FF0246E861F3
S3150801ECE020B9094B8F21094800F05CFDC0E901668E
S3150801ECF00660C6603CB1EB696268DB6853F82210AE
S3150801ED00216043F8224070BDD1DB040852DC0408B7
S3150801ED102DE9F04101F1140C07460C461E460D6912
S3150801ED200020DCF80030013099B2854202FB01610E
S3150801ED304FEA13464FEA114389B202FB063301EB48
S3150801ED4003414FEA13464CF8041BEADC0EB3A368E9
S3150801ED50AB4219DC616838460131FFF777FF804617
S3150801ED6028B902460C4BBA210C4800F01BFD226952
S3150801ED7004F10C010C30023292001FF09FF8214673
S3150801ED8044463846FFF7A2FF04EB850301355E6169
S3150801ED9025612046BDE8F08141DC040852DC0408FF
S3150801EDA010B50C460121FFF751FF024628B9054B5C
S3150801EDB040F24511044800F0F5FC01234461036162
S3150801EDC010BD00BF41DC040852DC04082DE9F04FF0
S3150801EDD014460A690F4685B023699A42A2BF23469B
S3150801EDE00C461F46D4F810A0A368D7F8109061689E
S3150801EDF00AEB0906B342B8BF0131FFF727FF30B95D
S3150801EE000246454B4FF4B171444800F0CBFC00F182
S3150801EE101405002205EB86082B46434521D307F145
S3150801EE20140104F1140204F1150702EB8A0201EB3D
S3150801EE3089030293131B153B23F003030433BA42D8
S3150801EE4038BF04230193029B03918B420CD8002EF1
S3150801EE5003DD58F8043D002B5BD0066105B0BDE81B
S3150801EE60F08F43F8042BD8E7B1F800A0BAF1000FE8
S3150801EE7024D004F1140EA9464FF0000C5EF8047B69
S3150801EE80D9F800301FFA87FB72459BB20AFB0B3390
S3150801EE904FEA174BD9F8007063444FEA174C0AFB3F
S3150801EEA00BC707EB13479BB24FEA174C43EA0743D5
S3150801EEB049F8043BE2D8019B45F803C0039B04319A
S3150801EEC0B3F80290B9F1000F21D02B6804F1140CA4
S3150801EED0AE464FF0000ABCF800B09BB2BEF802700D
S3150801EEE009FB0B77574443EA07434EF8043B5CF8A2
S3150801EEF0043B4FEA134ABEF80030624509FB0A3360
S3150801EF0003EB17434FEA134AE5D8019FEB51043542
S3150801EF1099E7013E9BE700BF41DC040852DC04087F
S3150801EF202DE9F843154612F0030207460E4607D0A7
S3150801EF30013A254C002354F82220FFF7E9FE06463C
S3150801EF40AD103DD0FC697CB91020FFF777FE02466B
S3150801EF50F86128B91D4B40F2B3111D4800F022FC97
S3150801EF60C0E901440460C460D7F81C80D8F8084099
S3150801EF704CB940F271213846FFF712FF00230446C7
S3150801EF80C8F8080003604FF00009EB070AD53146B7
S3150801EF9022463846FFF71AFF804631463846464626
S3150801EFA0FFF794FE6D100BD0206838B9224621462A
S3150801EFB03846FFF70BFF2060C0F800900446E4E7E7
S3150801EFC03046BDE8F88300BFACDC0408D1DB040891
S3150801EFD052DC04082DE9F0470C46074691464FEAEC
S3150801EFE0621A2369496803EB6218A36808F10106E6
S3150801EFF0B3420BDB3846FFF729FE054648B90246F8
S3150801F000284B4FF4EF71284800F0CCFB01315B0027
S3150801F010EEE7002300F1140100F1100218465345EA
S3150801F02033DB2AEAEA7A04F11403206919F01F0985
S3150801F03001EB8A0103EB800C2BD0C9F1200E8A461D
S3150801F0400022186800FA09F010434AF8040B53F82D
S3150801F050042B9C4522FA0EF2F3D8ACEB040304F117
S3150801F0601500153B23F003030433844538BF0423F5
S3150801F070CA500AB108F10206013E384621462E61F8
S3150801F080FFF724FE2846BDE8F087013342F8040F4E
S3150801F090C5E7043953F8042B9C4541F8042FF9D8E0
S3150801F0A0EAE700BF41DC040852DC04082DE9F74F02
S3150801F0B0894606461146144648461EF0F0FF051EC7
S3150801F0C012D129463046FFF7C1FD024628B9414B00
S3150801F0D040F23721404800F065FB0123C0E90435B9
S3150801F0E0104603B0BDE8F08FBCBF4B46A14630467B
S3150801F0F0B8BF0125D9F80410B4BF1C460025FFF78F
S3150801F100A5FD024618B9334B40F24521E2E7D9F885
S3150801F110107004F1140E266900F1140BC56009F18B
S3150801F120140509F110030EEB860605EB8708D94687
S3150801F1304FF0000C0193019B5EF8040B53F804AFE2
S3150801F140764501931FFA8AF3194683B24FEA1040AE
S3150801F150A1EB0303C0EB1A40634400EB23409BB2C7
S3150801F1604FEA204C43EA004349F8043BE3D8331BF2
S3150801F1701534153B23F003030433A64238BF042391
S3150801F1801D445B442C461E4644450ED308F1030133
S3150801F190491B033D21F00301A84538BF00210B4453
S3150801F1A053F8041D99B117619AE754F8041BE6460A
S3150801F1B01FFA81FC080C7144F44489B200EB2C4017
S3150801F1C041EA00414FEA204C46F8041BDCE7013FBF
S3150801F1D0E6E700BF41DC040852DC04082DE9F743E1
S3150801F1E00F460121164659EC108BFFF72FFD0446F1
S3150801F1F030B90246234B40F20F31234800F0D2FAC8
S3150801F200C9F30A55C9F313030DB143F480130193E6
S3150801F210B8F1000323D0684600931EF013FFDDE919
S3150801F2200012D0B1C0F1200302FA03F3C2400B4326
S3150801F23001926361019B002BA3610CBF012202228B
S3150801F2402261A5B1A5F233450544C0F135003D60FB
S3150801F2503060204603B0BDE8F0836161EAE701A8A2
S3150801F2601EF0F0FE019B203001226361E8E7A0F25F
S3150801F270324004EB8203386018691EF0C1FEC0EB08
S3150801F2804210E5E741DC040852DC04082DE9F04F99
S3150801F29098468B899DB007461B060D46144610D520
S3150801F2A00B6973B940211DF061FB2860286130B9EB
S3150801F2B00C233B604FF0FF301DB0BDE8F08F4023B3
S3150801F2C06B610023CDF80C804FF00109DFF8A081AE
S3150801F2D0099320238DF8293030238DF82A302346C7
S3150801F2E09A4613F8012B0AB1252AF9D1BAEB040B70
S3150801F2F00BD05B462246294638461EF0EBFE013006
S3150801F30000F0A780099A5A4409929AF80030002B0E
S3150801F31000F09F8000234FF0FF320AF1010A04939F
S3150801F32007938DF853301A93CDE9052354460522E0
S3150801F3304F4814F8011B1EF0B3FD049AD8B9D0063C
S3150801F34044BF20238DF85330110744BF2B238DF872
S3150801F35053309AF800302A2B15D0079A54460020C4
S3150801F3604FF00A0C214611F8013B303B092B4BD9CA
S3150801F370B0B1079214E0A0EB0803A24609FA03F319
S3150801F38013430493D2E7039B191D1B68002B0391B2
S3150801F390BBBF5B4242F0020207930793B8BF0492D0
S3150801F3A023782E2B0AD163782A2B32D1039B023478
S3150801F3B01A1D1B6843EAE37303920593DFF8C0A09D
S3150801F3C00322217850461EF06BFD38B1A0EB0A00E6
S3150801F3D04022049B013482401343049314F8011B11
S3150801F3E0062224488DF828101EF05AFD002836D02A
S3150801F3F0214B1BBB039B073323F0070308330393F6
S3150801F400099B334409936AE70CFB02320C46012037
S3150801F410A8E7002301344FF00A0C19460593204644
S3150801F42010F8012B303A092A03D9002BC6D00591C9
S3150801F430C4E70CFB012104460123F0E703AB2A4686
S3150801F44004A9384600930D4BFEF794FE421C064666
S3150801F450D6D1AB895B063FF52DAF09982CE703ABEF
S3150801F4602A4604A938460093044BFFF7B7F8EDE797
S3150801F470A8DD0408B2DD040875E10108D5E0030832
S3150801F480AEDD04082DE9F04F0D469DB014469846A9
S3150801F490064618B1036A0BB9FFF758FA6B6ED90716
S3150801F4A005D4AB899A0502D4A86D1EF0E5FCAB8993
S3150801F4B01B0701D52B699BB92946304600F0FAF896
S3150801F4C070B16B6EDC0704D54FF0FF301DB0BDE897
S3150801F4D0F08FAB899805F7D4A86D1EF0CEFCF3E73B
S3150801F4E00023CDF80C804FF00109DFF8B4810993A8
S3150801F4F020238DF8293030238DF82A3023469A4661
S3150801F50013F8012B0AB1252AF9D1BAEB040B0BD052
S3150801F5105B462246294630461EF04EFE013000F073
S3150801F520A780099A5A4409929AF80030002B00F0EC
S3150801F5309F8000234FF0FF320AF1010A04930793D3
S3150801F5408DF853301A93CDE90523544605225448BC
S3150801F55014F8011B1EF0A4FC049AD8B9D10644BFBD
S3150801F56020238DF85330130744BF2B238DF85330CE
S3150801F5709AF800302A2B15D0079A544600204FF0E6
S3150801F5800A0C214611F8013B303B092B4BD9B0B186
S3150801F590079214E0A0EB0803A24609FA03F3134302
S3150801F5A00493D2E7039B191D1B68002B0391BBBF6C
S3150801F5B05B4242F0020207930793B8BF049223788D
S3150801F5C02E2B0AD163782A2B32D1039B02341A1DBA
S3150801F5D01B6843EAE37303920593DFF8D4A0032279
S3150801F5E0217850461EF05CFC38B1A0EB0A00402297
S3150801F5F0049B013482401343049314F8011B062229
S3150801F60028488DF828101EF04BFC00283FD0264BC1
S3150801F6101BBB039B073323F0070308330393099B9B
S3150801F6203B4409936AE70CFB02320C460120A8E722
S3150801F630002301344FF00A0C19460593204610F8A9
S3150801F640012B303A092A03D9002BC6D00591C4E704
S3150801F6500CFB012104460123F0E703AB2A4604A962
S3150801F66030460093114BFEF785FD0746781CD6D127
S3150801F6706B6ED90705D4AB899A0502D4A86D1EF01D
S3150801F680FCFBAB895B063FF51FAF09981EE703AB89
S3150801F6902A4604A930460093044BFEF79FFFE4E788
S3150801F6A0A8DD0408B2DD040875E10108B9E103081B
S3150801F6B0AEDD040838B5294B05460C46186818B15D
S3150801F6C0036A0BB9FFF742F9B4F90C30190722D4CA
S3150801F6D0DA0607D409222A6043F040034FF0FF30C7
S3150801F6E0A38133E0580712D5616B41B104F1440394
S3150801F6F0994202D028461DF03CF900236363A38989
S3150801F70023F02403A3810023636023692360A3896B
S3150801F71043F00803A38123694BB9A38903F4207332
S3150801F720B3F5007F03D0214628461EF027FEB4F91B
S3150801F7300C3013F001020AD00022A260626952421B
S3150801F740A261226942B913F08000C5D138BD990773
S3150801F75058BF6269A260F4E70020F7E7F436002093
S3150801F76038B50023064D0446084611462B601CF0A1
S3150801F7700EFB431C02D12B6803B1236038BD00BFC1
S3150801F7804C1C002038B50023054D044608462B605D
S3150801F7901CF004FB431C02D12B6803B1236038BD5E
S3150801F7A04C1C00201FB514461A46094B05461B6812
S3150801F7B0D86854B9074B1C4600910749CDE901346D
S3150801F7C02B4600F00DF81EF072FE044BF4E700BF5D
S3150801F7D0F43600200EDE0408D0DD0408C3DD040873
S3150801F7E00EB403B503AB0146054853F8042B00686C
S3150801F7F00193FFF747FE02B05DF804EB03B07047CB
S3150801F800F4360020024B014618681EF057BE00BFA9
S3150801F810F436002038B50023064D0446084611463D
S3150801F8202B601CF0BDFA431C02D12B6803B123607F
S3150801F83038BD00BF4C1C0020014B1870704700BF33
S3150801F8406A3A0020F7B505466B461646174A0C462E
S3150801F8501068516803C395F8583008336B4413F898
S3150801F860087CB5F85030DA0609D4334622463946BB
S3150801F87028461EF0ADFE00F5FA7003B0F0BD20462D
S3150801F88027F0A2FBB5F8503000F10A049B074FEAAE
S3150801F890C40405D0304627F097FB04F50C740444DC
S3150801F8A0E823781E584304FB0700E4E7FFDD040854
S3150801F8B09022174B10B51C68002102FB0044204614
S3150801F8C01EF0BEFA134B04F108001B680021DB7811
S3150801F8D0637520F00DFA4FF00823E3641323A4F8A7
S3150801F8E05030236A0C4A43F0130323624FF6077319
S3150801F8F0A4F85830FF2384F85A30084B2046C4E947
S3150801F9001B32C4E91F32BDE810401EF08EBE00BF8F
S3150801F910501C0020381F002055555500D6BE898E2B
S3150801F920F0B5104B02461E6893F804C035464FF0F1
S3150801F930FF3400239C4508DC91B1631C10D0902349
S3150801F94003FB046080F85920F0BD95F859702846E4
S3150801F9509742F9D0FF2F08BF1C4690350133E9E7D6
S3150801F9600020F1E7501C002070B50446234D0028FD
S3150801F97042D0083001F07CFD0026FF2304F128005F
S3150801F98084F85930A66127F0ABFA04F12C0027F068
S3150801F990A7FA04F1300027F0A3FA04F1340027F09E
S3150801F9A09FFA04F1400027F09BFA2868144B201AA5
S3150801F9B000115843C0B21EF0C4FD014630461EF080
S3150801F9C0B7FDE06B10B101F011F8E663606C18B190
S3150801F9D01EF0C6FD00236364A06C1EF002FE002320
S3150801F9E0A36470BD286806FB0400FFF7BDFF013458
S3150801F9F02B79A342F6DCF4E79026F9E7501C0020A0
S3150801FA00398EE338F7B5044622F017FFC0F30F2302
S3150801FA10542B3ED9AA2B34BF01230223C0B27E2818
S3150801FA208CBF0222012203218DF804301344B3FB53
S3150801FA30F1F000EB40001B1A8DF805301344B3FBB7
S3150801FA40F1F202EB42029B1A8DF8063000231846A2
S3150801FA501D461A46104901AF4B7517F8016B44FA52
S3150801FA6006FC1CF0010F06D053009E4001233043CB
S3150801FA700132C0B2D2B20135EDB2032DEDD103B1D7
S3150801FA8048754B7D43EA82134B75FF230B7503B00B
S3150801FA90F0BD0023C2E700BF501C0020064B1B68BF
S3150801FAA0D97ADA78437D5B1A9342A8BFDAB2002184
S3150801FAB042751EF0F9BD00BF381F0020027D0346BE
S3150801FAC022F00802027511B1012910D07047094ABE
S3150801FAD0407D1168CA7A897802448A42D8BFD1B270
S3150801FAE09A6959752AB1012118461EF0DDBDFFF73D
S3150801FAF0D5BF7047381F00202DE9F0410025354E46
S3150801FB008AB03379AB4203DC01200AB0BDE8F08143
S3150801FB109023346803FB054494F85930FF2B0DD024
S3150801FB20236A980106D504F14008404627F03CFAB5
S3150801FB30074628B9226A12F0A06F1ED10135E0E7FF
S3150801FB40BB7908A90C333B44D8689A7A1B8AC2F355
S3150801FB508012ADF8243000238DF81F2008901A462C
S3150801FB600DF11F001EF043FD38469DF81F2094F83D
S3150801FB70591008AB20F012FAD7E7B4F850301D2B0C
S3150801FB8018D13C23FF210020CDE90431CDE902003B
S3150801FB900121CDE9000004F16203C2F3802220F0BD
S3150801FBA0A4FD0028B1D04FF0A06104F120001EF099
S3150801FBB0E3FCC3E712F0807F08BF3C214FF0000247
S3150801FBC018BF432194F8573094F8590020F03DFBAB
S3150801FBD0E7E700BF501C00202DE9F0411F46836965
S3150801FBE004460D4616468BB169B92AF08DFC0646C0
S3150801FBF02946A06C1EF0EEFC204629461EF03CFD67
S3150801FC0030462AF07CFC0020BDE8F0810029FAD0B4
S3150801FC10036A03F01203022B00F0BD80236ADD0795
S3150801FC2000F1C18094F85930FE2B0CD104F15B0028
S3150801FC3022F099FD22F090FD28B14FF4001104F14C
S3150801FC4020001EF091FC256A624B2B40B3F5807F9C
S3150801FC5000F0BC80A80531D5C5F3802504F16208FA
S3150801FC600022414628461EF0CAFC002184F85A00A3
S3150801FC701EF0D8FC4146002228461EF0C5FCB4F801
S3150801FC80501020B194F95A00002880F298804FF458
S3150801FC90007104F120001EF06FFCB4F8502002F048
S3150801FCA00302012A0AD1414628461EF0ADFC28B1B5
S3150801FCB04FF4006104F120001EF056FC236AD906B0
S3150801FCC000F18280D4E90A122046FFF7BBFD012F15
S3150801FCD011D040F27123B4F84C205A4390420AD904
S3150801FCE0B4F84E205A43904272D800F51C70B0FB06
S3150801FCF0F3F0A4F84C00384BA361002384F857307D
S3150801FD00236A84F8567013F0100F0CBF4FF48C77E2
S3150801FD108C27E16823F480322262216107F2631796
S3150801FD2056B140F27121B4F84E3042F48032C3EB39
S3150801FD3006134B4322626362236A43F40023236258
S3150801FD40264B1B68DB7863752AF0DEFB237D0546A7
S3150801FD5043F0080304F10800394623751FF0C8FF6C
S3150801FD60012005F099FF28B9237D5A075CBF43F0A6
S3150801FD700203237526B122F0A2FD636A0344636276
S3150801FD80204622F0DDFB28462AF0B9FB0121A06CAA
S3150801FD901EF020FC37E7C06A27F016F900287FF421
S3150801FDA03DAF0C2030E7E36B002B7FF43BAF00F04F
S3150801FDB0CBFDE06300287FF435AF092024E701F085
S3150801FDC001011EF02FFC68E7054B95E712201BE79A
S3150801FDD0452019E700012000A1E50308381F002086
S3150801FDE0DDFE010870B500249026094D2B79A34242
S3150801FDF000DC70BD286806FB040090F85930FF2B1B
S3150801FE0004D000231A461946FFF7E6FE0134EDE74A
S3150801FE10501C00202DE9F04304468F798BB00C372E
S3150801FE200DF10409CD1901220E460DF103004946CB
S3150801FE301EF0F2FBE36B804603930023E363236A18
S3150801FE40E879C3F300138DF825302989F75922F08B
S3150801FE50D9FD214B07441B6805975B7905F1180203
S3150801FE606375012306928DF8103005F10C03B8F17C
S3150801FE70000F26D09DF80330CDF81C908DF8203060
S3150801FE809DF8252094F859308DF821300123EAB9D7
S3150801FE908DF8223094F884308DF823306B7903A8D5
S3150801FEA08DF8243000F05CFE22F09FFB01212046EC
S3150801FEB01EF0E2FB304615F0E7FD01200BB0BDE868
S3150801FEC0F0830793AB7AC3F38013D7E7AA7AC2F311
S3150801FED040128DF82220DFE7381F0020022810B5CE
S3150801FEE00C4621D0032827D001282AD108461EF01E
S3150801FEF0F8FD40F27121B4F84C30B4F84E2094F86C
S3150801FF005800D21AE36803F59C53083301FB023300
S3150801FF102361FFF777FD0B4B20469968A36ABDE875
S3150801FF2010400B6006F016BA05F0E6FF844208D1C8
S3150801FF30BDE8104022F059BB0846BDE81040FFF75E
S3150801FF40ADBD10BD501C002038B50A4D0020FFF785
S3150801FF500BFDAB6813B100221A60DA8020F0A0F815
S3150801FF6000242B79A34200DC38BD2046FFF7A0FC0C
S3150801FF700134F6E7501C002070B52A4C0546A068E6
S3150801FF8018B115F081FD0023A360FFF7DDFF0020FE
S3150801FF901EF0DBFA55B9032025712560E58215F0B7
S3150801FFA0E3FC20791EF0D1FA28B970BD022027F0AA
S3150801FFB032F9A06048B90025A0682571256060BBA3
S3150801FFC000201EF0C2FA0720EFE70026032025715C
S3150801FFD02660E68215F0C8FCB542E2DD05EBC501EF
S3150801FFE0090133460122032089B215F079FC064638
S3150801FFF00028E0D1032015F0D9FC20600028DAD0CA
S31508020000902231466A431DF01BFF2379B342C8DDAD
S315080200103046FFF74DFC0136F7E715F035FDA560CA
S31508020020CEE700BF501C002006222DE9F341354BCE
S3150802003006469C688846A5790C35635D671903F000
S315080200404F036355B0F850307A70103B0D2B31D8F8
S31508020050DFE803F055305107300C3030303030309D
S31508020060300C635D6FF30303635523E00123625D7E
S31508020070006A63F3030262550C2210F4006F7A7069
S3150802008006F1620107F108020CD001924FF0FF3225
S31508020090C0F3802000921A461EF0B4FA635D43F05C
S315080200A08003E1E7D6F86230BB608B889380336AB7
S315080200B05B05F3D4B6F85020635D304662F3451308
S315080200C06355B91C1EF063FE635D60F386136355C0
S315080200D0A3797A7802331344E371B6F8503003F001
S315080200E01403142B04D0B8F1000FC4BF42447A702B
S315080200F002B0BDE8F081635D62F30303B4E702224E
S31508020100635DF9E7501C00202DE9F0438B7906461A
S315080201100C33CC18237985B0DA0737D5E77A252F39
S3150802012034D8484B9A6893790C33D118D35CA27A9F
S31508020130C3F38013B3EBD21F28D1056A0622EB0656
S315080201404CBF0231043104F112001DF04FFEE8B92A
S3150802015094F80A901EF05AFA05F4C04580F0010395
S315080201602A1EC9F3801904F10C08414618BF012258
S315080201704846DBB222F050FC014650B1A37A03F09E
S315080201800F03032B1BD1336A980712D44FF0FF30A3
S3150802019012E01EF043FA0028F8D1A37A03F00F03FF
S315080201A0002DEED0032B85F4C0451CD1A904EDD54C
S315080201B0E9E70C2FEAD1032005B0BDE8F083052B49
S315080201C0E4D1306AC207E1D500F01403142B0FD02C
S315080201D0012202A90DF107001EF01EFA08BBA17A38
S315080201E0C1F3801121E0052BD0D16B04E9D4CDE708
S315080201F006F162052946C0F380201EF0FCF90028A4
S31508020200E6D1A27A336AC2F38012C3F380239A42F2
S31508020210BCD10622294640461DF0E8FD0028B5D184
S31508020220D6E79DF807100DF10808404600F000FCD5
S315080202300028ABD104F118001EF08CFC0028A5D0CA
S315080202400520B9E7501C002003460D4A82B0106803
S31508020250009090889279ADF804008DF8062013B9BB
S31508020260481C02B070476A460220D90748BF11786F
S3150802027002F1010248BF40185B08F6D1F1E700BF58
S3150802028007DE040838B50446D0F8A00010B9D4F839
S31508020290A400D0B194F8305126F053FE81B206314B
S315080202A0284622F0AFFB83B240F271200849B4F81F
S315080202B07820098E424341438A42B8BF0A4603F56B
S315080202C048709042B8BF104638BD0346ECE700BFF7
S315080202D0681C002030B5174B826A1B6812065979CA
S315080202E026D5028F1C79436B1203B2FBF3F2631A0B
S315080202F0B2FBF3F2B0F89C3003B1013BD0F8A05040
S3150802030005B15B101B02B3FBF2F35B180CD090F835
S3150802031095200F2A08D91209B3EB820FB8BF00231A
S315080203204FEA8201A8BF5B1A9C42A8BF1C46E1B2EB
S31508020330417530BD381F00202DE9F0411A4C06469A
S315080203402368A3B92EB100254FF4A478EFB2B742B9
S3150802035011DB0020BDE8F0812068013507FB0300A8
S315080203601EF0DDF8A27EEBB29A42F5D8EAE700253E
S315080203704FF4A477F6E72068013508FB07001EF05C
S31508020380CCF80028E2D000254FF4A47605E02068D0
S3150802039006FB05001EF0C3F80135EBB2BB42F6D3E5
S315080203A041F20700D6E700BF681C0020084B9A7E78
S315080203B082420AD94FF4A4721B6802FB0030836A90
S315080203C013F0100F08BF002070470020704700BFC7
S315080203D0681C0020084A09491368C31AD810002B5A
S315080203E001FB00F005DB937E8342D8BF4FF0FF3056
S315080203F070474FF0FF307047681C0020199C8FC168
S3150802040070B504460E462AF07FF83146054604F1D1
S3150802041030001EF042FD2046FFF7DCFF0121814035
S3150802042005481EF03AFD4FF480700DF05DF8284637
S31508020430BDE870402AF063B8901C0020F3292DE924
S31508020440F84304460D468C4E1ED1738C5BB9A368DD
S3150802045013F4601F6ED0238F626B1B01B3FBF2F39A
S31508020460F32D9FB225D120461EF098FDB4F89C3094
S31508020470002B38D1A26A984612F0800F0CBF3E2292
S31508020480082284F8772030E0736959064BD5836AC7
S315080204901A0748D5336900F14001436020F046FB4C
S315080204A0738C002BD3D0238F626B1B01B3FBF2F341
S315080204B09FB2618FB4F89C209BB25B1A9A423BDCCE
S315080204C0736994F831019B074CBF0021022122F07F
S315080204D05EFB40F2022372699343C4D12046A4F814
S315080204E09C701EF05CFD4FF001082046FFF7F2FEF5
S315080204F0FFF770FF87B238461EF063F88146384622
S315080205001EF05DF830B138461EF04FF80021384625
S315080205101EF054F8F32D04D0A36A190701D5628F89
S315080205208AB9012334E0718C238F626B00298ED03D
S315080205301B01BBE773848EE7B37F002BC9D0032167
S3150802054094F83101C3E713F4C05FEAD1726912F075
S315080205500C0FE6D140F202239343E2D1D4F8A43039
S31508020560002BDED12046FFF735FF80B21EF021F8B8
S315080205700028D6D12046A18F20F06FFC031E69DD24
S31508020580628F0132934265DC012BCAD0013B9BB2D2
S31508020590A4F87C3038461EF00AF8B4F87C301844C1
S315080205A0A4F87C0038461EF001F8236B5A0409D5D4
S315080205B04FF4804104F130001EF077FC00212046FA
S315080205C0FFF71EFFA58FB4F87C302B44A387B8F13A
S315080205D0000F0AD020461EF0A1FC20461DF0A1FFFE
S315080205E02046A18F20F0EDFA804638461DF0E9FF35
S315080205F048450DD0A36A1B070AD43846A5871DF0BD
S31508020600D6FFA38F013080B2A4F87C001844A087D5
S31508020610A38FAB4202D238461DF0CFFFB4F87C2036
S31508020620B4F89C3094F870109B1AA4F89C3094F88D
S315080206306F3002FB01332522B3FBF2F102FB1133C1
S3150802064084F86F30B8F1000F07D02046BDE8F843AA
S315080206501EF04FBD638F013399E72046082120F02B
S31508020660ECFA20460221FFF7CBFE41462046BDE8BA
S31508020670F84321F072BF00BF681C002038B500237A
S315080206800C4D0446AB7720234FF400306B6106F01D
S31508020690C7FE58B105F0AAFCE86220461EF02AFCFD
S315080206A084F8310120461EF08AFD38BD05F0DCFAD1
S315080206B0F2E700BF681C0020022810B50C462CD0B1
S315080206C0032832D001283FD191F8953008466FF3B6
S315080206D0071381F89530FFF7D1FFA36A20461B0757
S315080206E018D505F0EDFF042006F09AFE60B3174A06
S315080206F0D37F4BB392F820300133DBB282F8203035
S3150802070092F824209A421FD8BDE810404FF0806024
S315080207100CF0EABE06F0C0F9E5E705F0EDFB844207
S3150802072012D1BDE8104005F0BFBF91F895302046BA
S31508020730C3F30312013262F3071381F89530BDE859
S315080207401040F321FFF77ABE10BD00BF681C0020D7
S3150802075008B506F0F1FEFB22114B10F0020FDA760D
S3150802076044F290229A830CBF012203224107197E82
S3150802077048BF42F0040262F3030119761A7EC2F3F5
S31508020780030161F307121A7600229A621A61DA776E
S315080207904FF480621A62032283F8242008BD00BF40
S315080207A0681C00202DE9F843574C0546A06818B185
S315080207B015F06AF90023A360EFB238461EF0B7FBBC
S315080207C08046002839D138461EF0BCFB0646A0BB37
S315080207D0FFF7B2FD8146022015F0C6F8002D58D063
S315080207E005EB850105EBC101C9003346012202204A
S315080207F089B215F075F8002846D102204FF4A4797B
S31508020800A77615F0D3F8314609FB05F220601DF0EC
S3150802081017FB2368681EF1B2814209FB01F206F151
S3150802082001062CDB0021284699506360FFF784FDF8
S3150802083050BB38461DF0B5FE90B3002500201EF0C9
S3150802084076FB00201EF07EFB0020FFF775FD0220D6
S3150802085015F08AF82846C4E90055A5761DF0A1FECA
S3150802086028461EF059FB28461EF052FB28461DF064
S315080208706AFE022015F078F84FF0070840E002F504
S31508020880A47119449950C6E70023C4E90033A37634
S31508020890D3E7C4E90055A576B9F1000FC9D0CCE76C
S315080208A038461EF039FB0028C7D128461DF04BFEF4
S315080208B00028C2D138461EF02BFB0028BDD1384687
S315080208C01EF02DFB06460028B7D1002D18DD0220A2
S315080208D026F0A1FC0223A060C37183793146C3F1D5
S315080208E002020C33D2B218441DF0AAFA0121A368F7
S315080208F09A7913441A7B61F301021A73FFF728FFE8
S315080209004046BDE8F88300BF681C0020014B987E6C
S31508020910704700BF681C002030B50A4B4FF4A47517
S315080209201A689C7E002318462832D9B28C4200D80F
S3150802093030BD05FB03F151580133490644BF013066
S31508020940C0B2F2E7681C00202DE9F04129F0DCFD6F
S31508020950244D06466C6824B929F0D1FD2046BDE827
S31508020960F0814FF4A4772368D4F81C803A46002114
S3150802097020466B601DF064FA402104F12800C4F891
S315080209801C801EF08AFA304629F0B9FD0123237528
S3150802099084F83031A3F10113A367EB7E2A8B84F81E
S315080209A04231AB8B0021A4F84031072384F8853005
S315080209B00D4BA4F84421C4F8883003F1CE5303F54D
S315080209C09813C4F88C3041F61B33A4F890301B23D5
S315080209D0A4F8867084F8923004F108001FF088F9AA
S315080209E0BCE700BF681C00204801480170B50446F0
S315080209F01EF05BFB04F1080000F03AFD29F084FDC5
S31508020A004FF4A472054600212046E6691DF018FA3D
S31508020A10064BE66153F8042F2AB928461C60BDE83E
S31508020A20704029F06CBD13461268F5E7681C002071
S31508020A302DE9F04106464FF480400F4606F0F0FCD9
S31508020A40044630B90E4B1D6893F81A807135A045D5
S31508020A5002D80020BDE8F08155F8493CDA0609D5E6
S31508020A60C3F38003BB4205D10622294630461DF050
S31508020A70BDF918B1013405F5A475E8E70B20E9E7D5
S31508020A80681C002010B5044610B9084B198610BD1B
S31508020A90A0F87810A0F87A20FFF7F4FB2169E06045
S31508020AA02046BDE810401EF009BA00BF681C0020A7
S31508020AB0B0F8943010B55A1C62F30B030446A0F83A
S31508020AC09430042006F0ACFCC0B12046FFF782FC45
S31508020AD080B21DF068FD78B14188094AD37F0B447C
S31508020AE0DBB2D37792F821209A4207D8BDE81040A4
S31508020AF04FF080600CF0F8BC0121EEE710BD00BF94
S31508020B00681C002038B58B7905460B449B7D0C463C
S31508020B1003F00303032B09D101212C301EF0BDF982
S31508020B204FF4006105F128001EF0B7F92146054881
S31508020B30A56026F0ABFABDE838404FF000500CF03D
S31508020B40D3BC00BF741C0020014BD876998370472A
S31508020B50681C0020014BD87E704700BF681C002025
S31508020B602DE9F04FD0E9027590F9181087B0029175
S31508020B70417E046890F80480D0F810A0037D427D77
S31508020B8090F816B090F81790002940F0E680A9F17F
S31508020B90030101298CBF0226032603932B8984F8B5
S31508020BA09B202A4652F8101BBBF1000018BF0120F1
S31508020BB0C4F8281104F14401019308F06FF820469D
S31508020BC020F034F820461EF0BFF921F0E6FF494628
S31508020BD0024620461EF0B2F9C82220460DF1160139
S31508020BE0ADF816201EF09DF90022C4F83421AA8811
S31508020BF0039BA4F82C21AA7984F82E21DAF800207E
S31508020C00C4F87120BAF8042004F1280AA4F8752059
S31508020C101BB1042150461EF040F9BBF1000F04D067
S31508020C204FF4005150461EF038F94FF4607006F042
S31508020C30F7FBC0F3C0134FEA831BC30548BF4BF04B
S31508020C40800B810548BF4BF4807B29F05DFC4FF48D
S31508020C508261039050461EF020F9594604F12C0091
S31508020C601EF01BF9039829F04AFCA8F10203012B8E
S31508020C7075D84FF4002150461EF00FF9012120467F
S31508020C80FFF7BEFB042120461FF0D7FF6B7D2046E7
S31508020C90C3F3040384F870306A8952006263697B7D
S31508020CA02A7B42EA01226287E97BAA7B42EA01227F
S31508020CB022876A7D84F86F30C2F3421284F83E2096
S31508020CC000220523A2870122A4F89C30A4F87C20DE
S31508020CD002991EF03EF906F029FC20F40060C4E9E8
S31508020CE008012046FFF7F6FA3A493B4AB1F822B01C
S31508020CF008F0FD03BBF1000F66D1B3BB40F2C71B78
S31508020D006760A26120460F61FFF7BCFAB9F1010FCD
S31508020D10E06005D04946204684F830911EF0BBFAB9
S31508020D2004F1080059461EF0E3FF012004F0B4FF5F
S31508020D3028B9237D5A075CBF43F00203237540F2A4
S31508020D4071216B892046013B59431EF0B7F82046AC
S31508020D5021F0F6FB07B0BDE8F08F01261DE7B8F1D2
S31508020D60010F8BD140F2014189E74FF4D77BA2618B
S31508020D7040F27128019B760006EB430608FB06F64D
S31508020D80374440F608015046676004F140071EF0F2
S31508020D9084F8394620461FF0C9FE334639462046AE
S31508020DA004F1340200F000FFEB7901225B003946B8
S31508020DB0204608FB03F31FF0BFFE236C20469E085D
S31508020DC0FFF760FA3044A1E76760A261002BCFD132
S31508020DD098E700BF681C0020B906020870B51D46D0
S31508020DE0C36A04461B07164613D408212C3025F479
S31508020DF010551EF052F825F01005064B2D04334007
S31508020E002D0C2046C4E90835BDE870404021FFF79D
S31508020E10F7BA70BD2FCF87F72DE9F04F85B0044694
S31508020E200191084689B34B799A071FD426F0CCF864
S31508020E30019D70B96B79DB0705D54FF4803104F152
S31508020E4028001EF02AF801A826F04AF805B0BDE8DF
S31508020E50F08FA36ADF0309D54FF4803104F1280025
S31508020E601EF023F86B7943F001036B71019E29F09A
S31508020E704BFB737931469E0705461ED504F1AC0035
S31508020E8026F013F9284629F03AFBDFF8909129F063
S31508020E903BFBA36A0746DD0514D5D4F8AC3043B14B
S31508020EA09A7913441B7B3A2B03D829FA03F3D807FA
S31508020EB011D4384629F023FBC8E704F1A80026F026
S31508020EC0E5F8DFE794F94631022BF2DCD4E92A2366
S31508020ED072B9002BEDD004F1AC0026F01FF80546D6
S31508020EE0384629F00CFB294620461EF087FBCEE73A
S31508020EF0002BF0D194F89280039304F1A80BD4F84E
S31508020F00A86096F807A0B379AAEB030A5FFA8AFAE9
S31508020F10C24527DC584626F047F80546A8EB0A08D4
S31508020F206B7929466FF3C3036B7103A826F0AEF8F3
S31508020F30D4F8A8302BB15B79990702D1B8F1000F22
S31508020F40DDD1039B002BB4D09B79022B40D800201D
S31508020F5026F061F9014670BB039904F1A80026F050
S31508020F60A4F8A6E7002026F056F9054630B90399F3
S31508020F7004F1A80026F099F803959AE78079B179E1
S31508020F800C300C314246314428441CF097FFEB7969
S31508020F9053FA88F3EB71B379727953FA88F3B3711A
S31508020FA06B794FF0000862F300036B7173796FF384
S31508020FB000037371B4E7039B4A79587960F3000218
S31508020FC04A715A7903A86FF300025A7126F068F833
S31508020FD0E36A9A0512D50398034600680028FBD1EE
S31508020FE0DB79C3F14503DBB2032B07D826F013F9E5
S31508020FF001460028B0D003A826F048F8D4F8A8304D
S3150802100013B15B79DB0704D5039A537943F00803D6
S315080210105371384629F073FA039965E77C2C020066
S31508021020F8B50023124A02F1280151E8004F41E8B7
S315080210300035002DF7D1012734B9BDB10D4829462F
S315080210401DF02BFF2046F8BD94FAA4F0B0FA80F002
S3150802105007FA00F624EA0604FFF7A8F90028EBD0F7
S315080210601EF05AFB0028E7D13543E5E70120EAE7F7
S31508021070681C0020901C00202DE9F74F04460190B9
S31508021080002862D0C5794FF000080C35054429F0CE
S315080210903BFA464600904FF4A47A40462C4FBA7E55
S315080210A05FFA88F94A4517D90AFB09FB3A685A448E
S315080210B0916ACB0646D5B2F89420C2F30B02002AEF
S315080210C040D0E279C2F14502D2B2032A17D80220E9
S315080210D026F0A1F8044650B900230098FB7787F852
S315080210E0203029F00CFA304603B0BDE8F08F0146ED
S315080210F001A825F0CBFF0020E5790C35254404220A
S315080211000123002112FB003305F82090E9543B68BD
S3150802111002FB005C5B44B3F8943001368CF802306B
S31508021120032312FB0032A9543B6801305B44B3F82F
S315080211309420C0B261F30B02A3F89420E379F6B2C5
S315080211400433E37108F10108A9E70646CBE700BFB5
S31508021150681C0020F7B5684607F094FD00254FF491
S31508021160A477124EB37EAB4201DC03B0F0BD3468FD
S3150802117007FB0544A36A03F01803102B13D10522B3
S31508021180694604F145001CF031FE60B10121204692
S315080211901FF007FF38B9012026F03DF8014610B1C5
S315080211A0204601F0A1F90135DCE700BF681C0020E2
S315080211B02DE9F74F29F0A8F9424BDA680092002286
S315080211C0DA6029F09CF9009B13B903B0BDE8F08FE9
S315080211D0684625F0A3FE8279876802F10C04044466
S315080211E001460190A07A0A3210F0200F14BF03209C
S315080211F0022002448A71FA6A52050FD5E07AA27A67
S3150802120042EA002238461EF05BFD38B901A825F0ED
S3150802121067FE3D2138461EF05EFCD4E7BA6A94F8AA
S315080212200AB012F4007201990BF0030013D00328D6
S315080212308A79EBD10A44127B3A2AE7D8224B23FA57
S3150802124002F2D307E2D54A79384642F002024A71D7
S3150802125000F02AFEB7E70328F5D048790BF0030B0E
S3150802126062F341004871084694F8069094F905A07D
S3150802127025F0AAFE019D0646AC793846063CE4B23C
S31508021280AC71FFF7A7F80C34C0F3032305EB040887
S3150802129043EA0B1388F803302B46F6B288F80200A5
S315080212A0A8F8046005F804A088F801905A796FF343
S315080212B041025A711B68002BF8D128461EF09EFE81
S315080212C081E700BF681C00207C2C0200012838BF79
S315080212D00120012938BF0121024B83F8210083F836
S315080212E024107047681C0020F0B51D4687B00446D6
S315080212F00E9EFFF7C7FB40F27120BDF830106D0055
S3150802130049004143684304F095FE40F2E243B0FBCC
S31508021310F3F058431A4B30605F8C002F08BF4FF426
S31508021320967721F0CCFA3368019000EB4302CDE9B7
S315080213300223E368054601A8CDE904371DF0EAF859
S315080213409DF8043053B921F078FA4FF4FA63B0FBEA
S31508021350F3F202FB130015FA80F002900299E36891
S3150802136061603268E0691DF0DBF800226168E069B5
S3150802137004F09CFC62680D9B1A6007B0F0BD00BFC2
S31508021380681C0020104B1A7842F0F0021A701A7C78
S3150802139042F0F0021A7493F8202042F0F00283F821
S315080213A0202093F8302042F0F00283F8302093F898
S315080213B0402042F0F00283F8402093F8502042F091
S315080213C0F00283F8502070479C1C00200368054AE7
S315080213D023F07F6323F4002302EAC1421343036026
S315080213E0704700BF0000F80FF8B54488054604F0B8
S315080213F00704072C1C4E28D129F086F80022110171
S31508021400735C06EB02171B090F2B0AD00132062A58
S31508021410F5D1164A13880133138029F070F819207A
S31508021420F8BD2B6894B27B801123735429F067F8B0
S3150802143021F045FA06EB0413D8602B68002023F442
S31508021440E02343EA04432B60EAE72301F15CC1F394
S315080214500312013202F00F02052A28BF002262F3A4
S315080214600711F154E4E700BF9C1C0020B8280020AD
S3150802147038B54488054604F00704072C0FD029F02E
S3150802148043F8074A2401135D43F0F00313552B680A
S3150802149043F4E0232B60BDE8384029F030B838BD64
S315080214A09C1C00202DE9F0474588074605F00705EC
S315080214B0072D894637D01D4C4FEA051814F80860DF
S315080214C021F0FDF904EB051ADAF80C30360906EBB9
S315080214D0C506C01A04EB4606708014F8083003F0F5
S315080214E00F02042A9EBF013262F3030304F808308E
S315080214F0B9F1030F14D114F8081004EB0514A01C53
S3150802150001F00F0120F067F9044628F0FDFF3A685A
S31508021510074B134023433B60BDE8F04728F0EFBF73
S315080215204FF6FF74F1E7BDE8F08700BF9C1C002068
S315080215300000FF7F064A08B59268824207D04279C0
S3150802154022F0030242F0030242710CF027F808BDAA
S31508021550FC1C002010B5064C204625F0C1FC201DB7
S3150802156025F0BEFC04F10800BDE8104025F0B8BC21
S31508021570FC1C002010B5022025F04DFE034C6060CD
S31508021580022025F048FEA06010BD00BFFC1C00200A
S3150802159008B5FFF7DFFF0022024BDA60BDE8084014
S315080215A0FFF7E8BFFC1C0020014B5868704700BFD4
S315080215B0FC1C0020014B9868704700BFFC1C0020E9
S315080215C038B50C4CE3681BB1E36898470023E3601F
S315080215D023686BB1074825F0A1FC054640B123688C
S315080215E01BB14FF000400BF07FFF28461FF0D8F9D9
S315080215F038BD00BFFC1C002010B5084CE0604FF057
S3150802160000400BF071FF00BF00BF00BF00BFE368D8
S315080216101BB1E36898470023E36010BDFC1C002059
S3150802162038B58379044603445B7B13F0300F43795C
S3150802163023F0030308BF43F00103437128F064FF54
S3150802164005462146054825F021FD4FF000400BF0DE
S315080216504BFF2846BDE8384028F051BFFC1C002045
S315080216602DE9F041234F00217C68FE20A679FEF77A
S3150802167057F9054601F024FC40B10C22B86800234C
S31508021680BDE8F04142F205011EF038BB01F058FCF4
S315080216900028F2D10C363444237AE61C9B09022B25
S315080216A0EBD0012B18D9237AA11C03F03F02073489
S315080216B043F0C00311F8010F8C4242EA000203EA22
S315080216C00003F7D1002AD8D0FF2BD6D055B9304619
S315080216D021F015F80022D1E7314621F024F8002836
S315080216E0E1D0CAE7314628461DF0DEF90028EED1D8
S315080216F0C3E700BFFC1C0020F0B5164C85B0636832
S315080217009A790C321344D87803281FD89D89B5F5DF
S31508021710FA7F1DD243F6F671DE89A6F10A0292B263
S315080217208A4215D81F7C1F2F12D85A791979CDE902
S3150802173001670095063303F095F8024642F2440122
S31508021740A06805B0BDE8F0401EF009BB0C22F5E71B
S315080217501222F3E7FC1C002010B503F0EFF8BDE8EF
S31508021760104002460348002342F2450180681EF0F3
S31508021770C5BA00BFFC1C002010B5094C63689A79EB
S315080217800C3213449A7A191DD87803F0C3FC002345
S31508021790024642F24701A068BDE810401EF0AEBA02
S315080217A0FC1C002010B5094C63689A790C32134464
S315080217B09A7A191DD87820F04BFA0023024642F28B
S315080217C04801A068BDE810401EF098BAFC1C00202B
S315080217D010B5084C63689A791344B3F80F0003F0FE
S315080217E0FDF80023024642F24601A068BDE8104011
S315080217F01EF084BAFC1C0020F0B5184E85B0756838
S31508021800AB790C331D4405F097FEB5F80920B5F8F7
S3150802181007108A421FD8032A1DD903291BD96F79B3
S31508021820CFB1C04360F0050010EA070413D1EB7884
S31508021830A879CDE901742C79009401F0F9FA002807
S315080218400CBF0C22002242F24101B06805B0BDE885
S31508021850F0401EF0A4BA1122F5E700BFFC1C0020D6
S3150802186010B50D4C626893790C331A441179D07805
S31508021870003918BF01210038B2F8073018BF012015
S31508021880B2F8052001F0E2FD42F242010246A068E2
S31508021890BDE810401EF083BAFC1C002010B5084CA7
S315080218A06068837918440F3020F00DFF0023A06882
S315080218B01A46BDE810404FF628411EF01FBA00BF6F
S315080218C0FC1C0020242816D80F2805D802280CD874
S315080218D0B0FA80F040097047084B103880B2C3400E
S315080218E003F0010383F0010070470538012894BF0D
S315080218F00020012070470120704700BF2D201100EB
S315080219002DE9F04F95B0FFF74FFE42F2360386797E
S3150802191005460C3630F80680841998450ED1FFF72D
S3150802192043FE022125F0ACFA7F22A3780233A37084
S31508021930AA55002320222377627063770121E07873
S31508021940FDF7EEFF00230646002800F0D280CDE917
S315080219501233E288237AADF848208DF84A30B4F873
S315080219600920E37AADF84C208DF84E30A288E37848
S3150802197002F01C01FE2B4FF6FF7308BF4FF480439B
S315080219801C2925D0DDE9120188421DD90025112618
S31508021990FFF710FE012332464146ACB21EF0AEF9FD
S315080219A0002DCCBF0534053C24B2002E40F0A4809D
S315080219B00A2394FBF3F4E4B2FFF7FCFDC379184457
S315080219C0C47215B0BDE8F08F1F28DFD99942DDD859
S315080219D0D206E77D657E04D5012F16D0002512268C
S315080219E0D6E7012F74D0032FD0D16B1EDBB2022BA0
S315080219F0CCD805F0A1FD04270742C7D0032D08BF9E
S31508021A0004252840C0B20028C0D0E0781CF0DEFDCC
S31508021A1020B1A088FFF756FF0028DFD0374A237F78
S31508021A201278002A5CD0042BD8D8637F042BD5D829
S31508021A30A388DB065BD421F0B0F80121C82208404E
S31508021A4006F0F6FD94F91630B4F804E003EB8303C6
S31508021A50B0EB430F4FEA4302637B677E0F93A37B88
S31508021A60E188109304F10F031193637F94F80C90A5
S31508021A7094F815A094F818B00546E07DC8BF15B2CB
S31508021A80B4F809200C93237F03280B93E37E08BF3F
S31508021A900420032F08BF0427003B18BF01230A931B
S31508021AA0A37E1FFA85FCCDE90873119BCDE9060BC7
S31508021AB00293109BCDE904ACCDF80C9001930F9BD1
S31508021AC0304600935FFA8EF31CF03FFE06465FE748
S31508021AD06B1EDBB2022B3FF659AF05F02DFD8BE7E5
S31508021AE0002B7FF453AF637F002BA1D04EE7002073
S31508021AF0A3E7054607264BE700245DE75333002094
S31508021B00F8B507460D4616461C4623B9012025F0A8
S31508021B1082FB0446C8B106220C2120461EF010F9A3
S31508021B20691EC9B2032988BF0022A37998BF074A4A
S31508021B3003F10C0398BF525C234420469F80DE7053
S31508021B40DA719A71FFF7F6FC0120F8BD0FDE040878
S31508021B50F8B5FFF729FD83791844B0F80F60B0B2DB
S31508021B60FEF724FC0446C0B11DF00CFD0138C0B2D4
S31508021B70032814D800270B4B1C5CFFF71BFD0546F0
S31508021B8004233A4642F230011EF0B8F8AB790C3318
S31508021B90E818C68004724472F8BD0227EDE70024ED
S31508021BA02746EAE70FDE04082DE9F0411D4690466E
S31508021BB00E46074604F0FCFA04F0F4FA044698F8CE
S31508021BC00A0004F0EFFA1A4B04449D4225D9194B30
S31508021BD09D4215D9184B013D93FBF4F3002BB8BF70
S31508021BE003339A1005EBA305B5FBF2F3796832685D
S31508021BF0A1EB930102EB430279603260BDE8F08102
S31508021C000E4B0F4AA3FB05535B0904FB03F303F6CA
S31508021C10C313A2FB0323DB0AE8E704FB05F3094A1D
S31508021C2003F574338F33A2FB03231B0CDEE700BFD5
S31508021C304C6210001366660640420F001F85EB5180
S31508021C405917B7D183DE1B43034600F03F003F28EE
S31508021C5030B51FD090B11946002201321B2A4FEA2D
S31508021C60510105D100212E480A460124584007E0B1
S31508021C7001F03F003F280DD00028EED130BD0121EA
S31508021C8004FA02F5054202F1010205D1202AF7D12A
S31508021C90022907D00020F1E7202A01F10101F7D035
S31508021CA00229ECD1DAB2C3F30721914225D00021E9
S31508021CB01C46084604F00305013D012D01F1010108
S31508021CC098BF01301F294FEA54041ED11828E1DCB7
S31508021CD0052000219B0E03F00304013C012C98BF4A
S31508021CE0013101384FEA5303F5D10129C6DD8AB914
S31508021CF00228D4BF00200120C0E7C3F3074191425E
S31508021D00D5D1B2EB136FD2D1C4E71029D2D10B28A1
S31508021D10D0DDBFE7D30748BF01305208E7E700BF67
S31508021D20D6BE898E024B1A6802601860704700BFD9
S31508021D30101D00200022024B1A6000F045BA00BFAF
S31508021D40101D00202DE9F84306461DF042F9044607
S31508021D50002835D045784DB928F0D6FB237863702C
S31508021D601B4B1B682570636028F0C9FB4FF00108FE
S31508021D70677837B923781BB34FF400700BF0B4FBBE
S31508021D801EE097FAA7F5B5FA85F508FA05F55FFA9A
S31508021D9085F9636833B90E4B27EA050565701B6832
S31508021DA06360E5E79B681BB963681B686360F0E7D5
S31508021DB0494630469847012805D163681B6863601F
S31508021DC00120BDE8F8830228EED10020F9E700BF1A
S31508021DD0101D002070B500250D4EFEF797FDA8428E
S31508021DE001D8012012E03068FEF7E0FA50B93468EB
S31508021DF0FEF78CFD0134B4FBF0F303FB1044013506
S31508021E003460EAE7FFF79EFF0028F0D170BD00BFF5
S31508021E100C1D002010B50446837903441B7B3A2B1C
S31508021E2096BF044AFF21D15C25F02AF8A0790C3026
S31508021E30204410BD13DE0408F8B5174606460C46BC
S31508021E401D461DF0BEF8020713D5022130461DF0C5
S31508021E50FDFD70B1112120461EF007FF2046FFF74F
S31508021E60D9FF4570877021463046BDE8F840FEF72F
S31508021E70D3BF29200B49C5F12002A5F12003E94069
S31508021E8000FA02F220FA03F311431943CB07E1D40D
S31508021E900D2120461EF0E9FE2046FFF7BBFF4770DC
S31508021EA0E1E700BF000040842DE9F34105460C46F0
S31508021EB001911DF07EF8830605D501A825F010F8D4
S31508021EC002B0BDE8F081019FBE790C36BB5D3A2BA4
S31508021ED018D8164A12F80380B8F1FF0F12D03846FE
S31508021EE025F072F8013840450CD1114B1E6896B997
S31508021EF021462846A37923441A7B02B0BDE8F0415D
S31508021F001EF0C7BE019824F0EBFF2846BA5D019978
S31508021F101EF0BFFED4E773680BB93668E7E72146B9
S31508021F20284698470028F8D0CAE700BF13DE0408F7
S31508021F30101D002037B504460D4620211DF03BF83A
S31508021F40294620461DF089F8214601201EF048FF41
S31508021F50214600201EF044FF012000232146034AA1
S31508021F6000901EF0CEFE03B030BD00BFBF0B0408C2
S31508021F7037B504461FF0B2F8032120461DF070F863
S31508021F800025034621460120034A00951EF0B9FEA4
S31508021F90284603B030BD00BFB70F04082DE9F34148
S31508021FA004460D46014601201CF0FAFF01210746A8
S31508021FB028461EF05AFE2846FFF72CFF064600F171
S31508021FC00108404606F05EFED6F801300221C7F83F
S31508021FD0123073792046BB751DF042F8294607462A
S31508021FE0F08020461EF03FFE202321460093012062
S31508021FF03B46034A1EF085FE002002B0BDE8F0818A
S315080220009D1004087FB504460D461FF05BF8D8B349
S3150802201020461CF0D6FF430715D5002320461A464C
S315080220200DF10F011DF095FA9DF80F30062B0AD80F
S31508022030284613F029FD012200232046FEF7CEFE8C
S31508022040002004B070BD0E2128461EF00EFE28465A
S31508022050FFF7E0FE064605F069FAC6F8051005F030
S3150802206065FA2946C6F8010020461EF0FCFD032142
S3150802207020461CF0F5FF0022034600922146012065
S31508022080024A1EF03EFEDBE70821DDE7BB0F040825
S31508022090F7B50D46044617461FF014F880F00100FE
S315080220A02146C0B21CF07CFFC668012DB37907D061
S315080220B03A462946204603B0BDE8F0401FF02DB83F
S315080220C00C3320461E44FEF785F9718980B21CF04E
S315080220D07BFA10227389214600920020024A1EF0DA
S315080220E010FE284603B0F0BD1B1104082DE9F74F70
S315080220F0074688461CF065FF10F480165DD102205B
S3150802210025F089F80546002859D098F80630314650
S315080221100C334344B3F80490B3F806B0B3F808A0F6
S315080221201EF0A3FD2846FFF775FE0221044638462F
S315080221301CF096FFA4F804906081A4F806B0A4F8EF
S3150802214008A020F07AFB09F10109B0FBF9F303FBB9
S315080221501900022360806370AB7988F80630EA7941
S3150802216003F10C0088F80720D21AD2B22918404483
S315080221701BF0A4FE394601201CF012FFC0F80C80A1
S315080221803846FEF727F9618980B201391CF01CFA34
S31508022190102263893946012000920A4A1EF0B1FDCF
S315080221A04FF4803138461CF00EFF384629461EF099
S315080221B05AFD304603B0BDE8F08F2320FAE7072020
S315080221C0F8E700BF1B11040810B5054C054A20465E
S315080221D005491EF0E1FE2046BDE81040FFF7A2BD04
S315080221E0141D0020A7110408492302082DE9F0410D
S315080221F091F806800F4686B008F10C08039104464A
S3150802220001EB0806014601201CF0CAFE17F8083041
S315080222100546023B0F2B00F28E80DFE803F0088C9E
S315080222208C8C8C638C6D8C8C2D5C8C8C8C4D28F0F4
S315080222306BF97178054620461CF00FFF20212046CF
S315080222401CF0B9FE214601201EF0CAFD21460020D7
S315080222501EF0C6FD01230093002321461846374A7D
S315080222601EF04FFD03A824F03BFE284628F047F946
S31508022270012006B0BDE8F081B388204672887178DD
S315080222801DF04DF920461CF09CFE830708D4204613
S3150802229003991EF023FF012120461EF0CEFCE7E734
S315080222A0AA68274B9A4203D1214601201EF068FDEF
S315080222B003A824F015FEEEE7836843B103AA049245
S315080222C0B27803218DF8142004AA2046984703A859
S315080222D024F006FECCE78368002BF8D003AA049202
S315080222E07278EEE78368002BF1D00022059203AAE2
S315080222F00492042104AAE8E7039D21460120AE7947
S315080223001CF04EFE0F4B82689A4203D0284613F001
S31508022310BBFBADE7AB19D3F80D202046D3F8113035
S31508022320FEF75CFD284613F0AFFB214601201EF09E
S3150802233027FD0221B0E700209BE700BFD110040861
S31508022340B70F0408BB0F04082DE9F3410D460446EE
S315080223501EF0B8FEAB7900287DD00C3315F8038041
S31508022360EE18B8F1010F53D0B8F1080F4BD0B8F1F7
S31508022370000F63D1204671891EF0B1FCB3887288BA
S315080223809A4294BF07460027092B38BF0923727859
S31508022390013B9BB29A421BD8002A08BF0027204657
S315080223A0FEF718F81FFA80F840461CF0FCF888B1C8
S315080223B04388B18800930846F38832891EF0D5FB14
S315080223C050B9284613F060FB012002B0BDE8F0813F
S315080223D04746E4E70123ECE7002FF2D02146002026
S315080223E01CF0DEFDC5607189404601391CF0ECF827
S315080223F0102273890092013B1B4A9BB22146002098
S315080224001EF07FFCE0E7294620461EF0F9FDDBE7D1
S315080224102046F1881EF063FC0746701C20F0CFFBAD
S315080224200028CED0002FCCD0214600201CF0B8FDC3
S315080224302023C5600093F3880C4ADFE72946204625
S315080224401FF0B7F90028BFD12946204602B0BDE8D9
S31508022450F041FFF7CBBE2B441B7B0E2BD3D029466C
S3150802246020461FF095F9EDE7912002085510040859
S3150802247038B504460D461CF0A4FD42070FD4204683
S315080224801CF09FFD83070AD4204602211CF09BFDFF
S3150802249029462046BDE83840034A1EF012BD2846A2
S315080224A013F0F2FA002038BD711F020838B5044647
S315080224B00D461CF07EFD00F0180010280CD12046AF
S315080224C01CF07FFD10F4C02F06D129462046BDE830
S315080224D03840044A1EF0F5BC284613F0D5FA0C20FB
S315080224E038BD00BFED200208014A1EF0EABC00BF53
S315080224F09D1F020870B505460C46014601201CF0D0
S315080225004FFD064628461CF05CFD020704D5204608
S3150802251013F0BAFA002070BD33685B05F7D4284673
S315080225201EF0D0FD40B121462846FFF7A1FF18B993
S3150802253024F071FE044670B156E8003F43F4806306
S3150802254046E80032002AF7D121462846BDE87040FF
S31508022550024A1EF0B6BC0720DDE700BF05200208C6
S3150802256073B504460E461CF024FD00F03000102810
S315080225704FF0020031D124F04EFE054678B3437976
S31508022580022143F0020343711EF06FFB2846FFF750
S3150802259041FC2946467020461EF065FB1621204658
S315080225A01CF05BFD202120461CF005FD214601207A
S315080225B01EF016FC214600201EF012FC20461EF0D4
S315080225C0B5FC012120461CF04BFD0346012021469D
S315080225D00090044A1EF095FB002002B070BD072049
S315080225E0FBE700BFE50F04082DE9F04387B0044670
S315080225F00E461CF0E6FC00F4C060B0F5C06F06D1CA
S31508022600022024F008FE054610B9072054E00025EA
S31508022610214601201CF0C4FC814696F8068000F18A
S31508022620120208F10C08B04408F10F0308F11F0161
S3150802263053F8040B8B4242F8040BF9D103213046B6
S315080226401EF013FB3046FFF7E5FB0A22074608F1A0
S31508022650050101301BF0DAFB0C210DEB010000F03D
S3150802266037FB03AB03CBC7F80B00C7F80F10059B64
S3150802267007F10B02C7F813300DB30A2128461EF0DC
S31508022680F4FA2846FFF7C6FB294620461EF0EBFA5F
S315080226904FF480712046C9F80C601CF08CFC0321AB
S315080226A020461CF0DDFC00250346214601200C4A83
S315080226B000951EF026FB284607B0BDE8F0832046A3
S315080226C007F1130301211DF05AFA204631461EF07E
S315080226D0CAFA2046C9F80C501DF06DFADFE700BFAA
S315080226E0E9110408F0B589B00D4604461EF076FDD8
S315080226F0AB79002800F0A3800C33EA18EB5C033BA5
S31508022700082B00F23881DFE813F00900360136019A
S3150802271084003601360136015D007E00D2F80100DA
S31508022720D2F8051003ABB2F8097003C302F113031A
S3150802273001210B3220461DF022FA042128461EF0FA
S3150802274094FA2846FFF766FB06460C2105A800F010
S31508022750BFFA05AB03CB3346C6F80100C6F8051027
S31508022760079A002143F8092F2046721C1DF007FA22
S31508022770214600201CF014FC034603AA478303CA19
S31508022780C3F81200C3F8161020460821FDF738FED2
S315080227904FF4007120461CF00EFC20461DF00BFA81
S315080227A0294620461EF05FFA032120461CF058FCF3
S315080227B0034600202146714A00901EF0A2FA012023
S315080227C009B0F0BD0B2128461EF04FFA2846FFF73E
S315080227D021FB294620461EF046FA27F095FE0546B5
S315080227E04FF4407120461CF0E6FB4FF48051204618
S315080227F01CF0E9FB284627F082FE4FF4806120464A
S315080228001CF0E4FBDBE7284613F03EF94FF40071AF
S31508022810F5E7062128461EF028FA2846FFF7FAFAAF
S3150802282020461CF0A7FE294620461EF01CFA204622
S315080228301DF0E7F9214600201EF0A2FABFE72B4455
S315080228401B7B043B072BBBD801A252F823F000BF1F
S315080228507128020897280208F9280208C1270208DF
S31508022860C1270208C1270208C12702080F29020840
S3150802287020464FF400711CF09EFBAA7920460C32C2
S315080228802A4402F10903002101321DF078F928468B
S3150802289013F0FAF893E74FF4806004F0C1FDB0B183
S315080228A000274FF4006120461CF085FB2046CDE93F
S315080228B00577FDF78FFD064620461CF078FB39465C
S315080228C00346009505AAB0B21DF0F9FF77E721463F
S315080228D001201CF065FB00F1120120461DF0A6F945
S315080228E0062128461EF0C1F92846FFF793FA29461B
S315080228F020461EF0B8F962E7284613F0C5F82146C5
S3150802290001201EF06DFA20461DF07BF957E727F0E5
S31508022910FBFD06464FF4007120461CF04CFB4FF4B3
S31508022920805120461CF04FFB304627F0E8FD4FF455
S31508022930C06120461CF04AFB294620461EF093F940
S31508022940214601201CF02CFBC268054682B1937908
S3150802295001210C331A4402F1130320460B321DF0EF
S315080229600EF920461DF027F92046E9681EF07BF984
S315080229700023EB6023E7002022E700BFE9110408E1
S3150802298010B5074C0749204600221EF005FB2046D3
S31508022990FFF7C8F9BDE810400120002104F046BD42
S315080229A0201D0020E526020838B505460C461CF00F
S315080229B000FB00F01800102806D121462846BDE87B
S315080229C03840044A1EF07DBA204613F05DF80C2002
S315080229D038BD00BFE925020838B50C468B7905468D
S315080229E00C331944E35C142B03D0152B0FD00020AB
S315080229F038BD01311EF0CAFC1521284622461EF0B2
S31508022A000DFD214628461EF02EF90120F0E7014663
S31508022A1001201CF0C5FA0B4B82689A4203D0204665
S31508022A2013F032F8F1E7A179284621440D311EF058
S31508022A30ADFC204613F028F8294601201EF0A0F91D
S31508022A40E3E700BF7114040837B504460D460A4683
S31508022A5014211EF0E3FC294620461EF004F9032140
S31508022A6020461CF0FDFA3022034600922146012038
S31508022A70024A1EF046F9002003B030BD711404085C
S31508022A8010B5074C07492046074A1EF085FA204624
S31508022A90FFF748F9BDE810402020002104F0C6BC23
S31508022AA02C1D0020D92902087514040873B51E4680
S31508022AB0ADF800208DF80230009B044601A8019368
S31508022AC00D4611461EF04CFC9DF80630B34203D162
S31508022AD0BDF804308B4205D0284612F0D5FF1220E5
S31508022AE002B070BD20461CF0D4FB9DF80230827AF3
S31508022AF09A4209D18288BDF800309A4204D1284602
S31508022B0012F0C2FF0020EBE7694620461DF00FF8D7
S31508022B1029462046014A1EF0D4F9E1E7492A020865
S31508022B202DE9F0411D46134307460C461646BDF8E5
S31508022B30188006D12046BDE8F0411A4619461EF00D
S31508022B40FDBC414620461EF0B6F878B12146384605
S31508022B501CF026FA40238674C57421460693384625
S31508022B604346BDE8F041024A1EF0CBB8BDE8F08103
S31508022B7027160408F7B505460E46014601201CF03D
S31508022B800FFA036813F0F00F03D0294601201EF04E
S31508022B9027F928461CF0F3FCB3790C3333445F78E3
S31508022BA09B781F400378C3F3030000EA13103840EA
S31508022BB01EF08DFC044668B928461EF091FC384082
S31508022BC01EF085FC044628B928461CF0DBFC03F0F7
S31508022BD0C3FA0446284600211CF05DFB172130463D
S31508022BE01EF043F83046FFF715F9314644708470F3
S31508022BF028461EF038F8032128461CF031FA4022EE
S31508022C000346009229460020024A1EF07AF803B0CB
S31508022C10F0BD00BFCF1504082DE9FF4107460E4651
S31508022C201446DFF838804346694638460A4A05F0AC
S31508022C305BFF0028F7D0102C254628BF1025304602
S31508022C402A4669461BF03AF9641B2F442E44EAD1F8
S31508022C5004B0BDE8F08100BF64330020543300207D
S31508022C6030B589B020226946FFF7D6FF6A460C4D71
S31508022C7004AB144603CC9C4228606960224605F1DF
S31508022C800805F6D1074C08AD1A4603CAAA422060BF
S31508022C906160134604F10804F6D109B030BD00BFDD
S31508022CA0543300206433002010B588B069462020CA
S31508022CB013F0A6F8044630B96846FFF7D1FF012299
S31508022CC0024B83F82020204608B010BD543300205A
S31508022CD070B5134B054693F820300C468CB00BB9E9
S31508022CE0FFF7E2FF0023CDE90033CDE9023354B9F9
S31508022CF01C22214605A804941BF0A2F804A8FFF793
S31508022D00AFFF0CB070BD102C264628BF10262946E8
S31508022D1032466846FFF780FF3544A41BE7E700BF43
S31508022D205433002008B581B207481CF0E1FF0120A0
S31508022D3002F0B2FF30B9054A137D59075CBF43F06A
S31508022D400203137508BD00BF401D0020381D002070
S31508022D5001238340DB43064901F1240252E8002F8E
S31508022D601A4001F1240C4CE800200028F4D17047DF
S31508022D70381D00200123074A03FA00F002F1240352
S31508022D8053E8003F034302F1240C4CE800310029C2
S31508022D90F4D17047381D0020044A4FF08040536A28
S31508022DA043F4002353620AF09FBB00BF381D00207C
S31508022DB038B54FF01013194C002563644FF4E063DD
S31508022DC0A4F848300123164A84F85C30154B65622C
S31508022DD0C4E91532256604F0AFFB4FF48073A4F8F4
S31508022DE04E30114B84F85200A361104B25751A68B0
S31508022DF029461378527804F1080013445B10637568
S31508022E00A4F8B450A4F8AE501CF072FF294604F197
S31508022E109000BDE838401CF06BBF00BF381D00208B
S31508022E2055555500D6BE898EBD180408381F002090
S31508022E302DE9F843214C9946636A0F46DB07154686
S31508022E409DF824609DF8288035D468B30120FFF7E1
S31508022E5091FF626A9DF8203022F4C07242EAC312D8
S31508022E60052E626284F8506007D105F06BF848B9FE
S31508022E706D00ADB2BD4228BF3D4694F850001EF023
S31508022E8013FD0646636A84F85C60A4F84470A4F8E5
S31508022E90465084F84890B8F1000F09D043F48013DD
S31508022EA001206362BDE8F8830120FFF751FFD0E7EE
S31508022EB023F48013F4E70020F4E700BF381D00204E
S31508022EC0024B586AC0F38000704700BF381D0020C5
S31508022ED010B51A4CFFF7F4FF636A13F0010313D116
S31508022EE0A8B994F85D3094F84910253BDBB2013352
S31508022EF0DBB2032B28BF002341FA03F2D207F6D529
S31508022F00253384F85D3014E094F8503010B194F803
S31508022F105120134303F00503052BE2D105F012F8FD
S31508022F200028DED194F85C30012B03D1032384F800
S31508022F305C3010BD012384F85C30D2E7381D0020CE
S31508022F40024B586A00F00100704700BF381D002086
S31508022F50F8B540F271232F4CE36018B1237D43F094
S31508022F60080323751FF0ABFC40F27121B4F8462022
S31508022F70E66B151F4D43AE42236CB4F8447018D263
S31508022F80A3F5967301FB0733E768181A23893B44AE
S31508022F9083420EDA5143237D891B43F008032375C6
S31508022FA08142D4BF216120611A48BDE8F8401FF06A
S31508022FB0C7BA40F271277A43A2F5E1722261FFF796
S31508022FC087FFB4F84420236CAE4207FB02336360E2
S31508022FD023644FF00003104AE3630DD3FFF770FF33
S31508022FE0136838B19A791B7B617D0B4493420DDCD9
S31508022FF06375D9E71A78F6E7FFF762FF136838B1FF
S31508023000DA79197B637D5B1A9342F1DA6275CBE74B
S315080230105A78F6E7381D0020381F002038B50546CD
S315080230200D4C80B10320FFF793FE002384F84D3040
S315080230300123A4F84A300420FFF78AFEBDE8384087
S315080230401020FFF785BE0520FFF782FE012384F8CC
S31508023050AD50A4F8B030EEE7381D0020274B70B506
S315080230605A6A0D4609B3160747D503F14D0603F109
S315080230704A0428B3D1061FD52388012B1CD95B081D
S3150802308004202380FFF764FE1020FFF761FE1FF07D
S31508023090D4FB2388B0FBF3F202FB1300307055B35E
S315080230A00320BDE87040FFF753BE940625D503F109
S315080230B0AD0603F1B004DCE70420FFF75BFEE3E7A5
S315080230C0D20314D5B3F84A10B3F84E2091420ED261
S315080230D022881020520092B22280B3F84E309342D0
S315080230E028BF13462380FFF733FE0420CDE71020BE
S315080230F0FFF740FEF9E70520D3E770BD381D00202B
S3150802310070B58AB005466B46484AAC79106851686C
S31508023110127A03C30C3408201A702C4404F080F97E
S3150802312020B101222846A11D23F0B6FE0021A3796B
S31508023130CDF821108DF80F30A37AADF8251003F0DB
S315080231400F0303F128026A4412F8282C8DF820107E
S31508023150ADF81020062B08D8DFE803F0044F07075E
S315080231605F074B000D20FFF705FEA37A0DF1130149
S31508023170C3F380138DF81230E3680DF11200CDF80F
S315080231801330238A09AEADF8173000231A461BF00E
S315080231902EFAE3791C218DF819304FF47F43ADF8E6
S315080231A01A307F238DF81C30637928468DF81D3036
S315080231B00023ADF81E30AB7903AC1233AB7123F0A2
S315080231C0CFFEAB792B440C33224603CAB2421860AF
S315080231D05960144603F10803F6D1106829461860A7
S315080231E0134823F053FF4FF080400AF07DF90AB0E6
S315080231F070BD0D20FFF7ACFDB7E7D4F81230CDF855
S315080232002130E38AADF82530EB79063BEB71A37AD8
S31508023210C3F3C0138DF82030A7E7064B5B6A9B04FD
S3150802322044BF42F00102ADF810209EE74EDE0408C4
S31508023230581D0020381D002070B583790C33C41838
S315080232402379DA0702D44FF0FF3070BDA37AE27A07
S3150802325003F00F05082DF6D8062D01D92846F4E7FE
S31508023260911F1F29EFD8012D1FD10C2AEBD1244E0D
S31508023270736A13F0060F01D1DB05EFD41BF0C6F90A
S3150802328020B91BF0BAF90028E8D1DCE7A37A96F848
S315080232904820C3F3C010B2EBD31FD4D104F11201F4
S315080232A000F001001FF03FFAEDE7042DD6D11449CC
S315080232B0144A486A0240002AC5D0096B0029CDD0B3
S315080232C08A79C3F380130C3288188A5CB3EBD21F4F
S315080232D008D01BF09BF90028C0D11BF083F90028FF
S315080232E0BCDBB0E704F10C01062208301AF07EFDB9
S315080232F004461BF08BF90028B0D1002CAED0ECE7BF
S31508023300381D002008000400F0B5214C87B0A06AD9
S3150802331000B3E76ABE79FDF75DF80223FF210C3692
S31508023320BA5DCDE90431BD1995F8233000215B0950
S315080233300393AB8BD20902936B8B80B201932B8BCF
S31508023340009305F108031DF0D0F9A06AFDF74EFBBC
S315080233500023A362E06A12F097FB0023E362636A22
S3150802336023F00402DB07626208D594F85050052D53
S3150802337006D104F0E7FD18B184F85C5007B0F0BD39
S3150802338094F850001EF090FA84F85C00F6E700BF45
S31508023390381D002013B5154C27F0B6F8236A019399
S315080233A00023236227F0ABF8019BA3B9636A1A04C8
S315080233B006D51CF0E6FDA0B1636A23F400436362F6
S315080233C0636A1B0305D5FFF79FFF636A23F400238D
S315080233D0636202B010BD01A823F0A0FD1CF03CFEFA
S315080233E0E2E74FF080400AF07FF8E9E7381D00204F
S315080233F038B50E4D044603F06BFB286B18B112F074
S3150802340043FB00232B6300F099FB0948FEF730F8CB
S31508023410EB6A0BB1FFF7C0FC044884F001011FF008
S315080234209CF8BDE83840034823F05ABD381D0020F1
S31508023430401D0020581D0020034B586A10F0050055
S3150802344001D1FFF7D5BF7047381D002070B53B4C38
S315080234501646636A03F0010270B95AB127F054F8A6
S31508023460636A054623F001036362FFF7E5FF284610
S3150802347027F045F8002070BD002AFBD19B0704D52A
S31508023480236BBBB10120FFF7C9FD94F8483003F05E
S31508023490FD03012B16D027F037F80546C6B10E20D4
S315080234A0FFF768FC1FF00BFA42F2107303FB0600E3
S315080234B0606310E0022023F0AEFE20630028E1D10B
S315080234C00720D8E71FF048F90028E4D11220D2E7EE
S315080234D00E20FFF73DFC0020FFF74CFC636A13F051
S315080234E00403C4D140F27122E363B4F84630E260C1
S315080234F0023B534323611FF0A0F90323B0FBF3F306
S3150802350003EB4303C31A253384F85D30FFF7E0FC67
S315080235101FF0D5F960602064B4F8B400002808BF2B
S31508023520F520FFF7FFFB064B04481A681378527812
S3150802353013445B1063751FF003F898E7381D0020E3
S31508023540381F002038B51A4C0546237D23F0080398
S31508023550237503F0BDFAB4F8B4302BB9A36813F493
S31508023560601F08BFA4F8B430002111481EF0F5FF09
S31508023570104BA361636A5A0405D485F00100BDE8BD
S315080235803840FFF7E5BC626B6168521A002AF4DA22
S3150802359023F0010343F400436362FFF74DFF4FF044
S315080235A0804009F0A1FFFFF78BFC0028E5D138BD62
S315080235B0381D0020BD18040808B5FFF781FCB0B114
S315080235C00B4B586A20F0040210F001005A6203D12C
S315080235D0BDE80840FFF70CBF03F07AFA00F0AEFA2E
S315080235E0FFF7DAFBBDE808400020FFF7ABBF08BDCE
S315080235F0381D00202DE9F04F4FF0000B2E4C89B0F4
S31508023600E66AA36AB779C4E90ABB0C37F5190193C6
S315080236106B6A904682468946039304F0E9FBF35D9A
S3150802362005F108073946C3F3C01306A88DF8183002
S315080236301AF0F6FFFF238DF81930636A01A8C3F35F
S3150802364080230E358DF81A30CDE904578DF808B067
S315080236508DF81BA08DF81C908DF81D80FDF780FA59
S31508023660304612F011FA636A23F02402DB0762621B
S3150802367005D40120FFF7BCFE09B0BDE8F08F0F4B59
S3150802368094F850501A68052D1378527813444FEA65
S31508023690630363750AD094F850001EF005F90546CF
S315080236A0012084F85C50FFF74DFFE5E704F04AFC79
S315080236B00028F0D0F4E700BF381D0020381F00208C
S315080236C037B5054608461146254A526A02F410726B
S315080236D0B2F5107F04D1022B40D0032B08BF012379
S315080236E00193162300F001020093284605231EF0D3
S315080236F024F9AC791DF02AFA0C342C440321C4F8B7
S315080237000E0004F11200FFF7E3FABDF8203004F1C7
S315080237101E002383BDF82430E38202236375BDF8B5
S3150802372018306383BDF81C30A38305F0ABFA0C226C
S31508023730A37CB3FBF2F102FB113394F82320053381
S3150802374063F3040284F8232002F032FD94F823304E
S3150802375060F3471384F8233003B030BD0023BFE774
S31508023760381D00202DE9F041054686B0002088461E
S31508023770174623F050FD0646002800F0A780544C51
S315080237800620C4F8288095F8018018F0010800F090
S315080237909280FFF7EFFA2A79636A023A012A98BFFA
S315080237A088F001004FF0000893BF43F4007323F436
S315080237B000730020636288BF63621AF032FF05ABAA
S315080237C0029304AB0193EB89CDE904880093AB8994
S315080237D0EA8AA98AA06AFDF787FD40F2E242059BBA
S315080237E0CDF80C80B3FBF2F39BB202936B8A304698
S315080237F001932B8A6A1D0093A9782B79FFF760FF3C
S31508023800B379049A33441A63E66226F07DFE0646C5
S315080238104046FFF703FC636A43F0040363622D4BD9
S315080238201A689379D27913445B106375ED7884F834
S31508023830515005F00505052D40D028461EF034F8EE
S315080238400546636A84F85C5013F001022CD1E263E0
S31508023850002F38D043F48013B4F8B400636200280A
S3150802386008BFF520FFF75EFA40F27122B4F8463037
S31508023870E2605343A3F5E17323611EF0DEFF0323DF
S31508023880B0FBF3F303EB4303C01A00F1250384F8F4
S315080238905D3000232366FFF71BFB1FF010F86060FC
S315080238A020640B481EF04CFE304626F028FE002007
S315080238B006B0BDE8F081FFF74BFA6CE704F042FB6D
S315080238C00028BAD0BDE723F48013C5E70720EFE73F
S315080238D0381D0020381F0020014B93F8520070470C
S315080238E0381D002038B505464FF480200C4603F0F3
S315080238F097FD48B140F22E432046C4E90333BDE89A
S315080239003840104902F016BB0F4B9C4217D1042DC2
S3150802391014BF28460320FF211FF074F842F20F73E2
S3150802392000F5AF70984298BF42F21073A4F188046A
S31508023930C4F894008CBFC4F89800C4F898300120E3
S3150802394038BD00BF80969800C01D0020002310B520
S31508023950104CC4F8A030012384F89C30B4F8AE3079
S31508023960B3B1B4F8B4100C481CF0C2F9012002F045
S3150802397093F938B994F89C305A075CBF43F00203AE
S3150802398084F89C300120BDE810400449FFF7AABF1D
S31508023990F521E8E7381D0020C81D0020C01D0020BB
S315080239A07FB56D46264C04F023FA04F154030FCB77
S315080239B085E80F0094F8723094F8AC200021C820EC
S315080239C08DF808308DF809201FF0E2F801462846DE
S315080239D004F05EFF28461EF079FF1AF0AEFD0022BB
S315080239E0014604201AF0B5FDD4F8A8501EF067FF68
S315080239F0636A2D1A13F4003F4FF480200CBF102679
S31508023A00112603F00DFD28B102F02EF9A0F52F704C
S31508023A101EF040FFD4F8A8108C2D94F89D3001F5BD
S31508023A20FA7007DC01461A4630461EF0CCFF012022
S31508023A3004B070BD024630461EF086FFF7E700BFA7
S31508023A40381D002073B5437901906FF30003437163
S31508023A5001221C2101A823F01BFC48B1144A01A823
S31508023A60536A43F40063536223F03AFA02B070BD14
S31508023A70019A104C537904F1180643F00103537165
S31508023A80937913440C33254603CDB5421860596021
S31508023A902C4603F10803F6D1286811461860064831
S31508023AA023F0F4FA4FF0804009F01EFDDEE700BF6E
S31508023AB0381D00209C1D0020581D002010B50A4CF8
S31508023AC0D4F8A00020B194F88730012B01D0002049
S31508023AD010BD1EF0F4FED4F8A830181AB0F57A7F95
S31508023AE094BF0020012010BD381D002010B5124CCD
S31508023AF0636A1B051FD5012023F08DFB28B9BDE893
S31508023B0010404FF0804009F0EFBCB4F8683023F05B
S31508023B10600343F04003A4F86830FFF793FF04F10B
S31508023B20240353E8003F23F4006304F1240141E827
S31508023B300032002AF3D110BD381D002010B50A4CF8
S31508023B40D4F8A0305BB1012104F188001EF005FD0E
S31508023B5004F19000FDF78CFC0023C4F8A030BDE800
S31508023B601040FFF7C3BF00BF381D002010B504463A
S31508023B7002F0C2F9844201D104F03AF9084BB3F8CB
S31508023B80AE2032B9D3F8902012F4601F08BFA3F80A
S31508023B90AE20FFF7D3FFBDE810400120FFF7D2BCE5
S31508023BA0381D0020F7B54D4C05460E4617461EF041
S31508023BB086FE94F88730022B05D0D4F880301B1A7B
S31508023BC0B3F5FA7F44D2AE61294694F87200FFF73C
S31508023BD089FE06464FF4802003F022FCA8B1B6B14E
S31508023BE002F042F8A0F52F701EF054FE3C4B3D4AF7
S31508023BF03846CDE90032D4F8803094F8842094F817
S31508023C0072101EF0BFFE064601E0002EEED11AF033
S31508023C1094FC0022014604201AF09BFC002003F0C3
S31508023C207FFAA54209D1D4F8A03033B1002104F1B4
S31508023C3088001EF092FCFFF781FFD4F88030C4F8A2
S31508023C40A83094F8843084F8AC30304603B0F0BD1E
S31508023C50A54214D1D5F8A0208AB1D5F8A820121AFF
S31508023C60934205D3012128461EF077FC0126ECE78C
S31508023C70002105F188001EF070FCFFF75FFFD4F8FB
S31508023C8080300121C4F8A83094F88430284684F894
S31508023C90AC301EF062FCD4F88030C4F8A060C4F8D8
S31508023CA08C30637D84F89D30FFF70AF90E4B1B684A
S31508023CB090B1DB7994F89D200C4993423CBF02F1FE
S31508023CC0FF32D3B294F8720084F89D30FFF70AFEE9
S31508023CD006481EF035FCC9E75B78EBE7381D00207D
S31508023CE055555500D6BE898E381F0020C01D0020A6
S31508023CF02DE9F04F8D798BB00C350D44EB7A07918F
S31508023D000390002B3BD017462E7B8B46B20916F042
S31508023D103F0618BF6E7B0292012F05F10E029046EE
S31508023D20049200F08D8140F27C81FA1E012A26D87F
S31508023D30029AB2FA82F94FEA5919B9F1000F1ED05E
S31508023D402A7B02F03F029A4219DAB94C636A23F4D3
S31508023D50003363622B7BC3F38113013BDBB2012B76
S31508023D6056D9584604F012FA94F8863083B194F874
S31508023D708730002F40F08380F2060BD453B107A890
S31508023D8023F0AEF84FF0000948460BB0BDE8F08FB5
S31508023D90002F74D1FF20DDF81CB02B7B9BF806A000
S31508023DA04FF0000E0AF10C0ADA449AF807104FF49B
S31508023DB07F4C84F86A004FF07F0094F85C209B09D8
S31508023DC0052AA4F8683084F87400A4F876E0A4F802
S31508023DD072C000F0348284F871201BB1636A43F41E
S31508023DE000336362F3071CD5D5F80E30049AC4F87B
S31508023DF06B3092888F4B9A80AB7A13F0400340F06F
S31508023E005782626A22F48052626284F86A304DE00E
S31508023E10012FA6D19BF806A00AF10C0ADA44F1078B
S31508023E2040D4B20746D4730700F18D80300741BFEC
S31508023E3098F8013008F10208C3F3031384F87330C3
S31508023E40012F40F091809AF80C3003F0C003402B02
S31508023E5002D0802B40F088800023626AB4F868009A
S31508023E6022F40032F10620F06000A4F8863062627D
S31508023E7048BF08F1030880B2A4F8680092E0DDF8AA
S31508023E801CB0042F9BF806A00AF10C0ADA44C6D124
S31508023E90B4F86830580754BF0A230E23F107A4F86A
S31508023EA06830BED594F86A30FF2B9DD0B20705F16B
S31508023EB01408B8D5BB1E022B40F2BE8194F84800FE
S31508023EC0AA7AB0FA80F35B09B3EBD21F00F0BC8181
S31508023ED0003818BF012041461EF025FC0346A87A81
S31508023EE04146C00905931AF093FB06901AF081FB26
S31508023EF0616A069A01F4807C05991346002900F046
S31508023F00AE81AB7ADB09002A00F0A780BCF1000F6C
S31508023F1000F0A380002840F0A380FE2384F87830BE
S31508023F20D8F8003008F10608C4F87930B4F86830D1
S31508023F3038F8022C43F00403A4F868303E4B9A8002
S31508023F4073077FF573AF1AF0F8FA4FF6FF73CDF8D9
S31508023F5004B000930146374B94F86A20042008F10E
S31508023F6001081AF0E2FA61E7344ADAF800300092F8
S31508023F704146324694F852001AF0D5FE8044B4F807
S31508023F80680094F8863020F06000626A80B2002BDE
S31508023F903FF472AF94F8853040F02000A4F8680028
S31508023FA084F8723016F0200A1BBF98F8023098F887
S31508023FB00310CDF814A043EA01231EBFCDF81480DE
S31508023FC0A4F8763008F11208012F50D006921AF09A
S31508023FD01DFBF2060DD4069A80F00100C2F3C01B3F
S31508023FE0C3B25A46134994F86A001EF015FD002812
S31508023FF04FD0042FDDF81CB05CD8022F55D8002FFD
S3150802400058D1029B626A022B00F0F88194F8873035
S31508024010002B40F04881BAF1000F40F0AF81D1463B
S315080240204EE0029AB2F1030918BF4FF0010984E67D
S31508024030381D0020A31D0020B11D0020B81D002038
S315080240409E4AB2F86890029A09F00309A9EB020996
S31508024050B9FA89F94FEA59196FE600283FF45EAFB3
S3150802406094F84830002B40F07C81022356E7530728
S3150802407058D4C2F3C01B1AF0C9FA80F001035A4693
S315080240808F4994F86A00DBB21EF0C6FC002840F09D
S31508024090DB81BBF1000F00F01F81BAF1000F40F07F
S315080240A08F814FF0000907A836E094F88730002B75
S315080240B040F0ED80BAF1000F40F06081D146626AA5
S315080240C0730648BF98F80030CDF820B048BF84F888
S315080240D074302B7BD00703F03F081CD5002F5FD125
S315080240E0F10618D44FF0FF3108A804F01FF8089813
S315080240F004F04CF8AB7908A884F867306B7908F1B4
S315080241000D0184F8753022F0DAFF0898002800F0CD
S315080241104F81C7805BE008A822F0E2FE48460BB052
S31508024120BDE8F08F029BD807A3D5DDF81CB002972D
S31508024130C2F3003394F87220012100920020604AEB
S3150802414002F096FD8146584604F020F8B9F1000FB0
S3150802415040F05D81BAF1000F40F0F480029B002B1B
S3150802416000F00981D4F824A01AF050FA034683F025
S315080241700103CAF3C012524994F86A00DBB20AF084
S31508024180800A1EF049FC002840F08A80BAF1000F26
S3150802419089D151461AF042FA002800F0818082E756
S315080241A04FF0FF3108A803F0C1FF089803F0EEFFAD
S315080241B0AB7908A884F867306B7908F10D0184F8A1
S315080241C0753022F07CFF0898002800F0F180B4F8D8
S315080241D06830099003F06003202B636A4FF00102EE
S315080241E00CBF43F4006323F40063636243791C2122
S315080241F06FF30003437109A823F04AF8002840F038
S31508024200F780099E2F4C7379B57943F001037371D0
S3150802421035440FCCE86029616A61AB6107CCE86175
S315080242202962A4F1600031466A6222F02FFF4FF03C
S31508024230804009F059F9A7E508F10608F3E50429CB
S315080242400A4608BF0322C6E54146D0091AF0E0F934
S3150802425005901AF0CEF9616A059B01F4807C33B1A8
S31508024260BCF1000F7FF456AE00287FF4F9AED4F8FD
S31508024270A0304BB1012114481EF06FF91348FDF71F
S31508024280F7F80023C4F8A030FFF730FC77E50022E0
S3150802429003980F49FFF786FC8146BAF1000F6FD1E2
S315080242A0DDF81CB00BE703980A49C2F34042F1E76E
S315080242B0626A012342F48052A6E500BF381D002037
S315080242C0A31D00209C1D0020C01D0020C81D002023
S315080242D0FB1904087D440208594658461AF09EF905
S315080242E000287FF4DAAE042FDDF81CB03FF6E2AE02
S315080242F0022F3FF6DAAE002F3FF483AE012F7FF48A
S31508024300D9AE626A029B51077CD4012B04D902F00A
S315080243100303032B00F0838094F887302BB30398AA
S315080243205349C2F34042FFF73DFC034658469B46B3
S3150802433003F02CFFBBF1000F1AD0BAF1000FAFD071
S315080243400023029394F873204A4994F86A00D5F830
S3150802435000B000F0A9F900287DD1029B002B9FD05E
S3150802436000E7012B08BF0323D8E5584603F00EFFE2
S31508024370BAF1000F6BD14FF0000991E74FF000092F
S3150802438094F873203B4994F86A00D5F800A000F027
S315080243908BF9002884D005F10C0094F872B01DF050
S315080243A0BBFF51460346059A584600F0F9FB77E7E4
S315080243B0012022F030FF089000283FF4E5AC06E71A
S315080243C094F873202B4994F86A002E6800F06CF969
S315080243D000283FF466AE05F10C0094F872401DF011
S315080243E09BFF31460346059A204600F0D9FB58E65C
S315080243F0636A09A843F4006363628DE691073FF591
S3150802440005AE08E6D807B0D50023029390E65946CA
S31508024410002002F015FCBAF1000F9ED092E758462A
S315080244201EF0BBF808B9626A76E7A97A0498C1F35E
S31508024430801102F0C7FB002897D00F4B039A584603
S31508024440936103F0A3FE78E7DDF81CB059E7002371
S315080244509946029376E705F10C0094F872A01DF0CE
S315080244605BFF59460346059A504600F099FB74E7E6
S31508024470FB190408A31D00201F1A0408532810B5A7
S315080244800C4610D006D8512817D02146BDE8104050
S315080244901DF07DBAA0F15503012BF6D82046BDE8DA
S315080244A01040FFF763BB0022064B0120A3F88620C3
S315080244B01DF088FA0028F1D010BDBDE8104002F0C0
S315080244C0A7BB00BF381D002053282DE9F74F0C461D
S315080244D015D007D8512878D0214603B0BDE8F04F49
S315080244E01DF055BAA0F15503012BF5D8A0F15603D4
S315080244F058424FF000015841FEF7B0FD2FE04FF049
S31508024500000901A84FF0FF31CDF8049003F00EFE22
S315080245100198DFF8D88048B103F038FE0198FEF713
S315080245208BFE082821D001A822F0DAFC01F0E4FC6F
S31508024530844201D103F05CFC002120461EF00DF8EE
S31508024540FFF7FCFAD8F824305A0703D500210846A3
S31508024550FEF784FDD8F8243013F0050F40D0204624
S3150802456003B0BDE8F04FFFF701BB019DD8F82C70E8
S31508024570AB79BE790C331D441AF037F8E8B11AF054
S3150802458031F8002819DB0C36B85D07EB060B0BF180
S31508024590080A4A465146C0091AF03CF868B1D5F8E5
S315080245A00E30CBF808306B8AABF80C30AB7ABA5DB2
S315080245B0C3F3801363F3C712BA55002295F905109F
S315080245C098F87200FFF716F8ADE7074B11201B683B
S315080245D0597803F0C5F9054A536A43F02003536232
S315080245E003B0BDE8F08F00BF381F0020381D002039
S315080245F0028D30B5456A1203B2FBF5F20A4B1B6807
S3150802460019795C79B0F88830A142D8BF611C0D1BB4
S31508024610B2FBF5F21B02B3FBF2F323448B42A8BFAB
S315080246200B46437530BD00BF381F0020034B5B683D
S31508024630C01A034B80105843C0B27047F01D0020C1
S315080246408BAFF88A7FB516468DF807000122044615
S315080246500D460DF1070002A919F0DEFF104B9A7EEE
S31508024660B2421AD1DB7E003B18BF012388B19DF8FE
S31508024670074002AD003C18BF0124A3420DD1062211
S315080246802946084819F0B2FBB0FA80F0400904B08E
S3150802469070BD003C18BF0124EFE70020F7E700BF12
S315080246A0F01D00200C1E0020F8B50E4C07462368A4
S315080246B00D46164613B900231846F8BD1B6ADB03D6
S315080246C00BD51DF0CFFA03460028F4D0E776286802
S315080246D0E061AA88A6762284EEE7BDE8F840FFF7ED
S315080246E0B1BF00BFF01D002010B504460D220021FF
S315080246F0783019F0A5FB0A4B0A4A5B68E31A9B1045
S315080247005343DBB2A4F87B307F2384F87D304FF61F
S315080247107F73A4F87E3040F2FF23A4F8823010BDDE
S31508024720F01D00208BAFF88A2DE9F041064639487C
S3150802473022F0D6FB00274FF08C08374C94F822302B
S31508024740FDB2AB422DD800250820256084F82250F8
S3150802475011F00AF9284619F0FAFE28461DF084F9DE
S31508024760002E43D006EB8601C1EBC10189002B4618
S315080247700122082089B211F0B3F80546F0B10025E6
S315080247808C2694F82220EBB29A423BD8082011F0E4
S31508024790EBF80020606084F8220019F0D8FE0720A2
S315080247A025E008FB05F5606801372844703022F0D9
S315080247B097FB6068284419F0B2FEBFE7082011F09B
S315080247C0F5F860600028DAD08C2784F8226094F81D
S315080247D02200EBB298420CD819F0B9FE0028CED1C5
S315080247E030461DF041F90028C9D120830020BDE8D2
S315080247F0F0816068013507FB030019F08EFE002878
S31508024800E5D0BCE76068013506FB030019F087FEB0
S31508024810B7E700BFFC1D0020F01D002038B58368ED
S31508024820044613B10830FCF723FE002504F1700094
S31508024830A56122F055FB606F25621DF05CFC074BF3
S3150802484065675868064B201A80105843C0B219F09B
S3150802485076FE294619F06CFE38BD00BFF01D002011
S315080248608BAFF88A2DE9F347324E1F4633688046E6
S3150802487089468DF80720002B5AD110F0010A0DD06F
S3150802488025F042FE002296F822507168AA4214DBED
S3150802489025F035FE072002B0BDE8F08739460DF14E
S315080248A0070019F0BDFE3A4648469DF807101DF066
S315080248B0DEF80028E4D00B20EDE70C46236A8C319B
S315080248C09B0625D42023236225F019FE9DF8305035
S315080248D0236A05F01F0518F0020F45EA030519D1E8
S315080248E02562BAF1000F18D045F4803525620123F6
S315080248F0A4F8863005230020A4F88830BDF82830AD
S31508024900A0606385BDF82C30606723853460C2E7F2
S315080249100132BBE745F40045E2E73868064BF06129
S31508024920BA8886F81A909A809DF80730F376DEE7F9
S315080249300C20B0E7F01D00200C1E002070B525F0F3
S31508024940E3FD0F4E054632681AB1136A13F4005492
S3150802495004D0284625F0D3FD0C2070BD43F4042369
S3150802496013624FF0807008F0BFFD214630681DF0D3
S31508024970F4FD2846346025F0C2FD2046EDE700BF67
S31508024980F01D0020084B93F82220824209D98C2276
S315080249905B6802FB0030036A13F0200F08BF002091
S315080249A070470020704700BFF01D002030B570B177
S315080249B0094B93F822405A6800239C4201DC0020E6
S315080249C005E0556F02F18C01854201D1104630BDD2
S315080249D00A460133F1E700BFF01D002038B5FFF79C
S315080249E0D1FF044690B125F08FFD094B05461B6899
S315080249F0A34203D125F083FD0C2038BD20461DF0C5
S31508024A003DF8284625F07BFD0020F6E74220F4E72C
S31508024A10F01D0020014B1868704700BFF01D0020EA
S31508024A202DE9F047089C06460F4615469846002C7F
S31508024A3000F0AC80236A180500F1AA805388052B7A
S31508024A4003D811252846BDE8F0876B78127803F05B
S31508024A501F0152EA012201D15906F2D501202A1D67
S31508024A6004F1440104F01AF994F84430012BE8D908
S31508024A7084F83C60D5F8093000226363234643F87C
S31508024A80382FB5F80D20DFF814912287EA7B04F156
S31508024A9008009A706B885B0063622B7A5B0984F85C
S31508024AA02E302B7C6A7C43EA0223A385394BA36109
S31508024AB041F28833C4E903330523A38240F2F9138A
S31508024AC0B9F81810002908BF19461BF011F9012078
S31508024AD001F0E2F828B9237D5A075CBF43F00203C6
S31508024AE023756B782E7803F01F0213F0200F46EA1F
S31508024AF0022614BF4FF496721E2256435B0648BF1F
S31508024B0006F5161604F1300A374451462046676000
S31508024B101CF00CF833465146204604F12402FDF7F0
S31508024B2043F86B78012213F0200F0CBF1E234FF4B3
S31508024B309673514620461BF0FFFF204699F81A3015
S31508024B4099F81B2014491CF091FFB8F1000F0FD0F9
S31508024B50606F78B900F002FC70B1012241466067C5
S31508024B601DF041FB054640B93946204600F0E0FCF7
S31508024B70002567E70022F1E70725236A4FF08070D0
S31508024B8043F40113236208F0AFFC5BE71F2559E7DC
S31508024B900B2557E7FD1D04080C1E0020F01D0020FA
S31508024BA013B5074C24680094FFF73AFF28B9204644
S31508024BB002B0BDE810401CF071BF02B010BD00BFC4
S31508024BC0F01D00202DE9F04700274FF08C08844C91
S31508024BD08AB094F822309F4210DA42F220036568BE
S31508024BE008FB07552A6A93432CD1022022F013FBAD
S31508024BF0064698B94FF0807008F076FC794FE66859
S31508024C00002E5BD14FF08C0844F2200994F822302A
S31508024C109E4263DB00200AB0BDE8F08700222B6AB9
S31508024C20696F23F4205343F4801322602B6259B12F
S31508024C300146284600F02EFC2B6F1BB9022022F0F3
S31508024C40EAFA28670137C4E795F83CE06268CDE9D5
S31508024C500411CDE90211DFF8949195F82EC0AA1A2B
S31508024C609210CDF804C009FB02F26B6AD2B2C3F302
S31508024C704F0CCDF800C073461CF0FBFE0146002817
S31508024C80DAD16368CDE90700CDE90500EA1A95F895
S31508024C902E30921004936B6A09FB02F2C3F34F0398
S31508024CA0039395F83C30304602934F4BD2B20193A8
S31508024CB0E37E0093A37E1BF07AF8BDE725F024FC79
S31508024CC00646384622F02AF90546304625F017FCEC
S31508024CD0002D94D028461BF018F990E7656808FB62
S31508024CE006552B6A39EA030314D1022022F093FAF5
S31508024CF00746002871D02B6A13F480120CD061681B
S31508024D003A4B691A89105943C9B21BF0EFF828467B
S31508024D10FFF784FD013679E7980322600DD419035B
S31508024D200DD413F4001F14BF07223E22696F41B146
S31508024D303946284600F0AEFBE9E71A22F6E744228E
S31508024D40F4E7626895F83C30CDE90411CDE9021121
S31508024D50DFF898A095F82E10AA1A92100AFB02F20A
S31508024D600191696A3846C1F34F010091D2B23E21D8
S31508024D701CF07FFE0028CAD12B6A1B4813F40032A6
S31508024D8029D113F4002F20D0442102608280628345
S31508024D906368EA1A0023CDE90733CDE9053395F8A6
S31508024DA02E30921004936B6A0AFB02F2C3F34F0386
S31508024DB0039395F83C30D2B2CDE90103E37E384637
S31508024DC00093A37E1AF0F3FFA1E713F4001F14BFA2
S31508024DD007213E21DCE71A21DAE707201BE700BF95
S31508024DE0F01D0020FC1D00200C1E00208BAFF88A47
S31508024DF0036ADA0407D48A7943F480531144C968EA
S31508024E00014A036291607047F01D0020036A014659
S31508024E10DA0408D523F480530362034B30319B68C6
S31508024E2043601BF083BE7047F01D002038B51F4B48
S31508024E3005461A8B0C4622B9826812F4601F08BF0F
S31508024E401A834121204603F071F9216811B94FF0FE
S31508024E50FF3038BD8B796A6F0C3319440B79887A1F
S31508024E60DB0700F00F04F2D5EAB1072C0AD1CA7A99
S31508024E70002AECD00B7B03F03F019142E7DA3F2B85
S31508024E8008D9E4E7052CE2D11231C0091DF04BFC22
S31508024E900028DCD02B8D6A6A1B01B3FBF2F320B221
S31508024EA0A5F88830D5E7072CE1D0D0E7F01D002019
S31508024EB038B54379044643F00103437125F024FBD0
S31508024EC005462146054822F0E1F84FF0807008F0C1
S31508024ED00BFB2846BDE8384025F011BBFC1D002017
S31508024EE02DE9F04791F806A0436F0AF10C0A8AB039
S31508024EF001EB0A07002B8946039104460CBF2321BE
S31508024F00332106AA07F10C0019F06AFF9DF81E5014
S31508024F10002D7ED1236A03F40163B3F5016F00F015
S31508024F208280FF21636F84F87F10002B40F08B800C
S31508024F30204659F80A2006A900F01EF906464FF03F
S31508024F40FF3103A803F0F2F8236A5D4D13F4006FEC
S31508024F5008D0002243F400534FF0807023622A607F
S31508024F6008F0C2FA94F97E307F2B04BF7B7984F865
S31508024F707E3094F97D307F2B06D19DF822200AB126
S31508024F80069B9B5684F87D309DF8231009B1069B33
S31508024F90194420469DF824201CF096FDD4F8748006
S31508024FA0B8F1000F51D16868DFF81891201A8010FD
S31508024FB009FB00F0C0B219F0C2FA6A68039BA21A8A
S31508024FC0921009FB02F20193A38D01460093032076
S31508024FD04346D2B219F0A9FA3F7B07F03F0707F119
S31508024FE00D03452B04D903A8383F21F0E5FFFBB290
S31508024FF00398827913448371AB7D05905BB30123D1
S3150802500084F8833021F0E0FF38BB05A821F068FF59
S3150802501015E0069B2046595D89091CF0B5FD054633
S3150802502000287FF47FAF0026039B05A8059321F08D
S3150802503057FF236AA4F8885043F4003323623046A4
S315080250400AB0BDE8F087002679E7204659F80A1023
S315080250501DF0E3F8C0E784F88330236A1B04D4D42E
S31508025060059821F0B1FF0D215FFA80F8059821F025
S3150802507077FF0028C9D0059D04F17802AB7904F1BF
S31508025080800C0C331D442B46174603CF6745186020
S3150802509059603A4603F10803F6D1386818603A7936
S315080250A0606F1A71A38D2B8140B11DF0BAF8A872F0
S315080250B085F80C800598FFF7FBFEC0E7FF20F6E7A8
S315080250C0F01D00208BAFF88A2DE9F04106460F46FF
S315080250D0904600240D4D15F8013CFF2B0BD015F810
S315080250E0022C424507D1B34205D106223946284643
S315080250F018F07CFE38B10834502C05F10805EAD1BF
S315080251000020BDE8F08102482044FAE77733002000
S315080251107533002070B505460C461646FFF7D4FFD0
S31508025120B8B90D4A12F83010C300FF290CD10B4941
S31508025130CA1801F83060557020680233C85000203A
S315080251405A18A388938070BD01300A28EAD107202D
S31508025150F9E71220F7E700BF7633002075330020FF
S315080251600023FF21034A02F8331001330A2BFAD12E
S31508025170002070477633002073B50D46044616465E
S31508025180FEF7AAFB297A19B310222B681944174B82
S315080251900093334619F0C7FD236A1B0401D5A87983
S315080251A0A0B1134DE87D88B12E691DF088FB361A29
S315080251B0B6F5FA7F2A7D0DDA636B00200193A36B9D
S315080251C000932B6994F83C101DF0DCFB02B070BD0D
S315080251D00A46DCE7074B2046A3612B69002184F8BF
S315080251E0852063601DF0CAF90120EFE7001E002042
S315080251F0F01D0020731E040838B50446354B83613A
S315080252001CF0AAFD2046FFF701FE20461CF0FFFC13
S3150802521000285BD0618D013189B2A4F88610204638
S31508025220C9B21CF0DBFC002852D1A38DB4F8862043
S315080252301344226A9BB25203A38515D5226F91792C
S315080252400C310A44B2F80510CB1A1B030CD50120FF
S3150802525004F1440103F022FD236A04F1700023F4E9
S315080252608023236221F03CFE224640F2712552F841
S31508025270241FB4F8863020464B4304F130016B43B1
S31508025280FCF792FC236B94F83C109B0803F54873D1
S31508025290FF22E360002019F01CFDE368C8330344CB
S315080252A0E360636A2046013B6B432361FFF7A0F97B
S315080252B0636AB4F8862020465A436368012105FBCF
S315080252C002336360BDE838401DF058B90121A4E7EE
S315080252D038BD00BFFD1D04081E4B70B51D680923A5
S315080252E0826923FA01F11C4B01F001019A4217D196
S315080252F0EB7B99B906262D7C427D5C1B94FBF6F462
S31508025300E4B2012C38BF0124A24232BF0A46121B5C
S31508025310D2B295421BD8934228BF1346437570BD35
S315080253206B7B0029FAD10626AD7B447D5A1B92FB7C
S31508025330F6F2D2B2012A38BF0122944224BFA41A35
S31508025340E1B28D4203D88B4228BF0B46E6E72B46CD
S31508025350E4E700BF381F0020455902082DE9F0414D
S3150802536025F0D2F8254B05461878254B1A680023EE
S31508025370984204DC284625F0C2F8002425E0116884
S31508025380144611F0020702D024320133F0E74FF037
S315080253903C081C4A39461668204608FB036624223E
S315080253A018F04EFD42463946304618F049FD236844
S315080253B0666143F0020323600220346221F02BFF68
S315080253C0E06138B9284625F09AF820461CF093FE83
S315080253D000240AE0022021F01EFFB0620028F1D064
S315080253E0236A2BB1284625F08AF82046BDE8F081C3
S315080253F0FBF7AAFA20620028E4D0F3E7C5330020B7
S31508025400181E0020141E00202DE9F043056F0446DD
S315080254100E468DB0002D38D0AA7990F88B800C32C2
S315080254201544FFF703F907462046B5F80490FFF737
S31508025430FDF8656F41466B6993F831300A93AB7A8A
S3150802544009936B7A08932B7A079394F82E3006936E
S31508025450626AC2F34F02059294F83C300C4A0493EE
S31508025460039212F8013C029312F8023C3A46CDE93D
S3150802547000034B4630461AF0E7FC04F1700021F0AF
S315080254802FFD01200DB0BDE8F0832846FAE700BFDC
S315080254900C1E002070B58AB004460D461646FFF764
S315080254A0B3FF002840D12046FFF7C0F8636F0246D3
S315080254B05969284691F831100591997A0491597AD1
S315080254C003911B7A3146029394F82E300193636A4C
S315080254D0C3F34F03009394F83C301CF0CAFA18BB86
S315080254E02046FFF7A3F8636F024658690F4990F8FA
S315080254F031000890987A0790587A06901B7A2846BF
S31508025500059394F82E300493636AC3F34F03039307
S3150802551094F83C30029301F11C030193CB7E00936D
S315080255208B7E31461AF043FC0AB070BDF01D00208E
S3150802553038B5002304460D46406F0373036803F02B
S31508025540020303601CF0C1FF2046616F1CF0C3FE14
S31508025550636F0A4A5D605D69094BA2610321AB610B
S315080255602046FFF7B9FE03212846FFF7B5FE636F0B
S315080255705A69137D43F00403137538BD4559020869
S315080255802B2004082DE9F04F9DB004461CF083FA3F
S31508025590064620461CF092FA804620461CF01AFB64
S315080255A0C0B120461CF077FAB0F90E3093B9C37A27
S315080255B00269002B00F08F80013BD35C427A416876
S315080255C05200534340F271225343BA4A9268521A1E
S315080255D09B1AC3812046FFF719FC236A58037CD419
S315080255E030461CF01EFE33691B78834240F09181D7
S315080255F020461CF00CFB002800F08281618DB8F869
S3150802560008204B1C0A44A8F80820B4F88820DBB204
S31508025610521AA4F88820002140F27127B6F90E2002
S31508025620F181D8F8001075684B43AD1A07FB03558C
S31508025630304675601CF0F5FD224696F809C0236BC4
S315080256404FEA4C0C07FB0CFC0CFB00F0B4F8861076
S31508025650A0EBD30052F8243F284459436060337BB9
S3150802566030697943034413F8013C00781B1A0CFB92
S315080256701313204604F13001FCF796FA236B40F225
S3150802568001119D08636F94F83C009F7A40F27123DA
S315080256907F005F431DF0B6F9874294BFED192D18B6
S315080256A0226AC4E90355530340F14181236F002B53
S315080256B000F03D8199790B44B3F82B10A38D9942DA
S315080256C040F03581304622F4802222621DB0BDE8C0
S315080256D0F04F1CF0FABE037B6EE7226F002A3FF4F6
S315080256E07FAF94F88A30282B0FD0FF2B23D0236F55
S315080256F023B19A7913449B7B592B03D0236A5A0404
S315080257007FF56EAF1DB0BDE8F08F93790C331A445E
S31508025710B2F80510A38D9942E9D1012004F144019A
S3150802572003F0BCFA04F1700021F0DAFB236A23F4D1
S3150802573080232362DBE720461CF0ADF9256F074676
S31508025740AB790C331D44AB78582B00F0C280592B29
S31508025750CDD14369D3F83890236A5903C7D523F4C0
S31508025760802323622B4611AA05F1280E944618684F
S3150802577059680833ACE8030073456246F6D11B88BC
S315080257800021ACF80030EB79D5F809000493B5F896
S315080257900D3095F806B00890ADF82430E8781CF07C
S315080257A002FF2A7C2B4612F0200F14BF4FF4967A7A
S315080257B04FF01E0A12F0400F059002F01F000CBFB0
S315080257C000224FF4161213F80F1F079241EA00211E
S315080257D006910CAA05F11F0E9446186859680833F3
S315080257E0ACE8030073456246F6D11B88ACF8003074
S315080257F0D5F82510D5F821000AAB03C32046FEF7D3
S3150802580015FFFFF7EBF800200290238D5946019306
S31508025810638D049A009308ABFFF724F8BDF840306D
S315080258208346013BADF84030FFF7F4F80546BBF175
S31508025830000F23D1022021F0EEFC286783790DF1AF
S31508025840440C0C3303440DF16C0E624603CA7245CE
S3150802585018605960944603F10803F6D112881A8033
S31508025860FFF77CFD012368674946C3720CAA0598AF
S3150802587000950AABFFF7D4F88346E8B12B6A43F4DE
S3150802588080432B6285F88BB0236A4FF0807043F40D
S315080258900053236207F028FE3B687D6923F0040360
S315080258A0284600213B601CF058FE05F1240021F031
S315080258B017FB1CE7F01D0020069B28460AFB0391EE
S315080258C0079B524619441CF06BF928461CF0E6F869
S315080258D0D8E7B5F81F20A38D9A427FF408AF0022B5
S315080258E0606F05F121011CF07EFC30B9EB7884F873
S315080258F03C30B5F811305B00636284F88B00C3E76D
S31508025900012120461CF06AF900287FF4FBAE012328
S3150802591081E6737AB4F886205B00534340F271221B
S31508025920534362681A44626004F12402A1E6002322
S3150802593001212046A4F886301DB0BDE8F04F1CF0C0
S315080259401DBE00BF2DE9F04106468CB008460C463E
S315080259501CF0A1F8054620461CF0B0F80023562E86
S31508025960049300F29E80502E0FD8012E64D0032E87
S3150802597000F0F280022E40F0948000F0BDFA8442D4
S3150802598040F08F8002F034FA8BE0A6F15103052B22
S31508025990F0D801A252F823F0B15902087559020843
S315080259A0A95A020875590208695B0208595B020876
S315080259B002F01EFA2B6A83B3AA6993790C33D618B6
S315080259C0F0798DF82B003189D7581DF01BF82B6A10
S315080259D006F11802059303238DF8183006F10C0315
S315080259E0CDE90823B37A0744C3F3801328468DF812
S315080259F028300797FEF7DAFFFEF718FE01238DF81F
S31508025A0029008DF82A307379002605A88DF82C30DE
S31508025A108DF82D60FBF7A4F82E6205F1180021F027
S31508025A205FFA20461CF02FFC204629461CF053FC40
S31508025A302046FFF7A7FD34E020461CF02CF807465F
S31508025A4020461CF03BF8064620461CF034F805466C
S31508025A5020461CF036F8804638461CF0E2FB3389AD
S31508025A6080EA030620461CF0B0F83B6AB6B213B9C0
S31508025A70FAF76AFF386231462A68404603F062F945
S31508025A8000236872284623641CF020FF6168226B93
S31508025A901120637D01EB92021CF056FF2046FEF7A9
S31508025AA023FE0CB0BDE8F08100212046FFF714FC66
S31508025AB004A9FFF7BBF9431C049905D120461CF03B
S31508025AC0BAFB02F095F9ACE705283DD120460591C7
S31508025AD01BF0E1FF836907461BB105A821F000FA0E
S31508025AE0EFE7036A002BF8D0059883790C3318443C
S31508025AF0817A0C30C1F38011FAF79AFF064600281C
S31508025B00EBD1636F059DDB69617DD880AB790C3378
S31508025B101D4401F00FFFA97A606FCDE90166CB0932
S31508025B200093324605F10C03C1F38011C0691CF0DB
S31508025B30B7FF636FD86902F05DFC059B204604999E
S31508025B40BB611CF079F8ACE720461CF075F82046D4
S31508025B500499FFF7C5F9B4E720460121FFF7BCFB14
S31508025B6005F1180021F0BCF900F0C6F9844201D10A
S31508025B7002F03EF9002120461CF05DFB51E700BF0A
S31508025B8010B5074C2368DA0607D523F010032360FD
S31508025B9018B90220A16818F0BBFC0023A36010BD47
S31508025BA01C1E0020F8B500230360037D04469807EF
S31508025BB00DD5204650F8081FC90C01F4FC7141F0B6
S31508025BC00501FBF703FC237D23F002032375237DDE
S31508025BD02589190703D51CF072FE28446060174E02
S31508025BE06068314651F8043F2D1A7BB923600C6070
S31508025BF0B368D3B1617D5A7D914217D2227D1207CD
S31508025C000DD5BDE8F8400020FFF7BABF5A681F89CC
S31508025C102A44D21B002AE9DA19461B68E5E75A68BC
S31508025C201B6913441B1A002BEBDAF8BD1A895B6849
S31508025C30D31AE2680344D342F7D5E2E71C1E0020D2
S31508025C40014610B50446032018F062FC054B1B6892
S31508025C50D90305D4237D5A075CBF43F00203237593
S31508025C6010BD00BF1C1E0020014BD868DC387047E7
S31508025C701C1E0020034B10B5DC681CF020FEDC3C21
S31508025C80201A10BD1C1E002018220021014818F0F7
S31508025C90D7B800BF1C1E0020034B1B6813EA00433B
S31508025CA014BF0120002070471C1E002070B568B181
S31508025CB046685EB1154C23691D4645B9257D0135F1
S31508025CC0EDB242B1036020618160257570BD8542DF
S31508025CD0FCD02D68F1E743B19B68CB1A41BF5B4202
S31508025CE0B3FBF6F303FB06668919002303602369EF
S31508025CF0074E816013B903603060E6E79A688A1A2C
S31508025D00002AF8DB1E461B68F4E700BF1C1E0020AB
S31508025D102C1E002040B1436833B1084B1A7D013A64
S31508025D201A7553F8102F02B970479042116801D1BB
S31508025D301960704713460A46F5E700BF1C1E002085
S31508025D4038B50446084D0846AB68A34201D1FFF7A9
S31508025D5017FF6B68054A1BB1A342196801D1116086
S31508025D6038BD1A460B46F6E71C1E0020201E0020E8
S31508025D702DE9F3415A4D2B6858077ED4AB68002BA0
S31508025D807BD155E8003F43F0040345E80032002A78
S31508025D90F7D16C68A4B11CF092FD01AA80460146AF
S31508025DA0204627691CF0AAFB08B920461FE0019B7A
S31508025DB02668FF1AA6B96368DC371F44C5E9024795
S31508025DC055E8003F23F0040345E80032002AF7D1DC
S31508025DD0AC68002C45D102B0BDE8F04102F09AB891
S31508025DE04146304601AA1CF089FB18B93046FFF72E
S31508025DF027FFCEE7337DD6F804C03289D907ACEB44
S31508025E00020205D4019933695B1AF1685B1A1A44CE
S31508025E106368D919891A00291FDD8F4204D9E168F6
S31508025E20D21ADC31914217D9207DC2070BD42269D6
S31508025E30F1681344A3EB0C0322895B1A9B1AE268E6
S31508025E40DC3293420BDC727D637D9A4205D20307EC
S31508025E50ABD5F768344600E017463668AAE70F4618
S31508025E60F8E7A36813F4601F0AD121462B6843F0AA
S31508025E7010032B60012018F04BFB02B0BDE8F0813D
S31508025E8004F108063046FBF7AFFA2B68214643F0C1
S31508025E9010032B600028EDD1012018F039FBA36806
S31508025EA013F4601F4FEAD341C3F3C2440ED0013C38
S31508025EB0E4B201F4FC7130462143FBF787FA032169
S31508025EC03046FBF7EFFA002CD7D103E00321304620
S31508025ED0FBF7E8FA304602B0BDE8F041FBF7C8BA6C
S31508025EE01C1E002008B5034B996809B118F010FB6F
S31508025EF008BD00BF1C1E0020014B9868704700BFF2
S31508025F001C1E00200A4B70B59C6884420FD121469C
S31508025F10022018F0FDFA666825891CF0D0FCAD1B34
S31508025F20C54221464CBF0120032018F0F1FA70BD84
S31508025F301C1E00202DE9F04F8B46B0B1294DD0F832
S31508025F400CC0AE680469864203680CEB01070C4470
S31508025F501AD06FF0DB0E6B684BB98642C0E9037440
S31508025F6002D173682344EB600120BDE8F08F4268D2
S31508025F705968B3F80880AEEB02020A44A2EB08029B
S31508025F80002A03DA1B68E7E7002BE6D06FF0DB0886
S31508025F90D0F804E0A8EB0E085A68B3F80890424411
S31508025FA0A2EB0902974214D393F815A090F815901C
S31508025FB0CA4502D91B68002BEED10B4B9B450ED165
S31508025FC094450CD88642C0E90322CDD17244EA60D0
S31508025FD0CAE7C7609442D4BF04610261C4E70020DD
S31508025FE0C3E700BF1C1E002080969800104B70B5B0
S31508025FF09D682E692C681CB9686864B9304470BDFE
S31508026000627D6B7D9A42F7D920461CF0C2FA0028B7
S31508026010F2D12468EFE76FF0DB0362681B1A1344B8
S3150802602022899B1A2A699342D4BFC0188018E6E7C8
S315080260301C1E0020884238B504460D461AD0134B5A
S315080260401B69D3B15868844209D8814212D2B0FB7F
S31508026050F4F4B0FBF4F0A84228BF28460AE0B4FBE1
S31508026060F0F3DBB200FB03F2944204D895422846C9
S3150802607028BF104638BD0133F3E71CF022FC2B1B60
S31508026080B0FBF3F202FB13002044E4E71C1E0020D7
S31508026090542310B5046808490D20B4FBF3F40FF035
S315080260A079FC002351211846A2B20FF019FC0028E8
S315080260B014BF1920002010BDA15D0308014B1878F2
S315080260C0704700BFC63300203023114A82F81533C1
S315080260D0837E1B01DBB282F81E3382F81F3382F8F5
S315080260E0213382F8203382F8223382F8233382F866
S315080260F0243382F8253382F8273382F82633837FBE
S3150802610023B9437E1B01DBB282F8223C704700BFEB
S3150802611000E100E037B504460FF082FC204601F0A4
S3150802612091F9054698B92046FFF7CEFFA38A0DF1E5
S315080261300601ADF80430E38A01A8ADF806301CF072
S3150802614030FA0122034B1A70284603B030BD0225E5
S31508026150FAE700BFC63300200138C0B203289ABF47
S31508026160014B185C002070475BDE0408431E012BB6
S3150802617005D9022902D8024B585C7047002070479D
S3150802618058DE0408431E042B054A07D8052808BF0B
S3150802619003200621431E01FB032070471046704761
S315080261A084DE0408014B53F82000704760DE0408B9
S315080261B0024BDB6993F87F00704700BF500B002043
S315080261C0094B10B5D96968B1084B1C4653F8042F18
S315080261D00AB18242FAD21B1B9B10013BDBB281F841
S315080261E07F3010BD0123FAE7500B002060DE040859
S315080261F0054B1B681B6A13F0100003D013F003004B
S3150802620018BF0120704700BF041F00202DE9F34183
S3150802621000264FF0FF31044601A8019601F086FFD9
S31508026220019949B12046F9F76FFF032806D00528D8
S315080262302FD001A820F054FE012023E01B4D1C4854
S3150802624000F06EFF2B683046597D01F073FB2F680C
S31508026250184EF86AD6F8088020F0B6FE414602467D
S31508026260384618F0A3FC2B68B068DB6A036002F0B4
S31508026270C1F82B681B6ADB0407D52046019918F07A
S315080262805DFC002002B0BDE8F08101A820F028FEDE
S31508026290F7E7019801F07AFF2046019918F002FC07
S315080262A00028C9D0304600F03BFFEAE7041F002069
S315080262B089640208501C002038B5254904460B7D1E
S315080262C04A7D0133DBB2B3EB921F0B7503D303236B
S315080262D000200B7538BD016A09042CD5032390F8F2
S315080262E07520243A92FBF3F303EB4303D21A2532C1
S315080262F0D2B2B4F8505094F8743015F01001B4F9CB
S31508026300540084F875201CD11CF042FC04F16C057B
S315080263100146284602F0BCFA28461CF0D7FA0022A3
S315080263201146104618F015F994F8750000211CF06C
S315080263302EFC0120CEE75B001A4102F00302253249
S31508026340D7E702461946002002F072F9DEE700BFD7
S31508026350501C0020204B2DE9F04104461860806A43
S3150802636020F032FE01462046F9F75EFEB4F85030B8
S315080263701A4E03F01403142B0CBF0022A26AB36848
S3150802638020461A60FFF798FFFFF732FF144B051EE7
S31508026390144808BF184600F0C3FE94F814806768CC
S315080263A01CF08DFA6D0008F008080346627DE8B213
S315080263B0B8F1000F03D1FF1AB7F59B7F07D511462F
S315080263C01CF0AEFAB068BDE8F04102F013B8616895
S315080263D01CF092FAF6E700BF041F0020501C0020AA
S315080263E075640208C564020870B50546FFF700FF22
S315080263F0104B041E104808BF184600F091FE2846A6
S31508026400FFF75AFF0D4E054660B133686000597DA5
S3150802641000F0FE001CF084FABDE87040084B98684C
S3150802642001F0E8BF00F07CFE29463068BDE87040FE
S31508026430F9F744BB75640208C5640208041F002004
S31508026440501C0020034610B5094C552B20680AD06B
S31508026450562B0CD1002000F063FE20680121BDE80E
S315080264601040F9F72BBBBDE81040FFF7BDBF10BDC2
S31508026470041F0020512803D1024B1868FFF7B4BF46
S31508026480FFF7E0BF041F00200C4B512810B51C680B
S315080264900FD1A06A20F098FD01462046F9F7C4FDFF
S315080264A0074BA26A9B682046BDE810401A60FFF7B0
S315080264B09BBFBDE81040FFF7C5BF00BF041F002001
S315080264C0501C00200E4A512810B5146805D05328CE
S315080264D009D0BDE81040FFF7B5BF617D0120BDE8D0
S315080264E0104001F03DBA2046FFF790FE30B101F0A8
S315080264F07FFC2046BDE81040FFF776BF10BD00BFFF
S31508026500041F002038B50D460446002000F008FE98
S3150802651001F06EFC29462046F9F790FF0022014B4E
S315080265201A6038BD081F00200123074A03FA00F043
S3150802653002F1140353E8003F034302F1140C4CE83A
S3150802654000310029F4D17047681C00202DE9F0417A
S31508026550324E054673690C4613F4C07F03D098067B
S3150802656059D401200CE039B1590705D4D5F8A4301D
S3150802657013B90820FFF7D8FF73699A0602D50020D7
S31508026580BDE8F081B27FAB6A022A03F0080709D98F
S3150802659027B184F001004000C0B2F1E7002CEED02A
S315080265A00320EDE77FBB002CE9D05B05D5F8A000F8
S315080265B048BFD5F8A40020F0C4FCC1B2063195F84C
S315080265C030011CF01FFA95F88F108046063195F8AF
S315080265D030011CF017FA05461CF071F9F36A1FFA26
S315080265E088F8A3F596731B1AA3EB0803ADB25B1BD7
S315080265F0002B0EDB736913F01C0FC0D137B1002CC8
S31508026600BDD10520BCE7002CCFD0B8E7002CB6D008
S31508026610F7E70420B4E70029A6D1B0E7681C0020F2
S3150802662038B504460B4B186000F594701CF04EF909
S315080266302046F9F7CFFEC4B2204617F07AFF054680
S31508026640204617F078FF29460246022017F081FFF6
S3150802665038BD00BF081F002038B50446114D4FF457
S3150802666080616B69283043F400736B611BF0C5FFC8
S315080266700121204618F0AAFC00212046FFF766FFF2
S31508026680014620B12046BDE83840FFF73BBF68699E
S31508026690617D80F48070C0F30020BDE8384001F0C7
S315080266A05FB900BF681C002008B5002000F038FD5D
S315080266B001F09EFB0022014B1A6008BD081F00204C
S315080266C010B50446FFF7ACFF064800F029FD6168DD
S315080266D0226C637D1120BDE8104001EB92021CF08A
S315080266E033B900BFDD690208454B37B51C6800237C
S315080266F0A26A01935005D4F8A03012D504F1A40079
S31508026700019320F00BFCC4F8A00050B194F846316E
S315080267104FF48061013B84F8463104F128001BF0EE
S315080267206CFFD4F8A0500DB9364B9D6894F94631E2
S31508026730022B0DDCD4F8A83013B1A36AD90502D509
S31508026740D4F8AC3023B14FF480512046F9F758FEFD
S31508026750D4F8A410A36A002914BF01210021AA793A
S315080267604FEA830302F10C0203F00C0343EA011316
S31508026770A95C21F01C0143EA0103AB540DD1214A5D
S3150802678002F1140353E8003F23F0080302F1140050
S3150802679040E800310029F3D102E00320FFF7C4FEE6
S315080267A0284601F027FE2046F9F714FEAB792B445A
S315080267B05B7B1BB1012180B217F000FF019B53B12D
S315080267C05B7903F00A03082B02D12046FAF770F91F
S315080267D001A820F085FB6B799A070ED5A36A1B04DC
S315080267E00BD50820FFF7A0FE4FF4004104F128005C
S315080267F003B0BDE830401BF000BF03B030BD00BF98
S31508026800081F0020681C002000232DE9F04385B0EC
S315080268100446032103A8039301F088FC039D35B9B6
S31508026820F4212046FFF76EFE05B0BDE8F083AB798A
S31508026830694F0C331D442A797B69D6074FD4DD0686
S315080268404CBF07200420FFF76FFE002601212046D1
S31508026850FFF77CFE054650B97869617D80F4807041
S31508026860C0F30020400001F065F8FFF73DFF0398EA
S3150802687001F08CFCDDF80C807A6998F8063051062E
S3150802688003F10C0308EB030915D458F80330062064
S315080268903B61FFF749FEA36A1A060CD404F12802E3
S315080268A052E8003F43F0800342E800310029F7D15D
S315080268B00120FFF739FE4946204618F08DFB99F864
S315080268C00430DB0740F18480002E52D11DB12946DF
S315080268D02046FFF717FE03A801F040FAA4E70120B5
S315080268E023F010037B61FFF71FFEAE7AF0062FD561
S315080268F00220FFF719FEA36AAA7A83F00203C2F3FB
S315080269008002C3F340039A422FD14FF4006104F187
S3150802691028001BF072FE50E8002F42F4806240E81D
S315080269200023002BF7D1A26A82F00202A262BB7789
S31508026930AA7AA36AC2F3C00203F001018A4284D189
S3150802694083F0010316F0030618BF0126A3627DE74A
S3150802695007F1140353E8003F23F0040307F1140177
S3150802696041E80032002AF3D1C5E7BB7F0133DBB227
S31508026970DDE72046F9F72EFDC0B217F0DAFD064626
S315080269802046F9F727FDCDF80480A38F82B200933B
S3150802699031460023022017F0C8FD4FF0FF3103A845
S315080269A001F0C4FB039B9A791344DB7D002B8DD03F
S315080269B02046F9F70FFD012180B217F0FFFD2046A8
S315080269C00399FAF79FF8002D3FF42EAF294628E7D8
S315080269D0002E3FF47BAFE0E7681C002008B50346AB
S315080269E0114A532B10680BD002D8512B18D008BD68
S315080269F0553B012BFBD8BDE80840F121FFF782BDC4
S31508026A00FFF702FF094A02F1140353E8003F23F095
S31508026A10200302F1140040E800310029F3D1E6E729
S31508026A20BDE80840FFF718BE081F0020681C0020B2
S31508026A30174B513810B51C68052819D8DFE800F03D
S31508026A4008180318191F2046BDE81040FFF7DCBED8
S31508026A502046FFF701FE0F4A02F1140353E8003FEE
S31508026A6023F0200302F1140040E800310029F3D193
S31508026A7010BDF1212046BDE81040FFF743BD4FF493
S31508026A80806104F128001BF0B8FDF221F2E700BF8D
S31508026A90081F0020681C002010B50446FFF7C0FD39
S31508026AA0054800F03DFBFFF71FFE627D6168022084
S31508026AB0BDE810401BF020BF316A0208034B5B6A2F
S31508026AC013F0060F0CBFE220F1207047381D002094
S31508026AD008B5FFF711FA054B834206D101F088F98A
S31508026AE0BDE80840002000F01BBB08BD381D002089
S31508026AF070B51E4C1E4800F013FB94F85C3094F8EF
S31508026B005D200021C8201CF043F8014604F1540018
S31508026B1001F0BEFE04F154001BF0D8FE0022114615
S31508026B20104617F016FD66681BF0C9FE0246FFF707
S31508026B30C5FFB61AB6F5FA6F05460BDCFFF794F8E9
S31508026B40627DA0F5E17128461BF03DFFBDE8704065
S31508026B5001F02CB96668FFF787F83146A0F5E172AD
S31508026B60637D28461BF0F0FEF0E700BF381D0020C3
S31508026B70ED6E020838B501F03BF9FFF77BF840F2F3
S31508026B80EE2398420E4C0EDDFFF798FF0546FFF7F7
S31508026B906BF8627DA0F5E17128461BF014FFBDE88B
S31508026BA0384001F003B91BF08AFEE36B62689B1A50
S31508026BB00344E3630020BDE838401AF08DBE00BFE7
S31508026BC0381D0020F7B5104C064694F84D500F466E
S31508026BD02DB10020013D84F84D5003B0F0BD0B4B9A
S31508026BE002201B68597800F0A5FE94F848303A4608
S31508026BF0CDE9005331460323206B1AF09EFE206B23
S31508026C0001F0F8FB0120E8E7381D0020381F0020B4
S31508026C10094A02F1240353E8003F43F0080302F14C
S31508026C20240040E800310029F3D1044B01201B68F7
S31508026C30597800F095BE00BF381D0020381F002085
S31508026C4070B50A4C636A5B070DD58B790C33CD1880
S31508026C5050B9E879CE5829891BF0D4FE0644A663B2
S31508026C606B7984F84C3070BD0120F3E7381D00209B
S31508026C702DE9F04F16468DB0021E069108BF002177
S31508026C801F46964B0592DD6A5B6AAC7938460C3428
S31508026C902A5DC3F3801B61F345122A55314603F078
S31508026CA04002039217F0B4FC05EB04080790285D2E
S31508026CB008F108094946C00917F0AAFC039B82464F
S31508026CC0002B44D1002844D117F0A0FC80F0010320
S31508026CD0DBB25A463146384603F001031BF09CFEE6
S31508026CE00490002800F08A80039B002B33D1BAF166
S31508026CF0000F75D1079B002B72D017F076FC00287F
S31508026D006ED001220AA90DF1270017F085FC00288A
S31508026D1074D09DF827302A5D591E4B424B41B3EB7E
S31508026D20D21F6BD1062248460AA917F05FF8002837
S31508026D3064D13368C8F80830B388A9F804302B5DE3
S31508026D4067F3C7132B554FF0000AD34619E0012300
S31508026D50BFE7039BBDE7614B5B6A13F4007A1CD15C
S31508026D6015F804B0CBF3801B504617F05AFC33686B
S31508026D70C8F80830B388A9F804302B5D67F3C7133F
S31508026D802B55059B554E002B3ED196F8AD30002B60
S31508026D903AD0013B86F8AD3030E017F023FC0028E4
S31508026DA006DA15F804B04FF0000ACBF3801BDBE7CE
S31508026DB000221146104617F027FC15F804B0824641
S31508026DC0CBF3801B0028CFD0002302211A4608EBFA
S31508026DD001001AF08AFD2B5D60F386132B55C3E773
S31508026DE07A1E57422B5D5741B7EBD31F06D10622AF
S31508026DF03146484616F0FAFF0028A4D00023049329
S31508026E0004980DB0BDE8F08F1BF059FDF36A00F146
S31508026E1096019A7908F10E0013441A6B059B0093A2
S31508026E209DF858301BF0F2FB2D4B059A07461B6856
S31508026E30A2B95978022000F07DFDF06A01F0DAFA6B
S31508026E40F36A9A7913441F63FFF756F8254B836151
S31508026E50069BBBB9736A23F4806316E0D9790020CE
S31508026E6000F068FDF06A01F0C5FAF36A1E489A79DD
S31508026E7013441F6300F054F9069BC3B9736A23F4DB
S31508026E80806317E0736A43F480637362039B9BB162
S31508026E90BAF1000FB4D0002359461A4608F1020087
S31508026EA01AF023FD2B5D60F386132B55A8E7736A48
S31508026EB043F480637362EBE72B5D0022C3F3C013CE
S31508026EC049460AA88DF8283017F0A6FB2B5D9DF8CF
S31508026ED0282062F3C7132B55DAE700BF381D0020B6
S31508026EE0381F0020C9440208B97002082DE9F04F7C
S31508026EF0532885B01FD005D8512800F0CE8005B09A
S31508026F00BDE8F08FA0F15503012BF8D855384FF09C
S31508026F10010118BF0120FCF7A1F81BF0D0FC644A56
S31508026F20D36B51685B1A03440020D36305B0BDE8EE
S31508026F30F04F1AF0D1BC002503A84FF0FF31039594
S31508026F4001F0F4F803985A4E58B1FCF775F9082877
S31508026F50804603D8574B1F5C380709D403A81FF08D
S31508026F60BFFF736A13F0060F15D0FFF703FE12E090
S31508026F70B8F1070F16D1726A12F48012EED13046B2
S31508026F800399FCF7B5FE0028EBD0FCF797FD10B184
S31508026F900120FBF7DDFF0121084605B0BDE8F04FE9
S31508026FA0FCF75CB8039CFEF765FE736A814613F02C
S31508026FB0040343D017F0020340D0A0F56E73002BEA
S31508026FC00DDD0120A2790C322244917A0090C1F398
S31508026FD080130C32C1F34011FFF74AFE05462046DC
S31508026FE001F0D4F821460120FFF72AFE736AD90771
S31508026FF02ED503F0800A94F806B017F007FB0BF1BA
S315080270000C0BA34480F001039BF80A00BAF10002B4
S3150802701018BF0122DBB20BF10C01C0F380101BF082
S31508027020FBFC68B155BB736A20469A073AD5FB073B
S3150802703012D47B0739D5FCF763F892E71D46CEE7EB
S31508027040BAF1000F04D1514617F0E8FA0028E9D040
S3150802705020460EF019FD1CE01BF09FFA70B1A9F24A
S315080270601659B9F1000F09DDA0790C302044817A4E
S315080270700C30C1F38011FFF7A5FD0546B8F1040FE0
S3150802708002D1736A9907E3D57A07E1D52046FCF758
S3150802709037F8002D7FF47FAF63E705B0BDE8F04F00
S315080270A0FFF7B6BDB8F1040FC3D10EF0EDFC58E7F1
S315080270B0381D00209CDE0408512808B50BD1084863
S315080270C000F02EF80122074B104693F94C10BDE842
S315080270D00840FCF78FBABDE80840FFF707BF00BFB4
S315080270E0ED6E0208381D00200022024BC3E9002279
S315080270F0704700BF2C1F002010B5074C2022002124
S31508027100204616F09DFE0523A383044BA36100F0D7
S31508027110DFFA9030206010BD0C1F00200F280408EB
S3150802712010B5044623F0E7F90022044B5C60044BD1
S31508027130BDE810409A6123F0D9B900BF2C1F002080
S315080271400C1F0020034B03EB80035868003818BF56
S31508027150012070470C1F002010B5044623F0CBF916
S315080271600022044B9C61044BBDE810405A6023F090
S31508027170BDB900BF0C1F00202C1F002010B5074CFC
S31508027180A36953B10020FFF7E7FFFF23A38300F0AB
S31508027190B3FEBDE8104000F005BA10BD0C1F002072
S315080271A070B5C5B2212D044612D100F0F1FB0A4B87
S315080271B0220CC4F3074403EB84049A8362689A6137
S315080271C0054A936933B12846BDE8704011681847E5
S315080271D0222DF5D170BD00BF0C1F002038B50D4B0E
S315080271E004461A7812B100221A7038BDC5B2FEF7E3
S315080271F083FE40B1C38AB3EB144F284605D1BDE8D6
S315080272003840FEF76FBEFF23F5E7BDE838401BF0AE
S31508027210E2BA00BF2C1F0020A0F121030E2B10B5E5
S31508027220044611D8FEF768FE60B3C08AFF2829D043
S31508027230222C03D1BDE81040FFF7A0BF44EA004064
S31508027240BDE8104000F012BAA0F131031E2B0ED889
S31508027250114B988B44EA004000F01CFA312C11D1EC
S315080272600020FFF779FFBDE810401BF01EBBA0F116
S3150802727011030E2B06D8132C40F4A02003D006D9EE
S31508027280142CDDD010BD0122044B1A70D8E7BDE8D4
S31508027290104000F0FFB900BF0C1F00202C1F002071
S315080272A00B4A10B5936904461BB11168BDE8104034
S315080272B01847084B5B6813B1BDE810401847FEF73C
S315080272C01BFE014618B183690BB12046EEE710BDD5
S315080272D00C1F00202C1F0020024B186908B106F06B
S315080272E003B97047300B002038B50A4B1C6804B145
S315080272F00C3400F0EDF90025C0F89050204600F055
S31508027300F9FA28461BF0DFF9BDE8384001481FF0B4
S31508027310E7BD00BF341F0020002310B53E4A02F124
S31508027320100151E8001F02F1100C4CE80034002C41
S31508027330F5D140EA0104A00201D5FEF719FD2101A3
S3150802734001D500F09BFDE20301D500F05BF9002CA4
S3150802735001DAFAF735F9630001D5FCF71BF8A00044
S3150802736001D5F9F725FFE10007D5F8F7C5FB20B9DE
S315080273704FF0805129481BF000FA620107D518F030
S315080273804FFB20B94FF0806124481BF0F6F9A301A0
S3150802739005D51BF0FBFBF9F7DDFE17F01CF9E0013A
S315080273A008D5FDF70FFC072804D14FF080711B485A
S315080273B01BF0E3F9610201D517F007F9220201D59C
S315080273C017F0B5F8E30207D517F0A4FD20B94FF474
S315080273D0801112481BF0D1F9A00507D5FAF7FAFC75
S315080273E020B94FF400710D481BF0C7F9E10507D51E
S315080273F0F9F716FE20B94FF4807108481BF0BDF95B
S31508027400620503D517F0AEF817F0ADF8230501D5D6
S3150802741019F019FB10BD00BF300B0020400B0020ED
S31508027420014B1B6818407047300B002010B5044BFF
S31508027430D3E9064204430A43C3E9064210BD00BF24
S31508027440300B002038B50446344DFEF71DFC0021EA
S315080274502022284616F0F4FC4CF20C000021FFF715
S31508027460E5FFC4B1A3684FF6FF720020A18B2B601B
S31508027470F9F708FB02201FF0CEFE294B18600028F8
S3150802748049D023460C3004F1200253F8041B9342D8
S3150802749040F8041BF9D1234B2348AB6000232B7316
S315080274A00EF02EFBF9F76EFF204600F0BBFD0546EF
S315080274B078BB00F0FFF920B14FF480700021FFF786
S315080274C0B5FF00F007FA20B14FF400600021FFF77C
S315080274D0ADFF2CB1B4F91210B4F9100001F0C0F9DD
S315080274E01BF05FFB01F092FBFBF7DEFB054680B95A
S315080274F0FAF74EF800F03EF800F0E2F8FFF7F4FD6E
S3150802750000F068F818B9BDE8384000F069B8FFF726
S31508027510EBFE284638BD0125FBE700BF300B0020ED
S31508027520341F0020D9720208340B0020014BD3E91C
S3150802753006017047300B0020054B9B69DA054CBFE4
S31508027540032001201B0548BF40F00400704700BF16
S31508027550300B0020014B1860704700BF381F00200F
S315080275602022034BC3E900229A6000221A7670474A
S31508027570601F002038B50025084C094B1C222946F5
S315080275802046C3E9005516F05BFCFFF7E9FF3023F6
S315080275906576C4E90333636138BD00BF601F002006
S315080275A03C1F002008B522F0AFFF30230749084ADE
S315080275B0CB60D3600B6113614B61536100234B7639
S315080275C05376BDE8084022F09ABF00BF601F00202C
S315080275D0441F0020014B1878704700BFC7330020AC
S315080275E010B5044C23781BB91BF009F90123237043
S315080275F0002010BDC7330020014B1868704700BF32
S315080276003C1F0020F8B5164E22F07EFF3546154C73
S3150802761007460FCD0FC495E80700002584E8070042
S31508027620FFF79EFF30233846C6E903337361757642
S3150802763022F065FF0C4E103CE068302804D07368CF
S31508027640C6E90030FFF7CAFD54F8040B202801D01A
S31508027650FFF7A6FD0135EDB2032DEDD1F8BD00BF4A
S31508027660601F0020441F00203C1F002010B504465E
S3150802767022F04AFF064A137E42F823400133137664
S3150802768022F03DFFBDE810404FF4803005F02CBFD4
S31508027690601F002010B5044622F036FF074A537EC3
S315080276A002EB83010133CC60537622F028FFBDE852
S315080276B010404FF4803005F017BF00BF601F00204E
S315080276C094220021014816F0BBBB00BF7C1F002094
S315080276D0004870477C1F0020074B586940F20D137B
S315080276E038B9002BC1BF45224433B3FBF2F0C0B20E
S315080276F070470068453BF3E7500B00202DE9F0413F
S315080277004FF0000882B0CDF80480F8B10546154F4F
S3150802771001AC09E023601B687B612368C3F800801B
S315080277202668002D344611DD7B69453D002BF1D1D3
S3150802773001201FF070FD064620600028F1D101A83D
S315080277401FF0CEFB304602B0BDE8F081102000F0F3
S31508027750A3FD019E3046737943F00103737102B0AB
S31508027760BDE8F081500B002037B5184D0446EA698A
S3150802777092F87D3013B9002003B030BD01281CD021
S3150802778002280CBF022301238DF8043001238DF849
S315080277900530936F286923F4805323F00203936715
S315080277A001A91EF0FCFB0028E6D1012C07D1EA69E3
S315080277B0936F43F002039367DDE70423E4E7022CA1
S315080277C0D9D1EA69936F43F48053F4E7500B00204A
S315080277D037B5174D0446EB6993F87D2012B9002098
S315080277E003B030BD01281AD002280CBF022201229A
S315080277F08DF8042001228DF805209A6F286922F057
S3150802780044029A6701A91EF0B4FB0028E8D1012CAC
S3150802781007D1EA69936F43F040039367DFE70422CF
S31508027820E6E7022CDBD1EA69936F43F00403F4E737
S31508027830500B00200422F0B51D4E0546F36985B0AB
S3150802784083F87C2040791BF01FF82C79074694B1FF
S31508027850A879FFF7BDFF044638BB01466A790120BD
S315080278601BF00DF83B4622467179306905B0BDE832
S31508027870F0401EF0CFBA2B686879039402931BF086
S3150802788003F8009022467179306902AB1EF0C4FAF9
S31508027890044650B9A879FFF79BFF044628B9024661
S315080278A001216B7928681AF0EBFF204605B0F0BD76
S315080278B0500B002010B5064C20691EF069FD28B948
S315080278C020691EF067FD00F0010010BD0120FAE7ED
S315080278D0500B0020014B18691EF05EBD500B0020AC
S315080278E008B5FFF7F5FE024B1030D86108BD00BF98
S315080278F0500B002038B50446084DFFF7F1FFEB6937
S315080279002A689A6744B1A088FEF75AFC0122EB69F5
S31508027910002083F87C2038BD2046F5E7500B00206E
S31508027920034BDA69936F43F480339367704700BF5A
S31508027930500B0020042238B5084B0D46DB6983F844
S315080279407C20FFF745FF044608B100F0B1FC2A4641
S31508027950002101201AF093FF204638BD500B002063
S31508027960022238B5094B0D46DB6983F87C20FFF7FE
S31508027970FBFE044608B100F09BFC2A4600210120C2
S315080279801AF07DFF16F0E6FD204638BD500B0020A2
S31508027990034A136823F40043136000F0DDBF00BFF7
S315080279A0500B002030B51A4D044685B028691EF0E2
S315080279B0DBFC58B328691EF0D5FC00B9E071E379FF
S315080279C073B1ADF8003002230022ADF80230A36885
S315080279D069462869CDE9022201931EF0E2FA80B9C6
S315080279E000232046A371FFF725FFE3793BB140B98F
S315080279F0EA69936F43F04003936705B030BD0028E8
S31508027A00FBD005B0BDE8304000F052BC0E20F8E7C6
S31508027A10500B0020014B18691EF0D5BB500B0020F5
S31508027A207FB5022304462A4D1022EE69002186F804
S31508027A307C30684616F004FA237A03B301238DF8DC
S31508027A40043063680293A37A53B196F87D00FEF771
S31508027A5099FB029B02881344029301238DF80D3089
S31508027A60637A207B8DF80E30FFF77EFE50B1EA6905
S31508027A70936F23F48033936700F01AFC20E023689F
S31508027A800093DEE7E07A1AF0FFFE6A460346697952
S31508027A9028691EF0C3F90028E9D1EB69227AB3F8FE
S31508027AA07A10E37A01F0010162B11A4601201AF04E
S31508027AB0E6FE16F04FFDEA69936F23F48033936767
S31508027AC004B070BD0A46206801211AF0D9FEF0E713
S31508027AD0500B00207FB50222194D0E46EB6904466B
S31508027AE083F87C20017A4B1ED9B2437A05291846B7
S31508027AF028BF00212B711AF0A2FE687102460020E7
S31508027B00CDE9023023680193636800937368286994
S31508027B101EF0D9FCEB69227A83F87D2020B104B0E5
S31508027B20BDE8704000F0C4BB307BFFF71DFE00289D
S31508027B30F5D1EA69936F43F48073936704B070BD15
S31508027B40500B00202DE9F0431C4A87B0D56995F8F9
S31508027B506C3003EBC3004FEA800855F8087005EB52
S31508027B6080061FB1304607B0BDE8F0831179106967
S31508027B70717301AA0321B760B7731EF05DFBDDE9D5
S31508027B80031245F80800304608F11003E9501D446F
S31508027B906A60BDF80630BDF80820B7839B1A32839F
S31508027BA09DF804207383072A08BFB368376204BFA7
S31508027BB043F00103B36007B0BDE8F083500B002021
S31508027BC083689B0700D5704730B5154D87B00446C4
S31508027BD001686A4628691EF031FB50B9238B628B0D
S31508027BE06946134403332869ADF804301EF02AFBAC
S31508027BF008B107B030BD009B9DF90E00636000F026
S31508027C003FFE2073EB699DF8111093F87D00FEF78D
S31508027C10ADFAA368A07343F00203A36007B030BDB0
S31508027C20500B00202DE9F04F4FF6FF741F46A14274
S31508027C30038B458B08BF818B1D4418BF8183A942DC
S31508027C40064683B059DA4FF6FF708242A5EB010564
S31508027C5002D09542A8BF15468B42ADB20BD84FF05B
S31508027C600008A8452AD345462846B38B2B44B38336
S31508027C7003B0BDE8F08FA3EB0108A845A8BFA84644
S31508027C8032691FFA88F802EB010BB8F1000F62D0CD
S31508027C90002F5ED0B946C2465246452A594628BFE3
S31508027CA0452248461FF0F8F883B2AAEB0304A4B2A9
S31508027CB083443CBB318B0B46A845D4D2C91A736997
S31508027CC0A5EB080913FA81F41FFA89F9002FCAD01D
S31508027CD04A46452A214628BF452238461FF0DCF87F
S31508027CE01FFA80F8A9EB08039BB20444002BBBD009
S31508027CF03A68CAB117469946EAE70025284603B004
S31508027D00BDE8F08FD9F8002012B19146A246C3E722
S31508027D1099F8040001931FF07EFA019BC9F8000046
S31508027D2060B18146A246B7E7387901931FF073FA24
S31508027D30386040B1019B07469946C9E7A3EB0A0397
S31508027D4043449DB290E7A8EB0908A8441FFA88F5B0
S31508027D508AE73D4688E719460B46ADE72DE9F04125
S31508027D60064622F0D1FB0746FFF7B6FC354604461F
S31508027D70286818B16CB928461FF0B2F831680A4863
S31508027D801FF084F9384622F0BAFB00233360BDE8B7
S31508027D90F081D0F800801FF032FA2B68013CC3F854
S31508027DA000802D68E4B2E3E7640B002010B5094CA5
S31508027DB0E369986F10F400700AD020691EF05AFA27
S31508027DC030B9012120691EF053FA80F00100C0B2D1
S31508027DD010BD00BF500B0020044BDA69926F920562
S31508027DE003D5002118691EF043BA7047500B0020CC
S31508027DF010B5154CE36993F87C30012B08D00022A4
S31508027E00114610461AF03BFD0122E36983F87C20ED
S31508027E100022032120691DF0EEFF002201212069BC
S31508027E201EF012FAFFF7D8FF00201AF030FD1AF0FA
S31508027E3030FD00201AF02FFDE269936F23F4847354
S31508027E4043F4C043936710BD500B002010B522F0CF
S31508027E505BFB0446FFF7CCFF074B5620DA69B2F8FC
S31508027E6074300133A2F87430FFF71AFA2046BDE8D7
S31508027E70104022F044BB00BF500B0020F8B51C4D41
S31508027E80EA69936F1C0704D523F008039367FFF783
S31508027E90DDFFEB699B6FD8060FD522F035FB064648
S31508027EA0FFF71AFC0446134F24B101201FF0B3F959
S31508027EB00146B0B9304622F022FBEA69936F990669
S31508027EC015D523F02003936700F08CFF78B122F0D2
S31508027ED01BFB0446FFF7BAFF2046BDE8F84022F02E
S31508027EE00EBB3846013C1FF0DBF8E4B2DCE7F8BD0E
S31508027EF0500B0020640B002008B5FFF779FF00F04D
S31508027F002BFD034A136823F40043136008BD00BF20
S31508027F10500B0020002210B5094C104611461AF0E3
S31508027F20AEFC206905F036FD1AF0A8FC04F114002F
S31508027F301EF0D6FFE269936F23F01003936710BD14
S31508027F40500B0020024B1868C0F38020704700BF10
S31508027F50500B002038B5154C0546E36993F87D3079
S31508027F6083420ED0431E042B08D8DFE803F0030B26
S31508027F700F141600206906F0B9F910B9E36983F8F7
S31508027F807D5038BD20691AF088FCF6E70121206980
S31508027F901AF085FCF1E70321F9E7FFF7D3FF00287A
S31508027FA0ECD020691AF07DFCE7E700BF500B0020F1
S31508027FB073B504460D4D407A002628711AF03FFC27
S31508027FC06871207AFFF7C6FF0096637AD4E9002122
S31508027FD028691EF052FA32463146304616F0B9FA88
S31508027FE020681AF055FC02B070BD00BF500B002085
S31508027FF038B50B4C05462368206923F48063236051
S315080280001EF0CCF938B10DB9002038BD236843F407
S3150802801080632360F8E7002DF6D00C20F5E700BF51
S31508028020500B0020F0B5394C0546216889B011F08D
S31508028030010163D12022204615F002FF34481DF0C3
S315080280400BFF074610B1102009B0F0BD314E324B76
S3150802805030463360314B73601AF015FC39463046A8
S3150802806005F02EFCAB682061DB0249D40120EAF751
S3150802807097FF0028E7D102224FF0FF3120691DF051
S31508028080BBFF06460028DED10120FFF7B1FF4FF4F9
S3150802809000733246224920691EF0B0F8B0F5007F17
S315080280A0D1D1287E00F086FA0028CCD120691EF0AC
S315080280B0A0F90028C7D100F011FB0028C3D13C2340
S315080280C094220393CDE9013296235022059001A901
S315080280D02069CDE90623049305F00CFD0028B2D1E8
S315080280E001201DF08DFE0028ADD00E4A0E492069EA
S315080280F01AF0C7FB236843F0010323600020A3E7B5
S3150802810001211DF067FE0028B0D09CE7500B002025
S31508028110690345EC20200020D9820208102000209D
S31508028120602100203B280408692804082DE9F0414B
S3150802813005460E46FFF706FD2F680446C7B9638B48
S31508028140008B18440A30FFF7D9FA03462860C0B1F3
S3150802815082790C321344A2681A71618B228BDF7101
S315080281600A441A81084A0A2112799A711EF088FE6F
S3150802817020462B68B2B24FF6FF71BDE8F041FFF711
S3150802818051BDBDE8F08100BF500B002070B5054611
S315080281900D4BDC6994F86C6006EBC60004EB8000B4
S315080281A0FFF70EFDAA790C32AB18197941F00201D4
S315080281B01971242101FB06446168A950227B5A7170
S315080281C0A27BDA7170BD00BF500B002038B5FDF7EF
S315080281D093FEC8B1847DC4B92A4DEB6993F87C2015
S315080281E0022A10D1B3F8702053200132A3F8702066
S315080281F0FFF756F801201AF04EFB2421EA6992F895
S315080282006C304B43D45038BDFF242046FEF79AFF04
S31508028210002831D01B4CE36993F87C20022AF2D15C
S31508028220B3F8702053200132A3F87020FFF738F80C
S3150802823001201AF030FB23681B0407D5E36993F87B
S315080282407C30012B02D05220FFF72AF82422E1695A
S3150802825091F86C305A438818806810F004001FBFE2
S3150802826003220133B3FBF2F202EB42021ABF9B1A54
S3150802827081F86C308850C6E75320BDE83840FFF7CE
S315080282800FB800BF500B0020024BDB6993F87D0044
S31508028290704700BF500B0020044BDA69936F034303
S315080282A093674FF0006005F01FB900BF500B00201E
S315080282B038B5054622F01FF90446064B0820DB6945
S315080282C083F87E50FFF7E8FF2046BDE8384022F0E3
S315080282D00DB900BF500B0020F8B515461C460646D8
S315080282E0194610461AF0D2FA2A46234630461AF09A
S315080282F0EAFA3E4FD7E9022300EA020401EA030535
S3150802830054EA05032FD0A4F108032B4325D0A4F57C
S315080283108043083B2B4327D0A4F10C032B4319D0E7
S31508028320231F2B433FD0324B23402BB124F001139A
S3150802833023F4A0432B4346D004F17F432B4335D085
S31508028340600122D5FA69936FD9051ED523F4807385
S31508028350936704E000201AF09EFAFFF737FF2046DB
S3150802836029461AF08FFAF8BDFFF730FFFA6992F834
S315080283707C30022BF3D140F60201906F814318BF7D
S315080283800123552082F87C302CE022F0B4F86422CE
S315080283900646FB69082083F87E20FFF77DFF3046F4
S315080283A022F0A4F8DBE71AF077FAD8E7FA6951203F
S315080283B0B2F86E300133A2F86E30FEF771FF012073
S315080283C01AF069FACBE7FB6993F87C20012AC6D032
S315080283D040F60202996F55208A4314BF01220222EF
S315080283E083F87C20FEF75CFFB9E700BF500B00203C
S315080283F00150010038B5044680790C4D0C302044F2
S3150802840016F0A9F80123A179E279521A0C3121440E
S315080284102869D2B21DF0F0FE246804B938BDA179E4
S31508028420E2790023521A0C31F1E700BF500B002003
S315080284302DE9F041054680790C460C30284416464B
S315080284401F4616F088F8A979EA79DFF85C80521A8D
S315080284500C310123D8F81000D2B229441DF0CCFE03
S3150802846044B1E379A2799B1ADBB2B34204D30CB1C5
S31508028470002F04DCBDE8F0812468F61AF0E7A1793A
S31508028480E57900236D1AEDB2AD1BBD42A8BF3D4684
S315080284900C3131442144D8F81000AAB21DF0ACFEC2
S315080284A0002624687F1BE2E7500B002010B4254CF7
S315080284B02269B2F9001081422DDA034694F814C0F3
S315080284C00CF18041013932F9210002EB810198420F
S315080284D025DD312B28DDA17D8C4530D902EB8100C3
S315080284E032F921409C4224DB14D001F1804C0CF174
S315080284F0FF3C32F92CC0E41A002CACEB0303B8BFDC
S315080285006442002BB8BF5B42A34203DA0139C9B2FF
S3150802851002EB8100024610465DF8044B70470A4694
S315080285205DF8044B10467047002BD4BF0021617DCD
S31508028530D2E70131CCB2A44500F10400D0D81046E6
S315080285400246E8E730200020042307B58DF80730F5
S31508028550002306481A460DF1070100691DF013FFAC
S315080285609DF8070003B05DF804FB00BF500B00201E
S3150802857037B5044621F0C8FF0B4B054618689B8899
S315080285800090ADF80430094B694618698DF8004029
S315080285901DF004FE47F6FF72054B28469C739A8126
S315080285A021F0ADFF03B030BDBA280020500B0020E1
S315080285B03020002037B58DF80700EFF7E9FD134C98
S315080285C00368134D236083889DF80700A380FF285C
S315080285D003D0FE2809D1FFF7B7FF207000212869CA
S315080285E005F060FC002003B030BD237828698DF8B9
S315080285F0073000230DF107011A461DF0C4FE10B11B
S315080286009DF80700E9E72020EDE700BFBA28002019
S31508028610500B00200346044AB2F902001BB1034B71
S315080286201B8BC01A00B2704730200020500B002066
S31508028630084B10B5B3F9004030B903EB4103B3F95F
S3150802864002309C42A8BF1C46A242A8BF2246104638
S3150802865010BD00BF30200020024B1B69B3F9000091
S31508028660704700BF30200020034A137D1269013B80
S31508028670DBB232F923007047302000207FB5ADF80F
S315080286800210ADF80420ADF806304FF0C8124FF0CC
S3150802869082136946CDE90223ADF800000C46FFF7BE
S315080286A0E3FF042202ADB1F9003035F9026B8342C9
S315080286B0A8BF03461BB2B342A8BF334621F8023B02
S315080286C0531E13F0FF02EED194E80300024B83E82F
S315080286D0030004B070BD00BF342000202DE9F04F1E
S315080286E0DFF878A189B0DAF80000BAF80430069003
S315080286F0C0B2FF28ADF81C3003D1FFF725FF8DF86D
S315080287001800534F06A938691DF048FD21F0FCFEF2
S315080287104FF4FA71029038691DF027FD386905F0A1
S31508028720ABFB4C49009038691DF01FFD386905F00E
S31508028730A3FB4FF01E08484D01904FEA88001EF031
S31508028740C0FE064680B14FF000030024DDF804900F
S315080287506B75AB75009B4B451EDA234647F6FF72CF
S31508028760434571DB2E612C75029821F0C8FE6423FD
S315080287701A4619461846FFF781FFFFF775FF2B6958
S3150802878028801B8800206B8047F6FF73AB810C2379
S31508028790AB7309B0BDE8F08F9AF80030ADF81690C1
S315080287A0FF2B34D14FF00C0338698DF815300DF1D3
S315080287B0150200230DF1160105F058FD9DF815B0B6
S315080287C0AB7B5B4502D05846FFF7D2FE494638696D
S315080287D01DF0CBFC0028C7D1386905F04DFB019B7B
S315080287E083422CDC009B834229DB34B104F18043AB
S315080287F0013B36F92330834221D0A0450AD83046B8
S3150802880008F105081EF05FFE5FFA88F895E78DF80D
S315080288101530D3E7002802DA6C75AC7501E0312809
S31508028820FBDD06EB840326F8240083F802B03869D8
S3150802883003931DF098FC039B0134D870E4B209F146
S3150802884001090FFA89F985E726F82320013387E714
S31508028850500B00200CFEFFFF30200020BA28002013
S315080288608BB200294FF00A01B4BF053B05331BB290
S3150802887093FBF1F3014A108353837047500B002090
S31508028880024B5B8BC01A40B2704700BF500B0020E8
S31508028890044B10B51B8B0446C81A00B2FFF706FE36
S315080288A0E06010BD500B002010B5094C2369B3F9DE
S315080288B000108142B8BF0146FFF7D6FE8842A8BF1C
S315080288C0084600B2FFF7F2FD0388638010BD00BFB9
S315080288D03020002010B50146FFF7C6FE884203463F
S315080288E0A8BF0B46064C18B22269B2F9002090427C
S315080288F0B8BF1046FFF7DAFD0388238010BD00BF14
S315080289003020002070B5044608B3114DB0F9003086
S31508028910B5F90C209A421AD021F0F6FDAB7B064631
S31508028920A078834201D0FFF723FEB5F90C20B4F9EB
S3150802893000309A4206D0074BE17818691DF002FC0E
S315080289402388AB813046BDE8704021F0D8BD70BDA2
S3150802895030200020500B00200022044BDB691A60ED
S315080289605A629A64A3F86C20704700BF500B002025
S315080289702DE9F04F87B0074691469A46ADF80C1096
S315080289801EF022FBB0F100083DDD002F3ED03C462A
S315080289904FF0000B264EA379E57903F10C01ED1A87
S315080289A0EDB2214406EB0B002A4615F087FA246835
S315080289B0AB44002CEFD19DF80C101E4801F02301A0
S315080289C00091C0F808900DF1140942465346184919
S315080289D0CDF80490A04621F0C1FE3C46A379E5797C
S315080289E003F10C00ED1AEDB206EB080120442A4603
S315080289F015F064FA2468A844002CEFD104224946EB
S31508028A0038461EF006FD07B0BDE8F08F9DF80C103B
S31508028A10084801F02301C0F808900DF114090091E5
S31508028A20534642460249CDF8049021F097FEE5E7FF
S31508028A3048200020B03800202DE9F04784B090463F
S31508028A4099460390ADF808101EF0BEFA071F002FCC
S31508028A5025DD039D002D40D04FF0000A204EAB794C
S31508028A60EC7903F10C01E41AE4B2294406EB0A0094
S31508028A70224615F023FA2D68A244002DEFD1194893
S31508028A80F119C0F8088001919DF808104B4601F0CB
S31508028A90230100913A46124921F054FE18B10020EA
S31508028AA004B0BDE8F087039D7DB10746AB79EC7942
S31508028AB003F10C00E41AE4B2F1192844224615F02F
S31508028AC0FDF92D682744002DF0D103A804211EF0D4
S31508028AD01DFB012004B0BDE8F087014ECFE700BFB9
S31508028AE048200020B038002030B514460D4602460C
S31508028AF0064883B00195802183602346009421F0BD
S31508028B0039FEB0FA80F0400903B030BDB038002013
S31508028B100023F0B50E46D1688BB009BA0291C17826
S31508028B2090F800C061F3070381781A4D61F30F23A9
S31508028B30417802AF61F317436CF31F630993936895
S31508028B4051681BBA0393836809BA1BBA0793136859
S31508028B5042681BBA0593C36812BA1BBA06AC0491DB
S31508028B60AF60089206932346802229460120009484
S31508028B7021F003FE0028F6D1DDE90810DDE9063208
S31508028B8000BA09BA12BA1BBA30607160B260F360F1
S31508028B900BB0F0BDB03800202DE9F84FDFF8689029
S31508028BA08246D9F800B088461746BBF1000F28D08E
S31508028BB0002699F80450B54207D13D7099F8040089
S31508028BC0A84214BF0120022017E074196110C1EBF4
S31508028BD0C10159448879C4F3470400F00100B8EB8F
S31508028BE0000003D10622504615F000F9002806DBDC
S31508028BF002D0661CF6B2DEE73C70BDE8F88F254661
S31508028C00D9E70320F9E700BF582100200022014BCB
S31508028C101A71704758210020F8B5054621F074FCF0
S31508028C20104C85F3070563790646AB4205D1002445
S31508028C30304621F064FC2046F8BD0027206865719D
S31508028C40277110B11EF03FFC27606379002BEED026
S31508028C50C5EBC5000DF0A4F820600028E7D16071C5
S31508028C600724E5E7582100204840704700EB00102A
S31508028C70084480B2704700BF90FAA0F000BA80B2EA
S31508028C80704700BF044BD3F8012002605B7903F0FA
S31508028C901F030371704700BFC8330020234B2DE919
S31508028CA0F041002914BF0C461C4600250646174605
S31508028CB013688AB0C4F801301379257063715FFAB4
S31508028CC085F84146384619F056FF38B1237803F13C
S31508028CD028026A44013302F8288C23700135252DAF
S31508028CE0EDD194F800803EB142466946A01D15F0C2
S31508028CF0E5F80AB0BDE8F081B8F1000FF9D00534FD
S31508028D00F5B22946384619F036FF40B9B5FBF8F3ED
S31508028D1008FB13550AAB53FA85F515F8285C013694
S31508028D20252E04F8015FEBD1E3E700BFC833002024
S31508028D30034B002818BF03460B449879704700BFB7
S31508028D40C8330020F8B50D4682EA124296B2314679
S31508028D5003462846FFF788FFFFF78EFFFFF786FFD1
S31508028D60FFF78AFFFFF782FFFFF786FFFFF77EFF0F
S31508028D700546FFF779FF164C002B14BF1F462746F8
S31508028D800446144B781CA3FB0423E21A03EB520392
S31508028D905B0903EBC30203EB8203E41AE4B221463E
S31508028DA019F0E9FE40B93B786E40B6B206FB03F30A
S31508028DB007EB1347B879F8BD7B1D2A3701E09F42B6
S31508028DC004D013F8010F8442F9D1F4E72046F8BD1E
S31508028DD0C83300204D91CFBA014B186E80B2704746
S31508028DE000C001B80A4BD86800F07060B0F1106F85
S31508028DF00CD008D8B0F1E06F08D0B0F1006F14BFFC
S31508028E00002001207047B0F1406FF8E70120704753
S31508028E10000002B80022034B1A609A80FF229A7158
S31508028E20704700BF15340020064A1379834207D9D2
S31508028E30012312688340134214BF012000207047A1
S31508028E400020704760230020054A03461068002266
S31508028E5008B91A607047C10748BF01324008F7E7E8
S31508028E6060230020014B1879704700BF6023002059
S31508028E70F0B541EA002087B040F4902706200E4656
S31508028E801546EFF731FD1EF01CFB044640B90146B4
S31508028E901A200EF0D5F86FF08C05284607B0F0BDFB
S31508028EA043684761DAB222B923F0FF0343F00103AC
S31508028EB0436012F0CAFA0002062E1C4B40F001006B
S31508028EC060600CBF40F201114FF48071204619F020
S31508028ED088FEE360164B2A46236002AB1E4605F15E
S31508028EE010071D4610685168083203C5BA422B4658
S31508028EF0F7D1102130461EF0CEFA1022314620460E
S31508028F0001AB14F0F5F8054620B1014640F20740D8
S31508028F100EF096F8102130461EF0CBFA204614F0D1
S31508028F204DFB20461EF0CFFAB7E700BF00444004C7
S31508028F3000248000102A2DE9FF4706460F461546EB
S31508028F4023D800244FF00109DFF84480DFF844A053
S31508028F50D8F8002009FA04F3134213D046EA04208B
S31508028F6040EA0A006A46E9B280B204F04FFB48B901
S31508028F702A463946684614F039FF18B960B204B071
S31508028F80BDE8F0870134202CE2D14FF0FF30F6E736
S31508028F90602300200080FFFF2DE9F3411D4E0546A0
S31508028FA001460622304614F021FF20B996F906003A
S31508028FB002B0BDE8F0810024A046EF1C2046FFF768
S31508028FC033FFD8B13B88CDF80080ADF80330BB78C3
S31508028FD06946E0B28DF805301EF02DFD21280DD028
S31508028FE0A8B903222946684614F000FF30B92B684F
S31508028FF060B23360AB88B071B380D9E70134202CF4
S31508029000DCD12B683360AB88B380FF23B3714FF092
S31508029010FF30CDE715340020034B93F906300133B0
S3150802902001D1FFF7F7BE704715340020F7B504469D
S315080290301CF0EBFD631C58D1FFF7ECFE0024624ED0
S315080290403379A3422CD84FF400410024084604F091
S315080290503DFB20224FF0FF315C48346014F0F0FEED
S31508029060204600F01DFFFF260446594D5CBB5948B1
S3150802907013F049FF014630B110F1880F03D040F2D0
S3150802908007400DF0DDFF0C214F4A43F6FF7004F04E
S31508029090A1FA202138204D4A04F09CFA00202AE041
S315080290A02046FFF7C1FE60B165B20521284619F0D0
S315080290B09AFD0321284619F096FD0621284619F03D
S315080290C092FD0134BCE794F97530013305D02B784B
S315080290D043B9132120461EF0A9FB204600F0E0FE04
S315080290E00446C3E784F87560F7E72046FFF79CFE57
S315080290F018B940F2064003B0F0BD6B4606220021BD
S31508029100204619F0C6FD002845D049238DF80630B9
S315080291104FF47F41304840EA0420084004F0D6FA6A
S315080291200521204619F05FFD0321204619F05BFD53
S315080291300621204619F057FD01222349E3B29A4037
S315080291400B6823EA02030B60244B93F90630A34209
S3150802915001D1FFF75FFE002005460B791B4A013B4A
S31508029160C1B2994221DBFF260020D65400F098FEB0
S315080291700546174F002D86D095F97530A34205D1BD
S315080291803B78EBB9132128461EF050FB284600F01F
S3150802919087FE0546EEE76B4606220121204619F0B0
S315080291A078FD0028B4D07223B0E75656A64200D0FE
S315080291B025B1551895F90150555401250130CFE7C7
S315080291C085F87560E2E700BF60230020F5330020CA
S315080291D0F3330020370004000080FFFF1534002017
S315080291E0202828BF2020012838BF01200322F8B5ED
S315080291F04300B3FBF2F30D4D0D4A0F4613702B795C
S315080292000446834206460DD82C716F710C21BDE8BF
S31508029210F84043F6FF70054A04F0DCB970B2FFF76E
S3150802922005FF01362B79B342F8DCEDE7602300200F
S31508029230F43300202DE9FF41354C064601A8FFF715
S3150802924003FE2379019A93421ED86279012A40D1F4
S3150802925000274FF0FF383D4610E02368EB40D90758
S315080292600BD5082202AB114668B219F012FD20B1DD
S31508029270039B43453CBF2F469846013523799D42B9
S31508029280EBD378B2FFF7D2FE236813F0010529D093
S31508029290002501220135202D18D002FA05F71F42B2
S315080292A0F8D13B432360A3680C21013343F6FF70D0
S315080292B0174A7361A36004F08DF9A8B1236823EAFB
S315080292C007032360A368013BA36073614FF0FF3570
S315080292D019E0022AFAD10F4A134413F9010D421C66
S315080292E0FBD0CFE70127DCE722790A4C013A21466F
S315080292F0D2B2601C14F08AFD6DB2224620213820B3
S31508029300257004F067F9284604B0BDE8F08100BF6D
S3150802931060230020F53300202DE9F043002489B0AC
S31508029320AF4D04213F2001AA2C7004F06FF900B159
S315080293300194019F002F4FD00026781E47424741CD
S3150802934000242C70A74D0C212A4643F6FF7004F020
S315080293505DF9C0B10D23AB80019B2C60032BAC6079
S3150802936011D803AC2246142143F6FF7004F04EF9D5
S3150802937048B994E8070085E807002A460C2143F60F
S31508029380FF7004F027F9019B042B06D004213F2025
S315080293900DEB0102019104F01DF920213820924AB1
S315080293A004F034F928B120224FF0FF318E4814F028
S315080293B047FD03222B795B00B3FBF2F38B4A13704A
S315080293C0FFF728FDF2F70EFA014618B140F20740F8
S315080293D00DF036FE002413E001263746B0E72B6867
S315080293E0E340D9070BD508224FFA84F811464046BE
S315080293F003AB19F04EFC10B94046FFF717FE0134CD
S315080294002B799C42EBD38EB11021372003AA04F0A4
S31508029410FDF8002852D10620EFF766FA1EF051F839
S31508029420044680B901461A200DF00AFE3FB13D20D6
S3150802943004F008F900242B799C42C0F0AB80002086
S3150802944009B0BDE8F0836A4A43684261DAB222B9D2
S3150802945023F0FF0343F00103436011F0F6FF000215
S31508029460644B40F0010040F201116060204619F099
S31508029470B8FBE360604B1021236003A81EF00BF8CB
S31508029480102202AB03A9204613F032FE064610212B
S3150802949003A81EF00EF8204614F090F820461EF097
S315080294A012F8372004F0CEF846B140F207403146AA
S315080294B00DF0C6FD4FF0FF30FFF7B8FD002623E09A
S315080294C03046FFF7B1FCF0B174B2102203212046F0
S315080294D003AB19F0DEFB1028814620D10321204672
S315080294E003AAFFF7C5FC8046494603A81DF0E1FF1B
S315080294F0B8F1000F0CD040F2074041460DF0A0FD2E
S315080295002046FFF793FD01362B799E42D8D38DE785
S3150802951048F2030040EA062080B204F093F81022CB
S315080295200521204603AB19F0B4FB1028814613D156
S315080295300521204603AAFFF79BFC8046494603A855
S315080295401DF0B7FFB8F1000FD5D148F2050040EA81
S31508029550062080B204F076F810220621204603ABD4
S3150802956019F097FB10288146CDD10621204603AA79
S31508029570FFF77EFC8046494603A81DF09AFFB8F11C
S31508029580000FB8D148F2060040EA062080B204F07D
S3150802959059F8B8E72046FFF747FCF0B166B204224D
S315080295A00C21304602AB19F074FB04280AD1029B3F
S315080295B00122C3F300238DF80C300C21304603AB8D
S315080295C019F026FB00231022CDE90333CDE9053332
S315080295D00D21304603AB19F01BFB01342BE700BF04
S315080295E0F333002060230020F5330020F4330020F3
S315080295F0370004000044400400248000F8B5104BEC
S31508029600044618790F4B00221D46D1B2884204D966
S3150802961013F9017B561CA74204D10B4B1B788B42CC
S3150802962002D9F8BD3246F0E70649481C14F0EEFBAB
S315080296302C702021BDE8F8403820024A03F0CABF40
S3150802964060230020F5330020F433002010B500789B
S315080296501BF054FF0446024819F015FD848010BD1C
S315080296602002090130B50446457887B02A46811C8E
S3150802967001A814F023FC01A9207805951BF048FFE0
S315080296800446034819F0FFFC848007B030BD00BFCA
S315080296902002090230B50446457987B02A46811D5B
S315080296A001A814F00BFCD4F8011001AA207805953C
S315080296B01BF042FF0446034819F0E5FC848007B014
S315080296C030BD00BF20020904002310B5B0F801100E
S315080296D01A4600781BF046FF0446024819F0D3FCE6
S315080296E0848010BD2002090710B5B0F80110B0F841
S315080296F00330421D00781BF045FF0446024819F064
S31508029700C2FC848010BD00BF2002091910B5B0F84A
S315080297100110C27800781BF04FFF0446024819F080
S31508029720B2FC848010BD00BF2002090510B500787E
S315080297301BF038FF0446024819F0A5FC848010BDC8
S315080297402002090D20F00040A0F20540F8B50328D2
S3150802975017D8DFE800F0021728330C790F78A4F13E
S315080297601B02534253414E88CD8801F1080219481B
S31508029770990019F038FC20B10771A0F80560C47188
S315080297800581F8BD0E784D888C8801F108021248C9
S31508029790002119F028FC0028F3D00671A0F805501C
S315080297A0A0F80740EDE70D480D784C6819F0E3FB81
S315080297B00028E6D00571A0F80540E2E707480C78CC
S315080297C019F0D9FB0028DCD0072343710023047162
S315080297D08371D6E7C0DE0408BCDE0408B8DE0408D6
S315080297E01FB50446054901A800F0CCF920B9029B29
S315080297F001A81C7119F06CFB04B010BDF4DE040854
S3150802980010B586B004460B4600920649012203A803
S3150802981000F0D8F920B9049B03A81C7119F058FB6B
S3150802982006B010BDECDE040830B587B005460C4616
S3150802983000930849134603A8012200F0C3F930B978
S31508029840049B03A81D71C3F8054019F041FB07B034
S3150802985030BD00BFE4DE04087FB506460D4601A802
S315080298600749144600F08EF938B9029B01A81E7101
S31508029870A3F80550DC7119F02BFB04B070BD00BFCC
S31508029880DCDE04081FB50446054901A800F07AF98A
S3150802989020B9029B01A81C7119F01AFB04B010BD6D
S315080298A0D4DE040830B585B005460C4601A806493B
S315080298B000F068F930B9029B01A81D71A3F80540AA
S315080298C019F006FB05B030BDCCDE040830B587B00A
S315080298D005460C4600930849134603A8022200F0DF
S315080298E071F930B9049B03A81D71A3F8054019F054
S315080298F0EFFA07B030BD00BFC4DE0408002110B578
S31508029900821D8388044608461DF0B0FD024648B10A
S31508029910618820881AF03AFD0446034819F0B3FB19
S31508029920848010BD1A24F8E720020A1737B5B0F862
S315080299300140C578007819F024FE68B10023214653
S315080299402A46CDE900331AF0B7FE0446034819F051
S315080299509AFB848003B030BD2524F7E720020A0467
S3150802996040F2055320F0004098422DE9F0410BD809
S3150802997040F20153984209D840F2014398420DD069
S3150802998040F20A43984214D0BDE8F081A0F203508F
S31508029990022816D8DFE800F024495C000D784C88C6
S315080299A02D4819F0E8FA0028EED00571A0F805400E
S315080299B0EAE72A480C7819F0DEFA0028E4D004719E
S315080299C0E2E727480F784E880D79CC8819F0D3FA42
S315080299D00028D9D00771A0F80560C5710481D3E7BC
S315080299E08C684E880D790F7884B1B1F8068001F13A
S315080299F008021C48002119F0F6FA0028C4D007719B
S31508029A00A0F80560C571A0F80880BDE7234622467E
S31508029A102146144819F0C0FA0028B5D00771A0F8F3
S31508029A200560C57104724472AEE70F4891F800806A
S31508029A304F880E79CD880C8919F09DFA0028A3D093
S31508029A4080F80480A0F80570C671058144819BE7F9
S31508029A500D784C680548A4E720DF04080CDF0408E3
S31508029A601CDF040818DF040814DF040810DF0408E2
S31508029A7030B587B005460C4600930749134603A836
S31508029A80022200F09FF828B9049B03A89D80DC8077
S31508029A9019F01EFA07B030BD2CDF04087FB506465A
S31508029AA00D4601A80749144600F06CF838B9029B1E
S31508029AB001A81E71A3F80550DC7119F009FA04B061
S31508029AC070BD00BF24DF0408044A0346106810B1BB
S31508029AD002789A4200D170474069F8E76C23002061
S31508029AE038B5074D2C784CB919F079F902F056FFBA
S31508029AF0044B1C60044B1C7001232B7038BD00BF3D
S31508029B001D3400206C2300201C34002070B5104E32
S31508029B1004463568B5B9B0F5006F15D20D49043457
S31508029B20084612F08DFB20460CF03AF92246014609
S31508029B303060084812F089FB33683BB12846064B69
S31508029B401C6070BD1220FCE72120FAE71920F8E70D
S31508029B508023002034DF04087C230020084A136887
S31508029B6033B94178436141F0010141701060704791
S31508029B70197802789142FAD003F114025B69EFE789
S31508029B806C23002038B5044608680D461BF0EBFF27
S31508029B9050B9094B1B6800202A68C4E900531A60A9
S31508029BA0064B1B68A36038BD2028FCD1044B1B68F2
S31508029BB0002BF0D10920F6E7802300207C23002021
S31508029BC0782300202DE9F0471D460C6816464FEA11
S31508029BD00429C4F3072309F4E06949EA03091B4B7C
S31508029BE009EB050A1B680AF104029A4280462AD83A
S31508029BF00123F20093409D4225D2FFF7C3FF074691
S31508029C00C8B924F47F4424F0C70444EA1A244FEA64
S31508029C100A2AD8F804101FFA8AFA44EA0A0441F80A
S31508029C20044B89442A464846089914F047F9012EF6
S31508029C3004D109F8015C3846BDE8F087022EFAD14C
S31508029C4029F8025CF7E71D27F5E700BF7C23002009
S31508029C5038B50446054B00681D684068D4E90123F7
S31508029C601146A8476368988838BD00BFC4380020E3
S31508029C702DE9F84F0F46884657F8041B0546144641
S31508029C8000203A461E4619F0ABF8D8F8008040463E
S31508029C9019F01EF820B19DB941684FEA186359B9FF
S31508029CA00F2133462246404619F01CF90D461AE0A2
S31508029CB04A799A4204D008310D68002DF8D1EFE7A7
S31508029CC0DFF83490DFF83480D9F800B0D8F800A06D
S31508029CD03846C9F80040C8F80060A8470025C9F800
S31508029CE000B0C8F800A02246012052F8041B19F059
S31508029CF077F82846BDE8F88F7423002070230020E1
S31508029D0070B50D4B04020E4604F4E064C0F3072155
S31508029D101B680C43094A04349C42126809D9052B6C
S31508029D2002D91D2119F0DEF800231A4610463360BF
S31508029D3070BD1060043BF9E77023002074230020ED
S31508029D40054B186808B1C3681BB1003818BF012053
S31508029D5070474069F6E700BF6C23002008B539B1A1
S31508029D60FFF7B2FE30B10020034B1B680B6008BD3B
S31508029D702220FCE72D20FAE77C23002037B50D4682
S31508029D801446CAB10F4B1B688B4217D819F0C7F88D
S31508029D9001460190A0B100232A4620461DF08FF8FD
S31508029DA001A81DF09DF82246022052F8041B19F05C
S31508029DB017F8002003B030BD2220FBE72120F9E77F
S31508029DC02D20F7E77C23002070B504460D461B4A72
S31508029DD013686BB393F87D10586811F0040129D102
S31508029DE010608C22184693F8706014F029F803461E
S31508029DF080F870602268C0F85A20A288A0F85E200F
S31508029E00A27980F860202868D864AA79A98883F894
S31508029E105220FF2283F8752083F8762040F6FF72D7
S31508029E20A3F86E20064AA3F8501011681360596009
S31508029E30184670BD1A1D0346CBE700BF88230020CB
S31508029E4084230020054A0346106800B97047B0F813
S31508029E506E209A42FAD04068F7E700BF84230020B2
S31508029E60054A0346106800B9704790F870209A426E
S31508029E70FAD04068F7E700BF8423002038B50546C4
S31508029E80064B1C680CB9204638BD294604F14C001D
S31508029E9000F096F90028F6D16468F3E784230020D7
S31508029EA010B9024B1868704740687047842300202F
S31508029EB00023114A2DE9F0418C211360804602469F
S31508029EC001200BF00DFD044620B905460B4E306005
S31508029ED0454502D32046BDE8F08101200BF066FD18
S31508029EE007468C220021013513F0AAFF87F8705025
S31508029EF037603E1DECE700BF84230020882300203C
S31508029F00012310B58B4090F87110044621EA03012B
S31508029F1049B280F87110002949D11BF035FE204656
S31508029F201DF0B4FD102104F118001DF0C2FA2046F6
S31508029F3001F03AFA04F138001CF0D2FF20461BF071
S31508029F4014FC214A13681BB19C42596830D111602E
S31508029F50A36859050BD51A0509D443F40063A189E8
S31508029F6094F87000A36004F1780202F03DFC002325
S31508029F70204663601CF0CEFE19F097F84FF4807203
S31508029F80B2FBF0F2424394F870300344B3FBF2F1A9
S31508029F9002FB1133DBB2591EC9B2FD29F5D884F882
S31508029FA0703000236360094B1A6852B91C6010BDF1
S31508029FB01A465B68002BCBD09C42F9D16368536082
S31508029FC0C6E7131D5268F0E7842300208823002081
S31508029FD090F8743003F00B03013BDBB20A2B9ABFED
S31508029FE0014AD05C0020704742DF04081FB50146CB
S31508029FF090F870308DF80430FFF7EAFFB1F8623056
S3150802A0008DF80C00ADF80630B1F8643001AAADF847
S3150802A0100A30B1F86630054840F20311ADF8083047
S3150802A0201CF08CFE05B05DF804FB00BF9C230020E3
S3150802A03007B590F870308DF8051001AA40F207218D
S3150802A04003488DF804301CF079FE03B05DF804FB72
S3150802A0509C23002038B50A4B04461B680D462BB1D3
S3150802A06043699B0702D519F013FA30B12A462068CC
S3150802A0700421BDE838401BF026BBA3699D6138BDA3
S3150802A0808C230020014B1860704700BF8C230020E8
S3150802A090024B1868003818BF012070478C2300202D
S3150802A0A013B50446019120B901A81CF019FF212015
S3150802A0B012E008460029FAD01CF086FF80B2002872
S3150802A0C0F2D0094B20461B6801994BB1984728B92B
S3150802A0D02046019900F014FC02B010BD0020FBE7EF
S3150802A0E001F050F8F3E700BF8C23002000487047C0
S3150802A0F0AB230020044890F8261000F10B02043026
S3150802A100012918BF10467047A023002038B5837965
S3150802A110044613F0280F25D00368134DC5F80B30F3
S3150802A1208388A5F80F30837900206B740BF092FFB1
S3150802A13040B92B68032043F002032B60BDE8384080
S3150802A1400CF00CB9436A13F4404FEFD1226843F07E
S3150802A1500803C0F80120A288A0F80520A279436264
S3150802A160C271E3E7212038BDA02300204379024AC1
S3150802A1709B09D05C704700BF5DDF04080B6810B509
S3150802A18003608B88FF2A0446838002D10723A371C2
S3150802A19009E0032A08D8054B9B5C072B837102D179
S3150802A1A0FFF7E4FFA07110BD0023F0E761DF0408A2
S3150802A1B08379024A03F00703D05C704755DF040827
S3150802A1C010B582798B79094C02F0070203F007036E
S3150802A1D0A25CE35C9A4206D1062213F007FEB0FAA5
S3150802A1E080F0400910BD0020FCE700BF4DDF0408DF
S3150802A1F0F722014B1A807047443A002010B50446EC
S3150802A20058B30068836CA3421FD1636883642246ED
S3150802A21012491CF05FFD04F10C001CF07BFD04F1F1
S3150802A22044001CF05DFEA06948B114301CF058FECB
S3150802A230A06918301CF054FEA0691DF044F92046A6
S3150802A240BDE810401DF03FB91346002BDFD05A680F
S3150802A250A242F9D162685A60D9E710BD21350408CD
S3150802A26070B5054648200E461DF02BF9044650B136
S3150802A270FFF70EFF60B11C201DF023F9A06128B973
S3150802A28020461DF020F90024204670BD00230370E5
S3150802A2900321284618F001FFAB6C22466360AC64C2
S3150802A2A017232681002663811449284625602677C6
S3150802A2B066640BF07DFA02F035F83246014604F17F
S3150802A2C00C000BF075FA02232374FFF7E1FE18B9A6
S3150802A2D00B4B1B78002BD7D00A4B19881729D3D9D1
S3150802A2E0204618F069FF0028CED11321204619F01E
S3150802A2F0DCF8636943F002036361C5E721350408A4
S3150802A3001E340020443A0020F8B5054610B3002949
S3150802A31020DB114C2468247E8C421BDD3F2919DC84
S3150802A320032701F0030600EBA10191F831407600FC
S3150802A330B74002F0030224EA0704B240224381F836
S3150802A340312013B1002119F06AF92846BDE8F84010
S3150802A35019F0C2B9F8BD00BF9823002070B5164699
S3150802A36000221A7032800A7A0D46072A4DD8DFE88B
S3150802A37002F004090D111A1E304AE86830F8023B49
S3150802A380338043E0EB68981D5B88F9E7EB68981D14
S3150802A3909B88F5E7697B19F08FF902221C4B188016
S3150802A3A01846328032E002231A4833802EE01A4CCD
S3150802A3B02B7BE88923702B88E11C013363702B8879
S3150802A3C001331B12A37000F0D9F9033030802046FE
S3150802A3D01CE0124CA889EB89020AA3701B0A20709A
S3150802A3E06270E37000F03CFA58B1C3681A88022A10
S3150802A3F007D19A782271DB7863710623074833807E
S3150802A40004E00423FAE780221A70002070BD00BF18
S3150802A4103834002065DF0408253400201F34002064
S3150802A420054A064B1860136843F001031360828BD2
S3150802A430034B1A80704700BF902300209823002000
S3150802A440C028002000232DE9F04FDFF8B89191B01B
S3150802A450D9F80070054617F00807CDE90633CDE9A5
S3150802A46008330AD0644B03F1100253F8041B9342D3
S3150802A47045F8041BF9D1002015E01022394613F0DD
S3150802A480DFFC0320EEF730FA1DF01BF8804648B1D0
S3150802A4900620EEF729FA1DF014F8064630B94046AA
S3150802A4A01DF011F81A2011B0BDE8F08FCDE9047736
S3150802A4B0F1F798F9044668B140461DF004F83046AB
S3150802A4C01DF001F840F2074021460CF0B9FD40F2B2
S3150802A4D00740E8E710F0B9FF4FF4A053DFF828A1C8
S3150802A4E00002C6E9023A454B7060336010223046D4
S3150802A4F0776104AB06A912F0FBFD0446A0B95246E1
S3150802A5004046049912F086FE044668B9BB463C4B9F
S3150802A510BAB21B68D988914227D8102229464046E2
S3150802A52005AB12F09CFE0446404612F056FE404623
S3150802A5301CF0C9FF304613F041F830461CF0C3FF41
S3150802A540049812F0E0FC002CBCD12B4B05F110024A
S3150802A55055F8041B954243F8041BF9D1D9F8003083
S3150802A56043F00803C9F8003085E71A68BCB221012E
S3150802A57002EB04142046ADF80EB00191009219F0D0
S3150802A58095FC8246204600F03FF930B3DDE900210A
S3150802A590AAF5205080B2032802D9BAF5245F1ED143
S3150802A5A0525A00202146ADF828200DF10D030DF16F
S3150802A5B00E02ADF82AA0FFF7D1FEBDF80E2001461D
S3150802A5C00BA813F07BFCBDF80E20404604320AA9FC
S3150802A5D012F023FE04460028A6D1013797E70AF5AA
S3150802A5E05640FF3080B20428F7D8525AADF82AA04E
S3150802A5F0ADF82820E7E700BF3A340020002480009F
S3150802A60098230020902300200002C003134B014622
S3150802A6101B6870B513F0040306D00022104B1C68A1
S3150802A620E38990B2834209D80E4A14680022E58962
S3150802A63090B2854209D84FF6FF7005E0A56835F84D
S3150802A640125001328D42ECD170BDA66836F81260FE
S3150802A65001328E42ECD1034498B2F5E790230020EA
S3150802A6609423002098230020094B1B685B070AD510
S3150802A670084B1A68D389834203D9936833F81000C2
S3150802A6807047C01A80B2044B1B689B68F6E700BF86
S3150802A69090230020942300209823002038B50468CC
S3150802A6A005460C222046084913F0A0FB50B902229F
S3150802A6B0064904F10E0013F099FB18B902200C346E
S3150802A6C02C6038BD1020FCE768DF040876DF040832
S3150802A6D02DE9F743102801910BD0022804D04FF632
S3150802A6E0FF7003B0BDE8F083019B1888FFF78EFF61
S3150802A6F0F7E701A8FFF7D2FF0228F5D01028EED116
S3150802A7001B4B019F1E6816F0040608D00024194B3D
S3150802A710D3F80080B8F81660A5B2AE421AD800255A
S3150802A720154BD3F80080B8F81690ACB24C45D6D281
S3150802A730D8F81000102200EB0510394613F056FB24
S3150802A74001350028F1D1A0196FEA40406FEA50405E
S3150802A75080B2C6E7D8F81000102200EB041039467A
S3150802A76013F044FB01340028D6D145F40040B8E77B
S3150802A770902300209423002098230020020408B581
S3150802A7801DD5124BC0F30E001B685B0713D5104B81
S3150802A7901A68D38A98420CD2136903EB001000F1A7
S3150802A7A0100350F8042B984241F8042BF9D11020D3
S3150802A7B008BDC01A80B2074B1B681B69EDE7FFF795
S3150802A7C053FF0870000A48700220F1E79023002020
S3150802A7D0942300209823002038B50446094B1B68A9
S3150802A7E01D68A54209D2204621B919F069FB30B184
S3150802A7F0103402E019F06DFB08B1204638BD103C52
S3150802A800EFE700BF98230020437ADA0702D5C3F39D
S3150802A81080007047034BC2881B881A4214BF012066
S3150802A82000207047C02800200A4B1B68DB0708D5A2
S3150802A83070B1094B1B68DB88834234BF00200120B4
S3150802A840704728B1054B1B88834294BF002001201C
S3150802A850704700BF9023002098230020C2280020BA
S3150802A86070B50246FFF7E0FFE8B10F4B1968CD88CD
S3150802A870954209D302F180500B680138040103EBB3
S3150802A88000101B5B93420ED0002398B2854201D872
S3150802A890002008E00E681C01345B06EB03109442A4
S3150802A8A003F10103F1D170BD982300207FB5134B44
S3150802A8B00E46054604460393A0B118F099FE78B9E8
S3150802A8C000223146204618F0C3FF022807D180230A
S3150802A8D0314600932046042303AA19F086FB0DB1DC
S3150802A8E004B070BD204618F052FE04460028F7D080
S3150802A8F018F07EFE0028F5D1E2E700BF0100FFFF4F
S3150802A9002DE9F04F97B08346099118F0B7FD0998DB
S3150802A91083790C33C45CC5181CF056FB202C0646FA
S3150802A920099F26D8012C28D9C74BA21ED2B2D340DA
S3150802A930DA0722D5384697F806801CF045FBBBF89D
S3150802A9400A2083B29A4228D214F0010240F0A78064
S3150802A95004F07F03522B00F0A2801E2C00F09F8089
S3150802A960099B214600935846042318F036FC2124F5
S3150802A9700CE004F07F03522BDCD02146062300228A
S3150802A9805846009718F029FC41F20614584618F062
S3150802A9907AFD204617B0BDE8F08F47443A7B013B63
S3150802A9A0202A9BB246D8012ACED9023A1E2ACBD8E9
S3150802A9B001A151F822F000BF55AA020849A90208C6
S3150802A9C059AA020849A902084DAA020849A9020871
S3150802A9D041AA020849A9020855AA020849A9020871
S3150802A9E059AA020849A902085DAA020849A9020841
S3150802A9F041AA020849A902088BAA020849A902081B
S3150802AA0049A9020849A902088FAA020849A90208FF
S3150802AA1093AA020849A9020849A9020849A90208EB
S3150802AA2049A9020849A9020897AA020849A90208D7
S3150802AA305DAA0208522A28D0D22A85D10D2B06E011
S3150802AA40062B11D0142B7FF47FAF0DE0052B7FF672
S3150802AA507BAF09E0022BF6E7042BF4E7032B7FF61C
S3150802AA6073AFDB073FF570AF022C00F00281DBF80B
S3150802AA7000309B689F0516D40BF144001CF030FA8F
S3150802AA80099BCBF84430002480E7012BDFE7032B30
S3150802AA90DDE7012BD7E7002B7FF456AFE4E709A8D9
S3150802AAA01CF01EFA63E71E2C00F03683584618F08F
S3150802AAB09FFD0746002840F08280584618F093FD0D
S3150802AAC000287CD004F07F03522B00F0CE80082C9D
S3150802AAD068D1B6B2152E14BF02201020691D18F0CF
S3150802AAE06DFD00285ED0DBF81430D8074BBF23F083
S3150802AAF0010343F001033946012158464CBFCBF8FE
S3150802AB001430CBF8143018F08AFD09980D9018F015
S3150802AB10D2FA0446B0F80180B0F803900D981CF0FA
S3150802AB2053FA152814BF022510250534214628464E
S3150802AB30FFF7CEFD21460390284618F03FFD049004
S3150802AB40B8F1000F00F05281C84500F24F81022188
S3150802AB5009200D9A18F0D2FABBF80A708246023F0B
S3150802AB60BFB23E4640464FF0FF354946039A19F0B2
S3150802AB7021F80446002800F07B8118F0F1FD002830
S3150802AB8000F0938101222146584618F090FE0346AA
S3150802AB908DF82E00002800F02E810D9A009222468A
S3150802ABA00821B2E0DBF8143013F001064ED023F088
S3150802ABB0010300215846CBF8143018F030FD202C3A
S3150802ABC072D8032C75D9231F1C2B72D801A252F8EE
S3150802ABD023F000BFC1AE0208B3AC0208B3AF020845
S3150802ABE0B3AC02080BAB0208B3AC02089DB002086C
S3150802ABF0B3AC0208BBB00208B3AC0208D1B0020873
S3150802AC00B3AC0208BFAC0208B3AC0208E9B002084A
S3150802AC10B3AC0208B3AC0208B3AC020805B1020829
S3150802AC20B3AC02080FB10208B3AC0208B3AC02080F
S3150802AC30B3AC0208B3AC0208B3AC020819B10208F5
S3150802AC40B3AC0208DFB002085555515043F0010370
S3150802AC5001215846CBF8143018F0E1FC122332468B
S3150802AC6021465846009618F0B8FA09A81CF038F991
S3150802AC7009E7099DBA4C284618F01DFA2188B0F84A
S3150802AC8001602A46584618F0BDFA2388BBF80A100E
S3150802AC90B34228BF3346172BB8BF17235846ABF81B
S3150802ACA00A3018F0D7FBEEE6522C00F02482D22C9A
S3150802ACB0DBD0099B002200932146062325E0099F43
S3150802ACC0384618F0F8F90546B0F80180B0F803A03E
S3150802ACD038461CF079F915280CBF20460220691D52
S3150802ACE0FFF7F6FCB5F8053004900793B8F1000FA4
S3150802ACF007D0D04505D819F0BBF850B910230097EC
S3150802AD0001E00123009742461021584618F065FAD9
S3150802AD10B9E63A460221112018F0F0F944464FF0F6
S3150802AD20FF35BBF80A3005909E1E0393063B9BB27D
S3150802AD30B6B2089351462046049A18F03BFF81465C
S3150802AD4068B35146079A18F082FF0446484618F037
S3150802AD5007FD40B94FF6FF739C4201D00134A4B2F5
S3150802AD605445E7D91BE04FF000030DAAADF834307D
S3150802AD7049460CAB584618F037FE039ABDF83430EC
S3150802AD80053A9A42089A0690D8BF1346002DADF89E
S3150802AD90343009DB9D4202D1EB1CB34208DB691C45
S3150802ADA01CD10A230097AEE7351F9D42A8BF1D4650
S3150802ADB0042211A93846ADF84490ADF846401CF075
S3150802ADC028FB2A46384606991CF023FB4FF6FF73E2
S3150802ADD0043E761B9C42B6B2C0D1E0E73946059BD3
S3150802ADE004355D705846FFF735F94CE60D9B00931E
S3150802ADF001234246D4E6049B13B1204618F094FC7C
S3150802AE00204618F0C5FCD8B1002D54DC0DA81CF05C
S3150802AE1067F8082358468BF81C3050F80C2B40F27A
S3150802AE20025192F870208DF8483000238DF844209C
S3150802AE3011AAADF84640ADF84A301BF07FFF22E66C
S3150802AE40ADF844000DF12E032146584611AA18F012
S3150802AE50CBFDBDF844300590BB4228BF3B46002DCA
S3150802AE60ADF844300ADBAB4202D16B1CB34209DBB4
S3150802AE706A1C0D9B1FD100930A23BAE7B51E9D4291
S3150802AE80A8BF1D4602220CA90D98ADF830401CF049
S3150802AE90C0FA2A4605990D981CF0BBFA4FF6FF73BD
S3150802AEA0023E761B9C42B6B2E2D0601C80B2814555
S3150802AEB0BFF45BAEDCE702350D998AF8015091E7DB
S3150802AEC0DDF82490484618F0F6F8B0F80330B0F8E2
S3150802AED001800493B8F1000F44D0984542D84FF642
S3150802AEE0FF774A460221052018F008F94546BA4670
S3150802AEF0BBF80A400590023CA4B22946584618F007
S3150802AF003BFF504506464CD04FF400622946584648
S3150802AF1018F0CDFC00283FD1304618F0C5FF0028AE
S3150802AF200CBF022310235745039321D0304618F04D
S3150802AF30BBFF0690384618F0B7FF069B834203D13B
S3150802AF40039B0133A34214DB384618F0ADFF059B79
S3150802AF50013019465870584618F028F993E500BF8B
S3150802AF60443A00200123CDF8009042460421CCE65B
S3150802AF7037460DF146013046ADF84450FFF7FEFB61
S3150802AF80039B48469A1C11A91CF043FA039B023CF0
S3150802AF90E41A5545A4B2D7D0049B0135ADB2AB42EB
S3150802AFA0ABD24FF6FF739F42CED10A23CDF800905B
S3150802AFB0DBE7DDF824900024484618F07CF8B0F860
S3150802AFC00530B0F803A0B0F8016007464846039377
S3150802AFD01BF0FAFFC51FADB2102D0C945AD82A469B
S3150802AFE0F91D0DA812F06AFF002E55D0564553D802
S3150802AFF04A460121072018F081F8A046074633463B
S3150802B0000A249A45049307D93946BBF80A0018F068
S3150802B01058F80328049B04D8B8F1000F1CD0394607
S3150802B02099E7ADF84430039B5846ADF848300DAB66
S3150802B030139300230BAA009311A90DF12E03ADF861
S3150802B04046A0ADF8505018F02EFE0A280446E3D062
S3150802B050BDF82C3030B11E46234632460621CDF8BD
S3150802B060009052E6ADF83030BDF82E300CAAADF895
S3150802B070323039460423BBF80A0018F02DF84FF689
S3150802B080FF72BDF82E309342C9D001334FF0010842
S3150802B0909BB2B6E70424DFE70124DDE70A23099C0D
S3150802B0A08BF81C30204618F006F823460022B0F822
S3150802B0B00110584619F069F8E5E4099C204617F08C
S3150802B0C0FAFF0C238BF81C30B0F803202346EEE770
S3150802B0D05A460F210E20099B19F0B0F8D3E45A46B6
S3150802B0E021212020099BF7E75846099AB5F801104D
S3150802B0F019F091F9C7E45846099AB5F8011019F0FA
S3150802B100E5F9C0E45846099919F01FFABBE458460E
S3150802B110697819F085FAA8E5584619F0A1FAA4E55E
S3150802B1207FB5174A0646136842F6052023F0080338
S3150802B130136018F07AFD054650B16846FFF782F9A2
S3150802B140002018F024FA044620B92946FFF7AEFB78
S3150802B15004B070BD1022684604F1210112F046FEC1
S3150802B16038B10121204618F05AFA636923F001031F
S3150802B17063611EB13146204618F02FFE2046E0E7ED
S3150802B1809023002037B58B790A460C33CD180191E6
S3150802B190C95C044611F0010329D01D290AD10121EF
S3150802B1A01E2017F0ABFF0146204617F0FFFF0120CD
S3150802B1B003B030BD032916D10E4BB5F801201B8802
S3150802B1C04189934228BF1346172BB8BF17234381D9
S3150802B1D018F040F9636940F2094123F00203204658
S3150802B1E0636118F05FF901A81BF07AFEDFE71846DB
S3150802B1F0DEE700BF443A002030B585B0054619F0AF
S3150802B2001EFB0446A8B9AB690B4A01215A604FF4E2
S3150802B2102053ADF80C3002234FF6FF7200932846EE
S3150802B22003AB1AF091FB044618B90121284618F017
S3150802B2303CF9204605B030BD0100FFFF37B505468B
S3150802B24019F0FDFA0446E0B9AB691248586023467C
S3150802B250284619F00DFB044698B9A8694369C288BD
S3150802B26081884089019098790C30034400932846D6
S3150802B2704FF420531AF00EFB044628B1284619F05B
S3150802B280EBFA204603B030BD0221284618F00DF924
S3150802B290F7E700BF0100FFFF38B5124B04461B88CB
S3150802B2A042898B4228BF0B46172BB8BF1723114674
S3150802B2B0438118F0CFF8636923F002036361A36937
S3150802B2C09D693DB10022294620469A61BDE838406B
S3150802B2D0FEF7C0BE40F20941204618F0E3F8A3691A
S3150802B2E01D7038BD443A00200148FEF7CBBE00BFA8
S3150802B2F0FDB6020801481BF011BE00BF002400205B
S3150802B30040F6FF732DE9F3410D46B0F86E1001922F
S3150802B310994205D101A81BF0E3FD02B0BDE8F08110
S3150802B3201146134601229BBB1E481BF0AFFEFFF7D0
S3150802B330E1FF04460028F0D01BF046FE6379074673
S3150802B34003F001086FF30003637104212046A6681F
S3150802B3501BF065FF4379044668F300034371DB4338
S3150802B3608179B6F86E200C31866003F001036254C7
S3150802B370C2F30322084442EA031242704780224675
S3150802B380304629461AF001FC2046F6F749F9CEE777
S3150802B3905C79986024F0030414435C7100221B68EC
S3150802B3A0C1E700BF0024002070B50546064C206898
S3150802B3B000B970BD8368AB4204D106680AF064FB23
S3150802B3C02660F4E70446F2E7002400200146014815
S3150802B3D01BF05CBE0424002001481BF09FBD00BF81
S3150802B3E004240020014601481BF050BEFC2300201D
S3150802B3F0034BD86818B103F10C001BF08FBD7047D8
S3150802B400F0230020044BDA6822B95869003818BFBD
S3150802B4100120704701207047F0230020014800F000
S3150802B420C1BA00BF29B402082DE9F04F867987B060
S3150802B4300C3605900546805BC0F30B00FEF702FD4D
S3150802B440044618B905A81BF04BFD4EE090F8723079
S3150802B450022BF7D1AB5B059AC3F30B0103F44053F6
S3150802B460B3F5805F9060A95342D153796FF3000315
S3150802B4705371836B002BE5D0042105A804F1380625
S3150802B4801BF01DFE304605991BF000FEA06B00233B
S3150802B49001465A1CA9BBDBB2012B01D91BF067FE78
S3150802B4A0A06B1BF091FD03281FD9D4F838904846A3
S3150802B4B099F806701BF088FD0C3709EB070539F871
S3150802B4C00770A0F10408474522D9524FD4F838A08C
S3150802B4D007F1100957F804BB534642462946204647
S3150802B4E0D8474F4510D00028F4D007B0BDE8F08FF2
S3150802B4F038301BF0F5FC059A537943F00103537172
S3150802B500BAE713460968C4E70028EED130469AE737
S3150802B510A06B1BF059FD04378742F7D36988A1F15E
S3150802B52040033F2B0BD8042130461BF0C8FD2046AA
S3150802B530A26B69881AF011F90023A363D5E70529D6
S3150802B5400BD0062961D00429E0D130461BF0B7FD9D
S3150802B550A16BA06CFEF7A4FDEEE7294620461AF079
S3150802B560FAF802460028D1D12B79122B06D0132BD2
S3150802B57036D0204669791AF0C6F8C7E794F87330C8
S3150802B580022BF6D040F67A4029898B1F9BB283425A
S3150802B59024D86A89931F9BB283421FD891421DD829
S3150802B5A0AB89B3F5FA7F19D240F6764CEF89A7F143
S3150802B5B00A0080B2604511D8B4F86A000290B4F85D
S3150802B5C06800CDE90070204600F0B8FB021E18BFDD
S3150802B5D00122204669791AF052F897E70122F8E71C
S3150802B5E094F87330012B03D1204669791AF08BF847
S3150802B5F0A3681A048AD523F40043A3602B89012B76
S3150802B60084D120460BF00EF880E72046A16B1CF089
S3150802B61016FA91E778DF04080138C0B20A289ABFF9
S3150802B620014B185C0020704788DF0408014902486C
S3150802B6301BF04CBBC83800209C2300201022074B65
S3150802B64028215A826422C3E905124FF6FF729A83A9
S3150802B65000221A604FF47062DA847047A023002031
S3150802B66038B5114C94F82630EBB1226812F0010570
S3150802B67019D1201D0BF068FD236843F002032360ED
S3150802B6801AF0D4F878B14EF6602294F827304FF4BF
S3150802B6908271534305482A460AF068F818B923689E
S3150802B6A043F00103236038BDA02300209C23002019
S3150802B6B022F00042052A10B504D0B2F5827F0AD0DC
S3150802B6C0002010BD0C4A1B88918C00209942F8D1A3
S3150802B6D090840120F5E7084B1A6893F8264022F071
S3150802B6E00102012C1A60F4D11BF098FFFFF7B8FF8C
S3150802B6F020460AF033FEECE7A023002030B50446C4
S3150802B70085B0084603911AF0A8F9830708D410F001
S3150802B710010003D003A81BF0E3FB012005B030BDEE
S3150802B72003998B7903F10C0288188A5C013A202A5C
S3150802B73000F21781DFE812F021001501B1001501A8
S3150802B740B4001501BD001501C4001501CC00150190
S3150802B750D4001501DB001501E9001501F1001501F8
S3150802B76015011501F3001501010115010301150162
S3150802B7700C01150115011501E20003790BB103F558
S3150802B78088534278023A1E2AC4D801A151F822F0F7
S3150802B7900DB8020815B7020817B8020815B7020845
S3150802B7A023B8020815B702082FB8020815B7020807
S3150802B7B03BB8020815B702085FB8020815B70208AF
S3150802B7C047B8020815B702086BB8020815B7020887
S3150802B7D077B8020815B7020815B7020815B702089E
S3150802B7E081B8020815B7020891B8020815B7020807
S3150802B7F015B7020815B7020815B7020815B70208E1
S3150802B80015B7020815B7020853B8020817212046C9
S3150802B810FFF742FD7EE700222046114619F012FA8A
S3150802B82078E71A460021204619F0B9FA72E700228B
S3150802B8302046114619F063FC6CE7002220461146A1
S3150802B84019F00CFB66E71A460021204619F0F9FBA7
S3150802B85060E71A460021204619F012FC5AE71A46F2
S3150802B8600021204619F0D0FB54E700222046114653
S3150802B87019F038FD4EE71946204619F09CFD49E7AE
S3150802B8800093002320461A46194619F09EFD41E701
S3150802B8901946204619F0EBFD3CE7B0F80110B6E769
S3150802B8A002338B710A4600234178204619F0CAF9F9
S3150802B8B033E70133002220468B7119F070FA2CE720
S3150802B8C002338B7142780023204619F018FC24E7CC
S3150802B8D001338B71002320461A4619F0BFFA1CE77A
S3150802B8E00133002220468B7119F08EFB15E70133CE
S3150802B8F0002220468B7119F0A4FB0EE701330022C1
S3150802B90020468B7119F0BCFB07E702338B7142782C
S3150802B9100023204619F0E6FCFFE60021ACE70533D2
S3150802B9208B710023B0F80320B0F8010000930B4690
S3150802B9300146204619F049FDEFE60021A9E703333F
S3150802B9408B710A46B0F80110204619F0AFFDE4E6FD
S3150802B95003338B710A46B0F80110204619F0AFFD81
S3150802B960DBE60020DAE600BF07B5837801916A466E
S3150802B970082104488DF800301BF0E0F903B05DF8A1
S3150802B98004FB00BF9C2300200022054BC3E90322C7
S3150802B990C3E905221A70DA614FF6FF725A847047B4
S3150802B9A0F0230020014B1860704700BFEC230020EB
S3150802B9B082780D4B13B55A60B0F8032091B210295C
S3150802B9C010D040F60344A1420CD041795B8C8DF825
S3150802B9D00210ADF8042005216A460448ADF8003085
S3150802B9E01BF0ACF902B010BDF02300209C23002006
S3150802B9F073B5837901900C33C418C35C132B0ED824
S3150802BA00042B12D9053B0E2B0FD8DFE803F0200EC4
S3150802BA100E200E0E0E0E0E181C0E0E0E25003E2BB6
S3150802BA201FD0FF2B1DD0302B11D0F5F7C3FD019B7C
S3150802BA30834202D001A81BF053FA02B070BD204619
S3150802BA40FFF7B6FFF1E7E2780E4B5A60EDE72046BC
S3150802BA5001A90AF0F7FDE8E7204601A91AF090F8CD
S3150802BA60E3E70025084E019B3BB1204656F8043B06
S3150802BA7001A901359847102DF5D101A81BF030FA16
S3150802BA80D3E700BFF023002094DF040807B5FFF7C9
S3150802BA90A3FC20B103B05DF804EBFFF7A9BFFFF7DB
S3150802BAA0A7FC019018B1054B1B681BB1984703B058
S3150802BAB05DF804FB01A81BF013FAF8E7EC23002053
S3150802BAC0024B1A78024B53F822301847F02300200B
S3150802BAD0D4DF040810B504460120FFF7F1FF034B33
S3150802BAE000201C70BDE81040FFF7EABFF0230020D3
S3150802BAF010B50446062142F2050019F080FD2368B6
S3150802BB00C0F80330A388A0F807300648F5F774FD95
S3150802BB1019F0A3FD407918B1BDE8104019F0F2BF3B
S3150802BB2010BD00BF6116020810B5044606214FF67D
S3150802BB30284019F064FD2368C0F80330A388A0F8EA
S3150802BB4007300648F5F758FD19F087FD407918B110
S3150802BB50BDE8104019F0D6BF10BD00BF9D180208F7
S3150802BB6038B505460C4669B9022142F21B0019F09E
S3150802BB7046FDB5F86E30A0F803300D48BDE83840EA
S3150802BB80F5F73ABD122142F21A0019F038FD21469C
S3150802BB90B5F86E30053020F8023C04F1100351F86E
S3150802BBA0042B994240F8042BF9D10248E6E700BF74
S3150802BBB0F9020408350304082DE9F043044685B062
S3150802BBC000200D46174699461BF025FB0646002817
S3150802BBD05BD04FF0C8134FF000080093BDF8303021
S3150802BBE0ADF80430BDF83430ADF80630BDF838305B
S3150802BBF0ADF80830BDF83C30ADF80A30BDF8403033
S3150802BC00ADF80C30BDF84430ADF80E3047FA08F3FB
S3150802BC10DB0704D51022694630461BF03DF908F1C8
S3150802BC200108B8F1030FF1D132460C2142F2850020
S3150802BC3019F0F0FCFF2D057118BF94F8765087733A
S3150802BC40C57080F8059094F8603083F00803C3F352
S3150802BC50C003837194F8523083F00803C3F3C00318
S3150802BC60C371E36C8360B4F8503083810848F5F7F2
S3150802BC70C3FC19F0F2FC807820B119F0EEFC80784A
S3150802BC8040F4805005B0BDE8F0831A20FAE700BFF9
S3150802BC909704040808B5002142F20E0019F0AFFC19
S3150802BCA0BDE808400148F5F7A7BC00BF67040408C9
S3150802BCB038B590F872300446032B154606D1FFF7BD
S3150802BCC0E9FF0123002084F8723019E0C9B9012B73
S3150802BCD02DD9032140F2064019F091FCB4F86E30D2
S3150802BCE04571A0F803301348F5F786FC19F0B5FC40
S3150802BCF08378002BE5D019F0B0FC807840F48050A8
S3150802BD0038BDA3B102214FF6044019F078FCB4F805
S3150802BD106E30A0F803300848F5F76EFC19F09DFC62
S3150802BD204379002BCDD019F098FC4079E6E702203A
S3150802BD30E6E700BF7B030408B1030408F8B5074623
S3150802BD400E4642F213000E2115461C4619F057FC00
S3150802BD50B7F86E30A0F80560A0F80330BDF81830C1
S3150802BD60A0F80750A0F80B30BDF81C30A0F809401F
S3150802BD70A0F80D30BDF82030A0F80F300648F5F7C8
S3150802BD803BFC19F06AFC807820B119F066FC8078D1
S3150802BD9040F48050F8BD00BFF3030408F8B507461F
S3150802BDA00D4642F219001C211C46164619F027FCBC
S3150802BDB0B7F86E300F3020F80C3C2B6804F11002ED
S3150802BDC040F80A3C6B6820F8026C40F8063C2346A9
S3150802BDD053F8041B934240F8041BF9D10648F5F7B9
S3150802BDE00BFC19F03AFC807820B119F036FC807801
S3150802BDF040F48050F8BD00BFA302040870B5064699
S3150802BE000D4642F27A000421144619F0F8FBA0F80E
S3150802BE100360457184710648F5F7EEFB19F01DFCBF
S3150802BE20407918B1BDE8704019F083BE70BD00BFF5
S3150802BE30DF09040810B50446022142F2300019F05F
S3150802BE40DEFBB4F86E30A0F803300F48F5F7D4FBE2
S3150802BE5019F003FC437963B919F0FFFBC088FDF7B3
S3150802BE60F1FF044628B119F0F8FB017A2046FEF7DD
S3150802BE70DFF819F0F2FB407920B119F0EEFB4079B0
S3150802BE8040F4805010BD00BF511B020838B5FEF7BA
S3150802BE902DF90446FEF78CF90546064817F0F3F81D
S3150802BEA00023037143712368C0F80630A38805731B
S3150802BEB0438138BD200902054B7937B55B0705462C
S3150802BEC00C460CD420461421064A19F05FFE01A836
S3150802BED0019417F049F810B9A3791C44257403B0E4
S3150802BEE030BD00BFFCDF0408837810B5132B0C465F
S3150802BEF008D1054B1B6803B198472046BDE8104098
S3150802BF001AF0EEBF10BD00BF142400200020024B19
S3150802BF101870024B187070474B3400204A340020C0
S3150802BF2010B5B0F80110B0F80320002300780AF023
S3150802BF3029F90446024817F0A6F8848010BD00BF06
S3150802BF402002050610B5417800780AF0C1F90446C0
S3150802BF5018B9044B1A78044B1A70044817F093F868
S3150802BF60848010BD4B3400204A3400202002050389
S3150802BF7010B50AF0D9F90446024817F084F8848005
S3150802BF8010BD00BF20020505F0B583780D460D2BBE
S3150802BF9091B04DD1821C09AC00F11A0326461068ED
S3150802BFA05168083203C69A423446F7D113881C21CF
S3150802BFB0338028461BF083F8BDF826402E6814F015
S3150802BFC00C043CD130461AF0FFFF871EA7420DDA51
S3150802BFD04FF0FF3400239C428DF81C301EDB0122F1
S3150802BFE03146A31C07A81AF06AFF17E0631C012250
S3150802BFF0314605A81AF063FF9DF81430012BE9D0E3
S3150802C00023460122314607A81AF059FF9DF81C302B
S3150802C01013B101331C44D9E78DF81C300AF0CAF86B
S3150802C020012807D0022834D048B928461AF058FF02
S3150802C03011B0F0BD9DF81C3013F0010FF5D09DF834
S3150802C0402F0000F0F7FC04469DF8300000F0F2FCE1
S3150802C05007AF9DF828200DF12901064605A8FEF727
S3150802C0608DF838469DF836200DF13701FEF786F829
S3150802C0700C4B1B78DB0711D405A816F003FECDE995
S3150802C080010532462146009705AB09A800F00CF8CF
S3150802C090CBE79DF81C3013F0030FCFE74FF0FF30C4
S3150802C0A0EDE700BF4A3400202DE9F74FB0F802C089
S3150802C0B006461CF0100F1C460C9F9DF934A0DDF8AD
S3150802C0C038B033D05FFA8CF51CF0080F184614BF47
S3150802C0D005F0080505F00F051BF0F5FB8146384605
S3150802C0E01BF0F1FB96F90F3080465A460421134895
S3150802C0F00193767816F077FF019BA0B10571226845
S3150802C100C0F80520A28880F80B90A0F8092080F8CC
S3150802C1100CA0437386733B68C0F80F30BB8880F85F
S3150802C1201580A0F8133003B0BDE8F08FCDE90DAB4A
S3150802C1300C9703B0BDE8F04F00F00CB820E00408F5
S3150802C14008B51BF0F6FA0020014B187008BD00BFAF
S3150802C1504C3400202DE9F04F1D468FB0CDE9081268
S3150802C1609DF9643004460A9343882846C3F341136B
S3150802C17004931BF0A8FB059018981BF0A4FB2E4B02
S3150802C1802E4E1B6806901B3B07931A9B1B6813B916
S3150802C1900FB0BDE8F08F0DF133030193079B01221F
S3150802C1A0049900931A98022316F04CFF94F90F305B
S3150802C1B00D9067880B939DF83330B4F8108002937C
S3150802C1C0337804211E480DAA039394F801B094F813
S3150802C1D00DA094F90E9016F006FF0B9B38B307F0E4
S3150802C1E00F0707712A68C0F80520AA884373A0F8C2
S3150802C1F00920059A189BC2720A9A80F80EB0027331
S3150802C2001B68C0F80F30189B9B8880F816A0A0F808
S3150802C2101330069B80F819904375089BA0F81A807C
S3150802C220C375099B0376029B0377039B437733788F
S3150802C23001333370A9E700BF682400204C3400207C
S3150802C24024E0040810461946F8B522F0004340F2E5
S3150802C2500A4293420ED8B3F5806F59D96FF48062B9
S3150802C2601344092B54D8DFE803F00D101F30505041
S3150802C2705050530D40F20152934234D0A3F2025366
S3150802C280032B45D8FDF76CFB0CE00D784C688A69E0
S3150802C29001F108031F48002116F07EFE10B1057150
S3150802C2A0C0F805400120F8BD0E784D880C798A69D8
S3150802C2B001F108031848002116F06EFE0028F1D095
S3150802C2C00671A0F80550C471ECE70D784C884A69E6
S3150802C2D00B1D1248002116F05FFE0028E2D00571F8
S3150802C2E0A0F80540DEE70F784E880D79CC8801F173
S3150802C2F008020B48002116F076FE0028D2D00771F4
S3150802C300A0F80560C5710481CCE7FDF71BFAC9E7F9
S3150802C3100020C8E734E0040830E004082CE00408EA
S3150802C32028E004080048704745C2020810B500789C
S3150802C3301BF01CFB0446024816F0A5FE848010BDBD
S3150802C34020020F0410B500780AF06AFD0446024876
S3150802C35016F099FE848010BD20020F0070B5FCF716
S3150802C36081FD00240546E6B2B54209D84FF0FF30F2
S3150802C370FCF75CFE0446084816F085FE848070BD0C
S3150802C3802046FCF751FD28B120461BF09EF83046A0
S3150802C39019F0F2FB0134E6E720020F0710B54178DF
S3150802C3A000780AF08DFD0446024816F06CFE848079
S3150802C3B010BD00BF20020F0110B5D0F80110007899
S3150802C3C00AF0CEFD0446024816F05DFE848010BDD2
S3150802C3D020020F0810B500680AF0DEFD044602487E
S3150802C3E016F051FE848010BD20020F1010B5417858
S3150802C3F000781BF08FFA0446024816F044FE848041
S3150802C40010BD00BF20020F0910B541780078FCF76D
S3150802C410E7FE0446024816F036FE848010BD00BFC9
S3150802C42020020F0210B5417800781BF089FA0446FB
S3150802C430024816F028FE848010BD00BF20020F0EA7
S3150802C44030B5124B0D469942144689B01BD193005A
S3150802C45011D505A906A809F029FA0623002203938D
S3150802C460059BE1B20293069B2846CDE9003241F0CC
S3150802C47000511AF000FC064816F07DFD00B1047161
S3150802C480012009B030BD0020FBE700BF18240020B8
S3150802C49058E0040822F00042B2F1A04F08B504D1D0
S3150802C4A0034816F068FD012008BD0020FCE700BF1E
S3150802C4B05CE0040810B5047FD4B1102C28BF102400
S3150802C4C01AF053FC621C81B200230620D2B209F08C
S3150802C4D007FA044650B9074907481AF0F7FB07480E
S3150802C4E007491AF0F3FB074809F02EFC204610BD4F
S3150802C4F00424E5E7E03800201C2400201824002044
S3150802C500F0380020D838002022F00042B2F5887FA1
S3150802C5102DE9F0471C4600F0E2800ED840F20313DC
S3150802C5209A423CD040F209139A4200F0C2800E2A7F
S3150802C53000F0B3800020BDE8F08740F207239A4254
S3150802C54047D0B2F5037F56D040F206239A42F1D17C
S3150802C55020684C30FDF72CFE25680746644895F896
S3150802C560736095F870A095F9759095F87680A48809
S3150802C57016F001FD0028DDD0EB6C4360B5F85030AB
S3150802C58087720381731E5E425E41C67280F80CA0F2
S3150802C59080F80D9080F80E80A0F80F40CAE7207840
S3150802C5A0FDF75EFC0028C5D0524894F800806788DB
S3150802C5B0A688E588247A16F0DEFC0028BAD080F828
S3150802C5C00480A0F80570A0F80760A0F80950C472A4
S3150802C5D0B0E72078FDF744FC0028ABD060782578D0
S3150802C5E0FFF71AF80446444816F0C5FC0028A1D0FD
S3150802C5F0057144719EE7A578012D1ED0022D2DD016
S3150802C600CDB9E37894F80080023BDBB2022B8CBFEB
S3150802C61001253A4A94F90470667998BFD55C94F96B
S3150802C6200640374816F0A7FC28B180F80480457101
S3150802C6308771C671047201207DE7E37894F8008059
S3150802C640023BDBB2022B98BF2C4A94F90470667936
S3150802C65098BFD55C94F906402A48E3E7E3782A4866
S3150802C660023BDBB2022B94BF244A012594F80180CF
S3150802C670277898BFD55C94F90490667994F90640B0
S3150802C68016F079FC0028D6D0A0F804808771C57107
S3150802C69080F8089046728472CDE723460822002164
S3150802C6A013F8014B194816F077FC0028C3D0047119
S3150802C6B0C1E7174894F800806788A688E588248920
S3150802C6C016F059FC0028B6D080F80480A0F8057048
S3150802C6D0A0F80760A0F80950A0F80B40ABE70D4890
S3150802C6E01C7816F048FC00283FF424AF047121E7B1
S3150802C6F098E0040894E004088CE0040860E0040862
S3150802C70084E0040880E0040888E004087CE0040861
S3150802C71078E0040890E004080022084B10B51A6075
S3150802C7209A8002681A6018781BF07EF8044618B9CF
S3150802C730034904481AF0CAFA204610BDC428002044
S3150802C740003900209C23002008B5034B588809F0BD
S3150802C7501FFE002008BD00BFC428002030B587B0E0
S3150802C76082790146054604A81BF09AF800239DF82B
S3150802C7701620039312F0180408D1212503950F48B1
S3150802C78016F081FC8580847107B030BD04A8FDF7D8
S3150802C79075FB024668B903ABCDE9000304A9084B49
S3150802C7A0E87909F019FE024618B90446BDF80C5094
S3150802C7B0E5E7BDF80C5092F87040E0E7200306045E
S3150802C7C025C8020810B50078FDF74AFB40B11321C7
S3150802C7D01BF02CF80446034816F055FC848010BD5D
S3150802C7E02524F8E72002060573B5144606460D46C3
S3150802C7F020461421094A19F0C9F901A8019416F02C
S3150802C800B3FB48B9A3790C331C44054BA6711B79B3
S3150802C810A5800BB119F0A5F902B070BD74E0040841
S3150802C820C428002022F000420D2A73B51C460ED0F9
S3150802C8306FF4C0631A440B2A12D80B2A10D8DFE801
S3150802C84002F03B12242C370F46505F84878E04224F
S3150802C850002153F8044B444816F09EFB00B184802D
S3150802C860002002B070BD2078FDF7FAFA0028F7D04A
S3150802C8703E48267894F90150A47816F07CFB0028E5
S3150802C880EED0067145718471EAE72478384816F0C5
S3150802C89072FB0028E4D00471E2E72578354864681B
S3150802C8A016F069FB0028DBD00571C0F80540D7E70A
S3150802C8B0257831486468F3E730482578646816F0C5
S3150802C8C05AFB0028CCD00571A0F80540C8E72C48C9
S3150802C8D02578646816F04FFB0028C1D005714471AB
S3150802C8E0BEE7637827480D2B96BF274A0125D55CF4
S3150802C8F0247816F040FB0028B2D004714571AFE7E0
S3150802C900637800210D2B98BF1F4A204898BFD55C33
S3150802C9106368A27888BF0125267816F03DFB08B120
S3150802C920067145716378012B9AD88DF80730012272
S3150802C930002116480DF10703247816F02DFB00286E
S3150802C9408ED00123047143718AE7247810489EE742
S3150802C9500021636822780F4816F01EFB80E70E480E
S3150802C96016F009FB7CE700BFDCE00408C8E004080F
S3150802C970D0E00408D4E00408CCE00408C4E00408C3
S3150802C980C0E00408BCE004089CE00408B8E0040817
S3150802C990B4E00408ACE00408B0E00408142200215C
S3150802C9A0014811F04DBA00BF2024002073B5054690
S3150802C9B01DF0AAFD1D4C064663795B070ED4204678
S3150802C9C014211B4A19F0E2F801A8019416F0CCFAD0
S3150802C9D020B130461DF093FD02B070BDA3790C3329
S3150802C9E0234455B91A79FF2A01D001321A71304601
S3150802C9F002B0BDE870401DF082BD012D05D15A79FD
S3150802CA00FF2AF4D001325A71F1E7022D05D19A793B
S3150802CA10FF2AECD001329A71E9E7032DE7D1DA79D8
S3150802CA20FF2A1CBF0132DA71E1E700BF2024002089
S3150802CA30D8E00408042828BF0020014B185C704778
S3150802CA40E0E00408082828BF0020024B33F810004B
S3150802CA50704700BFE4E0040810B50221044642F21A
S3150802CA60460018F0CCFDA0F803400648F4F7C4FDCA
S3150802CA7018F0F3FD407920B118F0EFFD407940F443
S3150802CA80805010BDD117020870B506460D4609F04A
S3150802CA9057FF0446304609F0D7FF034816F06BFAEB
S3150802CAA008B18580C48070BD04E1040810B5084C3D
S3150802CAB0226812F0100209D14FF4847105481AF05F
S3150802CAC0F9F818B9236843F01003236010BD00BFB4
S3150802CAD0A02300209C23002008B5002142F245002D
S3150802CAE018F08DFD0548F4F787FD18F0B6FD437971
S3150802CAF01BB1BDE8084018F0B0BD08BD59170208B9
S3150802CB002DE9F843404D2B685A0704D523F0040350
S3150802CB102B60FFF7E1FF3D4E012009F0A9FF04460D
S3150802CB2028B3082142F2470018F069FDA37B83F077
S3150802CB300803C3F3C003C370A3684360A3890381D0
S3150802CB40E37B83723046F4F757FD18F086FD437986
S3150802CB5023B90221204609F005FFDDE718F07DFD1D
S3150802CB6041F20703417941F48051994207D10220E3
S3150802CB7009F07EFF38B9BDE8F84309F0E3BB204661
S3150802CB80FFF782FFC8E7224C0E2142F24400B4F8AE
S3150802CB900090B4F802802679677918F030FD0123EF
S3150802CBA0C3704EBB0323C3700023A0F80C90037115
S3150802CBB04371C0F806304381A0F80E800774154801
S3150802CBC0F4F71AFD18F049FD8378CBB92A6842F0C2
S3150802CBD0040312F008022B600CD10A2163880E485E
S3150802CBE04B4340F2071108F0C1FD18B92B6843F010
S3150802CBF008032B600320BEE7012ED5D0BDE8F883D3
S3150802CC00BDE8F84318F029BDA023002079170208C9
S3150802CC10CA280020F91602089C23002070B504468B
S3150802CC200E4642F248000821154618F0E8FCC6707E
S3150802CC3023684360A388857203810648F4F7DCFCFF
S3150802CC4018F00BFD43791BB1BDE8704018F005BD1D
S3150802CC5070BD00BFA51702080B4A10B51368044633
S3150802CC60590704D523F004031360FFF735FFA17BA8
S3150802CC70E27B81F0080104F10800C1F3C001BDE8B6
S3150802CC801040FFF7CBBF00BFA023002040F20713D6
S3150802CC9022F000429A4270B504D0B2F5847F22D0BF
S3150802CCA0002070BD134A0120136823F0080313609D
S3150802CCB009F0DEFE68B1012009F0E8FE0025064605
S3150802CCC0AE4204D0022009F0D3FE044618B9FFF793
S3150802CCD017FF0120E5E7FFF7BFFF0121204609F00C
S3150802CCE041FE0135ECE7034A136823F0100313608B
S3150802CCF0EDE700BFA02300206422064B10B50024EE
S3150802CD005A800122044905481C809A8019F0DEFFE0
S3150802CD10204610BDCA280020103900209C23002076
S3150802CD2037B501468279044668461AF0B9FD9DF878
S3150802CD300630EBB1E5796846294609F0E7FE04466E
S3150802CD4050B109F0FDFD002405460D4816F09BF981
S3150802CD508480C58003B030BD01222946684609F0A1
S3150802CD603BFE48B109F0ECFD0546FFF79FFEECE7EE
S3150802CD704FF6FF752124E8E74FF6FF751A24E4E714
S3150802CD80200450012DE9F04383780446242B0F46EC
S3150802CD9085B051D1C378442B20D000F10805827999
S3150802CDA0C17900F102082846FFF738FF244A2946C6
S3150802CDB0136802A823F004031360E279FDF7DEF98B
S3150802CDC0A17902A809F0A2FE054628B1E17859B16F
S3150802CDD041F48051FFF758FEFFF768FE384605B062
S3150802CDE0BDE8F0431AF07CB8032109F0BBFDA1881F
S3150802CDF028461AF075FD284609F0A2FD0546607C0C
S3150802CE00FFF720FE0646A07BFFF714FE814602A81E
S3150802CE1015F038FFE37CCDE9009033B13346294655
S3150802CE20404602AA18F04DFFD6E733462946404641
S3150802CE3002AA00F00DF8CFE705B0BDE8F08300BFFF
S3150802CE40A02300200020014B187070474D340020A3
S3150802CE502DE9F84305461046884614461E461AF03A
S3150802CE6032FD07460F4895F80490B5F80D5016F0AE
S3150802CE7082F8A0B1A0F8048080F806902368C0F86A
S3150802CE800730A3884773A0F80B309DF82030A0F826
S3150802CE900F5083739DF92430A0F81160C374BDE85E
S3150802CEA0F88300BF2CE104082DE9F04F04460D462D
S3150802CEB016461B4B87B01B681A4F083B02932B6812
S3150802CEC013B907B0BDE8F08F0DF113030193029B66
S3150802CED001220093617A0223284616F0B3F894F9E0
S3150802CEE0033005900421104805AA94F904B094F871
S3150802CEF005A09DF8139097F80080039316F073F82F
S3150802CF0050B1039B8680837180F807B080F808A029
S3150802CF1080F8099080F80A803B7801333B70CEE7A7
S3150802CF20682400204D34002028E104082DE9F04148
S3150802CF3086B06F4687E80300114903A816461D46C0
S3150802CF40DDF83080FCF71EFE0446A0B90499009865
S3150802CF50BB8848600B818E72CD7203A8FCF778FEF7
S3150802CF600446B8F1000F03D0049B9B7988F8003079
S3150802CF7003A815F0A9FF204606B0BDE8F08100BF58
S3150802CF8038E104081FB50446054901A8FCF7FAFD6D
S3150802CF9020B9029B01A81C7115F09AFF04B010BDB6
S3150802CFA030E104087FB505460E4601A80C49FCF790
S3150802CFB0E9FD044680B901A8FCF74AFE029B04462D
S3150802CFC025B1D3F806202A605A89AA800EB11B7B9E
S3150802CFD0337001A815F078FF204604B070BD00BF73
S3150802CFE040E104087FB506460D4601A807491446DE
S3150802CFF0FCF7C8FD40B9029B01A81E71A3F80550AB
S3150802D000A3F8074015F064FF04B070BD58E10408A0
S3150802D01030B585B005460C4601A80649FCF7B2FDAF
S3150802D02028B9029B01A81D715C7115F051FF05B064
S3150802D03030BD00BF50E104081FB5054901A8FCF739
S3150802D040A1FD10B901A815F043FF05B05DF804FB70
S3150802D05048E1040830B585B005460C4601A80649DC
S3150802D060FCF790FD28B9029B01A81D715C7115F0A9
S3150802D0702FFF05B030BD00BFA0E1040830B585B06A
S3150802D08005460C4601A80649FCF77CFD28B9029B11
S3150802D09001A81D715C7115F01BFF05B030BD00BFFC
S3150802D0A098E104081FB50446054901A8FCF76AFD7C
S3150802D0B020B9029B01A81C7115F00AFF04B010BD25
S3150802D0C090E104081FB50446054901A8FCF75AFD74
S3150802D0D020B9029B01A85C6015F0FAFE04B010BDE7
S3150802D0E088E104081FB50446054901A8FCF74AFD6C
S3150802D0F020B9029B01A81C7115F0EAFE04B010BD06
S3150802D10080E1040830B585B005460C4601A80649F3
S3150802D110FCF738FD30B9029B01A81D71C3F805401A
S3150802D12015F0D6FE05B030BD78E1040830B585B0F5
S3150802D13005460C4601A80649FCF724FD28B9029BB8
S3150802D14001A81D715C7115F0C3FE05B030BD00BFA4
S3150802D15070E1040830B585B005460C4601A80649B3
S3150802D160FCF710FD28B9029B01A81D715C7115F028
S3150802D170AFFE05B030BD00BF68E104081FB505491A
S3150802D18001A8FCF7FFFC10B901A815F0A1FE05B02D
S3150802D1905DF804FB60E104082DE9F04186B06F46AC
S3150802D1A087E80300114903A816461D46DDF83080B4
S3150802D1B0FCF7E8FC0446A0B904990098BB884860C5
S3150802D1C00B818E72CD7203A8FCF742FD0446B8F1B4
S3150802D1D0000F03D0049BDB88A8F8003003A815F0DB
S3150802D1E073FE204606B0BDE8F08100BFA8E1040838
S3150802D1F010B50F4C88B0206008F0A0FD216868467B
S3150802D20018F07BFD6846F8F743FF044660B90A2022
S3150802D210084A094908F08CFA044628B908F0E6F8DB
S3150802D2200CF048FCFEF70AFA204608B010BD00BF0B
S3150802D2305C240020E55C0408F1A0040870B58EB0F1
S3150802D2400FF0CEFC002302AD29460DF107008DF83A
S3150802D2500E308DF80730EDF709FE00286BD1284607
S3150802D26018F0D7FA002866D0302864D09DF807301F
S3150802D270012B17D172238DF80E30EAF785FECDE918
S3150802D2800601030C8DF81230BDF81D30ADF81000FA
S3150802D290ADF813309DF81F308DF8153049238DF8F7
S3150802D2A016300AE049238DF80E3095E80300ADF8EA
S3150802D2B01410090C04908DF816109DF80E3013F010
S3150802D2C0280F07D1DDE90401ADF80C10090C02900C
S3150802D2D08DF80E10274E33681869002830D1336846
S3150802D2E05A690AB9244A126824490A609A690AB923
S3150802D2F0234A126823490A6093F82220D20727D4C0
S3150802D30004A818F052FD0446F8B9316806A818F0C0
S3150802D310F4FC06A8EDF742FD0446B0B9BDF92E00A5
S3150802D32018F044FA18F046FD2846FCF7EFFE1648B0
S3150802D33008F0F8F909E09DF80E3019079DD5B4E70B
S3150802D34017F075FA04460028C9D020460EB070BDFB
S3150802D35093F8232000234FF0FF3006A9CDE90633C0
S3150802D3608DF81A2018F024FE0028C9D040F20C4481
S3150802D370EBE700BF5C2400202CC7040838240020F1
S3150802D38028C704083424002019D402082DE9F041DC
S3150802D390114815F092FDE8B91CF0AAFE05460E469C
S3150802D3A00D4F07F10C082846314618F0ECF908F03B
S3150802D3B059F80446384615F07CFD10B9404619F06E
S3150802D3C08FFDFCF7BDFC08B9002CECD1BDE8F04195
S3150802D3D018F0C8BBBDE8F0816C24002008B5054BDF
S3150802D3E01B782BB918F0C7FCB0FA80F0400908BDC3
S3150802D3F00020FCE74E340020012310B5044C2370AC
S3150802D400044B1B6803B198470023237010BD00BF65
S3150802D4104E3400203424002050EA010337B504466E
S3150802D4200D4604D103B0BDE83040FFF7E5BFB1F1C0
S3150802D430FF3F08BFB0F1FF3F13D01CF059FE221878
S3150802D44045EB010308490948C1E9002300239D4227
S3150802D4500CBF21464FF0FF31CDE90033044A1DF0D7
S3150802D46001FA03B030BD00BF700B00203C24002037
S3150802D47075D40208D3B51DF047F804461CF038FEE9
S3150802D4800B46104AD2E90067B04273EB070107D38D
S3150802D490FFF7B2FF204602B0BDE8D0401DF02FB814
S3150802D4A0D2E900670022311A67EB03039342CDE9FA
S3150802D4B00022134618BF4FF0FF31034A03481DF0F6
S3150802D4C0D1F9E7E7700B002075D402083C24002046
S3150802D4D00023044A52E8000F42E800310029F9D134
S3150802D4E0F9F71ABF60240020054A52E8003F0343B1
S3150802D4F042E800310029F8D1024B1B68184700BFE1
S3150802D500602400203824002037B51C68E10705D5B9
S3150802D51018F02CF91649174819F0D8FBA20723D593
S3150802D520FDF770FFD0B9144D01901CF0EDFF0446CB
S3150802D530284619F0F3FC019020461CF0E0FF0198FA
S3150802D54090B143799B070CD401A8022119F0B7FDC3
S3150802D5500198FDF747FF18F0E6FAE6E718F0E3FA4E
S3150802D560DEE7FDF733FFF6E7002003B030BD00BF64
S3150802D570203900209C2300206424002008B5054891
S3150802D58007F040FF044B01211870BDE8084007F078
S3150802D59049BF00BF303900204F34002038B5044651
S3150802D5A048B11CF0B1FF05462146084819F06EFD40
S3150802D5B028461CF0A4FF064B022193F9000007F047
S3150802D5C031FFBDE83840FFF717BF00BF64240020CB
S3150802D5D04F3400202DE9F0410A4B0B4F04460E4604
S3150802D5E0386819681546E8F729F840B933462A46CD
S3150802D5F0386844F48021BDE8F041E8F741BABDE84D
S3150802D600F08100BF7C3600209C3600202DE9F041CF
S3150802D6100A4B0B4F04460E46386819681546E8F752
S3150802D6200DF840B933462A46386844F48021BDE8E5
S3150802D630F041E8F7D1B8BDE8F08100BF7C3600209A
S3150802D6409C36002038B5084D084B044619682868E8
S3150802D650E7F7F4FF30B9286844F48021BDE838407A
S3150802D660E8F752BA38BD00BF9C3600207C36002047
S3150802D6702DE9F043134B0E461968134B05468DB038
S3150802D68018681746E7F7DAFF80B933460A222846AA
S3150802D690009702A90CF01BFF4FF0000804460DF193
S3150802D6A00809444505D1002CEFD120460DB0BDE846
S3150802D6B0F083284659F8041BE8F726FA08F1010808
S3150802D6C0EFE700BF7C3600209C360020F8B50B4BEE
S3150802D6D00B4F06460C4638681968E7F7AFFF05464A
S3150802D6E048B9E24316FA82F2386842F4802246F4CE
S3150802D6F08021FFF7BDFF2846F8BD00BF7C36002013
S3150802D7009C360020F8B50E46074630B329B300F01A
S3150802D7103FF80446F8B9124D01461822284610F079
S3150802D7208FFB20232B7033692E616B607369AB60A4
S3150802D73008F030FBFCF7D4F9BE6A002E08BF4FF496
S3150802D74080763046FCF7E2F9044620B9054B2846AE
S3150802D7501E60FCF703FA2046F8BD2124FBE700BF4A
S3150802D7606C24002068240020014815F068BB00BF1D
S3150802D7706C24002010B5054815F079FB044618B943
S3150802D78000F018F819F0A6FE204610BD6C240020F9
S3150802D790074BDA69D20407D51B6A40F2044013F034
S3150802D7A0010F18BF0020704740F20440704700BFBF
S3150802D7B00080E00F30B5002485B002A8EAF7CEFB58
S3150802D7C001A8BDF8085001940FF0FBF900B10194C5
S3150802D7D00E48019C15F0CFFBB0B100234371C3710B
S3150802D7E043728372C3726FF009030A2283746FF05D
S3150802D7F032030271037501226FF074038271027299
S3150802D800C4600582C274437505B030BDB0E1040830
S3150802D8101046044A1368591E033102D800211160C2
S3150802D8201847704740390020034B1868034B0028F5
S3150802D83008BF1846704700BF84240020DCE10408AC
S3150802D840014818F049BD00BF8C24002013B50B4CC3
S3150802D8500229226005D10A4818F03EFD002002B0CE
S3150802D86010BD0A4600930146064B054818F016FDF8
S3150802D870003818BF01204000F1E700BF40390020F8
S3150802D8808C24002011D80208014818F036BD00BFC2
S3150802D8908C2400200021014818F051BD8C24002058
S3150802D8A008B5064B1B68013305D0FFF7EDFF80F07C
S3150802D8B00100C0B208BD0020FCE700BF40390020C5
S3150802D8C0F0B50D4604468BB018B9002420460BB0B5
S3150802D8D0F0BD1A4E3768002FF7D12022394602A822
S3150802D8E010F0AEFA236801A80193154B1B88ADF810
S3150802D8F01430144B1B68079300F0C4F8044600283A
S3150802D900E3D0306000F0E4F82046394618F08BFB85
S3150802D910204618F0A8FA38B10020306000F0D8F88E
S3150802D920204618F09BFAD0E7204600F0C5FA0028F0
S3150802D930F2D1002DCAD02046A847C7E7882400207E
S3150802D94010E2040814E20408024B1868003818BFEB
S3150802D950012070478824002038B50C4602F006FAE2
S3150802D960A3780B4A13705A1E55425541A8420CD049
S3150802D970012B04D02846BDE8384002F0D9B9204622
S3150802D98002F0A8F90028F5D038BD0020FCE700BF50
S3150802D99050340020002108B5024B08465B689847B8
S3150802D9A0002008BD5439002010B5FFF73DFF0D4B86
S3150802D9B00C461A1A534253418B4201D1002010BD1C
S3150802D9C0094B1B683BB9094A064B002C08BF13468C
S3150802D9D0074A1360F2E718F076FE0028F3D0022011
S3150802D9E0EDE700BFB4E1040888240020DCE104085E
S3150802D9F084240020431E033306D8044B984228BFCA
S3150802DA001846642838BF6420704700BF40420F009A
S3150802DA1038B5194B05461B680C4603B1984744B1FD
S3150802DA20236833B11B68013303D0E3680BB1A368DB
S3150802DA304BB919F005F800204FF4C172412100F0E4
S3150802DA406FFA212038BD204603F084FA00230B4AD8
S3150802DA5085F83C31C5E93743C2E9003363694BB1FE
S3150802DA60074A422110684FF4D272C31A58425841E3
S3150802DA7000F056FA0020E5E7182700204036002075
S3150802DA804C270020F8B504461CF035FD002607464B
S3150802DA900E4B1B6893B19E68AEB196F82420D20746
S3150802DAA011D435460FCC0FC50FCC0FC523682B6092
S3150802DAB096F8243043F0010386F8243038461CF0E1
S3150802DAC015FD3046F8BD1B68E4E700BF483900205B
S3150802DAD010B5044618B9054B054A136010BD00F087
S3150802DAE0B7FFD4F8E830002BF6D1F4E7455E040810
S3150802DAF04439002008B502460868FFF77BFF08602C
S3150802DB004868FFF777FF48608868FFF773FF886001
S3150802DB10C868FFF76FFF0B69C860581C03D00B482B
S3150802DB20834228BF03460B614B69581C03D007483A
S3150802DB30834228BF034688694B61FFF75BFFBDE84E
S3150802DB4008408861104602F045B800BF40420F00FF
S3150802DB50D0F8E0302DE9F04105460C4613B1C38DE5
S3150802DB608B424CD0D5F8DC30002B4BD09E68002E69
S3150802DB7048D0D868002845D0013800B200281ADBF8
S3150802DB80002106E0128A591CA24217D209B288421B
S3150802DB9011DB0B1803EBD3735B1003EBC30206EB23
S3150802DBA08202B2F80EC003F1FF3EA445EAD90FFA83
S3150802DBB08EF08842EDDA2120BDE8F0814FF6FF7239
S3150802DBC099B29142F7D09BB203EBC30306EB8306E5
S3150802DBD02846B6F9122095F83011D5F8F080EAF7FA
S3150802DBE0EBF90746B8F1000F04D00023324628465F
S3150802DBF01946C047EC85C5F8E06085F839710020FA
S3150802DC00BDE8F0810E20BDE8F08100BF2DE9F0479E
S3150802DC1082B004460F46164602F00AFA002863D175
S3150802DC204F4D2B68D4F8DCA0D4F8E0800BB15345ED
S3150802DC3076D04FF00009AF6002F070FA0128074665
S3150802DC4065D1204618F069FE002851D12B68DAF80A
S3150802DC500010D8F8002013B1186888426BD0204605
S3150802DC6018F010FEC5E900A8D4F8F0508DF8076040
S3150802DC70002D67D00022204611460DF10703A8475A
S3150802DC80204601F08FFB0546B9F1000F0FD076B991
S3150802DC90D4F88C300BBB012F05D025B1314B0021AE
S3150802DCA003205B689847284602B0BDE8F087B5FAB4
S3150802DCB085F040F207523321400900F031F9314626
S3150802DCC0204601F0E1FD284B05461B6841462046E1
S3150802DCD09847D4F88C30002BDDD000224FF400731D
S3150802DCE0204600F0C5FED6E700231D4D6B6098E777
S3150802DCF094F825309A07A9D5D4F894305B05A5D5AA
S3150802DD001A4B0122002120461B6898479EE70021EC
S3150802DD10012000F0E5FE02F001FA0128FBD190E7A6
S3150802DD206B68002B85D0434583D1AB689F4215D0DB
S3150802DD304FF001097FE7696811B10968914291D0EC
S3150802DD4059688CE794F82A1094F839313246994280
S3150802DD5028BF1946204601F077FA91E70025A2E77F
S3150802DD604036002054390020443900201C27002060
S3150802DD70F8B50F4605461CF0BEFB39460646284648
S3150802DD80FFF7E6FE044620B130461CF0AFFB2046FC
S3150802DD90F8BD02F02FF9224639462846FFF736FF24
S3150802DDA004460028F0D1284618F0B7FD0028EBD023
S3150802DDB095F8253013F002030DD0D5F894305B059B
S3150802DDC00DD5B5F82A31BB420BD0B5F82C31DB1B81
S3150802DDD0B3FA83F35B09044A82F8DC30D4E72346B4
S3150802DDE0F9E70123F7E700BF003E00B037B5204B3D
S3150802DDF0D0F8DC20D0F8F0501A60D0F8E0200446BB
S3150802DE00C3E9012100228DF807205DBB90F82A108C
S3150802DE1090F839312A46994228BF194601F014FA70
S3150802DE20204601F0BFFAB0FA80F040F26E52332172
S3150802DE30400900F075F80121204601F025FD0D4B39
S3150802DE4005461B682046D4F8E0109847D4F88C306B
S3150802DE502BB100224FF40073204600F009FE284633
S3150802DE6003B030BD11460DF10703A847D8E700BF36
S3150802DE70403600204439002013B50446694618F096
S3150802DE80A0F9204618F047FCFF28024606D020468D
S3150802DE909DF80010EAF70EF902B010BD0048FBE73C
S3150802DEA00080FFFF0029034B08BF0023C0F8F030AB
S3150802DEB0002070473D6004084FF4007307B50A490D
S3150802DEC00DF10602ADF8063018F0B4F9BDF80630C1
S3150802DED0B3F5007F05D1022808BF002003B05DF81C
S3150802DEE004FB2120FAE700BFA4240020024B186095
S3150802DEF0024B1960FEE700BFA42600204C39002019
S3150802DF0038B5044D044C054B286021601A60FFF7AA
S3150802DF10EDFF38BDA42600204C390020A826002093
S3150802DF2010B550B90548064B0160064802601868E4
S3150802DF30054B18601868FFF7E3FF10BD4C3900203F
S3150802DF4088240020A8260020A4260020054B1B684A
S3150802DF500BB918467047834201D01B69F8E70120BE
S3150802DF60704700BFB0260020094A13680BB9184645
S3150802DF707047834207D11B6901201360054A13685B
S3150802DF80013B1360704703F110021B69EEE700BFFD
S3150802DF90B0260020AC2600202DE9F74F06461CF0D5
S3150802DFA0B3FADFF82881012398F800B0DFF8209148
S3150802DFB00190BBF1000F06D089F8003003B0BDE826
S3150802DFC0F04F1CF09CBA3F4F88F8003089F800B031
S3150802DFD018F007FA08B118F002FA3D683A495DB92D
S3150802DFE0DFF8F0A0DAF800200024AA423B682FD80E
S3150802DFF04FF0FF3134483BE06B7D8BB12B68B3425F
S3150802E00002D09A1B8A420BD96A6813442B60AB6802
S3150802E010003A18BF0122003B18BF01236A75AB7587
S3150802E0202D69DCE7907D20B1107D88429CBF0146B0
S3150802E03014461269002AF5D1002CD9D0D4E9000178
S3150802E040A275411AD4E90232204698470135C9E732
S3150802E0501A46FF21EEE75A7D4AB11A68B24224D01F
S3150802E060921B824221D8914201D311461C461B6952
S3150802E070002BF0D15CB12046FFF776FF38B13B683A
S3150802E0803C602361DAF800300133CAF800303B6895
S3150802E0905A7D6AB918F0A1F9064699F80030002B9C
S3150802E0A094D1019888F8003088E71C460021DEE7FB
S3150802E0B0186800F0D3F8044618F08FF90646002CC3
S3150802E0C084D1EAE7B0260020FCFFFFBF52340020C5
S3150802E0D051340020AC26002038B5054608B318226C
S3150802E0E000210FF0ADFE1CF00FFA02462846FFF794
S3150802E0F02DFF20B110461CF002FA022038BD0A4B49
S3150802E1001C6854B909491D600B68104601332C6115
S3150802E1100B601CF0F4F92046F0E704F110032469B9
S3150802E120EFE72120EAE700BFB0260020AC26002050
S3150802E13038B50446FFF70AFF1CF0E6F905462046FD
S3150802E140FFF704FF637D23B928461CF0D8F90E2091
S3150802E15038BD00236375064B1B68A34203D118F02A
S3150802E1603CF9FFF719FF28461CF0C9F90020EFE72A
S3150802E170B02600202DE9F84FDDF828909846044687
S3150802E1800D469246FFF7E2FEDDF830B01CF0BCF908
S3150802E190074618F022F906462046FFF7D7FE637DA2
S3150802E1A023B12046FFF7C4FF0023A375BAF1010F76
S3150802E1B023D175B9B8F1000F21D1B9F1000F03D0F7
S3150802E1C05A4631462046C84738461CF098F9002078
S3150802E1D019E035440D4BAA1B9A4210D801236375E0
S3150802E1E09DF82C303046C4E90058C4F808902375C7
S3150802E1F0C4F80CB0FFF7D0FEE6E7AE42EAD13846DD
S3150802E2001CF07DF92120BDE8F88F00BFFCFFFFBF97
S3150802E2102DE9F04107468846FFF798FE1CF074F987
S3150802E2203D68064618F0D9F87B7D7BB185420DD04C
S3150802E230094B2C1A9C4209D830461CF060F9B8F1F1
S3150802E240010F08BF25462846BDE8F08130461CF076
S3150802E25056F90025F7E700BFFCFFFFBF0023024A75
S3150802E260194600F075BE00BFA56304080C232DE904
S3150802E270F74F13700F46144602210022064618F07D
S3150802E28075F8DFF8648010B1164BC8F8003000251F
S3150802E2904FF00609EBB209FB03F3D8F80010CA18C7
S3150802E2A05079012804D923780C2B14D1212013E0A4
S3150802E2B031F903B01179B2F902A030460022019170
S3150802E2C018F054F858B101992170B7F900305B4536
S3150802E2D005DB534503DC002003B0BDE8F08F0135AA
S3150802E2E0D8E700BF24E2040850390020014918F093
S3150802E2F07AB800BF4D030308014918F074B800BF85
S3150802E3002103030870B5164E032804460D463378D2
S3150802E3101ED023FA04F202F00102AA421DD053B11A
S3150802E3200122A240A54023EA02032B43DBB2337043
S3150802E3304BB1012070BD2DB10A4B01201B689847CD
S3150802E3403378EDE73570074B00201B689847F0E7EE
S3150802E3509A07DED003F0FC03E9E7002070BD00BF90
S3150802E36054340020F0260020F8B505460C461CF069
S3150802E370C2F8104F06463B7833B1012D04D01CB9BA
S3150802E3800D481BF037FE3C7021462846FFF7BAFFB8
S3150802E3900A4B04461B783BB93B782BB918F0A3FA0B
S3150802E3A010B1074B1B68984730461CF09FF8204669
S3150802E3B0F8BD00BF55340020C4260020543400207E
S3150802E3C054390020054A0B46117831B100211170E3
S3150802E3D0034A0121526818781047704755340020BD
S3150802E3E05439002038B5074D04462B78834207D0A6
S3150802E3F001F07EFE20462C70BDE83840ECF7AEBA36
S3150802E40038BD00BF533400201B4B022910B51870C3
S3150802E41002D0032904D010BD184B1B78002BFAD161
S3150802E420FFF792FA0028F6D04FF00052144BC3F8C1
S3150802E4308020BFF34F8FBFF36F8F01F00FFE0028C6
S3150802E440E9D001F057FC0028E5D10E4B1C6834B11F
S3150802E45023689847BDE81040002001F03DBE17F03A
S3150802E46019FF094B18601CF081FA084B1860204600
S3150802E47001F0FCFDEEE700BF6C3A002053340020A1
S3150802E48000E100E014270020EC260020E826002000
S3150802E49038B504460D46FFF757FA80B14FF00052D9
S3150802E4A0124B1A6001F0DAFD48B9012D07D801208E
S3150802E4B001F012FE0E4B1B6823B15B6898470D4BA1
S3150802E4C01C7038BD1CF052FA0B4B1A68801A186079
S3150802E4D01BF04CFE4FF47A72084B1B6802FB0030A5
S3150802E4E017F0DAFE012001F0C1FDE8E700E100E0DD
S3150802E4F0142700206C3A0020E8260020EC2600208B
S3150802E500F0B585B01BF0F7FF344D04462B7823B1DE
S3150802E51033481BF06FFD002852D11BF003FE02AAF6
S3150802E52003A918F0CAF90346002838D018F0D9F911
S3150802E530029B98421CD100202A4B03991B682A4E3B
S3150802E5409942307020D90027C91A012324482B7012
S3150802E550264A3346CDE900771CF0BFF9002837D1A1
S3150802E560234A1378D90701D53178F9B1204611E043
S3150802E57018F0B5F9029B984228D000231846194983
S3150802E580194A0968137003910121FFF7BBFE00239C
S3150802E59020462B701BF0AAFF002005B0F0BD2046CE
S3150802E5A02B701BF0A3FF212005B0F0BD03F0FE037C
S3150802E5B01370002BDAD10F4B1B6898472046E9E700
S3150802E5C020461BF093FF0E2005B0F0BD0220B3E7EC
S3150802E5D0032320462F703370F3E700BF553400201B
S3150802E5E0C4260020E42600206B3A0020C5E3020870
S3150802E5F054340020F026002038B51BF07CFF144D59
S3150802E60004462B78EBB9134A13491370134B144A71
S3150802E61014481A60144A5A60ECF748F91349144820
S3150802E620ECF744F9134A144B1A60144B5B6F03F464
S3150802E6304073B3F5007F02BF0222114B1A60012311
S3150802E6402B70ECF79DFA20461BF050FF002038BDD0
S3150802E650563400205534002038E204085439002084
S3150802E66001E50208B426002069E3020840E204082C
S3150802E670BC260020E5E30208F026002000400050F0
S3150802E680E426002010B50446D0F818210B4B4FF4A7
S3150802E6900061C3F8C42090F82420D20102F4006273
S3150802E6A006F05EFB94F8243013F0100F4FF4007353
S3150802E6B014BF034A034A536410BD00BF003E00B0AC
S3150802E6C0001002B8002002B837B50C46264D69B9C3
S3150802E6D00A46012106F044FB244BEC645C6006F012
S3150802E6E05DFB2022224B5A6603B030BD0122114639
S3150802E6F006F036FB07221E4B0121DA60237901A8B0
S3150802E70085F84C306379019318F065FA019BC2B219
S3150802E710D34000F00F0040EA031085F84D00A279B5
S3150802E72085F84E20E27985F84F20206828650193FE
S3150802E730BBB1012102888B420CD821794B1E1344A6
S3150802E7400C4A1362C2F8CC1020220B4B5A6606F00A
S3150802E75025FBC9E730F811500131AA4228BF2A46DB
S3150802E760E9E71A46E9E700BF003F00B04C3F00B0B0
S3150802E770006000B8004000B8005000B810B5054C5B
S3150802E780237823B104F014F80020207010BD0E205F
S3150802E790FCE700BF5934002008B503F0D7FF012271
S3150802E7A0014B00201A7008BD59340020D0F8E43015
S3150802E7B013B11A68032A10D8094BDB6BC3F3C202DA
S3150802E7C013F0380F03F0070018BF504313F4E07F25
S3150802E7D0C3F3821203D050437047986A400E7047BB
S3150802E7E0008001B8431C07D06FF0FF02034B1040AC
S3150802E7F05A62A3F580535862704700BF00E000B81A
S3150802E80010B504234FF03A4101240A4AD1F81801F7
S3150802E810C2F81831C2F814314C634FF4005111632F
S3150802E820410742BFC2F81431A2F58052C2F8183124
S3150802E83010BD00BF002000BAF8B504460F461646BA
S3150802E8401BF059FE0546A047044620B128461BF090
S3150802E8504DFE2046F8BD05F0BFFB04220549D1F856
S3150802E860F03E23EA07033343C1F8F03E024B5A64EB
S3150802E870ECE700BF003000B0002002B8F8B51C462D
S3150802E88012F0020318BF043412F00107064607D134
S3150802E8906FF41070A4F5742202441648824224D9F1
S3150802E8A0003B18BF0123144A144813704FF6FF732E
S3150802E8B099421ABF4A1C92B22022114918BF120263
S3150802E8C0FFF7BAFF054670B98FB9631C08BFD6F8B9
S3150802E8D0104102F05FFC0146204604F0AFFD094BE9
S3150802E8E0C009C3F8C8002846F8BD2125FBE7052557
S3150802E8F0F9E700BFBDBDF0FF5734002031EC02082E
S3150802E90020FFFF00003E00B000F1E40370B5C2E943
S3150802E910003143F6787390B09360064617F0F5FD1A
S3150802E9201446D060072301AA06F1F8000D4604F042
S3150802E930A3FD43F6BC732361079B63614FF47F53C0
S3150802E940A361089BE36143F6C4732362099B63626E
S3150802E95043F6C873A3620A9BE36243F6CC73236346
S3150802E9600B9B636343F6D073A3630C9BE36343F683
S3150802E970D47323640D9B63640D4B93F90030C3F182
S3150802E9801C030DB195F9265096F928205B1B9B1A94
S3150802E9904FF4FF220749DB02C4E91212064A03F4BE
S3150802E9A0FF2304F158002265636510B070BD00BFED
S3150802E9B05834002020E000A820D000A8F8B5074661
S3150802E9C00C461E4615461AB113680BB15B68B3B9F5
S3150802E9D01BF091FD01463846FFF7E8FE0746084652
S3150802E9E01BF084FDB772AB890698E11A89B2D5E99C
S3150802E9F00132034402FB013331817360F8BD1A68A0
S3150802EA00032AE5D99F6A7F0EECE700BF00F01803D8
S3150802EA10182B0AD003070AD440F2011310F010008B
S3150802EA2018BF1846034BD86770470020FAE701203B
S3150802EA30F8E700BF003F00B0044B1868830654BFCE
S3150802EA40C0F30F204FF6FF70704700BFE027002083
S3150802EA5038B10368044A002B08BF1346034A1360F9
S3150802EA607047014BFAE700BF0965040864390020BC
S3150802EA7010B4D0E9544122400B4052EA030104D0B3
S3150802EA8003495DF8044B096808475DF8044B70476B
S3150802EA90643900200F2938B505460C460ED801F010
S3150802EAA03DFB01280CD1074A2846936E23F00F0333
S3150802EAB02343936617F034FF002038BD2120FCE774
S3150802EAC00220FAE7003F00B0014BD86E704700BF3C
S3150802EAD0003F00B0014B0020D9667047003F00B0E6
S3150802EAE003282DE9F347884664D8344B13F8009077
S3150802EAF0334B1E5C334B13F800A01BF0FCFC074695
S3150802EB0005F07EF8054640B100230022CDE9003320
S3150802EB1001200023002104F0A1FE05F079F848B18E
S3150802EB2000230022CDE90033002000234FF40041E0
S3150802EB3004F094FE002E3BD0234BDC6C04F0080450
S3150802EB40224B3146DC64484605F0A4FA5246314661
S3150802EB50484605F043FB1E4BDC64DDB11D4B1868C5
S3150802EB60D0F89410F83003F01FFC1B490868FFF729
S3150802EB7039FE4FF0FF330B60184B1A68511C06D04A
S3150802EB806FF07E401649C863A1F58051CA634FF0FB
S3150802EB90FF321A60B8F1000F04D0124B002103208D
S3150802EBA05B689847384602B0BDE8F0471BF09EBC42
S3150802EBB03446C5E702B0BDE8F08700BF50E2040854
S3150802EBC04CE2040848E20408004000B8006000B8B5
S3150802EBD0005000B888240020603900205C390020E3
S3150802EBE000E000B8543900200F4A536C13F0A00F06
S3150802EBF015D1906C10F0040013D10C4BD3F8F03EEB
S3150802EC0023F07F4323F0FF035BB1D368C3F30362A8
S3150802EC10092A07D0B2F10C0018BF0120704700205C
S3150802EC2070470120704700BF000002B8003000B0EC
S3150802EC3008B501F097FA014610B10221084608BD47
S3150802EC40FFF7D2FF0028F8D0054B1A784FF4005385
S3150802EC501AB1044AC2F8FC33F0E7034AFAE700BFDE
S3150802EC6057340020001002B8002002B8074A084BA1
S3150802EC7030B10221C2F864120422C3F86422704732
S3150802EC800421C2F864120222F7E700BF006001B845
S3150802EC90005001B870B50D46064620B91C4B1B68D4
S3150802ECA0D3B10E2017E001F039FA01282DD1194BFC
S3150802ECB093F90040D6F8E430C4F11C040BB193F979
S3150802ECC02630E41A641BC4F12B03002BB8BF5B423F
S3150802ECD0232B0CDD212070BD01F10F03002BB8BFD9
S3150802ECE05B42232BF6DC0B4B19700020F3E786F800
S3150802ECF028501BF000FC084A136A23F4FF2343EA50
S3150802ED00C42313621BF0F2FBEFE70220E3E700BF1E
S3150802ED10882400205834002000C000B810B5FFF738
S3150802ED20B1FC04F07DFA1BF0E6FB0A4A0121D2F88F
S3150802ED30C03E044623F02003C2F8C03E0222064B18
S3150802ED4008469A60054B5B68984720461BF0CEFB3F
S3150802ED50002010BD003000B0001002B8543900205F
S3150802ED60094B08461A6D91020BD4D3F84021D207F3
S3150802ED7008D4D3F8803013F4706F14BF0120002032
S3150802ED8070470120704700BF004001B8F8B50D462C
S3150802ED90D0F8943002EA010423EA01032343C0F8B7
S3150802EDA094304D4A01F00B0323EA0401D16423404F
S3150802EDB0A2F580526F070646D36410D50121FFF7E4
S3150802EDC0CFFF60B105F008F94FF4007314F0040F91
S3150802EDD014BF424A424A13650422424B5A64E90660
S3150802EDE006D514F0100F14BF00221B223E4B5A659B
S3150802EDF02A0618D5230611D54FF40012374BDA64C2
S3150802EE001BF079FB0E210746032003F055FA40F260
S3150802EE100122354B3846DA621BF068FB214606F1B9
S3150802EE20F80003F0C1FAEF0503D5E0053DD503F076
S3150802EE3031FAA90503D5A2053AD503F037FA15F42E
S3150802EE408C6F1DD014F4806237D096F825309B0754
S3150802EE500CD5F28DB6F82A3193422CD0B6F82C315D
S3150802EE609F1A7B427B41214A82F8DC30D6F8E410AD
S3150802EE70304617F04AFB80221D4B98671D4B1A61D4
S3150802EE802B0510D505F0A8F81B4A14F4006FD2F822
S3150802EE90F03E14BF43F0006323F00063C2F8F03E6D
S3150802EEA00422104B5A640020F8BD03F0EDF9C0E7BE
S3150802EEB003F0F6F9C3E70123D5E76805D6D596F830
S3150802EEC025309907D2D5094B114683F8DC200B4B1E
S3150802EED030461B689847C9E7006000B8005001B879
S3150802EEE0006001B8002002B8004000B8003E00B039
S3150802EEF0003F00B0000002B8003000B01C27002016
S3150802EF00014B1868704700BF0427002037B51BF06D
S3150802EF10F2FA002401230022CDE900340023054633
S3150802EF201946104604F09AFC052002F0E7FC064B47
S3150802EF3021461C60054B02205B68984728461BF051
S3150802EF40D5FA204603B030BD0C27002054390020DC
S3150802EF502DE9FF4102290D4616469846039004D12B
S3150802EF60FFF7D4FF04B0BDE8F0811BF0C4FA1E4FC8
S3150802EF7004463B683BB1B34205D01BF0B7FA0023FF
S3150802EF8021203B60EEE7194B0022C3F800803E6061
S3150802EF90002301264FF0000810461946CDE90066FF
S3150802EFA004F05CFC124B052083F8008002F0A6FCF4
S3150802EFB043462A46052003A902F0BEFC0D4B039AD6
S3150802EFC01A6008B92046D8E70B4D2B6898472128BE
S3150802EFD004D020461BF08AFA0020C3E731466B6844
S3150802EFE002209847F5E700BF0C27002008270020D3
S3150802EFF05B3400200427002054390020044B5B6E42
S3150802F0009B044EBF0120034B187800F0010070479D
S3150802F01000C001B85B34002090F827305A1F012A35
S3150802F02001D9082B05D14B7C2BB1012B05D0022B1C
S3150802F03005D017F04BBB034870470348704703488F
S3150802F040704700BF20A1070048E8010040420F00B0
S3150802F0500A78022A11D0101F4242424152004B78C6
S3150802F0601201022B0BD0191F4B424B415B0005497B
S3150802F070054842EA8312FFF7DFBB0122EFE70123C5
S3150802F080F5E700BFF0FFFF00650103080B78022BC6
S3150802F09010D0181F434243415B004A78022A0BD01C
S3150802F0A0111F4A424A4152000F21044843EA82028A
S3150802F0B0FFF7C2BB0123F0E70122F5E79101030836
S3150802F0C02DE9FF474B684A880C4609888146FFF7AF
S3150802F0D0D5FB0528054628D1D4F80480B8F1000FD7
S3150802F0E03CD0082341464846A27A17F027FA002759
S3150802F0F008F10C060290C8F808600DF10C0AE368DC
S3150802F100CDF804A003EBC70233F837303146009333
S3150802F1105368484602AA17F034FA054648B100234E
S3150802F120012219464846FFF7A9FB284604B0BDE85E
S3150802F130F08798F801300137BB4206F10806DED29D
S3150802F1402389606840F61A7200EB8300029B30211D
S3150802F15083428CBF00200120FEF7E2FE6268024B62
S3150802F1600025C3F8C820E0E7003E00B02DE9F843C1
S3150802F1700E780446042E0D4690F830810BD10027EE
S3150802F1805FFA87F9484601F087FF08B14E4602E062
S3150802F1900137042FF4D1304601F07EFF002849D00A
S3150802F1A094F83031B34209D1AA88D4F8A4309A42E5
S3150802F1B004D16A88B4F832319A4238D084F8306178
S3150802F1C0AB883046A4F834316B88A4F83231AB8860
S3150802F1D004F59875C4F8A430FF2384F82B3017F089
S3150802F1E038FC84F82A00284601F0E6FE18BB2846B1
S3150802F1F001F048FFF8B9D4F8E03053B194F8301169
S3150802F200414506D02046B3F91220E8F7D5FE84F820
S3150802F2103901204601F0C4FF0949A4F83401012343
S3150802F220084AD1F8FC1004F1F80004F025F9002088
S3150802F230BDE8F88321200C2384F83031F8E700BFB3
S3150802F240004F00B0A43F00B070B5054690F83001F3
S3150802F2500C460C281FD0FF2901D1212070BD1AB1F6
S3150802F2604FF0FF320D4B1A6017F0F3FB064695F87E
S3150802F270300101F081FF844228BF0446E4B2B44259
S3150802F28038BF3446E0B285F82B0002F0A7F8FF280B
S3150802F290E3D00020E2E70220E0E700BF6C39002055
S3150802F2A010B590F8303104460C2B44D0D0F8E03033
S3150802F2B080F82A10DBB3D0F8F020D2B990F83931A9
S3150802F2C08B421CD300222046FFF7BEFF48BB1B4BCE
S3150802F2D01B7813F0FD0F23D1204601F061FF184970
S3150802F2E00123184AD1F8FC1004F1F80004F0C4F816
S3150802F2F016E0B0F94220B3F912309A42E2DD002252
S3150802F300204694F83911FFF79FFF50B9C4F8E00078
S3150802F310204616F016FE4FF6FF739842014601D1B3
S3150802F320002010BD2046BDE81040FEF721BDFF2390
S3150802F33080F82B30F4E70220F3E700BF483A0020B2
S3150802F340004F00B0A43F00B0F0B51D46144B04466A
S3150802F3501B780F46164685B05BB1D0F8E030E3B1AC
S3150802F36002AAB3F91230009200220BF080FD05B012
S3150802F370F0BD02A916F025FF9DF808103A46204668
S3150802F380E8F71AFE014626B92A462046FFF75CFF29
S3150802F390EDE72046FFF784FFE9E71846E7E700BFEF
S3150802F3A063B30408F0B504468FB001F091F9D4F8B6
S3150802F3B09C300546012B00D010B128460FB0F0BD8F
S3150802F3C06C49204617F09BFBD4F8E0600146E58DB0
S3150802F3D0C4F8E4003EB133682BB15B681BB11A6806
S3150802F3E0032A00F2A4801BF086F801462046FFF79E
S3150802F3F0DDF9074608461BF079F8D4F8E410B38914
S3150802F4008DF80E70EB1A9BB2D6E9012000FB032297
S3150802F4105948ADF80C3003680292994207D0204643
S3150802F42017F073F880225549554B88671A61554D6E
S3150802F430534E00F073FE0128FBD12B6CDB07F8D480
S3150802F440736CDF01F5D4D4F8E41020460D919DF8CB
S3150802F4500E20029908AB03F0A5FC002847D100F05C
S3150802F4605DFE0128FBD1464A4649536CD801FCD4B5
S3150802F4700B6CDB07F9D408A901A803F019FE0546A7
S3150802F480002834D1E28D404B5A6494F8243060F354
S3150802F490410384F8243001F011FAD4F8E0305969AE
S3150802F4A0431E0E68DBB2FD2B049624D84B6801284E
S3150802F4B0059330D10126DF1C06D90133334B5B682D
S3150802F4C046D0DA1C41D80593024604A9204601F023
S3150802F4D0B7F9002E7FF471AFD4F85431990529D4BF
S3150802F4E094F8243043F0020384F8243065E70225B1
S3150802F4F028460FB0F0BDF71C13D9244B01361B68FA
S3150802F50018BF0126DA1C1BD804934B68FF280593FB
S3150802F510D1D00020D8E70246204604A901F090F986
S3150802F5204BE74B68FF280593C4D02A46F4E79F6A3F
S3150802F5307F0E64E720464FF4803116F048FE3CE71A
S3150802F540FF284B6813D00593C3E7FF28C1D1E0E72C
S3150802F550DE1C06D80246204604A9059301F070F976
S3150802F560BAE7FF28B8D10022204604A9F6E7012007
S3150802F5700593A0E7FC4F00B0F8260020003F00B034
S3150802F580000002B800C002B8008001B87439002031
S3150802F59038B590F83C510446002D37D01AF0ABFF27
S3150802F5A01F221B4B013D1A651540A3F580531D65A5
S3150802F5B0D4F84021A3F580539A67D4F84421DA6730
S3150802F5C0D3F84031DB071AD5D4F8E430DBB11A6830
S3150802F5D0122A18D9196D4FF0FF3320290A4628BF77
S3150802F5E0202219B1C2F120029340DB43084AC2F82D
S3150802F5F04431D4F8A0201340064AC2F84431BDE883
S3150802F60038401AF073BF4FF0FF33EFE738BD00BF3B
S3150802F610006001B8005001B82DE9F0410B460646D4
S3150802F620154611B92120BDE8F081002AFAD003292E
S3150802F63005D8002201F0DCFB03460028F2D01C881C
S3150802F6409A78B4F5804F02F0070180F08680A1F11E
S3150802F650070C1879DF88DCF1000343EB0C03052954
S3150802F6602B7394BF0023C2F30013C2F3801C6B737F
S3150802F670930985F810C003F00203C2F3C00C43EAEB
S3150802F6800C03C2F34012E8746B74AA74D6F8943069
S3150802F690AF82D8064DD4063901294AD8B6F812805F
S3150802F6A0F76908F1FF38083C04EA0804395D2C4B6F
S3150802F6B080295B6D08BF6FF07F014FF000031CBF06
S3150802F6C0323949B2A973AB6096F82700013404EAC5
S3150802F6D0080460BB3B5D5B0103F47E63FF2B9CBFA2
S3150802F6E0DB43D8B2D6F8EC3003B19847631CE8730B
S3150802F6F003EA0803F95C013303EA0803FA5C0133F7
S3150802F70003EA080341EA0221FA5C013303EA080321
S3150802F710F85C41EA0241002341EA00616A7C30460C
S3150802F72003F026FF06232860AB7100207BE7184604
S3150802F730DCE700230020EB730A4BDA69C2F30723DE
S3150802F740120448BF63F0FF035AB212F1800F1CBFBE
S3150802F750323B5AB2AA730346E5E7022063E700BFC3
S3150802F760004000B800C000B8F8B507460E468C88B7
S3150802F770FFF752FC97F827700546082F737C0CD1C1
S3150802F780012B0AD80146012003F0E6FE421C01D1EC
S3150802F7900220F8BDE30003330EE0053FFFB2012F56
S3150802F7A08CBF00200120294603F0D6FE431CEFD069
S3150802F7B0012F4FEAC403EED90E4A0344D2F8AC101D
S3150802F7C0326801F01F01A2EBC10203213260B17156
S3150802F7D0002DDDD0B3F5803FDAD84FF2244069090F
S3150802F7E000FB03132D09B3FBF5F3D21A002032608E
S3150802F7F0CFE700BF003E00B0F8B507460D461446EF
S3150802F8008BB1FEF7FDFF29463846BE8A00F0ACFFEB
S3150802F810B44228BF3446A4B222462946044801F017
S3150802F820B7F82046F8BD16F082FF0646F0E700BF95
S3150802F8300C0000BA70B54FF03A434FF480640A4D93
S3150802F840D3F818610020C5F81841C5F8144104F028
S3150802F8509DFC4FF400532B67730542BF034BC5F853
S3150802F8601441C3F8184170BD002000BA001000BA4E
S3150802F870082310B1024A53647047024AFBE700BFE5
S3150802F880001002B8002002B82DE9F04104460E46DF
S3150802F89019B990F824305A064AD44FF6FF73618E86
S3150802F8A0D4F8E470994204D0334B1B680BB1204656
S3150802F8B09847324D2B68BB4256D0314B1B6833B141
S3150802F8C0002F54D0396801B1B968204698474FF0DD
S3150802F8D00708204601F064FC002E3AD0294B93F91A
S3150802F8E00030C3F11C0317B197F926209B1A06208C
S3150802F8F094F9286024499B1B0A6ADB0222F4FF2238
S3150802F90003F4FF2313430B62D4F8E4201F4B2A6047
S3150802F910986701F0FFFD002501211D4A1D4B117054
S3150802F920204683F8845016F0FBFF2846BDE8F0818E
S3150802F9304FF6FF71114DD0F8E4702A6866F3861304
S3150802F940BA42418680F82430B7D101F029FC4FF03B
S3150802F9500108114A4346D2F8FC1004F1F800A2F64F
S3150802F9605C7203F089FDB9E74FF00108B1E7394641
S3150802F97020469847ABE700BF00270020F82600205C
S3150802F980FC2600205834002000C000B8006000B8E9
S3150802F9905A340020003F00B0004F00B0054A1268F2
S3150802F9A01AB190F81E1119B91047084602F096BC0A
S3150802F9B001487047F426002000FEFFFF3A4B2DE966
S3150802F9C0F7431C6801F4007900F00103174653EA6D
S3150802F9D0090206460D4640D04FF0000893B30023AD
S3150802F9E0002201200021CDE9008803F037FF4146B5
S3150802F9F02046FFF7D3FF012241462086104616F01D
S3150802FA006DFAD4F8941004F1F80002F0CDFC2749F7
S3150802FA100868FEF7E7FE4FF0FF330B60244B1A68BF
S3150802FA20511C06D06FF07E402249C863A1F5805169
S3150802FA30CA634FF0FF321A6094F8243043F0040385
S3150802FA4084F82430B9F1000F07D00121204616F0B8
S3150802FA50BEFB25F4007506430D432B463246204667
S3150802FA60FFF706F8FB070FD51349144A0868002161
S3150802FA70136811600121124A117003B19847114B9C
S3150802FA80002102205B68984717F00E0F08D04FF442
S3150802FA9009723B21002003B0BDE8F043FEF740BAE5
S3150802FAA003B0BDE8F08300BF882400206039002037
S3150802FAB05C39002000E000B8082700200C27002047
S3150802FAC05B3400205439002008B558220021064824
S3150802FAD00EF0B6F91022FF2104480EF0B1F905F02E
S3150802FAE05DF9002008BD00BFF43E00B0383F00B003
S3150802FAF073B586216F22A0F814118221C0F800215D
S3150802FB00C0E9411264220C23C0E9432207224FF0BE
S3150802FB10FF35002680F830314FF6FF730446C28758
S3150802FB2000F14C028264204AC385A0F8403080F86E
S3150802FB302C3043864263038780F82860C0F8A450B5
S3150802FB40458580F8265004F06BF82046FFF7BCFF7F
S3150802FB500122164B2046C3F8382294F92810FFF7DB
S3150802FB6099F86023124A41F6FF71D3644FF03A427C
S3150802FB70116311670F4A2946D36440220E4B204669
S3150802FB805A64D4F89420FFF701F90E230022CDE92E
S3150802FB90003340F202231046194603F05FFE01F0D5
S3150802FBA095FA304602B070BD4000FFFF005001B81A
S3150802FBB0004000B8005000B8002002B8044BD3F841
S3150802FBC0F03E13F0806F14BF23200020704700BF59
S3150802FBD0003000B00246F8B5B0F8344100F1F80535
S3150802FBE0FFF7ECFF0B688E68013304BFD2F80031C9
S3150802FBF00B604B68013304BFD2F80C314B60771C9B
S3150802FC003BD1D2F80831CF688B607E1C3CD1D2F842
S3150802FC1004610F69CE60013704BFD2F8F8700F612C
S3150802FC204F69013704BFD2F8FC704F618F690137FB
S3150802FC3004BFD2F810718F618F6967BBC0F1640483
S3150802FC4008688C6110B16F2838BF6F20C2F8083176
S3150802FC504B68C2E94006C2E943340B692846C2F832
S3150802FC60F8304B690F49C2F8FC30D1F8FC1007236B
S3150802FC700D4A03F001FC0020F8BD04F16F031B1ABC
S3150802FC80B34238BF3346BEE704F18606361ABE4289
S3150802FC9038BF3E46BDE76F34241ABC4238BF3C46DD
S3150802FCA0CEE700BF004F00B0A43F00B038B5044607
S3150802FCB0074D21462868621C003818BF012002F049
S3150802FCC00FFD2B680020003B18BF0123A37038BD27
S3150802FCD01027002038B5054C054B41780078256871
S3150802FCE0236002F07BFC00B1256038BD1027002096
S3150802FCF05CE2040870B51AF0FEFB05460B4E00F0EE
S3150802FD000DFA012805D028461AF0F0FB02242046EF
S3150802FD1070BDF36813F0706FF1D1F46814F0805473
S3150802FD20EDD128461AF0E2FBF1E700BF000002B85F
S3150802FD300A4B10B51B68044673B1094B48B1012139
S3150802FD40084A1A60022003F081FA0020064B1C704A
S3150802FD5010BD01461860F5E70220F9E710270020D2
S3150802FD601427002054E204085C340020014B18785A
S3150802FD70704700BF5C34002038B51AF0BCFB4FF65A
S3150802FD80FF710A4A13888B4203D11AF0AFFB0E2081
S3150802FD9038BD074C074D1B046567A4F58054636795
S3150802FDA011801AF0A3FB0020F2E700BF463A0020B2
S3150802FDB0006001B80000FFFF2DE9F74304460F462D
S3150802FDC015461E46FEF710FF38B3A38A2BB3204604
S3150802FDD016F046FA78B97A4BD3F8F02E1EB10E20F1
S3150802FDE003B0BDE8F08302F03003102BF7D002F01F
S3150802FDF0C002402AF3D0DFF8F88103F011FAD8F8E6
S3150802FE001430D907EBD51AF076FB0646032001F023
S3150802FE1073FE20B130461AF069FB0220E0E7D8F8F3
S3150802FE20142012F00608F5D130461AF05FFB644B2F
S3150802FE304FF400612046D3F8F09ED3F8C86E04F05A
S3150802FE40A3FF40B14FF4007201215E4B08465A6483
S3150802FE50424616F043F894F825309A0707D5D4F89F
S3150802FE6094305B0542BF4FF40022574B5A64394619
S3150802FE702046FDF77DFF524BC3F8F09EC3F8C86EC5
S3150802FE800028ADD194F82430980601D4002D58D014
S3150802FE90C5F3400004F066F8022315F4807F1FBFFD
S3150802FEA0494A002153644FF03A420BBF454A9161D1
S3150802FEB05364536304F090F84FF4806315F0040F0B
S3150802FEC014BF424A424A15F0400F13654FF0040226
S3150802FED03C4B28465A644FF0400314BF3D4A3E4AFB
S3150802FEE0C2F8B830FEF792FD204616F01CFC38B16F
S3150802FEF04FF4807315F0010F14BF334A314A536425
S3150802FF00A90647D54FF6FF72B4F8403093420FD090
S3150802FF10324A3349526F100CC2F301120132B3FB53
S3150802FF20F2F30880294A2A492E481B044867536770
S3150802FF30003D18BF012594F8243065F3451384F86B
S3150802FF402430204616F0E9FCF0B1204616F0EBFB09
S3150802FF50D0B14FF40031204604F016FF431C0322A9
S3150802FF609BB2214801A916F031FD9DF8042002F042
S3150802FF700703052B9DF8053015D112070DD443F456
S3150802FF8080731A4AC2F8D030002003B0BDE8F043A5
S3150802FF9016F05ABDFFF7F0FECAE713F0040F09D1AF
S3150802FFA09DF80630EBE703F03002202A05D113F05C
S3150802FFB0010FF4E74FF48073E3E79DF80630E0E7B4
S3150802FFC0003000B0002002B8001002B8005001B894
S3150802FFD0006001B800D000B800E000B8004001B8DF
S3150802FFE0463A00200000FFFF0C0000BA003E00B0AF
S3150802FFF000C001B808B50B4BD3F84C114B1C10D0F6
S3150803000011F080410DD1084B1B6813B10320FEF78D
S3150803001067FD4FF08062054B1A6501225A61022279
S315080300209A6208BD0080E00F88240020001002B8F9
S315080300304FF40022034B586C03F500535A64C0F37C
S31508030040C0407047000002B8024B034A00201A60FA
S31508030050704700BFFC260020C9E60208024B586910
S3150803006000F00100704700BF00C001B808B50D4B8A
S315080300705A69D10710D518B9BDE8084001F01ABC6A
S315080300805B69DA070DD401F007FC0323064A1364F8
S31508030090A2F58052536404E05B69DB0701D40028A8
S315080300A0F1D108BD00C001B800A0095090F9243069
S315080300B0002B0CDA4FF08053064A29B19360A2F558
S315080300C08052D36000207047D3609360FAE70E200E
S315080300D0704700BF006001B84FF0806310B1024A51
S315080300E053617047014AFBE7001002B8002002B8C3
S315080300F0202350B1064AC2F8F433064B196C11F0A3
S31508030100010104D1032003F0A1B8034AF3E77047BA
S31508030110001002B800C002B8002002B80F4BDB6813
S31508030120C3F30363013B0B2B0FD8DFE803F0060683
S315080301300C06060606080A08080802207047042063
S3150803014070470520704703207047054B5B6913F01A
S31508030150060F0CBF01200420704700BF000002B839
S3150803016000C001B8094AD368C3F303630B2B08D04D
S315080301706FF49050184100F0010080F00100400030
S315080301807047506C10F48030EDD17047000002B808
S315080301900C490D4ACB68C3F30363062B07D8042B14
S315080301A0D8B20BD8C31E5842584140007047072B94
S315080301B006D1D1F868011040ECD170470220704788
S315080301C000207047000002B85FFFF9FF094BDB68A0
S315080301D0C3F303639A1E012A8CBF00220122012B53
S315080301E002701EBF4FF4026222FA03F303F00103FF
S315080301F00B707047000002B811F0010311D09AB9C9
S31508030200552391FAA1F193FAA3F34A081B0F490060
S3150803021042EAC37201F00203C0F8A02080F829302D
S31508030220704722B9AA23ECE70023024AF4E7014AF6
S31508030230F2E700BFB75635120F2370B51B4C11F002
S31508030240010F63671A4B14D09AB901225A674FF004
S31508030250FF32C4F84421D0F8A020C3F844214FF054
S315080302607042C4F8482190F829201207C3F8482198
S3150803027070BD4FF0FF3602255D67C4F84461D0F8B8
S31508030280A060C3F844614FF07046C4F8486190F81B
S3150803029029402407C3F84841002AE9D0836C19602A
S315080302A04FF03A43C3F8F450E2E700BF006001B8E1
S315080302B0005001B813B590F827300446033BDBB268
S315080302C0072B96BF134A0021D15CFEF703FC0120D6
S315080302D001F056FA4FF4F0620F4B0020DA644FF43C
S315080302E00072A3F58053DA6494F8273001905A1FF5
S315080302F0012A0AD80421094B0DEB01009B6F0193D0
S31508030300012200F00BFC02B010BD093B012BFAD801
S315080303100121F5E76CE20408006000B8004001B863
S31508030320012310B580F816312823C0F8FC300423BE
S31508030330044680F82730044B196815F0DEFD20467D
S31508030340FFF7B8FF002010BD24270020012310B5AE
S3150803035080F816312823C0F8FC300223044680F8B7
S315080303602730044B196815F0C8FD2046FFF7A2FF8E
S31508030370002010BD48C50408012910B5044604D950
S315080303800239012915D90E2012E00C4B19680523E9
S31508030390012284F816214FF4BC7284F82730C4F876
S315080303A0FC20204615F0A9FD2046FFF783FF002011
S315080303B010BD034B19680623EAE700BF40C50408C6
S315080303C03CC50408012310B580F816314FF4BC73F5
S315080303D0C0F8FC300823044680F82730044B196814
S315080303E015F08BFD2046FFF765FF002010BD00BF03
S315080303F038C5040838B5194B04461D6845B1EB687A
S3150803040033B1286801F084FEAB68186801F080FEF2
S31508030410134B144A1B6813602BB1DA681AB19B682D
S31508030420186801F075FE104B1B682BB1DA681AB110
S315080304309B68186801F06CFE0C4B1B682BB1DA68D5
S315080304401AB19B68186801F063FE2046FFF77EFF22
S315080304502046BDE83840FFF72DBF00BF48C504084E
S3150803046044C504082427002040C504083CC50408DD
S31508030470F8B5D0F8403104468B420D46164603D1EB
S3150803048090F83C31202B0ED0324629462046FFF7FA
S31508030490B3FE202384F83C310023C4F84051C4F842
S315080304A04431FFF775F84FF00077074B32465F6420
S315080304B029462046FFF7C0FE8022044B1A6103F53E
S315080304C000535F64F8BD00BF001002B8000002B80D
S315080304D0072330B5144CE363144B61B94FF48042D8
S315080304E04FF48041C3F80811C3F80C21C3F810214F
S315080304F0C3F8142130BD44250D4940F040004D632F
S3150803050088630121D9634FF480414AB1C3F80811BE
S31508030510054BC3F80C11C3F81011C3F81411E9E716
S31508030520C4F80811F4E700BF006000B8005000B82B
S31508030530004000B82DE9F74F9046019305460F464C
S3150803054019F0D9FF064603F0DBFD95F82730033B80
S31508030550DBB2072B96BF4B4A4FF0000B12F803B0DA
S31508030560032F11D8DFE807F002151C230222464B96
S31508030570DFF83891D3F800A085F82720012285F8FB
S315080305801621BAF1000F17D12124204603B0BDE87E
S31508030590F08F3E4B0422D3F800A0DFF81491EBE763
S315080305A005223B4BD3F800A0DFF80891E4E7394B63
S315080305B00622D3F800A0F7E7D5F8DC20524507D082
S315080305C0504600F0C7FC0022C5F8DCA0C5F8E020B9
S315080305D041462846FDF7BCFA044603F0D1FE5F45BB
S315080305E007D0D5F8E02028461268DAF8041016F082
S315080305F049F9019BDFF8C0A0A3F16F0001F0E4FA03
S31508030600B0F57F4F3FBF244B9B6B0133C018A0F552
S315080306107F40CAF8CC00484602F0A8FECAF8D000C4
S315080306202CB941462846FDF7E1FB044618B1304686
S3150803063019F05CFFA9E701224FF00209174B41465F
S315080306405A642846C3F80890FEF768FB044618B1AF
S31508030650134BC3F80890EAE739462846FEF73AFAF1
S3150803066028460C9915F0DDFE04460028DFD10D490E
S3150803067007230D4AD1F8FC1005F1F80002F0FCFE39
S31508030680D5E700BF6CE2040848C504082427002000
S3150803069040C504083CC5040800C001B8001002B8E8
S315080306A0002002B8004F00B0A43F00B0D0FB010001
S315080306B050BD0100501C0700003E00B0034BD3F8A1
S315080306C0F80780F00070C0F340607047000002B876
S315080306D010B590F82730022B08D11C4BD3F89C1081
S315080306E031B9C28D272A0ED90E2002E0042B01D078
S315080306F0002010BD154BD3F89C30002BF8D1C28DC2
S31508030700272AF1D80121124B12481B68834219D0B4
S3150803071031241148181A434243415B000B48A0F899
S31508030720B64050246343282404FB01330B49194478
S31508030730895CFA31A0F8BC1009490B449A5C094B49
S315080307401A70D5E76FF003040123E7E7003E00B00C
S315080307504C27002000F04902005A620264E30408A9
S3150803076074E204085D34002010B590F82700A0B1A0
S31508030770304BD3F8A42012F0060F01D004280DD964
S315080307804FF470622C4BDA604FF48072A3F58053F2
S31508030790DA600022274BC3F8A02010BD02F002043A
S315080307A012F0040202D00B789B0637D4002C39D0FA
S315080307B00B7803F00F03072B34D14B78022B31D96F
S315080307C08B7813F03E0F2DD0CC7814F0040F29D074
S315080307D014F0010F0CBF04230A23A40748BF0633EA
S315080307E0CB5CFBB1002A14BF02220122042840F67F
S315080307F0FF7003F01F0108BF4900013940EA0131C0
S315080308000E4801654FF470600B491202C860A1F5E2
S315080308108051CA60074AC2F8A030BEE7002CC7D188
S315080308208B7823B90023054A13650122EAE70222D6
S31508030830DCE700BF003E00B0006000B8004000B827
S3150803084010B5124B0C68C3F87842C3F87C42C8B19A
S31508030850D0F8E030B3B15B69A3B1501EC0B2FD282E
S3150803086012D9013404BF6FF0010008600868FF2A33
S31508030870186007D14A68013202D16FF001024A6053
S315080308804A685A60002010BD012AF2E7004001B801
S31508030890FF2818BFC3434FF0180108BF1023064AA1
S315080308A018BFDB00C2F8FC1318BF03F00803A2F550
S315080308B08052C2F8FC337047002002B8024BD3F8C3
S315080308C0F807C0F3C0407047000002B84FF03A4338
S315080308D0D3F81421D2031ED54FF480320E49C1F83A
S315080308E01421A1F58051C1F818215A6DD1B2C2F36A
S315080308F00722C3F8A410C3F8A4200422C3F8A4202B
S315080309000022C3F8A420C3F8A420C3F8A420C3F87C
S31508030910A420C3F8A4207047002000BAF0220B4B8A
S3150803092001219A64A022A3F580539A644FF03A43AF
S31508030930826CC3F8F410FC21C3F8CC10C3F8D0209A
S315080309404FF40052C3F8F020704700BF006000B8A8
S31508030950F8B54FF03A440D461746064619F0CBFD4F
S31508030960012304226363084BE76026616561C3F8C4
S3150803097014214FF00042054BC3F8802119F0B6FD48
S315080309800DB102236363F8BD002000BA00E100E05D
S315080309902DE9F04105460124006800F007000630FA
S315080309A004FA00F3A868EC685E1EA04262D000EA67
S315080309B0060E6C6810441E430640A3EB0E000EEBAE
S315080309C0040C8242644618D9D31A0EEB030298B173
S315080309D0431E052B04D94B1CACEB0303022B59D836
S315080309E00B460844ACEB010E03EB0E0113F8014B5F
S315080309F083420C70F8D101466C688AB1531E052BE5
S31508030A0001F1010302D9E01A022812D80A44611E29
S31508030A1000E0013313F8010C934201F8010FF8D1F2
S31508030A2019F069FD0223AE60AB62BDE8F04119F027
S31508030A305DBD0B46204622F0030E8E4453F804CBC5
S31508030A40734540F804CBF9D122F00303D01A920771
S31508030A5001EB030C04EB0307E2D0CA5C0128E2545A
S31508030A60DED09CF8013002287B70D9D09CF802307E
S31508030A70BB70D5E7042A35D90878043AA8614878BB
S31508030A800431A86111F8020CA86111F8010CA861D8
S31508030A90A8688CE70B4620F003070F44ACEB010E5E
S31508030AA01C684EF803400433BB42F9D120F0030314
S31508030AB010F0030F01EB030EA0EB03040CEB030783
S31508030AC028D011F80380012C0CF8038022D09EF855
S31508030AD00130022C7B7018BF9EF80230084418BFF9
S31508030AE0BB7088E7013A032A12D8DFE802F00F152C
S31508030AF007020B4613F8012B1946AA610A4612F890
S31508030B00013BAB61114611F8013BAB610B78AB6155
S31508030B10BDE8F08108446EE70A46F3E738B50B46A5
S31508030B20154601464FF03A4468B101221048C4F805
S31508030B30F4201A46FFF72CFF25B14FF03A43042257
S31508030B40C3F8F42038BD73B1D4F8D8209A4284BFC9
S31508030B500122C4F8F4204FF03A42C2F8D4300223F3
S31508030B60C2F8F430E8E70123C4F8F430E4E700BF39
S31508030B70CC0000BA38B5044619F0BDFC4FF03A422A
S31508030B800121638F054651674BB3B3FA83F3C3F168
S31508030B901903DBB2A069C2F8B410C2F88C30072374
S31508030BA0C2F89000C2F8B0304FF4A02302F5005201
S31508030BB0C2F81431A2F58052C2F8183100220C4B40
S31508030BC01A600C4B5B6C5B0209D54FF480020A4B27
S31508030BD004F1F8005A64D4F8941001F0E5FB4FF4D5
S31508030BE0E0232846E363BDE8384019F07FBC00BF1D
S31508030BF028270020000002B8002002B82DE9F84390
S31508030C0005460C46B1B1D0F81880478F19F073FC26
S31508030C10B5F83CC0791E01EA0C0323F00702032C3E
S31508030C200646DFF8F8E042445FD1DEF8004024B90F
S31508030C3019F05CFC0E20BDE8F88324F00104DEF805
S31508030C40000020F00100A04254D10023CEF8003062
S31508030C50238894426FEA43436FEA534323803FD181
S31508030C60EB8F08EB07091846083880B202F1080427
S31508030C704C4528BF4446082804D9B4F800E0BEF515
S31508030C80804F41D263440F431B1A3B409BB2AB8749
S31508030C90E887947811884FF03A42C1F30C019165BD
S31508030CA0C2F89830C2F8B0004FF48022174B04F00C
S31508030CB00704C3F814214FF00042154BC3F88021EB
S31508030CC0FFF704FE042C0BD14FF48002114B05F1F8
S31508030CD0F8005B6C104B5A64D5F8941001F064FB6A
S31508030CE0304619F003FC0020A5E7601E012898BFCB
S31508030CF01446A4E7E88F4344E31A48BFDB190838C8
S31508030D009842A5DC304693E72246ADE7002000BAB1
S31508030D1000E100E0000002B8002002B828270020FE
S31508030D20154B10B51968CA8F8B8F488F1344013832
S31508030D30073B8C69034023F007031C4402F10803AD
S31508030D404FF03A429BB2CB87C2F8B0304FF48022B9
S31508030D500A4BC3F814214FF00042094BC3F880210C
S31508030D60A07800F00700042803D1064AD3681B03BA
S31508030D70FCD4054B1C6010BD88240020002000BA53
S31508030D8000E100E0000002B82827002010B5064C51
S31508030D90216839B1CB0703D4044B1868FFF72EFF34
S31508030DA00023236010BD00BF2827002088240020C5
S31508030DB04FF480320C4B0D49C3F818214FF03A43D0
S31508030DC0C1F81421D3F8AC10D3F88C20012302F010
S31508030DD0070206329340C1F30C01083B994201D836
S31508030DE0FFF774BD704700BF002000BA001000BAB1
S31508030DF02DE9F04780460C4616468769458F19F054
S31508030E007AFBB8F83C2005F1FF3C02EA0C0323F011
S31508030E100701032C82463944B8F83E0019D14A4CD7
S31508030E2024689CB90244073A02EA0C0222F0070234
S31508030E30BC183B44E31A48BF5B19834210DB504690
S31508030E4019F054FB00242046BDE8F08724F001047A
S31508030E50EFE7012C02D0022CEBD108380C46E8E761
S31508030E60002E3FD08C4241D14FF03A42D2F85890E7
S31508030E704FF03A41D1F8AC20B8F81270C2F30C021D
S31508030E80934247DA2588B5F5804FD8D2A378C5F3B8
S31508030E900C0503F007037A1EA5EB09053A43052B50
S31508030EA0337005EA02052DD82DB2E84340F24142D4
S31508030EB00421C00FFDF734F87580E3783374D8F846
S31508030EC01C207B1E03EA0903D118B160A9B213FAE1
S31508030ED085F5AF422FBF0023FF1AB780F26024BF00
S31508030EE0B180F360504619F001FBACE7A4F10802A0
S31508030EF0974284BFED0802EBC502B2F80090C9F326
S31508030F000C09B5E7114B5B6D003B18BF0123A5EB35
S31508030F10C305C9E74B6D7A1EA3EB09033A431A4087
S31508030F200B4915B2002DCB680BDCC3F30363D81E3C
S31508030F3043424341DB003370CB6C72801B0A337424
S31508030F40BDE70823F7E700BF28270020004000B8BD
S31508030F50000002B8054BA822D3F84C013121431CE3
S31508030F600CBF0120C0F38070FCF7DABF0080E00FE6
S31508030F7010B50F4B1C78ACB90E4BD3F8F8375B0397
S31508030F8009D490B10F23441EB4FBF3F41030044480
S31508030F90E4B2204610BD40F61D023F212046FCF769
S31508030FA0BFFFF6E70001C4B2F3E71024F1E700BF79
S31508030FB0483A0020000002B838B5294D0446297876
S31508030FC019B9202227480CF03BFF2378264A618863
S31508030FD0137051804FF2F0022449C1F8C821244AFC
S31508030FE04BBBA1F50051D1F8F81711F4002F4FF0B8
S31508030FF0FF011CBF1F48C0F8DC3011704FF0407367
S315080310001A4AC2F834311C4BD3F8F83713F4802341
S315080310100BD14FF47F01C2F830111849C1F83031AA
S3150803102048F2C801164BC3F8F4100723C2F8FC3379
S315080310300122124B0DE000240E48022BC0F8DC40B7
S315080310404FF0FF001070D9D107230422C1F8FC33EF
S315080310500A4BC3F8FC23012300202B7038BD00BFBD
S315080310605E340020E03F00B0483A0020002002B872
S31508031070703A0020004001B8000002B8001002B818
S31508031080003F00B0034B1A6802609B8883800020E8
S31508031090704700BF483A002010B5044600F04AFFDF
S315080310A0094BD3F8F80734B900F44020B0F54020CB
S315080310B018BF012010BD022C0ABF80F4003000209F
S315080310C0C0F34040F6E700BF000002B82049D1F854
S315080310D0FC37FF2B31D01F48C3F303120270D1F834
S315080310E0F81703F00F0309035BBFC2EB02120F3BAA
S315080310F002F1FF32D2184ABF03EB0213D3B2DBB2B3
S31508031100154A164913700978154B1A68E9B1B2F1ED
S31508031110A06F1AD3D3F85012124A134BB1F1FF3FFB
S3150803112018BF1346114A136041F66A02104B1B682F
S31508031130B3FBF2F30F4A13607047D1F8F83713F489
S31508031140002F0CBFB4235A23DAE7074BEAE700BF9D
S31508031150000002B8713A0020603400206F3A00207C
S315080311600080E00F5082E00F54E404082C27002087
S315080311704C2700203027002020B1022804D1034B36
S3150803118018787047024BFBE700207047713A002036
S3150803119060340020014B1868704700BF34270020CD
S315080311A02DE9F74FD0F8A4404C22022C38BF02246D
S315080311B07B49013CCB6CD1F8DC507A49C3F38213E3
S315080311C0DA400B680646A34290F83071764BDFF88F
S315080311D000A2DFF80092DFF8008202F0010216D1BE
S315080311E01878904213D19AF80000B8420FD1D6F86E
S315080311F0A80060B1A8420AD196F82B5099F80000C6
S31508031200854204D1B8F8040003B0BDE8F08F98F816
S3150803121000001A700C60FFF7AFFF0346002A00F0C0
S31508031220918004234FF07F41604AC2F8BC30604B7B
S31508031230C3F8BC1096F82B301B06C2F8BC30002046
S3150803124040F271225B4B19211B68B3FBF2F363432C
S31508031250182BB3FBF1F14FEA004400F29380002CFC
S3150803126000F09B80B4FA84F2C2F12002C2F10F03A4
S31508031270012B38BF0123D440A14201D2013B6408A4
S31508031280421C03F01F0152008A40121BDFF838B1D3
S315080312909208CBF8B0201A0242EA031213430193C9
S315080312A000EB002300EB0325434B40F6970218682F
S315080312B02B21003818BF0120FCF732FEFA223E4BD9
S315080312C002FB04F01B6840F6FF72B0FBF3F00A2337
S315080312D058433A4B00F57A74C3F8D820019AA3F514
S315080312E08053C3F8D820364AA3F58053C3F8DC5095
S315080312F0D2F8F827520308D4D3F8DC3003F47F0274
S31508031300C3F303531343CBF8FC30C6F8A8502D4D4B
S3150803131000F6B8302C6002F029F84FF47A722A4B9B
S31508031320C3F8A400C3F8F8002B68B4FBF2F0B3FBC8
S31508031330F2F3A8F8043096F82B308AF8007089F887
S31508031340003061E796F82B00984228BF1846C0B2CA
S315080313502FB1022F7FF473AFFFF70AFE70E7184B1E
S31508031360D3F8F8371903F7D450B10F230138B0FB74
S31508031370F3F00130154B1B68034413F8010C5FE7C0
S315080313800120F7E7B1FA81F23CB1B4FA84F3D21A31
S31508031390002A3FF76BAF0F236EE70F2370E700BFF3
S315080313A0004001B86C3900205F340020001002B8F1
S315080313B0002002B84C27002030270020006001B81F
S315080313C0000002B834270020003F00B02C27002075
S315080313D06E3A00206D3A0020483A002038B5254B6E
S315080313E005461A78244C0C2A02D1FF20207038BDF2
S315080313F0104615F02EFB01461046FFF7BDFEA84220
S3150803140028BF2846C0B2884238BF08462378C0B2E8
S315080314108342ECD020703ABB184BD3F8F83713F451
S31508031420002321D14FF2F001154AC2F8C811C8B1F9
S315080314300F230138C0B2B0FBF3F3591CC3EB0313F4
S31508031440C01A431C0D4A1B01D2F8C80143EA0133EB
S315080314500343C2F8C831D2F8C8210A4BC3F8FC20A3
S315080314602078C4E70121EDE7074B1868FFF798FED4
S31508031470F6E700BF483A0020703A0020000002B899
S31508031480002002B8003F00B088240020014B1870E2
S31508031490704700BF6F3A002010B50446FCF754FAAC
S315080314A078B1154B1B786BB964B1144B1B784BB1E8
S315080314B0134B1B78013B012B04D84FF40042114B05
S315080314C01A6510BD104B1B6D1B04FAD419F013F8DB
S315080314D0044602F081FD4FF400420C4B2046BDE85A
S315080314E010401A6502220A4BC3F8D4240422054B7A
S315080314F05A6418F0FBBF00BF613400206234002031
S3150803150038270020002002B8000002B8001002B8ED
S3150803151000D00350054BD3F8843013F0030F4FF470
S31508031520802314BF024A034A93647047004000B8F5
S31508031530005000B8006000B8F7B50646534C00F0F3
S31508031540F9FC01213A20E4F785FF514B2578514FE1
S315080315501E7085BB2846FFF79FFF2378013B012BA7
S3150803156019D8E37B01A88DF80430237C8DF8053060
S31508031570E2F73EFDC7F8D4544FF6FF72464BC3F85D
S315080315808420F822A3F58053C3F884200022414B14
S31508031590C3F8D4240DE04FF6FF723F4BC7F8D45473
S315080315A0C3F88420F822A3F58053C3F88420C7F828
S315080315B0D4543A4B5BE00020FFF76EFF2378013BD8
S315080315C0012B08D8E37B01A88DF80430237C8DF81A
S315080315D00530E2F70DFD0023C7F8D434002ECBD02F
S315080315E062685AB32E4B1B6803EB5203B3FBF2F341
S315080315F0013B1B0243F0F80326782749022E294AA2
S315080316001ED0032E4FF6FF75224826D0012E36D15B
S3150803161043F00203C1F88450C2F884300723C0F8A4
S31508031620D434E37B01A88DF80430237C8DF8053088
S31508031630E2F7B6FC0120FFF72FFF17E0F823DBE7F5
S315080316404FF6FF7043F00103C1F88400C2F88430F3
S315080316500622104BC3F8D424E3E743F00503C1F885
S315080316608450C2F884300423C0F8D4340E4B4FF0A8
S3150803167080421A650020FFF74DFF03B0F0BDC1F89D
S315080316808450C2F884300023EEE700BF38270020D1
S315080316906234002000C00350006000B8002002B87E
S315080316A04C270020005000B8001002B8F0B52B4FA5
S315080316B006463D4604460FCE0FC5336885B02B60F4
S315080316C000F038FC01213A20E4F7C4FE0022244B3B
S315080316D0C3F8D424A17A627A42EA0142C3F8E02421
S315080316E0217CE27B42EA0142C3F8DC24217B627B4C
S315080316F041EA0240C3F8D8043B78032B2AD8DFE82B
S3150803170003F022020C178DF8041004218DF8052026
S315080317100DEB01000022E2F711FCE37B00228DF8B2
S315080317200830237C042102A88DF80930E2F706FC69
S31508031730637A01228DF80C30A37A042103A88DF865
S315080317400D30E2F7FBFB074B187805B0BDE8F04010
S31508031750FFF7F2BE212005B0F0BD00BF38270020F1
S3150803176000C0035062340020034B1B6D002BBCBF23
S31508031770024BC3F888007047000002B8004000B85F
S315080317804FF0006338B1064A1365064B4FF400322F
S31508031790C3F884207047044A1365044BF6E700BF71
S315080317A0001002B8005000B8002002B8006000B864
S315080317B02DE9F04700F018FC4FF47A762D4BB0FB71
S315080317C0F6F618604FF4FA73734307462A48190E58
S315080317D01B021818294A4FF0000341F10001ECF7E0
S315080317E027FB274BA0F5807205461A6320B94822C2
S315080317F02B21FCF795FB01254FF47A724FF0000A6B
S315080318006A43534650083102ECF712FB1C4B1D4A38
S31508031810B7F57A7F9A601C4B4FEA056819601B4B2C
S315080318208946044618604FEA152505D29B222B21C3
S315080318305046FCF775FB01264FF47A73A8FB0301A0
S3150803184003FB05117308C01841F100010023324652
S31508031850ECF7EEFA0E4B023419600E4B49F1000908
S31508031860A408186044EA8974054B013C9C63BDE8E7
S31508031870F08700BF4C27002020A1070040420F0035
S3150803188000C001B8021101005C2700205827002078
S3150803189054270020502700200822044BC3F884212C
S315080318A05A600122024BDA60704700BF00E100E08C
S315080318B000C001B80822064BC3F88421C3F8842064
S315080318C0BFF34F8FBFF36F8F0422024BDA60704763
S315080318D000E100E000C001B810B50446A242A2EB3D
S315080318E00000A3EB010104D2034B01399B6B0133BF
S315080318F0184401F0030110BD00C001B838B501252D
S315080319000A4B02019D504FF480730446084A8340EC
S31508031910536618F0F0FD074AA540137823EA050332
S315080319201370BDE8384018F0E1BD00BF00E101B807
S3150803193000E001B86B3400202DE9F84F164605463A
S315080319408A461F4618F0D7FD022E00F0918080467E
S3150803195018F0DAFD5A4B5B4AD3F8209092F86D409B
S315080319605A6EE4B2520744BFD3F82090013404F008
S31508031970030418F0C4FD4846214600F013F98446CB
S31508031980DAF80000012E04BF01306044ACEB000C0A
S3150803199008BFCAF80000BCF1804F7DD300F014F9E4
S315080319A08145A1EB040188BF454BDFF838C188BFE1
S315080319B001F1FF3101F0030188BF9B6BA0EB090E10
S315080319C00CF80510A1B1F90742BF41F61F723E4B49
S315080319D05A67BA0742BF3C4B3C4A5A677B0742BF22
S315080319E00022374B9A673C0742BF0022344B9A655D
S315080319F011244FF0010A324B05F11002120103EBD1
S31508031A00051BCBF80C0132499C501A6A0AFA05F4ED
S31508031A10586E0B78A2EB0902E4B2234372450B70A6
S31508031A2025D34FF48073AB40034220D11CF805201D
S31508031A30002A40D10EB3274AF807536607D541F65D
S31508031A401F7140F20110204B596750675967B90750
S31508031A5006D51D4B1D4A1F491F485A6748675A67CB
S31508031A607A0742BF01221D4B1A613B071AD4404627
S31508031A7018F03CFD0120BDE8F88F194A2D0142F8FC
S31508031A8005A042F89C3C18F036FD11490B7823EA69
S31508031A9004030B7018F02AFD404618F027FD0020B2
S31508031AA0BDE8F88F2120FFF75FFE4FF48032044B21
S31508031AB04046DA60DCE7074A40465366D8E700BF84
S31508031AC000C001B8003E00B000E001B800001F1FC7
S31508031AD06B34002000D001B800000101000002B8F1
S31508031AE000E101B863340020024B1878003818BFA8
S31508031AF0012070476B340020034B1030000118583F
S31508031B0000F00100704700BF00C001B870B5064673
S31508031B10FEF7A4FA044608B1FFF7CCFE00230A4DE4
S31508031B203046AB61EB612B6200F04EF8074BC9B246
S31508031B3083F86D1028622CB1FFF7AEFE4FF0806272
S31508031B40034B5A64002070BD00C001B8003E00B0C4
S31508031B50002002B838B518F0D7FC084B084A1D6AA6
S31508031B6092F86D405A6EE4B2520744BF1D6A0134B7
S31508031B7018F0C5FC284604F0030138BD00C001B8B7
S31508031B80003E00B00346064A103302EB00111B0160
S31508031B90D1F80C01D158C1F3400114F074BF00BF4A
S31508031BA000C001B8064B1B68434303EB8171054B21
S31508031BB01B68A3FB003013F1004341EB0000704799
S31508031BC054270020502700200C4A20F040430146A2
S31508031BD010B5002014684FF00042E4FB0320084ABE
S31508031BE0890F126802FB0300064B9B6B984204D9C4
S31508031BF001330131C01A01F0030110BD5827002033
S31508031C005C27002000C001B8044B01F0F0711030C6
S31508031C1041F0030100011950704700BF00C001B825
S31508031C2008B52220FFF7A0FD4FF48022014BDA60A6
S31508031C3008BD00BF00C001B840B1836833B1064987
S31508031C40C268096803F13043032A00D8704743F88A
S31508031C50041B043AF8E700BF9027002070B5164620
S31508031C60054600B3F9B1F2B14268104B0068033276
S31508031C701B68920800F130409847044688B9EA6819
S31508031C80A86803323146920800F1304014F01BFF6E
S31508031C90044630B9D5E90402214600F130400CF078
S31508031CA0CFF8204670BD2124FBE700BF703900201A
S31508031CB070B50C68651C15D0C4F302669E42C4F35E
S31508031CC0074530D1A4B294422DD804EB8506B24217
S31508031CD029D2141BA50824F003040E59340F04D083
S31508031CE0012C08D00022212402E06B1C51F8232082
S31508031CF0C0E9002470BD0E4C34F8133042EA03439E
S31508031D001A686B1C51F8234001EB83014B68224088
S31508031D105E4036F0704404D11B0F032B04BF8B6857
S31508031D201A430024E4E7013501EB8501C1E700BF47
S31508031D3068E4040807B501A8E5F756FD254B2649C7
S31508031D40D3F86022D2B2FF2A1DBFD1F87801130255
S31508031D5043EA0213D1F878311CBF20F47F62134398
S31508031D60C1F8F8331C4BD3F8F837190354BF0920C5
S31508031D700C20E5F743FAC822184B42F201015A65CB
S31508031D804FF4C02203F51043C3F868214FF4803299
S31508031D90C3F86C21124AC2F8701202F52042D2F82F
S31508031DA0F827120308D44FF470610E4AC2F8A0103C
S31508031DB04FF42062C3F8A02001220B4BC3F800247A
S31508031DC003F53043D3F86821084B1A6003B05DF86E
S31508031DD004FB00BF0080E00F000002B8008001B8D2
S31508031DE0006001B8002002B8005001B8202700207F
S31508031DF0134B1B78002B20D0124B134A00201A6072
S31508031E00124B134A1A60134B134A1A60134B1A6878
S31508031E10134B1A60134B144A1A60144B144A1A606C
S31508031E20144B154A1A60154B154A1A60154B164A70
S31508031E301A60164B164A1A6070470220704700BF8D
S31508031E406C3400209C2700205CED040894270020AE
S31508031E50C4E4040898270020E4E40408843900202D
S31508031E6090270020B4270020ACE40408AC27002000
S31508031E7064E80408B0270020E0E40408A827002043
S31508031E8094E40408A0270020E8E40408A427002013
S31508031E90DCE404080022012138B51E4B5A649A640F
S31508031EA0DA641D4A516102219162DA68C2F3036258
S31508031EB00D2A01D0002AF8D111220124174DDA631D
S31508031EC04FF0FF302C7008F0D6FF00232B70144D0B
S31508031ED04FF4E86228685421C01A18BF0120FCF79A
S31508031EE01FF8104B28681A680F4B1968FFF7B6FED8
S31508031EF001F05AFB0D4B1868FFF79EFE0C4B18684A
S31508031F00FFF79AFE4FF08062034B5A6103F580533D
S31508031F105C6138BD000002B8001002B86C340020BA
S31508031F2094270020982700209C270020B427002008
S31508031F30A827002001230D4A0D49C2F8803291666D
S31508031F400C4A53600C4A53600C4A5360A2F580420C
S31508031F505360A2F54042536002F5C032536002F55E
S31508031F6080425360A2F500425360704700900050C8
S31508031F70FF0B001600D000B8001000BA005001B8D5
S31508031F8038B50324FFF7D6FF114A124B124D1A65CB
S31508031F90FFF7D0FE114BC3F8104101232B6501F05F
S31508031FA03FF94FF460736B614FF400732B65FEF7CB
S31508031FB085FC0021FEF76CFC4022094B1C64A3F543
S31508031FC080535C64074BC3F884215A6038BD00BF4D
S31508031FD00048F000000002B8001002B8005001B82B
S31508031FE000A0095000E100E008B517F057F8044BC4
S31508031FF01B6FC3F300430133B0FBF3F008BD00BF07
S31508032000008000502DE9F04F044687B002908946B8
S3150803201059F8043B5A1C06D12360029BE01A801028
S3150803202007B0BDE8F08F3748C3F301615FEA137B56
S3150803203030F8110008BFC3F307429BB218BF012249
S3150803204043EA004014F048FD4FEAC20A05460AF17E
S3150803205004032D48234483421BD807230127C84674
S31508032060CB4003F0010301939300049307FA0BF79C
S3150803207005EB8203039307F0940304F1080605931B
S31508032080039B08F10408AB4208D104995444494414
S31508032090BDE71E4B9C42E0D80020C1E7059B53B918
S315080320A017F0420F19D117F0280F0BD146F8085C21
S315080320B058F8042C21E04FF4206232210020FBF764
S315080320C02FFFF3E740F6042232210198FBF728FF96
S315080320D005F5805246F8082CEAE740F60D22322128
S315080320E00198FBF71DFF05F50052BBF1010F46F8F2
S315080320F0082CDDD158F8042CD24346F8042C0435B1
S315080321000836BDE760E40408DF4F00B0E04F00B0CF
S31508032110F8B50646E0B10024144B25461F46144974
S3150803212053F8042BAAB91348314600EB8500FFF789
S3150803213069FF30B940F6AE323621BDE8F840FBF701
S31508032140EFBE0D4B0135281847F8246023F8140011
S31508032150F8BDB242FCD001340C2C02D031F814502D
S31508032160DEE740F6C83236210020E6E7602700207E
S31508032170CE280020404000B0D028002070B5044681
S3150803218098B1B1B13A4A52F8043B834213D10023BA
S31508032190384A116CC907FCD4374800EB830014F09E
S315080321A09BFC364B106001221A6470BD01330C2B5D
S315080321B002D1334D2CE0012352F8041BA142F5D179
S315080321C0304A32F81330E3E7C2F3016335F81300F4
S315080321D0110C93B211F0FE0F43EA0043606820D056
S315080321E00434CAB2022A216808D9D4E90160033A39
S315080321F0C3E9001698600C340C33F3E704D162681C
S31508032200C3E90012083403E0012A01D10434196032
S315080322102268531CD8D10022164B1A6003F5805343
S31508032220C1E7120F072AEDD8DFE802F00704090D04
S315080322301013181DC04303F500531860E2E71A6824
S3150803224042401A60DEE703F58053F6E714F010FC04
S31508032250D8E7012203F580538240F2E7012203F50A
S3150803226000538240EDE71A6830EA0202FBD1C9E758
S315080322706027002000C002B8404000B000D002B872
S3150803228068E40408CE2800200122014B1A6570472A
S31508032290001002B80122014B1A657047002002B8E4
S315080322A04022014B1A657047002002B84022014BB1
S315080322B01A657047001002B8064BDB68C3F303635D
S315080322C0984206D1044A936E23F0F00343EA0111B8
S315080322D091667047000002B8003F00B02DE9F74346
S315080322E0064614F0BEFB00248046DFF8909018F0EB
S315080322F002F90DF1070105460DF10600FDF766FF24
S315080323009DF806308BB9721C29D014F0AAFBA0EBF2
S315080323100804284618F0EAF89DF8063013B99DF81C
S3150803232007303BB3A642E2D824E0D9F80C3013F4BD
S31508032330603FE8D0D9F8180014F021FC731C07464F
S3150803234003D014F08EFBA0EB0804284618F0CEF849
S3150803235017F5007FE0D0384603B0BDE8F08328467A
S3150803236018F0C4F89DF80630002BC0D19DF8073045
S31508032370002BBCD1004FEEE700FEFFFF00C000B8FC
S315080323800122024B98611A61704700BF000001B829
S31508032390044BD3F8B03010B1C3F30332027003F021
S315080323A00F007047000002B8064B01F080015B6C12
S315080323B003F480030B4302BF4FF40012024BDA64A3
S315080323C0704700BF000002B8006001B80F4B1B78C6
S315080323D08BB1012B11D10E4A012102F580528B4292
S315080323E091600FD80A4A0B49002B08BF0A4693681F
S315080323F09B07FCD47047074AEEE700224FF4805345
S315080324009A60FFDE00239B68FBE700BF6D3400205C
S31508032410004003B8000003B838B50B4B0B4C002833
S3150803242018BF1C46A569E3691D4007D0084B1B68FE
S315080324302BB12846984704F50054A56138BD6B05AA
S31508032440F9D5FFF7C3FFF6E7004003B8000003B862
S31508032450B82700204FF604014FF60502044B012066
S315080324601B6C9BB28B4208BF1346024A136670471E
S315080324700080E00F00C001B82DE9F74F81460F46EB
S315080324804FF0FF35FFF766FB002601908A462C4678
S315080324903046DFF8D8B006F110031B015BF80330AA
S315080324A003F00308B8F1010F15D13046FFF76AFBAD
S315080324B002460B4601985146FFF70EFADBF86430DD
S315080324C006F10802D340DB0739D5002F40D0002593
S315080324D02C463E6040460136082EDCD160B3234ABB
S315080324E00027D2F808C0916B0CF440330131A4FBE2
S315080324F00141641941F10001B3F5003F30D1536B33
S315080325000CF4405C013347F10006BCF5805F22D129
S31508032510156B15F5807505FB06F647F1000203FBF7
S315080325200266A5FB03323244594304FB0212A3FB9A
S3150803253004341444C9E9003403B0BDE8F08FA84253
S3150803254071EB0403C6D207B13E6005460C46C1E7E4
S315080325503D463C46BEE7320242EA13621B02E3E704
S31508032560136B13F5807347F10002DDE700C001B86A
S31508032570F8B5062014F098FA044614F072FA42F2F3
S315080325801073041B9C42054618D94FF080624F24EA
S315080325900B4B5A6441F26F770A4E0BE014F061FA5B
S315080325A0401BB8424FF4837221468CBF002001209A
S315080325B0FBF7B6FC736C5B01F0D5F8BD1A24E9E7A3
S315080325C0002002B8000002B8034B1A6E596E03F5D1
S315080325D000530A401A66704700800A50FF28F8B568
S315080325E006D1FF294FF0070006D0002967D103E07B
S315080325F0FF2962D10F2862D80026324C324D84F85F
S31508032600680084F86960686940F25D124B2100F03E
S315080326100100FBF785FC11231022AB662B4B6E6674
S31508032620C3F888219A6001213B20E3F713FF94F846
S315080326306910274A94F868300A432649063341F84D
S315080326402320254B3E201D68E3F71EFF6F08ED0781
S315080326500246334628463946EBF7EAFB090241EABE
S315080326601061C0F3C05040EA41001C4BA065186BCB
S3150803267010F5807005D14FF4D6722B21FBF750FC69
S3150803268002200246002300200121EBF7D1FBE06577
S315080326903E20E3F7F9FE40F649435843000DFF2869
S315080326A028BFFF20022838BF0220002184F86C00C7
S315080326B0012000F0CBFD0020F8BD0F2895D9212075
S315080326C0FAE700BF003E00B000800A5000E100E0D0
S315080326D0020D0C00008003504C27002000C001B8EF
S315080326E038B1054B93F86800087093F869001070C1
S315080326F0704707230B70FAE7003E00B02DE9F34154
S3150803270005460F4668461146FFF7B6FE0646B0B1BC
S31508032710AFB1DDE900321B0A43EA0263A5FB038472
S31508032720094B120A05FB02441A6812B9FFF75CFC47
S315080327300246002340462146EBF77AFB38603046CB
S3150803274002B0BDE8F08100BF4C27002070B5FFF743
S315080327500FFF0021022000F079FD14F082F90446E8
S315080327600F4D104ED5F8F4331B070BD517F0C3FEE0
S31508032770BDE8704002220C4BDA6001220B4B1A703B
S3150803278017F0B4BE14F06DF9001BB0424FF405728E
S315080327904FF045018CBF00200120FBF7C1FBE1E7A1
S315080327A0000002B83F420F0000C001B86E34002093
S315080327B0214910B50B78002B3DD001221F4C94F804
S315080327C069300133DBB202FA03F31D4A5366136613
S315080327D008221C4BC3F8882100230B7003231A4ACB
S315080327E039211364A2F580525364184B40F2C3226D
S315080327F0586CC0F38060FBF793FB4FF48041144A8F
S31508032800144BC2F89410144A216ED26E914202BF39
S31508032810D3F86C216266D3F86431606E08BFA4F8F6
S315080328206E30B4F86E1000F0DDF8BDE810400121F3
S31508032830022000F00BBD10BD6E340020003E00B030
S3150803284000A00A5000E100E000A00950000002B809
S3150803285000E001B800C001B800800A5010B504466C
S315080328603E20E3F711FE6043034B00F5F42000F521
S315080328709070B0FBF3F010BD40420F002DE9F74FFF
S31508032880FFF7ECFF0446FFF773FE17F034FE00214B
S315080328904B4F054668463970FFF7EEFD494B8046B0
S315080328A09E69494BDB6813F0706F1CD1474B5B6914
S315080328B013F0060A17D1E0B1454B611D1868A1FB51
S315080328C000B93E20E3F7E0FD53460246494658461B
S315080328D0EBF7AEFA009B090241EA1061000298423F
S315080328E0019B994105D3284603B0BDE8F04F17F07D
S315080328F0FDBD0021022000F0A9FC14F0B2F88146C0
S31508032900DFF8C4B0DFF8D4A0DBF8F4331B0741D5EE
S31508032910B8F1000F4DD0DDE900893E20E3F7B4FD99
S315080329204FEA182141EA09614FEA1923A0FB0198E6
S3150803293000FB0388264B1A6812B9FFF755FB0246B4
S31508032940002348464146EBF773FA0121214B01342C
S3150803295093F86930DFF86CC001331F4A361BDFF87A
S3150803296080E0DBB201FA03F30644CEF86030CCF814
S315080329706C605366DCF81820DCF86C60241A921B2A
S31508032980A24216D2CEF864300220CEF8603000F0A8
S315080329905DFCA8E714F065F8A0EB0900504540F282
S315080329A06A224FF045018CBF00200120FBF7B8FAD5
S315080329B0AAE70222054BDA6001233B7093E700BFBF
S315080329C06E34002000800A50000002B800C001B827
S315080329D04C270020003E00B000900A503F420F00EB
S315080329E000A00A5001232DE9F74F9A4F044697F89A
S315080329F069208A469340984A0E46936697F8682054
S31508032A00964B0546C3F8D8204FF40032944B4FF043
S31508032A10000B1A610223DFF85482C8F80C30914B75
S31508032A209B6903F1FF39A3EB0903002B40F3D48019
S31508032A300BF1010BBBF1020F57D9F4220D2100202C
S31508032A40FBF76EFA4FF08053874A884F53664FF465
S31508032A500031804BC7F86C51C3E918950025C7F8B0
S31508032A606461A3F86E6011617C4AC2F8D85093F882
S31508032A70692001239340784A936617F03CFD2A465A
S31508032A802B464FF4807E3E6AD7F864C002F11001E4
S31508032A900901795801F00301012910D10EFA02F14F
S31508032AA011EA0C0F0BD107EB0215B442D5F80C51FA
S31508032AB000F2A580AC4202D2AE4280F0A380013276
S31508032AC0082AE3D16A4D2968012940F29E803BB161
S31508032AD06049B1F86A201A43A1F86A20604A536626
S31508032AE003B0BDE8F04F17F001BD012397F869203D
S31508032AF05C4D9340584A936617F0FDFC4FF080529D
S31508032B00594B01905A66AB6903F10109C5F86C90F4
S31508032B10D8F83010D8F80830DD036DD53A6EBE6D97
S31508032B20A9EB0202A2FB0626FB6D01F58071A6FB43
S31508032B3003E5A2FB03C313EB0E03A1FB03EC45F169
S31508032B40000501FB05CCB2EB0E0266EB0C06120A76
S31508032B5042EA06625244B2EB112F4FEA112603D317
S31508032B60013345F10005921B043E964228BF1646DB
S31508032B70C8F8186097F86D20D8F82010E318D2B271
S31508032B8045F100058C42D8F8381084BF02F1FF32AC
S31508032B90D2B2481C0ED04FF0000E01F1010C994237
S31508032BA07EEB050008D20132B3EB0C03D2B265F112
S31508032BB00005F4E72A44D2B21D4602F0030287F859
S31508032BC06D20C8F82030012397F8692001989340AF
S31508032BD0284A936617F08AFC224B9B6900BF00BFFD
S31508032BE000BF00BF00BF00BF00BF00BFD8F8642006
S31508032BF0D2007FF518AF25E756462546E3E7AC42EC
S31508032C00BFF45AAF19438BB259E71B4A1478142CED
S31508032C1001BF0024194E14703470147801341470EB
S31508032C20002B3FF45DAF0B4EB6F86A401C43A6F87B
S31508032C306A400B4C6366114C23780133DBB2022BD3
S31508032C4023707FF44DAF002301312960137023707D
S31508032C5046E700BF003E00B000A00A5000800350BC
S31508032C6000D001B800800A5000E001B800C001B8DE
S31508032C70E426002000900A50703400206F340020A8
S31508032C804FF00052014B1A60704700BF00E100E0A5
S31508032C904FF00052034BC3F88020BFF34F8FBFF3A7
S31508032CA06F8F704700E100E037B50446FFF742F936
S31508032CB001213A20E3F7CEFBE17822791B4841EA62
S31508032CC00243C0F85C35E579A37943EA0543C0F8BE
S31508032CD0603523784BB18DF8041004218DF805204F
S31508032CE00DEB01000022E1F729F963785BB10421B2
S31508032CF0A37900228DF80430E3790DEB01008DF8F2
S31508032D000530E1F71BF9227801235AB1084AC2F8BC
S31508032D105835627802233AB1054A0020C2F8583575
S31508032D2003B030BD034AF2E7024AF6E700C0035090
S31508032D3000D0035000E00350F8B50B46002213F801
S31508032D40044B944225D91D68854224D106245A7911
S31508032D501D79124B88181E6804FB0503104F33F8B8
S31508032D60063C7B43B3420ED900238A5A7A439642DA
S31508032D7002D804FB0300F8BD9D42FAD9013304FBCC
S31508032D8003F2825AF2E740F244423D210020FBF760
S31508032D90C7F80020EFE708330132D2E7BC27002043
S31508032DA040420F002DE9F04F4FF0000EA2FB016BD6
S31508032DB0DFF8F4C2DFF8F48216EB0C0C1F466BF14E
S31508032DC00003E0457EEB030383B009D240F23E22BB
S31508032DD00E217046FBF7A4F8022003B0BDE8F08F76
S31508032DE0D7F814A00C4615468146BAF1000F04D04D
S31508032DF0DAF80030032B00F29A809E4B9E4A9B6BAF
S31508032E00D2F8FCA0C3F314089C4B1B6F5A074EBF9A
S31508032E104FF440039B0503F0E07348EA0308984B15
S31508032E20D3F8EC305B0048BF48F0807848EA456839
S31508032E3016F06EF9012D0246CED10028CCD0914B5F
S31508032E40984200F0858003F5122303F5F863984248
S31508032E5000F090808C4B984200F0EB80002501909F
S31508032E602B4600204FF00071EAF7E2FF2B46019A42
S31508032E70013006FB03F300FB0B33A6FB0060034498
S31508032E80C8F31300A0FB0221203300FB05119B099D
S31508032E903B607E4BD20C1C6042EA41317C4B18F4F2
S31508032EA0801F08BF494219607A4B0C441C60BAF16B
S31508032EB0000F5BD000237B60BB60DAF81C5018F068
S31508032EC0807F18BF6408002D46D099F82720093A51
S31508032ED0012A41D9694ED6F83C21D0027FD4DAF8C3
S31508032EE00000002C00F0A980B4FA84F1072900F346
S31508032EF0A480C1F1080325FA03F304FA01F10133A7
S31508032F00B1FBF3F14B004FEA442C0133E40D01E026
S31508032F1002330131A5FB0362B44574EB0202F7D20F
S31508032F20C1F30E031B0343F00063BB6016E0042BD7
S31508032F30DAF828807FF47CAF18F0807F14BF4FF44B
S31508032F40400308F0E07328F0E07848EA03086FE7DF
S31508032F50002351481D468CE7DAF8000000230628AB
S31508032F60FB603B6102D9DAF830303BB9002003B085
S31508032F70BDE8F08F002349481D467AE716F0C8F8DE
S31508032F80DAF83010FFF7D8FE044610B18378002B21
S31508032F9056D116F07DF8DAF83010FFF7CDFE044661
S31508032FA00028E3D08378002BE0D040794FF4AE6253
S31508032FB0003818BF01203D21FAF7B2FF207940F205
S31508032FC0715200384FF03D0118BF0120FAF7A8FFE8
S31508032FD0237962791B0243EA02133B61C6E781EA56
S31508032FE0E172A2EBE1722E49C8F3815811F808C0C1
S31508032FF019464FEA8C6C6008CCFB02012246EAF7B5
S3150803300017FF0346DAF800000E280ED9194A916B02
S31508033010B26CD6F83C61D20607D501F4801106F4E2
S315080330200016314308BFC3F58013C3F313037B604C
S3150803303057E700231B481D461BE72B4621025FE77C
S31508033040407940F25552003818BF01203D21FAF75E
S3150803305067FF207940F25652003818BF01203D21F8
S31508033060FAF75EFF237962791B0243EA0213FB60D0
S315080330708FE700BF008001B8004F00B0004001B8D9
S31508033080000002B800F04902005A6202C427002071
S31508033090C0270020BC2700200A3BB2DF313641DCBB
S315080330A070E40408D694BFD6006CCA88807C814A2B
S315080330B010B5044686B059B9214B4168D3F8FC309C
S315080330C0827A2048059300686B46FFF76BFE6946CC
S315080330D01D4B0A685A631A4BD3F8FC3033B34B6853
S315080330E043B11A4B1A4AC3F83C214A68A3F58053DD
S315080330F0C3F83C218B6843B1144B164AC3F81C2109
S315080331008A68A3F58053C3F81C21134AC868D2F802
S31508033110983123F4EE630343C2F89831D2F8903119
S31508033120096923F4EE630B43C2F890310020228920
S315080331300A4B9A6203F5A033186406B010BD00BFA4
S31508033140004F00B088240020008001B8006001B851
S31508033150FFFF0F0000F0FF0F000002B8004000B8A1
S3150803316070B51D4614460E461B6886B00593AA7AA3
S315080331706B466968FFF716FE1C4B23602B89636051
S315080331801B4BA360009BE3601A4BC4E90436019BFF
S3150803319013BB04F11800029B3BB1174A1749C0E950
S315080331A00012174AC0E9022310304FF4EE63154A9A
S315080331B0C0E90023144A8260039AC260134AC0E92D
S315080331C00423134B203040F8083C049B40F8043C86
S315080331D0001B801006B070BD0E480F4A6362C4E92F
S315080331E006020E4A04F128002262D4E7284000A802
S315080331F0348001A8448001A800F0FF0F1C6101A8D0
S315080332001C5101A8982102A8981102A8902102A886
S31508033210901102A83C6101A8FFFF0F003C5101A8C9
S31508033220074BD3F88022D20707D55B6E002B4FF4E2
S315080332308043B4BF034A044A13650020704700BF9E
S3150803324000800050002002B8001002B8064B1A6C22
S315080332509207FCD4022240EA01205860034B1A6401
S315080332600122034B1A70704700C002B800D002B897
S315080332707134002040B10368012B05D90069034B5B
S31508033280002808BF184670470048704778E40408C2
S3150803329010B590B10468012C0FD902696AB1116897
S315080332A0094B102C196051685960916888BFD26818
S315080332B0996094BFD960DA6010BD102200210248D4
S315080332C00AF0BEFDF8E700BFCC270020064B586F6F
S315080332D01B6DC0F30112000C02FB000003F01F0371
S315080332E001331844704700BF004001B81B4B2DE952
S315080332F0F0410D4616461C6858B34FF47A73434398
S315080333008A68A3F6AC539B1A4A689B1A144AD817B9
S315080333101168144FA1FB033201FB002213F18073DA
S3150803332042F100025B0E43EAC213803B33620E4B43
S31508033330D3F8C43073623B6873B1204613F0EDFAD1
S3150803334050B1324629463B68D4F8D800BDE8F04167
S3150803335018474AF6C873D9E7BDE8F08188240020E0
S31508033360DC270020C8270020003F00B0084BC11700
S315080333701A68A2FB000302FB013310F1807043F1C4
S315080333800003400E40EAC310803820EAE070704715
S31508033390DC2700200722194B70B51A64184B194A03
S315080333A01D68194BEC08E005C0184FEA153141F1C1
S315080333B000010023EAF73CFD144B154E1860154827
S315080333C0FFF7D4FF4042C6F8DC0049F65800FFF77A
S315080333D0CDFFC6F8A8001048FEF7F6FB024660B113
S315080333E0E301500818184FEA15714FF0000341F12D
S315080333F00001EAF71DFDC6F8B40070BD000002B867
S315080334004C27002065CD1D00B2E60E00DC27002000
S31508033410003F00B07011010040420F0048B14FF45D
S315080334207A72054BDB6802FB0030A0F5FA50FFF70A
S315080334309DBF47F23050FAE7CC27002010B5044663
S3150803344098B10B4BD3F8FC00FFF722FF4FF47A73BE
S3150803345003FB04F0074BA0F6AC50DA689B681044EC
S31508033460C01ABDE81040FFF781BF4AF6C870F8E7EF
S31508033470004F00B0CC270020F8B504460846154689
S315080334801E46FFF705FF9CB106F0020716F0040671
S315080334900FD16FB14FF47A7063685843002B4BD141
S315080334A0FFF764FF28636069FFF7B8FFE8623EBB6E
S315080334B0F8BD2069002839D04FF47A735843254B51
S315080334C0A0F6AC509B68C01AFFF750FFA862A08B02
S315080334D078B34FF47A7358431E4BA0F6AC509B68E7
S315080334E0C01AFFF743FFE8612A461A49E068FFF75F
S315080334F0FDFE0021A069FFF7A1FF6863002FC9D16C
S31508033500A06800BB47F23050FFF730FF68614FF4FD
S315080335107A70236858432BB10E4B1B6803F51C536B
S3150803352010331844FFF722FFA861C1E74AF6C870AB
S31508033530CAE74AF6C870D4E7064B1B6803F51C535B
S3150803354010331844ACE74FF47A735843A0F5FA508E
S31508033550DAE700BFCC27002008B9FFF7B7BE034850
S3150803356081420CBF2F20BC20704700BF48E80100EA
S3150803357038B5054608461C4613F09DFA0246D5F8A3
S31508033580E400FFF777FE4368A018002B044AA8BF98
S315080335904FF4FA721A44034B92FBF3F2104438BD04
S315080335A00CFEFFFF18FCFFFF70B588B06D46194C7B
S315080335B00FCC0FC594E80F0085E80F00FC22002105
S315080335C015480AF03DFCAC22002114480AF038FCE1
S315080335D02022002112480AF033FC13F0ECFA114BAF
S315080335E01B783BB16D460B4E0FCD0FC695E80F0002
S315080335F084E80F000C4A0D4B1068516803C39068A2
S315080336000B4A18600B4BD3F87831C3F382435366DE
S3150803361008B070BDE03F00B0583E00B0543F00B05C
S31508033620E04F00B05E34002088E40408B03E00B0E2
S31508033630003F00B0000002B808B516F05CFF0E4B59
S315080336401A78A2B90D4A126812F4843F0FD10C4AAC
S31508033650102111651B7863B9084B1B68DB0508D471
S31508033660074B20221A65BDE8084016F03FBF054AF6
S31508033670EEE7044BF5E700BF77340020A80D0020DA
S31508033680002002B8001002B80A4B197801F0FF02AD
S3150803369029B10021197008499202C1F808215978FD
S315080336A001F0FF0229B1002159709302024AC2F8B8
S315080336B00C31704772340020005000B8064BD3F81B
S315080336C0F00E064B9B6C1A0103D4054B9B6E1B0429
S315080336D001D500F580707047003000B0000002B8CD
S315080336E0004000B810B516F006FF0E210446032065
S315080336F0FEF7E2FD40F20122034B2046BDE81040E7
S31508033700DA6216F0F3BE00BF004000B8064B00208D
S315080337101B6893F82430DB0902BF0322034BC3F863
S315080337205022FBF7A3BA00BF88240020006001B823
S3150803373038B516F0E0FE4FF08043244C0546C4F82E
S315080337408030BFF34F8FBFF36F8F4FF00043C4F83A
S315080337508030BFF34F8FBFF36F8F0123C4F88430D4
S31508033760BFF34F8FBFF36F8F0223C4F88430BFF3C1
S315080337704F8FBFF36F8F0423C4F88430BFF34F8F83
S31508033780BFF36F8FFFF784FA0823C4F88430BFF3B7
S315080337904F8FBFF36F8F1023C4F88430BFF34F8F57
S315080337A0BFF36F8F2023C4F88430BFF34F8FBFF363
S315080337B06F8F8023C4F88430BFF34F8FBFF36F8FA7
S315080337C02846BDE8384016F091BE00BF00E100E088
S315080337D038B516F090FE05464FF080430B4C236030
S315080337E04FF0004323600223636004236360FFF7FB
S315080337F047FA0823636010236360202363608023EA
S3150803380063602846BDE8384016F070BE00E100E064
S31508033810012370B5074C2370074B1E68074B3240CC
S31508033820D3E9005319402840FCF7C8F8002323704E
S3150803383070BD00BF75340020E4270020A80D0020C2
S315080338400022044B1A70044B197811B11A70FFF74A
S31508033850F3BE704776340020773400202DE9F0470D
S31508033860DDF820A003EA0108099B06460D4602EA8D
S31508033870000703EA0A09BAF1000F40F04F81031F54
S315080338800B4300F00F81052871F1000380F0E580F2
S3150803389050EA010300F07581431E0B4300F02581AE
S315080338A0FFF746FFB84AD2E9004323EA050324EAA9
S315080338B006043C4343EA0807B44BC2E900471E68BB
S315080338C026EA0A0646EA09061E60FFF7B5FE14F05D
S315080338D02A4F14BF48F202034FF40043AC4AB00719
S315080338E0D26EAC4848BF43F4005383EA020122EA86
S315080338F00302C266A84A0B408166D366C4F38042B4
S315080339001203210348BF42F48072E30648BF42F418
S315080339100052A24BA50648BF42F40072600648BF90
S3150803392042F480622106D96848BF42F4006282EAFB
S31508033930010323F080539A4819401A40C1608360F3
S31508033940984B17F4007FDA60974B07F4007200F080
S31508033950048101224FF4802583F88820E30448BFB5
S3150803396045F48035A00348BF45F48015A10748BF31
S3150803397045F4001514F4001FDFF8688206D0D8F85A
S31508033980000013F03AF908B945F40025E20248BFE6
S3150803399045F40035FB06854B48BF45F480051A6A8E
S315080339A0834985EA020323F001031A400A621D408C
S315080339B0CB61804B16F0010F1D627F4B7F4A18BF00
S315080339C01A467F4B7D071B6F48BF42F000627D484E
S315080339D082EA030123EA020303677B4B0A40416633
S315080339E01A677A4A04F00103D16CA0F5803081EA9C
S315080339F0030221EA0301C16482641A40744B20025C
S31508033A00DA64D8F8002048BF724B92F8F62058BFFC
S31508033A10714B610748BF43F4806322B114F4C06F46
S31508033A2018BF43F4807332074FF03A42BDE8F047B4
S31508033A30D2F8181148BF43F0004383EA010222F47F
S31508033A40A02266481140C0F818111340C0F8142183
S31508033A50634AC2F81831FFF7BBBEA0F580630B4370
S31508033A6006D020F48063A3F500730B437FF418AFE5
S31508033A7016F041FD4449D1E9003223EA060322EA56
S31508033A80050242EA08023B43C1E90032554A126875
S31508033A9092F8F610514A09B313F4C06F1ED04FF4C7
S31508033AA0807311E016F027FD374AD2E9003123F077
S31508033AB004033B4341EA080157EA0807C2E9003110
S31508033AC04FF48063454A0BD0C2F81431A2F58052ED
S31508033AD0C2F81831BDE8F04716F008BD4FF48073F5
S31508033AE0C2F81831C2F81431F4E716F004FD264A71
S31508033AF0D2E9003123F001033B4341EA0801C2E955
S31508033B0000310123384A57EA08071BBF9364A2F515
S31508033B108052D364D36408BF9364DBE750EA010396
S31508033B207FF4BEAEBAF1010F7FF4BAAE16F0E3FC2A
S31508033B30164A136823F0010343EA090313604FF493
S31508033B400053204AB9F1000F04D05366A2F58052F8
S31508033B501367BFE713675366BCE793F8881071B119
S31508033B6083F88820214BD3F8A41003F50053C3F830
S31508033B70A410C3F8A0104FF05023C3F8A4200025BF
S31508033B80ECE6BDE8F08700BFA80D0020E427002077
S31508033B90004000B8006000B8005000B8004001B803
S31508033BA0006001B8005001B8003F00B0000002B839
S31508033BB0002002B8001002B80438000304180003F2
S31508033BC000C001B800E001B800D001B800C000B8D1
S31508033BD000D000B80D0A0A09090A0A09002000BA22
S31508033BE0001000BA8824002000E000B80040005006
S31508033BF0024B5868C0F3C000704700BFA80D0020E9
S31508033C00024B186800F00100704700BFA80D00209A
S31508033C10024B5868C0F3C030704700BFA80D002098
S31508033C2010B50446FEF7ACF9FFF782FD2046FCF70C
S31508033C3075FEFEF72FF9FDF7BBFDFDF72DFEFFF722
S31508033C40A9FB13490723134AD1F8FC1004F1F8001A
S31508033C50FFF712FC4FF080710020FDF7D5FF4FF0F8
S31508033C6000720D4B4FF400110120C3F80021FDF734
S31508033C70CBFFFEF7EFFB20B940F292321421FAF795
S31508033C804FF912F096FFBDE810400120FDF754BC2A
S31508033C90004F00B0A43F00B000D001B88023074A04
S31508033CA05364082340B15364054AD2F8C03E23F04F
S31508033CB02003C2F8C03E7047024AF4E7001002B870
S31508033CC0003000B0002002B810B516F014FC01212C
S31508033CD004460020FFF7E2FF044B1961044B5B68B7
S31508033CE098472046BDE8104016F000BC000002B80D
S31508033CF0543900202DE9F04182B014460646FFF7F1
S31508033D008FFAFCF7ABF9002800F0B5805E4B5D69C6
S31508033D1015F0060540F0AF8016F0EDFB2379009504
S31508033D20022B05464ED1237B022B39D00320FDF700
S31508033D30E3FE20B9554BDB685B0440F19E80A37B09
S31508033D4094F80C80003B18BF0123A2685049B8F1C8
S31508033D50010F01920B7074D000234E4A4E4E137016
S31508033D603278002A79D10420FDF7C8FD0420464F8E
S31508033D7042467B6F0DEB000123F0F85323F4F81347
S31508033D8043F0506343F480337B670223FDF7D4FD86
S31508033D900446002865D001213022404B31701A654C
S31508033DA03F4E336898472128044604D10121002051
S31508033DB0736898470024284616F098FB204602B0F5
S31508033DC0BDE8F0810320FDF797FE002855D1227937
S31508033DD0D6F80031012A226830D0D01A0090002084
S31508033DE0294B304A30495A679867637B2F4A23F031
S31508033DF040000028C3F380130B700CBF0123002374
S31508033E0013702B4B2A4AD3F8C03E4FF003000CBF5E
S31508033E1043F0200323F02003C2F8C03EFDF76EFDEE
S31508033E20194B244A03205A67694601232279FDF769
S31508033E3083FD20B30122204B1A7074E79A42CDD32F
S31508033E40CBE72379022B87D0009BD6F800114FF0D6
S31508033E5000080B44134401937EE73370FFF7ECFB2A
S31508033E6081E70320FDF74AFD28460E4A124B7A6777
S31508033E701C7016F03BFB0E24A0E72846F9E72846F4
S31508033E8016F034FB212499E700C001B8000002B8F4
S31508033E907A3400207634002077340020001002B8E4
S31508033EA054390020000001017834002079340020B9
S31508033EB0003000B0010C0100743400202DE9F341F1
S31508033EC00D460024074616F016FB214B06462046E8
S31508033ED0DFF88C801C70FFF7E1FE1E4BC8F87430C0
S31508033EE0C8F878406879431E58425841FBF7C0FC26
S31508033EF040F60143C8F878302A792968012AD7F8A1
S31508033F00083101D1994200D3CC1A042303200DEBBF
S31508033F1003010194FDF710FD50B988220E4B304674
S31508033F205A6416F0E3FA2124204602B0BDE8F0816C
S31508033F300A4D2B6898472128044604D101210020FD
S31508033F406B6898470024304616F0D0FAECE700BFB2
S31508033F507434002000000101002002B854390020FF
S31508033F6000C001B8F8B5194C0546207840F2E4427A
S31508033F70B0FA80F03E214009F9F7D2FF55B96078C7
S31508033F8040F2E442BDE8F840B0FA80F03E21400929
S31508033F90F9F7C6BF4FF440660D4F0E4DD7F80831F3
S31508033FA040F2E442C3F381232370C5F808616078BD
S31508033FB03E21B0FA80F04009F9F7B2FFD7F80C3181
S31508033FC0C3F381236370C5F80C61F8BD723400200E
S31508033FD0004000B8006000B8F8B5084C084D636C9B
S31508033FE00423084F6B64636C5B0300D4F8BD042693
S31508033FF002207E6412F03CFD6E64F4E7000002B80A
S31508034000001002B8002002B8A82238B51A4B5D6C16
S3150803401003F500535A6410229A60A3F5804302F10C
S3150803402000521A675A66FFF72FFB144B1B7813B90E
S315080340300320FDF763FC0024114B9C67FFF7CCFFB5
S31508034040104A114BD2F8F01E0B40C2F8F03E042278
S315080340500E4B5A640E4BAA06C3F8C84008D503F597
S3150803406080739B6FB3F5817F22BF8022024B1A614F
S31508034070BDE83840FBF780BE000002B87434002060
S3150803408000C001B8003000B0DF0000FF002002B80E
S31508034090003E00B010B551B920B3154BDB681B0EB3
S315080340A013F00E0F1ED1134B1B6CD9071AD4FFF747
S315080340B019FB0F4C0020FEF76BF9032801D00928DA
S315080340C005D1A36ADA07F5D4A36CDB03F2D4FFF7A9
S315080340D083FF0122084B5A6102229A62042203F5DE
S315080340E080535A644FF4C062044B9A6510BD00BFEF
S315080340F0000002B800C002B8001002B8006001B898
S3150803410008B5FFF7EFFAFFF767FF0122064B5A6177
S3150803411002229A62042203F580535A644FF4C0625A
S31508034120A3F540439A6508BD001002B808B50321F4
S315080341300920FEF7C1F82022014B1A6108BD00BF0A
S31508034140000002B80D4A10B5D2F8A030D2F8A41070
S315080341500B40B3F1804F0CD34FF040400849094C4C
S31508034160C1F8A400D467C1F8A0004FF48021064A19
S31508034170D161034AC2F8A03010BD00BF0040005009
S31508034180006000500000FF01001002B838B505466C
S3150803419016F0B1F90E4B04461868FCF7EBFC35B17B
S315080341A0FFF74EFB2046BDE8384016F09FB9094B8A
S315080341B01B78002BF6D0084B1D78002DF2D1FFF79C
S315080341C03FFB2A464FF480400021FFF721FBE9E72E
S315080341D08824002076340020753400202DE9F84F12
S315080341E0594B06460D4614465B6C002A40F0A980D7
S315080341F013F0A00F14BF4FF001094FF00009FBF7A6
S31508034200BBFDA0234FF0000ADFF858810320C8F846
S315080342104430FDF773FB0420FDF770FB4B4FFFF7A4
S315080342200FFB4B4B4FF0040B7B67C7F878A0FFF7E0
S31508034230D3FE484B4FF48071D3F8C02E42F02002C8
S31508034240C3F8C02EFF22C8F808203F4A1161D3F8E5
S31508034250F02E41491140C3F8F01EC8F844B0C3F81C
S31508034260C8AE7B6913F0060F04D0FDF7D9FC584690
S31508034270FDF744FBB9F1000F08D04FF40062374B42
S315080342805A644FF40042A3F5E0339A6666B1344B99
S31508034290DB6C180701D4FFF725FAFFF747FF04205D
S315080342A0FDF72CFBFFF7F0F9274B5A69D10746D5DB
S315080342B0DA6812F0706FFBD12A4B2B4A5A642B4AE1
S315080342C0936E23F0F003936615B12046FFF75EFF5E
S315080342D0274BD3F84C315A1C01D05B0002D5012277
S315080342E0204B5A615CB31E4BDA6E03F500539A668C
S315080342F003F5D0331B6A1B4A23F00103D3611D4B15
S31508034300D96803F50053996003F50053D3F884106D
S3150803431003F5005399674FF03A43D3F8181103F599
S315080343200053C3F81411144BD96C03F5005399645D
S31508034330124903F5803359664FF608435364BDE8BB
S31508034340F88F4FF000095AE7000002B800C001B819
S3150803435000000101003000B0DF0000FF001002B8C2
S31508034360004000B8002002B810003000003F00B03B
S315080343700080E00F004001B800C000B85000002FCD
S3150803438038B51C4A1C4B1D4C656C5A67FFF724FE4F
S31508034390FF221B4B15F0A00F9A604FF4807222611F
S315080343A04FF004025A6409D04FF40062A3F5805310
S315080343B05A644FF40042A3F5E0339A666369D90752
S315080343C017D50E4AD36813F0706FC3F30360F9D198
S315080343D00C4A936E23F0F0039366FFF7D7FE0A4B56
S315080343E0D3F84C315A1C01D05B0002D50122044B89
S315080343F05A6138BD0000010100C001B8000002B8C7
S31508034400002002B8003F00B00080E00F9E4B2DE964
S31508034410F04F9A6EDB6E85B002EA03089B4BC3F82E
S3150803442068804FF03A43D3F81461D3F818311E4025
S31508034430974BC3F81461974B9A68DB6802EA030A39
S31508034440954BC3F808A003F52043DA691B6A02EA09
S315080344500309924B09F47702DA61914BD3F80422E4
S31508034460110706D4D3F804311A07C3F3C00740F17A
S31508034470E98016F040F88B4B5A695F6E1B6F12F092
S31508034480060F07EA0307884A27F0007323F4006335
S3150803449014BF4FF0010B4FF0000B53667B0706D58D
S315080344A0824A92F86D300133DBB282F86D3016F02A
S315080344B01DF8B8F1000F00F0E38018F400442BD080
S315080344C016F019F80146FFF7F9F80446784B1D6804
S315080344D02A682B689A42FCD02A689A42FCD0FFF7CE
S315080344E0EDF8A04240F0B080084615F0FFFF714B87
S315080344F01C60714B5D6C15F4E05240F0A78024F004
S315080345007F4424F0DF040CB9FFF77EFD6B4B0120D3
S315080345101B6898474FF0807418F0020F4FF0000598
S3150803452014D0654B5D495B6C03F460424A64002A08
S3150803453000F0A0801D0400F1A08013F4005F0CBFF7
S315080345404FF000534FF0006300251C43C8F340386F
S315080345504FEA48085A4B3340002B4BD016F4206FCA
S315080345600AD040F6A31206210020F9F7D9FC002049
S31508034570FFF70CFE26F48026F00506D5FF22474BE7
S3150803458044F4C0649A60FFF7ADF816F0090F0BD030
S3150803459040F6B81208210020F9F7C2FCFFF7C6FD5A
S315080345A04FF03A4301225A6316F0106F0CD040F6C7
S315080345B0C11209210020F9F7B3FCFFF7B7FD002262
S315080345C011461046FCF7AAFA16F4202F0AD040F62D
S315080345D0C91207210020F9F7A3FC0020FFF7D6FD2F
S315080345E026F48026F10301D5FCF7E2FB002EB8BFBB
S315080345F048F0080872070ED54FF03A431B6B13F4BD
S31508034600005F4FF4005317BF214A2E4A136344F43D
S31508034610000408BF1363730548BF44F0040416F483
S315080346208023019300F0B780FCF77AFB013806284C
S315080346304AD8DFE810F03B013E013B014101440142
S3150803464047014701BB4634E7044641E70192FFF7B2
S31508034650DBFC124B019A5A6415F4805307D115F4FF
S31508034660806F0CBF4FF080544FF0806454E74FF0CF
S31508034670804451E74FF0007366E74FF0004363E762
S315080346804446454666E700BF004000B8006000B8E8
S31508034690002000BA004001B8006001B8002002B843
S315080346A000E100E000C001B800E001B8003E00B038
S315080346B068E20408E0270020000002B868390020F1
S315080346C0090B0B89001000BA40F6FA1203210020E1
S315080346D0F9F726FC4FF03A420121D2F88C30D2F88A
S315080346E0AC0003F00703063301FA03F3C0F30C0027
S315080346F01B1A9BB2072B12D97E4B5B6C58020ED43E
S315080347007D48D36CD26E406D58B103F00703063368
S315080347109940C2F30C03C91A89B2072901D844F48C
S315080347200074764B1B78002B35D04FF03A43D3F8F9
S31508034730143113F4A02F2ED1714B724A1B7893B9F7
S31508034740FB0410D4137873B1E3086F4943EA45733E
S3150803475083F00103D1F8F01E03F001035B0021FA8D
S3150803476003F3980717D10420FDF7C8F8674B684980
S315080347705967FFF765F8634A137843B9654B1B789E
S315080347802BB1654B654A1B682340134201D144F498
S31508034790804427F48057BAF1000F27D01AF4805FB4
S315080347A018BF44F480241AF4807F18BF44F4002405
S315080347B01AF4005F18BF44F010041AF4007F18BFF8
S315080347C044F020041AF4806F18BF44F040041AF426
S315080347D0006F18BF44F080041AF0805F06D0504B70
S315080347E00021186845F48055FBF760FCB9F1000F02
S315080347F03ED019F4802F18BF45F4007519F4803F8D
S3150803480005D0484B03201B6844F48054984719F491
S31508034810801F18BF44F4003419F4001F18BF44F06E
S31508034820020419F4003F18BF44F4801419F4800FE6
S3150803483018BF45F0100519F4002F19D0324BD3F8D9
S31508034840C03E13F0C00F13D02A4AD368C3F30363D9
S31508034850032B01D0072B05D1936CD90602D4D36C4D
S315080348601A0736D54FF400222F4B29F40029DA61AB
S31508034870002F00F019813B0540F190802B49DFF8A2
S315080348808CA0CB782A4A002B58D04FF40060013B02
S31508034890DBB25066CB7033B9264B1B78E3B140F6CF
S315080348A00142254B5A670023002275E044F48034FD
S315080348B010E744F400640DE744F480640AE744F41B
S315080348C0807407E7174B02201B6844F008049847CF
S315080348D000E744F40014CBE7DAF8783013F4A05F62
S315080348E015BF4FF4807340F60143CAF85830CAF827
S315080348F07830D8E7000002B8004000B877340020C3
S315080349007634002079340020003000B000C001B8A6
S315080349100000010178340020A80D0020088D01004D
S315080349208824002068390020002002B86334002058
S3150803493000E001B87434002000D001B80320FCF766
S31508034940DDFFDAF81430AA4813F0060F04BF41F660
S315080349501F73A84AA84908BF53674FF40062A54BBB
S315080349605A66DAF8143013F0060308BFCAF8783023
S31508034970B0F86A3013F400625CD023F40063A0F83D
S315080349806A300B7803F0FF0A002B57D1FDF748F975
S31508034990FFF73AFB534620221C431543B80009D5B3
S315080349A02E20FCF7E1FE4FF00052924B45F0080526
S315080349B01A675A66F90606D52B20FCF7D5FE102288
S315080349C08C4B1A675A6617F0306F05D1FA045FD510
S315080349D0BBF1000F00F0B4803B0111D52920FCF789
S315080349E0C3FEFFF705F948B1844B8549814A5366E7
S315080349F00B6701F54051C968480422D445F00405FC
S31508034A0017F0007B28D00420FCF778FF2720FCF753
S31508034A10ABFEFFF7F9FA4FF00072764B5A66794BFD
S31508034A20D3F8F02E520674D40222774B9A6045F0D7
S31508034A30020528E00B784FF40053ADE74FF4004323
S31508034A4032E7136720205366FCF78EFE2D2045F0C8
S31508034A500C05FCF789FED3E717F0807FDFF8ACA1D6
S31508034A6042D00420FCF74AFF2820FCF77DFEDAF83B
S31508034A707830002B35D1FFF7C7FA5E4B5F4A45F00E
S31508034A8001051A675A66FEF741FE00225F4B9A65CF
S31508034A90BB0409D55E4A5379002B00F0A480013B79
S31508034AA05371002348EA0308424620462946FEF77F
S31508034AB0AFFE019B0BB1FCF769F94FF00042554B6A
S31508034AC006F00436C3F81461534B19F4002FC3F8E0
S31508034AD080211EBF4FF400224B4BDA6105B0BDE8B7
S31508034AE0F08FCAF878B0C8E7F904CED50420FCF7E6
S31508034AF005FF4A4BCAF87430FDF792F8DAF86430C2
S31508034B0013F0407FC1D12A20FCF72EFEFFF77CFA6B
S31508034B1085E7D3F8C03E9B0689D40222404B9A60A8
S31508034B20404B1B6893F82530980780D5304B93F88C
S31508034B30DC30002B3FF47BAF80223B4B1A6176E7D0
S31508034B40334A13794BB1013BDBB2137113B92C4BBF
S31508034B50364A5A6700231C439AE70420FCF7CEFE1D
S31508034B600320FCF7CBFE294B2C4A5A6715F0C3FCE6
S31508034B7082460DF10F00FDF70BFC2D4B83461B7880
S31508034B800BB1FEF7AFFDBBF1030F0ED1DFF898B0FB
S31508034B900020FDF7FDFB032807D1DBF82830D907EA
S31508034BA0F6D4DBF84830DA03F2D49DF80F30032B3A
S31508034BB006D101221F4B50461A7015F097FCC9E718
S31508034BC04FF03A43D3F8143113F4A02FF1D1FEF77B
S31508034BD037FE504615F08AFC174B03201B68984787
S31508034BE04FF48043B7E70520FCF788FE012359E70E
S31508034BF0003E00B000E001B8743400201000002025
S31508034C0000D001B8003000B0002002B800C001B8D7
S31508034C1063340020002000BA00E100E0000001012F
S31508034C20001002B888240020000002B80000010D15
S31508034C307A34002076340020683900200122024B9A
S31508034C401A62DA61704700BF002002B8094A08B53C
S31508034C50D369116A0B40084923F47F00DB07C8614F
S31508034C6006D5D1684FF0FF30C1F3036111F0ACFFED
S31508034C7008BD00BF000002B8002002B80C4A08B5F8
S31508034C80936CD26C13400B4A9364DB070FD50A4B1C
S31508034C9040F663421878122100F00100F9F740F94B
S31508034CA0BDE80840002201200021FEF7B1BD08BD7A
S31508034CB000C000B800E000B8A80D002070B5154D77
S31508034CC02C6C6B6C1C40144B24F002021A64E2072A
S31508034CD005D540F6CA4200202968F9F721F9A30742
S31508034CE016D502220C4B1A640C4A6B6814687CB1FD
S31508034CF0DBB2042B07D100220121094B186823468E
S31508034D00BDE870401847052B02D100221146F4E787
S31508034D1070BD00BF0080095000A009501C27002061
S31508034D208824002038B50B4C0B4DD4F88430DB07A8
S31508034D3006D4A36FD4F884201340084A936738BD72
S31508034D40D5F804315A06F0D5FFF7B8FF4023C5F85E
S31508034D508431EAE7008001B800E100E000A001B869
S31508034D6070B514460D4615F0C6FB064BD3F8C06E50
S31508034D7074402C407440C3F8C04E15F0B7FB06EADE
S31508034D80050070BD003000B0034BD3F8C03E99430D
S31508034D900CBF012000207047003000B0174BD3F832
S31508034DA0C02E12F0010312D0154B93F84C30154A56
S31508034DB043F08073C2F8D0304FF4801302F50052E3
S31508034DC0C2F8B430A2F58052C2F8B830704711065B
S31508034DD0EDD40D4B93F84B1121B1D20602D593F8B6
S31508034DE04831E4E74FF480120020084B0549C3F81D
S31508034DF0B820C1F8D000C3F8B4207047003000B01B
S31508034E00003F00B0004000B8003E00B0006000B8A4
S31508034E1070B54FF0FF0C4CF4E06C1CEA11541DBF3F
S31508034E201CEA135594EA0C0F95EA0C0F00F0DEF80A
S31508034E302C4481EA030621EA4C5123EA4C5350EAEF
S31508034E40013518BF52EA033541F4801143F4801340
S31508034E5038D0A0FB02CE4FF00005E1FB02E506F0D1
S31508034E600042E0FB03E54FF00006E1FB03569CF026
S31508034E70000F18BF4EF0010EA4F1FF04B6F5007F2C
S31508034E8064F5407404D25FEA4E0E6D4146EB06069E
S31508034E9042EAC62141EA55514FEAC52040EA5E5027
S31508034EA04FEACE2EB4F1FD0C88BFBCF5E06F1ED8D1
S31508034EB0BEF1004F08BF5FEA500E50F1000041EB08
S31508034EC0045170BD06F0004646EA010140EA0200B5
S31508034ED081EA0301B4EB5C04C2BFD4EB0C0541EAD7
S31508034EE0045170BD41F480114FF0000E013C00F3EC
S31508034EF0AB8014F1360FDEBF002001F0004170BD10
S31508034F00C4F10004203C35DA0C341BDC04F1140428
S31508034F10C4F1200500FA05F320FA04F001FA05F2B4
S31508034F2040EA020001F0004221F0004110EBD37081
S31508034F3021FA04F642EB06015EEA430E08BF20EAAD
S31508034F40D37070BDC4F10C04C4F1200500FA04F350
S31508034F5020FA05F001FA04F240EA020001F00041E2
S31508034F6010EBD37041F100015EEA430E08BF20EA55
S31508034F70D37070BDC4F1200500FA05F24EEA020E9D
S31508034F8020FA04F301FA05F243EA020321FA04F0CC
S31508034F9001F0004121FA04F220EA020000EBD37083
S31508034FA05EEA430E08BF20EAD37070BD94F0000F83
S31508034FB00FD101F00046400041EB010111F4801FB7
S31508034FC008BF013CF7D041EA060195F0000F18BF68
S31508034FD0704703F00046520043EB030313F4801FA4
S31508034FE008BF013DF7D043EA0603704794EA0C0F5E
S31508034FF00CEA135518BF95EA0C0F0CD050EA410674
S3150803500018BF52EA4306D1D181EA030101F00041F0
S315080350104FF0000070BD50EA410606BF1046194618
S3150803502052EA430619D094EA0C0F02D150EA013624
S3150803503013D195EA0C0F05D152EA03361CBF104665
S3150803504019460AD181EA030101F0004141F0FE4104
S3150803505041F470014FF0000070BD41F0FE4141F488
S31508035060780170BD70B54FF0FF0C4CF4E06C1CEA88
S3150803507011541DBF1CEA135594EA0C0F95EA0C0F3D
S3150803508000F0A7F8A4EB050481EA030E52EA0335F8
S315080350904FEA013100F088804FEA03334FF0805519
S315080350A045EA131343EA12634FEA022245EA111546
S315080350B045EA10654FEA00260EF000419D4208BFF7
S315080350C0964244F1FD0404F5407402D25B084FEAA4
S315080350D03202B61A65EB03055B084FEA32024FF450
S315080350E080104FF4002CB6EB020E75EB030E22BFAD
S315080350F0B61A754640EA0C005B084FEA3202B6EB6D
S31508035100020E75EB030E22BFB61A754640EA5C001B
S315080351105B084FEA3202B6EB020E75EB030E22BFAB
S31508035120B61A754640EA9C005B084FEA3202B6EBAC
S31508035130020E75EB030E22BFB61A754640EADC006B
S3150803514055EA060E18D04FEA051545EA16754FEACD
S3150803515006164FEAC30343EA52734FEAC2025FEAEB
S315080351601C1CC0D111F4801F0BD141EA00014FF07A
S3150803517000004FF0004CB6E711F4801F04BF01434B
S315080351800020B4F1FD0C88BFBCF5E06F3FF6AFAE67
S31508035190B5EB030C04BFB6EB020C5FEA500C50F1F7
S315080351A0000041EB045170BD0EF0004E4EEA11317A
S315080351B014EB5C04C2BFD4EB0C0541EA045170BD81
S315080351C041F480114FF0000E013C90E645EA060EC5
S315080351D08DE60CEA135594EA0C0F08BF95EA0C0FF3
S315080351E03FF43BAF94EA0C0F0AD150EA01347FF43B
S315080351F034AF95EA0C0F7FF425AF104619462CE712
S3150803520095EA0C0F06D152EA03353FF4FDAE104674
S31508035210194622E750EA410618BF52EA43067FF4C5
S31508035220C5AE50EA41047FF40DAF52EA43057FF455
S31508035230EBAE12E74FF0FF3C06E000BF4FF0010C60
S3150803524002E000BF4FF0010C4DF804CD4FEA410CC4
S315080352507FEA6C5C4FEA430C18BF7FEA6C5C1BD091
S3150803526001B050EA410C0CBF52EA430C91EA030F12
S3150803527002BF90EA020F0020704710F1000F91EA6F
S31508035280030F58BF994208BF90422CBFD8176FEA3D
S31508035290E37040F0010070474FEA410C7FEA6C5C0B
S315080352A002D150EA013C07D14FEA430C7FEA6C5C12
S315080352B0D6D152EA033CD3D05DF8040B704700BF3E
S315080352C08446104662468C461946634600E000BF8C
S315080352D001B5FFF7B7FF002848BF10F1000F01BD5E
S315080352E04DF808EDFFF7F4FF0CBF012000205DF829
S315080352F008FB00BF4DF808EDFFF7EAFF34BF0120AE
S3150803530000205DF808FB00BF4DF808EDFFF7E0FF46
S3150803531094BF012000205DF808FB00BF4DF808ED97
S31508035320FFF7CEFF94BF012000205DF808FB00BFFE
S315080353304DF808EDFFF7C4FF34BF012000205DF8E0
S3150803534008FB00BF4FEA410C7FEA6C5C02D150EAC6
S31508035350013C0AD14FEA430C7FEA6C5C02D152EA5C
S31508035360033C02D14FF0000070474FF0010070472D
S315080353704FEA410212F5001215D211D56FF478736C
S31508035380B3EB625212D94FEAC12343F0004343EA0F
S31508035390505311F0004F23FA02F018BF40427047EA
S315080353A04FF00000704750EA013005D111F0004074
S315080353B008BF6FF0004070474FF00000704700BF0A
S315080353C0094A5168C84390FAA0F048B1B0FA80F088
S315080353D0042805DC012383400B43536040B270471E
S315080353E04FF0FF30704700BF102800200021034B01
S315080353F028220348C3E9001108F022BD102800201B
S31508035400E827002038B50546FFF7DAFF04460448BF
S31508035410294600EBC40011F059FC204638BD00BFED
S31508035420E8270020C3B2042B10B515D804230B4A6A
S3150803543003EBC003134453E8002F0A4343E800244D
S31508035440002CF8D101220649824051E8003F134354
S3150803545041E800300028F8D110BD00BFE827002036
S3150803546010280020F7B54FF0040C01260827184A20
S315080354701849194D106800B30B7806FA03F420424D
S315080354801DD0E04352E8004F044042E8004EBEF107
S31508035490000FF7D117FB03C32B4453E8000F43E868
S315080354A000E4002CF9D1019048B1087801AA0B4908
S315080354B005EBC00011F042FC012003B0F0BD0B78E8
S315080354C0506883422EBF00230133DBB20B70D1E74A
S315080354D0102800207B340020E82700207856341251
S315080354E0024B1868003818BF01207047102800209F
S315080354F038B505460C4615F007F8084B1B6853B133
S31508035500D3E9042395429C412CBF0124002414F0BB
S31508035510F6FF204638BD1C46F9E700BF28280020B9
S315080355202DE9F0414FF0FF3425460746884614F027
S31508035530EBFF144B1E68A6B914F0E1FFB5F1FF3F64
S3150803554008BFB4F1FF3F08D0BC4275EB080316D376
S31508035550E71B65EB08083C46454620462946BDE851
S31508035560F0817269D6E903315B1842F10002A3425E
S3150803557072EB05013CBF1C4615467668DBE73446E5
S315080355803546EAE7282800202DE9F74F109F0E46EF
S31508035590DDE90CA915469DF83CB008B1026882B945
S315080355A03FB129463046B84740F2034003B0BDE849
S315080355B0F08F002DF8D0002EF6DB284611F083FF76
S315080355C0F2E7019014F0A0FF8046584600F0EEF982
S315080355D00446404614F093FF019B8CB947B129460C
S315080355E03046B8470320314600F0C4FB1A20DDE7EE
S315080355F0002DF7D0002EF5DB284611F064FFF1E7FE
S31508035600256200252360DFF880800E9BC4E906A97E
S31508035610A660E360A762D8F8003084F824B0656012
S3150803562098471AEB000649EB010914F06DFF144B72
S315080356300746D3F800E0C4E9046972462AB1D2E9F9
S315080356400401864279EB010111D2A5B9C4F804E035
S315080356501C600C4B1C682CB1D8F800309847FFF730
S315080356605FFFA047384614F04AFF00209EE75168BB
S3150803567015460A46E2E76A6862606C60E9E700BFB6
S315080356802828002018280020202800202DE9F74F75
S315080356904FF0000881460D4692461E4614F034FF25
S315080356A04746DFF87CB00190DBF800408CB9B8F1C7
S315080356B0000F08D0184B1C682CB1184B1B68984769
S315080356C0FFF72EFFA047019803B0BDE8F04F14F08B
S315080356D016BF22684A4511D12DB1A268296822F05E
S315080356E000428A420AD126B9626857B9CBF8002024
S315080356F008E05146206AB0470028F5D02746646873
S31508035700D4E77A60D4F80480204611F08BFA44462D
S315080357104FF00108CAE700BF1828002020280020F8
S3150803572028280020014B1860704700BF182800205E
S3150803573070B50E46094904460846154606F080FD27
S315080357400023074A30211360064A05201660064AD5
S3150803575015602246BDE8704000F0C2B8B0210508BE
S3150803576028280020202800201C28002070B504467D
S31508035770164618460022002386B0CDE904230B4BB0
S315080357800D461B6813B9212006B070BD04A99847B6
S315080357900028F8D1DDE904230290CDE90023294640
S315080357A03246204611F078FAEEE700BF1C2800209F
S315080357B0F8B5054610200F46164600F0F1FA0446DA
S315080357C001461022074806F040FD44B10123002094
S315080357D0E3602B68C4E9017623602C60F8BD1A20C0
S315080357E0FCE700BFB02105082DE9F84F8146884636
S315080357F00027DFF8B4A0294E48464146FFF778FE4E
S31508035800D8B914F081FE264B06461B689847FFF75E
S3150803581087FE05460C464FB1B1F1FF3F08BFB0F10D
S31508035820FF3F03D01F4B1B6803B19847304614F05C
S3150803583066FE28462146BDE8F88F14F065FEDAF8B9
S31508035840004084B16368CAF8003014F058FEA368B0
S31508035850346033F000430AD1306811F0E3F90023CA
S3150803586001273360C8E714F04AFE3460C4E72368A7
S31508035870002BF1D01D68002DEED0A26832F000434C
S31508035880EAD0D5E9007B236A2168A868D8470028A7
S31508035890E2D1002FE0D03D46EFE700BF24280020E1
S315080358A0202800201828002028280020F8B50446B8
S315080358B00D4614F029FE094B1B684BB1D3E906675D
S315080358C0C4E90067DB682B60BDE8F84014F017BE2F
S315080358D000260027C4E90067F5E700BF242800204F
S315080358E02DE9F0474FF6FC78002416461B4F033183
S315080358F01B4B07EB001501EA08084FEA001A1B6859
S315080359006A80814627F80A8002FB08F0EC6098470C
S3150803591018FB06F39BB2024668602B81D8B111497E
S31508035920284651F8291006F08DFC21462A8968680D
S3150803593008F086FA214623469E4204DC0020574493
S315080359407E80BDE8F0876A68E868541850500133CA
S31508035950EC604144F0E71A20F3E700BF341E002049
S315080359602C2800207422050838B5094C04EB0015C9
S315080359706B682BB1284606F067FC686811F0A3FD2F
S315080359802846BDE838401022002108F059BA00BF5E
S31508035990341E0020034B0201C3E90010002102480C
S315080359A008F04EBA2C280020341E002038B5094BBF
S315080359B0020103EB0015EC68284621469A5A06F0BD
S315080359C044FC24B12368EB606B88013B6B8020465B
S315080359D038BD00BF341E0020024B03EB0013987832
S315080359E0704700BF341E002030B4064C04EB001386
S315080359F0DD685A880D600132184630BCD9605A8072
S31508035A0006F024BC341E0020044A010102EB0013ED
S31508035A10505A10B11B89B3FBF0F07047341E0020AF
S31508035A200020124B10B51870114B124C1860124B0C
S31508035A30206018706060A060FFF7E6FF80B2A0F1EF
S31508035A400E036380A0F11403013060810B49201D06
S31508035A50E38006F0F5FB2046094906F0F1FB04F15D
S31508035A6008000849BDE8104006F0EABB7D3400206B
S31508035A704C280020E82800207C340020A8220508AA
S31508035A80B1220508BB22050870B5044680B314F095
S31508035A903BFD637905466FF382036371237913F03C
S31508035AA0100605D010232371BDE8704014F027BDF6
S31508035AB0104903F0030331F823203046013A21F84D
S31508035AC023202146FFF790FF0B4B0C4E1C681CB98D
S31508035AD00A4B28461C70E7E7237A1BB933781BB9A8
S31508035AE02468F4E7012BFBD1204663689847F7E758
S31508035AF070BD00BFE82800204C2800207D34002014
S31508035B0010B5044614F000FD034B1A6822601C60A6
S31508035B10BDE8104014F0F3BC4C28002010B5064B22
S31508035B2000F0E0001A78541C1C70044B03F832008A
S31508035B3003EBC203596010BD7C34002034280020CF
S31508035B400022F8B50E4C0F492378934214D951F81D
S31508035B503260551C86424FEAC2070ED15E1E0A48BA
S31508035B60B21AD20007F1080101449D4288BF0022F8
S31508035B70384408F04BF92670F8BD2A46E5E700BF16
S31508035B807C34002038280020342800202DE9F04FE3
S31508035B900446460789B048BF00F0F7040492029109
S31508035BA014F0B2FC604E04F0030706EB870336F8DD
S31508035BB027205B8881469A4204F0EF0A4FEA870852
S31508035BC030D20020FFF7F2FE054638B336F8273001
S31508035BD04846013326F8273014F091FC284611F07D
S31508035BE00EFB029B029AAB71049B85F804A013442F
S31508035BF0EB7114F089FC80464C4B1C68002C40F072
S31508035C008B80404614F07BFC06EB87004522294629
S31508035C1006F01BFB284609B0BDE8F08F012248466B
S31508035C20434B1A7014F06BFC25071DD51F2C1BD983
S31508035C3004F0E003B044039314F066FCB8F80230AA
S31508035C4036F827904FF0000B99452CBF0023012304
S31508035C50DFF8E480019314F052FC06EB87030593FF
S31508035C60344B1B789B4508D384F004005146C0F394
S31508035C70800000F07FF80025C6E798F80030039AFD
S31508035C801A4204D0D8F80490D9F8003023B90BF196
S31508035C90010B08F10808E3E707935A79D00708D5F3
S31508035CA01A79510705D5019941B98AEA0202920779
S31508035CB004D099461B68002BEFD1E5E7484611F057
S31508035CC02DF90579079007A811F00AF92946002046
S31508035CD000F050F814F018FC059B36F827205B886B
S31508035CE005469A4234BF01230023019309D20020B3
S31508035CF0FFF75CFE079058B136F82730013326F8CC
S31508035D002730284614F0FBFB079D002DBCD065E71A
S31508035D100122074B1A70F4E7237A012B02D1204696
S31508035D2063689847246869E7E82800204C28002018
S31508035D307D3400207C340020342800200022014BC7
S31508035D401A6070475028002010B5044614F0DCFB8F
S31508035D50074A13682BB914602360BDE8104014F092
S31508035D60CEBBA34202D01A461B68F3E710BD00BF99
S31508035D705028002070B505460E46054B1C6804B925
S31508035D8070BD63683146284698472468F7E700BF1D
S31508035D90502800200149084606F052BAC8220508C9
S31508035DA0012838BF012038B5C41C24F00304204653
S31508035DB006F067FB054601462246084806F045FAFB
S31508035DC02DB921460220FFF7D5FF284638BD2246BE
S31508035DD00021284608F034F8F7E700BFC82205086B
S31508035DE010B5064C237823B9E5F7FCFC18B901234B
S31508035DF02370002010BD40F20740FBE77E340020E5
S31508035E0038B50B4B04461B780D464BB1214628463D
S31508035E1007F0E5FA002840F2074008BF002038BD1E
S31508035E2004490548FFF7DCFF0028EFD0F7E700BF72
S31508035E307E340020EFBEADDEBEBAFECA436A70B535
S31508035E405904044616D4154A03F4004392F8262047
S31508035E50012A10D1826A92040DD4002B00F10101A4
S31508035E600CBF532014200DF08FFA18B9636A43F058
S31508035E700803636270BD002BFCD1094D661C2946D5
S31508035E803046F4F79DF90028F4D12B68C4F801309D
S31508035E90AB88A4F80530AB79E371E7E7A0230020C4
S31508035EA0AB2300202DE9F0411E4E3071C0B33346B3
S31508035EB000224821E4F7DEFB38B905464FF04808C7
S31508035EC007463379AB4202DC0020BDE8F08134682B
S31508035ED0002108FB05441422A76104F1340007F0E6
S31508035EE0AFFFA0224FF4A073C4E90723072304F1E5
S31508035EF0100084F83130E773E77110F0F1FF04F10D
S31508035F00140010F0EDFF204611F0E5FA40F20113F4
S31508035F10E3857F23A76284F8323067620135D0E7C9
S31508035F203060D1E754280020084A03461179814294
S31508035F3009D9106840B103EBC30300EBC300406AF9
S31508035F4000F0010070470020704700BF5428002066
S31508035F5038B504460D46FFF7E7FF034640B1002070
S31508035F60044B04EBC4041B6803EBC4032B6038BD62
S31508035F702120FBE7542800202DE9F04F0446344A34
S31508035F8093B0106851680FAB03C3906812AA1860E0
S31508035F90E37B94F82E7002EB430333F80C1C636A15
S31508035FA094F82F60DA0444D40126374641F01001E9
S31508035FB094F80E80C3F340495B0348BF49F00209CE
S31508035FC08BB288F00808012F94F800A094F8315092
S31508035FD00B9304F1080BD4E90723C8F3C00894F913
S31508035FE0324005D0022F03D0042F14BF00270327FE
S31508035FF0012E05D0022E03D0042E14BF0026032635
S315080360005046CDE90C2311F070FADDE90C23012182
S31508036010CDE90760CDE900515046CDE90547CDE9FD
S3150803602003B90B99CDF8088000F000FE13B0BDE85C
S31508036030F08FA26A950648BF41F02001500648BF73
S3150803604041F04001DA0348BF41F00401B0E700BF5D
S31508036050D222050837B5044648B104782046FFF727
S3150803606063FF10B9002003B030BD0134E4B2074D15
S315080360702B79A342F6D9204601A9FFF769FF08B988
S315080360800198F0E70134E4B2F2E700BF5428002090
S315080360908378F7B5122B0D4632D10B6801A99A7985
S315080360A00C3213441E79DF783046FFF751FF88B95F
S315080360B0019C636A23F0100363628FB93146A069B2
S315080360C0621C104B00F078FA222239460D48A76164
S315080360D007F0B6FE284603B0BDE8F04010F000BF4F
S315080360E0204611F0F8F9636A5A0603D523F04003EC
S315080360F06362EFE7304604F13401F5F7DDFEE9E7BD
S3150803610003B0F0BDC823002073B5144D144C2A6898
S31508036110236802F0400103F002030B431BD09306E6
S315080361204CBF0126A67AF3F7E5FF0196837983F038
S315080361300803C3F3C0030093E388A288217A607A2D
S3150803614000F030FD40B9236823F0020323602B686F
S3150803615023F040032B60002002B070BDA02300206B
S315080361605C28002001210020054BA3F10802C3E99E
S31508036170000043F8081C4FF0101351725360704720
S3150803618064280020032910B510D9032A0ED9914291
S315080361900CD301280AD8064C20720020A372236860
S315080361A0A18043F00203E280236010BD2120FCE7AF
S315080361B05C280020014B187B704700BF5C28002031
S315080361C0074BDA7A4AB95A7A82421FBF1A68587253
S315080361D042F002021A60FFF797BF0020704700BF1C
S315080361E05C280020024BD87A003818BF0120704774
S315080361F05C28002070B51F4D2B68590707D5002169
S31508036200084600F0F5FC2B6823F004032B601A4EAE
S315080362102B68326803F0080302F00202134310D016
S31508036220F3F768FF83791A071FD5F5F77DFC04464C
S31508036230C8B92B6823F008032B60336823F00203DD
S315080362403360FFF761FF044668B9EB7A5BB12B68E5
S315080362505B0708D40121084600F0CAFC40B92B683D
S3150803626043F004032B60204670BDF5F741FCDEE7D7
S315080362700446F8E75C280020A023002070B5124CDA
S31508036280257B637B22689D42B8BF1D469207E37A46
S31508036290EEB201D4B34215D01BB10023E372FFF764
S315080362A0A9FFE67275B1094B93F82630012B05D180
S315080362B0236843F002032360F5F7D2F9BDE870407B
S315080362C0FFF798BF002070BD5C280020A02300209C
S315080362D0022938B504460D4601D9212038BD11F0E7
S315080362E016FA0028F9D00E4B1A7BB2B91A68D107E9
S315080362F042BF22F0010242F002021A60094A525DC5
S315080363001A735A7AA2421FBF1A685C7242F00202D3
S315080363101A60BDE83840FFF7B1BF0220DEE700BFC9
S315080363205C280020DE220508054A137B013B022B65
S3150803633003D800231373FFF7A1BF0020704700BFDC
S315080363405C280020044B5A7B824202D05873FFF71D
S3150803635095BF0020704700BF5C280020032805D19D
S315080363600A4A136843F00803136008E0012808D1B2
S31508036370064BDA7A42B11A6842F008021A60FFF746
S3150803638039BF10F0FD0FEBD0002070475C280020C2
S31508036390A0F11B03E02B10B5044618D8042142F2DA
S315080363A024000FF02CF96FF06F0343714223A0F812
S315080363B0034083710748EBF71FF90FF04EF940794D
S315080363C020B10FF04AF9407940F4805010BD2120DE
S315080363D0FCE700BF7D0604082DE9F0439946002330
S315080363E087B00F9E334C3360236A07460D469046A3
S315080363F013B10223336012E00FF028FA074213D0D1
S3150803640037EA000010D1012F01D0042F0CD12846FA
S31508036410334649460E9A11F021FA054630B9002546
S31508036420284607B0BDE8F0832123E3E73846FFF79C
S31508036430C7FE3060002833D194F82630012B18D1D3
S315080364402368DB0715D4DFF87090484600F07CFE16
S31508036450306028BB2368606843F00203B9F8042058
S31508036460236099F80630C5F85A00A5F85E2085F822
S315080364706030FFF7BFFE306090B9A38B3A460593A9
S31508036480638BFF210493238B28460393E38A0293A2
S31508036490A38A0193638A00934346F5F78DFB30601D
S315080364A0336823B100212846F3F72AFDB7E72562A7
S315080364B0B6E700BFA0230020A423002037B504466F
S315080364C00D4611F05EF9698820460CF0E3FD6A7EF5
S315080364D02B7E204643EA0223A4F862306A7F2B7F89
S315080364E043EA0223A4F86430EA7EAB7E43EA022336
S315080364F0A4F866301B23A4F86C302D4B5A8B9B8B60
S31508036500A4F86820A4F86A30022384F872300FF0DE
S315080365103AFB204611F095FA94F87330022B15D1FD
S3150803652000F0C0FC70B194F9753001330AD1052126
S315080365302046A36843F48053A36003B0BDE8304004
S3150803654011F074B9002120460CF0A7FD002120465E
S31508036550F3F786FE4FF6FF73288C984225D000F092
S31508036560BFFA009400F0ECF96A46ADF8040040F26D
S315080365700621104810F0E2FB002240F202212046D1
S3150803658010F098FB2046F3F731FD204611F065FA23
S315080365902046F5F74FFCA368012123F480432046E0
S315080365A0A36011F047F903B030BD0020D9E700BF57
S315080365B0A02300209C230020F7B504460F46164661
S315080365C068465A79991D1D46F3F7D8FD2CB96946CD
S315080365D03046F3F7F9FB0446A0B140F2032384F8E7
S315080365E07670A4F8723033682946C4F85A30B388EB
S315080365F02046A4F85E30B37984F86030FFF75EFF6F
S3150803660003B0F0BD032140F206400EF0F8FF6B8895
S31508036610A0F803300D2343710148EAF7EDFFEFE7CE
S315080366207B03040807B590F870304FF4887101AA04
S3150803663003488DF8043010F081FB03B05DF804FBC2
S315080366409C2300202DE9FF4103780446302B0E4690
S3150803665039D006D8052B25D0082B41D004B0BDE880
S31508036660F0813E2BFAD183780C2B4BD8022BF5D924
S31508036670033B092BF2D801A252F823F01567030846
S31508036680556803085D6603085D660308ED67030836
S315080366905D6603085D6603085D6603085D660308B1
S315080366A041680308B0F80300F3F7CCFB28B1617916
S315080366B009B141F4805111F03DF8304604B0BDE804
S315080366C0F04110F00DBCB0F80300F3F7BBFB00284C
S315080366D0F3D0A17809B141F4805111F084F8ECE7BD
S315080366E0B0F80300F3F7AEFB0028E6D0627990F81A
S315080366F0743022B143F0010380F87430E9E703F0FC
S31508036700FE03F9E7212B00F0BA80292B1FD0202B93
S31508036710D3D0A3E78088F3F795FB0028CDD0E2789A
S31508036720002ACAD1E179A27942EA0122A0F86220B5
S31508036730E17AA27A42EA0122A0F86420227A617AEF
S3150803674042EA0122A0F86620F3F750FCB5E7C778BA
S31508036750851C3C2F02D110F0BEFFAEE790F80680E9
S31508036760B8F1000F23D1564A146AC2F82080CFB174
S315080367702946204647F4805711F003F8E76084F862
S31508036780728040F20121204601AACDE9014710F0A3
S31508036790D5FAA368414643F480632046A360F3F71A
S315080367A0AFFB8AE729462046FFF788FE85E74FF6BB
S315080367B0FF73408C98420BD000F092F940B1F3F77F
S315080367C099FC2B460246FF210020FFF7F5FE74E7E6
S315080367D02B463C4A2234154618685968083303C5BC
S315080367E0A3422A46F7D11B882B8066E7B0F8030035
S315080367F0F3F728FB00283FF460AF40F20911B4F819
S31508036800053090F87020A0F86C308DF80420ADF8A8
S315080368100630227AE37943EA0223ADF80830A27AEE
S31508036820637A43EA0223ADF80A30227BE37A43EA22
S315080368300223ADF80C3001AA234810F07FFA3CE78F
S315080368408088F3F7FFFA00283FF437AFA179F3F707
S31508036850EFFB32E78088F3F7F5FA00283FF42DAF0C
S3150803686090F870300E218DF80430D4F8063001AA5A
S31508036870CDF80530D4F80A30CDF80930DCE780883E
S31508036880F3F7E0FA00283FF418AF90F870304FF4A6
S3150803689003718DF80430E37801AA8DF80530A379DE
S315080368A08DF80630E3798DF80730237A8DF80830AA
S315080368B0637A8DF80930A37A8DF80A30BCE700BFEE
S315080368C0A0230020C82300209C23002070B505467A
S315080368D040B300EB8006B6003046FFF761FA154C65
S315080368E00246206018B314493346084605F0AAFC45
S315080368F032460021206807F0A3FA226800231146CE
S3150803690025710133DBB2AB424B7401F11401F8D1A3
S31508036910FF23324402F8033C002262714FF6FF72EA
S315080369202372E2800020054B1860988070BD1A20F8
S31508036930FCE700BF88390020E1220508F428002077
S3150803694050B11422064B1B68C31AB3FBF2F3007C3F
S3150803695040EA032080B270474FF6FF70704700BFC6
S3150803696088390020142370B51A4D44782E6805EB30
S315080369701414821BB2FBF3F20534D2B22378FF2B2D
S3150803698005D093420FD1437C2370FF23437489B9FF
S315080369906B796A714374037C01330374437861F337
S315080369A00713437070BD03EB830306EB830303F1FD
S315080369B01104E3E74C1D2C442D682378FF2B01D1E2
S315080369C02270EBE703EB830305EB830303F111045F
S315080369D0F3E700BF883900202DE9F041174B0F462E
S315080369E05C790546FF2C114626D01E6804EB840401
S315080369F04FEA840806EB84042046FFF7B3FFE773E0
S31508036A002868A060AA88AB79A28140F6FF72A373AF
S31508036A1036F8083062F30B0326F80830084B1A6871
S31508036A209B88C4F80220E38014222146054805F012
S31508036A300CFC2046BDE8F0810024F5E788390020E0
S31508036A40F4280020E122050840F6FF7210B5044633
S31508036A500388014662F30B030380044805F0F6FB3B
S31508036A602046BDE810400021FFF77CBFE122050858
S31508036A70054B18444079FF281DBF1B6800EB8000AF
S31508036A8003EB80000020704788390020074A10442A
S31508036A90437900201268FF2B00D1704703EB830369
S31508036AA002EB83035B7C0130F5E700BF88390020DE
S31508036AB002460A4B010A1879B0EB122F0CD314209D
S31508036AC01B6800FB013043780F2B05D9037CD2B230
S31508036AD0934218BF0020704700207047883900206A
S31508036AE0024609490B7A0968FF2B01D10020704732
S31508036AF003EB830301EB830031F82330C3F30B0362
S31508036B009342F4D0437CEFE7883900202DE9F04718
S31508036B1007460E4603254FF6FF7ADFF84C80DFF863
S31508036B204C9018F8013B4B445B79FF2B05D1013D8B
S31508036B3015F0FF05F5D12C4613E0D9F8004003EB11
S31508036B408303564504EB830404D0E37BB34201D0A5
S31508036B50637CEAE7394604F10800F3F731FB0028BA
S31508036B60F6D02046BDE8F087EB22050888390020D1
S31508036B700B49034630B50A6828B1831A1420B3FBB8
S31508036B80F0F3DBB2013314240979994201D80020C2
S31508036B9030BD04FB032045780F2DF9D80133F4E7FC
S31508036BA088390020F8B507460E4642F24100082107
S31508036BB015461C460EF023FD9DF818304771C37021
S31508036BC09DF81C3086710371A0F80750A0F8094098
S31508036BD00648EAF711FD0EF040FD407920B10EF0A4
S31508036BE03CFD407940F48050F8BD00BFF917020810
S31508036BF038B505460C4642F2420006210EF0FFFC64
S31508036C000023C57043718371C37103720471064807
S31508036C10EAF7F2FC0EF021FD407920B10EF01DFDD6
S31508036C20407940F4805038BD611802082DE9F041D7
S31508036C30154606460F4642F2360019211C46DDF86C
S31508036C4024800EF0DCFC2B0AC371230A83729DF899
S31508036C501830857103739DF81C30447243739DF88D
S31508036C6020302D0C240CC67087800572C47283737A
S31508036C70D8F80030C0F80F30B8F804308676A0F894
S31508036C8013309DF8283043759DF92C3083759DF88C
S31508036C903030C375002303769DF8343043769DF868
S31508036CA03830C3760648EAF7A7FC0EF0D6FC4079D7
S31508036CB020B10EF0D2FC407940F48050BDE8F08153
S31508036CC00119020838B505460C464FF61940052141
S31508036CD00EF095FCC57044600548EAF78DFC0EF086
S31508036CE0BCFC407918B1BDE8384010F0FFBD38BD8B
S31508036CF0A300040838B505460C464FF61A40052185
S31508036D000EF07DFCC57044600548EAF775FC0EF085
S31508036D10A4FC407918B1BDE8384010F0E7BD38BD8A
S31508036D20D300040870B50D4606460121DAB1FFF70C
S31508036D30C9FF0446A8B9072142F235000EF05FFCE5
S31508036D40C6702B684360AB8803810848EAF754FC8E
S31508036D500EF083FC437923B10EF07FFC447944F4A7
S31508036D608054204670BDFFF7C5FFE2E70F0204080B
S31508036D700A4610B50421044642F237000EF04AFCCF
S31508036D80032303710023C470437183710548EAF72B
S31508036D9033FC0EF062FC407918B1BDE8104010F0E0
S31508036DA0A5BD10BD030104080A4610B5042104460F
S31508036DB042F238000EF02EFC032303710023C4703D
S31508036DC0437183710548EAF717FC0EF046FC4079D0
S31508036DD018B1BDE8104010F089BD10BD4F01040875
S31508036DE0F8B506460F4642F23900062114461D46F3
S31508036DF00EF005FC01238471240A0371C7704671DA
S31508036E00C47105720548EAF7F7FB0EF026FC4079CC
S31508036E1018B1BDE8F84010F069BDF8BD9B01040838
S31508036E2010B504460BF0F2FE30B1003C18BF01243E
S31508036E300020024B1C7010BD0E20FCE76C280020B6
S31508036E400C4B01461A789AB95B689B0710D490F9DC
S31508036E507520013218BF012291F8523013F0400011
S31508036E6005D091F8600010F0400018BFD0B2704703
S31508036E700122F1E76C280020024B586800F0020053
S31508036E80704700BF6C280020024B586800F00800C2
S31508036E90704700BF6C280020014B1B68184700BFCA
S31508036EA09439002008B50BF0B1FE012809BF034B3E
S31508036EB00020586800F0100008BD00BF6C280020A9
S31508036EC007B502460846042802F0010113D9B1B9E9
S31508036ED003200C4B5A6002F08003019302F040032F
S31508036EE0009302F0200302F0040200F0D5FB002011
S31508036EF003B05DF804FB0029EBD00328E9D1212070
S31508036F00F6E700BF6C28002038B50D490D48FEF793
S31508036F1067FF0446054688B90B4B0C4A1A600C4AA8
S31508036F205A600C4A9A600C4ADA6000F027FC03217F
S31508036F3004462846FFF7C4FF084B1D70204638BD94
S31508036F40EFBEADDEBEBAFECA943900208D760308BD
S31508036F50197E0408E5760308F58E03086C280020D5
S31508036F6007B50191F2F77CFF88B1019B094A013302
S31508036F7093420CD845F21802002101AB10F0B7FE74
S31508036F80B0FA80F04009400003B05DF804FB212005
S31508036F90FAE700BF40420F00054A08B5431C93426F
S31508036FA003D800F099FB002008BD2120FCE700BFA9
S31508036FB040420F0038B504460320FEF7F1FE0546A6
S31508036FC0D0B194F87030037094F875304370204646
S31508036FD0F2F7FEFF2A46A87040F2026107480FF04F
S31508036FE069FE074B2046DB680121984794F975002B
S31508036FF0BDE83840F2F710B838BD00BF9C2300201F
S315080370009439002070B5054608200E46FEF7C8FEDB
S31508037010044680B195F8703000210370064B46602C
S31508037020DB68284698472246BDE8704040F201616E
S3150803703002480FF03FBE70BD943900209C23002000
S3150803704038B5054608200C46FEF7AAFE024638B1AF
S31508037050C0E90054BDE838400D2102480FF02ABEA6
S3150803706038BD00BF9C23002038B5054608200C46CA
S31508037070FEF796FE024650B195F8703040F2056168
S31508037080037044600248BDE838400FF013BE38BDAC
S315080370909C23002013B504460191114612B301A996
S315080370A00420FEF7ADFE019B104A2046B3FBF2F11E
S315080370B002FB113345F218020021019301AB10F0CC
S315080370C016FE0820FEF76CFE024648B194F87030A7
S315080370D040F204610370019B436005480FF0EAFD23
S315080370E002B010BD45F2180201ABE8E740420F00B3
S315080370F09C23002010B504460120FEF751FE0246E4
S3150803710048B194F8703040F203610370BDE810404B
S3150803711001480FF0CFBD10BD9C23002038B50546A6
S3150803712008200C46FEF73CFE024650B195F870302F
S3150803713040F20761037044600248BDE838400FF027
S31508037140B9BD38BD9C230020014B5B68184700BFB7
S315080371509439002010B50F4C2368D3B10022D3F815
S31508037160A0001A7783F83D2083F85E2005F0CBFE4E
S3150803717020684421603010F09CF9206821211D30D5
S3150803718010F097F920682121BDE810403E3010F031
S3150803719090B910BD78280020F0B5062087B0E1F72E
S315080371A0A3FB10F08EF9054640B901461A20FFF7EE
S315080371B047FF6FF08C04204607B0F0BD2F4E3068AA
S315080371C005F0A1FE044640B110F1880F05D001462B
S315080371D040F20740FFF734FFEDE70BF017FD0328EE
S315080371E0074622D10024346004F02FF900026860B0
S315080371F06C6140F20111284610F076FC204B694673
S31508037200EB60204B2B6000230093E4F7B7FA0446A0
S31508037210E0B1014640F20740FFF712FF284606F0A1
S31508037220CDF9284610F04FF9C5E732686B686A61ED
S31508037230DAB222B923F0FF0343F001036B6004F0CB
S3150803724004F9000240F001006860D2E7032FE5D194
S3150803725001AB102202A9009805F0C0FE10210446CE
S3150803726002A810F018F902A9102010F031F910211C
S3150803727002A810F01EF9009B3360CFE7742800209C
S315080372800044400400248000FF282DE9F84316BF74
S315080372901C4D1D4B45EA002581464FF006008846DE
S315080372A0174608BF1D68E1F71FFB10F00AF90646E3
S315080372B018B30146284605F04BFE0446304606F049
S315080372C07DF9304610F0FFF814F1880F0FD1B9F1A4
S315080372D0FF0F0ED1FFF760FF044660B90A4B1D681E
S315080372E00020C8F8005007B13C60BDE8F883002CBD
S315080372F0F6D02120F7E70025F2E71A206FF08C0471
S31508037300F1E700BF06800400742800202DE9F04148
S315080373108AB006AC884615460346264600F110078A
S31508037320224618685968083303C2BB421446F7D184
S315080373301021304610F0AFF8002306200593E1F735
S31508037340D3FA10F0BEF8044610B310274FF4807131
S3150803735010F0CAFB194B1A49036005ABC1603246E4
S3150803736028460293CDE900873B46E4F741F90546EB
S31508037370F0B93946404610F08EF83946304610F0D3
S3150803738098F8204606F01AF9204610F09CF80BE008
S315080373906FF08C0140F20740FFF752FE102130468A
S315080373A010F087F86FF08C0528460AB0BDE8F0811F
S315080373B0014640F20740FFF743FEDEE7002480005C
S315080373C0004440042DE9FF41054606208846164633
S315080373D0E1F78AFA10F075F8044648B901461A2007
S315080373E0FFF72EFE6FF08C05284604B0BDE8F08142
S315080373F004F02BF82A466D4600232F4600026060E8
S315080374006361204606F5807110F06EFB144BE3604A
S31508037410144B236002F110032E4610685168083294
S3150803742003C69A423546F7D11021384610F033F889
S31508037430434610223946204605F05AFE054620B132
S31508037440014640F20740FFF7FBFD1021384610F0CE
S3150803745030F8204606F0B2F8204610F034F8C3E7B1
S3150803746000444004002480002DE9F0434FF000094E
S3150803747087B0044606200E4617469846CDE9049972
S31508037480E1F732FA10F01DF8054670B303F0DDFF95
S3150803749000024FF480516860C5F81490284610F02E
S315080374A023FBDFF874901B4B21462B601022C5F88B
S315080374B00C9004AB05F01CFE044628BB05AB0293EF
S315080374C010233246CDE9008349463B46049805F026
S315080374D00CFF0446C0B9049805F015FD284606F0C6
S315080374E06DF828460FF0EFFF0AE06FF08C0140F2C3
S315080374F00740FFF7A5FD049805F005FD6FF08C041A
S31508037500204607B0BDE8F083214640F20740FFF75F
S3150803751097FDE0E7002480000002C003F0B50E469D
S315080375200446154693B020223046434906F05EFCCE
S3150803753068B920222846414906F058FC38B9404B19
S315080375401B681B7D002B64D040F203401BE0246CB0
S315080375502022304604F1510106F048FC38B92022AE
S31508037560284604F1710106F041FC0028ECD00620F8
S31508037570E1F7BAF90FF0A5FF044630B901461A2018
S31508037580FFF75EFD1A2013B0F0BD0027009703F03E
S315080375905CFF000260604FF480412046676110F08B
S315080375A0A3FA284B3046E360274B06F120022360F3
S315080375B004238DF804300DF1050350F8041B90429B
S315080375C043F8041BF9D10DF1050020210FF063FFE1
S315080375D028460DF1250305F1200250F8041B9042B5
S315080375E043F8041BF9D120210DF125000FF053FFB1
S315080375F001A96B464122204605F07AFD014650B99A
S31508037600204605F0DBFF20460FF05DFF009805F0E6
S315080376107AFC0020B7E710F1870F03D040F2074042
S31508037620FFF70EFD204605F0C9FF20460FF04BFF76
S31508037630009805F068FC87E700240508E023050899
S3150803764078280020000002091241000100F0C00357
S31508037650402B07D1094B1B6873B100F03F0053F861
S3150803766020007047802B01D1054BF4E7054A0648ED
S31508037670C02B08BF10467047034870478028002070
S315080376807C2800201B7F0408897B0308014B1B68A1
S31508037690187A704778280020003918BF0121003B63
S315080376A018BF012310B50B4C003A246818BF0122F2
S315080376B0A3749DF808302070003B18BF0123E374B8
S315080376C09DF80C302174003B18BF0123627423759F
S315080376D010BD00BF78280020014B1B68D86070478F
S315080376E07828002001280AD002280ED098B90B4B17
S315080376F01A68936943F00103002093617047074BA7
S315080377001A68936943F00203F6E7044B1A68936908
S3150803771043F00403F0E72120704700BF78280020D0
S3150803772038B5094D2C6854B9A4200FF0CAFE286051
S3150803773038B1224605490648FEF73AF838BD00200F
S31508037740FCE71A20FAE700BF78280020377B0408ED
S3150803775084280020024B034A00201A60704700BFA2
S31508037760802800209C230508024B034A00201A6040
S31508037770704700BF7C2800207423050810B5144CF5
S31508037780FFF7E8FC2068A4210FF093FE03224FF0CD
S31508037790FF3123681A70D960002210211A7783F8FB
S315080377A03D2083F85E201A829A7419729A61E4F767
S315080377B019F8044648B90BF029FA0328054B08BFFC
S315080377C000232046044A136010BD40F20740FBE736
S315080377D07828002037000400742800202DE9F04398
S315080377E083680446590687B040F1B18023F0400305
S315080377F0836010F041FA802802D0402840F0AA801E
S3150803780094F9758004F13409B8F1FF3F1DD10BF0E3
S31508037810FDF9012871D1636B04201A888DF80820B5
S315080378201A4632F8021B090A8DF80910D3F80230F2
S3150803783002A9CDF80A3053680A22CDF80E30F1F7BB
S3150803784079FBB0F1FF3F804657D0A56815F48075DC
S3150803785053D10620E1F748F80FF033FE074698B9E7
S3150803786001461A20FFF7ECFB204641F20601FFF713
S31508037870C9FB20460021F4F773F904F1340007B075
S31508037880BDE8F04310F048BA204610F0F5F9802811
S3150803789028D1494D394645EA0825284605F058FBB7
S315080378A00646384605F08AFE16F1880F1BD1434D66
S315080378B0394645EA0825284605F04AFB064638466A
S315080378C005F07CFE38460FF0FEFD96B9606B2A4636
S315080378D002A90A30FFF71AFD70B3102102A80FF0A8
S315080378E0E8FDC1E72E46204610F0C6F94028E9D13F
S315080378F0DDE7314640F20740B4E794F87430DA0717
S3150803790002D4A368DB05AFD5002201A904F1180048
S315080379100192FFF757FD18B1019805F0F4FAA3E7AA
S31508037920606B019A02A90A30FFF7F0FC0546019835
S3150803793005F0E9FA002DD0D1204602A9F4F710F98B
S3150803794002A810210FF0B5FD484610F0E5F907B077
S31508037950BDE8F083636B1A88002A85D1882801D08D
S315080379604B2881D10021013313F8012F002A7FF414
S315080379707BAF01310829F7D1206C01A900F598706E
S315080379800192FFF71FFD0028C6D1606B019A02A971
S315080379900A30FFF7BBFC0546019805F0B4FA002D3B
S315080379A09BD1204602A9F4F7DBF802A810210FF0B1
S315080379B080FD04F13400C8E7058004000380040051
S315080379C02DE9F043804693B006200F46164699469E
S315080379D0E0F78AFF0FF075FD044648B901461A20F9
S315080379E0FFF72EFB6FF08C05284613B0BDE8F0832E
S315080379F003F02BFD00230002606063614FF48041AE
S31508037A00204610F071F85A4BE3605A4B23605A4BE1
S31508037A101A68137F022B21D102F1600302F1800158
S31508037A2053F8040B8B4247F8040BF9D102F1A00172
S31508037A3053F8040B8B4246F8040BF9D1D2F8A0305D
S31508037A402046C9F8003005F0B9FD20460FF03BFD86
S31508037A50B8F1000F40F085800025C5E79369DB0779
S31508037A602DD5464B03F1200253F8041B934247F8DE
S31508037A70041BF9D1424B03F1200253F8041B93422A
S31508037A8046F8041BF9D14B4620223E49204605F009
S31508037A902FFB0546204605F091FD20460FF013FD02
S31508037AA0002DD5D0294640F20740FFF7C9FAB8F1A9
S31508037AB0000F99D00821404610F00DFA94E749467D
S31508037AC0E3F75CFE054690B1014640F20740FFF72F
S31508037AD0B7FAB8F1000F03D00821404610F0FBF9B6
S31508037AE0204605F06BFD20460FF0EDFC7CE76B4660
S31508037AF0412201A9D9F8000005F0CFFA0546204628
S31508037B0005F05CFD20460FF0DEFC4DB1294640F238
S31508037B100740FFF795FAD9F8000005F0F4F9C6E728
S31508037B203A460DF105030DF1250153F8040B8B4273
S31508037B3042F8040BF9D132460DF1450153F8040B0B
S31508037B408B4242F8040BF9D101A841210FF0B1FC8D
S31508037B50384620210FF09FFC202130460FF09BFC6E
S31508037B6076E7002245F21601404610F0B0F873E7AF
S31508037B70000002091271000178280020EE22050888
S31508037B800F2305082024050845F20603994210B574
S31508037B90044637D01FD840F20323994207D045F24B
S31508037BA0020399423FD040F2012399421FD1244848
S31508037BB094F870100FF055F894F873304FF4A04109
S31508037BC0012B14BF80204020FFF740FD0022034607
S31508037BD0204698470BE045F2170399422ED045F203
S31508037BE01A03994205D045F20C0399421FD048203F
S31508037BF007E0C02110F050F807212046FFF702FAE4
S31508037C00002010BD93791A44517C41F49051FFF733
S31508037C10F9F994F873302046012B14BF80214021CB
S31508037C2010F03AF8ECE7052110F055F9E8E710F0FB
S31508037C3023F84128E4D005212046F5E70220E0E7AA
S31508037C4084280020B1F5A04F2DE9F04104461646D5
S31508037C5000F01481A1F5A043DD1F042D00F2158160
S31508037C609279083B0C321644026C92F85021032B86
S31508037C7005D8DFE813F043009B00B9000001D107DC
S31508037C8019D5771D10223946824806F0AFF8002821
S31508037C9062D00AF0BBFF0128206C0ED103213A46B5
S31508037CA090F95E01F1F7E4F81021054638460FF01E
S31508037CB000FC002D4CD100276BE03B461022032124
S31508037CC090F95E010AF0A4FF94F873300546012B78
S31508037CD00DD13B4604F11802153653F8041BB3427B
S31508037CE042F8041BF9D1A36843F48073A3601021F7
S31508037CF038460FF0DEFB002DDDD011E012F0010748
S31508037D00D9D00AF083FF01282DD1236C062093F9D5
S31508037D105E81E0F7E9FD0FF0D4FB054618B91A258D
S31508037D200021284612E001465B4840EA082005F090
S31508037D300FF98046284605F041FC28460FF0C3FB99
S31508037D40B8F1000F0FD0414640F20740FFF778F924
S31508037D500821204610F0BFF82046082110F0BBF88A
S31508037D6040F2034020E0206C06F1050843460A2248
S31508037D70022190F95E010AF04BFFD6F80530054655
S31508037D80A362D6F80930E362B6F80D3023860028D5
S31508037D90C6D1226C92F8503123EA070382F8503190
S31508037DA0204610F056F90020BDE8F081920782D5E7
S31508037DB00AF02CFF012806F10506206C09D10621D5
S31508037DC0324690F95E01F1F753F81021054630461D
S31508037DD06DE706213346102290F95E010AF018FF73
S31508037DE010210546304684E793077FF564AF0AF00A
S31508037DF00DFF01281AD1236C062093F95E71E0F76B
S31508037E0073FD0FF05EFB0546002888D0014623481C
S31508037E1040EA072005F09CF80746284605F0CEFBFE
S31508037E2028460FF050FB0FB139468DE7717989B9AA
S31508037E300A46731D13F8010F60B90132062AF9D1F0
S31508037E4094F85210206C81F0080104F14C03C1F335
S31508037E50C00106E000394FF0060218BF0121206C65
S31508037E60B31D90F95E010AF0D3FE054600287FF498
S31508037E7057AF02278DE702F004078AE70FF068FE7B
S31508037E800022236C83F85C218AE7BDE8F041FFF7FB
S31508037E907BBE00BFD02305080380040006800400C8
S31508037EA0F0B5B1F5A04F05468DB008D045F21304D9
S31508037EB0A14244D00DB0BDE8F040FFF765BE0023EC
S31508037EC0046CCDE90833CDE90A3394F85D310DF135
S31508037ED0200C042B2CD11F4B1B6893F85E205AB138
S31508037EE0674603F13E024E333E4610685168083230
S31508037EF003C69A423746F7D104F58473069305F108
S31508037F005303059305F15A030493237928460393E8
S31508037F10637904F1C8020293A37904F1F801CDE960
S31508037F2000C304F1B80310F00BFB00200DB0F0BD3D
S31508037F30013B022B9CBFD4F82C310893DCE7016C78
S31508037F4001F584710FF020FE4A2128460FF0A4FE9E
S31508037F50EBE700BF78280020F0B545F20E06B142DC
S31508037F60044613468DB00BD045F21303994260D0ED
S31508037F70B1F5A04F77D10FF0EBFD00200DB0F0BDA2
S31508037F809979026C0C310B44591D02F58C72153321
S31508037F9051F8040B994242F8040BF9D1256C1022C7
S31508037FA005F58C7105F5847005F020FF20B90B21C2
S31508037FB020460FF090FFE0E70023CDE90833CDE92B
S31508037FC00A3395F85D310DF1200C042B2AD1284B81
S31508037FD01B6893F83D205AB1674603F11D022D33FA
S31508037FE03E4610685168083203C69A423746F7D1A7
S31508037FF005F5A073069304F15A03059304F1530395
S315080380000493EB7A204603932B7B05F1B80202937C
S315080380106B7B05F1F801CDE900C305F1C80310F040
S315080380208FFAAAE7013B022B9CBFD5F82C3108939C
S31508038030DEE7056C102205F5A07105F58C7005F0D1
S31508038040D5FE0028B3D1D5F858314B219B0748BF35
S3150803805094F87430204644BF43F0020384F874301E
S315080380600FF01AFE89E70DB0BDE8F040FFF78CBDA7
S315080380707828002073B545F21406B14204461AD08F
S3150803808045F21906B14221D0B1F5A04F28D10FF018
S315080380905FFD216C204601F59473019301F1B80342
S315080380A0009301F1110201F1C803513110F0E9FA05
S315080380B0002002B070BD036CD3F828210B4BB2FB2A
S315080380C0F3F103FB1121FEF7CFFFF1E713781BB991
S315080380D00C210FF000FFEBE749210FF0DDFDE7E781
S315080380E002B0BDE87040FFF74FBD00BF40420F0026
S315080380F02DE9F04F97B01546DDE9209804AA064600
S315080381008C4692461C46524B229F03F1100B964609
S31508038110186859680833AEE803005B457246F6D11A
S315080381206B46202261465046FFF79EF98346002890
S3150803813071D1484B05F11002089365238DF8243055
S315080381400DF12503184655F8041B954243F8041BFD
S31508038150F9D110210FF09FF90DF13503184604F1F3
S31508038160100254F8041B944243F8041BF9D1102156
S315080381700FF091F999F80630062183F00803C3F343
S31508038180C0038DF84530D9F800300DF14600CDF817
S315080381904630B9F804300124ADF84A300FF07BF9BC
S315080381A098F80630062183F00803C3F3C0038DF855
S315080381B04C30D8F800300DF14D00CDF84D30B8F8F5
S315080381C00430ADF851300FF066F9002335228DF8E7
S315080381D054306846239B08A98DF85340FFF744F9A2
S315080381E08346C0B9102123980FF055F93B4635222B
S315080381F0684608A98DF82040FFF736F9834650B933
S31508038200B27C0146C2F11002384605F019FE102168
S3150803821038460FF040F9102168460FF04AF9352120
S3150803822008A80FF046F9102150460FF042F9BBF1A2
S31508038230000F06D0082130460FF04DFE17B0BDE8F3
S31508038240F08F5A4645F2120130460FF040FDF5E726
S31508038250302305080062746C70B51E460423054670
S3150803826096B014468DF8143001F120020DF115036A
S3150803827051F8040B914243F8040BF9D120210DF16F
S3150803828015000FF008F922460DF1350304F1200114
S3150803829052F8040B8A4243F8040BF9D120210DF155
S315080382A035000FF0F8F804AB0293202301931A9BC9
S315080382B0314600930E48412305AA05F029F80446DA
S315080382C0412105A80FF0F5F854B1214640F20740BD
S315080382D0FEF7B6FE082128460FF0FDFD16B070BD61
S315080382E0224645F2150128460FF0F1FCF6E700BFD2
S315080382F00000020945F20D039942F7B5044627D053
S315080383000DD8B1F5A04F1DD045F20403994200F0EC
S315080383108F80204603B0BDE8F040FFF735BC45F231
S315080383201103994200F0A68045F215039942F0D14C
S31508038330006C90F85D31052B06D8DFE803F0503A58
S31508038340423A55500FF004FC0027384603B0F0BDF7
S3150803835093790C331A44561D02F125052A463146EC
S31508038360FFF7DCF8074620B10B2120460FF0B3FDD3
S31508038370EBE73146236C113351F8042BA94243F832
S31508038380042BF9D1236C01F12002313351F8040B84
S31508038390914243F8040BF9D1216C204601F1D80325
S315080383A00093D1F8943001F131021131FFF754FFEC
S315080383B0CAE7204645210FF06FFC2046FEF79AFED2
S315080383C0C2E7204645210FF067FC364B20461B685B
S315080383D0D9684B1C5A425A41FEF75CFEB4E746215C
S315080383E020460FF059FCAFE72E4B1B6893F85E50F7
S315080383F065B1002100F1110200F5A070019000910A
S31508038400204611463E330FF0B4FD9DE71021C830D0
S315080384100FF078FC00283DD0082120460FF05BFDBD
S31508038420294640F20740FEF70BFE40F207478CE762
S315080384309179036C0C310A44511DA833153251F84E
S31508038440040B914243F8040BF9D1256C102205F16C
S31508038450A80105F1980005F0C9FC20B904212046B6
S315080384600FF039FD70E7D5F8583143F00103C5F825
S31508038470583169E70B4B056C196810224E3105F51F
S31508038480A07005F0B3FC0028E8D1102105F1C80057
S315080384900FF038FC216C2046C8310FF091FB4721B9
S315080384A09EE700BF7828002045F216039942F7B5E0
S315080384B0044600F0B0810CD8B1F5A04F0FD045F2B1
S315080384C00303994210D0204603B0BDE8F040FFF7F6
S315080384D05BBB45F217039942F5D1022002E00FF080
S315080384E037FB002003B0F0BD9379056C0C33D6181F
S315080384F0F379DF070CD4FEF7BFFC18B994F9753086
S31508038500013305D0052120460FF0E5FC2120E9E7D4
S31508038510A24F337A3A68127A9A4202D8A27C9A42CE
S3150803852001D90621EFE7D6F80530C5F80B30B6F8BA
S315080385300930A5F80F300223AB7294F9523094F838
S315080385405210002BB2BF012381F00803C3F3C00303
S31508038550AB7094F8603083F00803C3F3C0036B7001
S31508038560337A102B28BF1023A374F379D8072BD596
S31508038570AB79DA0728D5737A2A7A134085F8513105
S31508038580B37A6A7A134085F8503195F95E31013327
S315080385901ED0206C90F850319B0719D481F008013E
S315080385A0062290F95E0104F14C03C1F3C0010AF0F7
S315080385B02FFB68B140F21B412046FEF723FDA36853
S315080385C05907A3D508219EE7002385F85131DAE731
S315080385D03B68F079597C00F0080229B112B1AA79EF
S315080385E0120703D403218EE7002A73D0AA79110749
S315080385F070D5D5F8581141F00401C5F85811B5F8E6
S31508038600501121F4807121F00101A5F8501193F856
S315080386101CC0B179BCF1020F03D0002937D002215F
S3150803862071E729B3012283F83D20DA7C52BB042380
S3150803863085F85D3194F91330022B03D1D5F85831F7
S315080386405B07CFD50AF0E2FA01285CD194F97500E5
S31508038650461C58D0002201A9C0B2FEF715FE002811
S3150803866051D1236C93F85021900748D40A214AE73D
S3150803867093F85E20002AD2D083F83D10DB7C002BCA
S31508038680CDD1D4E793F85E30002BD0D1C7E70243A8
S3150803869012F0040209D185F85D211B7C002BA1D1B8
S315080386A094F8743098079DD4C4E772791878052A24
S315080386B028BF03223A4902EB82020A44125C85F870
S315080386C05D211B7C1BB994F874309907B2D5002A2F
S315080386D0B0D187E71A7F012A02D1B279002AA6D137
S315080386E0420703D4AA7912F00402D4D0727918780F
S315080386F0052A28BF03222B4902EB8202DDE793F8FA
S3150803870051319907B2D594F97500421C18D0226CD9
S315080387100821D2F8583143F04003C2F858310AF019
S315080387208EFA052194F975000AF05DFA032194F986
S3150803873075000AF058FA062194F975000AF053FAF7
S3150803874095F85D31206C042B00F5987021D13B68B0
S3150803875003F11D022D3352F8041B9A4240F8041BF9
S31508038760F9D1D5F8583195F85D2103F00401DAB942
S3150803877023F00203C5F85831E274002946D0216C68
S31508038780204601F1940301F171025131FFF718F9FB
S31508038790A7E61022002105F053FBE2E7782800201C
S315080387A0412305085A23050843F00203C5F858313F
S315080387B049B90123013AE374032A3FF692AEDFE887
S315080387C002F010181025A37C0F2B89BF94F8743078
S315080387D0012343F0080384F8743088BF0223E37443
S315080387E0CDE7204645210FF057FA2046FEF782FCCF
S315080387F077E6204645210FF04FFA3B682046D968AD
S315080388004B1C5A425A41FEF745FC6AE64321204669
S315080388100FF042FA65E60FF00BFA4221F7E700BFBD
S31508038820F8B50446FEF70CFB266C054628B394F9FF
S3150803883075305F1C0BD086F85E31FEF71DFB0721EA
S3150803884001200FF095F9024638BB1A2111E020469C
S31508038850F0F7F0FC86F85E01236C93F95E31013379
S31508038860EBD1FEF709FB60B1A3685D070FD441F2AC
S3150803887005212046FEF7C6FB0DE0FF2386F85E3189
S31508038880EFE794F975300133EED10025D7E70521D3
S3150803889020460FF020FB0020F8BD32498679096887
S315080388A00C3691F800C0831983F801C091F81CE0CF
S315080388B0281E18BF0120BEF1010F0DD183F802E06F
S315080388C0D870487C00B3D87800071DD4A3685B0723
S315080388D0DDD441F20321CCE78F69BEF1020F07F01D
S315080388E002070ED191F85EE0BEF1000F09D04FF0F2
S315080388F0010E83F802E0D870002FE2D140F0080099
S31508038900DEE74FF0000EF4E7BCF1030F07D0096961
S3150803891011F0FF1F1EBFD97841F00401D97094F8EE
S3150803892074108F0708D5D978480705D4BCF1030F07
S31508038930CFD041F00401D970002D18BF03251021AB
S315080389405D7119719D71216C9059C1F8030098885E
S31508038950A1F807009B7920464B7206210CF0B3FE5B
S31508038960012099E778280020F0B545F20E06B142B2
S31508038970044615468DB00ED045F21306B1425CD0B7
S31508038980B1F5A04F40F0BD800FF0E2F8236CD3F8A1
S315080389905831190757D5236CD3F8582112070CD425
S315080389A0AA7903F584730C3215446A1D153552F8F2
S315080389B0041BAA4243F8041BF9D10023256CCDE90D
S315080389C00833CDE90A3385F85C3195F85D310DF145
S315080389D0200C042B2AD14D4B1B6893F83D205AB122
S315080389E0674603F11D022D333E4610685168083267
S315080389F003C69A423746F7D105F5A073069304F1E1
S31508038A005A03059304F1530304932B7905F1C8021A
S31508038A1003936B790293AB79CDE900C305F1B803E8
S31508038A20204605F1F8010FF08BFD0CE0013B022B04
S31508038A309CBFD5F82C310893DEE7056C95F85C31B5
S31508038A4023B1012B54D000200DB0F0BD102205F53B
S31508038A50A07105F5847005F0C9F920B10B212046EC
S31508038A600FF039FAEFE7D5F858310DF1200C9B07CB
S31508038A7042BF94F8743043F0020384F87430012338
S31508038A8085F85C310023CDE90833CDE90A3395F837
S31508038A905D31042B25D11D4B1B6893F85E205AB113
S31508038AA0674603F13E024E333E4610685168083264
S31508038AB003C69A423746F7D105F58C73069304F134
S31508038AC05303059304F15A030493EB7A05F1B802A9
S31508038AD003932B7B02936B7BCDE900C305F1C80394
S31508038AE09EE7013B022B9CBFD5F82C310893E3E79D
S31508038AF005F58C710FF048F8882120460FF0CCF85D
S31508038B00A1E70DB0BDE8F040FFF73EB8782800208E
S31508038B1045F21403994213B504462BD00CD8B1F584
S31508038B20A04F13D045F20E03994232D0204602B025
S31508038B30BDE81040FFF728B845F219039942F5D165
S31508038B40137813BB0C210FF0C6F910E00FF000F8E9
S31508038B50216C204601F59473019301F1B803009340
S31508038B6001F1510201F1C80311310FF08AFD00200A
S31508038B7002B010BD036CD3F82821114BB2FBF3F1F5
S31508038B8003FB1121FEF770FAF1E787210FF084F84A
S31508038B90EDE79179036C0C310A44511D03F584738F
S31508038BA0153251F8040B914243F8040BF9D1226CA0
S31508038BB0D2F8583143F00803C2F85831D7E700BF53
S31508038BC040420F0045F2100330B59942044685B07A
S31508038BD000F0A6800CD8B1F5A04F27D045F20503BF
S31508038BE0994228D0204605B0BDE83040FEF7CCBFF1
S31508038BF045F21103994200F0B08045F212039942F7
S31508038C00F0D1016C91F85D3113B1043B012B03D804
S31508038C102046B8310EF0D4FF236C93F85D31042B4C
S31508038C2040F2DF80052B03D1862192E00EF090FFF8
S31508038C30002005B030BD9179036C0C310A44511DEF
S31508038C40C833153251F8040B914243F8040BF9D192
S31508038C50206CD0F8583113F0040354D090F85D31E2
S31508038C60042B22D1604B1B6893F85E5065B1002133
S31508038C7000F111020091114600F5A07001903E33F0
S31508038C8020460FF076F9D3E71021B8300FF03AF8FB
S31508038C9058B1082120460FF01EF940F2074029462D
S31508038CA0FEF7CEF940F20740C3E7216C91F85D3130
S31508038CB001F1C80213B1043B012B12D801F1F803E1
S31508038CC0039301F59873029304F15A03019304F18C
S31508038CD05303009301F1B8032046D831FFF708FA86
S31508038CE0A6E701F5A073019391F85C01D1F82C313D
S31508038CF0C34003F0010343F080030093134601F1D5
S31508038D0051021131BCE780F85C3100F1C8020093C7
S31508038D1000F5987100F5A07320460FF026FD87E746
S31508038D20056C102205F1980105F5A07005F05EF8AB
S31508038D3020B1042120460FF0CEF879E78821D5F82B
S31508038D4058319B0742BF94F8743043F0020384F802
S31508038D50743020460EF0A0FF6AE7056C95F85D317E
S31508038D6005F5A070042B1ED11F4B102219684E312E
S31508038D7005F03CF80028DCD1102105F1B8000EF007
S31508038D80C1FF216C01F1F803039301F5987302936C
S31508038D9004F15A03019304F15303009301F1C80242
S31508038DA001F1B80398E70146102205F1980005F08A
S31508038DB01DF80028BDD105F1B80120460EF000FFC5
S31508038DC0216C91F85C310133DBB2142B81F85C31E9
S31508038DD0D8D0D1F8583123F00103C1F8583184218A
S31508038DE0B7E78721B5E700BF7828002045F21503C2
S31508038DF09942F7B5044651D00CD8B1F5A04F19D00E
S31508038E0045F20D0399421BD0204603B0BDE8F04056
S31508038E10FEF7BABE45F216039942F5D1016C01F184
S31508038E20D8030093D1F8943001F131021131FFF7D9
S31508038E3013FA01E00EF08CFE0027384603B0F0BDA6
S31508038E4093790C331A44551D02F1250632462946F1
S31508038E50FEF764FB074620B10B2120460FF03BF8CB
S31508038E60EBE72946236C113351F8042BB14243F837
S31508038E70042BF9D1236C01F12002313351F8040B89
S31508038E80914243F8040BF9D1216C204601F194036E
S31508038E9001F171025131FEF793FDCDE70EF0C8FEDD
S31508038EA0236C93F85D31052BC6D8DFE803F0190365
S31508038EB011111E19204682210EF0EEFE0C4B204698
S31508038EC01B68D9684B1C5A425A41FEF7E3F8B3E7C5
S31508038ED0204682210EF0E0FE2046FEF70BF9ABE7AB
S31508038EE0832120460EF0D8FEA6E78521F9E700BFC1
S31508038EF078280020204B10B51B6804469B6913F09D
S31508038F00040310D141B180F8773090F87010BDE8AA
S31508038F1010401A480DF0A5BE90F87330012B03D103
S31508038F208368580705D410BD022B02D183685907F5
S31508038F30F9D494F9772094F87730002AF3DBB3B998
S31508038F40012384F8773094F877305B08EBD04FF435
S31508038F507A7294F87010534308480022FCF706FC0B
S31508038F6094F8773063F07F0384F87730DBE75A06A3
S31508038F70E9D45B00E5E700BF7828002084280020B1
S31508038F8045F21E0330B599420446154689B010D8F2
S31508038F9045F21603994213D845F20103994200F0A4
S31508038FA0828145F20C03994222D0B1F5A04F00F015
S31508038FB080812A46204609B0BDE83040FEF7E4BD65
S31508038FC0A1F5A043173B072BF3D801A252F823F0C8
S31508038FD0B5900308B38F0308B38F0308B38F030849
S31508038FE061920308B38F03082D920308A19003081F
S31508038FF090F97730002B02DB8268530707D52046A2
S3150803900009210EF068FF41F2092009B030BDAB799A
S315080390102B44914D5B7C2D6803F008016D7CD5B11B
S3150803902021B903210EF057FF2120EEE713F0040FB1
S3150803903003F0010308D042F00802826093B9A368DB
S3150803904043F02003A36013E0002BF8D0836843F0B2
S3150803905010038360F3E7580744BF42F00802A2608F
S31508039060DB0703D5A36843F01003A3600029E6D101
S31508039070A368224643F00403A36078492046FCF715
S3150803908097FB022120460AF008F847F230530022DC
S3150803909045F21A012046FCF769FBA3689D054AD5E4
S315080390A0A368580747D594F8700009B0BDE830405F
S315080390B00EF05CBC90F87430D90745D590F9753035
S315080390C001333AD094F9131001291DDCA2689306DB
S315080390D00DD5614B15071B6801D4187C38B1187F69
S315080390E010B91878032802D09B6998072CD501294B
S315080390F00AD0594B11071B6801D41A7C22B11A7F6F
S3150803910012BB1B78032B1FD10023CDE90433CDE90A
S31508039110063309F07BFD012801AB2DD0A06AE16A6D
S31508039120228E03C31A802046BDF8042004AB0DF132
S315080391300601F2F733FE002067E78368DA0616D4DA
S31508039140FDF79AFE0028BDD0434B1B68197F0229F9
S3150803915029D1DA7C3AB393F85E3023BBA3685A075E
S3150803916017D520460EF0B7FE41F202204DE7FDF76C
S3150803917067FE0028E4D0E7E70A22022194F975007E
S3150803918009F087FD0028CED1CDE90100ADF80C0022
S31508039190C9E7204641F20221FDF734FF01212046A3
S315080391A0FFF7A8FEE0E720460EF0A4FCA56860B921
S315080391B06B0705D5082120460EF08DFE1A2024E7F5
S315080391C01A212046FDF71EFFF8E715F0040508D017
S315080391D0FDF75AFEC8B1204694F97510FDF79EFFB0
S315080391E0A9E722461D492046FCF7E2FA0221204652
S315080391F009F053FF47F230532A4645F21A0120462F
S31508039200FCF7B4FAA3685D07E2D4226CD2F85831A6
S3150803921043F020032046C2F85831FFF701FB002824
S3150803922089D0412120460EF037FD84E7FDF72CFE51
S31508039230002868D0226C002A65D0A368580762D52F
S31508039240D2F8583199065ED429780029E0D1052148
S3150803925020460EF040FE6EE778280020EF7C0408CF
S3150803926090F87430D80707D4402120460EF014FD31
S3150803927029462046FDF7C6FEA36859077FF55BAF67
S31508039280204645F21A010DF0ECFC204622461F49FA
S315080392900DF020FDA368022123F03C032046A360BA
S315080392A0F0F72EFE47E7024618491948FCF780FAF5
S315080392B041E745F21A010DF0D4FCA36823F03E03F7
S315080392C0A360236C6BB193F95E01421C09D094F930
S315080392D07520013203D0D3F858315B0601D5EFF771
S315080392E0A5FE2246204609490DF0F4FC2246074905
S315080392F007480DF0EFFC20460221F0F701FE204651
S315080393000EF049FD17E702207FE600BFEF7C04084D
S315080393109C23002045F21E0399422DE9F341044696
S31508039320154611D845F21603994214D845F2010396
S31508039330994200F0438345F20203994200F09C8068
S31508039340B1F5A04F00F040832A46204602B0BDE897
S31508039350F041FEF719BCA1F5A043173B072BF3D839
S3150803936001A252F823F000BF89930308499303081F
S31508039370499303084993030877990308499303080C
S31508039380499503080F950308874E33681A7F022AFF
S3150803939011D1DA7C7AB193F85E3063B941F20221CE
S315080393A0FDF730FE20460121FFF7A4FD41F2022016
S315080393B002B0BDE8F081A368590701D50220F7E793
S315080393C02046FDF73DFD3368051E1A7818BF0125AB
S315080393D0032A07D019696AB211F0FF1F28D042F091
S315080393E0040503E094F87420920729D49A6996072A
S315080393F023D41A7F012A20D045F0080502210B2021
S315080394000EF0B6FB024600B3837903445D7394F901
S315080394107530013303D094F87430DD0703D5A36898
S3150803942043F00203A360062120460CF04CF90CE036
S3150803943094F874108F07D2D4D8E75B7C002BDDD061
S3150803944041F203212046FDF7DDFDA368224643F0DA
S315080394500403A36055492046FCF7AAF902212046CE
S3150803946009F01BFE47F23053002245F21A01204643
S31508039470FCF77CF900209BE78368580703D494F923
S315080394807730002B05DB236C53B1D3F85831D90653
S3150803949006D5204609210EF01EFD41F2092087E76D
S315080394A020460EF027FB28B9082120460EF013FDA7
S315080394B021207DE7206CD0F8583143F01003C0F81B
S315080394C05831AB790C332B445A68C0F803201A89F0
S315080394D0A0F8072001229B7A4372236CDA70A268EC
S315080394E012F0040610D1224630492046FCF760F9EB
S315080394F00221204609F0D1FD47F23053324645F2A0
S315080395001A012046FCF732F9A3689A05B2D5236CEB
S31508039510002BAFD0D3F85831DB06ABD5FDF7B4FC37
S3150803952094F9751030B1A3689F0703D42046FDF755
S31508039530F5FD9FE70846EFF777FC28B194F87430F2
S31508039540DE0701D40521B0E7236C002B3FF436AFC1
S31508039550D3F85831D8067FF531AF99063FF52EAFC4
S31508039560FDF792FC48B1A3689A0706D42B7823B96A
S31508039570052120460EF0AFFC7CE7A368256C23F093
S315080395800203A360D5F85831074F43F02003C5F803
S3150803959058313B68EA791B7A934202D8A37C9342F3
S315080395A006D9062181E700BF78280020EF7C040846
S315080395B094F9521094F852300029B2BF012383F06C
S315080395C00803C3F3C003102A28BF10226B7094F84C
S315080395D06030204683F00803C3F3C003AB70A2745C
S315080395E0AE79FDF72DFC90B3F30730D594F97530B2
S315080395F0D4F84080581C20D088F85E3106F00D0652
S315080396003B689A69910704D41A7F012A01D0320765
S3150803961001D406F0F7061A78032A1BD01B6913F040
S31508039620FF1F01D046F00406072102200EF0A0FA18
S315080396300190A8B940F20340BAE62046EFF7FAFDCF
S3150803964088F85E01236C93F95E310133D6D106F0AF
S315080396500C06D5E71B7F002BE6D106F0FB06E3E7EE
S3150803966090F806C03A680CF10C0C137800EB0C0161
S315080396704B70137F012B06D0022B45D192F85E302F
S31508039680003B18BF01238B701023CE7016F001061A
S3150803969008BF32460B711FBF2B7A6A7A03F003039E
S315080396A04B71236C14BF02F003024E718A7183F85F
S315080396B051214A7983F8502150F80C20C3F80A201F
S315080396C08A88DA818A791A7406B3206C90F850115D
S315080396D011F002061AD194F85210062281F00801F5
S315080396E090F95E0104F14C03C1F3C00109F090FA45
S315080396F060B13146FDF7A4FC204608210EF0EBFBCA
S3150803970001A80DF0EDFB95E70023BCE7019E002EAB
S3150803971090D0FDF7B1FB95F806C018B994F97530E2
S3150803972001330FD01CF0010F04D0236C93F95E317B
S31508039730013307D1052120460EF0CDFB3046FCF751
S31508039740A3F9B5E63B680CF00802597C29B112B1B6
S315080397506A7B100703D40321EDE7002A70D06A7BDE
S3150803976011076DD5D5F8581141F00401C5F85811FC
S31508039770B5F8501121F4807121F00101A5F85011B3
S31508039780187F697902280FD091B942EA0C0212F0C0
S31508039790040240D185F85D211B7C002BDBD194F8AC
S315080397A074309807D7D40DE021B993F85E203ABBF5
S315080397B00221C0E7012283F83D20DA7C32BB042369
S315080397C085F85D3194F91330022B03D1D5F8583156
S315080397D05A07C0D509F01AFA01284DD194F975002C
S315080397E0431C49D0002201A9C0B2FDF74DFD00284C
S315080397F042D1236C93F85021910737D40A219AE76B
S3150803980083F83D10DB7C002BD2D1D8E793F85E3082
S31508039810002BD4D1CCE72A791978052A28BF032245
S315080398207C4801EB810101448A5C85F85D211B7C38
S315080398301BB994F874309907C4D5002AC2D18AE7AC
S315080398401A7F012A02D16A79002AB8D11CF0040FBB
S3150803985003D16A7B12F004029CD02A791978052A67
S3150803986028BF03226C4801EB8101DCE793F85131E9
S315080398709A0701D40A2118E694F97500431C18D0EF
S31508039880226C0821D2F8583143F04003C2F8583104
S3150803989009F0D5F9052194F9750009F0A4F903210E
S315080398A094F9750009F09FF9062194F9750009F0F2
S315080398B09AF93246062120460BF005FF95F85D31E5
S315080398C0206C042B1DD13B6800F5987003F11D022B
S315080398D02D3352F8041B9A4240F8041BF9D1D5F8E4
S315080398E0583195F85D2103F004018AB923F0020380
S315080398F0C5F85831E274B9B1812120460EF0CCF986
S31508039900B8E51022002100F5987004F099FAE6E705
S3150803991043F00203C5F8583141B90123032AE37416
S3150803992012D9042A7FF4A6AD8421E6E7A37C0F2B7C
S3150803993089BF94F87430012343F0080384F874301C
S3150803994088BF0223E374D7E7012A07D0204682217A
S315080399500EF0A2F92046FDF7CDFB8BE520468221C2
S315080399600EF09AF93B682046D9684D1C6A426A414B
S31508039970FDF790FB7EE590F87430D80707D480216D
S3150803998020460EF089F929462046FDF73BFBA368D6
S3150803999059077FF56FAD45F21A0120460DF061F9B7
S315080399A0224620461D490DF095F9A36823F00403C2
S315080399B0A36002212046F0F7A3FA5BE5024617499E
S315080399C01748FBF7F5FE55E545F21A010DF049F977
S315080399D0A36823F03E03A360236C6BB193F95E017E
S315080399E0421C09D094F97520013203D0D3F85831B3
S315080399F05B0601D5EFF71AFB2246204607490DF009
S31508039A0069F92246054906480DF064F920460EF021
S31508039A10C2F9CEE7412305085A230508EF7C040853
S31508039A209C23002007B506480DF078FA0421019017
S31508039A300DEB01000DF043FB019803B05DF804FB41
S31508039A4088280020F7B5186810F0020003D0164ED0
S31508039A50316811B9012003B0F0BD0024042223465E
S31508039A600DEB020001940DF02AFABDF80630DB0768
S31508039A7002D4FFF7D7FF044600250C4F57F8043BDB
S31508039A8023B12146BDF80400984748B13368002B33
S31508039A90E0D0074B022193F90000FBF7C3FCD9E793
S31508039AA00135062DEAD1F1E7882800208C28002005
S31508039AB07F34002010B50948FBF7A4FC0024084BA3
S31508039AC00849187020200C60FCF728F8064BC3E9F0
S31508039AD00044C3E90244C3E9044410BDA439002081
S31508039AE07F340020882800208C28002082B002AB0F
S31508039AF003E90300012002B07047704770470F203F
S31508039B00704707B50421012300220DEB0100ADF8C8
S31508039B100430DAF713FA002003B05DF804FB70B5D6
S31508039B20002506462C46052C20D8DFE804F0030753
S31508039B300B0F13175B210820DAF794F90C21082079
S31508039B40DAF790F9D1210820DAF78CF98021082071
S31508039B50DAF788F900210820DAF784F96C1C294614
S31508039B60E4B208202546DAF77DF90624A4F10E03A4
S31508039B70012B05D85A210820DAF774F90134D2E7FC
S31508039B80102C05D1BDE870405D210820DAF76AB9C3
S31508039B90B31F195DEFE7012307B520F07F4040EABD
S31508039BA08170019068460093FFF7B9FF03B05DF82B
S31508039BB004FB70B50C4606688D18AC4201D100202B
S31508039BC070BD14F8011B304691FAA1F1090E00F095
S31508039BD0F1FEF2E70268936C9B06FCD5704710B555
S31508039BE00468A36C1B0600D410BD204600F0CEFE05
S31508039BF0F7E700230360704703680B60016070474B
S31508039C00036813B90B60016070471846F8E7034603
S31508039C10006818B102681A60002303607047FEE7FC
S31508039C2000239A4200D1704710B550F8234041F8F3
S31508039C30234001339A42F8D110BD436803B118474C
S31508039C4022207047436903B11847FF20704737B589
S31508039C500D680C46AB88ADF804302B78022B0CD074
S31508039C600DF1030101A800F093F89DF8033020468F
S31508039C7083F001032B70E2F707F803B030BD0368DE
S31508039C801878704713B50468A388ADF804302378A9
S31508039C90022B15D00DF1030101A800F079F8A2797A
S31508039CA09DF80330012A13D1618843EA41034FF62D
S31508039CB0E07163F03F039BB28B4203D1227063804A
S31508039CC002B010BD4FF6DF729342F8D10022F5E7D2
S31508039CD0002AF5D183F001032370F1E703681A78A4
S31508039CE0022A03D100225A80DAF71CB8704710B546
S31508039CF004682378022B07D0A379022B02D1607953
S31508039D00DAF700FA0223237010BD4FF060420123ED
S31508039D10D2F8001E83400B430020C2F8003E70476A
S31508039D204FF060410122D1F8003E824023EA020344
S31508039D300020C1F8003E704738B50D46044618B3EF
S31508039D4011B30378EBB1012B03D0022B19D0032BE4
S31508039D501CD13F236278D340DB0717D510F0D4FB19
S31508039D6030222378534303F1A04303F570331B6C66
S31508039D706278D34003F001032B7010F0C0FB002078
S31508039D8038BD40F2FF33E5E72220F9E72120F7E75C
S31508039D9038B50D46044618B311B30378EBB1012B56
S31508039DA003D0022B19D0032B1CD13F236278D3404F
S31508039DB0DB0717D510F0A8FB30222378534303F1AA
S31508039DC0A04303F570335B6C6278D34003F0010359
S31508039DD02B7010F094FB002038BD40F2FF33E5E703
S31508039DE02220F9E72120F7E7D0E90003184783681B
S31508039DF000681847C3680068184707B503788DF8DD
S31508039E00043043788DF80530837801A823B9DAF747
S31508039E10EFF803B05DF804FBDAF7C2F8F9E707B51C
S31508039E2003788DF8043043788DF80530837801A8D4
S31508039E3023B9DAF7B5F803B05DF804FBDAF7D8F80F
S31508039E40F9E707B503788DF80430437801A88DF848
S31508039E5005300FF0B5F903B05DF804FB13B50446F6
S31508039E6003780DF103018DF80430437801A88DF8C2
S31508039E700530FFF761FFA3789DF803000BB980F05F
S31508039E80010002B010BD10B588B004460E980092C2
S31508039E9007900D98224606909DF8300005900B987A
S31508039EA004909DF8280003900020CDE901300B4665
S31508039EB00121DAF7D1F908B010BD4369426CD91C00
S31508039EC0143AB1FBF2F103EBC1000330B0FBF2F035
S31508039ED00230704738B505460C46FFF7EEFF6A6C45
S31508039EE0E31D143AB3FBF2F3013304EBC30402FB99
S31508039EF0004038BD38B5054644692146FFF7EAFFF1
S31508039F006A6CE31D143AB3FBF2F3013304EBC3049F
S31508039F10204438BD73B506460D460024F36B01226B
S31508039F205B6901A928199847019B013309D1736C09
S31508039F30043462196A405B421A42EFD0204602B0E3
S31508039F4070BD0024FAE770B505460C46DBF78AFEB2
S31508039F50EB6B2046BDE87040DB68184770B50025F3
S31508039F60044686B00562E369AB4202D8206A06B0A6
S31508039F7070BD666C2068E36B05225B6901A906FB65
S31508039F800500984701A800F030FC00F053FC10B117
S31508039F90236A013323620135E5E738B50446456C80
S31508039FA0006804F1400305FB0101E06B00F04FFC78
S31508039FB005462046FFF7D2FF284638BDF0B50546C5
S31508039FC0002687B0EC69013CB44203D80C46204608
S31508039FD007B0F0BD01B14C1E6F6C2868EB6B052208
S31508039FE05B6901A907FB0400984701A800F0FDFB7C
S31508039FF000F020FC0028EAD121460136E2E7F0B555
S3150803A00004460D46466CE36B006887B005225B6918
S3150803A01001A906FB0500984701A800F0E6FB00F036
S3150803A02009FC20B101A800F0B7FB07B0F0BD29462B
S3150803A0302046FFF7C3FF0646676C2068E36B0522D5
S3150803A0405B6901A907FB0600984701A800F0A4FB72
S3150803A050431CEAD0B54238BF0130E6E72DE9F043A1
S3150803A0604FF6FF79D0F8248004460E46C84514BF38
S3150803A07045460025002787B0E369BB4202D807B0E7
S3150803A080BDE8F083E26B2368606CD2F814C000FB6A
S3150803A0900530052201A9E04701A800F0A6FB02281E
S3150803A0A006D0C8450CD1721C29462046FFF775FF12
S3150803A0B0E3690135B5FBF3F2013703FB1255DBE719
S3150803A0C029462046FFF79BFFB0F1FF3F14BF024620
S3150803A0D032460132E8E70368F0B5CC1A436C064604
S3150803A0E0B4FBF3F4002587B0F36937685A1E954223
S3150803A0F0706C08D3706C336800FB043007B0BDE896
S3150803A100F04000F0A2BB0134B4FBF3F203FB1244A4
S3150803A110F36B05225B6901A900FB0470984701A844
S3150803A12000F063FB00F086FB0028E3D10135DBE78B
S3150803A13010B423F0030422449B070A44436C18BF54
S3150803A14004325B4282EA0104234203D05DF8044BDE
S3150803A150FFF7C1BF10465DF8044B70472DE9F04180
S3150803A160D0E90A369E42044686B028D11422C3692A
S3150803A170456802FB1355284606B0BDE8F0812068FA
S3150803A180676C331AB3FBF7F3E26B07FB0300D2F8EA
S3150803A190148001A90522C04701A800F026FB01285F
S3150803A1A004D0636C1D44013B3340ED1A3146204607
S3150803A1B0FFF791FF0646A36AB342E0D1DBE7002522
S3150803A1C0F9E708B508301346D1E90012DBF7D0FCE6
S3150803A1D0012008BD13B50C4600212176009361685A
S3150803A1E013462246DAF742FA18B1E37D03B1A07E95
S3150803A1F0A075A07D02B010BD73B5164600F108051B
S3150803A2000C46284609680DF1070200F0A1F9032E4A
S3150803A21006D16368834203D12846216800F07FF993
S3150803A220012002B070BDD01E009B42424241187EF7
S3150803A230824211D11A688A420ED85A688A420BD3C7
S3150803A2405A6901325A61D3E9030282423FBF9868C9
S3150803A25040F8221001321A610120704710B5032A0B
S3150803A260029C07D1A26A5340626C5242134201D13F
S3150803A27000F055F9012010BD08B5C36800209847BA
S3150803A280BDE80840DBF7F6BC012814BF042002200A
S3150803A29070B5002442431C70CC7D101D02F00202E7
S3150803A2A04CB91AB1012220F003001A7000F1080311
S3150803A2B04868184470BD1AB1012220F003001A70C9
S3150803A2C000230C7E01F12005DAB2944201D800205E
S3150803A2D0F0E735F833205E1C824206D901EBC30347
S3150803A2E000F10802D8691044E4E73346801AEBE71D
S3150803A2F073B5054690F842601C4630460DF10303D4
S3150803A300FFF7C2FFEB6B012E5B690DD1324601A93C
S3150803A31098479DF8033013B1BDF806300193BDF88D
S3150803A3200430236002B070BD0122214602B0BDE8A5
S3150803A33070401847F0B5054600244868EB6B87B0AC
S3150803A3400E4601225B69029402A9083098472746FC
S3150803A35095F84230012B40F08480632C02D9029889
S3150803A36007B0F0BD612C08D805AB2246314628460E
S3150803A370FFF7BEFF9DF814301BB305AB22463146E3
S3150803A38028468DF81070FFF7B3FF95F84230012B76
S3150803A390059B55D14FF6FF72934200F0968008222B
S3150803A3A005A904A800F06DFA059B9DF81010C3F3E0
S3150803A3B00722914240F08980DBB2029A1A4402923C
S3150803A3C083E095F84230012B30D1224631462846A0
S3150803A3D003ABFFF78DFF3146284604AB621CFFF734
S3150803A3E087FF3146284605ABA21CFFF781FF1022DB
S3150803A3F008230DEB02010DF107008DF8073000F075
S3150803A40040FA102205A90DF1070000F03AFA039B5A
S3150803A410DAB2002A52D19DF80720B2EB132F4DD199
S3150803A420DDE9043203EB0243029347E0302C2BD9D0
S3150803A43044E09DF80720B2EB134F3FD1049BF3E7A3
S3150803A440013342D0102205A90DEB020000F019FAD8
S3150803A450059B9DF81010C3F30742914235D19BB271
S3150803A460ABE7312C3FF67BAF87D005AB22463146A7
S3150803A4702846FFF73DFFBDF81430002B7FF47DAF68
S3150803A48095F84230012BA0D022463146284603AB25
S3150803A490FFF72EFF3146284604AB621CFFF728FF59
S3150803A4A0102320220DEB03010DF107008DF8073069
S3150803A4B000F0E7F9039B9AB2002ABAD095F842301E
S3150803A4C0012B14BF012302231C44013440E713B5AF
S3150803A4D000240194049C0094DAF7AEFD02B010BD83
S3150803A4E013B501240194049C0094DAF7A5FD02B080
S3150803A4F010BD00234FF0FF3230B544689C4202D1A9
S3150803A5000023037230BD016801EBC30541F833200C
S3150803A5106A600133F2E7C0E90012FFF7EABF0023D6
S3150803A520F0B545689D4210D00468DF0054F833201F
S3150803A53004EBC306B2F1FF3F08D0C2F313029142FC
S3150803A54004D14FF0FF33E3517360F0BD0133E9E7FC
S3150803A5500023F0B545689D4202D14FF0FF300EE067
S3150803A5600468DE0054F83340671C09D0C4F31307A4
S3150803A570B94205D1240D1470036833445868F0BDF5
S3150803A5800133E8E7704770B59400224605460E4640
S3150803A59010F0A2FA431C0AD058B922463146284677
S3150803A5A003F024FC002814BF3D20002070BD6E2054
S3150803A5B0FCE77120FAE713B5044601A8DDF714F999
S3150803A5C09DF8063023804FF480736380DDF724F902
S3150803A5D06060002002B010BDDDF7CCB808B5DDF722
S3150803A5E0B9F8002008BD10B5044644EA010313F080
S3150803A5F00303084609D1934201D1002010BD54F83C
S3150803A600231040F823100133F5E72146920003F09F
S3150803A61055FCF2E710B5044610F062FA431C10D055
S3150803A62088B9DDF7F9F8234620F003002044984259
S3150803A63001D1002010BD53F8042B0132F7D03E2078
S3150803A640F8E76E20F6E77120F4E70A460139014474
S3150803A650E0F7A2B813B50023044601461B220DF101
S3150803A66007008DF8073000F00CF922689DF80730CB
S3150803A670B3EBD26F0CBF0120002002B010BD13B597
S3150803A68000230446014620220DF107008DF8073002
S3150803A69000F0F7F80DF107001A22211D00F0F1F872
S3150803A6A062689DF80730B3EB926F0CBF0120002058
S3150803A6B002B010BD0068431C5842584170470068F1
S3150803A6C010F07E0F0CBFC0F3C1600020704700680E
S3150803A6D0C0F3D3107047006800F07F0001288CBFD1
S3150803A6E0002001207047036813F07E0F14BF04206F
S3150803A6F008207047036813F07E0F03D1406820F0E3
S3150803A7007C40704713F078001CBF03F07F03D81F03
S3150803A7107047006800F07F007047032809D00228B5
S3150803A72003D1C1F10201C8B2704700290CBF072043
S3150803A7300020704737B5054601F10C04436969469D
S3150803A740012220469847BDF800300122019320468E
S3150803A750AB6901A9984703B030BD37B501F10C04BD
S3150803A7604369012269460546204698474FF6FF7214
S3150803A770009B99B291420DD11B0C1B0443F425434C
S3150803A78043F0A503019301222046AB6901A9984723
S3150803A79003B030BD0020FBE737B5044600251B226E
S3150803A7A0011D0DF107008DF8075000F06AF860687F
S3150803A7B09DF80720B2EBD06F03D120F0784003B0A1
S3150803A7C030BD0DF107001B2204F108018DF807506F
S3150803A7D000F057F8A0689DF80730B3EBD06F01D1A6
S3150803A7E0C043EAE74FF0FF30E9E74BF29A220368E2
S3150803A7F010B5B2EB134F044613D19BB2012B13D1F9
S3150803A800FFF7CAFF01300CD04FF6FF72E068B2EBD0
S3150803A810104F4FEA104309D180B2C01A18BF01205E
S3150803A82010BD2368013303D00420F9E70220F7E7B4
S3150803A8300320F5E701288CBF002001207047033861
S3150803A84001288CBF002001207047143070472DE97A
S3150803A850F04105469846036908460E461746984743
S3150803A860044638B943463A4631462846DBF772FA70
S3150803A870044618B131462846FFF75CFF2046BDE873
S3150803A880F0811F2A0B689EBF4FF0FF3191408B431F
S3150803A890590801F055315B1A03F033319B0803F06D
S3150803A8A033330B44017803EB13130A444FF0013196
S3150803A8B003F00F334B43A2EB13620270704770B574
S3150803A8C0054614460E460FF016FE2B685C403440C8
S3150803A8D05C402C60BDE870400FF008BE08B50EF06A
S3150803A8E00FFCBDE808400021DBF788BD0029CCBF73
S3150803A8F001210021DBF782BD02214FF42070DCF72A
S3150803A90073B970477047704770477047436D0B427A
S3150803A910FCD1704708B54368DA0714D58368DB07A3
S3150803A92002D50369D90707D50A2350218363FFF79D
S3150803A930EDFF836C9A07FCD1012200F500535A6098
S3150803A94043689B07FCD408BD38B50A46044619B9BB
S3150803A950BDE83840FFF7DEBF012100F58053596093
S3150803A96002F00F0540F6FF71FFF7D0FF78218563E4
S3150803A970FFF7CCFF02F00103520748BF43F0020377
S3150803A980A26C02F003029A42FAD138BDC36813F0E7
S3150803A990F04F05D1836C1906FCD5C06BC0B270475E
S3150803A9A0C36BC26C920601D4D8B27047836C1B067C
S3150803A9B0FCD5F2E7836C5B06FCD541647047836C70
S3150803A9C05A06FCD54164836C1B06FCD5C06B80B262
S3150803A9D0704770B5054614460E460FF08CFD2B6876
S3150803A9E05C4034405C402C60BDE870400FF07EBD8F
S3150803A9F00346142B084604D00AD8012B08D0122B79
S3150803AA0006D1022803D0032808BF01207047002077
S3150803AA1070473AB122F0030202F1A04202F560320E
S3150803AA2009B9106070470002FBE7012200F580535D
S3150803AA305A60CB43934003F00A034361416111B95A
S3150803AA4000F500504260704783695B06FCD5C16315
S3150803AA50704730B100210268084653881288DCF72C
S3150803AA60B1BF0520704737B50446A8B14568FFF757
S3150803AA70F0FF014668B92268138952895343019343
S3150803AA80EBB20093C5F30742C5F30723DCF7BAFF16
S3150803AA900146084603B030BD0521FAE7024658B118
S3150803AAA0118A936952698089013301325B1A121A32
S3150803AAB09BB292B2DCF786BF05207047F0B4C8B1E3
S3150803AAC0C1B10E688C68A64217DA4D68CA68954202
S3150803AAD013DA56EA050112D401680F88BC420EDA66
S3150803AAE049888A420BDAC0E90365C0E90542F0BC26
S3150803AAF0FFF7D4BF0520F0BC70470420FBE703200B
S3150803AB00F9E773B50D461646044690B10C3000F0C6
S3150803AB102FF880B10123A2680193D3B20093B1B28F
S3150803AB20C2F30723A8B2C2F30742DCF76BFF02B0EE
S3150803AB3070BD0520FBE70120F9E773B50D461646F8
S3150803AB401C4688B10C3000F013F878B10123019341
S3150803AB50E3B20093C4F30742C4F30723B1B2A8B21E
S3150803AB60DCF750FF02B070BD0520FBE70120F9E7CB
S3150803AB7078B103688B420BDC83688B4208DB436836
S3150803AB80934205DCC0689042B4BF00200120704799
S3150803AB90002070472DE9F04F85B002921A469DF8BA
S3150803ABA0383004460393002800F08180A1F120057C
S3150803ABB0EBB25E2B7DD890F82830022B1AD13A29AE
S3150803ABC01AD020291AD030398DB2238CAB4270D9CA
S3150803ABD04FF0000B90465E46E369019394F82510FF
S3150803ABE01FFA8BF399420BD8B6FA86F0400905B0DB
S3150803ABF0BDE8F08FADB2E8E70A25E6E70B25E4E7FB
S3150803AC0094F82230012B05D0022B1ED0019B53F852
S3150803AC1025A002E0019B13F805A04FF0000994F85C
S3150803AC2024301FFA89F7BB4213D894F8243094F8D2
S3150803AC3027100B449F422ADB94F823300BF1010BB0
S3150803AC402B449DB208F10108C8E7019B33F815A008
S3150803AC50E3E71AF0010F0FD0029B4246204603EBA7
S3150803AC600901FFF74EFF0128C1D800B901364FEA9B
S3150803AC705A0A09F10109D2E7039B002BF7D0029977
S3150803AC804246204663684944FFF757FFEBE7039BB1
S3150803AC9053B102994246204663683944FFF74DFF8C
S3150803ACA00128A4D800B901360137BFB2BDE705208C
S3150803ACB09DE702209BE72DE9F74F0C9F0C46984624
S3150803ACC005469DF834A070B369B390F8283063B38A
S3150803ACD0C3464FF000098E18B44205D1B9FA89F074
S3150803ACE0400903B0BDE8F08F14F8011B0A2907D100
S3150803ACF095F82530C3463B4495F826701F44EBE781
S3150803AD003B465A462846CDF800A0FFF743FF0128DD
S3150803AD10E7D808B909F1010995F8243095F82720E9
S3150803AD2013449B44D8E70520DBE70220D9E708B597
S3150803AD3020B11C3021B9102203F082F8052008BD82
S3150803AD4001F1100351F8042B994240F8042BF9D169
S3150803AD500020F4E72DE9F0470446084691461E46C7
S3150803AD600D4603F0B8F894F824100246414394F8C4
S3150803AD70253094F82600012E03440998089F09FBF9
S3150803AD8003009DF828800BD0022E0ED00023CDE9B0
S3150803AD900808294620463B44BDE8F047FFF78BBF22
S3150803ADA023681B885B1A5B08F1E723681B885B1A11
S3150803ADB0EDE770B5054614460E460FF09CFB2B6867
S3150803ADC05C4034405C402C60BDE870400FF08EBB9D
S3150803ADD021FA00F2D20730B5034600F0FC040FD57A
S3150803ADE000220132D2B2042A02D14FF0FF3008E022
S3150803ADF0831803F00303234421FA03F5ED07F0D47C
S3150803AE00184630BD03782BB94078053818BF4FF07C
S3150803AE10FF307047012B08D14378012B1CD0032B35
S3150803AE2014BF4FF0FF3004207047022B09D1437833
S3150803AE30A3B1052B14D0072B14BF4FF0FF300820FE
S3150803AE407047032B0ED14378022B0ED0052B14BF64
S3150803AE504FF0FF300A2070470320704706207047DB
S3150803AE60072070474FF0FF307047092070470020CE
S3150803AE707047F3F7C1BB0BF041BB0020704708B11D
S3150803AE800FF07CBB2120704708B9212070470029A1
S3150803AE90FBD0036813F0704209D1C3F30E030B60AA
S3150803AEA01BB94368002BF0D00B6000207047B2F142
S3150803AEB0004F07D18268D2040ED5C369002BE4D0AC
S3150803AEC01B68ECE7B2F1204FF4D0B2F1304FF1D062
S3150803AED0B2F1404FEED0D8E703F07F03DFE737B58B
S3150803AEE00C46054610B9212003B030BD0029FAD017
S3150803AEF0002301A90193FFF7C7FF0028F4D12968A6
S3150803AF0011F0704102D1019B2360EDE7AA68B1F104
S3150803AF10004FC2F38033C2F34035C2F3003207D180
S3150803AF20062103EB450301FB0233019A5343EBE77F
S3150803AF30B1F1204F04D12B4402EB82021344F4E708
S3150803AF40B1F1304F02D0B1F1404FCCD12B44ECE7ED
S3150803AF502DE9F3470D4690469A460446F0B1E9B102
S3150803AF6006680F6806F07049BE422AD0B9F1004F49
S3150803AF7011D186EA0703B3F1805F13D3BAF1000F41
S3150803AF8036D1B8F1000F1FD0A368AA68534013F44B
S3150803AF90E04F19D002E0B9F1404FEAD0212002B0C0
S3150803AFA0BDE8F0870023204601A90193FFF76CFF4C
S3150803AFB00028F3D1019AC2F30E0216431743BE4281
S3150803AFC0ECD1B9F1000FD9DB00236946204600937B
S3150803AFD0FFF75AFF0028E2D1019001A92846FFF797
S3150803AFE053FF0028DBD1DDE900239A42D7D0D5E702
S3150803AFF0AA68B8F1000F03D0A3685340D904CDD487
S3150803B0009304E1D4CAE7F7B50C46054648B141B1FE
S3150803B01000230B60036803F070430B60C268032ABE
S3150803B02002D9212003B0F0BD012A70D812B143F02A
S3150803B03000632360D5E90223900102F0407169D5C4
S3150803B040B1F1407F69D0002BEBD04FF00072236833
S3150803B05023F0407313432360EA68022A07D12A6957
S3150803B060032ADED823F47F0343EA02432360EB680B
S3150803B070032B03D12B69F62BD3D9A370AB681A0418
S3150803B08042BF236843F400432360EB68032B09D0CC
S3150803B09023682A6823F4FF4323F07F03C2F30E02CF
S3150803B0A0134323602B68AE68002B06F4805740DBF6
S3150803B0B016F4E84FB5D12B6806F4806603F070439F
S3150803B0C003F10043B3F1804F04D21EB1236843F45E
S3150803B0D0806323600023284601A90193FFF7D4FE62
S3150803B0E000289FD12B6813F070413BD12368019A3E
S3150803B0F023F4FF4323F07F03C2F30E0213432360B3
S3150803B100002F8FD0EB69002B8BD00F208AE743F0F3
S3150803B11080638EE7B1F1407F04D1002B81D04FF0D5
S3150803B120407294E702F08072002B90D1002A8ED0E9
S3150803B13077E7730406F400520DD4002A3FF471AF7F
S3150803B140236843F400532360002FB4D0236843F4E1
S3150803B15080532360AFE7236843F480432360002AC0
S3150803B160F2D0EDE703F05043B3F1004F06D0B1F147
S3150803B170304F03D0B1F1404F7FF453AF019B2268A0
S3150803B180013B03F07F0322F07F0213432360002F62
S3150803B1903FF448AFEA69002A3FF443AFB1F1004FE1
S3150803B1A0B3D1117F71B1002E3FF43CAF43F4007362
S3150803B1B02360537F002B3FF435AF236843F4807332
S3150803B1C023602FE7537F002B3FF42CAF002E3FF469
S3150803B1D029AFF2E773B50C46054608B921201AE0EC
S3150803B1E00029FBD00123C6684B609E4217D800236B
S3150803B1F001A90193FFF773FE68B9019B06B11C33D6
S3150803B2006A699A4209D32A69002AE7D0226043F079
S3150803B21000530020A36002B070BD1D20FBE7023E69
S3150803B220012EDBD80023F4E72DE9F0410D46044649
S3150803B23098B0002869D0002967D000234FF0007220
S3150803B2408360C0E90023036215A92846FFF7DBFEDE
S3150803B250002857D1204615990FF09AF9AB68DB04F5
S3150803B2603CD52B68002B52DA4FF00108EE69694684
S3150803B270376873682046CDF804800093029700F078
S3150803B280D8F8B368204603A9CDF810800393059729
S3150803B29000F0CFF8F368204606A9CDF81C8006937C
S3150803B2A0089700F0C6F83369204609A9CDF828801F
S3150803B2B009930B9700F0BDF8736920460CA9CDF8DE
S3150803B2C034800C930E9700F0B4F8B36920460FA99F
S3150803B2D0CDF840800F93119700F0ABF8284612A9D2
S3150803B2E0DDF77EFA70B9204600F0A3F8284615A9BB
S3150803B2F0FFF770FF30B9204615A90FF06FF92046FE
S3150803B3000EF056F818B0BDE8F0812120FAE70F20B1
S3150803B310F8E770B50E46154604468AB000283ED0AF
S3150803B32000293CD0002A3AD0002301222946304678
S3150803B330FFF70EFE88BBF3688BBBEB68013B012B5B
S3150803B3402DD84FF08073A060C4E90030206207A9A6
S3150803B3502846FFF758FE00BB204607990FF018F951
S3150803B360304601A9FFF736FFB8B9204601A900F010
S3150803B37060F8284604A9DDF733FA70B9204600F0C9
S3150803B38058F8284607A9FFF725FF30B9204607A925
S3150803B3900FF024F920460EF00BF80AB070BD2120F1
S3150803B3A0FBE770B50D46164604468AB000283ED01C
S3150803B3B000293CD0002A3AD00023012231462846E8
S3150803B3C0FFF7C6FD88BBF3688BBBEB68013B012B14
S3150803B3D02DD84FF08173A060C4E90030206207A915
S3150803B3E02846FFF710FE00BB204607990FF0D0F852
S3150803B3F0284601A9DDF7F4F9B8B9204600F019F88B
S3150803B400284604A9FFF7E6FE78B9204604A900F002
S3150803B41010F8304607A9FFF7DDFE30B9204607A91D
S3150803B4200FF0DCF820460DF0C3FF0AB070BD2120EB
S3150803B430FBE7436813B9416070475B685A68012A9A
S3150803B440FBD159607047FFF718BD012070470020EC
S3150803B450704770B506460D4614468CB0CAB110221D
S3150803B460002108A802F0ECFC002207AB029305AB07
S3150803B470019306AB00933046294608ABCDE905226E
S3150803B480DDF784FA18B9099B6360059B23600CB042
S3150803B49070BD6FF08600FAE708B5FFF7EEFC0028E3
S3150803B4A014BF6FF09200002008BDFFF7F5BFF0B593
S3150803B4B01C4600238BB023600F461646FFF7DDFCB8
S3150803B4C070B968460FF05AF8054648B93246394600
S3150803B4D06846DDF777F810B926600BB0F0BD25602E
S3150803B4E06FF09200F9E720F00803102B05D0202807
S3150803B4F014BF6FF08600002070470020704720F0C5
S3150803B500FF03B3F5824F06D14138C0B2012894BF71
S3150803B5100020012070470020704710B500244368B7
S3150803B52014601B0A04D0012B0AD06FF0850010BDE6
S3150803B5300088FFF7E4FF00B1013100201160F6E748
S3150803B5402C31FAE7406810B5000A029C04D001289A
S3150803B55007D06FF08B0010BD934209D96FF08C00AA
S3150803B560F9E703F12C009042F8D8103103F11C02D5
S3150803B5700020C4E90412EEE72B2A03460AD901225E
S3150803B58000200A8048801A684A605A689B688A605D
S3150803B590CB6070476FF0890070472DE9F0470F4677
S3150803B5A092469946054694B078B171B16AB1428814
S3150803B5B0D31D072B4FEAD3085AD0038803F4E04375
S3150803B5C0B3F5805F04D1530708D06FF0860427E0EC
S3150803B5D0B3F5005FF7D0B3F5804F49D002AE20220A
S3150803B5E00021304602F02CFC324641462846DDF758
S3150803B5F0DBFD0446A0B9434652463946284600961B
S3150803B600FFF7A0FF044658B9282201460DEB0200AE
S3150803B61002F016FC0AA80EF0B1FF28B16FF09204E7
S3150803B620204614B0BDE8F08731460AA8FFF7FCFDAB
S3150803B63058B1482814BF6FF092046FF085040AA81E
S3150803B640FFF71DFC0028EBD0E8E76B681B0A06D159
S3150803B6504A4641462846FFF760FF0446EFE7524647
S3150803B66039463046FFF788FF04460028F0D0E6E758
S3150803B6706FF08504D4E72DE9F0439DB00D46DDE967
S3150803B680248916461F460446002868D0002966D032
S3150803B690002A64D0002B62D0B8F1000F5FD0B9F14D
S3150803B6A0000F5CD02022002102A802F0C9FB204625
S3150803B6B03246294602ABDDF7F5FD0446F8B90AAD6D
S3150803B6C002AE0FCE0FC596E80F0085E80F000C9A59
S3150803B6D07B1C22F080720E9322F4804208F1020347
S3150803B6E023F0030342F4005201A90AA80D940F9309
S3150803B6F00C920194FFF7F3FB28B16FF092042046EE
S3150803B7001DB0BDE8F083019B01334345019329D856
S3150803B7102822214612A802F093FB12A80EF02EFF48
S3150803B7200028EAD10AAA02A912A8DDF773F80128A4
S3150803B73012D058B1482814BF6FF092046FF08504ED
S3150803B74012A8FFF79CFB0028D9D0D6E704233B7041
S3150803B750019BC9F80030F3E76FF08B04F0E76FF04D
S3150803B7608604CCE76FF08904C9E7FFF716BFFFF72E
S3150803B77082BF2DE9F04F9FB01546DDE928AB0F468A
S3150803B780994606462A9A002800F09F80002B00F067
S3150803B7909C80BAF1000F00F09880002900F095808C
S3150803B7A0002D00F09280BBF1000F00F08E80002A76
S3150803B7B000F08B800023B0F80080CBF8003008F443
S3150803B7C04F41EB00B1F5824F13605FD15FFA88F101
S3150803B7D012290ED128F0FF01B1F5824F02BF083BAB
S3150803B7E05B0813601368B3F5047F04BF40F20923AB
S3150803B7F0136000232A4603933946304603ABDDF725
S3150803B8001DFC044600283DD1039C40460734E40842
S3150803B810FFF775FE08B1013D01370DF11008202227
S3150803B82000214046039402F00BFB2146424630466C
S3150803B830DDF7BAFC044628BBC6460DF1300CBEE854
S3150803B8400F00ACE80F009EE80F008CE80F00EB1C16
S3150803B850214623F00303282214A8CDE90F471193A1
S3150803B86002F0EEFA2B46524649463046CDF800809A
S3150803B870FFF768FE044628B914A80EF07FFE38B110
S3150803B8806FF0920420461FB0BDE8F08F2C46C4E73C
S3150803B89042460CA914A8FFF73CFD98B952464946F7
S3150803B8A04046FFF769FE04460028EBD15A46294667
S3150803B8B03046FFF732FE044614A8FFF7E0FA0028DD
S3150803B8C0E0D0DDE76FF09204F6E76FF08604D9E778
S3150803B8D02DE9F0479CB00C46DDE9249A15461F4628
S3150803B8E08046002866D0002964D0002A62D0002B3F
S3150803B8F060D0B9F1000F5DD0BAF1000F5AD0836852
S3150803B900DB075AD52022002102A802F099FA21461C
S3150803B9102A46404602ABDDF7C5FC044638BB0AADEA
S3150803B92002AE0FCE0FC596E80F0085E80F0001A9F2
S3150803B9300AA8B8F800500194FFF7D1FA0146284639
S3150803B940FFF7DDFD012804BF042307F8013B4FF089
S3150803B950000308BF09F1FF39CDE90D3709F10303E0
S3150803B96023F0030305460F9329B16FF0920420468B
S3150803B9701CB0BDE8F087019B4B4521D8282212A8A5
S3150803B98002F05EFA12A80EF0F9FD0028EDD10AAA14
S3150803B99002A912A8FFF705FD48B9019B2B44CAF86B
S3150803B9A0003012A8FFF76BFA0028E0D0DDE76FF046
S3150803B9B09204F6E76FF08604D9E76FF08404D6E7B6
S3150803B9C06FF08904D3E710B4048804F4E044B4F5AB
S3150803B9D0805F06D0B4F5005F03D05DF8044BFFF72C
S3150803B9E0DCBD6FF085005DF8044B704770B40488BE
S3150803B9F0DDE9035604F4E044B4F5804F04D0CDE9F9
S3150803BA00035670BCFFF737BE6FF0850070BC7047EE
S3150803BA10F8B51E4603880F4603F44F43B3F5824F22
S3150803BA20154610D1089BDDF709FB044648B9069B62
S3150803BA309D420BD82A463946304602F03FFA079B01
S3150803BA401D602046F8BD6FF08504FAE76FF0890498
S3150803BA50F7E7DDF7D7B9F0B5044617461E460D4690
S3150803BA608DB0D1B1C8B12022002104A802F0E8F9AB
S3150803BA703A462946204604ABDDF714FC58B9169B0B
S3150803BA8031460293159B04A80193149B0093DDE9A1
S3150803BA901223DDF715FD0DB0F0BD6FF08600FAE74A
S3150803BAA0DDF73EBE10B413460C46014640B104B951
S3150803BAB032B9224601F160005DF8044BDDF788BD13
S3150803BAC06FF086005DF8044B704713B50C460146C4
S3150803BAD050B14CB142B13BB1009360301346224694
S3150803BAE0DDF7BCFD02B010BD6FF08600FAE708B5B6
S3150803BAF028B19822002102F0A3F9002008BD6FF0AF
S3150803BB008600FBE7DDF7FEB9DDF77CB9F0B5044639
S3150803BB1015461F460E468DB019B96FF086000DB04F
S3150803BB20F0BD0028F9D02022002104A802F088F9E4
S3150803BB302388CDE90865B3F5105FEED16388C02B7A
S3150803BB4016D0B3F5807F15D0802B15D110208542EA
S3150803BB50CDE90400E1D3169B39460293159B04A845
S3150803BB600193149B0093DDE91223DDF7A9FCD6E7BD
S3150803BB701820ECE72020EAE76FF08500CFE7F8B551
S3150803BB800E4614461D46074600283DD0E1B302B9C2
S3150803BB90D3BB5C220021384602F052F931463846B7
S3150803BBA0069ADDF7F1FCA0B97288D208182ABA6595
S3150803BBB010D0202A1BD0102A26D10F2D24D907F1FD
S3150803BBC0380304F1100254F8041B944243F8041B87
S3150803BBD0F9D1F8BD172D17D907F1380304F118025F
S3150803BBE054F8041B944243F8041BF9D1F1E71F2DBB
S3150803BBF00AD907F1380304F1200254F8041B9442C6
S3150803BC0043F8041BF9D1E4E76FF08600E1E7FFF791
S3150803BC10B6BF70B50D461646044688B098B101B945
S3150803BC208AB900212022684602F00AF921466846A5
S3150803BC30DDF7B2FD28B933462A4669462046DDF7BD
S3150803BC40C7FC08B070BD6FF08600FAE7F0B50D467D
S3150803BC5016461F4604468BB0A8B1A1B19AB193B153
S3150803BC600021202202A802F0EBF8214602A8DDF7FC
S3150803BC7093FD30B933462A462046009702A9DDF7D5
S3150803BC80EDFC0BB0F0BD6FF08600FAE708B528B1F6
S3150803BC905C22002102F0D4F8002008BD6FF086006C
S3150803BCA0FBE7DDF72FB908B50EF00BFD002008BD3D
S3150803BCB000F005B809B1DDF791BD222070470020D1
S3150803BCC07047DDF7D5BDDDF7B7BFDDF7F1BFD7F7AA
S3150803BCD08BBF40B2DEF71EB870B50C46154610B9D1
S3150803BCE0DEF790F838B143682BB12A462146BDE8FA
S3150803BCF0704000681847232070BDF7B50D461646F1
S3150803BD001C4648B103B901ACC7685FB1234632463E
S3150803BD1029460068B84706E0DEF774F804B901ACAB
S3150803BD200028F1D1232003B0F0BDF8B50C4615461B
S3150803BD30064658B9DEF766F820462946E2F706FFAF
S3150803BD400446002CD4BF37200020F8BDDEF75AF886
S3150803BD5086420746F0D03046DEF748F8294620469D
S3150803BD60E2F7F4FE04463846DEF740F8E9E70EB490
S3150803BD7003B503AA52F8041B0192FFF7D6FF02B0D4
S3150803BD805DF804EB03B0704700207047FEE74FF4F5
S3150803BD90005300204B60704701207047012070470D
S3150803BDA04FF0FF3070470020704707B5002001ABFE
S3150803BDB00190FFF7A2FF0198002808BF4FF0FF3054
S3150803BDC003B05DF804FB10B514460020FFF784FFA3
S3150803BDD0204610BD80F89910704790F8990070476F
S3150803BDE090F89600704713B504460DF10701007DD8
S3150803BDF00DF02EFA9DF8073043B1236DD4E91202EC
S3150803BE000244934218BF184602B010BD3022237D60
S3150803BE10534303F1A04303F58023DB6EEEE70023C8
S3150803BE20506910B5903000F8043C1446FDF7EFFE50
S3150803BE3008B1DEF75FF863681BB100212046A268E4
S3150803BE409847002010BD90F8943070B505460C4607
S3150803BE50C3B10B69B3F5006F16D80EF055FB95F809
S3150803BE608C30064665614BB1214605F19000FDF716
S3150803BE70C7FE30460EF043FB002070BD2046DEF7B2
S3150803BE8039F8F6E70E20F8E72120F6E792F854305A
S3150803BE9037B5144633B1936D0BB1D06D984700236C
S3150803BEA084F8543094F89A301BB32046DDF7C0FF64
S3150803BEB0F8B1236E132120465B6898471025236E35
S3150803BEC020461B680DF10701984778B99DF8073096
S3150803BED003F0FD02112A05D1A3F11102534253417E
S3150803BEE084F8A030013D15F0FF05E8D12046DEF7BA
S3150803BEF02FF8002084F8540003B030BD2DE9F0472D
S3150803BF0090F8949004460D461646B9F1000F40F092
S3150803BF108B8090F899800EF0F7FA94F895300746D7
S3150803BF2073B194F898305BB184F895900EF0E3FA00
S3150803BF300121814608460DF0C1FC48460EF0D6FAA3
S3150803BF4038460EF0DCFA2E44B54205D1236E01219C
S3150803BF5020469B68984754E094F89A30002B3DD0C6
S3150803BF60207DD8F709FB2046DDF780FF0746207DAD
S3150803BF70D8F722FB97BB0EF0C7FA0746207DD8F7FA
S3150803BF80FBFA2046FFF72FFFA26C00F1FF39914514
S3150803BF9038BFE36C94F854A038BF03F1FF33207D10
S3150803BFA038BF02EB0309D8F707FBBAF1000F12D122
S3150803BFB04B46D4F89C108B420BD013F80129112A4F
S3150803BFC001D0132A20D1A2F111035A425A4184F807
S3150803BFD0A020C4F89C9038460EF091FA94F8A03045
S3150803BFE0002BB1D0236E2F462A785B68B8F1000F71
S3150803BFF012D1236E20465B683978013598470028A5
S3150803C000A2D00020BDE8F087A26C9A4282BFE36CF7
S3150803C01003F1FF339B18CEE70A2AEAD10D212046FE
S3150803C02098470028E5D0ECE70E20EBE7F8B5044679
S3150803C0300D460EF069FA94F896300646ADB17BB90B
S3150803C04094F8983063B10EF056FA0121054608466E
S3150803C0500DF034FC28460EF049FA012384F896308D
S3150803C0603046BDE8F8400EF04ABA002BF8D00EF079
S3150803C07042FA0746294601200DF020FC38460EF001
S3150803C08035FA84F89650EBE738B548B100240568C5
S3150803C0900EF03AFAC5E916440EF031FA204638BDD1
S3150803C0A02220FCE770B50468054694F8946086BBBD
S3150803C0B0FFF7EAFFDDF7A6FE854202D13046DDF734
S3150803C0C095FE236E93F91000DDF782FE236E93F92E
S3150803C0D01000DDF74FFE236E93F91100DDF778FEA6
S3150803C0E0236E93F91100DDF745FE207D0DF090F8D8
S3150803C0F0207DD8F7C1F9D8F79DF90023C5E90033A0
S3150803C100C5E90533EB60236E2046BDE87040DB685E
S3150803C11018470F2070BD0068DDF71ABF2DE9F041F7
S3150803C12004460EF0F1F994F89530054603F0FF0836
S3150803C130A3B90127236E41469B682046984784F88E
S3150803C14095700EF0D8F90646414638460DF0B6FB0B
S3150803C15030460EF0CBF9022384F8A1302846BDE811
S3150803C160F0410EF0CCB9D0F8A4309A69120643BF51
S3150803C1705B6A00200B701B20704710B50446D0F885
S3150803C180A42093695906FCD5002394F8AD101A46E2
S3150803C19094F8AC00DBF7BEF9002394F8AF101A46FF
S3150803C1A094F8AE00DBF7B6F994F8B430DA0707D596
S3150803C1B0002394F8B1101A4694F8B000DBF7AAF9ED
S3150803C1C094F8B4309B0707D5002394F8B3101A469E
S3150803C1D094F8B200DBF79EF90122D4F8A4000021F3
S3150803C1E000F50053DA64FEF720FCD4F8A800002112
S3150803C1F0DAF730F9002010BD08B5D0F8A400FEF729
S3150803C20023FC002008BD0122D0F8A43019B103F598
S3150803C2108053DA64704703F50053DA649A64704707
S3150803C2200068D0F8A4309A6CD20708D5012103F523
S3150803C230005291649B699B0601D5FFF76FBF704750
S3150803C2400E2070470E207047704770477047F8B541
S3150803C2500C468D18073552421540A5F108070646C0
S3150803C260384600F091FBA188381B628801EBE00190
S3150803C27089B2A2EBE00225F8041C25F8062CA2884D
S3150803C280C310AAB1A4EBC202B2F802C0D18003EB71
S3150803C2900C015180E28892B1D31A9BB204EBC20413
S3150803C2A025F8023CA380B3680344B3603846F8BD57
S3150803C2B015F8082C42F0020205F8082CEAE725F8D7
S3150803C2C0022CF0E72DE9F04F4FF0000887B09946A6
S3150803C2D0531C109B0546174614BF14460824CDF86D
S3150803C2E01480002B00F0C580C3F80080002900F0F5
S3150803C2F0C28042688A4240F2BE80073121F00706AF
S3150803C3000EF002F905AACDE9008282463A464B4663
S3150803C3103146284600F03CFB059F834607B130B9F2
S3150803C32050460EF0ECF8192007B0BDE8F08FB7F8C1
S3150803C330028029694FEAC802C0EBC8080139B8F177
S3150803C340270F29617AD9B9F1000F51D1864206F12F
S3150803C350080848D0224639462846FFF778FF044698
S3150803C3600590059B9844404600F00EFB059906F197
S3150803C3700F004A88C308A2EBD002A8F80220CA888D
S3150803C380A8F80430002A30D0D31A9BB201EBC202B4
S3150803C390A8F8063093808B88F608A380B8F804308B
S3150803C3A03A46E380414600232846668000F05DFB53
S3150803C3B0AB680833AB60237843F0010323702B691A
S3150803C3C001332B616288AB68504603EBC203EA6804
S3150803C3D0AB60934288BFEB600EF091F8109B08346C
S3150803C3E000201C60A0E73C46BBE7A8F80620D2E776
S3150803C3F007EB08042046039200F0C6FA0BF107037D
S3150803C400DB080599638008F10703DB08A380CB885B
S3150803C41093B1DB00039AD81D821A5A44C2F3CF029A
S3150803C4200B44E2809A80A38808F1FF384FEAD808BC
S3150803C430A1F80280CB80BBE7E380F4E7B9F1010FEB
S3150803C4401BD107F10803B3FBF4F204FB1233B3B1B0
S3150803C450224639462846FFF7FAFE044623783A4623
S3150803C46043F00103237021460123284600F0FDFA11
S3150803C470A8E7222058E7212056E78642E8D13C461A
S3150803C480ECE707B500224FF0FF3101AB0192DEF767
S3150803C490DBF8019803B05DF804FB07B50093134670
S3150803C4A04FF0FF32FFF70EFF03B05DF804FB2DE9EB
S3150803C4B0F74F05460C46002900F0DC80D0E90568ED
S3150803C4C00EF022F814F8087C34F806CCFB07009023
S3150803C4D002D5BCF1000F06D100980EF010F8012022
S3150803C4E003B0BDE8F08FAB68D5F8109034F804ECC8
S3150803C4F0A3EBCC0B09F10103A4F108010CF101022A
S3150803C500C5F808B02B61BEF1000F39D0A1EBCE03F5
S3150803C510D888B3F802A00190187807F00207C00775
S3150803C52023D41FBB0198A0EB0A07012F28D10CF1CE
S3150803C5300202ABF108075244C5F81090AF6034F80D
S3150803C54002ECBEF1000F1DD114F8081C24F806EC02
S3150803C5506EF3000104F8081C013A5A801A786EF340
S3150803C56000021A700022DA8040E04FB114F8087C02
S3150803C57072446FF3410704F8087C00279F80DEE7BF
S3150803C5800B46DCE701EBCE0AD5E9007007EB000999
S3150803C590CA450ED314F8081C013A6FF3000104F8D0
S3150803C5A0081C002124F8061C5A801A7861F3000235
S3150803C5B0D7E711F83E10574611F001012FD014F8AA
S3150803C5C0081C013A6FF3000104F8081C002192B213
S3150803C5D024F8061C5A801A7861F300021A70C3F10C
S3150803C5E007023A44C2F3CF02DA80BA80002E3FD05C
S3150803C5F0B3423DD37288002A08BF1E46B8F1000F1E
S3150803C60006D0434504D8B8F80220002A18BF434683
S3150803C6100098C5E905630DF072FF002060E7AEEBED
S3150803C6200C0EBEF1010FCAD1BAF802C0AAF802105D
S3150803C6309444BAF80620CAB10AEBC20700212A694C
S3150803C640013A2A61AA68083AAA6014F8082C24F859
S3150803C650061C6FF3000204F8082C1A78A3F802C024
S3150803C66061F300021A70002FB9D17BE71746E5E795
S3150803C6701E46C3E7222033E710B50446DEF712F851
S3150803C6802146BDE81040FFF712BFFFF7F5BF70B5A7
S3150803C690049E15461A4696B1002333608DB181B1BF
S3150803C6A04D4333462946FFF7F8FE044628B9306852
S3150803C6B018B12A46214601F0C3FB204670BD222441
S3150803C6C0FBE72124F9E707B5002201AB0192DDF761
S3150803C6D0D1FF019803B05DF804FB2DE9F74F064631
S3150803C6E00C4615469B46002B00F025810023CBF804
S3150803C6F000304368934240F2208149B9002A00F08A
S3150803C7001C815A46284603B0BDE8F04FDDF7AABF99
S3150803C7102AB9084603B0BDE8F04FFFF7ADBF0DF0E1
S3150803C720F3FE34F8067C07354FEAC70A25F00705F2
S3150803C730AA458146A4F1080180F0878034F8023CB3
S3150803C740002B65D0DA1B012A62D101EBC30811F865
S3150803C7503330D8075CD4B8F80220AAEB050313EBE9
S3150803C760C20355D41F2B38DDC5F3CF02671924F846
S3150803C770062C013224F8022C3846009300F004F9FB
S3150803C78034F8022C009BBA80B8F80620DB087B80B5
S3150803C7900AB3B8F80210511A11FA83F39BB208EBDD
S3150803C7A0C202FB809380002342463946304600F096
S3150803C7B05CF9404600F0E8F8B368F2682B44A3EB4B
S3150803C7C00A039342CBF80040B3603CD848460DF0C1
S3150803C7D096FE002526E0FA80E5E733690137013B33
S3150803C7E03361B8F80630174424F8067C6BB1B8F8F9
S3150803C7F002209A1A12FA87F7BFB208EBC30324F882
S3150803C800027C9F8001234246D0E724F8023CF9E7DD
S3150803C81028465A460021DDF725FF054630B1484626
S3150803C8200DF06DFE284603B0BDE8F08F524621464B
S3150803C830DBF8000001F042FB2046FFF71DFF054623
S3150803C8400028C3D0EBE7F360C0E771D934F8022CAC
S3150803C850AAEB0508531EDB1B002A38D001EBC207D7
S3150803C86011F83220D20733D493BBC5F3CF0361192A
S3150803C87024F8063C0133084624F8023C009100F0EC
S3150803C88083F8009934F8022C7B888A80FA8803EBAC
S3150803C890D8034B80C2B17888101A10FA83F39BB277
S3150803C8A007EBC202CB809380304600233A4600F05A
S3150803C8B0DCF8384600F068F8B368CBF800401D4446
S3150803C8C0A5EB0A05B56081E70023CB80ECE717469D
S3150803C8D0B8F1270FF0D9C5F3CF02611924F8062C4E
S3150803C8E00132084624F8022C0091019308F1FF3817
S3150803C8F000F04AF8009934F8022C4FEAD808A1F850
S3150803C90002808A8097B1019B013313FA88F81FFACC
S3150803C91088F8A1F80680A7F80480336930460133FE
S3150803C920336100231A4600F0A0F8C5E7CF80F4E781
S3150803C930CBF800404AE7222574E7212572E770B54C
S3150803C9400D4616460446DDF7ADFE33462A4621460E
S3150803C950BDE87040FFF7C1BE002307B501AA0193DE
S3150803C960FFF7EDFF019803B05DF804FB0846FFF7F0
S3150803C97088BD0846FFF789BE08461146FFF7A3BEDA
S3150803C98008461146FFF7E8BF002303604360704774
S3150803C990F0B5D0E90540551C08BF0822002B4FF017
S3150803C9A0000518BF0446DDF818C0CCF80050002C63
S3150803C9B037D09DF814706588FF0007EBC505C2F1EB
S3150803C9C0000E2078C00708D51BBBE088A0B104EB8E
S3150803C9D0C004658807EBC505F3E78D42F4D363B94D
S3150803C9E004F10806B6FBF2F002FB106670180EB1E6
S3150803C9F0A842EAD8CCF80040F0BD082A0FD06088D0
S3150803CA00013004EBC000461A06EA0E06801B85426F
S3150803CA10F0D2A0880028EFD0A4EBC004D9E70846D3
S3150803CA20E8E72046E8E7034610461A69DAB108B983
S3150803CA3021B918680378DB0702D470479869F9E7C0
S3150803CA4039B9C3887BB100EBC3000378DA07F8D496
S3150803CA507047012907D183882BB1A0EBC30003785C
S3150803CA60DB07F8D47047002070472DE9F041D0E979
S3150803CA700545074688461646F3B194420FD042B198
S3150803CA80954215D1424601213846FFF7CCFF0546A4
S3150803CA900EE00A463146FFF7C6FF0446F2E70A46A2
S3150803CAA00021FFF7C0FFB5420446EBD0002EE9D0BC
S3150803CAB0C7E90545BDE8F081944208D08C4228BFF2
S3150803CAC00C46B54205D0454538BF4546F0E70C4602
S3150803CAD0F7E74546ECE770B500261C46C3E90001AF
S3150803CAE0C3E90266C3E905001E611A775E62FFF7AA
S3150803CAF04BFF23690139C908013341802361A368C0
S3150803CB0030460833A360E3680833E36070BD08B5AD
S3150803CB10DDF7BAFE08BD002307B5684600938DF80E
S3150803CB200430DAF741FA03B05DF804FB10B50DF0EB
S3150803CB30E2FC04460CF064FE2046BDE810400DF006
S3150803CB40D5BC4FF4C870DDF731BF7047704708B5D9
S3150803CB5000F080FF00F08FFF00F09AFF00F0B1FFAE
S3150803CB60BDE8084000F0B8BF704708B500F06DFF90
S3150803CB7000F06CFF00F06BFF00F06BFFFFF7F4FFAC
S3150803CB8008BD08B500F0AAFF00F0A9FF00F0A9FF49
S3150803CB90BDE8084000F0A7BF00F000B807B51320AA
S3150803CBA00DF10601FFF786F8BDF8060003B05DF838
S3150803CBB004FB70477047D7F70DB8F0F7DBBDF0F7FE
S3150803CBC087BC30B5002485B0054601A8CDE90144E4
S3150803CBD00394D6F7C5FF2046029B2B6005B030BDEC
S3150803CBE0704710B5044608B1DEF76AF92046BDE872
S3150803CBF01040FFF74ABD00F4E040B0F5805F04D06B
S3150803CC00A0F50053584258417047012070472DE953
S3150803CC10F0411F4600F0FE4386B0B3F1106F164687
S3150803CC20DDE90CCEDDF838800BD120F01F6424F43F
S3150803CC30702434B9D1E908234C68240A04D0012C9A
S3150803CC400CD06FF0850006E0CDE903E8CDE9017C59
S3150803CC500096FFF726F806B0BDE8F081CDE903E8AC
S3150803CC60CDE9017C0096FEF74DFFF4E73AB10029BA
S3150803CC7018BF00232121D21A184401F0E1B87047DE
S3150803CC8038B5037904460D464BB9636900202B6012
S3150803CC90237E012B0AD028606FF0960005E0D0E9C1
S3150803CCA0081200F0E7FD0028EFD038BD02232376EB
S3150803CCB0FBE700232DE9F3414668D0F814800446C0
S3150803CCC00F4630461146136000F0A5FD054688B9A0
S3150803CCD0304600F0A2FD054660B9F6B276B9B8F15A
S3150803CCE0000F05D1A06820F47F4020F0030060B14F
S3150803CCF06FF08605284602B0BDE8F08101466069F3
S3150803CD0000F061FD0028EDD1F2E74FF6F87362886B
S3150803CD109A4219D894F80480B8F1000F00D101A8F3
S3150803CD203946DEF7F9FD05460028E3D10FCC3F68FF
S3150803CD303E460FC694E8030086E80300B8F1000FE1
S3150803CD40D8D1019B7B61D5E76FF08505D2E741F220
S3150803CD50052398421AD8B0F5905F09D241F2010328
S3150803CD6098420CD0B0F5885F09D06FF085007047FC
S3150803CD702923A0F5905080B2C340DB07F5D511F0FF
S3150803CD80070F0CBF00206FF086007047B0F5105FE1
S3150803CD90EBD121F04003802B06D0B1F5807F0CBF81
S3150803CDA000206FF0860070470020704770B5046A4C
S3150803CDB005460E463CB90120FFF785FC286228B1D3
S3150803CDC020466E6270BD6FF08A00FBE76FF08C0039
S3150803CDD0F8E7F8B50F46114606461546FFF7E6FF88
S3150803CDE0044620B92A463946306A01F067F82046D0
S3150803CDF0F8BD2DE9F041089D88461F46048802B30D
S3150803CE002046FFF7F8FEE0B12B680BB9D3002B6079
S3150803CE1020462968FFF79BFF044678B9CE1DB2EB77
S3150803CE20D60F11D1069B9A4211D84146384601F0CE
S3150803CE3045F82B68079A0733DB0813602046BDE8D5
S3150803CE40F0816FF08504F9E76FF08604F6E76FF073
S3150803CE508904F3E72DE9F04F456885B02D0A0446A2
S3150803CE60DDE90E67894692469B46DDF8408006D083
S3150803CE70012D18D06FF0860005B0BDE8F08FCDE917
S3150803CE8001780096FEF7C4FD10F1860FF4D15B46D0
S3150803CE90524649462046CDE90F780E9605B0BDE8B9
S3150803CEA0F04FFFF7A6BFCDE90F780E9605B0BDE89C
S3150803CEB0F04FFEF75EBC10B50446006A10B1616A0E
S3150803CEC0FFF78FFE0020C4E9080010BD38B50546F4
S3150803CED0FFF7F1FF2B7E0446012B0ED0023B012BF5
S3150803CEE00ED8EB69012B18BF6FF096042822002190
S3150803CEF0284600F0A5FF204638BDEB69002BF2E76C
S3150803CF006FF09604F2E713B50446C0B101A9DEF73C
S3150803CF1043FD044698B9019B1A7E022A12D10322BD
S3150803CF201A761A79FF2A10D01AB1586900F087FCC5
S3150803CF300446019800F058FC002818BF044620460A
S3150803CF4002B010BD6FF09604F3E76FF08404F0E7C0
S3150803CF5073B5054608460C4600F030FB0023284601
S3150803CF601A4601A9DEF72EF950B9019E35460FCDAB
S3150803CF700FC495E8030084E80300304600F049FC33
S3150803CF8002B070BD70B5144602881D461046049E4D
S3150803CF90FFF731FE68B944F2010322F44050984280
S3150803CFA007D002F44F42B2F5824F02D0B2F5844F4E
S3150803CFB00ED1B4420FD82246284600F07FFF00213F
S3150803CFC0321B281900F03CFF0020059B1C6070BD2E
S3150803CFD06FF08500FBE76FF08900F8E7F0B50F46B9
S3150803CFE01E46154685B04AB300230122336003A9BA
S3150803CFF0DEF7E8F8044658B903984368D0E90812F7
S3150803D0001B0A08D0012B13D000F003FC6FF086042B
S3150803D010204605B0F0BD3B46CDE90056FFF7B2FF03
S3150803D0200446039800F0F5FB002C08BF0446EFE717
S3150803D0303B46CDE90056FEF74BFCF1E76FF0890452
S3150803D040E6E770B514460288049D02F4E040B0F59D
S3150803D050804F1CD144F2010022F44056864207D081
S3150803D06002F44F42B2F5824F02D0B2F5844F0ED185
S3150803D070AC420FD81846224600F020FF00212A1B8F
S3150803D080204400F0DDFE0020059B1C6070BD6FF098
S3150803D0908500FBE76FF08900F8E7F0B50F461E46F3
S3150803D0A0154685B00AB3002303A91A463360DEF78B
S3150803D0B089F8044638B9039803885B0406D400F054
S3150803D0C0A8FB6FF08604204605B0F0BDCDE90056EF
S3150803D0D03B46D0E9081200F03EFB0446039800F0ED
S3150803D0E098FB002C08BF0446EDE76FF08904EAE7CE
S3150803D0F02DE9F0411F46002388B0054688461646A3
S3150803D100CDE9043307923B60002A60D0B2F1005F91
S3150803D11060D205AA04A9FFF7CCFD0446A0B9049B6F
S3150803D1201A6ABAB1049B41465A882846069206AA41
S3150803D130029203F1240201925A6A00921B6A32464A
S3150803D140FFF788FE0446F8B10498002835D0FFF7A0
S3150803D150BDFE32E06B681B0A07D107990498FFF7EF
S3150803D16025FE04460028DDD0EEE7012B03D00792FF
S3150803D1706FF08604E8E7284607A9079600F022FA1F
S3150803D18004460028E9D0DFE70498069B4288C2B91B
S3150803D19043804FF6F872934216D82B8813B1028848
S3150803D1A09A42E5D16B8813B142889A42E0D139464F
S3150803D1B0FFF766FD04460028C6D1204608B0BDE839
S3150803D1C0F0819A42D4D1E4E76FF08504BCE76FF0A7
S3150803D1D08604F2E76FF08504EFE710B504460068A6
S3150803D1E068B104280CD005280FD06FF086000023F9
S3150803D1F02360A38823F4FF7323F00103A38010BDE0
S3150803D20004F10800FEF742FDF1E704F10800FEF712
S3150803D2106EFCECE70123DEF779B938B505462B68CA
S3150803D220D3B112B90024204638BD042B07D0052BE9
S3150803D2300DD06FF086042846FFF7CFFFF3E705F115
S3150803D2400800FEF7E6FC04460028EBD0F3E705F1F1
S3150803D2500800FEF727FCF6E76FF08804E3E72DE9F5
S3150803D260F041054600680E461746984648B36A795C
S3150803D270D20726D52A7922B3BA4225D804280ED04E
S3150803D280052819D06FF086040023C8F800702B719F
S3150803D290EEB92846FFF7A1FF2046BDE8F08105F160
S3150803D2A00800FEF7D3FC04460028EDD17EB92846CC
S3150803D2B0BDE8F041FFF791BF05F10800FEF705FC4D
S3150803D2C0F1E76FF08804DFE76FF08904DCE72146AE
S3150803D2D03A463046D8F80030FFF7C8FC2846FFF729
S3150803D2E07CFF002C08BF0446D6E71FB50124039428
S3150803D2F0089C0294079C0194069C0094DEF794F814
S3150803D30004B010BD036819430CBF01200020704701
S3150803D3102DE9F04707469A46002386B0059307F09A
S3150803D320FE43B3F1106F0846DDE90E589146109E89
S3150803D3300BD0002D48D12846356000F06AFA6FF005
S3150803D3408604204606B0BDE8F0873B464FF4804284
S3150803D35005A9DDF737FF044628B175BB356005987F
S3150803D36000F057FAEDE705990B8823F0FF03B3F5A9
S3150803D370E24F02D0B3F5E44F0CD14B880733B8EB31
S3150803D380D30F07D21DBB0846356000F042FA6FF08B
S3150803D3908904D6E753464A463846CDE901860095B9
S3150803D3A0FFF735FC04463DB90598356000F031FAB8
S3150803D3B0002C08BF0446C4E760B141462846DDF79A
S3150803D3C0E3FEC6F80080CAE76FF08604F5E76FF058
S3150803D3D08904F2E7059800F01CFA0446B1E7DDF77D
S3150803D3E0D3BE08B50088DDE90221FFF704FC20B1A6
S3150803D3F0BDE808401046DDF7C7BE6FF0850008BDD7
S3150803D4002DE9F04F1F46002389B09046129ACDE9BD
S3150803D41005331360438805460E46002B00F0CB8080
S3150803D420038803F4E043B3F5804F00F0C48039461C
S3150803D4303046FFF767FF002800F0BD80284606AA96
S3150803D44005A9FFF736FC0446002840F08180059AB3
S3150803D4506B68126A8AB1059B9A46D3F820B06B6843
S3150803D4605AF8249F1B0A78D0012B00F09D806FF091
S3150803D47086040598FFF71FFD6AE01A0A61D1B5F815
S3150803D48000A069885046FFF7B6FB80B15046FFF700
S3150803D4905EFC044600285BD10AF4E043B3F5805FDB
S3150803D4A002D0B3F5005F0AD10731CA0817E02AF09C
S3150803D4B0FF03B3F5E24F37D06FF0850448E00AF46B
S3150803D4C04F43B3F5844FEFD047F201039A450FD183
S3150803D4D049080131C90801EBC10101F13B02079271
S3150803D4E007990598FFF762FC04460028B3D02FE096
S3150803D4F044F201039A4503D1C90801F11002EEE784
S3150803D50047F202039A4505D1C90801EB410101F126
S3150803D5105A02E4E744F202039A4505D1C90801EB26
S3150803D520410101F14A02DAE72AF0FF00B0F5E24FBA
S3150803D530BAD0B0F5824F01BFCC1DE4086400621C63
S3150803D540CDE7284607A900F03DF804460028C7D0CA
S3150803D550059828B3FFF7BAFC22E02B885B040BD4A3
S3150803D5603B46424631462846CDE9019ACDF800B0F6
S3150803D570FFF737FF044609E053464A465946284605
S3150803D580FEF721FA10F1860F0446E9D00598002C18
S3150803D5907FF46FAF1299FFF773FB04460028D7D1C0
S3150803D5A0204609B0BDE8F08F53464A4659462846F1
S3150803D5B0FEF7DBF8DEE76FF08604F1E718220021B1
S3150803D5C000F03EBC426870B5120A0588438806D047
S3150803D5D0012A56D000236FF086000B6022E005F47B
S3150803D5E0E042B2F5805F02D0B2F5005F05D107339A
S3150803D5F0DB0840D16FF0850014E005F44F42B2F51D
S3150803D600844F03D10733DB080AD1F3E747F2010254
S3150803D610954208D15B080133DB0803EBC3033B33AD
S3150803D62000200B6070BD44F20102954202D1DB086B
S3150803D6301033F5E747F20202954204D1DB0803EB00
S3150803D64043035A33ECE744F20202954204D1DB085A
S3150803D65003EB43034A33E3E725F0FF05B5F5E24F4A
S3150803D660D0D0B5F5824FC5D10733DB085B0001334C
S3150803D670012BD5D1BEE725F0FF05B5F5824FCFD1EE
S3150803D680F6E705F4E046DC1DB6F5805F25F0FF02F4
S3150803D6904FEAD40002D0B6F5005F06D100284AD077
S3150803D6A0B2F5824F07D1034640E005F44F46B6F577
S3150803D6B0844F02D190B3C31C32E047F20106B54248
S3150803D6C00DD15B080133DB0803EBC3033B33033399
S3150803D6D0800723F0030335D1072C23D132E044F224
S3150803D6E00106B54202D1DB081033F0E747F202061A
S3150803D6F0B54204D1DB0803EB43035A33E7E744F2A5
S3150803D7000206B54204D1DB0803EB43034A33DEE7DB
S3150803D710B2F5E24FCED0B2F5824F05D00B6803338C
S3150803D72023F003032C337BE743000133012B00D19A
S3150803D7300B68013BCBE7B2F5824F0B6806D0033380
S3150803D74023F00303B2F5824FECD102E0023323F050
S3150803D75003030433E6E72DE9F34745680446DDE9A1
S3150803D7600A672D0A884691469A4606D0012D16D091
S3150803D7706FF0860002B0BDE8F087CDE90067FEF7D3
S3150803D78035F910F1860FF5D153464A4641462046E8
S3150803D790CDE90A6702B0BDE8F047FFF752BCCDE909
S3150803D7A00A6702B0BDE8F047FDF7E1BF037E022B27
S3150803D7B006D1C3695A1C03D00133C36100207047DD
S3150803D7C06FF09600704703466FF040420846591EAD
S3150803D7D0914207D338B103F1404393428CBF0020EB
S3150803D7E00120704701207047034668B1017E8A1EEF
S3150803D7F0012A0BD80329C26903D1012A01D1FFF7EC
S3150803D80065BB1AB1013ADA61002070476FF09600DA
S3150803D8107047FFF7E9BF00207047C0B2FF280CBF67
S3150803D8206FF086000020704707B500216A46FDF7AA
S3150803D83010FE8C3018BF012003B05DF804FB13B546
S3150803D84000216A460446FDF704FE8C3002D1002007
S3150803D85002B010BD00212046DBF78CFA014610B151
S3150803D8606FF09800F4E76A462046FDF7F2FD8C3020
S3150803D870EDD0F5E72DE9FF4107461446884600290A
S3150803D8803FD0002A3DD0B2F5005F3DD202F124060F
S3150803D89031460120FEF717FF0546C0B303463A464D
S3150803D8A021464046DEF7D6F87F6900243846FFF757
S3150803D8B0BBFF01281FD021462B4632463846009423
S3150803D8C0DBF792F90146C8B9384602AAFDF7C1FD46
S3150803D8D0044620B9029B9E4205D06FF09804384649
S3150803D8E00021DBF747FA31462846FFF77AF920463F
S3150803D8F004B0BDE8F0816FF08A04F4E76FF098048A
S3150803D900F1E76FF08604F2E76FF08D04EFE76FF047
S3150803D9108C04ECE7FFF765B92DE9F047D0F814A0B6
S3150803D92086B08146884617465046002104AAFDF765
S3150803D93090FD044610BB049E01203146FEF7C3FE44
S3150803D9400546002837D02146504604AA0394FDF716
S3150803D95080FD044670B903AB02462146CDE9005360
S3150803D96050463346DBF7B0F9039B04469E4209D07B
S3150803D9706FF0980431462846FFF733F9204606B078
S3150803D980BDE8F0870028F5D13B464246314628468E
S3150803D990CDF80090DEF77CF804460028EAD1D8F8DB
S3150803D9A000302BB13B68002B08BF6FF09104E1E709
S3150803D9B06FF09104DEE76FF08C04DFE770B5054678
S3150803D9C0164601448D4201D3002018E02878B0B1E9
S3150803D9D0421C2A449142F7D36C78083C012C0FD891
S3150803D9E0441EE4B29C4224BF03F1FF33DCB2224651
S3150803D9F03046A91C00F062FA00230120335570BD96
S3150803DA001546DFE710B50446D5F77CFB2046DFF756
S3150803DA10F1FC2046DEF7FCF910BD0120704700B57E
S3150803DA20C3B0EFF7B3FC08F09CF948B1FFF7F5FF6D
S3150803DA3030B101A808F048F910B901A8FFF7E2FFC9
S3150803DA4043B05DF804FBFCF75CB870477047DDF735
S3150803DA50F7B9704708B5D5F7FDFDFEF729F9FEF7BF
S3150803DA6032F9D5F7EBFDD6F793F8BDE80840D8F7B2
S3150803DA70EFB8DFF7B7BB08B5D6F78EF9D6F742FA8C
S3150803DA80DFF7A4FCDFF7B0FCBDE80840D5F7E8BD2F
S3150803DA9008B5FCF734F8DCF727F8DCF7BFF9FDF728
S3150803DAA0D2FCDDF79FFEFDF7E8F9FDF7D0FCFEF79C
S3150803DAB0FAF80CF006FEDFF76FFCBDE80840DFF75F
S3150803DAC0B9BB08B5DAF758FBFDF7D3F9DAF764FB00
S3150803DAD0BDE80840FFF771B8D5F70ABC7047D5F714
S3150803DAE057BDFFF79CBF7047DFF764BC08B5DDF782
S3150803DAF04DF8DEF7EDF8FFF744F8DEF71DF90BF0FE
S3150803DB0035FFF8E72DE9F04F85B00C4690461946E0
S3150803DB1057EC106B002F3B46DDE90E9BBCBF07F1A4
S3150803DB20004332462BF0200AAFBF00231F46164692
S3150803DB302D23BAF1460F0B7005D0BAF1450F00D164
S3150803DB400134022100E0032103AB2246019302AB11
S3150803DB5047EC106B00934B46D4F7F6FBBBF1670F04
S3150803DB60054619D118F0010F0ED005EB040800225B
S3150803DB70002330463946F7F7B3FB08B1CDF80C80D6
S3150803DB803022039B434521D3039B2846109A5B1BEC
S3150803DB90136005B0BDE8F08FBBF1470FE2D0BAF1C9
S3150803DBA0460F00EB0408E2D10378302B0AD1002292
S3150803DBB0002330463946F7F793FB18B9C4F1010435
S3150803DBC0C9F80040D9F800309844D0E7591C0391A6
S3150803DBD01A70D6E7F7B500290270BABF49422D2352
S3150803DBE02B230929437028DD0DF107030A271D4650
S3150803DBF01A46013BB1FBF7F607FB1614303402F855
S3150803DC00014C0C463146632CF2DC3031941E03F882
S3150803DC10011C411C2346AB420AD30DF109039B1A87
S3150803DC20AC4288BF002302330344181A03B0F0BD7D
S3150803DC3013F8016B01F8016FEDE730233031837078
S3150803DC40031DC170F1E72DE9F047164698468A6821
S3150803DC5007460B690C46DDF820909342B8BF134676
S3150803DC60336091F843200AB1013333602368990678
S3150803DC7042BF336802333360256815F0060506D1BB
S3150803DC8004F1190AE36832689B1AAB422BDC94F851
S3150803DC9043302268003B18BF0123920630D404F1AF
S3150803DCA0430241463846C847013023D023681A340D
S3150803DCB054F80A2C03F00603042B0ABF54F80E5C27
S3150803DCC0002533684FF0000608BFED1A54F8123CD6
S3150803DCD008BF25EAE5759342C4BF9B1AED18B542FA
S3150803DCE01AD1002008E00123524641463846C84760
S3150803DCF0013003D14FF0FF30BDE8F0870135C1E7A6
S3150803DD00E1185A1C30200233224481F8430094F860
S3150803DD10451082F84310C2E7012322464146384696
S3150803DD20C8470130E6D00136D9E72DE9F843074657
S3150803DD30884614460026D4E90195B9F1010905D5A3
S3150803DD402468002CF7D13046BDE8F883AB89012B4C
S3150803DD5007D9B5F90E30013303D029463846C047EB
S3150803DD6006436835E9E710B50C46B1F90E10E0F736
S3150803DD701DFF0028ABBF636DA3891B1823F48053CB
S3150803DD80ACBF6365A38110BD2DE9F0411F468B899E
S3150803DD9005460C46DB05164605D502230022B1F9CE
S3150803DDA00E10E0F7F1FEA3893246B4F90E102846A1
S3150803DDB023F48053A3813B46BDE8F041E0F708BF4F
S3150803DDC010B50C46B1F90E10E0F7DEFE431CA38925
S3150803DDD015BF606523F4805343F48053A38118BFAA
S3150803DDE0A38110BDB1F90E10E0F7BEBE0139024496
S3150803DDF010B5904201D1002005E0037811F8014FD0
S3150803DE00A34201D0181B10BD0130F2E7884210B5B2
S3150803DE1001EB020402D98442234607D8431EA142D2
S3150803DE2008D011F8012B03F8012FF8E7024401463D
S3150803DE308A4200D110BD13F8014D02F8014DF7E7E8
S3150803DE4002440346934200D1704703F8011BF9E7DE
S3150803DE500139034610B532B111F8014F013A03F8F7
S3150803DE60014B002CF7D11A440021934200D110BD6F
S3150803DE7003F8011BF9E770477047704710F8012B41
S3150803DE8011F8013B012A28BF9A42F7D0D01A7047E6
S3150803DE90034611F8012B03F8012B002AF9D1704721
S3150803DEA0C9B20346024410B59342184601D100206D
S3150803DEB003E0047801338C42F6D110BD0A44431EAD
S3150803DEC0914200D1704710B511F8014B914203F8FE
S3150803DED0014FF9D110BD034613F8012B002AFBD1D4
S3150803DEE0181A013870472DE9F74F036907460C6975
S3150803DEF0A342C0F28380013C00F1140501F1140822
S3150803DF00A30055F8242008EB8409009305EB840342
S3150803DF10019358F8243001339A42B2FBF3F631D30E
S3150803DF204FF0000AC446AE46D3465CF8043B98B2A3
S3150803DF30E1454FEA134306FB00A04FEA104280B2BD
S3150803DF4006FB0323DEF8002092B24FEA134AA2EB3C
S3150803DF5000029BB2DEF800005A44C3EB224392B296
S3150803DF6003EB104342EA03424FEA234B4EF8042BD2
S3150803DF70DBD2009BEB582BB9019B043B9D421A4607
S3150803DF8030D33C61384600F08AF8002826DB294658
S3150803DF90002058F8042BD1F800C01FFA82FEC145A9
S3150803DFA01FFA8CF34FEA1242A3EB0E030344C2EBA8
S3150803DFB023429BB202EB1C4243EA02434FEA224046
S3150803DFC041F8043BE5D255F8242005EB840322B92E
S3150803DFD0043B9D421A460BD33C610136304603B0D7
S3150803DFE0BDE8F08F1268043B002ACAD1013CC5E795
S3150803DFF01268043B002AEFD1013CEAE70020EEE76A
S3150803E000B0F5803F034636BF030400201020B3F162
S3150803E010807F3CBF1B020830B3F1805F3CBF1B0106
S3150803E0200430B3F1804F03D3002B0ADB013070476A
S3150803E0309B0001D5023070475B0001D5033070475A
S3150803E040202070470368024613F007000BD0D90750
S3150803E05021D4980747BF5B0801209B0802204CBFC1
S3150803E06013601360704799B209B91B0C1020D9B213
S3150803E07009B908301B0A190704BF1B090430990795
S3150803E08004BF9B080230D90703D45B0800F10100DB
S3150803E09003D013607047002070472020704703465B
S3150803E0A00A690069801A30B50ED11433143103EBAB
S3150803E0B0820401EB820154F8045D51F8042D95425C
S3150803E0C003D005D24FF0FF3030BDA342F3D3FBE7AD
S3150803E0D00120F9E72DE9F0471F468E6882460C466C
S3150803E0E0BE4290460B682DD8B1F90C2012F4906FF6
S3150803E0F026D06569096905EB4505A3EB01097B1C70
S3150803E10005EBD5754B446D109D4238BF1D46530527
S3150803E11027D52946FEF72AFC064660B34A462169EF
S3150803E120FFF7CCFEA38923F4906343F08003A3810E
S3150803E13026614E446561A5EB090526603E46A56042
S3150803E140BE4200D93E46324641462068FFF75EFE88
S3150803E150A36800209B1BA360236833442360BDE8A0
S3150803E160F0872A46FEF70CFC06460028E0D121690B
S3150803E1705046FEF7FEFB0C234FF0FF30CAF800307B
S3150803E180A38943F04003A381E9E79368013B002B86
S3150803E190936010B408DA9469A34201DB0A2903D110
S3150803E1A05DF8044B00F026B91368581C106008463E
S3150803E1B019705DF8044B7047F8B506460F461446C2
S3150803E1C0D518AC4201D1002007E03A4614F8011BE2
S3150803E1D03046FFF7DAFF431CF3D1F8BDB1F90C203B
S3150803E1E02DE9F041170705460C4656D44B68002B14
S3150803E1F002DC0B6C002B3DDDE66A002E3AD00023C9
S3150803E20012F480522F68216A2B6025D0626DA38988
S3150803E210580705D56368D21A636B0BB1236CD21AF8
S3150803E220216A0023E66A2846B047411C24D0002306
S3150803E230636023692360A389DA0400D56065616B8B
S3150803E2402F60B9B104F14403994202D02846FEF778
S3150803E25090FB002363630DE001232846B047461C61
S3150803E2600246D4D12B68002BD1D01D2B01D0162BF7
S3150803E2702AD12F6000202EE02A68B4F90C3042B167
S3150803E2801D2A01D0162A21D100236360236923603E
S3150803E290D5E7626022692260CEE70F69002FE9D0CD
S3150803E2A093070E680F600CBF4B690023A6EB07089C
S3150803E2B08B60B8F1000FDDDD43463A46216A2846EE
S3150803E2C0A66AB047002808DCB4F90C3043F04003CB
S3150803E2D04FF0FF30A381BDE8F0810744A8EB00089F
S3150803E2E0E7E738B50B6905460C4613B900252846F2
S3150803E2F038BD18B1036A0BB9E0F728FBB4F90C303B
S3150803E300002BF3D0626ED00704D4990502D4A06D0E
S3150803E310FFF7B2FD28462146FFF760FF636E054601
S3150803E320DA07E4D4A3899B05E1D4A06DFFF7A5FD1D
S3150803E330DDE770B50C46B1F90E1096B015460029FF
S3150803E3401E460CDAA389002113F0800F14BF40235D
S3150803E3504FF48063002031602B6016B070BD6A46A7
S3150803E360E1F7FEF90028EDDB019901F47041A1F507
S3150803E3700053594259414FF48063EBE78B89F7B54C
S3150803E3809D0706460C4607D504F147032360236118
S3150803E3900123636103B0F0BD01AB6A46FFF7C9FF0A
S3150803E3A0009F054630463946FEF7E0FA48B9B4F900
S3150803E3B00C309A05EED423F0030343F00203A3813A
S3150803E3C0E2E7A389206043F08003A381019BC4E9A4
S3150803E3D004075BB1B4F90E103046E1F7D3F928B157
S3150803E3E0A38923F0030343F00103A381A3891D43F0
S3150803E3F0A581CFE7F8B50E461446054618B1036A54
S3150803E4000BB9E0F7A3FAA369A360A3891A0701D591
S3150803E410236943B921462846E1F74CF918B14FF069
S3150803E420FF373846F8BD2368F6B222693746981A85
S3150803E4306369834205DC21462846FFF752FF002815
S3150803E440EDD1A368013BA36023685A1C22601E70A2
S3150803E450431C62699A4204D0A389DB07E1D50A2ED5
S3150803E460DFD121462846FFF73CFF0028D9D0D6E757
S3150803E47082B001B901A942B14BB113780B60127886
S3150803E480101E18BF012002B070471046FBE76FF055
S3150803E4900100F8E70346084641B1FF2A04D98A2250
S3150803E4A04FF0FF301A60704701200A707047062044
S3150803E4B008B5E1F7A7F90120FDF768FC1F2938B568
S3150803E4C005460C4604D9162303604FF0FF3038BDC2
S3150803E4D0C26B12B152F821304BB9284600F016F830
S3150803E4E0224601462846BDE83840E1F793B9012B91
S3150803E4F00AD0591C03D1162303600120E7E700213C
S3150803E500204642F8241098470020E0E7FDF744BC6C
S3150803E5108B691847002303707047002070477047BC
S3150803E520704770474FF000007047002070477047E8
S3150803E530704700207047002070470020704700206E
S3150803E540704700207047002070470020704700205E
S3150803E550704770477047002070477047112070470F
S3150803E560002070477047704750E8003F0B4340E868
S3150803E5700032002AF8D17047C94350E8003F0B40E0
S3150803E58040E80032002AF8D17047431E032B06D809
S3150803E590DFE803F0020402040320704704207047EF
S3150803E5A07047002070470020704770477047002067
S3150803E5B070470020704770477047704770470020C0
S3150803E5C070470020704770477047704700207047B0
S3150803E5D000207047704700207047002070471120BD
S3150803E5E0704770474FF0FF307047002070477047F9
S3150803E5F070470020704700207047002070474FF08F
S3150803E600FF3070471120704700207047012070477C
S3150803E610002070470020704700207047002070478D
S3150803E62070477047704701F03BBD38B504460BF099
S3150803E6306BFFD4E90A1205462046E1F703F9B4F855
S3150803E6404C10B4F84E20E060521A40F2712101FBD7
S3150803E650020303F59C53083328462361BDE8384073
S3150803E6600BF04DBF08B52030FFF77EFFBDE8084025
S3150803E6704FF08050EEF738BF38B50D4604460830DC
S3150803E680E2F7F6FE85F001010025204603F065FF53
S3150803E690E06BA56110B1E2F7A9F9E56304F140005F
S3150803E6A0BDE8384008F01CBC10B5044619B390F809
S3150803E6B056208AB190F857300133DBB29A4280F874
S3150803E6C0573009D10121FFF7D7FF4FF08071204654
S3150803E6D0BDE81040FFF7C6BF236ADA030BD5636AA2
S3150803E6E062689B1A002B06DA01212046FFF7C4FF4E
S3150803E6F04FF08061EBE7236A1B0424D404F09DF8EA
S3150803E7001123B0FBF3F394F9682003EB0313C01A40
S3150803E71083B212FA80F0102888BFC3F110035BB2E4
S3150803E720083A1A4484F8682040F27121B4F84C2058
S3150803E73020461A44636801FB023301216360BDE87E
S3150803E740104003F01BBF0023EEE72DE9F74F1646EB
S3150803E7501D4682699DF85830044688460E9F9DF8E3
S3150803E76040909DF848B09DF850A00193002A40F0C8
S3150803E770D28005F01C021C2A04BF0626B046EB0607
S3150803E78000F1A98005F00302032A08BF05F0FD0579
S3150803E79005F0F70505F01402142A40F0A080A80630
S3150803E7A000F1AA80BDF844209DF85C00A4F8542023
S3150803E7B0FFF7EBFE00221BF0020F84F86900A2673D
S3150803E7C040F09D801BF0040F00F09B8000F0FD00D5
S3150803E7D0012814BF0323042384F874309DF86000CA
S3150803E7E0FFF7D3FE00231AF0020F84F88E00C4F84D
S3150803E7F0883040F088801AF0040F00F0868000F015
S3150803E800FD00012814BF03210421606C84F88410D9
S3150803E810FFF7A3FE49F6FF7104F12000FFF7ACFEEC
S3150803E820FF2384F85A30019B1BB1236A43F48053B0
S3150803E830236205F01803182B02BF236A43F4004327
S3150803E8402362236A6A0723F4C04323620CD419F0AC
S3150803E850010F1CBF43F400532362236A19F0020F06
S3150803E8601CBF43F480432362236AA4F850502B4306
S3150803E870236204F16203002F49D03A68C4F8622080
S3150803E880BA889A809DF83430012B03D14FF48061FE
S3150803E890FFF76AFE236A9DF8302023F4407343EAA0
S3150803E8A00223236203F0C9FF9DF85430C0F30B001B
S3150803E8B040EA03309DF83C30A4F88C00A4F84C8059
S3150803E8C02046A4F84E6084F85830FFF7AEFE0020C1
S3150803E8D003B0BDE8F08F4FF0010AD3465AE700228A
S3150803E8E02046A16AE0F7AEFF40F2712272438242E4
S3150803E8F0BFF455AF4520EBE705F0FC0552E70223C5
S3150803E9006AE7012368E702217FE701217DE7C4F867
S3150803E91062709F80BEE70C20DAE72DE9F743894644
S3150803E92017460446019330B901A808F0D9FA4220DC
S3150803E93003B0BDE8F083012920D0022910D089B994
S3150803E9408369C3B900F128054FF40036236AD9064B
S3150803E9501ED55A0726D501A808F0C2FA0020E7E70C
S3150803E960406C20B901A808F0BBFA0C20E0E7194669
S3150803E970FFF7F4FDDCE700F13005E5E7836923B922
S3150803E98000F12C054FF48026E0E700F13405F9E79A
S3150803E9909B0707D5B9F1000F04D101A808F0A0FA1F
S3150803E9A01220C5E704F1200840463146FFF7E4FD87
S3150803E9B0F80702D5284608F093FA019921B12846A3
S3150803E9C008F064FB00230193286808F0FDFA236A1C
S3150803E9D0D90605D51F2801DC032F16D02846DDE7FF
S3150803E9E040F27262904204DD284608F079FA07205D
S3150803E9F09EE7B9F1000F08D1BF2806DD9A0704D0B0
S3150803EA00284608F06DFA452092E72046D4E90C1209
S3150803EA10E0F718FFA36983B140F27122B4F84C30CA
S3150803EA205343984209D9B4F84E308342E8D300F5E4
S3150803EA301C70B0FBF2F0A4F84C000BF065FDA3695B
S3150803EA4005467BB1BB070DD531464046FFF78CFD1E
S3150803EA506368C3F57A7603F032FFF04202D520469F
S3150803EA60E7F750FA28460BF04AFD77E708B548B1A9
S3150803EA70CB0701D4002008BD4FF480112030FFF7DF
S3150803EA8073FDF7E74220F6E708B548B1CB0701D48B
S3150803EA90002008BD4FF480112030FFF76DFDF7E71E
S3150803EAA04220F6E7E1F7B6B938B5836904460D4659
S3150803EAB03BB1036A13F0010011D194F85930FE2BC8
S3150803EAC00CD004F120004FF40011FFF74DFD01208F
S3150803EAD02B68C4F85B30AB88A4F85F3038BD0020D8
S3150803EAE0FCE7036A10B5044613F4602025D09A039D
S3150803EAF007D504F1280008F0F3F9236BA362002372
S3150803EB002363236A5B0307D504F12C0008F0E8F9AD
S3150803EB10636BE362002363634FF4602104F120000F
S3150803EB20FFF72AFD2046FFF780FD0120B4F88C3055
S3150803EB305A1C62F30B03A4F88C3010BD10B50446B7
S3150803EB40403008F0A3FA2046BDE810404FF00071A4
S3150803EB50FFF788BD012313B54189009304468389CA
S3150803EB60C289084602F001F8E0B1E279531E072B81
S3150803EB701AD86389934217D922899A4214D8237CCF
S3150803EB8043B9637C33B9A37C23B9E07C10B9237DED
S3150803EB900F2B07D9607D1B3000F01F000B288CBF95
S3150803EBA00020012002B010BD0020FBE7F8B58D79DF
S3150803EBB00C460C354B5D4F1903F0400343F0040331
S3150803EBC04B550623B91C7B70164600F0E0F8635DC7
S3150803EBD0002E60F386136355A3797A7803F102034B
S3150803EBE01344E371A4BF06367E70F8BD83790C33EC
S3150803EBF0C218937813F03F0004D0D378194214BF90
S3150803EC0001200020704773B54FF440758DF807103F
S3150803EC108179C580002507260C314552455C441881
S3150803EC2066F30305455402F001019207A27848BF2B
S3150803EC3041F0020161F38712A2709DF8072002B919
S3150803EC402BB101220DF1070108F026F90123A27859
S3150803EC5063F30502A27002B070BDF0B505461488C9
S3150803EC609C4208D2281947782E5D8F4205D1013474
S3150803EC7034449C4205DD002004E001363444A4B242
S3150803EC80EEE71480F0BD37B50C4640210546FFF77D
S3150803EC90ADFF50B10A2394FBF3F4012228460DF184
S3150803ECA007018DF8074008F0F7F803B030BD10B533
S3150803ECB08479C37904F10C021B1B02390244D8B2C6
S3150803ECC051FA83F353709378033860F3050393700B
S3150803ECD010BD70B505460E4600F06B0000211446BC
S3150803ECE0E1F7B2FA54FA80F4FF2C05D821463046E8
S3150803ECF0BDE8704003F086BEFF21304603F082FE6E
S3150803ED0005F04005FC3D00F5487061190446FF29E6
S3150803ED1004EB000304D8304603F074FE204470BDA8
S3150803ED201C462944F3E770B505460020049CE071A8
S3150803ED3012F0100001D1A07170BD0122A27188786A
S3150803ED404609F540EA0720D54A7800F01F0042EA4B
S3150803ED50002291F900000028ACBF1E204FF49670DC
S3150803ED6050430A78252102F03F02B2FBF1F501FB75
S3150803ED701522B0F5FA7F227106F1010262712CBFE2
S3150803ED80012202220344E27123600320D4E737B544
S3150803ED900246136A084603F4007403F48015DB0578
S3150803EDA005D47CB903F0CFFC204603B030BD4CB97B
S3150803EDB0B5FA85F4D2F85B1064090160B2F85F20EE
S3150803EDC08280F1E7019092F95A30B5FA85F40093F7
S3150803EDD000231A4619461846FFF714FC6409E3E7A5
S3150803EDE070B51446054610220E4620460021FFF745
S3150803EDF027F82B789A064FD06B1C23606A78D307BB
S3150803EE0043BFF34303F001032371012348BF0723D9
S3150803EE10900707D516F0020F0CBF194600210633D3
S3150803EE206171DBB2500707D516F0040F0CBF1946FC
S3150803EE3000210133A171DBB2100707D516F0080FBD
S3150803EE400CBF194600210233E171DBB2D00607D5A0
S3150803EE5016F0100F0CBF1946002103332172DBB2DB
S3150803EE60900607D516F0200F0CBF1946002112335A
S3150803EE706172DBB2510607D516F0400F0CBF1A466E
S3150803EE8000220133A272DBB22A7802F03F029A42C9
S3150803EE9082BFD21AE372227370BD50E8003F0B4358
S3150803EEA040E80032002AF8D17047C94350E8003FCA
S3150803EEB00B4040E80032002AF8D1704738B50546BA
S3150803EEC00C4603F06CFE20B149F640439C4228BF2A
S3150803EED01C46EA68A2420BD240F27121B5F87A3091
S3150803EEE04B43934238BF1346A34228BF23461A46C9
S3150803EEF02A6138BD03469A6A4430920404D5D3F886
S3150803EF002821998FE9F71EBF93F86F10E9F710BF09
S3150803EF100020704701207047002070477047002083
S3150803EF20704701207047C8207047002070470020AB
S3150803EF307047704770471120704770477047002025
S3150803EF407047704700207047704701207047704725
S3150803EF50704790F8852010B5531C03F00F03072B51
S3150803EF6028BF0023044663F30302034480F885207D
S3150803EF7083F87E1090F885306F2B4FEA13129EBFE5
S3150803EF80013262F3071380F88530FFF7E1FF204665
S3150803EF9094F83011FFF7CEFF10BD704770477047DE
S3150803EFA010B101F1B000704701F1D4007047F83091
S3150803EFB07047806A70472830FFF76FBF2830FFF71E
S3150803EFC074BFC06A70472C30FFF767BF2C30FFF752
S3150803EFD06CBF00F59C70704708B50B79DB0702D444
S3150803EFE0FFF7DBFF08BD91F90510BDE80840FFF7F9
S3150803EFF0B0BF70B540F2712606FB01F34568564368
S3150803F000826A1D441207044645600ED500F1400581
S3150803F010294600F13402E2F7C7FD3346294620465E
S3150803F020BDE87040012201F087BD05EB5605456032
S3150803F03070BD836A590505D4D0F8A03013B15B793E
S3150803F0409A0708D4D0F8A40000B9704743799B07F8
S3150803F05001D40068F8E70120704780F877107047F5
S3150803F06038B504460D46E1F7B5F980B2FFF79BFAC2
S3150803F07078B14288022DA08F11D0032D0BD0012D14
S3150803F08006D1238F626B1B01B3FBF2F3184480B2DC
S3150803F09038BD0122EEE74FF47A43626BF4E7638FD8
S3150803F0A05B00073313FB0200F1E738B5044601F0AA
S3150803F0B03DFF04F1A40007F013FF04F1A80007F0CD
S3150803F0C00FFF04F1AC0007F00BFF04F1A00007F0F3
S3150803F0D007FF2046E1F77EF9C4B22046FFF729FA6F
S3150803F0E005462046FFF727FA01462846FFF720FA82
S3150803F0F038BD38B5836A04461B0713D50246B0F8EC
S3150803F1007C3052F8341F4B4340F271214B4300F1D4
S3150803F1104001E2F749FD236C20469D08E1F7B2F862
S3150803F1202844E06040F27125616B20460139694342
S3150803F130FFF7C4FE636BB4F87C2020465A43636822
S3150803F140012105FB02336360BDE8384003F016BAB4
S3150803F15038B5D0F83431044600F5947543B3B3F99A
S3150803F1600030A4F832312046E1F734F9C0B2FFF78C
S3150803F170DAFE94F8303194F8312104F1440103F0AE
S3150803F18007FD01462846E9F783FBD4F83431B4F979
S3150803F190322183B1B3F900309A420FD0A36A9B0395
S3150803F1A00CD52046BDE838404FF40041E1F728B9AD
S3150803F1B047F6FF73D5E747F6FF73EDE738BDFFF765
S3150803F1C0C7BF836A0A4600F14401C3F34030E9F72F
S3150803F1D065BD38B504460D463AB94FF4C021283003
S3150803F1E0FFF763FE9DB9002038BDFFF7A8FE98B167
S3150803F1F028344FF4C0212046FFF757FE1DB14FF4BC
S3150803F2000031FFF74AFE4FF48021204601E04FF410
S3150803F2100031FFF742FEE6E71120E5E72DE9FF4156
S3150803F220836A04469B032CD5D0F8343163B3B3F908
S3150803F23000500020B4F93281E9F7ECF9A842B4BFCB
S3150803F2400026012603F0A9FCC82294F83011E9F731
S3150803F250EFF907462046E1F7BDF8AF42CCBF0027D2
S3150803F2600127A5EB08080FFA88F30293002346EA59
S3150803F2704706CDE900561A4694F8301180B200F0D5
S3150803F280C1FE04B0BDE8F08147F6FF75D1E7FFF785
S3150803F290C5BF86307047F8B504460E4600295AD0CE
S3150803F2A040F27123476B30465F43A7F28A277F08EC
S3150803F2B0394603F08DF994F88E30851FADB29D4219
S3150803F2C039463046A8BF1D4603F082F994F88F20C5
S3150803F2D0831F9BB29342A8BF1346F21E012AB4F8B2
S3150803F2E08610B4F888202BD8B1F5296F44F29020FC
S3150803F2F0B8BF4FF429618142A8BF0146B2F5296F09
S3150803F300B8BF4FF429628242A8BF02461B2DB8BF75
S3150803F3101B251B2BB8BF1B23304684F8913084F872
S3150803F3209050A4F88A10A4F88C2003F051F9831F8F
S3150803F3309BB2AB42A8BF2B46DBB284F89230F8BD2A
S3150803F340B1F5A47FB8BF4FF4A471B2F5A47FB8BFD3
S3150803F3504FF4A472DAE71B23EFE72DE9F341476B72
S3150803F360490089B28F42044616461D4639D040F2F3
S3150803F37071224368416302FB073302FB113343607F
S3150803F380E1F728F84FF0000887B2334642460121D1
S3150803F39038460195CDF80080FFF70DF93846FFF793
S3150803F3A012F941463846FFF707F90123618F228F81
S3150803F3B0B14218D09542668700D02587238F626BA2
S3150803F3C01B01B3FBF2F3204694F83011A4F89C30E2
S3150803F3D0FFF761FF0421204602B0BDE8F041E1F7DB
S3150803F3E00FB80023E2E79542E7D1A26A1207E5D5EB
S3150803F3F0002BE3D102B0BDE8F081F0B585B0044631
S3150803F4000E466A4600F1860300F18E07154618680C
S3150803F4105968083303C5BB422A46F7D118683146EB
S3150803F42028609B882046AB80FFF735FF9DF80B20A5
S3150803F43094F891309A4211D1BDF80620B4F88C306D
S3150803F4409A420BD19DF80A2094F890309A4205D136
S3150803F450BDF80420B4F88A309A4207D04FF48141A4
S3150803F460204605B0BDE8F040E0F7CABF05B0F0BDD9
S3150803F47037B5044694F88E50BDF818008D420BD163
S3150803F480B4F88650954207D194F88F509D4203D11C
S3150803F490B4F8885085421BD08DF80610ADF80420C1
S3150803F4A0019D84F88E1084F88F30A4F8880094F8A8
S3150803F4B030112046C4F84051A4F88620FFF79DFF73
S3150803F4C0B4F88A30A4F88630B4F88C30A4F88830B7
S3150803F4D003B030BD70B5044616460D4690F8303174
S3150803F4E0B1B1994214D00122FFF727FD294600221C
S3150803F4F02046FFF720FD2946204684F83051FFF7BA
S3150803F5007CFF2046BDE870404FF48441E0F778BF9E
S3150803F51019462046FFF771FF002EF2D170BDF8B5E4
S3150803F5201D46C36A04465B070F46164610D40421D4
S3150803F5302C30FFF7B2FC84F89A702046A4F896603C
S3150803F540A4F898504FF40061BDE8F840E0F758BFB7
S3150803F550F8BD10B511B190F89A400C7012B1B0F815
S3150803F5609610118013B1B0F898201A80C06AC0F3B8
S3150803F570800010BD4FF400412830FFF78EBC00F51C
S3150803F580A270704790F830017047F8B504460AF040
S3150803F590BBFF6568064603F092F92B1AB3F5FA73AF
S3150803F5A004D53046BDE8F8400AF0A9BF40F27122F7
S3150803F5B0616B94F870505143B3FBF1F3A28F98B281
S3150803F5C0121AA28794F86F2000FB1522252592FBB1
S3150803F5D0F5F705FB1722002AB8BF521984F86F20DE
S3150803F5E0B4F89C20121AA4F89C20626800FB112226
S3150803F5F000212046626002F0C1FFD2E700232DE90D
S3150803F600F3474E790446B20758BF06F00106084683
S3150803F61048BF0326ADF8043058BF01360D46FEF73A
S3150803F62081FF074607F01F03002BE36A15BF4FF058
S3150803F63001084FF000084FF003094FF002099B0534
S3150803F6400CD59DF80430294666F3010368F3451380
S3150803F6508DF804302046019A00F019FB284607F076
S3150803F660B3FC82464946284607F07AFC9DF80430DF
S3150803F670AA7966F3010368F345138DF804308DF808
S3150803F68005A0BDF804300C32AB529DF80430A91816
S3150803F69098066B7948BF8F7043F001036B710AF0C4
S3150803F6A033FF06462046294650F8A47F07F0EEFCAA
S3150803F6B094F846312046013384F84631E0F78AFE4A
S3150803F6C080B2FEF770FF80B14388A26A12070ED58F
S3150803F6D0B4F87C209A4202D92046FFF756FF3046F3
S3150803F6E002B0BDE8F0470AF00ABF0123EDE76568F3
S3150803F6F003F0E5F88046E6F7FFFB8442EFD1A5EB76
S3150803F7000805B5F57A7FEADD1FB1D4F8A030002BDA
S3150803F710E5D1E6F7E9FFE2E7F0B5036B0446990797
S3150803F72090F8775087B001D5FFF7BFFC236BDA074C
S3150803F73033D5A76A3B0723D517F4002F14BF03262F
S3150803F74001262046E0F746FE94F89B30314605939A
S3150803F7500023049394F83E30C7F380020393238F60
S3150803F76080B20293638F0193636BC3F34F030093D2
S3150803F77004F1710300F0B9FF30B9002007B0F0BDFA
S3150803F780BE0C06F00206DCE7012104F13000FFF7A0
S3150803F7908CFB4FF40051FFF780FB236B980410D5BD
S3150803F7A02046E0F717FEA16AC0B2C1F3403100F064
S3150803F7B00EFC0028E1D04FF4005104F13000FFF7A6
S3150803F7C074FB236BD90409D500212046E1F724FBF2
S3150803F7D04FF4805104F13000FFF767FB236B5A059A
S3150803F7E012D52046E0F7F6FD002394F89B60C2B2D3
S3150803F7F01946304600F029FD0028BED04FF4806133
S3150803F80004F13000FFF751FB236B5B0711D5204644
S3150803F810E0F7E0FD616B238F628FC1F34F0180B27E
S3150803F82000F043FF0028A8D0042104F13000FFF7B5
S3150803F8303CFB236B1F0709D5204601F066FD00280C
S3150803F8409BD0082104F13000FFF72FFB236BDE065C
S3150803F85018D52046E0F7BEFDE16A80B211F480515F
S3150803F86000F0DB80002100F0B5FF002885D04FF4B7
S3150803F870805104F12C00FFF718FB102104F1300026
S3150803F880FFF713FB236B580613D52046E0F7A2FDB3
S3150803F89094F8773080B20093D4E9082300F07DFF0B
S3150803F8A000283FF46AAF402104F13000FFF7FDFA60
S3150803F8B00025236B190516D52046E0F78BFD002393
S3150803F8C00093B4F89830B4F8962094F89A1080B256
S3150803F8D000F030FB00283FF450AF4FF4006104F109
S3150803F8E03000FFF7E2FA236B13F480462FD19A050B
S3150803F8F013D52046E0F76EFD3346324694F83011A9
S3150803F90080B2E2F7FDF800283FF437AF4FF40071F1
S3150803F91004F13000FFF7C9FA3546236B1B0616D5E3
S3150803F9202046E0F757FDB4F88C3080B2009394F87C
S3150803F9309130B4F88A2094F8901000F07DFF0028DF
S3150803F9403FF41BAF802104F13000FFF7AEFA236BB7
S3150803F9509F0610D52046E0F73DFD94F8771080B250
S3150803F96000F04FFF00283FF408AF202104F13000D0
S3150803F970FFF79BFA0025236BDE0508D504F1300053
S3150803F9804FF48071FFF791FA204601F0E9FA236BE9
S3150803F990180408D504F130004FF40041FFF785FA3F
S3150803F9A02046FFF774FC236BD90308D504F130000E
S3150803F9B04FF48031FFF779FA2046FFF7BAFA236B3B
S3150803F9C09A0308D504F130004FF40031FFF76DFAB6
S3150803F9D02046FFF7BCFA236B9B071AD5002220465D
S3150803F9E01146FFF7B2FA2046FFF7B1FA2046E0F7C9
S3150803F9F0F1FC94F8771080B200F0B9FF00283FF4C1
S3150803FA00BCAE04F130000221FFF74FFA2046E0F7B7
S3150803FA10EDFF012084F87750B0E600F0F2FE24E704
S3150803FA2008B5022007F0F7FB10B100F086FF0120A6
S3150803FA3008BD10B504464FF440712830FFF735FA70
S3150803FA402046BDE810400021E1F7E6B9012310B5C9
S3150803FA50A1F12002C1F1200423FA04F403FA02F205
S3150803FA6022438B40D0E9084123400A40134314BF7D
S3150803FA700120002010BDC36A10B5044613F0080020
S3150803FA8012D00123A1F12002C1F1200023FA00F0CC
S3150803FA9003FA02F202438B40D4E9080103400A4001
S3150803FAA0134314BF0120002010BD10B50C46C9B27C
S3150803FAB0FFF7E1FF70B1E7F739FDC4F12002A4F1BE
S3150803FAC02003E04001FA02F2104321FA03F3184334
S3150803FAD000F0010010BD70B504460E46E2F72AFA97
S3150803FAE00AF012FD05460221204684F87760E0F7FE
S3150803FAF087FC2046012102F030FD2846BDE8704008
S3150803FB000AF0FDBC70B504460D460AF0FDFC064630
S3150803FB10E6F7F2F9844201D1E6F7C6FD30460AF064
S3150803FB20EEFC29462046BDE87040FFF7D4BF0B68B4
S3150803FB30C0F84031704738B540F64805D0F840312B
S3150803FB400C460B609BB2AB4204D90B21FFF7ADFF02
S3150803FB5008B9258038BD44F290232380FAE708B50F
S3150803FB60E0F7F6FD00F093FB00F008F8E2F7E2F899
S3150803FB70E2F706FFBDE80840E2F782BF704770B5B3
S3150803FB8015460E461C46FFF712FA2B684EB103605C
S3150803FB906B6843602368C0F825302368C0F81530BE
S3150803FBA070BD83606B68C3602368C0F82930236817
S3150803FBB0C0F81930F4E770B50546FFF7F8F90446B7
S3150803FBC00AF0A2FC06464FF480712846FFF7F3F9BC
S3150803FBD04FF400612846FFF7F6F930460AF08FFC22
S3150803FBE00023284623612375236284F82430FFF70C
S3150803FBF0E0F9802310F0080F14BF237584F8243026
S3150803FC0070BD10B50446FFF714FF2046BDE8104043
S3150803FC101021E0F7F5BB10B504464FF46061FFF712
S3150803FC20D5F92046BDE81040FFF703BF7FB5064662
S3150803FC300C46FFF7BCF94FF4C06105463046FFF79B
S3150803FC40C2F94FF400613046FFF7C0F94FF48060FC
S3150803FC50E7F7E6FB224670B969462846E8F758FFF0
S3150803FC606B4605F1100213F8011B02F8011DAA429F
S3150803FC70F9D104B070BD6C4602F11006234610682C
S3150803FC805168083203C3B2421C46F7D1E8E737B5D1
S3150803FC900D46ADF80420FFF78AF9044600F1200360
S3150803FCA0024601992846E8F763FE236A013323626D
S3150803FCB023B994F82430013384F8243003B030BDD3
S3150803FCC037B50D46ADF80420FFF771F901990446D7
S3150803FCD0024600F110032846E8F7AEFE30B1236961
S3150803FCE00133236113B9237D0133237503B030BD73
S3150803FCF041F0004141F4E0210160704710B5DC1D75
S3150803FD00043383734379C47123F0030343F0030372
S3150803FD100E244371012344738371C373018282746E
S3150803FD2010BDD31CC371FF2343734379827323F036
S3150803FD30030343F0030343710123C17383717047BC
S3150803FD40D31CC3713E2343734379827323F003039E
S3150803FD5043F0030343710123C173837170470F2370
S3150803FD604373042383734379A0F8111023F0030321
S3150803FD7043F00303437140F20173C3800123C27343
S3150803FD8003747047D31CC3714379417323F0030388
S3150803FD9043F003034371012382738371704708B5E4
S3150803FDA00023FFF7ABFFBDE80840E1F7C3BB2DE926
S3150803FDB0F3418846162117461E46099D019007F00A
S3150803FDC05FF8162805D001A807F08AF802B0BDE83F
S3150803FDD0F0813E22019829464479837924F0030465
S3150803FDE00C3344F003044471C418C25414236370D7
S3150803FDF0002308A81A46FEF7FAFB2423A3709DF8E6
S3150803FE00203084F80380E3719DF82830A780A37314
S3150803FE10BDF82C30A671A4F80F309DF83030019840
S3150803FE2063749DF83430A3749DF83830E3749DF8F1
S3150803FE303C3023759DF8403063752B68A360AB8807
S3150803FE40A381E1F777FBC1E72DE9F34188461A2138
S3150803FE5017461E460B9D019007F012F81A2805D07F
S3150803FE6001A807F03DF802B0BDE8F0810198182211
S3150803FE704479EC2124F0030444F003044471FFF7A6
S3150803FE8050FF019C0AA8A37929460C331C44002376
S3150803FE901A46FEF7ACFB9DF8203084F803802381CD
S3150803FEA09DF82430A780A3729DF82830E680E37274
S3150803FEB09DF830300198A374BDF83430A4F8133094
S3150803FEC09DF8383063759DF83C30A3759DF840302E
S3150803FED0E3759DF8443023769DF8483063762B689E
S3150803FEE0E360AB882382E1F725FBBCE738B5044614
S3150803FEF00D4603221021FFF723FF83791C44A4F838
S3150803FF000F50BDE83840E1F715BB10B5044607F0B6
S3150803FF105BF83E21A379C0B20C33E218E154831E81
S3150803FF20537025230D38107393702046BDE810408F
S3150803FF30E1F700BB2DE9F8438046022089461746B8
S3150803FF401E4607F068F9D0B10C234373082383735D
S3150803FF5040F601334579C38025F003059DF8203023
S3150803FF6045F003054571A0F8108080F81290A0F8B3
S3150803FF701370A0F81560C373E1F7DCFA0120BDE836
S3150803FF80F88308B5022007F046F930B1012211219A
S3150803FF90FFF7D6FEE1F7CEFA012008BDF8B5044609
S3150803FFA00F46164613211D460922FFF7C9FE837914
S3150803FFB00C331C44A170E77026712B68C4F805300E
S3150803FFC0AB88A4F80930BDE8F840E1F7B3BA70B5D1
S3150803FFD0064602200D4607F01EF9044668B11421A9
S3150803FFE00422FFF7ADFE83790C331C44A170A4F8F1
S3150803FFF003606571E1F79EFA012070BD08B505F047
S31508040000DBFE08BD2DE9F041074602200D46904661
S315080400101E4607F000F90446E0B109222121FFF73C
S315080400208FFE0A2283790C331C44BDF9183084F8F0
S31508040030038093FBF2F323729DF81C30A780637246
S31508040040BDF92030A67193FBF2F3E571A372E1F7CB
S3150804005071FA0120BDE8F08137B5044606F0B4FF0D
S315080400603E22A379C0B20C33E518E254831E6B70A2
S315080400700D23AB70AB791C38012BE8768DF8073065
S3150804008009D10023E91D1A460DF10700FEF7AFFA58
S315080400909DF80730AB712046E1F74CFA03B030BD42
S315080400A0704710B5E1F780FA837900210C33C41838
S315080400B0E078DFF735FC6168FEF7D8FC0446E1F71B
S315080400C079FA2246BDE8104000234FF61941FFF796
S315080400D015BE10B5E1F768FA837900210C33C41804
S315080400E0E078DFF71DFC6168FEF7CEFC0446E1F70D
S315080400F061FA2246BDE8104000234FF61A41FFF77D
S31508040100FDBD2DE9F041E1F74FFA837900250C335B
S31508040110C418E678E1F748FA0768E1F745FAA6F15C
S31508040120FE035942594105603046DFF7F9FB3B4661
S3150804013029462279FEF7F1FB0446E1F73BFA2B46FA
S315080401402246BDE8F04142F23701FFF7D7BD2DE953
S31508040150F041E1F729FA837900250C33C418E678C7
S31508040160E1F722FA0768E1F71FFAA6F1FE035942F6
S31508040170594105603046DFF7D3FB3B462279012116
S31508040180FEF7CBFB0446E1F715FA2B462246BDE8F3
S31508040190F04142F23801FFF7B1BD2DE9F047E1F726
S315080401A003FA83790C33C418277994F8038027B99A
S315080401B0B8F1010F27D0DFF715FE00260534BE4235
S315080401C00ADB0025E1F7F6F92A46BDE8F0470023DD
S315080401D042F23901FFF792BD2078B4F80150A0F134
S315080401E0FE035942594194F803900434DFF798FB07
S315080401F058B12A464B464146DFF7EEFC0546002829
S31508040200E0D10136DBE71225DCE74225DAE710B54B
S31508040210E1F7CAF9837900210C33C418E078DFF7CB
S315080402207FFB80B1211DFEF73FFC00280CBF0C2480
S315080402300024E1F7BFF92246BDE81040002342F244
S315080402403501FFF75BBD4224F3E7FE282DE9F843A1
S315080402500646894690461F4616D0022006F0DBFF5E
S31508040260044690B106221221FFF76AFD1223A579E6
S3150804027020460C352544AB7085F803902E71A5F8F5
S315080402800580EF71E1F756F90120BDE8F883704758
S3150804029010B5E2F715FE0446FEF79FF92043C0B2EF
S315080402A010BD38B5E1F780F98379C17903F10C02F9
S315080402B00244CB1A02200021B2F8035007F0D6F8FC
S315080402C0044640B9E1F776F90722BDE8384042F218
S315080402D01901FFF744BD2846E0F768F838B1214606
S315080402E0E2F762FB0446E1F765F92246EDE72046A4
S315080402F0F5F7CAFB0224F6E770B5E1F755F98379F1
S315080403001844B0F80F60B0B2E0F750F880B1002195
S3150804031000F0A3FF0546E1F74DF9044602232A46F1
S3150804032042F21B01FFF7EAFCA3791C44668270BDFE
S315080403300225F0E770B5E1F737F983790C33C41869
S31508040340B4F803502846E0F731F8A0B1611D00F06F
S3150804035084FF0646E1F72EF904460223324642F2A2
S315080403601A01FFF7CBFCE37923449D72E3792D0A3E
S315080403701C44E57270BD0226ECE710B5E1F714F9E2
S3150804038083790C3318444479B0F80300E0F70EF87F
S3150804039060B12146E2F7E4F80446E1F70BF9E2B264
S315080403A040F20641BDE81040FFF7D9BC0224F4E741
S315080403B070B5E1F7F9F883791844B0F80F500AF0E4
S315080403C0A3F804462846DFF7F1FF80B11621FFF7A4
S315080403D099FB002520460AF092F8E1F7EBF82A463D
S315080403E0BDE8704000234FF60441FFF787BC022599
S315080403F0F0E7F8B5E1F7D8F8847905460C340444EF
S31508040400B4F80300DFF7D2FF064640B9E1F7D2F89D
S315080404100222BDE8F84042F21301FFF7A0BCAB790B
S31508040420E97903F10C020220CB1A2A44002107F0C9
S315080404301DF8014618B9E1F7BDF80722E9E78379FB
S31508040440033383713046B4F80D50B4F80F70E2F7ED
S315080404502DF804463A4629463046E0F713FBE1F7F9
S31508040460A9F82246D5E738B50AF04EF80446FFF748
S315080404700FFF00280CBF0C250025E1F79BF82A4638
S3150804048042F20E01FFF78BFCE3F796F82046BDE827
S3150804049038400AF034B82DE9F04F8DB0E1F784F806
S315080404A042F2850390F80680064608F10C0830F8EF
S315080404B0082000EB08049A4202680ED10021E3786A
S315080404C094F80490FF2B016004F10504059229D1E0
S315080404D0B9F1FF0F07D0122515E000234FF0FF09E5
S315080404E0036003340592E7F727F8637A33EA0002D0
S315080404F036D1184010F0050FEDD009F11003DBB220
S315080405000E2B2AD84225059B13B105A806F0E8FC4C
S31508040510E1F750F82A4636F80810FFF720FC0DB024
S31508040520BDE8F08FB9F1FF0F01D19946DBE703F176
S315080405301002D2B20E2AE5D989F080027E2ACAD9D7
S31508040540CB469946E0F700FA074658B9059B13B116
S3150804055005A806F0C5FC0725DAE74FF0FF0BF1E717
S315080405601125D0E7FFF794FE30B1059B13B105A812
S3150804057006F0B6FC0C2435E0637803F0FD03012B82
S3150804058009D102F0E9F830B9059B13B105A806F0BC
S31508040590A7FC122426E004F1030A5146A01CFEF720
S315080405A03FF85046A178E0F743FA054630B1059B73
S315080405B013B105A806F094FC2C4613E0B9F1FF0F15
S315080405C0A27814D005A963783846CDE901A100922A
S315080405D049465A46FEF703F8059B0446002B49D1BB
S315080405E0002C95D03846E0F701FA254690E7637A59
S315080405F08DF818008DF81B3023788DF81A208DF89D
S315080406001930DAF80030CDF81D30BAF80430ADF8F0
S31508040610213063788DF81C30059B9A790C32134483
S3150804062059791A7942EA0122ADF82420D9799A79B6
S3150804063042EA0122ADF82620597A1A7A42EA0122B8
S31508040640ADF82820D97A9A7A42EA0122ADF82A2006
S31508040650597B1A7B42EA0122ADF82C209A7BDB7B74
S31508040660394642EA0323024606A8ADF82E30E3F7D4
S3150804067079F8B1E705A806F033FCB1E710B5E0F759
S3150804068093FF83790C330344B3F80300B3F80510D6
S31508040690C0B2E0F759FAE0F78DFFBDE81040002331
S315080406A042F224011A46FFF729BB2DE9F84381468D
S315080406B00220884617461E4606F0ADFD044690B14C
S315080406C00A220321FFF73CFB0023A57920460C35B3
S315080406D02544EB70A5F80490A5F806802F816E8151
S315080406E0E0F728FF0120BDE8F8832DE9F0438146A9
S315080406F085B002200E461F469DF844808DF80F20CB
S3150804070006F089FD0546002844D022222921FFF750
S3150804071017FB0022AC7930460C342C4404F10E0342
S3150804072004F11401C4F80E209A80626122830091B0
S315080407303A460DF10F01FDF75BFF9DF84030A4F82A
S315080407400490E37006F00103A3719DF80F3016F0C8
S31508040750FD0FE3713B68A360BB88A3814FF6FF7363
S3150804076004D0032E08BF43464FF0FF08BDF83020D7
S3150804077028466283BDF8342084F82180A283BDF814
S3150804078038206384E2839DF83C2084F82020E0F72F
S31508040790D1FE012005B0BDE8F083F8B5074602206E
S315080407A016461D4606F037FD044690B10C22042170
S315080407B0FFF7C6FAA1799DF818300C312144204672
S315080407C08F80C1F80660C1F80A50CB70E0F7B2FE14
S315080407D00120F8BD70B5064602200D4606F01BFD3D
S315080407E0044668B103223021FFF7CCFAA3792046E0
S315080407F00C332344A3F803609D70E0F79BFE0120A5
S3150804080070BD70B5064602200D4606F004FD044682
S3150804081088B104220821FFF7B5FAB5FA85F2A37957
S3150804082052090C3323442046A3F803605A719D7079
S31508040830E0F780FE012070BD2DE9F84381460220C9
S31508040840884617461E4606F0E6FC0446B0B10B2257
S315080408500721FFF775FAA579BDF820300C3525442C
S315080408602046A5F80390A5F80580A5F80770A5F80D
S315080408700960A5F80B30E0F75DFE0120BDE8F883B2
S31508040880F8B5074602200E46154606F0C4FC04468B
S31508040890A0B10D220521FFF753FAA37920460C339C
S315080408A02344A3F80370A3F80D602A68C3F8052047
S315080408B06A68C3F80920E0F73DFE0120F8BD2DE972
S315080408C0FF4116466A4680460F4615460A9C03F1BA
S315080408D0100E9446186859680833ACE80300734543
S315080408E06246F6D124B9022006F095FC044608B3FC
S315080408F01D22ED212046FFF714FAA3790C3323446D
S31508040900A3F80380A3F80D702EB13268C3F8052046
S315080409107268C3F809200F3304AE2A4603CAB242E2
S3150804092018605960154603F10803F6D12046E0F726
S3150804093001FE012004B0BDE8F08113B513218279C4
S3150804094001900C32841881544FF44072C280E0F747
S3150804095093FBA07020B901A806F0C2FA02B010BD34
S315080409608000013060700198E0F7E4FDF6E770B5A1
S31508040970064602200D4606F04EFC044678B10422CB
S315080409800521FFF7FFF90022A37920460C332344F7
S31508040990A3F803605D719A70E0F7CCFD012070BD81
S315080409A013B5837901900C33C418C05CDFF7FEFCD9
S315080409B020B901A806F094FA02B010BD637801992B
S315080409C013F0300F0CBF012200228B7904338B718C
S315080409D04B7962F300034B71E0F71EFAECE72DE955
S315080409E0F041E0F7E1FD83790C33C418B4F80380C9
S315080409F01FFA88F0DFF7DAFC054600B3A2796179B5
S31508040A00FEF7E7FB0646E0F7D5FD0746022332461E
S31508040A1042F27A01FFF772F9BB7938463B44A3F8E8
S31508040A201280E0F787FD46B9A37933B12846FEF765
S31508040A30A9FD01462846FEF784FABDE8F081022698
S31508040A40E1E700F0C7BE704738B5044602F0A5F8DA
S31508040A50054658B9C820E7F73DFFC82202212846AB
S31508040A60E7F7E6FD8442A8BF044624B22046E7F722
S31508040A7031FF02F092F8BDE83840C8220221E7F7B0
S31508040A80D7BDB0F90020B1F900302DE9F0479A42F4
S31508040A9004460D4648DC09F037FD8046DFF73CFF7F
S31508040AA000283ED1E7F7B6FD824602F076F8C8225A
S31508040AB00221E7F7BDFD47F6FF73B5F90020814625
S31508040AC09A4202D1E7F7D0FD288047F6FF73B4F9B6
S31508040AD000209A4202D1E7F7BFFD2080B5F900004D
S31508040AE0FFF7B2FFB4F9003007468342C8BF208037
S31508040AF0B4F90000E7F7D8FEFEF717FA064658B128
S31508040B005046E7F7D1FE4846E7F7E4FE404609F0C3
S31508040B10F6FC3046BDE8F087E7F77CFD20802F8099
S31508040B20F4E741F20C06F1E72126F2E74368143BA1
S31508040B304360A0230B6070471AB94268A2EB5302BC
S31508040B4042600A6802EB83020A60704713B50421FF
S31508040B500DEB0100E2F7BCF8019C2046E1F774F8B6
S31508040B600028F4D0204602B010BD884210B51BD820
S31508040B70052819D9B1F5486F16D8B3F5FA7F13D2F3
S31508040B8040F67644A2F10A0080B2A0420CD8BDF819
S31508040B90080001339BB243434B435B00B3EBC20FDC
S31508040BA094BF0120002010BD0020FCE7C94350E88B
S31508040BB0003F0B4040E80032002AF8D17047002075
S31508040BC070472DE9F04104460E46002501272146C3
S31508040BD085F00100FEF7E4F94FF48051FFF7E6FFCC
S31508040BE08368804633B938460DB1BDE8F0810125DE
S31508040BF00746ECE7028AB24206D1002201212046C2
S31508040C0098470028EFD1EFE70268D10502D50022FC
S31508040C101146F4E79307E6D52046FEF70AFA024694
S31508040C200028E0D10521D8F80830E8E708B5FEF72A
S31508040C30D0F900230380436008BD70B506460C4608
S31508040C4009F062FC05463046FEF7C3F930B103786D
S31508040C501C4304704FF40070ECF746FC2846BDE8C4
S31508040C60704009F04CBCE0F7D7B807B542798DF85F
S31508040C70071022F0030242F00302427140F20332E3
S31508040C800DF10701C280012206F006F903B05DF8EA
S31508040C9004FB70B50C460546072120461646FFF7A1
S31508040CA0E4FF2046E1F7B6F8214646702846BDE833
S31508040CB07040E0F7B1B838B50C4600210546FEF792
S31508040CC0CFF947F6FE73241AA4B29C4205D92846DE
S31508040CD02821FEF700FF002038BD0120FCE738B5BF
S31508040CE004460D4601460020FEF75AF903689B059B
S31508040CF005D429462046BDE83840FFF7DCBF002066
S31508040D0038BD2DE9F04115461F469DF81880FEF7B3
S31508040D1047F9044609F0F8FBB8F1010F064623D152
S31508040D2054E8003F43F4807344E80032002AF7D1BC
S31508040D3005B354E8002F42F4007244E80023002B5C
S31508040D40F7D1FF212046FFF731FF54E8002F48EA80
S31508040D50020244E80023002BF7D13046A560278217
S31508040D60BDE8F04109F0CBBB4FF480712046FFF78C
S31508040D701DFFDDE74FF400712046FFF717FFE0E794
S31508040D8073B5064601200C46FEF70AF90023054604
S31508040D901A46009321463046FFF7B3FF6B6863B1E2
S31508040DA04FF480712046DFF72BFB55E8003F43F4E8
S31508040DB0007345E80032002AF7D109F0A5FB054679
S31508040DC02046FEF706F928B103881BB14FF40070D4
S31508040DD0ECF78AFB284602B0BDE8704009F08FBBE1
S31508040DE038B505460C46FEF7DBF883684BB1022195
S31508040DF020460022984721462846BDE83840FFF792
S31508040E00BFBF38BD012938B505460C4608D0CC1EE7
S31508040E10012C03D801460120FFF7E2FF012038BD63
S31508040E202221FEF71AF920462946FFF7D9FF0020A2
S31508040E30F5E708B5FEF7B4F8006800F0F00008BD59
S31508040E4010B5014604460120FFF7F3FF20B92146F1
S31508040E50BDE81040FFF7EDBF10BD70B506460C4659
S31508040E6001460120FEF79CF8314605460020FEF7A8
S31508040E7097F82B680268014643EA0200C0051ED4A7
S31508040E809B0502F4007203D49AB94FF0FF3070BD83
S31508040E902B8A1B1B98B27AB1098A091B89B2884224
S31508040EA0A8BF08464FF6FF73984208BF4FF0FF30B5
S31508040EB0EDE74FF6FF70EFE74FF6FF71EFE7012016
S31508040EC0E5E72DE9F341044601910146012015465B
S31508040ED0FEF766F8214606460020FEF761F88046C6
S31508040EE02046FEF766F8810606D501A805F0F8FF40
S31508040EF00C2002B0BDE8F08109F006FB336807460A
S31508040F009A0503D4D8F800309B0509D50199301DF4
S31508040F108D6006F0BBF8384609F0F1FA0020E8E7D8
S31508040F2009F0EDFA20460199A847E2E738B50146E3
S31508040F3004460120FEF734F805460C3005F0D0FFC8
S31508040F40281D05F0CDFF21460020FEF729F80446A2
S31508040F500C3005F0C5FF201DBDE8384005F0C0BFBC
S31508040F6070B5014605460120FEF71AF80646043010
S31508040F7006F01AF8044670B14FF400713046FFF7CC
S31508040F8015FE21462846A368984720B12046BDE8A1
S31508040F907040F4F779BD70BD00238260C0E9003162
S31508040FA0704708B50B4601461846FDF7F9FF006871
S31508040FB0C0F3402008BDFFF725BFCB1E012B70B533
S31508040FC004460D46164606D81A21FEF746F8402169
S31508040FD02046DFF715FA324629462046BDE8704012
S31508040FE0FFF710BF38B504460D46FEF722F828B1B8
S31508040FF0012D04D122212046FEF72FF8002038BD02
S31508041000F8B50C468B7907460B44D3F80D60D3F82C
S3150804101011303246DFF7E2FE09212046FFF725FEA6
S315080410202046E0F7F7FEA579E6F780FA0C3566F070
S31508041030FF0625440640C5F80160E6F777FA384600
S31508041040C5F805102146FFF70EFE02213846FFF7BC
S31508041050F4FDF8BD70B50E46054601460020FDF7B9
S315080410609FFF012E044603D0022E11D0012070BD25
S31508041070C16828468B7919440D31FEF7A2F8E06851
S31508041080F4F702FD00202946E060FFF779FEEDE754
S31508041090C068F4F7F9FC0023E360E7E738B50D46C2
S315080410A0044601460120FDF77BFF012D08D100F116
S315080410B012012046FEF785F821462846FFF760FE0A
S315080410C0012038BD08B5FDF774FFC0F3C00008BD9C
S315080410D008B5FDF776FF00F0010008BD38B50C46E3
S315080410E002210546FDF76FFF0C212046FFF7BDFDDB
S315080410F02046E0F78FFE4FF0FF3383700223C37058
S315080411000E2343706FF02F030371052321464371A1
S315080411102846BDE83840FFF7A6BDF8B504460D468F
S31508041120DFF758F94FF0FF3180B2FDF74DFA204644
S31508041130FFF7C8FF80F00107FFB221463846FDF7DE
S315080411402FFF0646C068012D837903D0022D20D0CF
S315080411500120F8BD0C33C5182B892046EA88A988CE
S31508041160FEF7FBF869886A7849005200204689B276
S31508041170FDF73FFFF068F4F787FC002320464FF499
S315080411808031F360FDF722FF21463846FFF7F8FD64
S31508041190DEE7F4F779FC00234FF480312046F36048
S315080411A0FDF714FFD4E7042910B5044601D000203E
S315080411B010BDFFF787FFC0F10200E6F731F90028F2
S315080411C0F5D106F028F8014608B90220F0E72046CA
S315080411D0E1F790F90028F8D10120E9E708B5FDF709
S315080411E0E8FEC0F3C00008BD2DE9F0410F460446E9
S315080411F09046FFF7F3FF80F00105EDB22146284635
S31508041200FDF7CEFE012F064603D0032F0FD001208B
S315080412100BE02046FEF7FFFC22212046FDF71DFFC2
S3150804122028462146FFF7DCFD0020BDE8F081C068AA
S31508041230F4F72AFC00232046F360FEF7ECFC20466C
S3150804124098F80410FDF709FF20462021DFF7D8F89F
S3150804125021462846FFF7C4FDD9E737B504460D46A7
S31508041260FDF7AFFE03054CD5022005F0D4FF019027
S31508041270002848D0204645B3FFF7B0FF50B10521F2
S315080412800198FFF7F2FC0198E0F7C4FD204601999E
S31508041290FFF7E9FC20462946FEF7C8FC2046FFF777
S315080412A09DFF78B94FF400612046FDF787FE0621B5
S315080412B00198FFF7DAFC0198E0F7ACFD204601999E
S315080412C0FFF7D1FC002003B030BDFFF787FF68B1F4
S315080412D00199032306222046E0F7AEFD2046FEF7D1
S315080412E09AFC21462846FFF77BFDEBE701A805F0A3
S315080412F0F7FD20463D21FEF7EEFB2046FEF78BFC64
S31508041300E0E70C20DFE70720DDE7F7B501460446EA
S315080413100020FDF745FE054600F112074FF48060EC
S31508041320E6F77EF850B92046DFF754F83A46698B53
S3150804133080B203B0BDE8F040FFF7A2BA2046DFF753
S3150804134049F8064620466D8BFDF731FE0022034612
S31508041350009229463A46B0B2FFF7B1FA03B0F0BD97
S3150804136083781A2B09D81B2383700288B2F5A47FC5
S3150804137007D24FF4A473038007E0FB2BF5D9FB23AC
S31508041380F2E744F290239A42F5D87047F0B504463A
S31508041390CA798B7987B043EA0223ADF80C308B8877
S315080413A003A88DF80E30CA788B7840F6480543EAC8
S315080413B00223ADF810300B8805A98DF81230FFF713
S315080413C0CFFF04A8FFF7CCFF2046FEF7B4FB0B219A
S315080413D02046FEF76AFB44F29023002818BF1D46F0
S315080413E0BDF80C709DF80E30BDF81460BDF81020D9
S315080413F09DF816009DF81210AF42D4BF00970095C9
S31508041400FB2BA8BFFB23B242A8BF32468142A8BF22
S3150804141001462046FEF72CF807B0F0BD37B514464A
S3150804142005461046FFF721FC2046E0F7F3FC01A920
S3150804143004462846FEF77FFB0B212846FEF735FBB4
S315080414406FF004036370002344F29022A37040F6FD
S315080414504803002818BF1346A4F803309DF806303D
S31508041460A4F80530BDF80430A4F8073003B030BD3D
S31508041470FFF7C8BC022973B505460C4603D00024F9
S31508041480204602B070BD0521FEF7E0FA0028F6D022
S31508041490DFF760FB1B28F2D94FF40040E5F7C0FFDD
S315080414A00028ECD105F0B7FE06460028E8D0284601
S315080414B001A9FEF740FB314628469DF80630BDF8DB
S315080414C00420E1F7F3FA0028D9D10124D8E730B18A
S315080414D090FAA0F00123B0FA80F08340D8B270479E
S315080414E070B50646FDF76DFD80F040040206054614
S315080414F0C4F3801406D408213046FEF7D6FA08B198
S3150804150044F00204EB0506D40B213046FEF7CDFA67
S3150804151008B144F00404204670BD4B1E032B10B5D5
S315080415200C4602D90023184610BD0329FAD0FFF742
S31508041530D7FF04EA00038443F4D1F4E72DE9F7431B
S315080415400446884617460193FDF73BFDC0F340154C
S315080415502046FEF714F8214681462846FDF720FD65
S31508041560064607B32046DEF735FF80462046FEF7D3
S3150804157009F83A460146019B1FFA88F0E0F7C0FAD3
S3150804158021462846FFF7FCFB20212046FDF71EFDD1
S3150804159056E8003F43F4805346E80032002AF7D160
S315080415A003B0BDE8F08301A805F09AFC99F8011088
S315080415B0404601F00F0100F0F6FF062818BF014661
S315080415C02A4608BF00212046FDF784FFD8E7F8B568
S315080415D00F4604461546FDF7F4FC032FC0F34016E0
S315080415E00DD0042F1BD0012F17D122212046FDF739
S315080415F034FD30462146FFF7F3FB0020F8BD2B687F
S315080416002A791B6800212046FFF798FF00222B68D9
S31508041610214630461A60FFF7E3FB0120EEE72B6804
S315080416200C221B68EEE7012910B504460CD1FDF718
S31508041630C8FC2146C0F34010FDF7B2FC0023817CA8
S315080416401A462046FFF77AFF012010BD2DE9F74315
S315080416500F460546FDF7B5FC00F02009C0F340180F
S315080416602846FDF78CFFBB790C333B445E789B78A0
S315080416701E400378C3F3030000EA13103040FFF753
S3150804168026FF044648B9B9F1000F06D12846FFF7E4
S3150804169027FF3040FFF71BFF04462846FDF772FF75
S315080416A0E4F75AFDA04223D01CB302212846FDF7CD
S315080416B0D7FC002106462846FDF7EDFD18213846D5
S315080416C0FFF7D3FA3846E0F7A5FBB6B239464470B5
S315080416D08470A0F803602846FFF7C5FA2346224615
S315080416E0294640460096E1F71BFA03B0BDE8F083A5
S315080416F000242646E2E770B504460D46FFF7A0FB2C
S3150804170028B929462046BDE87040FFF79FBF402800
S3150804171029462046BDE870404FF0160314BF2A2216
S315080417202322E0F789BB38B505460C46FDF749FC84
S31508041730830604D42046BDE83840F4F7A5B9214603
S315080417402846BDE83840FFF781BF2DE9F3418C7977
S3150804175006460C340C440D46FDF733FCA1780746BF
S315080417603046FFF7DAFE617880463046FFF7D5FE45
S31508041770B4F8032003460092C7F3401042463146A4
S31508041780E1F7CEF9284602B0BDE8F041F4F77CB992
S3150804179008B58B790B441B7B162B03D0172B05D066
S315080417A0002008BDFFF7A7FF0120FAE7FFF7BBFFF4
S315080417B0FAE708B58B790B441B7B162B03D0182B39
S315080417C005D0002008BDE1F7D5F90120FAE7FFF7AF
S315080417D0BCFFFAE770471FB54A1E042A03460C469F
S315080417E05FD8012902D1008804B010BD022905D1A9
S315080417F000885B88984238BF1846F5E74A000146D0
S3150804180001A8FCF75BFB032C07D10023ADF80A30CB
S315080418104FF6FF73ADF80C3001E0042CF8D0BDF890
S315080418200620BDF80430934284BFADF80630ADF8FF
S315080418300420BDF80A30BDF80C20934288BFADF8E1
S315080418400A20BDF80A2088BFADF80C30BDF804306C
S31508041850934288BFADF80A30BDF80620BDF80C30AF
S315080418609A4288BFADF80630BDF80820BDF80630A0
S31508041870934284BFADF80830ADF80620BDF80A30A7
S31508041880BDF808209A4288BFADF80830BDF808208C
S31508041890BDF806309A4238BFADF80830BDF80800DE
S315080418A0A2E74FF6FF709FE7830705D410F0040FED
S315080418B014BF03200120704702207047022805D070
S315080418C0032805D0012806D1E5F712B9E5F700B9CA
S315080418D00020E1F737BE704710B1012803D07047DE
S315080418E00120E1F72FBE0020FBE7F7B51F468B1E44
S315080418F0012B05460C46164613D8FCF773FE00233F
S31508041900CDE90005F01A18BF01201A463946FCF736
S3150804191079FE80B1022C0BD1284600F014FF002072
S3150804192004E00029F8D0012902D0FF2003B0F0BD55
S31508041930284600F018FF0120F8E770B50D46002187
S315080419409DF810600446817106F10C014173111E5D
S3150804195018BF012103F00F00237B40EAC11003F0EE
S315080419604003184320732B469DF8141004F10E0007
S31508041970FFF7BBFF237B0E3660F3861323732B68AE
S315080419806361AB882383A3793344E37170BD02286A
S3150804199010B50C4608D003280ED0012811D1BDE88D
S315080419A010400846E1F7FCBFE4F7A6FA844208D1DA
S315080419B0BDE81040E6F71CBA0846BDE81040E2F751
S315080419C0D5B810BD002337B505460C4601A84121F4
S315080419D00193E6F7ABFB019830B1E1F72DFC072834
S315080419E005D001A805F07CFA002003B030BD2A46CC
S315080419F020460199E2F77CF9F7E7532810B50C4617
S31508041A0008D10320FFF7DEFF40B92046BDE81040A1
S31508041A10E2F7ACB8BDE81040E2F730BD10BD512876
S31508041A2038B504460D460ED0532810D055384FF015
S31508041A30010118BF0120E1F711FB29462046BDE83C
S31508041A403840E2F71BBDBDE83840E5F7E1B80420A5
S31508041A50FFF7B8FF10B92846E2F788F8BDE838401A
S31508041A6001210846E1F7FABA0020704770470020BA
S31508041A707047002070470A2000F014B910B50446D0
S31508041A80012100F06AFD204600F071FB2046BDE8FE
S31508041A901040E2F7C3BE00B1406F704710B5044664
S31508041AA0002100F05AFD204600F04AFD236A43F45B
S31508041AB00063236210BD00B13430704700B124308E
S31508041AC0704700B1443070472DE9F3410646154680
S31508041AD00C4651B34AB300232821ADF806302046F4
S31508041AE013460DF10602FDF7B8F808BB2B46FF218D
S31508041AF020460DF10602FDF7B0F8C8B90024D6F859
S31508041B007080B8F1000F10D098F8067096F88A30ED
S31508041B100C37282B08EB070518D0FF2B05D12A22EA
S31508041B2021462846FCF762F918BB02B0BDE8F081E5
S31508041B300378013B13F0FF03E0D0072B01D02A2BCF
S31508041B40DCD14378841C86F88A30D8E707222146F4
S31508041B502846FCF74BF90028E7D0236848F80730ED
S31508041B60A388AB80A379AB71336A43F480233362C9
S31508041B70DBE704F1280354F8042B9C4245F8042BAC
S31508041B80F9D123882B80EFE7022907D80123026AB3
S31508041B908B4013420CBF0120002070470020704779
S31508041BA070B50446154600F1300641603146FEF725
S31508041BB0BDFF20462B4601223146FEF7BDFF606F66
S31508041BC010B1616800F027FB70BD036A23F48053E3
S31508041BD003627047006AC0F300307047B0F8883073
S31508041BE010B58B4204460DD2036A43F4804303625C
S31508041BF04FF08070EBF778FC2046002100F0ADFC2E
S31508041C00012010BD5B1AA0F888300020F9E70246C7
S31508041C10408D80B1136A5B030CD4138D516A1B0182
S31508041C20B3FBF1F3B2F888009BB2984234BF0020A4
S31508041C30012070470020704738B505460C4608460B
S31508041C40E6F7A4FA21462846BDE83840E3F7D0B8B3
S31508041C5008B5E3F739FA18B1FF234370002008BD25
S31508041C604220FCE77FB504460D4616468DF8070064
S31508041C70012202A90DF10700FCF7CEFC10B19DF86C
S31508041C80074002AD324629462046E3F71DFA38B125
S31508041C902A4621463046FFF7EAFE80F00100C0B224
S31508041CA004B070BDE3F75CBA38B50446FFF78DFF98
S31508041CB0626BA18D04F14400E7F744F8002584F823
S31508041CC03D00256404F1340000F000FE2046E2F7E6
S31508041CD0ADFCFCF734FC2A4601460320FCF739FC24
S31508041CE06168226B637D01EB9202102000F02CFEE2
S31508041CF00D22294604F17800FCF7A2F87F23204632
S31508041D0084F87E3084F87D30E2F790FCA4F87B00F2
S31508041D1038BD30B585B004466D4600F134030FCBA3
S31508041D2085E80F0094F8853028468DF8093000F0C8
S31508041D30CDFD2046E2F77AFCFCF701FC00220146B9
S31508041D400320FCF706FC61681020637D01F5FA623E
S31508041D5000F0FAFD05B030BDF7B590F883300446B7
S31508041D6013B9036A5A0241D5012005F054FA0190C1
S31508041D7050B9203454E8003F43F0160344E80032CF
S31508041D80002AF7D103B0F0BD022384F88330236A0E
S31508041D901B0403D501A805F0A3F8F3E701220D21D6
S31508041DA001A805F075FA28BB019E04F17802B379F7
S31508041DB004F1800733440C33154603CDBD4218603D
S31508041DC059602A4603F10803F6D1286818602A7967
S31508041DD030461A71E3F76CF804F1200252E8003F22
S31508041DE023F0160342E800310029F7D1012384F8C9
S31508041DF08330C7E701A805F073F8EDE7002313B5A8
S31508041E0003280C4601930BD005D801280CD00228C8
S31508041E100ED002B010BD532811D055380128F8D871
S31508041E202046E3F7E9F9F4E70846FFF73DFFF0E74C
S31508041E30E4F762F88442ECD1E5F7DAFFE9E72046ED
S31508041E4001A9E2F7F3FF013008D1022301A884F8B7
S31508041E50833005F045F8E5F7CBFFE1E7204601991D
S31508041E60FFF7EAFE20460199E3F73AF80028D0D1AD
S31508041E70F1E7012802D10846FFF74BBFFFF7BEBFBB
S31508041E80F0B5044685B0006AE2F790FDFFF713FE45
S31508041E906E4605460FC886E80F00C822297A002030
S31508041EA0E6F7C6FBE36A0146009394F83030074622
S31508041EB030468DF80930E6F7EBFC304600F006FDAF
S31508041EC0236A606A1D6805F03CF8C5F34015AD0140
S31508041ED0064600212846DEF7B7F93044FF2815DC04
S31508041EE0002329461A46A06AFCF78DFE3946A06ADD
S31508041EF0FCF7C9FEA06A3146FCF7D9FEA06A334648
S31508041F000022616AE6F794FA05B0F0BD0020F6E708
S31508041F10F8B5076A04463A6812F004016FD1466AAE
S31508041F20002E6CD022F004033B60B3790C331E44B4
S31508041F30F57890F834309D4205D000F00EFBBDE8E4
S31508041F40F840E5F755BF90F831301207C3EB431153
S31508041F5003EB8103C0E903331DD440F271253079BC
S31508041F60626884F83200B97A490005FB012203FB4A
S31508041F70002262603B6843F008033B600121204667
S31508041F8000F0FCFA626A9379063393713B6843F06E
S31508041F9004033B6033E0E3F7AFFFA04205462FD1C5
S31508041FA090F8323032790133934229D1E5F732FD7C
S31508041FB030B33379D5E9086285F8323093792846FF
S31508041FC006339371FFF75CFF95F831302846C3EB67
S31508041FD0431103EB8101E3F7ADFF044658B9E5F76E
S31508041FE007FF2846214600F0B8FA05F12400BDE8A3
S31508041FF0F84004F075BF336843F004033360F8BD52
S31508042000E3F77AFF844201D1E5F7F2FE7D203179C0
S3150804201094F8323094F83120CB1A5343626884F822
S31508042020321000FB03226260A8E730B551280C463B
S315080420300D6A85B013D00ED8012828D003284BD0B2
S3150804204002280AD1E3F758FF844206D105B0BDE851
S315080420503040E5F7CDBE56283ED005B030BD002148
S315080420602046E3F739F92B6804F1240023F0040326
S315080420702B6004F053FF019001A804F031FF636A52
S3150804208063B3204605B0BDE83040FFF741BF0846B4
S31508042090FFF7F6FE94F83130607DC3EB431203EB89
S315080420A08203226A94F83250917AA26B40F2712420
S315080420B003FB0522490004FB0122019200228DF844
S315080420C008204FF47F428DF8090001A8ADF80A20CC
S315080420D00393E5F767FCC0E70121C1E7E3F70CFFC3
S315080420E0844201D1E5F784FE0021204605B0BDE807
S315080420F0304000F032BA70B50446002836D008F0ED
S3150804210003FA0646606998B1836A2BB1283004F04D
S31508042110E7FE002263699A626069436A2BB1243038
S3150804212004F0DEFE002263695A62002263691A62B9
S3150804213000252069656110B105F0C5F92561E369D3
S31508042140257323B104F11C0004F0CAFEE561206A74
S3150804215018B1DEF74BFC002323622368304623F0CC
S3150804216002032360BDE8704008F0C9B970BD38B5EC
S31508042170044608F0C9F9636F0546C3B15B6963B1E0
S31508042180E3F7BAFE636F5B69834201D1E5F730FE74
S31508042190636F0121586900F0E0F9E3F7ADFE844264
S315080421A001D1E5F725FE0121606F00F0D6F928462E
S315080421B0BDE8384008F0A3B998B10379013B1B067A
S315080421C00FD44379052B0CD981794A1ED2B2FD2A3C
S315080421D007D8C279012A04D98B4294BF1220002059
S315080421E070471220704770B5054608460C461646D1
S315080421F0FFF7E2FF70B922686B69DA6222792A72FC
S31508042200E27983F8312063796B72A379AB720EB1E4
S31508042210FF23EB7270BD41607047436F5B69996336
S31508042220704702692AB1C37A017B994201D9D05C05
S315080422307047FF207047F8B506460C4621B90220B8
S3150804224004F0E9FF0446E8B100270D212046E7809B
S3150804225004F016FE3046A579FFF730FC0C350389E1
S315080422602544706F2B81FFF7DCFF7F23AB716B71FD
S31508042270FF23A872EB71EB722F732046BDE8F84072
S31508042280E2F716BEF8BD2DE9F0410646FFF703FC52
S31508042290446905463046FFF711FC80463046FFF789
S315080422A00AFC7368074663602846FFF7BAFF84F892
S315080422B03400B8F808302046E3864FF6FF73638681
S315080422C07B7A84F830302B6823F008032B60BDE84A
S315080422D0F041FFF71DBE70B50C460646FFF7EEFB48
S315080422E005462046FFF79DFFE37A227B0133DBB2DE
S315080422F09A42E37222690BD80023E3722B890133CD
S315080423002B811378012B38BF0123A6F8863070BDBC
S31508042310D35C1B1A9BB2F8E713B5044610B9002020
S3150804232002B010BD037803F03F03012BF7D901214E
S315080423304078DDF789FF0138ADF80600204610F825
S31508042340013B322103F03F030DF10602FCF785FC3D
S315080423500028E4D00378092BE1D10230E0E72DE91F
S31508042360F0470446884692461E4690F80C9008F0B4
S31508042370CBF80746BAF1000F00F0A580217A51453B
S31508042380C0F0A180002E00F09E80B379F279D21AAB
S31508042390D2B2924540F0978000254FF0FF300B33B8
S315080423A0334413F8012F914240F28D80824240F360
S315080423B08A800135EDB2AA4510B2F2D12069237B91
S315080423C018B39D420FD100232A4631462069257346
S315080423D004F075FD85421BD0206905F074F80023C6
S315080423E0236123730AE005F06EF80023237323613F
S315080423F0284605F066F820610028E4D10724384603
S3150804240008F07DF82046BDE8F087002BF0D0DAE71F
S31508042410236818F0400F14BF43F0200323F0200369
S315080424202360B9F1000F2ED02046E2F7BFFA05461D
S31508042430466800F044FAE37A3BBB361AB6F5FA7FE7
S3150804244023DB2846FFF727FB03692A6B19784368B9
S31508042450A5F88610A3EBD203427A52004A4340F207
S31508042460712101FB02336B60E3F746FD291A18BF95
S315080424700121284600F082F86069002100F06DF811
S315080424802846FFF700FF0024B9E7E3F735FD854240
S3150804249001D1E5F7ADFC0026FE2321462846A5F81A
S315080424A08660E372FFF717FF2B8D6A6A1B01B3FB7D
S315080424B0F2F32846A5F88830E681FFF786FB284616
S315080424C0E3F760F8D8E7122499E738B500250446F7
S315080424D043690121986AC58004F0D2FC63692946D8
S315080424E09B6A20469A7913441D73636901229B6A81
S315080424F0FFF735FF63699B6ADD8038BD0023F0B5B5
S315080425001360037D044613F00807058903D00D44B8
S3150804251045600120F0BD4668701AB0EB050CF8D585
S3150804252013F001000AD1D4E90373DB1B13EB0C0F78
S31508042530F0D429448E1B16606160EAE73846E9E759
S3150804254010B50446E3F72EFB6168E0690022E3F759
S31508042550ADFBBDE8104000F034B938B50C46C943A4
S3150804256001F001010546E3F7EBFBA30702D4E8698A
S31508042570E3F7D0FBBDE8384000F023B910B50446AC
S31508042580E3F7DEFB2046E3F70DFBBDE8104000F059
S3150804259018B9007D00F0010070470120704700F06B
S315080425A0F4B8FEF76EBA022808D0042803D0012826
S315080425B018BF0620704701F00101C81C704710B502
S315080425C00C46E3F7DFFD0279408804FB020010BDE0
S315080425D010B50C46E3F7D6FD4388A3429BBFE41A1D
S315080425E003790020B4FBF3F010BD08B5E5F700FC49
S315080425F0BDE808400020E4F793BDC94350E8003F0E
S315080426000B4040E80032002AF8D170472DE9F04122
S315080426100F460446242118461E4615469DF818807A
S3150804262000F0F0F9C319B8F1000F37D1033E012EB3
S3150804263094BF0322022240F27126520006FB02339B
S3150804264042F21072608941007143A1F2E246964251
S31508042650A8BF16466A1A921BD21A002AC2BFB2FB30
S31508042660F1F202FB0112AD1AEA1A09D55242B2FB7B
S31508042670F1F707FB011C01FB1722654402B96D1A21
S31508042680EB1A8B4240F2E2470AD8B3FBF7F302226D
S3150804269098B2E27120812846BDE8F0810122CAE792
S315080426A05B1ABB42B8BF3B46B342A8BF3346B3FB2B
S315080426B0F7F107FB1133CAB2002BEAD00132D2B2C2
S315080426C0E7E7E4F7E7BF37B50546E5F701F8044653
S315080426D02DB12B680360AB88A38003B030BD00F02E
S315080426E0E2F80322CDE900010DF105010DEB020024
S315080426F0FBF78CFB0098BDF804302060ECE738B58E
S315080427000546E4F7E5FF044607F0FEFE2B68C4F821
S315080427100630AB886381237B43F00103237307F0F8
S31508042720EEFE012038BD38B50C460546E4F7D0FF61
S31508042730014605B1063106222046FBF757FBB0FAD7
S3150804274080F0400938BD10B50446E4F7C1FF0368B4
S3150804275023608388A38010BD08B5E4F7B9FF007B1E
S3150804276000F0010008BD10B50446E4F7B1FFD0F83F
S31508042770063023604389A38010BD50E8003F0B430D
S3150804278040E80032002AF8D1704770B50E4615465F
S31508042790DEF708F8044648B93046DDF7EDFB04468B
S315080427A020B92846E6F738FA044640B10020DDF792
S315080427B0F9FF0020DDF7E0FB0020E6F72DFA2046B6
S315080427C070BD4FF40010EAF78FBEFFF77CBF08B55B
S315080427D0E1F7AAFF08BD112808B502D0122805D0CA
S315080427E008BD1320BDE80840E4F716BDE4F704FF66
S315080427F000F004F8E4F778FD1420F3E7704708B509
S31508042800E4F77AFCBDE808401120E4F705BD13286F
S3150804281008B502D0142809D008BDE4F759FFFFF714
S3150804282050FFBDE808401220E4F7F6BC0020E4F7A0
S3150804283093FCBDE80840FAF7BDB9E6F7CDBA0A280D
S3150804284002D80130C0B27047242801D80230F9E70B
S31508042850252805D0262805D0272818BFFF20704725
S31508042860002070470C20704708B5E6F7BBFA20B17C
S31508042870BDE808402020E5F70FBD08BD704770473E
S315080428807047704770477047002070477047704715
S3150804289070477047704770477047EBF72DBD03F0D4
S315080428A0B2BD03F0B7BDD4F7B1BF704708B5E4F7B6
S315080428B0C1FF18B1BDE80840E5F7FABC08BD03F046
S315080428C0E9BCE6F789BA1046194670471FB50023CE
S315080428D0CDF80A30ADF80E30D0E90023CDE900234F
S315080428E00389C068ADF80830E6F70CF86846E5F7DA
S315080428F05FFB05B05DF804FB1FB5002300F00F006D
S315080429008DF80A0001A801918DF808308DF8092080
S315080429108DF80B300393FFF7C9FF05B05DF804FB88
S315080429201FB50023CDE901330393012300F00F00FB
S315080429308DF80A0001A88DF808308DF80910FFF7FC
S31508042940B5FF05B05DF804FB1FB5CDE900120022FA
S315080429508DF80B308DF8082000F00F03C0F34012F1
S315080429608DF809208DF80C30C0F3001243068DF853
S315080429700A2001D5E4F7D4FF6846E5F751F805B00F
S315080429805DF804FB30B589B01D468DF8092000238F
S31508042990102204460D988DF8081000900C981946D4
S315080429A001900DEB0200CDF80A30ADF80E30FBF7B6
S315080429B047FA684604A905958DF81C40E5F78AF890
S315080429C0012009B030BD1FB50023CDE9003101232C
S315080429D08DF80830C0F340138DF80930C0F300139E
S315080429E08DF80A3000F00F038DF80C3043068DF885
S315080429F00B2001D5E4F794FF6846E5F711F805B00E
S31508042A005DF804FB10B50C4608B9E5F73DFC21460C
S31508042A10BDE81040FFF7D3BDF0B587B00D4616469E
S31508042A208DF8070002B9A3B329469DF80700FBF7FA
S31508042A30EFFD0446B8B929469DF80700FBF7EEFDF5
S31508042A4040BB16B39DF80710003918BF0121284664
S31508042A500DF10F02E6F7A0F8F8B99DF80F40013416
S31508042A6018BF012416E004AF012239460DF1070008
S31508042A70FBF7D2FD04464EB19DF80730191E18BF60
S31508042A800121002818BF3D46E1E70124FBF7ADFD07
S31508042A9000B90124204607B0F0BD4FF0FF34DEE745
S31508042AA02DE9F04F064685B015469DF838208B4625
S31508042AB003929A469DF83C4004F0A1FB032196F83C
S31508042AC00680039A08F10C0806EB080707F10309C0
S31508042AD0F970381D82B9BCB9FFF735FE07F10A0348
S31508042AE0BBF1000F15D1ADB9DAF80020C7F80A20F2
S31508042AF0BAF804209A801AE034B9109B33B11B68DB
S31508042B007B60109B9B8883800124E7E7FFF72BFEF5
S31508042B10FAE775B30393FBF765FD039B0021CDE93B
S31508042B200003012308461A46FBF76CFD012507F145
S31508042B301001A1EB090101F03F021146531C7B70F9
S31508042B4016F80830A40103F00F0344EAC5141C431D
S31508042B5006F808403046BA70033104F091F90822A1
S31508042B6016F8083062F3030306F8083005B0BDE822
S31508042B70F08F0125B8E7CB08C25C012301F00701F1
S31508042B808B401A4214BF01200020704770477047D3
S31508042B90024619460020E5F74BBD00207047002081
S31508042BA0704707B500214FF0FF336A46084600937D
S31508042BB08DF80430E6F772F803B05DF804FB38B50F
S31508042BC00546006804F01BF80446287900F01F003F
S31508042BD004F015F82044C0B2012894BF002001204F
S31508042BE038BD8160704741EA002008B540F490205A
S31508042BF0FAF789F9014640B110F1880F05D0BDE806
S31508042C00084040F20740F4F71BBA08BD0120704794
S31508042C1070B50C46064611461D46E6F705F958B141
S31508042C2044EA06206FEA40406FEA50402A46BDE867
S31508042C30704080B2EAF7CEBC40F2064070BD10B5CB
S31508042C400446E6F7F1F850B141EA04206FEA404039
S31508042C50BDE810406FEA504080B2EAF7F3BC40F290
S31508042C60064010BD837901461A0703D506220020BB
S31508042C70E6F760B99B0602D506220120F8E74FF06D
S31508042C80FF3070478379532B01D1E6F785B9FFF7EF
S31508042C90E9BF70B5064614461D46E6F7C5F810B9E9
S31508042CA00024204670BD41EA06206FEA40406FEAD8
S31508042CB050402A46214680B2EAF7A8FC0028F0D0FC
S31508042CC0EEE708B5E8F710FB002008BD00207047BA
S31508042CD0014608B500F03800E6F7F6FE78B1D0E903
S31508042CE001324078C1F3074110F0020F08BF1346BA
S31508042CF0043B53F8040F10B102788A42F9D108BD8F
S31508042D0010B500F1080454F8083C0BB9184605E058
S31508042D1054F8040C984708340028F4D010BD37B585
S31508042D208379019003440446D86800F03800E6F72E
S31508042D30CBFE054628B901A804F0D2F8022003B050
S31508042D4030BD204604F0D6F807F0DEFB04460199A8
S31508042D5005F10C0004F09AF9204607F0D0FBEAF7CF
S31508042D604BFB0020EBE72DE9F04107463C681D467E
S31508042D7014F4004F4FF6FF7308BFFF23AB4208460F
S31508042D80114604D24FF000084046BDE8F08124F409
S31508042D9000431E0206F4E066C3F3062324F47F44C4
S31508042DA01E4324F0C704731944F08004827944EA64
S31508042DB013241B029BB20C321C43845000EB0208FA
S31508042DC0FFF7ADFF0028DDD13A6808F10403334460
S31508042DD012044CBF23F8025C03F8015CD4E770477D
S31508042DE0704770B505460C30F2F7AAFE6E689EB9B0
S31508042DF0334606EB8304B44210D12B69ABB90023DE
S31508042E006B806B7823F00E036B7070BD013356F834
S31508042E102320002AFAD1ECE70023F8E754F8043D06
S31508042E20DB68002BE7D09847E5E7DC68002CE6D09A
S31508042E30043C54F8043F002BE1D09847F9E738B529
S31508042E404378044623F00C0343F0020343700369F2
S31508042E500BB1186810B90025284638BDFFF750FF8E
S31508042E6005460028F7D02046FFF7BBFFF4E70369B9
S31508042E7070B5054653B1586840B1FFF741FF04469B
S31508042E8020B12846FFF7ADFF204670BD6E68043EA4
S31508042E9056F8044F2CB9202005F10C01F2F73EFE32
S31508042EA0F2E7A368002BF3D0984704460028EFD02E
S31508042EB0E7E74078C0F340007047437813F00E0FF5
S31508042EC00CBF0120002070470368186802F053BE3F
S31508042ED038B50546E6F7BCFE04462846FFF7F4FF70
S31508042EE0204638BD052B07D920F47F4020F0C700BB
S31508042EF040F4007010609180704708B5E6F7E4FD69
S31508042F00C068003818BF012008BD08B5E6F7DCFD1F
S31508042F1020B1BDE80840C06804F013B808BD38B548
S31508042F20E6F7D2FD044650B107F0EEFA054604F179
S31508042F300C0003F0F3FF0446284607F0E0FA20469F
S31508042F4038BD026810B501F0040022F40044C2F347
S31508042F5006220021043240F0290004F01DFA10B1BB
S31508042F6083790344DC6010BD0346002200681A60B6
S31508042F700179FFF7D4BE10B50021FFF7E2FF044636
S31508042F8008B9002010BD0179FFF7C9FE0028F8D159
S31508042F90A3790C33E018F5E72DE9F04117461A46EC
S31508042FA0036801F0040123F400431C0204F4E064FA
S31508042FB0C3F306231C4341F02905043406463B465D
S31508042FC02146284604F052FA804650B1E1B203F08D
S31508042FD0C7FF3B462A4641463046BDE8F041FFF75F
S31508042FE0C2BEBDE8F0812DE9F341002401F00401D5
S31508042FF00668074641F029051068294614600190B9
S3150804300003F078FF019803F0DFFF26F40046310247
S3150804301001F4E061C6F306263143804601220431F1
S3150804302001A804F035F930B101A803F059FF204688
S3150804303002B0BDE8F08143462A4638460199FFF7AF
S3150804304092FEF5E72DE9F041DDF818800E46414673
S31508043050044615461F4604F07BF978B9206803F040
S31508043060B3FFA0EB0801204604F050F800233D46C0
S3150804307020682360079B1D70BDE8F0812368002B38
S3150804308008BF3546F6E707B501A9E6F739FE03B0E2
S315080430905DF804FBA0F86E10704701238B4090F886
S315080430A07110194380F87110704708B50120F2F7BA
S315080430B0ABFCC0B208BD83790C3318447047143886
S315080430C0704710B50446A1F1140003F07DFF201AD9
S315080430D020EAE07080B210BD70B51C460D4616464F
S315080430E0FFF7EFFFA04207D322463146A5F11400A5
S315080430F004F08FF9012070BD0020FCE770B5064680
S315080431000D4614467AB90A462046082104F044F9BD
S31508043110044690B92A460821292004F03DF90446B4
S3150804312058B9204670BD104603F0DAFE204604F06E
S3150804313066F808231D44A371E571A3790C331C446E
S315080431402670EEE72DE9F0411646069A07468846A4
S315080431501D46FFF7D3FF0446F0B114382A46314614
S31508043160069004F056F9854217D9069B06A81C79D9
S3150804317004F0200403F0B4FE74B942460821292059
S3150804318004F00AF92A463146069004F042F98542C3
S3150804319006D906A803F0A4FE00242046BDE8F0815B
S315080431A0069A93790C33D418D754F6E711B114391F
S315080431B0E6F750BF1A20704738B5002204460D4674
S315080431C002200321FFF79AFF014608B1A0F801502F
S315080431D02046BDE83840FFF7E9BFF8B504460F4670
S315080431E0164605210120069A1D46FFF787FF014664
S315080431F038B14770468005712046BDE8F840FFF7A8
S31508043200D5BFF8BD38B50D46032104460846FFF771
S3150804321075FFA0F8015001462046BDE83840FFF77F
S31508043220C5BF73B50546084611466C891A46641A1D
S31508043230BDF81830A4B29C4228BF1C46079B089EBA
S3150804324000932346FFF77EFF014630B128463480B3
S3150804325002B0BDE87040FFF7A9BF1A2002B070BDDE
S31508043260012110B5002204461320FFF747FF014643
S3150804327020B12046BDE81040FFF798BF10BDF7B54A
S315080432804489054618460F461646019303F09CFEE4
S31508043290053CA4B2844203DA011B01A803F036FFF5
S315080432A00521019803F0BBFF014628B901A803F0DC
S315080432B017FE1A2003B0F0BD83790C33C218172001
S315080432C0C8542846A2F80170A2F80360E6F7C2FEBD
S315080432D0F0E7012110B5002204461920FFF70EFF76
S315080432E0014620B12046BDE81040FFF75FBF10BD78
S315080432F073B50E46002144890546033CA4B2A3428D
S31508043300009128BF234603211B20FFF71BFF014614
S3150804331070B1012210F80F3CA0F8016062F307139C
S3150804332000F80F3C284602B0BDE87040FFF73EBFE0
S315080433301A2002B070BD73B50E46002144890546AD
S31508043340033CA4B2A342009128BF234603211D20AF
S31508043350FFF7F8FE014638B1A0F80160284602B026
S31508043360BDE87040FFF722BF1A2002B070BD4B8833
S31508043370042B07D1836C08885B8998428CBF00208C
S315080433800120704700207047532838B505460C4677
S3150804339004D1BDE838400846F3F7D6BE0620F2F74E
S315080433A02FFD68B96379142D03F03F03637104D0C4
S315080433B0722D08D163F03F0363710020A57138BDEF
S315080433C040F20740FBE72120F9E74FF0FF33F7B552
S315080433D00093ADF804308379DA060CD5532B08BF6D
S315080433E000234FF03F0208BFADF800308DF80520E2
S315080433F008BF8DF802300021451E431D6A4608465B
S3150804340015F8016F12F8014B9D4206EA040724EAEF
S31508043410060440EA070041EA0401F1D110B1081E86
S3150804342018BF012003B0F0BD0023036083808371B5
S31508043430704710B5044660B1806C50B1E6F7DEFEFD
S31508043440A06C0028FAD12046BDE810400321E6F70F
S3150804345057BD10BD438907B58B420CD050F80C2BC9
S3150804346040F2014192F87020ADF806308DF8042038
S3150804347001AA03F063FC03B05DF804FB436943F057
S31508043480040343617047436923F0040343617047A7
S315080434904069C0F38000704747F230530022006841
S315080434A0F2F764B9006803F0DCBB38B5436904462F
S315080434B09B070D4603D540F20941FFF7F3FFE6F7EC
S315080434C0E7FD08B1A3691D702046BDE8384040F2FF
S315080434D00941FFF7E1BF07B5027C012A09D0012299
S315080434E0027440F20942914206D040F20A429142DD
S315080434F00ED003B05DF804FB4FF4816150F80C3B21
S3150804350001AA93F870308DF8043003F017FCF0E73D
S3150804351050F80C3B01AA93F870308DF80430F4E7A0
S3150804352038B522F000430D46114640F20322934271
S3150804353004461AD0B3F5017F09D240F20122934218
S3150804354013D040F20222934209D0002038BD6FF40A
S3150804355081621344012BF8D8FFF7BDFFF5E700F0A5
S3150804356020F9204601F00DF9EFE763699B0704D5B6
S3150804357040F209412046FFF795FF2846FFF759FF11
S31508043580E3E708B5E6F76CFC00B1806C08BD08B53E
S3150804359000B10068E6F784FC08B9034602E0836CC8
S315080435A0002BF7D0184608BD10B5044642F62A3053
S315080435B000F03BFB031B5842584110BD022806D1B4
S315080435C042F62A330888C31A5842584170470020DD
S315080435D0704710B5044642F6293000F026FB031B53
S315080435E05842584110BD90F8200000F00100704779
S315080435F01FB504466846E6F725FF1022694604F116
S315080436002100FAF7F3FBB0FA80F0400904B010BDC4
S3150804361008B5FFF7EDFFB0FA80F0400908BD70B5AC
S31508043620044600F1210591B92846E6F70BFF2368FD
S3150804363093F97500E5F7F8FB78B120682B46BDE8E1
S31508043640704010220D2190F97500FFF7E1BA102297
S3150804365000212846FAF7F4FBE9E770BD38B50446B5
S31508043660002390F8202041FA03F0C50703D442FA50
S3150804367003F0C0071ED40133082BF4D101F0010569
S3150804368023682A4384F8202093F97500E5F7CCFBD0
S3150804369040B1234653F8200B01220C2190F97500FA
S315080436A0FFF7B6FA0DB9002038BD00212046FFF70A
S315080436B0B6FFF8E71320F7E768B13F290AD800EB05
S315080436C0A10090F8310001F003014900084100F017
S315080436D0030070470020704710B50368044693F941
S315080436E07500E5F7A1FB50B12346BDE8104053F831
S315080436F0310B10220B2190F97500FFF789BA10BD1A
S3150804370010B590F87430DB0706D490F97530013398
S3150804371014BF0F20052010BD847CF3F7BDFB84423B
S3150804372034BF0C200020F6E730B5044685B0684659
S31508043730E6F788FE1021684603F0ADFE2046E7F753
S315080437408FF86B46C26804AD06321C4603CCAC42FD
S3150804375010605160234602F10802F6D105B030BD67
S3150804376008B5E7F77DF808B1E7F74EF8C0B208BD23
S31508043770013810B580B2E7F773F8044608B9002093
S3150804378010BD408800F083FB0028F8D0207BF7E7BB
S3150804379008B5E7F765F818B1007AC31F58425841C7
S315080437A008BD70B5054655F8213B044693F97500DE
S315080437B0E5F73AFB20B92846BDE87040E6F742BE6D
S315080437C0234653F8310B10220B2190F97500FFF7A5
S315080437D060FA234653F8200B01220C2190F9750050
S315080437E0FFF757FA20682B46BDE8704010220D21D2
S315080437F090F97500FFF74DBA01302DE9F04185B20D
S3150804380028460E46E7F72CF842F60217044642F60F
S3150804381003089CB12046E6F7F7FF78B1204600F086
S3150804382045FBB84205D10EB123883380607BBDE8D9
S31508043830F081204600F03AFB404502D14FF0FF30B4
S31508043840F5E70135ADB22846E7F70AF80446E0E796
S315080438502DE9F04707460E4690460D4642F60219EC
S3150804386042F6030A0135ADB22846E6F7F9FF0446DF
S3150804387078B1E6F7C9FF60B1204600F017FB484562
S3150804388005D1237A072B04D10320BDE8F0875045D8
S31508043890E8D141463046FFF7AFFF431C014604D042
S315080438A03846BDE8F047FFF707BF0020EDE770B5D7
S315080438B0054608461646E6F7D3FF044608B9012026
S315080438C070BDE6F7A1FF0028F9D0F00713D4B107B5
S315080438D034D4720702D5A3885B0732D516F0060FCF
S315080438E031D116F40060EBD0A38813F4006F14BF2B
S315080438F000200620E4E7A388DA0743D513F0700FFF
S315080439000AD1980610D45806E1D52B6893F9753070
S315080439100133DCD10820D3E72868FFF7F1FEA38832
S31508043920990608D50028CBD12A6892F874209207FC
S31508043930E9D40520C4E70028C2D1E4E7A388990797
S31508043940C7D40320BCE7A38813F4E06F09D198050C
S315080439500FD45B05C5D52B6893F975300133C0D1EF
S31508043960D8E72868FFF7CCFEA388990507D5002869
S31508043970A6D12A6892F874209207EAD4D9E70028CF
S315080439809ED1E6E702209BE738B504460846E6F7E3
S3150804399067FF054608B9012038BDE6F735FF002854
S315080439A0F9D0AB8813F4E04F0CD1980412D413F46D
S315080439B08040F1D0236893F97500431C5842584156
S315080439C0C000E9E72068FFF79BFEAB88990408D591
S315080439D00028E1D1226892F874209207E7D40520DA
S315080439E0DAE70028D8D1E2E72DE9F0474FF00009D5
S315080439F0044683F800900846A2F8009088461646BE
S31508043A001D46E6F72DFF074620B9012300202B7033
S31508043A10BDE8F08774B1E6F7F7FE0028F5D040460E
S31508043A20FFF7D7FD30B1012385F8009004F1200093
S31508043A303380EDE72B46324639462046BDE8F04743
S31508043A40E6F78CBC2DE9FF41074608468846164624
S31508043A500393E6F705FF044638B903A803F040FACA
S31508043A600125284604B0BDE8F0811FB1E6F7CCFE6F
S31508043A700028F2D0237A072B05D8DFE803F01726A7
S31508043A802F381C17172126BB0398002835D1324630
S31508043A90257A022D62D0032D64D0012D3BD0002F48
S31508043AA07FD1002503A803F01BFADAE703A803F07D
S31508043AB017FA0325D5E703A803F012FA0625D0E773
S31508043AC003A803F00DFA8025CBE7E3685D88B542C1
S31508043AD009DA03A803F004FA0725C2E7E3689A8813
S31508043AE0B242F6D35D88039840B9024609E0022E2D
S31508043AF0EFDC039868B90246CAE7354603F064FA68
S31508043B0082B29319AB42C3DD03A803F0E9F90D2584
S31508043B10A7E70225F2E7E068063000230399304454
S31508043B2003F0CDF9002FBCD0237A032B39D103A88F
S31508043B3003F0D6F900212046E6F74EFE68B3058859
S31508043B40617B3846FFF7B8FD012203462946384605
S31508043B50CDF8008000F047FC002582E7E068B3183A
S31508043B608380D9E7039B9A79D979891AC9B2481EF9
S31508043B70012810D8134402291A7B04BF5B7B42EA46
S31508043B800322237B32EA03038CD101233846617B63
S31508043B90E6F7BAFBC6E70D2584E708F1FF35ADB2AB
S31508043BA0CEE7039B41460093384633463A7F00F0F6
S31508043BB000FCD1E7884270B504460D46164611D86E
S31508043BC0012838BF01242046E6F74AFE10B1438887
S31508043BD0B34208D00134A4B22046E6F725FE08B15C
S31508043BE0A542F0D20024204670BD70B50C46164690
S31508043BF01D460146B8B1B3B1022C01D0102C12D11E
S31508043C00E0B2E6F765FD4FF6FF718842024602D137
S31508043C1041F20A1070BD3046FFF7CCFF0028F7D0F2
S31508043C2028800020F6E72120F4E7002307B50122BF
S31508043C30ADF80400ADF8063002210DF1060301A81B
S31508043C40FFF7D3FFBDF8060003B05DF804FBF8B52B
S31508043C500F461646441CA4B22046E6F701FE10B9E0
S31508043C60013CA0B2F8BD00F021F90546304600F043
S31508043C70F9F820B1284600F0F5F80028F0D13046C6
S31508043C8000F0E9F820B1284600F0E5F80028E7D165
S31508043C900134A4B22046E6F7C7FD08B1BC42DBD915
S31508043CA04FF6FF70DEE72DE9F04F9A4687B08B880A
S31508043CB00D460C88814604A90220ADF810309046BA
S31508043CC0E6F706FDAB680090A888AF89059300F06F
S31508043CD0C2F838B1102F05D105A8E6F7DFFC02288B
S31508043CE008BF02279DF840B00BF0010B38E02046C8
S31508043CF0009AFFF75FFF0646A8B3AA886988FFF704
S31508043D00A6FF04463046FFF72BFD40EA0B00C0B277
S31508043D1000B30DF10F03314648460DF11202FFF7C1
S31508043D2063FE9DF80F302BB1A8F80060184607B05B
S31508043D30BDE8F08FBDF81220BA420BD13A46059970
S31508043D400193FAF753F8019B20B9A8F80060AAF87A
S31508043D500040EBE74FF6FF739C4201D00134A4B24E
S31508043D606988A142C3D20A23E0E708B5E6F778FDD5
S31508043D70BDE8084000F09AB838B505460846E6F79F
S31508043D806FFD044610B94FF6FF7038BD0DB960884B
S31508043D90FBE7E6F739FD0028F9D1F4E770B50446E0
S31508043DA042F60520FFF741FFB0B10021FFF724FDD5
S31508043DB0054601462046FFF77FFC064610220021E9
S31508043DC004F13100FAF73CF8324629462046BDE8A4
S31508043DD070400023E6F798BA70BD7FB504460D46D1
S31508043DE0102200216846FAF72BF80026AB575A1C0E
S31508043DF01BD031462046FFF75FFC1946002BB8BF97
S31508043E00D91C04AA02EBA10100F00302584200F0EF
S31508043E10030003F0030358BF43425B0002FA03F3AB
S31508043E2011F8102C134301F8103C0136402EDDD14D
S31508043E306B4604F1310504AE1A4603CAB242286039
S31508043E406960134605F10805F6D1204604B0BDE8B5
S31508043E507040FFF741BCA0F5205001288CBF002014
S31508043E600120704742F60303C31A58425841704763
S31508043E7008B5030409D4E6F7F7FBA0F5205080B289
S31508043E8001288CBF0020012008BD0020FCE702049D
S31508043E9008B507D4E6F7E8FB42F60303C31A584203
S31508043EA0584108BD0020FCE7C00B70470346B3F928
S31508043EB002304088002B01DBE6F7D6BB00207047AA
S31508043EC008B5FFF7F3FF42F60303C31A58425841ED
S31508043ED008BD08B5FFF7EAFFA0F5205080B201280F
S31508043EE08CBF0020012008BD1FB550F80C4BADF857
S31508043EF00A3094F87040069BADF806108DF8082031
S31508043F0040F2035101AA8DF80440039302F016FF08
S31508043F1010B906A802F0E4FF04B010BD2DE9F0417B
S31508043F204FF0000886B004460E461546CDF80C80B8
S31508043F3000F1440712B303A802F0D2FF384602F090
S31508043F40CFFF84F81C8000233246009318212B46A1
S31508043F502046FFF742F905F58855204650F80C3BEC
S31508043F6040F2055193F8703004AA8DF8103005957F
S31508043F7002F0E4FE002006B0BDE8F08143691A07A2
S31508043F8010D4A846384602F0C9FF03460390C0B9C0
S31508043F9003A802F0A5FF384602F0A2FF0023237700
S31508043FA055B1D0E723F00803436103A802F098FF4C
S31508043FB0384602F095FF25772046FFF78AF900254B
S31508043FC0CBE79979204601F10C021A44B2F801604C
S31508043FD00531B2F8032099713146FFF733FDCDF860
S31508043FE00C800028CED00546D2E72DE9F047089C78
S31508043FF00E4617469846054610B1037C012B61D038
S315080440002846FFF73BFA14F08009304614BF4FF0F0
S31508044010200A4FF0100AFFF7ABFB1AEA000F4DD03F
S315080440203046FFF7A2FE42F6052398420FD114F054
S31508044030010219D031462846FFF7A6FC08B300F555
S3150804404088542846FFF71FFA2046BDE8F087284615
S31508044050FFF7C9FA0028EAD02846FFF7D9FA002854
S31508044060E5D041F21214ECE7B9F1000F31462846BF
S3150804407014BF02240124FFF7EBFB2042DAD1022401
S31508044080DFE7B9F1000F11D0EB8BCBB943463A46BB
S3150804409031462846FFF74FF904460028D1D140F2A5
S315080440A00A412846EE83FFF7F7F9CAE743463A4634
S315080440B031462846FFF71CF90446C2E72124C0E71F
S315080440C00524BEE70724BFE72DE9F047002586B097
S315080440D09DF8389090F81CA004460F4690460F9E0B
S315080440E00577B9F1000F09D00A464B4651460096A2
S315080440F0FFF773F8284606B0BDE8F087BAF1080F4B
S31508044100ADF8169026D145893246043DADB29D4296
S315080441104FF002014FF00900A8BF1D46FEF7EEFF57
S315080441200222814605A93046ADF8147003F071F9E8
S315080441302A464146304603F06CF90546831C314647
S31508044140204689F80130E5F785FFADF81650BDF825
S315080441501600D0E7BAF10A0F0DF116020CBF0B21AF
S315080441600D21CDE90162009301224346FFF759F870
S315080441701A28ECD111233A4651462046CDF8009028
S31508044180ADF81690FFF729F8E1E7F0B5002589B0F0
S315080441901746012204460E460393ADF81650FFF758
S315080441A086FB8DF81500002846D13046FFF7FCF942
S315080441B010B13046FFF7B8FA3046FFF7E9FAB8B156
S315080441C003A802F08DFE204650F80C2B237F92F8A4
S315080441D0702040F202518DF8182006AAADF81A602C
S315080441E08DF81C30ADF81E7002F0A8FD09B0F0BDBC
S315080441F00DF115030DF1160231462046FFF7F4FBBF
S315080442009DF8153002465BB9BDF81630BB4235BF7A
S315080442100723DB1B8DF81530D21928BFADF81630E5
S31508044220039B314601939DF8153020460093BDF84B
S315080442301630FFF749FFD9E72A46F1E72DE9F04F8B
S3150804424089B002901846154605930C46FEF733FFC7
S315080442508046059802F0B8FE0023B0F1010AB5F8C5
S315080442600A908DF81D3000F089801AF0010740F095
S3150804427085805046F1F794FD0646002800F08480B0
S31508044280524608F10101F9F719FE01212046059A5B
S31508044290FEF734FFB8460AEBDA7A09F1FF3B0390D6
S315080442A04FEA6A0ABA4544DD36F817400122214620
S315080442B02846FFF7FCFA8DF81D0068B92046FFF773
S315080442C073F910B12046FFF72FFA2046FFF760FA74
S315080442D078B180238DF81D30304603F0F4F8059B39
S315080442E02246009328469DF81D300299FEF775FF6D
S315080442F026E00DF11D03214628460DF11E02FFF79F
S3150804430073FB9DF81D300490002BE5D1029B202BEE
S315080443101BD1ABEB0803012B0BDD0DF11E010222A9
S31508044320059803F076F8012801460CD805A802F08A
S31508044330EDFE304603F0C7F828460399FEF736FF24
S3150804434009B0BDE8F08F08F10208BDF81E20ABEBF2
S3150804435008039A42C2BF09F1FF33A3EB0803ADF879
S315080443601E30BDF81E20DDE9041003F052F8BDF82E
S315080443701E309842DDD39844013793E7042300247A
S315080443808DF81D302646A7E71123F8E770B50446CD
S315080443900D461646FFF708F940B933462A4621461C
S315080443A0FFF750FB08B100F5885070BD41F20310C1
S315080443B0FBE71FB550F80C4BADF80A3094F870407B
S315080443C0069BADF806108DF8082040F2015101AAA3
S315080443D08DF80440039302F0B1FC10B906A802F064
S315080443E07FFD04B010BD1FB550F80C4BADF80A306C
S315080443F094F87040BDF81830ADF806108DF808200A
S3150804440040F2045101AA8DF80440ADF80C3002F0CC
S3150804441095FC04B010BDF0B5122785B00392077752
S31508044420022205460E46FFF742FA044668B103A877
S3150804443002F056FD00232B770023324600931221FF
S3150804444023462846FEF7C9FE0FE0039A30469379B9
S3150804445003339371FFF79CF948B1039B3A460093DB
S31508044460314623462846FFF73FFD05B0F0BD42F620
S315080444702930FFF7DAFBB04220D1039830B903A8F4
S3150804448002F02EFD00230D242B77D5E702F09CFDC0
S3150804449080B20128F3D1039B28469A791344197BE1
S315080444A0FFF7DCF8044603A802F01AFD00232B776D
S315080444B0002CC1D12846FEF7D3FED6E7224631465C
S315080444C02846039BFFF7BEFA0446EFE72DE9FF41AA
S315080444D00392042204460D46FFF7E9F9074628B174
S315080444E003A802F0FDFC04B0BDE8F0814FF05208C1
S315080444F0039A284693790333937184F81C80FFF74B
S3150804450047F9064640B1039B4246009329463B4673
S315080445102046FFF7E9FCE6E742F62930FFF785FB74
S31508044520A842039B0BD19A7920461344197BFFF7BB
S3150804453095F803A802F0D4FC00232377D3E7324680
S3150804454029462046FFF77EFAF6E72DE9FF418B79DF
S3150804455004460C330B44B3F801700E463846B3F8D8
S315080445600380FFF7FDF8002858D002223946204672
S31508044570FFF79DF90546E8B93846FFF709F968B122
S3150804458016222277B37939460533B3712046434652
S315080445900096FFF7A9FC04B0BDE8F081F1F71CFA10
S315080445A033461B680135EDB2002BFAD10635A8420D
S315080445B01DDC092504F1440002F092FC2B463A4618
S315080445C0162120460096FEF708FE092DE3D120465B
S315080445D050F80C3B40F2055193F8703002AA8DF856
S315080445E0083041F20913039302F0A8FBD3E701212B
S315080445F0304602F0D9FE01460028DAD004F1440018
S3150804460002F044FDB37942460533B371394633465D
S31508044610204604B0BDE8F041FEF731BE0125C9E7DE
S3150804462013B5044641B9443002F05AFC204602B098
S31508044630BDE81040FEF74DBE18224369027713F011
S31508044640080306D0002319460093FFF74DFC02B071
S3150804465010BD1A46194602B0BDE81040FFF75EBC05
S315080446607FB5C58B04462DB342F60520FFF7DDFA60
S31508044670A84207D100212046FEF7D1FF636923F03B
S3150804468001036361002640F20A412046FEF70AFF49
S3150804469029460DF10E022046ADF80E60FFF7D8F84C
S315080446A0BDF80E2003460092294602222046FFF74B
S315080446B09AFEE68304B070BDF7B504461F460E4657
S315080446C01546FEF7DBFE237C012B58D0237F182BD7
S315080446D02CD063691B0713D5217F16292DD008D83A
S315080446E0122914D002252046FEF7CDFE284603B02B
S315080446F0F0BD18291AD05229F4D10023237713E0E0
S315080447003046FFF745F80028E6D12125EBE70023D4
S31508044710237735B1009332462B462046FEF75DFDD6
S3150804472002E02046FEF79CFD0025DCE72A463146D2
S315080447302046FFF7F3FB0546D5E700232377002D2C
S31508044740E8D105211720BDF82430089A0095FEF70C
S31508044750F9FC20B91123324612210095DDE7FEF74C
S31508044760AEFC6269034642F0080262618279314608
S31508044770053282713A462046FEF781FDD4E70725BD
S31508044780B1E72DE9F041054688B042F60520FFF762
S315080447904CFA064604A8E5F755FE102205F1210150
S315080447A00DEB0200F9F722FB50B101212846FEF76A
S315080447B036FF2846FFF7F2FA6B6923F001036B61AB
S315080447C042F60303022003A9ADF80C30E5F780FF8F
S315080447D0012407464FF0000820463A464FF6FF7173
S315080447E0FFF7E8F9044610B908B0BDE8F081FEF70A
S315080447F0B7FF0134A4B20028EED0A64203D131464D
S315080448002846E6F753F8214628460DF10E02ADF878
S315080448100E80FFF71DF803460028DDD0BDF80E20EC
S315080448202146009228460122FFF7DDFDD4E708B5A4
S31508044830E5F7F6FD0020E6F773FC002008BD037CC7
S31508044840012B07D08369187828B113280CBF0020D8
S31508044850052070470720704710B504468069143050
S3150804486002F03EFBA069BDE81040183002F038BBE0
S315080448702DE9F0410F46144605461E46FFF7ECFFA0
S3150804488023463A4608210020D5F8188002F0EEFDA2
S31508044890AA69C8F81400536923B100205481168202
S315080448A0BDE8F0811A20FBE71FB50A468369090C9F
S315080448B092B29980DA8042F60303ADF80C300223EB
S315080448C0009303AB01F002F805B05DF804FB70B57C
S315080448D00446084602F078FBA16986B28A894D899E
S315080448E012B1521B96420CDA6389581E80B225B956
S315080448F00A78082A04BF043B98B2831B58425841D5
S3150804490070BD0020FCE730B5044654F80C0B8DB096
S315080449109DF8405090F8700042EA01428DF8040070
S315080449201946029203A82A460795F9F7C7FA40F2E8
S315080449300241204601AA02F001FA0DB030BD10B5B5
S3150804494050F80C4B86B094F87040ADF80E10ADF8DC
S31508044950102040F2064103AA01938DF80C400593F2
S3150804496002F0ECF910B901A802F0BAFA06B010BDC3
S3150804497037B504460D46FFF76FFF204640F2094156
S31508044980FEF790FD00222046A36940F207411A70FB
S3150804499050F80C3B6A4693F8703001958DF8003050
S315080449A002F0CCF903B030BD13B5019100210446D9
S315080449B001F036F80422002320460DEB0201FFF726
S315080449C057FF02B010BDF0B504460F461E461546FD
S315080449D085B052B983691B78072B30D0082B14BFCE
S315080449E015460925002E18BF0D250A9802F0ECFA7B
S315080449F0A3699A894AB15B8981B2D21A914204DDC4
S31508044A0092B2891A0AA802F081FB204650F80C3B98
S31508044A1040F2054193F8703001AA8DF804300A9BD8
S31508044A20ADF806708DF80850ADF80A60039302F0E5
S31508044A3085F910B90AA802F053FA05B0F0BD0B259A
S31508044A40D0E7B0F80AC02DE9F041ACF1020C9C4558
S31508044A5005460E4617461C4603DDBDE8F04100F040
S31508044A608CBF83692246198100233946FFF700FF64
S31508044A70044658B9AB690246314628460E3300F057
S31508044A8095FF044610B12846FFF7E6FE2046BDE822
S31508044A90F0812DE9F043202A8FB0054617461C46B7
S31508044AA003910BD941F2041421462846FFF760FF07
S31508044AB003A802F015FA0FB0BDE8F083002B46D11F
S31508044AC00846A2F1060802F07FFA4FF6FF765FFA67
S31508044AD088F81FFA80F94C4510D3AB69DA88B242D4
S31508044AE039D942F60203ADF814300223711C009337
S31508044AF0284605AB89B200F0E9FE25E023463A4686
S31508044B00039906A802F0DBF9AB69BDF818609A8820
S31508044B10B242C7D8DA88B242C4D3BDF81A10BDF86F
S31508044B201C20B8F1000F09D02846CDF800800DF1F5
S31508044B301E033C44FFF7E7FEA4B2CCE728469E8052
S31508044B4019815A8100F0DBFE04460028B0D041F2F0
S31508044B500A139C42A8D10024A6E770B505460E465A
S31508044B6011461A46FFF76BFE044670B903462846F3
S31508044B70FFF77EFE044640B931462846FFF794FE01
S31508044B80044620B12846FFF767FE204670BD052176
S31508044B902846FEF78AFCF8E770B506461D46FFF771
S31508044BA04EFE044698B9B2F5007F15D8B369198143
S31508044BB05A810DB11544ADB230469D814AB900F00B
S31508044BC09EFE044618B907213046FEF76EFC2046B9
S31508044BD070BD00F0A5FEF4E72124F8E770B5054694
S31508044BE01E46FFF72CFE044648B933462846FFF707
S31508044BF028FF044618B90B212846FEF756FC20461A
S31508044C0070BD70B50446FFF71AFE1646054640B948
S31508044C104FF6FF72914206D141F20A112046FFF778
S31508044C20A7FE284670BDA369013120465E8189B274
S31508044C3000F01CFE20B911212046FEF736FCF0E7E9
S31508044C400546EEE72DE9F0471C4696B083690192BE
S31508044C501B780646062B03D0112B60D001A81CE04E
S31508044C600129104614BF4FF010084FF002080392AA
S31508044C70002C4CD102F0A8F94FF6FF7508F1020989
S31508044C8087B2A7420ED8B369DA88AA4237D800246D
S31508044C9021463046FFF76CFE03A802F021F916B048
S31508044CA0BDE8F08723464A46039904A802F007F9A3
S31508044CB0B369BDF810509A88AA422DD8DB88AB424E
S31508044CC02AD39DF81330282BE1D0B2465AF80C3B68
S31508044CD0424693F870300DF112010DA88DF8303064
S31508044CE0ADF83250CDF844804C44F9F7E7F840F271
S31508044CF0044150460CAA02F021F8A4B2C1E7691C83
S31508044D00304689B200F0B2FD04460028C4D041F208
S31508044D100A139C42BBD0BBE741F20414B8E7012945
S31508044D20104614BF12270427049284BB02F04CF9D8
S31508044D3042F602184FF6FF7185B2A5420DD8B3693B
S31508044D40DB888B4221D901314FF6FF72304689B28E
S31508044D5000F08CFD0446A0B119E023463A460499AE
S31508044D600CA802F0ACF8BDF83220BDF83010424564
S31508044D709DF8333007D1B269022330460A32FFF769
S31508044D8060FE04A889E7282B06D141F20A142146B5
S31508044D903046FFF7EDFDF4E73C44A4B2CDE7F0B5A1
S31508044DA0836987B003911B780546022B144653D1B1
S31508044DB008460491002A47D102F006F94FF6FF7611
S31508044DC087B2A7420DD8A869C288B2422BD8002454
S31508044DD021462846FFF7CCFD04A802F081F807B05F
S31508044DE0F0BD04220499234605A802F068F8AA69C6
S31508044DF0BDF814109088BDF81660814229D3D3886B
S31508044E00994226D8864224D39E4222D85069927A59
S31508044E10837904340C330092034432462846FFF758
S31508044E2072FDA4B2CDE743694089711C0190987953
S31508044E3089B20C300344009328464FF4205300F0FB
S31508044E4029FD04460028C7D041F20A139C42BFD163
S31508044E50BDE741F20414BBE703A8BEE7F0B587B083
S31508044E60054617461C46039153B9FFF730FD38B17A
S31508044E70012322462846039900F084F807B0F0BDBA
S31508044E80A9690B78082B05D8062B44D8032B0FD011
S31508044E9003A83DE00F2BFBD1039B0593002C6DD192
S31508044EA0002B6BD0224628460989FFF748FD59E0AE
S31508044EB00398059018B3ECB9102683794A890C33FC
S31508044EC00989034400962846FFF71DFDAB699988AE
S31508044ED0DA88914217D242F60203ADF8103002235B
S31508044EE00131009328460DEB060389B200F0EEFC67
S31508044EF0044660B141F20A139C4204D101E0002C35
S31508044F00F8D141F21F0421462846FFF731FD05A8CA
S31508044F1001F0E6FFB2E7039805907CBB70B302F094
S31508044F2053F80FB386B2B7421ED2394605A802F023
S31508044F300FFA38B905A801F0D3FF1A212846FFF756
S31508044F4017FD9BE78379F61BC2180233918983718F
S31508044F50AB6900225B89B6B200902846FFF733FD99
S31508044F60B742E2D92146E9E7AA692846538911894D
S31508044F70059A00920022FFF726FDF3E705A801F03B
S31508044F80AFFFEFE7F0B585B006461F461446039112
S31508044F9032BB084602F018F8054608B3B1690B781F
S31508044FA04A89082B0BD8062B0BD9039B098930464B
S31508044FB0009313462246FFF706FD039401E00F2BE0
S31508044FC019D0B1694B89EA1892B2B2F5007F4A81C1
S31508044FD017D82FB13046098900F0A2FC044628B137
S31508044FE00022234611463046FFF738FF03A801F08E
S31508044FF077FF05B0F0BD3046039B0989FFF79FFC90
S31508045000DBE741F20414EBE773B5836901911B7876
S315080450100446082B15460ED8062B0ED9019E2046A3
S315080450203146FFF754FC2A46034631462046FFF725
S31508045030A9FF02B070BD0F2BF0D001A801F050FFF4
S31508045040F7E730B5836987B003911B780546092BC2
S31508045050144611D105915AB9134600910F222146D7
S31508045060FFF7B1FC21462846FFF782FC07B030BD9E
S3150804507005A801F035FFF5E703A801F031FFF5E7C8
S3150804508070B5836986B003911B7805460A2B1446C6
S3150804509031D1059132BB059801F096FF08B904464B
S315080450A020E00023022205A90DF1120001F011FFE8
S315080450B0012815D9BDF8126096B1059801F084FF48
S315080450C086420FD8BDF8121005A802F041F948B176
S315080450D000230090212219462846FFF774FCDAE7D4
S315080450E041F20D1405A801F0FBFE21462846FFF7F8
S315080450F03FFC06B070BD03A801F0F2FEF9E72DE9FE
S31508045100F04F87699FB003913F780546052F1646E9
S315080451101C4604D8032F16D810D003A867E0082F16
S31508045120FBD108461391002B00F0C28013A801F0A6
S31508045130D7FE21462846FFF71BFC01E0FFF7A9FC2A
S315080451401FB0BDE8F08F202A0846049148D8002BE2
S3150804515040F0A880571F01F037FF4FF6FF78FFB2DB
S315080451601FFA80FA0DF11C0BA24506D8AB69DA883A
S31508045170424500F28780002434E0234632460499E7
S315080451800BA801F09CFEAB69BDF82C809A884245B1
S3150804519026D8DA88424523D35969F1B9A94659F874
S315080451A00C1BBDF82F2091F870109DF82E308DF841
S315080451B04C10ADF84E200DF131013A4615A88DF87C
S315080451C050301997F8F77AFE40F20341484613AA75
S315080451D001F0B4FD3444A4B2C6E75A89102A09D9A1
S315080451E041F2041421462846FFF7C2FB04A801F03D
S315080451F077FEA5E70023584601F061FEAB690DF179
S315080452003101102FCDE9051B93F80A902BD1B9F17A
S31508045210020F34D105A8E5F741FA0228DAD14A463D
S31508045220DDE90510F8F7E2FD0028D3D12B4653F83B
S315080452300C0BBDF82F1090F870009DF82E208DF8F1
S315080452404C00ADF84E108DF8502059464A4615A81C
S315080452500293CDF86490F8F731FE029B40F20341BD
S31508045260184613AAB4E7022F09D1B9F1100F06D1CB
S3150804527006A8E5F713FA0228ACD13A46D0E73A4627
S315080452805846CFE742F60303ADF84C30022308F13B
S3150804529001010093284613AB89B200F017FB0446B4
S315080452A00028A3D041F20A139C423FF464AF99E75D
S315080452B059B900210023AA6928469381538111818B
S315080452C013993246FFF7CAFD3AE701F07DFE16B197
S315080452D080B28642EDD1139A9379D118023389891B
S315080452E09371E7E72DE9F0431C468FB08369039170
S315080452F01B780546012B17465BD10846059101F034
S3150804530063FE202F0BD941F2041421462846FFF7E1
S315080453102FFB05A801F0E4FD0FB0BDE8F083002CCF
S3150804532042D1059801F050FE4FF6FF76A7F104081E
S315080453301FFA88F81FFA80F95FFA88F8A14505D894
S31508045340AB69DA88B24220D80024DEE723463A4617
S31508045350059906A801F0B3FDAB69BDF818109A883B
S31508045360BDF81A609142CED3DB889942CBD89642CF
S31508045370C9D39E42C7D832462846CDF8008007AB23
S315080453803C44FFF7C0FAA4B2D8E74FF42053ADF86B
S3150804539010300223711C0093284604AB89B200F02E
S315080453A0D3FA04460028B4D041F20A139C42CBD05F
S315080453B0ABE703A8AEE783691B780B2B02D0103B37
S315080453C0012B01D8FFF7D4BA7047F0B585B001931D
S315080453D0836917461A7804460B3A0A9E072A42D85E
S315080453E0DFE802F004413041410441290198039061
S315080453F001F0EAFD85B203A801F072FD26B1314633
S315080454002046FFF7D1FA0FE0A1697A194B8992B2BF
S3150804541093420BD90A8201F10E032046098900F04A
S31508045420C5FA01460028EBD105B0F0BD0121204696
S3150804543000F0F6FAF5E72EB91A8A0198BA420BD0A3
S315080454404FF48166019B03A8039301F049FD314695
S315080454502046FFF78DFAE7E7DA89596901F0BFFDB7
S315080454600028EDD1EEE701A801F03AFDDCE738B5EE
S315080454708269044613780D460E2B12D0102B01D0E0
S315080454800B2B12D1536933B1997902F114000B44E9
S31508045490DD6801F025FD29462046BDE83840FFF7BA
S315080454A08ABFBDE83840FFF763BA38BD07B500239D
S315080454B000921B22FFF787FA03B05DF804FB07B5D1
S315080454C083695980009200231D22FFF77CFA03B0F2
S315080454D05DF804FB10B5037C0446012B0AD08369E6
S315080454E05B884BB100F0ACFA1A2802D00022A369F3
S315080454F05A8010BD0720FCE70220FAE708B5FEF734
S3150804550040F818B1BDE80840E5F776BE252008BD81
S3150804551010B50C46FEF735F850B12269022A01D0B7
S31508045520102A07D12146BDE81040D2B2E5F786BE57
S31508045530252010BD2120FCE770B50D461446FEF75C
S3150804554020F858B12369022B01D0102B08D1224622
S315080455502946BDE87040DBB2FFF7FFBA252070BDC7
S315080455602120FCE770B50C4615461E46FEF709F8D9
S3150804557030B133462A462146BDE87040FFF70CBBD6
S31508045580252070BD70B50C4615461E46FDF7F9FF75
S3150804559030B133462A462146BDE87040FFF71EBBA4
S315080455A0252070BD08B5FDF7ECFF18B1BDE8084025
S315080455B0FFF790BF252008BD38B50C461546FDF7FC
S315080455C0E0FF28B12A462146BDE83840FFF719BB53
S315080455D0252038BD70B506460D461446DBF7E4FFAC
S315080455E04379C57523F0030343F00303437140F677
S315080455F00943C380A0F815602060153070BD13B543
S315080456000C4601AAFFF7E6FF019BDA791444DC711C
S3150804561002B010BD73B5064610460C46154601F091
S31508045620D3FC211801AA3046C9B2FFF7D3FF019B60
S315080456300646DA791444DC712B4633B901A829469F
S3150804564001F024FD304602B070BD5C7924F00304F1
S3150804565044F002045C711B68EFE708B5DBF7AAFFA0
S3150804566083790C33184408BD4B88052B05D1088863
S315080456700E288CBF00200120704700207047F8B51B
S3150804568005460F46164604210A22002001F084FE28
S315080456900246B8B1847905210C3403194FF0060C77
S315080456A000209970D87002F804C013241C710224CF
S315080456B05F715870D8719C7128461E81BDE8F84000
S315080456C0E5F71EBEF8BD73B50546104601920C46AD
S315080456D001F07AFC042186B2019801F0A0FD024685
S315080456E028B901A801F0FCFB1A2002B070BD837921
S315080456F001900C33C1184C80C65221462846E5F75A
S31508045700FFFD0020F1E72DE9F041064688461746D5
S3150804571004210A22002001F03FFE0246B8B1857929
S3150804572000240C354319052106209970DC70505560
S315080457300120187102205C70987183F80580304640
S31508045740DC711F81E5F7DCFD2046BDE8F0811A20EF
S31508045750FBE7002070470020704707B501A80192AF
S3150804576001F0BEFB03B05DF804FB704708B5E6F725
S315080457700BF9E5F753FEE5F759FFE4F739FDBDE8FC
S31508045780084000F0D3B938B505460C46E5F73AFEA5
S3150804579028B928462146BDE83840F0F725B82846F2
S315080457A02146F0F721F800F0BEF9EFE737B50446CD
S315080457B042F60720FEF739FA0546C0B10A23002C3B
S315080457C0CBBF0534053CB4FBF3F494FBF3F4012393
S315080457D0002118460DF1070264B28DF8074001F05E
S315080457E045FE0022034629461046FEF72BF903B068
S315080457F030BD430803F05503C01A00F03303C0F361
S31508045800850000F03300184400EB101000F00F0078
S315080458107047002110B5421D441E14F8010FFFF706
S31508045820E8FF94420144F8D1084610BD10B5F0F7D4
S31508045830D9FC044628B10124204610BD436ADB0678
S31508045840F9D4F0F707FC0028F8D1F5E710B5E2F724
S3150804585031F8002814BF03240124E2F73BF808B101
S3150804586044F00404204610BD0020704770B5044671
S315080458700E461546052100220420FDF73FFC014685
S3150804588018B1A0F80160A0F803502046BDE870409E
S31508045890FDF78CBCF7B51D460023044600930F4656
S315080458A0164607210620BDF82430089AFDF74AFC57
S315080458B0014628B1A0F80170A0F80360A0F80550C5
S315080458C0204603B0BDE8F040FDF770BC73B5154635
S315080458D01A460023044600930E46082005219DF81F
S315080458E01830FDF72FFC014618B1A0F80160A0F89E
S315080458F00350204602B0BDE87040FDF757BC38B5E2
S31508045900002204460D460A200321FDF7F7FB01464B
S3150804591008B1A0F801502046BDE83840FDF746BC5A
S3150804592070B504460E461546052100220C20FDF7DF
S31508045930E5FB014618B1A0F80160A0F8035020461B
S31508045940BDE87040FDF732BC73B515461A46002308
S31508045950044600930E46102005219DF81830FDF7DD
S31508045960F1FB014618B1A0F80160A0F803502046DF
S3150804597002B0BDE87040FDF719BC73B50E460021A8
S3150804598044890546033CA4B2A342009128BF234692
S3150804599003211220FDF7D6FB014608B1A0F80160E1
S315080459A0284602B0BDE87040FDF700BC2DE9F34176
S315080459B00546984683690F465869164601F004FB5E
S315080459C06C8980B2053CA4B2844228BF0446A869FF
S315080459D02146143001F0BCFC009048B10522082188
S315080459E0002001F0D9FC019030B9684601F078FA34
S315080459F01A2002B0BDE8F081009901A801F046FB1F
S31508045A001620019A93790C33D118D054A8F800407B
S31508045A102846A1F80170A1F80360FDF7C7FBE8E77B
S31508045A2038B5002204460D4618200221FDF766FB08
S31508045A30014600B145702046BDE83840FDF7B6BBBF
S31508045A4010B50121044600221E20FDF757FB014626
S31508045A502046BDE81040FDF7A9BB70B58579044614
S31508045A600C35461901F0B0FA625D431E013A9BB241
S31508045A70202A12D8DFE802F0131118111A112B1173
S31508045A8031114211421142113511271111113B11DD
S31508045A9027114011401111114200002070BD042B3A
S31508045AA014BF01200320F9E7022BF9E743B3727800
S31508045AB0022A0AD0012A23D10222013B0232B3FB6D
S31508045AC0F2F102FB1133002BEAE71022F5E713F093
S31508045AD0030F14BF01200320E0E78BB17278013B62
S31508045AE0EDE76BB17278032A0AD9013BE7E7042B81
S31508045AF034BF01200320D1E7022BF9E70320CDE7C1
S31508045B000120CBE708B5FFF7A8FD407940F480509B
S31508045B1008BD022801D1E5F7B9BF704710B90120BD
S31508045B20E5F7D8BF70470220E5F7CABF0020E5F7B6
S31508045B30C7BF08B5FFF791FD407940F4805008BD0A
S31508045B400078F0F7AFB97047F0F70CBB01F0DCBE8C
S31508045B50F1F7DAB9E6F72ABF01F0D8BE01F0D8BEE4
S31508045B6070477047704708B503F088FA002814BFD1
S31508045B701420002008BD70470F20704770477047EF
S31508045B8070470020704770477047704770B50446E1
S31508045B900E4615680A460021F8F752F925F4004519
S31508045BA020462122314601F0E2F8290A043120462A
S31508045BB0C9B201F065F9A3791C44E56070BD704764
S31508045BC00078F0F783BE38B5F0F772FF0446C8B11B
S31508045BD0437803F0F003102B03D0202B09D100F0EF
S31508045BE068F8002541F216012046E6F74DFF2846D7
S31508045BF038BD302BF5D10088C0F30B00E6F72CFF2F
S31508045C000546EFE740F20A45F1E738B505460020B0
S31508045C10F0F7AEFF044600B938BD04F10800FDF7F5
S31508045C2031F8421C08D06B1C01D0A84204D1204686
S31508045C30F0F786FEFFF7C7FF2046E9E71FB5827827
S31508045C400346102A0C4628D0252A30D1D3F8061044
S31508045C50D0F8020001AA03C259891B7B2046118089
S31508045C600D21937001F02BFABDF80500F0F738FF03
S31508045C7050B1F0F765FE9DF80C300246FF2B21461D
S31508045C8001A807D1E7F710F9204604B0BDE810408B
S31508045C9001F026B900F016F8F6E7B0F80300F0F7B5
S31508045CA01FFF0028F0D00721E6F7EEFEECE704B064
S31508045CB010BD08B5E6F7D0FFBDE80840E6F7F6BE1E
S31508045CC0704770477047704713B5044601A92020EA
S31508045CD0E4F744F820B9224620200199E4F74EF85F
S31508045CE002B010BD13B50C4601A904F021FA10B987
S31508045CF0019BC4E9003002B010BD38B504460D4610
S31508045D0020220021F8F79CF8F6F746FFD5E9023277
S31508045D10E260EA8B43F4806322822A8CA080628242
S31508045D20AA8CA282EA8CE2826A68A3602260FFF7E0
S31508045D3028FF18B1A36843F00403A360A36843F4D7
S31508045D408032A2602A6892055CBF43F41023A360DC
S31508045D5038BD08B52020FDF7D0F8003818BF012053
S31508045D6008BD08B5FFF7F5FF20B1BDE808402020B7
S31508045D70FDF7CBB808BD08B5EFF7B2FB08B10120AB
S31508045D8008BD04F0B5F9EFF7B3FB0028F7D1E3F73C
S31508045D90D7FF003818BF0120F2E708B5E7F71EFB5E
S31508045DA000280CBF0420012008BD08B5FCF70DFD2A
S31508045DB0002008BDE7F7E2BBE7F7F0BB704702200F
S31508045DC07047022070470020704701207047002062
S31508045DD07047704737B504460D4601A8E9F766FFCC
S31508045DE001A8FFF7F6FF204601A98DF80650E7F744
S31508045DF0B3FD03B030BD08461146012200F06EB863
S31508045E00014608B54FF0FF30E7F7CEFDB0FA80F04B
S31508045E10400908BD00F069BD00F071BD7FB56C4648
S31508045E2005460E460FCA84E80F009DF80D30224633
S31508045E3043F04003314628468DF80D3000F0DEF86D
S31508045E4004B070BD7047431E012B03D9031F584283
S31508045E50584170470120704700F0F4BD4FF4D872DA
S31508045E600021F7F7EDBF70B50446E9F741FE05468C
S31508045E70A8B9A169F1B1238AD3B1204604F1100265
S31508045E8000F0D6FC38BBE16919B3638AA3B120468E
S31508045E9004F1120200F0A1FC78B1054603E00023E0
S31508045EA0A3612361E361002328466361236270BD0D
S31508045EB0A061E8E72082E6E7E361216A0029F2D0D7
S31508045EC0A28A002AEFD02046E38ABDE8704000F093
S31508045ED043BC6182F1E76582E561DEE710B50C46ED
S31508045EE01146E8F7FDFDEAF719F9012801D1002062
S31508045EF010BD002CF7D10520FAE7F8B506460D467D
S31508045F00E7F786FDD8B94FF6FF734FF0240CEF6810
S31508045F10C1B28F4208D81C4621463046E7F728FF07
S31508045F2000F096FD2046F8BDAA680CFB0122D48928
S31508045F309C4202D2002CEFD023460130E8E7002425
S31508045F40F0E7C08D70470A7838B505461046FFF75E
S31508045F507AFF60B14C782046FFF775FF38B12243C3
S31508045F60530704D42846BDE83840E9F771B8212018
S31508045F7038BDFFF7E8BF10B504460878FFF763FF96
S31508045F8058B14A781046FFF75EFF30B1042A04D0A8
S31508045F902046BDE81040E9F779B8212010BDFFF77F
S31508045FA0EABF09B1E9F78CB82120704700F04EBB67
S31508045FB0084600F0C2BCF0B5044600262427C26889
S31508045FC0013A12B2964202DD4FF6FF700DE0B3189D
S31508045FD0A56803EBD3735B1007FB035598B2EB89EB
S31508045FE08B4203D82B8A8B4203D3F0BD431E1AB2C5
S31508045FF0E8E7431C1EB2E5E7E8F7C8BE70B50446F1
S315080460000D46164600F02CF958B129462046E7F7FE
S31508046010AFFE38B9324629462046BDE87040EDF74A
S3150804602069BE0E2070BDEAF70FB808B5E7F78CFC11
S3150804603018B1BDE80840EDF7F3B808BDF0B587B068
S3150804604004460E4615461F46ADF80610D3B190F819
S315080460503831ABB9D0E94C0194F836310490C0B262
S315080460609842ADF8141005D0204604A98DF81030CE
S31508046070E9F77CF820463A7894F83711E9F7E4F812
S31508046080002020E00ABBD0E94C01D4F8E0300490A3
S31508046090ADF814102046A4F8426004AA0DF10601CE
S315080460A0E8F7E4F878B9204604A9E9F75FF850B99F
S315080460B0034601222046BDF90610E9F745F9BDF85D
S315080460C00630A4F8443007B0F0BDB2F91230B0F97E
S315080460D042200DF10E019342A8BF134604AAADF857
S315080460E00E302B46E8F7C2F8BDF90E30B5F9122082
S315080460F09A42A8BF1A469DF81030ADF80E200C2B0C
S315080461000FD1212384F83831B4F9443093420DDD94
S31508046110D4E94C0100230490ADF8141084F83831FE
S3150804612004E0C0B284F838010028EDD19DF81010B7
S315080461302046A4F8442084F83611D1F73DFF84F8A4
S3150804614037019DE738B5044600200D4600F07CFC6F
S31508046150D4F8F0302BB929462046BDE83840E9F78B
S315080461609FB8022038BD00F0D6BA70B504460020A0
S315080461700E4600F069FCD4F8F0503DB100233146D0
S315080461802046AC46BDE870401A4660472B460122B5
S3150804619031462046E9F7D8F8284670BD38B504468E
S315080461A048880D4600F050FCD4F8F0302BB929463F
S315080461B02046BDE83840E8F7D9BF022038BD00F0CC
S315080461C045BC00F09FBAE8F737BCEBF75FB938B5BA
S315080461D005460C4604F08FF9D5F890301C40D5F8DE
S315080461E08C302343C5F88C3004F080F9211E18BF7F
S315080461F001210020490238BDE9F7FEBA3F2B10B544
S3150804620002D80024204610BDB3F5805F9BBF4FF02B
S315080462100044B3FA83F34FF48054DC4098BFA4B225
S31508046220A242134628BF2346224600F095FA0028C0
S31508046230E7D1E7E700F0D1BAEAF7DABDE9F7ECB94E
S31508046240E9F792BAFFF7FCBF38B50446154609B113
S3150804625000F016FB15B12046E9F7ECFA002038BD24
S315080462600346408A18B1188A003818BF01207047B7
S3150804627000F014BB00F01EBB0846EBF717BA10B5BE
S31508046280044600F08DF820B92046BDE81040E7F72B
S3150804629023BF10BD00F0E5BBEBF738BC2DE9FF4181
S315080462A0984604460E46174604F02EF90546204637
S315080462B0FFF7E5FF0A9B3A46029300233146CDE9E8
S315080462C000832046E7F756FF0446284604F017F9E4
S315080462D0204604B0BDE8F08138B5044604F014F944
S315080462E005462046FFF7CBFF2046E7F721FF04467D
S315080462F0284604F004F9204638BD38B5044604F0A7
S3150804630003F905462046FFF7BAFF204600F057F87A
S315080463100446284604F0F3F8204638BD38B5044642
S3150804632004F0F2F805462046FFF7A9FF204600F0D8
S315080463304CF80446284604F0E2F8204638BD70B501
S3150804634004460E4604F0E0F805462046FFF797FF94
S3150804635031462046E7F75CFF0446284604F0CFF8A2
S31508046360204670BD0120704701207047134607B5C3
S3150804637000228DF807100DF10700194600F02FFBCF
S3150804638003B05DF804FB084611461A4600F027BB1D
S315080463900020704701207047EAF790B900F0CABA9E
S315080463A0E7F7D4BD10B504F0AFF8044600F015F8C5
S315080463B0E7F7F2FD2046BDE8104004F0A0B802460F
S315080463C008B5E7F7C3FD507D08BD024608B5E7F7EB
S315080463D0BDFD507D80F0010008BD00F042BBE8F722
S315080463E095BD00F070B990F8273003B1084702202C
S315080463F0704710B50446E9F7FDFF2046BDE810408E
S315080464000321E8F747BB90F827300BB1E9F7B4BF87
S315080464100220704790F827300BB1E9F7D3BF022062
S31508046420704738B590F827400D46BCB1053C012C99
S315080464308CBF0024012449682246EAF719F828681B
S3150804644090FAA0F0000AEBF79BFFA97A288922465E
S3150804645081F00101EAF73CF8002038BD0220FCE788
S3150804646030B585B005460FC96C4684E80F00214649
S315080464702846FFF7D6FF05B030BD1FB5ADF808307E
S315080464809DF81830CDE900128DF80A3000236946C4
S31508046490ADF80C30FFF7E4FF05B05DF804FBF0B582
S315080464A09C4605460E46174687B00C9B02AC0FCB96
S315080464B084E80F0063463A46314628460094EAF7CC
S315080464C039F807B0F0BD10B586B0089C0294099C4B
S315080464D00394BDF82840ADF810409DF82C408DF87B
S315080464E012400024ADF8144002AC0094FFF7D7FF1D
S315080464F006B010BD0020704700207047013001D156
S31508046500EBF776BC212070477047D0F8943003F037
S315080465106003402B0DD0602B03D0203B58425841D2
S31508046520704749B10B68012B06D9486940F0010048
S31508046530704740F20110704700207047012A38B5A9
S315080465400C46114638BF01210139C9B26170217060
S315080465504B4300216180D0F8DC10273323F0030372
S315080465604968E518656039B132B12846EBF74AFD42
S31508046570013005EB800038BD4FF0FF32281DE2508C
S31508046580F9E72DE9F04304464FF47A701646584362
S3150804659087B00F46BDF83880ECF7E8FE35683860F2
S315080465A04146D4F8DC007D60FFF705FD4FF6FF731E
S315080465B0984249D02422D4F8DC3050439B680F9A79
S315080465C01F5803EB0009C2F8009067BB4A464146C8
S315080465D02046009703ABE8F7F1F9D4F8E4902A4685
S315080465E04146204603ABCDF80C90ECF7B9FD05EB14
S315080465F0800227B149462046E8F786F9024614463A
S315080466004FF0FF3344F8043B601BE0288CBF00209E
S3150804661001204FF466622F21E7F782FC00203460DC
S3150804662007B0BDE8F08339462846EBF7EBFC0023B0
S315080466304A460093414605EB800503AB2046E8F736
S31508046640BDF9D7F80490CAE72120E9E7F7B5044667
S315080466501046D4E954C7DDE908268CEA020587EA18
S3150804666006010540194085EA0C057940C4E95451E8
S31508046670002523F4004106EA010320F0010043F44F
S315080466800073024043F00203CDE90055EDF7E6F83E
S3150804669094F824309A0713D5D4F854319B050FD5AA
S315080466A04FF488112046FFF792FD94F824300246E9
S315080466B065F3410384F8243020460B46E8F7D8F9F5
S315080466C0002003B0F0BD0520EBF716BAD0F8E42095
S315080466D008B57AB11368022B0CD9536A13F47F4FA1
S315080466E0C3F3072106D0126ADBB253438B42B3FBCA
S315080466F0F1F006D2002040F67F424C21E7F710FC61
S31508046700002008BD0346D0F830010860B3F83431D8
S3150804671000208B80704790F830310C2B14BF90F80A
S315080467202B00FF2070474FF48071EEF72DBB38B568
S315080467304FF03A430546DC6A808AC4F30C04A04247
S3150804674034BF0020012041F66A020821E7F7E8FB76
S31508046750A88A001B80B238BD2DE9F041884618F096
S31508046760030706461546194633D1B2F5805F30D875
S315080467709A422ED33F2A28D9B2FA82F4012201205A
S31508046780C4F11F03DBB29A4092B2AA422CBFC4F1E9
S315080467901904C4F11A04E2B2931DDBB2984080B21C
S315080467A0A84214D096F8F530ABB9012096F82530EE
S315080467B060F3000386F825304046EAF7C9F8C6F8B8
S315080467C02080B5823846BDE8F0813A46EAE70020DB
S315080467D0ECE72127F6E70E27F4E7F8B511F00306E8
S315080467E007460D46144621D102B313883F2B1DD9FB
S315080467F0B3FA83F3C3F11901C9B2062901D8192BCF
S3150804680012D0062928BF062101238A1DD2B2934035
S315080468102846238000F0D0F823883846FD617B8219
S31508046820EAF7A8F93046F8BD3146EDE72126F9E737
S3150804683038B5148811F003054FEAC4041ED13F2C59
S315080468401CD9B4FA84F4C4F11903DBB2052B01D8B4
S31508046850192C11D0052B28BF052301240633DBB2D6
S3150804686004FA03F3C3F3CF041480816104824387D3
S31508046870EAF780F9284638BD2B46EEE72125F9E7DD
S31508046880E7F7BEBF10B5144608460121EBF776FCB8
S315080468902046BDE810400121EBF770BC10B50A018B
S315080468A01021EEF75DFA0446EEF778FA201E18BFB3
S315080468B0012010BD1021EEF767BAF8B504460E4656
S315080468C0174603F018FE3A46054631462046EBF7C6
S315080468D015FF0446284603F009FE2046F8BD0520A0
S315080468E0704703207047EBF7FFB810B50023E9F7A4
S315080468F063FA044608B9EDF7E7F9204610BD38B53A
S315080469001D4600230446E9F757FA28B929462046BE
S31508046910BDE83840EDF7D2BA38BD8021EEF734BA6F
S3150804692010B50446E8F7D0F801462046BDE81040FD
S31508046930E8F7D0B8E9F7C2BE704710B5ECF7B4F972
S3150804694004460021E9F7BAFFE9F7A2FF204610BD7D
S315080469502DE9F74F01251C469DF83030064601936C
S315080469600368174603F0070306339D4005F1FF380D
S315080469700B46A1B1416804EA080BA5EB0B0A41F0E2
S315080469800059524509EB0B0114D952461846F7F734
S3150804699095FA49467A1B5A445044F7F78FFA019BED
S315080469A02BB13C4448EA050804EA0804F46003B039
S315080469B0BDE8F08F1846F0E74FF03A4301225A67CC
S315080469C041F6FF72D96418651A67704737B500250A
S315080469D014460095FFF7BCFF204603B030BD70B5DA
S315080469E00E461546044608B9002070BD0378042BE4
S315080469F018D02078EAF750FBB0B923780C2BF3D1DA
S31508046A000EB1FF233370CDB1FF232B7016E0207827
S31508046A100130C0B203282070EBD8EAF73DFB002802
S31508046A20F5D0E6E70020F5E71EB12078EAF7A4FBDF
S31508046A3030701DB1207800F00CF828700120D4E7D6
S31508046A40E9F7D8BA0020704700207047002070473D
S31508046A50704710F0FD0F14BF4FF0FF300020C0B28E
S31508046A60704708B5EBF776F8BDE80840EBF79AB82F
S31508046A7038B50446FFF7F5FF0546FFF7F2FF431B53
S31508046A80A342FAD338BD38B50D460446EBF762F887
S31508046A9035B1844200D90139204601F0030138BDD5
S31508046AA0844238BF0131F7E708B5EBF76BF8BDE860
S31508046AB00840EBF777B808B50121FFF7E4FFBDE80E
S31508046AC00840EBF76FB808B521B19200F7F7F6F965
S31508046AD0002008BD2120FCE700F06F43B3F1804F86
S31508046AE002D0B3F1204F02D120F07040704700F075
S31508046AF06043B3F1204F08BF20F0805070470B0C59
S31508046B0023F48053B3F5284FF7B50D468FB20646DE
S31508046B1099B216D04AF60103994214D04AF60203EA
S31508046B20994212D0B1F5204F14BF04240324D6F891
S31508046B30E0300BB1196851B9D6F8DC3093B9286836
S31508046B400EE00024F3E70124F1E70224EFE72346E5
S31508046B5068463A46EBF7ACF8DDE90003002BEBD1BF
S31508046B6003B0F0BD19680029E9D0234668463A46B9
S31508046B70EBF79EF8DDE90003002BE0D1F0E7020409
S31508046B80C0F3891307D56FEA83536FEA935313F552
S31508046B90007F18B206D0A3F1C8006FF4FF739842B9
S31508046BA0B8BF184670470020EBF736BC0120EBF750
S31508046BB033BC0E2070477047EDF728BCEDF726BCAA
S31508046BC0EDF724BCEDF722BC08B50846EEF736F80F
S31508046BD008BDEDF71BBC00228A4202D14FF0FF30F4
S31508046BE0704750F8223093FAA3F30BB90132F3E74E
S31508046BF0B3FA83F000EB421070470020704743084D
S31508046C0003F05533C01A00F03333800800F03330EC
S31508046C1018444FF0013300EB101000F00F305843BE
S31508046C20000E704710B5044688B1836A016A7BB1C1
S31508046C3080689847002394F8240023620C2863602C
S31508046C4005D82146EEF7D0FE0D2384F8243010BD6E
S31508046C500029EFD08368002BECDB084600F033FCF0
S31508046C60E8E7002307B51A46019101A9EEF70EFDD8
S31508046C7003B05DF804FB002330B587B004939DF890
S31508046C803430DDE90A4503930C9BCDE900450293AC
S31508046C90EEF77AFC07B030BD052330B585B003930B
S31508046CA00A9BDDE908450293CDE90045FFF7E3FFB2
S31508046CB005B030BD30B500230024002585B0CDE9E4
S31508046CC000450293FFF7E8FF05B030BD03680B6083
S31508046CD0016070472DE9F0410E4617460024054623
S31508046CE0006808B9BDE8F081D0E90083B3420BD146
S31508046CF08368BB4208D154B9C5F80080C368DB076A
S31508046D0001D500F0E0FB204604464046E9E7C4F80E
S31508046D100080F3E7002370B51A4619460546046849
S31508046D20EEF7B4FC0CB92C6070BDE3682668DB0783
S31508046D3002D5204600F0C7FB3446F3E72DE9F843AD
S31508046D400E461746054610B90020BDE8F8830468C0
S31508046D50002CF9D0D4E900893B4632462946A06876
S31508046D60C8470028F1D14446F2E73020704738B5C1
S31508046D70054614460A460021F7F762F824F01C046F
S31508046D806B7944F0100443F004032C716B7138BD1D
S31508046D902DE9F74F1F469DF830308A468046009302
S31508046DA0002850D0002967D00C68002C66D04FF014
S31508046DB0000BE679A179761AF6B2BE4208D30C31ED
S31508046DC0394408EB020945462144F61BC84537E011
S31508046DD02068A346BF1B002835D00446E9E7AB194B
S31508046DE0994538BFA9EB050632462846F7F766F8EB
S31508046DF0009B002B3DD0E279A079F3B237BB184447
S31508046E00A071E279A37927689A4232D1DAF8003078
S31508046E10A34208BFCAF80070BBF1000F01D0CBF833
S31508046E2000702046EEF730FE3C4635444CB1002748
S31508046E30A379E67903F10C01F61A2144F6B24D4515
S31508046E40CDD3A5EB080003B0BDE8F08F121AD2B271
S31508046E50F918914209DA0C302044D21BD21A01449B
S31508046E6038440193F6F7D2FF019BE279D31AE3710A
S31508046E70C7E7A3462468D8E70846E4E72046E2E7D6
S31508046E8010B5C4790246C4F14503D8B2884228BF6E
S31508046E9008460444D47110BD38B50546C079C0F116
S31508046EA04504E4B2944288BFD4B20C30224628443E
S31508046EB0F7F704F8EB7920462344EB7138BD1FB580
S31508046EC003910021009103A9FFF762FF05B05DF85D
S31508046ED004FB13B501240094FFF75AFF02B010BD52
S31508046EE038B50446206800B938BD0568EEF7CCFD08
S31508046EF02560F7E7034610B501F0EC0103B910BDA8
S31508046F001A7902F013020A431A711A1A544254419E
S31508046F105A7964F300025A711B68EFE710B558B141
S31508046F20016802685AB1136823B15C79E40704D589
S31508046F30002414600360084610BD0360F1E7134695
S31508046F40F8E7034658B10020DA7999791B68521A8A
S31508046F5050FA82F01BB15A79D207F5D570477047B3
S31508046F6070B50D460446E8B186798E4203D3751A80
S31508046F708571012070BDC27906F145039B1ADBB2FF
S31508046F8099420FD806F10C010144921BA81BD2B2F0
S31508046F900844F6F73BFF0023A371E3791D44AD1BB0
S31508046FA0E571E6E70020E5E70346006818B10268DC
S31508046FB01A600023036070470346006818B1026824
S31508046FC01A60EEF761BD70470346002003B970479F
S31508046FD0DA7999791B68521A50FA82F0F6E72DE99C
S31508046FE0F84F894614468246FFF7EEFF054648469B
S31508046FF0FFF7EAFFA542074601D3A04208D2BD42DD
S3150804700008D10024A346A046264647B9384604E0D4
S315080470102746F6E738D24FF0FF30BDE8F88F5EB959
S315080470209AF806809AF80760A6EB080608F10C0891
S31508047030D044DAF800A0F6B2BBF1000F0BD199F8E8
S31508047040064099F807B0ABEB040B0C344C44D9F85A
S3150804705000905FFA8BFB5E45354628BF5D46BD4208
S3150804706028BF3D4621462A464046F6F7BFFE002875
S31508047070D3D1A8442C447F1BEDB2761BABEB050594
S31508047080F6B25FFA85FBC0E70120C6E703680BB9C9
S31508047090016070471A461B68002BFBD111607047C4
S315080470A0036803B10B600160704739B10B461A4691
S315080470B01B68002BFBD1036813600160704770B529
S315080470C0046806460D4644B12046FFF77DFFA842EC
S315080470D011D8236813B9E379A37170BD20463360C8
S315080470E0EEF7D2FC3468F4E7ED1A236820463360D9
S315080470F0EEF7CAFC3468002DEFD0A279E3799B1A1F
S31508047100DBB2AB42F0D92A44A271E6E7F8B50668C1
S3150804711005460C4646B13046FFF756FFA0421DD831
S31508047120336813B9F379B371F8BD30462B60EEF7BB
S31508047130ABFC2E68F4E7064638460768002FFAD1F2
S31508047140C2798379D31ADBB2A34202D9121BC2715C
S31508047150EAE7E41AEEF798FC3EB13760002CE3D070
S3150804716028680028E0D00026E7E72E60F6E7F8B599
S3150804717004460F46BC4200D1F8BDA179E5796D1ADB
S31508047180EDB2C5F14506B6B20EB92468F2E749B1BF
S315080471900C312A46214404F10C00F6F737FE002385
S315080471A0E571A3712368BB42EFD05A79D207ECD4B0
S315080471B09979DD79A0796D1AEDB2B54228BF3546BD
S315080471C0E2790C3010440C312A4619442044F6F767
S315080471D075FEE379206853FA85F3E3718379761BA0
S315080471E053FA85F5C379EDB2AB42B6B2857103D1CC
S315080471F003682360EEF748FC002ED3D1C5E748B1EF
S31508047200002302794360036083604379027143F083
S3150804721004034371704700221146EEF7B7BC38B52C
S3150804722004460D46FFF79CFE98B984B12079FFF70A
S31508047230F2FF58B163794279C3F3400363F3410219
S3150804724045235D1B04604271C371857138BD0120F5
S31508047250EDE72046FAE738B5036804460D469BB1C0
S315080472601879FFF7D8FF88B12368427903605B79F8
S31508047270C3F3400363F3410245235D1B4271C371A3
S3150804728085712060002038BD0120EAE71920FAE755
S3150804729038B50C46054640B3006830B309B9002032
S315080472A038BD4AB9C9B2FFF75BFE0028F7D12B6887
S315080472B09A799871A41A06E0452918D8C9B2FFF72D
S315080472C04FFE0028EBD1442C07D8002CE7D02846DB
S315080472D0E1B2BDE83840FFF7BEBF45212846FFF7AF
S315080472E0BAFF0028DCD1453CEDE72220D8E7212067
S315080472F0D6E72DE9F84390F8078090F806900446F7
S31508047300A8EB0907FFB2B9420D4602D30020BDE82F
S31508047310F8830079FFF77FFF06460028F6D0A1799F
S3150804732080790C317F1B29440C30BAB2214430448D
S31508047330F6F7C4FDF37901203B44F371E3799944E4
S315080473404D442368A5EB0805E57133602660DEE73E
S31508047350F8B5076806460D463C46002305B12CB920
S315080473600BB100221A6034603846F8BDE379A27975
S315080473709B1ADBB2AB4207D8E379A2799B1ADBB234
S31508047380ED1A23462468E9E72046E9B2FFF7B1FF78
S315080473900028F1D10746E7E75318452B02DCC9B2A2
S315080473A0EEF7F4BB00207047F7B5002605460F46EE
S315080473B001960DB9019C09E0002238461146EEF7FC
S315080473C0E5FB044628B901A8FFF78AFD204603B061
S315080473D0F0BDAB798371EA79C27168796179D21A99
S315080473E060F30001617169796079C1F3400161F361
S315080473F04100607103F10C002918D2B22044F6F753
S315080474005DFD019B03B9019406B1346026462D68D7
S31508047410CFE72DE9F8430D461446064610B319B3CB
S31508047420DAB1034699461B68002BFBD12746C846A2
S315080474303A4629464046FFF72FFDC145A7EB000704
S31508047440054418BFC9F8008037B10022B1793079EC
S31508047450EEF79CFBC14618B9E41B2046BDE8F88341
S315080474608046E5E70446F8E70C46F6E737B51546D9
S31508047470C9B200221C46EEF789FB019040B12246A8
S315080474802946FFF7C6FF844202D901A8FFF728FD5B
S31508047490019803B030BD034610B501391A1A914252
S315080474A000D810BD445C1A7803F8014B42540139DC
S315080474B0F4E700230144884200D1704700F8013BF1
S315080474C0F9E7EEF76DBCF5F7E0B8002070477047AA
S315080474D00E207047704710B50446806920B1002114
S315080474E0E2F70EFD0023A36110BD07B501A9EEF767
S315080474F02FFD30B9019B586AC0F3C02003B05DF86C
S3150804750004FB0020FAE7002008B5EEF7A3FD08B946
S31508047510FF2006E0C37B012BF7D1436ADB06F4D5CB
S31508047520007808BD38B5436A04465B0705D50023C9
S3150804753000781A461946EFF753FC636A9D0706D581
S315080475402046EEF719FD636A23F002036362636A51
S3150804755018070DD52146E27911F8010BC2F3C002CA
S31508047560EFF7E0FB0546E8B9636A23F008036362AC
S31508047570204600F0B3F90546A0B9626AD10611D5CA
S31508047580D30404D52046FEF76FF940B11BE0120672
S31508047590E37B09D4E37B626A023B012B15D9616A52
S315080475A048071FD4284638BD03F0FB03012BF6D041
S315080475B021692078EFF7DCFB636A256123F08003F1
S315080475C063620028E6D00546ECE7D305E7D561698A
S315080475D02078EFF7E9FB00236361636A23F4807379
S315080475E06362D2E7E37BA28D012B03D1A2B1802A81
S315080475F028BF802211F0400F94F830304FF0010173
S3150804760018BF01232078EFF7EBFB0028DBD1636A68
S3150804761023F004036362C5E74022EBE7002010B5B4
S31508047620EEF718FD044600B910BD636ADA060BD5F1
S315080476305B0409D42046EEF701FC636A204643F04E
S3150804764006036362FFF76EFF2046E9E790F83930D0
S3150804765037B55B0704460D462AD4EEF7EFFB6B1ED7
S31508047660042B14D8032D12D0E379142B22D0A36942
S315080476706BB96846FBF7D8FEE2F73CFD6946E2F7C4
S31508047680A3FB18B91A25284603B030BDA061636A5E
S31508047690E57343F016036362E3F7E2FF2046FFF758
S315080476A041FF05460028EED02046FFF714FFEAE717
S315080476B00225E8E72125E6E707B501A9EEF748FC20
S315080476C030B90198C17B03B05DF804EBFFF7BEBF80
S315080476D003B05DF804FB37B5FFF715FFFF2804462A
S315080476E013D001A9EEF734FC78B9019D6B6A2846D4
S315080476F023F010036B62FFF7EEFE204605F1340112
S3150804770003B0BDE83040E4F7D7BB03B030BD10B5CD
S315080477100446FEF79BF80346204009D014F00500FA
S3150804772006D0DB4363F0050323420CBF0120002087
S3150804773010BD7047002337B580F8723040F6FF73E2
S31508047740A0F86E3083680446DA040D46C16010D486
S3150804775043F480636A46A36040F203212046CDE9D8
S315080477600045FFF7EBFA00212046E2F7C9FB03B010
S3150804777030BD90F87600FFF79FFFA36823F4805383
S31508047780E8E773B56E4604464A7930460D4606312F
S31508047790E2F7F4FC96E80300A4F85010090C11F07B
S315080477A0800FE06484F8521004F1530312D00122C6
S315080477B0184605F11201E2F7E1FC0C352846FEF7F6
S315080477C028F828B10122294604F15A00E2F7D6FC22
S315080477D002B070BDB4F8501094F85220C4F853009F
S315080477E099809A71E9E71FB590F87420044602F067
S315080477F0010301908DF808300BB102F002038DF8ED
S31508047800093094F8753020468DF80A30039100F053
S3150804781000F94FF4017101AA2046FFF78FFA2046B2
S31508047820E2F7E4FB04B010BDE2F742BB0A460021C6
S31508047830E4F73EBA826838B5C2F380320446B0F833
S315080478406E000D46E4F7DAFA20B9A3681DB143F4CD
S315080478500053A36038BD23F40053FAE7F8B5044689
S315080478600E4617461D46E2F745FC2146E2F7ACFAF2
S31508047870044698B10021FBF710FC3A4631462046E7
S31508047880EDF796FFA36843F00103A36040F20313E0
S31508047890A4F87230002320462B60F8BD1A23FAE7B1
S315080478A010B504460B68084623608B88A38042B14A
S315080478B0E2F75CFCA0712046FBF787FD00B9A071CE
S315080478C010BD4920F6E783791A0705D413F0100F7B
S315080478D00CBFFF2001207047002070470020704726
S315080478E018B1038861F30B030380704708B5FDF7E5
S315080478F0B4FE407940F4805008BD002070470F203C
S3150804790070470F2070477047EFF70ABFEFF722BF9B
S31508047910EFF72ABF07B58DF80710E2F7A1FA68B1A1
S3150804792045F2190200210DF1070300F0E0F9B0FA57
S3150804793080F04009400003B05DF804FB2120FAE713
S3150804794007B58DF80710E2F78BFA68B145F21D0200
S3150804795000210DF1070300F0CAF9B0FA80F04009D6
S31508047960400003B05DF804FB2120FAE710B588B09F
S31508047970E2F776FA0446002847D090F872000228FF
S3150804798045D1A36813F4407F2AD094F87330012BA9
S315080479902FD194F97500E1F747FA10B9A368DB0506
S315080479A027D594F8743013F0010322D1CDE90133B5
S315080479B0CDE90433CDE90633ADF80C30A36813F4E6
S315080479C0807F01AB0ED0A06AE16A228E03C31A80B7
S315080479D02046BDF8042004AB0DF10601E4F7DEF9F0
S315080479E008B010BD0A22022194F97500FBF751F973
S315080479F0EEE7002345F217021946204600F077F908
S31508047A00B0FA80F040094000EAE72120E8E70220BE
S31508047A10E6E738B545F21B020C460B460021054637
S31508047A2000F065F930B92CB121462846BDE838403E
S31508047A30EFF7E8BA38BD00F07CB901F0F2BA01F004
S31508047A40FBBA10B504464C30FBF71CF984F87500EC
S31508047A502046BDE8104001F0BFBA10B50446FBF74E
S31508047A60D5F801280DD094F8733094F97000012BD9
S31508047A7014BF0521032184F83210BDE81040FFF72E
S31508047A8026BDA36843F40073A36010BD00F083B950
S31508047A9038B5037804463E2B0D4602D0FF2B12D088
S31508047AA038BD8378052BFBD1B0F80300E2F7CAF991
S31508047AB020B1B4F80D10621D00F0D3F92846BDE8CC
S31508047AC03840FFF70DBA8378ED2BE9D1B0F80300F7
S31508047AD0E2F7B8F90028F1D0B4F80D1004F10F0351
S31508047AE0621D00F0C1F9E9E7CB0448BF41F480619F
S31508047AF08160704710B50446006C30B94FF4B07015
S31508047B00FFF7DFFC206420B910BD4FF4B071FFF70E
S31508047B10D0FCFF23226C82F85E31A3681B0603D5CA
S31508047B20C02301201370EFE794F87330012B14BFB8
S31508047B3080234023F5E708B5D0B2E2F791F928B1D6
S31508047B4090F8773003F07F0380F87730012008BD7A
S31508047B5010B5044645F21A01FFF783F82046BDE836
S31508047B60104047F23053002245F21A01EDF7FEBDE4
S31508047B7010B50A46044608210020FFF70DFC10B18B
S31508047B80837903441C7310BD38B505460C460D208D
S31508047B901121FFF7EDFF024688B121468379034494
S31508047BA00D3304F1100051F8044B814243F8044B99
S31508047BB0F9D12846BDE838400621FDF784BD38BD0D
S31508047BC038B505460C4604201121FFF7D1FF0246B5
S31508047BD088B12146837903440D3304F1100051F822
S31508047BE0044B814243F8044BF9D12846BDE8384092
S31508047BF00621FDF768BD38BD38B505460C46032091
S31508047C001121FFF7B5FF024688B12146837903445B
S31508047C100D3304F1100051F8044B814243F8044B28
S31508047C20F9D12846BDE838400621FDF74CBD38BDD4
S31508047C3037B50022054608211046FFF7ADFB044672
S31508047C40C0B10C2301220DF107018DF80730FFF7A7
S31508047C50E0FB296C202251312046FFF7DAFB296C18
S31508047C60202271312046FFF7D4FB224606212846F6
S31508047C70FDF729FD03B030BD036C4BB983681B06B9
S31508047C8008D490F87330012B14BF80204020704725
S31508047C9018787047C020704770B50446FFF7ECFFA4
S31508047CA0EFF7D4FC0D460346002245F201012046AF
S31508047CB09847236C03B11D702846EFF7C7FC4FF4A9
S31508047CC0A041034600222046BDE87040184770B517
S31508047CD01546044648B1FFF7CFFFEFF7B7FC2A4627
S31508047CE003462046BDE870401847022070BD114679
S31508047CF008B51A4621F00041FFF7E9FFB0FA80F00B
S31508047D00400908BD08B50B4601461846EEF778F84B
S31508047D10003818BF012008BD10B50446006838B1FC
S31508047D201A21FFF7C6FB2068FFF7CDFB0023236063
S31508047D3010BD30B58BB00D46002201A9C0B2EFF7CD
S31508047D40A3FA044620BB01460D220DF10B00F6F7F3
S31508047D5077F8B5F803206B79ADF8082006A9019AD7
S31508047D6002A88DF80A30EFF7D1FA40F20343BDF8BA
S31508047D701820002818BF1C469DF81A30102102A89E
S31508047D802A80AB70FFF795FB102106A8FFF791FB35
S31508047D9020460BB030BD10B50446EFF7DBF904F105
S31508047DA03400FFF7B9FFA3685A0606D523F0400343
S31508047DB000212046A360E3F7D3FE236C63B1D3F80E
S31508047DC09400F5F7A0F80421206CFFF772FB206CE9
S31508047DD0FFF779FB0023236410BDF7B50D46694602
S31508047DE01646EFF751FA044698B929461022009820
S31508047DF001ABF5F7F3F8074610212846FFF74BFBC6
S31508047E002FB110212846FFF754FB40F2074406B168
S31508047E103760204603B0F0BD38B50446C51C0321B7
S31508047E202846FFF76FFFC8B9E27863797AB92279E9
S31508047E301A43F4D003F07F0343F0400363715323DA
S31508047E40A3712146BDE83840FF20FFF772BFFF2A19
S31508047E50F0D122791A40FF2AE1D0EBE740F2074035
S31508047E6038BD0021E3F77CBEF8B51D468368044691
S31508047E705B060F4616462DD41A20FFF722FB014649
S31508047E80606320B92046BDE8F840E3F769BE0346B7
S31508047E9023F8027B326805F11001C0F802207268E3
S31508047EA05A602A46636B0A3352F8040B8A4243F82B
S31508047EB0040BF9D110212846FFF7FBFAA36843F00F
S31508047EC0400213F4407FA26004D02046BDE8F8407F
S31508047ED0EFF784BCF8BD38B504460D4605200221E3
S31508047EE0FFF746FE0246B8B18379062103445D735B
S31508047EF02046FDF7E8FB45F490512046EFF782F853
S31508047F0094F873302046012B18BF8021BDE8384009
S31508047F1008BF4021FFF7C0BE38BDB1F5A04F70B504
S31508047F2004460D4616460AD045F20603994218D069
S31508047F30324629462046BDE87040EFF725BE8368D9
S31508047F4043F08003836090F87330012B14BF8020BC
S31508047F504020EFF77BFB002203462046BDE870402D
S31508047F60184793791344597C41F49051EFF74AF82A
S31508047F70DEE72DE9F04196B0154605AA1C460646E5
S31508047F800B4690461D9F01F1200E944618685968C1
S31508047F900833ACE8030073456246F6D1202140460F
S31508047FA0FFF779FA0DAB2A469C4605F1200E1D46C5
S31508047FB010685168083203C572452B46F7D120214B
S31508047FC06046FFF768FAAEB3336C93F85D31013B4C
S31508047FD0022B2FD89DF8703043F0800301AA8DF840
S31508047FE054301546234604F1100C1446186859688B
S31508047FF0083303C463452246F7D110212846FFF700
S315080480004AFA3B46412241462846EFF72DFA0446EA
S3150804801010212846FFF74DFA41214046FFF749FA51
S3150804802054B11EB108213046FFF755FF204616B055
S31508048030BDE8F0810023D1E710213846FFF72BFA73
S31508048040002EF3D0224645F211013046FFF73FFED3
S31508048050ECE72DE9F34790F873800446B8F1010F6D
S31508048060056C04D195F85031002B40F0A88095F89A
S315080480705C3195F85191032B00F2ED80DFE803F0AB
S315080480800283ACD019F0010F78D011210620FFF72E
S315080480906FFD8246002800F09280877910210C37FC
S315080480A007447E1C3046FFF72DFE014658B120468C
S315080480B00821FFF710FF002140F2074002B0BDE88F
S315080480C0F047EEF7BDBFA07CC0F110023044F5F7C7
S315080480D0B7FEFAF79BFD012895F95E010BD13246E6
S315080480E00521E0F7C5FE10B30821204602B0BDE815
S315080480F0F047FFF7F0BE334610220521FAF788FD4C
S3150804810028B1002140F21B40EEF79AFFECE7B8F1DC
S31508048110010F0CD004F11803113756F8042BBE428C
S3150804812043F8042BF9D1A36843F48073A360524639
S3150804813006212046FDF7C7FA0B210720FFF718FD8D
S31508048140074600283BD0867995F95E310C360644F5
S3150804815043F43F430821A6F80130F01CFFF7D2FD8B
S315080481600A22042195F95E01731CFAF751FD0028C9
S31508048170C7D13A4606212046FDF7A5FA95F85C319B
S31508048180013385F85C3119F0020F20D0112108203B
S31508048190FFF7EEFC064690B10023817901AA014453
S315080481A00D31FF200193FFF718FE58B10821204628
S315080481B0FFF791FE40F207400199EEF741FF02B03E
S315080481C0BDE8F087324606212046FDF77CFA95F885
S315080481D05C31013385F85C3119F0020F1BD0082194
S315080481E00920FFF7C5FC07460028E8D086790C362F
S315080481F00644E1F77BFF83793A4683F00803C3F321
S31508048200C003737003680621C6F8023083882046C3
S31508048210F380FDF758FA95F85C31013385F85C313B
S3150804822019F0040F12D011210A20FFF7A1FC064603
S315080482300028C4D0807910223044AB210D30F5F7DC
S31508048240FFFD324606212046FDF73DFA95F85C31D6
S31508048250013385F85C31B8F1010F08D0236C93F823
S315080482605031002BABD195F85C31042BA7D1A36C04
S3150804827010220B2195F95E013133FAF7C9FC78B15E
S3150804828040F21B412046EEF7BDFEB8F1010F14BFBC
S3150804829080214021204602B0BDE8F047FFF7FCBC28
S315080482A0A36C01220C2195F95E012033FAF7B0FC80
S315080482B00028E5D1A36C10220D2195F95E0121331E
S315080482C0FAF7A6FC0028DBD1082295F95E011146C7
S315080482D004F11003FAF79CFC0028D1D1236C93F817
S315080482E05E2184F87520FF2283F85E21FAF78EFC56
S315080482F0012818BFA36820461CBF43F48073A360F3
S31508048300EEF758FEC1E7EFF79DBC70B5B1F5A04F7F
S315080483100446154688B077D045F21B06B14240F0AC
S315080483200A8190F87430DB0766D5056CB5F85031C8
S315080483302BB14C21FFF7B0FC002008B070BDD5F86E
S3150804834058315E0747D5AB79D80744D56B7BD9072F
S3150804835041D5A36C10220B2195F95E013133FAF746
S3150804836057FC38B140F21B412046EEF74BFE40F26B
S315080483701B40E2E7A36C206C01220C2190F95E01F4
S315080483802033FAF745FC0028ECD1A36C206C1022A4
S315080483900D2190F95E012133FAF73AFC0028E1D160
S315080483A00822206C114690F95E0104F11003FAF7CD
S315080483B02FFC0028D6D1236C93F85E2184F8752007
S315080483C0FF2283F85E2120464021FFF765FC2046FC
S315080483D0EEF7F0FDB0E705F5987304F1180205F514
S315080483E0A07553F8041BAB4242F8041BF9D1A368E1
S315080483F043F48073A360E6E74021FFF74DFC294662
S315080484002046EEF7FFFD97E7036CD3F8582112F0E0
S31508048410040255D00022CDE90122ADF80C209A7940
S31508048420D2073FD55B7BDB073CD5FAF7EFFB012880
S31508048430206C0CD100F59872032190F95E01E0F7DF
S3150804844017FD78B308212046FFF745FD8FE700F5A9
S3150804845098731022032190F95E01FAF7D9FB28B123
S31508048460002140F21B40EEF7EBFDEBE7206C1022EF
S3150804847000F59873052190F95E01FAF7C9FB0028FF
S31508048480EED1236C04F1180103F5987203F5A07371
S3150804849052F8040B9A4241F8040BF9D1A36843F441
S315080484A08073A3600023BDF80420CDE90433CDE925
S315080484B006330DF1060104AB2046E3F76FFC3BE7F0
S315080484C0D3F8B810C3F8D010D3F8BC100092C3F888
S315080484D0D410006C694600F59870EEF773FF48B13E
S315080484E00098F4F710FD20460821FFF7F4FC40F243
S315080484F0074022E7206C009A00F59871C830EEF719
S3150804850005FF05460028EBD10098F4F7FCFC236C1C
S31508048510A07C03F59873C0F1100229461844F5F7B0
S315080485208FFC2A46CDE90155CDE90455CDE9065512
S3150804853004AB01A9C0E708B0BDE87040EFF724BB57
S315080485402DE9F04796B01D46DDE9229705AB0646A8
S315080485500C469E46DDF8908002F1100A9C46106887
S3150804856051680832ACE8030052456346F6D17046B2
S315080485701021FEF790FF09AA2B46944605F1100E22
S31508048580154618685968083303C573452A46F7D14A
S3150804859060461021FEF77FFF0DAA94461E9B03F141
S315080485A0100E154618685968083303C573452A46D4
S315080485B0F7D160461021FEF76EFF9DF87C30D9F896
S315080485C000008DF844309DF8803006218DF845303A
S315080485D09DF8843012908DF8463099F8063012A822
S315080485E083F00803C3F3C0038DF84730B9F80430A1
S315080485F0ADF84C30FEF74FFFBB79062183F008032C
S31508048600C3F3C0038DF84E303B680DF14F00CDF827
S315080486104F30BB8804F11007ADF85330FEF73BFF23
S3150804862001AA23461546144618685968083303C42C
S31508048630BB422246F7D110212846FEF72CFF4346B3
S31508048640412205A92846EEF70FFF044610212846BD
S31508048650FEF72FFF412105A8FEF72BFF34B10821A9
S315080486603046FFF738FC16B0BDE8F08740461021BF
S31508048670FEF711FF224645F213013046FFF727FBA2
S31508048680F1E72DE9F0419CB0154608AA1C460646B2
S315080486900B469046239F01F1200E944618685968A4
S315080486A00833ACE8030073456246F6D120214046F8
S315080486B0FEF7F1FE10AB2A469C4605F1200E1D4630
S315080486C010685168083203C572452B46F7D16046CF
S315080486D02021FEF7E0FE18AA9446229B03F1100E09
S315080486E0154618685968083303C573452A46F7D1E9
S315080486F060461021FEF7CFFE04AA2346154604F168
S31508048700100C144618685968083303C4634522468E
S31508048710F7D110212846FEF7BEFE6B465022414685
S315080487202846EEF7A1FE044610212846FEF7C1FEA8
S3150804873050214046FEF7BDFE34B108213046FFF706
S31508048740CAFB1CB0BDE8F081039B38463B60042194
S31508048750FEF7A1FE68461021FEF7ABFE224645F257
S3150804876014013046FFF7B3FAEBE72DE9F3411D464A
S31508048770089B04468846164690F873705BB1102128
S315080487801046FFF7BFFA30B10821204602B0BDE80B
S31508048790F041FFF7A0BB236C013E691E03F11000EC
S315080487A013F8012F16F801CF834282EA0C0201F866
S315080487B0012FF5D10022404601A90192EEF702FEE7
S315080487C048B10198F4F79FFB08212046FFF783FB7D
S315080487D002B0BDE8F08129462846019AEEF796FDCF
S315080487E00028EED1022F0CBF0023062304F15902F8
S315080487F02B4404F15F0012F8016F1978904281EA5C
S31508048800060103F8011BF6D1022F14BF0023062321
S3150804881004F152022B4404F1580012F8016F197836
S31508048820904281EA060103F8011BF6D12946284637
S31508048830019AEEF76BFD05460198002DC2D1F4F7AF
S3150804884062FB2A4645F210012046FFF740FABFE7C5
S3150804885073B545F20406B142044615460DD045F2F1
S315080488601006B14222D0B1F5A04F38D1FFF770F9FE
S31508048870236CD3F85831D90720D5236CD3F858215B
S31508048880D2070BD4AA7998330C3215446A1D1535C8
S3150804889052F8041BAA4243F8041BF9D1216CD1F8F7
S315080488A0583113F004030CD0832104E0016CA83179
S315080488B0FFF7A2F985212046FFF7EEF9002002B05A
S315080488C070BD81F85C31012301F1B802009320469A
S315080488D001F1A80301F59871FFF747FFEEE702B027
S315080488E0BDE87040EFF750B945F21003F0B5994268
S315080488F0044685B000F087800CD8B1F5A04F1CD08B
S3150804890045F2050399421DD0204605B0BDE8F0405E
S31508048910EFF73AB945F21103994200F08D8045F212
S3150804892012039942F0D1036C93F85D31042B40F29B
S31508048930B380052B03D148217BE0FFF709F9002012
S3150804894005B0F0BD9179036C0C310A44511DB83356
S31508048950153251F8040B914243F8040BF9D1256CEE
S31508048960102205F1C80705F1B80631463846F5F769
S315080489703DFA20B904212046FFF7ADFADFE7D5F81A
S31508048980583113F0040332D095F85D31042B13D112
S3150804899005F1F803039305F59873029304F1530359
S315080489A0019304F15A0300933A463346204605F1E7
S315080489B0D801EFF79DFBC2E705F5A07005F1110193
S315080489C005F1510201900BB1052B06D10023009342
S315080489D020463346FFF7CDFAB1E795F85C01D5F89A
S315080489E02C31C34003F0010343F08003EFE785F815
S315080489F05C3132460093204605F5A07305F5987157
S31508048A00FFF7B3FE9BE7056C102205F1A80105F5EF
S31508048A10A070F5F7EBF90028ACD14B21D5F85831FD
S31508048A209B0742BF94F8743043F0020384F8743009
S31508048A302046FFF731F982E7056C102205F1A801F3
S31508048A4005F5A070F5F7D2F9002893D195F85D31AC
S31508048A50013B022B0FD895F85C310133DBB2142B9A
S31508048A6085F85C3107D0D5F85831432123F0010342
S31508048A70C5F85831DCE705F1F803039305F598734F
S31508048A80029304F15303019304F15A03009305F185
S31508048A90C80205F1B80389E74921CAE7B1F5A04F29
S31508048AA070B50446154607D045F20406B1420CD003
S31508048AB0BDE87040EFF768B8FFF74AF8236CD3F8B7
S31508048AC05831D90701D4002070BD236CD3F8582136
S31508048AD0D20718D4AA79A8330C3215446A1D153559
S31508048AE052F8041BAA4243F8041BF9D1206C10223D
S31508048AF000F1A8019830F5F779F920B90421204640
S31508048B00FFF7E9F9DFE7206C1021C830FFF7FAF818
S31508048B1058B108212046FFF7DEF940F20740002144
S31508048B20EEF78EFA40F20740CEE7216C2046C831AC
S31508048B30FFF746F847212046FFF7AEF8C3E7B1F535
S31508048B40A04F70B50346144607D045F21806B1423D
S31508048B5007D0BDE87040EFF717B8FEF7F9FF002015
S31508048B6070BD1268551C03D10121FFF7B4F9F6E765
S31508048B70016CD1F85801400743BF002281F85C21F3
S31508048B802268C1F8302148BFC1F82C211846432170
S31508048B90FFF782F8E3E7B1F5A04F70B5134604462C
S31508048BA007D045F20406B14207D0BDE87040EEF797
S31508048BB0EBBFFEF7CDFF002070BD9979026C0C312E
S31508048BC00B44591DA832153351F8040B994242F83F
S31508048BD0040BF9D1256C102205F1A80105F19800BA
S31508048BE0F5F704F920B904212046FFF774F9E2E7FA
S31508048BF0204605F1C801FEF7E3FF47212046FFF7A3
S31508048C004BF8D8E7B1F5A04F13B504460ED0A1F535
S31508048C10A043103B012B45D8016C9831FEF7ECFFB5
S31508048C2044212046FFF738F8002017E0016CD1F8F4
S31508048C30583101F1C80213F0040328D01021104654
S31508048C40FFF760F860B108212046FFF744F940F2BF
S31508048C5007400021EEF7F4F940F2074002B010BDD0
S31508048C60216C204601F19803019391F85C21D1F80F
S31508048C702C31D34003F0010343F08003009301F140
S31508048C80110201F1C8035131FFF773F9CCE781F8F2
S31508048C905C310123009301F1980301F59871FFF7FC
S31508048CA064FDC1E702B0BDE81040EEF76DBFB1F54B
S31508048CB0A04F73B50446154677D045F21B06B14254
S31508048CC040F0F68090F87430DB0766D5056CB5F885
S31508048CD050312BB18921FEF7DFFF002002B070BDA9
S31508048CE0D5F858315E0747D5AB79D80744D56B7B99
S31508048CF0D90741D5A36C10220B2195F95E013133AE
S31508048D00F9F786FF38B140F21B412046EEF77AF9A7
S31508048D1040F21B40E2E7A36C206C01220C2190F977
S31508048D205E012033F9F774FF0028ECD1A36C206C9C
S31508048D3010220D2190F95E012133F9F769FF002805
S31508048D40E1D10822206C114690F95E0104F1100362
S31508048D50F9F75EFF0028D6D1236C93F85E2184F8D0
S31508048D607520FF2283F85E2120468021FEF794FFB2
S31508048D702046EEF71FF9B0E705F5987304F11802D3
S31508048D8005F5A07553F8041BAB4242F8041BF9D148
S31508048D90A36843F48073A360E6E78021FEF77CFFAB
S31508048DA029462046EEF72EF997E7036CD3F858219F
S31508048DB012F0040245D09A79D2078ED55B7BDB077D
S31508048DC08BD5F9F723FF0128206C0ED100F598728C
S31508048DD0032190F95E01E0F74BF800283FF47DAFD4
S31508048DE008212046FFF777F892E700F598731022D2
S31508048DF0032190F95E01F9F70BFF28B1002140F22F
S31508048E001B40EEF71DF9EBE7206C102200F598736A
S31508048E10052190F95E01F9F7FBFE0028EED1236CD3
S31508048E2004F1180103F5987203F5A07352F8040BBC
S31508048E309A4241F8040BF9D1A36843F48073A360FA
S31508048E404BE7D3F8B810C3F8D010D3F8BC10019286
S31508048E50C3F8D410006C01A900F59870EEF7B2FABD
S31508048E6048B10198F4F74FF820460821FFF733F87C
S31508048E7040F2074032E7206C019A00F59871C83031
S31508048E80EEF744FA05460198002DEBD1F4F73BF8C2
S31508048E90236CA07C03F598732946C0F11002184484
S31508048EA0F4F7CEFF216C2046B831FEF789FE14E7A5
S31508048EB002B0BDE87040EEF767BEB1F5A04FF7B54E
S31508048EC0044608D045F21105A94236D003B0BDE8D8
S31508048ED0F040EEF759BE006C1021B830FEF712FFC9
S31508048EE060B108212046FEF7F6FF40F2074000214C
S31508048EF0EEF7A6F840F2074003B0F0BD256C95F8E6
S31508048F005D6105F1A807013E022E01979CBFD5F8BD
S31508048F102C0195F85C6105F151019EBFF04000F003
S31508048F20010040F08000009005F11102204605F189
S31508048F30B803FFF71EF80020DEE7016CA831FEF738
S31508048F405BFE85212046FEF7A7FEF4E770B545F2D9
S31508048F500406B1420446134625D045F21806B14222
S31508048F6006D0B1F5A04F33D1FEF7F2FD002070BD4F
S31508048F7011684D1C03D10121FEF7ADFFF6E7026C1B
S31508048F80D2F85801400743BF002182F85C111B68D8
S31508048F90C2F8301120464FF0840148BFC2F82C317C
S31508048FA0FEF77AFEE2E79979026C0C310B44591DF7
S31508048FB09832153351F8040B994242F8040BF9D147
S31508048FC0226CD2F8583143F00103C2F85831CDE780
S31508048FD0BDE87040EEF7D8BD002310B50364044617
S31508048FE090F97500431C13D0E0F708FB082204F136
S31508048FF01003114694F97500F9F74BFE94F91330EA
S31508049000012B07D194F8743043F0020384F87430C2
S31508049010002010BD022BFBD194F8743043F00A03E8
S31508049020F4E74B88062B05D1088841288CBF002015
S31508049030012070470020704707B58B790A460B4410
S315080490400191197C4B1E0D2B04D801F5A041013161
S31508049050FEF73DFE01A8FDF743FF03B05DF804FBE8
S3150804906007B5054B01A81B88ADF8043000F0A8F82D
S3150804907003B05DF804FB00BFFCAB0408034B586857
S31508049080C0F30800003818BF0120704700ED00E05F
S31508049090014B1868704700BF703600200A4B1B6FD7
S315080490A003F00703013B032B03D8DFE803F00A03A5
S315080490B00608FEE7054B18687047054BFBE70548A5
S315080490C070470548704700BF00800050703600207E
S315080490D07836002080D54302002D310108B5FFF704
S315080490E0DDFF054B1B6FC3F303330133B0FBF3F00A
S315080490F0024B186008BD00BF008000506C36002083
S315080491000048704700B4C40400487047002D310174
S31508049110014B1868704700BF78360020004870472E
S3150804912080D543024FF40022184B5A664FF0B443D5
S315080491309868C0F304400C280AD8DFE800F00B0945
S3150804914009090909072119091B1D1F001048704739
S31508049150002070479B6803F04073B3F1807F11D0F9
S31508049160B3F1007F10D00B4A002B08BF1046704796
S3150804917009487047094870470948704709487047BD
S3150804918009487047094870470948704700900050D5
S31508049190405DC60000093D00C0EA210180BA8C0181
S315080491A00048E801005A62020024F40080841E0084
S315080491B040420F00014B1868704700BF7436002000
S315080491C010B50446E8B10378C3B1012B03D0022BCA
S315080491D014D0032B17D13F236278D340DB0712D56B
S315080491E001F092F90122637821789A403023594391
S315080491F0064B5A5001F083F9002010BD40F2FF33A4
S31508049200EAE72220F9E72120F7E700BF40F00350F8
S315080492100A4A08B5127852B107280AD8084A02EB4E
S3150804922000131B7B3BB1CEF753FA002008BD054853
S31508049230FCE70548FAE70548F8E700BFFF280020D9
S31508049240B0100020028000F0018000F0078000F0D2
S315080492500B4A10B512780C4662B107280CD859B1D6
S31508049260084A02EB00131B7B43B1CEF743FA20707E
S31508049270002010BD0448FCE70448FAE70448F8E768
S31508049280FF280020B0100020028000F0018000F0C2
S31508049290078000F00B4A10B512780C4662B107280D
S315080492A00CD859B1084A02EB00131B7B43B1CEF71D
S315080492B039FA2060002010BD0448FCE70448FAE7A0
S315080492C00448F8E7FF280020B0100020028000F0C8
S315080492D0018000F0078000F00122437801789A4063
S315080492E030235943014B5A50704700BF40D00350AE
S315080492F0034B5A68D20702D5DA69002AF9D17047AE
S3150804930000800A5030B9044B5A68D20702D59A6DC0
S31508049310002AF9D1704700BF00800A5008B9014BEA
S315080493205964704700900A5008B9014B596470474C
S3150804933000A00A5008B9014B1964704700A00A50E6
S3150804934010B9024B186C70470020704700800A5009
S3150804935010B5FFF7D7FF10B919B1012904D00020B9
S3150804936001E0034BD86C10BD014B186DFBE700BF39
S3150804937000800A5038B51446FFF7C4FF10B911B176
S31508049380012903D038BD034BDC64FBE7014B1C659C
S31508049390F8E700BF00800A5008B5FFF7B3FF10B915
S315080493A0024B586D08BD0020FCE700BF00800A5038
S315080493B008B5C0B14FF480620C4B9A66BFF34F8F61
S315080493C001F0EFF84FF098435A6CD202FCD54FF4EB
S315080493D08062586D064B10F470209A6604D0BDE876
S315080493E0084001F09DB8212008BD00BF0090005038
S315080493F000A0005030B5154B87B00293144B039068
S31508049400049346F611030D46059300F077F91428DC
S31508049410044616D1684601F079F94FF0A8430322A9
S3150804942002A95A6319601D619A63DA6B9207FCD123
S31508049430142C02D1684601F077F900F093F9044632
S3150804944001E00028E9D0204607B030BD58180020AE
S31508049450040000202DE9F04FB1B005468C469E461F
S31508049460E8466F4EDDF8EC90409C06F1100A474634
S3150804947030687168083603C75645B846F7D13E9B27
S3150804948003EB0208C8F1000A0AF00F0AB9F1000F43
S3150804949000F09D80C9F1000707F00F070121DDF8E8
S315080494A0FCB044F00050C4F11006CDF810B0059194
S315080494B00690300200F4F85040F021000790B9F104
S315080494C0000F40F08680CDF820D047F00050002DDC
S315080494D000F08480099121210A9041EA07210B9121
S315080494E042F00050CDF830C03D9B08A94FEA0A2C3B
S315080494F00D910E904CF041000F901093002A75D1EF
S315080495003E9B119143F0005312933C9B1390149382
S3150804951010AB1593434B444A169340F6110317931D
S31508049520424B0021002D08BF1346189314AB199318
S315080495303F4B10221A9311231B931CAB1846F4F7BE
S315080495407FFC01221D92002246F0804603461E96A1
S31508049550239205B9EB46102CCDF880B024AE4BD136
S31508049560012322460021304621932294F4F768FC0D
S3150804957020AB002125938F4218BF334647F080421B
S3150804958026923A9A2CA828922993B2FA82F35B096E
S3150804959049EA837310222B912A93F4F751FCB9F103
S315080495A0000F00D028AED04448F080432CA918A850
S315080495B02D962E93FFF71EFF30B92DB90346A34205
S315080495C025D1002818BF2C2031B0BDE8F08F10270C
S315080495D064E7CDF820E049F0005078E7002C3FF422
S315080495E079AF04A9099101210A9076E73E9B0CAA52
S315080495F011924120129388E71022002130462193C4
S315080496002294F4F71DFC002CB2D10123B1E703F12F
S31508049610C0026A4412F8C02C01331043CFE700BFD6
S315080496205BC504081000002070C5040874C5040846
S3150804963004000020F0B5C0299FB0DDE9244557D0C1
S31508049640B1F5807F04D0802948D029201FB0F0BD09
S3150804965001265CB140F2344702941024039604941C
S31508049660212401970594069502AC0AE040F21447B2
S315080496700294102403960494212405940124019742
S315080496800695079401251024089409950A9221221F
S315080496900B950C940D92174A0AAD0E92164A0F951D
S315080496A0109242F61102119212931395149415927C
S315080496B001AA1692D3B112AB179304231893112354
S315080496C0199316AB1A901B9340F61103C9081C91FB
S315080496D01AA806A91D93FFF78DFEB7E7012614B944
S315080496E04FF48267C4E74FF48667B5E70EABE3E742
S315080496F00F20ABE76CC504081000001038B5164BEC
S315080497005A6E42F004025A66D3F8802242F00102E5
S31508049710C3F88022114B5B68C3F3080343B14FF0C7
S31508049720A842D36B13F0430FFBD11424204638BD4B
S315080497304FF0A843DC6B14F04304FBD1084D2B68A7
S315080497401BB904212846F3F74AFE2B68013343F074
S3150804975000432B60EAE700BF0080005000ED00E0FC
S3150804976058180020014B00205B68704700ED00E0A4
S31508049770B8B1036813F4E07F03F03F00C3F3821221
S315080497800AD0012A0DD1084B41B103F580530122B1
S3150804979082401A6000207047044BF5E703F500532E
S315080497A0F5E70E20704700BF6880005064800050BB
S315080497B00229F8B596BF104B00245C5C01280546BF
S315080497C00E4608D0022809D008B944F002040B4B07
S315080497D01F6837B9F8BD44F00804F8E744F02004D4
S315080497E0F5E77B681A68144203D0314628465B6855
S315080497F098473F68EDE700BFFCC50408EC1800204D
S3150804980038B5104D2B78ABB10F4C23781BB100F04B
S3150804981047FA00232370002000F06AFA0B4C50B173
S3150804982000F070FA0023012120782B70FFF7C0FF9F
S315080498300123237038BD0122054B1A702278054B83
S315080498401A70F7E70D3100200B3100201331002080
S315080498500E3100200F3100200C4A1378FF2B01D15A
S3150804986058B170470BB908B9704730B10133137052
S31508049870074B1B78012B03D87047013B13707047BD
S31508049880044B1B780BB9FFF7BBBF70471231002096
S31508049890133100200E31002010B500F02CFE064BC3
S315080498A004461B781BB1BDE8104000F01FBEFFF745
S315080498B0A7FF2046F7E700BF0A3100200228F8B5BB
S315080498C004D0244A1378FF2B01D1E9B1F8BDD3B9E2
S315080498D00029FBD0012313701F4B1B78012BF5D9E4
S315080498E000F009FE1D4E0446337893B920461A4CF7
S315080498F000F0FCFD20780128E8D00121FFF758FF85
S3150804990001232370E2E711B9013B1370DEE7013343
S31508049910E1E7134F3B781BB901223A70114A1370D9
S31508049920114D2B781BB100F0BBF900232B70204690
S3150804993000F0DCFD012000F0DBF900F0DCFD3B78EB
S3150804994004461BB100F0DEF900233B700023337094
S31508049950CCE700BF12310020133100200D3100205E
S315080499600A3100200E3100200B3100202DE9FF4773
S31508049970EFF3108572B6AFF3008001F059F80028AA
S3150804998070D0704E704F337823B10020FFF764FF10
S3150804999000233370387870B903A900F079FB0446BC
S315080499A048B96A4B039A1B689A4263D80120FFF7A1
S315080499B053FF012333703B78654CDFF8BC91002BC9
S315080499C072D02078012840F09480207800F03AF983
S315080499D099F8003013B15F4B1B782370AFF30080FE
S315080499E0284600F03AFFEFF3108572B65A4B1A78F8
S315080499F052B100221A70574B20781B78984203D12B
S31508049A0001212170FFF7D4FE544800F0F3FA01F05F
S31508049A101EF880460028B6D1514B524F18703B7831
S31508049A209BB189F80000DFF84C9199F800301BB116
S31508049A3000F036F989F80080002000F059F900286A
S31508049A4075D000F05FF900233B70337823B100200A
S31508049A50FFF702FF0023337000212078FFF7A8FEE2
S31508049A6000232370AFF30080284604B0BDE8F0470E
S31508049A7000F0F3BE3C4BD3F8008000F08DF9039B4D
S31508049A808044984592D200F081F98200039942F005
S31508049A90020292B2CDE900422346344AA1EB0801F8
S31508049AA02E4800F0DFFE86E72E4BDFF8B4801B78DD
S31508049AB00BB900F0D9F82078022831D198F800308B
S31508049AC023B10022264B1A7000F0F0FFDFF89480C9
S31508049AD098F80030002B7FF478AF254B1B7823B910
S31508049AE000F0D8F80122234B1A70012388F80030B5
S31508049AF06BE74FF001080023DFF864A08AF800300A
S31508049B0099F8003013B94146FFF752FE9AF8003027
S31508049B1084F800803BB1B8F1020F7FF456AFD0E762
S31508049B204FF00208E7E7B8F1020FCFD04DE701205E
S31508049B3000F088F8284600F090FEEFF3108572B618
S31508049B407AE700BF0C31002012310020F4180020F7
S31508049B50133100200F31002008310020F8180020A6
S31508049B60103100200D310020F018002099980408BF
S31508049B70113100200B3100200E31002010B500F001
S31508049B80BAFC0022054B1C781A7000F0AFFC00F0F2
S31508049B900FFBE4B22043C0B210BD00BF0931002058
S31508049BA038B500F0A8FC094B05461B78012B04D8E8
S31508049BB000F09CFC0024204638BD054B1C6800F0C8
S31508049BC0EBF80444284600F091FCF4E7133100202E
S31508049BD0F0180020164B17491A6F10B502F0070241
S31508049BE00A601549154C8969032A01F00200C1F374
S31508049BF04001134A21700FD0D3F8201101F0070150
S31508049C00022909D0D3F8281101F00701022903D043
S31508049C100021117018B910BD01231370FBE7D3F89E
S31508049C20003103F00303591E4B424B41F5E700BFCD
S31508049C30008000502019002000C001501731002070
S31508049C4018310020012805D00238012808D8002038
S31508049C50CDF784B9034A136923F00403136130BFAB
S31508049C60704700BF00ED00E0074A0849D2F82031E2
S31508049C7003F007030B60D2F82831054A03F00703FB
S31508049C801360F0F740BE00BF008000502C19002076
S31508049C90281900200122014B1A707047163100203A
S31508049CA00F4B10B51B7883B10E4C2378A3B90E4B12
S31508049CB09A6DD10302D5DA6D920702D49B6DDB0740
S31508049CC004D54FF48032094B9A6210BDCFF73AFF98
S31508049CD04FF48032054B9A6200232370F5E700BFE0
S31508049CE018310020153100200040005A0050005A4F
S31508049CF0034B1B780BB1CFF7C9BF0120704700BFD0
S31508049D001831002008B5F0F7FFFD174B1B7833B15F
S31508049D100122164B5A60164A9369DB07FCD5154B84
S31508049D2015491A6F096822F007020A431A67134984
S31508049D30D3F82021096822F007020A43C3F8202130
S31508049D400F49D3F82821096822F007020A43C3F801
S31508049D5028210C4B1B781BB14FF480320A4B9A62AC
S31508049D60BDE80840FFF7BAB91731002000D0015002
S31508049D7000C0015000800050201900202C19002032
S31508049D8028190020183100200060005A014B187861
S31508049D90704700BF1831002008B5054B187818B16C
S31508049DA0CFF744FF00EBD000024B1B68184408BDEC
S31508049DB0183100201C19002008B5164B1A7822B34E
S31508049DC000221A70144B1A6F22F0070242F001029D
S31508049DD01A67D3F8202122F0070242F00302C3F8D7
S31508049DE02021D3F8282122F0070242F00302C3F8FF
S31508049DF028210A4B1B7833B10122094B5A60094AB8
S31508049E0053689B07FCD4FFF769F90122064B5A6786
S31508049E1008BD00BF1631002000800050173100200D
S31508049E2000E0015000C001500060005A0D490B685B
S31508049E30A0B10022A3B1834203D1836822B90B607F
S31508049E4003E01A469B68F5E7936083680BB900201C
S31508049E5070475A6941690A445A61F8E722207047EB
S31508049E60022070473819002038B500F09FFA0025FB
S31508049E70084B094C1A682368C31A2AB123B15169D5
S31508049E80994203D3C91A5161206038BD55615B1ADA
S31508049E909268F2E7381900203419002038B5154DB0
S31508049EA02B682BB35B69A3B1134A022014681C44BC
S31508049EB000F082FD204600F0B7FA00230F492A680D
S31508049EC00B7022B1D08880070AD501230B700020B5
S31508049ED038BD022000F070FD022000F0EFFAECE72E
S31508049EE09268002AF3D050690344012BEAD9EEE7B5
S31508049EF02220EDE738190020341900201A310020F1
S31508049F00C38870B504460D463BB9FFF749FE85423A
S31508049F10064602D2F2F70AFE35460E4965610B6813
S31508049F208BB90C60A3600DE0AD1A9A681846656192
S31508049F306AB113465A69AA42F6D930B18460521BEB
S31508049F40A3605A6170BD0020F4E70C60F7E79C60D3
S31508049F50A260F7E738190020F8B515469DF81C20C5
S31508049F60BDF820700271069A0446026000220E4665
S31508049F70C0E903358260C7809DB900F017FA3044FA
S31508049F80A0614EB13546062F1DD10822174B284627
S31508049F909A6200F013FA02E0E36866617BB900206E
S31508049FA0F8BD00F003FA2844A061002EEAD1E3685C
S31508049FB06661002BE7D0204621689847E3E72046E8
S31508049FC021689847EBE700F096FA0646FFF74CFF38
S31508049FD029462046FFF794FF054B1B68A34201D187
S31508049FE0FFF75CFF304600F081FAD8E70050005AC4
S31508049FF03819002038B5044640B3C388062B01D166
S3150804A00000F064FA00F077FA0546FFF72DFF104BC7
S3150804A01020461B68A34208D0FFF708FF044680B110
S3150804A020284600F063FA204638BDFFF7FFFE0446CB
S3150804A0300028F5D1FFF732FF222802D1022000F0CA
S3150804A0402BFA284600F052FA0024ECE72224EAE721
S3150804A0503819002038B50C460546A8B1A1B1002325
S3150804A0600B7000F051FA0121084B1B6833B900F054
S3150804A07046FA002038BD9D4204D121702278002A70
S3150804A080F9D0F4E79B68F1E72220F3E738190020B2
S3150804A090F8B506460F4600F037FA00250446124B73
S3150804A0A01B6823B9204600F02AFA1B2011E05A69D6
S3150804A0B01544DA88B2420DD100F078F90B4E3368AC
S3150804A0C0C01AA8420AD3002320463B6000F017FAB8
S3150804A0D00020F8BDFF2EEFD09B68E2E700F066F992
S3150804A0E033682B441B1AEFE738190020341900206B
S3150804A0F070B500F009FA064600F058F9084B04460C
S3150804A10001201D6800F042FC18B100F04FF904461E
S3150804A1100135304600F0F3F92046294670BD00BFE4
S3150804A12040190020014B1868704700BF3C190020ED
S3150804A130F8B50C4B05461B680E4683420FD300241C
S3150804A14040F2E7302146084B4FF47A721F68002321
S3150804A150E5FB0701D3F76CFE30602046F8BD2120E5
S3150804A160FCE700BF301900203C1900200F4B10B53E
S3150804A1701A689AB14FF47A71531E1342A0FB01016F
S3150804A1800ED1B2FA82F2C2F11F04531CD243E04044
S3150804A19001FA03F3184321FA02F20243104610BDEA
S3150804A1A00023D3F745FE0246F8E700BF3C19002012
S3150804A1B010B500F0A9F9034B1C7800F0A0F9E4B235
S3150804A1C0204610BD193100202DE9F0419846002398
S3150804A1D086B00D46174606468DF8133080B30DF142
S3150804A1E01301FFF737FF9DF813305BBB284605A913
S3150804A1F0FFF79EFF0446F8B9134B4FF47A721868B2
S3150804A2000023A5FB0001D3F713FEC2F57A7189B2C0
S3150804A210B1F57A7F08BF0021BDF83430B183F483E1
S3150804A220059A02939DF830301146CDE900833046ED
S3150804A2303B46FFF791FE0446204606B0BDE8F0818A
S3150804A2402224F9E70224F7E73C19002008B5084B4D
S3150804A2501B7803F0FF004BB100F088FB054B1B6825
S3150804A2609B69C01A02288CBF0020012008BD00BFC4
S3150804A2701A31002038190020014B1870704700BFA6
S3150804A28019310020C2072DE9F843044607D5444A84
S3150804A290136801331360FFF7E7FDFFF7FFFDA30714
S3150804A2A07CD500F031F94FF0000805464646FFF71D
S3150804A2B0DBFD3C4F3C680CB16369A3B100223A4B01
S3150804A2C0012E1A7003D118F0020F18BF1E70FFF77B
S3150804A2D0E5FD222802D1022000F0DEF82846BDE872
S3150804A2E0F84300F00CB923465A693AB91A79217920
S3150804A2F0914288BF1C469B68002BF5D1284600F07E
S3150804A300FEF82569DDB100F051F8A269A0EB020850
S3150804A3104FEAE873A84573F1000311DB2369134474
S3150804A320A361E36813B1204621689847B4F8068008
S3150804A33000F0EAF801360546FFF796FDBAE7A8469F
S3150804A34000F0E2F881462046FFF770FD484600F023
S3150804A350D6F82369002BE4D0A38BB5EB080533B1F3
S3150804A360E28B13449BB2B3F57A7F0FD2E38300F0F2
S3150804A370CBF8804629462046FFF7C2FDA369226921
S3150804A38040461344A36100F0BAF8CAE7A3F57A7302
S3150804A390E383A369013D013BA361E8E7BDE8F883CC
S3150804A3A040190020381900201931002008B5FEF795
S3150804A3B09FFF014B986908BD00800A5038B50446CA
S3150804A3C000F099F80546FEF793FF0E4B022C9A699E
S3150804A3D04FF001018CBF12190332B2F1FF3F38BFA7
S3150804A3E0013A0020FEF7C6FF284600F07FF8064B20
S3150804A3F01A7832B10221054A916404219164002233
S3150804A4001A7038BD00800A50533A002000900A504A
S3150804A41007B5044B01A9187900F0B2F9019803B0FD
S3150804A4205DF804FBF0C50408F8B5044600F063F8C3
S3150804A4300746FEF75DFF154B9D6900F0B9FA064617
S3150804A4400020FEF77DFF830704D4731B032B01D872
S3150804A450AE420FD10021631B022B98BFEC1C0846A1
S3150804A460B4F1FF3F2CBF2246621EFEF783FF02208B
S3150804A47000F0A2FA384600F039F8054B1A7822B1EA
S3150804A4800121044A916400221A70F8BD00800A501A
S3150804A490543A002000900A50830700F0010106D5BB
S3150804A4A00123044A41F002011370034A936400200D
S3150804A4B0FEF73ABF543A002000A00A50830742BF69
S3150804A4C00222014B1A64704700900A50054B1A7809
S3150804A4D032B90221044A91640421916401221A7052
S3150804A4E0704700BF533A002000A00A5010B962B65C
S3150804A4F0BFF36F8F7047EFF3108072B6704780F31F
S3150804A5001188BFF36F8F7047EFF31180302383F3FD
S3150804A510118870474FF4004070474FF47A707047BB
S3150804A520B0F5802F22D010D8B0F5003F20D007D838
S3150804A53018B3B0F5803F08BF482018BF01207047FC
S3150804A540B0F5403F08BF2C20F7E7B0F5302F11D0FF
S3150804A55007D8B0F5E02F0FD0B0F5202F08BF10208C
S3150804A560EBE7B0F57F0F08BF0620E6E74B207047F8
S3150804A5702A207047112070472120704708B528B152
S3150804A58028220021F3F75CFC002008BD2120FCE703
S3150804A590036A042B9FBF00EB83020133D160036275
S3150804A5A07047036A052B14D84FF09842116CC902F8
S3150804A5B0FCD504339B0013650168103B11604168A0
S3150804A5C0116050F8081F11604FF0984203449842EE
S3150804A5D000D1704750F8041F1160F8E7836813B96F
S3150804A5E0816070475B685A68012AFBD159607047D5
S3150804A5F0F0B5154649228FB0149C8DF8242004F131
S3150804A6000C060DF1250254F8047BB44242F8047B87
S3150804A610F9D1247814704FF48074ADF834409DF859
S3150804A620544000228DF8364004240694169CCDE93D
S3150804A630001505941324049409ACCDE902340B4699
S3150804A64011468DF832208DF83350FEF703FF0FB00C
S3150804A650F0BD30B5C02A93B02FD0B2F5807F29D08B
S3150804A660802A2CD14FF4807480F001002043019095
S3150804A6701698012502901024212003950494059028
S3150804A680069301AB0795089409900A9306AB0B93B6
S3150804A69004230C9311230D930AAB0E910F9340F6E2
S3150804A6A01103D20802A90EA810921193FEF7A2FE6E
S3150804A6B013B030BD4FF48274D6E70F20F8E729208B
S3150804A6C0F6E708B5FFF71AF8BDE80840FFF74AB8F1
S3150804A6D01FB5079C02949DF81840CDE9003413462B
S3150804A6E00A4601460020FFF783FF04B010BD1FB5D4
S3150804A6F0079C02949DF81840CDE9003413460A468F
S3150804A70001460120FFF774FF04B010BD10B50446D6
S3150804A710FFF7F1FE4FF0A8431A6822601B696360CD
S3150804A720FFF7E4FE002010BD10B50446FFF7E3FE6C
S3150804A7304FF0A84322681A6062681A61FFF7D6FECA
S3150804A740002010BD10B40446084611469DF804209E
S3150804A7500192A2685DF8044BFFF7BABF10B4044629
S3150804A760084611469DF804200192A2685DF8044B38
S3150804A770FFF7BDBF8068FEF75DBF8968FFF769BF4D
S3150804A78009B100F008B8222070470121FEF7F0BF8E
S3150804A7900021FEF7EDBF70B506460D46FFF7B4FE79
S3150804A7A00446202E56D8DFE806F0111A551F22252E
S3150804A7B055282B552E55313455373A3D5540554372
S3150804A7C05552555555465549554C4F00FEF766FCA6
S3150804A7D0002628602046FFF792FE304670BD4FF4E7
S3150804A7E0C070CBF751FEF3E74FF42070F9E74FF446
S3150804A7F04070F6E74FF46070F3E74FF40070F0E743
S3150804A8004FF48060EDE74FF44060EAE74FF4C06028
S3150804A810E7E74FF4F060E4E74FF4B060E1E74FF49C
S3150804A820D060DEE74FF41060DBE74FF4E060D8E76A
S3150804A8304FF4A060D5E74FF42860D2E74FF4807050
S3150804A840CFE74FF42060CCE74FF44860C9E74FF4EC
S3150804A8500860C6E700202126BBE710B962B6BFF335
S3150804A8606F8F70472DE9FF410D4616461F4604466D
S3150804A870A8B14FF00008C0F81C80FFF7BBFBBDF871
S3150804A8802C30424602939DF828302946CDE90073B8
S3150804A89020463346FFF760FB04B0BDE8F08122206A
S3150804A8A0FAE7F0B50D4616461F46044685B090B13C
S3150804A8B00023C361FFF79EFBBDF82C302A4602939A
S3150804A8C09DF828302946CDE9007320463346FFF71C
S3150804A8D043FB05B0F0BD2220FBE7F0B51F46002375
S3150804A8E087B00D46164604468DF81730A8B1C361DD
S3150804A8F00DF11701FFF7AEFB9DF817207AB9BDF8DD
S3150804A9003430294602939DF830302046CDE9007349
S3150804A9103346FFF721FB07B0F0BD2220FBE70320EF
S3150804A920F9E7F0B51F46002387B00D4616460446D8
S3150804A9308DF81730B0B1C3610DF11701FFF78AFB23
S3150804A9409DF8173083B9BDF834302A4602939DF82A
S3150804A95030302946CDE9007320463346FFF7FCFA22
S3150804A96007B0F0BD2220FBE70220F9E738B5FFF768
S3150804A970CBFD0546FFF71AFD04462846FFF7BFFD3B
S3150804A980204638BD00F021B800F030B810B50446AA
S3150804A9900020FEF7D5FC012C04D0022C05D1C0F307
S3150804A9A0400010BD00F00100FBE70020F9E77047FE
S3150804A9B000210846FEF7CCBC00F00101830748BF16
S3150804A9C041F002010020FEF7A9BC002008B5FEF7F5
S3150804A9D0B7FC10F0080008D000200821FEF7AAFCEE
S3150804A9E0BDE808400020FEF7D7BC08BD04210020B6
S3150804A9F0FEF7A0BC38B5FFF787FD04460020FEF72E
S3150804AA009FFC830700F0010548BF45F0020500F0E6
S3150804AA1003010020FEF78EFC2846FFF733FC204688
S3150804AA20BDE83840FFF76BBD012070470120704729
S3150804AA3038B5C8F7E9FD0546E2F7D0FC041E18BF89
S3150804AA402C46FFF7F1FF002818BF204638BD38B555
S3150804AA50FFF794F80446C8F7CDFD04281ED002284B
S3150804AA604FF0000508BF0124FBF797F9042817D00F
S3150804AA70022808BF0124D2F7A3FC042812D002280E
S3150804AA8008BF0124FFF7D2FF04280DD0022808BF07
S3150804AA900124002D18BF0024204638BD0125E3E70C
S3150804AAA00125E8E70125EDE70024F5E70221012061
S3150804AAB0E3F7AABC00000000000000000000000044
S3150804AAC0F8B500BFF8BC08BC9E467047F8B500BF89
S3150804AAD0F8BC08BC9E4670475FF800F0B535002000
S3150804AAE05FF800F0113500205B435D2000433A2FE0
S3150804AAF055736572732F73756375742F53696D7007
S3150804AB006C696369747953747564696F2F53444B1C
S3150804AB10732F73696D706C69636974795F73646B99
S3150804AB202F6170702F626C7565746F6F74682F630C
S3150804AB306F6D6D6F6E2F696E5F706C6163655F6FA5
S3150804AB4074615F6466752F736C5F62745F696E5FA8
S3150804AB50706C6163655F6F74615F6466752E63000C
S3150804AB6025733A2564203A25733A20007363005303
S3150804AB7074617475733A202573203D203078253026
S3150804AB8034782000417373657274696F6E20666148
S3150804AB90696C656400736C5F62745F696E5F706C80
S3150804ABA06163655F6F74615F6466755F6F6E5F6529
S3150804ABB076656E740076636F6D003F002800292061
S3150804ABC0000209030300000005000000000000005D
S3150804ABD080969800020100000000000000000000B2
S3150804ABE00100000000000000000000000100000051
S3150804ABF0000000000000000001040000020602082C
S3150804AC008000800001010000E0C810003C06020034
S3150804AC10000000000500000000000000809698006F
S3150804AC20020100000000000000000000010000000E
S3150804AC300000000000000000010000000000000001
S3150804AC4000000000010400000201020202030204DB
S3150804AC5013B779FAC925DDB7ADF3CFE0F1B614B861
S3150804AC600102000000000000FFFFFFFF20000000B3
S3150804AC7001000000000000000000000000000000C1
S3150804AC8000000000000000000000000000000000B2
S3150804AC9000000000000000000000000000000000A2
S3150804ACA01E000003DDA50308D9A50308B7A50308F4
S3150804ACB085A5030815A60308E7A5030887A50308B9
S3150804ACC02C0000000202020300000003000000003A
S3150804ACD00000000000000000000000000700080053
S3150804ACE00000000000000000000000010204050046
S3150804ACF0000000000000000000000000060000003C
S3150804AD0010AD0408200301640608020001000000CF
S3150804AD1000040A0A040306060802000000000000EC
S3150804AD200E040E1F081F0C1F0E0E00001000010E45
S3150804AD300E0E0F0E071F1F0E110E1C110111110EF8
S3150804AD400F0E0F1E1F11111111111F0E000E0400F4
S3150804AD500200010010000C000104080106000000AE
S3150804AD6000000000020000000000000C04060000B9
S3150804AD700000000000040A0A1E130904040404045B
S3150804AD8000000000110611080C0102101111060634
S3150804AD900800021110111111090101111104080901
S3150804ADA0011B1111111111010411111111111002B4
S3150804ADB000080A00040001001000121E0100000128
S3150804ADC00400000000000000020000000000000269
S3150804ADD0040802000000000000040A1F0108050216
S3150804ADE00208150400000010190410040A0F0108CB
S3150804ADF011110606041F0410101111011101010195
S3150804AE001104080501151311111111010411111169
S3150804AE100A11080201081100080E0D0E160E021179
S3150804AE200D060C09040B0D0E0F160D0E0711111144
S3150804AE3011111F0204081500000000000004000A8E
S3150804AE400E04020002080E1F001F00081504080855
S3150804AE5009100F040E1E00000200080816110F013F
S3150804AE60110F0F1D1F040803011515110F110F0EDD
S3150804AE7004111115040A0402020800000010130143
S3150804AE8019110711130408050415131111191301CF
S3150804AE90021111110A11080104100800000000002B
S3150804AEA00000001F1002150002081504060000041D
S3150804AEB0130404101F10110211100606041F0404BB
S3150804AEC0151F1101110101111104080501111911A8
S3150804AED001150510041111150A04020204080000DC
S3150804AEE0001E1101111F021E110408030415111175
S3150804AEF00F1E010E02111115041E04020408000097
S3150804AF00000000000000000A0F19090004040404E4
S3150804AF10040006021104021108111102110806049C
S3150804AF20080002001511111109010111110409097A
S3150804AF30011111110109091004110A15110401025C
S3150804AF400808000000111111110102101104090565
S3150804AF50041111110110011012190A150A1002021E
S3150804AF6004080000000000000004000A0418160083
S3150804AF7008020000020006010E0E1F0E080E0E023D
S3150804AF800E060002100001040E110F0E071F010E13
S3150804AF90110E06111F11110E0116110F040E040AC3
S3150804AFA011041F0E100E001F001E0F0E1E0E020E99
S3150804AFB0110E06090E11110E0110010F0C16040AC2
S3150804AFC0110E1F0C0406000000000000000000001B
S3150804AFD0000000000000000000000000000000005F
S3150804AFE0000000000000000000000000000000004F
S3150804AFF0000000000000000000000000000000003F
S3150804B000000000000000000000000000000000002E
S3150804B010000000000000000000000000000000001E
S3150804B020000000000000000000000000000000000E
S3150804B03040B0040820030164080802000100000067
S3150804B04000186C6C10CE3808600C00000000000074
S3150804B0507C307C7CC6FE7CFE7C7C000070001C7CFC
S3150804B0607C7C7E7C7EFEFE7CC63C78C606C6C67C98
S3150804B0707E7C7E7C7EC6C6C6C6C6FE7C007C100068
S3150804B0800C00060060003800060000060C000000EC
S3150804B09000000000000000000000003018188C00B2
S3150804B0A00000000000186CFEFC6A2C1830186C1896
S3150804B0B0000000C0C638C6C6C606C6C0C6C6181826
S3150804B0C0387C38C6C6C6C6C6C60606C6C618306698
S3150804B0D006EECEC6C6C6C6C618C6C6C6C6C6C00CFC
S3150804B0E0066038000C00060060000C0006183006DE
S3150804B0F00C00000000000000180000000000001802
S3150804B1001830D60000000000001848FE162E2C1829
S3150804B1101830381800000060C63060C0C6060660DD
S3150804B120C6C618181C7C70C6F6C6C606C606060623
S3150804B130C618303606FEDEC6C6C6C60618C6C6C64F
S3150804B1406CC6600C0C606C00043C3E3C7C3C3C3C8D
S3150804B1503E0000660C6E3E3C3E3C363C186666C6AF
S3150804B16066667E1818306200000000000018006C3D
S3150804B1707C10DC001830FE7E1C7E0030C630307031
S3150804B180FE7E7E307CFC00000E00E070F6FE7E0635
S3150804B190C61E1EF6FE18301E06D6F6C67EC67E7C6B
S3150804B1A018C6C6D638FC300C1860C6000060660699
S3150804B1B066660C66661830360CD6666666666E066D
S3150804B1C07C6666C63C66300C006000000000000021
S3150804B1D0000000FED0E866001830387E1C7E1C1875
S3150804B1E0C63018C0C0C0C618C6C018181C7C703033
S3150804B1F076C6C606C60606C6C618303606C6E6C6E1
S3150804B20006B6C6C018C6C6FE6CC0180C3060000068
S3150804B210007C6606667E0C7C6618301E0CD666664E
S3150804B2203E56063C186666D6187C18181830000070
S3150804B23000000000001800FE7EAC660030186C188A
S3150804B24018001C0CC6300CC6C0C6C60CC6C61818D0
S3150804B250387C380006C6C6C6C60606C6C618366686
S3150804B26006C6C6C60666C6C618C66CEEC6C00C0CA6
S3150804B270606000FE0066660666060C60661836366A
S3150804B2800CC666660626066018663CD63C600C182C
S3150804B29018300000000000000018006C10E6DC00FE
S3150804B2A0600C00180C001C067C78FE7CC07C7C06AE
S3150804B2B07C7C000C70001C307CC67E7C7EFE06FC02
S3150804B2C0C63C1CC6FEC6C67C06DCC67C187C38C6CC
S3150804B2D0C67EFE7CC07C00FE007C3E3C7C3C0C3E6C
S3150804B2E066701C6638C6663C065C063E707C18FCAE
S3150804B2F0663E7E30181800000000000000000000BA
S3150804B300000000000000000000000000000000002B
S3150804B310000000000000000000000000000000001B
S3150804B320000000000000000000000000000000000B
S3150804B33000000000000000000000000000000000FB
S3150804B34000000000000000000000000000000000EB
S3150804B35000000000000000000000000000000000DB
S3150804B36000020100000800B49CB304080100000FA1
S3150804B3707CB30408000000000000000006FF6CFF10
S3150804B380A1FFBCFFCDFFD8FFE0FFE6FFEAFFEEFF13
S3150804B390F0FFF3FFF4FFF6FFF7FFF7FFC800AEFE72
S3150804B3A0B400E8087F8DFBFF4E0002036349FFFFE4
S3150804B3B02C00AF01EFE5FFFF1B00FF00E61A0000B3
S3150804B3C01100A700DA2800000A0062001528000008
S3150804B3D006003B00A821000003000B00A10E000094
S3150804B3E0D4BF04080000000058B404080300000091
S3150804B3F000000000C0175302D4BF04080000000070
S3150804B400C4B404080300000000000000C017530277
S3150804B410D4BF04080000000030B504080300000087
S3150804B42000000000C0175302D4BF0408000000003F
S3150804B4309CB504080300000000000000C01753026E
S3150804B440D4BF04080000000008B60408030000007E
S3150804B45000000000C017530274B60408809C2B8FA2
S3150804B46080841E00000000002500FF7FA03600200F
S3150804B4700000000054C404080000000074B6040860
S3150804B480809C2B8F80841E00000026002600B700AF
S3150804B490A03600200000000054C404080000000080
S3150804B4A074B60408809C2B8F80841E000000270035
S3150804B4B027008C00A03600200000000054C40408AD
S3150804B4C00000000054B80408809C2B8F80841E005A
S3150804B4D0000000002500FF7FA036002000000000C1
S3150804B4E056C404080000000054B80408809C2B8F36
S3150804B4F080841E00000026002600B700A03600201F
S3150804B5000000000056C404080000000054B80408EB
S3150804B510809C2B8F80841E000000270027008C0047
S3150804B520A03600200000000056C4040800000000ED
S3150804B53034BA0408809C2B8F80841E000000000007
S3150804B5402500FF7FA03600200000000058C4040828
S3150804B5500000000034BA0408809C2B8F80841E00E7
S3150804B560000026002600B700A036002000000000D0
S3150804B57058C404080000000034BA0408809C2B8FC1
S3150804B58080841E000000270027008C00A0360020B7
S3150804B5900000000058C404080000000014BC040895
S3150804B5A0809C2B8F80841E00000000002500FF7FEE
S3150804B5B0A8360020000000005AC404080000000051
S3150804B5C014BC0408809C2B8F80841E00000026006F
S3150804B5D02600A000A8360020000000005AC404086B
S3150804B5E00000000014BC0408809C2B8F80841E0075
S3150804B5F0000027002700FF7FA8360020000000006F
S3150804B6005AC4040800000000F4BD0408809C2B8F6B
S3150804B61080841E00000000002500FF7FA836002055
S3150804B620000000005CC4040800000000F4BD04081F
S3150804B630809C2B8F80841E00000026002600B700FD
S3150804B640A8360020000000005CC4040800000000BE
S3150804B650F4BD0408809C2B8F80841E0000002700FC
S3150804B66027008C00A8360020000000005CC40408EB
S3150804B67000000000FC4F0103B0C20408104001009A
S3150804B680004100003C400100000000004840010061
S3150804B6902007000350400100000000005C40010040
S3150804B6A00D0F000008410100FF4C000054C00700BC
S3150804B6B0511130000E000DE62A000000080B0C0D8F
S3150804B6C00D000000D1B60200E00400004040070166
S3150804B6D0000020700000A0111000000000000046C1
S3150804B6E01FC081000000002000800000644005019E
S3150804B6F000000000B904F80040080000100000002B
S3150804B7009100040088400F01B7031200000000608E
S3150804B710000000000002050D1C2F42536269686090
S3150804B72053402E1F110A08080808070605040303D0
S3150804B73002020201010101010000000000000000EC
S3150804B740000000001C41010100302C8C384107011F
S3150804B750BC200BF049C05100055BA0408E6E829454
S3150804B7602182485209084000C00D00805C4101014D
S3150804B770FFDD0000684107014CD4E83B04190D506D
S3150804B780080E141A20262C32383E10325476980A9B
S3150804B7901D0040B4D041030100000000D0000000A1
S3150804B7A004001200E041130100000080E2CFDD2C02
S3150804B7B07EB63A00600919005122E2004CB9510ECE
S3150804B7C03982A904D8229B29E2CFDD2C7EB63A0019
S3150804B7D0600919005122E2004CB9510E3982A904B4
S3150804B7E0D8229B2900000000000000004400000045
S3150804B7F03C3C3C3C4C4201010800030468420101FC
S3150804B8000000000038800101F1471000A080020101
S3150804B81070380300D0000000A8800111F001000070
S3150804B820A8800131055AFD01AC800111F001000020
S3150804B830AC800131053EFD00EC000112E00F00006A
S3150804B840EC0001320C2051118401010200000000B1
S3150804B850FFFFFFFFFC4F010304C304081040010067
S3150804B860004100003C40010010000000484001006F
S3150804B8702017000350400100010400005C40010049
S3150804B8800D0F00000841010003C0010054C0070061
S3150804B890511130000E000DE62A000000080B0C0DAD
S3150804B8A00D000000D1B602008005000040400701E3
S3150804B8B0000020700000A0111000000030000046AF
S3150804B8C01FC8810000200030008000006440050184
S3150804B8D000000000B904F800400800001000000049
S3150804B8E092000A0088400F01B703120000000060A6
S3150804B8F0000000000002050D1C2F425362696860AF
S3150804B90053402E1F110A08080808070605040303EE
S3150804B910020202010101010100000000000000000A
S3150804B920000000001C41010100302C8C384107013D
S3150804B930BC200AF049C0510001000040B756351230
S3150804B9400078085009084000C00300805C410101E2
S3150804B95000000000684107014CD4E83B04190D7047
S3150804B9600A10161C22282E343A4010325476980AA5
S3150804B9701D6980A4D041030100000000D000000026
S3150804B98000000200E041130100000000E2CFDD2CB4
S3150804B9907EB63A00600919005122E2004CB9510EEC
S3150804B9A03982A904D8229B29E2CFDD2C7EB63A0037
S3150804B9B0600919005122E2004CB9510E3982A904D2
S3150804B9C0D8229B2900000000000000004400000063
S3150804B9D03C3C3C3C4C42010108000004684201011D
S3150804B9E00000000038800101F1471000A080020120
S3150804B9F070380300D0000000A8800111F00100008F
S3150804BA00A8800131055AFD01AC800111F00100003E
S3150804BA10AC800131053EFD00EC000112E00F000088
S3150804BA20EC0001320C2051118401010200000000CF
S3150804BA30FFFFFFFFFC4F010358C304081040010031
S3150804BA40004100003C40010010000000484001008D
S3150804BA502007000350400100000400005C40010078
S3150804BA600D0F00000841010003C0010054C007007F
S3150804BA70511130000E000DE62A000000080B0C0DCB
S3150804BA800D000000D1B60200800500004040070101
S3150804BA90000020700000A0111000000030000046CD
S3150804BAA01FC88100002000300080000064400501A2
S3150804BAB000000000B904F800400800001000000067
S3150804BAC092000A0088400F01B703120000000060C4
S3150804BAD0000000000002050D1C2F425362696860CD
S3150804BAE053402E1F110A080808080706050403030D
S3150804BAF00202020101010101000000000000000029
S3150804BB00000000001C41010100302C8C384107015B
S3150804BB10BC200AF049C0510001000040B75635124E
S3150804BB200078085009084000C00300805C41010100
S3150804BB3000000000684107014CD4E83B04190D7065
S3150804BB40080E141A20262C32383E10325476980AD7
S3150804BB501D6940B4D041030100000000D000000074
S3150804BB6000000200E041130100000000E2CFDD2CD2
S3150804BB707EB63A00600919005122E2004CB9510E0A
S3150804BB803982A904D8229B29E2CFDD2C7EB63A0055
S3150804BB90600919005122E2004CB9510E3982A904F0
S3150804BBA0D8229B2900000000000000004400000081
S3150804BBB03C3C3C3C4C42010108000004684201013B
S3150804BBC00000000038800101F1471000A08002013E
S3150804BBD070380300D0000000A8800111F0010000AD
S3150804BBE0A8800131055AFD01AC800111F00100005D
S3150804BBF0AC800131053EFD00EC000112E00F0000A7
S3150804BC00EC0001320C2051118401010200000000ED
S3150804BC10FFFFFFFFFC4F0103ACC3040810400100FB
S3150804BC20014100003C4001000000000048400100BA
S3150804BC30A007000350400100000000005C4001001A
S3150804BC400000000008410100FF4C000054C0070032
S3150804BC50512130000E000DE62A00000004050607EF
S3150804BC6008000000D1B60200600500004040070144
S3150804BC70000050510000A0211000000000000086BA
S3150804BC801FC0810000000020000000006440050178
S3150804BC90000000404902F0004008000002000000CD
S3150804BCA09200080088400F01DA032A00000000E029
S3150804BCB0000000000102071121374B5A67696254D4
S3150804BCC040291505000000000102030404040303C7
S3150804BCD0030303020202020202010101000000003A
S3150804BCE0000000001C41010100B0B18C3841070175
S3150804BCF0BC200AF0B6555200055B98408E6E8294B5
S3150804BD00233C4852893B4000C00300805C41010142
S3150804BD10FFDD000068410701E853FA00000000400F
S3150804BD200000000000000000000000000000000001
S3150804BD3000000000D04103010000AAAAD0000000B8
S3150804BD4004001200E041130100000000FFAB000AE2
S3150804BD505CF10F00D341020095EDB100197BD80FB1
S3150804BD601208B904EA1B6D1FC9B7C20A0B203B00A7
S3150804BD70430600005962F300727E9600A73D190037
S3150804BD80D022F13B000000A00000000040000000A3
S3150804BD90000000004C420101080003046842010146
S3150804BDA00100000038800101F1471000A08002015B
S3150804BDB070780300D5C00000A8800111F0010000C6
S3150804BDC0A88001310542CB01AC800111F0010000C5
S3150804BDD0AC80013105228D00EC000112E00F000051
S3150804BDE0EC0001320C20511184010102000000000C
S3150804BDF0FFFFFFFFFC4F010300C4040810400100C5
S3150804BE00014100003C4001000000000048400100D8
S3150804BE10A007000350400100000000005C40010038
S3150804BE200000000008410100FF4C000054C0070050
S3150804BE30511130000E0009E62D000000040506071E
S3150804BE4008000000D1B6020064350000404007012E
S3150804BE50000050510000A0111000000000000086E8
S3150804BE601FC0810000000020000000006440050196
S3150804BE7000000040B904F800400800000200000071
S3150804BE809200040088400F01B7033B00000000E05D
S3150804BE90000000000002050D1C2F42536269686009
S3150804BEA053402E1F110A0808080807060504030349
S3150804BEB00202020101010101000000000000000065
S3150804BEC0000000001C4101010060B18C38410701E3
S3150804BED0BC200AF0F6625200055B98408E6E829486
S3150804BEE01C784852893B4000C00300805C4101012C
S3150804BEF0FFDD000068410701E853FA00000000402E
S3150804BF00000000000000000000000000000000001F
S3150804BF1000000000D0410301000000AAD000000080
S3150804BF2004001200E041130100000000FFAB000A00
S3150804BF305CF10F00D341020095EDB100197BD80FCF
S3150804BF401208B904EA1B6D1FC9B7C20A0B203B00C5
S3150804BF50430600005962F300727E9600A73D190055
S3150804BF60D022F13B000000A00000000038000000C9
S3150804BF70000000004C420101080003046842010164
S3150804BF800100000038800101C2241000A0800201CB
S3150804BF9070780300D0000000A8800111F0010000A9
S3150804BFA0A88001310542CB01AC800111F0010000E3
S3150804BFB0AC800131053EFD00EC000112E00F0000E3
S3150804BFC0EC0001320C2051518401010200100000DA
S3150804BFD0FFFFFFFF0C400100018101002040020021
S3150804BFE000000000010000003040030000000000CB
S3150804BFF000000000000000004040020000000000AD
S3150804C000004000006040010001010000A840010052
S3150804C01007000000BC400400000000000000000007
S3150804C02000000000000000000C410300FF4C000063
S3150804C030FF4D0000FF4D000020C0011000F8070066
S3150804C04020C00130F502280124C00110FF000000B9
S3150804C05024C001300013000028C00800EC80B30394
S3150804C06043754051A00F00F800400000A8AA070035
S3150804C07000000000000000000000000070C0090075
S3150804C080BA10000000042000041880000B3C2001AC
S3150804C090187C10022FFCE0067F0000000000000058
S3150804C0A000000000A8C00500BD4B721511A31805B1
S3150804C0B010325476980A000000000000CCC0040030
S3150804C0C0010000000000000001000A000100280029
S3150804C0D0080001010807000018000101AAAAAA001D
S3150804C0E0200001010060DA005C4002010000000340
S3150804C0F00000002078400401294176710000000000
S3150804C1008C000C0000000000C4400401000000007C
S3150804C110000000000000000000000000E0400101EB
S3150804C1200002000010410201331E05000000000051
S3150804C1302041060100000000FF0483078813C83A5B
S3150804C140FF06660CFF0483078813FF0358410101A1
S3150804C15000000000644101010C010000844105014E
S3150804C16001010000000000000000000000000000BB
S3150804C17000000000A44102010000000000000000C5
S3150804C180B04102010000000058923EC0BC410301C0
S3150804C1900000000000003C00699006002C420301E0
S3150804C1A06018004000000000000000003C42010145
S3150804C1B000000000444202011400000000000000D0
S3150804C1C08042020100000000810000009842050137
S3150804C1D03F000002FFFF0000FFFF0000FF0300000E
S3150804C1E0FFFF0000B44201010000000030430A01C9
S3150804C1F040002001A0000000085000011F1F1F1F57
S3150804C2001F1F1F1B18151311100E0D0C45C1872F60
S3150804C2100000000000000000108001010300000077
S3150804C2203C800101010000009C800101000000001F
S3150804C230B080020100030002370000019C000102DD
S3150804C240000C0004D8000302050040AA8801000077
S3150804C250C0000000F00001022B01000010010112C9
S3150804C26000FF0F00100101320200003150010112D3
S3150804C27000C0010050010132C100A200740101028C
S3150804C28069811B0C7801011200001C007801013237
S3150804C2901004E0CF80010112790700008001013201
S3150804C2A0020000008801010250000000FFFFFFFFA2
S3150804C2B0140000001CC771000000000004C504082F
S3150804C2C0B4C4040800000000000000000051250260
S3150804C2D040420F000108F600F14710020000000072
S3150804C2E05EC404080000000000000000000000000E
S3150804C2F02A420F00000000000000000000000000B1
S3150804C30000000000140000001CC7710000000000B3
S3150804C31004C50408C4C404080000000000000000A2
S3150804C3200051250240420F000102F600F1471002AF
S3150804C330000000005EC404080000000000000000BD
S3150804C340000000002A420F00000000000000000060
S3150804C3500000000000000000140000001CC7710063
S3150804C3600000000004C50408D4C404080000000042
S3150804C370000000000051250240420F000108F600A3
S3150804C380F1471002000000005EC404080000000023
S3150804C39000000000000000002A420F000000000010
S3150804C3A00000000000000000000000001400000067
S3150804C3B066666600000000001EC50408E4C4040896
S3150804C3C000000000000000000048E80180841E0008
S3150804C3D00101F800F1475002000000005EC4040899
S3150804C3E00000000000000000000000007C841E001D
S3150804C3F0000000000000000000000000000000002B
S3150804C4001400000024499200000000001EC5040818
S3150804C410F4C4040800000000000000000024F4002E
S3150804C42040420F000101F800C22450030000000036
S3150804C4305EC40408000000000000000000000000BC
S3150804C4402B420F000000000000000000000000005E
S3150804C450000000000305030403030302030A0200A1
S3150804C4600000C017530206140000802FA6040538DE
S3150804C4700000A00800000000580901040706100A75
S3150804C48001040707C80A00040807800B0004080803
S3150804C490380C000409086108000000008A08000036
S3150804C4A00000C709010404032C0B01040404920CBC
S3150804C4B00104050450C30000E62D0000D00700005F
S3150804C4C0D0070000E5BF0000282300006B03000026
S3150804C4D06B030000F5DA0200A41F000090010000B7
S3150804C4E09001000050C30000761600007701000092
S3150804C4F07701000050C30000F22B0000EE02000092
S3150804C500EE020000193F01060410010000010106AD
S3150804C51000102700000A0000000000000000193F70
S3150804C5200106041001000001010600102700000C92
S3150804C5300000000000000000E0B30408F8B3040893
S3150804C54010B4040828B4040840B404080000000021
S3150804C55000000000DC984CA0D81018FFFFFFFFFF6E
S3150804C560FFFFFFFFFFFFFFFFFFFFFF0000000000C4
S3150804C5700120000000200000FFFFFFFF000000006C
S3150804C580FFFFFFFFFFFFFFFFBCE6FAADA7179E8478
S3150804C590F3B9CAC2FC632551012600000400000051
S3150804C5A00000000000010000000000000B0000006D
S3150804C5B00C0000000300000000002020000000001A
S3150804C5C0020000003C3C3C000000000000000000A3
S3150804C5D00000000001031001010903001E00000009
S3150804C5E01B000000160000001A0000005700000097
S3150804C5F000800A5013000000DCC50408010410007A
S3150804C60074C604084CC604080000000000000000B4
S3150804C61018C604080000000048E00408DCDF040823
S3150804C62038E00408ECDF040800E0040810E0040815
S3150804C630F4E0040808E1040818E1040864E00408BE
S3150804C640A8DE0408FCDE0408000000003DD2020847
S3150804C650F4C604081993020800000000515B040894
S3150804C6600000000049C7020822C7040800000000A9
S3150804C67000000000F1D10208F4C60408B5C4020893
S3150804C680F4C604084D5B0408000000000DBF020848
S3150804C69000000000495B04080000000041C10208CC
S3150804C6A000000000C15B040830C70408F9CC02087E
S3150804C6B00000000045CE020800000000415B0408A3
S3150804C6C020C7040819C7020822C70408595B0408C6
S3150804C6D0000000005D5B040800000000C32C040889
S3150804C6E000000000CD2C0408000000000000000033
S3150804C6F000000000000000004E0C000000000000CE
S3150804C7000000000030D60408000000000000000005
S3150804C7100400000000000000E2FF500000010000D1
S3150804C72001000400FB000000000000005DAE0108E3
S3150804C7300100000000000000505341004B45590019
S3150804C7405B495D2000456D707479204578616D708C
S3150804C7506C65005B53746172745F7363616E6E69B2
S3150804C7606E675D2053746172746564207363616EC9
S3150804C7706E696E6720666F7220222573222E2E2E0E
S3150804C7800A2000453A2F434F44452F53696C696381
S3150804C7906F6E5F4C6162732F426C7565746F6F744C
S3150804C7A0682F62745F736F635F656D7074795F7306
S3150804C7B063616E6E65722F6170702E630025730057
S3150804C7C025303258005B4170705F496E69745D208C
S3150804C7D048656C6C6F2C204920616D207363616E0B
S3150804C7E06E65722E20506572696F64696320537989
S3150804C7F06E63204F62736572766572200A005B4128
S3150804C80070705F496E69745D203D3D3D3D3D204332
S3150804C810656E7472616C2064656D6F3A205363614A
S3150804C8206E202620436F6E6E656374203D3D3D3D44
S3150804C8303D200A005B4170702050726F6365737304
S3150804C840202D2042544E305D205772697465204C61
S3150804C8504544203D202564200A005B417070205021
S3150804C860726F63657373202D2042544E315D2052D6
S3150804C870656164204368617261637465726973747F
S3150804C88069632076616C75652021200A00506572FB
S3150804C8906970686572616C0043656E7472616C00D8
S3150804C8A05B534D5D205065726970686572616C20D2
S3150804C8B02B2043656E7472616C3A20626F6E6469EC
S3150804C8C06E67202B2053432C20494F3D6E6F6E65AF
S3150804C8D02C20626F6E6461626C65203D20312C20C9
S3150804C8E06D6178203D2038200A005B5D2053636122
S3150804C8F06E6E696E6720666F7220706572696F6402
S3150804C90069632061647665727469736572202E2E74
S3150804C9102E200A005B4556545D2053595354454D01
S3150804C92020424F4F54204944200A005B5D20466F3D
S3150804C930756E64207461726765742120616464721B
S3150804C940203D20253032583A253032583A2530329F
S3150804C950583A253032583A253032583A2530325822
S3150804C960202C20706572696F6469635F696E7465EB
S3150804C9707276616C203D20252E3166206D73200A5F
S3150804C9800053796E63696E67202E2E2E20286861FF
S3150804C9906E646C65203D20256429200A0053796E4F
S3150804C9A0632045535441424C495348454421200A7F
S3150804C9B000200909696E74657276616C203D20252C
S3150804C9C02E31666D732C20504859203D202564204D
S3150804C9D00A0052582023256C75200974656D703D2C
S3150804C9E0252E316620432009525353493D25642098
S3150804C9F064426D200A002053796E63204C4F5354C9
S3150804CA002028726561736F6E3D3078253034782935
S3150804CA10200A00200A0A203D3D3D3D3D3D3D3D3D61
S3150804CA203D3D3D3D3D3D3D3D3D3D20206576745FA4
S3150804CA306C65676163795F61647665727469736549
S3150804CA406D656E745F7265706F7274203D3D3D3D11
S3150804CA503D3D3D3D3D3D3D3D3D3D200A20005B417C
S3150804CA6064766572746973656D656E745F726570F4
S3150804CA706F72745D20466F756E643A2022257322A0
S3150804CA802061646472203D20253032583A253032BC
S3150804CA90583A253032583A253032583A25303258E1
S3150804CAA03A253032582020525353493D2564200AEA
S3150804CAB0005B4164766572746973656D656E745F4F
S3150804CAC07265706F72745D2054617267657420664E
S3150804CAD06F756E642120436F6E6E656374696E6745
S3150804CAE0202E2E2E200A005B455D20005B416476CD
S3150804CAF06572746973656D656E745F7265706F725D
S3150804CB00745D20436F6E6E656374696F6E5F6F70D4
S3150804CB10656E206661696C65643A20307825303420
S3150804CB2078200A005B4164766572746973656D657D
S3150804CB306E745F7265706F72745D20436F6E6E6596
S3150804CB406374696F6E207265717565737420736595
S3150804CB506E74202868616E646C653D256429200A14
S3150804CB60000A0A203D3D3D3D3D3D3D3D3D3D3D3DA3
S3150804CB703D3D3D3D3D3D3D20206576745F636F6ECA
S3150804CB806E656374696F6E5F706172616D657465F5
S3150804CB9072735F6964203D3D3D3D3D3D3D3D3D3DF0
S3150804CBA03D3D3D3D200A20005B436F6E6E65637410
S3150804CBB0696F6E5F706172616D65746572735D200D
S3150804CBC0506172616D65746572733A200A002009B2
S3150804CBD0092020202020202020202020202020205A
S3150804CBE0202020496E74657276616C3A202564208B
S3150804CBF02A20312E32356D73203D202564206D732D
S3150804CC00200A00090920202020202020202020098D
S3150804CC102020202020204C6174656E6379203A20F8
S3150804CC202564200A0009092020202020202020200D
S3150804CC30202020202009202054696D656F757420F2
S3150804CC403A202564206D73200A003D3D3D3D3D3D57
S3150804CC503D3D3D3D3D3D3D3D3D3D3D3D3D3D3D3DF2
S3150804CC603D3D3D3D3D3D3D3D3D3D3D3D3D3D3D3DE2
S3150804CC703D3D3D3D3D3D3D3D3D3D3D3D3D3D3D3DD2
S3150804CC803D3D3D3D3D3D3D3D3D3D3D3D3D3D3D3DC2
S3150804CC903D200A000A0A203D3D3D3D3D3D3D3D3DC2
S3150804CCA03D3D3D3D3D3D3D3D3D3D20206576745F22
S3150804CCB0636F6E6E656374696F6E5F6F70656E65BC
S3150804CCC0645F6964203D3D3D3D3D3D3D3D3D3D3D03
S3150804CCD03D3D3D200A2000436F6E6E656374696F9F
S3150804CCE06E206F70656E6564202868616E646C6575
S3150804CCF03D3078253032782C20616464723D2530C5
S3150804CD0032583A253032583A253032583A25303294
S3150804CD10583A253032583A25303258290A0020091B
S3150804CD2009526F6C65093A202573200A005B534D36
S3150804CD305D2052657573696E6720657869737469D1
S3150804CD406E6720626F6E642068616E646C65203D50
S3150804CD50202575200A005B534D5D204E6F20626FB7
S3150804CD606E64202D3E2072657175657374696E67ED
S3150804CD702070616972696E67200A005B534D5D20F5
S3150804CD80696E6372656173655F73656375726974E9
S3150804CD9079206661696C65643A2030782530347880
S3150804CDA0200A005B534D5D20696E63726561736585
S3150804CDB05F7365637572697479204F4B20202D3E25
S3150804CDC02070616972696E672F626F6E64696E6737
S3150804CDD02049283D286966206E656564202929202E
S3150804CDE00A005B636F6E6E656374696F6E5F6F705E
S3150804CDF0656E65645D20446973636F766572696EF2
S3150804CE00672073657276696365202E2E2E200A00C4
S3150804CE105B736572766963655F69645D20536572E1
S3150804CE207669636520666F756E64202868616E642A
S3150804CE306C653D256C75290A005B436861726163FC
S3150804CE4074657269737469635F69645D2043757395
S3150804CE50746F6D6520436861726163746572697382
S3150804CE6074696320666F756E64202868616E646CE5
S3150804CE7065203D20256C75290A005B43686172614B
S3150804CE806374657269737469635F69645D20446178
S3150804CE9074616261736520486173682063686172AE
S3150804CEA020666F756E64202868616E646C65203D23
S3150804CEB02030782530347829200A005B436861726B
S3150804CEC0616374657269737469635F69645D204339
S3150804CED06C69656E7420537570706F72746564201E
S3150804CEE04665617475726573206368617220666F3E
S3150804CEF0756E64202868616E646C65203D20307800
S3150804CF002530347829200A005B50726F636564758E
S3150804CF1072655F636F6D706C6574655D2047415417
S3150804CF20542070726F636564757265206661696CF6
S3150804CF3065643A20307825303478200A005B5072CC
S3150804CF406F6365647572655F636F6D706C65746530
S3150804CF505D20446973636F766572696E67206368DA
S3150804CF60617261637465726973746963202E2E2E07
S3150804CF70200A005B50726F6365647572655F636F40
S3150804CF806D706C6574655D2053756273637269624E
S3150804CF90696E6720746F20496E6469636174696F8A
S3150804CFA06E202E2E2E200A005B50726F6365647500
S3150804CFB072655F636F6D706C6574655D20496E6438
S3150804CFC0696361746564202D3E20524541445920A5
S3150804CFD02D2050423020746F20746F67676C65206B
S3150804CFE0536572766572204C4544202E2E2E200AEF
S3150804CFF0005B50726F6365647572655F636F6D700D
S3150804D0006C6574655D205375626372696265642034
S3150804D0102D3E205245414459202D2050423020743B
S3150804D0206F20746F67676C65205365727665722026
S3150804D0304C4544202E2E2E200A005B50726F6365E1
S3150804D040647572655F636F6D706C6574655D2044A5
S3150804D0506973636F766572696E6720446174616289
S3150804D060617365204861736820636861722028309B
S3150804D070783242324129202E2E2E200A005B575D33
S3150804D08020005B50726F6365647572655F636F6DCC
S3150804D090706C6574655D20446174616261736520B2
S3150804D0A0486173682063686172206E6F7420666FC6
S3150804D0B0756E64202D3E20736572766572206B68E2
S3150804D0C0C3B46E672068E1BB97207472E1BBA320E2
S3150804D0D0474154542043616368696E67200A005BBC
S3150804D0E050726F6365647572655F636F6D706C65A6
S3150804D0F074655D2052656164696E67204461746174
S3150804D100626173652048617368202E2E2E200A00FA
S3150804D1105B50726F6365647572655F636F6D706C7F
S3150804D1206574655D205365727665722068617368F7
S3150804D1303A20005B50726F6365647572655F636F4E
S3150804D1406D706C6574655D20436163686564206809
S3150804D1506173683A20005B50726F63656475726523
S3150804D1605F636F6D706C6574655D204861736820D4
S3150804D1704D41544348202D3E20536B6970206675F3
S3150804D1806C6C20646973636F7665727921005B50F1
S3150804D190726F6365647572655F636F6D706C6574D1
S3150804D1A0655D2048617368204D49534D4154434891
S3150804D1B0202D3E206E6565642072652D646973634F
S3150804D1C06F76657279200A005B50726F63656475C1
S3150804D1D072655F636F6D706C6574655D2046697210
S3150804D1E0737420636F6E6E656374696F6E202D3E6B
S3150804D1F0206E6F20636163686520796574200A0070
S3150804D2005B50726F6365647572655F636F6D706C8E
S3150804D2106574655D20446973636F766572696E67C4
S3150804D22020436C69656E7420537570706F727465EB
S3150804D230642046656174757265732063686172203B
S3150804D2402830783242323929202E2E2E200A005BC5
S3150804D25050726F6365647572655F636F6D706C6534
S3150804D26074655D204353462063686172206E6F744B
S3150804D27020666F756E64200A005B50726F6365647E
S3150804D2807572655F636F6D706C6574655D20577242
S3150804D2906974696E6720526F62757374204361639B
S3150804D2A068696E672062697420746F204353462048
S3150804D2B02E2E2E200A003D3D3D204741545420433E
S3150804D2C0616368696E6720736574757020636F6D32
S3150804D2D0706C657465203D3D3D200A0020536572D7
S3150804D2E076696365206368616E67653A207375625B
S3150804D2F07363726962656420200A0020446174615C
S3150804D3006261736520486173683A207265616420B6
S3150804D3102620636163686564200A0020526F62757B
S3150804D32073742043616368696E673A20656E616247
S3150804D3306C6564200A005B50726F63656475726578
S3150804D3405F636F6D706C6574655D205573696E6790
S3150804D3502063616368656420736572766963652012
S3150804D36068616E646C65202D205A45524F206469A5
S3150804D37073636F76657279206F7665726865616422
S3150804D38021200A005B50726F6365647572655F637A
S3150804D3906F6D706C6574655D20446973636F76653B
S3150804D3A072696E67204170706C69636174696F6E27
S3150804D3B0205365727669636573202E2E2E200A0023
S3150804D3C05B50726F6365647572655F636F6D706CCD
S3150804D3D06574655D204170706C69636174696F6E0C
S3150804D3E0207365727669636520646973636F76650D
S3150804D3F0727920636F6D706C657465200A005B43EF
S3150804D400686172616374657269737469635F76616E
S3150804D4106C75655D204E6F74696669636174696FBE
S3150804D4206E20726563656976656420286174745F25
S3150804D43074797065203D2025642C20256420627942
S3150804D440746573292C204C4544203D202564200A04
S3150804D450005B4368617261637465726973746963B6
S3150804D4605F76616C75655D20496E6469636174698C
S3150804D4706F6E2072656365697665642C204C454435
S3150804D480203D202564200A005B534D5D20506173BE
S3150804D490736B65793A202530366C750A005B534DF3
S3150804D4A05D20436F6E6669726D20626F6E64696E85
S3150804D4B067200A005B534D5D20456E7465722070C3
S3150804D4C06173736B6579200A005B534D5D20506167
S3150804D4D073736B65793A202564005B534D5D20426E
S3150804D4E06F6E6465642028636F6E6E3D30782530F0
S3150804D4F032582C20626F6E64696E673D2575292043
S3150804D5000A005B534D5D20426F6E64696E67206640
S3150804D51061696C65642028636F6E6E3D30782530CA
S3150804D52032582C20726561736F6E3D30782530341D
S3150804D5305829200A005B534D5D20436C6F73696E4E
S3150804D5406720756E626F6E64656420636F6E6E65C0
S3150804D5506374696F6E20307825303258200A000AC1
S3150804D5600A203D3D3D3D3D3D3D3D3D3D3D3D3D3D29
S3150804D5703D3D3D3D3D20206576745F636F6E6E6567
S3150804D5806374696F6E5F636C6F7365645F69642047
S3150804D5903D3D3D3D3D3D3D3D3D3D3D3D3D3D200AF9
S3150804D5A02000436F6E6E656374696F6E20636C6FDB
S3150804D5B0736564202868616E646C653D307825302F
S3150804D5C032582C20726561736F6E3D30782530347D
S3150804D5D05829200A0073746172745F7363616E6EEE
S3150804D5E0696E6700626C7565746F6F74685F7061E5
S3150804D5F06972696E675F696E697400736C5F6274D9
S3150804D6005F6F6E5F6576656E740035D5005814963F
S3150804D610FDBC4A40CED5DCC53E0202134C0C3DCCBB
S3150804D620F38F6C47E56673B53369778B5BB15C6CCE
S3150804D63050D604081B001B0040D804080E000E0030
S3150804D64030D80408010001000100FFFFFFFF0000B5
S3150804D650010000000108FFFF0000000000D80408CC
S3150804D660020002000108FFFF0500000020000A006E
S3150804D67003000A000008FFFF01000000C03900206B
S3150804D68004000D000308FFFF030000000200000069
S3150804D690050002000108FFFF0500000002000B0058
S3150804D6A006000B000108FFFF01000000CA3900202C
S3150804D6B0070002000108FFFF050000000A000C002D
S3150804D6C008000C000308FFFF01000000E0390020F1
S3150804D6D0090000000108FFFF0000000004D8040840
S3150804D6E00A0002000108FFFF050000000A00030003
S3150804D6F00B0003000308FFFF01000000E8390020BF
S3150804D7000C0002000108FFFF0500000002000400E7
S3150804D7100D0004000108FFFF0000000008D80408F3
S3150804D7200E0000000108FFFF000000000CD80408E2
S3150804D7300F0002000108FFFF0500000002000500B3
S3150804D740100005000108FFFF0000000010D80408B7
S3150804D750110002000108FFFF050000000200060090
S3150804D760120006000108FFFF02000000FC39002031
S3150804D770130002000108FFFF05000000020007006D
S3150804D780140007000108FFFF020000000C3A0020FD
S3150804D790150002000108FFFF05000000020008004A
S3150804D7A0160008000108FFFF02000000183A0020CE
S3150804D7B0170002000108FFFF050000000200090027
S3150804D7C0180009000108FFFF01000000263A00209E
S3150804D7D0190000000108FFFF000000001ED8040815
S3150804D7E01A0002000108FFFF050000000800008077
S3150804D7F01B0000800208FFFF07000000000000006D
S3150804D80002000118020000180200000002000A18AB
S3150804D8100C0053696C69636F6E204C616273100067
S3150804D820F01921B4478FA4BFA14F63FDEED6141D8A
S3150804D830636032E0375EA488534E6DFB6435BFF7E8
S3150804D840002801280328002A012A292A242A272A03
S3150804D850262A232A052A2A2B292B02290100000015
S3150804D860050000000000000000C2010000050000D9
S3150804D870001000000000000000000000343A0020F8
S3150804D880253D0108859C0308DD9C0308EF9C0308D5
S3150804D8907F9C03083C3A0020253D0108859C030823
S3150804D8A0DD9C0308EF9C03087F9C0308673A002065
S3150804D8B025420108FB9D03081F9E0308439E03088F
S3150804D8C05D9E0308453A2F434F44452F53696C69B7
S3150804D8D0636F6E5F4C6162732F426C7565746F6F0C
S3150804D8E074682F62745F736F635F656D7074795FB4
S3150804D8F07363616E6E65722F736C5F676174745FB0
S3150804D900736572766963655F6465766963655F697D
S3150804D9106E666F726D6174696F6E5F6F766572722B
S3150804D9206964652E6300736C5F676174745F7365FD
S3150804D93072766963655F6465766963655F696E6651
S3150804D9406F726D6174696F6E5F6F76657272696402
S3150804D950655F6F6E5F6576656E740041303142525D
S3150804D96044343138374331302E312E31453A2F433A
S3150804D9704F44452F53696C69636F6E5F4C616273DC
S3150804D9802F426C7565746F6F74682F62745F736F5A
S3150804D990635F656D7074795F7363616E6E65722F0C
S3150804D9A07A5F4C43445F6F6E626F6172642E6300E4
S3150804D9B03D3D3D204254205363616E6E6572203DA1
S3150804D9C03D3D00202020205363616E6E696E6720FA
S3150804D9D02E2E2E2000286E6F206E616D6529004E4E
S3150804D9E0657720646576696365205B25645D3A20FE
S3150804D9F0222573222052535349203D20256420644E
S3150804DA00426D2061646472203D20253032583A25DF
S3150804DA103032583A253032583A253032583A253079
S3150804DA2032583A25303258200A00252D31352E3100
S3150804DA3035732025346400253032583A2530325857
S3150804DA403A253032582020202534640050617373F7
S3150804DA506B65793A202530366C7500436F6E6669B6
S3150804DA60726D206F6E2070656572206465766963D1
S3150804DA7065003D3D3D2050414952494E47203D3DB4
S3150804DA803D00646973706C61795F696E697400003E
S3150804DA90202020202020202020282828282820204C
S3150804DAA02020202020202020202020202020202064
S3150804DAB088101010101010101010101010101010DC
S3150804DAC004040404040404040404101010101010BC
S3150804DAD01041414141414101010101010101010195
S3150804DAE001010101010101010101011010101010C9
S3150804DAF01042424242424202020202020202020266
S3150804DB00020202020202020202020210101010208D
S3150804DB1000000000000000000000000000000000F3
S3150804DB2000000000000000000000000000000000E3
S3150804DB3000000000000000000000000000000000D3
S3150804DB4000000000000000000000000000000000C3
S3150804DB5000000000000000000000000000000000B3
S3150804DB6000000000000000000000000000000000A3
S3150804DB700000000000000000000000000000000093
S3150804DB800000000000000000000000000000000083
S3150804DB90494E4600696E66004E414E006E616E003F
S3150804DBA0300030313233343536373839414243441C
S3150804DBB04546003031323334353637383961626395
S3150804DBC064656600496E66696E697479004E614ECD
S3150804DBD0005245454E54206D616C6C6F6320737515
S3150804DBE063636565646564002F646174612F6A659F
S3150804DBF06E6B696E732F776F726B73706163652FC3
S3150804DC00474E552D746F6F6C636861696E2F617228
S3150804DC106D2D31322F7372632F6E65776C69622DA1
S3150804DC2063796777696E2F6E65776C69622F6C699D
S3150804DC3062632F7374646C69622F64746F612E63F4
S3150804DC400042616C6C6F6320737563636565646514
S3150804DC5064002F646174612F6A656E6B696E732F35
S3150804DC60776F726B73706163652F474E552D746FAA
S3150804DC706F6C636861696E2F61726D2D31322F7313
S3150804DC8072632F6E65776C69622D63796777696E3F
S3150804DC902F6E65776C69622F6C6962632F7374647F
S3150804DCA06C69622F6D707265632E6300050000004F
S3150804DCB0190000007D0000000080E03779C3414365
S3150804DCC0176E05B5B5B89346F5F93FE9034F384DD0
S3150804DCD0321D30F94877825A3CBF737FDD4F15757C
S3150804DCE0000000000000F03F00000000000024408F
S3150804DCF000000000000059400000000000408F406A
S3150804DD00000000000088C34000000000006AF840D4
S3150804DD100000000080842E4100000000D0126341F8
S3150804DD200000000084D797410000000065CDCD416E
S3150804DD30000000205FA00242000000E8764837424F
S3150804DD40000000A2941A6D42000040E59C30A242ED
S3150804DD500000901EC4BCD64200003426F56B0C4362
S3150804DD600080E03779C3414300A0D8855734764309
S3150804DD7000C84E676DC1AB43003D9160E458E1436A
S3150804DD80408CB5781DAF154450EFE2D6E41A4B44DF
S3150804DD9092D54D06CFF08044F64AE1C7022DB54424
S3150804DDA0B49DD9794378EA44232D302B2000686C36
S3150804DDB04C00656667454647004300504F5349582B
S3150804DDC0002E002C2066756E6374696F6E3A200007
S3150804DDD0617373657274696F6E20222573222066D7
S3150804DDE061696C65643A2066696C6520222573222C
S3150804DDF02C206C696E65202564257325730A00003A
S3150804DE0001010201020203060601020312010001CE
S3150804DE1002070B0B0701160C000001080800000591
S3150804DE200108FFFF02FFFF0808020204FF0100229F
S3150804DE30FFFF23080F030304040A0A030A2AFFFF41
S3150804DE401419191B011C15120400480C1404131583
S3150804DE5010801A8012808000040301010204040061
S3150804DE60F4010000FA0000009600000064000000B7
S3150804DE704B000000320000001E00000014000000E1
S3150804DE800000000050004000080050002400040070
S3150804DE909001500240009001AE0110000F0E0C08CC
S3150804DEA00C080D181000000009000000000000000E
S3150804DEB00000000000000000A0030906A087090866
S3150804DEC0A088090720050919E99602082003090705
S3150804DED0C99602082001090D2D9702082004090590
S3150804DEE00D970208200609049596020820020902DD
S3150804DEF065960208200109014D9602080A000000E9
S3150804DF00000000000000000000000000A0010A054F
S3150804DF10A0030A04A0080A03A0880A08A0060A019E
S3150804DF20A003090020040A042D99020820060A17EA
S3150804DF30FD98020862676170695F62756666657254
S3150804DF40730001000200000000000000030049728B
S3150804DF505314497207FF000102030405FF14530012
S3150804DF60724907CDF6000000FB349B5F80000080F1
S3150804DF700010000000000000695604086F33040806
S3150804DF803B7A04085357040801020C0000000400F5
S3150804DF900000080089BF0208E9BE02089160030868
S3150804DFA0475B0408C75C04083D5C04084566030827
S3150804DFB0917A04087D5B040885CD0208C15C0408CF
S3150804DFC0615B0408BF5B0408BD5D04087F5B040845
S3150804DFD069B902081D5B0408135B04080200000003
S3150804DFE0000000000000000000000000040000001B
S3150804DFF0000000000000000000000000A001040169
S3150804E00056000000000000000000000000000000A8
S3150804E01005000000000000000000000000000000E9
S3150804E020A0130500A01B0502A0880A07A00409037B
S3150804E030A0050902A00609010F000000000000005F
S3150804E04000000000000000000100000000000000BD
S3150804E0500000000000000000A0010107A000010460
S3150804E060020408000600000000000000000000008A
S3150804E07000000000A0030601A0090609A00206087C
S3150804E080A0050607A0050606A0070605A0020604BD
S3150804E090A0010610A0080602A00D0600000004024E
S3150804E0A00503060107010108090A0000A0015C042A
S3150804E0B0A0005C03A0015C02A0035C01A0025C0052
S3150804E0C0A0020F09A0030F04A0030F03A0050F0263
S3150804E0D0A0010F01A0050F00A0040108A003010672
S3150804E0E001010204F401FA00960064004B003200B0
S3150804E0F01E0014004200000000000000000000009A
S3150804E10000000000A00442015000000000000000C6
S3150804E110000000000000000053000000000000009A
S3150804E1200000000000000000A0085302A0105300DD
S3150804E13020010605C5C70208200806045DC70208AB
S3150804E140200002058DBE02082000050571BF0208DD
S3150804E1502002050345BF02082005050621BF02085B
S3150804E16020000F075DC3020820020F0E25C402080B
S3150804E17020020F09EDC3020820050F08B9C30208D7
S3150804E18020010F042DC3020820040F10D5C302086A
S3150804E19020010F0045C3020820020F0209C4020821
S3150804E1A020020F019DC302082008500121CD020850
S3150804E1B0A01201004DD8020895D8020841D80208D1
S3150804E1C0A1D8020889D802089D620408D9620408FD
S3150804E1D0FB6204081D6304083F63040851EF020840
S3150804E1E001EF02080DEF0208FDEF0208C7660408EE
S3150804E1F0BF5D0408C35D0408C75D0408CB5D040855
S3150804E200CF5D040800000000B0010000780B002070
S3150804E21010000000280D00200080FF7F0000008009
S3150804E220FF7F0C0204FF000002000080FF7F00004D
S3150804E2300080FF7F0C0200002000000091E4020821
S3150804E2401000000009E402080000000100000101B2
S3150804E2500001010199E702087DE70208DD250308A4
S3150804E2607D280308B127030820C001B80101020369
S3150804E270000400010203030303040404040505005F
S3150804E2800000000101010102020202030303030361
S3150804E2900404040404000000010101010707080836
S3150804E2A0030303050404040505050606060707070C
S3150804E2B00803020204040403040505060606060701
S3150804E2C007070202020303030304040404050505FD
S3150804E2D005050606060601020202020303030303F2
S3150804E2E00404040404050505050606060C0C0C0CB2
S3150804E2F00B0B0B0B0B0B0B0B0B0B0B0B0B0B0B0B5C
S3150804E3000B0B0C0C0C0C0C0C0C0C0C0C0B0B0B0B41
S3150804E3100B0B0B0B03040404040505050506060686
S3150804E32006060702020202030303030404040404A0
S3150804E3300505050505060606020202020707030483
S3150804E3400607040403030303040506030305060773
S3150804E3500804050604030404030304050606030463
S3150804E36005060708C7BFBEBEBEB5B5B4B4ABABDCBD
S3150804E370DCDBDBD2D2D1D1C8C8C8C7BFBEBEBEBDDE
S3150804E380B5B5B4B4B4DCDBDBD2D2D2D11B1B1616BA
S3150804E3902E2D2D2A29292925242420201F1B1B1B21
S3150804E3A0162E2D2D2A2A29292524242020201F1B10
S3150804E3B01B1B2D2DBEB5B5B4B4ABABABAAA2A1A19C
S3150804E3C0A1A099999898C7BFBEBEBDB5B5B4B4B453
S3150804E3D0ABABABAAAAA2A1A1A19999990000000086
S3150804E3E003030303030202020202020203030202F4
S3150804E3F002020101010101010000000003030303F5
S3150804E40003020202D0C7C6C6C6BDBDBCBCB3B3B2FE
S3150804E410B2B2A9DBDBDADAD1D1D0D0C7C7C6C6C651
S3150804E420BDBDBCBCBCB3B3B2DBDBDADA1F1F2D2B14
S3150804E430221E2E2E323232312D2624303028231F26
S3150804E4401B2B26222E322E2E31312D282424302C15
S3150804E45027231E1AC8C8C8C8C8C8C8C8C8C8C8C8C8
S3150804E46000A801A802A8000000B801B802B800B0C4
S3150804E470030404080805000000000000000000006A
S3150804E4800000000000000000040008007C003100C1
S3150804E4903B001B004C3900007C030000CC3C000008
S3150804E4A0040000001C3E0000040000005434000070
S3150804E4B0F8040000C83C000004000000183E0000F0
S3150804E4C0030000000000000054340000D03C0000A3
S3150804E4D001000000203E000037000000CD3B00008C
S3150804E4E055340000010000000006800F7047944967
S3150804E4F009684143880B7047924800680104C80FAD
S3150804E500704730B5002090490A680023FA24A4010C
S3150804E510521C6568AA4200D322681578AD06AD0E6A
S3150804E5209D40054328009B1D1E2BF1D30A6030BD70
S3150804E53084480168090408D584490A68824B1A6024
S3150804E5404A68C2618868B14908607047F3B583B000
S3150804E5501700C006000E00901038912833D2FFF732
S3150804E560CBFF00282FD00026794C01250398FFF706
S3150804E570BBFF002802D0022803D003E02068284005
S3150804E58000D001260197734F04980C21615E401848
S3150804E5900E21615E4018FFF7AAFF019940183860FA
S3150804E5A0049800994018FFF7A2FF0199401878606B
S3150804E5B0C020800168490860300368490860FCF790
S3150804E5C003FF9348057005B0F0BDFEB5644B654D71
S3150804E5D0C02080040290F0200005019018690228E2
S3150804E5E005D228680199014002988142F0D08948E9
S3150804E5F00068C01C8849014388480160884A894CD8
S3150804E6000421A068084204D0187D8006C10F490079
S3150804E61023E00226304022D01869042805D22F6840
S3150804E62001983840029FB842F6D0187D0007000FBB
S3150804E630072814D1587D022811DD987D8006800E9E
S3150804E64002280CDBD87D009007460F4207D0C00786
S3150804E65000D50A21374200D0891D00290BD17248FA
S3150804E6606E49086000201860802189026F4B196082
S3150804E67010602061F7BD481C1E69864205D22F68C2
S3150804E680019E3E40029FBE42F6D06948405C009017
S3150804E69020610098C000F821014002D08020C004FF
S3150804E6A0186064480668012E00D14900596021683B
S3150804E6B000291DD159490B682026A65F36039B05F8
S3150804E6C09B0D33430B600126166002219160009965
S3150804E6D0890909D10068002801D1182000E01A2008
S3150804E6E0225E0098FFF732FF207A000700D42660DE
S3150804E6F0F7BD4A484C4901600021194A1160802235
S3150804E70092024A4B1A60464A11604B4A02614261B8
S3150804E7103F48017070470620484908600020484968
S3150804E7200860F0210901474A116080214900464AD8
S3150804E73011600849404A0A604A60354908707047BA
S3150804E740A83E0000C04101A81C3E0000883E000007
S3150804E750A43E0000C84101A8C06101A8C05101A88F
S3150804E760C44000A80C0002A830B581B00400A00378
S3150804E77014D530480068002801D1162000E00C2082
S3150804E780FEF7C0FA3148806E0007C10F30480170A1
S3150804E790082030490860C003244908602E4D2868BB
S3150804E7A0000406D5FFF7ADFEE861FFF7AAFE174990
S3150804E7B00860A00727D58020C0021C490860FCF71A
S3150804E7C026FE00281FD0254A1068C0B2002802D0A9
S3150804E7D00621234B1960810915D01C490B68012BA6
S3150804E7E0FBD949680905090D091DC900114B1B68A0
S3150804E7F0012B00D14908002B01D1182300E01A2364
S3150804E800D25EFFF7A3FE01B030BD00005C4201A84A
S3150804E810563E0000204000A800F0FF3FB84101A87A
S3150804E820044003A89C3E0000FFF3FF3F106001A8C4
S3150804E830D84000A86C3F0000FFFF0300006401A84D
S3150804E840504000A80C6000A80C5000A81C4000A862
S3150804E850D03C0000846000A8C04101A8A03E000086
S3150804E860005401A870B50822814B1A60FB239B014A
S3150804E8701B68DC0302D50020088070BD0C880019CB
S3150804E880401E00787B4DA870641C0C8045076D0FEC
S3150804E890052D05D8784E3668F60603D5022D0DD013
S3150804E8A0032070BD9604AE401E4001D1082070BDF9
S3150804E8B0052D03D1104201D1641E0C80A948486075
S3150804E8C0002070BDF3B582B008886C490978491CE4
S3150804E8D0C9B2814204D202990918491E097800E08E
S3150804E8E00021644A517093785B075B0F01933023C8
S3150804E8F0019C052C28D1194233D19478E5081E24A5
S3150804E9002C40CD0702D5250001242C430125A14E10
S3150804E910E6402E4073D0019F9F4EE6414024264090
S3150804E9203E434C0602D534002026264394788908AB
S3150804E9300D40A7080C2139402943C02525400D431D
S3150804E9402021294396705170FB2189010C6855785A
S3150804E950022123262E4008D0660302D52B40202BFD
S3150804E96001D0052082E0424B196093789B0601D4B6
S3150804E970202203E09278120702D540223C4B1A6003
S3150804E9803C4A92786B461A70C022844B1E680E4025
S3150804E99001D1154212D06E46377827263E40232EDB
S3150804E9A003D1E60207D4012606E0252E03D0212E3C
S3150804E9B004D1260302D504262D4F3E601B68194050
S3150804E9C02026019F002F1CD11E4027D0294B5B7897
S3150804E9D01A40402A13D00C221A40042A0FD02A07B8
S3150804E9E03BD40122002902D0E100CB0F5A406946E4
S3150804E9F00978CB07DB0F1A422FD021012AD4072026
S3150804EA0034E0022FE2D11E4008D00029DED1CC23FF
S3150804EA102B4003D16B461B785B0601D5032025E002
S3150804EA20A30311D59C4E73691B051B0D5B1C366825
S3150804EA30F60205D5994E36683607B60F9B1B5B1E3C
S3150804EA409BB2052B04D1C1E7029B1B78052BBDD0CD
S3150804EA5006200BE08021064A1160E90702D4401C0F
S3150804EA6003990880AB4803994860002004B0F0BDB8
S3150804EA704C1002A8183E0000480002A8343E0000C4
S3150804EA80F2B587494978CA0705D4009A12888018C6
S3150804EA90401E037800E00023FB229201106802243A
S3150804EAA09D4D2E68F60611D512695340DBB2002B2C
S3150804EAB003D16E68D30973402340002B03D00202A6
S3150804EAC004D40A20F2BDE206944E3260744A1E0249
S3150804EAD0C0230B403343914E336093785E07760F19
S3150804EAE0022E06D16D682C4003D1002000990880B7
S3150804EAF0F2BDA0250D409E08102737402F433D0937
S3150804EB000E0702D42E0010253543CC240C401A26B1
S3150804EB102E400A2E04D1CC2C02D02E00FD253540D9
S3150804EB207F4EEE40F60705D4000416D5412B10D1C6
S3150804EB30082912D17B48E8401121014021432020AD
S3150804EB40084310700D210140009808D000F0AAF877
S3150804EB50F2BD0B2B01D10029ECD00720F2BD00F041
S3150804EB601FF8F2BDB534000038B50C006E490B78B1
S3150804EB701A0953399500491925881B071B0FEB1ADF
S3150804EB809A1A8018FEF75CFD010002D1200000F0F5
S3150804EB9007F832BDF300A3E3981440684C0002A8B2
S3150804EBA0F8B50400614805683D4F3878D0263042E8
S3150804EBB002D00D21014005D008205D490860EF20E8
S3150804EBC0FEF7FBFC39782000314204D00909397074
S3150804EBD000F068F8F2BD0521294020D00288FB21FF
S3150804EBE08901CA60534BEC0705D5521C0280690695
S3150804EBF007D4514B05E043242C40422C03D1521C24
S3150804EC00028043600DE01022494B1A604B4A09689A
S3150804EC108B00DB0F190111638021090311600021A0
S3150804EC2001800020F2BD0A888018401E00788306F9
S3150804EC3001D4121D0A801822024004D008885208FA
S3150804EC408018C01E088039480068C00702D508889D
S3150804EC50401C08803848486000207047334A1368C7
S3150804EC60DB0708D51268920705D40A888018401E5F
S3150804EC70007804280DD110202D4A10602F48FB2255
S3150804EC80920112689300DB0F1A01026380221203B1
S3150804EC9002600020088070470C4000A8080001A8FC
S3150804ECA0183E000031B581B025490020009008229D
S3150804ECB0244B1D7802230C24254202D10022224922
S3150804ECC003E02C40082C00D10222EC0703D50C00E3
S3150804ECD01E21614000931D4207D01449096809069C
S3150804ECE001D51A4901E00021C943019B184C21604A
S3150804ECF01849FF248C70009C15012543CD700870B3
S3150804ED0018880099401880181880134858600020FD
S3150804ED1036BD000071360000480002A8481002A853
S3150804ED200D0F0C0D071708504B3F00004C0002A8A6
S3150804ED304C2002A8173800004D3800001C1002A801
S3150804ED40DE1B2501183E00002084100000FCFF018C
S3150804ED50F43E0000483F000059370000183E000002
S3150804ED6021340000393400003934000039340000F5
S3150804ED7039340000393400000000000000000000A7
S3150804ED800000000000000000393400003934000097
S3150804ED90393400002D2B0000393400005F2C0000A4
S3150804EDA06F2C00009B2D0000FD2D0000872E00000F
S3150804EDB00D300000B12E0000BD3000000D2F0000FC
S3150804EDC05D2F0000D52F0000753200006D3300005A
S3150804EDD0312C00001F280000CD2300003934000020
S3150804EDE0C928000039340000052A0000C929000092
S3150804EDF03934000039340000452A0000393400004B
S3150804EE00393400003934000039340000393400003C
S3150804EE10393400001F12000015120000904880685B
S3150804EE20000200D4704780B580208002AB49086090
S3150804EE30CF2000F051FA01BDF8B58A4800688A4C1B
S3150804EE40802292032260FB26B601316809051DD586
S3150804EE50110BA023034001D0216017E002403FD1E3
S3150804EE608027824A1760824A1760084038D07C4D4A
S3150804EE70287A400705D501207E49086000027E49A4
S3150804EE8008602878002801D0062801DB0020F2BD96
S3150804EE9000F07AFB716889684E682978052907D1D4
S3150804EEA0B905A1606E60B668CC218901724A116001
S3150804EEB000F073FB012E00DA0226BC20800588497F
S3150804EEC00860942080058749086068480021C9437A
S3150804EED001647142416484490F6040210160D5E7A9
S3150804EEE082480160FFF79AFF0120F2BD5D48016878
S3150804EEF0890504D5C06E0004000F022801D000203D
S3150804EF0070470120704738B580245848046000F0DB
S3150804EF103BFB05007648006800F068F9280000F015
S3150804EF203CFBFFF77BFF4E48007A000705D5A00097
S3150804EF304D49086000F03AFC31BD60036B4908602E
S3150804EF40B148046031BDFEB50500CC20800169498D
S3150804EF504860012668480660FFF7C8FF00287DD088
S3150804EF603F4C2078002879D031020195052802D033
S3150804EF702A460A4072D1CC27BF015E4A17608D4AD9
S3150804EF80126881231B02134001D0032301E05307AF
S3150804EF905B0F022805D1022B5ED3080136490860A7
S3150804EFA0F7BD4D01032804D1022B55D93248056013
S3150804EFB0F7BD042802D111404ED0F7BD05284BD120
S3150804EFC00198002848D0C005C10F684641700198C9
S3150804EFD0C004C10F6846017000F0D6FA0290606852
S3150804EFE069464978002903D006688021204A1160B9
S3150804EFF02C0486496A461278002A0CD0C2680B6823
S3150804F000D21A834B1B68234001D0066800E0466881
S3150804F010964200DD1600684640786A46127802432E
S3150804F02008D008684242B01E824202DA70428860FA
S3150804F03000E00026029800F0B0FA0198800501D590
S3150804F040964804600198054001D095480460002E4E
S3150804F05002D009480760F7BDFFF755FFF7BD000062
S3150804F060203E0000440002A8442002A80CC001A8BF
S3150804F07090E001A8C4D000A8145001A838B580248B
S3150804F0808848046001201C490860874D28780528AB
S3150804F09002D0600085490860FFF728FF002812D0CF
S3150804F0A013480068000A80214140A868000EC9B2C6
S3150804F0B0814208D23F4800684007400F022802D21E
S3150804F0C0FFF721FF31BD7A480168C0220A4002D100
S3150804F0D0C06F204001D00448046031BD1C1002A84A
S3150804F0E008E001A808D001A894D001A8441002A8F1
S3150804F0F018C000A8106001A8C4E000A8F1B582B041
S3150804F1000F00A020384003D0802080006A494DE0D3
S3150804F11000F03AFA009067480468F80202D5A06835
S3150804F1200069029000F0ABFB80210903606800F0D7
S3150804F1307DF926780020761C6178B14200D2002633
S3150804F1401821714365180C3529780829F3DA2670CD
S3150804F150A56055492A780A70BA0507D5554800683E
S3150804F1608068C068FA0201D40322904388600127A4
S3150804F170384003D100F0A0FC01F004F9F9046869E9
S3150804F18000F054F93C2000F0A7F8F0B200F0A4F817
S3150804F19060884A4901406180009800F0FEF9380504
S3150804F1A04549086046480760380246490860029897
S3150804F1B0FEBD0000184001A810B543480068800544
S3150804F1C001D4FE2010BDC02080034049086000F029
S3150804F1D0DBF9384909688A78D20702D589688C78B0
S3150804F1E000E00C7800F0D9F9200010BD314909680F
S3150804F1F08A688B78DB0704D5927818235A438A18C9
S3150804F2000C32906070470000100002A848C001A89C
S3150804F2104C0002A8F1B582B02D4F3C680026200F99
S3150804F220000702D1E00102902AE001F0ABF800F0F1
S3150804F230ABF9019080210903606800F0F7F8257896
S3150804F2406D1C6078A84200D20025E80020180C300E
S3150804F250009000680290802109030098406800F035
S3150804F260E5F83D2000F038F8E8B200F035F82570E6
S3150804F2700098A060019800F090F902A801F0DCF863
S3150804F28014480068800407D5F86901F0CCFD029992
S3150804F2900818029000D502960298FEBD4C1002A8E2
S3150804F2A04C2002A894E001A8203E0000146001A89E
S3150804F2B014C001A8C43E0000442002A8FEFF0000B2
S3150804F2C0C0E000A8106001A8440002A8441002A8DF
S3150804F2D0C83E0000FC0302A849490968002901D56B
S3150804F2E0484908607047F3B581B0474FB968474C39
S3150804F2F04A0057D50125090100D521250100444AAC
S3150804F3001068566822689206920E94463A689300E4
S3150804F3108022134062461343802252001A43009205
S3150804F3200A0023D0890601D5012008E0F02101400E
S3150804F33007D16946097A0C220A4002D0022000F055
S3150804F3404AF83449096809040AD53968090701D508
S3150804F350022605E03968490301D5002600E003269C
S3150804F3604835009A2C490968890003E0009A2A4915
S3150804F370896B09094023194011430207120F032A0E
S3150804F38005D12268120904231A4032431600802242
S3150804F3905200002E02D0164326660835216602431B
S3150804F3A022662566E06D4407640F00F0D7F8A007C7
S3150804F3B00BD0052C09D0B868000406D400F0E4F88C
S3150804F3C00221164A116000F0E8F800F0D0F800208F
S3150804F3D000F001F8F7BD0E490A68F0239A430001C4
S3150804F3E010430860C0B270478020C0020C490968FF
S3150804F3F0890701D10B4900E00B49086070470000F2
S3150804F400500002A8884000A8480002A8284000A87E
S3150804F410683F0000684101A8184001A8D4D40350E5
S3150804F420844000A8486000A8485000A880B56F4AE0
S3150804F430116001F023FDFFF7D7FF01BDFEB5FB25DB
S3150804F440AD012878000604D5287F002801D01824A1
S3150804F45000E0462400F098F802906548C068400524
S3150804F460C20DD52A01D2D52204E0D1204000824219
S3150804F47000D90200100001005E4B01932B6B5B015F
S3150804F4801DD55D4B00931D1D5C4E367806277E43BD
S3150804F490AA530025019B1B7CEB40DB070CD5009B7C
S3150804F4A006266E439B199B888FB2BB4200D219006D
S3150804F4B086B29E4200D218006D1C022DEAD389B288
S3150804F4C0091909044E4B0B40001BC005C00D18430F
S3150804F4D047490860C02000064A4908604548017D36
S3150804F4E000290CD04849D52A02D98023DB050B60AC
S3150804F4F0D1235B009A4202D280231B060B600021AB
S3150804F500424B19604188002900D10280029800F014
S3150804F51044F800F071FDF7BD80B53D483D490860E3
S3150804F5203D48C1680902090A192251434160052167
S3150804F5300160FFF783FF01BD80B5FB2080010178D8
S3150804F540090604D5007F002801D0FFF777FF324863
S3150804F5500068C00301D5FFF771FF01BD8020C00212
S3150804F560224908602D4800684007FBD4704780206C
S3150804F570C0022B490860704701E02A4908602A49F5
S3150804F58009680140F9D17047284800682021284AAB
S3150804F59011601021274A116070473021014002D1B9
S3150804F5A0102023490860704720480068302101402C
S3150804F5B0102901D101207047002070471E480121F7
S3150804F5C00160C160704701201C49086070471C48E7
S3150804F5D000780621014007D01A480068022803D09B
S3150804F5E0032801D00120704700207047441002A860
S3150804F5F07C400050743F0000443E0000403E00003A
S3150804F6000000FF01A0600050A450005018E000E07C
S3150804F6107F1A0601540002A810E000E0440002A87C
S3150804F620442002A8282002A8280002A8600002A8EC
S3150804F630602002A8601002A8789001A884A001A8F6
S3150804F640A43E00006C3F0000F8B5634880214902D7
S3150804F650C1610221614A51600021614AD162614A4D
S3150804F660118003215D4A1160022101605E4DCC01BF
S3150804F670A868204010D05A480068F02109050140BE
S3150804F68090200005814207D00220584908600120CD
S3150804F69001F018FC5648046020205649086080206A
S3150804F6A055490860CC20800154490860012454480F
S3150804F6B004602E683004070F52480068C505ED0D2E
S3150804F6C0103DC0202843C0B2FFF706FE4448C06B6D
S3150804F6D0800309D5092F07D0FFF779FF002801D041
S3150804F6E003F0F9F801F028FA3007000F00904648AD
S3150804F6F006680098032803D0022806D1032F37D0BA
S3150804F70000F05EFA0098032803D0062F30D1062DA0
S3150804F7102ED03E480068C00B204001D001F004FDFD
S3150804F7203B480068000108D5052D06D1012539484E
S3150804F73004606005FFF720FF00E00025310038006B
S3150804F74000F078FA0600002D06D000F01FFC3248B7
S3150804F750046002203149086060052F49486580091C
S3150804F7602F490860FFF733FF002801D003F0A1F8FA
S3150804F7701A4821040162002F08D1022141600020A1
S3150804F7801749C863C020C0001C4948643000F2BD4C
S3150804F79080B5FFF7E3FEFB2080010078800602D4DB
S3150804F7A0022020490860FFF7E2FE01BD02201E4937
S3150804F7B008607047802000061C49096801400AD081
S3150804F7C0C10D1B4A1278920701D51A4A00E01A4A53
S3150804F7D011601A49086070472C1002A8282002A84C
S3150804F7E00C0002A8503E0000B00002A86C1102A842
S3150804F7F0B82002A894E001A80CC001A8146001A8C6
S3150804F800C4E000A804ED00E0B44000A800E200E06B
S3150804F810F03E0000645000A8646000A82C4000A8CC
S3150804F82080E200E0081002A8082002A8440002A802
S3150804F830703E0000FC1302A8FC2302A8442002A878
S3150804F8405A480068800700D4704770B59448012167
S3150804F8500422BB4B0C02E025ED0086682E4002D03C
S3150804F8601C601A6119610068054002D01C609A6020
S3150804F870996070BDBF48012181600160704710B569
S3150804F880012088498A680240FCD1BB4A04231361D3
S3150804F8900C680440FCD193600002106010BD8249D4
S3150804F8A008680122104200D1704710B5E023DB0036
S3150804F8B00340FF24A41CA34204D3C04B1B689B0625
S3150804F8C000D54868024001D000F044F910BDFEB5E1
S3150804F8D00700764E30683F21884375490978014305
S3150804F8E03160FFF7DCFF734880214903954C0825EE
S3150804F8F0954A1268D20504D525600322B2620160CE
S3150804F90006E0C822B2620622904B1A60904A116039
S3150804F91000978909C16000980068984FB9688142C0
S3150804F92001D2019100E001900199401A00990860FA
S3150804F9300121009800F0FAFB060000980068019976
S3150804F940401800990860FFF77BFF8D480068386007
S3150804F950002E13D1002060627B480168C90501D4D2
S3150804F960102161620068284001D0256000E06560C6
S3150804F97095480068400001D5680260623000FEBD03
S3150804F980FB208001017809060DD5007F00280AD0DE
S3150804F9908A484168C90606D40068A0210140481E61
S3150804F9A08041C00F7047002070470000500002A82D
S3150804F9B080B5FFF7E5FF002803D00021042001F0F5
S3150804F9C047FC01BDF1B581488149C860EE20C004F1
S3150804F9D00860804880490860FFF7D2FF002803D0F2
S3150804F9E00021042001F034FC7C4C8020C0012060F6
S3150804F9F008277B4887650125754845641D2078498D
S3150804FA008862784E9B204000B061072001F05AFABC
S3150804FA100220734988624C490A68D20603D570499C
S3150804FA20714A0A6008E00F220968394002D0310099
S3150804FA30103101E0310014310A606C490968002963
S3150804FA4000D4B761E32109013160C021C900684ABD
S3150804FA501268F823DB01134001D1F16201E05C4A24
S3150804FA609165216C294008D0616BC90705D46149A1
S3150804FA700968084001D101F009FC0020C0435E4929
S3150804FA800860606B054001D1FFF7DAFE009801F0C3
S3150804FA9007FA606B8001FCD4606A58490860F1BDB6
S3150804FAA0900102A8940102A8783F00002C8001A8BE
S3150804FAB0523E0000981002A870B5FB208001017818
S3150804FAC0090606D5007F002803D00021052001F089
S3150804FAD0BFFB4B4801683F2291434A4A12780A43BE
S3150804FAE002603E4848490122436B134001D10A6328
S3150804FAF08A62972252000A6010220A60434AE22365
S3150804FB001B019366424BCB610021424B196080234B
S3150804FB105B00072408210C4D2E680E4005D0946717
S3150804FB202C68234006D1916704E0D4672C682340E7
S3150804FB3000D1D1670323136011630903016070BD03
S3150804FB40881102A8601102A8FC0302A80C9001A857
S3150804FB50982002A8F02109012F4A116001402F4874
S3150804FB60016020202E4908602E4909680840BF49CB
S3150804FB7008607047902102A8882102A8A03F0000C7
S3150804FB80340002A82848294982680A4002D1C26872
S3150804FB90114001D00F49016012480821A64A13688A
S3150804FBA00B4000D081611178C90602D58C21090160
S3150804FBB001601420AE490860E9E10000440002A887
S3150804FBC00448054908607047EC0002A8000FFF00C6
S3150804FBD0242102A801200000706201A8100002A8CE
S3150804FBE0C01002A8501102A8BD03000028C000A82E
S3150804FBF0A88001A8283E0000B46000A89C3F000025
S3150804FC002C8001A8533E0000682102A8E82002A817
S3150804FC1010100000C00002A8586001A8585001A896
S3150804FC20482002A8184001A8704201A80080008054
S3150804FC3070470000F8B586B005000C008D480068CA
S3150804FC40400102D52000402404438B48C66AFFF7C6
S3150804FC509BFC0590B00503D588480068FFF7C6FAEB
S3150804FC600020019001237006C00F0290844A91680F
S3150804FC7000209060B8204000824E30606608B820A4
S3150804FC8030401278F0261640402E02D10200402059
S3150804FC9010430D2D02D10A00042111434A0704D545
S3150804FCA002001420104310229443774A12686D46C2
S3150804FCB02B70D20506D580225200744B1A600200B6
S3150804FCC001201043029A002A11D10C220240082A64
S3150804FCD00DD00200684B9B6BDD0601D41025AA43A0
S3150804FCE09B0601D420239A43B12313404FD06A4676
S3150804FCF01278002A4ED0A34A956B966D01236D0798
S3150804FD006D0FAD1DAB40F504ED0C5B1B9BB2082BC8
S3150804FD1009D280200623584D2B6043029A4D2B6046
S3150804FD2000236D462B708123034036D00823029D99
S3150804FD30002D00D113620D000821294310239C438A
S3150804FD4004231D05954E3560DD04954E35606D46D4
S3150804FD502D78002D1ED0062B25D3464DEE6CF606BF
S3150804FD6021D5904E3668360E01966D69ADB28D4E24
S3150804FD70F66B360603D02E0080256D0135431561D2
S3150804FD802D121561404A1268D50592D40BE0082253
S3150804FD907C4B1A620491009032E000BF27A3450603
S3150804FDA0ED0E5B5DD3E7049100903348026B7D4901
S3150804FDB00968744D2E686F463E81282616401E43F0
S3150804FDC0930CDB0133431600120E324010263240E0
S3150804FDD01A43890040231940114302AA9170406BC3
S3150804FDE0000A02A9C870FFF7E7F902A90871019881
S3150804FDF048716D480068C8800298E8660398E86602
S3150804FE000598FFF7CAFB0825600601D5634885608F
S3150804FE10FFF7DDFB002805D064480078002801D0E8
S3150804FE20634805600498C1B20098C0B2FFF75BFA4C
S3150804FE30200007B0F0BD0000F84F000003010706D4
S3150804FE400301070605010606050106060302070659
S3150804FE50030207060502060605020606081A03D261
S3150804FE60544909684018401C70470000481002A805
S3150804FE70703F0000084000A8180002A81CC000A88B
S3150804FE80683F0000B46000A81C0100AA1C2100AA4F
S3150804FE90F8B5494F494E0F24012549494948806B0D
S3150804FEA0C0061BD5012008704748006847490968F9
S3150804FEB0FFF7D4FF316F4018012858DB01F08EFA9A
S3150804FEC043490968090B0C40022C4ED16905414A7D
S3150804FED01160102139643B490D6046E03948006CCD
S3150804FEE0C0001FD53C480068E021890501403ED082
S3150804FEF0374D28682103014080208001814236D18C
S3150804FF00FFF742FB354A36490968C90502D535491A
S3150804FF10096811602968090B21400229F3D0FFF703
S3150804FF203CFBF1BD30480068002820D001220A7045
S3150804FF3000F0B6FF00281AD101F050FA24490968DE
S3150804FF40090B0C40022C10D102213278D20705D5B0
S3150804FF50264A12680A4001D01A4A1560CA031D4B7C
S3150804FF601A6039600021204A116001F03BFAF1BD9C
S3150804FF70802080041E4908607047802040041C497C
S3150804FF8008607047540000AA141100AA00BF194853
S3150804FF900168490701D0FF2141617047441002A84E
S3150804FFA04C5001A8184001A8448001A8D03C000080
S3150804FFB0845000A838C001A8082002A8703E000092
S3150804FFC0553E0000100002A81CC101A820C001A8C3
S3150804FFD0B00002A81C1002A84C4001A8800000AA80
S3150804FFE0084000A8904000A82C3E0000F03E0000FF
S3150804FFF03C2002A80C4000A83D480068000217D51A
S315080500003C4801680BA2008ACA384009105C0818E2
S3150805001040B2082801DB401F02E0002800D5401D34
S3150805002035490A68354B13400006801118430860A0
S315080500307047000002010000FFFEFD00FF2807D0FB
S31508050040032805D22E490978C140C807C00F70474D
S3150805005000207047F0B5802000020821294A116062
S315080500600A230121284A01249C40044329A5ED5C5D
S3150805007025439560F025254E3560224D28A6F65C64
S31508050080022737432F6004262E60214D2D680D4023
S3150805009006D1CD026D1E03D0966C3603FAD401E05F
S315080500A00220F0BD956CD66C6D036D0BAE4200D281
S315080500B020005B1ED7D50823144C23609060AC4BF3
S315080500C01B685B0112D5AB4C63785D1C01262E4077
S315080500D066701D000626754365191268AA80E880AC
S315080500E02370074802789940114301700020F0BD36
S315080500F0500002A8643F0000F80302A8FFFFE3FFCB
S31508050100843F0000889001A8448001A888A001A81A
S31508050110140002A8000000010102040810202000AE
S31508050120505050404040403020202000F1B584B062
S31508050130914C92484068C00516D5606AE021C90009
S315080501400840884210D1AA48006E0004000F8C4961
S315080501500A68D20601D5072804D00968C90603D452
S315080501600B2801D1002001E1FFF784FBA14840696E
S31508050170400101D401251CE09F48826B00207D497A
S31508050180C3B206256B43CB189B8895B2AB4204D000
S31508050190401CC3B2022BF3D3FF20087001259548EE
S315080501A04069400105D50878FFF748FF002800D0C3
S315080501B0002592485021405C000608D58D480078F0
S315080501C0002804D08B484078002800D10125E0692D
S315080501D002906A480068E061894E04980068316DA6
S315080501E04718012F16DB00F0D2FD3060C001381A1A
S315080501F001280FDBFFF743FB00F0C4F804980068F5
S31508050200316D401800F04CFE002803D00021049AF1
S31508050210116010E07B4FC020C000386020680728B1
S3150805022032D005210840052808D021600C2000F0A9
S3150805023049FE002802D00299E16197E0724EFF2037
S315080502407A3070620420B062FFF719FB022030602D
S31508050250E020C0046D49486080208004786002204B
S315080502603860012000F02EFE802080007062022092
S3150805027000F028FE8020C00070620820B0620220C7
S3150805028000F020FE0220B062614EE0204000F061D9
S315080502905A480078C00705D5802000065D490860DC
S315080502A040083060042000F00DFE019000284BD16F
S315080502B002205649086080027064C00170641020E7
S315080502C04D4908600120B0674C4F4948006840060B
S315080502D01ED448484069400113D526480078694622
S315080502E0087068460078FFF7A9FE002809D0214856
S315080502F069460978062251434018C0883E4908646C
S3150805030006E001203873FFF7A5FE019000281BD1EA
S315080503100120394908600020C867022000F0D2FD8F
S315080503203C4E4020F061C030F0613878C00705D5ED
S31508050330C020000630603048006CF881022000F0C5
S31508050340C1FD8120C0027064002D05D028480068CB
S31508050350800101D4FFF7F0F8E069E021490301407F
S3150805036002982D4A02400A43E261019805B0F0BD9C
S31508050370F03E0000403E00005C0102A8F80302A812
S31508050380B04301A870B5FFF775FAFFF778FA234C5D
S3150805039023480068C00509D5E06F000B0F210F2219
S315080503A00240072A23D001400B2920D002251248EE
S315080503B005601C4E0820B062C0017062012000F07D
S315080503C081FD2802706235600620B06216487062A3
S315080503D0E0204000154908600C4805600021144ACC
S315080503E01160C021C900016020681249086070BD06
S315080503F0500002A8DC3E00000C8001A8703E0000F3
S315080504008C3F0000981002A85C1102A8982002A843
S31508050410109001A810A001A8FFFFE3FF340002A869
S31508050420FC0302A85C2102A8F96100002CA001A81A
S315080504305C0102A8943F000070B50600FFF71FFA95
S315080504402848C021C900284A1268F823DB01134049
S3150805045001D1C16101E0254A116025498022520072
S31508050460244B1C68144003D008240460032001E0CB
S31508050470AC20400088641868024001D10A2008604B
S315080504801D488021490301608909C1601B4C6069C3
S31508050490AF21C90145183068854200D30500401BC0
S315080504A0306000213000FFF741FE31684919316097
S315080504B013490968216070BD80200001114908604B
S315080504C0000111490860704710B50400FFF75CF88C
S315080504D00E490A680E4B13401C430C60FFF75DF87E
S315080504E010BD0000601102A8AC8001A87C2102A8F5
S315080504F00C8001A8FC0302A8981002A8903F0000EA
S31508050500340002A8441002A8685000A83040005AD2
S31508050510FFF8FFFFF1B584B0E020C000FFF7D4FF70
S31508050520B04800680190B048006BAF21C901401872
S31508050530AE490978C90708D40499884205D2081A24
S3150805054000F0AEFC002800D016E2A94C6068C0078A
S3150805055000D511E20425A748C562A803A6498862FD
S31508050560A248006D0090A06B8607B60F032E03D030
S315080505701020A049C86223E00846E9038162E16BB9
S31508050580890601D5012053E00099090610D5E26BC5
S3150805059002210A400CD1994A05231360E36B1027FB
S315080505A03B401943116000211160A16B090A1160CE
S315080505B0C562E06B002803D5E8038E4988620026E4
S315080505C0A06B284004D0A06BC000A901084003E031
S315080505D085488068C10701D5FFF7BCFA012000994F
S315080505E0014008D0BE49B2018918096AC904C90C6F
S315080505F0491EBC4A11600021BB4A13681B0403D572
S31508050600926F002A00D40121C0208000B74A5065A0
S315080506103202764B1B78DB0701D4002901D001008D
S3150805062000E01100B24B1960B04988655A60002090
S31508050630216C942292050A40110000D001216A46D0
S3150805064011706E026F036946097801432CD0CB48B1
S315080506500078C0210140402902D1FFF799F801E049
S31508050660FFF7A4F8202020606846007800281AD0ED
S31508050670A06B284009D028035F4988620220C04933
S31508050680086000F0A1FA002805D05A48C5625A48FC
S315080506908662BB48076055485021405C000602D56E
S315080506A068045449086067E16068C007FBD4E80335
S315080506B05149C862FEF752FF8A48406E216C394097
S315080506C008D1C00606D5FEF75FFF0221AD4A1160BF
S315080506D0FEF763FFFEF74BFFA8022060C020000661
S315080506E0A949C860A803A9490860A06B4007C10FB6
S315080506F0684601700198C00700D4CDE000F06EFE8B
S315080507000290FEF75BFF206C40040DD400BF00BFC6
S3150805071000BF00BF00BF00BF00BF00BF00BF00BFCE
S31508050720802000069A490860FEF74DFF029800F0FA
S3150805073059FEEE20C004AD490860934846629549BE
S3150805074003220A647F224A644222019BDB0501D4FF
S315080507500A6000E002600646A020B06008208B49C2
S315080507600866A3480560206CC0025BD5A1484168A8
S315080507700A0B0F2313401A01D21A09090F250D4032
S3150805078051190F3901D1002200E04A1E82A55B00E6
S31508050790EB5A0193102945D313490D88E72D41D303
S315080507A095235B009D42019B9C4608D895235B00D3
S315080507B05B1B1B0965465D43AB0A5D4205E08E4B2F
S315080507C0EB181B0965465D43AD0A6DB252190B6BED
S315080507D09C46CB6B5D4363465B190B63B32A0FD304
S315080507E0B32210E0FC0302A8743F0000703E000027
S315080507F0100002A81C2002A81C1002A8E40000AAE2
S315080508000F2A00D20F227D485043C00C7C49784BED
S315080508101960411C09030301C01A1018401C000180
S315080508200843B066714D7748A864C0208001F0601A
S3150805083056487549416775498167F020000168651D
S315080508407809B0610A2000F03DFB82204002B066B7
S31508050850C4200006F060C02040016D4908600120EB
S3150805086000F030FB0120F060062000F02BFBF76056
S31508050870082000F027FB7802F0604008F060400881
S31508050880F060C000F0604000A864032000F01AFB81
S3150805089078005749086004E05E4A4021002001F0C7
S315080508A015F80020C0431149086000F070FA9B4E00
S315080508B0401DC001316B47188020C00198494D6F0E
S315080508C00540984908600498874214D2316B401A46
S315080508D000F0E6FA00280DD0934805604CE000BF05
S315080508E00C0000AA204000A8684101A8B46000A829
S315080508F0085100A8049F8D482349C860012000F0C7
S31508050900E1FA606AF06280204000204908603800F4
S3150805091000F0C6FA864F3878C00703D58C204005FF
S31508050920FEF72AFE68460078002806D17C48006846
S3150805093078678020C0037F4908607B4805602B4897
S3150805094002218164C02189018164606A70626846F2
S31508050950007800280AD0012000F0B4FA5020385C47
S31508050960000603D58020000396490860206CC0025E
S3150805097002D520480068306305B0F0BDF03E00009A
S31508050980685000A8D4E40350601102A8B81002A85C
S3150805099004500950600102A8000000000004000880
S315080509A00008010C01100218021C0324042C04304B
S315080509B00534000080B55E490978C90701D50028C0
S315080509C003D0C0208000FFF77FFDFEF7DDFD9549C2
S315080509D000220A600A22CA61FEF7DFFD9248C02195
S315080509E0890201609149416001BD0000242102A8E0
S315080509F0C82102A8F83F0000D6FEFFFF8988000037
S31508050A00F0F0000004040000020300000004FF00E3
S31508050A10B05101A8050700008548806B800300D4FE
S31508050A207047F8B583480068009000240020012621
S31508050A300099314001D0C02080017F4902220A6011
S31508050A40086408277D4807607D480068C00403D404
S31508050A507C4800683840FBD07B4D344868650420DF
S31508050A6000F030FA8820C00468650098304027D021
S31508050A70F005686580006865012000F023FA6E6553
S31508050A80F00368654002686500F0A8FC0600FEF7F5
S31508050A9095FD6748006C40040DD400BF00BF00BF34
S31508050AA000BF00BF00BF00BF00BF00BF00BF80205A
S31508050AB0000666490860FEF786FD300000F092FCE0
S31508050AC0634E0098C00501D5376000E03460746050
S31508050AD0C02000066865C00C5E490860012000F064
S31508050AE0F1F9F0200001E8665B480099C90502D5C9
S31508050AF00321016000E0046086204002574908602A
S31508050B00574868652F60A020286534647464B80260
S31508050B1047490860000153490860F1BD743F000064
S31508050B2020C001A894E001A894D001A802400000BD
S31508050B30703E00001C1002A8F8B54B4800680D2742
S31508050B4007400424002F00D10427484810256603CA
S31508050B500821474A474B1B682340126814D0426050
S31508050B60394004D00220FEF736FC434806603C406F
S31508050B7007D042480068054340480560B0083E4925
S31508050B80086002203E4915E00260394005D002207A
S31508050B90FEF721FCA002384908603C4006D03748D4
S31508050BA001680D43056070093349086034480660D5
S31508050BB030032C490860FFF72FFF00210020FEF7B8
S31508050BC092FBF1BD1C2002A810B580202D490A68A4
S31508050BD002400AD02C4B1A680624144005D15C6ECF
S31508050BE02A4A22401B6D9C0101D5002010BD0968C3
S31508050BF008400DD02648824203D1180501D50120A3
S31508050C0010BD24480068C107C90F481E8041C00F9A
S31508050C1010BD214803210164A821C1631021016083
S31508050C2070470000D80000AA442002A804000080E6
S31508050C30100002A8FC0302A82C1102A8106001A83E
S31508050C40D84001A8104001A8182102A80460095037
S31508050C50600102A8B06101A8548001A8C82102A8AC
S31508050C6004340000482002A8B44000A8E83E000065
S31508050C701CC101A8480002A8441002A8683F000044
S31508050C80685000A8440002A814C001A81F1F000048
S31508050C90010C000030C101A8082002A86C480068AC
S31508050CA00121084209D16B4A12686B4B000C1840A2
S31508050CB0F03291400B40984201D00220704700203F
S31508050CC07047F8B507000F386A461080604CE0682B
S31508050CD00A0004D16B461B8882B29A423AD2002290
S31508050CE06B461A80012502263A0013D0226832403F
S31508050CF007D000292ED059480088401C5749088036
S31508050D0000203900216156490E6080B2B84201D3E8
S31508050D1069460D805348456000E030BF206830407D
S31508050D2003D1FFF7BBFF0028F7D04D4845603900CA
S31508050D3010D02168314005D048490A886B461B887A
S31508050D40D2180A80066000202061E068B84201D200
S31508050D5044480660FFF7A2FFF2BD38B5050000F066
S31508050D603DFB0400012199204543A8093E4A12681E
S31508050D708018123880B2FFF7A4FF05008020C0014D
S31508050D803A490860200000F02DFB280032BD33489B
S31508050D9003883549096802889342F9D11004081869
S31508050DA07047FEB51238070C6946088000F016FB31
S31508050DB00190274C294D2888B8421ADA01202C4972
S31508050DC00860274E30BF02202168014006D03060F2
S31508050DD04003264908602888401C2880FFF75EFFDF
S31508050DE0002802D12988B942ECDB01217160002867
S31508050DF00DD12888B8420AD1E0686946098888422B
S31508050E0005D2002168460088FFF75BFF01E0FFF77A
S31508050E1045FF04008020C00114490860019800F0C8
S31508050E20E1FA2000FEBD10B512490A680E4B1B688B
S31508050E300C689442FAD0DB014033141A02D2886949
S31508050E402418641C0C4800684443181B10BD000090
S31508050E50280002A804ED00E0FF3F0000503E000010
S31508050E60282002A8281002A8340002A880E200E07B
S31508050E702C1002A820C001A8B43F0000F0B502E076
S31508050E800A601C602E607EC84F1C07D05F1C04D004
S31508050E906F1CF5D10A601C60F0BD0A60F0BD000044
S31508050EA010B5C409FFF773FF201A312806DAC00002
S31508050EB0183801D4C01EFDD5002010BD2000FFF747
S31508050EC070FF10BDC32148436F3801D41E38FDD5C0
S31508050ED00020704780B5FEF77EFA01208C49086028
S31508050EE001BD38B58B490C6808258B490D60FFF798
S31508050EF0F1FF2C4001D08948056031BD80B5EB204E
S31508050F0000F001F801BD30B585490B681840102277
S31508050F10134211D0834BFB24A4012468224008D030
S31508050F20B04A14682402FF252D0225401D630024B6
S31508050F301460802252031A60086030BDF3B50100BB
S31508050F4016001C0000250095A748019A33000027BE
S31508050F500BE0BC464F5D4743AE009E597E40575D44
S31508050F6047433740664637436D1CA542F1D33909D1
S31508050F7039438A080A43510811430840C109014300
S31508050F800F208A0B0A4302405040F6BDF1B582B0E0
S31508050F900E00002093490860FD25AD01EF7AA87A71
S31508050FA001900F21394000910ED00B468F4A904982
S31508050FB00298FFF7C3FF019901408A4801608D48E9
S31508050FC041438D48084001D1012400E04401380910
S31508050FD015D032003B0929000298009E6D7A7519CD
S31508050FE04019FFF7ABFF0199091101407D480268D1
S31508050FF00B0113430360002901D0480044437F4889
S315080510000068204001D10420FEBD0020FEBD80B544
S315080510100A00002111807A4952888018FFF7B6FF21
S3150805102002BDF0B50F22774B5C7905780F20204075
S31508051030C5402009284001259C79C4402C4001D18A
S315080510400320F0BDFB24A4012468254008D06E4D75
S315080510509E684700F65B761E2E608026B601EE6012
S31508051060DD78DE79C640F00711D5E0060FD5002DE7
S315080510700DD0664848600888488008881C78001995
S315080510802A4080185A7880182A09801800E0002016
S3150805109008800020F0BD10B55D4801685D4A082046
S315080510A0014200D09061C90602D58C21090111605B
S315080510B059495A4A5A4B1B681B040CD54B685C049C
S315080510C002D5C303136006E0C024A4011C404302ED
S315080510D09C4200D010600B68034005D0514B1B6835
S315080510E09B0F9B0700D01060FB2080010078C0236A
S315080510F0034002D180204005106008682021084079
S31508051100106049480068C00101D4FFF7F7FE10BD15
S315080511102C4000A84C4000A84C6000A84C5000A8DC
S31508051120703F00001C1002A8F8B5404F38687E6865
S3150805113006403F4830403F4908608024A4033E4D99
S31508051140F00228D5FB208001016801200A0605D58D
S315080511503A490968A9602870022014E0014202D0BC
S315080511603749A9600FE00020C9060CD52749A960AB
S31508051170344A91780B071B0F12789A1809095118E2
S31508051180A980E880A888A880A888002801D02643D1
S3150805119001E0FFF7B3FE264023D0264E746034607F
S315080511A0A88800280BD0396A814208D3291D264804
S315080511B0AA6890470100F3D0FFF78CFEF1BD010040
S315080511C00CD0FC218902F16120490203CA61346009
S315080511D04C603A6A824204D30C60F1BDEB20FFF7F6
S315080511E092FEF1BD303E000001010101F83E000006
S315080511F0383F00001111000021840000F43E00006C
S31508051200183F0000483F0000204000A8B322000010
S31508051210F84F0000502102A8184001A8481002A856
S31508051220684101A84C4201A8D04000A8B44000A8CE
S31508051230FFFFDFFFB46000A8343E0000C83C00008D
S31508051240C7220000493F0000D84000A8B45000A8AE
S3150805125070B505000C0000F0C1F80600FEF7AEF9FA
S315080512602002054306480560022006490860FEF780
S31508051270AAF9300000F0B6F801200349087070BDD8
S315080512800480095040900950543E0000FEB5C02020
S31508051290C004334908603348334948653348886587
S315080512A033484024046044601020FFF70BFE0028ED
S315080512B054D1FF2000052F4908602F482F4908609B
S315080512C02F4829490860A5032A4805602D48076857
S315080512D00820FFF7F7FD002840D108262A480660AA
S315080512E00120FFF7EFFD274880680190274806602B
S315080512F027481D4908601F4805600820FFF7E2FDD5
S3150805130000282BD1204806600120FFF7DBFD1D4884
S31508051310806800901D480660134D1E48286001998F
S31508051320009800F03FF88606B60E0198C10B00989E
S31508051330C00B00F037F80002FC2189010140314352
S3150805134029601048076060030A4908601248046066
S31508051350446012490164124941640020FEBD00003B
S3150805136020E000A8571400004C0102A8FF3FFF3FE4
S31508051370601102A8B42002A80000380EB41002A80D
S3150805138030300000104101A8105101A8106101A8CC
S315080513901010000020200000602102A8F703F000C5
S315080513A0FF3F000010B54904CA104004C310991A36
S315080513B000209A18D30F9A18521052188B115B0EE3
S315080513C05B18DB11D2182023541A01D422001843BE
S315080513D0CC0F611849105B08F6D110BDEFF31080E4
S315080513E072B67047002800D162B6704710B5C200BC
S315080513F018231340FF249C40E2438907090E9940A8
S31508051400030004D474489B089B00C01806E0734B78
S315080514100007000F083880088000181803681A4066
S315080514201143016010BD80B573225421002000F0D8
S315080514304DFA01BD10B5FFF7D1FF694901220A60CA
S31508051440684B694C2360694C23600323684C236009
S31508051450684C2360684B1A60684B1A60684B802491
S315080514601C601A60674A1A6011228A63FFF7BAFF79
S315080514703F206549096801400A1D402A00D2081D12
S31508051480624A1070A548017010BD80B5010011208B
S31508051490FFF7ACFF01BDFFF7A1FF050000240121F9
S315080514A060B2FFF7A3FF641C0E2CF8D301210F20A9
S315080514B0FFF79CFF01211320FFF798FF012117204D
S315080514C0FFF794FF03210120C043FFF78FFF012192
S315080514D01E20FFF78BFF4E484E49086002204E49ED
S315080514E0086001209B49086047044C4C2069384030
S315080514F0FCD02068800101D4FEF70EF82800FFF716
S3150805150071FF47480068400311D4FF22263253214C
S31508051510002000F0DBF90AE000281CD0FEF734F8B5
S3150805152019E020693840FCD02800FFF75BFF206EDC
S315080515300004000F022801D1FEF7AAFCFFF74EFFAB
S315080515400500774EFEF730F800287078E4D00028B5
S3150805155001D1FEF722F801202F493278002A05D154
S315080515607D4A1268920600D4086030BF00223270A0
S3150805157002220A6077490860D3E778480168426815
S315080515800A408048104018490860800700D470470B
S3150805159010B57D480188491C0180FB24A4012078E3
S315080515A0000617D579490A680F20120B0240032A47
S315080515B010D1774A12685207520F032A0AD80968C2
S315080515C0090B0840032805D10D20FFF78AFCE08A98
S315080515D0401CE08210BD000000E400E01CED00E0C0
S315080515E0040002A80000FF3F282002A82C1002A824
S315080515F040E002A844C002A804C001A8044001A806
S31508051600145001A8200060062C8001A8523E00004F
S31508051610FFFF9B4000E100E0602002A8500002A8F9
S31508051620F80702A8F8B55B4C206865680540904838
S3150805163005605948284007D0FDF7C9FF002803D09B
S3150805164028005649096888470121022289480078F1
S31508051650C00701D5022300E001232B408648002B4D
S3150805166010D0864B1A60864A12680A4007D1026866
S31508051670F0231B051340902212059342F3D0090265
S31508051680804A116080210D4220D0A26AF823DB0129
S3150805169013401BD0C0221201934217D880231B067C
S315080516A0894E3360A76AF826F6013E40374F3F68EC
S315080516B03F043F0F022F01D0032F03D1002E01D07F
S315080516C09642EFD3904A1360694A11608F490978A3
S315080516D006290DDACC20800128401DD0FFF77EFEAD
S315080516E004002800FDF72FFC2000FFF77BFEF1BD5F
S315080516F0806B800510D58648284005D0FEF798FAF0
S315080517002800FDF720FCF1BDA80205D5802040017B
S31508051710574908607F490860F1BD0000533E00003F
S31508051720553E000010B57C48016844680C407B4866
S31508051730046080210C4205D041607948016000208B
S31508051740FDF701FC600403D580204005754908604E
S3150805175010BD0000601002A8F40302A8280002A81C
S3150805176038B57148016844680C40E00707D5FFF7A6
S3150805177035FE0500FDF782FC2800FFF733FE6B48AA
S31508051780046031BDFFFF00C0503E0000B00002A84E
S31508051790184001A8104001A802000600CC3C00002C
S315080517A0FEB5634C206C676C074001252F4216D0A1
S315080517B02E066048066020685F490D60002802D03D
S315080517C00021FDF733FE5D480068A021C90188425E
S315080517D08041C043C00F5A4948705A480660FDF70C
S315080517E0D3FE0190022007403ED06168CEB20F0AAB
S315080517F055490822494B4403012E24D0022E31D1DE
S31508051800012F22D1514EF6780096504E377801268B
S31508051810BE404F4F3E604D4E3678760590277F047D
S31508051820F71903263E434B4F3E601C604A4B1C6026
S315080518300B68009C1B194B65444909788D40474937
S315080518400D6047490DE00090DFE7002F0AD1454EA8
S31508051850356000254D655C601C60C104424B196006
S3150805186042490A60344908600198FDF796FEF7BDB6
S31508051870106001A8703E00000C0002A86C1102A8B1
S31508051880B44000A8B82002A870B5FDF77DFE04008F
S31508051890FFF7A4FD2F490A68D2070FD52A4A566DC0
S315080518A01368334D2E60CE686E604968E9818021DC
S315080518B0C904204E3160297B59185165FFF792FDF9
S315080518C02000FDF76AFE70BDE06101A8002800D07A
S315080518D0704770B50C00FDF757FE0500FFF77EFD4E
S315080518E00600FDF76BFE234804600121224A1160B4
S315080518F0026C0A40FCD1FDF766FE3000FFF772FD63
S315080519002800FDF74AFE70BDE05101A8203E0000FB
S3150805191000104006145001A890C001A890E001A83F
S315080519200CC001A804ED00E0C0C000A8C0E000A8EE
S3150805193000C002A8441002A840E002A8404000A83A
S31508051940553E0000442002A818800A50693E00004A
S3150805195068A00A5060C101A894D001A868900A50E9
S31508051960F42302A860E101A880E200E0F41302A8C6
S31508051970603E0000008009504090095080B5FDF78B
S3150805198026FE002801D000F0B3FE01BD80B5FDF79F
S315080519905BFEC348006800030AD4FEF711F9FFF792
S315080519A03BF8FEF789F80120FFF704F8FEF7EAFC8D
S315080519B080208005FDF7E0FD01BD80B5FDF744FEF5
S315080519C080204002FDF7D8FD01BDFEB505208D49ED
S315080519D008608D4806680124264201D1FDF74AFFAD
S315080519E0FDF732FE9C49086800909C4849680160E5
S315080519F0B105CA0F69460A710025264210D0009519
S31508051A009749496801609648026896490B68981A85
S31508051A109A4202D38B69C018401CA24B9842F5D34B
S31508051A20A148056068460079002804D03100009869
S31508051A30FDF764FB009000279B480068204003D10A
S31508051A406846FDF744FF0700FDF79AFF002840D0D2
S31508051A508348407C00283CD19449814DEE680A6943
S31508051A6033689A4200D00120914A9446914A1378E0
S31508051A70062253436246D35AB446020018267243D1
S31508051A806646B2185360009A0192EA6801234340F4
S31508051A9018204343D61830680861B0680860A2481C
S31508051AA0F1680160316901627069A049086001A899
S31508051AB0FDF70DFF002806D17D497E4A12780623D3
S31508051AC05A43895A7160390007000F4301D16C746E
S31508051AD001E0002F02D10098FDF774FF9E480460C7
S31508051AE002209E490860C820C004BC4908606004F5
S31508051AF0FDF742FDF7BDF8B5994C8025EF02FDF7D0
S31508051B003FFF002808D097480078002804D13800F8
S31508051B10FDF732FD2560F1BD206CC00506D5802090
S31508051B200006206000BF00BF40082060FEF72AF8BF
S31508051B30FDF78AFDFDF780F90600A948A949086059
S31508051B40FFF71CFF3800FDF717FD002E00D02560AE
S31508051B500120A5490870F1BDF8B50120FFF795FCE8
S31508051B60A24CA34800682060FDF76EFD7820205C2E
S31508051B700521014002D0FDF70BFE01E0FDF716FE33
S31508051B80774D0227A06F384001D001202860102024
S31508051B90C043984908600026EE6397480660FDF736
S31508051BA016FD002802D000F0F0FD00E06663FDF79B
S31508051BB0D5FC92480068296C090407D4000705D5A1
S31508051BC0FDF7E2FC8E490F60FDF7E7FCFDF7CFFC54
S31508051BD0FFF761FAB804FDF7CFFC0020FFF755FCBF
S31508051BE0F1BD80B5FDF730FD2D480068000303D427
S31508051BF0FDF762FFFEF7C6FB80204003FDF7BCFC38
S31508051C0001BD00005C1102A8440002A838B5FDF71D
S31508051C101BFD534C2025FEF7D7FF002806D0606B21
S31508051C20000704D5FEF7F5FFFEF746FC2560FDF728
S31508051C3043FFFEF7A7FB734800780C2101400429EA
S31508051C4002D1FDF7A5FD01E0FDF7B0FD6804FDF736
S31508051C5093FC4020206031BDB83F00002C3E0000B3
S31508051C60CC3E000020C001A81CB5052066490860C1
S31508051C70FDF7EAFCFEF7CDFF644800680090684664
S31508051C80FEF7DAFB0400FFF779FE002C02D100986F
S31508051C90FEF740FC80204004FDF76EFC13BD0000EE
S31508051CA00C0002A801FF0000283E0000348001A8A8
S31508051CB0463E0000403E0000F8B5FDF7C5FC544C0D
S31508051CC0A56A5020284002D0FDF762FD01E0FDF720
S31508051CD06DFD234FFEF778FF00281BD1B86B40072B
S31508051CE01DD4786BE0214901014018D1A80611D405
S31508051CF0FDF734FCA56A474E354207D0FF20C04399
S31508051D002D18A56280200005A9490860FDF72FFC56
S31508051D102E4002D00120386001E000202060802096
S31508051D208004FDF729FCF1BD1C4101A8284000A83F
S31508051D3080B5FDF789FC9F480068C00501D5FDF704
S31508051D40BBFE0120FEF736FEFEF71CFB8020C0040D
S31508051D50FDF712FC01BD0000442002A8305201A877
S31508051D60100002A8DD3E000010B526480468FDF7F8
S31508051D706BFC9149096809032AD40321C00601D5D4
S31508051D80214001E0A0080140012902D1FDF700FD27
S31508051D900BE0200107D50E20FFF79CF8874804219C
S31508051DA0016008210160FDF701FDFDF778FD844C0A
S31508051DB0206984490860FFF7E1FD2068002807D0F7
S31508051DC04000122802D2FFF77DF801E0FEF7C5FFAD
S31508051DD080208003FDF7D0FB10BD0000106001A828
S31508051DE070012000B46000A8553E0000783E00004A
S31508051DF008C000A8482002A8303E0000844000A874
S31508051E00D4E40350F03E00005C1102A8CC3F000064
S31508051E10C83E000000FFFF00FEB500246A490C73A2
S31508051E200120694608700294FDF70EFC0600624F0C
S31508051E303868000300D5B5E003209F4908649F4824
S31508051E400268FF2080019E4910255F4B1B78DB073A
S31508051E5020D51207120F022A03D09A4A12682A4079
S31508051E6004D1594A5268584B5B7801E08A680B6871
S31508051E708E6A096A0091911B14225143DBB2C9186F
S31508051E80009A891A09014068081801D5019453E092
S31508051E90019051E013071B0F032B03D01204120FF1
S31508051EA0062A3AD18968426802923A6C920701D5A0
S31508051EB0806802900800FEF7B6FF0299401801D51A
S31508051EC0019400E00190B86B0107C80F03213F4A4A
S31508051ED012680A40022A1AD12E4018D03A4A126DBB
S31508051EE0D30512D5FE6B984B1E409E4202D1724908
S31508051EF00D640CE092050AD43A6C2823134006D1E2
S31508051F006B461C702A4A116001E06A4614700290F5
S31508051F1068460678002E03D10FE000680190012671
S31508051F20FEF752FE002808D0FEF773FE0298002831
S31508051F3002D0FEF7C1FA00E0002602205E490860D5
S31508051F40002E10D0214800780C210140042902D022
S31508051F50F86B054002D0FDF71BFC01E0FDF726FCF2
S31508051F60202078601EE018480078C00705D5554832
S31508051F700068054001D1FDF71DFCFDF79DFD802094
S31508051F8000060B4908600020C0437049086001A88F
S31508051F90FEF752FA0400FFF7F1FC002C02D101986E
S31508051FA0FEF7B8FA80200004FDF7E6FAF7BD00004B
S31508051FB0481002A8680102A80C0002A880E200E001
S31508051FC0AC3F00002C3E0000703E0000F03E0000CD
S31508051FD0FEB500245E490C730094FDF735FBFFF743
S31508051FE0CDFC5C4DE86E5C4E0007000F07280BD14B
S31508051FF06868002808D40020FEF7DCFC30685749D5
S315080520000860FDF7D5FC52E00120102769684907E5
S315080520100DD453490968014009D001024C4A126D8D
S315080520200A4208D0520502D42A68114001D1009007
S3150805203001E04C48076046480078C00705D52148A1
S315080520400068384001D0FDF7B5FB4748016803200D
S31508052050009A002A01D0890900E00909084001907B
S315080520600020FEF7A7FC0198002805D168680740F7
S3150805207002D1FDF79BFB01E0FDF78AFB00200099DD
S31508052080002903D139480068FEF7CDFE7169401865
S3150805209001D5009400E000906846FDF718FC002875
S315080520A005D10098FDF78EFCB0692C49086080209B
S315080520B00005FDF761FAF7BD082002A8B00002A8D9
S315080520C004C101A8B04301A8F8B5FDF7BDFA002477
S315080520D000252748466B80277F05300606D5300735
S315080520E009D5FEF796FDFEF7E7F929E001251C480F
S315080520F00068284019D00020FEF75CFC022006403F
S3150805210002D01C490C60C8611B480468002D03D021
S315080521102000FDF77FF80400FEF77BFD2000FEF79B
S31508052120F9F93800FDF728FAF1BD0F480078C021FE
S315080521300140402902D1FDF72BFB01E0FDF736FBEF
S3150805214020200B490860ECE710000010B46000A8D1
S31508052150703E0000440002A8BC3F00002C3E00006B
S31508052160B44000A8481002A8F03E00001CC101A80A
S31508052170100002A8180000AAD83F0000FFF75AF970
S31508052180024803494860FFF786F900BF3B27000068
S315080521900000000080B5EFF305800B2801D23A212F
S315080521A000E02921FF2216320020FFF78FFBFEE704
S315080521B062675F6D657373616765207265636569D7
S315080521C0766572730062676275660061636C006C9A
S315080521D06C5F636F6E6E656374696F6E006C6C5FBA
S315080521E06164765F736574006C6C5F76616C6964AF
S315080521F061746F720062675F6D6573736167650009
S31508052200736F66745F74696D65725F6D6573736107
S315080522106765006C6C5F6164765F73796E63006CE5
S315080522206C5F7363616E5F73796E63006761705F78
S31508052230706572696F6469635F616476006761706A
S315080522405F706572696F6469635F73796E63006C45
S31508052250326361705F636F635F6368616E6E656C39
S31508052260006D626564746C735F636F6E746578740C
S3150805227000000000C5210508CB210508CF21050862
S31508052280DD210508E8210508F521050800220508C8
S31508052290132205081F2205082C2205083D220508D4
S315080522A04F2205086122050862676275665F696ED1
S315080522B00062676275665F6F757400626762756648
S315080522C05F6E6F666C6F770062675F6D616C6C6FCA
S315080522D0630000000D00030002000100050001026D
S315080522E00373796E635F6C69737400030201E69D77
S315080522F0350E480103CCDBFDF4AC1191F4EFB9A515
S31508052300F9E9A7832C5E2CBE97F2D203B020008B81
S31508052310D28915D08E1C742430ED8FC24563765C40
S3150805232015525ABF9A32636DEB2A65499C80DC00C3
S315080523306C888391AAF5A53860370BDB5A6083BE8E
S315080523400000000100010005010005020203000264
S31508052350000000000002050100050000010001005B
S31508052360000100010202030002000000000002024B
S315080523700100020015930308ED8D03084D8F040827
S31508052380BB8E040851880408C58B0308118B0308FE
S3150805239069890308AF8C040807830408818F030835
S315080523A0A9840308F5820308058C0408978B040895
S315080523B03F8B04089D8A0408E98804087580030884
S315080523C0A17E0308597F03080B830408457C030887
S315080523D0BF01FB9D4EF3BC36D874F5394138684CB8
S315080523E08BD28915D08E1C742430ED8FC245637641
S315080523F05C15525ABF9A32636DEB2A65499C80DC97
S31508052400E69D350E480103CCDBFDF4AC1191F4EFDE
S31508052410B9A5F9E9A7832C5E2CBE97F2D203B0209D
S315080524203F49F6D4A3C55F3874C9B3E3D2103F5004
S315080524304AFF607BEB40B7995899B8A6CD3C1ABDBB
S30D080524402C0CFC7F01000000CD
S3110805244854240508403600200F0100004A
S315080524540000000000000000FFFF0000E80300007C
S3150805246430000000ED37010800000A50ECC50408E1
S315080524740201FFFF0203000000000000C0EA210173
S31508052484C0EA210100800000C017530280360020E7
S315080524940040170800A0000038110020C8000000F5
S315080524A4FE00000000000000A4AC0408C80A0020C9
S315080524B4FFFFFFFFFFFFFFFFFFFFFFFFFFFFFFFF15
S315080524C441DE0308B8360020B41A0020B5AB040863
S315080524D40200000059D201080000000000000000AF
S315080524E40000000000000000090A0000B41A0020D4
S315080524F43300000021D30108000000000300000092
S31508052504101B0020F836002000000000101B0020D0
S31508052514781B0020E01B00200000000000000000D6
S315080525240000000000000000000000000000000094
S315080525340000000000000000000000000000000084
S315080525440000000000000000000000000000000074
S315080525540000000043000000000000000000000021
S315080525640000000000000000000000000000000054
S315080525740000000043000000000000000000000001
S315080525840000000000000000000000000000000034
S3150805259400000000430000000000000000000000E1
S315080525A40000000000000000000000000000000014
S315080525B400000000430000000000000000000000C1
S315080525C400000000000000000000000000000000F4
S315080525D400000000430000000000000000000000A1
S315080525E400000000000000000000000000000000D4
S315080525F40000000043000000000000000000000081
S3150805260400000000000000000000000000000000B3
S315080526140000000043000000000000000000000060
S315080526240000000000000000000000000000000093
S315080526340000000095E4030871E40308000000009F
S315080526448FDA0408C1DD04080EDE04080EDE040864
S315080526540EDE04080EDE04080EDE04080EDE040883
S315080526640EDE04080EDE04080EDE0408FFFFFFFF6F
S31508052674FFFFFFFFFFFFFFFFFFFF000001004153B8
S31508052684434949000000000000000000000000005E
S31508052694000000000000000000000000000041538F
S315080526A4434949000000000000000000000000003E
S315080526B40000000000000000000000000000000003
S315080526C400000000010000000000000010000000E2
S315080526D410000000719C020800000000B1B602084B
S315080526E4000000000000000000000000555B040817
S315080526F40000000095C40208000000000000000060
S315080527040000000041C402080000000000000000A3
S315080527140000000009C502080000000000000000CA
S31508052724000000008DCC020800000000000000002F
S315080527340000000025C8020800000000000000008B
S315080527440000000009D5020800000000000000008A
S31508052754FFFFFFFF455E040804E20408FFFFFFFFC9
S3150805276418E20408F9640408F5640408FFFFFFFF82
S31508052774FFFFFFFF0965040839690408FFFFFFFF22
S31508052784C76A0408FFFFFFFFFFFFFFFFFFFFFFFF01
S31508052794FFFFFFFFCB2600000000000000FFFFFF38
S315080527A4FF000000FB780408FF7804080379040889
S315080527B40779040800000000459A0308000000008C
S315080527C400000000FFFFFFFF0400E40C0A00FFFFFA
S315080527D420000400000000000000020010000000AC
S315080527E400000000000000000000000000000000D2
S315080527F40A000100000000000A000D000000456DEE
S31508052804707479204578616D706C650002000A005C
S315080528140800303030303030303000000200050012
S315080528240300303030000000020008000500302E91
S31508052834302E3000000002000800000000000000E9
S31508052844000000000000000001030200000000006B
S31508052854010102001700FFFF0C00000000001F0419
S315080528640128010101BF8FAF7F8700370F101000BC
S3150805287404040F05140AFF0102010A0301FF0C01EA
S31108052884FF0F000049300108213001084B
S70508013C298C
