S02D00005A576176655F536F435F446F6F724C6F636B4B65797061645F536F6C7574696F6E2D66756C6C2E73333700
S315080000000810002071010008792400087F250008DF
S31508000010792400087924000879240008792400083E
S3150800002079240008792400085C3D00087924000832
S31508000030792400080C3D0008792400087924000872
S31508000040792400087924000879240008792400080E
S3150800005079240008792400087924000879240008FE
S3150800006079240008792400087924000879240008EE
S3150800007079240008792400087924000879240008DE
S3150800008079240008792400087924000879240008CE
S3150800009079240008792400087924000879240008BE
S315080000A079240008792400087924000879240008AE
S315080000B0792400087924000879240008792400089E
S315080000C0792400087924000879240008792400088E
S315080000D0792400087924000879240008792400087E
S315080000E0792400087924000879240008792400086E
S315080000F0792400087924000879240008792400085E
S31508000100792400087924000879240008792400084D
S31508000110792400087924000879240008792400083D
S31508000120792400087924000879240008792400082D
S31508000130792400087924000879240008792400081D
S31508000140792400087924000879240008792400080D
S3150800015079240008792400087924000879240008FD
S3150800016079240008792400087924000879240008ED
S3150800017008B50B4B83F30A880A4B07A1D1E900019E
S31508000180C3E9000100F07EF800F098FA00F054F890
S3150800019000F066F800F01CFAA5EDF5FEA5EDF5FEF3
S315080001A008000020081000200348044B834202D0B0
S315080001B0034B03B118477047B85D0020B85D0020AF
S315080001C000000000064B0749C91A891048BF0131CB
S315080001D0491003D0044B0BB101481847704700BFBC
S315080001E0B85D0020B85D00200000000010B5064C80
S315080001F0237843B9FFF7D8FF044B13B10448AFF38C
S3150800020000800123237010BDA45D002000000000BB
S31508000210403F000808B5054B1BB105490548AFF333
S315080002200080BDE80840FFF7CDBF00BF0000000012
S3150800023010100020403F0008064B0748DA1C121A27
S31508000240C11E22F00302994288BF0022034903F027
S315080002508FBC00BFB85D0020A85D00204C3F000899
S31508000260064B0748DA1C121AC11E22F003029942ED
S3150800027088BF0022002103F073BC00BFA85D0020E0
S3150800028010100020044B054A9A60D3F8882042F4DF
S315080002907002C3F88820704700ED00E000000008EF
S315080002A070B44FF00065AD6A03462E69864209D8D8
S315080002B06C6913449C4205D3034CA34202D870BC14
S315080002C002F003B970BC704700400408B0F5EC2F83
S315080002D070B50E46144619D2C0F5EC2300F1006538
S315080002E0934205F5004511D348B94FF000639B6A60
S315080002F0074A5969914202D9186900F0B3FA2246A9
S3150800030031462846BDE8704002F0DFB870BD00BF30
S31508000310008000087FB56FF0006200F178419142D5
S31508000320034619D26D460D4A02F110062C4610688E
S315080003305168083203C4B2422546F7D15A1E04A9A9
S315080003400F3311F8014D12F8010F844204D19A4275
S31508000350F7D1012004B070BD0020FBE7F83C000887
S31508000360F0B50368044603F16043B3F5803F9FB0D8
S3150800037031D84FF00067BB6A42681E6996422AD890
S315080003802E4B9A4227D8456B06F14002AA4252D80C
S315080003909D4250D82846FFF7BDFF00284BD0284677
S315080003A002F0B5F880B16B6973B1022B0ED1AB6957
S315080003B0C4F1040119444FF0FF32204601F0A6F8B3
S315080003C01F4BC31A584258411FB0F0BD7F6B3846C1
S315080003D0FFF7A0FF08B90020F6E7A6F150039F42F1
S315080003E0F9D8284603A902F099F80028F3D0039D06
S315080003F0AE42F0D8AC42EED8124B9D42EBD804A8D8
S3150800040001F048F921462A1B04A803F023FA04A898
S3150800041003F022FA01F04EF9044601F069F9234681
S315080004200090294605F1200204A801F0B3F8B0FAB5
S3150800043080F04009C8E70120C6E700BF00000808A9
S31508000440E320BBDE0040040870B54FF0FF3292B0DF
S3150800045005460C4601F05AF81C4B984232D14FF427
S3150800046080621B4B00219A6601A8202203F078FBC4
S31508000470184B29466846043C009303F0F2FB2146D4
S31508000480684603F0EEFB684603F0F4FB03F0B2FBA4
S315080004900646B8B940F2022000F090F9202231460B
S315080004A00AA803F05DFB0C4B294609A8099303F03B
S315080004B0D8FB09A8214603F0D4FB09A803F0DAFB08
S315080004C003F098FB002012B070BD00BFE320BBDE2E
S315080004D00090004001000543010006434FF4806286
S315080004E030B50446154B93B09A660021202201A820
S315080004F003F036FB124B21466846009303F0B1FB26
S31508000500684603F0B7FB03F075FB054698B940F259
S31508000510022000F053F9202229460AA803F020FBFE
S31508000520084B09A82146099303F09BFB09A803F089
S31508000530A1FB03F05FFB002013B030BD0090004024
S3150800054000000243000003434FF4806210B50F4BCE
S315080005508CB004469A660021202204A803F000FB0A
S315080005600B4B00940393012301930A4B694603A896
S31508000570029303F09CFB03A803F07CFB03F03AFB11
S31508000580B0FA80F040090CB010BD00BF00900040E2
S315080005900000084304000020004870470080000857
S315080005A038B50C46054680B179B100230B60074B78
S315080005B0036003F060FA01301EBF2B6843F4C043A2
S315080005C02B60236843F40003236038BD0C1200082F
S315080005D04FF480303349344A4B6E10B55066486E36
S315080005E04FF000414AF6CD345166304903F4803362
S315080005F04A6C0C6402F001024C6BE407FCD401243B
S315080006002B494C60A1F500510C6BE407FCD50AB1E7
S31508000610284A0A640028A2BF4FF00041264A5166BC
S315080006201BB94FF48032244B5A664FF04023D3F857
S315080006308420110606D44FF400621A67D3F8842082
S31508000640D206FBD401F08DFF00F0AAF808B900F035
S315080006508FF803F05DF9044658B900F0A1F808B11F
S3150800066000F096F840F2012000F0D2F84FF401703D
S3150800067013E000F095F808B900F082F800F0AAF83F
S31508000680012802D900F074F8FEE700F0AFF840F24E
S3150800069005439C42EAD140F2032000F0B9F8002055
S315080006A010BD00BF00800040009000400040094097
S315080006B0006009403254FFFF00A00040012307B53F
S315080006C08DF806308DF807304FF04023D3F8943074
S315080006D05A060FD500F0B0F8A0F2022080B207281B
S315080006E008D8C923C340DB0742BF00238DF806306C
S315080006F08DF807301B4B5B68013308D14FF4027045
S3150800070000F05CF800238DF806308DF807309DF868
S3150800071007305BB11348FFF723FE8DF806009DF8F6
S3150800072006301BB94FF4027000F048F89DF8063001
S31508000730ABB100F035F808B100F02AF84FF4803371
S315080007400721094A0748936602F52032C2F82011A4
S31508000750A2F51C329366054B986001F006FF03B0BC
S315080007605DF804FB006000080090004000ED00E022
S315080007704CF23C32014B5A80704700BF0000002003
S315080007804AF6C032014B5A80704700BF000000206D
S315080007904FF20F02014B5A80704700BF000000203D
S315080007A04AF6C030044B5B8823F00F039BB21B1A32
S315080007B058425841704700BF00000020044A08B557
S315080007C01080FFF7EDFF10B94FF20F03538008BDF5
S315080007D00000002008B5FFF7E3FF18B1024B588860
S315080007E000F00F0008BD00BF0000002008B5FFF7A5
S315080007F0D7FF48B1054A538803F00F010F2914BFE4
S31508000800013323F00F03538008BD00BF000000200A
S3150800081008B5FFF7D3FFBFF34F8F0549054BCA68E5
S3150800082002F4E0621343CB60BFF34F8F00BFFDE7CE
S3150800083000ED00E00400FA054FF20F01084B5A8854
S315080008408A4201D1188870473AB91B8840F20220BB
S31508000850012B18BF4FF4007070474FF400707047B3
S31508000860000000204FF4803208B5044B9A6601F068
S31508000870D1FBB0FA80F0400908BD00BF00900040E7
S31508000880072BF8B506460F4614461D4601D9002023
S31508000890F8BD0121202001F04FFB0121212001F0A4
S315080008A04BFB8CB144EA06039B07F0D14FF4803228
S315080008B0064B31469A66284623463A4601F00EFC10
S315080008C0B0FA80F04009E3E70120E1E70090004034
S315080008D0134610B562B103439B070BD14FF480341E
S315080008E0054B9C6601F0BEFBB0FA80F0400910BDCE
S315080008F00120FCE70020FAE7009000400A4B186840
S3150800090030B9B1F5205F0DD8012208481A60704742
S31508000910012806D1B1F5005F03D8022204481A60FF
S3150800092070470020704700BF28100020A43500201B
S31508000930A415002031B1044A1368002BC4BF03F183
S31508000940FF331360704700BF2810002002232DE9EB
S31508000950F04F8846164600278BB0DFF8C490DFF8BC
S31508000960C4A005908DF81F309DF81F20022A07D0D5
S31508000970002E48D041F20231012A18BF0F4642E044
S31508000980D9F80010234DC1F540730893DAF8003002
S31508000990214809930DF11F0302930023019309AB24
S315080009A0009308AA1D4B294402F0F2FD9DF81F305A
S315080009B038BB63B3089BD9F8004029461C4424F089
S315080009C0030B43465A46059800F07EF914F00304D3
S315080009D0074605D02246284605EB0B0103F0A6F884
S315080009E0DAF800200999C9F800408A42A2EB010406
S315080009F004D90A482246014403F098F8CAF8004088
S31508000A00B2E741F2033738460BB0BDE8F08F41F242
S31508000A100237F8E7A01000202C100020A4130020AD
S31508000A209C100020A013002008B57022002106485B
S31508000A3003F096F801220020044B1A70044B186044
S31508000A40044B186008BD00BF2C100020A55D0020CF
S31508000A509C100020A01300202DE9F84399465B68F6
S31508000A6006468846144643B31E4B1D78A5B1002298
S31508000A701A7051F8043B052203661B4B1B4800F00D
S31508000A8077F860BB194802F070FCD6F88C50184B02
S31508000A909D4214BF11251925164F641B3B68C3F5E3
S31508000AA00073A3420CD33E6813482246304408EB31
S31508000AB00501264403F05CF83E600020BDE8F88393
S31508000AC0002249463046FFF741FF0028F6D13B6829
S31508000AD0C3F50073A342E6D241F20430EEE741F2D1
S31508000AE00530EBE7A55D0020A85D00202C1000204E
S31508000AF0F80C0CF8A0130020A4130020436D3BB992
S31508000B00D0F88C00034B984214BF11201920704767
S31508000B1001207047F80C0CF84B6870B505460C4672
S31508000B20E3B10122FFF712FFC8B90D4B186888B167
S31508000B300C4E0428C0F104024FF0FF0188BF0022C2
S31508000B40304403F00DF8234604223146284600F0C7
S31508000B50BBF820B90449054802F096FD002070BD8F
S31508000B609C100020A0100020A85D00202C1000205A
S31508000B702DE9FF41E846044640461E4602F090FD30
S31508000B80054660BB32464146204602F05CFD0546F6
S31508000B9028BB039AB2F1804F25D240F6FF73164957
S31508000BA0B2F5800F28BF0B469F1827EA030761692D
S31508000BB0974238BF174611B1A36ABB4215D03046D3
S31508000BC07368984700233946636130463368984707
S31508000BD0606150B93146204602F02CFD02252846B0
S31508000BE004B0BDE8F081054BDEE798E80F00A76280
S31508000BF084E80F00F3E700BFFFFF0F00FFFF3F0089
S31508000C000068024BC31A584258417047FD0707FD52
S31508000C10034A044B90420CBF18460020704700BF99
S31508000C20FD0707FDA43D000830B5024600230C2544
S31508000C30054905FB03F460180C59944203D00133A7
S31508000C400D2BF6D1002030BDB83D0008F0B50023C5
S31508000C50082787B0CDE9013315463B46009704AA15
S31508000C60044602F060FD41F203039842064623D18A
S31508000C7094F8433053B13A46E06C04A902F0EAFD11
S31508000C8004AA3B461146A06C02F0D3FD059A049BC4
S31508000C906A6094F843202B6052B9094A934207D0F8
S31508000CA0084A934204D00822E06C04A902F0D2FD57
S31508000CB06B68236500236365304607B0F0BD00BF47
S31508000CC0F70A0AF7FC0404FC2DE9F04799465B6825
S31508000CD004460F469046002B3FD08B0740D14FF075
S31508000CE000639B6A006E1B6981181D1DA9421BD3F0
S31508000CF01C33984218D2A842024638BF2A4699425F
S31508000D0094BFC2EB010AC2EB030A101A3E18C5F1DA
S31508000D106800104431465246204402F029FF5246E4
S31508000D20FF21304602F01CFF226E0F4B9A420BD869
S31508000D300E4902EB0800884206D39B1AFA58C4F8F3
S31508000D4080204FF0FF32FA50D9E90035424639463D
S31508000D50206EA847236E434423660020BDE8F0872B
S31508000D6041F20200FAE700BF048000080880000884
S31508000D702DE9F04100254FF0FF3704468846164610
S31508000D8003F0200380F842301822FF21C0E91855E5
S31508000D90A0F8405080F84350A0F8445080F84650D8
S31508000DA0C0F88870683002F0DBFE88222946C4E95C
S31508000DB01286C4F88070C4F8847004F1900002F0BA
S31508000DC0CFFE084BC4F82071C4E9463584F824518F
S31508000DD02EB1304600F05EFC2846BDE8F08141F2AF
S31508000DE00B00FAE7000101012DE9F04F9DB0CDE9AE
S31508000DF009230593002304460D464FF00109269E54
S31508000E000B930B9A059B9A4201D30020E8E094F8CD
S31508000E104630142BF6D8DFE813F07B00C2007500C5
S31508000E204E0035003201CF013500C701350071018A
S31508000E303500C7010303720315002801B402B40282
S31508000E40470270030027636D0F2B5FD810232046D7
S31508000E500093CDE9019740230CAA09A902F063FC87
S31508000E6041F20303984267D1D4F8488000F05EFC4B
S31508000E7080230221CDE900030DAA0123404600F094
S31508000E805DFBE0E74FF00108D4E9143293423DD9FF
S31508000E909B1ADDE90A72BF1A94F84020032B1744FF
S31508000EA040F29481032F00F2C481204609A902F07A
S31508000EB019FC002040E00127636D072B00F2EC8047
S31508000EC0082320460093CDE9017740230CAA09A9F7
S31508000ED002F029FC41F2030398422DD12B7843F006
S31508000EE002032B700C9B6B60236D083B6B620D9B9A
S31508000EF0B3F1006F00F03881142384F8463041F2CC
S31508000F00010019E00027636D072B1DD9012350E165
S31508000F1020460CAA09A9FFF799FE41F20303984255
S31508000F200AD10D9B0C9A236500236365A44B9A424C
S31508000F30E2D1022384F8463041F203030790079A68
S31508000F409A423FF45EAF4AE0082320460093CDE973
S31508000F50019740230CAA09A902F0E5FB41F2030315
S31508000F609842E9D10C9B03F07F43B3F1407F05D04B
S31508000F70142341F2090084F84630DDE70D9AD107BB
S31508000F8042BF94F8423043F0010384F84230D30557
S31508000F90B9D4142341F20A0084F84630CCE7204637
S31508000FA00CAA09A9FFF752FE41F2030398428046AC
S31508000FB009D10C98FFF738FE0746A0B9142341F269
S31508000FC0080884F8463041F20303CDF81C80079AD6
S31508000FD09A423FF416AF079B0BB10023EB700798B4
S31508000FE01DB0BDE8F08F437994F824219A4205D9BB
S31508000FF0142341F20E0884F84630E4E70168714A82
S31508001000914205D00289D00748BF013384F82431BC
S3150800101094F84230D9070DD53A8994F843309207A7
S3150800102006D53BB1142384F8463041F20108CAE7D5
S31508001030002BF7D00CA8FFF7E3FD18B93B7984F825
S315080010404630C0E70C98C4F88C00FFF7E1FD94F829
S3150800105042309B06F2D50028F0D04368002BEDD02D
S31508001060204698470028E9D0DFE7226D0123A265CC
S31508001070002284F84330E26584F84630C1E6002150
S315080010803C220DA80C91012702F06AFDD4E914321E
S31508001090934204D884F8467041F203004CE7009363
S315080010A020464023CDE901770CAA09A902F03BFBAB
S315080010B041F2030398427FF43FAF05F1080E7346E9
S315080010C00DF1300C0DF14808624603CA4245186016
S315080010D05960944603F10803F6D1106818602B7816
S315080010E0704643F001032B7001F0C7F90028CDD1F3
S315080010F0142341F20C0084F846301DE7D4F81C315D
S31508001100314F083BC4F82031636D072BC4D8082338
S315080011100093382320460DEB0302CDE9019909A96E
S3150800112002F001FB41F2030398427FF405AF2B78E6
S3150800113043F004032B700F9BAB626B7858070FD5EF
S31508001140236D0C97C4F884300023636694F8453001
S3150800115043F0020384F84530F3680BB11023636645
S315080011600B2384F84630CFE7042384F8463094F8F6
S31508001170453043F0010384F84530002363669BE657
S31508001180042320460093CDE9017740230CAA09A938
S3150800119002F0C9FA41F2030398427FF4CDAE226DFC
S315080011A00C9B042A01D923660127636D032BE7D913
S315080011B0092384F846306FE70023636607235BE755
S315080011C0EB17A603F90707F9EB17A65E9F42FFF48C
S315080011D06CAE9F4228BF1F4640232046CDE90188B2
S315080011E000970CAA09A902F09EFA41F20303984255
S315080011F07FF4A2AE94F846B0BBF1070F22D0042FB5
S31508001200C7F1040A88BF4FF0000A0CAB5246FF210B
S31508001210D81902F0A5FCBBF1090FBA4420D1334610
S31508001220524620460CA9FFF74FFD00283FF42CAE86
S3150800123082E6402B28BF4023BB4228BF3B4623F00B
S315080012400307C9E7D6F808A0BAF1000FD7D0336864
S315080012503A46606E0CA9D047636E3B44636613E654
S31508001260BBF1040F7FF410AE6B7899077FF50CAECF
S31508001270F368002B3FF408AE626E042A0BD80AEB1B
S315080012800203062B07D90DAB9B1A1A68C4F88420EB
S315080012904FF0FF321A6033685246F768606E0CA941
S315080012A0B847636E5344D9E794F8427017F020079D
S315080012B007D0D4F88C00FFF7ABFC074600283FF4AC
S315080012C01EAE4FF0010A41E0002B58D0002F56D031
S315080012D03B69002B53D020469847DDE90A329B1A12
S315080012E094F8402013448342FFF4DFADD4E9142177
S315080012F0A2EB0108B8F1400F28BF4FF04008984507
S3150800130028BF984620464023CDE901AACDF800809B
S315080013100CAA09A902F007FA41F2030398427FF4DE
S315080013200BAE94F842309A0610D5002F3FF4E7AD7D
S31508001330D7F808B0BBF1000F3FF4E1AD334642469B
S3150800134020460CA9D84700287FF4F6ADD4E9142125
S3150800135094F84230914203F02003B5D3002B3FF4B2
S31508001360D5AD002F3FF4D2ADFB68002B3FF4CEADD0
S3150800137031462046984700283FF4C8ADDCE50120F1
S31508001380ABE74FF000618A6A496B1269503A91429D
S315080013903FF6B5AD112B0AD194F81831002B7FF41E
S315080013A0B5AD142341F2060084F84630C4E594F836
S315080013B04430002B7FF4AAADCDE901334023204603
S315080013C000930CAA09A902F0AEF941F20303984268
S315080013D07FF4B2ADE06C02F03FFA94F818316BB1C5
S315080013E004F1B4030093E06C04F1940314AA0CA965
S315080013F000F0D0F878B10023EB70D2E7D4F84C802F
S3150800140000F058F9074600F073F93B46009014AA15
S3150800141040460CA9ECE70123EB7084F8443075E5E7
S3150800142000234FF00408CDE9013320464023CDF8C8
S3150800143000800CAA09A902F076F941F20303984242
S3150800144009D1D4F888202F4B9A4206D0142341F2AA
S31508001450050084F846300790C1E594F8443033B95E
S31508001460EB70142341F2060084F84630F3E7EB7874
S31508001470002B3BD094F84530DB0707D5F7682FB12A
S3150800148042464046336804F18401B847236E6BB37D
S3150800149077685FB34FF0FF3304F1800804224146B2
S315080014A008A8089302F032FB20B1042241463368AB
S315080014B01548B84704F168090422494608A802F005
S315080014C025FB98B14FF000639B6A1422D3F810806D
S315080014D004F16C0108F10800D6E90037B847D6E9E7
S315080014E000370422494608EB0200B8470123AB70CF
S315080014F00E23002084F84630ADE70023EB7041F256
S3150800150007006DE5E320BBDE0480000830B508243B
S31508001510094B00255C66012403F5FE235C60014443
S315080015209D601A61DC60884201D1586A30BD10F8A6
S31508001530012B1A62F7E700BF009000402DE9F04141
S3150800154016464FF480621D46114B00F120080446EA
S315080015509A6640460F4602F0BAFADDE90612404698
S3150800156002F0B9FA002384F8587063643368C4F843
S3150800157059307368C4F85D30B368C4F861302B0C11
S315080015806DBA84F86530A4F86650BDE8F08100BFEE
S31508001590009000402DE9F04315464FF480621C4642
S315080015A0364B9BB0DDF888900E4607469A660028AB
S315080015B061D000295FD0002D5DD0002C58D0304B6B
S315080015C0304AB9F1000F14BF9846904620220021F0
S315080015D012A802F0C5FA2C4B414611A8119302F045
S315080015E040FB202111A802F03CFB0122274B029464
S315080015F003920493CDF814900692079354B1B9F167
S31508001600000F07D002A911A802F057FA05A911A8D8
S3150800161002F053FA089701271C4C08A911A8099744
S315080016200A9402F04AFA0BA911A80B960C970D9486
S315080016300E950F97109402F040FA0EA911A802F021
S315080016403CFA11A802F016FB114B01934FF0984390
S315080016505A6CD202FCD55B6D40F2046003F4702329
S315080016600193019B002B08BF00201BB0BDE8F08347
S31508001670DFF81080AAE740F20160F6E70090004024
S315080016801F2400801F24FC8400000106200000207F
S31508001690785634124FF4806210B50446044B9A66A5
S315080016A002F0DDF82046BDE81040002102F0DBB864
S315080016B0009000404FF4806200B50B4B9BB09A66D1
S315080016C000212822684602F04BFA4023002168468A
S315080016D00AAA00F075FD20F010000128034818BF7B
S315080016E000201BB05DF804FB009000404CE307089F
S315080016F04FF4806200B50B4B9BB09A6600212822F6
S31508001700684602F02DFA4023002168460AAA00F02E
S3150800171057FD20F010000128034818BF00201BB011
S315080017205DF804FB009000406CE30708004870472A
S3150800173086E207082DE9F3471446DDE90A920D46C5
S315080017401F4600284DD14CB313683F2B2AD8516841
S3150800175051B32549002F14BFB846884603F03F0603
S315080017601B19136022BF536801335360FEB93F2C1F
S315080017700ED9A3092A46009341463B46002000F0AD
S3150800178083F824F03F031D4404F03F0434B10026D7
S315080017902246294609EB060002F0EAF9002002B0C3
S315080017A0BDE8F087B846D9E7DFF83C80D6E7C6F14A
S315080017B0400A5445ECD32946524609EB060002F086
S315080017C0D7F90123264400934A463B464146002062
S315080017D0A6F1400400F058F83F2C5544D6D9B8462F
S315080017E0C7E70248DBE700BF943E000880AFFFFF6B
S315080017F02DE9F0411746146886B01E46E3008DF8B9
S315080018000F3063098DF80E30630B8DF80D30630DBC
S315080018108DF80C3053680546DA0002EB54728DF8E1
S315080018200B2004F03F045A09372C8DF80A204FEA9A
S3150800183053324FEA53538DF80920884694BFC4F1B2
S315080018403802C4F17802CDE900178DF808300D4941
S3150800185003460020FFF76EFF08222B460020CDE93D
S3150800186000870DEB0201FFF765FF284605F1200307
S3150800187050F8042B984246F8042BF9D1002006B0FC
S31508001880BDE8F081543E0008F0B517464FF4806273
S315080018901D46264B93B09A6624220E46044600211E
S315080018A00DEB020002F05CF901204FF000520097A0
S315080018B00190029203960490059206950790089265
S315080018C0002C2FD1189C1A4BA401214609A809936C
S315080018D002F0C7F9029B03A91C430294059B09A8B9
S315080018E043F020030593089B43F02003089302F076
S315080018F0E4F8694609A802F0E0F806A909A802F082
S31508001900D6F909A802F0B6F94FF098435A6CD202F4
S31508001910FCD55B6D13F4702F14BF6FF06F000020B9
S3150800192013B0F0BD6FF07100FAE700BF00900040F9
S31508001930000401032DE9F041A2B0502204460D46E9
S315080019400EA8002102F00CF93422002101A802F0A9
S3150800195007F901A800F034FA049B012B11D80023DB
S3150800196020466A1E9D424FEA82024FF0FF0108BFD9
S315080019701A4640F8043B02F0F3F8002022B0BDE80E
S31508001980F081AB425DD300F025F9059B0C220EA928
S315080019900646DF6802F03AF80028EFD1DFF8AC8097
S315080019A00E9B434515D1109A0EA9304602F02EF823
S315080019B04FF0FF3210990EA8FFF7A8FD224B984268
S315080019C02ED0FF212046AA0002F0CAF840F206509F
S315080019D0D4E737440C2238460EA902F017F8002837
S315080019E0CCD10E9B434507D0FF212046AA0002F022
S315080019F0B7F840F20550C1E70EA93846109A02F02A
S31508001A0005F8059B3046D96802F037F80028B5D1A5
S31508001A103046109A0EA902F009F80028C3D0ADE79F
S31508001A20109E11A9103EB608AE4228BF2E46B70032
S31508001A303A46204602F09CF8AA1BFF219200E019BC
S31508001A4099E740F2045099E7E320BBDE39528FE16B
S31508001A5044222DE9F043A3B00C46814600210DEB44
S31508001A60020002F07DF8012350262E4A0021CDE916
S31508001A700E2301A83422109602F072F801A800F08D
S31508001A809FF9049BA34249D3012B0AD8D9F8003001
S31508001A9040F204500133022B38BF002023B0BDE8C2
S31508001AA0F08300F097F8102C28BF1024059B4FEA06
S31508001AB08408DF68424649460744054611A802F0ED
S31508001AC057F8C4F110040EAB08F10C001844FF21B6
S31508001AD0A20002F045F84C214FF0FF320EA8FFF79E
S31508001AE015FDC043059B2190D968384601F0C5FF0E
S31508001AF00028D3D1324638460EA901F097FF0028B0
S31508001B00CCD1059B2846D96801F0B7FF0028C5D176
S31508001B10324628460EA901F089FFBFE740F2045075
S31508001B20BCE700BF39528FE130B5ADF5137D4FF4F0
S31508001B300D7205A9054640F2012401F038FF00217F
S31508001B4005A801F00BFFA042F9D040F20323984202
S31508001B502AD19DF81430590713D50F9800F0F1FCD7
S31508001B6078B18E9800F04EF958B1184B01AC0FCBEE
S31508001B7084E80F00589B54F835001844FEF7AEFC6D
S31508001B8090B19DF814309A0711D54FF00062926A09
S31508001B900699926891420AD98E9800F051F918B1BF
S31508001BA00E990B48FEF750FC40F2054002E0DB07B1
S31508001BB003D400200DF5137D30BD002208998E98B8
S31508001BC000F062F90028F4D1EEE700BFB43E000841
S31508001BD000800008004870470040040831B10A4BED
S31508001BE05A68824205D80023C1E9003340F2014011
S31508001BF07047013053F8302003EBC0035B680020C0
S31508001C000A604B60704700BF283F000870B40C4656
S31508001C1011461A460D4B5D68854210D9013003EB13
S31508001C20C0056D68A618AE420DD8A5420BD39542DD
S31508001C3009D353F83000204470BC01F0E7BE40F2E7
S31508001C40014070BC704740F20240FAE7283F00089E
S31508001C5030B5CA681B4B04469A420D46A3B019D143
S31508001C60FEF79AFCD4F82432174A013352F8333077
S31508001C70D4F82C221344984208D38033984209D2C8
S31508001C8041F20D03C4F8303223B030BD00F5C03040
S31508001C909842F5D88023D4F82C1202AAD4F8240244
S31508001CA0FFF7B4FF80232146009502AA04F12C0011
S31508001CB0FFF79AF8D4F82C32C4F830028033C4F807
S31508001CC02C32E1E7CD020008283F000870B50D4622
S31508001CD0002186B00DF1070302931E4B04461646F3
S31508001CE0116028461C22CDE903338DF807100593A9
S31508001CF001F036FF9DF8072052B994F87230132B7D
S31508001D0006D0D4F830321BB9D4E98A31994219D3AE
S31508001D102378990744BF61683160DB0709D504F168
S31508001D20080304F1240153F8040B8B4245F8040B0D
S31508001D30F9D162B9237840F20640002B18BF00207B
S31508001D4006B070BD204602A9FFF782FFD2E7002041
S31508001D50F6E700BF5739000870B40C4611461A4614
S31508001D600D4B5D68854210D9013003EBC0056D68DF
S31508001D70A618AE420DD8A5420BD3954209D353F8FF
S31508001D803000204470BC01F051BE40F2014070BCE6
S31508001D90704740F20240FAE7283F0008074B5A68A6
S31508001DA0824207D9013003EBC002516853F830006C
S31508001DB001F063BE40F20140704700BF283F0008AB
S31508001DC070B5054688B0C0B14FF4403200236C4662
S31508001DD0C0E900230A4B05F114061A785B680272FB
S31508001DE0C360684600F082F80FCC0FC694E80F006F
S31508001DF086E80F0005F114032B6108B070BD00BF1B
S31508001E00283F000800B5ADF5137D4FF40D7205A9FE
S31508001E1001F0CDFD78B904238DF81530074BCDE9CF
S31508001E200100039001A905A8049301F0D4FD0DF55E
S31508001E30137D5DF804FB0020F9E700BFCD0200081A
S31508001E404FF0006300B59B6AADF5137D9B688B4226
S31508001E5004D300200DF5137D5DF804FB4FF40D72D5
S31508001E6005A901F0A4FD0028F3D102238DF8153049
S31508001E70044BCDE90100039001A905A8049301F0DC
S31508001E80AAFDE7E7CD02000810B5ADF5127D05AC51
S31508001E904FF40D72214601F08AFD70B901238DF8C1
S31508001EA01530074B0490CDE9023001A9204601946C
S31508001EB001F091FD0DF5127D10BD0020FAE700BF77
S31508001EC0A1020008B1F5002F0BD800F17843B3F54D
S31508001ED0002F06D8044B084498428CBF00200120E6
S31508001EE070470020704700BF0000080870B5044618
S31508001EF00646044D0FCD0FC495E80F0084E80F0081
S31508001F00304670BD083F00084FF48032014B002070
S31508001F109A66704700900040024BD86900F00100AD
S31508001F20704700BF000003404FF48032014B002089
S31508001F309A66704700A00040430905D0012B0CD0D3
S31508001F40022B084B18BF002300F01F0039B103F518
S31508001F508053012282401A607047034BF4E703F569
S31508001F600053F6E76880004064800040F0B5114AE7
S31508001F70114C124E00F00105E3695F0713D40DB941
S31508001F80334213D103EA00078F4207D10B4A1A409E
S31508001F90002A0CBF00206FF00100F0BD013AEBD11A
S31508001FA06FF00200F9E74FF0FF30F6E76FF0010037
S31508001FB0F3E700BF80969800000003400200010086
S31508001FC070B5134C6061E3695B071ED40E4656F87C
S31508001FD0043B8D18A361AE420BD1042300212120B6
S31508001FE02361FFF7C3FF58B9BDE870402120FFF70A
S31508001FF0BDBF08210846FFF7B9FF10B104232361C6
S3150800200070BD56F8043BA361E5E74FF0FF30F7E7EC
S31508002010000003404FF4803238B50E4B0E4C9A66DA
S31508002020E56941F6713315400122E3630B4B002144
S31508002030DA600223606121202361FFF797FF10B958
S315080020402120FFF793FF0122054BDA600DB100232B
S31508002050E36338BD009000400000034000100340D1
S31508002060002003402DE9F84315464FF48032184BFB
S3150800207089469A6603F51C33DF690646174041F61A
S315080020807132DA63012203F58053DFF84C80DA6097
S3150800209055B9284601220F4BDA601FB10022A3F575
S315080020A00053DA63BDE8F88306F5005404EA080429
S315080020B0A41BAC4228BF2C46494622463046FFF7A9
S315080020C07FFF0028E6D12644A1442D1BE0E700BF88
S315080020D0009000400020034000E0FFFF2DE9F04F8C
S315080020E001264FF430258400DFF8C4C004F14024EB
S315080020F004F58024CCF804606560302500244FF48C
S315080021008037DFF8B0E0DFF8B09005FB00E5EC6556
S315080021102C662C67214CDFF8A4A0A76641F671341B
S315080021201F4F06FA00F0D7F81C80FC631D4CE660CA
S3150800213043B901211C4A18F4803FD16029D10020F7
S31508002140BDE8F08F01F5005404EA0904641A9C42BC
S3150800215028BF1C467961D7F81CB0A6081BF0040FE7
S3150800216019D1013E360146F060566E66AA66C5F874
S315080021706CA0CCF82400DEF834603042FBD00B4E5D
S31508002180214470630426CCF8280022443E611B1BB8
S31508002190CEE7FB63D3E74FF0FF30D1E7009000406E
S315080021A000000340001003400020034000200440C4
S315080021B0001004400000044000E0FFFF1800034040
S315080021C01FB5044660B35AB3402B29D1930727D1CC
S315080021D0042925D8DFE801F0031A24221E004FF44B
S315080021E0807310490B4323600023C4E9013323623B
S315080021F00123019202930C4B204601A9039301F097
S3150800220056FD204601F0D4FC04B010BD4FF400730F
S315080022100449E7E705494FF48063E3E70149FAE72C
S315080022202120F1E7010008FF40000020000008FF18
S315080022302DE9F041012905460E4690461F4692B003
S315080022404AD8046824F04003802B02D0B4F5807F76
S3150800225045D1202200210AA801F082FC234A244BFA
S315080022600121012E08BF134609932B1D0093E4088C
S31508002270204B44F00054019109A80294CDF80C8033
S3150800228004910593069707916946089301F015FC92
S3150800229003A909A801F011FC06A909A801F007FD80
S315080022A0296809A8C90801F0DCFC102109A801F071
S315080022B0D8FC01F06BFCA8B909A801F0DBFC4FF0CB
S315080022C098435A6CD202FCD55C6D01F069FC04F4A3
S315080022D0702012B0BDE8F0816FF02000F9E76FF0CA
S315080022E07100F6E74FF0FF30F3E700BF0001000486
S315080022F000010104100000202DE9F04F0746894629
S315080023009846164699B082B115683B6823F0400294
S31508002310802A03D0B3F5807F40F0A68000244C4580
S3150800232005D306B1356000207BE01546EDE75DB1C3
S31508002330239B229A1B5D525D01355340249A05F072
S315080023400F0513550134EAE7A9EB040ABAF10F0F92
S315080023500BD8239B03EB040A249B1C44239B03EB07
S31508002360090BDA4560D14C46D9E72022294610A840
S3150800237001F0F6FB3E4B3A680F933B1D0093012391
S31508002380D20842F00052019302923A4ACDF80C80E4
S3150800239004930592CDF8188007930892239A2499F6
S315080023A022442AF00F0A099221444AF000520A935D
S315080023B00FA80B920C9169460D930E9201F07DFBC6
S315080023C003A90FA801F079FB09A90FA801F075FB6D
S315080023D00CA90FA801F06BFC06A90FA801F067FC71
S315080023E039680FA8C90801F03CFC51460FA801F04E
S315080023F038FC01F0CBFB90B90FA801F03BFC4FF07D
S3150800240098435A6CD202FCD5586D544400F4702B8C
S3150800241001F0C6FBBBF1000F9BD0584601E04FF018
S31508002420FF3019B0BDE8F08F55B1229A1AF8013B72
S31508002430525D0135534004F8013B05F00F0590E75E
S31508002440424601213846229BFFF7F2FE0028E8D1D2
S3150800245008F1100212F8013D0133DBB21370002BAC
S31508002460E3D19045F6D1E0E76FF01F00D9E700BF4A
S315080024700303000410000020FEE738B54FF00063A0
S315080024809B6A05461A69546BA24201D3012038BDDE
S315080024905B69A342FAD92046FDF73CFF0028F5D030
S315080024A0236913F0FE000ED16A68236A9A42EED9B0
S315080024B0102204F1280105F10C0001F027FBB0FAFF
S315080024C080F04009E3E70020E1E7C0F30C032DE9BB
S315080024D0F04105460F4616460BB9FEF7C3F905F552
S315080024E0005424F4FF5424F01F0405EB0608A04505
S315080024F007D8324639462846BDE8F0410223FEF79A
S31508002500BFB92046FEF7AEF904F50054EFE70369B4
S3150800251013F0FE0F0CBF01200020704738B50446A3
S315080025200D46FDF7F7FE38B16369012B07D1204642
S31508002530FFF7EDFF10B1A46901202C6038BD00201B
S31508002540FCE74FF0FF3313B5044601A80193FDF7E6
S31508002550FBFF20B1019BA3422CBF0020012002B043
S3150800256010BDFFF7D1BCFFF7DFBC0346184601686C
S3150800257081F3088881F3098840688746FEE74FF4A7
S315080025800170FEF745B9B1F50D7F10B504460FD3B6
S315080025904FF40D72002101F0E3FA04F5DE7204F53A
S315080025A0AA7104F12C000023BDE81040FEF7E0BB39
S315080025B040F2052010BD13B50446009101462C30A3
S315080025C0FEF712FCC4F8300218B141F2070398422C
S315080025D004D1A37823B1E07800F2022002B010BD3E
S315080025E040F20120FAE72DE9F04387B00DF108091A
S315080025F004460E4617460021102248461D46DDF8B9
S31508002600388001F0ADFA00211C22C8F800102846CF
S3150800261001F0A6FA32463B462146CDF8009004F171
S315080026202C00FEF7E1FB23789A0744BF6268C8F8D6
S315080026300020DB0709D504F1080304F1240253F846
S31508002640041B934245F8041BF9D1237840F206404F
S31508002650002B18BF002007B0BDE8F0834FF40D70BB
S315080026607047826CF0B5531EB3F5887F18D8D0E949
S31508002670093CD0E90B47C91A914228BF114645695A
S31508002680866B2FB9C768A7EB040E8E4598BF0763FC
S315080026900C44521AC462826419448B4201D14362C3
S315080026A0F0BDB34234BF644600249A1B2A44125D27
S315080026B0EA540133F1E72DE9F04F95B008910D92F0
S315080026C0036B416A0793C36A0193079B002B40F08B
S315080026D0AA80019AC3689B1A089A521A9A4240F22B
S315080026E0A2800B444FF0FF37D0E90DBA85680993ED
S315080026F007FA05F5ED430E954568C36BAF40FD43F4
S315080027000F9500250293036C04690393436C0B959C
S315080027100493036804F668250C93119504F264651E
S31508002720436912950C9D0593C5F10805836A026AEB
S3150800273013950693D0E906360E9D019FB6F1807F64
S3150800274005EA070808EB0B1C3CBF13F8015B3602C9
S3150800275034F81C7038BF45EA0222F50A7D439542D3
S315080027604FEA0B1E40F2C380C7F5006607EB561604
S3150800277024F81C60019F079E04F66C6C3E4312D039
S315080027803E460F9F37400C9E07FA06FE00294CD19D
S31508002790069E013E059FBE5D139F3E414FF4C067EE
S315080027A0764407FB06CC019EBBF1060F06F101062F
S315080027B0019647D80126BBF1030F94BFABEB0B0B71
S315080027C0ABF1030B0096009EB5F1807F38BF13F876
S315080027D001EB4FEA460638BF2D023CF8067038BFB3
S315080027E04EEA02224FEAD52E07FB0EFE96450096C4
S315080027F00CEB06081BD9C7F5006507EB5515AFB2F4
S315080028007546009EA8F80070FF2EDCD9059E009F2D
S3150800281077542E460131099D8D4240F236830D9D2F
S315080028209D4289D831E3089B5CE74E1EB2E7009EBD
S31508002830A7EB57170136A5EB0E05A2EB0E02BFB2A2
S315080028400096DEE7069FA1EB0A06514528BF00273A
S31508002850BE46059FBBF10A0F3E4416F80E9034BFDC
S3150800286003260626ABEB060B01264FF48078009666
S315080028704FEA4909009E09EA08070A9708EB06077E
S315080028800A9EB5F1807F38BF13F801EB37440CEB8D
S31508002890470638BF2D023CF8177038BF4EEA0222A9
S315080028A04FEAD52E07FB0EFE1096009E96454FEA78
S315080028B0460600960ED9C7F5006507EB5515AFB263
S315080028C00A9D28EA05087546109E3780009EFF2E49
S315080028D0CED99BE7009EA7EB57170136DDF828806F
S315080028E0A5EB0E05A2EB0E02BFB20096ECE7761B2F
S315080028F0A7EB5717B6F1807F24F81C70A2EB0502E8
S315080029000BF1C0093CBF13F8015B360234F81970A5
S3150800291038BF45EA0222F50A7D4395424FEA490C3B
S3150800292040F20581C7F5006607EB561624F81960CC
S31508002930049E129F0A96039E0BF10C0B0496029EA8
S31508002940CDE902A6B5F1807F3CBF13F8016B2D02D5
S31508002950B7F800C038BF46EA0222EE0A0CFB06F6B4
S31508002960964240F2A3814FF0000ECCF500650CEBC1
S3150800297055153D8007EB081704374FF008094FF047
S31508002980010CB6F1807F38BF13F8018B4FEA4C0C67
S3150800299038BF360237F80C5038BF48EA02224FEAE9
S315080029A0D62805FB08F8904507EB0C0A40F2AE81DD
S315080029B0C5F5006605EB5616B5B24646CC45AAF8E7
S315080029C00050DED3AEEB090E0EEB0C05BBF10B0F78
S315080029D0009540F2B382032D94BF4FEAC51E4FF40B
S315080029E09C6E4FF0010598BF0EF5587EB6F1807FB4
S315080029F04FEA450538BF13F801CB05EB0E0838BF7B
S31508002A00360234F8087038BF4CEA02224FEAD62C50
S31508002A1007FB0CFC944540F28381C7F5006607EB7B
S31508002A205616B7B266463F2D24F80870DED9403DE3
S31508002A30032D3FD905F0010C0D2D4FEA55074CF033
S31508002A40020C00F283814FF00108013FC5F1004EE8
S31508002A500CFA07FC0EF2AF2EE6444FEA4E050B952C
S31508002A60C24665460A970B9FB6F1807F4FEA48082B
S31508002A7038BF13F8019B07EB080E38BF360234F847
S31508002A800EC038BF49EA02224FEAD6290CFB09F9DB
S31508002A90914540F24E81CCF500660CEB56161FFAAE
S31508002AA086FC4E460A9F24F80EC0013F4FEA4A0AA2
S31508002AB00A97D8D1079F05F1010A002F40F03C82FA
S31508002AC0019FAF4240F25782BBF1130F34BF4FF05C
S31508002AD0070B4FF00A0B009F099D0237B5EB010C57
S31508002AE0B84600F04882BC4528BFBC46069FA1EB05
S31508002AF00A05514528BF00273D44019F67440197B1
S31508002B00A8EB0C070B97069F7F1BBC45059F0F4438
S31508002B1000F21C82A5EB0108059D614405EB010C3A
S31508002B2017F808E007F801EBBC45F9D173E6A7EBFF
S31508002B305717761B521B24F81970079D019F3D43B2
S31508002B4003D1012015B0BDE8F08FB6F1807F38BFFC
S31508002B5013F8015B0CF1180938BF360234F809700E
S31508002B6038BF45EA0222F50A7D43954250D9C7F592
S31508002B70006607EB5616B5F1807F24F809600EF15A
S31508002B80F00E38BF13F8016BC64438BF2D0234F86F
S31508002B901E7038BF46EA0222EE0A7E4396421FD9C5
S31508002BA0C7F5006507EB5515069F24F81E505145D5
S31508002BB028BF0027BC46059FA1EB0A053D4415F82A
S31508002BC00C50BBF1060F7D54019D88BF4FF00B0BCF
S31508002BD005F1010598BF4FF0090B013101951AE679
S31508002BE0AD1B921B029ECDF808A0B246A7EB57175D
S31508002BF024F81E70049EBBF1060F0A96039E8CBF2E
S31508002C004FF00B0B4FF0080BCDE903A6119F99E681
S31508002C10761BA7EB5717B6F1807F24F80970A2EB4D
S31508002C2005020CF1300E3CBF13F8015B360234F88E
S31508002C300E7038BF45EA0222F50A7D43954206D949
S31508002C40C7F5006607EB561624F80E60D2E7761B22
S31508002C50A7EB5717B6F1807F24F80E70A2EB050292
S31508002C600CF1480C3CBF13F8015B360234F80C70C3
S31508002C7038BF45EA0222F50A7D4395420AD9C7F5C7
S31508002C80006607EB561624F80C60DDE90267029722
S31508002C900396AFE7A7EB571724F80C70049F521B4F
S31508002CA0751B029E0297039F0497F1E7AD1BACEBD9
S31508002CB05C1CB5F1807FA7F800C0A2EB06023CBFFA
S31508002CC013F8016B2D02B7F802C038BF46EA022294
S31508002CD0EE0A0CFB06F696420BD9CCF500650CEB12
S31508002CE0551507EB08187D804FF0080E08F5827712
S31508002CF043E6ACEB5C1C921BA7F802C04FF0100E23
S31508002D004FF4807907F50177AE1B38E6A5EB551524
S31508002D10A6EB0806A2EB0802ADB20CF1010C4DE6D3
S31508002D20A7EB5717A6EB0C06A2EB0C02BFB20135B0
S31508002D3079E6ACEB5C1CA6EB0906A2EB09021FFAC6
S31508002D408CFC08F1010845EA0A05ABE6053FB6F131
S31508002D50807F3EBF13F8015B360245EA02227608F9
S31508002D60921BD51705F1010E013F05EA06050EEB84
S31508002D704C0C2A44EBD1B6F1807F3CBF13F8017B9B
S31508002D8036024FEA0C15B4F846C638BF47EA02229F
S31508002D90F70A0CFB07F7974204F2446E40F2AC8040
S31508002DA0CCF500660CEB56161FFA86FC0226B7F120
S31508002DB0807FA4F846C63EF816A04FEA460C0EEBEE
S31508002DC046093EBF13F8016B3F0246EA0222FE0A95
S31508002DD00AFB06F6964240F29980CAF500680AEBA5
S31508002DE058181FFA88F8A9F80080B6F1807F3CBF0A
S31508002DF013F8017B36023EF81CA038BF47EA0222C8
S31508002E00F70A0AFB07F797424FEA4C080EEB4C09FC
S31508002E1040F28780CAF5006C0AEB5C1C1FFA8CFC32
S31508002E20B7F1807FA9F800C038BF13F8016B3EF8E8
S31508002E3018903CBF3F0246EA0222FE0A09FB06F644
S31508002E4096424FEA480C87BFC9F5006809EB58183F
S31508002E50A9EB591845F008058FBF1FFA88F8921B89
S31508002E601FFA88F8BE1B6F1C2EF80C807FF422AE62
S31508002E70009CABF10C0B04F589740B94DDE902A4F4
S31508002E800294049C03940A9C0494B6F1807F3CBF88
S31508002E9013F8014B3602C0E906360B9B38BF44EAE5
S31508002EA002228364019B0262C362029B4162C3637E
S31508002EB0039BC0F838A00364049BC0F834B043648D
S31508002EC0036B23B9C368019A934298BF03630899B1
S31508002ED0FFF7C7FB436A089A9342836C07D2826955
S31508002EE00D998A4203D2B3F5897FFFF4E9ABB3F5AE
S31508002EF0897F3CD8002025E6ACEB5C1CD21B1FFA68
S31508002F008CFCF71B45F00105032650E7AAEB5A1877
S31508002F10921B1FFA88F80CF1010C45F00205BE1B3E
S31508002F2061E7AAEB5A1CD21B1FFA8CFC08F10108B0
S31508002F3045F00405F71B73E7079FC2E5DDE902A51F
S31508002F400295049D03950A9D0495C4E5B9460CEBC4
S31508002F50070E059F17F80580069F09F8018B0135AE
S31508002F60AF4208BF0025CE45F3D1614453E44FF480
S31508002F7089738364BEE74162E3E52DE9F047D0E94A
S31508002F80075301278468D0F82C80A740D0F834C0AE
S31508002F90013F066907EA080707EB0C1EB5F1807FB3
S31508002FA036F81E900A4407D2914280F0DC8111F867
S31508002FB0014B2D0244EA0323EC0A09FB04F4A3425D
S31508002FC078D2056B06F66C6658EA050519D0D0E97D
S31508002FD000E70125BD40013D05EA080505FA0EF79B
S31508002FE0456AD0F8148005B9856A013D18F8055078
S31508002FF0CEF1080E45FA0EF53D444FF4C06707FBBF
S315080030000566BCF1060F20D801204000B4F1807F88
S31508003010375A07D2914280F0A68111F8015B240243
S3150800302045EA0323E50A7D43AB4229BF01302C4616
S31508003030641B5B1BFF28E8D90120B4F1807F80F070
S315080030402281914228BF00201DE1876BD0F824C059
S315080030504569BC45ACEB070E2CBF0027876A05EB14
S315080030600E0010F807C001204FF480774FEA4C0C89
S3150800307007EA0C0E3D187544B4F1807F36F81580C2
S3150800308007D2914280F06F8111F8015B240245EA6C
S315080030900323E50A08FB05F54000AB422BBF0130C8
S315080030A02C46774627EA0E0724BF641B5B1BFF28BE
S315080030B0DCD9C1E7281B0CF1C00CB0F1807FA3EB6B
S315080030C004034FEA4C0436F81CC007D2914280F03C
S315080030D04A8111F8015B000245EA0323C50A0CFB85
S315080030E005F5AB4280F0A08002204FF0000E06F2F4
S315080030F0646CB5F1807FBCF8008007D2914280F0FD
S31508003100328111F8014B2D0244EA0323EC0A08FB2D
S3150800311004F4A34280F0EB800CEB071C00270CF1AB
S31508003120040C4FF008094FF001084FEA4808B4F1BB
S31508003130807F3CF808A007D2914280F0148111F8EC
S31508003140015B240245EA0323E50A0AFB05F5AB42BF
S3150800315029BF08F101082C46641B5B1BC845E4D34C
S31508003160BEF1030F3FF669AFA7EB09074744032FE4
S3150800317088BF4FF49C674FF001059CBFFF0107F518
S3150800318058776D0006EB050CB4F1807F3CF807E034
S3150800319007D2914280F0E78011F801CB24024CEA6D
S315080031A003234FEAD42C0EFB0CFC634529BF0135DB
S315080031B06446A4EB0C04A3EB0C033F2DE1D9403D78
S315080031C0032D7FF63AAF0D2D4FEA550700F2B18071
S315080031D005F0010C013F4CF0020CC5F100450CFA54
S315080031E007FC05F2AF25654406EB45064FF0010CD2
S315080031F04FEA4C0CB4F1807F36F80CE007D29142C6
S3150800320080F0B18011F8015B240245EA0323E50A40
S315080032100EFB05F5AB4231BF2C46641B5B1B0CF15C
S31508003220010C013FE4D108E7401B3444B0F1807F2C
S31508003230B4F818C0A3EB050307D2914280F0938037
S3150800324011F8015B000245EA0323C50A0CFB05F5E4
S31508003250AB4222D20EF1F00EB5F1807F36F81E4051
S3150800326006D291427FD211F8010B2D0240EA0323C0
S31508003270E80A6043834208D2B0F1807F71D2914256
S3150800328034BF03200020BDE8F0872D1A1B1A03203F
S315080032904FF00C0E06F6682C2BE7401BB0F1807F2A
S315080032A0B4F830C0A3EB050306D291425BD211F8FD
S315080032B0015B000245EA0323C50A0CFB05F5AB4290
S315080032C0E5D3401BB0F1807FB4F84840A3EB050373
S315080032D006D2914247D211F8015B000245EA032360
S315080032E0C50A6543AB4224BF5B1B451BCFE72D1BB5
S315080032F0B5F1807FBCF80280A3EB040306D29142A5
S3150800330031D211F8014B2D0244EA0323EC0A08FBDB
S3150800331004F4A34205D20CEB071707F5827C0827AD
S31508003320FFE61B1B10274FF480790CF5017C2C1B3C
S31508003330F9E6053FB4F1807F06D2914213D211F81F
S31508003340015B240245EA032364081D1BED0F013DBA
S315080033502540013FA3EB0503ECD1042706F244669A
S3150800336044E703208FE700208DE700230122C0E908
S315080033700B33C0E9123243628365026570472DE953
S31508003380F74F9846002704469DF83030D8F8006075
S31508003390C8F8007000938B461546FFF762F90D9B37
S315080033A01F70A36CB3F5897F09D1236A13B901236A
S315080033B00D9A1370206A003818BF01201EE0E36CCE
S315080033C08BB1A36D5EB3042B1BD994F85C30002B2C
S315080033D040F0D780D4F85D20E36412BA22624FF039
S315080033E0FF32A365E261636A5B4555D3A36CD3B923
S315080033F0236AF3B9042300200D9A137003B0BDE8BD
S31508003400F08F5A1CA26515F8012B234483F85C201B
S31508003410D8F80030013E0133C8F80030D1E7042B54
S31508003420D3D80323E7E7009B002B40F0A7800223AD
S31508003430E1E7009B002BFAD00123226D9AB1D4E96B
S31508003440002111444FF440728A400021206902F29B
S3150800345036728A4222D80122C4E91022C4E90E2211
S31508003460002262632265A76D002F68D1132E1BD92F
S3150800347043B3324629462046FFF77FFDF0B9324668
S31508003480294604F15C0000F073FBA665D8F8003005
S315080034903344C8F80030C4E70023CEE74FF480670A
S315080034A020F811700131D4E73246294620460193A7
S315080034B0FFF763FD019B0028E1D00BB102285DD11F
S315080034C02A4602E0A6F114022A4459462046A56176
S315080034D0FFF7F1F8002854D1A369D8F800205D1B3E
S315080034E02A44C8F80020761B1D465AE715F8091025
S315080034F00137D15509F10109132F25D9A76504F11B
S315080035005C0A93BB524659462046C4F818A0FFF7F2
S31508003510D2F8B0BBA369A3EB0A039F4236D3FA1AC3
S31508003520914533D3D8F8001009EB0302D31B19448D
S315080035303744C8F800102B44BE1AA065D4E74FF0EC
S31508003540000904F15B02D7E7B145CFD104F15C0A63
S315080035503A4651462046A7650193FFF70EFD019BA3
S3150800356088B9D8F800304B4493E73A465146204686
S31508003570FFF703FD0028F4D00228C3D002230D9AD2
S31508003580137001203AE7002BBCD0F5E70B2035E78E
S315080035902DE9F04F89B0DDF848809A469DF84C3001
S315080035A004460493D8F800308B4602930023164647
S315080035B017681360C8F80030029B149A0793D4E979
S315080035C009318B4204BF00236362656A20464B1BA0
S315080035D0BB4232BF0023049B7919CDE9003252461B
S315080035E007ABFFF7CCFE079A029B61699B1A029309
S315080035F0D8F8003003901344C8F80030636A584678
S31508003600A3EB0509294492444A46059300F0B0FA0B
S31508003610059BCB44ED1A33682F444B443360039B18
S3150800362023B9B9F1000F01D0002FC5D1039809B00D
S31508003630BDE8F08F10B504464B68084621699847DF
S315080036400023236110BD70B54FF440751646D1E9C5
S31508003650003213449D400369044605F2367513B1DA
S31508003660436DAB420ED031462046FFF7E3FF3046A6
S315080036703368690098472061B0FA80F040096565AB
S31508003680400070BD0020FCE738B504460D46FFF73C
S31508003690D1FF6B682846616998470023636138BD86
S315080036A0042A01D804207047D1F80130B3F5805FA9
S315080036B038BF4FF48053C3600A78E02AF2D809234A
S315080036C0B2FBF3F303EBC301521AD2B2026005222E
S315080036D0B3FBF2F2826002EB82029B1ADBB2436012
S315080036E00020704770B5D1E90152AA4205D290F878
S315080036F040302B449B1A402B10D9002012E00A6850
S3150800370090F84040D65C90F841200133224402F0FC
S315080037103F02013486548B6080F840408B689D4296
S31508003720EDD8012070BD2DE9F84390F840C0174642
S315080037309E46D1E90123089DD21A62449542044661
S315080037400E469DF824909DF828800AD9FFF7CAFFEF
S3150800375000286CD1142341F2020084F84630BDE8F3
S31508003760F88375455AD8002394F840200AB19D423B
S315080037703AD1D6E90121914201D29D4246D89D42CD
S3150800378052D129463846D4F88820FDF7BFFEC4F83A
S315080037908800B9F1000F04D02A463946E06C00F0DB
S315080037A059F894F84330B8F1000F06D08BB12B4680
S315080037B03A463946A06C00F03CF894F8433043B1D9
S315080037C0E36DA26D2B449342E36524BF002384F87E
S315080037D04330D4F81C3141F203002B44C4F81C31A1
S315080037E0636D2B446365BAE794F84120A25CFA54EA
S315080037F094F841200133013202F03F0284F8412057
S3150800380094F84020013A84F84020ADE73268525CCB
S31508003810FA54B26801330132B260AAE741F20100F4
S31508003820142384F846309AE741F20200F8E70020AC
S3150800383095E71FB50C46194600F14803CDE9014244
S31508003840009300F1440200F158032030FEF754FDBE
S3150800385004B010BD00F00CB8014600F016B8682296
S31508003860002100F07DB903460020C3E90000704737
S3150800387007B500F128030190009300F10803002022
S31508003880FDF758FF03B05DF804FB02460B4600F14E
S3150800389028010830FDF7ACBF3C2230B59FB00021A7
S315080038A005460DEB020000F05BF94FF0FF333422BA
S315080038B0002101A80E9300F053F901A8FEF780FA3B
S315080038C0049C012C1ED921460EA8FEF733F818B120
S315080038D040F2055398420ED100230EAA52F8041B53
S315080038E0481C0AD11EAA02EB830321460EA843F8F8
S315080038F0405CFEF7ADF81FB030BDA94205D00133D4
S315080039009C42EBD140F20250F5E740F20350F2E751
S3150800391013B54FF0FF33002402216846CDE9003481
S31508003920FEF708F8034630B140F2055290420FD12F
S315080039300122009401920098411C03D0FEF7F4F886
S31508003940034628B10198421C02D0FEF7EDF803465B
S31508003950184602B010BD01221A7070471FB5002321
S31508003960CDE90033CDE90213D0F83032044693B9D5
S31508003970D0E98A329A420ED26946FEF769F9D4F836
S31508003980300270B141F2070240F20123904208BFAB
S31508003990184604B010BDA37833B1E07800F20220CF
S315080039A0F7E740F20120F4E740F20220F1E737B5E5
S315080039B00C46054611462046FEF7E5FD48B9694618
S315080039C02846FEF70BF920B9019BC4F82452C4F81F
S315080039D0283203B030BD38B500F5DE7204460D4610
S315080039E0202300F5AA712C30FDF7C2F9D4F830323D
S315080039F01BB9D4E98A329A4203D3A07800B1E07899
S31508003A0038BD29462046FEF723F9EFE738B50C46B8
S31508003A1011460546FEF756FA28B12946204600F013
S31508003A20A7F8002038BD40F20240FBE738B50D463E
S31508003A3011460446FEF746FA80B940F2024038BD00
S31508003A40E158013114D104339A42F9D8AB0707D1AA
S31508003A50022329462046FCF713FF05E00023F3E777
S31508003A6029462046FCF734FF0028E6D00020E6E782
S31508003A7040F20340E3E70220704738B541EA000305
S31508003A80C3F30C0304460D46A3B9FEF71BFA10B997
S31508003A9040F2024038BD2544204604F50054FCF7A0
S31508003AA0E1FEA54202D00028F6D1F1E70028EFD0C2
S31508003AB00020EFE740F20440ECE7436813B94160A1
S31508003AC070475B685A68012AFBD1596070472422FF
S31508003AD0002100F045B870B515460E46242200218F
S31508003AE0044600F03DF825F04003802B02D0B5F5DA
S31508003AF0807F08D12046314640F8045BEA0800F08A
S31508003B0037F8002070BD6FF01F00FBE7013902444B
S31508003B1010B5904201D1002005E0037811F8014F55
S31508003B20A34201D0181B10BD0130F2E7884210B538
S31508003B3001EB020402D98442234607D8431EA14258
S31508003B4008D011F8012B03F8012FF8E702440146C3
S31508003B508A4200D110BD13F8014D02F8014DF7E76E
S31508003B6002440346934200D1704703F8011BF9E764
S31508003B700A44431E914200D1704710B511F8014B13
S31508003B80914203F8014FF9D110BD00004FF480624D
S31508003B90024B9A66BFF34F8F002070470090004093
S31508003BA04FF48062014B00209A66704700A00040DF
S31508003BB008B5C0B14FF480620C4B9A66BFF34F8FBD
S31508003BC000F058F84FF098435A6CD202FCD54FF4DF
S31508003BD08062586D064B10F470209A6604D0BDE8D2
S31508003BE0084000F010B8212008BD00BF0090004032
S31508003BF000A000404FF098435A6CD202FCD5586D8D
S31508003C0000F470207047B0F5802F22D010D8B0F598
S31508003C10003F20D007D818B3B0F5803F08BF48202A
S31508003C2018BF01207047B0F5403F08BF2C20F7E7C2
S31508003C30B0F5302F11D007D8B0F5E02F0FD0B0F57A
S31508003C40202F08BF1020EBE7B0F57F0F08BF06202E
S31508003C50E6E74B2070472A2070471120704721203D
S31508003C607047036A042B9FBF00EB83020133D160C0
S31508003C7003627047036A052B14D84FF09842116CFB
S31508003C80C902FCD504339B0013650168103B11601B
S31508003C904168116050F8081F11604FF098420344BC
S31508003CA0984200D1704750F8041F1160F8E78368FE
S31508003CB013B9816070475B685A68012AFBD159605D
S31508003CC0704700000000000000000000000000002F
S31508003CD000000000000000000000000000000000D6
S31508003CE0F8B500BFF8BC08BC9E467047F8B500BFDB
S31508003CF0F8BC08BC9E467047B814B6F1E0CFF3ADE1
S31508003D00B7DD25C9FA79B7130000000013B779FAA9
S31508003D10C925DDB7ADF3CFE0F1B614B8010200004E
S31508003D20000000005C3F00004000000003000103A3
S31508003D300000000000000000000000000000000075
S31508003D400000000000000000000000000000000065
S31508003D5000000000000000000000000007B0CD5E73
S31508003D600200000003000103603F00000060000835
S31508003D7000000808F104010063250008672500080B
S31508003D806103000887250008B7250008C43E000817
S31508003D90E72500085D26000800000000A1050008C8
S31508003DA099050008FD0707FD290A0008590A0008B1
S31508003DB0190B0008FD0A0008EB17A603020100000C
S31508003DC003000000FA0606FA0F04000003000000CC
S31508003DD0F40A0AF40505000001000000EB17A65EC8
S31508003DE00A03000003000000F50909F503070000AF
S31508003DF001000000F60808F60608000000000000AA
S31508003E00FE0101FE0808000000000000FD0303FD96
S31508003E100C08000000000000FD0707FD130800005D
S31508003E2000000000F90707F9100900000200000069
S31508003E30F30B0BF3110A000003000000F70A0AF758
S31508003E40120B000003000000FC0404FC0D0C00002B
S31508003E5003000000800000000000000000000000D1
S31508003E600000000000000000000000000000000044
S31508003E700000000000000000000000000000000034
S31508003E800000000000000000000000000000000024
S31508003E90000000006A09E667BB67AE853C6EF372F0
S31508003EA0A54FF53A510E527F9B05688C1F83D9ABF7
S31508003EB05BE0CD1900600408000003000040040818
S31508003EC000C0020000010000C11D0008DD1B00083B
S31508003ED00D1C0008591D00089D1D0008511A0008F0
S31508003EE03519000899380008AF3900085D39000807
S31508003EF0CD1C0008191F00080D3A00082D3A0008C5
S31508003F007B3A0008773A00081002030028000000F0
S31508003F102800000000200000000008000000000043
S31508003F20040000000000004001000000020000003C
S31508003F3000600408000003000040040800C00200F6
S31508003F404C3F0008A85D002004000000FD0800089A
S31108003F503509000815020008ED010008FC
S315080060000804002017C000083FB400083FB4000881
S31508006010C32701083FB400083FB400083FB400088E
S315080060203FB400083FB400083FB400087D57030892
S315080060303FB40008A8830308215703084F710308D3
S31508006040F5E900083FB400083FB400083FB400086B
S315080060503FB400083FB400083FB400083FB4000846
S315080060603FB400083FB400083FB400083BB400083A
S3150800607039B400083FB400083FB400083FB400082C
S315080060803FB400083FB40008057901083FB400088A
S315080060903FB400083FB4000819B600083FB400082A
S315080060A03FB400083FB4000855B5000831B50008EC
S315080060B03FB400083FB40008AD100308691B030885
S315080060C097440308934403081D130308AD440308C3
S315080060D09B440308391B03089F440308CD1B030888
S315080060E0051C03083FB400083FB400083FB4000885
S315080060F03FB40008994201083FB400083FB40008BD
S315080061003FB400083FB400083FB400083FB4000895
S315080061103FB400083FB40008990E02083FB40008CF
S315080061203FB400083FB400083FB400083FB4000875
S315080061303FB400083FB400083FB400083FB4000865
S315080061403FB400083FB400083FB400084DC100083A
S315080061503FB400083FB400083FB400086DF90208D0
S315080061603FB400083FB40008874403088D44030879
S31508006180F0B5114A114C124E00F00105E3695F079C
S3150800619013D40DB9334213D103EA00078F4207D14E
S315080061A00B4A1A40002A0CBF00206FF00100F0BD10
S315080061B0013AEBD16FF00200F9E74FF0FF30F6E74E
S315080061C06FF00100F3E700BF8096980000000350C7
S315080061D0020001004FF4803238B50E4B0E4C9A6619
S315080061E0E56941F6713315400122E3630B4B002143
S315080061F0DA600223606121202361FFF7C1FF10B92D
S315080062002120FFF7BDFF0122054BDA600DB10023FF
S31508006210E36338BD0090005000000350001003509F
S31508006220002003502DE9F84F16464FF48032274BCD
S31508006230274D9A66EB69074603EA020841F6713369
S315080062400122EB63234BDFF89490DA600EB93046EF
S3150800625029E007F5005404EA09046F61E41BEB69B9
S31508006260B44228BF34465B072DD48B465BF8043B03
S3150800627001EB040AAB61D3450ED10423002121208A
S315080062802B61FFF77DFF70B92120FFF779FF50B921
S3150800629059462744361BD9E708210846FFF770FFF9
S315080062A068B104232B6101220B4BDA60B8F1000FA9
S315080062B003D00022A3F50053DA63BDE8F88F5BF834
S315080062C0043BAB61D7E74FF0FF30ECE70090005096
S315080062D000000350001003500020035000E0FFFFA9
S315080062E0F1C80008620001003FBE00086200010014
S315080062F02FBE00086300010079370108630001001A
S31508006300713401086C000100216401086200010073
S3150800631000000000FF000100FF0000000000000070
S3150800632005000000D1CB010804000000C9CA010815
S315080063300B00000029CE010825000000DD970108A2
S31508006340240000007997010814000000B996010896
S315080063500C000000859501081600000025BA010802
S315080063600300000029CA0108020000007D95010803
S315080063700800000025C7010818000000DDEF010825
S3150800638022000000D10B020801000000D7EF010827
S315080063902A0000003594010829000000C1C9010837
S315080063A00200000075950108010000006F950108BC
S315080063B00300000069C9010800000000699501088A
S315080063C002005E0002000000D92C0108000000004F
S315080063D000000000000000000000000000000000AF
S315080063E00000000000000000020086000300000014
S315080063F0F53401080000000000000000000000005D
S31508006400000000000000000000000000000000007E
S315080064100200630001000000F14A010800000000C4
S3150800642000000000CD2C010800000000DF4C010828
S3150800643059370108DD4C010802006C000100000014
S31508006440E96C0108000000000000000000000000E0
S31508006450000000003D3701083D3701080000000034
S315080064600200730001000000554401080000000006
S31508006470000000000000000000000000BD2C01081C
S315080064802933010800000000020072000200000023
S31508006490492C010800000000000000000000000070
S315080064A000000000000000000000000000000000DE
S315080064B00200870003000000315C010800000000AC
S315080064C0000000003D2C010800000000000000004C
S315080064D0000000000000000002007A00050000002D
S315080064E0A56401080000000000000000000000008C
S315080064F000000000B5690108B56901080000000040
S315080065000300620004000000A9480108DD2B010809
S31508006510E72B0108FD2B010800000000414A01088D
S31508006520F14901080000000002005A0001000000BD
S31508006530000000000000000000000000D12B010848
S31508006540000000000000000000000000000000003D
S3150800655002008000010000009531010800000000DB
S3150800656000000000C52B010800000000654801086E
S315080065704D4801080000000003002000020000004A
S31508006580DD4E0108000000000000000000000000C9
S3150800659000000000000000000000000000000000ED
S315080065A002008E0003000000C95501080000000023
S315080065B000000000000000000000000000000000CD
S315080065C0000000000000000002005900030000005F
S315080065D097620108000000000000000000000000AB
S315080065E000000000872901080000000000000000E4
S315080065F002008500020000001F5501080000000087
S315080066000000000000000000000000005D470108CF
S315080066106D470108000000000100FF00FF000000B0
S31508006620000000000000000000000000000000005C
S31508006630000000000000000000000000000000004C
S31508006640013800D0FCE77047044B054A1B781278DE
S3150800665013430CBF01200020704700BF78A5002017
S3150800666070A500208A4230B5054600F02A81974871
S3150800667022F4FF7323F0010383420ED0944B22F0D9
S31508006680FF00984209D0934C22F47F7323F003034A
S31508006690A34202D0904B984227D1904B21F0FF009D
S315080066A098420ED111F0FF000AD08D4B40F00070D1
S315080066B0984248D182EA0100FF288CBF00200120B9
S315080066C030BD834B9842EDD0A3F588539842E9D064
S315080066D021F4FF7323F00103B3F1062FE2D07E4CB9
S315080066E0A042DFD07B488342DCD001F0FE43B3F101
S315080066F0A06F12D102F0FE43B3F1A06F23D182EA54
S31508006700010333F47E131ED111F40040D8D0C1F32F
S315080067100540C2F305429042CFE7B3F1407F40F00F
S31508006720B98002F0FE43B3F1407F0CD182EA01033F
S3150800673033F47E1307D16B480840B0F1607F04D16B
S31508006740B5F5885F0ED00020BAE7B0F1707FFAD1B0
S3150800675005F4E040B0F5005FF5D115F4E06FC5F338
S315080067600220ADD05F4812F47C1400EA020019D06A
S31508006770B0F1607FC2F3054479D15B4DD0B240F0E9
S315080067800070A84279D000F17E4004380F285CD802
S31508006790DFE800F05A5A5B736567696B65675B5B90
S315080067A06567696BB0F1607F34D14F4DD0B240F068
S315080067B00070A84244D000F17E4004380F28DCD887
S315080067C001A555F820F000BF45680008456800088F
S315080067D07B67000841680008C76800080968000860
S315080067E00D68000811680008C768000809680008ED
S315080067F07B6700087B670008C76800080968000807
S315080068000D680008116800082024B6E73024B4E7AC
S315080068104024B2E7B0F1707F2DD105F4E040B0F521
S31508006820005F03D10124C5F30220844005F4E0404B
S31508006830B0F5005F09D10123C5F30225AB4004E09A
S3150800684010249AE7142498E7142311F47C1FC1F343
S31508006850054514D1A34214BF0020012030E71C23AC
S31508006860F3E72023F1E73023EFE74023EDE7B0F124
S31508006870707FEAD1DAE72346E7E71023E5E712F463
S315080068807C1F01D19D421CD011F400403FF418AF83
S31508006890A54212E7B3F1106F7FF455AF21F01F60E0
S315080068A020F4702000287FF44EAF02F0FE43B3F1C7
S315080068B0106F7FF405AF0D48104040F01060884215
S315080068C0C9E70120FCE61C2457E700BF00020006C2
S315080068D0001300060004000600090006000300066F
S315080068E0FF0000020000C07F030000020000FFF660
S315080068F0037E022B06D1C3695A1C03D00133C36138
S31508006900002070476FF09600704738B5064C074B65
S3150800691020461B689847064B204693F88052054B3D
S315080069201B689847284638BDF0120020C8A40020E6
S31508006930C8130020CCA400206FF01B0070479A42B1
S3150800694038BF88547047704710B1D1E900311847ED
S3150800695070472DE9F84F9846DDE90B490D9B15461A
S315080069609A0706460F4623D02A460A9B03EB040AD3
S315080069701444A24220D10D9B9B0705D5A2EB050A1C
S31508006980D14505EB0A0420D82046BDE8F88F4346D2
S3150800699039462020B0470AF1010ACA450AEB0B021C
S315080069A0F5D3A9EB04024C4588BF00222A44DCE74C
S315080069B0A246A5EB040BF0E702F1010B4346394664
S315080069C01AF8010DB0475A46D3E7434622463946D8
S315080069D02020B0470AF1010AD2E72DE9F0479E4682
S315080069E0DDE90D3CDDE90874DDE90B651CF0020FF5
S315080069F09DF828801FD10CF001094BB1B9F1000FA1
S31508006A0006D0B8F1000F02D11CF00C0F00D0013BE4
S31508006A104FF0300A02E007F804A00134A54201D974
S31508006A20202CF8D1B9F1000F05D04FF03009A34258
S31508006A3001D9202C1BD11CF0100F15D01CF4806F27
S31508006A4032D1C4B1AC4201D09C422DD1651E12D0C0
S31508006A50102E36D11CF0200FA4F1020456D1782648
S31508006A603E5530266C1C7E55202C36D00DE007F896
S31508006A7004900134DBE7102E10D11CF0200F26D12C
S31508006A8078243C7030247C700224B8F1000F31D091
S31508006A902D253D55013421E06224F2E7022EFBD074
S31508006AA030243C700124F0E7102E12D11CF0200F80
S31508006AB02AD1202C11D07826651C3E55202D0CD0C5
S31508006AC0CFE7022ECDD162247C550135F6E758244E
S31508006AD0D7E7022E0CD1202C08D12024CDE90A3C78
S31508006AE0CDE908747346BDE8F04732E72546EAE77C
S31508006AF02546E3E71CF0040F01D02B25C9E71CF057
S31508006B00080FEBD02025C4E7202CE6D05826651CB4
S31508006B10D3E72DE9F04391B0189E1A9F1D9C002ECD
S31508006B2038D124F0100C14F4806421D11CF0200F05
S31508006B3014BF4FF0410E4FF0610E00260DF12008EC
S31508006B40AEF10A0EB4FBF7F907FB19495FFA89F5A6
S31508006B50B9F1090F94BF30357544EDB2BC4208F857
S31508006B60015B06F10106B4FBF7F501D3202E14D11B
S31508006B701C9CCDF818C005941B9CCDE903749DF8A0
S31508006B806440CDE9016408AC0094FFF726FF11B014
S31508006B90BDE8F083A4463446C8E72C46D2E72DE97B
S31508006BA0F04F95B0CDE90A23DDE91E65DDE9228BB4
S31508006BB056EA0502CDE90801269B39D15A0523F084
S31508006BC010093AD419F0200F14BF41236123002479
S31508006BD00DF1300AA3F10A07294642465B463046BC
S31508006BE02BF044FDD2B2092A94BF3032D219464559
S31508006BF0D2B275EB0B0504F101040AF8012B01D397
S31508006C00202C17D1259BCDF818900593249BDDE9F8
S31508006C100801CDE903839DF88030CDE901430CAB2B
S31508006C200093DDE90A23FFF7D8FE15B0BDE8F08F1B
S31508006C309946C7E706460D46CEE70024E2E72DE962
S31508006C40F04F93B0CDE90A32DDE91C530E9353ECAD
S31508006C50102BCDE90801104619468DED060B1E9E30
S31508006C602CF0B8FA80B1DDE906014FF0FF32C64BC9
S31508006C702CF0D8FA40B9DDE906014FF0FF326FF47F
S31508006C8080132CF0B1FA68B1DDE908019DED060B19
S31508006C900E9B1E96CDE91C53DDE90A3213B0BDE8FA
S31508006CA0F04F86E10022DDE9060100232CF09CFA6C
S31508006CB0002800F03381DDE906A303F1004BCBF38E
S31508006CC00A5016F48063A0F2FF3008BF06250F931A
S31508006CD02BF0AEFF9CA3D3E900232CF013F89CA35A
S31508006CE0D3E900232BF058FECBF31304894644F06E
S31508006CF07F5180460022A54B504641F440112BF0A7
S31508006D0049FE95A3D3E900232BF0FCFF02460B4668
S31508006D10404649462BF040FE2CF08EFA04462BF0EE
S31508006D2087FF8FA3D3E90023804689462BF0EAFF25
S31508006D300022974B2BF030FE2CF07EFA8AA3D3E97B
S31508006D4000230746494640462BF0DCFF8046384676
S31508006D5089462BF06DFF86A3D3E900232BF0D2FFDB
S31508006D6002460B46404649462BF014FE02460B46A1
S31508006D70CDE90C232BF0C6FFDDE90C2380468946B6
S31508006D80104619462BF008FE0022CDE91001814B6A
S31508006D90404649462CF0E0F800227F4B2BF0FCFDDC
S31508006DA002460B46404649462CF0D6F800227B4B55
S31508006DB02BF0F2FD02460B46404649462CF0CCF82D
S31508006DC0DDE90C238046894600204FF080412BF0F0
S31508006DD0E1FD02460B46404649462BF0DDFD0246DC
S31508006DE00B46DDE910012CF0B7F807F2FF37002251
S31508006DF06B4B2BF0D1FD00223B052BF083FF52464F
S31508006E005B46804689462CF00DFA002840F08980BA
S31508006E10CDE90C8904F16303C72B34BF0427052782
S31508006E2031051BD554A3D3E90023504659462CF007
S31508006E30EFF900287FD052A3D3E9002350465946DC
S31508006E402CF0D2F9002876D00027A542C6BF2C1B05
S31508006E5004F1FF3500253C4646F480660E9B9F42AA
S31508006E602CBF4FF00008A3EB070816F0020903D061
S31508006E70002F18BF4FF000083CB1DDE90C2350463F
S31508006E8059462CF069F882468B46DDE90601002250
S31508006E9000232CF0A9F910B10BF100439B46DDE95C
S31508006EA0080126F40063CDE90183DDE90A324BECDB
S31508006EB010AB009500F07DF802465FB3DDE90913D3
S31508006EC016F0200F00F10105089E0CBF652045202D
S31508006ED0B047DDE908010523002205930A23002CA3
S31508006EE0CDE9023207F1FF374FEAD473B8BF6442DF
S31508006EF02A46019304970A9B0094FFF70AFE024666
S31508006F00B9F1000F06D00B9BC41A0B9B1A190E9BDE
S31508006F10A34247D8104613B0BDE8F08FDDE906ABAB
S31508006F20CDE60022404649461B4B2CF015F8013C9D
S31508006F30CDE90C016EE7002D90D00F9B002B8DD06C
S31508006F40013D8BE7AFF30080FB799F501344D33F95
S31508006F50B3C8608B288AC63F61436F63A787D23F51
S31508006F6071A379094F930A401655B5BBB16B024018
S31508006F70EF39FAFE422EE63F2D431CEBE2361A3F66
S31508006F800000000080842E41FFFFEF7F0000F83FDD
S31508006F900000E03F00002C4000002440000018409C
S31508006FA00000F03F2020DDE90913089DA8470134B9
S31508006FB0ABE72DE9F04F5BEC10AB97B0CDE90501D7
S31508006FC0DDE92057CDE90723504652465B46594628
S31508006FD0229E2CF0FFF870B90323CDE902760193BF
S31508006FE0AF4B0093DDE90501DDE90723FFF7B1FCA7
S31508006FF017B0BDE8F08F4FF0FF326FF4801350469C
S3150800700059462CF0F1F828B10423CDE9027601930C
S31508007010A44BE6E74FF0FF3250465946A24B2CF0F8
S3150800702001F968B1A14A06F00403002B08BF032240
S315080070309F4B1CBF13460422CDE902760192D0E786
S31508007040504693A3D3E9002359462CF0EBF838B9F8
S3150800705091A3D3E90023504659462CF0C5F860B1F0
S31508007060DDE90723DDE905014BEC10ABCDE9217617
S31508007070209517B0BDE8F04FE1E500220023504601
S3150800708059462CF0B1F8002800F09A805B46524623
S31508007090002000212BF07EFC012382468B460993B3
S315080070A016F4806400F08E80092D40F28E8000244C
S315080070B030210EABA5F109020134202C03F8011B7F
S315080070C0A5EB040901D09442F6D1594650462CF056
S315080070D0B3F8784B054603EBC90393ED007B8DEDBA
S315080070E00A7B2BF0A5FD02460B46504659462BF067
S315080070F051FCDDE90A232BF005FE02460B46CDE9D5
S315080071000C232CF0C1F880462BF082FD02460B4674
S31508007110DDE90C012BF03EFC02460B46CDE90C23BB
S315080071200022654B2CF07EF8002851D008F10108A2
S3150800713040462BF06DFD02460B46DDE90A012CF0B0
S315080071405DF810B14FF000080135B9F1000F50D1C4
S3150800715028462BF06DFD02460B46504659462BF045
S3150800716019FC0022544B804689462CF03DF830B174
S31508007170002240464946504B2CF054F810B1E80717
S3150800718000D501350A210EAB1A19202C0AD095FB19
S31508007190F1F001FB1055303502F8015B0134054664
S315080071A00028F2D106F00302012A57D1002F55D044
S315080071B0099A12B916F00C0F00D0013F302245E0AB
S315080071C009906DE74FF006097FE7A94600247CE79A
S315080071D00022DDE90C01384B2CF006F80028B4D162
S315080071E0B8F1000F02D018F0010FAED008F101086F
S315080071F0ABE70A210EAB2344202C0ED0B8FBF1F0E6
S3150800720001FB1082B8F1090F02F1300209F1FF39CA
S3150800721004F1010403F8012B11D83021A1440EAA68
S31508007220202CAFD0A14504F101030AD11C4609F16F
S3150800723058030DEB03092E2309F8203CA2E78046E4
S31508007240DAE7A1541C46EBE71A550134A74205D9DB
S31508007250202CF9D1CDE902760194C2E6202CF9D08A
S31508007260099A3AB12D2104F158026A4402F8201C01
S315080072700134EFE7710704D504F158022B216A445B
S31508007280F4E73207E6D504F1580220216A44EDE70F
S315080072900000000065CDCD410000000065CDCDC1E0
S315080072A0398803083D880308FFFFEF7F3088030805
S315080072B035880308A88803080000E03F064B1B68CA
S315080072C04BB11B78032B01BF044AD2F8243143F093
S315080072D00043C2F824317047C01F00200000035045
S315080072E070477047014BA3F86E0470477863002017
S315080072F0074BB3F87C3443B9064B5B681B78023BF3
S31508007300012B8CBF0320042070470320704700BF61
S31508007310786300204CA60020064AB2F872342BB1D6
S3150800732092F87034002B0CBF0123022382F86C34C8
S31508007330704700BF78630020024BC3F87404A3F8B3
S315080073407214E9E77863002004289DBF024B1B18D6
S3150800735093F8500005207047A88803080220704754
S315080073601E286FF00503A8BF1E209842B8BF18460E
S315080073700023064A12F9011B814204DA0133102B55
S31508007380F8D10F207047D8B2704700BFFD880308B0
S31508007390D0F80230827AC0F81930C388C2F3C00127
S315080073A0437702F001031B0143EA8113C2F300117C
S315080073B043EAC11343F001038377C37AC2F3800219
S315080073C043EAC213C377038980F821307047D0F89F
S315080073D00230C0F81930C3884377837A13F0100F48
S315080073E00CBF01220822C3F3C001C3F380035B016B
S315080073F043EAC11313438377C37A027B80F82130AB
S315080074000389C2F3800180F8223002F001031B01D0
S3150800741043EAC113C2F3400243EA4213C3777047F3
S31508007420D0F80230C0F81930C3884377837AC3F39B
S31508007430C00203F001031B0143EA821343F005036C
S315080074408377037BC27A5B0103F060031343C37738
S31508007450038980F821307047D0F80230C0F8193017
S31508007460C3884377837AC3F3C003DB0143F005037C
S315080074708377C37A80F82130038980F82230037B2A
S315080074801B0103F03003C3777047D0F80230827AC5
S31508007490C0F81930C388C2F3C0014377C2F340036A
S315080074A05B0143EA811302F0010243EA021343F047
S315080074B003038377C37AC377038980F8213070473B
S315080074C0D0F80230C0F81930C3884377837AC3F3FB
S315080074D0C002C3F340039B0143EAC21343F003030C
S315080074E08377C37A80F82130038980F82230037BBA
S315080074F0C3F38003DB01C3777047D0F80230C0F8C6
S315080075001930C3884377837AC3F3C00203F00103B3
S315080075101B0143EA821343F002038377C37AC377D6
S315080075207047D0F80230027BC0F81930C388C2F31E
S315080075308001437702238377C37A80F8213002F0EB
S3150800754001031B0143EAC113C2F3400243EA421393
S31508007550C37770477047342021F06CBB08B50548DF
S3150800756005F030FB044B0549D3F88004BDE8084014
S315080075702FF094BC10A500207863002081750008C0
S3150800758008B50F4805F030FB0E4AD2F88834012BAF
S315080075900CD9591C1CBF03F1FF33C2F888340A49B9
S315080075A0D2F88404BDE808402FF078BC00210122F7
S315080075B0064B10461970BDE8084022F08FBD00BF83
S315080075C010A50020786300205D7500086C5C00201B
S315080075D010B5032004F0A6FF40B1074C0749206800
S315080075E00FF0A8FF064920680FF0A4FFBDE8104079
S315080075F0302021F01FBB00BFC407002030780308E5
S315080076004288030838B5032004F08CFF002847D0C9
S31508007610244B254D93F88C44244928680FF08AFF9B
S31508007620212C28681CD8212C34D8DFE804F017351B
S31508007630112133232527292B332D33333333333382
S3150800764033333333333333333333333333332F3102
S31508007650174A1849BDE838400FF06CBF164AF8E7D4
S31508007660FE2C1BD0144A154BFF2C18BF1A46F0E700
S31508007670134AEEE7134AECE7134AEAE7134AE8E740
S31508007680134AE6E7134AE4E7134AE2E7134AE0E750
S31508007690134ADEE7094ADCE7124ADAE7124AD8E76C
S315080076A038BD00BF78630020C4070020307803087F
S315080076B0688803089A8803085D88030860880308B1
S315080076C06C8803086F88030872880308758803089E
S315080076D0788803087B880308818803088788030855
S315080076E08A880308978803088D88030870B5B8B098
S315080076F06A22002168462CF040F9712200211BA855
S315080077002CF03BF914486A236A460521006819F0EB
S31508007710CFFF0C24114E03AD052229461BA82DF0D8
S3150800772065F92F2C07D031461BA805342DF04FF9E3
S31508007730E4B20535F0E7032004F0F4FE48B1084C3E
S31508007740084920680FF0F6FE074920681BAA0FF0C3
S31508007750F1FE38B070BD00BFC01F0020508403087A
S31508007760C4070020307803088E780308014610B154
S3150800777000200FF0CEBB704738B50125846B90F812
S315080077803010206A05FA01F12FF09AFF94F82C10B0
S31508007790206B05FA01F1BDE838402FF071B9034BAB
S315080077A04FF48071D3F8B8042FF06AB978630020D3
S315080077B0002307B50193104B104A5B68FE28C3F3F4
S315080077C008030CBF4FF480414FF40051D2F8B804B7
S315080077D023B903B05DF804EB2FF052B901AA2FF0D4
S315080077E0F7FA019B2BB14FF0E0234FF08052C3F814
S315080077F0042D03B05DF804FB00ED00E0786300207B
S31508007800002307B50138019307280CD8DFE800F0F4
S31508007810190B040B160B0B1C012101AA0C4BD3F8F0
S31508007820B8042FF0D5FA019B2BB14FF0E0234FF0A7
S315080078308052C3F8042D03B05DF804FB402101AA69
S31508007840ECE7042101AAE9E74FF4004101AAE5E7BC
S3150800785078630020002307B502380193052818D855
S31508007860DFE800F01C171E17031520210D4B01AA8F
S31508007870D3F8B8042FF0ACFA019B2BB14FF0E023F4
S315080078804FF08052C3F8042D03B05DF804FB1021B5
S31508007890ECE7054B054A5A6219F006FE0221E5E7B0
S315080078A00821E3E7786300200000085001001D0363
S315080078B008B5024A024B5A6219F0F6FD02001D038A
S315080078C000000850074B93F8BC2412F0300207D189
S315080078D0B0F57A6F04D801230221184622F000BFBA
S315080078E0704700BF7863002008B5002014F012FD29
S315080078F0044B4FF40071D3F8B804BDE808402FF0E4
S31508007900BFB800BF78630020012014F003BD022031
S3150800791014F000BD08B51FF033F9002022F09EFED2
S31508007920BDE80840022014F0F5BC37B5284CE068DD
S315080079302CF039FFC307054602D5E0682CF052FF44
S3150800794015F4881F42D04FF0FF33CDE90033214BA1
S3150800795093F8BD3403F0FF0543B100201EF07FFF06
S315080079600022E06811462DF08EF80125D4E90210B0
S315080079702DF08FF823780A3B012B08D80022E068FF
S3150800798011462CF0C8FD6946E0682AF009FC002279
S315080079900121E0682CF0BFFD01A9E0682AF000FC8F
S315080079A000980D4B1860019959601FF0FFF80020E8
S315080079B01EF055FF55B16368187820F0D5FA0122F4
S315080079C0E06811462DF05FF821F01AFF03B030BDCC
S315080079D04CA6002078630020000008502DE9F04FDF
S315080079E0664E8FB01422002103A82BF0C6FF022191
S315080079F0F06803AA2CF012FF0446002846D0604D12
S31508007A0005F2BF47D5F8A83413B19A6801329A60CF
S31508007A101822002108A8BDF80EA02BF0AEFF2146BB
S31508007A20F06808AA2CF0FCFEF8B995F8BE249DF873
S31508007A303310B36802EB4200C2EB801007F800A0CF
S31508007A400B44197E9146032907EB000821D801311A
S31508007A50C9B203291FD004290CBFBE2140215FFAF1
S31508007A608AF38B4219D900233B544FF0000821466C
S31508007A70F0682CF0D9FE0221F06803AA2CF0CEFE9D
S31508007A800446B8F1000F72D10028BBD10FB0BDE88B
S31508007A90F08F4021E3E7AA21E1E70132D2B2032AB7
S31508007AA028BF002285F8BE2400220092214608F14C
S31508007AB00102F0682CF0CAFE9DF83330FE2B04BF95
S31508007AC0337C8DF833301EF01CFF9DF833B05845D3
S31508007AD0CBD9B3682B4A5B441B7E5846032B8EBF13
S31508007AE000230133DBB202F8393002EBC90A1EF073
S31508007AF09DFF73688AF801001B7863B1012B0AD0D1
S31508007B00022B32D1BBF1020F94BF4FF0000B4FF09E
S31508007B10010B4FEA4B038AF802309DF82E30D5F850
S31508007B2018278AF80330089BCAF80430D8F80130B9
S31508007B301BBA934211D0D5F8A83413B15A69013249
S31508007B405A610338C3B2012B07D8182303FB005028
S31508007B50D0F828370133C0F8283741465046D5F8BB
S31508007B60B03498474FF0010881E70223D3E700288D
S31508007B708CD00120D5F89834984787E74CA6002082
S31508007B8078630020746A002070B578B1042830D173
S31508007B90194D95F94C37002B25DA05F5EA6018F0EA
S31508007BA0DBF820B90220003818BF012070BD002676
S31508007BB0032405F2DC70C5F8D86785F8524718F033
S31508007BC0CBF80028EED0B5F86838C5F8646885F8AB
S31508007BD0DE4753B905F50E65AA7842B901330F2B6E
S31508007BE005F11C05F8D10020DDE72046DBE701207A
S31508007BF0D9E718F0D1F8D6E77863002010B5A2B017
S31508007C0004468822002168462BF0B7FEC32368463F
S31508007C108DF800308DF8044020F0B4FE22B010BD77
S31508007C2070B5114C94F8705494F8843A05F0070628
S31508007C3033B1002E0CBF00238823A4F8783470BD16
S31508007C4011F01BFE00280CBF2E23962316B10C3B01
S31508007C509BB2F2E72A06F0D5143B9BB25B009BB2B7
S31508007C60802B28BF8023E8E77863002008B5044BFB
S31508007C7083F87004FFF750FBBDE80840D0E700BF63
S31508007C807863002010B4D0F80220C4880189C0F8AF
S31508007C90192022094277C1F3032242EA04128277A5
S31508007CA0027BC177817AC2F38002C1F3C0019201D7
S31508007CB042EAC11242F0010280F82120C27A5DF838
S31508007CC0044B80F8222012F07DBE10B4D0F80220B2
S31508007CD0C4880189C0F8192022094277C1F3032212
S31508007CE042EA04128277C177027E90F848105DF85E
S31508007CF0044B0A4480F82020027BC2F380029201DA
S31508007D0042F0030280F82120C27A80F82220427CC1
S31508007D1080F8252012F056BEF0B5067E90F8487019
S31508007D200446F319013380F82030012387B0037025
S31508007D300D4B02AD0FCB85E80F00A37C31468DF8BD
S31508007D400F30E37C28468DF81030636904F1190278
S31508007D50059304F1490300933B4621F0F3FB07B072
S31508007D60BDE8F040FFF7F0BA10890308F0B5067EC3
S31508007D7090F848700446F319013380F8203002233E
S31508007D8087B003700D4B02AD0FCB85E80F00A37CBF
S31508007D9031468DF80F30E37C28468DF8103063693C
S31508007DA004F11902059304F1490300933B4621F0B7
S31508007DB0C9FB07B0BDE8F040FFF7C6BA208903083B
S31508007DC0F0B5067E90F848700446F319023380F839
S31508007DD02030052387B003700D4B02AD0FCB85E825
S31508007DE00F00A37C31468DF80F30E37C28468DF8CA
S31508007DF01030636904F11902059304F149030093ED
S31508007E003B4621F09FFB07B0BDE8F040FFF79CBA60
S31508007E1030890308F0B5067E90F848700446F319D1
S31508007E20023380F82030062387B003700D4B02AD6D
S31508007E300FCB85E80F00A37C31468DF80F30E37C25
S31508007E4028468DF81030636904F11902059304F188
S31508007E50490300933B4621F075FB07B0BDE8F040A7
S31508007E60FFF772BA40890308F0B5067E90F84870A5
S31508007E700446F319023380F82030072387B00370CD
S31508007E800D4B02AD0FCB85E80F00A37C31468DF86C
S31508007E900F30E37C28468DF81030636904F1190227
S31508007EA0059304F1490300933B4621F04BFB07B0C9
S31508007EB0BDE8F040FFF748BA5089030870B5174C7B
S31508007EC086B0B4F8B8300189ADF8043000238DF8CF
S31508007ED00630134B8DF805105B6806461A78D0F8FD
S31508007EE0020018F0F3F840F213120E4B02ADA3F895
S31508007EF0862A04F1BC038DF806000FCB85E80F002F
S31508007F00F37C0321284601AA8DF8103021F0D2FB14
S31508007F1006B0BDE87040FFF717BA00BFA888030887
S31508007F204CA600207863002070B5174C86B0B4F8CC
S31508007F30B8300189ADF8043000238DF80630134BAC
S31508007F408DF805105B6806461A78D0F8020018F016
S31508007F50BDF840F24C420E4B02ADA3F8862A04F156
S31508007F60CC038DF806000FCB85E80F00F37C0321C0
S31508007F70284601AA8DF8103021F09CFB06B0BDE812
S31508007F807040FFF7E1B900BFA88803084CA6002097
S31508007F9078630020552370B5044686B0D0F8026091
S31508007FA0C57C90F913000193FFF7DAF9218902AC31
S31508007FB0C1F3032343EA00138DF805300E4B8DF801
S31508007FC006105B6830461A7818F080F872220B4B58
S31508007FD08DF80700A3F8862A094B0FCB84E80F0013
S31508007FE00421204601AA8DF8105021F063FB06B043
S31508007FF0BDE87040FFF7A8B94CA6002078630020BA
S3150800800084890308552370B5044686B0D0F8026003
S31508008010C57C90F913000193FFF7A2F9218902ACF8
S31508008020C1F3032343EA00138DF805300E4B8DF890
S3150800803006105B6830461A7818F048F872220B4B1F
S315080080408DF80700A3F8862A094B0FCB84E80F00A2
S315080080500421204601AA8DF8105021F02BFB06B00A
S31508008060BDE87040FFF770B94CA600207863002081
S31508008070948903082DE9F04104462646077E90F8C0
S31508008080488086B007EB0803023380F82030104B8F
S3150800809002AD0FCB85E80F00A37C16F8190B8DF8F7
S315080080A00F30E37C49348DF8103054F8353C05938D
S315080080B011F0C8FB43468DF8090032463946284672
S315080080C0009421F03FFA06B0BDE8F041FFF73CB94D
S315080080D0A489030830B5144B87B0B3F8B820054611
S315080080E0ADF80420028902AC8DF80520552203F567
S315080080F086738DF806200FCB84E80F00287811F0D8
S31508008100A1FB6422094B8DF80900A3F8862AEB7CAB
S315080081100321204601AA8DF8103021F0CBFA07B0CA
S31508008120BDE83040FFF710B9A88803087863002037
S31508008130EFF305830F2B84BF034A9B5C4FF0E023C4
S31508008140D3F80C3D704700BFF0E300E0002307B505
S315080081500193054B1B682EF0E8FF019B002BFCD012
S3150800816003B05DF804FB00BF44A6002007B5074B23
S3150800817007480193C0F8E83A002301A91A46D0F83F
S31508008180EC0A2DF065FF03B05DF804FB0D930108BA
S315080081907863002038B5264CD4F8143C002B44D11B
S315080081A040B194F8BD34012B02D0012021F03EFBEA
S315080081B0012038BD1EF0E4FCD4F8B8540DB91D4BA7
S315080081C01D682DF0DDFD95F85C30022B04BF0023F9
S315080081D085F85C302DF012FED4F8B80401212EF093
S315080081E097FCD4F8B80404212EF092FCD4F8B8040D
S315080081F040212EF08DFCD4F8B80402212EF088FC1C
S31508008200D4F8B80408212EF083FCD4F8B804102159
S315080082102EF07EFCD4F8B80420212EF079FC12F05A
S3150800822057FB002018F06CFCC2E70020C1E700BF2E
S3150800823078630020900A002038B50B4CD4F8183C17
S315080082401B691D682DF09CFDAD6B2DF0D7FD4DB15A
S315080082500121064B186894F81C3C9940BDE8384043
S315080082602EF00EBC38BD00BF78630020900A0020AF
S31508008270E2E7054A92F81D3C13B1013B82F81D3C22
S31508008280002382F81E3CD7E77863002070B51446B1
S31508008290134A064692F81D3C0D46A2B013B1013B9F
S315080082A082F81D3C8822002168462BF066FBC02315
S315080082B08DF80030012301968DF808308DF80950A5
S315080082C034B10FCC03AD0FC594E8070085E8070065
S315080082D0684620F057FBFFF7AFFF22B070BD00BF1E
S315080082E078630020EFF3148010F0010F14BF00200C
S315080082F001207047EFF3148040F0010080F31488E2
S31508008300704710B50A46044620B119B1044B00213E
S315080083101B6898472046BDE810400BF032BD00BFE9
S3150800832014A50020F8B50D4E0D4C0E4D33680E48B9
S31508008330984767782B680C48984733680B489847DE
S31508008340022F08D12478E31F5C425C412B6807485A
S3150800835098472046F8BD0024F8E700BFC8A40020C7
S31508008360BC130020CCA4002054130020F0120020D7
S3150800837041F2052398421AD8B0F5905F09D241F226
S31508008380010398420CD0B0F5885F09D06FF08500DC
S3150800839070472923A0F5905080B2C340DB07F5D576
S315080083A011F0070F0CBF00206FF086007047B0F57C
S315080083B0105FEBD121F04003802B06D0B1F5807F0A
S315080083C00CBF00206FF0860070470020704770B51C
S315080083D0046A05460E463CB901200BF0C3FD286227
S315080083E028B120466E6270BD6FF08A00FBE76FF019
S315080083F08C00F8E738B50446006A10B1616AFFF7E1
S3150800840080FF237E012B0FD0023B012B0FD8E36997
S31508008410012B0CBF00256FF0960528220021204667
S315080084202BF0ABFA284638BDE369002BF1E76FF06D
S315080084309605F2E7034660B1017E8A1E012A0AD82C
S315080084400329C26902D1012A00D1D3E71AB1013A38
S31508008450DA61002070476FF0960070472DE9F04109
S315080084608EB004460E46FFF75DFF00285FD007F082
S31508008470C3FB20B16FF092000EB0BDE8F08104A8EE
S315080084802EF058FD05460028F4D10090002E4CD059
S31508008490002CEFD036F0030706F003081DD04FF086
S315080084A0E063CDE9043001230194069002930C9011
S315080084B047F0005301A904A803932EF04BFD04A826
S315080084C039462EF03EFD04A82CF036FC28B13A4673
S315080084D0294620462BF051FACCE7B8F1000F24D0F4
S315080084E000254FF0E063CDE904350123CDF804D02B
S315080084F00293104B01A904A8039306950C952EF038
S3150800850029FD04A804212EF01CFD04A82CF014FC57
S3150800851008B13246DCE7009A3C44C300013022FA2F
S3150800852003F3804504F8013BF7D10020A4E76FF078
S315080085308800A1E70400002000F0FE43B3F1A06F15
S315080085403FD1214B20F0FF029A4203D110F0FF00E1
S3150800855027D170471D4B9A4220D0A3F588539A42DB
S3150800856018D020F4FF7323F00103B3F1062F0DD0C2
S3150800857017498A4206D0174A93421BD110F0FF00CA
S315080085800FD1704710F0FF000BD1704710F0FF00B5
S3150800859007D1704710F0FF0003D1704710F0FF00B5
S315080085A011D00D4B40F00070984214BF00206FF0B8
S315080085B08600704710F4004F0CBF00206FF086004D
S315080085C070476FF086007047000300060013000628
S315080085D00009000600040006FF000002426870B5A4
S315080085E0120A0588438806D0012A56D000236FF060
S315080085F086000B6022E005F4E042B2F5805F02D007
S31508008600B2F5005F05D10733DB0840D16FF085006E
S3150800861014E005F44F42B2F5844F03D10733DB0863
S315080086200AD1F3E747F20102954208D15B08013304
S31508008630DB0803EBC3033B3300200B6070BD44F239
S315080086400102954202D1DB081033F5E747F2020230
S31508008650954204D1DB0803EB43035A33ECE744F2B3
S315080086600202954204D1DB0803EB43034A33E3E7EE
S3150800867025F0FF05B5F5E24FD0D0B5F5824FC5D147
S315080086800733DB085B000133012BD5D1BEE725F0A4
S31508008690FF05B5F5824FCFD1F6E705F4E046DC1DB8
S315080086A0B6F5805F25F0FF004FEAD40202D0B6F592
S315080086B0005F06D1002A4DD0B0F5824F07D1134688
S315080086C043E005F44F46B6F5844F05D1C2B3D31C33
S315080086D023F003032C33AFE747F20106B54210D166
S315080086E05B080133DB0803EBC3033B330333920711
S315080086F023F0030301D1072CECD1B0F5824F30D01B
S31508008700E8E744F20106B54202D1DB081033EDE78B
S3150800871047F20206B54204D1DB0803EB43035A339A
S31508008720E4E744F20206B54204D1DB0803EB43034F
S315080087304A33DBE7B0F5E24FC8D0B0F5824F02D036
S315080087400B680333C4E753000133012B00D10B68D0
S31508008750013BCBE7B0F5824F0B68F2D1023323F029
S3150800876003030433B6E7F8B506460F46FEF7CDF819
S3150800877088B300241B4B22461D46197ED1B13CB94D
S31508008780022905D1D96919B91979002918BF1C46D2
S315080087900132102A03F12803EFD114B96FF08C00C7
S315080087A006E02046FEF7A4F82046FFF723FE10B1A0
S315080087B000240EE01C46237E83B9012323763EB1AE
S315080087C0651BED1003F1CC335D4305F1804535603B
S315080087D000203C60F8BD6FF08800E9E76FF096006E
S315080087E0E6E700BFC813002000232DE9F04F0B6011
S315080087F08FB006468846FEF788F8002800F05981AB
S31508008800AD4BAE481B68984700283AD106F140435D
S315080088100F2B16D82822AA4902FB03110B7E022B1E
S3150800882002D14B699E421FD041460020FFF79BFFAD
S31508008830DFF890B2044688B3DBF800309F489847C3
S3150800884021E0002E27DD9E4B19461A7E022A02D108
S315080088505A69964205D00130102803F12803F4D14D
S31508008860E2E7282303FB00110846FEF741F8044611
S3150800887068B9C8F80010934B1B689048984710B120
S315080088800CB96FF08F0420460FB0BDE8F08F10F1D9
S315080088908C0FF0D1C8E76FF08704ECE70125D8F80C
S315080088A000A021468146CAF814603046CAF804502A
S315080088B00AAA07F0B1FE044600285ED10A9F284698
S315080088C039460BF04FFB0546002800F0E480304699
S315080088D0494608AA07F0A0FE0446002849D147B130
S315080088E0B5F1005F50D3C7F1005303F580339D42BD
S315080088F04AD80024102200210AA82BF03EF8CDE918
S31508008900054407F0BBFB07AB029305AB019306AB27
S3150800891022460093304649460AAB07F061FC0446F6
S3150800892070BB059C2A46069B07996748A74294BFD1
S315080089300097009405F022F90646A0B907F0CEFB89
S31508008940A74221D8232F22D86FF098043946284603
S31508008950FFF7D7FC31460020FFF7D3FCD8F8000014
S31508008960FFF748FD56E007F0B9FBA7420CD86FF0B1
S31508008970910439462846FFF7C4FC002108467EE0E4
S3150800898007F0ACFB002FF4D06FF09804F1E708224B
S3150800899028464E492BF0F1FF0028D5D1AB68002BAD
S315080089A0D2D12E6AA7F124039E42CDD8B6F5005F30
S315080089B0CAD29EB3314601200BF0D4FA814600286C
S315080089C058D0324605F124012BF0A5FFEB6839464D
S315080089D0CAF804302B8A2846AAF800306B8AAAF807
S315080089E002306B69CAF80830AB69CAF80C30EB6913
S315080089F0CAF81030B9F1000F00D08EB9FFF781FC24
S31508008A0031464846FFF77DFCD8F80000FFF7F2FC30
S31508008A106FF091040023C8F8003028E0B146D5E786
S31508008A20FFF76FFC31465046FFF7D1FC044620BBE2
S31508008A3032464946DAF820002BF06DFF31464846A3
S31508008A40FFF75FFCD8F800008368D9042DD4836843
S31508008A509A0444BF43F400638360037E012B04BF7A
S31508008A6002230376FDF744FF04460028D2D1DBF83B
S31508008A70003002E76FF08C0468E731464846FFF796
S31508008A8040FCD8F80000FFF7B5FC14F18C0F08BFBE
S31508008A906FF08704BEE72146FFF733FCD8F80000DD
S31508008AA0FFF7A8FC6FF08C04B4E743F48063836097
S31508008AB0CDE76FF08804E6E6C8A400208C120020F3
S31508008AC0C8130020CCA40020A8080020C4890308E5
S31508008AD0F0B5044685B0D0B101A9FFF785FE044676
S31508008AE0A8B9274B27481B689847274F0546019E74
S31508008AF0A0BB337E032B12D13046FFF79BFC3B68A5
S31508008B0004462048984728B10CB96FF08F042046D0
S31508008B1005B0F0BD002C08BF6FF08704F7E7022BFD
S31508008B2028D1032333763379FF2B26D0B3B1746962
S31508008B302946204602AA07F06FFD8C300DD0204644
S31508008B40294607F090FD30B92046294602AA07F0C3
S31508008B5063FD8C3001D06FF098052C463046FFF740
S31508008B6069FC3B68002818BF044606489847002851
S31508008B70CDD0C9E76FF09604F0E76FF08404EDE70F
S31508008B80C8A400208C120020CCA400200B4B10B5E2
S31508008B901B6804460A48984718B16FF08F042046A8
S31508008BA010BD2046FFF746FC064B04461B680448E2
S31508008BB098470028F3D0002CF1D1EEE7C8A400208E
S31508008BC08C120020CCA400202DE9F84388461746CD
S31508008BD01C46FFF709FE054648BBD8F80060B3688F
S31508008BE0B6F800909F431AD10CB3254B24F0FF0228
S31508008BF09A421FD114F0FF0304D0224A43F00073AF
S31508008C00934232D022464846F168FDF72BFD0746C7
S31508008C1068B9224648463169FDF724FD70BB6FF0F6
S31508008C20840500233046C8F80030FFF7AFFF284612
S31508008C30BDE8F883144B9A42DCD0A3F588539A42D0
S31508008C40D8D024F4FF7323F00103B3F1062FD1D053
S31508008C500E498A42CED00E4A9342CBD004F0FE4348
S31508008C60B3F1407F04D12304CCD56FF08605D8E74D
S31508008C70B3F1A06FF7D0034B9C42C2E73D46D6E757
S31508008C8000030006FF0000020013000600090006A4
S31508008C900004000673B50C46054618220021204636
S31508008CA02AF06BFE002328461A4601A9FFF78CFF17
S31508008CB060B9019E35460FCD0FC495E8030084E8D8
S31508008CC00300304602B0BDE870405FE702B070BDF1
S31508008CD02DE9F04F984691B00B1E0A93AF4B91467B
S31508008CE014BF83469B4600241A9E98F8000070B964
S31508008CF04C4538BF22464B464FF000000A9928BF1C
S31508008D0009F1FF32D847204611B0BDE8F08F252873
S31508008D1008F1010806D022464B460A99651CD84731
S31508008D202C46E2E700230DE02D2A2AD0302A06D069
S31508008D30303A092A4FF0000711D80A2532E043F0E5
S31508008D4001038846414611F8012B2B2A1CD0EBD883
S31508008D50202A1CD0232A1DD02A2A2BD0002798F88F
S31508008D6000202E2A64D198F8011008F10102A1F119
S31508008D703000092843F4806350D800254FF00A0CC8
S31508008D8026E043F00203DCE743F00403D9E743F0A7
S31508008D900803D6E743F01003D3E7884605FB072206
S31508008DA0A2F13007414611F8012BA2F1300009283B
S31508008DB0F3D9D4E756F8047B8846002FBCBF43F0A6
S31508008DC002037F42CBE702460CFB0511A1F13005F1
S31508008DD0104610F8011BA1F1300EBEF1090FF2D9A9
S31508008DE09046424612F8011B6C292AD022D86829D7
S31508008DF030D06A2939D018F8010B67287AD857284D
S31508008E004FD8452807D086D9462800F03681472806
S31508008E1081D143F4006343F0200344E12A2906D1B3
S31508008E2056F8045B08F1020825EAE575D9E7904685
S31508008E300025D6E7742901D07A29DCD143F480735A
S31508008E400EE098F801106C29F8D143F4407308F144
S31508008E500208D0E798F80110682903D043F0800388
S31508008E609046C8E743F0C003F1E743F40073F7E719
S31508008E700A2A00F06381072A7FF44DAF43F02103E5
S31508008E8005930823CDE903531023CDE9011356F8BA
S31508008E90043B2246009358464B460A99FDF739FE8D
S31508008EA0FBE0A0F158020F2A3FF635AF01A151F8B1
S31508008EB022F000BF258F0008178D0008178D0008BF
S31508008EC0178D0008178D0008178D0008178D0008E4
S31508008ED0178D0008178D0008178D0008258F0008C4
S31508008EE0C5900008258F00089F9000087F9000080D
S31508008EF09F900008A0F16902D2B20F2A3FF60BAF85
S31508008F00012149F2410C914011EA0C01B0D07828B0
S31508008F1003F4806125D1002900F0908023F00D022A
S31508008F20102307E0622803F4806227D1B2B923F040
S31508008F300C02022312F4007100F08380CDE9077257
S31508008F400022CDE9043206F1070A2AF0070A069537
S31508008F500292FAE80223CDE900233DE023F00D0250
S31508008F60E7E76F2812D0692823F0100240D023F0D3
S31508008F701C0209B123F01D020A23DBE758280FD18A
S31508008F809ABB23F00C0242F02002C9E719B923F074
S31508008F900C020823CEE723F00D02FAE7476900081A
S31508008FA042BB23F01002930527D5073626F007069D
S31508008FB0B24671685AF8083B0A26CDE907720027B7
S31508008FC0CA0F0029CDE904670695029202DA5B42C8
S31508008FD061EB4101CDE900314B46224658460A99D4
S31508008FE0FDF7DDFD044656467FE623F00D02CAE787
S31508008FF00029D8D023F01102D5E7D00506F1040AD6
S3150800900001D5336802E0510613D53378CDE90472E9
S315080090100A22002B02924FEAD37203950192B8BF37
S315080090205B4200934B46224658460A99FDF771FD66
S31508009030D8E71306E5D5B6F90030E7E723F00C02C2
S315080090406EE7D00506F1040A06D5CDE90472CDE926
S31508009050023501913368E4E7510608D53178CDE940
S3150800906002350023CDE90472CDE90013DAE7316849
S3150800907012F0800F18BF89B2F1E743F02003CDE95B
S315080090800173073626F007060095B6EC020B4B4629
S31508009090224658460A99FDF78CFF044625E66728B6
S315080090A001D143F40063CDE90173073626F00706BC
S315080090B00095B6EC020B4B46224658460A99FDF730
S315080090C0BEFDEAE713F0020523D04FF0010A631C40
S315080090D00B9322464B460A9916F8040BD8475DB3FC
S315080090E054460B9A1EE04B4620200A99D8470AEBAD
S315080090F004020AF1010A5745F5D8002F07F1FF3394
S3150800910008BF002307F1010A1C4408BF4FF0020AF2
S31508009110DDE7AA46EBE7551C4B4620200A99D847B7
S315080091202A460134BC42F6D3A7EB0A03574538BF93
S3150800913000230B9A1A440B920B9CD6E53246002D57
S3150800914052F8046B14BF29464FF0FF310B92324692
S315080091503144107808B18A4211D1A2EB060A13F4F9
S3150800916080620C9202D0AA4528BFAA4613F00203D1
S315080091700D931BD1AAEB040322460F9308E0013294
S31508009180E7E7531C0E9320204B460A99D8470E9AB8
S315080091900F9BD3189F42F4D8A7EB0A03574538BF4D
S315080091A000230AF101021C4403EB020AA31B0E93D7
S315080091B004E01D464B4622460A99D8470E9BF418EA
S315080091C016F8010B28B10C9B002BF3D06B1E002D53
S315080091D0EFD10D9B93B12246AAEB040505E0561C78
S315080091E04B4620200A99D847324653199F42F6D84B
S315080091F0A7EB0A03574538BF00231C440B9E74E5AA
S315080092000CB41FB506AC54F8043B0A460094014654
S3150800921004480394FFF75CFD04B0BDE8104002B0B3
S31508009220704700BF3F69000838B5451E15F8014F5D
S315080092302CB90A2120460DF06CFE204638BD214681
S3150800924000200DF066FEF1E71FB5034600914FF0CA
S31508009250FF3203A90248FFF73BFD05B05DF804FBA2
S315080092606D77000807B5009313460A46014603487A
S31508009270FFF72EFD03B05DF804FB00BF3F69000849
S31508009280F0B541F221050A44914200D1F0BD082308
S31508009290802411F8016B264214BF4FF0010C4FF0E1
S315080092A0000CC70B4000BC4580B218BF6840013BA4
S315080092B04FEA5404EFD1E7E7E82909D80123013931
S315080092C0C1F3CC0201F007018B40815C0B43835448
S315080092D0704710B5044680B1006870B100232CF0C1
S315080092E0B7FE012801460AD1A06808B9002010BDBA
S315080092F0237999402DF0C4FBF8E70220F7E701200F
S31508009300F5E770B5C46A0546ACB12CF039FD94F89A
S3150800931028602CF073FDAB6B95F830401D6A2CF075
S315080093202FFD2D682CF06AFD012000FA04F42C426A
S3150800933000D1304070BD2046FCE7F8B5046A054602
S315080093402CF01EFD2668012706F07F4323602CF0CB
S3150800935055FD002495F82430A34200D8F8BD07FA35
S3150800936004F3334205D0AB6A53F82400C36B03B148
S3150800937098470134EEE738B5056A0C462CF000FD2F
S31508009380012303FA04F12B6823EA01032B60BDE8E5
S3150800939038402CF033BDC36A70B505460E461BB37C
S315080093A02CF0CAFA03210022C06A2DF0E9FA012836
S315080093B0044613D132460421E86A2DF0E1FA012861
S315080093C004460BD195F83010A86BFFF7D4FF074B6E
S315080093D021461A68E86A2DF0D3FA04462CF054FDA3
S315080093E0601E18BF012070BD0120FCE76C630020D9
S315080093F0174810B5B0F87C3413B390F8BC4414F091
S31508009400300F23D0134A04F01003526852895AB118
S3150800941033B140F2823100F62840BDE81040BAE781
S31508009420A20613D5E021F6E72BB14FF47A7100F6C0
S315080094302840FFF7B0FFA30608D5FA210648ECE74F
S3150800944000F62840BDE810401FF0A4BA10BD00BFC2
S31508009450786300204CA60020A06F00202DE9FF416C
S315080094602F4F0DF10E01B7F87C3407F66840ADF8BA
S315080094700E3018F07DF9BDF80E30D7F8684CA7F80D
S315080094807C3403B97CB3631C2DD024BABDF80E30E6
S31508009490244DA7F87C34A7F87234C7F87444FDF74E
S315080094A03BFF6B684FF4800293F800800023BDF8F9
S315080094B00E60C7F81847A7F81467CDE90023E868CF
S315080094C02BF002F997F8B434012B17D1FF21E8687D
S315080094D02BF0F8FA55222146E8682BF001FB04B078
S315080094E0BDE8F04184E7104817F0D6FB0021044692
S315080094F00D48ADF80E101AF09FFCC7E73146E8682C
S315080095002BF0E0FA6B681B78012BE3D04246314614
S31508009510204616F0DBFDED68024621462846DCE7C4
S31508009520786300204CA60020E06F002038B52F4C49
S3150800953094F8BC3413F0300F52D02D4D6B685B890C
S31508009540002B40D0D4F86C3C0133C4F86C3C94F83A
S31508009550BD34042B02D101201FF0B6FF6B6894F8C6
S3150800956090241B7840F6B831012B40F6FF7308BFEC
S31508009570FF23032A94F8702C08BF4FF4FA6132B11E
S315080095801C4AD4F8740C1268121A91420FD2B4F815
S31508009590782C9A4215D117F0A1FC0B23B0FBF3F2F5
S315080095A002FB1301C9B214480631FFF7F4FE05237E
S315080095B04FF4FA620221002021F092F8BDE8384003
S315080095C016E70021EFE7D4F8BC3C0133C4F8BC3CED
S315080095D094F8BD34042BEAD101201FF075FFE6E7A5
S315080095E0D4F8C03C0133C4F8C03C38BD78630020C9
S315080095F04CA600206C630020F46F002037B51F4D81
S31508009600D5F8140C58B10378DA060AD500217F2359
S3150800961081731A4601900093084611F06BFD03B05A
S3150800962030BD448963051CD5837BD3B1013B837365
S315080096301DF0B2FA98B14FF47A72114B5B689B88A9
S31508009640B3FBF2F303339BB2B5F8861A0D48C1F1A2
S31508009650C801C91A89B203B0BDE830409BE60323A6
S31508009660F2E724F48C634381002111F073FAD5F8EC
S31508009670143C24F480645C81D1E700BF7863002041
S315080096804CA600203C7000202DE9F04FADF5117D69
S31508009690F822002152A82AF070F9B948FFF731FEDE
S315080096A010B1B7481FF076F9B64DB74ED5F8183C45
S315080096B052A91B6918682DF083FF012840F0AF8076
S315080096C0882200210EA82AF058F9C0238DF83830D0
S315080096D000239DF8487109ACC4E90033132F00F242
S315080096E08781DFE817F0560077008501A000EE00B5
S315080096F08501140021002D003700850145008501EC
S315080097008501850185015D018501850182010123A8
S3150800971085F81E3C9D4B2046236018F04FF8FF271E
S31508009720002840F02481F0E0012385F81E3C974B81
S315080097302046236017F062FA003818BF0120EEE7CA
S31508009740539B2660636013F051FB2146002016F0F8
S3150800975025FAF1E7539B22469DF85211BDF85001B0
S315080097602660636012F088FF003818BF01202FE0DA
S31508009770539B22466360002385F8443D01239DF8E8
S3150800978052119DF85001266085F8453D12F0B4FE49
S31508009790EAE79DF85011539B0020636001F03703F8
S315080097A0890648BF01219DF8517143F0200348BF3F
S315080097B085F8461D2660CDE90073CDE902000494BC
S315080097C0BDF8FC21B5F87C140DF5A97312F048F81C
S315080097D00227A5E79DF802723846FEF7D5F9D0B9F3
S315080097E0539B9DF8511163607F9B30AA30939DF877
S315080097F050310DF5A97031939DF8003226608DF829
S31508009800C8309DF801328DF8C9708DF8CA302346E4
S3150800981012F018FAA8E70A215948FFF7BCFD0DF51A
S31508009820117DBDE8F08F9DF85171594B3A4618469F
S315080098300DF5A9712BF06FF8539A9DF85091626057
S3150800984009F02002266009F0370885F8F12D00F1A5
S31508009850AD02034694E8030082E8030048F02002BC
S3150800986085F8012E0022B5F87CE44A49C5F8FC3D86
S31508009870CDE9301285F8022E85F8F2ED85F8007EDE
S315080098807FAABC330DF5057A9446BCE80300D44597
S3150800989018605960624603F10803F5D1DCF8000048
S315080098A0822F18609CF804201A712DD819F0010F20
S315080098B03A46414670460CBF374B30AB1DF000FBAD
S315080098C052E79DF8FE713846FEF75EF90028A2D1E8
S315080098D09DF851A12E4852460DF5A9712BF01BF89B
S315080098E0539B17F0FB0F63609DF8FD3126600793C5
S315080098F00AD00AF1FF33712B06D8D5F8208E98F8CE
S315080099008C93B9F1000F09D0022763688DF841706E
S315080099100F9301230EA88DF8403074E01C49524677
S3150800992001F1F900B5F87CB42AF0F5FF2021013FD2
S31508009930CDE90C998DF83670184F079A8DF83210C4
S3150800994094E8030087E8030098F88C130BAB1037EC
S31508009950A3F800B05A8009B10529D5D1012140469E
S3150800996030AA3197ADF8C8A0309319F095F9236855
S31508009970002B4AD095F81D3C013385F81D3C44E080
S315080099807C700020786300208D82000873820008AE
S31508009990BF70002019B901086C710020A871002059
S315080099A0539B9DF85001636095F8283F2660002B6D
S315080099B033D095F82C7F012F2FD10023184AD9B21E
S315080099C0884291BF002152A9C918497A0133052B4B
S315080099D002F8011BF3D11DF0FFFA2146012016F00B
S315080099E0DDF8003818BF01209AE61AF009F9BBE637
S315080099F08822002130A829F0C0FFC5238DF8C4703D
S31508009A008DF8C03030A81EF0BDFFD5F8183C52A915
S31508009A101B6918682DF0F3FD48E6012775E700BFB6
S31508009A20E87200202DE9F347D1F8388005460C4640
S31508009A3016461F46B8F1000F40D190F8243090F82A
S31508009A4025209A423CD9172B3AD82C230193019BFF
S31508009A50019B0223DFF86CA0DFF86C9081F82830B0
S31508009A600EB32CF059FD0123C4E9063894F82830C2
S31508009A70C4F800A043F00403C4F82090C4F8148086
S31508009A8084F828300020C4E90E57E46295F824309B
S31508009A9084F83030AA6A42F82340013385F8243026
S31508009AA002B0BDE8F0872CF037FD0123C4F800A00A
S31508009AB0C4E90636C4F820906661E3E70220EFE7BA
S31508009AC00120EDE7EC8403087977000828B9084BEC
S31508009AD093F8BC2412F0300205D0002302211A465E
S31508009AE0012020F0FDBD0221012020F0F7BA00BFB9
S31508009AF078630020034B4FF48051D3F8B8042CF058
S31508009B00BFBF00BF78630020F8B5144B024693F830
S31508009B109034032B07D0FDF7EBFB1346104C10448B
S31508009B20834202D1F8BD0220F7E700210A46651EE6
S31508009B30E71D15F9016F16F1800F1FBF9219013144
S31508009B4012B2C9B2BD42F4D129B192FBF1F203F8BF
S31508009B50012B0834E4E76FF07F02F8E7786300200A
S31508009B60ED7200202DE9F047234D95F89034032B2C
S31508009B7014D0FDF7BDFB06464FF000088027DFF836
S31508009B807C905FFA88FA56450AD895F8953F0133CE
S31508009B9003F0070385F8953FBDE8F0870226EBE753
S31508009BA01CF0D4FF4FEAC804F0B9B8F1010F09D187
S31508009BB0D9F804301B7813F0FD0F14BF4FF0010AD3
S31508009BC04FF0020A5146D9F80C002AF05EFF95F8C4
S31508009BD0953F2C441C44031EB8BF03339B1084F8DE
S31508009BE0753F08F10108CCE795F8953F2C441C44CD
S31508009BF084F8757FF5E700BF786300204CA600203F
S31508009C00B0E78142F8B5464C36D90023022984F8D4
S31508009C10963F77D994F8983F94F89F2F1B0443EA08
S31508009C20022394F8972F134394F8A02F43EA02636C
S31508009C303C4A1361D4F8993F5361D4F8A13F936124
S31508009C4094F8A53F94F89D0F94F8A71F1B0443EAC0
S31508009C5000230B43D36194F8BC3413F0310F01D1C0
S31508009C601BF080FC0024304D55F8043B03B198479F
S31508009C700134032CF8D113E001290AD8012804D8A5
S31508009C8094F8963F03B179B1F8BD012384F8963F5D
S31508009C90F9E70229BED194F8BC3413F0300F33D15A
S31508009CA0BDE8F8401CF06CBFD4F8545C1F4BAE6995
S31508009CB01F682CF065F895F8280010F001051AD0F1
S31508009CC02CF09CF8D4F8543C5B689F42A3EB07033E
S31508009CD000D9013B032B02D9F61A032E0DD8012011
S31508009CE020F0BCFCB4F87C0416F0B8F90028CBD0F8
S31508009CF0BDE8F84036E72CF081F8BDE8F8400020CA
S31508009D0020F0ACBCC0D1C6E7B4F87C34002BC7D071
S31508009D1000201CF0A4FD012384F8B43FB4E700BF7B
S31508009D207863002000000850207300206C63002030
S31508009D3000230448202280F8953F802100F675709C
S31508009D4029F01BBE786300202DE98048BF4BC04C24
S31508009D501B68C1B0C4F8B83483461EF067FA0023FE
S31508009D60C4F8A83FC4F8AC3FC4F8B03F94F8B53F70
S31508009D700BB91EF05BFA0023B64AB74952F8040B32
S31508009D80884204D0C0BB04EB8303C3F8B81F002184
S31508009D90D4F8D00F04231BAAC4F8D40F1B9117F0CC
S31508009DA087FCAE4D38B1D4F8D00F1CF027FD08B9A2
S31508009DB016F07EF91B951B9BAB4251D824D0B3F104
S31508009DC0A06F4FEA13621BD21FF094FD002525AA47
S31508009DD008230321D4F8D40FCDE92555ADF89C50B6
S31508009DE017F066FC0A230321D4F8D40F25AA8DF8A8
S31508009DF09C5019F043FF05E00133062BBED1C6E798
S31508009E00052AE3D01EF0F6F80025954F954EB8467C
S31508009E10B2462B46D4F8D49F2593B9F1000F00F02B
S31508009E200E814846316825AA1DF090FA00230028BD
S31508009E3040F008817168259A91421CBF03200125CC
S31508009E40894A0836964208F8010BE5D1002D40F0FC
S31508009E5037811E230421854AD4F8D40F17F028FC2D
S31508009E609BF80C2082480392824ADBF808A002631A
S31508009E700C3242664FF400507F4DD4F8B82425F8CA
S31508009E80CC0CA5F1BC0045F8C80C45F8C02C072039
S31508009E9020220023012105F8C40C0A92A5F1EC0042
S31508009EA0A5F1F00645E93E3384F8FC3F84F8FE3F09
S31508009EB084F8FF3F45F8F03C0A9A84F8FD1F2DF018
S31508009EC0A2F805F8D41C45F8D06C10F001FDDAF8B4
S31508009ED008301B7813F0010706D1990600F11581A1
S31508009EE013F0100718BF03270026DAF80C3063486A
S31508009EF093F80880B4F87C34B8F1FF0F16A908BFA8
S31508009F004FF00008ADF8583017F032FCBDF858305D
S31508009F102A22A4F87C345A4B314645F83C3C594B26
S31508009F200DF1960045F8343C574B45F8386C45F822
S31508009F302C3C45F8306C45F8286C29F01EFD0423A6
S31508009F408DF894808DF895708DF89830DAF80C3085
S31508009F5003211A78D4F8D40F8DF899205A88ADF8C9
S31508009F609A209A88ADF89C20DA88ADF89E20474A50
S31508009F702892474A2992474A2A92474A2B92474AA1
S31508009F802C925A7A8DF8B4209B7A1BAA8DF8BC308D
S31508009F900A23CDE91B66ADF8746017F089FB9DF8B6
S31508009FA0733008F0FD02092A8DF8963007D1013B77
S31508009FB0012B04D901208DF8960019F09BFF25A8DE
S31508009FC016F059F800228DF898003548AA6011460F
S31508009FD0426008301EF02CFCB4F87C3423B96FF0CC
S31508009FE065010E2016F0A0F82E4B2F482E932AF066
S31508009FF0ADFA142200211CA829F0BFFC2B4B2C4FCC
S3150800A0001B932C4B00221B881BA9ADF87C304FF400
S3150800A0108063ADF87E304FF48073ADF88030264B00
S3150800A02007F10C001B682193244B229303F58063E8
S3150800A030239327F069FE0290002868D0FEE70125E1
S3150800A0402846FDE602200125FAE600BF900A002010
S3150800A05078630020307300201C8A0308021807065C
S3150800A06050730020248A0308548A03085673002074
S3150800A0709C0A002060A6002070740020E06F002073
S3150800A080E5720008397300086D7C0008017800083D
S3150800A0905578000801A90008B17700084C7400201B
S3150800A0A078740020159A0108690345EC75A1020821
S3150800A0B04CA6002038EF03083CEF0308C0740020C4
S3150800A0C04FF000080125464617F8013B5AF8389024
S3150800A0D0022B0DD125B10021484619F027FF054668
S3150800A0E005F0010508F10108B8F1060FECD1B0E654
S3150800A0F0032BF7D14946D4F8D40F25AA25961DF087
S3150800A10025F9002DECD02599E6E70227ECE6D24E94
S3150800A1100DF1940CBCE80F000FC6BCE80F000FC683
S3150800A1209CE80700DFF87C9386E807000121F868B9
S3150800A13020F06CFCB9F8AC3113A9F868ADF84C30CE
S3150800A1402AF0A8FA13A9F8682AF0BAFA0122F868D8
S3150800A15011462AF0DCFABEA3D3E90023CDE9002391
S3150800A160F8684FF0FF324FF0FF332AF0ADFA94F853
S3150800A170AC04003818BF01201CF0B6FC94F88C34E7
S3150800A18094F88D240493B4F9923409F5A6700793CC
S3150800A190B4F99434023A059309F5927194F8903417
S3150800A1A0012A98BF0146F868069329F045FB00285E
S3150800A1B052D1AA4BD221A3F15009059BF868A9F8F8
S3150800A1C05035079BA9F85235A9F8543529F00FFDE3
S3150800A1D0F86820F005FCC728D4BF8C22C82236F9B7
S3150800A1E0163C02999342A8BF13460846BA8526F834
S3150800A1F0163C1CF0C5FB069904981CF047FCD7E9E9
S3150800A20002102AF046FC1CF05BFC7B689A88FA86EA
S3150800A2105A8887F8332018781DF0A6FE904B914A85
S3150800A2205B6823F0404323F440031B0C1B04934252
S3150800A23012D0322613A88DF84C601FF025FB9DF826
S3150800A2404C30B3FBF6F206FB1233B9F8502532440C
S3150800A25052FA83F3A9F85035834E844F736807F191
S3150800A260040918781DF080FE0122F06811462AF0CC
S3150800A2700AFC00261CF045FBB0424FF0000300F232
S3150800A280CA8101277A4B7B4E1B6806F5AD60C6F876
S3150800A29064351FF0F9FADAF8080086F8697512F0DD
S3150800A2A053FD404614F036FDE922E42106F26A50D1
S3150800A2B029F063FB3946704A70481EF0B9FA002146
S3150800A2C06F4A70481EF0B4FAFFF7C8F8039B6E4E43
S3150800A2D0042B01D0BB4225D1002701201BA91B97BF
S3150800A2E01DF077FF1B9B02201A0A684986F8973FDC
S3150800A2F086F89F2F1A0C1B0E86F8A03F86F8982F13
S3150800A3001DF067FF032062491DF063FF04201BA9A7
S3150800A3101DF05FFF1B9B86F89D7F86F8A73F1B0CE9
S3150800A32086F8A53FFFF704FD96F8BC34DA0702D590
S3150800A3300120FDF72FFF00274FF0090A554BDFF8DC
S3150800A3406881DFF8689103F5CF66CBF8203003F211
S3150800A3507A63CBF83030CBF82480CBF82890CBF84A
S3150800A3602C6084F81CAC84F81D7C84F81E7CFDF7F0
S3150800A37057FCF821331D06F15402052000972CF0EE
S3150800A3804DFE454BC5F8800B1B68C5F8840BC5F810
S3150800A3908C3B039306F5A66385F888ABA821CBF812
S3150800A3A0103006F28C5206F23C53022000972CF02D
S3150800A3B035FE039BC5F8300DC5F8383D0A2385F8E8
S3150800A3C0343D06F2DC638821CBF8183006F5E762DF
S3150800A3D006F5DD63042000972CF020FEDBF800204C
S3150800A3E09BF80530C5F8AC0FC5F8B00FC5F8B82FFF
S3150800A3F085F8B43F294DE021CBF81C0006F6681312
S3150800A400A5F1EC02022000972CF008FEDBF80020EC
S3150800A4109BF804303946C5F8D400C5F8D800C5F805
S3150800A420E020CBF814001E4A09F6980085F8DC30BF
S3150800A4301EF0FEF91122C4F818BC0024DBF82830F7
S3150800A4402146C5F8E43095F8E83031E0AFF30080EE
S3150800A450088D01552202000004680020C0740020FF
S3150800A4600080E00F000017034CA60020C6790020E4
S3150800A4706C63002070740020E1720008A06F002051
S3150800A48071AF0008F46F0020786300201173002074
S3150800A490197300204C740020900A0020688500205B
S3150800A4A071820008A8880308568A0308E467002012
S3150800A4B05E48112B88BF85F8E82008F10A0398BF83
S3150800A4C085F8E8205A4A8CBFC5F8EC30C5F8EC3058
S3150800A4D0C5F8F0401EF0ACF92146564A56481EF01B
S3150800A4E0A7F92146554A56481EF0A2F9554BC5E923
S3150800A4F06D4493F8BC34DB070FD5052322460221A9
S3150800A500204620F0EDF801214F48504A1EF090F9F8
S3150800A5104FF47A714C48FEF73EFF00240020FFF7FF
S3150800A520D5FA4B4B2146C5F8B4314A4B4A4A1B6803
S3150800A5304A48C5F80032C5F8B841C5F8FC411EF0CE
S3150800A54077F9182221461BA829F017FA214618225E
S3150800A55025A8169429F011FA4FF4E02025A9FEF74C
S3150800A56099FB10B33E4B44F201011BA81B9315F04F
S3150800A570DFFC4FF4E0223B4B20921E931C9BDAB281
S3150800A58022B923F0FF0343F001031C9316F0D0FF12
S3150800A590022846D140F201131C9325A91BA81CF0DA
S3150800A5A08BFD10B110F18B0F06D14FF4E0202E4928
S3150800A5B016AA1CF024FE18B115F0C0FC16F086FF8A
S3150800A5C0DBF8083000255B68284E187817F00CFE73
S3150800A5D0274B04215B6830681F78FF230DF123029F
S3150800A5E08DF8233001230B9517F062F89DF8233078
S3150800A5F0FF2B43D0FCF762FE1E4B5B689BF80C30C2
S3150800A600032B00D013B901201AF068FD1A4C204616
S3150800A6101DF031FCFBE707F8013B29F8023B013640
S3150800A62028E6012808BF1C90B7E700BF5C86002013
S3150800A63005F9010809FA01089C8600203DFA010877
S3150800A640DC8600207863002024870020019C00080F
S3150800A6509F7700086C6300205DF901086C8700206D
S3150800A6604171FF0000000209AC870020C01F0020CE
S3150800A6704CA600200080E00F5086002010222946B4
S3150800A68017A8169529F079F96622294626A80C9561
S3150800A690ADF834500E95ADF83C5029F06EF943F2FA
S3150800A6A03903ADF8943043F23013DFF84482ADF83D
S3150800A6B096300EAC98F8013009A98DF8243018F8B0
S3150800A6C0023B0CA88DF8253016F01AFB20460CA97B
S3150800A6D01CF0C0FC206828AB5A1958512379053557
S3150800A6E0282D1371E6D1842309A90CA8ADF82430C6
S3150800A6F016F006FB06210CA82AF001F97B4B0DF192
S3150800A7009D05ADF89D30421EAB709DF80830029944
S3150800A710984201F10101029100F2BA8043F2310335
S3150800A72043F23009ADF8CA3044F2010309A90CA86E
S3150800A730ADF82430ADF8C89016F0E2FA20460CA918
S3150800A7401CF088FC94E803004FF4407333908DF8AE
S3150800A750D0100CA809A9ADF8243016F0D1FA204675
S3150800A7600CA91CF077FC23790E988DF8D53043F2A6
S3150800A7703023ADF8D63043F23203ADF8D830002393
S3150800A780CDF8D10009A90CA8ADF8243016F0B8FA0E
S3150800A79020460CA91CF05EFC23794FF001088DF8C1
S3150800A7A0DE3004230E9809A9CDF8DA000CA8ADF816
S3150800A7B0243016F0A5FA20460CA91CF04BFC0E987E
S3150800A7C02379CDF8DF0009A90CA88DF8E330ADF898
S3150800A7D0248016F095FA20460CA91CF03BFC94E858
S3150800A7E0030040F6182339908DF8E8100CA809A93B
S3150800A7F0ADF8243016F084FA20460CA91CF02AFC81
S3150800A8002379023F8DF8ED3043F63003ADF8EE308C
S3150800A81043F230334745ADF8F03094BF032343463F
S3150800A8200E983033CDF8E9001BA8ADF8F2908DF8F4
S3150800A830F4302CF07FFB002835D06FF0920015F02D
S3150800A8407DFB16F043FEBDF8583009A95BBA0CA883
S3150800A850ADF8243016F054FA20460CA91CF0FAFB81
S3150800A86094E80300202326908DF89C10204A0321A3
S3150800A870306819F003FA25AA6A230521306819F009
S3150800A880FDF90123042130680BAA19F0F7F9B1E69E
S3150800A89040A9C91AD31A03F580736B4413F8D03C40
S3150800A8A001F8613C31E7134B5821CDE91B301D9067
S3150800A8B023901BA82CF045FB0F4B1095CDF8448030
S3150800A8C0129316AB13930D4B10A91BA8CDF8508005
S3150800A8D0159305F0C9FB1BA813A92CF03BFB1BA875
S3150800A8E02AF02AFA0028AED0A7E700BF3030300099
S3150800A8F0AC87002000020003580000201400002046
S3150800A900FFF716BA831F012B04D9092894BF002024
S3150800A9100120704702207047F8B51F4D03280446EA
S3150800A92095F88C7401D90020F8BD95F890348342C7
S3150800A93030D01CF00BF906460028F4D101201BF094
S3150800A9408EFF214685F89044144C384685F88C7459
S3150800A9501CF09CF8D4E902102AF09BF81CF0B0F819
S3150800A96063689A88E2865A8884F8332018781DF036
S3150800A970FBFA0122E06811462AF085F801233246DF
S3150800A9803146E06885F8BD3429F0C5FD8020D5F844
S3150800A990A03498470120C7E7786300204CA600201A
S3150800A9A0F0B5D3B0A822002128A828F0E6FF88220F
S3150800A9B0002106A828F0E1FFAB4CD4F8183C28A9DA
S3150800A9C09B6918682CF0FCFD012801D053B0F0BD36
S3150800A9D09DF8A0307D2B74D8622B07D8472B5BD8FF
S3150800A9E03F2B41D8C6228DF81820FDE0A3F163025B
S3150800A9F01A2AF7D801A151F822F000BFF3AB0008D4
S3150800AA00E5A9000809AC0008E5A90008E5A90008B9
S3150800AA1019AB000899AD0008E5A90008E5A90008E2
S3150800AA20E5A90008E5A90008C1AB0008BFAD000804
S3150800AA30B7AB0008C9AD0008E5A90008E5A90008F4
S3150800AA40E5A90008E5A90008E5A90008E5A90008A0
S3150800AA50E5A90008E5A90008E5A90008E5A9000890
S3150800AA60E5A90008D7AD0008A3F14002072AB9D81E
S3150800AA7001A151F822F000BFD7AA0008E5A90008ED
S3150800AA80F7AA000829AB000845AB000857AB000831
S3150800AA90E5A90008A3AB00085C2BA3D1FFF762F871
S3150800AAA04FF07F330793D82307A88DF81830FFF7A0
S3150800AAB02BF8D4F8183C28A99B6918682CF09FFD38
S3150800AAC045E0852B8ED1F2238DF81830674B9B8D88
S3150800AAD0ADF81C30EDE7C1239DF8A4108DF81830A9
S3150800AAE0202901D900237FE00DF11D008DF81C10E7
S3150800AAF01DF078FBDDE70022D4F8A834C3E9042268
S3150800AB00C3E90222C3E90022D4F8183C28A99B69A4
S3150800AB1018682CF074FD50E7D4F8A8041422002114
S3150800AB20183028F02AFFEFE79DF8A5309DF8A40015
S3150800AB30002B4F4908BF0021042828BF002012F027
S3150800AB4099F8E1E71AF074FBC4238DF8183006A8C3
S3150800AB501DF018FF31E7474BD3F86432CBB15A687A
S3150800AB60900616D593F85A2002F00F02022A04D14D
S3150800AB701A7842F010021A70C6E7987F0193B0FA65
S3150800AB8080F07F2300211A460093400910F0B2FA9C
S3150800AB90BAE7D4F8143C002BB6D05A689106B3D558
S3150800ABA0E6E7C7239DF8A4008DF81830FDF7F2FAFA
S3150800ABB08DF81C007DE7304B304A5A6216F074FC5B
S3150800ABC0DF238DF81830D4F8A83F3BB1D4F8AC3F52
S3150800ABD06BB1D4F8B03F002B84D10223299A04EB39
S3150800ABE08303C3F8A82F01238DF81C3061E70123DE
S3150800ABF0F4E79DF8A420032A86D81C4B13449DF835
S3150800AC00A52083F83C207FE7DC238DF81830002345
S3150800AC10184D9DF8A460D5F86C1285F8683239B9D4
S3150800AC2005F51C773846164A1DF002FEC5F86C7203
S3150800AC30B4F87C3433B300270A230321D4F8D40F9D
S3150800AC4003AACDE90377ADF8147016F031FD9DF827
S3150800AC501230012B16D139460820FCF7CFFF002306
S3150800AC608DF8203025E700BF786300204CA6002029
S3150800AC70FD7B0008688500200000085000001D03C1
S3150800AC80C9180208002019F019F9B4F87C3473B908
S3150800AC9094F89074032F0AD10120FFF73DFE30B9CE
S3150800ACA00120013F2BF086F917F0FF07F4D1002E9B
S3150800ACB06ED0002385F8B03295F8B13223B101235E
S3150800ACC085F8B13216F08EFE012E0AD185F8B062EB
S3150800ACD016F000F80423C5F8B432022385F8B13219
S3150800ACE00BE0032E11D1022685F8B06215F0F2FFAB
S3150800ACF00423C5F8B43285F8B16216F073FE95F8E8
S3150800AD00B132003B18BF0123AAE7042E38D1B4F8A4
S3150800AD107C3433BB3C4A1278012A03D0042A1CBF70
S3150800AD203A4AD36001260120FEF7D0FE85F868620C
S3150800AD3015F0D8FF034690B9354A022152681278B1
S3150800AD40023AB2428CBF3246032262F30F232F4ADD
S3150800AD50D36003221FF0C2F9304619F0AFF8042376
S3150800AD60BCE795F8B83243B9012385F8B832264BC3
S3150800AD701B78052B01D118F043FF15F0ABFF6EE7E2
S3150800AD80022EBAD10023C5F8B43215F0A3FFB2E7F4
S3150800AD90012385F8B062A1E7DD238DF81830299BD9
S3150800ADA05A1F5E2A1B4A02D8C2F8BC3201E0002BA1
S3150800ADB0FAD0D2F8BC22D21A5342534150E79DF832
S3150800ADC0A40017F011FA9FE61AF0CCFB124B134AAF
S3150800ADD01A6001F083FEE9238DF8183094F88D3453
S3150800ADE0012B3FF47FAE9DF8A430092B3FF67AAECF
S3150800ADF00B4903EB8303B1F852255B00DBB2D31A88
S3150800AE00A1F85435EFE600BF5CA500200000085005
S3150800AE104CA60020688500200000002002020FF0E2
S3150800AE207074002070B50646FFF76CFD0C46074D9A
S3150800AE3005EB8000D0F8FC3105EB860508469847F7
S3150800AE402046D5F80C32BDE870401847A888030894
S3150800AE500A4910B591F8C0327BB1FBF7F5FB60B132
S3150800AE60002081F8C002EFF3108472B62BF0F2FED0
S3150800AE702046BDE810402CF058B810BD6885002063
S3150800AE802DE9F3410C46054600B3012850D0344D50
S3150800AE900021344A05F5317009F09EFA05F531703E
S3150800AEA01DF078FD95F8C032002B48D1052C53D1FA
S3150800AEB0012085F8C002EFF3108472B62BF0CAFEA3
S3150800AEC0204602B0BDE8F0412CF02FB80126DFF885
S3150800AED09C8001463346D8F800000DF107028DF82C
S3150800AEE0076016F0E5FBB44220D0022C07D0002CF0
S3150800AEF0CDD1314663201C4A1DF08CFEC7E79DF86C
S3150800AF0007302946002B0CBF01230023D8F8000080
S3150800AF108DF807300DF1070233460CBF77277627E1
S3150800AF2018F0ACFE38461DF085FEB0E77527F9E740
S3150800AF3019B10329ABD13020F5E73420F3E7052C06
S3150800AF400AD0FBF781FB38B1642105F5317002B0F0
S3150800AF50BDE8F041FEF71FBA02B0BDE8F08100BFB8
S3150800AF606885002051AE00088CA60020F80D002048
S3150800AF702DE9F041EFF3108072B62A4D2A4F95F865
S3150800AF804C302A4EFE2B04BF2B7C85F84C302BF018
S3150800AF90CCFF95F84C001BF049FD87F804030FF029
S3150800AFA0D1FC044638B3B6F87C340321FF2B97F856
S3150800AFB0052303462CD902200FF0CAF940F6FF7381
S3150800AFC095F94D1095F94E00A4F8443015F0ACF8F3
S3150800AFD06389204643F4007363810023C4E905337B
S3150800AFE084F88430124B1B68C6F8743C012386F833
S3150800AFF0703C10F00FF996F8BC0410F001000ED161
S3150800B000BDE8F04105234FF4FA6202211FF08ABA1F
S3150800B01001200FF09DF9FF23A4F84430D8E7BDE8D6
S3150800B020F08100BF4CA600206885002078630020C8
S3150800B0306C63002013B5044629F0EEFF0D4B0E4A4B
S3150800B0401B6811689C4228BF1C460C4B421A1B6899
S3150800B05063439A4238BFC9184FF0000334BF091A30
S3150800B0600121CDE90033064A064829F0B1FF02B0AE
S3150800B07010BD00BF746300206C5D0020705D002069
S3150800B08089B00008708800202DE9F04129F0C4FF36
S3150800B09006462CF04AF8124B054693F8284374B92D
S3150800B0A0104FDFF844803B68D8F80020F31A934223
S3150800B0B00AD20CB12CF018F80120FFF7BBFF28467E
S3150800B0C0BDE8F0412CF03CB82AF034FD3B68D8F8CE
S3150800B0D000202043134414BF012400243B60E2E708
S3150800B0E0688500206C5D0020705D00200348044BD5
S3150800B0F0834202D0034B03B11847704794A8002037
S3150800B10094A8002000000000064B0749C91A8910B8
S3150800B11048BF0131491003D0044B0BB10148184709
S3150800B120704700BF94A8002094A8002000000000E3
S3150800B13010B5064C237843B9FFF7D8FF044B13B173
S3150800B1400448AFF300800123237010BD84A20020B9
S3150800B1500000000068F0030808B5054B1BB1054957
S3150800B1600548AFF30080BDE80840FFF7CDBF00BF34
S3150800B170000000008058002068F00308A3F5803A14
S3150800B180704700BF174B002B08BF134B9D46FFF7B0
S3150800B190F5FF00218B460F461348144A121A28F069
S3150800B1A0ECFB0E4B002B00D098470D4B002B00D024
S3150800B1B098470020002104000D000D48002802D001
S3150800B1C00C48AFF3008000F013F9200029000CF0BA
S3150800B1D019FF00F011F800BF000008000000000089
S3150800B1E0000000000804002008040020C0A2002077
S3150800B1F0000000000000000008B5064B044613B125
S3150800B2000021AFF30080044B1B6803B19847204622
S3150800B21008F0BBFB00000000D0590020002310B541
S3150800B22004468360818119464366C2810822836188
S3150800B230C0E90033C0E904335C3028F09EFB0D4BAF
S3150800B240246263620C4BA3620C4BE3620C4B2363D0
S3150800B2500C4B9C4206D003F16802944202D0D033CC
S3150800B2609C4205D104F15800BDE8104028F08DBB7A
S3150800B27010BD00BFF5380308173903084F3903080E
S3150800B2807339030898580020024A0349034828F0EE
S3150800B29013BB00BF2CA40020973A03083CA4002047
S3150800B2A041680C4B994210B5044601D028F0F3FBCF
S3150800B2B0A168094B994202D0204628F0ECFBE168C8
S3150800B2C0064B994204D02046BDE8104028F0E3BB5F
S3150800B2D010BD00BF9858002000590020685900206A
S3150800B2E010B50B4B04210B4C0B4A20461A60002262
S3150800B2F0FFF794FF04F1680001220921FFF78EFF8A
S3150800B30004F1D00002221221BDE81040FFF786BFE3
S3150800B310D05900209858002089B20008014828F022
S3150800B32035BB00BF85A20020014828F030BB00BF0E
S3150800B33085A2002010B50446FFF7F0FF236A1BB16B
S3150800B340BDE81040FFF7F0BF044B2362044B1B68AF
S3150800B350002BF5D1FFF7C4FFF2E700BFA1B2000842
S3150800B360D059002038B50023054D044608462B6001
S3150800B37008F009FB431C02D12B6803B1236038BDD2
S3150800B380D459002038B50446064D08461146002211
S3150800B3902A601A4608F006FB431C02D12B6803B143
S3150800B3A0236038BDD459002038B50446064D0846F2
S3150800B3B0114600222A601A460CF0BCF9431C02D139
S3150800B3C02B6803B1236038BDD459002038B504462C
S3150800B3D0064D0846114600222A601A460BF0A8FDBB
S3150800B3E0431C02D12B6803B1236038BDD459002011
S3150800B3F070B50D4D00260D4C641BA410A64209D14C
S3150800B4000B4D00260B4C2CF0CBF9641BA410A6425E
S3150800B41005D170BD55F8043B01369847EEE755F857
S3150800B420043B01369847F2E78CA800208CA8002038
S3150800B4308CA8002090A80020704770477047FEE748
S3150800B44070B50D4E451E013915F8014F2346325D7C
S3150800B45002F00302012A11F8012F08BF04F12003A4
S3150800B460B05C00F00300012808BF2032981A01D109
S3150800B470002CE9D170BD00BF66EF03080368187891
S3150800B480704710B503681A78022A1ED09A79022ADC
S3150800B49019D159790F2916DCEFF31184302282F37A
S3150800B4A01188012209488A40C0F82024C0F82424BB
S3150800B4B00C20074A00FB01220021C2E9011184F38E
S3150800B4C01188BFF36F8F02221A7010BD00E0035077
S3150800B4D0080400202DE9F04104460C264FF0010827
S3150800B4E0124D0CB314F001000BD0002024F0010417
S3150800B4F006FB00525768002FF3D09168C0B2B847D0
S3150800B500EFE72246013020284FEA520201D0D3073E
S3150800B510F8D508FA00F20F2824EA0204E8D9103808
S3150800B52006FB0052B432E5E7BDE8F08108040020C6
S3150800B530074BD3F82404D3F8202403F5005310400E
S3150800B54000F0553020F05020C3F82004C2E700BFB1
S3150800B55000C00350074BD3F82404D3F8202403F57E
S3150800B5600053104000F0AA3020F0A020C3F82004B1
S3150800B570B0E700BF00C0035010B50378CBB15A1E20
S3150800B580D2B2022A14D80C4931F812204078C240A7
S3150800B590D2070DD5EFF31184302282F311880121E9
S3150800B5A05343064A8140D15084F31188BFF36F8F05
S3150800B5B010BD40F2FF72E9E7987E030840F0035099
S3150800B5C002461378002030B50BB3591EC9B20229BA
S3150800B5D018D8104C34F811105478E140C90711D521
S3150800B5E0EFF31185302181F311884B4303F1A04312
S3150800B5F003F570331B6CE34003F0010085F31188F3
S3150800B600BFF36F8F93780BB980F0010030BD40F21D
S3150800B610FF71E1E7987E03081A4B2DE9F0411F6D8B
S3150800B6205B6D1F4000D5FEE701260025164CDFF8A6
S3150800B630608037421CD0C8F850602368C3B1A1683F
S3150800B640284601316268A1609847637B012B0FD1B8
S3150800B65070B90E4B03EB451393F8F42160F34102DE
S3150800B66083F8F42193F8042260F3410283F8042254
S3150800B6700135082D4FEA460604F11004D9D1BDE874
S3150800B680F08100BF00000450700500200804002067
S3150800B690002004504369426CD91C143AB1FBF2F1FC
S3150800B6A003EBC1000330B0FBF2F00230704738B547
S3150800B6B005460C46FFF7EEFF6A6CE31D143AB3FB2A
S3150800B6C0F2F3013304EBC30402FB004038BD73B543
S3150800B6D006460D460024F36B01225B6901A9281969
S3150800B6E09847019B013309D1736C043462196A4087
S3150800B6F05B421A42EFD0204602B070BD0024FAE73A
S3150800B7002DE9F341154690F842201E46012A0CBF42
S3150800B710022304235D43CF7D2C1D844605F00205D4
S3150800B720BFB915B1012724F003044868083420443A
S3150800B730DCF83C30012A5B6927D101A9984717B183
S3150800B740BDF806300193BDF80430336002B0BDE899
S3150800B750F08155B124F0030400230D7E01F1200E7B
S3150800B760D8B2854203D80020E2E72F46F4E73EF830
S3150800B770330003F10108A04204D901EBC303D869D9
S3150800B7800834D4E74346241AEAE70122314602B0D0
S3150800B790BDE8F0411847D01E009B42424241187E40
S3150800B7A0824211D11A688A420ED85A688A420BD345
S3150800B7B05A6901325A61D3E9030282423FBF986847
S3150800B7C040F8221001321A610120704700234FF019
S3150800B7D0FF3230B544689C4202D10023037230BD63
S3150800B7E0016801EBC30541F833206A600133F2E7CB
S3150800B7F00023F0B545689D4210D00468DF0054F870
S3150800B800332004EBC306B2F1FF3F08D0C2F313029C
S3150800B810914204D14FF0FF33E3517360F0BD013319
S3150800B820E9E710B5032A029C07D1A26A5340626C65
S3150800B8305242134201D1FFF7DBFF012010BD00235E
S3150800B840F0B545689D4202D14FF0FF300EE004681E
S3150800B850DE0054F83340671C09D0C4F31307B94215
S3150800B86005D1240D1470036833445868F0BD0133BC
S3150800B870E8E773B5164600F108040D462046096840
S3150800B8800DF10702FFF7DBFF032E05D16B68834234
S3150800B89002D12046FFF7ACFF012002B070BD00BF01
S3150800B8A02DE9F043466886B3056898464FF0000CC4
S3150800B8B0A946AE4655F83C400CF1010CC4F31307F3
S3150800B8C0013401D0B94217D066450EF1080EF1D100
S3150800B8D02F46002403E0A64207F1080712D055F8C0
S3150800B8E0343001340133F6D1C1F3130141EA08516A
S3150800B8F0C7E90012BDE8F08341EA0851CEE9001213
S3150800B900BDE8F083B8F1030F03D101230372BDE844
S3150800B910F083002303E09E4209F10809F5D055F8A3
S3150800B92033400133C4F30754032CF4D1C1F3130392
S3150800B93043EA0853C9E90032BDE8F08308B5083080
S3150800B9401346D1E90012FFF7ABFF012008BD00BF7F
S3150800B9502DE9F0410646406882B0C0B10F469046D0
S3150800B9600024336853F8345003EBC403C5F3075275
S3150800B970C5F31301013504F1010406D05B683046AE
S3150800B980CDF80080B84710B170688442E9D302B098
S3150800B990BDE8F08141F671320121064BDA6303F501
S3150800B9A00052D1600022DA634FF48032A3F51833CF
S3150800B9B09A66704700000350704737B5054601F18F
S3150800B9C00C04436901A9012220469847BDF80430B2
S3150800B9D00122009369462046AB69984703B030BDFB
S3150800B9E0202A0B681EBF4FF0FF3191408B43590840
S3150800B9F001F055315B1A03F033319B0803F03333FA
S3150800BA000B44017803EB13130A444FF0013103F09A
S3150800BA100F334B43A2EB13620270704737B50446E7
S3150800BA2000251B22011D0DF107008DF80750FFF7B1
S3150800BA30D7FF63689DF80720B2EBD36F03D123F0D5
S3150800BA40784003B030BD1B2204F108018DF8075079
S3150800BA50FFF7C6FFA0689DF80730B3EBD06F0ABFA3
S3150800BA60C0434FF0FF3020F07840EAE74BF29A22C5
S3150800BA70036810B5B2EB134F044613D19BB2012BE2
S3150800BA8015D1FFF7CBFF013011D04FF6FF72E068F2
S3150800BA90B2EB104F4FEA10430BD180B2C01A18BF51
S3150800BAA0012010BD013314BF04200320F9E7042048
S3150800BAB0F7E70220F5E7F0B50546002687B0EC69FA
S3150800BAC0013CB44203D80C46204607B0F0BD01B18C
S3150800BAD04C1E6F6C2868EB6B05225B6901A907FB96
S3150800BAE00400984701A8FFF7C1FF0128ECD92146B1
S3150800BAF00136E4E770B50025044686B00562E369B9
S3150800BB00AB4202D8206A06B070BD666C2068E36B4B
S3150800BB1005225B6906FB050001A9984701A8FFF7FE
S3150800BB20A5FF012898BF236A05F101059CBF0133CB
S3150800BB302362E4E7F0B504460D46466CE36B0068FD
S3150800BB4087B005225B6901A906FB0500984701A88D
S3150800BB50FFF78CFF012804D801A8FFF75FFF07B09D
S3150800BB60F0BD29462046FFF7A6FF0646676C206803
S3150800BB70E36B05225B6901A907FB0600984701A844
S3150800BB80FFF74CFF431CEAD0B54238BF0130E6E761
S3150800BB902DE9F0430646994689B0036908460F46DB
S3150800BBA0904698470446002867D1D9F804305B0ABE
S3150800BBB0012B22464FEA530304F10104F8D899F8F9
S3150800BBC0035099F802302D03DB0203F4006305F4F1
S3150800BBD080551D43B9F800304FF00009C3F30A0336
S3150800BBE052032B4492B29D18294B0DF107001B22D4
S3150800BBF028F0784402A9039302948DF80790FFF77A
S3150800BC00EFFE9DF807306FEA054544EAC3640494DD
S3150800BC106FEA08041B2224F0784402A902948DF8DE
S3150800BC200790FFF7DDFE9DF807306FEA154544EAF1
S3150800BC30C3644FF0FF3301220594069307A9B3693D
S3150800BC40079507F11000984701220446B36905A92C
S3150800BC5007F1080098470122484518BF0446B3690A
S3150800BC6004A9381D98470122484518BF0446B369F8
S3150800BC70384603A9984728B1044639463046FFF79F
S3150800BC809CFE01E0002CF8D1204609B0BDE8F083FF
S3150800BC9001009AB238B50446456C006804F14003C1
S3150800BCA005FB0101E06BFFF773FF05462046FFF72A
S3150800BCB021FF284638BD10B504462BF081FD431CEC
S3150800BCC015D0B0B90C4B20469A6801230A3202F007
S3150800BCD01F02934023F003032344984201D1002016
S3150800BCE010BD50F8042B0132F7D03E20F8E76E203D
S3150800BCF0F6E77120F4E700BF0080E00F00F01F03AD
S3150800BD00A0F50620A0F55060212811D801229A40F6
S3150800BD10094B400903EB8003D3F8E8121143C3F833
S3150800BD20E812D3F8F01221EA0201C3F8F0127047BC
S3150800BD304FF0FF30704700BF0804002000F01F02D4
S3150800BD40A0F50620A0F55060212810B511D80121CC
S3150800BD50094B400903EB80049140D4F8F0220A43CA
S3150800BD60C4F8F022D3E9BA21521801D1C3E9BC229A
S3150800BD7010BD4FF0FF30FBE7080400202DE9F04F17
S3150800BD8080460F4615469A46044685B0DDF83CB00F
S3150800BD90DDF84490206808B3DBF80060DAF8001094
S3150800BDA08E421BDA0E9B53F8261059B3FFF748FB51
S3150800BDB040BB61680136CBF80060087BFE281CD1C1
S3150800BDC0109B0868CDE901B30E9B2A460093012112
S3150800BDD05346CDF80C90FFF7D1FF04462B7843B9AC
S3150800BDE099F800302BB97FB10123444689F8003011
S3150800BDF02B70204605B0BDE8F08F0123109A13700A
S3150800BE002B70EBE70C34C5E73C46F2E738B5202241
S3150800BE1004460D460C30002127F0AFFD4FF0FF33E6
S3150800BE20C4E90035A36038BD74201CF003BF02289E
S3150800BE3004D10022012162201CF0ECBE70470228C2
S3150800BE400A4603D101216C201CF0E4BE704710B5E8
S3150800BE50044644EA010313F00303084609D1934252
S3150800BE6001D1002010BD54F8231040F823100133E7
S3150800BE70F5E72146920028F04EFDF2E710B5044694
S3150800BE8050B150238065C36518442BF049FA2066E3
S3150800BE90B0FA80F0400910BD0120FCE7EEE7D0E9D2
S3150800BEA0023203EB8201496853F822300978187880
S3150800BEB0032928BF0321012828BF0120FEF7E0BF78
S3150800BEC02DE9F3473E4ED6F8F842002C75D0237973
S3150800BED003F02802282A70D194F82020002A6CD072
S3150800BEE09B066AD5374B5D68C5F30805002D64D1F6
S3150800BEF0636A6946D8682BF082FB01285DD1636ABC
S3150800BF00218B98682AF052FA0128044655D140F246
S3150800BF10E7374FF4C870BC462946D6F8FC824FF47A
S3150800BF207A72E8FB00C10023604626F09FFBDDF825
S3150800BF3000A09DF8049082453BD340F2DC50BC46F5
S3150800BF402946E8FB00C14FF47A720023604626F0C2
S3150800BF508DFB82452FD341F288302946E8FB0071D4
S3150800BF604FF47A720023384626F080FB824534BFA8
S3150800BF700220032006EBC90989F8040396F804137E
S3150800BF80042905D00020FEF77BFF042386F8043336
S3150800BF9096F80C13042905D00120FEF771FF042337
S3150800BFA086F80C33D6F8F80202B0BDE8F0471DF063
S3150800BFB07FBA2846DEE72046DCE702B0BDE8F08710
S3150800BFC00804002000ED00E0054608B5AB694FF00F
S3150800BFD0FF3158682AF0C6F80128F7D1EB68002B1C
S3150800BFE0F4D02E69002EF1D03446246804B9EC68E2
S3150800BFF094F8203063B1636A002158682AF0B2F8D1
S3150800C000012805D1A3682C61002BDFD09847DDE70E
S3150800C010A642EAD1DAE708B5294B83F30A884FF432
S3150800C0208041284B284A9A60D3F8882042F4700247
S3150800C030C3F88820254A91664FF0FF31244A1166D5
S3150800C040244951660221C3F8D010BFF34F8FBFF3BE
S3150800C0506F8F01214FF44034A3F54063C3F8801174
S3150800C0600020D46007F080FC1B4B1C481C611C4B4D
S3150800C070C01A80101BF0E1FA1A4B1B498B4212D3E7
S3150800C08000201A4B1A498B4218D3FFF77BF8186819
S3150800C09050F82240586840F8224001329868824297
S3150800C0A0F5D30C33EAE70022F8E71C6844F82200C7
S3150800C0B001325C68A242F8D30833E4E70022F8E7C5
S3150800C0C00800002000ED00E0006000080090005025
S3150800C0D000A000447FFF7F0100800044E062000862
S3150800C0E08061000870F003087CF003087CF0030800
S3150800C0F07CF0030813B50468A388ADF804302378E8
S3150800C100022B15D00DF1030101A81DF083F9A279C0
S3150800C1109DF80330012A13D1618843EA41034FF69B
S3150800C120E07163F03F039BB28B4203D122706380B8
S3150800C13002B010BD4FF6DF729342F8D10022F5E740
S3150800C140002AF5D183F001032370F1E74FF09843F5
S3150800C1505B6C13B5D9021CD529F04CFC02380128B2
S3150800C16017D8174BD3F870439CB12AF092FF0346B1
S3150800C170F8B10023204601A9019329F00FFE0128F2
S3150800C18007D1019B2BB14FF0E0234FF08052C3F843
S3150800C190042D4FF098435A6CD202FCD55B6D094AC0
S3150800C1A003F4702313600822074BC3F8882102B0F2
S3150800C1B010BD02460146204629F04AFFE9E700BFBE
S3150800C1C00804002088A4002000E100E008B538B182
S3150800C1D02BF0B5F9002814BF6FF01D00002008BD2C
S3150800C1E06FF01B00FBE710B1006E2BF096BA704794
S3150800C1F070B506460D4628F038FC044630460AF067
S3150800C200BBFE044EAC4200D370BD30460AF0B4FE05
S3150800C2100134F7E7DD840308F8B50B780446302BBC
S3150800C2200D46164604D14B7803F0DF03582B10D081
S3150800C230264F6A1E12F8011F91BB28460A2227F0CC
S3150800C2401DFA202C03460D462FD1B1FA81F040097C
S3150800C2501BE04A1C1D4912F8013F93B9284628F0ED
S3150800C26004FC04F00303032BA0F1020012D10134ED
S3150800C270A41084420AD1A87837288CBF0020012050
S3150800C28003E0CB5C13F04400E5D1F8BDCCBF012038
S3150800C2900020FAE7B0EBA40FD4BF01200020F4E792
S3150800C2A07B5C13F00400C5D1EFE726B1084302D042
S3150800C2B0013B61F100050122A240013A1A40002D16
S3150800C2C008BF9A420CBF01200020DEE766EF03088C
S3150800C2D00A7801382D2A0ABF0122002289189BE70D
S3150800C2E02DE9F84F044602216048FFF781FF1E2119
S3150800C2F02068FFF77DFF636858680AF03DFE5C48D2
S3150800C3000AF03AFE67683B7BFD2B12D8D7F80880FF
S3150800C3104FF0FF34404628F0A8FB0646DFF84C915C
S3150800C320DFF8A8A1DFF864B10C3717F8013BFF2B3B
S3150800C33001D1BDE8F88F212B14D8212B14D8DFE8BA
S3150800C34003F0178C8884807C7874131313131313E3
S3150800C3501313706C6864605C585413131313131327
S3150800C3601313504CFE2B34D006B10134414D02E074
S3150800C37006B10134404D02214846FFF739FF1E2118
S3150800C3804846FFF735FF50460AF0F6FD5946284657
S3150800C39028F053FB3949002818BF294638480AF0BF
S3150800C3A0EBFD3B78202B02D12B201CF0ABFC35484B
S3150800C3B00AF0E2FD4EB118F804301F2B05D018F824
S3150800C3C004001F2801D0B4424BDB29480AF0D4FDEB
S3150800C3D0ABE706B101342C4DCDE706B101342B4D40
S3150800C3E0C9E7002EA1D001349FE706B10134284DD4
S3150800C3F0C1E706B10134274DBDE706B10134264D24
S3150800C400B9E706B10134254DB5E706B10134244D27
S3150800C410B1E706B10134234DADE706B10134224D2B
S3150800C420A9E706B10134214DA5E706B10134204D2F
S3150800C430A1E706B101341F4D9DE706B101341E4D33
S3150800C44099E706B101341D4D95E706B101341C4D37
S3150800C45091E706B101341B4D8DE706B101341A4D3B
S3150800C46089E71CF04FFC0134A9E700BFEC840308F8
S3150800C4702D840308D5770308CF7703082C7803089B
S3150800C480E58403084D780308DD770308E377030896
S3150800C490EC770308F3770308FE77030808780308A0
S3150800C4A012780308FD77030807780308117803084C
S3150800C4B01A7803081E78030826780308C97703083C
S3150800C4C0D077030825780308C87703082E78030869
S3150800C4D010B50446236803B910BD237A13B920465C
S3150800C4E0FFF7FEFE0C34F5E7704738B50A4C0546EB
S3150800C4F094F8B41339B9094A04F55D7007F06CFF6E
S3150800C500012384F8B4334FF4FA61054884F8B85324
S3150800C510FCF741FF022038BD0804002029CC00089A
S3150800C5207C0700200A4902460B797BB14B79834286
S3150800C53034BF00200120074B93F8B9332BB18B7910
S3150800C540134113F0010F08BF002070470120F2E7DE
S3150800C55088A400200804002010B50320FFF7E2FF96
S3150800C56050B1084C0849D4F8BC030AF0E3FF074960
S3150800C570D4F8BC030AF0DEFFBDE8104075201CF0B5
S3150800C58059BB00BF08040020307803083578030833
S3150800C590D0E9023270B553F82260304628F065FAC1
S3150800C5A00438C0B2062813D90120FFF7BBFF0028BC
S3150800C5B03BD01E4C1E49D4F8BC030AF0BBFFD4F886
S3150800C5C0BC030A23BDE8704004221A490AF0B2BF28
S3150800C5D00320FFF7A7FF154C50B11749D4F8BC0341
S3150800C5E00AF0A8FF32461549D4F8BC030AF0A2FFA0
S3150800C5F0304628F03AFA0022114BC4F8C023054603
S3150800C60031465A601A81C2B2184628F084F90121C7
S3150800C61084F8D45384F8CC13C4F8D00300F10C0280
S3150800C620BDE8704063201CF0F5BA70BD0804002010
S3150800C6304B78030850780308307803087D78030898
S3150800C640C807002030B5D0E9023253F8224085B039
S3150800C650204628F00AFA0438C0B2062814D9012060
S3150800C660FFF760FF002838D01D4C1E49D4F8BC03DC
S3150800C6700AF060FF0A2304221B49D4F8BC0305B05C
S3150800C680BDE830400AF056BF0B21204628F037F99E
S3150800C69001230A2120468DF8043028F030F9214676
S3150800C6A0C2B28DF80F000DF1050028F034F901A883
S3150800C6B01BF03AFC0320FFF735FF70B1084D0B4914
S3150800C6C0D5F8BC030AF036FF22460949D5F8BC035B
S3150800C6D005B0BDE830400AF02DBF05B030BD00BF3B
S3150800C6E0080400204B7803085078030830780308BC
S3150800C6F09378030810B5D0E9023253F8224020494E
S3150800C700204628F09AF998B90320FFF70BFF50B195
S3150800C7101C4C1D49D4F8BC030AF00CFF1B49D4F87D
S3150800C720BC030AF007FF7620BDE810401CF082BA69
S3150800C7302046174928F081F980B90320FFF7F2FE51
S3150800C74050B1104C1049D4F8BC030AF0F3FE114955
S3150800C750D4F8BC030AF0EEFE7720E5E70120FFF7E0
S3150800C760E1FE60B1074C0C49D4F8BC030AF0E2FEBE
S3150800C770D4F8BC030949BDE810400AF0DBBE10BD79
S3150800C780C37803080804002030780308AB78030848
S3150800C790C1780308CC7803084B780308E4780308C3
S3150800C7A038B50320FFF7BEFE50B1124C1249D4F833
S3150800C7B0BC030AF0BFFE1149D4F8BC030AF0BAFE5E
S3150800C7C00F4B104C5A7A104B0320002A18BF1C46F0
S3150800C7D0FFF7A8FE68B1074D0749D5F8BC030AF06C
S3150800C7E0A9FE2246D5F8BC030849BDE838400AF038
S3150800C7F0A1BE38BD0804002030780308087903086C
S3150800C80088A40020FF780308F7780308207903082E
S3150800C81038B50320FFF786FE50B1124C1249D4F8FA
S3150800C820BC030AF087FE1149D4F8BC030AF082FE5D
S3150800C8300F4B104CDA79104B0320002A18BF1C4600
S3150800C840FFF770FE68B1074D0749D5F8BC030AF033
S3150800C85071FE2246D5F8BC030849BDE838400AF0FF
S3150800C86069BE38BD08040020307803083D790308FE
S3150800C87088A4002036790308347903085379030815
S3150800C88038B50320FFF74EFE50B1124C1249D4F8C2
S3150800C890BC030AF04FFE1149D4F8BC030AF04AFE5D
S3150800C8A00F4B104C1A7A104B0320002A18BF1C464F
S3150800C8B0FFF738FE68B1074D0749D5F8BC030AF0FB
S3150800C8C039FE2246D5F8BC030849BDE838400AF0C7
S3150800C8D031BE38BD08040020307803087179030892
S3150800C8E088A400206C790308657903088879030809
S3150800C8F0032810B516D1FFF715FE98B10A4C0B4957
S3150800C900D4F8BC030AF016FE094B0A4AD9790A4B31
S3150800C910D4F8BC03002918BF1A46BDE810400749D9
S3150800C9200AF008BE10BD00BF0804002030780308CE
S3150800C93088A4002036790308347903089B7903080C
S3150800C940174B10B50446D3F8200100F00700062857
S3150800C9501FD8DFE800F0040A0E2112161A00012378
S3150800C96004B1206001B10B6010BD0E4BD8680523D9
S3150800C970F6E70C4B18690323F2E728F063F9072357
S3150800C980EEE7084BD8680623EAE7064B186904233E
S3150800C990E6E700231846E3E702230348E0E700BF7B
S3150800C9A00080005088A40020002D31014FF000635C
S3150800C9B09B6A03F17842B2F5C04F03D21968064A5A
S3150800C9C0914203D0002303708360704701220270EE
S3150800C9D09A689B694260F7E707B0CD5E1FB54FF0CE
S3150800C9E000639B6A03F17842B2F5C04F1CD21C6BF8
S3150800C9F004F17843B3F5C04F16D2002301A8CDE958
S3150800CA000233FFF7D3FF039BDB030DD5029B1A0EF8
S3150800CA100AD0012A03D1C3F307430A2B04D9236C8E
S3150800CA2004B0BDE81040184740F2011004B010BD2C
S3150800CA3070B5234D044695F8D863012E3DD1FFF70E
S3150800CA40CDFF01300BD0FFF7C9FF40F20113984222
S3150800CA5005D01C4B1C4A5E66D368DE07FCD42268E8
S3150800CA601A4B1A6662685A66A268C3F87021E268A9
S3150800CA701A6422695A64E269D00744BF00229A60A0
S3150800CA80134B5A69013207D195F8D92322B91149AE
S3150800CA904968C90748BF5A6162690F4B5A66A26955
S3150800CAA09A6621F05BFED5F8DC3383F31188BFF371
S3150800CAB06F8F002385F8D83370BD0123FAE700BFCE
S3150800CAC00804002000900040000004400080004454
S3150800CAD088A4002000C0055000800050BFF34F8F87
S3150800CAE00549064BCA6802F4E0621343CB60BFF3FC
S3150800CAF04F8F00BFFDE700BF00ED00E00400FA0518
S3150800CB00034630B100201A5C02B9704701308142F1
S3150800CB10F9D1704710B508B30378E3B1013BDBB22E
S3150800CB20022B1DD80F4A32F813304278D340DB0760
S3150800CB3016D5EFF31184302383F311880122017887
S3150800CB4040785943084B82405A5084F31188BFF302
S3150800CB506F8F002010BD40F2FF73E6E72220F9E749
S3150800CB602120F7E7987E030840D0035010B508B394
S3150800CB700378E3B1013BDBB2022B1DD80F4A32F82A
S3150800CB8013304278D340DB0716D5EFF311843023F0
S3150800CB9083F311880122017840785943084B824073
S3150800CBA05A5084F31188BFF36F8F002010BD40F2EE
S3150800CBB0FF73E6E72220F9E72120F7E7987E0308C6
S3150800CBC040E0035007B503788DF8043043788DF8B4
S3150800CBD00530837801A823B9FFF7C8FF03B05DF8CD
S3150800CBE004FBFFF797FFF9E707B503788DF80430DC
S3150800CBF043788DF80530837801A823B9FFF78AFFB3
S3150800CC0003B05DF804FBFFF7B1FFF9E7054B80F0C9
S3150800CC100102DA7110B103F11800D3E703F1180025
S3150800CC20E2E700BF88A4002008B5084B93F8B803CC
S3150800CC30A0F1FF0358425841FFF7E8FFBDE8084056
S3150800CC400022032162201BF0E5BF00BF0804002074
S3150800CC500B4B93F8E02362B107280CD803EB0013BB
S3150800CC6093F874314BB10123064A834013640020BC
S3150800CC70704705487047054870470548704700BF24
S3150800CC800804002000100450028000F0018000F023
S3150800CC90078000F00B4B93F8E02362B107280CD805
S3150800CCA003EB001393F874314BB10123064A834012
S3150800CCB013640020704705487047054870470548C3
S3150800CCC0704700BF0804002000200450028000F0CE
S3150800CCD0018000F0078000F0F8B5002932D11F491D
S3150800CCE0D1F8E453002D37D030272C7D1C4E204632
S3150800CCF0FFF7AEFF07FB0463DB6E01F582618B422B
S3150800CD0013D1284606F050FE98B1EFF3118187F348
S3150800CD1011880123134AA3405365A2F580529362F2
S3150800CD20536381F31188BFF36F8F2046BDE8F8403F
S3150800CD30B0E7284606F056FE0028F6D10123A340A0
S3150800CD40B364F2E7012907D1044BD3F8E40318B119
S3150800CD50BDE8F84006F027BFF8BD00BF080400206C
S3150800CD60000004500020045038B5054644692146A1
S3150800CD70FEF79DFC6A6CE31D143AB3FBF2F301332C
S3150800CD8004EBC304204438BD0368F0B5CC1A436CE1
S3150800CD900646B4FBF3F4002587B0F36937685A1ED4
S3150800CDA09542706C06D3736C306803FB040014302C
S3150800CDB007B0F0BD0134B4FBF3F203FB1244F36B86
S3150800CDC005225B6901A900FB0470984701A8FEF7D4
S3150800CDD04DFE0128E7D90135DFE72DE9F041D0E915
S3150800CDE00A369E42044686B028D11422C36945688D
S3150800CDF002FB1355284606B0BDE8F0812068676C2B
S3150800CE00331AB3FBF7F3E26B07FB0300D2F814807F
S3150800CE1001A90522C04701A8FEF728FE012804D06B
S3150800CE20636C1D44013B3340ED1A31462046FFF73B
S3150800CE30ABFF0646A36AB342E0D1DBE70025F9E774
S3150800CE4010B423F0030422449B070A44436C18BF1A
S3150800CE5004325B4282EA0104234202D05DF8044BA5
S3150800CE6092E710465DF8044B70472DE9F04F97B0EE
S3150800CE70CDE908230D460A69416CD31D1439B3FB65
S3150800CE80F1F3013302EBC302036B04469342C0F08D
S3150800CE90CF820023DFF8C0920C93E36AAD481946A7
S3150800CEA00693FEF7B3FFD5E903370393099B022BD5
S3150800CEB040F02681CC2F40F0A682089B002B00F07C
S3150800CEC0F18000266868E36B01225B69119611A957
S3150800CED008309847B04694F84230012B40F0AD80B0
S3150800CEE0632E2DD9119B666C069A1293731E1340F6
S3150800CEF0F61AE36B01225B69686814A99847149BC4
S3150800CF0013F07E0F14BF04230823782F059340F2ED
S3150800CF100781012200234FF0080A04922A68C9F8FB
S3150800CF202474C9F81424099A032A00F01F81022AD6
S3150800CF3000F0C780049A002A14BF00220722C4E022
S3150800CF40612E08D814AB324629462046FEF7D8FB90
S3150800CF509DF8503023B314AB3246294620468DF847
S3150800CF604C80FEF7CDFB94F84230DDF850A0012B3B
S3150800CF7052D14FF6FF739A4500F09280082214A901
S3150800CF8013A8FEF72DFD9DF84C20CAF307239A42F5
S3150800CF9040F086805FFA8AFA119B534411937FE02A
S3150800CFA094F84230012B2DD132462946204612AB41
S3150800CFB0FEF7A6FB2946204613AB721CFEF7A0FB1C
S3150800CFC02946204614ABB21CFEF79AFB082310220A
S3150800CFD013A90DF143008DF84330FEF701FD102229
S3150800CFE014A9FEF7FDFC129BDAB2002A51D19DF86E
S3150800CFF04320B2EB132F4CD1DDE9133203EB024386
S3150800D000119346E0302E2BD943E09DF84320B2EB2E
S3150800D010134F3ED1139BF3E7BAF1FF3F40D01022DE
S3150800D02014A913A8FEF7DCFC9DF84C20CAF30743A5
S3150800D0309A4235D11FFA8AFAAEE7312E3FF652AF39
S3150800D04089D014AB324629462046FEF759FBBDF86F
S3150800D0505030002B7FF47FAF94F84230012BA3D0D9
S3150800D06032462946204612ABFEF74AFB2946204699
S3150800D07013AB721CFEF744FB1023202213A90DF1F3
S3150800D08043008DF84330FEF7ABFC129B9AB2002A98
S3150800D090BBD094F84230012B14BF012302231E444F
S3150800D0A0013618E7039B01221B684FF0080A129302
S3150800D0B02B680492C9F8143408230593089BC9F809
S3150800D0C02474049AC2F10202D2B289F828244FEADB
S3150800D0D09A020E92069A019200220A920D920792DD
S3150800D0E00B92606C019A411E1140421A002F3FD0E4
S3150800D0F053449A4247D8236B1B1A0B4423635BE1BC
S3150800D100666C069A731E1340782FA6EB030619D889
S3150800D110EB7D8BB9089B002B7FF4EBAE04230593BC
S3150800D1203B1DB3421AD9F7B1082E3FF6F2AE0423D7
S3150800D13000229A460492F1E6089B002B7FF4D9AEAA
S3150800D1400823ECE7089B002B7FF4D3AE082305934E
S3150800D150DFE600BF1C080020080400200023049313
S3150800D1604FF0040ADAE604230497F9E7099AACE7CC
S3150800D1705245C0D3B846019B53440293079B002BE4
S3150800D18018BF032314E0A2EB0A02019B9742B84694
S3150800D190534428BF904697420293EFD90123D9F802
S3150800D1A0242489F82B34974243D1019AC9F81824C4
S3150800D1B0079399F82B34002B3DD099F82C24019924
S3150800D1C0D31C09EBC303C3F8181407990132A3F853
S3150800D1D01C8483F81E1489F82C24B8F1000F14D087
S3150800D1E0099B022B2BD10A9B7BB90D9B4344032B2E
S3150800D1F00BD9E36B01229B69029812A99847064648
S3150800D200002840F01B8101230A9399F828342E68D8
S3150800D210884A012B02EAC61628F07C4B40F2898020
S3150800D2209A1E012A03D908F1070303F07F031E4358
S3150800D23085E00223BCE7019BC9F81834CDE7089BB3
S3150800D240002B31D1039BB8F1030F03EB080B28D948
S3150800D250DDE90201E36B4FEA98029B6998470646A7
S3150800D260002840F0CA8018F003025FD0039B28F01C
S3150800D270030633440393029B1E444FF0FF3303997E
S3150800D28013A8139327F047FBE36B304601229B69EB
S3150800D29013A998470646CDF80CB0002EB5D0029BC8
S3150800D2A06FE04246029EE8E705F12003DDF808B084
S3150800D2B00F93EB7D68689BB100232E7E0B9AD9B23B
S3150800D2C08E4211D90F9903F1010C31F833109142AE
S3150800D2D026D9059905EBC303D8690A44104403E027
S3150800D2E00B9B059A13441844E36B01225B6913A947
S3150800D2F09847139B012211930B9B584604330B93B3
S3150800D300E36B11A99B699847029B06464344A3EB26
S3150800D3100B03042B07D9002872D10BF1040BC8E7BD
S3150800D3206346521ACBE7CDF808B0B6E7CDF80CB08D
S3150800D3306BE7079A43EAC263334343F060464FF00C
S3150800D34000038DF84C30049BCDE9146B002B49D0B3
S3150800D350202214A913A8FEF743FB1A2215A9FEF7E3
S3150800D3603FFB9DF84C304BEA83631593E36B0E9AAB
S3150800D3709B69019814A99847019A061E0C9B18BF29
S3150800D380134652460C93204643460199FFF758FD2B
S3150800D390236B08F10302A3EB0A0322F003029B1A8C
S3150800D3A0C9F81C042363002E48D10D9BA7EB080778
S3150800D3B043440D93029B019320460199FFF7E4FC31
S3150800D3C000230190002F7FF48CAE1B4A2968D2F8FF
S3150800D3D01C3404F10800E362D2F81824099BFEF70E
S3150800D3E05FFA11E01B2214A913A8FEF7F9FA9DF8B3
S3150800D3F04C3046EAC3661496B8E7CDF80CB04EE74B
S3150800D400CDF808B04BE77027384617B0BDE8F08F5F
S3150800D410002754E02A69616CD31D1439B3FBF1F374
S3150800D420013302EBC302236B9342BFF436AD61E0CE
S3150800D4301C27E9E780FFFF07080400203D2E59D185
S3150800D44004F1080301932768069B2046E16AD4F88D
S3150800D45044A0A3EB070BFFF797FCA26ABBFBFAFBFA
S3150800D4608242D7D0616CD9F81C2401F1FF3C02EA4C
S3150800D4700C0C226B0C9B521A624422632268E062EF
S3150800D4809A1AB2FBF1F8C345C2D10AFB0877069B84
S3150800D49007F1140BB3EB0B0711D0E36BBA08594627
S3150800D4A09B6998478246E26A069B3A44E262226B87
S3150800D4B00198D21A5A442263FEF788F95746236818
S3150800D4C0616CE06B01FB0831FEF777FA2046FEF740
S3150800D4D011FB2046FFF781FC2063002F9AD02A69AA
S3150800D4E0616CD31D1439B3FBF1F3013302EBC302AC
S3150800D4F09042A8D2374687E72DE9F0434FF6FF79E1
S3150800D500D0F8248004460E46C84514BF4546002573
S3150800D510002787B0E369BB4202D807B0BDE8F083AD
S3150800D520E26B2368606CD2F814C000FB0530052254
S3150800D53001A9E04701A8FEF799FA022806D0C845CE
S3150800D5400CD1721C29462046FEF7A4FBE369013577
S3150800D550B5FBF3F2013703FB1255DBE729462046F4
S3150800D560FEF7E8FAB0F1FF3F14BF02463246013231
S3150800D570E8E703460846EFF3108172B6024ADB6B0A
S3150800D580C2F84014DB68184708040020036813F043
S3150800D5907E0F03D1406820F07C40704713F0780076
S3150800D5A01CBF03F07F03D81F70472DE9F04F1446C0
S3150800D5B006460F468BB00393C36B01225B6907A926
S3150800D5C060689847F36B01225B69384606A9984755
S3150800D5D0079B5D1C07D10022A360A2756275002017
S3150800D5E00BB0BDE8F08F0122A2750022217E069DB0
S3150800D5F004EBC101CF610A846068C5F3D31CB84245
S3150800D60005F07F010CD14FF0FF33C4F800C0217537
S3150800D610A360237D043B022B26D80023A375DEE7EF
S3150800D62094F814E020688E4503D1A0EB0C00424222
S3150800D630424103F07F0001288CBF00200120012908
S3150800D6408CBF00210121884218BF002215F07E0FE9
S3150800D650A27503F07E0304D1002BDAD00023A3754C
S3150800D660D7E7002BD5D1F9E715F07E0F0FD1F36B6D
S3150800D670022238465B6908A9984708A8FFF786FF7B
S3150800D680237D032B50D8DFE803F0140E045806A8B0
S3150800D690F4E7CC22237E04EBC3031A840123694AE8
S3150800D6A013449B790AE0237E04EBC3031884002302
S3150800D6B0F5E7237E04EBC30318840123149A137039
S3150800D6C0069A12F07E084FEAD26A227E37D1F36BA9
S3150800D6D004EBC2020AF003055B69B2F8209082F8EF
S3150800D6E0225008A902223846984720220DF1170031
S3150800D6F00DEB02018DF81780FEF772F91A2209A9B7
S3150800D700FEF76EF99DF81730099A4FF0080BB3EB40
S3150800D710926F0CBF012300236375637D33BB00231F
S3150800D720A3754FF0000851E0227E013BDBB204EB03
S3150800D730C202052B1084C0D8B1E70223AFE7002543
S3150800D74004EBC202B2F8209082F8225006A91B22E6
S3150800D75008A88DF82050FEF743F99DF820204FF0D1
S3150800D760040BA2EB0A0253425341D5E794F81680FC
S3150800D770B8F1000FD5D0B9F1000F09D1DDB10123F9
S3150800D780E375637E002B35D1012D28D1657614E02B
S3150800D790736C07EB0B02594287EA020008421CBF6A
S3150800D7A00021A175591E0A409B1A4B45B7D3A37D84
S3150800D7B0002BE3D1B5E7E37D43B94FF000084B46AC
S3150800D7C05A4639463046FFF73BFBA060A27D237ECA
S3150800D7D0BAB9012B33D801332376A07D00E796F832
S3150800D7E0343063B9F36A0133E9D1032DE7D1012354
S3150800D7F0A376E2E7012DE9D0032DDED1F7E79846B7
S3150800D800DDE72269012B4A44226118D801332376C1
S3150800D810039B002BE1D0E37D002BDED0B8F1000F8F
S3150800D820DBD1032DD9D0A1684B1CD6D0149B224638
S3150800D830009330460123FFF7B8FEA075CDE7002315
S3150800D840A375CAE7987E030813B50C46002121760E
S3150800D8500093616813462246FFF7A7FE18B1E37DD9
S3150800D86003B1A07EA075A07D02B010BD2DE9F04FD2
S3150800D8700F469A46002389B004464FF0FF311046FA
S3150800D88090468DF80B30FEF7C1FAB7F5801F20D207
S3150800D890394603AA04F10800FDF7D1FF451C0146E5
S3150800D8A005D1237CBBB92D2009B0BDE8F08F4046D1
S3150800D8B0FEF7ACFA0122414620460DF10B03FFF7AD
S3150800D8C0C3FF0028EDD09DF80B308AF80030002001
S3150800D8D0EAE7B81CE5D1E66A711C2CD12046616AD4
S3150800D8E0FEF7E9F80646BB1C18BF0123DFF8C4B0EB
S3150800D8F00093636A626C0193236803A902FB0639E5
S3150800D900E36B484605225B6909F114099847002527
S3150800D91049464B1C05D0636C81EA09025B421342F7
S3150800D9200FD031462046FEF7C6F8019BB3422FD0EA
S3150800D93085BB0646DDE72368F61A636CB6FBF3F685
S3150800D940D1E71B48FEF762FA2046009A18490DF1FE
S3150800D9500B03FFF779FF8446B8B1BA1C03D0DBF88E
S3150800D9601434BB4211D145469DF80B30DFF840E030
S3150800D9708AF80030BEE80F000FC5BEE80F000FC5D5
S3150800D9809EE8070085E807006546DBF81C14C0E733
S3150800D990002D88D0B7F5801F99D239469AF80030FD
S3150800D9A0D8F8042004F10800FDF77AFF8FE700BFD6
S3150800D9B01C080020080400202DE9F341089C032ACE
S3150800D9C01746266806D1237A012B25D0012002B0F6
S3150800D9D0BDE8F081DFF8988030460DF1070308F2BC
S3150800D9E04442FFF743FF60600028ECD12568D8F869
S3150800D9F04834A96AD5F844C04B40CCF1000213401C
S3150800DA00207AE0D1012809D1E068D8F854240244E4
S3150800DA107069824202D92374207CD8E72868EB6AA9
S3150800DA201B1A081AB3FBFCF3B0FBFCF083420BD1BC
S3150800DA30706CF36A421E1340326B121A134428465E
S3150800DA403363FFF7A1F9E862D8F85424E36808328B
S3150800DA501344E36001223B4604492068FFF705FAB0
S3150800DA6060600028AFD00020B1E700BF4C08002056
S3150800DA7008040020032A2DE9F34106460D461746F9
S3150800DA801C4606D1237A012B24D0012002B0BDE81A
S3150800DA90F081DFF8608009680DF1070308F2444257
S3150800DAA0FFF7E4FE60600028ECD19DF80720237A92
S3150800DAB0032AE7D0D8F848146A689142E2D1012BC4
S3150800DAC02969D4F80CC007D172690CEB010393429B
S3150800DAD002D92074207CD9E708316144E1603B46CD
S3150800DAE0012229463046FFF7C0F960600028C9D0F0
S3150800DAF00020CBE7080400202DE9FF410C46174615
S3150800DB001E46054690B390F834308BB3B1F5801FA6
S3150800DB1030D2DFF864800121FFF72BFD2146284625
S3150800DB200DF10F0308F58E62FFF7A0FE044678B9DB
S3150800DB309DF80F30012B12D1D8F880349E4213D1AC
S3150800DB40024600903346394628461AF0B9F8044684
S3150800DB50E86B1BF0C3FE204604B0BDE8F081022B3B
S3150800DB6014BF2D246024F3E76324F1E72124F2E7A8
S3150800DB701124F0E72924EEE7080400202DE9F043F4
S3150800DB8085B00C4617461E460546DDF83080A0B31C
S3150800DB9090F834309BB3B1F5801F32D2DFF8689025
S3150800DBA00121FFF7E6FC214628460DF10F0309F58A
S3150800DBB08E62FFF75BFE044688B99DF80F30012B8D
S3150800DBC014D1D9F8802406EB08039A4213D300909F
S3150800DBD043463246394628461AF072F80446E86B38
S3150800DBE01BF07CFE204605B0BDE8F083022B14BF6F
S3150800DBF02D246024F3E76324F1E72124F2E71124B6
S3150800DC00F0E72924EEE700BF080400202DE9F341D8
S3150800DC101F4600230C46164605463B6058B390F847
S3150800DC20343053B3B1F5801F29D2DFF8588001216B
S3150800DC30FFF79FFC214628460DF1070308F58E627B
S3150800DC40FFF714FE0446A0B99DF80730032B10D041
S3150800DC50022B0AD10123336004233B60E86B1BF0D7
S3150800DC603DFE204602B0BDE8F0813060D8F8803429
S3150800DC70F3E72D24F2E72124F3E71124F1E7292419
S3150800DC80EFE700BF080400202DE9F04380460E4662
S3150800DC901F46154689B00AB1002313600FB1002349
S3150800DCA03B604FF010090023324641462748CDF81D
S3150800DCB00090FFF763FF0446F0B93268244B9A4296
S3150800DCC025D14FF0180901464A4602A825F055FE07
S3150800DCD0234641461D48CDF8009002AAFFF74EFF9D
S3150800DCE0044648B9069B7360DDE90423C6E90223A6
S3150800DCF0184B336025B9184C204609B0BDE8F083A7
S3150800DD00C5F8009032689A421BD0144CF4E7114BC0
S3150800DD1015B99A42F0D0F8E7C5F8009032689A42E9
S3150800DD20F3D1002FE8D03B464146084802AAFFF740
S3150800DD306DFF48B93B682A68934204D39B1A3B6037
S3150800DD40DAE7054CEDE702200446D5E7A8080020E7
S3150800DD50D175E105105D175EFEDF00F0FFDF00F00C
S3150800DD6073B50D46D11E4A421C461B7E4A419A424D
S3150800DD7028D129682368994224D36368994221D80F
S3150800DD80124E0DF1070306F24442FFF76FFDC8B9BC
S3150800DD90D6F848246B689A4214D19DF80730DA1EE3
S3150800DDA053425341227E93420CD163690133636126
S3150800DDB0D4E90323934205D22968A26842F82310BE
S3150800DDC001332361012002B070BD00BF08040020A2
S3150800DDD02DE9F743044616461F460D46DFF87480BC
S3150800DDE0816AE36A8B421ED04B1C1CD0DFF8609018
S3150800DDF04846FEF70BF80122494620460DF107036F
S3150800DE00FFF722FD30B13B4620469DF80720104912
S3150800DE10B04740B1D8F810154A1C07D0012D0DD0CF
S3150800DE20E36A9942E4D103B0BDE8F083D8F80C154B
S3150800DE302046FEF7A9FF012D0146D2D1D8F80C35A8
S3150800DE4081EA0302636C5B421A42ECD1C9E700BF60
S3150800DE5010090020080400202DE9F041036B9046C4
S3150800DE60826B07689A4288BF8363426C436A92B0A2
S3150800DE7002FB0377C36B0E46052203A95B690446BA
S3150800DE803846984703A8FDF7F1FD0128014630708A
S3150800DE9070D0656CE26B2368606AD2F814C005FB23
S3150800DEA00030052208A9E04708A8FDF7DFFD01288C
S3150800DEB04FF000053CD0D4E90A3201219342CDE95E
S3150800DEC00D458DF83C8010958DF8441043D11946C0
S3150800DED02046FEF759FF236B626C14339B1AE062E7
S3150800DEE023630E9B1BBB9DF8443003B3636A626CC5
S3150800DEF02568D4F83C8002FB03550C350122D8F876
S3150800DF00143001A9284698474FF6FF72019B99B22B
S3150800DF1091420CD11B0C1B0443F4254343F0A50383
S3150800DF20029301222846D8F8183002A998470E9D70
S3150800DF30E36B05225B6903A93846984703A8FDF7F2
S3150800DF4095FD30702846236BA26B9A4288BFA3635F
S3150800DF5012B0BDE8F081237C33B91D490DAA04F13E
S3150800DF600800FDF7F5FCBCE720461A4A0DABFFF79B
S3150800DF702FFFB6E7237C23BB2246174904F1080086
S3150800DF80FDF7E6FC616A2046FDF7D4FD616A421C8E
S3150800DF902046FDF77FFE054620B9236B626C1344C5
S3150800DFA0143B23632046A16AFEF7EEFE2368A062AF
S3150800DFB0C01A636CB0FBF3F060622046FEF70DFFF3
S3150800DFC0B6E700232046054AFFF702FFDAE700BF57
S3150800DFD0B9D9000875DA000823B8000873B800082C
S3150800DFE02DE9F0474FF0FF334FF6FF720025044640
S3150800DFF000F1080AC0E909238AB0C362056205630D
S3150800E00050460F46FDF7E2FB2046FDF773FD18BBA9
S3150800E01020463946FFF770FA2046FDF76BFD18BB18
S3150800E0205E200AB0BDE8F087E26B606C266853692B
S3150800E03005A9052200FB0560984705A8FDF716FD0A
S3150800E040012828D129462046FDF774FD421C294699
S3150800E0502046FDF71FFE0135E3699D42E4D32046BD
S3150800E060FDF748FD0028D3D000254FF0FF394FF6BD
S3150800E070FF73C8462F46C4E90853E3699F4214D381
S3150800E080A5EB0905012D30D84FF6FF72636A934256
S3150800E0903DD16720C5E70338C0B20128DBD8294639
S3150800E0A02046FDF747FD0246D1E7E26B606C26681D
S3150800E0B0536905A9052200FB0760984705A8FDF7DF
S3150800E0C0D5FC01280FD805A8FDF7A8FC404538BFA0
S3150800E0D06762814528BF8146854238BF0546804626
S3150800E0E0236A013323620137C7E74FF6FF7300251A
S3150800E0F06362E3699D42C7D2676C2068E36B07FBDE
S3150800E100050005225B6905A998470135F1E7E26B29
S3150800E110676C206855696946052207FB0300A8470E
S3150800E120626A616C23684A4D01FB02331433A362A9
S3150800E1304FF0FF336FF00101E362204605AB05F2AD
S3150800E1404442FFF793FB002847D1D5F84C5429469B
S3150800E1502046E562FDF7BBFA206320B92046E16A4E
S3150800E160FEF712FEE06229462046FEF70DFE05463A
S3150800E170A36A9D4233D12046FDF78CFA00278046D4
S3150800E1803D46E3699D423CD3B84555D92046616A68
S3150800E190FDF791FC0026054604F1400AB74212D85D
S3150800E1A0626C2368694602FB0539E36B05225B69E5
S3150800E1B0484698476846FDF731FC534602464946A5
S3150800E1C0E06BFDF7E5FC29462046FDF774FC0136B1
S3150800E1D0B0450546E2D1642023E7A56AB7E7294694
S3150800E1E02046FDF774FA236B294603440746236342
S3150800E1F02046FEF7C9FD0546002FB9D1C4E90B072D
S3150800E200B6E7626C236805A902FB0539E36B0522AC
S3150800E2105B694846984705A8FDF728FC012809D8F0
S3150800E220204609F11401FDF752FA636C143B984233
S3150800E23008BF01370135A4E75046FDF7C7FA0023A2
S3150800E24020461946034AFFF7C3FD0020E9E600BF4A
S3150800E250080400203DB900082DE9F8430023A44F1F
S3150800E2600E46D7F834850446C7F8343518B921253B
S3150800E2702846BDE8F88390F834500DB3096802685B
S3150800E280914240F02A8171684268914240F02581A6
S3150800E290B1688268914240F02081F168C268914273
S3150800E2A040F01B8131694269914240F01681B1699B
S3150800E2B0C26B914240F0118172691D468261D7E7AF
S3150800E2C068222946D0F8389025F057FB336804F1C0
S3150800E2D0080023607368C4F8389063603369636123
S3150800E2E07369A361D6E90223C4E90223FDF76EFA2E
S3150800E2F0B36904F14000E3639B68984700284CD152
S3150800E300616C11B16368B3FBF1F194F84330E161D4
S3150800E310002BACD00023656C2366002D00F0E58049
S3150800E320002900F0E2802368B3FBF5F205FB1233FF
S3150800E330002B40F0D480D4F80490B9FBF5F605FB21
S3150800E3401696002E40F0CB802046FEF70DFDA369F9
S3150800E350043303449945C0F0C48040F634726369B7
S3150800E360CC3B934200F2BF80B5F5805FC0F0BD801C
S3150800E37003212046FFF7FDF8D4E90001E36B1B688B
S3150800E38098470546E36B0220DB6898473DB184F859
S3150800E3903460E06B1BF0A2FA6AE72946B5E7414606
S3150800E3A02046FFF71DFE6428054604D1414620464F
S3150800E3B0FFF716FE0546636C143B8DBB226A2046A2
S3150800E3C002FB03F6FEF7D0FCA369043303449E421E
S3150800E3D003D284F834505A25DBE70123D4E90096A2
S3150800E3E084F83430D7F83835D7F83C850133C7F880
S3150800E3F0383505F037FF1F2E16D8BFF35F8F052275
S3150800E4003C4BC3F894205A6A42F480325A62BFF3EE
S3150800E4104F8FBFF36F8FBFF34F8FBFF36F8FB8E781
S3150800E420002384F83430B4E74FF0000C19F01F0FBE
S3150800E43006F1FF3618BF29F01F0109EB06030CBFCA
S3150800E44049462031DA062B4A18BF23F01F035FFA24
S3150800E4508CF0804526D8D2F8C00021F01F0120F4A0
S3150800E4607F4040F48070C2F8C00041F00301EFF32A
S3150800E4701186302080F31188D7F83C0523F01F0356
S3150800E48043F00303C2F89800C2F89C10C2F8A03003
S3150800E49086F31188BFF36F8FD7F83C350133C7F879
S3150800E4A03C35AAE7C2F89800D2F89C00D2F8A060DA
S3150800E4B020F01F00884226F01F0601D19E429CD0FC
S3150800E4C08E4201D3984298D9D2F898000CF1010CE3
S3150800E4D020F0FF00C2F89800B9E75D25C8E659257F
S3150800E4E0C6E65A25C4E65F25C2E65B25C0E600BF38
S3150800E4F00804002000ED00E001490248ACE600BF30
S3150800E500A4A40020A808002070B5524C054694F82B
S3150800E510D83386B023B1022384F8D83306B070BD49
S3150800E5200126CDE9013384F8D863EFF3118330224D
S3150800E53082F31188C4F8DC3320F008F994F84035E2
S3150800E5406BB9FFF7D9FF50B90823434904F244527F
S3150800E55004F59460FFF7D0FA08B984F840653F4B94
S3150800E5605A6E6A619B6E3E4AAB614FF4804393666E
S3150800E5703C4B5968E9613C499960196E2960596EA6
S3150800E5806960D3F87011A960196CE960596C296142
S3150800E5903649086C1864496C5964012151661B6E2A
S3150800E5A09E043BD5324AD368DD07FCD4314B5A6901
S3150800E5B0511C38D04FF4801393402F4A1366042217
S3150800E5C02D4B4FF400011A664FF400721A660822A2
S3150800E5D01A664FF480521A664FF00062956A1A66F8
S3150800E5E0596605F17843B3F5C04F07D2002303A84F
S3150800E5F00593FEF7DBF9059B5B0526D4029A1E4BAD
S3150800E6001A66019A5A6694F84025002A86D0D4F8E4
S3150800E61044251A66D4F848255A667FE7174AD36808
S3150800E620D807FCD4C2E794F8D933002BC7D14FF4E6
S3150800E63000720B4B5A6603F5A6235B68002BBED106
S3150800E6404FF480120C4B1A66B9E72B6C01A902A885
S3150800E6509847D3E70804002000710800008000509E
S3150800E660009000500080004455CEAC0000C0005415
S3150800E6700000044088A400200090004400000450D4
S3150800E6802DE9F0414FF00067BB6A03F17842B2F515
S3150800E690C04F2DD21A68184B9A4229D1174D95F8B2
S3150800E6A0D90310F0FD0403D000242046BDE8F0810C
S3150800E6B001264FF4803805F24C50FFF725FF104B22
S3150800E6C02046C3F880610F4BC3F80C8005F04CF95F
S3150800E6D00D4BC3F81080BB6ADB699847044605F200
S3150800E6E04C50FEF7A5F9002CDFD185F8D963DBE796
S3150800E6F04FF48174D9E700BF07B0CD5E0804002047
S3150800E70000E100E000A000440090004438B54FF056
S3150800E7100065AB6A044603F17842B2F5C04F12D2DF
S3150800E7201B6B03F17843B3F5C04F0CD20648FFF7CD
S3150800E730EBFEAB6A20461B6B5B689847BDE8384022
S3150800E7400148FEF775B938BD740900202DE9F04176
S3150800E7508EB0054601A80C46FFF7D8FF9DF80C3089
S3150800E760012B26D145EA0403C3F30C03002B3CD145
S3150800E770B4F5002F17D805F17843B3F5002F12D852
S3150800E7801D4B2E199E420ED84FF480381B4F284633
S3150800E790C7F8688029F014F8044620B905F500552D
S3150800E7A0B542F4D101E040F2024420460EB0BDE87D
S3150800E7B0F0814FF00066B36A03F17842B2F5C04FB4
S3150800E7C016D21B6B03F17843B3F5C04F10D20C4831
S3150800E7D0FFF79AFEB36A21461B6B2846DB6B984700
S3150800E7E004460748FEF724F9DFE740F20444DCE76D
S3150800E7F040F20114D9E700BF000008080090005055
S3150800E800740900202DE9F0410F461646984604463D
S3150800E81088B060B390F83450FDB10121FEF7A9FE27
S3150800E82000210E9BCDE90511CDE902379DF83C3054
S3150800E830CDF804808DF81C30237C04968BB90D49DD
S3150800E84001AA04F10800FDF783F8DDE90553E06B3A
S3150800E850002E08BF1D461BF041F8284608B0BDE843
S3150800E860F0812046044A01ABFFF7B2FAEDE7054608
S3150800E870F3E700BF97B7000861DD00082DE9F3410B
S3150800E88004461F46164688462C4D4FF0FF3105F2C2
S3150800E8904440FDF7BBFA9DF820300022204605F2D9
S3150800E8A04441C5F85474C5F84484C5F85064FEF765
S3150800E8B0DCFA236E0746002B3BD02046FEF754FAB7
S3150800E8C0636E256B03449D422CBF002301238542BA
S3150800E8D094BF00252D1A6565257C002684F85030DE
S3150800E8E084F85850D5B1DFF8588033463246314659
S3150800E8F020460196CDF80080FFF784FF01230546E0
S3150800E900CDE900833246334631462046FFF77AFF83
S3150800E910E36805449D4294BF3546ED1A94F8503095
S3150800E920E56513B994F858301BB1236E04F150000D
S3150800E9309847384602B0BDE8F08100BF08040020B9
S3150800E940FFFF0F002DE9FF410F4690461E4605467C
S3150800E950002847D090F83430002B45D0B1F5801FF9
S3150800E96044D2234C0221FEF704FE04F58E62394692
S3150800E97028460DF10F03FEF779FF024620B16B69B1
S3150800E9809E4219D9622410E09DF80F30012BF6D16A
S3150800E990D4F880148E42F2D1009341463346284675
S3150800E9A019F08EF904460028E9D1E86B1AF096FFAB
S3150800E9B0204604B0BDE8F08128461AF0EDFC314641
S3150800E9C02846FCF774FE2C6B844209D30123424681
S3150800E9D00093394633462846FFF750FF0446E4E7D6
S3150800E9E01C24E2E72124E3E71124E1E72924DFE7F1
S3150800E9F00804002007B5204890F8D83303B9FEE785
S3150800EA0000236A46CDE900331C49082300F59460C3
S3150800EA10FFF772F8E8B91A4AD2F84031D2F840211D
S3150800EA201F2B4FF001030FD9203A9340019A1A433E
S3150800EA30019208236A4611491248FFF783FF124BD1
S3150800EA40124A1A60FEF74AF89340009A1A4300924F
S3150800EA50EFE72D28F3D10A4AD2F84031D2F84021FF
S3150800EA601F2B4FF0010385BF203A93409340019333
S3150800EA7098BF0093DDE700BF080400200071080076
S3150800EA8000800044A8080020000000200B020FF0B8
S3150800EA907FB50C46054648B390F8343043B3B1F514
S3150800EAA0801F27D20221FEF764FD21462846124A16
S3150800EAB00DF10F03FEF7DAFE0646A8B99DF80F30EA
S3150800EAC0032B11D028461AF067FC0323214600932E
S3150800EAD0324633462846FFF7D1FE0446E86B1AF05D
S3150800EAE0FDFE204604B070BD2D24F7E72124F8E783
S3150800EAF01124F6E72924F4E7780800202DE9F04FD9
S3150800EB00A3B04022002112A824F037FF402200219A
S3150800EB1002A824F032FF4FF00008224C224FA246EA
S3150800EB201034BC42254628BF3D46013D53461022B7
S3150800EB30CDE900581D4812A9FFF764FE4FF0000BF7
S3150800EB4006460DF14809B34514D101231022CDE933
S3150800EB5000531648534602A9FFF754FE00260546F9
S3150800EB600DF1080AAE4215D1114B9C42D7D10122AC
S3150800EB70104B07E059F8040BFDF7C0F8013006D131
S3150800EB8000220C4B83F88C2523B0BDE8F08F0BF1DF
S3150800EB90010BD8E75AF8040BFDF7D0F80130F3D08B
S3150800EBA00136DFE7006D0800216D0800A80800207F
S3150800EBB0306D080008040020034B5A6812B19A6A9F
S3150800EBC0002AFAD1704700BF0040065030B4044608
S3150800EBD0EFF3108072B6256885EA02030B406B4096
S3150800EBE0236030BC28F0A1B9F8B50D462049164671
S3150800EBF0D1F810236A1E0E2A0746037844782CD9C2
S3150800EC0085B3002201204FF0300CA0400CFB031105
S3150800EC102EB301F5825108600F21072C03EB43033D
S3150800EC2088BF083C4FEA0313124895BFA400A40006
S3150800EC3004330C33A240A1401844FFF7C7FF5DB95F
S3150800EC40012230207B7839789A40094B00FB013342
S3150800EC5056B103F582531A60F8BD2A46D2E701F584
S3150800EC600151D8E72A46D7E703F50153F3E700BF72
S3150800EC7000C0035030C0035038B510B30F2922D84E
S3150800EC800378DBB1013BDBB2022B1CD8104C34F8FD
S3150800EC9013304478E340DB0715D50E4BD3F8104301
S3150800ECA09CB9EFF31185302383F31188FFF79CFF96
S3150800ECB085F31188BFF36F8F204638BD40F2FF7386
S3150800ECC0E7E72224F8E72124F6E70224F4E700BF61
S3150800ECD0987E030800C003507FB504680546A388DC
S3150800ECE05B48ADF8083028F053FD0022012102A840
S3150800ECF0FFF7C2FF0DF1070102A81AF08BFB9DF87A
S3150800ED00073083F001032370A379022B6BD14FF0F0
S3150800ED10FF339DF808200393002A67D0D318DBB287
S3150800ED20022B04D9FF2A0AD02B46042257E0494A67
S3150800ED3032F813309DF80920D340DB07F4D5EFF3FA
S3150800ED401186302383F311889DF80840FF2C79D06B
S3150800ED50414BD3F81033002C4DD19DF80930052BC3
S3150800ED6070D10122032102A8FFF73EFF01233A4A88
S3150800ED7004F11000D2F83014834021EA0301C2F8E6
S3150800ED803014D2F83014C2F83014D2F82C141943BF
S3150800ED90C2F82C143149CA6E02F03002202A1FBF6D
S3150800EDA0CA6E22F0300242F01002CA662C4AC2F835
S3150800EDB020340C222B4B02FB04332B4AC3E92E25A5
S3150800EDC09DF80830FF2B04D00123284A8340C2F857
S3150800EDD0243486F31188BFF36F8F01222B4603A9CB
S3150800EDE002A81BF025FD002004B070BD40F2FF7399
S3150800EDF09DF80920A0E7012C07D19DF80930012BC1
S3150800EE0018D0032B1ED10424ABE7022C08D19DF899
S3150800EE1009308BB1052B11D0072B13D10824A0E795
S3150800EE20032C0FD19DF80930022B09D0052B09D1E7
S3150800EE300A2496E7032494E7062492E7072490E732
S3150800EE4009248EE786F31188BFF36F8F6CE700BF3E
S3150800EE50A47E0308987E030800C0035000400050B3
S3150800EE6000E00350080400202D15010800D00350C7
S3150800EE7003681A78022A02D100225A802CE77047C2
S3150800EE8013B504460A4828F083FCA2780421B2FA8E
S3150800EE9082F2237852098DF8043063780DEB01006D
S3150800EEA08DF80530FFF7E8FE002002B010BD00BF60
S3150800EEB0A47E0308044BD3F88420D206FBD4D3F8E7
S3150800EEC08400C0F38110704700400050430905D004
S3150800EED0012B0CD0022B084B18BF002300F01F0093
S3150800EEE039B103F58053012282401A607047034BFB
S3150800EEF0F4E703F50053F6E7688000506480005095
S3150800EF0038B5174CFF28A26A28D8A36D154D13F4F7
S3150800EF10803F18BF4FF48031134B18BF99624FF0EA
S3150800EF2080719962A36995F9385023F47F030544E3
S3150800EF3023F47F4343EA002385F3080543EA0543A0
S3150800EF40A3610A48FFF742FEA36DDB0304D54FF41D
S3150800EF5080310648FFF73AFE002038BD2120FCE73D
S3150800EF600040005A88A400200050005A2840005A41
S3150800EF7038B50F4C0F48A26AA36D13F4803F18BF2B
S3150800EF804FF480310C4B18BF99624FF0807199622B
S3150800EF90A569FFF71BFEA36DC5F30725DB0304D59B
S3150800EFA04FF480310348FFF711FE284638BD00BFED
S3150800EFB00040005A2840005A0050005A014B83F876
S3150800EFC03800704788A40020014B93F93800704731
S3150800EFD088A400204FF4803310481149826A8B6256
S3150800EFE0836D03F00303032BFAD14FF080730D48AA
S3150800EFF08B620A4B996D30EA0101FBD10120084961
S3150800F0000865996D8907FCD4044B996D8807FCD56A
S3150800F010996D8907FCD504490448D7E50040005A8C
S3150800F0200050005A03000100000001012840005A60
S3150800F030164B10B5D3F82831044603F00703013BF5
S3150800F040052B04D8DFE803F00A161E120E1A002351
S3150800F050184604B1206001B10B6010BD0C4BD8688E
S3150800F0600523F6E70A4BD8680623F2E725F0EAFDFA
S3150800F0700723EEE7064B18690323EAE7044B1869EA
S3150800F0800423E6E702230348E3E700BF00800050B5
S3150800F09088A40020002D31010E4BD3F8403103F02F
S3150800F0A00303022B0DD0032B0FD0012B0BBF0A2312
S3150800F0B001234FF40042002200B1026001B10B6047
S3150800F0C0704709234FF40042F6E70B234FF47A7290
S3150800F0D0F2E700BF008000501FB50023B0F5807F1F
S3150800F0E0019300F041816AD8002800F00181203898
S3150800F0F0602877D8602875D8DFE810F0FA0008018C
S3150800F100FA0008011701170117011701170108016D
S3150800F11024017F00B30047017F00080108010801A8
S3150800F1207400740074007400740074007400B300F2
S3150800F130080108010801A0016601080174007400AD
S3150800F1407400740074007400740074007400740011
S3150800F1507400740072011701FA00FA00FA005701E8
S3150800F1607F007F007601E1009600F100F10074004F
S3150800F17074007400740074007400740074007400E1
S3150800F18074007400740074007400740074007400D1
S3150800F19074007400740074007400740074007400C1
S3150800F1A074007400740074007400740074007400B1
S3150800F1B0740074007400740074007400F600B0F5EE
S3150800F1C0F06F00F03B8151D8B0F5607F00F0A58064
S3150800F1D01ED8B0F5007F00F08E8007D8B0F5C07F46
S3150800F1E000F08680019805B05DF804FBB0F5207F35
S3150800F1F000F08C80B0F5407FF4D125F00FFD964BDA
S3150800F2001B6FC3F380230133B0FBF3F040086DE0B6
S3150800F210B0F5B06F00F0968018D8B0F5806F00F0A2
S3150800F2208480B0F5A06FDDD100218B4B0391D3F814
S3150800F230203203F00703042B06D8022B7ED8012BB5
S3150800F24078D0022B00F0E680039B97E0B0F5D06FEC
S3150800F25000F09B80B0F5E06F00F0B680B0F5C06FA7
S3150800F260C0D1002101A8FFF717FFBBE7B0F5206F53
S3150800F27000F0BA801BD8B0F5106F00F09680B0F594
S3150800F280186F00F0AD80B0F5086FABD1724BD3F8AC
S3150800F290003103F00303022B00F0D780032B00F0A4
S3150800F2A0D780012B40F0D6806C4B1B6966E0B0F521
S3150800F2B0306F00F0B5800CD8B0F5286F92D10021D8
S3150800F2C0654B0391D3F8703203F00303012BBBD1CE
S3150800F2D09CE0B0F5386FC4D0B0F5406F82D10021FC
S3150800F2E001A8FFF7A5FE7DE725F07AFC019079E7EE
S3150800F2F025F094FCFAE725F073FC574BD3F89030C9
S3150800F300C3F304630133B0FBF3F0EFE725F086FCA3
S3150800F310514B1B6FC3F38023F4E725F061FC4E4B7A
S3150800F320D3F88030C3F30113ECE7002101A8FDF7F9
S3150800F33007FB57E703A8FFF77BFE85E74FF4004373
S3150800F340039381E70021444B0391D3F8803103F0FE
S3150800F3500303022B62D0032B5CD0012B7FF474AF1E
S3150800F36003A8FDF7EDFA6FE702934FF0E0231B6958
S3150800F3705A0705D525F052FC0290029B019331E706
S3150800F38003A902A8FFF788FEF7E7334BD3F8003244
S3150800F39003F00700032812D05B070AD401380128B6
S3150800F3A08CBF00200120C003A0E72B4BD3F80832FE
S3150800F3B0EEE7042806D125F031FC800A96E74FF4DB
S3150800F3C07A7093E7002091E7234BD3F8403203F095
S3150800F3D00303032B36D0003B18BF0123DB03CDE71D
S3150800F3E01D4BD3F85032F2E7002303931A4BD3F898
S3150800F3F0603203F00703013B032B3FF625AFDFE836
S3150800F40003F002040D090021AAE7002103A8FFF76B
S3150800F41043FE19E725F016FC039015E7104B8FE716
S3150800F4200D4AD2F8902202F00302012A04D0022AD9
S3150800F430C8D125F007FC59E7094857E7064BD3F822
S3150800F4406031C4E74FF47A7398E74FF4004395E7C1
S3150800F450044B93E7002391E70080005088A400201E
S3150800F460002D310180D5430208B58020FFF734FE10
S3150800F470034B98429EBF4FF48032024B1A6708BD71
S3150800F480005A620200A000504FF48032104B10B5AB
S3150800F4909A66A3F580531B6FC3F3033303FB00007F
S3150800F4A00C4BDC69144041F67132DA635A6822F46F
S3150800F4B0401259B90849884294BF00200120000526
S3150800F4C002435A600CB10022DA6310BD0349F2E721
S3150800F4D00090005000000350005A6202002D3101CE
S3150800F4E010B50C4C02201AF03BFB236F0A4AC3F3F3
S3150800F4F0802301330021094882F88D35FFF7C4FFC0
S3150800F500236F43F4806323674FF4803304F58054F4
S3150800F510236710BD008000500804002000B4C4040E
S3150800F52008B54FF4C070FFF7D7FD0649064A88426A
S3150800F53094BF00200120136F23F4806343EA8023DD
S3150800F540136708BD80F0FA020080005038B50546FA
S3150800F55025F064FB0446FFF7ADFC0128D4BF012162
S3150800F56000212046FFF790FF00201AF02DFB25B159
S3150800F570FFF7D6FFBDE8384076E70649064A0B6F1F
S3150800F58092F88D2523F48063013A43EA82230B67B8
S3150800F590F0E700BF0080005008040020024A536BC1
S3150800F5A00342FCD1704700BF0040095070474FF036
S3150800F5B00042104B70B55D6E03F580535A664AF6E5
S3150800F5C0CD3304460C4980204E6C0B64FFF7E6FFEA
S3150800F5D00B6A23F4F85343EA04230B62F30744BF88
S3150800F5E0064B0B64002DA2BF4FF00042044B5A662F
S3150800F5F070BD00BF00800050004009503254FFFF24
S3150800F60000A00050436D0B42FCD1704708B5436813
S3150800F610DA0714D58368DB0702D50369D90707D546
S3150800F6200A2350218363FFF7EDFF836C9A07FCD109
S3150800F630012200F500535A6043689B07FCD408BDB5
S3150800F64010B5FFF7E3FF042300F5805100F50052DB
S3150800F6500B6113610B6113610B6113610B6113611C
S3150800F660202341F2020103610023C36083604161E4
S3150800F6704FF4A021836141620449C3610362836236
S3150800F680C36243630365D164036310BDFF3F0D0383
S3150800F69038B50C460121024600F58053596004F03E
S3150800F6A00F0540F6FF71FFF7ADFF78218563FFF779
S3150800F6B0A9FF04F00103610748BF43F00203916CF8
S3150800F6C001F003019942FAD138BD01B99EE7DFE797
S3150800F6D070B505461446084661B9354B9D421CD09F
S3150800F6E0344B9D421BD003F580439D4208BF5820EA
S3150800F6F0FFF7F2FCAB6813F0010F6B6831D0B0FB73
S3150800F700F4F4D90704F1FF344FEA046409D42B69E9
S3150800F71023F07F4323432B6170BD5620E8E757202B
S3150800F720E6E728212846FFF76DFFAB6C9A0714D148
S3150800F730AB6CDB0713D4AB6C13F0020F14BF0626B1
S3150800F74000262846FFF762FF2B69314623F07F43E0
S3150800F75023432B61BDE87040B7E70526F1E7092684
S3150800F760EFE7AB6803F0E003402B1AD004D8D3B117
S3150800F770202BD1D1082304E0602B16D0802BCBD1C7
S3150800F780012363434101B1FBF3F20B4B203A2846B0
S3150800F79003EAC2020121FFF735FF2A63BDE870407C
S3150800F7A030E70623EDE71023EBE70423E9E700BF7C
S3150800F7B00000015B00000A50F8FF7F002DE9F041C8
S3150800F7C005460F461E4690464AB101233022194C7B
S3150800F7D08B4002FB004436B304F5825423600F21A4
S3150800F7E0072F05EB450388BFA7F108044FEA031363
S3150800F7F0114895BFBC00A40004330C3308FA04F280
S3150800F800A1401844FFF7E2F9B8F1000F09D1012326
S3150800F8103021084ABB4001FB05223EB102F582525F
S3150800F8201360BDE8F08104F50154D7E702F50152EB
S3150800F830F6E700BF00C0035030C003500123F0B5FF
S3150800F840C4B2214DA340D1F800C08F7ACC7A0E7B82
S3150800F8502B65850005F1A04505F58825C5F804C082
S3150800F86030256843240591F80DC044EA074400F1A1
S3150800F870A04000F5802044EA465422F00302C0F86E
S3150800F88060C0C4650267EFF3118485F311880F4AD7
S3150800F890087A536500B11364487A00B1936308790E
S3150800F8A08A7942EA0042084882614D79CA7907494D
S3150800F8B042EA05428A61064A4363936484F31188DF
S3150800F8C0BFF36F8FF0BD00BF002004500010045036
S3150800F8D0000004500123C0B28340EFF311813022A7
S3150800F8E082F31188074AD06A184209D1526B9343AA
S3150800F8F00CBF0120002081F31188BFF36F8F70477A
S3150800F9000020F8E70000045070B59400224605462A
S3150800F9100E4627F051FF431C0AD058B922463146F5
S3150800F920284625F02AF8002814BF3D20002070BD7F
S3150800F9306E20FCE77120FAE74FF48032054B9A6691
S3150800F94041F6713203F51C33DA63012203F50053DD
S3150800F950DA6070470090005008B5FFF7EDFF002009
S3150800F96008BD114321F0F8014904044B490C41F440
S3150800F9704021063043F82010704700BF008003502E
S3150800F980021E30B54FF000000CBF0C25042547F6C3
S3150800F9900774084952B9831D51F82330234023B10F
S3150800F9A001308542F6D14FF0FF3030BD00F1120329
S3150800F9B0F2E700BF008003503AB122F0030202F1D9
S3150800F9C0A04202F5603209B9106070470002FBE7F1
S3150800F9D04FF48032064B5A6603F5E6239B69C3F358
S3150800F9E08512827003F03F021B0B4270037070474A
S3150800F9F00090005007B5014601A8FFF7E9FF9DF8FA
S3150800FA00063001220B804FF4807300204B80054B93
S3150800FA109B680A3303F01F0302FA03F34B6003B033
S3150800FA205DF804FB0080E00F0020704747F6FF737F
S3150800FA309A42F0B56FD009296FD8394B0B441B7C15
S3150800FA40032B6AD8374DDE0005EBC30393F8900500
S3150800FA5093F89215012815D1002593F89305401AB5
S3150800FA60854202D30844C0B2F0BD441BD3F894655E
S3150800FA70A0EB540436F914609642D4BF254604F127
S3150800FA80FF30EDE7D3F894050028EDD0B0F9004033
S3150800FA90A24204DCB0F902409442B8BF14468388F7
S3150800FAA03544FF2B19BFC8232827B0F90630B0F90B
S3150800FAB00870A3EB04030CBF0122002293FBF7F3A3
S3150800FAC095F8916513441BB29E4201DD002B01DABD
S3150800FAD0731E1BB24FF47A7C00EBC305EA88AD6847
S3150800FAE05F1C14FB02521D4622EAE2723BB25C32EC
S3150800FAF09E42B2FBFCF204DD00EBC307BF88BA42A4
S3150800FB00EAD900EBC5039888904228BF1046884278
S3150800FB1038BF0846A7E7FF20A6E70020A4E700BFEE
S3150800FB20987E0308080400200929F0B55CD82F4BF5
S3150800FB300B44197C032957D82D4B03EBC10393F8C3
S3150800FB409005D3F89415012811D193F8930593F8E5
S3150800FB509245904294BFC4EB0003C4EB0203001B1A
S3150800FB60DBB28342C8BF002331F91300F0BD002978
S3150800FB703AD093F89205904202D3B1F90200F5E71C
S3150800FB8093F89345B1F900009442EFD993F891455B
S3150800FB908B88013CA3F1FF06734201F10405E4B228
S3150800FBA0734101F10C07DEB2B44216D805EBC30364
S3150800FBB04FF47A756A43B3F902405B68D21A04EBCC
S3150800FBC0D47302EB630292FBF4F29042CEDBB1F9F6
S3150800FBD002009042CADC10B2C8E737F833C05E1C90
S3150800FBE09445E3D33346DEE70248BFE7987E030829
S3150800FBF0080400200080FFFF334B2DE9F3411B6802
S3150800FC0025F0F8FE0128074630D927F057FA061ED0
S3150800FC1004DA0124204602B0BDE8F0812B4890F8AA
S3150800FC20B835002B4CD100F2BC50FCF727F9044636
S3150800FC30B0B90023254DC5F81033C5F81433502341
S3150800FC4005F54878C5F81883C5F81C3327F021FA56
S3150800FC500446C0B100230124C5F87033012FD9D951
S3150800FC60304627F0A3FA0028D4DAD2E7174890F8E6
S3150800FC70B8353BBB00F2BC50FCF700F90446002837
S3150800FC80C8D10646D5E7032302460146009301205C
S3150800FC90434627F0C3F980460028DBD0D5F8101371
S3150800FCA009B125F0ADFD01214320C5F8708303F0A5
S3150800FCB03AFE432003F058FE012385F8B835CDE710
S3150800FCC00024CDE70024A5E788A400200804002026
S3150800FCD0036813F0704205D1C3F30E030B60D3B16A
S3150800FCE000207047B2F1004F0AD0B2F1204F07D07A
S3150800FCF0B2F1304F04D0B2F1404F01D02120704705
S3150800FD008268D20404D5C369002BF7D01B68E5E7DF
S3150800FD1003F07F03E2E74368002BEFD00B60DFE7D1
S3150800FD20002337B50C4601A905460193FFF7D0FF16
S3150800FD3028B9296811F0704103D1019B236003B0EB
S3150800FD4030BDAA68B1F1004FC2F38033C2F3403523
S3150800FD50C2F3003207D1062103EB450301FB023348
S3150800FD60019A5343EAE7B1F1204F04D12B4402EB41
S3150800FD7082021344F4E7B1F1304F02D0B1F1404F9B
S3150800FD8001D12B44ECE72120D9E72DE9F347056893
S3150800FD900F680446BD420E4690469A4605F07049DD
S3150800FDA02AD0B9F1004F06D0B9F1404F03D021202F
S3150800FDB002B0BDE8F08785EA0703B3F1805F0CD38C
S3150800FDC0BAF1000F2FD1B8F1000F18D0A368B268A6
S3150800FDD0534013F4E04F12D0E9E70023204601A967
S3150800FDE00193FFF775FF0028E1D1019AC2F30E02CD
S3150800FDF015431743BD42DAD1B9F1000FE0DB002302
S3150800FE00204601A90193FFF763FF0028D0D100908F
S3150800FE1069463046FFF75CFF0028C9D1DDE90032A4
S3150800FE209A42C5D0C3E7B268B8F1000F03D0A368F9
S3150800FE305340D904BBD49304E1D4B8E70023F7B5FB
S3150800FE400B600368054603F070430B60C2680C46F6
S3150800FE50032A00F28180012A6ED812B143F00063AA
S3150800FE602360D5E90223900102F0407167D5B1F10C
S3150800FE70407F67D0002B6FD04FF00072236823F0C5
S3150800FE80407313432360EA68022A07D12A69032AC2
S3150800FE9062D823F47F0343EA02432360EB68032B0B
S3150800FEA003D12B69F62B57D9A370AB681A0442BF46
S3150800FEB0236843F400432360EB68032B09D02368C7
S3150800FEC02A6823F4FF4323F07F03C2F30E02134389
S3150800FED023602B68AE68002B06F480573EDB16F4C9
S3150800FEE0E84F39D12B6806F4806603F0704303F1B6
S3150800FEF00043B3F1804F04D21EB1236843F48063F4
S3150800FF0023600023284601A90193FFF7E1FE88B97B
S3150800FF102B6813F0704139D12368019A23F4FF4303
S3150800FF2023F07F03C2F30E021343236017B1EB6974
S3150800FF3093B10F2003B0F0BD43F0806390E7B1F1B1
S3150800FF40407F03D143B14FF0407297E702F08072C9
S3150800FF50002B93D1002A91D02120EBE7730406F4F5
S3150800FF6000520CD4002AF7D0236843F400532360C8
S3150800FF70002FB7D0236843F480532360B2E7236881
S3150800FF8043F480432360002AF2D0EDE703F05043A0
S3150800FF90B3F1004F05D0B1F1304F02D0B1F1404F67
S3150800FFA0DAD1019B2268013B03F07F0322F07F022E
S3150800FFB013432360002FBDD0EA69002ACCD0B1F1E3
S3150800FFC0004FB6D1117F61B1002EB3D043F4007350
S3150800FFD02360537F002BADD0236843F480732360DE
S3150800FFE0A8E7537F002BA5D0002EA3D0F4E7012362
S3150800FFF04B60C368013B012B08D88269054B1AB1CF
S315080100000A6000208B607047034AF9E74FF00053F6
S31508010010F7E700BF08000020B47E0308012373B583
S31508010020C56806469D420C464B6016D8002301A9B1
S315080100300193FFF775FE70B9019B05B11C3372690F
S315080100409A4207D332696AB1226043F0005300200D
S31508010050A36000E01D2002B070BD023D012D01D84C
S315080100600023F4E72120F6E7436813B94160704796
S315080100705B685A68012AFBD15960704770B5144DFF
S31508010080144E95F8203603F0FF04E3B925F0B2FCC7
S31508010090012802D927F012F8044695F820365BB9EB
S315080100A0D5F878360C4843F00103C5F87836F36B72
S315080100B09847012385F8203625F09CFC012802D9AA
S315080100C0204627F073F8336C0348BDE8704018479B
S315080100D00804002088A400202C0A0020044890F86F
S315080100E0203623B1034B00F224605B6C1847704736
S315080100F00804002088A400202DE9F04F87B0824625
S31508010100894698461646DDF840B02AB1002B56D0E6
S3150801011040F26C739A4255D8BBF1010F55D80024A9
S3150801012006F1100739460120059403F01BFF054621
S3150801013000284DD021463A4623F01FFCFFF79EFFC3
S3150801014005ABCDE9014300942B46012250464946A9
S3150801015000F046F8044690B110F18C0F08BF6FF015
S315080101608D043A460021284623F007FC284603F069
S3150801017008FEFFF7B3FF204607B0BDE8F08F164B20
S31508010180C5E902A92B60C5F804B02EB1324641462D
S3150801019005F1100024F0BFFB059E3B462A46314671
S315080101A00E48FEF7CFFB38B93046FBF7A7FD0130FD
S315080101B008BF6FF08604D4E76FF09104D1E76FF0BA
S315080101C08604D8E76FF09104D5E76FF08504D2E786
S315080101D06FF08C04CFE700BF105D175EA8080020FA
S315080101E02DE9F04FADB008929946044608220D91C3
S315080101F00990414021FA02F34B40980702F108029F
S3150801020018BF9B00202A1C44F4D12123B4FBF3F325
S31508010210A54D03EB4313E41A95F88C3504F506242A
S3150801022004F5506493B321270026DFF87C82A4F5F0
S315080102300625A5F550635B0908EB8303D3F8E82285
S3150801024004F01F01CA40D20700F1AF81D3F8F0329A
S31508010250CB40DB0740F19C81002E08BF26462123AF
S31508010260A5F6FF45B5FBF3F303EB4313ED1A05F5C5
S315080102700624013F04F55064D9D1089B002B00F0F0
S315080102808981002E00F08681344689E1FEF734F92A
S31508010290E0B9864EB36CE82B11D18DF848000123DD
S315080102A0834912AA05F59460FDF726FC08B12D28A5
S315080102B00CD19DF848303A2B0BD13A23B364FEF79B
S315080102C01DFC794B93F88C35002BACD16FF0910B53
S315080102D0B7E0402200211CA823F04FFB0027754DEB
S315080102E0DFF8E0A1DFF8E08105F10F022B46009265
S315080102F05046102201971CA91035FEF783FA0028EB
S315080103004ED01022002118A823F037FB13AB1C98F6
S3150801031014AA18A9CDE91377FDF7B6FC664B9842DE
S31508010320D4D010B1013B9842D0D1189B634A93426D
S3150801033002D0634A9342C9D17423402200211CA8E2
S31508010340B36423F01AFB1022002114A823F015FB2D
S31508010350584B05930025059B10220F3300935948E6
S31508010360059B01951CA9FEF74DFA1CAB0E9004934B
S315080103700695069B0E9A934215D1059B1033059354
S31508010380059A514B9A42E5D13A2349498DF870307D
S315080103904C4801231CAAFEF7D5FA002891D095E707
S315080103A04545A1D189E700230498CDE91133049B7A
S315080103B000680F9312AA11AB14A9FDF765FC3E4B11
S315080103C0984200F0E78018B1013B98427FF47EAF6E
S315080103D0149B3B4ADDF844A0934203D0374A934223
S315080103E07FF474AF0AF1100319460120079303F04D
S315080103F0B9FD0646002800F002810499CDF800A04F
S315080104000246129B09682F48FDF7B8FB07460028E4
S3150801041040F0A280149B294A934240F0AA80DDE964
S315080104201623CDE90A23159B012B0C930DD96FF0E1
S31508010430850B00213046079A23F09FFA304603F0D0
S31508010440A0FC58462DB0BDE8F08F0AF118081390A4
S315080104504146012003F086FD054610B96FF08C0B65
S31508010460E7E74246394623F088FAFFF707FEDDE952
S315080104700A0113ABCDE901730122009718ABFFF707
S31508010480AFFE834610B31BF18C0F42463946284608
S3150801049065D023F072FA284603F073FCFFF71EFEB7
S315080104A01BF1850F39D0C4E70804002088A4002071
S315080104B0FF6C080000310800FFDF00F0D175E10587
S315080104C0105D175EA8080020003508004D4B2B600B
S315080104D0DDE90A23C5E902230C9B2B61BAF1000F5A
S315080104E005D05246314605F1180024F014FA139F37
S315080104F043462A4639464448FEF724FA824608BB4B
S315080105003846FBF7FBFB42465146284623F035FAA7
S31508010510284603F036FCFFF7E1FD049B3A4804330D
S3150801052004930F9B1968FEF7B3FA0146A0B9079A17
S31508010530304623F022FA304603F023FC069B0133AA
S31508010540069316E742460021284623F016FA28465E
S3150801055003F017FCFFF7C2FD6FF0910B69E723F073
S315080105600CFA284603F00DFC6FF08D0BFFF7B6FD6C
S315080105705FE7264A9342D0D1DDE91601159B52461B
S3150801058000933346FFF7B8FD8346002888D1C4E7B0
S31508010590089B13B96FF08B0B53E7002E18BF34462F
S315080105A0389B4FF0000B1C604BE7DDE936234946C3
S315080105B02046FDF769FB164B984201D0632818D1EE
S315080105C021461148FEF764FA0028E3D1D9E9022346
S315080105D009990D98834208BF8A427FF440AE089B69
S315080105E0002BDDD0D9F80430012BD9D16FF0840B5B
S315080105F027E70028EAD0074B9842E7D066E66FF06E
S315080106008C0B1EE7D175E105A8080020105D175E61
S31508010610FFDF00F0FEDF00F0F0B500270C460646C6
S315080106208DB00021154608A8102223F0A6F9CDE9B8
S315080106300677FFF723FD05AB029307AB019306ABDC
S31508010640214600933A46304608ABFFF7C9FD0446F2
S3150801065020B1FFF743FD20460DB0F0BD099B6B6045
S31508010660079B2B60F5E770B500260C4605468CB04E
S315080106701022002108A823F080F9CDE90666FFF7C4
S31508010680FDFC05AB029307AB019306AB214600932C
S315080106903246284608ABFFF7A3FD044618BB099B5B
S315080106A0012B25D0059E154D314605F59460FEF7BB
S315080106B0EFF900BBA6F50623A3F55063212B06F037
S315080106C01F010ED801225B0905EB8305D5F8E8322F
S315080106D08A4053403046C5F8E832FBF72FFB013014
S315080106E001D16FF08604FFF7F9FC20460CB070BD06
S315080106F06FF08404F7E76FF09104F4E7080400202B
S3150801070010B50024436814601B0A04D0012B10D0CD
S315080107106FF0850010BD038823F0FF00B0F5824F06
S3150801072004D1413BDBB2012B00D901310020116014
S31508010730F0E72C31FAE7F8B5134642880C4607323A
S31508010740072A4FEAD20101D0A1426DD1D0E901674A
S31508010750058820221846002123F00FF9360A034698
S3150801076026B1012E11D06FF08B00F8BD002C5BD09D
S3150801077041F20102954205D0B5F5885F02D0B5F57B
S31508010780905F1BD15C600020EFE7C660002C4BD060
S3150801079041F2010295420BD15C60B90707F00102EB
S315080107A01FD4002AEFD19A6842F080729A60EAE76C
S315080107B0B5F5885FF0D0B5F5905FEDD0B5F5105F6A
S315080107C00AD1182C03D0202C01D0102C2CD1C3E926
S315080107D00044002ED7D0E0E705F44F42B2F5824F28
S315080107E002D06FF08500C0E7EAB2412AF9D1202C80
S315080107F0F7D10F4A25F0FF05B5F5E24F1A600CD07F
S31508010800B5F5824F10D14FF4005217F4705F09D035
S3150801081017F4864F04D09A60E3E74FF48042F4E771
S3150801082042F480629A60D4E76FF086009DE700BFC4
S31508010830200000B02DE9F041164600221C46436807
S315080108408CB01B0A07460D46009204D0012B5AD0DC
S315080108506FF08B0092E0028822F0FF03B3F5824F16
S315080108604FD14388413A0733D2B2DB08012A0093B4
S3150801087005D90A78042A3DD06FF086007EE0B34296
S31508010880FAD1DDF80080224641463846FFF753FF84
S31508010890002873D1C4E90305F51C25F00305656134
S315080108A0B8F1000F00F0A4802022002101A823F04E
S315080108B064F84146384601AAFFF73DFF002840F093
S315080108C097802368019A9A4240F092806368029A57
S315080108D09A4240F08D80A368039A9A4240F0888034
S315080108E0A369079A9A4240F08380E369089A9A4273
S315080108F044D07DE0013EB6EB430F05F10105C0D0BA
S31508010900BAE70096BDE7032EB6D90B78012B7DD140
S315080109104978002943D0F739082999D801A353F80A
S3150801092021F000BF83090108490901085108010896
S3150801093051090108510801089B09010851080108D4
S315080109408D09010895090108F8254FF410561FE08D
S31508010950FA254FF0807610271C22002102A823F0E1
S315080109600CF80323CDE904350197039601AD0FCDA4
S315080109700FC495E80F0084E80F0000200CB0BDE80D
S31508010980F081F7254FF000762027E5E7FE25214E71
S31508010990214FE1E7FF25214EFAE7FC25D5E72B2E66
S315080109A07FF66AAF2022204622F0E7FF05F1100301
S315080109B02361AB070DD001AB05F1280C1A4628684F
S315080109C06968083503C265451346F7D1286801AD3C
S315080109D010606B68103E2360AB6869466360EB681C
S315080109E02046A36001236661E360FFF771F928B128
S315080109F020220021204622F0C0FF3DE7DDF80080D5
S31508010A0008F11C039E42BFF44BAFF1E76FF091006A
S31508010A10B4E700BF00440002200000800044000340
S31508010A2008B538B126F0A0FA002814BF6FF01D00EA
S31508010A30002008BD6FF01B00FBE710B50446AC307B
S31508010A4024F013F804F1AB031A180020934200D1DD
S31508010A5010BD13F8011F0029FAD00A2908BF013071
S31508010A60F4E72DE9804804460023D0F8B012AFB068
S31508010A70EFF3108072B6B04AD2F88856002D48D0E6
S31508010A80AE4D95F84C30FF2B43D192F88C36012B9D
S31508010A9011D85E1C82F88C6685F84C30C2F890161F
S31508010AA026F043FAD2F8880658B1D2F888261433C4
S31508010AB042F8231005E0C2F8901626F036FAD2F865
S31508010AC08836D4F8B40226F054FE94F88070002FC4
S31508010AD0FBD14FF0010384F8803094F8883033B1A4
S31508010AE0D4F88410964884F8887006F045FA0023ED
S31508010AF00C9306F0D5F9B8B1C568ADB10122006805
S31508010B0026AB1EA9A84778B99DF87810D1B9012353
S31508010B10EEE7C2F8901626F008FAD2F888060028F9
S31508010B20CFD0012BCDD8C0E7D4F88C30D4F8942097
S31508010B30013B9A4280F24382002384F88030D4F83C
S31508010B40B802C0E7204606F0C5FB07900028D0D0BA
S31508010B504FF0010384F888302378002B74D004F110
S31508010B60AC0580212046FBF7CBFF4FF40071064602
S31508010B702846FBF7C5FF0136081A8642204673D870
S31508010B8023F073FF0646284623F06FFF0136421C01
S31508010B902946A81923F001FF204623F066FF2146BE
S31508010BA00246284623F0B7FE204623F05EFF0A23B5
S31508010BB0204480F8AC300023C4F8AC32D4F8A03015
S31508010BC0002B40F0F78116AD2A4620460FA902F000
S31508010BD039FE8346002840F0E48116998DF898007D
S31508010BE010908DF83B008DF83A0031B15548FAF767
S31508010BF027FC10B90123079F1093D4F89C600020A5
S31508010C00B0460DF13A090DF13B0AB8F1000F3AD198
S31508010C1017B101238DF83A309DF83A20002A51D0B0
S31508010C209DF83B3000284AD0002B40D0FBF758FBF3
S31508010C3000212046D4F88C2022F09FFE0023C4E927
S31508010C40243394F888303BB1D4F884103C4806F034
S31508010C5093F9002384F88830002384F880300C9BAC
S31508010C60002B3FF432AF6AE7FFF7E7FE26AAC4F87E
S31508010C70AC021EA9204602F0B3FD00221E9B2344A6
S31508010C8083F8AC206DE7D8F8080068B110ABCDE958
S31508010C90005300210FABCDE902A926AAFBF76EF88E
S31508010CA09DF89830002BB3D1D8F80080ADE7FBF753
S31508010CB00FFCBDE7B06808B1FBF70AFC3668002EE1
S31508010CC0F8D1B5E730B94FF02D0B1F4B03EB8B036A
S31508010CD0596A6AE143680A930F9B0993109B0B9320
S31508010CE00B99099B8B42C0F2598111460A9B0B331A
S31508010CF05E78581CFF2E05960CD10A981B1A0B987C
S31508010D000B3B034411B3099A013B9A4223DA4FF08C
S31508010D102B0BDAE7059B172B06D8079B059E0F2E8B
S31508010D2088BF1A460346E3E7059B079E203B012B2E
S31508010D3098BF3146F6E700BF0804002088A40020C2
S31508010D40E5840308C3790308987E0308002ADAD1E3
S31508010D50099A9A42DBD10021A8460E460A9B26AF7C
S31508010D600C3308930691099B5B450DDC0F9B119487
S31508010D70129326AB1393109B11A81493089B1593F2
S31508010D800A9B1B68984753E70B9B5B450EDD0029B9
S31508010D9040F00181D8F800303B6006230593002115
S31508010DA00BF1010B08F104080437DCE7089B069AE6
S31508010DB09B5C202B1ED1089B13445B78FF2BA6D185
S31508010DC001BB059AD8F80050072A00F2C88001A38A
S31508010DD053F822F0330E0108610E0108850E010849
S31508010DE0A70E0108C90E0108EB0E0108950D0108A9
S31508010DF0030F0108212B0AD1089B069A13445B7835
S31508010E00FF2B84D1D8F8003007993B60C8E7A3F1D6
S31508010E101002072A04D9069A013206920593CFE7EA
S31508010E20089B069803445B78FF2B7FF470AFD3B217
S31508010E30F4E7002229460820FBF7EEF9002800F01E
S31508010E408E800022D8F80000114622F037FB1EAB2F
S31508010E5003EB8602C0B243F826003A6001369EE7E4
S31508010E60002229461020FBF7D7F9002877D000225F
S31508010E70D8F80000114622F021FB1EAB03EB8602CF
S31508010E8080B2E8E7002229462020FBF7C5F90028A9
S31508010E9065D00022D8F80000114622F00FFB1EABE0
S31508010EA003EB8602D7E729460820FBF711FA002843
S31508010EB055D00022D8F80000114622F083FA1EAB5D
S31508010EC003EB860240B2C6E729461020FBF700FA73
S31508010ED0002844D00022D8F80000114622F072FA00
S31508010EE01EAB03EB860200B2B5E729462020FBF7C5
S31508010EF0EFF9A0B30022D8F80000114622F062FAF1
S31508010F00CDE72B787B2B2AD1294602234FF00009FE
S31508010F102E480D9511F8012F7D2A15D1EB5CF3B9F1
S31508010F2019F001091BD1CA468DF846900D9A12F897
S31508010F30013F7D2B0D9215D185F800A04FEA1A2A9B
S31508010F4085F801A03D602AE710F802C01CF0440F9D
S31508010F5003D009F101090133DCE7202AFBD04FF060
S31508010F60260BB2E6202BE1D009F0010209F10109AD
S31508010F7012B98DF84430D9E71022002111A88DF84D
S31508010F80453022F01FFA05EB0A030AF1010A9870A7
S31508010F901FFA8AFACAE70623059333E74FF0210BAE
S31508010FA093E62D287FF691AE09490A4A0A4805F0C3
S31508010FB0E3FF3DE62046D4F8A410984738E6054AEB
S31508010FC00649054805F0D8FFB6E500BF66EF0308F0
S31508010FD0B57903082D840308E3840308C87903084F
S31508010FE0C64C8FB5C64BC74DC4F8BC360C33C4F8CE
S31508010FF0F036C54BD4F88876ED1AC44BED105D432F
S315080110000335C4F8FC062846C4F8007726F049F9E2
S315080110100026C4F80807284684F8046726F041F92B
S31508011020C4F81007284684F80C6726F03AF9842193
S31508011030C4F81807304684F8146703F0CDFF314623
S31508011040B34803F091FA94F804374FF4C47284F85C
S315080110501C37D4F808373146C4F8203794F80C37CA
S3150801106004F26E7084F82437D4F8103784F86C6764
S31508011070C4F8283794F8143784F86D6784F82C3740
S31508011080D4F8183704F64C15C4F8303704F21C7333
S31508011090C4F8683722F071FC04F6F803C42104F297
S315080110A06E720220009625F0B9FFA0223146C4F8D7
S315080110B04809284622F061FC0C2384F8713904F5A5
S315080110C01863C4F87439202304F515600293029B4A
S315080110D0C4F87C7925F097FF012394F8EC2984F864
S315080110E06839C4F86C590AB984F8EC39002010F04B
S315080110F09EFAC4F8F009012010F099FA0025C4F8FF
S31508011100F4092946834A844884F8F85903F064F9AE
S3150801111068B1C4F8445AC4F8485AC4F8545AC4F8C9
S31508011120585AC4F8645AC4F8685AC4F8745A00215B
S315080111307A4B03251A461E46084684F8785A013121
S315080111400329C2E903001571D080107202F1100259
S31508011150F5D194F87C5A94F88C0AEA1E18BF012234
S31508011160032894F89C1AC4F8AC6A02D0032900D063
S3150801117022BB01221E794EB9DE883EB91E7A2EB9E6
S315080111801F69674EB74201D1DE68BEB10132042A32
S3150801119003F11003EED1032D00F0AC80032800F013
S315080111A0AB8003290AD1022300225D4904EB03130C
S315080111B083F87C2AC3F8881AC3F8842A0021594877
S315080111C0C4F8B01A03F0D0F9D4F8B03A13B9564BAB
S315080111D0C4F8B03A0025B2220021544822F0CDFBCA
S315080111E0534B012103F150020520009584F8665BF3
S315080111F084F8675B25F012FF4E4B082103F1500274
S31508011200C4F8C00B0095022025F008FFD4F8003772
S31508011210D4F8C02BC4F8303CC4F83C3C0423C4F8C9
S31508011220282C032284F8383C94F8403CC4F8240C52
S31508011230052BC4F8340C4FF005034FF0000084F871
S315080112402C2C3D4A03A98CBFC4F8442CC4F8442C61
S315080112504FF004028CBF84F8403C84F8403CC4F843
S31508011260480C039003F0D4F948B1D4F8F00915F005
S31508011270C5FAD4F8F40915F0C1FA03F08DFFD4F8CC
S31508011280F83233B393F820201AB31A79120720D506
S315080112905A6A198B906825F089F8012819D12748C7
S315080112A0FAF7ECF8012803D123F0B6FEC4F80003D7
S315080112B02348FAF7E3F8012803D123F0ADFEC4F871
S315080112C0080300221F4BD4F8F80283F8682018F0A7
S315080112D0EFF81D4A01211D4803F07EF81C491B48F9
S315080112E0F8F759F8042003F053F91A4C204616F07A
S315080112F0C2FDFBE7002357E7012355E70804002051
S31508011300D8A4002040660008C0630008CDCCCCCC28
S3150801131075300108AD3201080C0E0020800E002040
S315080113200D6101080D2901086D330108BC0E002065
S31508011330700F0020CC0F0020747F0308887F0308F4
S31508011340A07F030888A4002029BE000854100020A5
S31508011350E0930400481000200129F8B504460D461B
S3150801136008D8814257D8012801D8AC4252D9294612
S31508011370204652E02C4B93F8C826002A3ED1032C6E
S3150801138003D804212046F8F73CFC23F045FE274BF9
S31508011390274C9860002017F0B5FF0322254B5A61A8
S315080113A04AF6E853E56EE66E25F0030545F00205B3
S315080113B01643236672B6204FFEF792F83B6F01205B
S315080113C023F0070343F001033B67FEF7BFF800204C
S315080113D017F098FF7B6E5B0142BF184B184AC3F89A
S315080113E02024184BE566E666E566E666E566E66682
S315080113F0E566E666E5669B6A30BFFEE793F8CB3697
S31508011400022BBCD0A5420CD9F8F7FBFB012C08D856
S31508011410022DBAD8F8BD01210020BDE8F840F8F739
S31508011420F0BB022DB1D1A0E7080400200000085046
S3150801143000400050006006500080005000E0035054
S315080114400000FF0F0040095070B5D0E9023253F889
S315080114502230094C1D78012D28BF0125661996F8F9
S315080114608C3C43B923F0D8FD012304EB8504C4F869
S31508011470900C86F88C3C70BD080400202DE9F843D1
S31508011480D0E9023253F82230274E1C78012C28BFA6
S315080114900124371997F88C9CB9F1010F42D100251F
S315080114A023F0BAFD06EB840387F88C5CD6F8FC7248
S315080114B040F2E736D3F8903CB446A0EB0308294638
S315080114C04FF4C870E7FB00C14FF47A7200236046F7
S315080114D021F0CCF8804505D229462046BDE8F843D7
S315080114E0F9F7CEBC40F2DC50B4462946E7FB00C109
S315080114F04FF47A720023604621F0B8F8804501D28C
S315080115004946EAE741F288302946E7FB00614FF48C
S315080115107A720023304621F0A9F8804534BF0221AA
S315080115200321DAE7BDE8F88308040020F0B50C6862
S3150801153087B0A3880E46ADF804302378022B21D054
S315080115400DF1030101A817F065FF9DF8033083F03B
S31508011550010323704A4B93F868509DB9494B9E4243
S3150801156003D018339E420DD101257369464FEC000D
S3150801157053B130469847012806D123F04DFD3C4426
S31508011580C4F8000307B0F0BD23F046FD3C44D4F887
S3150801159000334FF0280CC61A002140F2E7308DF8C7
S315080115A01450D7F8FC524FF47A720023E5FB0C016C
S315080115B0049621F05BF8864203D894F80433052B88
S315080115C0E0D1D7F8F842002CDCD094F82030002B73
S315080115D0D8D023799B06D5D5E369082BD2D1002328
S315080115E0D7F8985C02939DB9636AD868EFF30583C7
S315080115F0B3B102AA04A925F083FB0128029B28D1CD
S31508011600A3B14FF0E0234FF08052C3F8042D0DE04B
S31508011610EB680BB92D68E6E79C42E5D01B68F8E74D
S31508011620228B04A924F014FD0128ABD10021AB6952
S31508011630626A5D6850680391EFF3058494B103A962
S3150801164024F0ACFB012803D1284603A924F0A6FB04
S31508011650039B002B96D04FF0E0234FF08052C3F83E
S31508011660042D8FE723462246214624F0F1FC012862
S3150801167088D1234622462146284624F0E9FC81E7FB
S3150801168088A40020887F0308080400202DE9F04F6C
S3150801169000254FF4801BB3B0CDE911551395CDF84C
S315080116A040B023AC10AE0FCECDE90C550FC4704B2C
S315080116B00E950B930BAEDFF8F8A1DFF8F8910FCE74
S315080116C028AC6C4E0FC40FCE1BACCDF850A0CDF88C
S315080116D03C900FC496E80F0084E80F0015AB294625
S315080116E01822184622F049F9634E644B644CF36696
S315080116F0644B012704F69C48C6E91C35294645462C
S31508011700614B22904FF4B8724046B3678DF85A7010
S3150801171022F033F9CDF88CB0CDF89CA00DF18C0CE4
S31508011720BCE80F000FC5524BC5F800A02893CDF8A9
S31508011730B09004F550650DF1A00CBCE80F000FC57B
S31508011740202004F62463C4F8E43CC4F8EC3CC4F84D
S31508011750383D06F16C03C4F8FC3C4C4BC5F80090C7
S31508011760C4F8E8334A4BC4F8E80C84F8357D84F8A4
S315080117703C7D84F8F07CC4F8E483C4F8EC33454B2B
S31508011780C4F8F033444BC4F8F833444BC4F8FC337B
S31508011790434BC4F8F433EFF31183302282F31188F3
S315080117A094F8E0535DB383F31188BFF36F8F02A8F2
S315080117B015F052FF60B9029B02A884F8B03C15F0F7
S315080117C04BFF8146002877D094F8B00C17F008FE35
S315080117D0102500204FF0010C4FF4165302464FF026
S315080117E06041CDE91BC32F4E052A00F26F81DFE860
S315080117F012F080014501630165016701690184F8F9
S31508011800E07383F31188BFF36F8F394684F87451F7
S3150801181084F8845184F8945184F8A45184F8B45115
S3150801182084F8C45184F8D45184F8E451FDF74EFB89
S315080118302120FDF74BFBFF221B4B08215F609D60B2
S315080118409D619A624FF000429D631D645A654FF08F
S31508011850FF3203F500531A654FF48002134B162025
S31508011860C3F8802102F05FF8162002F07DF89EE7A2
S3150801187001001000B87F030888A4002095270108F5
S31508011880080400207D2701080D780108953A01080A
S31508011890E72E0108C57B0108AB270108B127010816
S315080118A0797A010800ED00E00000045000E100E04B
S315080118B03C00015B4400015B029B012784F8143D4F
S315080118C08E4B8F4DC4F808348E4B84F83D7DC4F891
S315080118D00C348D4B0595CDE90330502303A80693A7
S315080118E025F01EFD894BC4F8400D039303A805F1A5
S315080118F07803059325F014FD854BC4F8B80DCDE999
S31508011900073905F154030993202307A80A9325F0FB
S3150801191040FE804B4946C4F800347F4BC4F8940D09
S31508011920A5F1A800C4F8043484F8329D84F8317D01
S3150801193005F016FF96F97D90484602F007F84846E5
S3150801194002F012F894F8B00CFBF782F900287FF43C
S315080119503FAFCDF80480D4F8E83C0093D4F8AC3C0A
S31508011960D4F8E42CD4F89C1C94F8B00C18F072F84E
S31508011970804600287FF42CAF302294F8B03C4FF40F
S315080119808011534342F2640203F1A04303F5802315
S31508011990995096F97C60304601F0D8FF304601F03F
S315080119A0E3FFC4F82C8DEFF3108072B6A5F5166522
S315080119B0C4F8445E25F0B9FA05F6B80002F0F3F862
S315080119C094F8B00CFBF766F9054600287FF400AFDA
S315080119D0524B534EC4F8143E4FF42063A6F59A7041
S315080119E0C4F8183E331DC4F80C3EC4F8106E25F031
S315080119F0CFFE3B46042208212846FDF7DFFE3B467B
S31508011A00022209212846FDF7D9FE304684F81C5ED4
S31508011A1025F0BEFE43481BA915F04EFE1422424B83
S31508011A20C3F8C4244FF40022C3F8DC244FF410226F
S31508011A30C3F8D42494F81C3EDB0709D54FF42022B9
S31508011A403A4BC3F8CC240222C3F8C424C3F8D054B1
S31508011A50D4F8483E1BB93649364805F0AFFED4F8E6
S31508011A60483E354AC4F8203E344B0521C4F8483E61
S31508011A70334B2C48DA64FDF70BFEAAE60C23D1F8A2
S31508011A80804EE40710D5D6F8FC4044F08074C6F8B9
S31508011A90FC40D1F8004E44F48074C1F8004E0C6A3B
S31508011AA0002CF0D081F820300132112A7FF49CAE47
S31508011AB0284633B0BDE8F08FD123E0E78023DEE77F
S31508011AC00023DCE7441C0346E0B2D8E7A2F10E0383
S31508011AD0012B10D9102A07D14FF06043D3F8803E65
S31508011AE0DF07E5D55D23CEE71BAB134413F8063CA8
S31508011AF0C5E75B23C3E75A23C1E700BF353A0108A7
S31508011B004C110020BD270108DD790308E779030890
S31508011B10F279030861770108B72701080008000967
S31508011B20D87F03080000015B00C0035000D00350B2
S31508011B3008A5002054120020FF3F0D03281200209B
S31508011B400020015B2DE9F04FADB0054616460C465F
S31508011B50019391B18AB1B0F802A00AF10703072BE4
S31508011B604FEAD30900F0D480038803F4E043B3F5C0
S31508011B70805F05D11AF0070F09D06FF0860719E0C3
S31508011B80B3F5005FF6D0B3F5804F00F0C18020228F
S31508011B9000211AA821F0F1FE494628461AAAFEF79D
S31508011BA0CAFD074630B96B681B0A07D0012B13D04B
S31508011BB06FF08B0738462DB0BDE8F08F4E45C0F063
S31508011BC0AA802246334622A8CDE91E2325F0B2F97A
S31508011BD060B16FF09207EDE709F12C039E42C0F060
S31508011BE09A8004F1100209F11C03ECE74FF0007327
S31508011BF02490CDE922302A9017A91AA8FEF71EF9D2
S31508011C00002862D1179922A825F09BF91C9B0093FD
S31508011C10DB0446D51A9B002B07DB6FF0920722A837
S31508011C2025F088F90028C5D0D3E74FF00108DDF87B
S31508011C3084B002A9DBF80070DBF80420CDF80C802B
S31508011C4002920497FEF710FADBF8082005A9CDF8E9
S31508011C50188005920797FEF707FADBF80C2008A902
S31508011C60CDF8248008920A97FEF7FEF9DBF81020D2
S31508011C700BA9CDF830800B920D97FEF7F5F9DBF835
S31508011C8014200EA9CDF83C800E921097FEF7ECF9B8
S31508011C90DBF8183011A9CDF8488011931397FEF790
S31508011CA0E3F914A91AA8FEF7A2F970B922A8FEF752
S31508011CB0DBF917A91AA8FEF7B1F930B917A922A8AD
S31508011CC025F048F923F038F820B14828A5D16FF056
S31508011CD08507A4E76B681B0A0BD15246214628885B
S31508011CE017F014F849462846019AFEF709FD0746F2
S31508011CF095E72B2E09D9012323801A9B60806360FF
S31508011D001B9BA360009BE360ECE76FF0890786E7FE
S31508011D106FF085074EE76FF08C074BE72DE9F04F1B
S31508011D20C94895B025F034FD03212D2001F0FBFDAE
S31508011D304FF48012C54BC64C5A664FF40052C54B38
S31508011D402D205C671C67C44BC3F8842101F00CFE87
S31508011D50C24BBD485C6725F01BFD01230022042107
S31508011D600BA8ADF82C30BE4CFCF786FFB64825F01B
S31508011D700FFDBC4825F00CFD636823B140F6FF71E1
S31508011D802046FDF73FFCB648FDF75AFC23690021BA
S31508011D9023F0870343F0810323612369B24A23F0C1
S31508011DA0F80343F080032361E36823F0F04323F447
S31508011DB07023E360A36823F0030343F00103A360E0
S31508011DC0A368A360A36843F48063A360636A23F4EA
S31508011DD0772323F4EE6343F480236362636923F074
S31508011DE00F0343F002036361A161FDF771FC05214D
S31508011DF09B48FDF76AFC836C6FEA030818F44058A0
S31508011E00F9D14FF48173012204210AA8ADF82830CB
S31508011E10FCF732FF40F202234246012109A8ADF838
S31508011E202430FCF729FF40F2023340F20244012232
S31508011E30042108A8ADF82030FCF71EFF0421012271
S31508011E4007A8ADF81C40FCF717FF884B884A4FF4E2
S31508011E504870C3F8F8244FF00212C3F8F424A2F527
S31508011E608032C3F8FC241C22C3F8E42402F092FA57
S31508011E700BA8ADF82C40FAF779FE142002F08AFA7D
S31508011E800BA8ADF82C40FAF745FE232002F082FA9A
S31508011E900BA8ADF82C40FAF769FE714B9A6C5506FA
S31508011EA0FCD5B9225A649A6C1406FCD540F2024450
S31508011EB00BA8DB6BADF82C40FAF72CFE00224FF489
S31508011EC0817311460BA8ADF82C30FCF7D5FE00221C
S31508011ED040F20223114606A8ADF81830FCF7CCFEED
S31508011EE040F202330122002105A8ADF81430FCF7AF
S31508011EF0C3FE0021012204A8ADF81040FCF7BCFE80
S31508011F005748FDF79DFB0022584B5648C3F8E42471
S31508011F10C3F8F824C3F8F424C3F8FC2425F035FCE7
S31508011F20FCF7AEFBFCF7E8FA474825F031FC4FF41D
S31508011F3040730125012204210BA8ADF82C30FCF7CA
S31508011F409BFE4C4BC3F84454EFF31184302383F3BF
S31508011F5011884FF46070FDF7BFF884F31188BFF359
S31508011F606F8F454B00F5D520D3F8F02000F2FC40E1
S31508011F702A43C3F8F020D3F8FC204FF0604442F01E
S31508011F808072C3F8FC203D4AA3F55D431A603C4BB9
S31508011F900222B0FBF3F03B4B01381861C3F8F0207D
S31508011FA04FF48072C3F80423374BC4F8B03F374B5C
S31508011FB0C4F8803ED4F8003E1343C4F8003EFF231C
S31508011FC084F82030D4F8003E23F48073C4F8003E28
S31508011FD017F04AFA17F048FA2D4817F065FA2D480E
S31508011FE017F062FA2C48FCF74BFF2C48FCF748FF20
S31508011FF0D4F8003E2A4643F48073C4F8003ED4F868
S31508012000003E042123F48073C4F8003E0BA8ADF802
S315080120102C50FCF731FE05F07BFF214C002850D1EE
S315080120204FF41672D4F8FC3204F65C6153431D4A28
S3150801203003F5742303F23F23B3FBF2F3C4F8543ECA
S315080120400A23D4F8582E2FE0A47E030800900050E6
S31508012050010000A00060005A00E100E00050005AAB
S3150801206000000A50E87F0308E070720000C00350C0
S315080120700200030000D0035000ED00E0FF0300401A
S31508012080F8590D00000004E055CEACC50900010061
S31508012090887F0308A07F030810A50020A0A40020BC
S315080120A00804002040420F00D4F8540E013B41F8C1
S315080120B0040BD4F8540E13F0FF030244F4D1C4F808
S315080120C0582E894B0222186800238068194621F088
S315080120D0DFFA864EFDF790FD854B8648F363864BFE
S315080120E03364864B7364F9F7C9FEF36B84489847E2
S315080120F0F36B8448984794F8B03F03F0FF05B3B9EA
S3150801210023F078FC012802D924F0D8FF054694F873
S31508012110B03F2BB9F36B77489847012384F8B03F52
S3150801212023F068FC012802D9284625F03FF8F6F77E
S31508012130F9F8002840F0BB80336C7148984705468A
S3150801214000284ED0336C6E48984794F8B43F580728
S3150801215000F1C58094F8B43F98071BD500274FF0C6
S31508012160010A4FF00309684D2846C5F81CA085F8F1
S3150801217018900137F6F73EF9102F05F12805F3D126
S315080121800022624B83F8402294F8B43F23F00203FD
S3150801219084F8B43F736C5A489847336C5948984742
S315080121A094F8B53F5A4D13B1284601F0F8FE0021BF
S315080121B008222846D6F88C3084F8B51F9847514826
S315080121C0736C9847336C4E48984794F8B43F4C481B
S315080121D0D90744BF23F0010384F8B43F736C9847C9
S315080121E065E094F8B43FD9070BD4FDF705FD00283F
S315080121F070D06FF0920594F8B43F43F0010384F868
S31508012200B43F736C3E48984700289BD1336C002D28
S3150801221098D13B489847002894D194F8B43F9A0737
S3150801222007D40121394A43F0020382F8401284F89F
S31508012230B43F736C32489847002883D1336C3048D1
S31508012240984700287FF47EAF736C2D4894F8B45FE5
S31508012250984700287FF476AF336C2A4898470028B8
S315080122607FF470AF94F8B53F3BB9EF0705D5284819
S3150801227001F095FE022384F8B53F736C214898470F
S3150801228000287FF45FAF336C1D48984700287FF418
S3150801229059AF94F8B43F1A485D075CBF43F004038D
S315080122A084F8B43F736C984700287FF44BAFFDF769
S315080122B0A3FC1849184805F081FAFFF7E7F996F8DB
S315080122C0A030164D022B2BD863B3D6F89830C5F833
S315080122D0543127E0FDF790FC00288CD089E723F0DC
S315080122E0040384F8B43F35E738A4002088A4002005
S315080122F09DBE00088C120020CDC10008210A0108E4
S31508012300F012002054130020C813002008140020DE
S31508012310C013002018A500204C1600200015002027
S31508012320032BD2D04FF42F720021C348D5F854712C
S3150801233021F023FB80230122C5F8E431BF4B85F840
S31508012340E021C5F8DC3196F8AC30C5F8087433B924
S31508012350C6F8A830BA4B86F8AC20C5F8F431322352
S31508012360C5F81034B74BB8490B93192311934FF499
S31508012370C8631093CB180D9360230E9300230F9116
S31508012380B2480BAAA1F530710C93129325F05DF8AA
S31508012390AF4821F045FC60B9AE4FDFF8B4C2BCE8DE
S315080123A00F000FC7BCE80F000FC79CE8030087E8BA
S315080123B00300012021F038FC4FF400314FF0502280
S315080123C0D6F8B470A4487B1CA44B04BFD3F8947008
S315080123D0C6F8B4701167DA6E07F0040922F0300204
S315080123E042F02002DA665A6F22F440725A6725F0E3
S315080123F0CFF94FF000524FF6FF711368C5F8B83A96
S3150801240011804FF20F02B2EB134F04BF4CF23C336B
S31508012410A5F8BA3AF80700F17C8117F4D06A40F0BA
S315080124206281B90700F161817A0600F170813B0783
S3150801243040F14B8103278A4885F8BC7A25F0A8F92B
S31508012440DFF87C824FF0000AD8F8303085F8BEAA4A
S3150801245003F00803002B15BF012300234FF0100BCF
S315080124604FF0080B85F8BD3A0EF001FD18227D4B99
S31508012470DA62D8F828209A62A3F58053C3F82CB0FB
S315080124804FF48002784B5A6050224FF001084FF002
S31508012490020B83F8362351463422744821F06DFA2B
S315080124A034225146724884F8948684F897B621F006
S315080124B064FA03226F4B84F8C886C4F8C0360C3315
S315080124C0C4F8F4366C4B84F8CBB684F8EC865A62B9
S315080124D0B9F1000F04D003F5E0339B68C6F8D03094
S315080124E00023032085F8BF3A84F8407786F8D4702C
S315080124F00FF09DF895F8BF3AC5F8C00A4BB995F89B
S31508012500C43A33B9012285F8C53A85F8C42A85F84B
S31508012510C63A01212D20FCF7D9FC584AD2F80032D7
S3150801252023F0070343F00303C2F80032544A554B1C
S31508012530D16110214C4A82F82B134FF40061C2F87D
S31508012540841151605A68002A40F0E5804FF4202230
S315080125504C4B9A605A69002A80F2E78001200FF0F5
S3150801256005F801213B460846474A18F02DF947491F
S31508012570474805F023F901230BAA1946D5F8C00ADD
S315080125800FF096F89DF82C700121384614F066FA7A
S31508012590102840F0D58001233E4A1946D5F8C00ACD
S315080125A011F06CFB95F8C63A43BB40F20123A4F837
S315080125B03837394BC4F83C3795F8BF3AF3B995F82B
S315080125C0C43ADBB195F8C53A032B17D8334B4FF408
S315080125D010720293603301931123314900933148F4
S315080125E0314B24F031FE48B195F8C53AC4F83407A1
S315080125F0013385F8C53A012385F8C63A2B4B4FF4C2
S31508012600B06202932A4B2B4901932D232A48009342
S315080126102A4B24F019FE012385F8BF3A33710423A6
S31508012620002573711F2384F8B953B37104F038FC7C
S31508012630C4F8BC03284645E058160020097A030861
S3150801264030A500200C7A030818190020630A01082E
S31508012650EC7F030898090020A47E03080040005077
S31508012660148003080060095000E100E09C0A00207C
S31508012670D00A002040A500200040065000800050E6
S315080126800050005B0040005B1F7A030818800308AE
S31508012690C81F002066A5002020800308D01F00203F
S315080126A0427A0308E10F01084C0B0020302900206B
S315080126B0E42C0020467A0308499D00083C0B0020BB
S315080126C00040095015B0BDE8F08FB9F1000F1CD1D3
S315080126D0B80406D50A271C4885F8BC7A25F058F8A7
S315080126E009E0FF27A7E60927F5E7174885F8BCAAF1
S315080126F0574625F04DF80022144B43F8282008F1D7
S315080127000108B8F1200FF8D19AE6012793E60727C1
S3150801271091E60527DFE75A6A002AFCD101210C4A0E
S3150801272051605A689107FCD410E75A6AD207FCD45B
S315080127300122074B5A60074A53689B07FCD40DE7E9
S3150801274086F8DE702EE700BF1480030800000850E3
S315080127500060005B0040005B00280CDB0122064993
S31508012760430900F01F008240203341F82320BFF3BC
S315080127704F8FBFF36F8F704700E100E0D0F87031DB
S315080127801B689A6C5006FCD559649A6C9206FCD55E
S3150801279000207047D0F870311B689A6C120643BF47
S315080127A0DB6B00200B701B20704780F8991070476F
S315080127B090F89900704790F89600704790F8A10034
S315080127C07047BFF34F8F0549054BCA6802F4E062AB
S315080127D01343CB60BFF34F8F00BFFDE700ED00E069
S315080127E00400FA05034613B59C6808461146E4B188
S315080127F01B78022B0BD0032B12D0012B17D12346A2
S31508012800027AD0E9000102B0BDE810401847131D4D
S3150801281000931368027AD0E90001A04702B010BDFF
S31508012820234602B0BDE8104018472046F6E70420C3
S31508012830F4E730B403460A4608480949884202D3F0
S31508012840042030BC70475C6845882478A54202D1CB
S31508012850194630BCC6E72830F0E700BFC063000858
S3150801286040660008037813F00C0F074B0AD190F95C
S315080128700820002A06DB1878421E504250410022E1
S315080128801A7070470120FAE7000E0020C378012B61
S3150801289002BF0022034B1A70034BDB6803B11847CA
S315080128A0704700BF6E0F0020D8590020164B30B56F
S315080128B0186885B08268416814790B7A012C03F08F
S315080128C07F0318BF002314880D78ADF8004094786B
S315080128D015F0020FC4F306048DF809409478C4F381
S315080128E0C0148DF80C4052798DF808300CBF252399
S315080128F027238DF80B208DF80A3003680BB168463B
S31508012900984705B030BD00BF7C0E002008B5C369E5
S3150801291003B19847002008BD08B5036A03B1984773
S31508012920002008BD024B1B6803B11847704700BF5A
S31508012930B80E0020024B1B689B691879704700BFC7
S31508012940040B0020438870B5FF2B04460D4607D0BB
S3150801295043692BB100262A68F3B21178994201D846
S31508012960002070BD5268D25C63889A4209D16A68B0
S315080129706369106898476A6800B2136803EB4003F5
S3150801298013600136E7E7024B024A1A61704700BF36
S31508012990D85900200C87030830B51E25431C02EBC5
S315080129A0420451FA83F3640005FB0344104B2344A4
S315080129B0D4B2042C0BD11E230622584302FB040071
S315080129C0FF2203FB01010B4B0B449A8230BD33F8FE
S315080129D0185C0132FF2D03F10603ECD053F81E4CA7
S315080129E043F8244C33F81A4C23F8204CE0E700BF8F
S315080129F0EC590020D85900202DE9F04F934602EBF7
S31508012A0001091E221C461B7985B0012B00934FF044
S31508012A10000738BF0123DFF828A1804602FB09A970
S31508012A200BF1FF30C0B24D46042635F806CCBCF191
S31508012A30FF0F18D015F8022C012A14D0009A0AB9EA
S31508012A40227B1AB12268D25D62450CD103934FF0FD
S31508012A50FF03F2B225F8063CCDE90101FFF79CFF19
S31508012A60DDE902130198013E721CA5F10605DCD1C8
S31508012A700137FAB29342D6D8B8F1850F58D094F8EF
S31508012A800C804FF01E0943460BF1FF367218012BD5
S31508012A9009FB02A238BF01234FF0000A09FB06F61B
S31508012AA001920427019DB5F818C0BCF1FF0F34D077
S31508012AB02A7F012A31D1009A62BBB8F1000F3AD0B8
S31508012AC0A26802EB4A0E12F81A20624500D022BB10
S31508012AD0062202FB076209FB01221848024492F802
S31508012AE016C09EF801200CF07F0E02F07F00864585
S31508012AF013D1D209B2EBDC1F0FD1FF220BF1FF3044
S31508012B002A83C0B2FAB203930291FFF745FFDDE9C2
S31508012B10021302E0B8F1000FD2D1013F7A1CA5F1E8
S31508012B200605C0D10AF1010A5FFA8AF29342B8D8BA
S31508012B3005B0BDE8F08FFF222A83EEE7D8590020B9
S31508012B40EC59002070B500240331032A0160047191
S31508012B508460047301D8046070BDD51E043AEDB2D1
S31508012B60D2B28E2B0ED114460A7852B96608012CB8
S31508012B70067301F1010102D8002CF4D1ECE781605A
S31508012B80EAE72246AC1A013AD2B2FF2A047101F1E8
S31508012B900101E6D1E0E7002370B50A681578DCB2D1
S31508012BA0A54201D800200AE05468E65C4488A6429A
S31508012BB006D1C4680CB9046914B14860012070BD16
S31508012BC00133ECE780230370032343700120704728
S31508012BD05A22034602700120587070476223037017
S31508012BE0012343707047044800780138C0B2087061
S31508012BF0107000221A7070478FA4002062230322E6
S31508012C000370837006234270C37002207047012047
S31508012C10704708B5436A03B19847002008BD064BBB
S31508012C2093F8320030B193F83300003818BF012009
S31508012C304042C0B2704700BFD859002087230370AD
S31508012C40032343700120704710B51C46FFF70AFE9F
S31508012C5080BB4B78042B02D0062B10D010BD7222F4
S31508012C606371012322700522E37108236270A07043
S31508012C70E0702071A071029AFF201370EEE77223AB
S31508012C80237007230C4A6370936CD26CE372110E9E
S31508012C902171110C6171E271110A1A0E22721A0C54
S31508012CA062721A0A0123A3702823A171E370A27222
S31508012CB00C23E0E70220D1E70080E00F0022024B57
S31508012CC083F83420704700BFD85900206323037066
S31508012CD0032343700120704710B51C464B78012B1E
S31508012CE019D1FFF7BFFD034602209BB95E22227068
S31508012CF007222371094BE2701A885B88110AA271AF
S31508012D001A0AE27109226070A070FF202372029BE1
S31508012D1061711A7010BD0020FCE700BF84A5002070
S31508012D200022044BC3F83620C3F83A20C3F83E20E4
S31508012D30704700BFD859002070B5A8220446002163
S31508012D40023020F01AFE622323700323104E6370AB
S31508012D503378104DBBB1002295F8441001F00F00ED
S31508012D60090940EA011071785B00E070DBB209B12C
S31508012D7043F004032371FE236371A37195F8493067
S31508012D80E271237270BDFF2218461946A270E8E760
S31508012D908FA40020D8590020A422002110B504468A
S31508012DA0063020F0EAFD622323700623084A637081
S31508012DB092F8443092F84320C3F3030103F0F00379
S31508012DC00B43E370FE23A2702371637110BD00BF2C
S31508012DD0D859002010B54C1C0B460119045D222C4C
S31508012DE003D07B2C01D05C2C05D1D21A184421F0D2
S31508012DF0D4FD012010BD0020FCE7012910B502D938
S31508012E00022914D010BD144B1C68A4F5C27414F51C
S31508012E10C27FF7D0D4F8740124F0BAFCD4F8703123
S31508012E2005211868FCF734FCD4F88441EDE70A4B10
S31508012E301C68A4F5C27414F5C27FE3D094F89730E0
S31508012E4033B994F895301BB9D4F8740124F09DFC74
S31508012E50D4F88441EDE700BF501200202DE9F7436D
S31508012E60D0E9043404F17C07D0F80C900646013BFE
S31508012E70102200213846D4F874809DB220F07DFDD9
S31508012E800B4BC5F30A0543EA0513C4E91F390123A8
S31508012E9094F8780084F88C30C4F884803A46054B57
S31508012EA0009604F1640116F03DFE03B0BDE8F08317
S31508012EB000001030B92E0108536910B514460022D6
S31508012EC0D3F8900083F88C2028B10168C3F89010D4
S31508012ED00260FFF7C3FF63681BB100212046A268A1
S31508012EE09847002010BD034693F89420084610B56C
S31508012EF0FAB10A69B2F5006F1DD8EFF311843022D1
S31508012F0082F3118893F88C204B617AB103F1900210
S31508012F10D3F890303BB90360106084F31188BFF38E
S31508012F206F8F002010BD1A461B68F3E7FFF796FF5F
S31508012F30F3E70E20F6E72120F4E713B504460DF171
S31508012F400701007D23F0CEFF9DF8073043B1236DBD
S31508012F50D4E912020244934218BF184602B010BDC2
S31508012F603022237D534303F1A04303F58023DB6E0F
S31508012F70EEE72DE9F843194CFEF7D0FEE56C24F08F
S31508012F8088F840BB3DB3164B1B689D4219D022F009
S31508012F90F7FED5F82890D4F850806E69676D22F04F
S31508012FA02DFF04F1580399450BD0464509D0BE4279
S31508012FB007D004F16C039E4208D1AB6A0BB995F8A8
S31508012FC05C302846BDE8F84323F0D4BA8034A642DB
S31508012FD001D0002EF5D1BDE8F88300BFD8590020ED
S31508012FE0900A00200148F6F7A8B900BF540D002041
S31508012FF000B5C378ABB0012B0AD144238DF8003054
S31508013000054B4FF4FA721B6869469868F6F761F939
S315080130102BB05DF804FB00BF040B0020712300B53B
S31508013020ABB08DF80030054B00221B6869469868DD
S31508013030F6F74FF92BB05DF804FB00BF040B00202F
S31508013040ECE730B50A4BABB00446A8220021684626
S315080130501D6820F092FC7D234FF4FA726946A86830
S315080130608DF800308DF80440F6F733F92BB030BDF2
S31508013070040B0020418808B5982908D009D8552994
S3150801308005D05E2903D00020C9B215F0E1FD002064
S3150801309008BD9F29F6E701212DE9F0430846B9B095
S315080130A0254A17F091FBE0220021684620F065FCCD
S315080130B0FF238DF80030214B214F1E68DFF88480ED
S315080130C06946706824F09BFA0128014602D039B096
S315080130D0BDE8F0839DF80030822B2AD0842B28D0B6
S315080130E0802BEDD1D7F80090424617F06DFB4C4680
S315080130F0002599F800309D42E2DA2379012B07D0A1
S31508013100022B0DD04BB969462369E068984704E05C
S315080131109DF80420E3889A42F5D001351034E8E792
S315080131209DF80420E3889A42F7D19DF80520237A71
S31508013130F1E7FFF7F7FBC3E700840308040B002058
S31508013140B40E002013840308002373B5CDE90033B8
S315080131500D4D0E4E6946286824F051FA012810D003
S3150801316002B070BDA288BDF804309A4205D1236821
S315080131701BB100999DF8060098470834B442F1D36B
S31508013180E8E7034CFAE700BF2C1000201863000893
S31508013190E0620008497838B502291C460ED1FFF7C6
S315080131A061FB48B9802303252370657016F020FD5D
S315080131B0FF21049BA0701D70084638BD0021FBE75E
S315080131C010B5094A044692F83430013BD8B282F860
S315080131D0340040B982F89400FFF733FF2046BDE872
S315080131E0104015F0D7BB10BDD85900202C49F8B5A9
S315080131F00B68002B53D0002503262A4800F1100737
S3150801320000F1200C0A68137B013BDBB213737BBB0D
S315080132108242C2E90033936021D0BA4221D0624585
S3150801322021D1022213460D600133B3FBF6F404EBF8
S3150801323044041B1B4FEA031E50F80EE000EB03146F
S31508013240BEF1000F11D00C600A68AAB91648F6F744
S3150801325058F820B3BDE8F840134815F09BBB1A4649
S31508013260E0E70122DEE70322DDE79A42DCD1EBE75C
S31508013270936806339360E7E7546892682379B2F84E
S3150801328000E0648803F07F03A64504D1927802F032
S315080132907F029A42B6D0BDE8F840FFF707BBF8BDF2
S315080132A07C0E00204C0E00200C0E00200C4B834295
S315080132B014D10C4B1A688AB1516892680B79108837
S315080132C0498803F07F03884204D1927802F07F028D
S315080132D09A4201D0FFF7EABA002087E7704700BF94
S315080132E00C0E00207C0E002010B5064C2046F6F781
S315080132F008F810B1204615F04DFB0022024B1A754D
S3150801330010BD00BF9CA5002084A50020044B93F89E
S31508013310AB20FF2A03D1034AC3F89820E4E7704794
S3150801332084A5002000000F1D38B500250E4C28463F
S31508013330A4F8965084F89850A4F89A50A4F89C508A
S3150801334084F89E5084F89450FFF77BFE04F1A000A0
S3150801335084F83450F5F7D5FF28B104F1A000BDE88B
S31508013360384015F017BB38BDD85900200021052370
S315080133704FF4FA62084617F0D5B810B50E4CE36853
S315080133800BB1607C9847637C2BB994F8AA30812BE2
S3150801339001D0FFF743FE94F8AC30012B04D1074B5B
S315080133A0074A5A620EF080F80021BDE8104003234F
S315080133B06422084617F0B6B884A500200000085014
S315080133C0FFFF1D03F0B406880D888A78AE420CD03B
S315080133D002F07F03072B13D8AE4221D8520624D018
S315080133E083785B0621D1012024E08478544014F0C7
S315080133F07F0301D127061CD502F07F03072B14D9B9
S31508013400847804F07F079F4207D3ECD8AE420BD9E4
S3150801341014F07F0F09D054060ED14FF0FF3009E0A2
S31508013420837813F07F0FF5E7D8D30422F0BC21F097
S31508013430A4BA1846F0BC7047AE42F6D2D0E707B533
S315080134400A4B019093F8E0208A420CD1042203F139
S31508013450E2010DEB020021F090FA003818BF0120B5
S3150801346003B05DF804FB0120FAE700BFD859002034
S3150801347002460846097C022A01F03F0107D0032AC1
S3150801348007D0012A4FF0FF3218BF0022D2B200231B
S3150801349005E0427C12B1012241F08001837C15F0DE
S315080134A0D3BA074B074893F8E6301830012B82BF89
S315080134B00122054B1A70012380F8913015F0E2BA02
S315080134C0D859002084A50020750B002001281FB5B6
S315080134D00AD1002301A8CDE901330EF061F8BDF840
S315080134E0080005B05DF804FB002840F2014018BF4A
S315080134F00020F6E7F0B585B01C46FFF7B3F90028BA
S3150801350040F099804B78113B062B00F29680DFE854
S3150801351003F0049429945F94670086232370122389
S315080135206370474B01A81B685B69DA79A270DA7880
S31508013530E2701B7923710A2363711823A37101238E
S31508013540E37123720023CDE901330EF029F8029BBA
S315080135501A0E1B0CA3720B236272FF200A9A1370B0
S3150801356005B0F0BD8623237014236370344B8D7820
S315080135701E68344B29461A785868A57021F067FAEF
S3150801358058B9FF23E370304B304A934218D3E37896
S31508013590FF2B04BF0023E3700AE0982D0AD09F2D64
S315080135A00BD0552DEDD173699B78FF2BE370EAD0CB
S315080135B00423D2E773691B78F7E773695B78F4E745
S315080135C059882833A94204BF13F8241CE170DCE7A3
S315080135D086232370162363700723A3700323BCE78E
S315080135E0862323700723A3700023182202210A26A3
S315080135F0AB25CD20A372E37223736373A373104BB8
S3150801360062701B68E2705B6921716671A271E17172
S3150801361025726072DF78E7731F7927745B792675DF
S3150801362063740123A374B4236275E374A175192322
S31508013630E575207691E7022092E7002090E700BF22
S31508013640040B00200C0B0020C0630008406600082C
S3150801365038B500250B4CC82229460B4884F8AD50CD
S3150801366020F08BF9B4F898002575013080B213F073
S315080136703EFE28B104F11800BDE8384015F002BA3B
S3150801368038BD00BF84A50020C05A0020002370B5AC
S31508013690194E1A4A347C5178814227D11178A142B0
S315080136A024D10C22164D02FB0355EB6898472B7C57
S315080136B0B4FA84F23374B3FA83F352095B099A4272
S315080136C00AD0104D4CB995F8B0312BB1204613F0FC
S315080136D00BFA012385F8B13170BD95F8B131002B8C
S315080136E0FAD0BDE87040012013F0FEB901330D2B65
S315080136F002F10C02CFD1EFE784A500201487030855
S315080137000C870308D8590020034B1B7C032B0CBFDD
S315080137100B200820BAE700BF84A50020064B93F8C2
S31508013720AB30FF2B07D183780BB1052B01D10220D2
S31508013730ACE70320FCE7704784A50020002310B5F9
S31508013740044C84F8B2310DF0C9FB00F03F0084F84F
S31508013750B30110BDD85900201FB53423054A01A865
S31508013760CDE901234FF08063039314F0DDFB05B027
S315080137705DF804FB0133343930B501280B4685B0B1
S3150801378029D1164A12689269127822B300220D7A53
S315080137904C68187801A9CDE90122039215F01CF9A4
S315080137A09DF80F20AA4207D000220321632005B005
S315080137B0BDE8304015F02EBA9DF80430013B012BC7
S315080137C0F2D820460DF1050121F0D7F80246002866
S315080137D0EAD10221EAE705B030BD00BF040B00209B
S315080137E00023F0B50B6013600646D0F8AC0278B139
S315080137F096F8AC0060B1012406F1AC07D6F8AC0224
S31508013800844210D306F1AC00B3F5007F10D3012032
S31508013810F0BD0D6801350D60156801351560F85C58
S3150801382001330A2802D0B3F5007FF2D30134E5E764
S31508013830C15C0A29EBD00029E9D0116801330131AD
S315080138401160E1E72DE9F04705469146884621F0E2
S315080138500CF92A4606461346197801322029FAD068
S31508013860C9F800305C1B01236FF0404AC8F80030E4
S31508013870A64201D8002014E02F5D29197B2F12D00A
S31508013880222F2ED1D8F80030621C53442A4449F815
S315080138902320012C09D911F8013C13F0DF0F04D0BC
S315080138A02120BDE8F0877D27F3E701342B5DBB4274
S315080138B009D12B195B7813F0DF03F1D1222F00D13F
S315080138C02B550134D4E75C2B07D1324621462846CD
S315080138D0FFF780FA0028E3D0013E0134A642E5D875
S315080138E0DEE75C2F08D1324621462846FFF772FAF1
S315080138F00028D5D0013EE4E7202FE2D10022631C3F
S315080139009E420A70DDD9EA18EB5C202BD9D0D8F88B
S315080139100030072B05DC49F823200133C8F80030AD
S31508013920CFE71E20BDE70028ACBF00F16040064B7B
S315080139304FEA0111C9B2ABBF00F5614000F00F00B3
S3150801394080F800131954704714ED00E0002808DBCD
S3150801395001224309034900F01F008240603341F800
S315080139602320704700E100E0002807DB0123410915
S31508013970034A00F01F00834042F82130704700BF18
S3150801398000E100E0704700207047FEE74FF400535E
S3150801399000204B60704701207047012070474FF0A7
S315080139A0FF30704700207047302337B5007D0DF191
S315080139B00701434303F1A04303F58023DD6E1C6F22
S315080139C023F090FA9DF8070040B9054B9D4203D1B3
S315080139D084F00204C4F3400003B030BD0120FBE7C4
S315080139E0180800203021037D02464B4303F1A0430A
S315080139F003F58023D86E07491B6F884208D113F057
S31508013A00020006D0106A136D1B1A584258417047B6
S31508013A10002070471808002038B50446007DF9F7DC
S31508013A2017F92046FFF7DEFF0546207DF9F732F93B
S31508013A30284638BD7FB504460D4690F8A16021F0A9
S31508013A40D9FF022816D1CDB1A6B9114B6846CDE9E1
S31508013A50003604F1FC0302932023039323F099FD16
S31508013A600646C4F8F8002046FFF7D6FF10B93046D7
S31508013A7023F07CF984F8A15004B070BD002EF9D06A
S31508013A80D4F8F80023F05BFEC4F8F850F2E700BF5B
S31508013A90F279030890F894302DE9F74F04460D465C
S31508013AA01646002B7DD121F0A5FF0228074661D0D5
S31508013AB04FF0300894F899702E44B5424ED094F8D8
S31508013AC09A30002B38D02046FFF7A6FFA0BBEFF3AC
S31508013AD0118988F31188207DF9F7BAF82046FFF78E
S31508013AE02CFAD4F848B000F1FF3ADA4538BFE36C4E
S31508013AF0207D3CBF03F1FF330BEB030A94F85430E6
S31508013B000193F9F7C7F8019B93B95346D4F89C106A
S31508013B1099420BD013F80129112A01D0132A31D160
S31508013B20A2F111035A425A4184F8A020C4F89CA074
S31508013B3089F31188BFF36F8F94F8A030002BBCD09E
S31508013B40236EA9462A785B681FBB236E20465B68ED
S31508013B5099F80010013598470028AED021F04AFFA0
S31508013B60022803D1D4F81C0123F042FB002003B03C
S31508013B70BDE8F08FD4F81C0123F0C1FC002897D0CA
S31508013B803846F4E79B4582BFE36C03F1FF335B4498
S31508013B90BEE70A2AD9D10D21204698470028D4D054
S31508013BA0DCE70E20E3E72DE9FF470446007D04F133
S31508013BB03806F9F74DF81022002130461FF0DDFED0
S31508013BC04FF0300A4FF44473207DDFF81491404FCB
S31508013BD063870AFB0093C4E90F77DB6EBB4204D106
S31508013BE004B0BDE8F047F9F755B80DF10F0123F018
S31508013BF079F99DF80F70002F62D12046FFF79DF9DC
S31508013C00344A80461278237DEAB1072B1BD8324AFB
S31508013C1002EB0312127BB2B1EFF311818AF3118819
S31508013C20D9F834000AFB0399D9F8642081F311887D
S31508013C30BFF36F8F012101FA03F3034204BFC2F3F5
S31508013C400A135F183D4604F1180710220021384669
S31508013C50D4F810901FF091FE3022237D013D534385
S31508013C60C5F30A052D0145F04075C4E9065903F166
S31508013C70A043C4F8208003F580231A6F94F8241012
S31508013C80520862F3410184F82410196F94F824202C
S31508013C9027F0030761F3000284F824201B6F626A88
S31508013CA09B0863F39F0247F0020762626764009408
S31508013CB0207D32462146094B15F034FF207D8FE7DA
S31508013CC094F844306FF3410384F84430EFE700BFBA
S31508013CD018080020E807002070050020E53C0108C7
S31508013CE00000045092F8543037B5144633B1936D39
S31508013CF00BB1D06D9847002384F8543094F89A3064
S31508013D001BB32046FFF750FEF8B1236E1321204658
S31508013D105B6898471025236E20461B680DF107013D
S31508013D20984778B99DF8073003F0FD02112A05D1A5
S31508013D30A3F111025342534184F8A030013D15F015
S31508013D40FF05E8D12046FFF72EFF002384F85430FB
S31508013D5094F8A13043B121F04DFE0238012803D869
S31508013D60D4F8F80023F002F8002003B030BD002390
S31508013D7007B501A9019313F0AEFD019803B05DF8EB
S31508013D8004FB2DE9F74F002800F0E8807449D1E9D2
S31508013D90724EEFF3118B302383F3118810F8086CF8
S31508013DA030F806CCF30702D5BCF1000F07D18BF327
S31508013DB01188BFF36F8F012003B0BDE8F08FD1F8EA
S31508013DC0BC31D1F8C491A3EBCC0330F8048C009331
S31508013DD0C1F8BC3109F10103A0F108050CF1010292
S31508013DE0C1F8C431B8F1000F3BD0A5EBC803DF8891
S31508013DF0B3F802A001971F7806F00206FF0725D43B
S31508013E002EBB019EA6EB0A06012E2AD1009E0CF1B5
S31508013E100202A6F108075244C1F8C491C1F8BC715F
S31508013E2030F8028CB8F1000F1DD110F8085C20F8A3
S31508013E30068C68F3000500F8085C013A5A801A787E
S31508013E4068F300021A700022DA803FE04EB110F8DA
S31508013E50086C42446FF3410600F8086C00269E8000
S31508013E60DEE72B46DCE705EBC809D1E96D67374480
S31508013E70B9450ED310F8085C013A6FF3000500F84E
S31508013E80085C002520F8065C5A801A7865F300025A
S31508013E90D8E715F838504E4615F0010530D010F818
S31508013EA0085C013A6FF3000500F8085C002592B238
S31508013EB020F8065C5A801A7865F300021A70C3F175
S31508013EC007023244C2F3CF02DA80B280002C43D013
S31508013ED09C4241D86288002A08BF1C46BEF1000FE1
S31508013EE006D09E4504D3BEF80220002A18BF7346A1
S31508013EF0C1E972438BF31188BFF36F8F00205BE72B
S31508013F00A8EB0C08B8F1010FC9D1B9F80270A9F8E4
S31508013F1002501744B9F80620E2B109EBC20600259A
S31508013F20D1F8C421013AC1F8C421D1F8BC21083A13
S31508013F30C1F8BC2110F8082C20F8065C6FF30002C2
S31508013F4000F8082C1A785F8065F300021A70002EB3
S31508013F50B5D178E71646E2E71C46BFE722202BE7EC
S31508013F60D8590020002313B5019369B160B101FB4B
S31508013F7000F401A9204613F0AEFC014620B90198C8
S31508013F8010B122461FF0F9FC019802B010BDFEE7F8
S31508013F900846ECE60846F4E608461146E2E7002339
S31508013FA003604360704730B5D0E9054553B3944281
S31508013FB00FD0E2B9046974B9036983B3002918BF3C
S31508013FC00D462B78DB0714D5AB8843B3A5EBC305A0
S31508013FD0F7E704698CB141B904682378DB070CD586
S31508013FE0E3884BB104EBC304F7E70C46F5E79542C2
S31508013FF0E2D0C0E9054530BD1C469542DCD0002A11
S31508014000DAD0F6E7944208D08C4228BF0C4695428E
S3150801401007D08D4238BF0D46EBE70C46F7E71D463C
S31508014020E7E70D46E5E700232DE9F3478B4E0193B4
S31508014030D6F8B8310C469A42104604D239B912B1AB
S3150801404001A913F048FC019802B0BDE8F0871AB936
S315080140500846FFF796FEF6E7EFF31187302383F359
S31508014060118834F8063C07304FEAC30820F00705E3
S31508014070A845A1F108017ED234F8020C002868D0BF
S31508014080C21A012A65D101EBC00211F83000C00736
S315080140905FD4B2F802C0A8EB050919EBCC0958D4CC
S315080140A0B9F11F0F38DDC5F3CF03611924F8063CB2
S315080140B00133084624F8023CFFF771FF34F8020C75
S315080140C04FEAD9038880D0884B8010B3B2F802C072
S315080140D0A0EB0C0C1CFA83F39BB202EBC000CB805D
S315080140E0838000235E48FFF75EFF1046FFF757FF00
S315080140F0D6F8BC31D6F8C0212B44A3EB080393426A
S315080141000194C6F8BC3133D887F31188BFF36F8F92
S3150801411099E70023CB80E4E7D6F8C40101330138D7
S31508014120C6F8C401D088634424F8063C68B1B2F8DD
S3150801413002C0A0EB0C0C1CFA83F39BB202EBC00085
S3150801414024F8023C83800123CCE7002324F8023CAF
S31508014150F9E7284601A913F0BEFB0028D4D1424647
S315080141602146019820F0D7FB2046FFF70AFECBE748
S31508014170C6F8C031C8E76ED934F8020CA8EB0509B0
S3150801418000F1FF3AAAEB030A002839D011F83030BA
S3150801419001EBC002DB0734D4BAF1000F31D1C5F304
S315080141A0CF03611924F8063C0133084624F8023C7A
S315080141B0FFF7F5FE508800EBD90334F8020C4B8063
S315080141C08880D088D0B1B2F802C0A0EB0C0C1CFADA
S315080141D083F39BB202EBC000CB8083802048002387
S315080141E0FFF7E1FE1046FFF7DAFED6F8BC31019477
S315080141F01D44A5EB0805C6F8BC5185E7C880EDE75F
S315080142000246B9F1270FF0D9C5F3CF03611924F88E
S31508014210063C0133084624F8023CFFF7C0FE34F891
S31508014220020C09F1FF33DB084B8088808AB10AF159
S31508014230010A1AFA83F39BB2CB809380D6F8C4316C
S3150801424007480133C6F8C43100231A46FFF7ABFE07
S31508014250CBE7CA80F2E7019456E700BFD859002098
S315080142608C5B0020BFF35F8F074B5A6A22F48032BA
S315080142705A62D3F8942022F00102C3F89420BFF3BE
S315080142804F8FBFF36F8F704700ED00E00122014B9E
S315080142901A707047D8590020364B70B51D6F15F046
S315080142A001013CD0012203F50053334C1A6794F8F7
S315080142B0F03113B320F0B0FED4F8F431C01AC4F8C3
S315080142C0F801D4F8F8310BB1D4F8F811C4F8F8119B
S315080142D04FF41671D4F8F831284BD4F8F8211B6835
S315080142E04B43274903F5742303F23F23B3FBF1F349
S315080142F0934220D2002384F8F03194F8FD3173B14A
S3150801430094F8FE315BB120F02BFE002384F8FE31D0
S3150801431084F8FF31012384F8003284F8013215F05C
S3150801432000521CBF174B1A67002DBEBF4FF0004243
S31508014330144B1A6770BD94F8FC311348D4F8F81178
S3150801434050F82320114E511A3268521AD4F8F8112E
S31508014350326040F823100A210932B2FBF1F20C4807
S315080143600133DBB20260B3FBF1F201FB123384F8CD
S31508014370FC31BFE70040005AD85900200407002045
S3150801438040420F000060005A6412002060120020AB
S315080143905C12002010B5044620F040FC0C4BA0F539
S315080143A07A729A4212D84FF47A73B0FBF3F05C43EF
S315080143B0084BB3FBF0F3B4FBF3F0022806D9BDE8CA
S315080143C010400323B0FBF3F0F2F73AB910BD00BF72
S315080143D0FFC99A3B40420F0038B50B4D13460446B8
S315080143E00A4601462846F5F71DFB022808D048B9B2
S315080143F094F83030EA181C3382F8640045F8230033
S31508014400012038BD0020FCE7540D002038B50F4CBB
S3150801441094F80C32022B15D194F80D526B1C84F8C2
S315080144200D3214F047FB85420CD2002104F50470C5
S31508014430074AFFF7D1FF04F504700A21BDE83840A1
S31508014440F4F7A9BF002384F80C3238BDD8590020E7
S315080144509562010838B50D461C466B780499013BEF
S31508014460042B79D8DFE803F0032B783D6200AB789B
S31508014470092B01D9022038BDEB78002BFAD0374C2D
S315080144800121374A04F1A000FFF7A6FF04F1A000B5
S3150801449014F080FAAB7843B984F83430A87884F8F4
S315080144A09400FEF7CEFDFF20E5E7EB784FF47A712D
S315080144B004F1A00084F83430F4F76DFFEEE7FEF757
S315080144C0D1F90028D6D17323237003236370234BB4
S315080144D093F8942093F83430A270E37004230B7098
S315080144E0E1E71E4C94F89E30022BC3D0AB885ABA2A
S315080144F0A4F89A20002BBDD043880021A4F89C304B
S31508014500AB78184AA4F89630EB7804F5157084F858
S3150801451098300223A4F8501284F89E30FFF75CFF06
S31508014520282104F51570F4F736FFBCE7FEF79AF96A
S3150801453000289FD1732306222370084B6270B3F8B3
S315080145409600A07093F89E00B3F85032E070180AEE
S31508014550207163710A70A6E700208CE7D8590020FC
S31508014560C131010815600108F8B505460E46064C25
S31508014570064FBC4200D3F8BD31462046A84700285D
S31508014580F9D12834F5E700BFC06300084066000882
S3150801459030B50A4BABB00446A822002168461D680F
S315080145A01FF0EBF9652300226946A8688DF80030EB
S315080145B08DF80440F4F78DFE2BB030BD040B0020B6
S315080145C008B500231A461846194616F0BBF8042002
S315080145D0FFF7DEFF00220A4B1A700A4B93F8942262
S315080145E062B983F8322083F8332083F89522064985
S315080145F00122BDE80840054814F05FBA08BD00BFAE
S315080146006F0F0020D859002034A60020715E0108DA
S3150801461013460A460146024800680DF049B800BF2C
S31508014620FC0D002013460A460146024800680FF0B1
S3150801463025BB00BFFC0D002070B40B460022FF25E8
S3150801464001F10F04012809D11E784EB103339C42AA
S31508014650F8D142B170BC0F220120E3E70028F5D159
S3150801466001221D70F2E770BC704770B5002604463A
S3150801467086B00F22314602A801961FF07EF9022C58
S31508014680334D11D0032C37D0012C09D1314B21469A
S31508014690186801AA12F05AFE10B9019A0F2A26D0F3
S315080146A0204602A9FFF7C8FF0F22012002A9FFF73A
S315080146B0AFFF06260023284A03EB430102A8405C04
S315080146C01831108006FB0350694411F80F4C013369
S315080146D0847511F80E1C052BC1F34010C1F30301B3
S315080146E01071517102F10602E6D106B070BD20467D
S315080146F002A9FFF78DFFD3E73146062605F1140017
S31508014700028801EB410302ACE25406FB015403F1B2
S315080147101802A47D6A4402F80F4C02AA1A440379C6
S3150801472044795B0104F00F0403F0200323439478D2
S31508014730013124F02F0423430529937000F1060063
S31508014740DED10F2202A90120FFF76CFFCDE700BFDA
S31508014750D8590020FC0D0020EC5900200120024BFD
S3150801476083F8BE0081E700BF84A5002000207CE70E
S315080147702DE9F0430F4685B004461546002110225F
S3150801478068461E461FF0F9F8012F5AD8012C32D176
S31508014790002F56D114F08EF9A04252D3032E04D01D
S315080147A0042E41D1EB78002B3ED11E21264B3A1916
S315080147B001FB02384FF0FF090422013CE4B22B78D1
S315080147C0D6B2852B03D118F8023C012B06D0324606
S315080147D03946204628F8069CFEF7DEF8721E52B2C4
S315080147E0531CA8F10608EAD10320FFF73EFF012072
S315080147F005B0BDE8F08314F05DF9002CCCD1324642
S315080148008E2329466846FEF79DF914F053F90124CB
S315080148100646B442E8D822466B4600212878013478
S31508014820FEF7EAF8E4B2F4E76846324629468E23EB
S31508014830FEF788F90346224639462878FEF7DCF85A
S31508014840D2E70020D4E700BFEC59002065230449CC
S31508014850012281F89632032001F29621E2E600BF91
S31508014860D859002008B5012203200449FFF7D0FED4
S3150801487010B1BDE80840E9E708BD00BF6E5C00203D
S31508014880074A137852785B00DBB20AB143F0040396
S315080148900449072281F8463009204231C2E600BFA1
S315080148A08FA40020D859002038B5436805465A78A0
S315080148B00C46013A062A00F29080DFE802F0042C41
S315080148C08E37688E72009878431EDBB2FD2B01D8AD
S315080148D0022038BD424B1B78013BDBB2984218D007
S315080148E0F7F703FE60712B683E491A6881F849009B
S315080148F0C1F836205A68C1F83A209A68C1F83E20AC
S3150801490038B1987A10F0010003D01B7813F00C0F18
S31508014910DFD0FF20DDE70068FDF7A4FF0028D7D127
S315080149202068FEF709FA09232371F2E79978DA78FC
S3150801493001294FEA1212CBD1D9880029C8D1198980
S315080149400029C5D19B7A002BC2D1264C02F001035E
S3150801495094F84420110702D1B3EB121FD9D094F869
S31508014960442002F0F00263F3071284F84420FFF7AB
S3150801497087FF2A681C4913681C48C4F836305368EF
S315080149804B60936801228B6014F097F8C1E70068C1
S31508014990FDF768FF00289BD12068FEF7FDF90B2378
S315080149A0C2E70068FDF75EFF002891D162222368FD
S315080149B01A7008225A7001229A700222DA701A7144
S315080149C04FF47F42A3F805201022DA7106225872A5
S315080149D01A7222680A339B1AA6E7002079E700BFF4
S315080149E08FA40020D85900200E5A0020315F0108F3
S315080149F070B500250124104B2846C3F8425093F898
S31508014A00442003F1420664F3071283F84420FE2288
S31508014A1083F8472083F84820022283F8434083F825
S31508014A204620F8F7F3F8054B31469D705C7007226E
S31508014A30BDE870400920F5E5D85900208FA400206B
S31508014A40002130B5274D85B00723286802AA0091B1
S31508014A500291CDF80310CDF80B100CF029FEA8B978
S31508014A609DF80930012B11D19DF80A1011F00F0498
S31508014A7081F010030AD10F2B08D802A907220920B1
S31508014A80FFF7D0FD2146286813F04EFB0722694639
S31508014A900920FFF7BDFD044600BB134B9DF8040032
S31508014AA09DF801509DF8062083F8435083F8460087
S31508014AB09DF805109DF8025080F00200C0F34000F1
S31508014AC083F8482083F8445083F84710F8F79EF88E
S31508014AD00122064B5A709C7005B030BDFFF788FF5E
S31508014AE0FAE700BFF80D0020D85900208FA400204E
S31508014AF02DE9FF414F780646022F0C461D46DDF883
S31508014B00288008D0042F00F08C80012F29D000209E
S31508014B1004B0BDE8F081FDF7A5FE0346F8B96322A6
S31508014B202A700322009088786A700128A87006D036
S31508014B30FE23EB70009B043388F800306FE001A96F
S31508014B40CDE90133039313F047FF9DF804306A4614
S31508014B50EB70A078291D13F059FF0028EAD102202D
S31508014B60D6E789780129FAD8A2F10803062BF6D8DF
S31508014B70E378B3B1581E0128F1D80029EFD0043AD9
S31508014B80D5B20022E01C10F8011F30390929E6D8F0
S31508014B90013292B29542F6D80022CDE9012203925A
S31508014BA008E0CDE9013323716371A371E3710393BE
S31508014BB071B104252A46211D0DF105008DF8043031
S31508014BC01FF0A9FE01A88DF80F5013F0ADF90DE0FD
S31508014BD01A4D202205F526701EF0CFFE21220D2042
S31508014BE005F2972185F89772FFF71CFD134F0E22E0
S31508014BF007F52E75002128461EF0BFFE33680022F0
S31508014C00C7F8B83273682946C7F8BC32B3680C4886
S31508014C10C7F8C032A37887F8C43213F04EFFFF20D5
S31508014C2076E7FDF71FFE002899D163232B7005232C
S31508014C306B700123AB7003237EE700BFD8590020B0
S31508014C407160010830B5224C89B02068C0B141684D
S31508014C5083680231994213D80378022B10D80C25A0
S31508014C6000950023C06802AAF8F788FF40B902A98F
S31508014C702A46C820FFF7D6FC0221206813F054FA09
S31508014C80144C21220D2004F29721FFF7C1FCE0B153
S31508014C902022002104F526701EF06FFE01230C2246
S31508014CA0C82005A984F89732FFF7B2FC40B99DF8E8
S31508014CB014302BB194F8983243F0010384F89832F2
S31508014CC021220D200449FFF7ADFC09B030BD00BF14
S31508014CD0FC0D0020D85900206F5C0020B2E7B1E72F
S31508014CE02DE9F0439846294B0446D3F800900D4622
S31508014CF0D9F8183016461878BFB0002841D0576839
S31508014D003B7903B99370AA2D3ED8ACB1B378BA787A
S31508014D100BB9510610D0602104F8041C0D2104F8C2
S31508014D20023C02F08003C2F30602134304F8031C93
S31508014D3004F8013C0435043CF822002168461EF0BB
S31508014D401CFE01238DF8003033788DF809508DF853
S31508014D5008303B882A46ADF8B430737821468DF879
S31508014D60B8307B790DF10A008DF8BA30CDF8048098
S31508014D701FF0D1FD4FF47A626946D9F80000F4F7BD
S31508014D80A8FA3FB0BDE8F0830220FAE7040B002039
S31508014D904107034607D4820707D410F0010005D15D
S31508014DA0DB099800704703207047022070472DE9F8
S31508014DB0F041054607980E4690461C4620B19DF8D7
S31508014DC020201FF044FE28BBFDF7B4FDFFF7E0FFE6
S31508014DD00328074604D1032D00D134B9002017E072
S31508014DE00428FBD1042D0BD154B1314620469DF838
S31508014DF018201FF02CFE68B9202E0BD0042F07D1DE
S31508014E00722EEBD1B8F1040FE8D1B5FA85F0400955
S31508014E10BDE8F0810120FBE7002070472DE9FF413D
S31508014E20104B05465F6893F800800F4B0E461B68CA
S31508014E3014469B69DB889BB1FDF77CFDFFF7A8FF4C
S31508014E4070B10A4B1A78294602925B683246CDE957
S31508014E50008320463B46FFF7AAFF04B0BDE8F08170
S31508014E60034BEFE71C0B0020040B0020140B00205A
S31508014E700C0B002037B5047A4578FDF75BFD04F085
S31508014E807F040346A5B974B90F48104A002B08BF19
S31508014E9010460023009069460D480193FFF764FB0D
S31508014EA0019803B030BD21462846FFF7B5FFF0E764
S31508014EB0FFF76EFF854203D124B121460120F4E7AD
S31508014EC00448E6E70448E4E7140B00200C0B00202D
S31508014ED0972B0108A05C00201C0B0020F0B50F469B
S31508014EE00121426887B05378127805460092084630
S31508014EF02A4A15F069FC0121294A084615F064FC7D
S31508014F000121284A084615F05FFC6E687478012C61
S31508014F1003D0022C23D000241EE02A6803AB1068B4
S31508014F20516803C390681860B378643BDBB29A2B67
S31508014F3011D903A8FFF79EFF06460028EBD0C468DF
S31508014F4054B16868A0473A462946304607B0BDE8D5
S31508014F50F040FDF747BC0224204607B0F0BD29689A
S31508014F600846FDF77FFC0028F6D10846FFF782FFC1
S31508014F700028D0D00469002CCDD0202339680B70C5
S31508014F8003234B702B68CA1C187A0B1D00F07F008F
S31508014F900231A0470523FF243B71DDE7C8840308D6
S31508014FA0238403082F840308002310B50478DAB292
S31508014FB0944201D8002010BD4268D25C8A4209D0C9
S31508014FC0252903D1262A05D00133F0E72629FBD165
S31508014FD0252AF8E70120EEE738B50D465E21044695
S31508014FE013F036FE2A0603D59821204613F030FE23
S31508014FF06B0703D09F21204613F02AFE8CB1852129
S31508015000204613F025FE8E21204613F021FE592154
S31508015010204613F01DFE6C212046BDE8384013F0EA
S3150801502017BE5521F8E7094B1B689B69D88860B1FB
S31508015030831EE62B08D9A0F58070B0F5806F2CBFCA
S31508015040002001204000704701207047040B002012
S315080150500128024608B501D841B90122FFF7E3FF45
S31508015060022805D1531E5842584108BD0020FCE7C5
S315080150700520FAE72DE9F74F80468D7889461446CB
S315080150809A4613F017FD854200D815B9012389F808
S31508015090023099F8026041463046FFF7D9FF1E21D2
S315080150A0002299F800303A4D237099F802300746E4
S315080150B0A37006EB080301FB0355E0701346284667
S315080150C02271D1B28F4208D899F80020852A16D0C4
S315080150D08E2A17D00533DBB22FE030F81E1CFF29C4
S315080150E0F2D010F81ACC0132BCF1010F1FBF04EB44
S315080150F0030C01338CF80510DBB20630E1E7032215
S315080151006270E7E703224FF0000C1E2162704FF030
S31508015110060B6246013E4E4301FB08F103F10609FF
S3150801512001915FFA8CF087420CD8002AD2D000216F
S315080151301C4406331A446171D3B28AF8003003B0AD
S31508015140BDE8F08F35F81E0CFF28EED015F81AECDD
S31508015150BEF1010F18D104EB020808F809000BFB90
S315080151600C60019902F1010E08440A490232084409
S31508015170807D54FA8EFE00F08008C0F3060048EAE6
S315080151800008D2B20EF809800CF1010C0635C8E701
S31508015190EC590020D859002007B500210648FFF729
S315080151A0E3F90422054B0DEB020100200193FFF7F9
S315080151B039FA03B05DF804FB1929010802180A0037
S315080151C010B5A4B08822002102A81EF0D6FBFF2341
S315080151D08DF808302C4B1C68E06802A922F00FFAFA
S315080151E0012801D024B010BD9DF80830C32B19D071
S315080151F0C42B46D0C02BEFD19DF81030002BEBD035
S31508015200039B002BE8D00022ADF804209DF811205D
S3150801521001A88DF8062002228DF807209847FDF788
S3150801522081FBD9E79DF80C3063B9A3691A781AB1DD
S315080152301879FFF7ADFD08B1FFF7AEFF322013F07D
S31508015240F9FCECE7053B042BC6D801A252F823F07A
S3150801525065520108D95101086D52010871520108B8
S3150801526075520108392013F0E5FCB5E73220FAE753
S315080152703020F8E700231A461946184615F062FA4F
S31508015280AAE73820EFE700BF040B00200129F8B58B
S3150801529004460E4617461D4623D820B313F00AFCCA
S315080152A0A04220D31E21114B621E324401FB023358
S315080152B0204631463B60FFF7CBFE002306212870C6
S315080152C0DAB2904207D901FB03F43E680133345B35
S315080152D0FF2CF5D12A702878B0FA80F040094000F1
S315080152E0F8BD0620FCE70720FAE700BFEC590020C5
S315080152F02DE9F04FB2F800A00546BAF1E80F0F46BE
S315080153001646994687B018D8FFF78DFE022818D198
S31508015310012D12D10023284604938DF80F3004AAD3
S315080153200DF10F03FFF7B2FF9DF80F304BB1012BBB
S3150801533003D1049B1B88012B03D0002007B0BDE8CD
S31508015340F08F39462846FFF783FE4FF00008B378F9
S315080153501E26ADF81280ADF810A08DF812308DF822
S3150801536014900446FDF7E6FAFFF712FD013D6E4378
S31508015370C7EB0713DFF8D0A006EB43068DF8150037
S315080153804FEA4309564444453FDC1E22062002FBE8
S3150801539005F3611EC9B200FB013302FB0733294934
S315080153A00B449B8AFF2BC8D11E23012C98BF0024CE
S315080153B04FF0060B02FB05F503FB07F7DFF88480C0
S315080153C088BF023CA944E6B20BFB06F606EB0900C8
S315080153D02E443E444644B38A06F11402FF2B504438
S315080153E001920FD004A9FDF7EDFF002819DD631C12
S315080153F0DBB20BFB035371693B444344019A596180
S3150801540092881A83013CDED50CE03388FF2BBCD089
S31508015410304604A9FDF7D6FF063680B108F1010822
S31508015420B1E7EFD006230134E4B203FB04880498FC
S31508015430BDF81430C844C8F81400A8F8183001207B
S315080154407CE700BFD8590020EC5900202DE9F04728
S31508015450054686B00E4617460021102202A8984630
S315080154601EF08BFA13F026FB012D03D9002006B096
S31508015470BDE8F087B478012C48D1002DF6D18442D5
S31508015480F4D843463A46314602A8FDF75BFB29465E
S315080154902046FFF7DDFD9DF80C909DF8148009EB79
S315080154A008078742E2DC002FE0D000270124BA462C
S315080154B0FBB299450ED9029B8DF806A0DB5DADF8C6
S315080154C0043033B300232946B07801AAFFF710FF49
S315080154D000BB04460027FBB2984512D9049B03EB8F
S315080154E04702527813F817308DF80620ADF80430C4
S315080154F093B101232946B07801AAFFF7F9FE60B9ED
S3150801550004460320FFF7B1F82046B0E7002CADD0DA
S31508015510B5E71C460137CBE71C460137DBE770B513
S315080155201C464B780546013B049E0A2B47D8DFE803
S3150801553003F01506461E29464646464638002846BD
S31508015540FDF790F908B1022070BD287A3346224644
S3150801555000F07F00FFF78EFDFF20F5E7287A852307
S3150801556000F07F00FFF772FF0028F5D1EBE7022A6A
S31508015570E9D913460A46287A00F07F019078FFF7A1
S31508015580F7F8F1E72846FDF76DF90028DBD1852301
S3150801559023700623637013F08DFAA070032333700A
S315080155A0DAE72846FDF75EF90028CCD18523237072
S315080155B00C236370034B93F8BE30A370EEE700200B
S315080155C0C2E700BF84A5002070B51D464B78044686
S315080155D0013B049E042B3AD8DFE803F01203391B7A
S315080155E02A002046FDF73EF908B1022070BD207A4F
S315080155F033462A4600F07F00FFF73CFDFF20F5E71A
S31508015600207A8E2300F07F00FFF720FF0128ECD1D6
S31508015610F4E7022A04BF00238B7013460A46207A50
S3150801562000F07F019078FFF7A3F80028E6D1DCE7C0
S315080156302046FDF717F90028D7D18E232B700623AC
S315080156406B7013F037FA0323A8703370D6E700207E
S31508015650CCE70A4930B5D1E9B4345D1DB3FBF4F2A0
S3150801566004FB123201EB8202D2F8D802013308B9DF
S31508015670AB42F3D1C1F8D03230BD00BFD8590020B2
S31508015680084B0022D3F8D41210B5084603F5367331
S315080156908A4200D110BD53F8044B04B901380132CE
S315080156A0F6E700BFD8590020002373B5454C94F896
S315080156B0ED2284F8EC321AB184F8ED3202B070BDED
S315080156C094F8EE228AB1D4F8F4329A1A5342534125
S315080156D084F8F332B4F8F832A4F8F03200B18078DD
S315080156E084F8F2023848FDF7D1F894F8EE62D4F856
S315080156F0F4329E42E2D2D4F8FC3294F800535A7836
S315080157009B788DF8002045F001028DF801208DF86F
S315080157100230FFF79EFF01902EB9AB0744BF45F053
S3150801572005058DF801500388284DA4F8F832A4F828
S31508015730F03294F8013313F0070F31D094F802339D
S3150801574073B390F90230002B2ADB12F09FFAEB793A
S3150801575004350433C4F80453C4F808331C4B6A46A9
S31508015760D4E9C101FFF7BCFA94F80233054633B10F
S31508015770002104234FF47A72084614F0B1FFC5B12B
S31508015780022384F8F232FFF77BFFB0FA80F0400972
S3150801579084F8F3020C4802B0BDE87040FDF776B80C
S315080157A012F074FAEB79C4F808330A4BC4F80433D7
S315080157B0D4E7012384F8EC3294F8EE32013384F805
S315080157C0EE327BE7D8590020C85C0020BC0E0020C9
S315080157D0A9560108C40E002038B51F4D0446B5F870
S315080157E0F8320380837843B1FFF74AFFB0FA80F0B5
S315080157F04009E0702046FDF749F895F80C338BB956
S31508015800FFF73EFFC5F8F402F8B112F0B7F9B5F89B
S31508015810F832012823800CD0022815D12046BDE88C
S31508015820384041E712F0F8F8B5F8F8320128238034
S3150801583008D10223A370FFF723FFB0FA80F04009CD
S31508015840E07004E00228DBD038BD0123E37020466E
S31508015850BDE83840FDF71AB8D859002007B5084BF6
S315080158608DF80600B3F8F83201A8ADF80430012323
S315080158708DF80730FFF718FF03B05DF804FB00BF8A
S31508015880D85900202DE9F0430024B7B0C4220021DD
S3150801589005A81EF072F8914B05A91868CDE90344CD
S315080158A00194ADF8084021F0AAFE012801AD8C4B00
S315080158B040F011818B4C1870BDF8C420059BC4F8C3
S315080158C010339DF8CC30B2B39DF8D11009B18DF8DB
S315080158D00D008DF80E30003B18BF01239DF8CE1040
S315080158E0ADF804209DF8CD208DF80C109DF8D01048
S315080158F002F07F028DF808309DF8CF3042EAC112D6
S315080159008DF806208DF809309DF8D410764B03AA38
S3150801591006A80495FFF7E4F9002800F08580BDF88C
S31508015920C4306846ADF800304FF48173ADF80230E3
S3150801593000F026F978E02521329A84F8151384F8BF
S315080159401633002BEBD12AB11678002E6FD1537876
S31508015950012B6CD1654B002101201A1FFFF796FC1C
S315080159600028DCD10125624B9DF8D46083F8BE502E
S3150801597094F81C339DF8D19084F81453002BCED09B
S31508015980002ECCD05B4F3D78002DC8D1DFF874814D
S31508015990324606A940461EF0BEFF534B84F82053F3
S315080159A0E360554BC4E9C186C4F8FC3212F06EF9BE
S315080159B094F8B33108F8016C013303F03F0384F816
S315080159C0B3314E4BA8F108051B6884F82063C4F867
S315080159D024339B6984F802931B7984F801335B07A6
S315080159E002D0B9F1000F56D112F050F9EB79C4E99A
S315080159F0C18305220023C4F8D4224149D4F81823C7
S31508015A0084F8EC3284F8ED32C4F828331088FF287C
S31508015A104BD1C4F8D4320025A4F8F85211F0FCFF92
S31508015A2000284AD101233B7037B0BDE8F083002333
S31508015A30D4F810C09CF804E0DDB2AE457FF66FAF2E
S31508015A40DCF800701901795C07EB0310B1420BD140
S31508015A50577841788F4207D1002190F802809DF846
S31508015A601890CFB2B84501D80133E5E7476817F86A
S31508015A7011700131B945F4D10235EDB2FF2D3FF46C
S31508015A804EAF1A4B002128461A1FFFF7FFFB0028C5
S31508015A903FF469AF43E712F0F9F8EB7904350433BB
S31508015AA0C4F80453C4F80833A3E70133052B41F8B6
S31508015AB0042B02F10602A9D1ADE701283FF42FAF65
S31508015AC012F05CF80028ADD001283FF428AF28462B
S31508015AD0FFF7EAFDA6E71C70A6E700BF500D0020F8
S31508015AE0740B0020D8590020AD5B0108F45C002036
S31508015AF084A500206E0F0020EC5C0020040B00201A
S31508015B00B05C0020C40E00200022034B1A70034B20
S31508015B101B7803B9B6E67047750B0020740B002095
S31508015B2038B5154B054693F8E630012B01D9FFF731
S31508015B30EBFF124C237D0133DBB2092B23750ED8FB
S31508015B40B4F89800013080B211F0D1FB10B984F88D
S31508015B50A90038BD2846BDE8384012F093BF94F82D
S31508015B60AC300420FF2B04BF012384F8AC30BDE818
S31508015B703840FDF78BBD00BFD859002084A5002009
S31508015B8008B5074BD3F8103303B19847054B1B7873
S31508015B9013B9BDE8084075E60022034B1A7008BD23
S31508015BA0D8590020750B0020740B0020C37803B167
S31508015BB0E6E7704703289DBF034B03EB8003D3F841
S31508015BC0A8000248704700BF0C87030842840308EF
S31508015BD00B289DBF034B03EB8003D3F8B80002489B
S31508015BE0704700BF0C8703085284030810B40F4B93
S31508015BF093F83210A9B193F833209AB1642493F833
S31508015C00950211FB04F148B94808FF2A08BF00228A
S31508015C10091A01235DF8044B14F094BD10FB04F036
S31508015C20F3E70A4611461046F3E700BFD8590020A4
S31508015C302DE9F8430D466E788046022E17461C4616
S31508015C4008997ED0042E00F0B780012E40F0D0804E
S31508015C50684C0E2204F54B79002148461DF08DFE4D
S31508015C60D8F80030032FC4F82C33D8F80430C4F818
S31508015C703033D8F80830C4F8343308D1284612F03E
S31508015C809FFF0646012E46D1FF20BDE8F88342D97B
S31508015C9003230421EA7802F01F0213FB0213BB4215
S31508015CA039D8002AEAD00023984699461946184653
S31508015CB01F4695F804C0BCF1500F2ED195F805E0A2
S31508015CC095F806C0BEF1040F29D0BEF1050F2AD0FA
S31508015CD0BEF1030F12BF0026614601200137BA4201
S31508015CE005F10305E5D8B0B1B9F1000F13D0994212
S31508015CF04FF0500584F8321084F8338015D200230A
S31508015D0084F89532FFF772FF01223B493B4884F834
S31508015D10385312F0D2FE0220B7E70026DEE7E04646
S31508015D204FF00109DAE76346D8E784F89532FFF7B9
S31508015D305DFF01223049314884F8385312F0BDFE1F
S31508015D40A0E7FCF78FFD02460028E4D1022F08D10F
S31508015D508723032223706270FCF761FFA0700A7023
S31508015D6092E7D8D9AE7887230325502E237065701C
S31508015D7018D1FCF754FF1F4BA07093F83220E57039
S31508015D80A2710422227293F8332093F89532627233
S31508015D90052223730D2326716571E671A672E272D7
S31508015DA00B7071E7FCF73BFF0123A070E3702271CA
S31508015DB007236271A271F3E7FCF754FD0028AAD103
S31508015DC0022FA8D98723AA7823700523502A63703E
S31508015DD000D04AB95023A3700023E370012323712D
S31508015DE0382363710623DBE7A070E0702071D7E7DB
S31508015DF000204AE7D8590020045D0020715E010899
S31508015E00F0B50D4606461C461746B3B0C02200211A
S31508015E1002A81DF0B2FD2A46314602A88DF8C450E3
S31508015E2001971EF078FD23462DAC03F11005224695
S31508015E3018685968083303C2AB421446F7D10023E0
S31508015E4008481A46006801A920F002F940B1064B34
S31508015E501B7823B9054B1B780BB9FFF713FD0120F6
S31508015E6033B0F0BD500D0020740B0020750B0020D7
S31508015E7030B50D46ADB0AA220446002101A81DF091
S31508015E807CFD40F287332A7BADF80430502A2AD1AB
S31508015E90FCF7C5FE03238DF807304FF454738DF8CC
S31508015EA00B200422ADF80830134B8DF806008DF847
S31508015EB00C2093F8332093F832108DF80D204FF407
S31508015EC0AA628DF80A100D2193F89532ADF80E20C5
S31508015ED08DF810300123094A637301A82346FFF799
S31508015EE08FFF2DB030BDFCF79AFE012307218DF8EF
S31508015EF006008DF80730EDE7D8590020ED31010885
S31508015F0010B5ACB00446AA22002101A81DF035FD42
S31508015F1001A8FCF711FF012309216373034A2346EC
S31508015F2001A8FFF76DFF2CB010BD00BFED310108C8
S31508015F3010B5ACB004469F2200210DF10F001DF0EB
S31508015F401CFD01A8FCF728FF01230B216373034AF3
S31508015F50234601A8FFF754FF2CB010BDED31010807
S31508015F6070B58378294CB0B023B9B4F850320133EF
S31508015F70A4F85032264812F00DFDB4F89A305BB1F8
S31508015F80013B9BB2A4F89A3033B12821204830B09E
S31508015F90BDE87040F3F7FFB9B4F850520E22003D40
S31508015FA018BF012500210DF10600B4F8506284F8E6
S31508015FB09E501DF0E2FCB4F89C3076BAADF8043078
S31508015FC025238DF80E30FCF7B5FCFEF7E1FEA42279
S31508015FD08DF80F0000210DF11A001DF0CEFC40F2DC
S31508015FE07363ADF81430B4F8963000228DF8163084
S31508015FF0012306218DF8113005A801AB8DF817503C
S31508016000ADF81860FFF7FCFE30B070BDD859002016
S315080160102C5C002010B5124BC0B01B68F822002179
S3150801602002A81C681DF0A9FC0B238DF808300D4B3E
S31508016030204603930C4B02A9B3F8962093F898309F
S31508016040ADF8102000228DF81230F3F742F9012835
S3150801605004D1064B01A80193FFF782FF40B010BD9A
S31508016060040B0020615F0108D859002000000202D4
S3150801607030B5AFB00D460446A72200210DF10F0039
S315080160801DF07BFC40F26333ADF80C300023287B0E
S31508016090CDE900338DF80E00029330B1694612F04E
S315080160A09BFC9DF800308DF80F306A46287B04A9C1
S315080160B012F0ACFC48B101230099637304312346FD
S315080160C0034AC9B203A8FFF79BFE2FB030BD00BF34
S315080160D0ED31010843880B800379C3F306034B723C
S315080160E0037913F07F0318BF01230B734378CB722F
S315080160F0037813F0020F0CBF252327238B72037A2B
S31508016100C3F306030B7200234B7370472DE9F04165
S315080161100C460121314A0846BAB014F055FB2679D6
S31508016120677994F8BD5039462A46304694F8AE80C8
S31508016130FEF774FE002845D0012100250846284AA5
S3150801614014F042FB94F8B030CDE906558DF81430B9
S3150801615094F8BD30AA228DF81530B4F8B83029461E
S31508016160ADF81630B4F8BA3005AEADF81A300FAB43
S3150801617018460434089609948DF828801DF0FDFB0D
S3150801618003A9CDE9030508A8FCF753FB042814D095
S315080161909DF810408CB102280FD00E2229460DF128
S315080161A02E001DF0EAFB0BA93046FFF793FF2A469E
S315080161B00B4603982146FFF723FE3AB0BDE8F041A6
S315080161C0FCF7B0BB01212B460846CDE90067054A15
S315080161D014F0FAFA3AB0BDE8F08100BF6284030808
S315080161E08A840308B084030800B5B1B0A622002149
S315080161F006A81DF0C2FB0E2200210DF106001DF0B6
S31508016200BCFB224A01A902F23A30FFF763FF40F2CA
S315080162105943ADF8143092F80C3292F80D02991ED2
S315080162204B424B41DB0192F8421343F0010301282B
S315080162308DF8163001F07F0106D9136903EBC10306
S315080162401B790133984202DD012382F80D3292F857
S315080162500D32012B8DF817300CD0126903F18053DA
S3150801626052F83120023B180102EB0313125C5B78EA
S315080162708DF819208DF81A300A21054A01AB05A8AF
S31508016280FFF7BEFD31B05DF804FB00BFD859002009
S315080162900D440108A8E72DE9FF410A9E0446174661
S315080162A01D46FCF7DFFA00285ED14B78032B35D063
S315080162B0052B5DD0012B58D1032F55D159232B70AE
S315080162C002236B708B78012BAB700AD94D49227A60
S315080162D0086902F07F0200EBC201097901318B429C
S315080162E015DD0123484CAB7020461EF0BEFB214646
S315080162F00246281D1EF00FFB20461EF0B6FBE8706D
S3150801630020461EF0B2FB04303070FF202DE050F815
S31508016310322002EB031353F8184CE5E7394D95F88B
S315080163200C320BBB8B78227A13F0400F4FF0010326
S3150801633012BF022185F80C32CB78C2F3060285F822
S315080163400D32236885F84623C5F83A3363682F4A20
S3150801635018BF85F80C125360A3689360FFF744FFD2
S315080163600028D2D185F80C02022004B0BDE8F081DC
S31508016370CF78237A012F03F07F0305F1040819D991
S31508016380204A116901EBC30212790132974211DCE5
S31508016390CDF80480002BE7D10B6807F18052023A49
S315080163A003EB02139C7840466400224659681EF0A6
S315080163B0B2FA19E0CDF80480002BD5D1FCF7BAFA68
S315080163C00446FEF7E5FCD8B9114B124A002C08BF62
S315080163D0134601270293104801AB02A90393FEF75E
S315080163E0C3F8019CA4EB0804002CBDD059232B70DB
S315080163F00623E4B2EC7004346B70AF70347084E732
S31508016400064BE6E7D8590020D1840308125D00201F
S31508016410140B00200C0B0020452901081C0B002039
S3150801642030B5012885B003D003280ED005B030BD9C
S31508016430194B18784042C0B2F6F757F8FEF720FA1A
S3150801644005B0BDE83040FCF76BBC0025134CFEF7E0
S3150801645017FA0122124804F1360184F8495012F05C
S315080164602CFB94F8403003F08103812BDED12946B9
S315080164700E220DF102001DF080FA694604F136007C
S31508016480FFF728FE94F840102B46FF226846C1F311
S31508016490450112F0D9FAC9E78FA40020D85900207E
S315080164A0015F01082DE9F04FB3B080460D46174646
S315080164B01C46DDF8F090FCF7D5F9002840F0258256
S315080164C04E78731E092B00F23B82DFE813F00A00AF
S315080164D039020001390239023A003902EA01390260
S315080164E02E027A2300252370022328466370A5709D
S315080164F0E570FCF7EBFF000A20712846FCF7E6FF7A
S31508016500FF234FF6FC72A571E57101252372B44B81
S3150801651060711B6828469B6965729B89063B1A4010
S31508016520C3F30723A372E272FCF7D0FF000A2073B4
S315080165302846FCF7CBFF0F236073A57389F8003053
S3150801654013E0A84C3A4641F60F50F2F799FE237C20
S3150801655095F802A0022B95F80390A34E09D096F858
S31508016560E630012B01D9FFF7CFFAFF2033B0BDE89A
S31508016570F08F48B196F8E630012B01D9FFF7C4FA36
S31508016580002384F8AC30F0E74FEA0A2303F4FE430C
S315080165909944B4F8983020750133994503D00123FD
S315080165A084F8AC30DBE796F84733063FFFB2BB42C7
S315080165B04FFA8AFA02D0BAF1000FF0DA94F8A91064
S315080165C089B9A82205A81DF0D8F945238DF81430F4
S315080165D0834B4FF4FA721B6805A99868F2F779FE9E
S315080165E0012384F8A930814812F04CFA96F8E6306E
S315080165F07F48012B05F1040596F8473326D994F807
S31508016600ADC03A4629460CFB03001EF084F994F8FE
S31508016610AD80B4F89A0008F101083A4629465FFAAE
S3150801662088F884F8AD80A4F89890F2F729FEBAF1B3
S31508016630000FA4F89A0034DA638A834213D0002340
S31508016640092084F8AC30FDF721F888E709F1FF380D
S3150801665003FB08F829463A461EF05DF939464046D5
S3150801666011F096FCD3E796F8E630012B0ED9FFF721
S315080166704BFA94F8AD3096F847035A1E02FB00719F
S31508016680A9EB0303584389B211F082FC64215948E6
S31508016690F2F781FE01287FF468AF0820FCF7F6FFC0
S315080166A063E796F8E630984501D20520F6E7012B0F
S315080166B00BD996F84703A9EB080908FB00F100FB7B
S315080166C009F011F065FCFFF71FFA0720E6E710222B
S315080166D0002101A81DF051F90A2F2B7A1ED8002B8B
S315080166E05BD14FF6FC743E4B1B689B699B89063B45
S315080166F01C40B5F802A00020FCF7E8FEB5F80490A6
S31508016700384FBAF1000F05D199FA99F91FFA89F9A3
S31508016710814557D0002687F8AB6002E0B5F80940F5
S3150801672023B30120FCF7B2FFB222002105A81DF010
S3150801673024F940F27A4301A94046ADF81C308DF898
S315080167401E60FFF7C7FC01232B4A8DF8113007A8F5
S315080167500B460321FFF754FB00287FF406AF4FF4DD
S31508016760003368460093FCF7D9FFFEE60B2F1D4A56
S3150801677018D0E97A92F8AA30C9074CBF43F0010349
S3150801678003F0FE030C2F82F8AA300BD02B7B012BCA
S3150801679008D0042682F8AB60C3E70322114B83F8BD
S315080167A0AB20BEE70E4B64BA1B68A4B29B699989F4
S315080167B04FF6FC7306390B409C4201D8002C98D140
S315080167C00226E7E797F8A830002BE6D0EE88BB68E3
S315080167D076BAB1B293B1984780B901269BE700BF53
S315080167E0040B002084A50020D85900209CA5002070
S315080167F0C05A0020DCA500201D370108002103230B
S315080168000846504A13F06CFF00234FF0010C4E4A1C
S315080168104E4DC7F89820FF22C5E9D23C87F8AC202F
S315080168203B743B75C5F850337B82D8F80000D8F81D
S315080168300410474A089303C2D8F80800E4B2106066
S3150801684097F8AA3010228DF81430B8F802300620CD
S31508016850ADF8183098F8043005A9C3F306038DF886
S315080168601A3098F80030ADF816608DF81B3098F894
S3150801687001308DF815C00793FDF7D4FE642CD8BFF7
S31508016880C8237E82D8BFB3FBF4F34FF0FF064FF05F
S31508016890000085F84743D8BF85F8E63087F8AB602E
S315080168A040E7087AFCF712FEDFF8AC808246B8F8B2
S315080168B01210B5F802B0AF88EE8861B9102205A8A2
S315080168C01DF05BF81022062005A9FDF7A1FEBDF80B
S315080168D01630A8F81230BBF1000F18D17FBABFB233
S315080168E0574514D1B8F8123076BAB6B2B3420ED1BA
S315080168F06B7A012B0BD164211648F2F74CFD01285E
S315080169000CBF0B200A20FCF7C1FE02202EE62B68DD
S3150801691023606B6863602B7A2372092363700023F3
S3150801692063726B7AA3720B2308E67A2323700B230F
S3150801693063700323A3700023E37023710523FDE528
S31508016940002013E6009F240000000F1DD8590020DF
S3150801695020A60020DCA5002084A50020F0B5B3B050
S3150801696005460F4616460021B22205A81C461DF00B
S3150801697004F840F27A7301A92846ADF81C308DF85F
S315080169801E708DF820602246FFF7A4FB0B4607A868
S315080169900521FFF735FA40B9054BD3F8E800009011
S315080169A06846A047012033B0F0BD0020FBE700BFD1
S315080169B00C8703080023F0B5BFB0734CCDE9033348
S315080169C00593724B724DA360724BE360012384F801
S315080169D0A83085F8E63094F8AA3063F07F0384F886
S315080169E0AA30F7F74DFE002840F0BC8005F5557032
S315080169F010F00EFE002840F0B98003A80AF0D0FD79
S31508016A009DF80C300025012B18BF0023624E18BFD4
S31508016A1084F8A830059B062113F00103306801AA02
S31508016A2008BF84F8A830019510F090FC70B11024C5
S31508016A302946224611A81CF0A0FF0123224606205A
S31508016A4011A98DF845300194FDF7ECFD0021534A53
S31508016A505348FDF7C1FC0021524A5348FDF7BCFCD7
S31508016A60524B1B78072B7BD1514B1D886FF4007352
S31508016A70EB18092B74D800214E48FDF775FD102235
S31508016A80002109A81CF079FF0023062102AA306813
S31508016A90029310F05BFC0620029A09A9FDF7B8FDDE
S31508016AA0029B0C2B13D101209DF829209DF8281053
S31508016AB09DF82A308DF82500ADF828108DF82A2082
S31508016AC00620102209A98DF82B30FDF7ABFD9DF89C
S31508016AD02B3000248DF818300B9B9DF82A208DF851
S31508016AE01930BDF82830CDE90744ADF81A304FF012
S31508016AF0000362F306038DF81C309DF8243040F23A
S31508016B000121812B36D18D4214BF0126FF26102281
S31508016B1021460DA8BDF826701CF02FFF2046FCF76C
S31508016B20D5FCB2220546214611A81CF026FF40F6DF
S31508016B307A13ADF84C3001230DA906A87FBA6DBAB0
S31508016B408DF85630ADF85050ADF852708DF8556045
S31508016B502246FFF7BFFA0B4613A80B21FFF750F998
S31508016B603FB0F0BD05F5557010F052FD002384F8CD
S31508016B70A83042E7234622468D4214BF0521FF214C
S31508016B8006A8FFF7EBFEEBE784A500200F2C01080A
S31508016B90D8590020ADF50008FC0D0020215B01083D
S31508016BA09CA5002009370108DCA50020BC1F002090
S31508016BB0B81F0020132C010808B5FCF795FB0C48F3
S31508016BC090F8AC10FF290ED0FC298CBF00220122B7
S31508016BD0084B52009C30FFF7C1FE40B1BDE80840A2
S31508016BE00020FCF7CABBBDE80840FCF717BA08BD88
S31508016BF084A500207B3301080122014B5A74DBE787
S31508016C0084A5002070B50026334CC8223146334886
S31508016C1090B084F8AD601CF0B0FE314B5D6815F09C
S31508016C20010502D030460AF0A1FC4FF000639B6AC9
S31508016C3003F17843B3F5C04F04D210F09EFC064623
S31508016C40002838D003A8F7F761FD9DF81430012B09
S31508016C5017D1069B3BB101A810F0DAFC18B9DDE99A
S31508016C600101F7F773FDF8F767FE28460AF07EFC7F
S31508016C7001236374042384F8AC3010B0BDE8704076
S31508016C809AE74FF00066B36A03F17842B2F5C04F4E
S31508016C90E9D21B6B03F17843B3F5C04FE3D2114830
S31508016CA0F7F732FCB36A00201B6B5B6998470D48FE
S31508016CB0F5F7BEFED7E728460AF058FC94F8AA303D
S31508016CC0812B14BFFF23FD2384F8AC30FFF774FF33
S31508016CD0667410B070BD00BF84A50020C05A00209C
S31508016CE00040005B740900202DE9F0474A78044604
S31508016CF0012A0D461F468AB006D0022A00F0B7803F
S31508016D0000200AB0BDE8F0870023634EDFF88C81C6
S31508016D1091F8029088F8002096F8E020017A09F0A7
S31508016D203F0A5245CDE9043318BF86F85C334B0652
S31508016D3050D1427869792879FEF770F8002861D030
S31508016D405146D4F80600FCF77AFB08B34FEA490224
S31508016D5002F07E022B1D42F0010209F0800942EA87
S31508016D6009020793EB78A27204A906A88DF82030C8
S31508016D7006940497FBF75DFD474B9DF81410129A8C
S31508016D80042883F85C03117002D1002283F85C237E
S31508016D90002388F80030DFF8008198F85C93B9F190
S31508016DA0030F15D0AF78D4F806A007F03F07394688
S31508016DB05046FCF744FB237813F00C0F24D0002827
S31508016DC053D0C8F8E2A0237888F8E07088F85D33D4
S31508016DD0FF2096E7002001F07F01FEF71DF8034624
S31508016DE080B10120FEF718F860B11A7802925B6843
S31508016DF001930378009343686A7929796078FDF7E6
S31508016E00D6FF9BE7244BC0E710B998F85D3363B307
S31508016E10D4F8063019F0FD0FC6F8E2304FF000033A
S31508016E20AD7886F8E07086F85D3318D105F03F0530
S31508016E302046FBF717FD01460028C9D10E220DF1A0
S31508016E401A001CF09AFD204606A9FFF743F94A469F
S31508016E5029469DF8153006A811F0F6FDB8E7B9F1EF
S31508016E60FF0F08BF05F07F05E2E7022049E70A4C54
S31508016E708A7894F8B3319A42AAD1002104220846A5
S31508016E8013F02CF994F8EC020028A1D1FEF70CFCBA
S31508016E90012384F8ED329BE7D8590020000E002023
S31508016EA070B5EFF3108072B60D4B0E4D1C682E7837
S31508016EB020F03BF80C4A136843B1FF2E06D02B7815
S31508016EC0012B04D81268143352F8234034B9EFF36E
S31508016ED0108072B6054B1C6820F027F8204670BD55
S31508016EE0980A0020D4A40020900A00204C12002001
S31508016EF070B50C46154610B9FFF7D2FF38B143688D
S31508016F002BB12A462146BDE8704000681847232060
S31508016F1070BD07B501228DF807100DF10701FFF7BE
S31508016F20E7FF03B05DF804FB0B4601461846F0E798
S31508016F3010B514460020FFF7DBFF204610BD30B51B
S31508016F400C46154685B008B9FFF7AAFF084B4FF05E
S31508016F50FF32CDE902300095234602A90548F1F72B
S31508016F60B7FE0028D4BF3720002005B030BD00BFCA
S31508016F70296F0108496900080FB407B504AA52F830
S31508016F80041B00200192FFF7DAFF002003B05DF829
S31508016F9004EB04B070472DE9F04F00218346ADF5A7
S31508016FA0477D7C2207A806911CF0E7FC58461DF090
S31508016FB05CFD46AA019026A95846FCF743FC0446FF
S31508016FC0B0BB46981DF051FDA0460546A146274689
S31508016FD0DBF89C6086BBB8F1010F40F0D18006A8AA
S31508016FE01DF043FD05EB040805F11803471B27EAC5
S31508016FF0E7750BEB08090DEB03042A4621464846BB
S315080170001DF089FC09F80560DBF89050A845DBF806
S31508017010902000F3A580DBF894103A443944CBF864
S315080170209410CBF8902027443B1B002B00F3A38038
S315080170300DF5477DBDE8F08FD6F808A0BAF1000F27
S3150801704061D05F4417F8012B202A14D000270C239E
S3150801705003FB07F20AEB020302935AF80230009384
S31508017060002B4AD0269B9945049346DC029B1A7A43
S315080170701AB17A1C2FE00134E4E746AADBF89450EA
S3150801708052F829302D1B2A461846009903931DF0FC
S31508017090C2FC05900028ECD100981DF0E6FC029B85
S315080170A001465868059A90F80CC0BCF1FE0F16D136
S315080170B0049B03F1FF3CE14527D0D0F800A00398D3
S315080170C000921DF0D2FC0134009A04441BF8041006
S315080170D019B109F101091746B9E70134F6E78D42F5
S315080170E0C7DC06A802911DF0C0FC029908447B285A
S315080170F019D9744906A810F027FA5A46019B03EBD9
S315080171000B018A4223D1366864E78D42E9DD1446CC
S315080171104FF00C0A05680AFB04F2A95871B9A04494
S315080171200D46019CE9E7009906A810F00DFA664993
S3150801713006A808F1010810F007FA9AE706A810F060
S3150801714003FA614906A810F0FFF90134E3E712F8DA
S31508017150010B0028D5D14FF0200302F8013CD0E7F6
S315080171601BF8020011F0CEFDDBF890200135013243
S31508017170CBF890204AE714F8010B11F0C3FD53E749
S315080171807FF756AF26AF8022314638460DF58C7A01
S315080171901CF0F3FB4FF40072314650461CF0EDFB30
S315080171A006AB1A464FF0010912F8018BB8F1000F28
S315080171B04AD118464AF8296000931DF056FCBC4688
S315080171C04246009B06A913F801EB0DF58C7858F891
S315080171D0046B864242D1013291450CF801EBF2DA91
S315080171E0DBF89060AE4240DB384A06A95B46384870
S315080171F0FFF7C2FE38461DF038FC02462C442F44E0
S31508017200551B25EAE5720BEB040014440BEB040647
S315080172100BF190018E424FD90BF1980188424BD25E
S31508017220791E4619321A002A39DD11F8012F00F89C
S31508017230012BDBF890200132CBF89020DBF8942063
S315080172400132CBF89420EDE7B8F1200F06F10106DB
S3150801725004BF4AF8296009F10109A5E70E44B65C9D
S315080172607645B4D00021B954BAE7DBF89020013647
S315080172701BF8020011F046FDDBF890200132CBF82D
S315080172809020AFE7DBF89010013A0131CBF8901066
S31508017290DBF894100131CBF89410002AF2DC0022B5
S315080172A03D440BF80420EB1B002B7FF7C1AE17F802
S315080172B0010B11F027FDF6E739461DF02CFB2A468E
S315080172C0EBE700BFDA840308DD840308097A0308BB
S315080172D0DF8403082DE9F843D0E9245604460F460E
S315080172E0002294F89830012B07D10A2F07D10023E1
S315080172F084F898300020BDE8F88300F29F801B2FA0
S3150801730001D10223F4E70D2F0DD1012384F898301A
S315080173100D2011F0F7FC0A2011F0F4FC00230120DE
S31508017320C4E92433E7E74FF00008082F84F898806A
S3150801733034D1454530DDB5420FD1384611F0E2FC6E
S31508017340202011F0DFFC013D384611F0DBFC013E3F
S3150801735004F80580C4E92456CCE7FBDA05F1FF39C0
S31508017360384611F0CFFC04EB0903A6EB09026119B3
S3150801737018461DF012FB04F806800146013E4848EE
S31508017380FFF7FAFD35464D4501DC4D46E2E7082093
S3150801739011F0B8FC013DF6E7ACD0DBE77F2F1CD135
S315080173A0002EA7DDB542A5DA6319691C21441846E2
S315080173B0721B1DF0F2FA04F8068001463948FFF7F8
S315080173C0DBFD0820013E11F09DFCB542F9D1D4F848
S315080173D09430013BC4F894308CE70A2F98D0092FD2
S315080173E003D12046FFF7D7FD84E7D4F88C30013B5B
S315080173F0B3427FF77FAFB54204EB050805F10109F2
S315080174000CDB384688F80070D4F89430C4F89090AC
S315080174100133C4F8943011F075FC6BE74146721BD1
S3150801742004EB09001DF0B9FA4046FFF7A5FD08204F
S31508017430013E11F067FCB542F9DDE2E7022B06D100
S315080174405B2F01D1032353E784F8982049E7032BDF
S315080174507FF450AF413F84F89820032F3FF64AAF97
S31508017460DFE807F002070A160121204600F01CF89A
S3150801747040E74FF0FF31F8E7B542BFF63BAF605D35
S3150801748011F040FCD4F890300133C4F8903031E75C
S31508017490002D7FF72FAF013D0820C4F89050BAE7B9
S315080174A0E8840308ED84030873B50D460446F9F725
S315080174B0C4FA6B1C25D1D4F8AC3213B1013BC4F81C
S315080174C0AC32002520461DF0D0FAA84221D8002169
S315080174D02046D4F88C201CF050FA0023C4E9243342
S315080174E0D4F8AC325BB16A46204601A9FCF778F9B3
S315080174F028B1019D04F1AC06009BAB4214D802B039
S3150801750070BD012DFBD1D4F8AC328342F7D20133D9
S31508017510D5E7082011F0F6FB202011F0F3FB08202F
S3150801752011F0F0FB0135CDE7715D2046FFF7D2FE7C
S315080175300135E1E70EB403B503AA52F8041B01921B
S31508017540FFF7FDFC02B05DF804EB03B070477FB5A9
S315080175503A23684D8DF80B3028680DF10B0120F0A0
S315080175604EF8012801D004B070BD9DF80B30A3F187
S315080175703002082A78D8DFE802F05F0E4231057733
S31508017580777750005C4B1B781BB1332011F052FB07
S31508017590E2E73120FAE7594B1B689B691B78DBB197
S315080175A00320FCF7F5FF0122534B64201A700023D0
S315080175B04FF461711A4613F0C5F80320F4F7B2FFC8
S315080175C00028C9D04E4C4F492068FFF7B3FF4E49F2
S315080175D02068FFF7AFFFBFE70120E2E70020FCF7CD
S315080175E0D7FFFCF7EDFF0320F4F79CFF0028B3D083
S315080175F0434C44492068FFF79DFF4449E8E7FCF7F7
S31508017600DFFF0320F4F78EFF0028A5D03C4C3D4947
S315080176102068FFF78FFF3E49DAE73E4B18680FF0FF
S31508017620EDF83D4B18680FF0E9F8FDF7B5FD3B4B52
S315080176303B4A5A6209F038FF4FF0807303932F4B88
S315080176401B689B69DB881BB903A8FBF7D1FC83E799
S31508017650344B0121009300235A201A4610F0E4FB0B
S3150801766000283FF479AFEFE7743B032B3FF674AF7D
S31508017670DFE803F00215182E204B1B689B691B785F
S31508017680002B3FF469AF12F0B3FA274B93F8963201
S3150801769098423FF461AF0A3398423FF45DAF12F066
S315080176A0FFFC59E70126204C204B94F844209E7094
S315080176B00F2A7FF651AF00225A70FDF7E1F8FBF762
S315080176C02FFB32461A4804F1360111F0F6F943E761
S315080176D00023164E144CB37094F844300F2B7FF6E2
S315080176E03BAFFDF7CDF801217170FBF719FB0A468F
S315080176F0E8E700BFC80F00206F0F0020040B002029
S31508017700C407002030780308F18403081A850308A2
S3150801771004850308F80D0020FC0D00200000085020
S3150801772004001D03F12F0108D85900208FA4002059
S31508017730015F0108002373B50C4615460193FFF74F
S31508017740AFFB30B1C66826B12A462146006801ABAF
S31508017750B0470198002808BF4FF0FF3002B070BD4E
S31508017760F8B504460D46EFF31186302383F31188E5
S3150801777090F89630A1B173B990F898305BB1EFF3F0
S31508017780108572B601201FF065FA28461FF0CDFB59
S31508017790012384F8963086F31188BFF36F8FF8BDFD
S315080177A0002BF8D0EFF3108772B608461FF052FA8D
S315080177B038461FF0BAFB84F89650ECE70346416059
S315080177C0EFF3108072B6044AD2F8DC111960C2F8D8
S315080177D0DC311FF0AABB00BFD85900200146EFF3E0
S315080177E0108072B6084AD2F8DC3102F5EE722BB176
S315080177F0994205D10B68136000230B601FF095BBF6
S315080178001A461B68F3E700BFD859002038B5044665
S31508017810D0F870311D68AB6C5906FCD5002394F875
S3150801782079111A4694F87801F7F7C8FF002394F8F6
S315080178307B111A4694F87A01F7F7C0FF94F880315C
S31508017840DA0707D5002394F87D111A4694F87C01C6
S31508017850F7F7B4FF94F880319B0707D5002394F80E
S315080178607F111A4694F87E01F7F7A8FF042205F559
S3150801787000531A652846F7F7C9FED4F874011FF0B4
S3150801788084FF0C4B04F5C27019461A683AB1904246
S315080178900CD1D4F884211A600023C4F884310B680A
S315080178A013B90548FFF79AFF002038BD1346126839
S315080178B0ECE700BF50120020541200200246EFF3F5
S315080178C0108072B60E4991F85F33FF2B02D1A2B12F
S315080178D01FF02BBB1BB9002AFAD0012203E0002AAC
S315080178E00CBFFF2201221344DBB281F85F33B3FADE
S315080178F083F35B0981F86033EAE71A46F3E700BFC9
S31508017900D85900202DE9F84FEFF31188302383F376
S315080179101188564B56495B6903F0010213F0020FB1
S3150801792003F003034B6110D14AB1524AD2F8A4338A
S315080179300133C2F8A4331DF0EFFB1DF05DFC88F39B
S315080179401188BFF36F8FBDE8F88F4A4E42B1D6F85A
S31508017950A4330133C6F8A4331DF0DEFB1DF04CFC3D
S31508017960EFF3118A302585F311884FF0000B1DF0CE
S31508017970D3FB5F46B4680CB16369ABB10023012F31
S3150801798086F8A83304D11BF0020F18BF86F8A8732E
S315080179901DF032FC222802BF0222354B9A618AF376
S315080179A01188BFF36F8FCAE723465A693AB91A791C
S315080179B02179914288BF1C469B68002BF5D18AF331
S315080179C01188BFF36F8FD4F810B0BBF1000F1BD02D
S315080179D0264B1A6AA369A2EB030A4FEAEA72DA4549
S315080179E072F1000211DB5B44A361E36813B120461F
S315080179F021689847B4F806B00137EFF3118A85F381
S31508017A0011881DF089FBB5E7DA46EFF3118985F38D
S31508017A10118820461DF046FA89F31188BFF36F8F46
S31508017A202369002BE1D0A38BBBEB0A0133B1E28BAF
S31508017A3013449BB2B3F57A7F10D2E383EFF3118A2D
S31508017A4085F3118820461DF095FBA3692269134425
S31508017A50A3618AF31188BFF36F8FC6E7A3F57A731B
S31508017A60E383A3690139013BA361E7E700400650B7
S31508017A7000600650D85900202DE9F04104680546F2
S31508017A8094F89430002B40F09280EFF31182302164
S31508017A9081F31188C4E9163382F31188BFF36F8F16
S31508017AA01DF0A8FF022807D1D4F81C011FF027FDF5
S31508017AB0D4F8A4001FF023FDFFF7F2F9854207D198
S31508017AC0EFF3108072B600223A4B1A601FF02DFAB6
S31508017AD0236E93F910603046FBF738FF3046FAF704
S31508017AE03BFE236E93F911603046FBF72FFF3046B4
S31508017AF0FAF732FE94F8A1301BB1D4F8F8001FF05A
S31508017B001EFED4F8A4002C4F1FF007FED4F81C0162
S31508017B101FF003FE3B78227DBBB1072A15D8274BF8
S31508017B2003EB02131B7B83B101239340EFF311800F
S31508017B30302282F31188224A516D21EA03015165E7
S31508017B40936280F31188BFF36F8F207D11F048FC93
S31508017B50EFF31188302383F311880023174A167B24
S31508017B60AEB90133082B02F11002F8D11620FAF743
S31508017B70F3FDFF22124B31465E6520209A625E6054
S31508017B80F7F7A4F931462120F7F7A0F93E7088F3F3
S31508017B901188BFF36F8F0023C5E90033C5E90533A3
S31508017BA0EB60236E2046BDE8F041DB6818470F20DD
S31508017BB0BDE8F0814C120020E8070020700500207E
S31508017BC0000004502DE9F04F8DB004469946CDE9E1
S31508017BD003211DF00FFF022805464DD1D4F8A40054
S31508017BE01FF08DFC002840F0888194F8A130002B05
S31508017BF042D0D4F8F860002E3ED01FF04AFA002889
S31508017C003AD11DF0E7FE1DF097FE3368DD0731D442
S31508017C10BB4DBC4BBC4AD3F8AC332B684FF0FF3095
S31508017C209A61B3682A689968D3612A6811622A68D1
S31508017C3018324A602A68012118329A602B68321D67
S31508017C409A627368013373601DF004FF1EF01CF914
S31508017C5008B91FF049FA2B689A692B682968DB6A03
S31508017C609001C3F138038B6106D41EF089F81EF022
S31508017C70C5F801E01EF008F90023C9F80030D9F863
S31508017C800050039B5E1B00F0BE80049B5D1900F04B
S31508017C90BA802046FBF7C0FE8246002840F0B38032
S31508017CA02046FBF74AF9216D88429CBFD4E91203A5
S31508017CB0C018401A94F89A30864228BF064602939D
S31508017CC0002B00F0DA80EFF3118B302383F3118850
S31508017CD03746D4F850802046FBF766FE08EB0602C5
S31508017CE09045D4F89C3040F09F80D4E912120A449A
S31508017CF0934208BFC4F89C108BF31188BFF36F8FAA
S31508017D000290207DF4F7A4FF207D0DF11F011FF0DD
S31508017D10E9F82046FBF711F9D4F850B082465845E0
S31508017D2040F2B980A36CB5B29B4540F0AC8023699B
S31508017D3004F1280810220021404605931BF01DFE78
S31508017D403021059B013DC4E90B3B237DC5F30A059B
S31508017D504B432D0128F0030803F1A04345F0407574
S31508017D6048F0020203F58023A5621A67236DD4E958
S31508017D70121233440A44934208BF0B469A452365B7
S31508017D802AD194F8A1300BB3D4F8F850F5B11FF005
S31508017D9080F9002800F0A8801FF0C7F91FF0D0F974
S31508017DA06FF001030893594B0022CDE909350123E8
S31508017DB00B93544B08A9D3F8B0031EF0A1FF28B1C1
S31508017DC04FF0E0234FF08052C3F8042D01232046DB
S31508017DD084F85430FBF7E7FE207DF4F75BFF94F84F
S31508017DE09A3033B1029B23B1236E112120465B6879
S31508017DF0984747B1D9F80030039A3B449342C9F8EA
S31508017E000030FFF43CAF1DF0F5FD022803D1D4F88C
S31508017E10A4001FF0EDF9D9F80030002B14BF00209B
S31508017E201B200DB0BDE8F08F08F1010808F1FF31FC
S31508017E308B4211D1C4F89C8018F8013C112B01D052
S31508017E40132B15D1013FA3F111014B424B41DDF82B
S31508017E5008A084F8A03043E718F8013C03F0FD01B7
S31508017E60112907D1013FBAF1000F3FF439AFEAE70B
S31508017E70DDF808A005F8013B32E7324628461CF032
S31508017E804AFD37463DE7238DC3F30A12154465F3C8
S31508017E900E1323856AE79DF81F30207D93B9302399
S31508017EA0434303F1A04303F58023596E5A6EC1F388
S31508017EB00A1122F4FF42314422F0700242EA011209
S31508017EC05A6653E7CDE9006452462369216811F0E1
S31508017ED0C1FD3022237D534303F1A04303F58023DB
S31508017EE05A6E22F48012EBE71DF04AFF2B6823F045
S31508017EF001032B601DF082FF68E7284691E700BF62
S31508017F00900A0020D8590020010000807D710308DD
S31508017F102DE9F843EFF31188302383F31188314EA5
S31508017F2096F8B433002B57D12F4C3048C6F808328F
S31508017F30B360C6F8A4331FF02BFC63680BB1F6F7E0
S31508017F403BFE01222A4B5A60656815F00205FBD1F2
S31508017F5003220127264BDFF8A890A5606562C9F8B8
S31508017F6004709A615A61F6F727FE0223E3602562D7
S31508017F70F6F722FEE760F6F71FFEE760F6F71CFE46
S31508017F804FF480221B4B1220C3F88021FBF7ECFC2F
S31508017F90C9F81870EFF31184302383F311884FF46D
S31508017FA0F060F7F799F8024684F31188BFF36F8FEB
S31508017FB0114B186030B988F31188BFF36F8F2320EE
S31508017FC0BDE8F8832B4640F2E7310C481AF04EFB20
S31508017FD086F8B473C6F8B80388F31188BFF36F8FB0
S31508017FE00020EDE7D859002000400650F88703081D
S31508017FF00060065000E100E00407002018FCFFFFBE
S3150801800000500650002380B5AE48AF4AAF4C121A4D
S315080180108CB0C4E96D02C4E9720084F8D031C4F8A1
S31508018020D831FBF7BCFF0123013AD2084280C4F8D4
S31508018030C43108234FF48030C4E96F33A449A54AF3
S315080180404B6E5066486E4FF000414AF6CD35516683
S31508018050A14903F480334A6C0D6402F001024D6BA9
S31508018060EE07FCD401259D494D60A1F500510D6B24
S31508018070ED07FCD50AB19A4A0A640028A2BF4FF057
S315080180800041984A51661BB94FF48032954B5A669E
S3150801809095481FF07DFB1CF0BFFF944B1860EFF36A
S315080180A01183302282F3118894F8BC23002A40F008
S315080180B00484012284F8BC2383F31188BFF36F8FEC
S315080180C06FF0040210460132052152B2FBF72BFC70
S315080180D04C2AF7D14FF000437E4E072273664AF6C3
S315080180E0CD337D4D0B206F6C2B64814BDA63F7F72B
S315080180F055FA6B68002023F4F87343F480736B60B8
S3150801810040F20913AB6040F203132B6111F0FAF840
S31508018110FF0748BF724B4FF0800048BF2B646C4B7A
S315080181205F6E4FF0004373664AF6CD336E6C2B646F
S31508018130F7F734FA2B6AF00723F00F0343F0090324
S315080181402B6248BF664B6B4848BF2B64002FA2BF02
S315080181504FF00042634B5A661FF01AFB664AD2F883
S315080181604C3113F4802300F0AD834FF07E6292F810
S315080181709C3092F99C20002AB8BF26234FF40001AF
S31508018180544A022051664FF4D15102F5B832516270
S315080181905A494F2B486028BF4F23012001F58051CA
S315080181A0DBB24860116911F48031FBD143F4807365
S315080181B0536140F2014393604F4B5160D3F84C2110
S315080181C0110340F18283A3F5FE431D88B5F5807F2F
S315080181D028BF79254A4BDFF84C8193F90070494B42
S315080181E02F44C8F800303A4B87F308071B6F03F092
S315080181F00703032B01D11CF011FD0FF08FF903289A
S3150801820052D04FF48012334B3F4E5A6645F60E0351
S315080182104FF0A062C6F880303C4B9A624FF4803228
S3150801822003F580539A62B36DDA03FCD4B36D5B0030
S31508018230FCD4374B4FF400623361B3694FF44061A4
S3150801824003F0004343EA074343EA052343F0007377
S3150801825043F03C03B3612F48F6F7B8FC336A2E495D
S3150801826023F00F033362B26A2C4B134043F4803375
S31508018270254AB362936D31EA0303FBD14FF080714E
S3150801828022488162136923F4700343F4401313618E
S315080182904FF000434FF480328361214B99629A6211
S315080182A0194A936D5F00FCD44FF4C022124BD3F8E0
S315080182B09850084B5A6603F598335A68012A00F014
S315080182C0088331E098A8002000000120D859002031
S315080182D0008000500090005000400950006009508D
S315080182E03254FFFF00A00050F887030880A500203C
S315080182F000400050FC8703080080E00F0010025080
S31508018300C0A40020C01753020040005A0050005A6A
S315080183102008C00B3840005A03000100C7FFFEFEC3
S315080183200060005A98A400200FF0F8F805280CD12F
S315080183300021C248F7F7A8F8C14A136F43F48063CE
S3150801834013674FF48032BF4B1A67BF4FBF4B3E6866
S3150801835025F040759E4202D8B84811F035FCBC4B51
S31508018360DA6812F0060FFBD19A689D6099684D404C
S3150801837015F4F81F0DBFB14D9A6035463D600FF0F3
S31508018380CDF805280FD11CF049FC0746F6F792FDF2
S315080183900128D4BF012100213846F7F775F8F7F708
S315080183A0BFF8F7F761F8B54202D8002011F00CFCC6
S315080183B04FF40022A74BA34DD3F8C0306A664FF09D
S315080183C0B4429F4E23F040739360A3481FF0E0F92F
S315080183D0F7F786F8336F002023F0070343F003030A
S315080183E03367F7F7B3F8336F23F4744333679B4B5B
S315080183F0D3F8FC2012F0807240F07182C5F8802013
S315080184008F4B4FF48031D3F82021954822F007028B
S3150801841042F00202C3F82021D3F8282122F00702EC
S3150801842042F00202C3F82821D3F8802122F0030280
S3150801843042F00102C3F88021D3F8902222F0030208
S3150801844042F00102C3F89022D3F8402122F0030238
S3150801845042F00202C3F84021D3F8602122F0030258
S3150801846042F00202C3F86021D3F8402222F0030247
S3150801847042F00202C3F84022D3F8002222F0070292
S3150801848042F00102C3F80022D3F8082222F00702BB
S3150801849042F00202C3F80822D3F8502222F003025E
S315080184A042F00202C3F85022D3F8702222F00302E6
S315080184B042F00102C3F87022D3F8202222F0070203
S315080184C042F00302C3F820225E4A5D6E5166426A93
S315080184D0ED0322F0010242625CBF624A51664FF027
S315080184E0E0210A6942F004020A61D3F8602222F007
S315080184F0070242F00102C3F86022EFF3108772B651
S3150801850059481FF045F994F8BD33584D002B40F0F2
S315080185100982FFF7FDFC0646002800F0F08138467F
S315080185201EF003FDFFF7F4FCFBF79CFE4B4A50498E
S31508018530D2F8C03023F0FF0343F0A003C2F8C030DD
S315080185404C4B99424C4940F0AF820B684B48C2F8F4
S315080185509830C2F89C004A48C2F8A00001330B6063
S31508018560BFF35F8F05223D4BC3F894205A6A42F444
S3150801857080325A62BFF34F8FBFF36F8FBFF34F8FAE
S31508018580BFF36F8F1EF085FD40B91DF023FA012850
S3150801859004D1D5F8C8330BB9C5F8C8030026394A3A
S315080185A0394B1660566004221E705E70374B384F81
S315080185B01A711A733146102205A81E609E603E6024
S315080185C01BF0DBF929238DF81430324B4FF4806107
S315080185D00693314B2820079302238DF820302F4B21
S315080185E0CDE9091308230B93FBF7C1FB04460028C1
S315080185F000F0B280314628221BF0BFF905AE231DD3
S315080186000DF12C0C324603CA6245186059601646AC
S3150801861003F10803F6D1106818601020FBF7A7FBD1
S315080186206062002800F06982102200211BF0A5F97A
S315080186302379666A9A0740F0588231E000B4C40487
S31508018640008000500090005094A40020FFB3C40499
S31508018650000001500080E00F0088030800ED00E0EB
S3150801866000C0075000A00050A47E0308D859002076
S3150801867020A40020C0A200204409002003000020F5
S3150801868001000120981000209410002008070020FE
S31508018690A0100020C1BE00083DB400080500040072
S315080186A023791B0706D504201EF02FFEB06000288B
S315080186B000F021822379D80605D51EF05FFF3060C8
S315080186C0002800F018822379990608D50022E16965
S315080186D0608B1EF0F0FDF060002800F00C8201238B
S315080186E084F8203023799A0734D09B0703D4386855
S315080186F0002840F01C821C20FBF739FB002800F0FB
S31508018700FC810022237C037123798260C3F3400331
S31508018710437594F820308261037502610260C26074
S31508018720002B00F00D82012202756269816891426F
S3150801873038BF8260C26800F10C01002A40F002824B
S3150801874022600C6033B13B68C54A002B40F0FD81BD
S3150801875003601060C34B1C603C68002C40F0F88134
S315080187602146C14AC1481EF070FEE8641EF091FC1C
S315080187700446002840F0A0801DF02CF9012840F09D
S315080187809B80D5F8C833012B40F096800223B8495F
S31508018790C5F8C83305AA11F8017B02F8017B002F39
S315080187A0F9D1B44EA02206F16003CDE90073B248AF
S315080187B03B46029605A91EF047FD002879D01DF013
S315080187C0ABFED5F8B033002B73D006F53873029398
S315080187D0372306F550760093A0223B46A749A848B9
S315080187E001961EF031FD002863D01EF09EFC4FF065
S315080187F0FF33C5F88C3901234FF07F42C5F890390C
S315080188004FF0E023C5F894790597C3F81C2DD3F8E2
S315080188101C3D1B0E8DF813309DF813309DF813304F
S315080188209DF8133013F0800F059B40F0D581082B76
S315080188304FF0E02318BF059C6FF0040018BFC4F180
S315080188400704240204F4E064C5F89849D3F8202DF6
S31508018850002442F47F02C3F8202DD3F8202D2146A7
S3150801886042F07F42C3F8202D4FF47A72C3F81C4DAB
S31508018870FBF759F8834B1B6803F2E733B3FBF2F3B3
S315080188804FF0FF32C5F89833B2FBF3F30A3BC5F84C
S315080188909C391CF0C1FBC5F894030120F2F7CAFB09
S315080188A0794BC3F8C0401DF05BFA1DF04DF8EFF7A0
S315080188B04DFC754BD3F8C430FEE783F31188BFF33B
S315080188C06F8F07E4D2F8502158E4D3F85051EDB22E
S315080188D080E46E494A605A689607FCD424E5D3F8C1
S315080188E0FC2022F08072C3F8FC200022C5F8802003
S315080188F0D3F8FC2042F08072C3F8FC2080E5AFF380
S315080189000080604BC4F864631B68C4F8DC61C4F872
S31508018910C0335F4B5A6F42F001025A67DA6E22F092
S315080189203002DA664FF00009484684F8C49311F01C
S315080189304BF95549D4F8C06391F8BF308BB1544807
S315080189406268436F23F440734367B301514803F5E3
S31508018950742303F23F23B3FBF0F31344636081F8F6
S31508018960BF904FF480114C4BD3F800214B4A516606
S315080189704FF4003151661A6F494902F00702C4F8EB
S31508018980E4218969032A01F00200C1F3400184F850
S31508018990E1110BD0D3F8202102F00702022A05D0F3
S315080189A0D3F8282102F00702022A1FD101232370D6
S315080189B040BBD4F8C0333749C3EB431202F57422DE
S315080189C002F23F22B2FBF1F26068024462604FF4A0
S315080189D0C872534303F5742303F23F23B3FBF1F340
S315080189E0C4F86C33012384F8BD3398E5002222705C
S315080189F00028DED0D3F8003103F00303581E4342A2
S31508018A0043412370244BD3F8003103F00303022BAF
S31508018A1023D0032B46D0012BCBD1D8F80020002A2E
S31508018A20C7D01F4BDFF86C80DB68501EC3F30B0CF5
S31508018A30002319460CF1010C0CEB8C0CECFB08011C
S31508018A4019F014FE704300F5742000F23F20B0FBC4
S31508018A50F8F06B6818446860ABE74FF40042E0E74A
S31508018A60A0100020000700200C880308732F0108B6
S31508018A702C850308A45D0020F967030831850308DE
S31508018A80216603080407002084A5002000E00150A0
S31508018A900040005040420F000080005000900050F6
S31508018AA000C00150514ABCE723F01F03203BB3F134
S31508018AB0005F0BD308684E4CC2F8980043F00103D7
S31508018AC00130C2F89C40C2F8A0300860494A0B68D8
S31508018AD0494822F01F0242F00302C0F89830C0F854
S31508018AE09C20464AC0F8A02038E51EF047FD706074
S31508018AF000287FF4D5AD666A1EB92046FBF741F911
S31508018B002AE6706808B11EF067FCF06808B11EF025
S31508018B1063FCB06808B11EF05FFC306808B11EF04E
S31508018B205BFC606AFBF72DF900236362E5E7437D89
S31508018B3023B90179227C91423FF4F5AD0068D7E566
S31508018B400123F2E511461268F7E51A461B68FCE5AA
S31508018B50A6690EB1246800E6E36808202361FBF7DD
S31508018B6006F9A06158B106604660A368A7694FEA8D
S31508018B7093081EF003FD786058B9A669CEB9E66870
S31508018B80002EE7D0F36813B11921002098473668FB
S31508018B90F6E7019722791A4B3146134493F8F830D0
S31508018BA042460093174823461EF021FC0128E4D1CA
S31508018BB0D0E7306830B1144B1B68984208BF0020D3
S31508018BC01DF0D8FC706808B11EF006FCA069FBF719
S31508018BD0D8F80023A361D2E7013305939DF8133032
S31508018BE05B00DBB28DF813301AE600BF80D543026D
S31508018BF0030000203FA4002000ED00E0E1FF002073
S31508018C000C870308C9BF0008900A0020C369817A46
S31508018C101A68C0F802201A79C2805A79D20962F311
S31508018C20041181725A79C9B2921162F3C301817230
S31508018C305A79C9B2121162F3000181729A79C9B2DD
S31508018C40D20962F3820181729A79017B921162F3E8
S31508018C50410101739A79C9B2521162F30001017394
S31508018C609A7902F00F02C2721B7A03817047C369AF
S31508018C70817A1A68C0F802201A79C2805A79D2090B
S31508018C8062F3C30181725A79C9B2521162F3820140
S31508018C9081729A79017B521162F3410101739A79C2
S31508018CA0C9B2121162F3000101739A79C9B2D209E4
S31508018CB062F3820101731A7AC2725B7A0381704781
S31508018CC010B5C3691A68C0F802205A791C791109C6
S31508018CD041EA0411C1801202997902F470620A43C9
S31508018CE002811A7A817AD20962F3C301027B8172FF
S31508018CF06FF3820202735A7AC2729A7A4273DB7AE4
S31508018D00837310BD70470278112A03D8044B1341A7
S31508018D10DB0703D5037C43F001030374704700BFE7
S31508018D20E77CFCFF437900F1090203F00F03082BE6
S31508018D3004D1837A1B0705D4012307E090F906308D
S31508018D40002BF9DA837A03F007030233D018704748
S31508018D50437903F00F03082B07BF807A00F0080058
S31508018D60807900F0800070474279034602F00F02CD
S31508018D70082A04D1807A10F0080004D1704790F9C6
S31508018D800620002A06DADA7A03EB1213187B00F0BA
S31508018D9007007047002070474379C27A03F00F0332
S31508018DA0082B00F110014FEA121207D1837A13F04A
S31508018DB0080307D1033A1344C818704790F90630D7
S31508018DC0002B04DA837A03F007030133F2E7002361
S31508018DD0F0E74379427A03F00F03082B00F10A0101
S31508018DE002F01F0206D1837A13F0080306D11A444A
S31508018DF08818704790F90630002B04DA801A837AAE
S31508018E0003F00703F3E70023F1E74379C27A03F096
S31508018E100F03082B00F10C014FEA121206D1837ACF
S31508018E2013F0080306D11A448818704790F90630DA
S31508018E30002B05DA1044037B03F007030133F2E73D
S31508018E400023F0E74379C17A03F00F03082BC279AF
S31508018E504FEA111109D1837A13F0080309D1A2F156
S31508018E600D00401AC01AC0B2704790F90630002B9F
S31508018E7005DA0844037B03F007030133EFE7002310
S31508018E80EDE70322F0B5134BDFF84CC01F7802FA61
S31508018E9000F41CF80730002503EA040141FA00F042
S31508018EA0E6430121C0B202EA03042C41E4B2A0421E
S31508018EB088BF5B1805F1010588BFDBB292008900FE
S31508018EC0042D03EA0603D2B2C9B2ECD10CF8073075
S31508018ED0F0BD00BF7C8C0020DA790020054B1B7899
S31508018EE023B1054B5878421C5A707047034B1878C2
S31508018EF0704700BF757300207C8C00206D880020A8
S31508018F001C4BE8B99A7869B102F0F001F02904BF5F
S31508018F1002F00F029A7098781030C0B2987000F07B
S31508018F20F000704702F00F010F2904BF22F00F026B
S31508018F309A7098780130C0B298700001C0B2704733
S31508018F40DA7859B102F0F001F02904BF02F00F02F4
S31508018F50DA70D8781030C0B2D870E0E702F00F01A5
S31508018F600F2904BF22F00F02DA70D8780130C0B297
S31508018F70D870E2E77C8C0020F0B505460027244E20
S31508018F80042D9DF814409DF81800377104D1942CCE
S31508018F9094BF00200120F0BD0927EF40FF070BD43D
S31508018FA0012817D19F2CF6D81A4A10780028F2D032
S31508018FB0962C25D80020EEE79F2C13D80128F3D04C
S31508018FC0FF2901D1362C0DD8124A10780028E2D093
S31508018FD02E2CEEE7022D05D89F2C03D8FF2903D1A5
S31508018FE0362C05D90120D6E7D10601D5362C07D866
S31508018FF0084908780028EBD15207CCD5302CCAD9B4
S3150801900013F040001CBF0120307180F00100C2E757
S315080190107C8C0020BE700020704710B5C9B180B99C
S315080190200C7813789C4211D1CB7A83B1C87B03287B
S3150801903002D1D07A98420AD0907A8B7A4340D806E0
S3150801904007D4C87AD37AC31A5842584110BD0120A9
S31508019050FCE70020FAE708B5CB69084609334B61F6
S31508019060FFF7D4FD0523C373BDE808400BF0BEBD69
S3150801907008B5CB6908460A334B61FFF7F8FD0523A6
S31508019080C373BDE808400BF0B1BD70B506460D4681
S31508019090054C20460FF07EFC29462046E663BDE8CE
S315080190A07040F0F778B900BF8074002010B5044C01
S315080190B020460FF06FFC012304F8043C10BD00BFE5
S315080190C0A872002073B50E46054601A9304606F07A
S315080190D02BFE9DF8053013F01C0FC3F3820407D14C
S315080190E0134B9B5D03F00302954213D100240AE05A
S315080190F0002DF5D1013CE4B22046FFF7C2FE204619
S3150801910002B070BD01240B4B1C70F8E70224FAE784
S315080191100324F8E7C3F38102AA42F3D0C3F3011289
S315080191209542F3D0B5EB931FF2D00024E7E700BFD1
S31508019130DA7900207673002070B505462E4C86B084
S31508019140207801A906F0CCFD6946207806F0ECFDE9
S31508019150032D03D9FF25284606B070BD9DF80430B6
S315080191606371002BF6D028462178FFF7ABFF06ABD3
S3150801917000B203EB800050F8132C2B01C4F807202A
S31508019180D2B2DBB2FE2AA3710BD000221146A01D72
S3150801919010F8016F1EBB01B1A37115B1D2B2002A35
S315080191A0D8D0284621789DF80060FFF78BFF40004C
S315080191B046FA00F303F00303022B19D0032B19D047
S315080191C0002B0CBF20230823E3729DF8013013F00E
S315080191D003031EBF5B0043F01003E372BBE70132D2
S315080191E00133042A4FF00101DBB2D1D1A371D8E7CB
S315080191F01023E9E71823E7E77C8C002030B587B010
S31508019200054601A9002006F06BFD9DF8040006F04D
S3150801921005FFFF23114C23706373114B1B78AB4277
S315080192200AD100202070FFF787FF60732078FF3886
S3150801923018BF012007B030BD284601A906F050FD28
S3150801924029460020FFF73EFF06AB03EB800010F826
S31508019250133C002BEAD000202570E4E77C8C002023
S31508019260A0720020114A38B511780446104B31B165
S31508019270D3F80F30C0F83E300023137038BDDA7CBE
S315080192800C4D042A09D11A7D3AB1D3F81D20D3F819
S315080192902130C0F83E202B60F0E70021054808F090
S315080192A067FA2B68C4F83E30E8E700BF74730020FC
S315080192B07C8C0020E06F002010B504460DF06CFC94
S315080192C040F2D11140F25553002818BF19460348F8
S315080192D004FB0111BDE81040F0F75DB8A48C00202D
S315080192E038B5094CA56E1CF04BFDAD6B1CF086FD1F
S315080192F0E46E1CF045FDA46B1CF080FDEC420CBF2E
S315080193000120002038BD00BF7C8C002008B50C4B1D
S315080193101B7803F0FD03092B11D10A4B1B8863B196
S31508019320094B1B78002B0CBF00200320F1F7F4FA38
S3150801933028B9BDE80840F0F7DDBB0120F6E708BD0E
S3150801934084A80020F4670020FC6D002070B50D4646
S31508019350044628B90622022110F0C0FEFFF7D6FFFF
S31508019360044B1B6F23B129462046BDE870401847B8
S3150801937070BD00BF7C8C00200148EFF7DEBF00BF3F
S31508019380807300207FB5264C264B04F174061D68B0
S3150801939040F2BC42002130461AF0EFFA2DBA3046A7
S315080193A00021C4F8405108F0D1FB1F4B00251E606F
S315080193B01E4BCDF80A50C4F830351D4BADF80E508A
S315080193C01A8825238DF80A30FF23CDF806508DF823
S315080193D00E30ADF8042001AB03CBC4F8560118686A
S315080193E00123C4F85E0140F20120A2F58072B2F5AC
S315080193F06A6F84F8033498BF94F83835C4F834652D
S3150801940098BF03F07E03C4F85A1184F8045498BF30
S3150801941084F8383504B0BDE8704009F02BB800BFB0
S315080194207C8C0020E06F0020987100204D93010884
S31508019430F4670020012908B50CD9FFF7A3FF064BED
S3150801944040F20E201A68054BC3F83425BDE80840DA
S3150801945009F010B808BD00BF987100207C8C002067
S315080194602DE9F041384F05463C8854B90BF0D0FE3A
S3150801947028463988FFF76AFF344BC3F83C45BDE8EF
S31508019480F081204606F0EAFD20B121462846BDE8CE
S31508019490F0415BE72D4C94F84065002D3DD14FFA1C
S315080194A086F816F0070616D1B8F1000F4ADA3146E2
S315080194B00920EEF7A3FB94F84435082BDFD1244B9A
S315080194C084F8A865C4F8AC35012384F86435BDE889
S315080194D0F04108F025BC29460920EEF78FFBB8F1C3
S315080194E0000F1B4E0BDB1B4BC4F830651B6840F2A3
S315080194F00E20C4F83435BDE8F04108F0BBBF94F836
S315080195004435082BEFD1012384F8A855C4F8AC6576
S3150801951084F8643508F004FCE5E7012D12D132061A
S3150801952084F8A8050AD594F84435092B06D1084BC1
S3150801953084F86555C4F8AC3508F0F2FB730701D019
S31508019540FFF720FF3988A1E7F46700207C8C00200B
S315080195504D930108987100200022024B1A601A7176
S315080195600DF03ABDE872002010890FF087B912890B
S315080195700FF0A9B9118910780FF090B911891078EF
S315080195800FF08CB92DE9F047C378054613F0700F33
S315080195908846444F86B04FEA131AC3F3021608D118
S315080195A0837887F8B035ABB90AF0E0FBFFF7D4FF4B
S315080195B002E097F8B0358BBB3B480378012B6ED098
S315080195C04CF27061394B0430C36306B0BDE8F0470D
S315080195D0EFF7E1BE012436480021FF22864610F83E
S315080195E001CB9C451CD11AF0040F97F8B095E3D12D
S315080195F01CB1E4222F4B03F809201122002101A8EE
S315080196001FFA89F91AF0B9F9484601A906F068FB63
S31508019610EB78ACB903F0070200231FE00024DAE770
S31508019620BCF1000F02D1FF2A08BF0A4601310529FC
S31508019630D5D1FF2AD7D00EF802300DF0CDFCD2E7EE
S3150801964097F8B0258DF8042013F00702E4D1FE211E
S3150801965006AB03EB860303F8131C012301A901EBEF
S3150801966086060136281DD9B291422CBF0021C15C5C
S31508019670F1540133D9B20429F5D100234246ADF894
S31508019680003028466B4697F8B0150FF09FF8B9F1E8
S31508019690E80F04D86A46484601A90AF0BCFC06B098
S315080196A0BDE8F0877C8C0020A472002081A80108FF
S315080196B0E8720020DA7900202DE9F041C37886B0F6
S315080196C0112204460F4601A800211E09C3F30215FB
S315080196D003F007081AF051F9002001A906F000FB6A
S315080196E006F0040655B176B3204B93F8B13513B19C
S315080196F00120FFF7E1FD06B0BDE8F081E4221C4B2D
S3150801970083F8E820A07806F089FC1A4B1B788DF8B7
S315080197100430002EE8D1B8F1000F14D1FE238DF8DC
S315080197200530144B1B78EBB100253A4629462046ED
S315080197306B46ADF800500FF049F86A46284601A96C
S315080197400AF069FCD0E701AB03EB85050023211D6F
S31508019750984594BF0022CA5C0133042B05F8012FF2
S31508019760F6D1DEE70AF048FBBEE700BF7C8C002095
S31508019770DA790020A072002070B5174C8678C57872
S3150801978086B084F8B0652EB31122002101A81AF01B
S31508019790F4F8304601A906F0A3FA94F8B065304604
S315080197A006F070FA9DF80400B04213D10023694609
S315080197B0ADF8003006F0B8FA9DF80130013503F02E
S315080197C0030343EA8503694694F8B0058DF8013029
S315080197D00AF0A8FA06B070BD7C8C002030B5184D89
S315080197E0837887B011220021C47801A885F8B0359D
S315080197F01AF0C3F8002001A906F072FA95F8B035F7
S315080198009DF80400984218D1032C16D8002506F0B5
S3150801981039FA69462846ADF8005006F085FA9DF8EA
S315080198200130013403F00303E4B243EA84036946D1
S3150801983028468DF801300AF075FA07B030BD00BF29
S315080198407C8C0020431E032B024612D9A0F10C037F
S31508019850D8B2022810D9A2F10F03D8B202280BD91F
S31508019860931F022B07D9A2F109035A425A419000C4
S3150801987070470120704703207047034B5B681878CF
S31508019880431E5842584170474CA6002008B5024667
S31508019890FFF7F3FF58B9094B1B684BB15B8903F016
S315080198A00601022903D003F00703042B00D192080D
S315080198B0012A38BF0122104608BD00BFCC87002007
S315080198C008B5430756BFC0F340024022520101467C
S315080198D0FFF7D3FF10B142F0030008BD01F03801CC
S315080198E0102904D020290CBF03200120F5E742F0F6
S315080198F00200F2E7012803D9022808D000207047A0
S31508019900487900F00F00431E584258417047087ABB
S3150801991000F00700F7E7012806D8487900F00F009C
S31508019920831E58425841704700207047012806D8BF
S31508019930487900F00F00431F5842584170470020EC
S315080199407047012803D9022808D0002070474879B2
S3150801995000F00F00C31E584258417047087A00F0BC
S315080199600700F7E7012802D14879C009704718B9F5
S315080199704879C0F380107047022801D1087AF4E7C4
S3150801998000207047FFF7EEBF012803D14879C0F3DD
S315080199908010704718B94879C0F340107047002005
S315080199A0704702280DD0012807D1487900F00F0029
S315080199B0A0F1080358425841704710B94879C009BF
S315080199C0704700207047012803D1887AC0F38000C8
S315080199D0704708B9487AF9E700207047012806D187
S315080199E08B7A13F0060F14BF01200020704708B9BF
S315080199F04B7AF6E700207047012803D9022805D0DB
S31508019A0000207047487900F00F007047087A00F087
S31508019A100700704730B504468BB01C220D4601A8D5
S31508019A20002119F0AAFF2378E178013BDBB2032B69
S31508019A308CBF0023364A8DF8171098BFD35C294688
S31508019A40A2788DF804306378032A8DF8143013460A
S31508019A5028BF032311F8010B8DF815308DF81C006A
S31508019A606068089109901846FFF7C6FF2949012839
S31508019A70097818D192B995F90620002A08DB81B927
S31508019A80234A02EB83035B68204601A9984708E04D
S31508019A9039B91F4A02EB83035B69F5E7D1B1022A9B
S31508019AA0EED00BB030BDE1B1022AFAD10238062850
S31508019AB0F7D801A252F820F0059B0108FB9A010884
S31508019AC0A39A0108F19A0108A39A0108A39A010821
S31508019AD0939A0108104909880029D1D0022AE0D0B1
S31508019AE0CEE70D4909880029E0D0022ADED1D8E758
S31508019AF0074A02EB83035B6AC6E7054A02EB83035F
S31508019B005B6BC1E7024A02EB83035B6CBCE700BFF0
S31508019B10188B0308FC6D0020F4670020012802D980
S31508019B20022806D070474B7923F00F031A434A716E
S31508019B3070470B7A23F007031A430A727047012804
S31508019B4004D14B7963F07F034B71704718B94B7990
S31508019B5043F04003F8E7022802BF0B7A63F07F035C
S31508019B600B727047012804D18B7A43F001038B727B
S31508019B70704718B94B7A43F001034B7270470128B5
S31508019B8004D18B7A23F001038B72704718B94B7A8B
S31508019B9023F001034B727047012804D18B7A43F0F5
S31508019BA002038B72704718B94B7A43F002034B7262
S31508019BB07047012804D18B7A43F004038B727047EE
S31508019BC018B94B7A43F004034B727047012802D146
S31508019BD0C87A0009704708B9887AFAE700207047F9
S31508019BE0012803D1C87A00F00F00704708B9887AAE
S31508019BF0F9E700207047012804D1887AC04300F0AC
S31508019C000100704708B9487AF8E70020704701282B
S31508019C1003D1887A00F00100704708B9487AF9E754
S31508019C2000207047012802D11201CA72704708B98B
S31508019C3012018A727047012807D1CB7A02F00F0206
S31508019C4023F00F031343CB72704730B98B7A02F0B6
S31508019C500F0223F00F0313438B727047012803D1B8
S31508019C60887AC0F34000704708B9487AF9E70020B6
S31508019C707047012804D1487900F00F00012808E04F
S31508019C8058B991F905204B79002A0DDB03F00F032A
S31508019C90012B14BF002001207047022803D1087A3E
S31508019CA000F00700EAE700207047022813D00128D0
S31508019CB007D1487900F00F00082814BF00200120B9
S31508019CC0704740B991F905204B79002A04DA03F067
S31508019CD00F03012BF1E700207047FFF743BE022867
S31508019CE001D1487A7047012801D1087A704718B915
S31508019CF0887900F00F00704700207047012806D1C7
S31508019D004B7923F00F0343F008034B717047002882
S31508019D10FCD14B7963F07F03F7E701289EBF4B79A6
S31508019D2003F07F034B717047012802D11144087B68
S31508019D30704710B91144C87A704700207047012846
S31508019D4002D111440B73704708B91144CB7270479D
S31508019D500346022B08460BD10B7A01F10C0213F0CC
S31508019D6040031EBF0B7B03F007030133D01870476E
S31508019D70012B01D1FEF7D6BF0BB909307047002078
S31508019D807047012803D1487A00F0E000704708B906
S31508019D90087AF9E700207047012803D1487A00F0CC
S31508019DA01F00704708B9087AF9E7002070470128AB
S31508019DB002D101F10A00704710B901F10900704793
S31508019DC000207047012808D010F0FD0F0CD18B79BF
S31508019DD002F0600223F0600304E08B7902F070025E
S31508019DE023F0700313438B717047012806D010F0D6
S31508019DF0FD0F07D18B7923F0600302E08B7923F0FD
S31508019E0070038B717047012804D010F0FD0F05D03F
S31508019E1000207047887900F070007047887900F053
S31508019E2060007047012807D010F0FD0F03D14B7A67
S31508019E3043F008034B7270478B7963F07F038B718C
S31508019E408B7A43F008038B727047012807D010F00C
S31508019E50FD0F03D14B7A23F008034B7270478B79B8
S31508019E6003F07F038B718B7A23F008038B7270479B
S31508019E700346012B084601D1FEF76ABF1BB9487A8A
S31508019E8000F008007047022B0ABF087A002000F08C
S31508019E904000704710F0FD0F02BF8B7A01EB1311DA
S31508019EA0CA72704710F0FD0F01BF8B7A01EB1311CF
S31508019EB0C87A00F00F0018BF0020704710F0FD0F98
S31508019EC007D18B7A01F10B001B09C15C41EA021229
S31508019ED0C254704710F0FD0F01BF8B7A01EB1311C5
S31508019EE0C87A000918BF0020704720B9887A11443A
S31508019EF001EB10110B73704728B98B7A114401EBEA
S31508019F001311087B704700207047C37A00EB1310C2
S31508019F100C30704708B50346012B084607D013F0E5
S31508019F20FD0F08D18B7A01EB1310C27203E0FFF71C
S31508019F30ECFF1201027008BD08B50346012B08465D
S31508019F4004D013F0FD0F06D0002008BDFFF7DDFF92
S31508019F5000780009F9E78B7A01EB1310C07A00F053
S31508019F600F00F2E7012804D010F0FD0F07D00020FA
S31508019F707047CB7A01EB1311087B000970478B7A7E
S31508019F8001EB1311C87A00F00F0070470346012B45
S31508019F90084610B50BD013F0FD0F11D18B7A01F1DC
S31508019FA00B041B09E15C41EA0212E25408E0FFF7DF
S31508019FB0ACFF037802F0070223F00703134303708B
S31508019FC010BD10B50446012C0846194608D014F0F0
S31508019FD0FD0F09D1837A104400EB1310017303E0D6
S31508019FE0FFF793FF1044417010BD10F0FD0F01BF3C
S31508019FF08B7A891801EB1311087B18BF002070476B
S3150801A000012804D010F0FD0F16D0002070474B79B7
S3150801A01003F00F03082B04D1887A10F0080004D145
S3150801A020704791F90630002BEFDACB7A01EB131161
S3150801A030487B00F0070070478B7A01EB1311C87A49
S3150801A040000970470346012B084604D013F0FD0F9B
S3150801A05003D000207047FEF787BE8B7A01EB1310F9
S3150801A060C07A0009704708B50346012B084604D093
S3150801A07013F0FD0F06D0002008BDFFF746FF013299
S3150801A0801044F9E701F10B03897A013202EB111247
S3150801A0909818F1E70346012B084601D1FEF77CBE65
S3150801A0A06BB9827A437A0B3113F008034FEA12121D
S3150801A0B01EBF8B5C1B0901331A44881870470020A0
S3150801A0C0704710B50A460446FFF788FC002835D1C3
S3150801A0D0012C1CD15479D379C97A04F00F040E3BAB
S3150801A0E0082C4FEA1111DBB207D1907A10F008005B
S3150801A0F007D15B1A1B1AD8B210BD92F90640002C7B
S3150801A100F7DA0A44507B00F007000130F1E7002C2A
S3150801A110F2D1537A897A13F008034FEA1111D079EB
S3150801A1201CBF5218D37AA0F10C0018BF1B09C0B284
S3150801A13018BF0133401AC01AC0B2DDE70020DBE7B9
S3150801A140012802D101F11200704710B901F111007D
S3150801A150704700207047012803D1C8791438C0B266
S3150801A160704710B9C8791238F9E7002070470346D5
S3150801A170012B084601D1FEF72CBE33B90A7A01F143
S3150801A180090302F01F02981870470020704701283A
S3150801A1901DD14B79C87903F00F03082B4A7A04D1EC
S3150801A1A08B7A1B0705D40A230AE091F90630002B9E
S3150801A1B0F9DA02F01F03C91A8B7A03F007030A3387
S3150801A1C0013802F01F02801AC01AC0B2704728B9B6
S3150801A1D0C8790B7A0A3803F01F03F5E700207047A0
S3150801A1E0012802D10846FEF710BE00207047012853
S3150801A1F002D10846FEF726BE00207047022805D17F
S3150801A20048790B79000940EA03107047012801D102
S3150801A210087970470028FBD000207047022808D12A
S3150801A22013090B714B7903F00F0343EA02134B71C0
S3150801A2307047012801D10A7101E00028FBD0704757
S3150801A240022806D14B7988791B0203F470631843F7
S3150801A2507047012801D1487A704708B9087A7047CA
S3150801A2600020704737B50446FFF772FD0278457836
S3150801A2702046FFF7E5FF194903460868022C0090B6
S3150801A28088888979ADF804008DF8061014D140F64E
S3150801A290FF718B421FD1012A01D0042A1BD16A46BC
S3150801A2A0002312F8011BA94215D00133DBB2052B95
S3150801A2B0F7D1002003B030BDFF2B0CD1012A0AD1FA
S3150801A2C06B46002213F8011BA94204D00132D2B20F
S3150801A2D0072AF7D1EDE70120ECE700BFFC8A03085E
S3150801A2E0022808D14B79C2F3032023F00F03034355
S3150801A2F04B718A717047012801D14A72704700B9BA
S3150801A3000A727047074B1A88824207D09A88824296
S3150801A31006D1012203EB8203987870470022F9E7F8
S3150801A320012070477874002002380C280CD8DFE821
S3150801A33000F00909090D07070B0B0D0B0D0D0D0093
S3150801A3400420704702207047012070470320704798
S3150801A350F8B51C46054601F00F0600BB090983F846
S3150801A3604710052E00F08E802046FEF77BFF6368B6
S3150801A370013E13F002011EBF94F8462042F0020284
S3150801A38084F84620072E00F20A81DFE816F02B0032
S3150801A3901802B500080184000801080121010228F4
S3150801A3A002D183F84720DCE71B7A94F84600DB09DB
S3150801A3B063F38200012E84F8460058D1636813F0CE
S3150801A3C0800340F08180052953D0A4F85A3084F8D7
S3150801A3D0472084F84B102046FEF744FF63689E0722
S3150801A3E000F18380012284F84B201A40002A0CBF11
S3150801A3F001200320617808BF002260F30301617020
S3150801A4006F4918BF01220878C0F3001100F0200037
S3150801A41040EA811128B194F8480040F0010084F817
S3150801A4204800012D00F0BC80022D00F08980002D26
S3150801A43040F0AF80217A03F08000490705D594F8EA
S3150801A440461041F0010184F84610002A40F0888040
S3150801A45028B194F8463043F0100384F846300022B8
S3150801A460092384F8543094F884300933A5E0052982
S3150801A47033D1636813F040037FF479AFA4F85A30F7
S3150801A48084F847206368980705D594F8462042F072
S3150801A490020284F8462005225B0684F84B2002D482
S3150801A4A02046FEF7DFFE0122637862F30303637039
S3150801A4B0002D00F0C581954271D10A2384F85430E4
S3150801A4C094F884300A3336E00023A4F85A3010236E
S3150801A4D084F8472084F84B307DE7002384F8472029
S3150801A4E0A4F85A3084F84B103BE794F8462042F01A
S3150801A4F0020284F8462075E7324B6A1E1B68012A58
S3150801A500C4F83E30304B1B88A4F842304FF00303A1
S3150801A51084F84B302D4B1B7805D8012D84F847302C
S3150801A5200CD00D2305E023F00F0384F84730B5BBA3
S3150801A530092384F8543084F85C3030E00A23F8E7BC
S3150801A54072B91F0605D594F8463043F0100384F80E
S3150801A55046300C2384F8543094F884300C332CE0BC
S3150801A560227A94F84610D20903F0800362F3820135
S3150801A570002B0CBF0122002284F8461004D0CBB26E
S3150801A58043F0100384F84630002D3FF469AF022DDD
S3150801A590DFD094F8463062F3C30384F84630F8BD39
S3150801A5A094F85B3023F070030B4384F85B300A237D
S3150801A5B084F8543094F884300A3384F85C30E8E738
S3150801A5C034680020E06F0020F46700206D880020C1
S3150801A5D00023012D0CBF04F15F0004F15E00037036
S3150801A5E063685E0624D594F8863004F185074F2BF7
S3150801A5F04FEA131681BF042603F00F0343F0400305
S3150801A60084F886303946B21C1AF085F994F8842004
S3150801A610F31C9A42D1BF0022033A921BD2B2A6F189
S3150801A6207901384684F8842054FA81F11AF0B5F98B
S3150801A63094F8463004F1550643F0100384F8463081
S3150801A640636813F0010F0CBF012203226378012D01
S3150801A65062F303036370638903F0600262D0217AAF
S3150801A660490742BF94F85E1041F0100184F85E1064
S3150801A670002A00F09180764AB4F842101288914275
S3150801A68040F08A8031462846FFF7B5FA002800F0DF
S3150801A6908380277A17F010077CD1012D6AD02846C6
S3150801A6A031463A46FFF7BEFBFFF7F4FB0122314676
S3150801A6B0FFF704FC63893146284603F060033A46EE
S3150801A6C0FFF713FC31462846638923F0600363814B
S3150801A6D0FFF77CFA314602462846FFF7C9FB0028F0
S3150801A6E066D0A31893F86030033202EB131202F016
S3150801A6F0FF0201232F2A28BF2F229D4284F84B30BF
S3150801A70084F8542034D0022D57D0002D7FF447AF5A
S3150801A710093294F88430D2B284F854201A4484F861
S3150801A7205C203CE7002A3CD0494AB4F8421012881A
S3150801A730914205D131462846FFF75DFA0028A8D18E
S3150801A74031460120FFF742FA02463046FEF700FB82
S3150801A75088B3A31893F86230043203F0070353FA57
S3150801A76082F2D2B208232F2A28BF2F2284F84B302F
S3150801A7700A32CEE794F86020C3F3411304EB1212B0
S3150801A78092F861100B4382F86130638923F0600304
S3150801A7906381D5E7012DD3D031462846FFF755FB0E
S3150801A7A096E794F8603004EB131383F86120C7E742
S3150801A7B00232D2B29DE70332D3E70C32A9E702236C
S3150801A7C084F84B3029B194F8463043F0020384F8F3
S3150801A7D046300122637862F303036370CDB1954273
S3150801A7E07FF4DDAE272384F854301D2384F85E30C8
S3150801A7F0184B04F15F0203F11C0153F8040B8B4259
S3150801A80042F8040BF9D11B78137094F88430273376
S3150801A81091E6262384F854301D2384F85D300D4BC8
S3150801A82004F15E0203F11C0153F8040B8B4242F852
S3150801A830040BF9D11B78137094F8843026337AE621
S3150801A840092384F8543094F88430093373E600BF39
S3150801A850F46700207B71002003680BB14068184734
S3150801A860704710B5054C0A4623682BB101462046A8
S3150801A870FFF7F2FF0023236010BD00BF78730020A5
S3150801A88008B5002201210348FFF7E6FFBDE80840A5
S3150801A890FEF70CBC3092002010B5144649B9BDE844
S3150801A8A010400848084B4CF2706103640430EEF717
S3150801A8B072BDFEF7FBFB2246BDE8104001210348A5
S3150801A8C0CAE700BFA472002081A8010830920020BF
S3150801A8D013B5164CA36E4BB900930421032004F259
S3150801A8E0BC5304F20C621CF099FBA066E36E43B9F3
S3150801A8F0042100930E4B084603F150021CF08EFB0F
S3150801A900E0660C4C236843B900930B4B04210320E2
S3150801A91003F150021CF082FB20600021074A084817
S3150801A92002B0BDE810400DF083BF00BF7C8C00204B
S3150801A93094920020646E0020F492002091B00108E0
S3150801A9403C7000200023902010B50B4900FB03F250
S3150801A9508C1894F8D446E40708D40848835C23F095
S3150801A9600F0343F003038354104410BD0133042B32
S3150801A970ECD10020F9E700BF7C8C00205093002021
S3150801A980022818D10E4A137813F0010308D092F859
S3150801A9903431D90710D592F86832DB070ED403464D
S3150801A9A04FF49A714B43D15CD01821F00F0141F055
S3150801A9B00501D1547047C5E70123F1E70020704727
S3150801A9C0C0880020037C2DE9F34113F001030446F6
S3150801A9D05C4E28D00023052001A901930DF0F9FB4F
S3150801A9E096F814399DF904005A1C012BA07386F8B0
S3150801A9F014295ED80A22544B0330B3F90A3040B2FF
S3150801AA0093FBF2F37F2BA8BF7F23834205DA58B263
S3150801AA107F21A07305F088FB4BE06FF00503984290
S3150801AA20B8BF1846F4E786F81439EFF79BF8474B91
S3150801AA30DFF81481586D00906846EFF765F898F8C5
S3150801AA4004702278032F1FD01C23B91E4F424F4191
S3150801AA5003FB07609DF9035000F51260294684F847
S3150801AA60235065730BF028FF1822394B02FB073375
S3150801AA701875E37B032B11D194F9133084F824302C
S3150801AA80A37302B0BDE8F08102AB062A18BF0133F1
S3150801AA9013F9085C84F823506573EAE740F6FF73F7
S3150801AAA00A262289B8F90A709A4297FBF6F606D160
S3150801AAB0A67394F90E3084F82430E374E1E7002391
S3150801AAC0052001A901930DF084FB9DF905107F2E40
S3150801AAD0A8BF7F267F299DF9040005D1033040B21E
S3150801AAE0B04228DD70B222E015F1800FF8D011F1DD
S3150801AAF0800FF5D0CBB203F17802D2B2822AEFD811
S3150801AB006FF040029542A8BF15466FF0650295425F
S3150801AB10ACBF5B1B9B1A5BB25A1DDFDB1A2B08DC29
S3150801AB20052BDBDD0A2B04DC0937DBDB0020A073F0
S3150801AB3070E70338D3E76FF005039842B8BF1846A4
S3150801AB40F5E700BF7C8C002004680020188B0308F9
S3150801AB50946A00202DE9F843AA4B0E461860037A39
S3150801AB600546D90642BF438923F06003438190F81D
S3150801AB702C000CF088FA0128074624D0022800F098
S3150801AB809C8095F84B2095F84F30002840F01D81A0
S3150801AB906C89A873600604F0600100F10881A006BB
S3150801ABA000F1F88004F00704032C00F0E580022C7C
S3150801ABB040F0C080002940F03B81032A00F0F08074
S3150801ABC085F84E60EFE0904B1C782B7803F00E0366
S3150801ABD0022B03D195F82030002B44D0DFF83C82B4
S3150801ABE098F85049FEF749FEF8B195F84C2095F8C2
S3150801ABF05C30D207854A58BF0233526858BFDBB268
S3150801AC001078012811D1824911F804C0BCF1000F4E
S3150801AC1006D0BCF1010F3BD0012388F8513904E075
S3150801AC20085512897B4B23F814202B7803F00E0361
S3150801AC30022B03D195F85E30FF2B0FD098F85139C6
S3150801AC4063B14FF0030906F049F9B0FBF9F303EBD9
S3150801AC504303C01AC0B28442F5D00446002388F8DB
S3150801AC60504988F851396B89032C28BF002413F001
S3150801AC70600F18D00F3413F4806FB5F84420E4B28E
S3150801AC8004D10E2143F48063A9736B812A820CE0F7
S3150801AC900C221933B3FBF2F35E4A043332F814205B
S3150801ACA09342C2DBB8E70C34E4B213F4007300F044
S3150801ACB0C280012685F84E60C5E06B89564A13F0B5
S3150801ACC0600F917812791DD002290ED0032A15D169
S3150801ACD06A6812F4005F0CBF0824092413F4806F14
S3150801ACE0B5F84420D2D10921CCE7032A08D16A68EC
S3150801ACF012F4005F0CBF09240824EFE70824EDE7E6
S3150801AD000924EBE7022908D0032A0FD16A6812F44D
S3150801AD10005F14BF07240624C7E7032A08D16A6817
S3150801AD2012F4005F14BF06240724BEE70624BCE715
S3150801AD300724BAE7002960D1032A0ABF3E4685F8E7
S3150801AD404E6085F84E7001247E2B18BF1F4695F874
S3150801AD504B3003F00F03052B40F0D48095F85E3095
S3150801AD60980740F1DA806B68990675D4B5F84430CE
S3150801AD70FF2B08BF7F276FE000293AD1032A06BFB8
S3150801AD803E4685F84E7085F84E6005247E2B18BF21
S3150801AD901F46DCE7002943D1032A144640F0A68062
S3150801ADA03E4685F84E707E2B18BF1F46CFE7002911
S3150801ADB03AD1032A06BF3E4685F84E7085F84E609D
S3150801ADC004247E2B18BF1F46C1E76C8914F0600462
S3150801ADD000F085800024B5F84410032A08BF002630
S3150801ADE0298285F84E60002C40F087805FBB0224DB
S3150801ADF0D9E70524B5F84410EFE70124B5F844105E
S3150801AE00EBE700BF8C6F00206C8800204CA6002061
S3150801AE10C6790020CA790020046800207C8C0020AD
S3150801AE200324B5F84410D8E70424B5F84410D4E748
S3150801AE30B5F84410D1E795F84B20032A7FF43AAFC9
S3150801AE401E4685F84E3095F84F307E2B08BF0023F5
S3150801AE50022F1F467FF47BAF204685F84F70FEF719
S3150801AE60F1FC85F82300002C00F0CE80002385F83C
S3150801AE703C30A4F10C03022B05F13C074FD885F8A9
S3150801AE803C400A2495F84C30DB0740F19380614B2E
S3150801AE90D3F85429012A06D818215F4B01FB02333E
S3150801AEA05A6801325A60FEF7E8FC95F847300028DF
S3150801AEB077D1A21F012A77D995F85A2095F8461015
S3150801AEC022F0100201F00100C1F3800142EA0012EA
S3150801AED043EAC11385F85A2085F85B3043E0032A13
S3150801AEE07FF4E8AE264685F84E40ACE77E2B18BFC0
S3150801AEF01F46032485F84E6029E77E2B14BF1F469B
S3150801AF00002724E76A689206A6D4B5F84420FF2AE2
S3150801AF10A2D1032B18BF7F279EE77F279CE7A4F1C1
S3150801AF200F03022B14D8384685F83C40EDF7D2F8C2
S3150801AF30002869D1072344F6206202210FF0F2FAAC
S3150801AF400122344B85F8386083F85829BDE8F8831F
S3150801AF50A31F012B02D885F83C4093E7E31E012B7A
S3150801AF6007D885F83C402D4B384653F82430984786
S3150801AF70DEE795F84C30A4F10802012A03F0010333
S3150801AF8080D8DFF890802BB198F8523913B9384632
S3150801AF90FFF718FD95F84C30C3F3000388F85239CA
S3150801AFA0DFE785F85D30DEE7384685F85E30FFF77E
S3150801AFB009FDD8E795F84B30013B072B24D8DFE884
S3150801AFC003F01E160E230423231E2046EFF79AFCD0
S3150801AFD0134B03EB80039B6D38469847C3E720461E
S3150801AFE0EFF790FC0E4B03EB80039B6EF4E72046CC
S3150801AFF0EFF788FC0A4B03EB80039B6FECE73946B6
S3150801B0002046EFF70FFF93E70220BDE8F84301F06A
S3150801B01081B900BF7C8C0020946A0020B48A030899
S3150801B020188B030870B51548EEF76BF9014620BB76
S3150801B030134C256835B16B895B051ED52846BDE8D5
S3150801B040704087E50F4E2146F06E1CF0D8FA0128AC
S3150801B05002D129462068F2E70B4B25601D6865B9C0
S3150801B0602146B06E1CF0CBFA0128014604D1074BE4
S3150801B07020681B684363E2E7256070BD3C700020C9
S3150801B0808C6F00207C8C0020CC8700206C6300200C
S3150801B090C8E7154B13B51A680021824204BF00227E
S3150801B0A01A60124B1A68824204BF00221A60902263
S3150801B0B018F063FCFEF714F940B1072202210020BB
S3150801B0C00FF00CF80A4CFEF70BF918B902B0BDE8F7
S3150801B0D01040A7E7206801A91CF091FA0128F5D1CB
S3150801B0E0019B9847EFE700BF8C6F0020CC870020B3
S3150801B0F0646E00202DE9F7430B9C074620460E4651
S3150801B100984691460EF05CFC94F83C30224D063B7D
S3150801B110012B8FBF7F2194F84F3094F9491085F898
S3150801B12071399DF9283094F82C0088BF85F8711972
S3150801B13085F8721985F8739985F8748985F87539CA
S3150801B1400BF0A1FFEFB1E6B13368C5F86139327981
S3150801B1500026124B1A716B46D4E90501104A83E899
S3150801B160030018463146FFF777FB0E480DF012FC2F
S3150801B1702046FFF78EFF002385F8783903B0BDE82E
S3150801B180F083022801D1E67FE5E7A37F002B14BFF0
S3150801B19002260126DFE700BF7C8C0020DD95002012
S3150801B1A0D89500208074002037B505461AF0E8FDC9
S3150801B1B0EC691AF023FE0194154C0123002201A91A
S3150801B1C0A06E1AF045FF019A052192F82430284607
S3150801B1D0013382F8243000221BF0D2FBD4F87C39E3
S3150801B1E0AB4211D0D4F880399D420FD0D4F88439B6
S3150801B1F09D4205D1022304EB83040023C4F87C395C
S3150801B200FFF710FF03B030BD0023F4E70123F2E78F
S3150801B2107C8C00202DE9F7430546314B01901868CF
S3150801B220304A8542116817D10020186001238D42E2
S3150801B23004BF002111602A782B4F02F00E02022A60
S3150801B2400ED10023F86E1A4601A91AF001FFFFF77D
S3150801B250E9FE03B0BDE8F083681A43424341E6E7D5
S3150801B2606A6812F480422CD0D7F87C693EB1D7F8C7
S3150801B270803923B3D7F88439002BE8D102262C204C
S3150801B280D5F830901CF00DF8044668B14FF0000867
S3150801B29080F828801BF040F9144BC4E90695236011
S3150801B2A0134BC4F814802362124B07EB860601215F
S3150801B2B020461A68C6F87C491BF062FBC7E70126D7
S3150801B2C0DDE7B86E53B1012301A91AF0C1FE019A4F
S3150801B2D092F82430013382F82430B8E71A46F3E7A6
S3150801B2E08C6F0020CC8700207C8C0020048B0308FF
S3150801B2F0A9B101086C6300202DE9F74F0546DDE980
S3150801B3000C9494F82C00984692460F460BF0BBFE17
S3150801B310022808BF636804F1550102BF23F004033C
S3150801B32043F0100363600646FEF7BFFC024630464B
S3150801B330FEF718FB03463046FEF726FB400040EAB7
S3150801B340C30343EA021394F8462003F01A0322F0D2
S3150801B3501A02134384F846306368B4F844B09B0074
S3150801B36003F008036381237A13F02003009304F1A1
S3150801B37014033FD1B8F1010F34D19AF80020002AFD
S3150801B38030D1022E2ED1042284F88460A4F88520B7
S3150801B39099E8030083E8030025F010056581FDF7A8
S3150801B3A09DFD012102463A4B1970237A990612D45A
S3150801B3B0234639463046FEF7CBFF022E0BD163688A
S3150801B3C0DB0708D5334B1B79032B01BF63785A1C5E
S3150801B3D062F30303637020466389A38103B0BDE862
S3150801B3E0F04F17E74246514604F18500019319F0DB
S3150801B3F092FA019B84F8848099E8030083E80300A4
S3150801B400731EDBB2012BC7D9022F09D0042D07D031
S3150801B4105FFA8BF3FF2B28D125F0070545F00105C7
S3150801B420002EBCD1009BDBB9DFF8648098F80030A8
S3150801B43043B3A7F1080C05F00700DCF10001A0F100
S3150801B440020E41EB0C01DEF1000040EB0E00FDF7A8
S3150801B45057FD3843C7B2012384F84B7088F800308A
S3150801B460FDF73EFF002265819FE76B07D8D10A4B9E
S3150801B470B3F888295A45CFD193F88A3905F0F805E2
S3150801B4801D43CDE7054B1B7847EA0313DFB2E2E715
S3150801B49075730020046800207C8C00206D880020CC
S3150801B4A02DE9F04F8DB0189C054667680693F80498
S3150801B4B044BF012384F82C3094F82C008B46164699
S3150801B4C00BF0E1FD022880469DF8589067D10022CD
S3150801B4D00425B54B27F0040747F0100767601A7073
S3150801B4E004F15F0362680493110542BF237A63F08E
S3150801B4F07F03237212F0C00F40F09480CDE90098C3
S3150801B5003146237A05F00700FDF736FD8246002805
S3150801B51040F0A081A54F3B79002B00F08380237A68
S3150801B5205A0640F19781A04B65681A7825F02005DF
S3150801B53065600A90ADF82C00EDB20AB145F0200518
S3150801B540179BDFF8888293E8030088E80300204602
S3150801B550FFF79FFD0022944B1A7004F02DFC48B9A1
S3150801B560B9F1AA0F28BF4FF0AA0906994A46904889
S3150801B57019F0D1F9002341F288318E4A8E4804F038
S3150801B58017FE04F019FC78B100210220FFF769F9CA
S3150801B5900023C8E9003350460DB0BDE8F08F0128F5
S3150801B5A09ED104F160039DE797F8B44A082C05D8A3
S3150801B5B0824B234493F88830012BE5D07C4BADF8B8
S3150801B5C024B0C7F8543AADF826608DF82A50B53339
S3150801B5D00CAA12E9070003C31A80794B1122C7F88E
S3150801B5E04C3A0023A7F8589AA7F85A3A87F85C2ADA
S3150801B5F087F89F3A87F8A03AA7F8AC3A87F8AE3A9F
S3150801B600A7F83E3AA7F8B06A34B1062C08D005F077
S3150801B6106FFC4FF0010ABEE7172004F0EBFBF6E7D3
S3150801B6201820FAE70022604BA4F842B01978D4F83A
S3150801B63004B0A4F844606277002950D01A70237ABE
S3150801B64043F0010323721BF0900F5AD116F0FF0342
S3150801B65059D140F6FF739E424FF001074AD0637FE6
S3150801B66073BB636803F00503052B40F0E580F0B270
S3150801B670FDF7C4FD002800F0D780DFF830A19AF85D
S3150801B6800B00FEF71DF99AF80620054602F00F028F
S3150801B690531E032B0ED8B8F1010F4FEA02170AF110
S3150801B6A0070100F0BA8004F1600019F034F984F852
S3150801B6B05F700827052363779AF80530A4F84430A4
S3150801B6C0626812F0C00F00F0BA80179B39460093E2
S3150801B6D028464B46069A0194FFF70EFE99E71BF09A
S3150801B6E0400FB0D007230827637740F6FF739E42C1
S3150801B6F040F08B80B8F1020FB1D12BF005036360DE
S3150801B700ADE70127F1E72F4A1278002AF9D02E4929
S3150801B7100A7A9A4245D00A789A42F2D10027638971
S3150801B7204FEAC70A01EBC707787823F0070300F049
S3150801B7300F0243EA1013B87923F0600300F06000A2
S3150801B74003439BB263810393FEF797F80AF1020A52
S3150801B75013015144059302F10D0A002838D004F16A
S3150801B760610019F0D8F8059B84F854A084F8603074
S3150801B770039B05F0980513F0600F1EBF237A43F06B
S3150801B78010032372049B1B780F2B4FF00303637777
S3150801B790039B88BF082703F0670398BF01271D434A
S3150801B7A0A3E70127BBE700BFBE7000207C8C002001
S3150801B7B00796002025030208DC960020188B03084B
S3150801B7C063A801081F7300200F73002078730020F7
S3150801B7D0079004F1600019F09EF8059B84F854A0BF
S3150801B7E084F85F30FA79D307C2D5227A079B42F0EB
S3150801B7F0040222727A7822F0700242F030027A70DC
S3150801B800FA7963F30002FA71B2E7FF2E7FF427AFE4
S3150801B810B8F1020F3FF423AF6FE704F1610019F0A5
S3150801B8207AF884F8607044E7636823F00403636078
S3150801B830637F002B7FF444AF0623637740E7CDE9A6
S3150801B84000983146237A05F00700FDF795FB002895
S3150801B8503FF43BAF2046FFF71CFC4FF0000A9AE67F
S3150801B8602DE9F04F054689B00E46187859781746DE
S3150801B8701C4604F059F99DF848808146DDF850B018
S3150801B8809DF854A0F8B10023ADF816600126ADF86D
S3150801B8901E30139BADF8147006938DF81C6004F0E6
S3150801B8A04DFC41468DF81D00CDE902B62046CDE98D
S3150801B8B0005A169B05AA07F0E6FD003818BF0120B5
S3150801B8C009B0BDE8F08F0220FFF75AF8D8B1139BEB
S3150801B8D00E4A43601268169B8262C0F830B080F83F
S3150801B8E04FA080F824903A46CDE90083029023467A
S3150801B8F031462846FFF7D4FD0028E1D10122044B41
S3150801B9001870044B1A700020DAE700BF6C63002038
S3150801B910BE7000207573002010B588B009B1224B9E
S3150801B9201970224B22481A7BE72A0AD900221A7370
S3150801B93000221D4B1F48197808B0BDE81040FEF7D4
S3150801B9408BBFD108415C02F0070421410132C907C6
S3150801B95092B2E9D5987B1A7310F00100E8D1164B1B
S3150801B96016491B7806ACC3F340130B70144BCDE98B
S3150801B9700304CDE90630134B02901B78124943F4B0
S3150801B98000630193114B1B780093114B09781B68CF
S3150801B990FFF766FF024628B90221034B20461970B4
S3150801B9A0FEF75AFF08B010BD7A7100207C8C002082
S3150801B9B07B7100206C71002069710020BE70002027
S3150801B9C019B90108797100206A710020787100207F
S3150801B9D07471002041F2017300B500298BB0ADF8EE
S3150801B9E01C3014BF042305238DF81E30002308AA32
S3150801B9F0CDE903320293CDE9083305220323CDE9C4
S3150801BA0000320649064A098892F8B52A07AB012089
S3150801BA10FFF726FF0BB05DF804FB00BFF4670020B3
S3150801BA207C8C002000B5164B8BB01B78DB0723D521
S3150801BA30144B15491A788378012A81F8B53A8DF895
S3150801BA401E30124B41F2016108934FF00003ADF825
S3150801BA501C1008A9CDE9033102934FF0050109939A
S3150801BA604FF00303CDE90031094938BF012201200E
S3150801BA70098807ABFFF7F4FE0BB05DF804FB00BFBE
S3150801BA8034680020A07200207C8C0020D5B90108FA
S3150801BA90F46700202DE9F04F674B89B01C6800292F
S3150801BAA000F09A80002C00F09780FDF7E6FE04F17D
S3150801BAB055010646FEF79FF8002800F08D8094F898
S3150801BAC04790B4F844B0002E00F0898094F860706D
S3150801BAD004F161014FEA1718424605A818F01BFF41
S3150801BAE00220B4F842A0FEF74BFF08F1020504460E
S3150801BAF0002871D0032243785FFA8BFB62F30303B4
S3150801BB004370BB1E03F00F0327F00F02A0F842B0E3
S3150801BB101A43002E6AD008210F2B08BF90F8463029
S3150801BB2080F8479008BF0B4380F84B1080F86020D7
S3150801BB3008BF80F8463000F15F0900F1610B304615
S3150801BB4004F1550194F84B20FDF7E8FFFEF70AF8D2
S3150801BB50FEF72FF894F846301B0701D5FDF7EFFFDE
S3150801BB6042465FFA8AFAA4F844A099F80030042AF2
S3150801BB7043EA071389F8003028BF0422584605A965
S3150801BB8018F0C9FE002384F88430002E52D10935F5
S3150801BB90237A204643F02003237284F8545084F80C
S3150801BBA05C50FDF75FFB254BB4F844200693002350
S3150801BBB007936368B4F8421043F08103636006ABE8
S3150801BBC00294019394F884301D48009390F88A09E9
S3150801BBD004F18503FFF764FC09B0BDE8F08F94F81A
S3150801BBE05F7004F160014FEA171875E7012180F8C3
S3150801BBF04B1090F846100F2B41F0100180F84610B3
S3150801BC0008BF90F8463090F85A1009F00F0961F00C
S3150801BC107F0108BF43F0080380F8479080F85A105F
S3150801BC2080F85F2008BF80F8463000F15E0900F110
S3150801BC30600B84E70A35ABE7CC8700201990010829
S3150801BC407C8C00202DE9F04F91461E4653680D461F
S3150801BC5003F03707576099F80910484A8046127861
S3150801BC6087B0042907D8DFE801F041030A0D10005F
S3150801BC7012F0010F6ED1002007B0BDE8F08F12F067
S3150801BC80020FF7E712F0040FF4E71206F3D53C4C5E
S3150801BC90B4F800A0BAF1000FEDD1AA2DEBD8394BB3
S3150801BCA0B9F800B01B88DFF8EC90059309F6B623BE
S3150801BCB02A464146184618F02EFE04F15403257407
S3150801BCC0E06096E8030083E8030099F8603B059A6B
S3150801BCD00133DBB250466280A4F800B0676089F888
S3150801BCE0603B84F8523004F00FFC31E0264C47F0F3
S3150801BCF02007C3F340130220C9F804702370FEF726
S3150801BD003FFE014628B90023012223701F4B1A70F2
S3150801BD10B1E71F4B1B688362002380F8243099F82A
S3150801BD200A304760DB0742BF037A43F040030372D8
S3150801BD30B9F800703846FEF7E5FACDE9016111490F
S3150801BD40009543463A460988FFF7AAFB0028DAD048
S3150801BD50012091E70B4B4A461B882946A9F8023070
S3150801BD6000234046CDE90233CDE90033334607F0D7
S3150801BD708AFB003818BF01207EE700BFC46A00208D
S3150801BD80E06B0020F4670020BE7000207573002068
S3150801BD906C6300207C8C00202DE9F84F8046FDF766
S3150801BDA06CFD8B469246064698F84C30DFF8C090F3
S3150801BDB088B1A82B56D80220FEF7E2FD04460028D2
S3150801BDC050D099F80030002B44D036B1FDF786F8EB
S3150801BDD00746052509E03F2BECE701210846FDF753
S3150801BDE08FF840F005053746EDB208F104017B22CC
S3150801BDF004F13C0018F08FFD63683A4643EA0B03E9
S3150801BE0063600223638198F81C304FF0000884F8B8
S3150801BE1054300123294689F8003030462346C4F8B0
S3150801BE2014A0C4F81880FEF793FA94F85A3003F070
S3150801BE300F03052B06D194F88E3013F0020F08BFB5
S3150801BE404FF07F08204684F84F80FFF7E3F9012079
S3150801BE50BDE8F88F98F80F70002EBAD13D0145F06C
S3150801BE600505C0E70123002089F80030F0E700BF87
S3150801BE70757300202DE9F7430446B0F8447090F82D
S3150801BE802C000BF000F9054604F15501FEF7D8F927
S3150801BE90022D29D194F85D8008F007086368627F4E
S3150801BEA0590740F13481052A00F23181237A13F0CA
S3150801BEB0100600F09D8023F01003237294F8463093
S3150801BEC0A08923F01803608184F84630002D7FD0BD
S3150801BED0FDF704F80121024623462846FEF738FAFB
S3150801BEE0002384F824306AE094F85A20012D02F0E0
S3150801BEF00F08D3D008F1FF33032B03D8DFE803F08B
S3150801BF000D0404044FF00108002DC7D194F84630FA
S3150801BF10D9060AD51306C1D512E0160608D4002D8E
S3150801BF20BCD194F84630D906B8D413F0010F0BE00A
S3150801BF30002D4AD194F846304FF00808DE06F4D5AC
S3150801BF4094F85E3013F0100F09D0237A23F0040316
S3150801BF50237294F846306FF3000384F84630A74BF2
S3150801BF6094F859101B88994298D1160696D5638973
S3150801BF7003F00702032A91D194F85C20402A8DD850
S3150801BF80012123F0070343F00203638194F8463045
S3150801BF90084623F0180384F84630237A43F004034D
S3150801BFA02372FCF7ADFF002240F008012346104634
S3150801BFB0C9B2FEF7CDF9237A23F00403237220468A
S3150801BFC003B0BDE8F043FFF725B94FF0080865E768
S3150801BFD000F00700A0F1020EDEF10000294640EB51
S3150801BFE00E00FCF78DFF40EA08012A46C9B273E73D
S3150801BFF0032ADFF8189233D8C0B2FDF7FFF80523F4
S3150801C000637799F80D3094F84680FF2B60D099F83C
S3150801C010053099F80B00A4F84430FDF751FC0546A4
S3150801C020FDF72BFC638999F8062003F0180302F043
S3150801C0300F021D43531EEDB2032B28F018030746C2
S3150801C040658184F8463014D938BB05F00700851E8A
S3150801C050684239466841FCF753FF40F0010132E076
S3150801C06099F80D000130C0B2FDF766F889F80D00A0
S3150801C070C5E763494FEA021888B104F1610018F06F
S3150801C0804AFC082184F86080FCF728FF0646234607
S3150801C09032463846FEF75CF991E70121F4E704F1E7
S3150801C0A0600018F038FC05F00700A0F1020CDCF17D
S3150801C0B000004FF0010184F85F8040EB0C00FCF7AB
S3150801C0C01FFF40F0080101224E4BC9B21A70DEE784
S3150801C0D028F0180384F8463055B1FCF7FFFE012114
S3150801C0E0024623462846FEF733F90623637766E7B1
S3150801C0F06389294623F0070343F00303284663812E
S3150801C100FCF7FEFE40F001012A46C9B2E9E7062A14
S3150801C11069D8227AD20766D503F0020304F114021C
S3150801C12043F001030192009304F18506324639462C
S3150801C13094F88430B4F8420004F062FC002852D026
S3150801C1400027DFF8C88084F85470D8F8640B4FF4D8
S3150801C1507A61C279836B42F020021A7040225F60CD
S3150801C160DA70A36A03610523037004F001FC264B08
S3150801C170D8F8641BC4E905376389012D23F0070341
S3150801C18043F0020363818A79636801F1850143EA11
S3150801C1900203636011F87D2C10D1AA2A88BFAA224E
S3150801C1A0304684F8842018F0B6FB07236377FCF73A
S3150801C1B095FE05210246234628466BE7402A28BFF5
S3150801C1C04022304684F8842018F0A5FB07236377BC
S3150801C1D0002DECD101210846FCF792FE40F005013D
S3150801C1E02A46C9B2E7E77F2300211A460846019481
S3150801C1F00093FEF77FFF03B0BDE8F083F4670020E4
S3150801C200838C0020757300200BFA01087C8C0020B2
S3150801C210024B186800B12DE6704700BFCC87002095
S3150801C220012370B50446314E90F82C0086F8513931
S3150801C2300AF029FF6378014603F10F0505F00F059A
S3150801C24065F3030363701B0742D0032D40D894F8A6
S3150801C250463004F13C006FF3000384F84630FCF7DE
S3150801C26052FD012D04D92046BDE87040FEF7D2BF24
S3150801C27011BB638903F00702032AF4D11C4AB4F8F7
S3150801C280421012889142EED194F95A20002AEADB2B
S3150801C29094F85C20402AE6D896F8682B002AE2D161
S3150801C2A023F0070343F00203638194F8463043F011
S3150801C2B0010384F84630D6E70229D4D1A37F002B9F
S3150801C2C008BF01216368E17743F440536360CAE715
S3150801C2D094F84C3020466FF3000384F84C30002361
S3150801C2E086F87839BDE87040C4E500BF7C8C00202B
S3150801C2F0F4670020024B186800B191E7704700BF48
S3150801C300CC870020024B186800B189E7704700BF47
S3150801C3108C6F00202DE9FF416E4E3468002C5DD0EC
S3150801C3200128628922D002280ABF012300236A490B
S3150801C330A37708BF81F851399005A37F3BD5002B18
S3150801C3404FD00021654A012B11700DD0022B37D130
S3150801C350614AD2F85419012906D81820604A00FB07
S3150801C360012291680131916002252AE05A4B616BDD
S3150801C37083F851090223A37794F82030013384F80E
S3150801C3802030584B1B685B1A029394F83830002BFF
S3150801C390D2D0029BB3F5966FCED212F0600F03D1BD
S3150801C3A004F13C00FCF7AFFC0121204604B0BDE8CE
S3150801C3B0F041FEF7CFBB012BD6D0022BC8D083B1F3
S3150801C3C001252278D10619D57F23B5FA85F01A46B3
S3150801C3D00021019400934009FEF78CFE04B0BDE8E4
S3150801C3E0F0813D4AD2F85429012A05D818214A4331
S3150801C3F03B488158013181500025E2E76268D2073E
S3150801C40059D594F84B20052A55D033B10121364820
S3150801C41004B0BDE8F041FCF738BE3360334B94F8FD
S3150801C4202C001C600AF02FFE0128074694F8845058
S3150801C4303CD12B3504F1550841463846FDF7B1FA8A
S3150801C4400646C8B10122244B83F878290AF0A4FBD1
S3150801C45041460028384614BF4FF496760026FDF764
S3150801C460CAFB48B13846FDF7BBFB03463846FDF71C
S3150801C470ADFB834208BF3D25637803F00F03012B0B
S3150801C4800ED90023042103A803930BF0ABFE039BEB
S3150801C49005EB4502B3FBF2F102FB11332E44F51805
S3150801C4A02846FDF7F3F901461148B1E708B92A35D7
S3150801C4B0C0E72E35BEE720460DF082FA04F11400D6
S3150801C4C029460C4AFEF7C8F9204604B0BDE8F041F2
S3150801C4D0FEF7DFBD8C6F00207C8C0020E86F002002
S3150801C4E0946A00206C63002005C30108CC870020EC
S3150801C4F0F5C20108D895002010B504460120184B4D
S3150801C5007F2983F8690B4FF0180083F86A0B4FF0FF
S3150801C510000083F86B0B14BF0846032083F86C0BE5
S3150801C520104B86B01878022802D0032818BF0120BC
S3150801C5300D4B1B781BB1022B14BF42202220CDE9DB
S3150801C540031211230022CDE901320423074900937E
S3150801C5502246074B0988FFF783F906B010BD00BFCD
S3150801C5607C8C0020BD700020BC700020F467002080
S3150801C570E59700202DE9F84F3B4B04460E46D3F8C4
S3150801C580707B3A4D3B782822002102302B7017F038
S3150801C590F4F90123267095F80090637019F0300FAD
S3150801C5A005D019F0100F0CBF20234023E370304B40
S3150801C5B0DFF8C0805B68B8F800001D78023D012DE0
S3150801C5C08CBF002501256D00257103F047FD40B993
S3150801C5D05323A370E37845F0010563F06303E37021
S3150801C5E02571B7F8013019F0010FA4F8053018BF05
S3150801C5F0A3784FF000001CBF63F07F03A37003F01C
S3150801C600B1FD042E0CBF22232323027804F1070B64
S3150801C6100ABFDA464FF0000A04F1080B934228BF15
S3150801C6201346002581461F462C46EBB29F420AD87F
S3150801C630BAF1000F03D0631C8AF80040DCB2E01D92
S3150801C640C0B2BDE8F88FD9F804305E5D982E04D1E2
S3150801C650B8F8000003F002FD18B9631C0BF8046072
S3150801C660DCB20135E1E700BF7C8C0020346800208C
S3150801C6704CA60020F46700202DE9F04304460D4638
S3150801C68093B0174600212A2207A817F076F9204603
S3150801C690FDF738FEAB0644BF01221F4B064648BFCD
S3150801C6A01A701E4BDFF8788093F8749B05F017050E
S3150801C6B0B9F1000F19D00026012107A883F8746B78
S3150801C6C0FFF758FFFF2C0CBF7F2333460090224605
S3150801C6D00220CDE90337CDE90156B8F8001007ABBA
S3150801C6E0FFF7BEF813B0BDE8F08304280CBF042198
S3150801C6F0012107A8FFF73EFFFF2C0CBF7F2300236C
S3150801C700CDE90159CDE90337009022463046B8F8FC
S3150801C710001007ABE4E700BFBE7000207C8C002048
S3150801C720F46700201346164A13B592F8684B04BB02
S3150801C730D47C14F0FB0F1CD002291AD98178C807BA
S3150801C74017D592F8750B012815D111F0020F10D1E2
S3150801C7500021CDE90011012182F8741B1A78188984
S3150801C76012F0020F08BF10216A4618BF1221FFF7FF
S3150801C77083FF02B010BD0228EAD111F0040FE6E7E3
S3150801C7807C8C002001480CF005B900BFA48C002060
S3150801C79010B5284CFFF7F6FF94F8B135DA1E012AD1
S3150801C7A010D80AF0F9F9BDE8104040F2D11340F269
S3150801C7B05552002818BF13464FF4FA60B0FBF3F040
S3150801C7C0FCF77ABD012B19D10023E3741A4B1B8898
S3150801C7D0B3B984F8B1350020184B84F8760B187074
S3150801C7E0E37C012B07D0164B1B7813F0300F08BFDB
S3150801C7F0012004F0D5F90023E37401E0002BEAD007
S3150801C800D4F83C3594F8B10543B10B4A11889847D9
S3150801C81094F8B13513B9C4F83C3510BD94F8B1355F
S3150801C820012BFAD1044B1B88E82BF6D8032384F88D
S3150801C830B135B6E77C8C0020F4670020BC70002077
S3150801C8403468002030B52E4A89B092F8683B002B2F
S3150801C85051D0D2F8784BA378DB00DBB298422FD3BC
S3150801C860002182F8681BFDF708F888420CBF0120F1
S3150801C8700320244B82F86B1B1870012382F8693B4D
S3150801C880072382F86A3B03231F4882F8B135CDE9AD
S3150801C890060106A8CDE903100291D2F8C41B1B486C
S3150801C8A0CDE900311A4992F8C02B1A4B098840780C
S3150801C8B0FEF7D6FF0246F0B90221FFF769FF1AE033
S3150801C8C004EBD001C97800F00705294111F0010FE1
S3150801C8D000F1010511D0104B82F87C0B0693002359
S3150801C8E07F2106AAA8B20793FFF706FE18B90A21FF
S3150801C8F00A48ECF750FD09B030BDE8B2AEE700BF13
S3150801C9007C8C0020BD70002091C7010884A80020F6
S3150801C910F4670020E597002021C90108FC9700204B
S3150801C920094B93F87C0B59B10121D3F8783B00F0F8
S3150801C930070203EBD0039140DA7822EA0102DA70A2
S3150801C9400130C0B27EE700BF7C8C002008B50CF030
S3150801C95021F8044B93F87C0BBDE808400130C0B2BE
S3150801C96070E700BF7C8C002038B5114B93F8684BF3
S3150801C970ECB9DA7CDAB1072919D9012583F8B15559
S3150801C98043885BBA99B2A1F58072B2F56A6F0ED87F
S3150801C990084A138043680848036007F071FA074B91
S3150801C9A02246214620461D70BDE83840F0E638BDCE
S3150801C9B07C8C0020F4670020E06F0020FC6D0020CD
S3150801C9C010B5144CE37C23B3072922D9124A4388AC
S3150801C9D011885BBA9BB299421BD1012384F8B13500
S3150801C9E000240E4821461480046007F049FA0C4BCE
S3150801C9F01C7006F025F80B4B1B6883F8B94407F041
S3150801CA004BFB08F005FC224621462046BDE81040AE
S3150801CA10BEE610BD7C8C0020F4670020E06F002084
S3150801CA20FC6D00209871002038B5204B93F8684BAF
S3150801CA30002C3AD1DC7C002C37D0062935D915894A
S3150801CA40012281781A4C83F8B125D0F803301948A8
S3150801CA502180036007F014FA2488E4B910222146DC
S3150801CA60154816F08AFF154B1C70154B1C605C6047
S3150801CA70FCF772FD07F0C0F907F078F9204603F0D4
S3150801CA80CDFA05F0DDFF0F4B1B6883F8B94407F0B3
S3150801CA9003FB08F0BDFB002210461146FFF778FE9E
S3150801CAA0E8B2BDE8384003F0CFB838BD7C8C002029
S3150801CAB0F4670020E06F00200F7300201F73002029
S3150801CAC078740020987100202DE9F0412F4D164603
S3150801CAD095F8682B04460F46002A55D10B1F1E2BC5
S3150801CAE052D883781D2B4FD8B17B294B10465970E4
S3150801CAF00223114685F8B135FFF74AFE0123254879
S3150801CB0085F8683B0378042B02D104300BF042FF09
S3150801CB10307A03F099F800231F49DFF888800B70F3
S3150801CB20FCF7ABFE00280CBF0123032388F800306D
S3150801CB30A37803F01F020332974203D92344DB7813
S3150801CB400B70FBB915483A462146C5F8780B17F01C
S3150801CB50E2FEA378002003F01F031A1D974282BF45
S3150801CB60E418237988F80030338985F8C03B33788F
S3150801CB7013F0020F0CBF01230323C5F8C43BBDE81C
S3150801CB80F0415FE60648DEE7BDE8F0817C8C0020CF
S3150801CB9084A80020A4720020BC70002044980020BC
S3150801CBA065980020BD70002008B5FFF7EBFD074921
S3150801CBB091F8B135033B012B07D8002281F8B1253D
S3150801CBC01046BDE808401146E2E508BD7C8C002008
S3150801CBD00423F0B5224F0E4689B00546144687F858
S3150801CBE0B135FFF7CFFD00221E4B022E1A7088BF02
S3150801CBF0AA781D4988BF1A701A7801F12103002AFB
S3150801CC0008BF0B4606200121587019702078C7F80D
S3150801CC10783B10F0020F154818BF032506904FF010
S3150801CC2000000790987808BF0D4600B99970997861
S3150801CC305818C27000200431CDE90200C9B200912A
S3150801CC4006AA0B490492019522890988FEF708FE6E
S3150801CC50024610B90221FFF79BFD09B0F0BD00BFDE
S3150801CC607C8C0020BC7000204498002091C70108E4
S3150801CC70F46700202DE9F041314C064694F8B15588
S3150801CC800F46002D56D1DFF8BC80E07400283FD04E
S3150801CC90042810D12167C4F83C8503F0C9F9E37C5F
S3150801CCA0012B1ED1002384F8753B84F80B3C2375B0
S3150801CCB084F80A3C1FE006232A46022128460DF07D
S3150801CCC00FFD2767C4F83C8503F0B2F9E37C012B15
S3150801CCD0E8D0022E11D0032E18D0E57484F8755BBE
S3150801CCE00EE006F06DFF012384F80B5C237584F8CA
S3150801CCF00A3C84F8753BBDE8F081012384F8753B4D
S3150801CD0084F80B5C257584F80A5CF4E70223F5E7D9
S3150801CD1006220221207584F80A0C0DF0DFF984F841
S3150801CD20756B2767C4F83C8503F028F8BDE8F04120
S3150801CD3005F086BE0022BDE8F0411146104627E5FA
S3150801CD407C8C00206194010870B5002501261F4CD2
S3150801CD50314604F6C833C4F8783BC4F8700B84F836
S3150801CD60CA6B84F8CB5B84F8EB6B84F8EC5BFCF755
S3150801CD7084FDA8420CBF32460322154B04F53860E0
S3150801CD801A70144A0BF054FD2A46314612480BF024
S3150801CD904FFDD4F8703B31461A78104B04F1280040
S3150801CDA01A700F4A84F80C5C0BF042FDFFF7EAFC97
S3150801CDB00C4B0D4A84F8B155E57484F8685B84F820
S3150801CDC0745B84F8765B1A6070BD00BF7C8C0020AA
S3150801CDD0BD7000204DC90108A872002034680020E2
S3150801CDE0A9CB01089C7100204935020810B50C48E9
S3150801CDF00C4C052322460221006804F059FC002147
S3150801CE000A46631D13F8010DE82884BF01211A702B
S3150801CE10A342F7D119B1BDE810400AF0DDB810BD3B
S3150801CE204C730020E872002070B50D4B04461B7840
S3150801CE30012B13D000260B4DFCF738F985F8B1659F
S3150801CE40FFF7A0FCFFF7D2FFA1783246023905F2B7
S3150801CE50B450C9B2BDE87040FDF7FEBC70BD00BF55
S3150801CE60A47200207C8C00202DE9F04F5E4B82468F
S3150801CE7093F8684B87B0002C44D1012842D85B4F00
S3150801CE805B4B17F830801B7801AE434514BF454606
S3150801CE90002511222146304616F06FFD31462846F7
S3150801CEA0ADF8004002F01CFF6946284602F03CFF37
S3150801CEB09DF801308DF8048013F0030F4FEACA0973
S3150801CEC00FD007EB09014A785B0122F0700242F0A4
S3150801CED020024A708A7903F0600322F06002134344
S3150801CEE08B713046042407EB09035A784FEACA08BE
S3150801CEF002F00F0207EBCA0A417800F1010E22B9C6
S3150801CF00FE2916D107B0BDE8F08FD44600230CE000
S3150801CF1079B99A42F6D00133DBB2042B0CF1010C34
S3150801CF20F0D09A421EF8011FF2D99CF802B08B453F
S3150801CF3057D0013C14F0FF0400F10400DCD1A246ED
S3150801CF405FFA8AFB29465846FCF7BCF806AB03EBA1
S3150801CF50800010F8133C33B10AF1010ABAF1040F43
S3150801CF60EED14FF0030B58462946FCF7ABF8B94406
S3150801CF7099F801B082461BF00F0306D1FE21012460
S3150801CF8006AA02EB800202F8131C4FF001090420DD
S3150801CF90002210FB0A9008F1020132501A1B2044A4
S3150801CFA0D2B221449C4288BF00223944304417F04A
S3150801CFB0B2FC0BF0F00B9DF80030BBF1010F09FA3A
S3150801CFC00AF98ABF43EA090023EA0900C0B2E82D33
S3150801CFD08DF8000096D86A463146284607F01BF8B0
S3150801CFE090E7FE2996E700BF7C8C00200F7300208E
S3150801CFF0A07200202DE9F04FC36993B00793037E11
S3150801D000A24E099390F91330C6F8100C0C930378C5
S3150801D01006905A1F022A01D90A2B08D1079B079A9B
S3150801D020DB79013BD371099B013BDBB20993984B31
S3150801D0301F68079BC6F8143C099B86F8213C069B8A
S3150801D0401A7C944B1A70069B93F811B0099B082B0E
S3150801D05068D9079B099ADB79934263D80023BBF108
S3150801D060010F86F81D3C22D0069B1878FDF75CF95E
S3150801D070002386F88A090799584686F8243CFCF75E
S3150801D080BBFC0246012A584613D0FCF78AFC054622
S3150801D090A0B9052A40F0C480BBF1010F079B40F0F7
S3150801D0A0AB809B7ADC0600F0B580A9467DE00320BB
S3150801D0B0DEE7FCF776FC002800F099800023079943
S3150801D0C058460F93FCF782FD04465846FCF788FD3F
S3150801D0D00246601EC0B2032824D85846FCF797FDBD
S3150801D0E018B394421ED001D20F2A1BD10FADDAB262
S3150801D0F058460799FCF718FEE8540133DAB2944208
S3150801D100F5D8042C15D19DF83F305BB19DF83E202A
S3150801D1109A4207D09DF83D209A4203D09DF83C20BB
S3150801D1209A4208D113B0BDE8F08F9442FAD3034668
S3150801D130DCE7032C14D19DF83E30002BF2D09DF884
S3150801D1403D209A42EED09DF83C209A42EAD09DF8BD
S3150801D1503D30002BE6D09DF83C209A4202D1E1E70A
S3150801D160012CF4D19DF83C30002BDBD058460799A9
S3150801D170FCF717FC00283AD05846FCF78BFF437892
S3150801D18000F10109182B05460FD8434A1A41D2075F
S3150801D19008D5032B09D10422404809F1020117F0E9
S3150801D1A0ECFB10B9FE2003F0ABFCD6F8144C58463C
S3150801D1B02146FCF7F6FB02465846FCF71DFC384BA0
S3150801D1C0BBF1010F1B888246DFF8C080059335D174
S3150801D1D0237905998B4250D112B1637A8B4261D179
S3150801D1E0002D6DD198F81330002B9BD031E05846AD
S3150801D1F00799FCF7ADFDC2E75B7A13F01F037FF4CD
S3150801D20054AFBBF1000F15D1079B03F1110503F1CB
S3150801D2101209CAE7079B03F1120503F11309C4E7CB
S3150801D220022A7FF442AF5846FCF7A1FF054600F1F2
S3150801D2300109BAE71D464FF00109B6E75846FCF75A
S3150801D240DDFF059B98420CD0002D5DD1F37C002BA8
S3150801D25079D0013B012B76D8BBF1020F7FF462AF7F
S3150801D26071E0BAF1010FBBD1002AB9D05846FCF7D3
S3150801D270E7FF059B9842E7D1B2E775BBF37C002B24
S3150801D28061D0013B012B7FF64DAF5CE07C8C002021
S3150801D290CC8700206C8800207EFFFFFEE06F00200F
S3150801D2A0F4670020002DE9D02B789F2B46D0982BC8
S3150801D2B018D0F37C002B46D0013B012B31D942E033
S3150801D2C02B789F2B3FF42EAF982B3FF42BAF98F872
S3150801D2D01330002B3FF426AF1DE02B789F2B2DD062
S3150801D2E0982B2BD121465846FCF7AAFFFF283FF475
S3150801D2F019AF98F8133033B3013B012B23D8BBF18F
S3150801D300020F20D06DB90DE72B789F2BF1D0982B02
S3150801D310E8D0F37CBBB1013B012B14D8BBF1020F5A
S3150801D32011D0B9F1000F3FF4FDAE2B78012B60D176
S3150801D33099F80030032B06D0082B8FE7F37C13B13D
S3150801D340013B012BDED914220021A14816F015FB59
S3150801D350002388F81D3C88F83C3C9E4B04221E6835
S3150801D36023689D499D480A93C8F83D3C17F005FB7B
S3150801D37010B1012388F81D3CBBF1020F3CD1237A79
S3150801D38003F00503012B6FD162792179120942EA6B
S3150801D3900112B2F57A6F03DDA2F6A272032A63D8E7
S3150801D3A08F4A92F81D1CC80702D5D37C012B5BD185
S3150801D3B021465846FCF793FC8A4A1070002E00F065
S3150801D3C06D8196F84720864981F8412C21465846B1
S3150801D3D0FCF712FB0138DFF808A2072844D8DFE872
S3150801D3E010F06301FF033604430043004300430082
S3150801D3F0A004002BA7D095E6BBF1010FDFF8E08169
S3150801D40040F0C58094F8059009F00F09B9F1020FAB
S3150801D41005D12046FBF7DDFC0378012B24D098F8CB
S3150801D4201D3C13F00103C3D0059B002B00F0A5801A
S3150801D43098F80B3C002B00F0A080B9F1050F00F01D
S3150801D4409A80B9F1080F7FD12046FBF7A5FC042283
S3150801D450C11C614817F091FA03460028A8D098F82C
S3150801D4601330002B40F087805D4C5846D4F8146C75
S3150801D47094F81D9C31468DF81490FCF7BDFA0128E5
S3150801D48040D15846FCF78DFA002800F0D385584656
S3150801D490FCF700FEBBF1020F037890F801A031D822
S3150801D4A094F81380B8F1000F2CD009F04709B9F1A7
S3150801D4B0010F27D10BF1FF32012A00F2D985012B81
S3150801D4C002D0042B40F0CA85BAF1080F1AD0BAF176
S3150801D4D0030F40F0B48531465846FCF739FCB8F1DC
S3150801D4E0010F064605D1C11C04223C4817F045FA2E
S3150801D4F040B13279F378134372791343B2791343FE
S3150801D50040F0AC85059B1E0644BF012384F83C3CCC
S3150801D51094F83C3C002B14BF0123002384F8433CB8
S3150801D52000F0FB85BBF1020F00F0C4852E4B1B787A
S3150801D530002B00F0F285069B93F9131093F90E0060
S3150801D54002F0F2FD00F0E9BD98F81330002B8BD0FC
S3150801D550012B10D0B9F1010F86D12046FBF71CFC2F
S3150801D5604378032B07D1C11C04221C4817F005FA7E
S3150801D57000283FF479AF00231AE798F81330002BF7
S3150801D5803FF472AF012BF6D0B9F1080FE1E7BBF111
S3150801D590000F7FF469AF94F8059009F00F03022B89
S3150801D5A024D1237A03F01F0323445B7A012B3FF42A
S3150801D5B05BAF98F81D3CD90743D5094B93F81380FF
S3150801D5C0B8F1010F3DD019F0800F2DD156E000BFFB
S3150801D5D0A4980020CC870020E06F0020B99800208D
S3150801D5E07C8C00206D880020FC6D002098F81D2C8D
S3150801D5F0D20726D5052B1CD0012BDED119F0800FB9
S3150801D60037D021465846FCF745FD0422C11CA948D6
S3150801D61017F0B3F900283ED1059B6BB9A64B93F8D1
S3150801D6201380B8F1010F0CD0B8F1000F3FF41CAF0D
S3150801D63007E0059B002BC0D09F4B93F80B3C002BB2
S3150801D640BBD021460020FCF74AFB9B490246D1F88C
S3150801D650103C1878FCF768FEA0F1020CDCF100001A
S3150801D660964B40EB0C0042EAC0121A70C6B1FF2372
S3150801D670ACE698F81380B8F1010FE2D0A37A032B30
S3150801D680D2D104228E4804F10C0117F076F900284C
S3150801D6903FF4EAAEC8E798F81380C2E7FF2292E69C
S3150801D6A0FF2381F8413CE2E70023BBF1020F94F81E
S3150801D6B007908AF8423C44D1B9F10D0F04D80022EB
S3150801D6C07D4B83F81D2CCFE65846FCF7CBFD002889
S3150801D6D0F5D021465846FCF73BFB227AA9F10D09FC
S3150801D6E012F0400318BF237BCAF8180C1CBF03F0BD
S3150801D6F0070301334B448AF81C3C6379A079190264
S3150801D70001F4706101430598814204D040F6FF7027
S3150801D71081427FF4A9AE9AF81D1C1B0941F08001CC
S3150801D7208AF81D1C2179120643EA0113AAF81E3C40
S3150801D7307FF59AAE9AF81D3C43F020038AF81D3C02
S3150801D74092E6BBF1010F2ED1B9F10A0FB7D95846A6
S3150801D750FCF788FD0028B2D02046FBF7E3FACAF8A1
S3150801D760180C2046FBF7F4FA18B1A07A00F0070066
S3150801D7700130A9F10B0948448AF81C0C637A059A09
S3150801D780934202D0FF2B7FF46FAE9AF81D3C43F00B
S3150801D79080038AF81D3C2379AAF81E3C94F90530C2
S3150801D7A0002BC7DB60E6B9F1090F88D95846FCF7A3
S3150801D7B0F8F8002800F0EB81404A5846137843F000
S3150801D7C040031370FCF702FA431EDBB2032B8046B3
S3150801D7D03FF675AFB9F10A0F3FF471AF5846FCF73A
S3150801D7E03DFA58B15846FCF743FB38B108F10D0329
S3150801D7F0DBB2994502D25846FCF727FB2146584623
S3150801D800FCF748FCDFF8B0902146C9F8180C5846D1
S3150801D810FCF757FC89F81C0C237A059A2146934292
S3150801D8205846089340F0AF80FCF7DAF9804502467E
S3150801D8304AD15846FCF796F899F81D3C002836D087
S3150801D84063F05F03DFF8708089F81D3C98F81D3C8A
S3150801D850013A43F0100321465846D2B288F81D3CD6
S3150801D860FCF762FADBB2DB07A8F81E0C1BD42146CB
S3150801D8705846FCF796F8B0B15846FCF70BFC037806
S3150801D880012B10D14378032B0DD198F8753B022B48
S3150801D8901CBFD0F803300A930A9A074BC3F80F2026
S3150801D8A00122084B1A70002E3FF4DEAD1BE143F04E
S3150801D8B08003C7E7E06F00207C8C00206D8800207C
S3150801D8C0B9980020747300200F28ECD15846FCF74C
S3150801D8D049F828B199F81D3C43F0200389F81D3C05
S3150801D8E09EB3BE4B5846D3F8101C06F13C02FBF713
S3150801D8F094FB50B321465846FCF768F906F15501E1
S3150801D90003465846FCF762F983421ED1217996F8F7
S3150801D9105D20914219D14FF0000806F15F095FFABF
S3150801D92088F2934207D8AD4A92F81D3C43F080032A
S3150801D93082F81D3C09E021465846FCF7F5F919F825
S3150801D94001AF08F101088245E9D021465846FCF79E
S3150801D95085F9A24B68B193F81D2C42F0040283F8AD
S3150801D9601D2C002221465846FCF7DEF9A3F81E0CA9
S3150801D97099E75846FCF727F80028F2D093F81D2CAA
S3150801D98042F00202EBE7FCF72BF980465846FCF712
S3150801D9901DF9804582467ED242465846FCF7C4F9AF
S3150801D9A0059B984277D121465846FCF724F9002869
S3150801D9B04AD186B15846D9F8101C06F13C02FBF744
S3150801D9C02CFB40B199F81D3C63F03F0389F81D3CD7
S3150801D9D0052389F8423C0AF1FF3AD0452CD1207932
S3150801D9E07E4BA3F81E0CB8F1000F16D121465846F6
S3150801D9F0FCF73EFA88B15846FCF79EFA68B94246E2
S3150801DA005846FCF7F2FA10F0180F06D0734A92F846
S3150801DA101D3C43F0200382F81D3C21465846FBF77E
S3150801DA20A1FF6E4A92F81D3C90B323F0280343F0F8
S3150801DA30280382F81D3C36E708F1010221465846BB
S3150801DA40D2B2FCF771F9CBE7B8F1000F19D12079F9
S3150801DA50624B0AF1FF3AD045A3F81E0CDDD12146E7
S3150801DA605846FCF705FA0028D7D05846FCF764FA59
S3150801DA7002460028D1D15846FCF7B7FA10F0600FD4
S3150801DA80C3E708F1FF325846D2B2FCF74DF9DFE792
S3150801DA9043F00803CDE7002E3FF4E6AC4F4B58465A
S3150801DAA0D3F8101C06F13C02FBF7B7FAD8B12146A8
S3150801DAB05846FCF7A0F8002856D108F1020202F0F0
S3150801DAC00F0292450FD95846FCF72EF9059B984245
S3150801DAD009D1424B93F81D2C62F03F0283F81D2CA5
S3150801DAE0012283F8422C94F80480059B98450DD0B1
S3150801DAF00422204606F13E0116F03FFF00287FF476
S3150801DB00B3ACB6F8423043457FF4AEAC334B584616
S3150801DB10D3F8101C06F13C02FBF77FFA00283FF404
S3150801DB20A3AC21465846FCF75BF8B6F844300246E2
S3150801DB30089883427FF498AC5846FCF75CF8D0B94C
S3150801DB405846FCF743F8831E03F00F039A427FF405
S3150801DB508BAC224B93F81D2C62F03F0283F81D2CE7
S3150801DB60032283F8422C7FE4B8F1010FBBD9A8F14F
S3150801DB700202D2B2A7E7012A7FF476AC174B93F8D3
S3150801DB801D2C62F03F0283F81D2C0122E9E7584655
S3150801DB90FCF768FB00283FF492AD237A059A934275
S3150801DBA002D0FF2B7FF460AC9AF81D3CA9F10A0953
S3150801DBB043F080038AF81D3C23792146AAF81E3CC6
S3150801DBC0584604F10903CAF8183C8AF81C9CFBF765
S3150801DBD0C9FE00287FF4AEAD46E400BF7C8C002068
S3150801DBE05846FCF7C4FA2146CAF8180C5846FCF7F9
S3150801DBF0CEFA21468AF81C0C5846FCF7C2F8059A53
S3150801DC0003469042BFF430AC5846FCF7C5F803EB1F
S3150801DC10C00082423FF728AC501EC01ABBF1010F63
S3150801DC2080B20DD10A34C308E35C00F00700034152
S3150801DC30DC077FF519AC9AF81D3C43F080037DE5B6
S3150801DC40BBF1000F01D10934EDE70024EBE7012B05
S3150801DC504DD89AF81D3CD80733D4DFF8BC82D8F8DA
S3150801DC60003073B39A7B62B3A64A40F6FF715268D5
S3150801DC701278012ADAF8102C08BFFF21B2F808C079
S3150801DC80D0881A8A944501D18A4201D0904218D186
S3150801DC9000229D489A73EBF734FB10B19A480AF0B3
S3150801DCA079FED8F800000021448924F48C63438165
S3150801DCB0FCF750FFD8F8003024F480645C81FFF744
S3150801DCC0D3BBBBF1010F12D19AF81D3C43F04003B7
S3150801DCD08AF81D3C8D4B1A789AF8413C9A427FF492
S3150801DCE0C3AB637A059A93427FF4BEABA3E7002ED2
S3150801DCF03FF4BAAB5846DAF8101C06F13C02FBF7BA
S3150801DD008CF900283FF4B0AB21465846FCF798FA3F
S3150801DD10059B98427FF4A8AB9AF81D3C63F03F0334
S3150801DD200CE50023BBF1010F8AF8423C7FF49CAB5A
S3150801DD3094F80B904FEA19130893013B032B3FF60E
S3150801DD40BEAC089BE2790D339A42FFF4B8ACA37ACC
S3150801DD5099070B9359D59AF81D3C43F004032046BD
S3150801DD608AF81D3CFBF751F8CAF8180C2046FBF750
S3150801DD7069F8DFF89CA1059A8AF81C0C637A09F000
S3150801DD800F0893420D93089B40F0C88098454ED1E1
S3150801DD9094F90530DFF87891002B9AF81D3C6279E1
S3150801DDA0B4BF63F05F0343F080038AF81D3C99F81A
S3150801DDB01D3C08F1FF3154FA81F143F01003097B48
S3150801DDC089F81D3CDB07A9F81E1C1AD402F00F03BB
S3150801DDD0082B16D12046FAF7DFFF0378012B10D15D
S3150801DDE04378032B0DD199F8753B022B1CBFD0F84C
S3150801DDF003300A930A9A464BC3F80F200122454B72
S3150801DE001A70002E3FF430AB55E00B9B5A0704D528
S3150801DE109AF81D3C43F00203A1E72046FAF7BCFF36
S3150801DE202146CAF8180C5846FCF74BF9A1E7B8F190
S3150801DE300F0FE6D194F9053094F80C90002BBEBF6C
S3150801DE409AF81D3C43F020038AF81D3CDFF8C0A070
S3150801DE50002E53D00120DAF8101C06F13C02FBF71C
S3150801DE60DCF8237928B396F860200899B1EB121FDC
S3150801DE701BD196F85E209A4217D1002306F160015C
S3150801DE8004F10B0211F801CF12F8010F84450CD1E8
S3150801DE9008980133DBB29842F4D81D4B93F81D2C30
S3150801DEA042F0800283F81D2C00E0194BA3F81E9C52
S3150801DEB001E0AAF81E9C94F80490059B99450DD09B
S3150801DEC00422204606F13E0116F057FD00287FF48C
S3150801DED0CBAAB6F842304B457FF4C6AAB6F8443009
S3150801DEE00D9A93427FF4C0AA0B9BDB0740F19F80F2
S3150801DEF0089B023B03F00F03984528E6AAF81E9CE7
S3150801DF00FFF7B2BA4CA600203C7000206D880020AD
S3150801DF107C8C0020747300208C6F0020984553D2A6
S3150801DF2004EB08031B7B059A93424DD10B9BD8073B
S3150801DF302DD586B10120DAF8101C06F13C02FBF753
S3150801DF406CF840B19AF81D3C63F03F038AF81D3C12
S3150801DF5005238AF8423C089B013B434518BF04EB5D
S3150801DF600802524B0CBF2279527BA3F81E2C94F956
S3150801DF7005304E4A002B92F81D3CBABF23F0280300
S3150801DF8043F0280343F0080382F81D3C39E7B8F14A
S3150801DF90000F13D12279454BA3F81E2C089A013A92
S3150801DFA04245E4D1089AA218127B51071EBF93F87D
S3150801DFB01D2C42F0200283F81D2CD8E708F1FF3307
S3150801DFC054FA83F31A7BE6E7002E3FF44DAA374B42
S3150801DFD00120D3F8101C06F13C02FBF71EF80028B5
S3150801DFE03FF469AF0B9BDA0718D5089A08F10203C3
S3150801DFF003F00F039342BFF45EAF23441B7B059ADC
S3150801E00093427FF458AF294B93F81D2C62F03F02D7
S3150801E01083F81D2C012283F8422C4CE719F00E0FC8
S3150801E0203FF449AFA8F1020354FA83F3E6E7B8F1DE
S3150801E030010FA1E55846FBF78BFEFFF72BBABAF19C
S3150801E040290F0BD131465846FBF782FE0422811867
S3150801E050174816F092FC00283FF454AA94F81D8C30
S3150801E06008F0570884F81D8C8DF81480FFF74ABA12
S3150801E070012BF3D1BAF1080F3FF444AAB8F1010F05
S3150801E08006D104220A4806F10C0116F076FC38B1CD
S3150801E090727B337B1343B27B1343F27B1343DDD18C
S3150801E0A0BAF1030FDAD1FFF72DBA00BF7C8C002035
S3150801E0B0B9980020069B1A7CAA4B5B681B78023B21
S3150801E0C0012B3FF633AA032A00F00B81042A7FF4B9
S3150801E0D02DAA5E46DFF8908298F80230B3423FF4E3
S3150801E0E025AA304605F006FF98F8003003F0FD032F
S3150801E0F0092B05D198F80230B34218BF88F8026097
S3150801E100994801F0B8FFECF707FC08B9EBF7F2FC00
S3150801E11094F8433C002B7FF409AA94F81D3C03F0BC
S3150801E120C703802B17D1B5B12B781F2B13D98F4B6A
S3150801E1301B685D6917F024FEEE6BAD6B17F05EFE8A
S3150801E140AE4208D1002294F81D3C84F8432C62F3B0
S3150801E150C71384F81D3C5846D4F8141CFCF74EF82E
S3150801E160BBF1020FA4F888090CD1D4F8183C4BB1BD
S3150801E1701B78012B01D0042B04D1A0F6A273032B23
S3150801E1807EF6D0AF94F91D3C94F81D5C002B15DA88
S3150801E190774A784916880B78864200F0A4809688D3
S3150801E1A0864208BF012322F8230002EB830294F872
S3150801E1B08A09013303F0010390700B7094F8433C0C
S3150801E1C013B100226C4B1A70AD0654D5FCF7BAFB95
S3150801E1D00646002800F09780D4F8103C674D5A7C13
S3150801E1E01B6A012A14BF00222A78012B38BF012392
S3150801E1F003650023032180F8843003465846FCF75B
S3150801E200A7F8BBF1000F0AD1D4F8103C9B7AD807BE
S3150801E21042BF96F8463043F0010386F8463000239C
S3150801E220C6E90533B4F81E3C7289A6F844302B7842
S3150801E23022F0070286F8473094F88A39584613437C
S3150801E2407381069BD4F8141C9B7B86F84F30FBF729
S3150801E2509BFB002849D096F8463043F0020386F81E
S3150801E26046307F2386F84F30069B3046DB7C86F89E
S3150801E2704D30FCF7CFFF94F8436C9DF83050002ED3
S3150801E28000F0728394F81D3C03F04202022A40D141
S3150801E290AFB194F8783993B1BBF1010F0CBF97F878
S3150801E2A0600097F85F0020F00F0000EB8000400047
S3150801E2B0C0B2FBF7EBFA01463148FAF7E6FE94F8E5
S3150801E2C01D3C18077EF52EAF022094F81CACFCF70E
S3150801E2D057FB2C4B0646002840F05A831870FEF768
S3150801E2E021BF0126F6E600235DE7D4F8183C1A7823
S3150801E2F0012AB9D15A78182AB6D194F81C2C042ABD
S3150801E300B2D1DB78AEE784F8430C84F81D0CFEF72E
S3150801E31009BF590640F13B81002F3EF403AF07F1CF
S3150801E320550631465846FBF73CFB002800F0C580E8
S3150801E33097F8843097F85400BBF1010F03440BBFDB
S3150801E34097F8602097F85F2007F1610107F16001EE
S3150801E3500A2B7EF7E7AE02F00F030F2B14D1B7F89D
S3150801E360448016E04CA6002004680020906F002027
S3150801E3707874002077730020E86F00206D880020EC
S3150801E38011C2010874730020B3EB121FE7D011F80C
S3150801E390038094F8422C920713D57A8903F10C016C
S3150801E3A002F00702022A79D0033A012A4FEA430208
S3150801E3B07BD81A4401EB42020C32D1B29948EAF7EA
S3150801E3C0EAFFD4F8142C58461146FBF717FF4045C7
S3150801E3D004D094F8423C002B3FF471AF11465846DD
S3150801E3E0FBF7DFFA20B15846FBF738FC84F8440CF2
S3150801E3F0BBF1020F6AD1069B92F90CA093F90E3074
S3150801E4000593069B93F90D801B7C033B5FFA83F901
S3150801E410B9F1010F0CD81C238348414603FB0900B7
S3150801E420123008F049FA1822804B02FB0933587555
S3150801E43031465846FBF739FC002876D07C4B97F8CD
S3150801E44059201B889A4270D194F8443C002B6CD110
S3150801E45001239B4584F878393ED197F8603007EB5C
S3150801E460131393F861305B075CD131465846FBF7C5
S3150801E470ADFB022340F26A264FF00608464318FB15
S3150801E480003808F089FB7B89002803F007030CBFD5
S3150801E49000234FF4967303FB086039E003EBC303CB
S3150801E4A00B44123303F0FF0188E7134403EBC3035C
S3150801E4B01944363101F0FF0180E75846FBF71AFA8D
S3150801E4C010B1B7F844807CE780467AE74FF07F08B9
S3150801E4D0C246CDF81480ABE797F85E301807C4D565
S3150801E4E097F85F2007F160031209995C0907BCD107
S3150801E4F013445B7813F0600FB7D04FF4616331466C
S3150801E5005846FBF763FB4FF4966202FB0030800026
S3150801E510FBF7BCF901464748FAF7B7FD002384F82B
S3150801E520443CCCE642F2AC63E9E731465846FBF790
S3150801E53038FAA0B9637BFF2B03D03F4B1878FAF75B
S3150801E540A0FCBBF1010F20D8D4F8103C314658463F
S3150801E5501B7807F13E0207F013F8FEF785FC3748EA
S3150801E5600AF018FA4FF07F33C4F8463C344B84F866
S3150801E570455C1B78012087F82230059A5346CDE978
S3150801E58000873049FCF7B6FDC8E70220E5E75A07D8
S3150801E5905AD5002F3FF493AE94F87839002B3FF4FF
S3150801E5A08EAEBBF1010F3AD8D4F8102C584612F8A2
S3150801E5B0023B079906F0E4FFFEF756FC7B685B070A
S3150801E5C006D5637BFF2B03D01B4B1878FAF759FC4A
S3150801E5D01A480AF0DFF9D4F8103CD4F8141C5E7C0A
S3150801E5E03046FBF745FC58B13046FBF7A5FC012838
S3150801E5F006D100223046FBF736FD0368C4F8463CCF
S3150801E6000F4B84F8455C1B78012087F822307F235D
S3150801E6100C491A4601970093FCF76CFD4FE6022058
S3150801E620CAE700BF3C70002094950020946A002038
S3150801E630F467002011C20108767300208074002057
S3150801E6406C880020C1980020079B5B7903F00F03B3
S3150801E650022B0BD0BBF1010FD4F8141CD4F8102CE3
S3150801E66040F035814B7AFF2B40F05F8194F81D3CD1
S3150801E670DA0640F1CC800220D4F8106C94F81C9C80
S3150801E680D4F814ACFCF77CF90746002800F0BF80E3
S3150801E69003224378514662F30303437096F81180C7
S3150801E6A094F8216C4046013EA6EB0906F6B2FBF743
S3150801E6B0DFFB30B14046FBF7A3FC013E361A06F0F4
S3150801E6C0FF06B8F1010F04BF06F1FF36F6B22F2E89
S3150801E6D007F155093246514628BF2F22484616F0FA
S3150801E6E01AF90023494687F884304046FBF73AFA77
S3150801E6F0FBF752FAFBF774FAB8F1010F0BBF97F85B
S3150801E700603097F85F3023F00F0323F00F0300F111
S3150801E710FF320CBF87F8603087F85F304046D2B2C7
S3150801E720FBF789FA0122FBF77DFBFBF7F3FB0422D2
S3150801E7304046FBF72BFC7F23002249464046FBF760
S3150801E74040FC7F23012249464046FBF73AFC7F23DA
S3150801E750022249464046FBF734FC7F2303224946F9
S3150801E7604046FBF72EFC032197F84830B8F1010F14
S3150801E77043F0040387F84830D4F8103C08BF053E37
S3150801E7801A8918BF043EA7F84220DA88F6B2A7F814
S3150801E79044207A78B8F1010F61F303027A704FF0D9
S3150801E7A0000287F8546087F8842000F0C580B8F124
S3150801E7B0020F00F0C380B8F1000F05D10936F6B291
S3150801E7C087F8546087F85C603A7A384642F0200246
S3150801E7D03A72DA7B87F84B20DB7A87F84730FAF703
S3150801E7E041FDBF4BB7F844200F93002310938123B3
S3150801E7F07B600FABB7F842100297019397F8843004
S3150801E800009394F88A0907F18503FCF749FEB54B8D
S3150801E810D4F8146C1B783146022B14BF002394F8E4
S3150801E820763BDFB2D4F8103C5A7C1046FBF7ACF8BD
S3150801E83008B147F0020794F81D3C3146DB0710463C
S3150801E84048BF47F08007FBF7D7F8052878D147F086
S3150801E850100794F8283C31463B43584684F8283C2F
S3150801E860FBF7CCFC3368A4F8300CC4F82C3C9E4B5F
S3150801E870961E1B88A4F8323C0C9B84F8343C069BF4
S3150801E8801878FBF751FD72427241BBF1020F14BFB2
S3150801E8907F23069B84F8360C84F8372C09BF9B7BAB
S3150801E8A084F8383C84F8383C069B0FA808BF93F9CE
S3150801E8B00D3084F8393CD4F8183C0F9394F81C3C75
S3150801E8C08DF84030894B119305F008FCF7E4BBF14C
S3150801E8D0000F10D10B7AFF2B3FF4C8AE917A13784B
S3150801E8E0480702D5012184F80C1C584607990232BB
S3150801E8F006F046FE12E0BBF1020F7FF4B7AE4B7984
S3150801E90089791B0203F470630B4340F6FF718B424E
S3150801E9103FF4ACAE937A5E0703D40220FEF7A4FA5D
S3150801E920A4E6012384F80C3CF7E7917A13784907A2
S3150801E93048BF84F80CBCD8E70A3640E70C363EE7F0
S3150801E94001280CD11046FBF77BFCFF2804D040F6C2
S3150801E950FF7398427FF47DAF47F0040779E70228F1
S3150801E96008BF47F0080774E7002F3FF4A8AC6048D2
S3150801E970EAF7C7FC00283FF4A2AC94F85839002BF3
S3150801E9803FF49DAC5A480AF016F884F8586996E49B
S3150801E99001221A700322D4F83D3C00F15507C4F848
S3150801E9A00F30437894F88A8962F303034370099B0D
S3150801E9B0D4F8149CA3EB0A02013AD2B22F2A28BF33
S3150801E9C02F224946384615F0A6FF524606F1850319
S3150801E9D07A2A28BF7A22D4F8181C184686F884A001
S3150801E9E0059315F098FF39465846FBF7F9F802469C
S3150801E9F05846FBF70CF900285ED0013AD2B2FF2A35
S3150801EA0008D15846FBF79BF896F8463043F00803B9
S3150801EA1086F8463039465846FBF70DF9FBF71EF9D5
S3150801EA20B0B15846FBF724FA90B15846FBF79AFA63
S3150801EA3001280DD139465846FBF7D2F80F2814BFDD
S3150801EA40421C00222B46584618BFD2B2FBF7B9FA28
S3150801EA50337AD4F8109C43F02003337299F80C30BA
S3150801EA6096F84820C3F3800363F3820286F84820A8
S3150801EA7099F80F30394686F84B305846FBF7A6F811
S3150801EA8005465846FBF7F4F996F884A000285AD0AB
S3150801EA905846FBF7E3F800284BD0BBF1010F41D1EB
S3150801EAA03846FAF761F9033550FA85F5EDB22F2D97
S3150801EAB028BF2F250A354FE05846FBF787F8013856
S3150801EAC082422CD1BBF1010F14D196F8603006EBC6
S3150801EAD0131393F86130590721D048F040081EE016
S3150801EAE0199001081F730020F4670020A4980020DC
S3150801EAF08074002099F809301B0710D599F80A1077
S3150801EB0009F10B030909585C000708D10B445B7826
S3150801EB1013F0600303D0202BDFD148F0200801321F
S3150801EB20D2B277E75846FBF76BFA2844C5B20335E4
S3150801EB304EE05846FBF764FABBF1010F2844C5B20B
S3150801EB40F5D10435B2E7BBF1000F3BD10235EDB281
S3150801EB502F2D28BF2F250935EDB286F85450554477
S3150801EB6086F85C50524639465846FBF7B8F87A2A71
S3150801EB7028BF7A22D4F8181C86F84700059815F09C
S3150801EB80CAFEB9F808303046A6F84430B9F8063056
S3150801EB90A6F84230FAF766FB164BB6F844200F93EF
S3150801EBA000231093812373600FABB6F842100296C7
S3150801EBB0019396F8843040460093059BFCF770FC58
S3150801EBC0FEF7B0BA5846FBF749F80028AFD0023528
S3150801EBD0EDB22F2D28BF2F25BBF1020F86F8545011
S3150801EBE005D0BFD8BBF1000F7FF464AFB3E70C358E
S3150801EBF0B2E700BF95BA01080846C96908B50B7A94
S3150801EC0001F10C0213F040031EBF0B7B03F007034F
S3150801EC10013313444361FAF753F80123C373BDE87B
S3150801EC200840FEF7E7B908B5CB6908460A334B61D0
S3150801EC30FAF71DF80123C373BDE80840FEF7DAB9F0
S3150801EC4008B5CB69084609334B61F9F7DFFF01239C
S3150801EC50C373BDE80840FEF7CDB9F1E708B5CB693E
S3150801EC6008460A334B61FAF702F80823C373837A15
S3150801EC7043F010038372BDE80840FEF7BBB908B537
S3150801EC80CB69084609334B61F9F7C0FF0223C37301
S3150801EC90BDE80840FEF7AEB908B5CB6908460933A1
S3150801ECA04B61F9F7E4FF0223C373BDE80840FEF799
S3150801ECB0A1B908B5CB69084609334B61F9F7A6FF2F
S3150801ECC00323C373BDE80840FEF794B908B5CB69B9
S3150801ECD008460A334B61F9F7CAFF0323C373BDE834
S3150801ECE00840FEF787B90846C96908B50B7A01F1E4
S3150801ECF00C0213F040031EBF0B7B03F0070301331D
S3150801ED0013444361F9F7DCFF0323C373BDE80840E5
S3150801ED10FEF770B910B51A4B1A4C8AB018702388C9
S3150801ED200DF106011848ADF8063002F021FDBDF8CF
S3150801ED3006302380FAF7BAF91122002105A814F042
S3150801ED401CFE05A9002000F0CBFF9DF8140001F078
S3150801ED5065F9FEF74BF800230C480321CDE9023388
S3150801ED60ADF8103002AA0A23006802F0A1FCBDF82A
S3150801ED700C0001F073F9064B18700AB010BD00BFFC
S3150801ED8084A80020F4670020E06F00204C7300205F
S3150801ED90FC6D002010B5431800EB5101884200D1E3
S3150801EDA010BD027813F8014D00F8014B1A70F5E70A
S3150801EDB078B1094B1B7863B1084B1A7A824206D09F
S3150801EDC01B78834205D101200138C0B27047022061
S3150801EDD0FAE7FF20704700BF1F7300200F7300205A
S3150801EDE010B5094B00F1100250F8044B904243F854
S3150801EDF0044BF9D1054B01F1100251F8040B91426C
S3150801EE0043F8040BF9D110BDC8980020D898002002
S3150801EE100023837070477047002230B50C490023E0
S3150801EE2011F8015F45FA03F010F0010008D19C18AA
S3150801EE3006D0084BB3F85231A34200DDA0B230BD6B
S3150801EE400133082BEED10832D02AE8D10020F6E7A3
S3150801EE50FF990020C898002010B5054C0846D4F83B
S3150801EE60543111461BB198470023C4F8543110BDDB
S3150801EE70C8980020002330B5074C821C123012F8BE
S3150801EE80015F14F8011B824229440B441370C3F332
S3150801EE900F23F4D130BD00BF788D030890F88C3369
S3150801EEA0042B01D0022B18D190F8DA3013F0060F93
S3150801EEB013D0D0F8FC2082B1B0F8803333B1B0F862
S3150801EEC084335BB1B0F888333BB90223927800EBFF
S3150801EED0830080F88223A0F8801370470123F5E7A1
S3150801EEE0704703681BB1406800B118471847704757
S3150801EEF0094A0A4B11680A481B680268016053B13E
S3150801EF00881A511A5A68824294BF002252185A60C6
S3150801EF101B68002BF6D170476C63002064870020BC
S3150801EF2068870020084BD3F85831587A50B1074AF8
S3150801EF301168DA68521A002A4FF0000201DC5A7287
S3150801EF4070471046704700BFC89800206C630020C0
S3150801EF50021E08BFEF2270B5144B1C68144B93F8B8
S3150801EF605C11D3F8600191421CD093F8686193F85B
S3150801EF7064519642D3F86C1116D093F870616EB14C
S3150801EF80012D0DD1001B091B8842B4BF00200120A9
S3150801EF900C2101FB003383F85C2170BD0120F7E7E2
S3150801EFA00020F5E70020F8E70120F6E76C6300206A
S3150801EFB0C898002003686BB18B4207D11B680360B0
S3150801EFC07047994202D10B68136070471A461B684D
S3150801EFD0002BF6D17047128909F075BC1146064B0C
S3150801EFE0064A1B781278134304D11A4683200989E5
S3150801EFF009F026BC704700BF8F8C00202D92002097
S3150801F000F0B5134D00262C469DF8147095F802C0EC
S3150801F010BCF1000F15D095F800C0844511D195F8BB
S3150801F02001C08C450DD147B11C2202FB06420432B0
S3150801F03003CA186001205960F0BD95F804C09445CB
S3150801F040F2D001360F2E05F11C05DFD10020F3E7BA
S3150801F050586C002037B5052304460D4601A8074A12
S3150801F0600749019309F067FE2A462146019809F0E6
S3150801F070FEF8019809F0F0F803B030BD00444004E9
S3150801F080C89800202DE9F8430F460026DFF830809E
S3150801F090451EA8F11009B742F3B201D1BDE8F883BC
S3150801F0A013F00F0403D141460548FFF7D3FF09EBD7
S3150801F0B0040315F8012F1B7C013653402B70EAE730
S3150801F0C0D8980020F8B507460E461048114614464A
S3150801F0D00025FFF7BFFFAE42EBB206D1330713D0C7
S3150801F0E021462046BDE8F840B4E703F00F03E25C89
S3150801F0F0795D0F2B82EA0102E25403D121462046AB
S3150801F100FFF7A8FF0135E6E7F8BD00BFD89800204C
S3150801F11037B505230C4615460146074A01A801934A
S3150801F12009F009FE2A462146019809F0A0F8019836
S3150801F13009F092F803B030BD004440042DE9F047C8
S3150801F140002688B080460F461C22314601A8009643
S3150801F15014F013FC08F1010408F11105EA46D14639
S3150801F16006EB0A0208F11001414506D00B78013376
S3150801F170DBB201F80139002BF6D021462846FFF704
S3150801F180C7FF1EB37B1E1F379AF8002013F8011F0D
S3150801F1904A40BB420AF8012BF6D12B4604AA4D4632
S3150801F1A003CD954218605960A94603F10803F6D1C3
S3150801F1B0234608AD144603CCAC4218605960224672
S3150801F1C003F10803F6D108B0BDE8F0871026C5E7B4
S3150801F1D070B504460D4662B14B1E013A01F11F0096
S3150801F1E013F8011F12F8016F834281EA06011970AB
S3150801F1F0F6D11022002104F1110014F0BEFB002102
S3150801F200601C102214F0B9FB0023237029462046FE
S3150801F210BDE8704092E770B505460C46002188B0F6
S3150801F2201C2201A8009114F0A8FB691C05F1100223
S3150801F230AA4206D013780133DBB202F80139002B52
S3150801F240F6D06E466A4605F11100FFF761FF2246C0
S3150801F25004AC334603CBA342106051601E4602F14B
S3150801F2600802F6D120220021684614F086FB694679
S3150801F2702846FFF763FF08B070BD2DE9FF411D461B
S3150801F28006460F469046002390F8B822B2B190F888
S3150801F290A622424512D1B0F8A422BA420ED196F856
S3150801F2A0C82090F8B7120A41D20707D5162202FBE1
S3150801F2B0036303F5297004B0BDE8F08101330A2B15
S3150801F2C000F11600E0D17DB369461848FFF7A3FFA0
S3150801F2D00024162206F52E7302FB04F1595C49B186
S3150801F2E001340A2CF8D19DF80030B3FBF4F204FB83
S3150801F2F01234E4B21623002F18BF02255C433319D2
S3150801F30083F8B85283F8A682A3F8A47296F8E02087
S3150801F31004F2A721054883F8B722314404F5297474
S3150801F320FFF779FF3019C6E72846C4E73C9A00205B
S3150801F33030B5024604460D46002385B092F82911D8
S3150801F34081B1B2F82201298888420BD1B2F8240189
S3150801F3506988884206D12A2202FB034303F5807095
S3150801F36005B030BD01330A2B02F12A02E6D16946FE
S3150801F3701448FFF750FF00232A2104F2291201FB42
S3150801F38003F0105C48B101330A2BF8D19DF800202F
S3150801F390B2FBF3F103FB1123DBB22A22012153430A
S3150801F3A0E21882F82911298803F58073A2F8221137
S3150801F3B06988E018A2F824119DF8011082F827112E
S3150801F3C0CEE700BF3C9A002010B51446FFF7B0FF00
S3150801F3D090F82930012B05D090F826301B1BDBB29B
S3150801F3E0012B03D980F82640012010BD0020FCE737
S3150801F3F0F8B500F1D6070C4616468A783946054609
S3150801F400FFF7E2FF80B139462846FFF791FF132E31
S3150801F410E37819D9D90708D49A0704D52846B5F83F
S3150801F420D810FFF73BFDE078F8BD0246231D04F12D
S3150801F430140153F8046B8B4242F8046BF9D1042387
S3150801F44080F82930E378E7E79B07ECD5022EEAD95D
S3150801F450E4E72DE9F74FDFF8C8900191194699F8C5
S3150801F46000301746002B53D15FFA80FA5046FFF752
S3150801F4709FFCFF280446274D09D1274A1378012BFB
S3150801F48035D82C780133003C18BF012413700022AB
S3150801F49023B205EBC30045F8332005EBC4084260E7
S3150801F4A0084605F834A088F80620DE00FAF73CFF7E
S3150801F4B097F800B04FEAC40A0BF00F0B4BEA00109D
S3150801F4C088F80100BBF1000F14D1FE2288F802204A
S3150801F4D0FAF7D3F920B95544EB7960F30003EB71D8
S3150801F4E0012389F80030204603B0BDE8F08F0B4BA5
S3150801F4F01C78CCE7B31C2B445A461846791C15F0E0
S3150801F5000AFA019A002AE3D15946FFF743FCDFE7D5
S3150801F510FF24E8E70F7300201F730020F2970020ED
S3150801F520A0980020F0B500251D4C8646104604F526
S3150801F530CC72C4F89851C2E901550F88B1F802C0D6
S3150801F5408979A4F89A71C4F89C110121A4F898C183
S3150801F55084F8A211134C144994F8006189B0CDE9D5
S3150801F560061ED9B206ABBEB1049394F8F5306246CD
S3150801F5700393D4F8FC300293D4F8F830CDE900139C
S3150801F5800346394694F8F400FCF76AF9C4E93E558E
S3150801F590A4F8F45009B0F0BDFCF754FBFAE700BF34
S3150801F5A0C89800209C710020D5330208F0B587B0B1
S3150801F5B017460E46FFF7BCFE9F232B4C054684F8DB
S3150801F5C0A431022384F8A53190F8273084F8A7716D
S3150801F5D084F8A631FB071ED503232F4680F8293068
S3150801F5E002A904F5BA70FFF716FE02AB0DF1180C65
S3150801F5F01A4603CA624538607960134607F1080757
S3150801F600F6D12B46194A05F1100153F8040B8B4222
S3150801F61042F8040BF9D195F82730154A013385F8D4
S3150801F620273094F8A731A2F1140013F0010F4FF017
S3150801F6300003C4F8B831C2E901333188CDE9003392
S3150801F640A4F8BA1171886B46A4F8B811B179C4F84F
S3150801F650BC114FF0010184F8C2110CBF0421142119
S3150801F660FCF7F0FA07B0F0BDC8980020709A0020A0
S3150801F670809A002000232DE9F04107460E46254CC5
S3150801F68088B0CDE9063304F5E878C4F8D031C4F872
S3150801F690D431C4F8CC31A8F80830A4F8C611A4F8B6
S3150801F6A0C401C4F8C821082106A808F09BFD002357
S3150801F6B03946009330469DF8182004ABFFF7A0FCA5
S3150801F6C005460028EFD1982384F8D0318023124AC1
S3150801F6D084F8D13106AB03CB0E3AC4F8D20102AB9A
S3150801F6E0C2F8121040460A21CDE90255FCF7AAFADA
S3150801F6F060B12A463946304606AB08F0E7FF0123D2
S3150801F7004FF4FA72022128460AF0EAFF08B0BDE86A
S3150801F710F08100BFC89800209A9A002070B49826F4
S3150801F7200C4B80B29C689B691C400B4B65B283F8F5
S3150801F730DA610526E40748BF25F0010583F8DB6190
S3150801F74083F8DC5102F0010370BC0A46032107F075
S3150801F750E9BA00BFC0910020C89800202DE9F043FE
S3150801F760AFB00AAD07460C462E469846504B03F1F4
S3150801F770100EAC46186859680833ACE8030073459F
S3150801F7806546F6D123461EAD04F1100C2C461868C1
S3150801F7905968083303C463452546F7D122AC02F1FB
S3150801F7A01005234610685168083203C3AA421C464D
S3150801F7B0F7D10623314668463E4A009309F0BBFA5B
S3150801F7C006AB202200981EA908F0A4FD009808F0AF
S3150801F7D043FD02AB1C46384D05F108061A46286852
S3150801F7E06968083503C2B5421346F7D12868A9885E
S3150801F7F01060AA79002599809A71CDE90E55CDE94F
S3150801F8001055CDE91255CDE9145526AE94E80F00E9
S3150801F81007C626F8023B1B0C33708DF8A7502AAE93
S3150801F82094E80F0007C633801B0C06F8023F012334
S3150801F8308DF8B73006230EAD0DF1980906A901A872
S3150801F8401C4A019309F077FA2B464946019820226A
S3150801F85008F060FD95E80F0089E80F000DF1A80C86
S3150801F86094E80F00ACE80700ACF800301B0C3370C5
S3150801F870022312AE4946202201988DF8B730334645
S3150801F88008F048FD019808F0E7FC95E80F0016AC6A
S3150801F8901AAD84E80F0096E80F0085E80F00424686
S3150801F8A021463846FFF794FC2FB0BDE8F08300BF28
S3150801F8B0AC8B03080002C003BD8B0308F7B5089F8C
S3150801F8C015461E46019058B1A0F5E024B4F5803FCF
S3150801F8D004D23B463246294608F01CFD03B0F0BD6A
S3150801F8E0062301A8064A019309F025FA01983B4621
S3150801F8F03246294608F00EFD019808F0ADFCEDE701
S3150801F9000002C0030022024B02481A7009F042B8ED
S3150801F910879800205C86002038B50E4D2C6844B9BE
S3150801F9202B680D488BB1596879B1BDE83840E9F7BC
S3150801F93032BD63683BB9A3680BB1E06898472146B5
S3150801F9402846FFF737FB2468E9E7BDE8384009F0A0
S3150801F95021B800BF648700206C870020074A08B5D4
S3150801F96013680BB1196811609A680AB1D86890478B
S3150801F970FFF7BEFABDE80840CEE700BF648700205E
S3150801F9801E4B1A681E4B93F8641193F8700159B10E
S3150801F990D3F86011891A002914DC4FF47F41A3F8C2
S3150801F9A05C11002183F8641130B3D3F86C118A1AFB
S3150801F9B0002A15DC4FF47F42A3F86821002283F858
S3150801F9C07021704788B1D3F86C01821A002A09DCC4
S3150801F9D04FF47F42A3F86821002283F8702104E0DE
S3150801F9E06FF000419142A8BF11466FF0004399425A
S3150801F9F002D00448E9F7CFBC704700BF6C6300200A
S3150801FA00C89800209C860020BAE70B4670B40A4CB9
S3150801FA1002F11806254610685168083203C5B24234
S3150801FA202C46F7D11068002B2860194670BC0CBF0C
S3150801FA300420062008F0E2BBE49A0020002110B554
S3150801FA400446012008F0DAFB144A154B92F84112D4
S3150801FA501B6892F8F90231B920B1D2F8FC22D31AFF
S3150801FA60002B14DC10BDD2F84412C91A0029F3DDA3
S3150801FA7020B1D2F8FC22D31A002B0ADC6FF000431E
S3150801FA809942EFD02046BDE81040E9F784BC6FF0F3
S3150801FA9000419942A8BF1946F0E700BFC89800205F
S3150801FAA06C63002008B500234372084B93F8412282
S3150801FAB05AB993F8F93243B90548E9F722FC20B156
S3150801FAC0BDE80840024808F065BF08BDC89800208F
S3150801FAD0DC86002007B5002001A9019008F079FB12
S3150801FAE09DF80500022805D0031F5842584103B066
S3150801FAF05DF804FB0120FAE707B50A4B00205B68AD
S3150801FB001B78023B012B0AD801A9019008F061FB79
S3150801FB109DF80500033801288CBF0020012003B099
S3150801FB205DF804FB4CA60020012810B501D0042875
S3150801FB3025D1154B1B882BB1144B1B7813F00703E2
S3150801FB4018BF0123124A126892F8B904A0B10D2010
S3150801FB50104A12F8014BA1420FD0013810F0FF00EC
S3150801FB60F7D14BB100230C4A12F8014BA14208D038
S3150801FB700133DBB20A2BF7D110BD0120F1E70020D2
S3150801FB80FAE70120F8E700BFF4670020BC910020DE
S3150801FB9098710020888D0308958D03082DE9F04397
S3150801FBA0234A034617788BB0002F39D0214E357872
S3150801FBB0012D35D102223270002203C98DF8272082
S3150801FBC041F201521C4CADF820201C4A84E803007E
S3150801FBD011681279CDF822108DF826202BB3FF2350
S3150801FBE04FF008098DF827304FF00008144B3846B6
S3150801FBF00693CDF81C80FAF785FB06ABCDE903839E
S3150801FC000523CDE900930F49CDF808803A460988BE
S3150801FC1008ABFBF725FE20B90123C4E900003370C0
S3150801FC20002528460BB0BDE8F0834FF00709DBE74E
S3150801FC30A0720020A472002030920020E8720020F1
S3150801FC4099A80108F467002008B50B4A08B910708D
S3150801FC5008BD01231370FFF7ABF80128F8D1074B4C
S3150801FC6007499A681A60DA685A600A78013A0A7086
S3150801FC7000229A60DA60EBE7F29700200F73002002
S3150801FC801F73002008B5FFF793F8FF2809D0054B25
S3150801FC901B7833B9044A02F83030044A1378013B19
S3150801FCA0137008BDF29700200F7300201F73002000
S3150801FCB0E82811D8094B50B10138C0F3CC029B5C36
S3150801FCC000F0070043FA00F000F001007047587F82
S3150801FCD0003818BF0120704700207047567300206E
S3150801FCE038B50546FFF7E4FF0C46014628B9204614
S3150801FCF0BDE83840112213F040BEE8B208F030FDE5
S3150801FD0013222046074B05F0030502FB053303F1D1
S3150801FD10100253F8041B934240F8041BF9D11B78CF
S3150801FD20037038BD709C002038B504460D46FFF7B0
S3150801FD30BFFF08B9088038BDE0B208F011FD1322EB
S3150801FD40044B04F0030402FB0433B3F8B9332B80E4
S3150801FD50F1E700BFC89800208378032B09D0064B2A
S3150801FD60D0F888001B68C01A0028CCBF00200120E3
S3150801FD7070470120704700BF6C63002010B5054C21
S3150801FD802378092B05D007F033F9092323700023BB
S3150801FD90636010BDC0910020064B1B6893F88E2343
S3150801FDA032B993F88C0320B1053818BF0120704782
S3150801FDB00120704798710020054B1B78082B8EBFD0
S3150801FDC0FF20044AD05CB0FA80F04009704700BFB2
S3150801FDD030970020A08B030838B50A4605460C461D
S3150801FDE0014641F60F50E9F74BFA2B19020A2A5533
S3150801FDF0587038BD382330B50C490D4A0C7892F83D
S3150801FE00B851013BA54203D192F8B951854205D0B3
S3150801FE1013F0FF03A2F10802F1D130BD054A02EB46
S3150801FE20C30393F82A300B70F7E700BF3097002019
S3150801FE30A08D0308788D030808B520B1044B5B69CA
S3150801FE400BB100219847BDE808401A20D2E700BF48
S3150801FE50B496002070B598B1144B93F83831DB0786
S3150801FE600ED40E20FFF7C6FF114B93F8222022B1BC
S3150801FE70012283F86720012015E008F0BBFBFAE7A9
S3150801FE8001250A4C014481420CDD04EBE00292F89B
S3150801FE90386100F0070305FA03F33343C82882F8EB
S3150801FEA0383101DD002070BD0130ECE7C89800202B
S3150801FEB0B496002010B5044608461146002286B0BD
S3150801FEC0CDF80E20CDF8122004930A4BADF8162072
S3150801FED0CDE90132089A084BADF80C40C3F8542114
S3150801FEE001AB03AAFBF7AEFE431E5842584106B0C2
S3150801FEF010BD00BF59EE0108C898002008B50A4B85
S3150801FF00186800F26F4290F8973400F1E201FFF7A2
S3150801FF1009FB064A30B192F8F433013BDBB282F8A9
S3150801FF20F43308BDFF23FAE7B0910020C8980020F2
S3150801FF30CB0448BF41F480618160704710F18B0F93
S3150801FF4006D028B110F1950F0CBF6FF09400C820A8
S3150801FF507047082802460CD8B8B1421E072A14D899
S3150801FF60DFE802F01504130F131313114FF00710EE
S3150801FF70704710280DD0084B0848802A08BF184634
S3150801FF80704707487047074870470448704706484E
S3150801FF9070470648704700BF01000700FFFF0700CA
S3150801FFA00A0007000D0007000400070010000700FB
S3150801FFB0082809D818B30138072820D8DFE800F03F
S3150801FFC00C101F131F1F1F17102814D0802816D1B5
S3150801FFD001F5E0200130704701F5E0200430704753
S3150801FFE001F10710704701F5E0200A30704701F565
S3150801FFF0E0200D30704701F5E020103070470148C8
S31508020000704700BFFFFF070003461A68084622B179
S315080200105B680BB11846104710477047024B0146FA
S3150802002018700248F0E700BFA0720020347400205E
S31508020030002307B501A88DF8043006F0FDFF9DF8E8
S315080200400410044B04481970FFF7DEFF03B05DF88D
S3150802005004FB00BFC46A002044740020A0F5807324
S31508020060B3F5806F05D340F6FF73C31A5842584159
S3150802007070470120704708B588B1037803F0FD037D
S31508020080092B0ED10079032808D0084B188850B1DD
S31508020090FFF7E4FF00280CBF0020032008BD042058
S315080200A0FCE70020FAE70120F8E700BFF467002022
S315080200B038B50024044D55F8040B08B1FEF711FFB4
S315080200C00134062CF7D138BD3073002080F0FF03C7
S315080200D083EA102383EA1343FF2AD8B215D0012AEA
S315080200E015D145280BD00CD80A2808D003F0DF030F
S315080200F0052B0AD103E00B4BD340DB0705D50130AC
S3150802010003E0A0F14A021B2AF5D9C0B270471AB118
S31508020110022AFAD1FF29F8D803F0BF030A2BEED038
S315080201205528E6E7010800080023034A60F3070397
S3150802013061F30F231362704700000850084B1B68CF
S315080201401B79590707D49A0707D413F0010005D17A
S31508020150DB0998007047032070470220704700BFEA
S315080201604C86002038B50F4B05461B68BBB10E4AB4
S31508020170546BA4B11B78012B04D80C48002D08BF78
S31508020180204638BD022B0AD110B904F10800F8E757
S31508020190FFF7D4FFA84202D104F11000F1E70348A1
S315080201A0EFE700BF4C8600203C0B0020608F030857
S315080201B02DE9F041164E904604460D460146304654
S315080201C01F46FEF7F7FEFEF793FE3368002219462E
S315080201D0C4E90158E76059B96AB921460C48FEF7DD
S315080201E0E9FE336823603460BDE8F041FFF794BB4B
S315080201F009680132EFE75A68AA42EED81A461B681E
S3150802020013B15968A942F9D923601460ECE700BF13
S31508020210648700200346014A0148C9E719340208DF
S3150802022064720020F7B5FEF7F7FD314CC0B294F8B8
S31508020230273000284FD0042B04D103B0BDE8F04084
S3150802024008F028BA0920FFF7D5FDFEF7E5FD20B923
S31508020250052003B0BDE8F040CCE594F830200F2A1B
S3150802026043D8552384F8F533C823002584F8F63392
S31508020270C0F3022343EA02131E4E1F4F84F8F733D4
S3150802028084F8F8030023324641F288313846FFF7EC
S315080202908FFF94F82630009504221849208C43F0E3
S315080202A00103FFF707FE30B994F839301BB1013B59
S315080202B084F83930E6E70123052084F85C30FFF735
S315080202C099FD4FF448710E4B0E4AA3F1100003B084
S315080202D0BDE8F0406CE7042B07D00320FFF78AFD40
S315080202E003B0BDE8F04008F035B903B0F0BD00BF71
S315080202F0C898002025030208DC960020BD9C002031
S31508020300249900204503020808B501460448FEF769
S3150802031051FEFEF7EDFDBDE80840FFF7FDBA00BF46
S315080203206487002008B50548FFF7EEFF0022044B54
S315080203301A70BDE8084008F0ADB900BFDC96002087
S315080203403097002010B504780848FFF7DDFF08202B
S31508020350FFF750FD34B1FEF75FFD18B1BDE8104056
S3150802036008F098B9BDE810405CE700BF1499002070
S31508020370F8B506460F4600250B4C14F80A3C6BB135
S3150802038014F80C3CB34209D114F80B3CBB4205D114
S315080203900023204604F80A3CFFF7B6FF01350F2D65
S315080203A004F11C04E9D1F8BD646C00202DE9F0477C
S315080203B000264E4C8CB0257CCDE908661A2DCDE96F
S315080203C00A66CDE90466CDE90666074684BF0126B4
S315080203D01A25082108A807F005FF002394F80290B9
S315080203E094F800809DF8202000934146484602ABC7
S315080203F0FEF706FE02460028EBD14FF0010A4946EF
S315080204004046CDF800A00AABFEF7FAFD00285FD0F9
S3150802041049464046FFF7ACFF52462178A07808AB1A
S3150802042008F054F9002F56D094F8523003F00F030F
S3150802043043F030032A46E1686F1C2D4884F82E30B3
S31508020440FFB214F068FA2B4808A9FEF7C9FC394628
S315080204502948FEF717FE002E0CBF8123C12384F814
S315080204602A306388254884F82B30238808A984F81B
S315080204702C3084F82D70FEF7B3FC691D204804AAB7
S31508020480C9B2FEF71FFE982384F8243094F82A305E
S315080204901C4A84F8253008AB03CB05F10B03C4F8D4
S315080204A0260051609DF8281005F10C0654FA83F3CC
S315080204B0023A83F82410B71804AB03CB905179603B
S315080204C0E3682B44E360237C5B1B14352374E8B290
S315080204D00CB0BDE8F08736B194F8523003F00F033A
S315080204E043F01003A6E73346A4E700BFE06B0020FB
S315080204F00F6C0020F39C00200E6C0020039D002048
S315080205000A6C0020066C0020F0B54C4C85B060746D
S315080205100138062805D8DFE800F020224D6550523A
S315080205208300002342F21071454A4648FFF740FE0F
S31508020530454B022102930023404A0393434802ABE8
S31508020540FBF780FB10B90720FFF7DEFF022342F212
S315080205501072194600200AF0C3F805B0F0BD394DED
S3150802056000272846FFF7D0FE0020FFF71FFF0646A2
S3150802057015F8141CA078FFF7FBFE354B0397029378
S315080205801EB90720FFF7C0FFE7E7314602ABA5F120
S31508020590140205F11000FBF755FB0028F1D0237C65
S315080205A0002BDAD03B4642F210712846244AFFF75E
S315080205B0FFFDCBE7237C002BCFD1062363740025EE
S315080205C020482580FFF7A0FE02222846114609F098
S315080205D085FD29461F4AA2F1080005B0BDE8F0408C
S315080205E0FAF73AB9174D2846FFF78EFE0120FFF7AC
S315080205F0DDFE15F8141C0646A078FFF7B9FE164B61
S31508020600009300230193002EBBD06B463146A5F119
S31508020610140205F11000FBF715FB0028B1D09CE780
S31508020620002508482580FFF76FFE02222846114654
S3150802063009F054FD0221074ACDE700BFE06B00200E
S315080206405D060208F46B002061060208688F03083B
S31508020650790602083C6C0020A9060208072053E71F
S31508020660044B5B7C23B9002914BF072001204BE702
S31508020670704700BFE06B002070B40A4D0E466B7CD3
S315080206801446022B0CD10FCC5C350FC5002E94E80C
S31508020690070085E8070070BC14BF0720032033E76C
S315080206A070BC7047E06B002070B40A4D0E466B7C36
S315080206B01446042B0CD10FCC5C350FC5002E94E8DA
S315080206C0070085E8070070BC14BF072005201BE752
S315080206D070BC7047E06B0020004815E6149D0020A8
S315080206E037B51C4D1C4C2846FFF70EFE002341F277
S315080206F088311A4A1A48FFF75BFD002394F87A20D4
S3150802070084F8223063766089A37B1649B2B12288BF
S315080207100732009143F001031349D2B2FFF7CAFB2D
S315080207200028E0D0A37B042B02D06389FF2B08D1D3
S315080207300A2003B0BDE83040FFF75CBB22880632C8
S31508020740E7E7044800234FF47A71084AFFF730FDB9
S315080207500520EEE704990020B49600202503020836
S31508020760DC96002017EE0108BD9C002071070208DE
S3150802077070B51C4C94F82310237E81B100252020E5
S3150802078084F8243084F82350A4F87850FFF732FB13
S3150802079063695BB12946BDE870400220184794F8A0
S315080207A024209A4203D16369002BF4D170BD94F8D0
S315080207B0763063B1636984F87610A4F878100BB1C1
S315080207C002209847BDE870401F20FFF713BB1E2082
S315080207D0FFF710FB94F87630013384F87630BDE8DB
S315080207E070407DE7B496002010B5194CB4F8742011
S315080207F032B1184B1B689B1A03F59673A4F874302A
S3150802080094F8682032B1002384F86830BDE81040B5
S3150802081006F0DABA94F867302BB184F86720BDE897
S31508020820104007F0E7BE94F82410227E914206D1C2
S315080208300948FFF769FD0023A4F8743010BDB4F81F
S315080208407410064A04480F31FFF7B2FCF3E700BFFB
S31508020850B49600206C630020FC960020610802080A
S315080208602DE9F7433C4C3D48FFF74EFDE3880BB9AB
S31508020870238CE3803A4DB4F8068095F85C94464694
S31508020880C84528BF4E46207E2680231893F858303E
S31508020890012B5ED05521228C85F8F513A2EB0803AD
S315080208A0C2F302219BB261F01F0185F8F61385F89F
S315080208B0F723E169C3F3022242EA0012194485F8D2
S315080208C0F82305F2FA303246A38085F8F93305F2A1
S315080208D0F53714F020F8711D3846C9B2FFF77CFACD
S315080208E0C84509D801231C2084F87A30FFF782FA12
S315080208F003B0BDE8F043F3E6002341F28831194A12
S315080209001948FFF755FC22881849A37B073200913C
S315080209106089394643F00103D2B2FFF7CBFA80B1B8
S31508020920E38895F85C242088934224BF9B1AE380C7
S31508020930E388B3FBF0F100FB11339BB2CAB233B9B9
S315080209406276182003B0BDE8F043FFF753BA0132C6
S31508020950F6E703B0BDE8F083B496002004990020B8
S31508020960C898002025030208DC960020E907020839
S315080209701C4A38B5156803464A19C26001200C4656
S315080209805872E1B1184A92F8411251B102F50E7144
S315080209908B4206D0D2F84412491B002901DDA14236
S315080209A00CDD92F8F91271B110498B420BD0D2F8CC
S315080209B0FC325B1B002B06DDA34204DC38BDBDE816
S315080209C0384007F01BBC0A48E8F79BFC18B100211F
S315080209D0012007F013FC2146BDE838400448E8F731
S315080209E0DABC00BF6C630020C8980020B89B0020C0
S315080209F0DC8600200148FEF774BA00BF1C87002077
S31508020A002DE9F04E2F2B8A46814611461F469DF840
S31508020A1020C009D8364E96F838424CB196F8F032CC
S31508020A202BB1022386F85D340020BDE8F08E01243E
S31508020A30B8234FF0010B14FB03FE63432D4A2E4DD8
S31508020A4002EB0E002860F518A5F87A92A5F83A92F4
S31508020A504FEA1C1985F83F920CF00F0985F83E9269
S31508020A600CF002094FEACC0C1344A5F838B2A5F8E3
S31508020A707CA2A5F83CA20CF0080C49EA0C0C93F8E7
S31508020A8046900EF1850E29F00A094CEA090C83F8FC
S31508020A9046C00823724486F85D44C5F8702285F874
S31508020AA0BC3247B13A468D3013F035FF95F8BC3261
S31508020AB03B4485F8BC32B823FA2203FB0464D4F813
S31508020AC0703208379A70099A84F8407204F51A73D4
S31508020AD092E8030083E80300084B1B68C4F848320F
S31508020AE0FFF788FF96F85D040130C0B29DE700BFA4
S31508020AF0C8980020009B0020E09700206C63002025
S31508020B00F8B5244B06461B88834241D00025224C61
S31508020B10224FD4F848223B6801219B1A04F51A7021
S31508020B2004F51372C4F84C32F9F796FE04F50E7002
S31508020B30C4E99A5584F83852FEF7B4FFD4F800236C
S31508020B403B6801219B1A04F5487004F54172C4F802
S31508020B500433F9F781FE04F53C70C4E9C85584F8F4
S31508020B60F052FEF79FFFFE2E12D13046FEF7F0F93D
S31508020B700C223B6802FB004403F5BB531033C4F84E
S31508020B806031012384F86431BDE8F840FEF7F8BE07
S31508020B90F8BD00BFF4670020C89800206C630020E7
S31508020BA00022074B90421A7018BF0122054B1A7091
S31508020BB003D005490548E8F7EEBB044807F0EABE44
S31508020BC0F197002087980020E09304005C860020B5
S31508020BD0074B08491B780978024653EA010006D1F1
S31508020BE0054B1B7813F0300F08BF9078D8E770478B
S31508020BF08F8C0020F197002034680020F0B5224B34
S31508020C000646187893B040B3204B1C78002C36D190
S31508020C101F4B1B78022B34D11E4F21462A2207A8C6
S31508020C2012F0ABFE3B8807A8B3F5807F34BF0121DB
S31508020C300421FBF79FFC2323054620468DF81D3029
S31508020C4006F021FA02283F8809D02B46FF213846AA
S31508020C50CDE9004607AAFFF7D3FE13B0F0BD7F23FE
S31508020C60CDE902434FF4805340F6FF72CDE90053B3
S31508020C703946049607AB0420FAF7F2FDEDE70020A1
S31508020C80EBE72046E9E700BF8F8C0020E4970020B7
S31508020C90F1970020F4670020002313B50446019358
S31508020CA0A8B104210DEB010007F09CFA019BB3F1F0
S31508020CB0404F3CBF43F040430193019B5A1CF0D07E
S31508020CC01A0E22701A0C62701A0AA270E370019840
S31508020CD002B010BD0020024BD860E8F7F7BE00BF8D
S31508020CE00000085007B5002001A9019007F071FA23
S31508020CF09DF80500003818BF012003B05DF804FB13
S31508020D000A78497802F00F0303EB012302F0F00296
S31508020D10134401460A2298B213F0EFBD2DE9F043B7
S31508020D200746884614468BB0129D994602F1080674
S31508020D3002AB9C46106851680832ACE80300B2421E
S31508020D406346F6D101233068CCF80000B188B2793F
S31508020D503846ACF804108CF8062041468DF8173050
S31508020D60CDF80090102302AAFEF7A8FD4B460DF116
S31508020D70080C09F1100E624618685968083303C24E
S31508020D8073459446F7D1224606AB9C4610685168CD
S31508020D900832ACE80300B2426346F6D10223306851
S31508020DA0CCF80000B188B2793846ACF804108CF851
S31508020DB0062041468DF827300095202302AAFEF721
S31508020DC07DFD2B460DF1080C05F1100E62461868DA
S31508020DD05968083303C273459446F7D1224606ABCF
S31508020DE09C46106851680832ACE80300B242634672
S31508020DF0F6D1032330681035CCF80000B188B279F1
S31508020E003846ACF804108CF8062041468DF827308F
S31508020E100095202302AAFEF751FD2B4602AD03F1E7
S31508020E20100C2A4618685968083303C263451546E2
S31508020E30F7D1224606AB1C4610685168083203C42D
S31508020E40B2422346F7D1042310682060918892792A
S31508020E50A180A2718DF82730139B4146009338462C
S31508020E60202302AAFEF72AFD0BB0BDE8F083084B41
S31508020E701B783BB9074B1B7813B1002008F042BA1E
S31508020E800120FBE7012BF8D0022BF9D0704700BFEF
S31508020E90BE1F0020BD1F00200C4B0D4A9B6A13F093
S31508020EA00801936208D001210A4B19700823D362FC
S31508020EB01022094BDA62DAE7DB06FCD5054B197014
S31508020EC01023D3620822044BF4E700BF00400950FE
S31508020ED000600950BD1F002000500950034B1878C6
S31508020EE080F0AA001130C0B218707047D879002075
S31508020EF02DE9F341414C207E002852D1FFF7EEFF3F
S31508020F0000F00F000022231883F858202F223C4BAA
S31508020F10207683F85C24A27B910648D5272283F89B
S31508020F205C24258C93F85C640001B54284BFAA1B35
S31508020F3097B24FF055028EBFB046A8462F4683F8A1
S31508020F40F523C5F3022262F03F0283F8F62383F8FB
S31508020F50F8034246E1692B4883F8F753E780A4F879
S31508020F60008013F0D8FC08F104012748C9B2FEF73D
S31508020F7033FFB7FBF8F2D3B208FB127292B20AB188
S31508020F800133DBB2B54263764FF0000312D81C2058
S31508020F9084F87A30FEF72EFF02B0BDE8F041FFF77B
S31508020FA09FBB0130C0B2102828BF0020AAE7D2068C
S31508020FB0B4D5B6E741F28831144A1548FFF7F8F86E
S31508020FC022881449A37B0632009160890E4943F0B0
S31508020FD00103D2B2FEF76EFF60B10F4B18201B68F1
S31508020FE0A4F87430012384F8223002B0BDE8F04137
S31508020FF0FEF700BF02B0BDE8F08100BFB49600203C
S31508021000C8980020C19C0020BD9C00202503020828
S31508021010DC960020E90702086C63002068E72DE9E0
S31508021020F041B24C94F85E34BBB194F86024013BAB
S3150802103084F85F2494F8612484F85E3484F864247E
S31508021040B4F86224A4F860240025B827A84E012D16
S3150802105084F85D5404D9BDE8F08184F85F34F3E777
S3150802106007FB054315FB07FC93F8383206EB0C021F
S31508021070013BC4F85821062B37D8DFE813F00700DE
S315080210802F00360046009500EA000701002307FBF9
S31508021090054585F8383295F83F32012B25D8D5F81B
S315080210A07032D97811F00F0110D09D784FF0C80828
S315080210B032230139C9B218FB0138FFF70FFF6B1C3F
S315080210C0B0FBF3F101FB130108EB41011046FFF7F0
S315080210D04FFC0222D4F858311A7006E094F85F34AD
S315080210E0012B07D0062B00F0AC8094F85D5401352D
S315080210F0EDB2ACE7FDF716FF0028F6D0B8230422B6
S3150802110003FB054383F8382247E094F85F34002B43
S31508021110EBD1B82101FB054191F83E0210F0400ED1
S315080211203ED10CF1850C06EB0C03C1F8703291F82E
S315080211303F3210F0080F43F0200382F885304FF053
S31508021140400308BF4FF47A6182F8883018BF4FF41B
S31508021150FA614FF0050C0123C2F889E0B82000FBBA
S31508021160054080F838C2634803701046FFF700FC52
S31508021170D4F85801604A43888179A0F842308388B6
S3150802118001F0F701A0F844303830FAF705FE0028D6
S31508021190ABD10722D4F858311A70FFF72BFCA4E713
S315080211A04FF0060CC821D9E794F85F34013B052BAA
S315080211B09BD801A252F823F0D1110208EB100208BB
S315080211C02D120208EF110208EB1002084312020858
S315080211D0FDF7A8FE002888D0002384F86534B823D2
S315080211E040F2071203FB0543A3F83822D5E7DFF8D6
S315080211F014E1A4440CF5137CBEE80F00ACE80F001A
S315080212009EE80700B8238CE8070003FB054393F81A
S315080212103E2212F0090F01D1072273E7374A1278E4
S3150802122083F85622012384F865345EE7B82303FB64
S31508021230054394F86414B3F83C2291427FF455AFFF
S31508021240EAE7B82303FB054394F8642483F83922B2
S31508021250E2E794F85F34042B0AD8022B12D8012B42
S315080212607FF443AFFDF75EFE00283FF43EAF02E08F
S31508021270062B7FF43AAFB82303FB054394F864249C
S3150802128083F83922B82303FB0543C5E70CF130037B
S31508021290F018F3580BB394F85F340CF1140C042BC2
S315080212A01FBFB82303FB054393F8393284F8643425
S315080212B0134B1A68B82303FB0543D3F84812521A8C
S315080212C0C3F84C2294F8641406EB0C02F9F7C4FA34
S315080212D00022D4F85831C3E90C22D4F85801FEF793
S315080212E0E1FB0022D4F85831F6E600BFC898002080
S315080212F0009B0020757300200BFA01086C880020F9
S315080213006C630020E49A0020F7B500266946304649
S31508021310009606F05EFF5E4B5E4C5B681D78FEF734
S31508021320EBFB0746FEF7D6FB023DEDB240B94FF49A
S315080213307A63C4F86834012D9DF8013046D80DE069
S31508021340012D17D8B7B14FF4FA62042302213046A9
S31508021350C4F8682409F0E6F89DF80130022B40F03B
S3150802136091809DF800200D2A40F2838002230133E2
S31508021370DBB232E0002601A93046019606F029FFC3
S315080213809DF80420C4F86C24002A45D1FFF7A6FD6F
S31508021390012D9DF801300DD82822B0FBF2F102FB8F
S315080213A011006422C0B210FB02F000286CD1C4F806
S315080213B06824D3E77822B0FBF2F102FB110064221B
S315080213C0C0B210FB02F020BBC4F86824022BCED1AF
S315080213D09DF800200D2A4DD901238DF80130009A77
S315080213E02D4BDA60FFF77EFC88B12C4B1B78042B59
S315080213F00DD82B4BD4F868141868E7F7CCFFFFF71B
S3150802140071FC20B103220221002008F067FE03B016
S31508021410F0BDC4F86804D9E7052A15D8FFF75EFDBA
S31508021420022D34BF28237823B0FBF3F101FB130006
S315080214301023013AC0B2904093404FF47A72534354
S31508021440642202FB003374E7062A02D0154B1B6896
S3150802145013B94FF4FA236CE74FF4FA325343B3F550
S31508021460FA2FC4F868347FF666AF3046E8F72EFBE3
S3150802147061E7042301328DF800201A4602239A42B4
S31508021480AAD074E70422FAE7C4F8680466E700BF3C
S315080214904CA60020C8980020000008501988002091
S315080214A0D487002024880020BFF34F8F0549064BB6
S315080214B0CA6802F4E0621343CB60BFF34F8F00BFE2
S315080214C0FDE700BF00ED00E00400FA0510F18B0FFE
S315080214D008B509D0C82809D095300CBF02230423C1
S315080214E0034A5362FFF7E0FF0123F9E70323F7E70D
S315080214F00000085010B5044686B000211822684636
S3150802150012F03BFA69462046E7F7C4FB18B1FEF724
S3150802151015FDFFF7DBFF039806B010BD00487047BC
S3150802152002180A000A2070471820704702207047DE
S3150802153040F6B7320B4B5B689BB293420DD84FF419
S315080215407A72B3FBF2F3084A134493F8F2010528B8
S3150802155005D0031F5842584170470020F9E7022078
S31508021560704700BF0080E00F788D0308094B5A695F
S31508021570002A0EDB50B95A6AD207FCD40122064B5E
S315080215805A60044A53689B07FCD470470122034BEE
S315080215905A6070470040005B0060005B0050005BC9
S315080215A01FB50023044601A8CDE901330393EBF7DF
S315080215B0FDF9BDF80E3003F00103A3609DF804306F
S315080215C02370029B636004B010BD03460846C1B18E
S315080215D00A3351F823309BB1986838B11978914289
S315080215E00CD950F82200003818BF012001215B6887
S315080215F001FA02F21A4218BF084670470020F5E7B8
S315080216001846704728B191423EBF002309B240F8F6
S31508021610213070470A3150F8213033B11878904298
S315080216208CBF00200120800070470120704738B522
S315080216304FF4FA73184D1949044628464B61ECF7DC
S315080216400BFE38BB022C18D0032C1FD0012C0BD052
S315080216504FF6FF72124BC3F87404C3F87824C3F822
S315080216607C5403F58E6038BD4FF482210D480E4B2B
S31508021670C561C0E905131030F5E74FF4A022094801
S315080216800A4BC562C0E909232030ECE7EEF754F9A4
S315080216900448E8E70020E6E7A8080020A4A40020FA
S315080216A0C8980020A0A60020FFFF0400FF9F05009F
S315080216B0F8B50D4614461E46002850D0416887687C
S315080216C02944B9424BD8002B49D00778022F03D9AF
S315080216D0032F08D00120F8BDC068ECF70DFA0038D0
S315080216E018BF0120F7E7013D042D1BD81D4B03EB5C
S315080216F04503B3F8F611B1F5505F15D101F1006152
S315080217005A22204601F5F62113F005F9164D174A15
S315080217105A34134603CBAB42206061601A4604F181
S315080217200804F6D10020D6E701F47043B3F5805FCA
S3150802173008D1C1F30B01F2B241F07E61204613F0E3
S31508021740EAF8EFE701F46043B3F5005FEAD1C1F3C3
S315080217500B0141F00061F2B241F4FC21EEE70420EC
S31508021760B9E700BF788D030870E4070860E4070844
S31508021770002330B504460F4885B00D46CDE901333E
S31508021780ADF80C3003210A23006801AAFFF790FF7F
S3150802179060B9094B019A9C4207D1019B236015B196
S315080217A0BDF808302B8005B030BD1A60002CF4D184
S315080217B0F5E700BF4C730020E06F00202DE9F043E7
S315080217C03D4F06463B7897B01BB9002017B0BDE8D7
S315080217D0F0833A4B18780028F7D10DF11E01FFF76E
S315080217E0C7FFBDF81E80B8F1000FEED1344B1D7845
S315080217F0012DEAD12E2241460AA812F0BEF8FEF7BA
S315080218007BF9DFF8C090044600283CD004210BA8D7
S31508021810FAF7B0FE3B780546042BCDF828800AD1A4
S31508021820FEF758F900280BBF27232823102218226F
S315080218308DF82D308CB308ABB9F8008000274FF02D
S315080218407F0904934FF4805340F6FF724146CDE96F
S31508021850005304200BABCDE90279CDE90877F9F7F5
S31508021860FFFF4FF440530446CDE9005340F6FF729A
S3150802187041460420CDE9039602970BABF9F7F0FF30
S315080218802040C0B2A2E729460BA8FAF773FE3B78B6
S315080218900546042B0A94C3D01122CDE900262B1D36
S315080218A0FF2199F80000DBB20AAAFFF7A9F8003867
S315080218B018BF01208AE700BF8F8C0020E49700201A
S315080218C0F1970020F46700202DE9F3410024DFF8A0
S315080218D010813D4DD8F80000CDE9004407F05AF8CA
S315080218E02B78022B0AD121462046FBF7C3F903239C
S315080218F02B7000F077F802B0BDE8F081032B34D1E3
S31508021900324E376847B3324BCDE900441B78012B78
S3150802191019D16846FFF752FF3368D8F80020013B11
S315080219203360B3B1FFF7DAFA4623B0FBF3F101FBF2
S31508021930130064214FF47A63C0B211FB00311046DA
S31508021940E7F729FDD7E7022BE6D16846FFF756F9EE
S31508021950E2E74FF47A61F2E701232B7000F042F8CE
S3150802196039460720E6F74AF9C5E7042BC3D1194CCD
S3150802197094F88034DBB9FEF7BFF848B1164B03205A
S315080219801B7984F88134E8F7C7FF012384F8803489
S315080219900024124B684600930194FFF70FFF0323B6
S315080219A041F288320221204608F0BCFDA3E7FEF781
S315080219B0A3F805460028EBD194F88104E8F7ACFFB2
S315080219C084F88054E4E700BF198800201C880020A8
S315080219D018880020C8980020046800200913020805
S315080219E0D487002010B52F4C8AB02078022832D12D
S315080219F02D490120FBF73EF900232C4ACDE908338D
S31508021A00117808AA29B32A49097802291BD1CDE9EE
S31508021A10033202934FF480532648CDE90013B0F8F7
S31508021A2000022549ADF81C0040F6FF720420098819
S31508021A3007ABF9F715FF214B4FF4FA611868E7F778
S31508021A40AAFC0AB010BD194640F6FF70FAF714FE52
S31508021A50F1E7FF20FAE7032810D10024184B1249B0
S31508021A60C3F86844124B1B78022B18BF0220FBF7F7
S31508021A7001F900200AB0BDE8104025E7042801D183
S31508021A800949F4E70128DCD100210846FBF7F2F8F8
S31508021A900A4B186806F07EFFFFF71CF9002323702D
S31508021AA0CFE700BF1988002049530208FC6D0020C1
S31508021AB018880020788D0308F4670020D487002050
S31508021AC0C89800200246054808B510214023006838
S31508021AD0FFF7EEFDB0FA80F0400908BD4C7300200E
S31508021AE0F0B50025044693B001A80F468DF80450B8
S31508021AF005F0A2FA9DF80430234023D0661E14EAA4
S31508021B00060121D114F087001AD0402202A87611C4
S31508021B1011F033FF46EA540602A8FFF7D3FF06F090
S31508021B20030602AB03EB061303F110041A4603CAB3
S31508021B30A24238607960134607F10807F6D10120F8
S31508021B4013B0F0BD1846FBE72846F9E72DE9F34737
S31508021B5000240F46DFF85C80134EDFF85090C8F871
S31508021B60000080F8C840357849462846FFF7B8FF8E
S31508021B7068B12846FEF7EDF90023D8F800A00093CD
S31508021B8001970146094B5046727807F0DEFA01348E
S31508021B90032C06F10206E6D10022054BC3F882247D
S31508021BA002B0BDE8F08700BF7A8F03084A9D00207D
S31508021BB0C8980020B091002070B5104D0446FEF773
S31508021BC08BFD28680021FFF7C1FF05232D680C4A03
S31508021BD0D5F8E200D5F8E610C2F8C43402F59963DE
S31508021BE003C3D5F8EA0082F8D4441860054B02F21A
S31508021BF0C4401B6BBDE87040184700BFB091002077
S31508021C00C8980020A0A6002070B504460E4D0121F2
S31508021C102868FFF79BFF0D4AC2F8C4442C6802F5F0
S31508021C209963D4F8E200D4F8E61003C3D4F8EA00BC
S31508021C30186094F8C43002F2C44082F8D434044BD3
S31508021C40BDE870401B6B1847B0910020C898002069
S31508021C50A0A600201FB580200F49FFF741FF0446C2
S31508021C6020B9014610220C4811F087FE1022552190
S31508021C70684611F082FE68460849FDF7EBF910221C
S31508021C80AA21684611F079FE68460549FDF7E2F988
S31508021C90204604B010BD00BFC8980020039D00204E
S31508021CA0F39C0020F8B5FFF7D5FF00240322184B52
S31508021CB0064618489A7083F88E20C3F88840C3F8F7
S31508021CC01441FEF721FB78222146134811F055FEEE
S31508021CD01048FEF719FB782221460F4811F04DFEEF
S31508021CE027460E4DAF7005F10C000134FEF70CFBCA
S31508021CF00F2C05F11C05F5D102220020114608F029
S31508021D00EDF901220221002008F0E8F93046F8BD73
S31508021D10C86A0020F46B0020E06B0020586C002093
S31508021D2000232DE9F3479C4C2678227863600BB38F
S31508021D3000239642238484F8223084F828302386A6
S31508021D4084F8323084F8383084F8403084F84830E1
S31508021D5084F85030A4F85A30E36584F8603000F00D
S31508021D60EC814FF480318D4B186802B0BDE8F0471C
S31508021D7014F086BE013A112A00F29B80DFE812F0BF
S31508021D8012004900D0009C00CD00D000DA00E40021
S31508021D90FA009900560182019A01B701B901BE01FA
S31508021DA0DB01D70194F83250DDB1132300257C48B4
S31508021DB023706560FEF7A8FA636B7A48636104F0DC
S31508021DC0F7FF2A46E1686069FDF7A8FC802006F05D
S31508021DD031FBFFF73FFF744B1B6883F8B8540223A5
S31508021DE00EE094F85A30002B63D013236C48237004
S31508021DF06560FEF789FA237C012223B10623A261D4
S31508021E002370656055E069490A700722227063608B
S31508021E104FE0626C63699A4233D194F8403083B3D7
S31508021E2000271323624D237005F244506760FEF7BC
S31508021E306BFA604804F0BCFFE368C5F85A75C5F842
S31508021E405675C5F858350423626985F85D355A4BC7
S31508021E50A5F85425CDE9003702216B46574805F205
S31508021E605452A5F85E75F9F7EDFE10B9012384F808
S31508021E703130A369A2681340A361042323700023A7
S31508021E80C5E794F8313013B994F85B304BB1132394
S31508021E900025434823706560FEF736FA0323A561D9
S31508021EA0AEE7A269A3681A4203D194F83030002B30
S31508021EB0EDD16368013338E7257C55B994F830309B
S31508021EC023B31323364823706560FEF71DFA0723EA
S31508021ED096E794F83130002BD9D194F85C50002D4E
S31508021EE0D5D1E26B63699A42E3D194F83830002B74
S31508021EF0DFD013232A4823706560FEF705FA01220C
S31508021F00E1686069FDF70AFC052379E794F8313040
S31508021F10002BBCD194F85C30C9E794F8303013B181
S31508021F2007232370C5E794F83120002AC1D0A3619C
S31508021F300323F6E7132300252370A3696560E3618B
S31508021F4004F018FF11235BE794F8323023B1132308
S31508021F500025237065602FE794F82030002BA8D05F
S31508021F601323002516482370656004F021FF012318
S31508021F70E56145E794F82050002DF1D194F82270D6
S31508021F8017B313232370636A0E486361656004F00E
S31508021F900FFF0B2334E700BFC091002030680020F2
S31508021FA00C9E00201B92002098710020249200208B
S31508021FB0C89800201C92002055210208808F030829
S31508021FC01A9200201D92002094F828303BB313235E
S31508021FD023709823DFF87881042088F8DA310323FE
S31508021FE0676088F8DB3188F8DC71FEF7BBF80546CE
S31508021FF00278416808F2DD10D4F81490D4F80CA0DF
S3150802200012F089FC2978012303315246C9B21FFA14
S3150802201089F004F087FE12236760237049E794F873
S315080220202130002B3FF445AF08237AE7E26C636957
S315080220309A4215D194F8483093B1132300254048A3
S3150802204023706560FEF760F9A369DA0704D53D488F
S3150802205004F0AEFE0C23D3E600230E22A361D5E6D6
S3150802206094F8313023B994F85D30002B3FF421AF50
S3150802207013230025324823706560FEF745F90E23BF
S31508022080A561BDE694F85E30002BF1D194F8315083
S31508022090002DEDD194F83030002B3FF40AAF13230C
S315080220A0274823706560FEF72FF9274804F080FE5B
S315080220B01023A5E694F83130002BD9D194F85F3075
S315080220C0002BD5D1E16C626991427FF4F2AE94F8A5
S315080220D04820002A3FF4EDAE1322194863602270A5
S315080220E0FEF712F9A369DB07B6D50F23C6E60F2357
S315080220F017E7132300252370656021E76269636D7C
S315080221009A4211D194F8503073B1132300250C4822
S3150802211023706560FEF7F8F8237C002BE5D00B48A0
S3150802212004F046FE0D236BE694F860309DE7238E95
S31508022130002B3FF4BEAE0923F3E602B0BDE8F087F2
S315080221400C9E00201E920020209200201F92002042
S31508022150C898002008B50122054B31B983F830200A
S31508022160FFF7DEFDBDE80840DAE583F83120F7E738
S31508022170C091002008B50122064B41B983F83020E8
S31508022180FFF7CEFDFFF7CCFDBDE80840C8E583F8AA
S315080221903120F5E7C0910020044B984204DB07334F
S315080221A098423CBF01230370BAE500BF1A92002089
S315080221B070B50E4614461D467BB193420DD813469A
S315080221C00A46014607480068FFF772FA0021621BB1
S315080221D07019BDE8704011F0D0BB22460021304686
S315080221E0F7E700BF4C7300202DE9F04F674B8DB01F
S315080221F0002618700446FDF71BFF04F0F9FE0923B2
S31508022200634DDFF8B4812B706E60FFF74BFD1C221D
S315080222103146E86103A8029611F0AFFB202102A815
S3150802222005F0E0FF32465B4802A9FCF7D1FF5A4B9C
S31508022230DFF888911F6840F2BC42314640463FBAF1
S3150802224011F09BFB4046C8F8CC703146534FFFF756
S315080222507DFCAA22314609F11800C7F80080C9E9AF
S315080222600066C9E90266C9E9046611F086FBDC2242
S31508022270314608F52970C9E93C66C9F8F86089F853
S31508022280FC6011F07AFB2822314602A811F075FB90
S31508022290434840F209534FF4A062006802A905F0C8
S315080222A0F3FA4FF0160B01900DF1080A08F5297892
S315080222B03B4BD3F80090019BB3424ED13E684FF494
S315080222C0D27206F580760021304611F056FB282296
S315080222D0002102A811F051FB484640F209434FF487
S315080222E0806202A905F0D0FA4FF0000881464FF045
S315080222F02A0B0DF1080A2A4BC145186839D1002361
S315080223000321CDE90233ADF8103002AA0A233E684A
S31508022310FFF7CEF918B99DF8103086F8B934214B73
S31508022320214A02211A630022104607F0D7FE00232B
S315080223301E4A14F0780F2B7413700BD114F0870F02
S3150802234008D002221A4B83F86025012283F86125F8
S31508022350184B1C700DB0BDE8F08F5AF8041B1623F3
S31508022360A1F5A06248460BFB0282FFF7A1F90136E6
S315080223709EE75AF8041B2A23A1F580620BFB026228
S31508022380FFF796F908F10108B5E700BFBC910020EE
S31508022390C09100203C9A0020E06F0020987100202E
S315080223A04C730020A0A6002055540208249200204F
S315080223B0C8980020B4910020F08C0020A07100205B
S315080223C010B50246044615488AB020230321006840
S315080223D0FFF76EF900211C2203A8CDE9011111F0BD
S315080223E0CCFA4FF4E02001AA02A904F008FF18B1BA
S315080223F0FDF7A4FDFFF76AF8019A202A04D00A22FB
S31508022400074B5A62FFF750F8214602A812F0B5FAAE
S3150802241010B10B22024BF4E70AB010BDC01F002010
S315080224200000085030B4104B1B6893F88F23012A1A
S3150802243006D193F8C43013F01E0F01D030BCBFE7A3
S315080224400A4B1B78002BF9D10346094C04F12005E7
S31508022450224603CAAA4218605960144603F10803C1
S31508022460F6D130BC704700BFB09100208698002094
S31508022470309E0020F0B5A34DA1B000222E68A24BD3
S3150802248096F88E131C78A14201D0142C1FD15C88B1
S31508022490A04219D15A79142A1FD11B79013B102B54
S315080224A02ED8DFE813F027002D00B402A7022A006F
S315080224B02F0038007D00E8003B01F501FA014C02C5
S315080224C08802AC021F00B202B4F5047FE2D00332DE
S315080224D0B42A03F10603D5D112E0914218BF86F851
S315080224E08E23DAE7D6F8F030987821B0BDE8F040C6
S315080224F0FFF762BB96F89003F7E7002386F8E63003
S3150802250021B0F0BDFEF7E8F840F6B83021B0BDE8D4
S31508022510F04005F0FBBD0026FEF7DEF8FF2005F0C9
S3150802252089FF2A68794CD2F8E200D2F8E61004F557
S31508022530996303C3D2F8EA00C4F8C4641860744BFA
S3150802254004F2C4401B6B98472B689F2193F88F238C
S3150802255083F86F14B2FA82F25209520083F8C02045
S3150802256042F0040283F8712494F86025052183F861
S31508022570722494F8612583F8701483F87324654AE3
S3150802258083F8B864127883F87424062283F89724A9
S31508022590032384F8F433FDF7B1FC45F6C050B5E7DA
S315080225A0FEF79AF82868D0F8F030DA78511E114208
S315080225B05DD1564C94F860150A4258D080F8C2206C
S315080225C01A79511E114254D194F861150A4250D013
S315080225D080F8C320597969B9B0F8E220A2F5807269
S315080225E092B2B2F56A6F0AD8012004F0A5FC40F24D
S315080225F00B2042E7474A127831EA0202F4D180F800
S31508022600C4109A7892072ED590F88F23002AEBD118
S315080226105A7980F8C420012280F8C5209B7880F870
S31508022620C1309F2380F86F34082300F2724020F8E5
S31508022630023CFFF7F7FE2B6893F88F23012A07D18E
S3150802264093F8C42012F07E0F1CBF0022A3F872244E
S31508022650232283F89724032384F8F433FDF74EFCE8
S315080226604FF47A7052E7012280F88F23D0E70220CE
S31508022670BBE70320B9E7FEF72FF845F6C05005F089
S3150802268045FD2A68D2F8F01002F59364CB1C184669
S31508022690233150F8045B884244F8045BF9D10221DD
S315080226A01A4CD2F8E200C4F8C414D2F8E61004F5BB
S315080226B0996503C5D2F8EA0004F2DC46286003F1FC
S315080226C02007354618685968083303C5BB422E46A3
S315080226D0F7D12023A4F8DA3492F8C4300E4884F8E5
S315080226E0D83413F006031FBF92F88F33B3FA83F375
S315080226F05B099B0084F8D934054B1B6B21B0BDE8F6
S31508022700F0401847B0910020828F0308C89800202D
S31508022710A0A60020B49100208C9D002096F88F3345
S31508022720012B04D196F8C43013F01E0F31D1BA4BDF
S315080227301B7873BBB94BD3F8640500234FF4804268
S31508022740089308A9B64BE6F73FFA0446C8B90898AB
S31508022750038823F0FF03B3F5E24F02D0B3F5E44F43
S3150802276004D143880733B3F5847F2FD2D0E9081200
S31508022770446806F59363240A0ED0012C20D06FF024
S3150802278085042021A748E5F769FE0898E6F7FEF9C9
S3150802279010E04FF4E020D0E704AC009404F0EFFD1B
S315080227A010F1860F0446EAD0002CEAD10898E6F71B
S315080227B0EDF904462046FDF7C1FB50B1FEF786FE49
S315080227C004AC009404F0DBFD0446EDE76FF08904DF
S315080227D0D7E7944B03F12002114653F8040B8B42B8
S315080227E042F8040BF9D12B688F4903F5936203F576
S315080227F0976352F8040B9A4241F8040BF9D18B48B5
S3150802280004ACFFF70FFEA4462F68894A07F59367BB
S3150802281002F11003264610685168083203C69A4226
S315080228203446F7D1834A08AB02F120061C461068E3
S315080228305168083203C4B2422346F7D17A4A10AB2A
S3150802284002F140061C4610685168083203C4B242B7
S315080228502346F7D106236146774A03A8039306F06F
S315080228606AFA3B46602208A9039805F053FD0398C5
S3150802287005F0F2FC0022012328681146CDE9003250
S3150802288000F5936306F061FC1822644B83F8F4237F
S3150802289021B0BDE8F04001F041B9FDF71DFF2B68F4
S315080228A0D3F8F0205178052918D15C49D47891F8E3
S315080228B06005844210D1107991F8611588420BD1CE
S315080228C05E4950790978884206D193F8C010907803
S315080228D041F0050290420ED0072086E60C290AD15D
S315080228E0927802F00302022A05D0092004F024FB9A
S315080228F040F20A20C1E593F8C41029B940F20F2024
S31508022900BBE5520083F8C52093F8C5201142F8D0DA
S315080229109F2183F86F14092183F87014002183F824
S31508022920712483F8EC100322012183F8972483F893
S31508022930E6103A4B83F8F42301F028F990E6FDF7FE
S31508022940CBFE2B68D3F8F01093F8C5408A789442E8
S3150802295001D00A2049E62046033106F06FFC2F68AB
S31508022960204697F8C53000245B0087F8C530FDF786
S31508022970F0FAD7F8F06001460336334601223846A4
S31508022980CDE9004406F0E1FB10222146304610F05C
S31508022990F4FF9F222B6883F86F240B2283F8702496
S315080229A0022283F89724012283F8E64083F8EC2072
S315080229B003221A4BBEE7FDF78FFE2B68D3F8F020E9
S315080229C051780C2904D1927802F00302022A8CD19A
S315080229D09F2283F86F244FF486720021A3F870248D
S315080229E0032283F8EC1083F8972483F8E6100B4B3E
S315080229F083F8F42321B0BDE8F04001F0C7B80420FB
S31508022A0021B0BDE8F040FFF7FFB80620F8E721B08D
S31508022A10BDE8F040FDF772BA86980020C8980020F3
S31508022A2000000209509E00204A9D00206A9D00204F
S31508022A30CD8B0308709E00200002C003B4910020CB
S31508022A40034B40F203201A68024B1A6012E500BFD4
S31508022A5098710020B0910020084B094A1B68094961
S31508022A60136003F29C4203F5936311F8010D02F811
S31508022A70010D9A42F9D140F20220FBE49871002036
S31508022A80B0910020949E0020F8B54D4A0346106086
S31508022A904A79D70700F1938090F88E53012D08D111
S31508022AA00A68C0F8E2204A68C0F8E6208A68C0F8D0
S31508022AB0EA20B3F8E4004A88904240F08080897A96
S31508022AC0D3F8F04083F8EC106078021FD2B2092AD4
S31508022AD075D8002D73D03B4DB3F8F46005EB82022E
S31508022AE092F87273B74204D940F20A20BDE8F84058
S31508022AF0C0E492F87363022E20D1A678F6074CBF7B
S31508022B0092F8752392F87423012A1BD0914226D192
S31508022B10421F072AEAD801A151F822F07B2B0208A4
S31508022B207B2B0208ED2A0208872B0208ED2A0208E7
S31508022B30ED2A0208952B0208A92B020892F874734B
S31508022B40012F12D106290AD80D4495F8962393F82F
S31508022B50C6109142DCD093F8C5100A42D8D1072094
S31508022B6004F0EAF940F20B20C0E7B942D0D0012EB0
S31508022B70F5D192F875238A42C9E7A3781B0203F4B2
S31508022B8080731843B2E7A078000200F4807040F020
S31508022B900800ABE740F2072093F8C52093F8C43043
S31508022BA09A4218BF0B20A1E793F8C52093F8C430C0
S31508022BB052421A4240F2052018BF0C2096E7F8BD89
S31508022BC0B0910020788D03080A4B186090F88E336E
S31508022BD00A2B0BD1084B40F2092093F8F433013B38
S31508022BE0DBB2FE2B38BF4FF4027043E440F20920F1
S31508022BF0FBE700BFB0910020C89800200E4B0F4A91
S31508022C00186092F8F433FF2B05D103234FF40270B0
S31508022C1082F8F4332EE453B190F88E330A2B06D099
S31508022C2000290CBF4FF402704FF40370F2E7C1F5A6
S31508022C300370013080B2EDE7B0910020C8980020F9
S31508022C4070B50D46D9B14B1F59425941FFF7D6FF08
S31508022C500022104C0221104607F040FAE66886B1B7
S31508022C6030460022216904F1140383E80300C4E90B
S31508022C7003222946BDE870401846F7F7EDBD012143
S31508022C80E4E7294604F1D802201DF7F7E5FDC4E971
S31508022C90016670BD9C7100202DE9F04F90F88C33C7
S31508022CA004461546A7B0052B00F20682DFE813F0A4
S31508022CB006003D02690204026F020600002940F07E
S31508022CC0E5802E683146FCF733FB04F1D60100286D
S31508022CD000F0F28090F8293003F0FD03042B40F04F
S31508022CE0EB8090F82820B37A9A4240F0E5802A6869
S31508022CF06E6813682889C4F8D63053684B6093689F
S31508022D008B600223C4F8F060A4F8F40084F88D33CB
S31508022D10022384F88C3394F8DA30D80707D50423CB
S31508022D204FF6E851204684F88C33FDF773FA2046AD
S31508022D3004F1D601FCF7FCFA9F2384F891330323A6
S31508022D40002784F8923390F8273084F8947384F82D
S31508022D50933390F829300646042B04F2913B04F289
S31508022D60953840F075827A480AA90EADFCF753FAEF
S31508022D70A846334606F110072A46186859680833E2
S31508022D8003C2BB421546F7D194F8E030424604EB3B
S31508022D908313203330460AA9FCF7E0FC94F8E030A6
S31508022DA004F2973786F82830062386F82930122344
S31508022DB084F89533412384F896330AAB1D4603CD2E
S31508022DC04545386079602B4607F10807F6D1012791
S31508022DD0162504F2A73894F8DA3013F0060F2DD028
S31508022DE0D4F8FC3053B3B4F8D830B4F880239A42F6
S31508022DF018D0B4F884239A4214D0B4F888239A4295
S31508022E0010D0032388F80030432388F80130D4F819
S31508022E10FC3003359B78013788F80230ADB2FFB231
S31508022E2008F1030894F8DA30590707D594F88D3370
S31508022E30022B03D1D4F8FC00FCF71CF8D4F8FC30BA
S31508022E40002B00F013821A7D022A40F00F8200211D
S31508022E501975042302350137C4F8FC10ADB288F897
S31508022E60002088F80130FFB294F8943343F0010346
S31508022E7084F89433013F17F0FF0700F0FA8194F8BB
S31508022E80963363F07F0384F89633F3E7032939D13F
S31508022E902B89022B40F210816B6829689A78FCF715
S31508022EA093FA002800F0088101222968204627B0F3
S31508022EB0BDE8F04FFCF77ABB40F20123A4F88C3345
S31508022EC02A68288913686E68C4F8D63053684B6036
S31508022ED093688B60A4F8F400C4F8F0602046FCF707
S31508022EE027FA1C4990F827303431032220468B7082
S31508022EF000F095FA4FF6E851204627B0BDE8F04FA4
S31508022F00FDF788B9042915D12868696803682A89EA
S31508022F10C4F8D6304368C4F8DA3083682046C4F861
S31508022F20DE30C4F8F010A4F8F42027B0BDE8F04F5C
S31508022F30FCF75EBA0139072900F2BE80DFE811F014
S31508022F400C00CC00BC00BC00BC00BC00D400EA00EB
S31508022F503C9A0020A0A60020D5E9002013682989FA
S31508022F60C4F8D63053684FF00309C4F8DA309368C8
S31508022F709278C4F8DE30C4F8F0000123A4F8F410FD
S31508022F8020460021FCF779F9022384F88C339F2323
S31508022F9084F891330123FF2684F894334323C4F833
S31508022FA0FC0084F8929384F8936384F8959384F8E2
S31508022FB096338378B4F8F45004F566782A460746B9
S31508022FC0D4F8F01084F89733404611F0A4FC07238E
S31508022FD00F35ADB20DF1580B01950093CDF808B037
S31508022FE004F2913A5346B4F8D820B4F8D6102046DB
S31508022FF003F0BAFF05230993F97C964A04EB81117B
S315080230001031054609A805F096FED4F8FC1012AA56
S315080230104944099805F02BF9099805F01DF9D4F8E1
S31508023020FC00FBF727FF002394F8B824CDE909939F
S31508023030D4F8FC30002A42D1D97C874A04EB8111A4
S3150802304009A805F078FEB4F8F4300AAA049203F146
S315080230500802CDE90282CDE900835A46ABB2099845
S3150802306012A904F0DDFF94F8B834BDF8285013B954
S31508023070099805F0F1F80023784AE91DC2F8D43513
S31508023080B4F8D6305046A2F8CE35FF23A2F8CC358E
S3150802309094F8DC3002F2CC525360714BC9B2CDE9D6
S315080230A00E340EABF8F7CEFD30B9022120460EAA31
S315080230B08DF83C10FFF7F0FD27B0BDE8F08FDA7CFB
S315080230C00121042A97BF674B30469B1893F89D0344
S315080230D0FCF76EFF0990B6E72979B1FA81F1490939
S315080230E027B0BDE8F04F89E50A21FDF793F82A686B
S315080230F01368C4F8D6305368C4F8DA309368C4F84B
S31508023100DE300023C4F8F030A4F8F430052384F83E
S315080231108C33D1E7052BCFD100230222C0F8FC302D
S3150802312080F88C3300F1D601C0E602290AD1297942
S3150802313001292FD1002380F88C334B48FDF7E4F898
S31508023140297905E0082908D10023022184F88C335D
S31508023150204627B0BDE8F04F72E50429ACD12B68AA
S31508023160B0F8D62019889142A6D15A88B0F8D83034
S315080231709A42A1D12A896968FCF73AF9C5079BD50B
S31508023180C6E5022998D1002380F88C33D8E70229AC
S3150802319007D1297909B9E988AEE6002384F88C3380
S315080231A0D6E705292CD12B68B0F8D6201988914282
S315080231B082D15A88B0F8D83093427FF47DAFB0F8FE
S315080231C080239A4207D0B0F884239A4203D0B0F8F3
S315080231D088239A420CD194F88D334BB10023A4F874
S315080231E0F43094F8DA3023F0010384F8DA308FE504
S315080231F000231D4884F88C33FDF786F80521A7E7D6
S31508023200082903D1002180F88C13A1E704297FF449
S3150802321053AF2B68B0F8D620198891427FF44CAF89
S315080232205A88B0F8D8309A427FF446AF2A89696834
S31508023230FCF7DEF800283FF43FAF022804BF00235C
S31508023240A4F8F43094F88D33002B7FF461AD7BE754
S315080232500425C0E50044400400015005C898002032
S31508023260D5330208788D030864720020002F7FF494
S31508023270FBAD0BEB0509A046CA46002704F10C0371
S315080232800793B8F88023B4F8D8309A4222D100239B
S315080232902046194698F88223FBF7EFFFD0B113238D
S315080232A08AF80030C2230AF1030211468AF801306D
S315080232B098F8823301378AF80230FFB2C31C1330FA
S315080232C053F804CB834241F804CBF9D10023924642
S315080232D0A8F88033079B08F104084345D1D19FB16A
S315080232E013227B1E5343013319F8032002F07F028F
S315080232F009F8032007EBC70307EB430794F894334F
S3150802330043F0020384F89433B4F8F420D4F8F010A6
S3150802331009EB07000DF1580811F0FDFACDF80880FF
S31508023320B4F8F430204608332B443B449BB2CDE92B
S3150802333000535B46B4F8D820B4F8D61003F014FE4E
S3150802334012A982463046FBF766FF03230022CDE91F
S31508023350082394F8B83494F8E0105BBB1B4A04EBD4
S31508023360811109A805F0E7FCB4F8F43008AA3B4431
S31508023370049203F10802CDE90292CDE9009342468E
S315080233801FFA8AF3099812A904F04AFE94F8B83487
S31508023390BDF8206013B9099804F05EFFAA195946C8
S315080233A0204692B200F03BF894F88D33013B84F83C
S315080233B08D3381E6042997BF054BFF205B1893F8E6
S315080233C09D030121FCF7F4FD0990CDE700015005A4
S315080233D0788D0308F0B50F460646114685B0A2B1A8
S315080233E014460C4D0FCC0FC594E8070085E8070074
S315080233F04FF4FA730221304601AA8DF80870ADF827
S315080234000A30FFF749FC05B0F0BD1C22014810F04E
S31508023410B4FAEDE774720020002208213CE430B5C4
S3150802342000F1D605134685B00A4629460446FCF736
S3150802343079F850B129462046FBF77AFF90F82730EB
S31508023440013380F8273005B030BD0221204601AA93
S315080234508DF80810FFF720FCF5E71FB55C1EC72C90
S315080234600FD890F88C430CB1052C0AD1029201911F
S3150802347001AA0021ADF80C30FFF70EFC012004B0BA
S3150802348010BD0020FBE72DE9FF411E462A4B0D46DB
S315080234901F68144697F88C339DF834800BB1052BB8
S315080234A047D1AA2D45D82A460146244811F033FAAF
S315080234B00023CDF80930039363886268ADF80430B7
S315080234C023888DF80A20ADF80630237A8DF808305D
S315080234D0637A013B8DF80E30B8F1000F10D0012146
S315080234E0174B83F800119DF82810C3F8F82083F8C3
S315080234F0F4100C9A9DF82C10C3F8FC2083F8F510EA
S3150802350026B196E803000F4B83E803002B4638469C
S315080235100A4A01A9FFF7A1FF044630B1002342F285
S3150802352010720221184606F0FDFF204604B0BDE8D7
S31508023530F0810024F9E700BF98710020B8710020D5
S315080235409C710020A07100202DE9F04F07680679CA
S315080235503B7885686C2B8DB03CD16A7B531E022B57
S3150802356038D87B78012B35D13B79012B01D0042B36
S3150802357030D1A949BB7891F8D80503F03F039842A0
S3150802358028D081F8D8358DF81E304FF41B71FF23E9
S31508023590ADF81C108DF81F3029890023ADF82410C8
S315080235A09E498DF82D200988CDE90233ADF82610FB
S315080235B005210193AA7B07A8009209AA8DF8203053
S315080235C00A918DF82C308DF82E30FFF75CFF043EF9
S315080235D00437F6B23B78042B00F0658208D8002B34
S315080235E000F04082012B00F053820DB0BDE8F08F47
S315080235F0552B40F05B820023874CDFF8208204F2C9
S31508023600DA59C4F8DA35C4F8DE35A9F808302A8951
S315080236108348A4F8DA25B8F8002041F28831A4F8DC
S31508023620DC252A7884F8E125252284F8E0257D4AD6
S31508023630FCF7BEFDFCF7C0FB78B17B4BB4F8DA2584
S315080236405B89934209D1B8F800209A4205D2142020
S31508023650FCF7D0FB012384F8E435B4F8DA35B4F87C
S31508023660DC259A42C1D0C82EBFD86F4DD4F8DA25C8
S31508023670C5F86A20D9F80420C5F86E20B9F80820DA
S31508023680A5F87220B4F83621934200D022B9B5F8CB
S31508023690782093421ED0EAB194F8E13593B9634B88
S315080236A01B78042BA1D00B20FCF7A4FB95F822303B
S315080236B01BB1012385F8673097E70DB0BDE8F04FD7
S315080236C004F098BF042B05D10C200DB0BDE8F04FCD
S315080236D0FCF790BB94F830207B78102A0ED103F0C1
S315080236E0F802E02A0AD1BA7803F0070302EB0323A9
S315080236F0C82B01D90D20E8E70E20D5E7DFF82CB153
S315080237009BF80000002856D0012854D0484B93F85D
S3150802371037200AB34FF0000883F837801023DFF802
S3150802372020A1C4F82A80CAF8048084F8303001231C
S31508023730C82241460AF14300AAF8088084F835816E
S3150802374084F83930A4F8368110F017F91A2241465E
S315080237500AF5877010F011F9D9F80410354BD4F828
S31508023760DA05B9F8082003C367631A8084F8386053
S315080237703A7897F80190552A97F8028097F803A0A5
S315080237803B797FF432AF09F0F802E02A00F0B28002
S3150802379014D8C02A36D0C82A7FF427AF1620FCF7D9
S315080237A029FB95F824204FEA1813B2EB181F40F0AC
S315080237B006810F2089E7FCF71DFBA7E7E82A00F038
S315080237C02681F02A7FF411AF2B7E2B4493F85830CA
S315080237D0012B00F0AF801B20FCF70CFB2B7E00218F
S315080237E0022085F82430FCF7FFFF6421002308FB3A
S315080237F00111114A114884F831800DB0BDE8F04F25
S31508023800FCF7D6BC94F8E43513B12B7E85F8243040
S31508023810062E17D8012058E7C8980020F46700201A
S31508023820DC96002025030208B49600203097002073
S31508023830A0A60020E89800201D100208EC96002099
S31508023840F29800203246394641F60F50E5F718FD40
S315080238500028DFD194F830304FEA1A15B3EB1A1F55
S3150802386002D0102B7FF446AF09F0070908EB0929A5
S31508023870B9F1C80F3FF63EAF00269E4B4FF448718A
S31508023880A3F110009C4AFCF793FC84F830502544B7
S3150802389085F85D6094F838501A22063D3146EDB235
S315080238A0964884F83551A4F8529110F066F8616B7F
S315080238B0238C04312A469248A4F8363111F02BF8A3
S315080238C0304694F83511FCF7C5FA00287FF48DAE18
S315080238D094F83521B4F852319A4207D10320FCF7FD
S315080238E089FA0DB0BDE8F04F04F034BE002384F81F
S315080238F05C307AE694F8E42512B12A7E85F824200B
S31508023900072E059386D93246394641F60F50E5F712
S31508023910B7FC00287FF47EAF04EB1A1292F85D20FA
S31508023920059B012A4FEA1A1106D19BF80030012B92
S315080239307FF45BAE1520C8E694F83020914202D097
S31508023940102A7FF4D7AE0AF0070A073EF6B203EB4F
S315080239500A2A84F835615644C82EE6DC09F00709B6
S3150802396008EB0929B9F1C80F3FF6C4AE614B4FF40B
S315080239704871A3F11000604AFCF71AFC504694F805
S315080239803511FCF767FA00287FF42FAE616B5C48A5
S3150802399094F8352105315044A4F8529110F0BBFF32
S315080239A094F83531B4F85221534493429EDB1220DF
S315080239B0FCF720FA0DB0BDE8F04FFCF733BC2A7EBF
S315080239C09A427FF4F6AE228CB5F878309A4204D041
S315080239D0B4F836310BB1102077E64FEA0828494881
S315080239E008F4E068FCF790FC4AEA080A1120A5F8F0
S315080239F002A0FCF7FFF995F822301BB1012385F8DE
S31508023A006830F2E50DB0BDE8F04F03F0DDB91620D7
S31508023A10FCF7F0F995F824304FEA1816B3EB181F9D
S31508023A203FF4C7AE2B7EB3427FF4C3AE228CB5F801
S31508023A3078309A4203D0B4F83631002BCBD13148CC
S31508023A40FCF762FC2B7EB3420AD1012300212E44E5
S31508023A5086F858306B69A5F878100BB1084698476E
S31508023A60222032E628890DB0BDE8F04F04F006BFE1
S31508023A7008339342BFF4B9AD187879788842F7D1FA
S31508023A802A46314638465B680DB0BDE8F04F1847FE
S31508023A901D4B1E4AEDE7187879788842F0D008332C
S31508023AA09342F8D3A1E51A4B1A4AF9E71F2B7FF678
S31508023AB09CAD9F2E3FF699ADDFF85C80E02200218F
S31508023AC008F5BD600FF059FF08F5D364324639464A
S31508023AD008F2EC5088F8966610F01DFF0FCD0FC459
S31508023AE02B682360802388F8E8350DB0BDE8F04FCF
S31508023AF004F08CBA2499002045030208009A002093
S31508023B003599002004990020206300089063000874
S31508023B1090630008C0630008C898002008B5FCF73F
S31508023B20DBFD184A92F8F433013B82F8F433164B5C
S31508023B3018689F2390F8C12080F86F3442F001027A
S31508023B4080F8712490F8C420062380F87424002291
S31508023B5080F8EC200122B0F8C21080F87034A0F880
S31508023B60721480F8973480F8E62000F1E20100F238
S31508023B706F42FFF772FCBDE808404FF47A7004F012
S31508023B80C5BA00BFC8980020B091002008B50A4BF4
S31508023B90186800F26F4290F8973400F1E201FFF7D5
S31508023BA05CFC064A30B192F8F433013BDBB282F888
S31508023BB0F43308BDFF23FAE7B0910020C898002025
S31508023BC010B50D4C237A33B90C481023224603212B
S31508023BD00068FDF76DFD237A63F03F032372E37AEB
S31508023BE023F00103E372237B63F03F032373E37B32
S31508023BF023F00103E37310BD918C0020C01F00203F
S31508023C0010B500248CB0CDE90744CDE90944ADF8D6
S31508023C102C40FFF7D5FF164B16489B68CDF82A307D
S31508023C20154B1A7807ABAAB142F2046204937F23B2
S31508023C30ADF82820CDE902434FF480520623CDE998
S31508023C40003240F6FF7201880AAB0420F7F708FE35
S31508023C500CB010BD0193102342F201620093ADF835
S31508023C6028200A23FF2109AA0088FCF7C9FEEFE7E4
S31508023C70918C0020F4670020FC6D0020F8B50C46F4
S31508023C8015461E46002847D0416887682144B9422E
S31508023C9042D80778022F03D9032F08D00120F8BD8E
S31508023CA0C068EAF74FFE003818BF0120F7E7013C63
S31508023CB0042C2FD8194B03EB4403B3F8F601B0F5DD
S31508023CC0505F0FD100F100605A22294600F5F6200E
S31508023CD004F037FA1022124805F15A0104F031FAB3
S31508023CE00020DCE700F47043B3F5805F06D1C0F329
S31508023CF00B0040F07E6032462946EFE700F4604347
S31508023D00B3F5005F06D1C0F30B0040F0006040F443
S31508023D10FC20F0E70020EEE70420C0E7788D0308D0
S31508023D2060E40708E82870B504460D4619D8FBF77B
S31508023D30BFFFB0B1E0B204F013FD1320094A04F044
S31508023D40030300FB032329880748A3F8B913A1082C
S31508023D504C23BDE87040006802F56A7201F50071ED
S31508023D608CE770BDC89800204C7300201C232DE9EF
S31508023D70F0411F4AD15C49B101335C00537F4BB114
S31508023D8001251C4FAE000021B6B216E0013BF1D266
S31508023D90BDE8F081012188B2FBF78AFF30B1154BE5
S31508023DA04FF40071186804F0BFF9E9E701310429F4
S31508023DB0F1D1E5E7013104290AD0701880B2FBF780
S31508023DC077FF0028F6D0386805F5007104F0ACF9DB
S31508023DD00135AC42D6D81D22002105480FF0CDFD8B
S31508023DE0BDE8F04103481E230421014A006845E75D
S31508023DF0567300204C73002010B50D4A537FB3B199
S31508023E0000230C4C0421537720681E23FFF736FF44
S31508023E10012188B2FBF74CFF48B901310429F8D1D0
S31508023E2020684FF40071BDE8104004F07DB910BD5A
S31508023E30567300204C7300207FB5002304460E4EAD
S31508023E400D46CDE90133ADF80C3003210A2330685B
S31508023E5001AAFDF72DFC0CB1236801930A2303215D
S31508023E60306801AAADF80850FFF708FF10B9019AA1
S31508023E70024B1A6004B070BD4C730020E06F00203C
S31508023E8038B505460C46FFF7D7FF0A4A136833B119
S31508023E90286855685DB10146224628469847064B6A
S31508023EA04FF400611868BDE8384012F0E9BD2146B2
S31508023EB09847F4E73C74002030680020002330B5A8
S31508023EC004460B4D85B0CDE90133ADF80C3001AA95
S31508023ED00A2303212868FDF7EBFB0A230321286836
S31508023EE001AA8DF80A40FFF7C9FE05B030BD00BF2A
S31508023EF04C730020002330B504460B4D85B0CDE93E
S31508023F000133ADF80C3001AA0A2303212868FDF70C
S31508023F10CFFB0A230321286801AA8DF80B40FFF775
S31508023F20ADFE05B030BD00BF4C73002010B5102899
S31508023F3004460B4690B03ED00BD8032824D004285A
S31508023F402DD0022810D00120B0FA80F0400910B016
S31508023F5010BD112836D01428F5D12022FF21684633
S31508023F600FF00BFD20230DE0194A6946D2F8A20389
S31508023F7092F8A62300908DF8042020460522FEF723
S31508023F8017F905236A4610E000226946CDE90022A0
S31508023F90ADF808200A22FEF70BF90A23F2E71E22D9
S31508023FA00C49FEF705F91E230A4A0B482146006802
S31508023FB0FFF764FEC8E74022FF2168460FF0DDFCE2
S31508023FC04023DFE701226946FEF7F2F80123D9E723
S31508023FD0788D0308567300204C73002008B500211B
S31508023FE00220FFF7A3FF90B100210320FFF79EFFEF
S31508023FF068B100210420FFF799FF40B10021102083
S31508024000FFF794FF18B100211120FFF78FFFBDE8D3
S31508024010084003F0EFBF70B50546C0B20C46164617
S3150802402004F09EFB1321194B05F0030201FB023330
S3150802403021461A4604F1100051F8044B814242F80F
S31508024040044BF9D10978124C11703288A908A3F8E1
S31508024050112020684C230D4A01F50071FFF70EFE68
S315080240602846FBF725FE78B955B129460948E5F7EA
S3150802407023F920681E23BDE870400421054AFDE5A0
S315080240800122044B5A77F4E770BD00BF709C0020EA
S315080240904C7300205673002030B50E4B0E4C1B682D
S315080240A085B093F8B95400230321CDE90133ADF85D
S315080240B00C3020680A2301AAFDF7FAFA38B90A234E
S315080240C00321206801AA8DF80C50FFF7D7FD05B029
S315080240D030BD00BF987100204C7300202DE9F04FC7
S315080240E0D0F800B005469BF800600479982E8768D8
S315080240F0E7B000F0B3839F2E40F04E850023CDE94A
S3150802410010339F4B0DF13C081B88A8F800303B89F9
S31508024110A8F802303B7813F00C0F14BF01220022D4
S3150802412088F8073088F8052003F002023B7B42F044
S31508024130050288F8062088F808309BF800309F2B7D
S3150802414040F089839BF80130062B23D19BF8053072
S3150802415013F0060F1ED18B4B1978D9B98A4B142244
S3150802416041A8409320910FF008FC44F2010140A8AF
S31508024170FBF7DEFE854B8649439302F09DFF08B1A5
S315080241808B3007D1834B20AAD3F8640503F5AD61BA
S3150802419003F035F8804BCDF84CB01E689BF8013019
S315080241A0ADF85040022BCDF84880079329D0032B4F
S315080241B02DD0012B40F0358398F80530DA070DD457
S315080241C0022C0BD9414630469BF80220FBF7FCF835
S315080241D020B141463046079AFBF7E8F99BF80130C9
S315080241E0013B022B00F232836A4CE022002104F5DD
S315080241F0BD600FF0C2FB842384F8E83503F006FF9E
S3150802420029E30421304612AAFEF746FDE6E7002511
S31508024210CDE91C55CDE91E55CDE92055CDE92255E6
S315080242209BF803300B2C0A93D8D998F80530DB078C
S3150802423014D50A9BDF0721D412AA06213046FEF7B7
S315080242402BFD564ABDF83E301660B6F8E4209A426F
S31508024250C4D14FF40170FEF70DF9BFE74146304667
S315080242609BF80220FBF7B0F80028B7D04146304643
S31508024270FBF75EF80A9B0546D8076FD54FF000088C
S3150802428004270BF1040999F800A05744BFB2FB1D95
S315080242909BB29C42A2DDBAF1000F9FD099F8012089
S315080242A002F03F03032B39D0042B49D0012B51D1FD
S315080242B075B395F82930032B2AD1BAF1120F27D1F3
S315080242C009F102030DF1800C09F1120E6246186813
S315080242D05968083303C273459446F7D12B460DF144
S315080242E0700C05F1100E624618685968083303C245
S315080242F073459446F7D1052385F8293095F8283071
S31508024300284606EB831320331CAA20A9FBF726FAB4
S3150802431099F90130002B43DAD144B4E7BAF1030F15
S315080243207FF45CAF9DF841303046DB4399F80220B2
S31508024330BDF83E1003F00103FAF79FFF8046E7E750
S31508024340BAF1020F7FF44AAF3046BDF83E10FAF7CB
S31508024350A5FDDDE751063FF541AFD9E798F8058097
S3150802436018F0010840F0FD81002D00F0008195F853
S315080243702930053B012B00F2F280042722E000BF18
S31508024380F4670020869800204171FF0000000209A8
S315080243902C9E0020C898002098710020B091002019
S315080243A09DF84130DA0740F18C80B8F1000F00F031
S315080243B0D88198F81420012A40F0CA8198F8023068
S315080243C0ADF83C30E31B9BB20DF580790893304675
S315080243D05B46CDE90149BDF83C20BDF83E10009781
S315080243E002F0C2FD0B90BDF82C300BEB070A0993BD
S315080243F0002D00F0BF8096F88C334BB995F829301A
S31508024400052B05D15146089A06F2913010F083FA27
S315080244104FF0030996F8C83095F828201341D807B3
S3150802442029D518A92846FAF7F6FE04230E9396F814
S31508024430B83495F82810002B50D1B64A06EB8111EC
S315080244400EA804F078FC089B0DAC0833CDE902A34C
S31508024450089B0E98CDE900A30494BDF82C3040AA17
S3150802446018A902F0CDFB953096F8B83442D113B9A3
S315080244700E9803F0F1FE96F88C335BBB95F829305B
S31508024480062B27D095F82830089A0133DBB2032B7E
S3150802449028BF002306F2913185F82830504610F0DD
S315080244A03AFA95F82830284606EB831320331CAAD5
S315080244B020A909F1FF39FBF751F919F0FF09A9D12A
S315080244C008E0002D00F0378195F82930053B012BCD
S315080244D07FF678AFB8F1000F33D140E0042997BFD1
S315080244E08D4BFF205B1893F89D030121FBF760FDB6
S315080244F00E90A8E7278813B90E9803F0ADFE002F91
S31508024500B9D0062395F8282085F829308DF8462053
S315080245100FABB8F1000F1FD09DF8412042F00202FE
S315080245208DF8412098F81420022A11D115930721F3
S315080245303046C6F8FC8015AAFEF7AEFB099B002B8F
S3150802454066D1022388F81430022385F829304FE011
S315080245504046FAF78FFCF1E7099B002B58D1022354
S3150802456085F829309DF84130DC073FF565AE012311
S315080245700793E7E003230E9398F81310674A06EBAE
S31508024580811110310EA804F0D6FB18AA08F103010E
S315080245900E9803F06CFE0E9803F05EFE4046FAF79C
S315080245A069FC042315950E9398F81310594A06EBDD
S315080245B081110EA804F0BFFB089B15AC0833CDE9A0
S315080245C002A3089B4A46CDE900A30E98BDF82C30F3
S315080245D0049418A902F014FB95300CD10E9803F036
S315080245E03BFE98F813308DF84630022388F81430CB
S315080245F09DF84130B2E00E98278803F02DFE98F810
S3150802460013308DF84630002FEFD0099B002BECD0E3
S315080246100A9B13F0020446D0D046002498F800906C
S315080246204C44A4B2BC423FF6D9ADB9F1000F3FF4EF
S31508024630D5AD98F8013003F03F02022A2FD19DF832
S315080246404130D9073FF5CAADB9F1130F7FF4C6ADAC
S31508024650012398F80220BDF83E103046FAF70DFEFF
S3150802466008F10303C21C08F1130153F804CB8B4269
S3150802467042F804CBF9D14FF00103037595F82830B7
S31508024680C3749DF84130DA0703D443F002038DF868
S31508024690413098F90130002B42DAC844BEE75B067E
S315080246A03FF59CADF5E70521304612AAFEF7F4FA66
S315080246B01AF804200AEB04059F2A7FD16B780E2B81
S315080246C07CD09DF84110C8073FF588AD112B4FD015
S315080246D0132B61D00D2B68D10E239DF8460086F860
S315080246E06F24013086F87034C0B2FBF73BFD0478BC
S315080246F04168262C3FF672AD224606F2714010F04A
S315080247000AF9A31CDBB206F26F4230460FA9FEF77E
S31508024710A4FE63E500015005788D030800444004B1
S315080247203F1BBFB20521304612AAFEF7B5FA002F83
S315080247303FF454ADBCE7B8F1000F3FF418AF0223BB
S3150802474088F814303046079A0FA9FAF72FFF73E54F
S31508024750022288F81420002D7FF4F6AEDD07F1D583
S315080247606AE5002D3FF468AD022385F8293063E532
S31508024770022F7FF433AD96F8B93440AA002B079B73
S3150802478008BF0123079341F29F23ADF80031079B27
S315080247908DF802310323B8E7032F7FF41FADAB78F8
S315080247A086F8B934FFF778FC18E5C6F8F050A6F88B
S315080247B0F4700FA93046FEF767F90FE540AC1422EC
S315080247C0002120460FF0D9F89DF84330012F8DF8C5
S315080247D00031BDF83E30ADF80831BDF83C30ADF8D1
S315080247E00A319DF844308DF80C319DF8463003F1B4
S315080247F001038DF80D313FF4F1AC9DF84130209557
S31508024800990744BF0122554B8DF8847048BF1A7028
S31508024810534B22941B68002B3FF4E0AC20A8984720
S31508024820DCE496F88C331BB1079B072B7FF4D6ACD6
S3150802483098F80530DA073FF5D1ACFF234146C6F8AA
S31508024840F0B0A6F8F44088F80A30B3E7FBF7A4FA02
S3150802485000287FF4C9AC67B0BDE8F08F414B1A78DF
S31508024860002AF8D19BF801303E78402B06F0020662
S315080248703D7A46F0210661D00AD8042B3ED0062B93
S3150802488023D0022B4FD067B0BDE8F04FFDF748BAE8
S3150802489003F0BF0181296FD0802BF4D1092CF2D9FC
S315080248A0314C324B2188A942EDD119786088884269
S315080248B0E9D10BF10203284603F008FF637C012BBA
S315080248C043D80220FBF720FEDDE77B7B042BDAD1F7
S315080248D0274F3B78022BD6D1112CD4D980200BF145
S315080248E0020104F0ABFCFDF7DDF908B10123FB6117
S315080248F00123FE607D6487F84030C4E70792FEF71D
S315080249009FF8F7F73FFF1B4B079A022C1A7007D935
S315080249100122174B9A61DE605D6383F83220B2E7A3
S31508024920FBF72CFAAFE77B7B042BACD1104BDA6290
S315080249300122DE605D6183F82820A4E70B4B32462C
S3150802494028461978FAF796FE9DE7032B04D0022B20
S3150802495099D1237C002B96D00420B3E788980020AF
S315080249609C710020FC6D0020E06B0020F46700209B
S31508024970C09100202D920020A4F11408944B5FFAEE
S3150802498088F8B8F1800FCDE91822CDE91A22CDE9C7
S315080249901C22CDE91E22B3F8009000F2A0800BEB90
S315080249A0040313F809CCDBF80200DBF806105FFAF9
S315080249B089F918AB03C30092294662464846FAF7B4
S315080249C01FFB002800F08B8048462946FBF7D0FCDF
S315080249D0804A1046FBF7C0F930B953784B4503D1E4
S315080249E01378AB4200F08B807B48FBF7B5F940B9E8
S315080249F092F88D304B4504D192F88C30AB4200F0D8
S31508024A0081807448FBF7A8F9002874D17248FBF72D
S31508024A10A3F9002863D00121DFF8BCA18C20414309
S31508024A20501855546D4A80F80190126802F51C52C6
S31508024A301032C0F8882000228AF802209AF802204A
S31508024A4022B19AF884202244942A48DC9BF8012051
S31508024A508DF80291A4F113090BF10A035FFA89F999
S31508024A6019468DF8002141A84A4607938DF8015147
S31508024A708DF803910FF04FFF594818A9FAF7B0F9C4
S31508024A80A4F10F011CAAC9B240A8FAF71BFBA4F1AC
S31508024A900801082259441CA80FF06FFF0890F0B9C4
S31508024AA0504818A9FAF79CF949460798FAF7EAFA14
S31508024AB09BF80A2012F010095CD0930625D402F05E
S31508024AC00F028AF8032001228AF884808AF80220D3
S31508024AD00BF10B0142460AF104000FF01CFF9BF88A
S31508024AE00130C12B7FF4B7AE394B324628461978C6
S31508024AF0FAF7C0FDAFE60021DFF8D8A08EE7DFF8A7
S31508024B00D4A09BE7DFF8D0A098E79AF8021001290B
S31508024B10E5D19AF8031002F00F029142DFD1022280
S31508024B209AF884908AF802200AF104014A4620A8D3
S31508024B300FF0F1FE20AB03EB0900A4F114020BF10E
S31508024B400B010FF0E8FE0322089BC144CAF888301D
S31508024B508AF802205FFA89F8B8F1000FBFD0042359
S31508024B6040A87B7320AB40938DF804814297FFF7E8
S31508024B70B5FAB4E7A4F114020BF10B0120A80FF061
S31508024B80CAFE032202218AF8022048460122CAF8EE
S31508024B90889005F0A3FADFE76C2E9BF8011001D185
S31508024BA001290ED03046FAF7BFFF00287FF453AE2C
S31508024BB00D4B1B7813B11F2E3FF64DAE9E2C3FF6BA
S31508024BC04AAE284667B0BDE8F04FFEF7BDBC00BF47
S31508024BD0F4670020C86A0020546B00206C6300202A
S31508024BE0039D0020F39C0020FC6D00202DE9F04F68
S31508024BF089B004464569F4F740FE267E237800F11B
S31508024C0009095FFA89F9A6EB0906052B95F80080CA
S31508024C10F6B200F08A800A2B00F087804FF0010B6B
S31508024C20013EF6B20023A374A31C04221846724955
S31508024C3001930FF0A2FE08B10123A3746F4B1B78F0
S31508024C40013B012B40F29780072E40F2948008F030
S31508024C501F08B8F1020F71D10E2E40F28C806B78C4
S31508024C60580707D5664B22891B889A4202D0A07933
S31508024C70FBF746FFEA7802F00F0303EB1213042B45
S31508024C8079D105F108031A460327009312F8010D94
S31508024C9078B112F8013C002B6DD0114601235FFA58
S31508024CA087FC11F801ED864565D00133DBB2634511
S31508024CB0F7D9013FEAD1DFF848A12289BAF80030CC
S31508024CC09A4240D000224F4B1A704F4B227C1A70E0
S31508024CD02078F5F729FB4D4BB8F1020F187040F012
S31508024CE09F80A37C13F0010345D1687800F0030086
S31508024CF0032840D1BAF800602289B2423ED1444A1A
S31508024D0092F86514002936D0A17982F8653403F041
S31508024D1075FA01212378A07905F10A02FAF799FBB7
S31508024D2009B0BDE8F04FF8F79FB8E269023ED379B9
S31508024D304FF0020B013BD371F6B273E7B8F1010FDC
S31508024D408DD1112E89E7A37CD907BBD463691B7A57
S31508024D501F2BB7D92F4B1B685B69029311F010F80A
S31508024D60029BDA6B9B6B0392029311F047F8DDE91B
S31508024D7002329A42A6D109B0BDE8F08FEA7812F05B
S31508024D800F01F8D02944C978B142F4D1207E09F13D
S31508024D900F0159448842EED10F32EA700F22AB70E6
S31508024DA0E3691B494B4481F81427C1F8C83601F256
S31508024DB0157203F10C0053F8045B834242F8045B54
S31508024DC0F9D1188810809B78134893700022134BE8
S31508024DD01A70D4F80230C1F8CE36E388A1F8D23672
S31508024DE02389A1F8D436E37A81F8D736402109B067
S31508024DF0BDE8F04FF6F7D0BFE06F0020F19700202C
S31508024E00F4670020A09800206C88002006960020EF
S31508024E10C8980020906F0020909F0020757300208C
S31508024E20BAF80010EB1CEA1D13F8010F8842A2D04B
S31508024E309A42F9D1A37994F80BC08B429BD0002BE6
S31508024E4008BFEF23994A107A38B1EF2B107840F051
S31508024E509280FE288FD0EF288DD00C32002F00F0DA
S31508024E60888027898F420FD0914B1B7813F0300F19
S31508024E700AD113F0010307D0B8F1010F00F08A80B6
S31508024E80A27CD20740F19A808A4B27891B88BB42AB
S31508024E907CD1A37C03F0010158EA01017FF46BAFD0
S31508024EA043F08003A374636908336361237E083B76
S31508024EB0A3EB0903A3EB0B032376A37A1B0749D5B6
S31508024EC0EE1C32462378E088FAF7C3FAF7F7CCFFE6
S31508024ED00F222946784B83F8142703F2157005F139
S31508024EE00C0251F8047B914240F8047BF9D10A88F6
S31508024EF002808A78827093F8D62622206FF3C3023C
S31508024F0083F8D626052283F8DB26E17A83F8D716B4
S31508024F10D4F80220C3F8CE26664A1288A3F8D22607
S31508024F20E28883F81507072083F81E1783F8160701
S31508024F30A3F8D42683F81D27D5F803205F48C3F8BB
S31508024F401F2700223379402103715D4B57381A70A7
S31508024F50F6F722FF5B4BE28805A81A812289079396
S31508024F605A8162690592227E8DF81820FFF7B6F8F3
S31508024F7001E7012767E798427FF46FAF50786045EB
S31508024F806AE7BAF80030BB423FF4F5AEFF2F7FF46A
S31508024F90F2AE7EE74C4A02931278002AF1D0042236
S31508024FA04A4900980FF0E9FC029B38B1697A2A7AD5
S31508024FB00A43A97A0A43E97A0A43E2D13E4F97F8A5
S31508024FC038223AB197F8F0221AB1022387F85D34EB
S31508024FD0D1E61A46237E87F85D24802B3FF6CBAEB0
S31508024FE0B821B8F1010F08BF384B394808BF1B680A
S31508024FF0DFF8E4A008BFAB6012FB01F301FB027203
S3150802500000EB030C853318442946C2F8700282F86D
S31508025010BC623246CAF800C00FF07DFCA079F9F7E7
S3150802502097FF0C2303FB0077E37A87F85D31294B58
S315080250301B6803F56163C7F86031012387F8643199
S31508025040FAF79EFCEA7802F0F003013B3F2B3FF6A3
S315080250501BAF184B12F00C0F18887FF415AFDAF84D
S315080250600030019903F13E0701F10C0C51F804EBEB
S31508025070614547F804EBF9D10988083E39809F6BE8
S3150802508002F00F0139440F3A0871FA70A2795A8070
S31508025090227A1E729A8001221A7040229A7100227E
S315080250A0C3E90C22FBF7A6FCEEE600BF249A002011
S315080250B034680020F4670020C8980020E79F002083
S315080250C075730020A498002087980020E06F0020BE
S315080250D0009B00206C630020E09700202DE9F04F2A
S315080250E0DFF828818BB070B1D8F80040DC220021A5
S315080250F004F529700EF041FC4FF4D272002104F532
S3150802510080700EF03AFC00234FF4FA721846022118
S315080251103D4D05F0E5FA282200216846D8F80040F8
S315080251200EF02BFC40F209534FF4A0626946286838
S3150802513002F0AAFB04F52974814627464FF4A066B5
S3150802514040F20A5A3B7D2BB116233A463146286865
S31508025150FEF794FD0136564507F11607F2D1EA46DF
S3150802516000264FF0160BB1452F6832D128220021AE
S315080251706846D8F800600EF000FC384640F209434B
S315080251804FF48062694602F07FFB06F58076804618
S3150802519037464FF4806440F20A4997F829302BB112
S315080251A02A233A4621462868FEF768FD01344C450B
S315080251B007F12A07F1D16C4600274FF02A09B845AC
S315080251C014D10022022110460BB0BDE8F04F04F0BC
S315080251D085BF5AF8041BA1F5A0630BFB03431B7D8D
S315080251E013B9384602F0A0FF0136BCE754F8041B8F
S315080251F0A1F5806309FB036393F8293013B928687C
S3150802520002F092FF0137DAE74C730020987100200A
S3150802521008B5FF2003F00EF90120FFF75FFF034BE5
S315080252201878BDE80840FCF7DFBF00BFBC91002034
S3150802523070B500253A4B3B4C1868F7F785FD2046B2
S315080252402560FBF729FD29462046FEF719FE364B4F
S315080252501022364C294636481D700EF08EFB354B09
S31508025260294620681D7002F05FFF1021206802F0AF
S315080252705BFF1121206802F057FF0321206802F024
S3150802528053FF0421206802F04FFF0221206802F032
S315080252904BFF4FF4A065FEF769FD40F20A56FEF78A
S315080252A0ABFD29462068013502F03EFFB542F8D12A
S315080252B04FF4806540F20A4629462068013502F015
S315080252C033FFB542F8D1FAF7F3FE1B4B1B780BB93D
S315080252D01A4A13701A4C002123681B69186812F0BF
S315080252E0ADF923680021D86912F0A8F923680021CC
S315080252F0586912F0A3F9236800219B69186812F00D
S315080253009DF9104B1878F9F705FDF3F7FFFFF5F746
S31508025310DFFAFFF77DFFBDE87040E4F709BD00BF7D
S31508025320EC970020E06F0020FC6D00204C730020F3
S315080253300F7300201F730020966F0020956F0020C0
S31508025340906F002084A8002030B50446394DA3B0DA
S31508025350286803F01FFB012C17D1374CFBF7BAFC60
S3150802536023780021042B0CD10520E2F747FC0323FE
S3150802537002210020314A05F0D5F80523237023B00F
S3150802538030BD0620E2F73AFCF7E7022C12D12C4B85
S315080253901B78022BF3D100222A4B4FF4FA61C3F889
S315080253A06C240322244B28681A7023B0BDE83040C7
S315080253B0E3F7F1BF002CE2D1234B1A78012A36D043
S315080253C0224B1D4D187860B9FEF778FD2B781BB174
S315080253D001232B70FCF706FB00210846E2F70EFCB8
S315080253E01AE01B490978F9B1F2B120461C70FEF79A
S315080253F065FD2B781BB101232B70FCF7F3FAFFF737
S3150802540017FF8822002168460EF0B7FAC4236846B9
S315080254108DF8003003F0B6FA03220221002023B0E9
S31508025420BDE8304004F05ABE00201870CCE71C7064
S31508025430A5E700BFD48700201988002090D0030072
S3150802544018880020C898002024920020D0870020BF
S31508025450BC910020036813B5062B2ED8DFE803F0AB
S31508025460692D042D2F594800437D364C7BB1002106
S31508025470E02204F5BD60A4F848170EF07EFA8323ED
S3150802548084F8E83502B0BDE8104002F0BFBD027EDE
S3150802549001A984F8C825427E84F8C925827E84F843
S315080254A0CA25C27E284884F8CB25284A0068019274
S315080254B0C4F854271A4610F0CBFD02B010BD244C8E
S315080254C0236883B1234B1B7833B1037C23B90222A9
S315080254D0214B1A70FFF79CFE204A23680020118888
S315080254E098470023236002B0BDE81040FCF7B2BB20
S315080254F0174C236843B10321174A00201170174A33
S31508025500118898470023236002B0BDE81040FAF7D5
S3150802551035BC0F4C236843B102210F4A0020117093
S315080255200E4A118898470023236002B0BDE810404E
S315080255306EE6FAF723FCF7F725F90022084B1A70EC
S31508025540BBE700BFC8980020646E0020592A0208EB
S31508025550AC910020FC6D002024920020F467002004
S315080255602D92002008B5054B1B6833B10020FFF7C2
S31508025570B5FDBDE80840FEF78FBD08BD987100204D
S315080255802DE9F04FDFF884B185B0CDE901329BF8F9
S31508025590003006460D46002B40F0AD80F4F701FABE
S315080255A0019B8246012B02D1002800F0A4802946DD
S315080255B03046F4F723FE514B1B88834203D1294612
S315080255C03046F4F73DFEC1B20846F9F7F1FBFF286B
S315080255D00446DFF83C910DD149480278012A28D8B9
S315080255E099F800400132003C18BF01240270454A6E
S315080255F082F85847002022B209EBC20749F832005E
S315080256004FEAC208786009F83410E700BAF1000FC9
S315080256106AD05EBB6A7A120717D429463046F4F76F
S31508025620D5FA824609EB070282F801A005F10B01B9
S3150802563028E0354A127832B9324A92F85847B4FA0B
S3150802564084F46409D4E70124D4E7A97A09EB0702AA
S3150802565005EB1111097B304601F0180191712946B3
S315080256600392F4F7B3FA039A8246DDE729463046EF
S31508025670F4F7ACFA09EB0702012E82465070D5D12F
S3150802568005F10C0108F10208C844524640460FF0DB
S3150802569042F929463046F4F7AEFA18B15146404661
S315080256A0F9F778FB0198F4F73FFE09EB07014A7808
S315080256B042EA00124A7086B995F90520002A02DAEA
S315080256C06A7AD30615D4029B1A7A02F0010209EB0A
S315080256D00703D97962F30001D97101238BF80030E7
S315080256E0204605B0BDE8F08FFE2109EB070291704E
S315080256F0D8E70122EBE7FF24F2E700BFF4670020B0
S315080257001F730020C8980020F2970020A098002056
S315080257100F73002070B500F124030446303053F8A5
S31508025720042F22B1526812B10023E37070BD83427E
S31508025730F5D10D780DB10123F7E7E378022BF5D001
S31508025740EFF3108672B6201D0FF0A8FD40F2032370
S3150802575094F824006570638038B9EFF3108472B642
S3150802576011F078FA204611F0E0FB3046BDE87040A9
S3150802577011F0DBBB2DE9F3470446002859D090F80F
S315080257800190B9F1000F02D08578032D11D1FF25BA
S31508025790A9460EE0C1453ED00FF03EFC301A00285D
S315080257A024DA0A3754F8273041461A789868FBF7FC
S315080257B029FF4FF0000803274FF0FF36434604F14E
S315080257C0240050F8042F42B1D2F808A092F800E05B
S315080257D000225FFA82FCE64521D80133DBB2032BAD
S315080257E0EFD1731C25D0BD42D4D0D5E70FF014FCF7
S315080257F0351A84F80180A7700DD00026271D384671
S3150802580026620FF04BFD234629463846CDE9006647
S31508025810094A11F0EFF9012002B0BDE8F0875AF8FB
S31508025820221021B1B1423EBF1F46E0460E46013262
S31508025830CFE70020F0E700BF3D58020837B50C460F
S31508025840E9B18B78022B1AD80A3351F82330B3B14F
S31508025850E5784978ADB1012D11D11A789868FBF728
S31508025860D1FE0023637003232046A370FFF782FF4D
S315080258700DF107018DF807002046FFF74BFF03B02D
S3150802588030BD1A789868FBF7BDFE0323204665707B
S31508025890A37003B0BDE830406CE700BF0338C3B25B
S315080258A0012B08D81C22044B1860044B02FB003358
S315080258B05A6801325A607047D095002094950020A4
S315080258C0054B1B68012B05D81C2253430349CA58AA
S315080258D00132CA50704700BFD09500209495002027
S315080258E0094B5B681B78022B03D1032828BF0320C8
S315080258F07047032B07D1032804D0042814BFFF20BE
S3150802590001207047002070474CA6002002291CD0AF
S3150802591003D8012908D000230DE003390129FAD852
S31508025920D31CDB00642203E0D31C502253436022BB
S31508025930B3FBF2F39BB2064A0133D26902EB800249
S31508025940916911FA83F393617047931C0522EFE775
S3150802595004680020A1B1038803F44F41B1F5824FD0
S3150802596007D1DBB2413B012B03D8136823B9802345
S3150802597013606FF0850070470733DB08102BF8D0E9
S315080259806FF086007047038810B503F4E042B2F55B
S31508025990005F21F47E1213D1C3F30224042C0FD123
S315080259A081F0AA6484F4807434F47E1414D081F0ED
S315080259B0AA6484F4007434F47E140DD000210DE038
S315080259C042F20404A342F9D1134B9A420CBF6FF078
S315080259D086006FF0850010BDC1F305410E4CA24248
S315080259E014D1B3F5105F14D1438823F04002802AFC
S315080259F002D0B3F5807F0CD10B1F0C2B09D811F0FE
S31508025A00010F0CBF00206FF08600E4E76FF08500F7
S31508025A10E1E76FF08600DEE700014005054B5A69AB
S31508025A20D101FCD40121044A51605A689207FCD478
S31508025A30704700BF0040005900600059074A92F8B3
S31508025A40343053B10023064982F834300B68013BDF
S31508025A500B6013B9D36B5B6818477047E84200209E
S31508025A6040090020094B93F86B20910708D593F952
S31508025A706A20002AB4BF0222012283F86D207047E9
S31508025A8012F0080F14BF04220322F6E7E8420020A8
S31508025A9037B5124CD4F89450ADB903232A4600936D
S31508025AA02946012004F1980311F0B8FAC4F89400C3
S31508025AB020B907220A4B5A62FBF7F6FC2B462A46FE
S31508025AC0294610F0C5FA0021D4F8940010F04AFBD2
S31508025AD0013818BF012003B030BD00BFE8420020DC
S31508025AE00000085070B5194C194DB4F8E830012B6E
S31508025AF019D8B4F8E830012B14D1154D94F8EB6097
S31508025B0028680EF095FE86420CDA94F8EB200023FC
S31508025B101049286801320EF07FFEB4F8E830013BDE
S31508025B20A4F8E83070BD28680EF082FE94F8EA20E0
S31508025B309042DED30023074928680EF06DFEB4F8BA
S31508025B40E830013BA4F8E830CFE700BFE84200207E
S31508025B5058A60020D8A6002010B5044660B1074B07
S31508025B6007481B6898472046E2F744FCBDE8104000
S31508025B70044B03481B68184710BD00BFC8A4002081
S31508025B808C120020CCA400200023F7B507791360F5
S31508025B9004460E46436927B1FF2F1AD16FF08605D0
S31508025BA014E0002BFAD1A36823F47F4323F00303FE
S31508025BB0002BF3D14FF6F87362889A422ED8194B06
S31508025BC019481B68984750B16FF08F05284603B0ED
S31508025BD0F0BD6FF04042013B9342DFD2E3E707B9DB
S31508025BE001A83146E2F7BFFD104B05461B680E4871
S31508025BF0984710B1002DE9D1E6E7002DE6D10FCC82
S31508025C00D6F800C066460FC694E8030086E8030085
S31508025C10002FDBD1019BCCF81430D7E76FF085054E
S31508025C20D4E700BFC8A400208C120020CCA4002010
S31508025C302DE9FF474E4B06461B684E48894698474C
S31508025C40044628B16FF08F04204604B0BDE8F087F9
S31508025C503379002B6DD0D6E908A8BAF1000F7ED0A9
S31508025C60B8F1000F7BD0B8F5005F7BD208F12407A4
S31508025C7039460120EEF776F90546002875D03E4AE0
S31508025C8084601368514603605368243040F8203C08
S31508025C907368424640F8183C338820F8143C7388E7
S31508025CA020F8123CB36840F8103CF36840F80C3C04
S31508025CB0336940F8048C40F8083C0EF02CFED6F8FE
S31508025CC014A02146504602AAEAF7A6FC8C300ED04A
S31508025CD039462846E2F715FB6FF08A04274B254812
S31508025CE01B6898470028AFD0002CADD1AAE72B46EF
S31508025CF03A46504621460094EAF7FEF940BB50461A
S31508025D00214602AAEAF788FC804620B9029B9F42EE
S31508025D100BD06FF0980800215046EAF7A4FC3946E2
S31508025D202846E2F7EEFA4446D8E739462846E2F725
S31508025D30E8FA7369C9F80030337E012B0DBF0223D6
S31508025D4000236FF09604337618BFC9F80030C5E70A
S31508025D5039462846E2F7D5FA6FF09804BEE76FF09F
S31508025D608604BBE76FF08D04B8E76FF08C04B5E7DD
S31508025D70C8A400208C1200203C910308CCA4002061
S31508025D802DE9F0438146884617461E469BB0002BEE
S31508025D9000F0848010AD2822002128460DF0EDFD82
S31508025DA0284611F0C7F828B16FF0920420461BB0B6
S31508025DB0BDE8F083229B0F2B73D9D9F80030CDE9C1
S31508025DC00C00103B102BCDE90E0061D8364A22FA98
S31508025DD003F3DB075CD5354B1290CDE910301890EA
S31508025DE009A94846EAF72AF8044600284ED1284661
S31508025DF0099911F0A6F83946284611F0A2F869461B
S31508025E004846EAF7F4F8044600283FD16946284688
S31508025E10EAF72AF9484603A9EAF700F904460028E8
S31508025E2034D10124284603A9EAF71EF947F0005798
S31508025E30284606A9CDF8188007940897EAF714F9B0
S31508025E401B4B284609A90CAF09970A940B9311F024
S31508025E5081F828460EF070FF0446B8B93A4613464A
S31508025E6003CBAB42306071601A4606F10806F6D1DA
S31508025E7000233B550134102CFBD1239B1C600024C4
S31508025E80284611F057F8002890D08DE7212C02D128
S31508025E906FF08604F4E76FF09204F1E76FF0860478
S31508025EA084E76FF0890481E7010101000000040418
S31508025EB010000020F0B5044615461F460E468BB064
S31508025EC019B96FF086000BB0F0BD0028F9D0202270
S31508025ED0002102A80DF051FD2388CDE90665B3F528
S31508025EE0105FEED16388C02B14D0B3F5807F13D030
S31508025EF0802B13D110208542CDE90200E1D3139BF2
S31508025F0039460193129B02A80093DDE91023FFF795
S31508025F1037FFD8E71820EEE72020ECE76FF0850078
S31508025F20D1E72DE9F041054616461F460C46A6B0AE
S31508025F30002900F0B280002A00F0AF80202200215A
S31508025F400CA80DF01AFD2146324628460CABEAF794
S31508025F5071FC044668BB2D8805F44F43B3F5824F9E
S31508025F602BD1413DEDB2012D94BF0025012514AE7A
S31508025F700DF1300CBCE80F000FC69CE80F0086E84E
S31508025F800F00202300221993169B01A923F0807380
S31508025F9023F4804343F4005307EB050814A8CDE91C
S31508025FA0172816930192E9F7BBFE014638B16FF03E
S31508025FB09204204626B0BDE8F0810125D7E7019E66
S31508025FC02E44202E01966BD828221CA80DF0D5FC4B
S31508025FD01CA810F0AFFF0028E9D1012314A91A461C
S31508025FE00CA8E9F7D2FE48B101285ED16FF08B04FE
S31508025FF01CA810F09FFF0028DBD0D8E70E9B13F4ED
S31508026000C04F54D02B4B1E90CDE91C30249009A9C1
S315080260100CA8E9F713FF0028E6D109991CA810F085
S3150802602090FF03A90CA8E9F7E2FF0028DCD103A92F
S315080260301CA8EAF719F806A90CA8E9F7EFFF002841
S31508026040D2D106A91CA8EAF70FF802A914A8E9F7FB
S3150802605067FE0028C8D1029B202B28D8012243F0CC
S31508026060005309A91CA8CDF824800A924FF0030808
S315080260700B9310F06FFF1CA80EF05EFE012812D1DA
S31508026080B8F10108F7D1B1E70DB104233B702C9B97
S315080260901E60ADE76FF08504AAE76FF0860488E70D
S315080260A06FF0890485E70028EED04828F2D06FF011
S315080260B092049DE7000001022DE9F0479EB00446CE
S315080260C0DDE92795DDE9297892460E4629B96FF06A
S315080260D0860630461EB0BDE8F087002AF7D00DB90D
S315080260E0002FF4D12388B3F5105F40F0928028225E
S315080260F0002114A80DF041FC202200210CA80DF065
S315080261003CFC14A810F016FF00287BD131465246F3
S3150802611020460CABEAF78EFB06460028D9D10C9B23
S3150802612023F00802102A01D0202BD0D1A9455DD22E
S3150802613009F110039D4256D20F2FC8D9494610229B
S3150802614028460EF02AFCA9460023334A09A90CA8B8
S31508026150CDE9142316931C93E9F770FE044600282A
S3150802616034D1099914A810F0ECFE102114A810F0E5
S31508026170E8FE69460CA8E9F73AFF044630BB6946C9
S3150802618014A8E9F771FF03A90CA8E9F747FF044623
S31508026190E0B903A914A8E9F767FFCDF818904FF0FC
S315080261A001091E4C06A914A8CDF81C900894E9F713
S315080261B05BFF09A914A80995CDF828900B9410F04D
S315080261C0C9FE14A80EF0B8FD0446F0B13A460021FD
S315080261D028460DF0D2FB0023012CC8F8003011D155
S315080261E06FF08B0675E70F2FAED870E70F2F7FF685
S315080261F06EAF002DA8D13A46294628460DF0BDFBBA
S31508026200C8F800506FF0920663E71023C8F800300A
S315080262105FE76FF085065CE70001000410000020C6
S315080262202DE9F04FAFB01E46DDE93B958046CDE934
S3150802623000123D9FE8B1038803F4E042B2F5005F1D
S315080262401AD1C3F30222042A16D186F0AA6383F46A
S31508026250807333F47E1306D086F0AA6383F4007340
S3150802626033F47E1311D1C6F30544AC4201D8102C7F
S315080262700CD96FF0860A60E042F20402934204D116
S3150802628086F0052383F48013EAE700242D1B09EB25
S31508026290050B2246594618A80EF03DFB009B002B1B
S315080262A0E7D031464046FFF76EFB8246002844D1C6
S315080262B00146282224A80DF060FB202251461CA87C
S315080262C00DF05BFB24A810F035FE002839D1DDE974
S315080262D0001240461CABEAF7ADFA824668BB3E9A04
S315080262E0954200F2A580B94507D2BB4505D949466C
S315080262F02A4638460EF051FBB946504A26F47E160F
S31508026300964240F0988014F03D0FB2D014F0010284
S31508026310AFD14B4978198842ABD84A491CA8CDE96E
S31508026320241215A926922C92E9F788FD60B1212834
S315080263309FD02C2805D16FF0940A50462FB0BDE89D
S31508026340F08F6FF0920AF8E7159924A810F0F9FD74
S3150802635044F4502124A810F0F4FD3A9924A810F028
S31508026360F0FD294624A810F0ECFD03A91CA8E9F7BC
S315080263703EFE0028DBD103A924A8E9F775FE06A983
S315080263801CA8E9F74BFE064620B121283FF471AF57
S315080263902C28CFE74FF0010806A924A8E9F764FEDE
S315080263A03A9B399ACDF8249045F00059CDF82880C1
S315080263B0CDF82C900C9243F00052CDF834800E9210
S315080263C0389A0FA90F92204A24A8CDF84080119234
S315080263D0E9F74AFE0CA924A8E9F746FE09A924A862
S315080263E0E9F742FE12A924A8129744F00054CDF800
S315080263F04C80CDF8509010F0ADFD18AA15A924A826
S315080264001592CDF858801794E9F72EFE24A80EF0B7
S3150802641093FC044610B93F9A15608EE72A46314620
S3150802642038460DF0AAFA212C3FF423AF2C2C81E72B
S315080264306FF0890A81E76FF0880A7EE70001400556
S3150802644000000120000006040D0000202DE9F04F8F
S31508026450ABB01D46DDE93784DDE93973A3428146CF
S31508026460CDE9001205D86FF0890A50462BB0BDE86F
S31508026470F08F009B07EB040B23B118B1B8F1000F9C
S3150802648003D1C4B36FF0860AEFE7A4B3002FF9D09D
S31508026490B9F8003003F4E042B2F5005F2FD1C3F336
S315080264A00222042A2BD185F0AA6383F4807333F47B
S315080264B07E1306D085F0AA6383F4007333F47E1341
S315080264C026D1C5F3054629464846FFF75CFA8246B1
S315080264D00028CAD10146282220A80DF04EFA202209
S315080264E0514618A80DF049FA20A810F023FD88B1E4
S315080264F06FF0920AB9E7BBF1000FC9D1C2E742F2BF
S315080265000402934204D185F0052383F48013D5E768
S315080265100026D8E74846DDE9001218ABEAF78AF9F9
S3150802652082460028A1D13A9B1A1BB2429BD3474501
S31508026530DFF8649125F47E1535D908EB04029742F3
S3150802654024D22246414638460EF027FA4D4540F0F7
S315080265509980B846002C2FD1022E1ED0102E1CD898
S3150802656016F0010219D149493819884215D84849FD
S3150802657018A8CDE9201215A922922892E9F75EFCFD
S31508026580F0B1212809D06FF0920A08E04D4579D179
S31508026590002CE1D0B8F1000F0ED16FF0860A002266
S315080265A03B9B1A6061E74D456CD1002CD4D0B8F1FB
S315080265B0000FF2D0002FF0D0B4F5803FCCD3ECE731
S315080265C0159920A810F0BDFC46F4502120A810F019
S315080265D0B8FC369920A810F0B4FC214620A810F081
S315080265E0B0FC03A918A8E9F702FD0028C9D103A936
S315080265F020A8E9F739FD06A918A8E9F70FFD00282A
S31508026600BFD1012506A920A8E9F72EFD369B359AA2
S31508026610CDF8248044F000580A95CDF82C800C92C7
S3150802662043F000520D950E92349A0FA90F92194A09
S3150802663020A810951192E9F717FD0CA920A8E9F7E9
S3150802664013FD09A920A8E9F70FFD46F0005212A981
S3150802665020A812971395CDF85080CDF854B0169508
S31508026660179210F077FC15A920A810F073FC20A841
S315080266700EF062FB212890D0002884D13B9B34443B
S315080266801C60F2E66FF0880A89E700BF0000012065
S31508026690000005040D0000200001400570B58EB00B
S315080266A0054601A80C46E8F731F89DF80C30012B8F
S315080266B027D105F17843B3F5002F03D8224B2A19BF
S315080266C09A421CD940F2024420460EB070BDEA58DE
S315080266D0013233D104339C42F9D874B145EA040332
S315080266E09B07EFD14FF48032184B28469A66184911
S315080266F0224611F061F80028E4D10024E4E70023D9
S31508026700E9E74FF00066B36A03F17842B2F5C04F83
S3150802671017D21B6B03F17843B3F5C04F11D20D485C
S31508026720E7F7F2FEB36A22461B6B28469B6B0849BB
S31508026730984704460748E6F77BF9C5E740F203445B
S31508026740C2E740F20114BFE70000080800900050B3
S31508026750C05A002074090020F8B5044645180735C2
S3150802676049420D40A5F108063046EDF718FCA18806
S31508026770301B628801EBE00189B2A2EBE00225F840
S31508026780041C25F8062CA288C310A2B1A4EBC202E7
S315080267905788D180D9195180E2889AB1D31A9BB207
S315080267A004EBC20425F8023CA380084A9368034412
S315080267B093603046F8BD15F8082C42F0020205F837
S315080267C0082CE9E725F8022CEFE700BF8C5B0020CE
S315080267D0034BD3F8940010B100210FF0DFBA7047CB
S315080267E0E842002010B5FFF7F3FFBDE81040024B60
S315080267F0FE209B69184700BF046800202DE9F04176
S3150802680005468CB02822002102A80DF0B6F825B359
S315080268102B78022B14D84FF00008CDF80480AB6809
S315080268200A2200936B68E86802A9E7F7EBFF0024DF
S31508026830064602AFB44207D1002CEED1204600E04C
S3150802684001200CB0BDE8F08157F8041BE868E8F7A8
S315080268501FF90028F4D10134ECE70420F1E770B5FA
S315080268600446124D40B128680DF02CFE052803D1C6
S315080268700F4B06201B699847EFF31186302383F3E3
S3150802688011880122214628680DF01EFE0022094BB6
S3150802689028681A70012211460DF0CCFFFFF798FFFF
S315080268A086F31188BFF36F8F70BD00BF58A600200C
S315080268B0046800203568002070B502784378861887
S315080268C0B1700021D41A013202F0070202700A4698
S315080268D004F00704072C04BF013303F0070304F18D
S315080268E0010508BF4370CC1804F00704044494F960
S315080268F0024001318D422244F5D892FBF5F040B2AE
S3150802690070BD064B5B681B78022B04D0032B0CBFA9
S315080269100220032070470420704700BF4CA60020BF
S3150802692070B500242646114B11491A680968114D9B
S315080269301960891A104AFFF7E4FFA04200D870BD11
S3150802694013881BB18B4205D95B1A138001340232B4
S315080269500135F0E72B78012B05D102232B70074B63
S315080269605B68DB88F1E72E701680EFE7D4790020A2
S315080269706C630020C6790020CA7900204CA6002044
S3150802698038B5234B234A5B681B78032B03D0022BAB
S315080269901CD103291AD113881F4A00EB8000B2F9C9
S315080269A00A40C3EB40031BB29C42A8BF1C466FF0C9
S315080269B03B039C42B8BF1C46184D28680BF0D8FB0F
S315080269C021462868BDE838400DF011B97F2804D160
S315080269D0134B1B881E3B1BB205E008B17E280ED15D
S315080269E00F4BB3F900301288C2F10E0213440D4A56
S315080269F01BB2B2F900409C42A8BF1C46DCE7C0EBBA
S31508026A004033C0EB8300084B1B8803EB4003E2E7E5
S31508026A104CA60020C07900200468002058A6002051
S31508026A20C479002078A60020C2790020094B5B6849
S31508026A301B78022B07D103280BD1074B1B79022B94
S31508026A4008BF04207047032B03D100280CBF03207C
S31508026A50042070474CA6002004680020092805D0A7
S31508026A600B280AD021280AD9102070470022064B83
S31508026A7003EB82031944087A70470122F7E7024BAF
S31508026A800344187C704700BF3C91030810B5FFF712
S31508026A90E5FF0F28084C09D80C22084B02FB0033E5
S31508026AA0343393E8070084E8070010BD00232070FA
S31508026AB0C4E90133F9E700BF4CA600203C9103085C
S31508026AC0064B042293F9051005487F2902BF054B98
S31508026AD05B6893F902100CF050BF00BF04680020EF
S31508026AE088A600204CA6002070B50021044686B070
S31508026AF04FF0FF300DF0C4FF10B9124E14B93470BE
S31508026B0006B070BD104D01AC0FCD0FC42B684FF007
S31508026B10FF3001A923600DF0B0FF10B100203070DC
S31508026B20EEE706214FF0FF300DF067FD0028F5D19C
S31508026B3001214FF0FF300DF0A3FFB0FA80F04009B3
S31508026B40EDE700BF885B00203092030808B5074BC3
S31508026B5018680DF0B7FC10F0010305D010F0060F07
S31508026B6014BF0120002008BD1846FCE758A60020DD
S31508026B70024B9B690BB1C8B21847704704680020DC
S31508026B8008B50120FFF76BFE024B1868BDE80840FE
S31508026B900DF0ADBC58A60020034B586818B1808882
S31508026BA0003818BF012070474CA600202DE9F8438B
S31508026BB00646FFF7A6FE0F460024DFF83C80DFF8FC
S31508026BC03C90C5B2E3B29D4201D8BDE8F8830022E3
S31508026BD0D8F80000A1B20DF09EFC5CB999F8003015
S31508026BE00A3B012B06D83146D8F800000DF0DEFD27
S31508026BF00134E7E73946F7E758A600204CA60020F5
S31508026C002DE9F04F8FB0CDE90823DDE91A78189BF4
S31508026C108B460A93199BDDF870900B930546FAF793
S31508026C2069FC0022C9F800208246E1F785FC044681
S31508026C3000286FD153464FF4007228460DA9E1F792
S31508026C40C3FF0446002865D1344A2AF47E119142CC
S31508026C500D9D25D1D5E908126E68360A012E2AD06D
S31508026C602F48864227D0002E41D10B9B28460493F3
S31508026C700A9BCDE906890393099B05970293089B0C
S31508026C80CDE900B35346FFF7CBFA10F1860F044657
S31508026C9022D14246314638460CF06FFE0D9800E086
S31508026CA02846E1F773FF6FF085042046F9F746F99F
S31508026CB0FAF70CFC15E00B9B284604930A9BCDE9D0
S31508026CC006890393099B05970293089BCDE900B3AE
S31508026CD05346FFF7A5FA04460D9D9CB92846E1F7E7
S31508026CE055FF20460FB0BDE8F04FF9F727B9214600
S31508026CF0424638460CF041FE2846E1F747FF6FF058
S31508026D008604D2E74246002138460CF036FE28466B
S31508026D10E1F73CFF14F1950FE3D0C6E70001400501
S31508026D200200800073B500250E4C9B00C4F8F25091
S31508026D3084F8F5300C4BC4F8EE50CDE90035A4F8CA
S31508026D40EC00C4F8F0206B46084804F1EC02A4F8FB
S31508026D50F650F4F777FF18B90122054B83F831206C
S31508026D6002B070BDE842002075210208A29A0020EE
S31508026D70C091002010B50A4C22686AB1094B1978ED
S31508026D80012903D108490978490706D1074B00208A
S31508026D90198890470023236010BD00221A70FBE76A
S31508026DA02892002024920020BC910020F46700203B
S31508026DB0034642F21071024A0248F9F7F9B900BFCE
S31508026DC0992102080C9E0020F7B5334C217E6318E0
S31508026DD093F85830012B5CD05520304B65881A78C9
S31508026DE0278C22802A44BA42C8BF7A1B2C4BC8BFBA
S31508026DF02280C7F3022262F01F025A70C5F30222EA
S31508026E00268842EA0112E1691870DA702944324684
S31508026E1024489F701D710DF07EFD711D2048C9B270
S31508026E202E44F8F7D9FFB7420CD101251D2084F864
S31508026E307A50F8F7DFFF84F8235003B0BDE8F04034
S31508026E40F9F74EBC0023184A184841F28831F9F777
S31508026E50AFF994F82220A37B6089B2B1228814493B
S31508026E600732009143F001030D49D2B2F9F722F82D
S31508026E70012340F2DC5184F8233000230D4A0E48E0
S31508026E8003B0BDE8F040F9F793B922880B490732F7
S31508026E90E7E703B0F0BD00BFB4960020249D0020AA
S31508026EA0BD9C0020C29C002025030208DC96002017
S31508026EB0E9070208710702080499002039FE010849
S31508026EC0F7B5074602201E460C461546F3F758FD47
S31508026ED00023F8B1154A80F821309178137063F3CC
S31508026EE00001A307A0F84270917015D5FF23104A36
S31508026EF0A0F84430137824F0030423F00203137035
S31508026F0044602B46CDE9006001210220094AF4F7C4
S31508026F10F3F9012003B0F0BD022124F00104446014
S31508026F202B46CDE90060034A0846F0E7888C002024
S31508026F3079710020BF7000209F22094B1B6883F8D5
S31508026F406F24072283F87024032283F8900383F8B8
S31508026F50710483F89724034B1A70F8F7CFBF00BF62
S31508026F60B0910020BC9C0020F8B5BDF81850BDF8B9
S31508026F701CC03A2D089C2DD841EA020EBEF1FF0F1D
S31508026F80CFB2D6B222D9120AA2700422090A2170F5
S31508026F906770E67090F8CF10A718A154B0F8CE1013
S31508026FA0961D7970D0F8CC10023D090AB970D0F84E
S31508026FB0CC102A46F9704FEA1C21397187F805C0A8
S31508026FC0991CA0190DF0A7FCA819F8BD0222277072
S31508026FD06670DFE70020F8E7034805230221034A23
S31508026FE00068FCF74BBE00BF4C730020E872002015
S31508026FF01322104B01211A700022C3E90212C3E9B7
S3150802700005225A6083F828201A8683F8322083F8E4
S31508027010382083F8402083F8482083F85020A3F8C4
S315080270205A20DA6583F860201A74DA611A8483F8BA
S3150802703022207047C09100200246054808B5112152
S3150802704001230068FAF734FBB0FA80F0400908BD5C
S315080270504C73002038B50D460446062128460DF025
S315080270604EFC4FF03033053444F8053C04F8013C35
S315080270702B18AB4201D0052800D938BD13F8012DCB
S3150802708004F8012DF5E70A4A03465268107868B1F2
S3150802709001280BD0022805D143B9064B18784000BF
S315080270A0C0B27047032814BF03200220704700BFEE
S315080270B04CA60020FC6D002000232DE9F04385B084
S315080270C001930B60438807460E46002B00F0948016
S315080270D0038803F4E043B3F5804F00F08D8002AADB
S315080270E001A9FEF751FD044600283DD1019D7B68A2
S315080270F02A6AA2B12B467A68D5F82080120A53F872
S31508027100249F3DD0012A6ED06FF08604286A10B1FA
S31508027110696AE1F7F6F80023C5E9083324E01B0A91
S3150802712026D13888B7F8028000F4E043B3F5805FC9
S3150802713014D0B3F5005F11D020F0FF00B0F5E24F8E
S3150802714057D108F107084FEAD8010391284603994F
S31508027150E1F73DF904460028CCD005E04146E1F7BF
S3150802716007F904460028ECD00198FEF7F5FC30E052
S31508027170384603A9E1F732FA04460028E6D0F3E7CF
S3150802718039884A040BD43B8803F4E043B3F5805F9D
S3150802719023D149464046E1F761F9044610E001F475
S315080271A0E041B1F5805FEED0B1F5005FEBD04A461B
S315080271B041463846EAF7C6FC10F1860F0446E2D085
S315080271C0002CA3D131462846FEF732FD0446002894
S315080271D0CAD1204605B0BDE8F083B3F5005FD8D022
S315080271E06FF0850492E74A4641463846EAF7AAFC12
S315080271F0D3E76FF08504B7E76FF08604E9E7002363
S315080272002DE9F04385B013600F46904603A91A4646
S31508027210E1F7DAFC044640B9039D2B885A0408D4E0
S315080272202846E1F7B3FC6FF08604204605B0BDE8B0
S31508027230F0836A68D5E90896120A0BD0012AEFD1BB
S315080272403B46324649462846CDF80080FEF769FE97
S3150802725004461DE003F4E043B3F5804F0CD12B88B6
S31508027260039C03F4E042B2F5804F18D02046E1F7BA
S315080272708DFC6FF08504D8E73B46324649462846D8
S31508027280CDF80080FEF74DFE10F1860F0446E6D0D3
S315080272900398E1F77BFC002C08BF0446C5E744F2D5
S315080272A0010223F44051914207D003F44F43B3F548
S315080272B0824F02D0B3F5844FD8D1202E05D9204665
S315080272C0E1F764FC6FF08904AFE73246494638466F
S315080272D00DF021FB0021C6F12002B8190CF04DFB76
S315080272E02046C8F80060E1F751FC04469DE710B550
S315080272F0B2B00446B222002105A80CF03EFB40F2C9
S315080273007A530F48ADF81C300E4B90F8A5201B781F
S3150802731001A99B1A8DF81E309430230A8DF81F3066
S315080273208DF82040EEF7D6FE0521074A01AB07A8DD
S31508027330EEF766FD80F00100C0B232B010BD00BFA4
S315080273408CA50020BE5A0020A3340108134607B5AF
S3150802735088B142681144826891420CD80278022A9E
S315080273600BD8C06801AAE6F751FC003818BF0120FD
S3150802737003B05DF804FB0420FAE70120F8E72DE9DB
S31508027380F04320260446B3B00F4690460021324603
S3150802739010A899460CF0F1FA3246002118A80CF00A
S315080273A0ECFA3246002120A80CF0E7FA282200213E
S315080273B028A80CF0E2FA2CB96FF08604204633B0FE
S315080273C0BDE8F083002FF7D02288638802F4E041F3
S315080273D0B1F5804FF0D0D91DB8EBD10F4FEAD105E0
S315080273E0EAD3202D00F28F8047F241118A4240F0FB
S315080273F08480FF2B40F08180464B20461893464BEB
S315080274004246CDE92436394610ABCDE91C9621957C
S31508027410E9F710FA04460028D0D14FF4005328A8F9
S315080274201A930FF087FD002870D12346224618A921
S3150802743010A8E8F7AAFC00285CD103A918A8E8F75F
S3150802744047FC002856D1109A3249039B8A4203D038
S3150802745018318A4218BF5B00202BADD800234FF0A3
S31508027460606202A910A8CDE928232A933093E8F787
S31508027470E5FC00283ED1029928A821F4F061029180
S315080274800FF05FFD01A920A8E8F7D8FC002831D142
S31508027490019928A80FF055FD07A910A8E8F7A7FD36
S315080274A040BB07A928A8E8F7DFFD0AA910A8E8F74C
S315080274B0B5FDF8B90AA928A8E8F7D6FD04A918A8B7
S315080274C0E8F7ACFDB0B904A928A8E8F7CDFD0DA9DF
S315080274D020A8E8F7A3FD68B90DA928A80FF03AFD78
S315080274E0032628A80DF028FC012802D1013EF8D16E
S315080274F062E728B148287FF45FAF6FF085045DE73D
S315080275003A9B1D605AE76FF0890457E76FF09204B9
S3150802751054E700BF200000B0509E0020094B186FA8
S3150802752000F00700431E032B03D8DFE803F0060822
S31508027530090400207047082070470220704705207A
S31508027540704700BF0080005038B504460D4669B141
S315080275504FF0FF31E5F7D4FA7F2807D8002223181F
S31508027560C0F17F00A95C11B900221A7038BD8242A7
S31508027570FAD203F8011B0132F4E7F0B54FF00066C0
S31508027580B36AADF5337D03F17842B2F5C04F01D245
S315080275901B6B2BB94FF4017420460DF5337DF0BDF4
S315080275A01A48E6F7B1FFB36A40F2C1221B6B002004
S315080275B05B6A01A9984704461448E5F739FA002C8C
S315080275C0EAD1124FB36A03F17842B2F5C04FE1D25B
S315080275D01B6B03F17843B3F5C04FDBD23846E6F7A7
S315080275E093FFB36A00211B6B01A89B6A984705465D
S315080275F03846E5F71DFA40F201239D42E2D040F2F1
S3150802760003239D4218BF2C46C6E700BF7409002013
S315080276104FF000639B6A014603F17842B2F5C04F08
S3150802762008D21B6B03F17842B2F5C04F02D2002092
S315080276309B6818474FF481707047054A054B013815
S3150802764000D2704753F8041B42F8041BF7E700BF41
S31508027650C0A2002080610008134B01461B7830B592
S3150802766003B3EFF31184302383F311880F4A0023FF
S315080276701546107B58B90B6001211A0105EB031355
S315080276801973A85084F31188BFF36F8F30BD013385
S31508027690082B02F11002ECD184F31188BFF36F8F25
S315080276A00348F3E70348F1E7E807002070050020DE
S315080276B0048000F0028000F0F8B5436804460D46DF
S315080276C01BB140F6FF71E7F79DFF2046E7F7B8FFC3
S315080276D0E9896B7B62690B43298A22F44C520B4374
S315080276E022F00F0213436361A268297E2B7B22F0E4
S315080276F080420B4322F0E20213436A6904F5805181
S315080277001343AA68A360EB6982B9A06840F00040F7
S31508027710A0609BB901234B6020462978E7F7D5FF7D
S31508027720A36CDB4313F4405FFAD1F8BD33B90123E6
S315080277304B6020466968E7F7CBFFEDE7987A1E7A31
S315080277404004A76840EA8650474E3E4030439E882A
S3150802775006F4C04630435E7840EA86005E7B40EA1D
S31508027760C6009E7B40EA06109E7840EA8620A06004
S31508027770E768D3E9040630433C4E3E4030439E79DF
S3150802778040EA8620DE7940EA4620E0601878384EDC
S31508027790012812D1E06840F00400E060B4424CD0FF
S315080277A0344884424BD000F5804084420CBF022004
S315080277B04FF0FF30304E400113E0032835D1E06820
S315080277C040F00400E060B44233D02A48844232D002
S315080277D000F5804084420CBF02204FF0FF30274E4E
S315080277E04001064402207060587A886218B1E0683F
S315080277F040F40060E060D87A58B1E06840F400408E
S31508027800E0601B4884421CD1187B1D4E00F00F0015
S315080278107066606ADB7B20F0030003436362012320
S315080278204B60002A3FF478AF83E702380128CAD9A9
S31508027830B4E70020D3E70120D1E70020BAE7012008
S31508027840B8E70C48844205D1187B0D4E00F00F00AC
S315080278503067DEE70B48844201BF187B084E00F00A
S315080278600F00F067D5E700BFE39BBDFFFFF9F0877E
S315080278700000015B00000A50C0E40350C0D4035064
S315080278800090035000400A50F7B50D461E460446BE
S31508027890F8B147688068D31983421AD83E44B04281
S315080278A017D3207802284FF000000AD8CDE90060E5
S315080278B00A22E068E6F7A6FF294605EB800291420E
S315080278C001D103B0F0BD0B6865685B1B41F8043B48
S315080278D0F5E70020F5E700232DE9F04789460B6016
S315080278E0002800F094804B4F7B68984280F08F8086
S315080278F0073020F00705EFF3118A302383F3118846
S315080279007E69AEB133787288DB074FEAC20204D5C4
S31508027910F3886BB106EBC306F4E79542F8D816F07E
S31508027920070303D045EA03018A42F1D3EB1806D1CD
S315080279308AF31188BFF36F8F1920BDE8F087728822
S315080279403969C3EBC2020139272A39614BD99D42EB
S3150802795005F1080842D008213046FEF7FDFE044626
S31508027960A0444046ECF71BFB628805F10F01A2EB27
S31508027970D102A8F80220E288CB08A8F804307AB324
S31508027980D31A9BB204EBC202A8F806309380B8F861
S315080279900430ED08E3803246002341461D486580DF
S315080279A0ECF701FBBB680833BB60237843F001039D
S315080279B023703B6901333B616288BB6803EBC203F0
S315080279C0FA68BB60934288BFFB608AF31188BFF3EB
S315080279D06F8F08340020C9F80040AEE73446BFE787
S315080279E0A8F80620D3E79D420FD008213046FEF7B5
S315080279F0B3FE04462378324643F001032370214638
S31508027A0001230448ECF7CFFAD6E73446F2E72120F9
S31508027A1093E700BF8C5B00202DE9F04F00244E4F00
S31508027A20DFF854E185B000254FF0010AA9464B4B11
S31508027A3000941968ADF80440D1F80480087AEBB2CC
S31508027A40984208D80023464A4B600B7213709DF978
S31508027A500230002B5EE0062202FB03FC08EB0C0652
S31508027A60B27838F80CC002F07F0296F805B0013AEF
S31508027A70002B3DD1D0B2062813D80AFA02F2ADF885
S31508027A8002308DF8043062F30603ADF800C08DF8B3
S31508027A9002308DF805B03B68E14601333B6001359B
S31508027AA0CCE79DF802202E4863F3C712037013062B
S31508027AB08DF802202FD54B78BDF800208DF80830B6
S31508027AC001238DF809308B7826488DF80A30264925
S31508027AD0264B09681A800068254B02AACDF80CD0F5
S31508027AE0EDF7FEF8003818BF012005B0BDE8F08FA3
S31508027AF0CC455FFA82FB10D1BBF1060F1CD9C01A1E
S31508027B004E6008721B4A13600022154B1A709DF9C3
S31508027B1002309342CFDB0220E7E7C01ABBF1060F19
S31508027B209DF902204E600872ECD801230C48002AFF
S31508027B300370BFF678AFBEE79DF802300AFA02F282
S31508027B40134363F07F038DF802303B685A1E4EF8E2
S31508027B5022404EF823409EE7005D0020D45C0020B8
S31508027B60E45C0020DC5C0020E05C0020D05C0020A5
S31508027B70D9570108A85C0020B05C00202DE9F04125
S31508027B800025C6B01922294601A800950BF0F5FE74
S31508027B90344B354F1D70354B1C78354B641B18BF5B
S31508027BA001241E683C70AA2E58D82946F82208A82D
S31508027BB00BF0E3FE2F4B324609932F4B0DF12A00A9
S31508027BC019688DF829600CF0A6FEEDF759FD2B4DC4
S31508027BD00128286044D92A4B93F80080B8F1000F8F
S31508027BE03ED1284B1E68B369187910F0070333D0C3
S31508027BF0254B44F002041B681B788DF8D530FF2309
S31508027C008DF8D430EDF7C4F804238DF8D6003C700D
S31508027C108DF820300022306808A9E1F75AFB0038AF
S31508027C2018BF012046B0BDE8F081EDF712FD0178D4
S31508027C3011B16846E1F740FB01342B689C42F4D344
S31508027C4003236C4635AD8DF820300FCC0FC594E86A
S31508027C500F0007C52B70DDE71C46EEE70120E1E7BA
S31508027C600220DFE7C65C0020D85C0020DA5C002030
S31508027C70E05C00205D580108DC5C0020CC5C00203A
S31508027C80E45C0020FC5C0020D45C00206C23084ADB
S31508027C900849137101235371074B09781B7803F0BE
S31508027CA03F0343EAC1139371044B1B78D3717047A0
S31508027CB0BC0E00208A5B00208B5B0020F85C00204B
S31508027CC02DE9F04F9A468BB09DF85030DFF854B143
S31508027CD00293DBF81030804653450D461646C0F02F
S31508027CE09B80D146DBF804300193B9F1000F00F00E
S31508027CF08F80D8F83C3001225B6907A9019898471A
S31508027D00079BDBF80010C3F3D312914240F0878039
S31508027D1013F07E0F1CD1D8F83C3002225B6908A901
S31508027D200198984708A8E5F731FC08270446019BFD
S31508027D30029A3B44002A3CD1A6420FD9361B144666
S31508027D4040460199E5F720F8A9EB04090190CCE72A
S31508027D5007A8E5F71BFC04270446E8E7A41B5445D5
S31508027D6028BF5446032C03EB0607AAEB040A4FEA7C
S31508027D7094021CD9D8F83C30294638465B6998479C
S31508027D8024F0030304F003061F441D44002ED7D033
S31508027D90D8F83C3001225B6908A93846984732462A
S31508027DA0284608A935440CF0B6FD0026C8E726463B
S31508027DB0ECE7274604F00302039223442A190492A5
S31508027DC00593049BDD1B059BD81B039B9F420FD182
S31508027DD0002FB5D0D8F83C30012208A95B6998472C
S31508027DE03A46284608A90CF0C8FD78B93D44A7E7E3
S31508027DF0D8F83C30012208A95B699847042228462C
S31508027E0008A90CF0BAFD08B9043FDAE74FF03609BB
S31508027E1048460BB0BDE8F08F4FF06309F8E74FF01C
S31508027E206F09F5E778080020F0B507460E461D46A5
S31508027E30ABB01446002196220DF112000BF09DFDFF
S31508027E408DF810708DF811609DB1237803248DF892
S31508027E5012301022002168460BF08FFD6B46214630
S31508027E60309A04A8EDF7CCFF80F00100C0B22BB01F
S31508027E70F0BD0224EDE72DE9F041047806462CB15F
S31508027E804FF0FF33C4F1200423FA04F4254D0DF014
S31508027E9053FD0DF075FF2B6893F85C30022B1DD14C
S31508027EA00DF0ACFF0DF0F0FF0DF06AFF2B689F6D29
S31508027EB02B6893F85C30022B01BF2A68936DA343A3
S31508027EC093652B68002583F85C500DF097FF3C40BC
S31508027ED022D1B3681BB3BDE8F041184701272B68C6
S31508027EE09A6D9A652B6883F85C700DF087FF3946A0
S31508027EF04FF0FF300DF0AEFD0DF0C6FF0028D3D1CE
S31508027F000FF0F2F8D0E724FA05F3DB0703D5736816
S31508027F1053F825309847013533789D42F3D3BDE8A7
S31508027F20F08100BF900A002008B50378014663B9BC
S31508027F300C494B78D80714D523F001034B7021223C
S31508027F40BDE808400D20ECF76DBB0C22C820ECF703
S31508027F5069FB30B903494B78DA0702D443F00103C7
S31508027F60ECE708BD6F5C002002280BD003280CBF83
S31508027F7002230323044981F82230044B1C31186872
S31508027F800CF0E1BD0423F5E7D8A6002058A6002088
S31508027F90F8B5164D164F2A680446D7E90003B2EB20
S31508027FA0533F0E4612D20B195B0BA96801338B425B
S31508027FB06B600BD04FF4005100EB4230E6F7C6FB7C
S31508027FC06B68AB6010B92B6801332B6016F003019E
S31508027FD0386814BFC1F104013146204418BF891913
S31508027FE0FEF75CFBBDE8F840E7F7A6BC205D00207B
S31508027FF02C5D0020034804230021034A0068FBF78E
S315080280003DBE00BF4C730020F08A030800220249D5
S315080280100248E1F75EB900BFB09E00204086002004
S315080280202DE9F04F8FB01D46DDE91A67189B8A467F
S315080280300993199B9346DDF870800A930B90F9F71A
S3150802804059FA0022C8F800208146E0F775FA044674
S3150802805038BB4B464FF480720B980DA9E0F7B4FD76
S315080280600446F0B9274A29F47E1191420D9814D193
S31508028070D0E908124468240A012C33D0224B9C42C8
S3150802808030D0B4B16FF086043A46002130460BF080
S3150802809074FC0D98E0F77AFD03E0E0F777FD6FF0E0
S315080280A085042046F7F74AFF0FB0BDE8F04FF9F707
S315080280B00DBA0A9BCDE906780493099BCDE900AB74
S315080280C0CDE9025305964B46FEF7C0F910F1860F25
S315080280D00446D9D00D98002CD6D1E0F757FD0FB03B
S315080280E0BDE8F08F0A9BCDE906780493099BCDE992
S315080280F000ABCDE9025305964B46FEF7A7F90446AF
S31508028100E8E700BF00014005020080000A21034B90
S3150802811041431B68024A0348F8F74AB89871002097
S31508028120C92B0208149D002050B14368194483687C
S31508028130994205D80378022B02D8C068E6F7A8BC8C
S3150802814070472DE9F347074689461446002A3DD06B
S3150802815000F00308C8F10406964228BF16464FF0F7
S31508028160FF3A32460DEB0800CDF800A00CF0D3FB1F
S31508028170B44292BF00253D1905F00305CDF804A0C7
S31508028180A4EB050A2A4609EB0A0101A8A7EB080887
S315080281900CF0C1FB0422694640460FF00DFBA8B954
S315080281A0AB199C4208D88DB1042207EB0A000DEBE5
S315080281B002010FF001FB09E0A21B521B09EB0601A3
S315080281C008F104000FF0F8FA0028ECD002B0BDE876
S315080281D0F087034B033053F820300B60704700BF1B
S315080281E00000085008B5E0F739F920B10522024B1C
S315080281F05A62F9F759F908BD0000085010B4094C3B
S315080282002278012A0BD8084B03F81200501C03EBFC
S315080282104203207059705DF8044BF8F7EBBB5DF822
S31508028220044B7047269D0020289D002008B5022091
S31508028230F9F7FDF9054B186038B1182200210448F0
S315080282400BF09BFB0122034B1A7008BD48730020F2
S31508028250307300202D73002008B5E0F739FC28B1E9
S31508028260F7F76CFEBDE80840F9F730B908BD0023F8
S31508028270F0B58DB0CDE906330D461646234B4FF4BD
S31508028280807207A9E0F7A0FC0446079814B1E0F744
S315080282907DFC0DE04368D0E908121B0A012B1FD0AA
S315080282A01B4FBB421CD05BB1E0F770FC6FF0860433
S315080282B02046F7F743FE0DB0BDE8F040F9F706B9D8
S315080282C006AB04931023CDE90045CDE9026308AB5A
S315080282D0FDF7F2FE10F1860F04460DD10798D6E790
S315080282E006AB04931023CDE902630023019500939C
S315080282F008ABFDF7E1FE04460798E0F747FC002CB9
S31508028300D6D108B10446D3E70DB0F0BD0044400407
S31508028310020080002DE9F04F1F4600238FB0049318
S3150802832088469146414B4FF4806205A9E0F74CFC1A
S31508028330044668B9059E338803F4E042B2F5005F45
S3150802834004D113F4E06FC3F3022215D16FF0860449
S31508028350102300200493C0F11002212138440BF0A7
S315080283600CFB0598E0F712FC002C59D02046F7F7CB
S31508028370E5FDF9F7ABF855E001259540032D02D83E
S315080283806FF08504E4E7142DFAD8102D45D87368E2
S31508028390D6E908AB1B0A012B24D0254A934214D0EE
S315080283A0002BD3D104ABCDE902535A464346514674
S315080283B03046CDE90097FDF77DFD10F1860F04469C
S315080283C0DED0002CC4D10498C5E704ABCDE902532C
S315080283D05A46434651463046CDE90097FDF76AFDAF
S315080283E00446EEE7BAF1000FB0D00146202206A8ED
S315080283F00BF0C3FA5A465146304606ABE8F71AFA64
S3150802840004460028A4D104ABCDE900534A463B46AC
S31508028410414606A8FDF7B4FCE2E76FF0890497E740
S315080284200028A4D10FB0BDE8F08F00BF0002C00338
S315080284300200800037B50024054601A88DF80440DD
S31508028440FEF7FAFD00284AD0FF2D4AD12D4B2146C8
S315080284502D481C70F7F7D8FD2C48E0F739FB2C4855
S31508028460E0F736FB4FF00710E0F732FB2948E0F752
S315080284702FFB2948E0F72CFB2848E0F729FB284878
S31508028480E0F726FB2748E0F723FB2748E0F720FB1F
S315080284902648E0F71DFB2648E0F71AFB2548E0F7D1
S315080284A017FB2548E0F714FB2448E0F711FB24489C
S315080284B0E0F70EFB2348E0F70BFB2348E0F708FB3F
S315080284C02248E0F705FB9DF8043021481C4011219B
S315080284D00123006801AA8DF80440FBF7CFFB03B01D
S315080284E030BD9DF80430002BF9D0E943CCB21940CF
S315080284F0044B05481970F7F787FD2846F7F729FD53
S31508028500DFE700BFC46A00204474002001000700A8
S31508028510040007000A0007000D0007001000070004
S315080285200200070005000700080007000B00070005
S315080285300E000700110007000300070006000700E7
S31508028540090007000C0007000F00070012000700C9
S315080285504C73002030B5224C87B0237C0F2B3DD8B4
S315080285604EF6550200251B0141F288311D48ADF829
S3150802857008208DF80A301C4A0023F7F719FEA3795A
S31508028580009502A90322208843F00103F7F792FC1B
S315080285900122237C04F12C00234483F83D20102376
S315080285A0A4F816512374F7F7AFFE0520F7F722FC55
S315080285B00E4B94F8322114F84D1B83F8F850A3F8A1
S315080285C000110B49A3F804510988F83303A8598105
S315080285D003948DF810200593FBF780FD07B030BD94
S315080285E0E8980020DC96002025030208E8420020CD
S315080285F0F46700204FF2550330B585B02048ADF830
S315080286000C3041F2883100231E4AF7F7D1FD1E4885
S3150802861090F822309BB1437E1C4A8DF80E3090F8B2
S3150802862070300092B0F86A00032243F0010303A9EE
S31508028630F7F740FC0620F7F7DDFB05B030BD144A14
S31508028640117C10290BD0B2F8321192F81551B1FBF0
S31508028650F5F405FB1411E3B209B10133DBB2537425
S3150802866000228DF80E3090F870300092B0F86A0049
S31508028670032243F0010303A9F7F71CFC0520DAE7F6
S31508028680DC96002025030208B4960020E9070208B2
S31508028690E898002010B50C4CC822002120460BF0A1
S315080286A06CF9A4F14D031422002118460BF065F962
S315080286B0102200210274A0F816111A2204F1CB0026
S315080286C0BDE810400BF059B935990020F0B41E46A2
S315080286D0214D12B32B460024DF78CFB19F78BFB164
S315080286E01F78874214D15F788F4211D11C235C43CD
S315080286F0306871680122231D2B4403C342F21071AC
S315080287002B199A700C34154A2819F0BCF7F750BD84
S3150802871001340F2C03F11C03DED100240E4B9F7883
S315080287209FB91C235C432B19DA7028555970306897
S315080287307168221D2A4403C2012204F10C009A70B0
S3150802874042F21071054A2844DFE701340F2C03F17F
S315080287501C03E4D1F0BC7047586C002011EE0108E6
S315080287602DE9F843DFF8608000F0FC0498F82850F9
S31508028770E82C06464FEA90074FEA95050AD804F10F
S315080287800309A0B2F7F794FA60B94C4502D001344E
S31508028790E92CF6D1AF4211D04C22FF2108480BF042
S315080287A0ECF809E0AF4209D006484C23044A0068AF
S315080287B007F50071F8F77CFF88F82860BDE8F883AA
S315080287C0709C00204C730020D8A6002070B5054680
S315080287D0084619461C461646F7F7A6FAAB78F3B1C9
S315080287E0EB782078190903F00F03F61A042E17D925
S315080287F02B441A792A7231B96378C2F3410223F0FB
S315080288000303134363700322237849008A4023EA49
S3150802881002032A7AC2F3C1028A401343237070BD47
S3150802882020F0030343F00103237008232B72EAE7BF
S3150802883013460A4601460148E1F7F4B88073002058
S315080288402DE9F0411D461646074688460A4CE0229F
S31508028850002120460BF091F82A46314604F1090018
S31508028860A4F80680277125720CF055F88223237026
S31508028870BDE8F041FFF7CABBB09E0020054B064A89
S315080288801B7812780146134302D11A468320D7E78A
S31508028890704700BF8F8C00202D920020002313B54D
S315080288A00C46CDE9003383074CBF072105216A46EA
S315080288B02046F3F7E1FE002321461A468220FFF7F7
S315080288C0BFFF02B010BD05292DE9F04705460E4641
S315080288D090464FD9284F2322002107F170000BF04A
S315080288E04CF8EB7807F1680913F0040024D143F039
S315080288F00403EB702B68BB66AB88A9F8043097F8BB
S315080289006D3087F86E30FDF7ADF8062E87F86F00E2
S315080289102ED0B31F232B94BF34462924A91DA21F88
S3150802892007F170000BF0F7FF631F4146BDE8F047F9
S315080289308420124ADBB283E72B2E344628BF2B2427
S315080289402946224648460BF0E6FF97F86B309B0706
S31508028950EAD4FDF787F82A2E87BF2A242B26661C17
S31508028960F6B2621F0648691D0BF0D5FF3446DBE7EF
S315080289700824D9E7BDE8F087E842002055430020DD
S3150802898056430020014600220148E0F7A2BC00BF78
S315080289902084002010B50446C06A58B1002203217B
S315080289A00DF0EEFF30B194F83010A06BBDE8104020
S315080289B0E0F7E1BC10BD10B5044690F83010806BA4
S315080289C0E0F7D9FC034BE06A0221BDE810401A68B9
S315080289D00DF0D6BF6C63002001280B4612D10A4A55
S315080289E0527812F0010209D10A700421C3F8012053
S315080289F0D972C3F80520A3F8092070470C22C820AB
S31508028A00EBF706BE704700BF6F5C00207FB50024F7
S31508028A100D461646CDE90144039428B9042232606C
S31508028A200860012004B070BD01A9FFF7D5FF9DF8C3
S31508028A300F200A2A326005D828460DF105010BF0E7
S31508028A406AFFEEE72046EDE7F0B5ADB004460F46FD
S31508028A5016460021A5220DF109001D460AF08DFFD2
S31508028A604FF41B730022ADF804300521234601A8F2
S31508028A708DF806708DF807608DF80850EDF7C0F985
S31508028A802DB0F0BD10B50446E0F73BFC10B1204608
S31508028A90FFF780FF064B40F2DC511A7B42F2107355
S31508028AA02046BDE8104001FB0231E0F774BC00BF66
S31508028AB08CA500200120704770472DE9F0470E4625
S31508028AC0074688B00868496802AB03C33478B068B9
S31508028AD0357914F00C049146B6F802A0186005F030
S31508028AE07F0564D1214601200DF1030301AA0194F1
S31508028AF08DF80340ECF7CAFB9DF80380B8F1000F26
S31508028B0055D0B8F1010F08D1019B1A88524504D1F4
S31508028B109B7803F07F03AB4249D0264DB9F1000F8B
S31508028B2025D02548E0F7EDFB08B32A464FF0000C9E
S31508028B3013689F4214D1D2F804E005ABDEF80000B0
S31508028B40DEF8041003C3DEF8080018609DF810303A
S31508028B5043405B0604D1184808B0BDE8F0472AE747
S31508028B600CF1040CBCF10C0F02F11002E0D12B68D7
S31508028B703BB12B6923B12B6A002BECD1022400E00E
S31508028B8001242201AF50019A05EB04139A605E6034
S31508028B9083F80C80094B1A684AB9FA21064805EB8C
S31508028BA004151D6008B0BDE8F047E0F7F4BB08B04D
S31508028BB0BDE8F0874C0E00200C0E00207C0E00202B
S31508028BC008B58378A3F16402D2B29A2A15D9003B72
S31508028BD018BF01230A4A5B42DBB21370094A1370B3
S31508028BE0094A1370EDF702F850230849084801228A
S31508028BF00B73FFF762FF012008BD0020FCE700BFE8
S31508028C000A5A00200B5A00206D5C0020045D0020E1
S31508028C10715E010807B50092ADF804008DF80610DA
S31508028C20002269460248E0F754FB03B05DF804FBEC
S31508028C303C10002007B500228DF807000DF1070148
S31508028C400248E0F746FB03B05DF804FB301000204B
S31508028C502DE9F0410C4670BB254D264FDFF8A08062
S31508028C6021464046ECF7A0F9214606463846ECF777
S31508028C709BF90643F6B221462846ECF795F9AEBBB0
S31508028C80A0BB742C20D85D2C19D8202C2ED01F2CD2
S31508028C9025D9222C01D0552C21D198F80030D8F8A4
S31508028CA00420591C88F80010D4543B787A68591C59
S31508028CB03970D4541AE000252F46A846D0E7A4F105
S31508028CC05E020D4BD2B207E09F2C0DD8892C06D92D
S31508028CD004F17602094BD2B2D340DB07DDD42B78F6
S31508028CE06A68591C2970E4E7FF2CF8D1BDE8F081BF
S31508028CF01C0B0020140B00200140400021402000DC
S31508028D000C0B0020C1B20020EEF703B920F0FF03D6
S31508028D10B3F5E24F0ED1C0B241280BD1FF2A09D1D1
S31508028D200B7823F007030B70CB7F03F07F0343F026
S31508028D304003CB7770472DE9F0478046AEB00D4623
S31508028D401446002118220EA80AF017FED8F80000C9
S31508028D500EA9DFF79FFF002800F00F81D8F8006000
S31508028D608D4BA6F5E027B7F5803F8C4A0E9320D3A4
S31508028D70944217D08A4B9C4260D14FF440710EA898
S31508028D80F7F7D6F8874B1193033E032E26D8F8F742
S31508028D90CFFB02284FF0000366D14FF480720F9280
S31508028DA013931BE04FF480510EA8F7F7C1F81194FC
S31508028DB0EAE70F9B1396D9B200292FD0944233D1F2
S31508028DC04FF480510EA8F7F7B3F8744B1193F8F7DE
S31508028DD0AFFB022844D140F201130F93002310225D
S31508028DE069460392C8F8003001AA0EA80093FCF758
S31508028DF0CBFE0446002844D1009E0F9B326A002A05
S31508028E0036D0D6E9087A738802930F9B1B0A4BD091
S31508028E10012B00F0CD806FF0860432E023F0FF03C9
S31508028E2043F001030F93C9E75D4B9C4206D14FF409
S31508028E3040710EA8F7F77CF85A4BC7E75A4B9C4283
S31508028E4009D14FF480710EA8F7F772F8B7F5803F8B
S31508028E501194BCD398E70922544B5A62F8F724FBBB
S31508028E600128BBD10F90B9E70128B7D10F9397E72D
S31508028E701B0A0FD130460399DFF7A9FA04460028E0
S31508028E80BFD00098FCF768FE2046F7F757F8F8F7C0
S31508028E901DFB72E0012BBED103A90EA8DFF79EFBCC
S31508028EA004460028E6D0ECE7BDF8380000F44F4344
S31508028EB0B3F5824F23D000F4E043B3F5805F66D161
S31508028EC0029B0BB980230293DDF808904946DFF727
S31508028ED04FFA04460028D4D109F107094FEAD909FD
S31508028EE0B9F1100F97D1BAF10F0F13D905F1100383
S31508028EF055F8042B9D4247F8042BF9D11CE0294664
S31508028F0002AA0EA8FCF726FD0446002838D1BAF1B3
S31508028F100F0F02D86FF08904B3E73B4605F110023A
S31508028F2055F8041B954243F8041BF9D13946029AAF
S31508028F30BDF83800FFF7EAFE102373627288029BB7
S31508028F40002A40F0FE8073804FF6F87293421BD8CF
S31508028F50BDF838301BB132889A427FF45CAFBDF84F
S31508028F603A301BB172889A427FF455AF4146304671
S31508028F70FCF75EFE0446002883D12EB0BDE8F087D2
S31508028F8010F1860F7FF47DAF6FF0850479E7B3F5AC
S31508028F90005F95D0F8E700BF002480000002C003F6
S31508028FA0000150050001480500444004000008502D
S31508028FB0002F3FF430AFBAF1000F3FF42CAF002D6B
S31508028FC03FF429AF80220023BDF83890029209F4B3
S31508028FD04F42B2F5824F736255D1294604AA0EA8AA
S31508028FE00493FCF7B7FC044600287FF44AAF049CB6
S31508028FF029F0FF030734B3F5824F4FEAD40443D16D
S31508029000A9F141095FFA89F9B9F1010F3CD94FF083
S315080290100F0901352022002114A804940AF0ADFC98
S31508029020214614AA0EA8E7F786FB044600287FF411
S3150802903028AF0DF1700C0DF1500EBEE80F00ACE82A
S315080290400F009EE80F008CE80F0010232822214605
S3150802905024A82193CDE91F450AF08FFCB9F10F0F19
S315080290600CBF3B233C239A4511D307F110031893EF
S3150802907024A809F11C0319930DF05CFF034648B1B5
S315080290806FF09204FDE610244FF01009C2E76FF064
S315080290908C04F6E6012214A91CA8E6F776FE002837
S315080290A031D1179B013B012B2DD84FF080732690A7
S315080290B0CDE924302C900BA914A8E6F7BFFE10BB05
S315080290C00B9924A80DF03DFF05A91CA8E6F7A6FFF3
S315080290D0C8B905A924A8E6F7C7FF08A914A8E6F798
S315080290E086FF80B908A924A8E6F7BEFF0BA914A82B
S315080290F0E6F794FF38B924A80BA90DF02BFF24A88C
S315080291000BF01AFE18B124A80DF014FFB8E70123D4
S315080291103B8000237B80149B49467B60159B06F1A6
S315080291202402BB60169B0EA8FB60E7F7E9FA044621
S3150802913024A80DF0FFFE0028A2D1002C3FF4FEAEB3
S315080291409FE69A427FF467AEFEE62DE9F04F022AC1
S3150802915087B09E4606468C4617469DF840309DF8CF
S31508029160449029D8940104F1200A103400EB82189D
S31508029170824404441BB32D4D02AB05F108091A4675
S3150802918028686968083503C24D451346F7D1286829
S31508029190A9881060AA7999809A71714643466046F1
S315080291A0CDE900A402AAF7F7B9FD012296F8C8305C
S315080291B0BA40134386F8C83007B0BDE8F08F1C4D95
S315080291C002AA05F1080B134628686968083503C31D
S315080291D05D451A46F7D12868A9881860AB79918047
S315080291E09371714643466046CDE900A402AAF7F791
S315080291F095FDB9F1000FD8D00E4B0121DD5D284649
S31508029200F6F7D6FE0C4A4146029002A8FFF793FDEE
S3150802921002212846F6F7CCFE21460290064A02A803
S31508029220FFF789FD012386F8B834BEE7BD8B03082C
S31508029230249103081591030800015005F0B5441E50
S3150802924010EA040705460E4693B04BD110F0870F75
S3150802925048D04022394602A80AF08FFB02A8F8F73E
S3150802926031FC00283ED0641144EA550404F0030494
S3150802927002AB802D03EB041036D13346044606F1C1
S315080292801007224618685968083303C2BB421446B7
S31508029290F7D1184C40231021206802AAFAF7EEFCEF
S315080292A000BB8DF800006846FDF7C6FED0B19DF8F2
S315080292B00010114F294311483970F6F7A5FE3B787D
S315080292C06A468DF80030112101232068FAF7D6FC88
S315080292D040B92846F6F73DFE31460190084A01A8EC
S315080292E0FFF729FD13B0F0BD102239460AF045FBF7
S315080292F0CFE700BF4C730020C46A002044740020E4
S315080293000002C0034FF0004238B51D4B1D4C5A6689
S315080293104AF6CD33656C236405F00105C0B9012010
S31508029320E6F73CF96368D90701D42DBB38BD01229B
S31508029330154B5A60154B226BD207F6D4013BFAD16C
S31508029340F3E70133216B080705D59342F9D1ECE718
S3150802935000230F4AF6E79342E7D020220A4B9A6285
S315080293600122A3F580535A60084B064A916A890678
S31508029370DBD4013BFAD1D8E7024B064A1A64D5E791
S3150802938000900050004009500060095041420F0009
S3150802939040420F003254FFFF73B5002504468DF88C
S315080293A007502046E3F7E0FC266B86420AD2236A78
S315080293B0B5EB430F06D2002220460DF10701E4F76A
S315080293C04BFD58B19DF80730012B05D100222046E6
S315080293D00DF10701E4F740FD02B070BD0135E0E783
S315080293E00A4B1B788BB107280FD8EFF3118230236B
S315080293F083F31188064B03EB0010037B0BB10023A2
S31508029400037382F31188BFF36F8F7047E807002052
S3150802941070050020037810B503B3013BDBB2022BBB
S315080294201BD8104A32F813304278D340DB0714D5DA
S31508029430EFF31184302282F311880378534303F140
S31508029440A04303F570335B6C4278D34003F0010303
S315080294500B7084F31188BFF36F8F10BD40F2FF7350
S31508029460E2E700BF987E030810B50D4C0D480EF0D2
S315080294708FF923685A0106D44FF080631A20C4F87C
S315080294808031EAF771FA23681B0108D44FF00063AA
S315080294901B20C4F88031BDE81040EAF765BA10BD52
S315080294A000E100E0A47E0308436803B11847704749
S315080294B048B190F8203033B103791B0703D5436AC4
S315080294C098680CF03BBE704773B51A4C0646B4F85A
S315080294D008310120ADF80430FDF7C1F90C22164D0A
S315080294E02B7802FB0343154C343393E8070085E8CF
S315080294F00700114620680BF0CCFA6B681878FEF75D
S3150802950033FD0122206811460BF0BDFA206801A935
S315080295100BF0D6F866B1EFF3108072B60122084B4B
S315080295201A700DF002FD0022206811460AF0F3FFB8
S3150802953002B070BD3C9103084CA6002058A6002034
S31508029540356800202DE9FF470446407891469A4639
S315080295508846FCF7A3F9FCF79BFA054630B1FCF7F7
S31508029560AFF90225284604B0BDE8F0870022002399
S31508029570CDE90023454E00234FF4000230680BF074
S31508029580A3F84FF6FF7130680BF09CF8404BA3F82E
S31508029590E850404B5B78023B012B02D82846FFF77E
S315080295A093FF3D4B9B68002BDBD06078FCF798F95C
S315080295B0FF28074603D1FDF70BF90425D2E7EFF397
S315080295C0108072B60222354B1A70354B1F700DF099
S315080295D0ACFC30680AF08BFF0123424649463068E4
S315080295E00BF01AF98045BCD1002352460C99306813
S315080295F00BF012F98245B4D13946207AFDF7C0F943
S31508029600E37983B1274BDA886AB1274A3946D25DAC
S31508029610DA700022009230680AF07BFF18B3FDF771
S31508029620D7F801259EE7002302930123D4F80C906C
S315080296303068ADF80C30B9F1000F0CD00BF016F902
S3150802964040F2F133A0EB09029A429EBF09F2F239BF
S31508029650A9EB00000290002200923946306802AB5C
S315080296600AF055FFDAE76078042805D82279D0444B
S3150802967021784244FCF74AF9FDF752F901220B4BCD
S315080296800B4930680AF025FF6CE700BF58A6002090
S31508029690E8420020046800204CA600203568002015
S315080296A05CA600207CA6002088A60020E5670208A2
S315080296B0C0C62D002DE9F7430446407891468846F0
S315080296C0FCF7ECF8FCF7E4F9054630B1FCF7F8F8D4
S315080296D00225284603B0BDE8F083414B9B68002B60
S315080296E0F6D06078FCF7FCF80428074603D9FDF79C
S315080296F06FF80425EDE7EFF3108072B60322394BB3
S31508029700394E1A70394B1F700DF00FFC2A4601218B
S3150802971030680BF08FF8364B4946424618460BF02E
S31508029720FAF80346434418462279E1780AF025F9FD
S3150802973061792279DFF8C4908154237908F101020C
S3150802974013443946207A89F8EA30FDF719F921795E
S315080297503068C9000AF06AFAA37901212A463068F4
S31508029760A9F8E83089F8EB800BF064F8FCF7BAF947
S315080297704FF400020023CDE9002330680AF0A4FF63
S3150802978099F8EA1030680BF051F81A4A1A4BD25D6A
S31508029790DA70DA8872B100952222394630680AF000
S315080297A0B8FE0746002130680AF08CFF4FB1FDF774
S315080297B00FF88DE72B462222394630680AF0A5FEB5
S315080297C0EFE76078042808D82379A279434403FB93
S315080297D00222217892B2FCF799F8FDF7A1F878E708
S315080297E04CA600203568002058A600205CA600205A
S315080297F0D8A6002088A600207CA60020E8420020E1
S3150802980008B5084B0022012118680AF084FEEFF316
S31508029810108072B60122044B1A70BDE808400DF09A
S3150802982084BB00BF58A600203568002010B5044640
S315080298300020FDF714F8104B18685968FDF7B6F9B9
S315080298400020FDF70CF80D4B5B681878FEF78CFBC9
S3150802985001220B4B114618680BF015F914B1BDE835
S315080298601040CDE7EFF3108072B6064B1C70BDE8C8
S3150802987010400DF05ABB00BF000008504CA600204D
S3150802988058A60020356800202DE9F041124F0646F9
S3150802989038680AF017FE01281AD00020FCF7DFFF05
S315080298A04FF001080022386811460BF0ECF8012443
S315080298B000252246386871190AF03EFF20B1241A9B
S315080298C0A4B20544002CF4D14046BDE8F041ADE708
S315080298D04FF00008E6E700BF58A6002008B5C3689F
S315080298E000209847024B1868BDE808400DF01DBBDA
S315080298F0480800202DE9F0412D492E48ADF5187D7E
S31508029900E4F7AAFC2B4F044690B904AD014650224F
S3150802991028460AF032F8284B142200932946234691
S3150802992038460194E4F76EFF064628B9FCF786F82E
S315080299300DF5187DBDE8F081A04603AB55F8241055
S315080299401C4802AACDE90288E4F760F9039BB3F53D
S31508029950007F15D855F8241018AA1648E4F7CCF84B
S3150802996055F824301548B3F5A02F24BFA3F5803344
S3150802997045F8243055F82410039B18AAE4F7E2FFA9
S315080299800134A4B2B442D8D397F83430002BCDD0E0
S3150802999002210848E3F7EDFD00210648E3F7ACFD8E
S315080299A000210448E4F71CFBF86BFFF797FFBDE7B5
S315080299B048920308E8420020FFFF0500A808002095
S315080299C0F8B5214D04461C220021284609F0D5FF88
S315080299D04FF07F3394F82C00C5F805306B72FDF70B
S315080299E052FB0228064618D004F155073946F0F705
S315080299F05CF990B130463946F0F7E8F80646287120
S31508029A0058B1EFF73AFFD8B104F16101042E324694
S31508029A100E4828BF04220AF07EFF6389A28C03F04F
S31508029A2067036B74637F6A822B7394F82630A26A83
S31508029A302B75638C6B81064B1B689B1A2B60F8BDD2
S31508029A4004F16001E2E700BFD8950020E595002001
S31508029A506C6300202DE9F04F98462A4B87B01B7895
S31508029A60054691460091002B46D0072846D8002A7B
S31508029A7044D0B8F1000F41D0109BB3F5006F3DDC1E
S31508029A80DFF898B003010BEB001701933B7B002B21
S31508029A9036D00024DFF888A043010AEB40161022CC
S31508029AA0214630460193CDE90344059409F065FF42
S31508029AB0009BC6E901890293109B13495A1E019B12
S31508029AC0C2F30A025AF803001201014042F0447234
S31508029AD00A434AF803200D4B2A014BF80230119B20
S31508029AE02846324602A9C7E901347C73E5F7A6FE81
S31508029AF0204607B0BDE8F08F0548FAE70548F8E7BB
S31508029B000548F6E7E80700200F80EFF0E53C010874
S31508029B10028000F0018000F0078000F07005002046
S31508029B20F0050020F0B40C4D049E2D788DB107285F
S31508029B300FDC0A4D070105EB001494F80CC0BCF1C2
S31508029B40000F06D0EB5100236660A360F0BCE5F770
S31508029B5075BEF0BC704700BFE807002070050020FC
S31508029B6038B50446E5F7A6F9A04228D00BF038F82E
S31508029B70012C054602D12146E5F786FCEFF3108053
S31508029B8072B64FF000710E4A0E4B51664FF4806260
S31508029B90611E8A401A675A6E910103D4D3F884204B
S31508029BA0920609D50DF0C1F9022C08D12846BDE85E
S31508029BB038400021E5F768BCD3F88420EBE738BDC6
S31508029BC0006000500040005008B508B90BF008F8CC
S31508029BD0054B1B7833B1054B984203D80120BDE8E3
S31508029BE00840BDE70220FAE79C5D0020005A62029F
S31508029BF02DE9F04F2DED048BBB4C8FB004AD0FCC85
S31508029C000FC50FCC0FC594E8030085E8030004F1DD
S31508029C1008000DF0BDFD2A20E5F75EFAB34CB44DF7
S31508029C200444AC422ABFB4FBF5F4002404F1FF3421
S31508029C30032C4FF02A0028BF0324FBF7EFFEE5F7B3
S31508029C404BFAA8427AD3B0FBF4F0AA4B00F574207B
S31508029C5000F23F20B0FBF3F001387F2828BF7F20AF
S31508029C60A54F230743EA0043BB6000239B46DFF860
S31508029C70B0A23B610DF110083B622A2098F80060F9
S31508029C80D8F80890E5F728FA9C4D631C002E18BFF1
S31508029C905546B0FBF3F06B1E1844B0FBF5F340F2E1
S31508029CA0FF31854298BF03F1FF338B4228BF0B462B
S31508029CB01FFA89F207EB0B119A4238BF1A468B6CC8
S31508029CC006F0030523F0435323F41D1323F44053EC
S31508029CD023F01F032B4398F8015098F803C0AD00F0
S31508029CE005F01C052B4398F802504FEA0B102D037A
S31508029CF005F4E0452B434FEA0C4505F4E0252B43D2
S31508029D0098F810500BF105096D0505F460052B430B
S31508029D1098F804502D0705F040552B438B648D6C3B
S31508029D20774BC5F30235013D042D00F2FD80DFE8CD
S31508029D3015F0FB00FB001A00C300CE00002884D1F0
S31508029D402A20E5F7C9F950B1A8427FF67EAF6A4BD9
S31508029D509B68C3F302730133B0FBF3F075E7012086
S31508029D6073E7AB4689E7D3F880512D0C002E00F035
S31508029D704B81C2F3090207EB091101254A6008F172
S31508029D801408BBF1000FECD05E484560FBF746FEAF
S31508029D90302341F201023B67FB6A23F48B3323F437
S31508029DA08073FB627B684560D907C7F8982001D49F
S31508029DB0FBF734FE0123504A4360D360936F002BAE
S31508029DC0FCD040F2BA43546F01215C4340F6FF735C
S31508029DD0B4FBF3F44B4BA60059604B4B4B49D3608B
S31508029DE0454A53690B40FCD19361C2F898305369CE
S31508029DF013F4401FFBD1404B5A69D20500F13B814F
S31508029E009A6F002A40F037813B4843699B0500F167
S31508029E103481D0F88850002D40F02F81C36FD0F8D6
S31508029E208C30FBF7FBFD302342F26002294685603F
S31508029E300561C56205620367C0F88030344B8264E7
S31508029E4003654565826503662B4B456605F128025F
S31508029E500135102D43F82210F8D12E4B2E4A2F48E1
S31508029E605A629A620DF091FC40F6B7339E4200F2AE
S31508029E700781B6F5166FC0F005814FF4C8734FF423
S31508029E8016726343A3F56A33A3F5C073B3FBF2F301
S31508029E900A21DBB2B3FBF1F201FB123302EB8200B9
S31508029EA0DBB24000042BC0B201D90844C0B20FB0DD
S31508029EB0BDEC048BBDE8F08FD3F88451002E7FF4F5
S31508029EC058AFD3F88C31ADB21B145B009FE0D3F8C0
S31508029ED08451002E7FF44DAFD3F88C312D0C1B1410
S31508029EE003EB430393E000BF64920308FF5962023F
S31508029EF0005A620240420F000040005980969800BC
S31508029F000080E00F005000591200020052000100C2
S31508029F1000C00280006000598F330F808C920308BC
S31508029F20404B4C0000000000D3F88051002E7FF40D
S31508029F3020AF5FED047AADB22B044FF0010338442B
S31508029F40816C25F4C046C1F3820101F1010003FACE
S31508029F5000F307EE103A4FEA8646B8EEC79AF6EECF
S31508029F60008A494848BF46F00046002954D1D0F82D
S31508029F708C311BB208EE103AB8EEC88A38EE278A38
S31508029F80BCF1000F5FD103A80192E5F721FDDFEDD1
S31508029F903F7A28EE278A019A9FED3D7AC7EE097A1B
S31508029FA09FED3C7A67EE877AB1EE007AB6F1004FFA
S31508029FB048EE077A0BD0DFED386A07EE105A37EE0D
S31508029FC0A66ABAEEE87AF0EE667A57EE067AF5EE01
S31508029FD0C07AF1EE10FACBBFF1EE677A78EEE78A2D
S31508029FE077EEE87AFDEEE87AC8BFFDEEE77A17EE75
S31508029FF0903AB3F5003F35DB6FEA56466FEA4646B6
S3150802A0004FEA0913FE50B4E6D3F88C311B1407EE57
S3150802A010903AF8EEE77A8FE7D0F8903169EE286A37
S3150802A0201BB207EE103AB8EEC77AD0F8883177EE47
S3150802A030677A1BB208EE103A87EEA67AB8EEC88A95
S3150802A04038EE078A9CE7D8ED037ADFED146AF8EE54
S3150802A050677A87EEA67AF7EE046AC6EE877A27EE5D
S3150802A060888A99E713F5003FAABFC3F3110346F49A
S3150802A07000361E43C4E75A6FBEE6D0F88430C4E6FB
S3150802A080642014E7FF2012E70080E00F3D3B843F7F
S3150802A09000008043000020440000004900007A4482
S3150802A0A01FB5FFF7A5FD002304468DF80F000093A0
S3150802A0B00321012380200DF10F02FDF7B5FE40B9F9
S3150802A0C00122032004490C7004B0BDE81040EAF7E7
S3150802A0D0A9BA04B010BD00BF6E5C00202DE9F34793
S3150802A0E0342600234643224F8146F51928460C4654
S3150802A0F090468DF80730F7F78DFA8246A8BBBB5D06
S3150802A1009BB30D2303FB09430A3357F8233063B382
S3150802A110EB78012B29D86B78434507D10436B81951
S3150802A1200BF0BCF8032385F801A0AB700D2303FBE3
S3150802A13009440A3457F8243041461A789868F7F7DA
S3150802A14061FA57F8243033B101215A6801FA08F145
S3150802A15022EA01025A602846FBF70CFB0DF10701B9
S3150802A1608DF807002846FBF7D5FA02B0BDE8F08756
S3150802A1709C0A00202DE9F043500214461D468FB072
S3150802A1806BD59A4F9A4E97F82830012B0DD0994BDA
S3150802A1901A78022A09D01B78032B06D07B78023B51
S3150802A1A0012B02D930680AF027FB0023306808A978
S3150802A1B0CDE908330AF0A4FC002845D18E4BBDF838
S3150802A1C0221097F828C019809DF820208B4BBCF1E5
S3150802A1D0010F9DF826001A7009D0FF2903D040F610
S3150802A1E0FF7C614503D18649097800292CD0854927
S3150802A1F0097841B18449052894BF0918053191F8AF
S3150802A200540182490870FE2A1CBF81490A70794A9C
S3150802A2101278042A05D17F4A526852890AB901225C
S3150802A2201A70197830680AF030FC10F5007F08D0E9
S3150802A230010400F1B880821C00D5421D764B9210AB
S3150802A2401A700320FB68984700220023CDE90023F1
S3150802A2500023724A30680AF037FAE2021AD5654BC9
S3150802A2601B78042B16D16E4F3B789BB1FB6A8BB1D8
S3150802A270002201213846F7F7CDF9064650B90246BB
S3150802A28039460120F7F7A1F920B1324601213046B5
S3150802A290FFF724FF614B1C4213D0564B1B78042B45
S3150802A2A005D1604B1C420CD00020FCF7D8FA0022DC
S3150802A2B00023CDE900234E490023584A08680AF0CC
S3150802A2C003FA594B1C4224D0584B494E1C42376854
S3150802A2D00ED01422002108A809F04FFB03213846A4
S3150802A2E008AA0AF09BFA014610B130680AF09CFAED
S3150802A2F0404B37681B78042B59D100220023384675
S3150802A300CDE900230023454A0AF0DEF9306807F052
S3150802A31039FD200201D5FBF7E5FB04F0AA4305F057
S3150802A3202202134335D0DFF8CC80314E98F800303C
S3150802A3303068032B2D4F40F0BD8014F0804FDFF8B4
S3150802A340F09000F0B580B9F8E830002B0CBF042471
S3150802A350062400220023A907CDE900234FF00003B3
S3150802A3604FF4000248BF07240AF0AEF94FF6FF7110
S3150802A37030680AF0A7F90023A9F8E830FCF728FAAA
S3150802A3800123204688F800303B699847306807F071
S3150802A390F9FCAB0540F1B1800820144BDB680FB01D
S3150802A3A0BDE8F0431847821E48BF421C46E723070A
S3150802A3B004F008023ED51422002108A809F0DDFAA5
S3150802A3C00321384608AA0AF029FA00289ED09DF8E1
S3150802A3D020303068072B99D10AF024FA002895D044
S3150802A3E0024B0120DB68984790E700BF046800200B
S3150802A3F058A6002035680020F06F002098A6002095
S3150802A40088980020FC6D00203C9103089AA600203B
S3150802A4105CA600204CA6002099A600203008110050
S3150802A4209C0A002000081100088D0100000D010099
S3150802A430E842002004F4807313433FF467AF304BBD
S3150802A440DB6913B11A6901321A611422002103A8C1
S3150802A45009F093FA0321384603AA0AF0DFF90746F8
S3150802A4601822002108A809F088FAEFB1394630689F
S3150802A47008AA0AF0D5F9B8B99DF83320FE2A04BF0E
S3150802A480204B1A78FCF73DFA90420DD91046FCF794
S3150802A490CDFA0338C3B2012B06D818221A4B02FB8F
S3150802A4A000331A6901321A61306807F06BFC2DE72E
S3150802A4B006244EE70AF022F810B130680AF017F8B7
S3150802A4C0E20104F0807306D5FB6913B11A680132FA
S3150802A4D01A60022452E705F0020213430BD0FB6905
S3150802A4E013B15A6801325A600022012130680AF013
S3150802A4F0A1F9072442E7062440E70FB0BDE8F08336
S3150802A500046800205CA60020946A0020044B1B788D
S3150802A51013F0300F03D1012202211046DEE57047FF
S3150802A520346800202DE9F04F07460C461E46914630
S3150802A53085B0002A6DD0464B1B689A4266D840F20F
S3150802A540E7300021434B4FF47A721D680023E9FB7A
S3150802A550050108F08BF883464FF0340A0AFB07FA1E
S3150802A5603D4D32460AEB050821464046F7F752F8B2
S3150802A57000284BD115F80A30002B47D00D2303FBD0
S3150802A58007430A3355F82330002B3FD098F8013099
S3150802A590B3420CD10AF1040A019005EB0A000AF04B
S3150802A5A07DFE0323019A88F8023088F801200D23DC
S3150802A5B003FB07430A3355F82330D3F808A01A7861
S3150802A5C0B9F1000F27D101205968B04001435960FB
S3150802A5D050463146F7F716F84046FBF7CBF83423D0
S3150802A5E003FB0753DB788DF80F00022B09D147B915
S3150802A5F0EFF3108472B601200CF02CFB20460CF007
S3150802A60094FC40460DF10F01FBF784F805B0BDE84E
S3150802A610F08F9346A0E7BAF1000F09D0964207D207
S3150802A620BBF1000F04D00AF0F7FC58444AF826009A
S3150802A6300D2303FB07440A3455F82430002BCBD0EC
S3150802A64001215A68B14022EA01025A60C4E700BFF2
S3150802A650905D0020040700209C0A002073B51C4C5C
S3150802A660237868B9237863BB0120FCF7F8F801223E
S3150802A6701146184B186802B0BDE870400AF003BAD2
S3150802A680002BF1D0002501212B460A2228462570E7
S3150802A690FFF748FF0120FCF7E2F800230E4A0D4EA9
S3150802A6A0CDE9002330680AF00FF804220B4B29463D
S3150802A6B01A7030682A460AF034FA0028D2D102B053
S3150802A6C070BD0020207002B0BDE87040FEF7FCBEE7
S3150802A6D02C73002058A60020000851003568002077
S3150802A6E02DE9F0474FF0340A0AFB00FADFF85090DA
S3150802A6F004460AEB0908174640461A460D461E4600
S3150802A700F6F788FFD0B919F80A30BBB10D2303FB57
S3150802A71004530A3359F8233083B198F80330022BCD
S3150802A7200CD8324641462846F6F74FFF30B933462B
S3150802A7303A4629462046BDE8F047F3E6BDE8F087E3
S3150802A7409C0A00202DE9D8411F46194B1B7863B392
S3150802A750184C50EA0106DFF86C80A26010D1164840
S3150802A7600AF09CFD1548E2F73FFA01223146C4E990
S3150802A7700166266088F800601046BDE8D841ADE457
S3150802A78012B94FF0FF33A360C4E900010B48E2F7A0
S3150802A79019FA0B4920680CF081FB0123002218469E
S3150802A7A01146FFF79DFF88F80070BDE8D88100BF03
S3150802A7B0F40D0020F86700205C8C002010A500200C
S3150802A7C0817500086C5C00200CB473B506AB53F8AF
S3150802A7D0046B134D6021134A019328464923DEF779
S3150802A7E00FFD32460446C0F16001019B2818DEF7C8
S3150802A7F039FD0444002C04DC02B0BDE8704002B006
S3150802A8007047094E094970680AF017F90028F3D10A
S3150802A81030680028F0D022462946ECF769FBEBE7B8
S3150802A820F44300203491030820A50020A0920308CF
S3150802A8302DE9F84F9246027804460E461F46002A2C
S3150802A84066D0531EDBB2022B66D85B4A32F8133047
S3150802A8504278D340DD0761D5162323FA0AF3D807CF
S3150802A8605CD5EFF31188302383F311882278FF2A07
S3150802A87016D03568514B6078D3F81013691C40F02E
S3150802A8808380D3F824C400F0FC0E2CFA00F1C90721
S3150802A89003464ED500210131C9B2042940D135609B
S3150802A8A031684A1C1DD12378FF2B1AD1434B607895
S3150802A8B0D3F82454024625FA00F3DB0700F0FC0C11
S3150802A8C00DD500230133DBB2042B09D0C21802F0DE
S3150802A8D00302624425FA02FE1EF0010FF2D1114666
S3150802A8E031603268531C0ED00C21354B01FB023302
S3150802A8F03449C3E901172378FF2B1FBF012393406D
S3150802A900314AC2F8243488F31188BFF36F8F05E001
S3150802A91040F2FF7342789CE7FF2A9DD0BDE8F88F84
S3150802A920431803F0030373442CFA03F919F0010FD1
S3150802A930B1D11D46072D4FF0030928DC4FEA850BD6
S3150802A94009FA0BF94946214802FA0BF2E4F73EF9ED
S3150802A950494662781E4802F0030202FA0BF2E4F74D
S3150802A96035F9012318481B4903FA05F21AF0060FAE
S3150802A97003FA05F3C0F8102414BFC0F81424C1F86A
S3150802A9801424C1F820348AE7002DD3DA87E7A5F123
S3150802A990080B4FEA8B0B09FA0BF949460E4802FADD
S3150802A9A00BF2E4F713F96278494602F003020B4800
S3150802A9B002FA0BF2D3E700BF987E030800C00350E1
S3150802A9C0080400202D15010800D0035000C40350C6
S3150802A9D008C4035000E0035004C403500CC40350D7
S3150802A9E013B50446694609F01DF9204609F0F2F93D
S3150802A9F0FF28024606D020469DF80010E5F794F88F
S3150802AA0002B010BD0048FBE70080FFFF0029034B98
S3150802AA1008BF0023C0F8F03000207047E73A030861
S3150802AA200C232DE9F74F06460F46144600254FF02C
S3150802AA300609DFF854801370EBB209FB03F3D8F862
S3150802AA400010CA185079012804D923780C2B14D17E
S3150802AA50212013E031F903B01179B2F902A0304688
S3150802AA600022019109F0EAF858B101992170B7F963
S3150802AA7000305B4505DB534503DC002003B0BDE827
S3150802AA80F08F0135D8E700BF04A700202DE9F0436F
S3150802AA908F7880460F2F0C4685B003D9212005B042
S3150802AAA0BDE8F08327B90123374A00201370F6E779
S3150802AAB00D784E78EDB9002EF0D194F90310E0889E
S3150802AAC004F04EFA2128E9D055EA0603A088DFF8F1
S3150802AAD0C89013D004F0DEFA4FF60403B9F8002042
S3150802AAE001469A424BD1AE42334638BF2B46002620
S3150802AAF02DE0082DD2D8082ED0D8DEE704F0CAFAFF
S3150802AB004FF6040501464FF60500204A136E9BB21E
S3150802AB10AB4208BF0346B1F5803FA9F800300FD90A
S3150802AB2002230825136680230126C2F880302B46A5
S3150802AB3049084FF6FF720139914228BF114608E0CB
S3150802AB408023012608251666C2F880302B4600297E
S3150802AB50EFD1002202920122013FFFB20092019731
S3150802AB602A4608F1F80004F0E5F81EB14FF48012FF
S3150802AB70074B5A65074BA2681A60022394E70348F3
S3150802AB800266A9F80030AEE786A2002000C001B826
S3150802AB9000D001B8C4A0002038A8002010B5044689
S3150802ABA0D0F818210B4B4FF40061C3F8D42090F863
S3150802ABB02420D20102F4006207F042F894F8243005
S3150802ABC013F0100F4FF4007314BF034A034A536479
S3150802ABD010BD00BF003E00B0001002B8002002B847
S3150802ABE070B504460D4601F0C1FE820707D594F8F2
S3150802ABF01E31AB4209D825B9D4F81861D6B911481D
S3150802AC0070BD94F82430DB06F9D4D4F81861002E06
S3150802AC10F5D0022D0ED1204609F05DFA50B194F80E
S3150802AC2029300A2B9EBF0848184100F00100C0F1DE
S3150802AC300200C5B2182303FB05667069BDE87040B9
S3150802AC4009F00DBC00FEFFFF7EFBFFFFD0F8E430E3
S3150802AC5013B11A68032A10D8094BDB6BC3F3C20275
S3150802AC6013F0380F03F0070018BF504313F4E07FC0
S3150802AC70C3F3821203D050437047986A400E704756
S3150802AC80008001B8431C07D06FF0FF02034B104047
S3150802AC905A62A3F580535862704700BF00E000B8B5
S3150802ACA010B504234FF03A4101240A4AD1F8180193
S3150802ACB0C2F81831C2F814314C634FF400511163CB
S3150802ACC0410742BFC2F81431A2F58052C2F81831C0
S3150802ACD010BD00BF002000BA38B5154A154B044608
S3150802ACE01A60418641B90722134BDA600522A3F599
S3150802ACF08053DA60084638BD4FF6FF7399420F4D06
S3150802AD000AD10F4909F06BFB0E49E860204609F0A3
S3150802AD1066FB81B22962EDE7B1F5805F4FF0070263
S3150802AD2028BF4FF48051044BDA604B1E2B62E1E7D1
S3150802AD30D9AC0208CCA00020006000B8004000B8D8
S3150802AD400C4000B8204000B8F8B504460F4616462F
S3150802AD500CF0E7F80546A047044620B128460CF051
S3150802AD60E4F82046F8BD06F0FDF804220549D1F8B4
S3150802AD70003F23EA07033343C1F8003F024B5A64F4
S3150802AD80ECE700BF003000B0002002B8F8B507466D
S3150802AD900C461E4615461AB113680BB15B68B3B961
S3150802ADA00CF0BFF801463846FFF750FF074608463B
S3150802ADB00CF0BBF8B772AB890698E11A89B2D5E9E5
S3150802ADC00132034402FB013331817360F8BD1A680C
S3150802ADD0032AE5D99F6A7F0EECE700BF2DE9F04FFB
S3150802ADE006464FF47A70904695B058430F46BDF81A
S3150802ADF078409DF87C9005F0D5FAD8F8005038606E
S3150802AE002146D6F8DC007D6009F060FC4FF6FF7338
S3150802AE10984203D1212015B0BDE8F08F2422D6F836
S3150802AE20DC3050439B68209A03EB000BB9F1080FFC
S3150802AE301F58C2F800B000F08480B9F1090F00F07B
S3150802AE409980B9F1070F40F094809BF81830012BCE
S3150802AE50E0D143F6982A002F7CD15A46214630463D
S3150802AE60CDF800A002ABFFF791FF002F40F08880D3
S3150802AE70D6F8E49021462A46304602ABCDF8089029
S3150802AE8005F084F905EB8004002F4AD006F1E403A5
S3150802AE9045F8203043F688734946A360C4F80490FF
S3150802AEA0304608F0D9FE05AAE060072306F1F80045
S3150802AEB005F0EEFA43F6B07323610B9B32496361E0
S3150802AEC043F6B473A3610C9BE36143F6B87323623A
S3150802AED00D9B636243F6BC73A3620E9BE3624FF457
S3150802AEE07F5323630F9B636343F6C473A363109B69
S3150802AEF0E36343F6C8732364119B6364234B96F991
S3150802AF00272093F90030C3F127039B1A4FF4FF2237
S3150802AF10DB02C4E912121E4A03F4FF2322656365A3
S3150802AF2058344FF0FF3344F8043B601BE0284FF4D3
S3150802AF3066624FF02F018CBF0020012007F062F9EC
S3150802AF4013E0204601F0BAFD074600283FF462AF37
S3150802AF50DFF840A02846394604F0AAFAB9F1080FE4
S3150802AF6005EB80057FF479AF2C1D0020C8F8004058
S3150802AF7051E717B94FF0000A6FE74FF0000AE9E701
S3150802AF80D7F8049076E700BF20E000A888A2002040
S3150802AF9020D000A878ECFFFF00F01803182B0BD07E
S3150802AFA003070BD440F2011310F0100018BF18461D
S3150802AFB0034BC3F88C0070470020F9E70120F7E736
S3150802AFC0003F00B038B10368044A002B08BF134695
S3150802AFD0034A13607047014BFAE700BF573C030860
S3150802AFE010A7002010B4D0E9544122400B4052EA7F
S3150802AFF0030104D003495DF8044B096808475DF864
S3150802B000044B704710A70020024B986F00F00F0000
S3150802B010704700BF003F00B00F2938B505460C46F9
S3150802B0200ED801F0A3FC01280CD1074A2846936FD3
S3150802B03023F00F032343936709F035F8002038BD40
S3150802B0402120FCE70220FAE7003F00B0014BD86F47
S3150802B050704700BF003F00B0014B0020D967704718
S3150802B060003F00B003282DE9F347884664D8344BDD
S3150802B07013F80090334B1E5C334B13F800A00BF009
S3150802B08050FF074605F066FE054640B1002300223A
S3150802B090CDE9003301200023002105F039FC05F033
S3150802B0A061FE48B100230022CDE9003300200023C7
S3150802B0B04FF4004105F02CFC002E3BD0234BDC6CF0
S3150802B0C004F00804224B3146DC64484605F0ACFF1E
S3150802B0D052463146484606F04BF81E4BDC64DDB153
S3150802B0E01D4B1868D0F89410F83004F0D3FB1B49AE
S3150802B0F00868FFF7C7FD4FF0FF330B60184B1A6855
S3150802B100511C06D06FF07E401649C863A1F58051DE
S3150802B110CA634FF0FF321A60B8F1000F04D0124B1F
S3150802B120002103205B689847384602B0BDE8F0471D
S3150802B1300BF0FBBE3446C5E702B0BDE8F08700BF98
S3150802B140889303088493030880930308004000B891
S3150802B150006000B8005000B840A200200CA70020EA
S3150802B16008A7002000E000B830A800200F4A536C58
S3150802B17013F0A00F15D1906C10F0040013D10C4BEC
S3150802B180D3F8003F23F07F4323F0FF035BB1D36874
S3150802B190C3F30362092A07D0B2F10C0018BF0120D3
S3150802B1A07047002070470120704700BF000002B8B0
S3150802B1B0003000B070B50D46064620B91A4B1B681A
S3150802B1C0A3B10E2011E001F0D1FB012829D1174BBA
S3150802B1D093F90040C4F12704641BC4F11C03002B35
S3150802B1E0B8BF5B42232B0CDD212070BDA1F10B03F6
S3150802B1F0002BB8BF5B42232BF6DC0C4B19700020E0
S3150802B200F3E786F827500BF08CFE094AE402136A24
S3150802B21004F4FF2423F4FF231C4314620BF085FE77
S3150802B220EDE70220E1E700BF40A2002088A2002045
S3150802B23000C000B810B5FFF7B1FC0D4B1B68984764
S3150802B2400BF06FFE0B4A0121D2F8D03E044623F0DA
S3150802B2502003C2F8D03E0222074B08469A60074BE3
S3150802B2605B68984720460BF060FE002010BD00BFC1
S3150802B2709CA70020003000B0001002B830A80020B9
S3150802B2800B4B08461A6D92020FD4D3F84021D10708
S3150802B2900CD4D3F83823D20708D4D3F8803013F461
S3150802B2A0706F14BF0120002070470120704700BF4D
S3150802B2B0004001B8F8B50D46D0F8943002EA010408
S3150802B2C023EA01032343C0F894303B4A01F00B03F7
S3150802B2D023EA0401D1642340A2F580526F07064689
S3150802B2E0D36410D50121FFF7CBFF60B105F03AFE12
S3150802B2F04FF4007314F0040F14BF304A304A136532
S3150802B3000422304B5A64E90606D514F0100F14BF0E
S3150802B31000221B222C4B5A652A0618D5230611D55C
S3150802B3204FF40012254BDA640BF0FBFD0E2107469B
S3150802B330032004F0FFF940F20122234B3846DA6271
S3150802B3400BF0F3FD214606F1F80004F0A3FAEF0527
S3150802B35003D5E0052AD504F0BDF9A90503D5A2054A
S3150802B36027D504F0C3F915F0600F0AD0D6F8E41011
S3150802B370304608F071FC8022144BC3F88800144B3F
S3150802B3801A612B0510D505F0EDFD124A14F4006F6B
S3150802B390D2F8003F14BF43F0006323F00063C2F8FB
S3150802B3A0003F0422074B5A640020F8BD04F08CF9CA
S3150802B3B0D3E704F095F9D6E7006000B8005001B863
S3150802B3C0006001B8002002B8004000B8003F00B093
S3150802B3D0000002B8003000B0014B1868704700BF81
S3150802B3E0D0A0002037B50BF09CFD002401230022D3
S3150802B3F0CDE90034002305461946104605F088FAB9
S3150802B400022003F097FB064B21461C60054B0220DF
S3150802B4105B68984728460BF088FD204603B030BD86
S3150802B420D8A0002030A800202DE9FF4102290D46A8
S3150802B43016469846039004D1FFF7D4FF04B0BDE838
S3150802B440F0810BF06EFD1E4F04463B683BB1B342DA
S3150802B45005D00BF06AFD002321203B60EEE7194B6D
S3150802B4600022C3F800803E60002301264FF0000840
S3150802B47010461946CDE9006605F04AFA124B022033
S3150802B48083F8008003F056FB43462A46022003A9A6
S3150802B49003F06EFB0D4B039A1A6008B92046D8E7EB
S3150802B4A00B4D2B689847212804D020460BF03DFD0A
S3150802B4B00020C3E731466B6802209847F5E700BFCC
S3150802B4C0D8A00020D4A000208BA20020D0A0002063
S3150802B4D030A80020044B5B6E5B054EBF0120034B70
S3150802B4E0187800F00100704700C001B88BA200204E
S3150802B4F00A78022A11D0101F4242424152004B7862
S3150802B5001201022B0BD0191F4B424B415B00054916
S3150802B510054842EA8312FFF717BC0122EFE7012327
S3150802B520F5E700BFF0FFFF00B5C902080B78022B4A
S3150802B53010D0181F434243415B004A78022A0BD0B7
S3150802B540111F4A424A4152000F21044843EA820225
S3150802B550FFF7FABB0123F0E70122F5E7E1C9020882
S3150802B560F8B50D7804460A2D0E4690F8247108D1CE
S3150802B5700625284602F046FD18B90135EDB20A2D10
S3150802B580F7D1284602F03EFD002848D094F8243127
S3150802B590AB4209D1B288D4F8A4309A4204D172884F
S3150802B5A0B4F826319A4238D084F82451B38828460A
S3150802B5B0A4F82831738804F59275A4F82631B3885D
S3150802B5C0C4F8A430FF2384F82B3008F0B5FE84F8BB
S3150802B5D02A00284602F0D2FD10BB284602F008FDD2
S3150802B5E0F0B9D4F8E03053B194F82411B94206D030
S3150802B5F02046B3F91220E4F719FA84F82D012046F9
S3150802B60002F0DCFE0849A4F828010123074AD1F80A
S3150802B610FC1004F1F80004F03BFF0020F8BD2120DD
S3150802B6200C2384F82431F9E7004F00B0983F00B0A4
S3150802B63070B5054690F824010C460C281FD0FF2940
S3150802B64001D1212070BD1AB14FF0FF320D4B1A609D
S3150802B65008F072FE064695F8240102F011FD8442AE
S3150802B66028BF0446E4B2B44238BF3446E0B285F88D
S3150802B6702B0002F0D3FFFF28E3D00020E2E70220E6
S3150802B680E0E700BF70A7002010B590F82431044601
S3150802B6900C2B44D0D0F8E03080F82A10DBB3D0F86F
S3150802B6A0F020D2B990F82D318B421CD300222046C5
S3150802B6B0FFF7BEFF48BB1B4B1B78063B032B23D861
S3150802B6C0204602F07BFE18490123184AD1F8FC10DD
S3150802B6D004F1F80004F0DCFE16E0B0F94220B3F9F2
S3150802B6E012309A42E2DD0022204694F82D11FFF725
S3150802B6F09FFF50B9C4F8E000204608F0B3FF4FF6A2
S3150802B700FF739842014601D1002010BD2046BDE8CC
S3150802B710104006F001BDFF2380F82B30F4E7022023
S3150802B720F3E700BF7EA80020004F00B0983F00B0A4
S3150802B730F0B51D46144B04461B780F46164685B0CF
S3150802B7405BB1D0F8E030E3B102AAB3F91230009245
S3150802B7500022E4F769F905B0F0BD02A908F062FA19
S3150802B7609DF808103A462046E4F760F9014626B9DC
S3150802B7702A462046FFF75CFFEDE72046FFF784FFDF
S3150802B780E9E71846E7E700BFBE920308F0B5D0F826
S3150802B7909C3095B0012B03D10025284615B0F0BD83
S3150802B7A004467C4908F01BFED4F8E0600146E58DA4
S3150802B7B0C4F8E4002EB133681BB15B68002B40F075
S3150802B7C0A5800BF0AEFB01462046FFF73FFA074677
S3150802B7D008460BF0AAFBD4F8E410B3898DF80E706C
S3150802B7E0EB1A9BB2D6E9012000FB03226A48ADF8A0
S3150802B7F00C3003680292994208D0204608F02CFAC7
S3150802B80080226649664BC1F888001A61654D644E06
S3150802B81001F0ACF80128FBD12B6CDA07F8D4736C6B
S3150802B820DB01F5D494F82530DF070CD5D6F8782154
S3150802B8305D4BC6F8EC23D3F8F830D6F8A0209D065F
S3150802B840C6F8F02369D494F82530D4F8E4106FF3D7
S3150802B850000384F82530204612919DF80E2002999D
S3150802B86008AB04F0C9F980B901F080F80128FBD1C8
S3150802B8704B4A4C49536CD801FCD40B6CDB07F9D400
S3150802B88008A901A804F0FEFB18B10225284615B03E
S3150802B890F0BDE28D454B5A6402F0FCFB05460028D2
S3150802B8A07FF47BAF94F8243060F3410384F82430A4
S3150802B8B002F03CF8D4F8E030411E5B69C9B21E6852
S3150802B8C0FD29024604962CD9F71C3DD9384901367A
S3150802B8D0096818BF0126C81C42D85B68FF2A04916A
S3150802B8E0059344D1DF1C27D8204604A908F03FFC5B
S3150802B8F0002E7FF451AFD4F8543198052AD494F81F
S3150802B900243043F0020384F8243045E71A68032AF0
S3150802B9107FF657AF9F6A7F0E5FE7204602F04EFD1D
S3150802B92091E75B680128059304D0204604A908F02C
S3150802B9301EFC31E70126D5E701331D4B5B6818D09B
S3150802B940D91C12D80593CFE75B68FF280593F1D077
S3150802B9502A46EAE720464FF4803108F0FDFE1BE747
S3150802B960FF2A5B680DD00593C2E7FF2AC0D10022E1
S3150802B970BAE7DD1C08D8204604A9059308F0F7FBA8
S3150802B980B9E701220593ADE7FF2AB4D10022204682
S3150802B99004A9F3E7FC4F00B0C0A00020003F00B0A6
S3150802B9A0000002B800C002B8004F00B0008001B81B
S3150802B9B07CA7002038B505460C4641B108F070FB55
S3150802B9C028B14FF40031284606F04EF904342046D1
S3150802B9D003F060FB024B4042C3F8F00E002038BD6C
S3150802B9E0003000B0838E70B593420C4615461CD3C0
S3150802B9F0836C8B4208BF00240BF093FA4FF49C53D6
S3150802BA000B490646CA68C2F30362D340DA0702D56F
S3150802BA104B6C9B0304D401222946204602F0B2F855
S3150802BA2030460BF082FA002070BD2120FCE700BFE9
S3150802BA30000002B82DE9F0410B460646154611B933
S3150802BA402120BDE8F081002AFAD0032905D8002270
S3150802BA5002F00EFA03460028F2D01C889A78B4F54A
S3150802BA60804F02F0070180F08680A1F1070C187951
S3150802BA70DF88DCF1000343EB0C0305292B7394BF23
S3150802BA800023C2F30013C2F3801C6B73930985F873
S3150802BA9010C003F00203C2F3C00C43EA0C03C2F35C
S3150802BAA04012E8746B74AA74D6F89430AF82D8063A
S3150802BAB04DD4063901294AD8B6F81280F76908F131
S3150802BAC0FF38083C04EA0804395D2C4B80295B6D73
S3150802BAD008BF6FF07F014FF000031CBF323949B22D
S3150802BAE0A973AB6096F82600013404EA080460BB21
S3150802BAF03B5D5B0103F47E63FF2B9CBFDB43D8B23D
S3150802BB00D6F8EC3003B19847631CE87303EA0803D6
S3150802BB10F95C013303EA0803FA5C013303EA080312
S3150802BB2041EA0221FA5C013303EA0803F85C41EAB6
S3150802BB300241002341EA00616A7C304604F064FD52
S3150802BB4006232860AB7100207BE71846DCE7002352
S3150802BB500020EB730A4BDA69C2F30723120448BFC3
S3150802BB6063F0FF035AB212F1800F1CBF323B5AB27E
S3150802BB70AA730346E5E7022063E700BF004000B860
S3150802BB8000C000B870B506460D4614466BB1FFF7FD
S3150802BB9087F8B08AA04228BF204684B222462946A0
S3150802BBA0034801F029FF204670BD08F075F9F1E750
S3150802BBB00C0000BA70B54FF03A434FF480640A4D50
S3150802BBC0D3F818610020C5F81841C5F8144105F0E4
S3150802BBD0A7FA4FF400532B67730542BF034BC5F808
S3150802BBE01441C3F8184170BD002000BA001000BA0B
S3150802BBF0082310B1024A53647047024AFBE700BFA2
S3150802BC00001002B8002002B8F8B504460E4619B963
S3150802BC1090F824305A0647D43B4B3C4A5B6A618EFD
S3150802BC20C3F3032313704FF6FF739942D4F8E470F3
S3150802BC3004D0374B1B680BB120469847354D2B6805
S3150802BC40BB4256D0344B1B683BB11FB13A68002A37
S3150802BC5051D0BF683946204698470727204602F042
S3150802BC60ADFB002E3BD006202C4B94F9272093F9E6
S3150802BC7000302549C3F127039B1A0A6ADB0222F41C
S3150802BC80FF2203F4FF2313430B62D4F8E420244B68
S3150802BC902A60986702F06AFD0122224B20461A7032
S3150802BCA008F001FA0020F8BD4FF6FF7C66F386130A
S3150802BCB0154A80F82430536A164D1449C3F30323F0
S3150802BCC0D0F8E4700B702B68A0F832C0BB4217D0CC
S3150802BCD0114B1B68002BB8D102F070FB07271249DB
S3150802BCE03B46124AD1F8FC1004F1F80004F0D0FBE6
S3150802BCF0B9E70127B2E71746204639469847ACE71F
S3150802BD0002F05CFB0127EAE700C000B88AA200201D
S3150802BD10CCA00020C0A00020C8A0002088A2002035
S3150802BD20006000B889A20020004F00B0983F00B01A
S3150802BD30054A12681AB190F81E1119B91047084631
S3150802BD4003F018BD01487047BCA0002000FEFFFFA3
S3150802BD50404B2DE9F7431D6801F4007900F0010311
S3150802BD60174653EA090206460C4640D04FF0000829
S3150802BD7093B30023002201200021CDE9008804F0B4
S3150802BD80C7FD41462846FFF7D3FF012241462886CA
S3150802BD90104608F034FCD5F8941005F1F80003F0C3
S3150802BDA079FD2D490868FEF76DFF4FF0FF330B60EA
S3150802BDB02A4B1A68511C06D06FF07E402849C86380
S3150802BDC0A1F58051CA634FF0FF321A6095F8243004
S3150802BDD043F0040385F82430B9F1000F07D0012196
S3150802BDE0284608F0B9FC24F4007406430C4332468C
S3150802BDF023462846FFF7F6F822044FF0000308D533
S3150802BE00CDE900330022002300204FF4004104F05C
S3150802BE107FFDFB070FD51349134A086800211368EB
S3150802BE2011600121114A117003B19847104B002184
S3150802BE3002205B68984717F00E0F08D04FF4097274
S3150802BE403B21002003B0BDE8F04306F0DBB903B09E
S3150802BE50BDE8F08340A200200CA7002008A7002016
S3150802BE6000E000B8D4A00020D8A000208BA20020B1
S3150802BE7030A8002008B558220021064807F07DFDA3
S3150802BE801022FF21044807F078FD05F0F7FE00208E
S3150802BE9008BD00BF043F00B0483F00B073B581211A
S3150802BEA07A22A0F814118221C0F80021C0E94112B1
S3150802BEB064220C23C0E9432207224FF0FF350026ED
S3150802BEC080F824314FF6FF730446C28700F14C020C
S3150802BED082641F4AC385A0F8403080F82C30438616
S3150802BEE04263038780F82760C0F8A450458504F0AA
S3150802BEF041FF2046FFF7BEFF0122164B2046C3F834
S3150802BF00382294F92710FFF755F96023124A41F6A9
S3150802BF10FF71D3644FF03A42116311670F4A2946FB
S3150802BF20D36440220E4B20465A64D4F89420FFF775
S3150802BF30C1F90E230022CDE9003340F2022310464E
S3150802BF40194604F0E5FC02F075F8304602B070BDF9
S3150802BF504000FFFF005001B8004000B8005000B88A
S3150802BF60002002B8034670B50C68B0F828210134DF
S3150802BF7008BFD3F800418D6808BF0C604C68F830DA
S3150802BF80013404BFD3F80C414C606E1C3CD1D3F883
S3150802BF900841CE688C60751C3CD1D3F804510E69F1
S3150802BFA0CD60013604BFD3F8F8600E614E690136DA
S3150802BFB004BFD3F8FC604E618E69013604BFD3F81C
S3150802BFC010618E618E695EB37A32B24238BF3246EA
S3150802BFD00E688A6116B17A2E38BF7A26C3F80841E6
S3150802BFE04C68C3E94065C3E943420A69C3F8F820C5
S3150802BFF04A690C49C3F8FC20D1F8FC1007230A4AFF
S3150802C00004F046FA002070BD02F17A04AC4238BF49
S3150802C0102C46BEE702F18105B54238BF3546BEE772
S3150802C0206422D5E7004F00B0983F00B070B50AF019
S3150802C03078FF05460B4E00F099FC012805D02846E4
S3150802C0400AF073FF0224204670BDF36813F0706F7E
S3150802C050F1D1F46814F08054EDD128460AF065FF50
S3150802C060F1E700BF000002B82DE9F04F89B0074694
S3150802C0700E4600F07BFC01282BD10025C7F8185183
S3150802C080D6F80090182349463846B27907F0FDFDDE
S3150802C090A846AA4609F10C0399F801100690C9F8B0
S3150802C0A0083009F11C044FEA08130493B36803EB3A
S3150802C0B008139A78D3F804B002F07F0244F80CBC4D
S3150802C0C0092A11D8DFE802F01C1414141C681C0E85
S3150802C0D00E0E4FF40061384605F0C6FD0028CCD096
S3150802C0E0022002E08B450BD9212009B0BDE8F08F6A
S3150802C0F0BBF1006FF8D2584602F0CCFF44F80C0C9C
S3150802C100B168049B19444FF400438A7844F8083C02
S3150802C110002302F07F0204F8102C04F80F3C04F8FE
S3150802C1200E3C04F80D3C91F90E30487B1B0603F1D0
S3150802C1303243034344F8043CB07900286AD11824F0
S3150802C1404FF47A7004FB089443F40003A3618B68E6
S3150802C150584304F027F9069BE0611A1D06924FF030
S3150802C160FF3223621A60B388306842F24D4200EB0E
S3150802C1708300069B302183428CBF0020012006F0F3
S3150802C18041F896E8070007F58C7383E807003846F6
S3150802C190FEF704FD0020A8E7BBF1005FA4D31BF05D
S3150802C1A0030FA1D1DBF81020DBF8080072BB724A34
S3150802C1B0C11E914298D8DBF80C20B2F1006F93D8D1
S3150802C1C0DBF80420B2F1006F8ED882428CD3DBF8FA
S3150802C1D000108A4288D802F05DFFCBF80800DBF827
S3150802C1E00C0002F057FFCBF80C00DBF8040002F053
S3150802C1F051FFCBF80400DBF8000002F04BFFDBF836
S3150802C2000820CBF80000CBF8102079E782423FF4E9
S3150802C21077AF69E7082A1ED0092A70D0072A25D1DE
S3150802C220BAF1000F03D001254FF0010A21E0384682
S3150802C230059207F050FF059A054600286ED097F832
S3150802C24029300C3B052B6AD954F8043C43F4000305
S3150802C25044F8043CE7E7002D3FF446AF1823496843
S3150802C26003FB019383F80E8044F80C1CBAF1000F05
S3150802C27055D0B1680498049B08F10108CB18095AED
S3150802C28007A89B68CDE9012000913846214606AAEF
S3150802C290FEF7A4FD00287FF428AF01F047FB069BB2
S3150802C2A01A1F0692079A5269D2F800E01EF1030F86
S3150802C2B05AD800F1FF3C5FFA8CFCBCF1FD0F3CD961
S3150802C2C02E4903F1040C43F8041CCDF818C0C3F830
S3150802C2D000E000283DD12A4AC3F808E05A6003F173
S3150802C2E00C020692069B18341A1D06924FF0FF326C
S3150802C2F01A6099F801104145BFF4D5AE33E7182301
S3150802C3004968B8F1020F03FB019308BF012283F8BB
S3150802C3100F8044F80C1C002DA8D1E5E6012599F8F2
S3150802C3200130434506D154F8043C43F4000344F86B
S3150802C330043C79E74FF0000A9BE75268D11CD1D832
S3150802C3400128CFD10D491A6043F8041C191D06911C
S3150802C35002E05268D01CC5D8069909480B4643F82C
S3150802C360080B06934A60BDE75268D11CBAD8012861
S3150802C370E8D0FF28F0D0B5E7FCFFFF07784201A80E
S3150802C3807C4201A8F0B5D0F8186105460C4689B07A
S3150802C3903EB3B0F81C7104AB18461022002107F010
S3150802C3A0ECFA227861688DF81220120654BF002230
S3150802C3B0627B05918DF81D20A27BA1688DF81E204F
S3150802C3C000220691217B03908DF81C10284601A9AC
S3150802C3D00196ADF808708DF80A20FFF745FE09B0F8
S3150802C3E0F0BD2627004ED6E724A00020D0F8183143
S3150802C3F070B504460D4616460BB9022070BD00F00C
S3150802C400B5FA0128F9D165B14FF48071204605F0D5
S3150802C4102BFC20B194F81E31002BEED105460F4BAA
S3150802C42000E02B4694F8242065F3041284F82420AD
S3150802C4300B4A136066B1D4F818315A781A7000227A
S3150802C4405A8003F10C029A604FF44012054B5A6463
S3150802C4502046FEF7A3FB0020D0E700BFE1AB0208A7
S3150802C460BCA00020002002B838B50AF05AFD4FF6E3
S3150802C470FF710A4A13888B4203D10AF056FD0E2031
S3150802C48038BD074C074D1B046567A4F580546367DE
S3150802C49011800AF04AFD0020F2E700BF3AA8002000
S3150802C4A0006001B80000FFFF2DE9F34705468846FC
S3150802C4B016461C46FEF75AFE60B3AB8A1BB99E4B5C
S3150802C4C01B78DA0726D5284608F0C8F978B99B4BAF
S3150802C4D0D3F8002F1CB10E2002B0BDE8F08702F097
S3150802C4E03003102BF7D002F0C002402AF3D0944C46
S3150802C4F0DFF8849223689847D9F81430DB07EAD51F
S3150802C5000AF00FFD0746032002F00AFC20B138465E
S3150802C5100AF00BFD0220DFE7D9F8142012F006090B
S3150802C520F5D138460AF001FD844B4FF400612846DE
S3150802C530D3F800AFD3F8D87E05F096FB40B14FF496
S3150802C540007201217F4B08465A644A4608F057F89A
S3150802C5504146284605F0E0FD784BC3F800AFC3F81C
S3150802C560D87E0028B8D195F824309F0601D4002E2B
S3150802C57058D0C6F3400004F0BBFC022316F4807FB1
S3150802C5801FBF714A002153644FF03A420BBF6D4AEE
S3150802C59091615364536304F0E5FC4FF4806316F02B
S3150802C5A0040F14BF694A6A4A16F0400F13654FF022
S3150802C5B00402644B30465A644FF0400314BF654A7E
S3150802C5C0654AC2F8B830FEF7E7FC284607F02EFCA3
S3150802C5D038B14FF4807316F0010F14BF5A4A594AFC
S3150802C5E05364B00651D54FF6FF72B5F84030934200
S3150802C5F00FD05A4A5A49526F100CC2F3011201322D
S3150802C600B3FBF2F30880514A514956481B0448675E
S3150802C6105367003E18BF012695F8243066F3451382
S3150802C62085F82430284607F03BFD002843D02846E3
S3150802C63007F0FCFBD0B14FF40031284605F014FB95
S3150802C640431C03229BB2484801A907F0F4FD9DF852
S3150802C650042002F00703052B9DF805301ED11107A9
S3150802C66016D443F48073414AC2F8E03094F82D3068
S3150802C6702BB13F4AA36992F894103E489847002086
S3150802C68002B0BDE8F04707F02EBEFFF7EDFEC0E7A1
S3150802C69013F0040F09D19DF80630E2E703F03002E1
S3150802C6A0202A05D113F0010FF4E74FF48073DAE775
S3150802C6B09DF80630D7E7284607F00DFD98B32846B9
S3150802C6C007F0B4FB78B395F82930A3F10C02012AD6
S3150802C6D016D8EB8D032B19D0244B93F8E93003F0C7
S3150802C6E00703072B16D006211F4807F0ADFD421C8B
S3150802C6F03FF4F1AE00F00F001C4B83F8E800B5E7F3
S3150802C7000F2BE6D0102BE4D00E2B01D1092102E023
S3150802C710112BE0E70821144807F096FD431C3FF465
S3150802C720DAAEC0B2E8E7284607F010FD00289DD029
S3150802C73000F0BEFC9AE700BF87A20020003000B0D6
S3150802C7409CA70020002002B8001002B8005001B8C9
S3150802C750006001B800D000B800E000B8004001B897
S3150802C7603AA800200000FFFF0C0000BA003E00B005
S3150802C770003F00B0843F00B000C001B82DE9F34184
S3150802C7800646884615461F460AF0CBFB0446032092
S3150802C79002F0C6FA38B120460AF0C7FB0E24204634
S3150802C7A002B0BDE8F081042002F0BAFA0028F2D1FC
S3150802C7B020460AF0BAFB01232A4641463046FFF7CD
S3150802C7C073FE04460028EAD1DFF8CC8067B388F8FE
S3150802C7D0000039463046FEF759F900284DD198F837
S3150802C7E00030012B1DD02022254B5A64254BD3F845
S3150802C7F08830B3F5817F1FD2012007F0B0FD0AF019
S3150802C80090FB214B06461B680193CBB902F0E4FA6A
S3150802C81015F0800526D102F023FB284604F0E8FA33
S3150802C82025E004F0FBFABAE798F80030012BF8D0B5
S3150802C830002BD8D12124B2E78022144B1A61DBE7F8
S3150802C840042002F077F900230122042001A902F04C
S3150802C8508FF90028DAD104F09DFB212430460AF02C
S3150802C86064FB9CE700220A4B9A6702F0F9FA094B25
S3150802C87001215B6800209847F0E704468FE700BF6E
S3150802C880001002B8003F00B0C4A00020000002B8A1
S3150802C89000C001B830A8002086A2002008B50B4BBC
S3150802C8A0D3F84C114B1C10D011F080410DD1084B16
S3150802C8B01B6813B10320FEF7D5FB4FF08062054BC8
S3150802C8C01A6501225A6102229A6208BD0080E00FA7
S3150802C8D040A20020001002B84FF40022034B586C05
S3150802C8E003F500535A64C0F3C0407047000002B80B
S3150802C8F0024B586900F00100704700BF00C001B83A
S3150802C90008B50D4B5A69D10710D518B9BDE80840C4
S3150802C91002F0FEB85B69DA070DD402F0EBF80323DE
S3150802C920064A1364A2F58052536404E05B69DB0786
S3150802C93001D40028F1D108BD00C001B800A00950F1
S3150802C9404FF0806310B1024A53617047014AFBE710
S3150802C950001002B8002002B8034BDB6913F4401F2B
S3150802C9600CBF0120002070470080E00F0F4BDB68E8
S3150802C970C3F30363013B0B2B0FD8DFE803F006066C
S3150802C9800C06060606080A0808080220704704204C
S3150802C99070470520704703207047054B5B6913F003
S3150802C9A0060F0CBF01200420704700BF000002B822
S3150802C9B000C001B8094AD368C3F303630B2B08D036
S3150802C9C06FF49050184100F0010080F00100400019
S3150802C9D07047506C10F48030EDD17047000002B8F1
S3150802C9E00C4AD368C3F30363062B07D8042BD8B2C1
S3150802C9F00BD8C31E5842584140007047072B06D130
S3150802CA00D2F868010028ECD170470220704700204E
S3150802CA10704700BF000002B8094BDB68C3F3036323
S3150802CA209A1E012A8CBF00220122012B02701EBF08
S3150802CA304FF4026222FA03F303F001030B70704704
S3150802CA40000002B80023074A00EBC000810002EB8F
S3150802CA5080004360535003764FF6FF73C381036128
S3150802CA60704700BF00A1002010B50A460446A1B1CE
S3150802CA700E4A0F490F4802F01FFC4FF054320E4B74
S3150802CA80C3F8DC20552283F8E220FF22A3F8E0202F
S3150802CA90802283F8E7204FF401524FF401512046D1
S3150802CAA005F0CEF805F0EAF8002010BD0C97030849
S3150802CAB014970308DC960308003E00B02423584363
S3150802CAC0044B1B689B681A18127E022A0CBF185858
S3150802CAD0002070478C96030807B50D4AA2F8E010A5
S3150802CAE090F829300C3B052B4FF000030DD9019322
S3150802CAF08DF80410D2F8DC3069461BBA0522009379
S3150802CB00FEF770FF03B05DF804FB1846FAE700BFAC
S3150802CB10003E00B01FB50F4BC3F8DC1083F8E220C5
S3150802CB2090F8292009BA0C3A052A89BF002204225C
S3150802CB30B3F8E030CDE90212019185BF052202A9B8
S3150802CB400DEB02018DF80C30FEF74CFF05B05DF8CF
S3150802CB5004FB00BF003E00B02DE9F04F8B4B87B0B7
S3150802CB601B6807460E460492019323B90E242046F3
S3150802CB7007B0BDE8F08F019B00251A68844B097F30
S3150802CB801A600422C3E90325019ADFF83092526932
S3150802CB90122928BF29465A615D60C3F80890FEF734
S3150802CBA05BFA337F7B4A87F8293047F6FF7313808F
S3150802CBB006F1170302936FF01F034C46AA46AB46CB
S3150802CBC09B1B0593029B5FFA8AF013F8018FB8F153
S3150802CBD0040F029304D056F82A30039301334CD13A
S3150802CBE0FFF730FF2435902D0AF1010A04F12404D7
S3150802CBF0E8D1694B83F8E9B0327F83F8E320737F83
S3150802CC009B0715D5654B1B68002BAFD09B68D9F8D7
S3150802CC1000201B689A420CBF614B624B1B68002BB3
S3150802CC20A4D09B681A685B69C9F80020C9F8143051
S3150802CC30049B38465649002B00F0A48007F0D4FC22
S3150802CC40554B384693F8E220D3F8DC10B3F8E05097
S3150802CC50FFF760FF044620B929463846FFF73CFF2E
S3150802CC600446727F4FF4002112F0010218BF4FF4F6
S3150802CC700022384604F0E4FF79E7049B002B4BD0E8
S3150802CC80B8F1020F21D0B8F1030F3FD0B8F1010F66
S3150802CC903FD1454B1B68002B48D1FFF7D3FE2368CB
S3150802CCA08BB1039B029A6360059B33F91230394AAA
S3150802CCB06382B2F900209A4261DCB8F1020F1DD0F4
S3150802CCC0B8F1010F8ED1102319E0384B1B6813B93E
S3150802CCD0FFF7B8FE0FE0A6469B6803EB050CBCE817
S3150802CCE00F00AEE80F00BCE80F00AEE80F00DCF854
S3150802CCF00030CEF800302368002BD2D1012303FA84
S3150802CD000AF34BEA03035FFA83FB6BE7284B1B68BC
S3150802CD100BBBFFF797FE2EE0B8F1030FF9D8DFE851
S3150802CD2008F002041618234BF1E7019BA6469B68F6
S3150802CD3003EB050CBCE80F00AEE80F00BCE80F00D9
S3150802CD40AEE80F00DCF80030CEF80030A7E7134B48
S3150802CD50BCE7194BDBE7A6469B6803EB050CBCE868
S3150802CD600F00AEE80F00BCE80F00AEE80F00DCF8D3
S3150802CD700030CEF800302368002B92D132E7054AFC
S3150802CD8013809AE707F04AFC5AE700BF8896030819
S3150802CD90E8A000203CA80020003E00B080960308C8
S3150802CDA07C96030874960308849603087896030803
S3150802CDB06C960308909603087096030800A1002053
S3150802CDC00F4890F8E63003F00702072A08BFFF2249
S3150802CDD00A70B0F8E4204A8090F8EC200A711A0624
S3150802CDE04CBFFF23DB088B71054B93F8E730802B8A
S3150802CDF00EBF6FF07F03323B5BB24B71704700BFC9
S3150802CE00003E00B04C4BF0B5196040F2011385B0F4
S3150802CE1003A90546ADF80C30FEF788FB0446002840
S3150802CE206BD195F82930454E454A0A2B326003D014
S3150802CE30072B1CBF10323260424A4E2152F8234059
S3150802CE404FF42072207FC71A7842784105F0DAF942
S3150802CE50214601222846FFF77FFE044600284CD1C8
S3150802CE6095F829200A2A05D0112A49D8364BD340E3
S3150802CE70DB0745D500234FF48012CDE900330023A2
S3150802CE801046194603F044FDD5F81841002C50D037
S3150802CE9095F829302D480E2B01D0112B12D10023DB
S3150802CEA01A4619462A4E837156F8047B0131013710
S3150802CEB018BF0132C9B21CBF0123D2B20429F3D169
S3150802CEC003B18271B5F81C31046083801F49284674
S3150802CED0FFF7CAF8044680B9012228461146FFF729
S3150802CEE085FA10221B4B214628465A6407F011FC84
S3150802CEF0044610B1184B194A5A64204605B0F0BDCB
S3150802CF0028463168FFF73EFA04460028F5D1012281
S3150802CF10102611462846FFF769FA0E4B01212846C4
S3150802CF205E6407F0F6FB04460028E6D00A4B5E6408
S3150802CF30E3E70224E1E700BFE4A00020E0A0002026
S3150802CF4020A70020909303088040020014A700201F
S3150802CF5038940308001002B8002002B810000040F6
S3150802CF602DE9F84307460E4611B92120BDE8F88394
S3150802CF70112A4FF0010007D84C4900FA02F30B4276
S3150802CF802BD1DD0700F18F8000234FF006089C465F
S3150802CF900E2ADCB223D1012C32D80221B579A54258
S3150802CFA0E3D9D6F808E04FEA03190EEB03152EF873
S3150802CFB00930C5F808C085F80CC085F80280C5F89E
S3150802CFC004C00133002856D0012C46D10724012972
S3150802CFD0AC7052D802216973DAE70020D4E7112A25
S3150802CFE003D1012C0CD80521D8E7A2F10C01C9B24C
S3150802CFF00129D3D9A2F10F05012DCFD9032CCDD101
S3150802D00008B3384606F012FFE8B1B279631CDBB200
S3150802D0109A42AAD90122B168250101EB041042609D
S3150802D0204A530022092582600273857002204FEA5C
S3150802D030031C044401EB03135860E4B221F80C0004
S3150802D0409A601A739D7040F21A43B4713146384693
S3150802D050B380BDE8F843FFF707B8022C0BD14FF0AF
S3150802D060080E85F802E04FF0010E7145C5F804E096
S3150802D07003D86C738CE7012913D90F2A06D102212A
S3150802D080042B69730BD00321DCB287E7A2F11004E3
S3150802D090614261414900042B69737FF479AF042424
S3150802D0A0AEE70221F7E7022060E700BF80440200EC
S3150802D0B00121164B1648D3F8DC2010B583F8E9107F
S3150802D0C04264D3F8E44022440264002283F8E8204A
S3150802D0D0104B4FF440601A6003F58053196403231A
S3150802D0E002220D49C1F88C300C4BC3F88C200C4A2D
S3150802D0F050654FF48060A2F5805250654FF40042A5
S3150802D100C1F8B420C3F8B82010BD00BF003E00B075
S3150802D110004000B800C002B8006000B8005000B86D
S3150802D120006001B8D0F8E43013B11A68032A10D89F
S3150802D130094BDB6BC3F3C20213F0380F03F0070087
S3150802D14018BF504313F4E07FC3F3821203D050434F
S3150802D1507047986A400E7047008001B8FF28074B4F
S3150802D16009BF0A6851F82020C3F878224A6818BF0E
S3150802D170C3F87822C3F87C22704700BF004001B882
S3150802D180FF220B4B10B59A6009F0CBFE0E2104461E
S3150802D190032002F0CFFA40F20122064B2046DA6259
S3150802D1A009F0C3FE044AD36813F0706FFBD110BDB1
S3150802D1B0002002B8004000B8000002B8034608463C
S3150802D1C0082110B5094CC4F87032094BC3F8E810A7
S3150802D1D042B9C4F8782206F0BFFFD4F8740240F0C8
S3150802D1E0802010BD0023C4F87C32F4E7004001B861
S3150802D1F0002002B84FF400120A4B10B50A4CDA6442
S3150802D200E36813F0706FFBD1084B186800F0E6FC70
S3150802D2100822074B9A60E368C3F30363022BFAD129
S3150802D22010BD00BF005001B8000002B840A200209D
S3150802D230001002B82DE9F041DFF8F080FFF7A0FFF1
S3150802D240D8F8006040F2A312708F01213F2894BFDC
S3150802D25000200120B46904F0D5FF708AF5693F28D9
S3150802D2602D4E40F2A71294BF00200120012104F09E
S3150802D270C9FF336A294F2360736C6360736DA360B9
S3150802D280FB6CE3603B6F236102F074FC6061D8F8C3
S3150802D2900000FFF747FF224BA0619B6ADFF89080E8
S3150802D2A0E361D8F8D03E236200F040FB6062D7F80B
S3150802D2B03C31A362D7F81C31E3621A4BD3F8D82063
S3150802D2C02263D3F8E0206263D3F8DC20A263D3F8A2
S3150802D2D05021E263B26A2A60F26A6A60726FAA60D1
S3150802D2E0D6F8A820EA60D3F808212A61D3F81421CF
S3150802D2F06A614FF40072D3F8E830AB61D6F8CC30E5
S3150802D300EB61094B5A64D8F8D03E23F40063C8F897
S3150802D310D03EBDE8F08100BF00C000B8004001B8A9
S3150802D320004000B8000002B8002002B840A200205F
S3150802D330003000B030B5124B98B10278132A10D9D2
S3150802D340441C00F111021D4620686168083403C5B1
S3150802D35094422B46F7D1206828600020094B1870A2
S3150802D36030BD41F2311240F22921C3E90012064AC0
S3150802D3709A6002F1FF226432DA60044A1A61ECE723
S3150802D38090A100208CA20020000100022F000007B5
S3150802D39030B5114C114D41EA8221C4F8D850039D8B
S3150802D3A04FF4FC3243EA85530D4D41EAC0111D4341
S3150802D3B00C4BC3F8D8500425C4F8D85041F6FF756B
S3150802D3C0C4F8E050C3F8E010C4F8DC20049AD2028C
S3150802D3D0C3F8DC2030BD00BF002002B8032BC030E2
S3150802D3E078D40F03001002B84FF4FF62074BC3F854
S3150802D3F0142130B9490141F00801054BC3F814114B
S3150802D4007047090241F01001F7E700BF002002B891
S3150802D410001002B860232DE9F047284D284CC5F8BC
S3150802D420503102234FF48036A3620123DFF89C8031
S3150802D430E3620746C8F84460142006F08DFE214BC5
S3150802D4406664D3F8506143F6FF736367C8F87430AD
S3150802D4503F234FF0F072C4F8A8301B4BDFF870A0D8
S3150802D460C3F808214FF0A073C5F80831002506F461
S3150802D47070064FF4803929463846FFF7B5FF14205F
S3150802D48006F06AFE0520C8F8449006F065FE0F20ED
S3150802D490C4F8449006F060FEDAF808309B0502D517
S3150802D4A00135082DE5D14FF47002074BC3F8502118
S3150802D4B0A3F58053C3F85061BDE8F087001002B89F
S3150802D4C000E000B8000002B8002002B800D000B898
S3150802D4D000C000B82DE9F74300250746324E02F090
S3150802D4E049FB324A36F825305343834202D2013584
S3150802D4F00F2DF7D107F0A0FB06EB85039C78DB78A6
S3150802D500814644434FEA850813B1B4FBF3F4640831
S3150802D51002F036FB264BA4EB40041868FFF702FE1E
S3150802D5204A4604FB00F1012A38BF01220023C80437
S3150802D530490B05F09BF81F4B46445863282006F012
S3150802D5400BFEFFF757FE4FF480111B4B1B4A1C4874
S3150802D550C3F83C211B4A0F2DC2F83C111A49C3F8DD
S3150802D5601C114FF04061C2F81C11184A1A6702686A
S3150802D570A3F520435A644FF0010203F50053C3F89A
S3150802D580CC20837C08BF0323C27CCDE90032437CCE
S3150802D590F278B178C07BFFF7FBFE384603B0BDE8E8
S3150802D5A0F043FFF737BF00BF3EA8002040420F00F6
S3150802D5B040A20020008001B8006001B8FFFF0F00FA
S3150802D5C090A10020005001B800F0FF07F8FF010003
S3150802D5D0022838B50D4614461AD004284DD1FFF74D
S3150802D5E0CFFDFFF707FE264B14F0010F5C6403F527
S3150802D5F000533ED14FF0C0621A62224B224A0020E3
S3150802D6001A674FF08022C3F87822C3F87C222FE0EB
S3150802D610FFF7B6FD2846FFF75DFF4FF08022194B4C
S3150802D6204FF40045C3F87822C3F87C224FF47022DF
S3150802D63003F52043D3F8504103F50053C3F85021AC
S3150802D640A3F5A83305205D6406F086FD0F4B052079
S3150802D6505D6406F081FD0A4B04F47024986803F5AC
S3150802D660A83380F48070C0F300204000C3F850410C
S3150802D67038BD0122C3F8CC20BCE72120F8E700BF59
S3150802D68000C000B8006001B8FFFF010000E000B862
S3150802D690034608B90C4BDB7A022B07D0032B09D0B9
S3150802D6A0012B0ED1084A107A38B97047064A507AC1
S3150802D6B018B97047044A907A20B1044A01201370B7
S3150802D6C070470020704700BF90A100208CA200205E
S3150802D6D008B503490878FFF7DBFF087808BD00BFDD
S3150802D6E08CA200202DE9FF412F4B304DD3F8008044
S3150802D6F02F4FD8E90646FFF743FD236801212B621F
S3150802D70063686B64A3686B65E368FB6423693B67BC
S3150802D710226A284BC3F8D02E94F8240000F0D4F8D5
S3150802D7200021636903910293E36901A8ADF80C30FD
S3150802D730A36901918DF80E3002F0A4FCA36A404653
S3150802D740C7F83C31E36AC7F81C31226B1A4BC3F897
S3150802D750D820626BC3F8E020A26BC3F8DC20E26B28
S3150802D760C3F850213268AA627268EA62B2686A67C6
S3150802D770F268C5F8A8203269C3F808217269C3F8A5
S3150802D7801421B269C3F8E820F369C5F8CC3000F071
S3150802D79025FA0122094B9A64402203F5E0335A61BD
S3150802D7A004B0BDE8F08100BF40A2002000C000B866
S3150802D7B0004001B8003000B0000002B8006000B8AE
S3150802D7C038B504460D46FFF735FD631EDBB2FD2B61
S3150802D7D01DD8012C13D10121084600F075F8002244
S3150802D7E001210220FFF7F4FE68BB4FF47A70194B49
S3150802D7F00122998941435868FFF7E0FC6860294687
S3150802D8002046FFF7ABFCBDE83840FFF76BBF0121A6
S3150802D810002000F059F8002202201146FFF7D8FE30
S3150802D820024650B94FF47A700A4B998941435868AF
S3150802D830FFF7C4FC2860FF2CCCE7074BD3F8480255
S3150802D84040F08020F6E7044BD3F84C3243F08023AD
S3150802D8506B60D4E790A100200080E00FF0B585B098
S3150802D86006466D46174B0F4614460FCB85E80F0042
S3150802D87096B1D6F8E4307BB11A68062A0CD9D8686C
S3150802D880FFF758FDFFF724FFFF2819D0022803D116
S3150802D89029462046FFF794FF4FB1631EDBB2FD2BE4
S3150802D8A00CD9009BFF2C3B6001D1019B7B60224671
S3150802D8B02946304606F05BFC05B0F0BD012CF3E7BD
S3150802D8C02120F9E718960308144BFF281870144A02
S3150802D8D0144B09D11821C2F8FC131022C3F8FC23F1
S3150802D8E0114BD3F874320DE0C0431821C00000F082
S3150802D8F00800C2F8FC13C3F8FC030028F0D10A4B4F
S3150802D900D3F8783240F2FF31054AC3F30903C2F865
S3150802D9100C11A2F58052C2F80C3170478DA2002074
S3150802D920002002B8001002B80080E00F014B1878F8
S3150802D930704700BF8DA200204FF03A43D3F8142156
S3150802D940D2031ED54FF480320E49C1F81421A1F52F
S3150802D9508051C1F818215A6DD1B2C2F30722C3F811
S3150802D960A410C3F8A4200422C3F8A4200022C3F8F2
S3150802D970A420C3F8A420C3F8A420C3F8A420C3F89B
S3150802D980A4207047002000BAF0220B4B01219A64AA
S3150802D990A022A3F580539A644FF03A43826CC3F8E7
S3150802D9A0F410FC21C3F8CC10C3F8D0204FF400526F
S3150802D9B0C3F8F020704700BF006000B8F8B50D46FE
S3150802D9C04FF03A441746064609F0ABFA01230421FA
S3150802D9D0074A6363E76026616561C2F81411054A5E
S3150802D9E0C2F8843109F0A1FA0DB102236363F8BDC6
S3150802D9F0002000BA00E100E02DE9F04105460124C5
S3150802DA00006800F00700063004FA00F3A868EC681C
S3150802DA105E1EA04262D000EA060E6C6810441E43DF
S3150802DA200640A3EB0E000EEB040C8242644618D99C
S3150802DA30D31A0EEB030298B1431E052B04D94B1CCD
S3150802DA40ACEB0303022B59D80B460844ACEB010E88
S3150802DA5003EB0E0113F8014B83420C70F8D1014611
S3150802DA606C688AB1531E052B01F1010302D9E01A2B
S3150802DA70022812D80A44611E00E0013313F8010C89
S3150802DA80934201F8010FF8D109F04BFA0223AE606E
S3150802DA90AB62BDE8F04109F048BA0B46204622F0CF
S3150802DAA0030E8E4453F804CB734540F804CBF9D1E0
S3150802DAB022F00303D01A920701EB030C04EB0307C7
S3150802DAC0E2D0CA5C0128E254DED09CF80130022872
S3150802DAD07B70D9D09CF80230BB70D5E7042A35D9B9
S3150802DAE00878043AA86148780431A86111F8020C4A
S3150802DAF0A86111F8010CA861A8688CE70B4620F00A
S3150802DB0003070F44ACEB010E1C684EF803400433BE
S3150802DB10BB42F9D120F0030310F0030F01EB030E09
S3150802DB20A0EB03040CEB030728D011F80380012CA1
S3150802DB300CF8038022D09EF80130022C7B7018BFA5
S3150802DB409EF80230084418BFBB7088E7013A032AD8
S3150802DB5012D8DFE802F00F1507020B4613F8012B5D
S3150802DB601946AA610A4612F8013BAB61114611F839
S3150802DB70013BAB610B78AB61BDE8F08108446EE707
S3150802DB800A46F3E738B50B46154601464FF03A44BE
S3150802DB9068B101221048C4F8F4201A46FFF72CFF90
S3150802DBA025B14FF03A430422C3F8F42038BD73B1C5
S3150802DBB0D4F8D8209A4284BF0122C4F8F4204FF040
S3150802DBC03A42C2F8D4300223C2F8F430E8E7012315
S3150802DBD0C4F8F430E4E700BFCC0000BA38B504460E
S3150802DBE009F09FF94FF03A420121638F05465167C2
S3150802DBF04BB3B3FA83F3C3F11903DBB2A069C2F8D4
S3150802DC00B410C2F88C300723C2F89000C2F8B030BC
S3150802DC104FF4A02302F50052C2F81431A2F580523D
S3150802DC20C2F8183100220C4B1A600C4B5B6C5B0273
S3150802DC3009D54FF480020A4B04F1F8005A64D4F865
S3150802DC40941001F027FE4FF4E0232846E363BDE86B
S3150802DC50384009F06AB900BFA4A10020000002B842
S3150802DC60002002B8044B186820B140F001021A607D
S3150802DC7020F00100704700BFA4A100202DE9F84357
S3150802DC8005460C46B1B1D0F81880478F09F049F914
S3150802DC90B5F83CC0791E01EA0C0323F00702032CEF
S3150802DCA00646DFF8F8E042445ED1DEF8004024B9C1
S3150802DCB009F03BF90E20BDE8F88324F00104DEF8EA
S3150802DCC0000020F00100A04253D10023CEF8003014
S3150802DCD0238894426FEA43436FEA534323803ED133
S3150802DCE0EB8F08EB07091846083880B202F10804D8
S3150802DCF04C4528BF4446082804D9B4F800E0BEF5C6
S3150802DD00804F40D263440F431B1A3B409BB2AB87FA
S3150802DD10E887947811884FF03A42C1F30C0191656D
S3150802DD20C2F89830C2F8B0004FF48022174B04F0BC
S3150802DD300704C3F814210122154BC3F88421FFF7FF
S3150802DD40FBFD042C0BD14FF48002124B05F1F800AF
S3150802DD505B6C114B5A64D5F8941001F09BFD304662
S3150802DD6009F0E3F80020A6E7601E012898BF1446CA
S3150802DD70A5E7E88F4344E31A48BFDB1908389842F7
S3150802DD80A6DC304694E72246AEE700BF002000BA7A
S3150802DD9000E100E0000002B8002002B8A4A10020B9
S3150802DDA0154B10B51968CA8F8B8F488F13440138E3
S3150802DDB0073B8C69034023F007031C4402F108035E
S3150802DDC04FF03A429BB2CB87C2F8B0304FF480226A
S3150802DDD00A4BC3F814210122094BC3F88421A078FF
S3150802DDE000F00700042803D1064AD3681B03FCD4B3
S3150802DDF0054B1C6010BD00BF40A20020002000BADF
S3150802DE0000E100E0000002B8A4A1002010B5064C0B
S3150802DE10216839B1CB0703D4044B1868FFF72EFFE4
S3150802DE200023236010BD00BFA4A1002040A2002049
S3150802DE304FF480320C4B0D49C3F818214FF03A4380
S3150802DE40C1F81421D3F8AC10D3F88C20012302F0C0
S3150802DE50070206329340C1F30C01083B994201D8E6
S3150802DE60FFF76ABD704700BF002000BA001000BA6B
S3150802DE702DE9F04780460C4616468769458F09F014
S3150802DE8050F8B8F83C2005F1FF3C02EA0C0323F0EF
S3150802DE900701032C82463944B8F83E0019D14A4C88
S3150802DEA024689CB90244073A02EA0C0222F00702E5
S3150802DEB0BC183B44E31A48BF5B19834210DB504641
S3150802DEC009F033F800242046BDE8F08724F001045F
S3150802DED0EFE7012C02D0022CEBD108380C46E8E712
S3150802DEE0002E3FD08C4241D14FF03A42D2F8589098
S3150802DEF04FF03A41D1F8AC20B8F81270C2F30C02CE
S3150802DF00934247DA2588B5F5804FD8D2A378C5F368
S3150802DF100C0503F007037A1EA5EB09053A43052B00
S3150802DF20337005EA02052DD82DB2E84340F2414284
S3150802DF300421C00F04F066F97580E3783374D8F8C3
S3150802DF401C207B1E03EA0903D118B160A9B213FA91
S3150802DF5085F5AF422FBF0023FF1AB780F26024BFB0
S3150802DF60B180F360504608F0E0FFACE7A4F108027E
S3150802DF70974284BFED0802EBC502B2F80090C9F3D6
S3150802DF800C09B5E7114B5B6D003B18BF0123A5EBE6
S3150802DF90C305C9E74B6D7A1EA3EB09033A431A4038
S3150802DFA00B4915B2002DCB680BDCC3F30363D81EED
S3150802DFB043424341DB003370CB6C72801B0A3374D5
S3150802DFC0BDE70823F7E700BFA4A10020004000B878
S3150802DFD0000002B8054BA822D3F84C013121431C94
S3150802DFE00CBF0120C0F3807004F00CB90080E00F6A
S3150802DFF0034B1A6802609B8883800020704700BF23
S3150802E0007EA8002010B50446084B063C9B68984734
S3150802E010074B032CD3F8F80706D800F4C020B0F54E
S3150802E020C02018BF012010BD0020FCE79CA70020D5
S3150802E030000002B80E4BD3F8FC37FF2B0ED0C3F301
S3150802E040421103F01F03013303EB4112FE2A88BF74
S3150802E050FE23084A98BF03EB4113137041F66A027E
S3150802E060054B1B68B3FBF2F3044A1360704700BF03
S3150802E070000002B889A80020C4A10020A8A1002097
S3150802E080063803289ABF024B18780020704700BF4B
S3150802E09089A80020334BD3F8F827D3F8FC17324B5C
S3150802E0A01B68D3F8E43013B11A68032A2BD82F4B0E
S3150802E0B0DB6BC3F3C20013F0380F03F0070218BF75
S3150802E0C0424313F4E07FC3F3821000D04243C1F304
S3150802E0D04213022B234919D9062A37D9D1F8FC3318
S3150802E0E013F0010335D14FF0E0702149092AC1F82E
S3150802E0F02C012048C0F82C316FF0FF03C1F82831F3
S3150802E1001DD91D4B1DE09A6A520EE0E70023D1F88D
S3150802E110FC13C907E7D5032A1CD84FF47C71144AA5
S3150802E12043F44C73C2F82C114FF0E071C2F82C116B
S3150802E1301049C1F82C316FF0FF03C2F828314FF4A9
S3150802E14008530C4A0020C2F8283170474FF40003DE
S3150802E150DDE700234FF47C70054943F43873C1F8B0
S3150802E1602C01C0E7000002B840A20020008001B8D6
S3150802E170002002B8001002B8002DB00BF8B5834D86
S3150802E18004462978002950D12C22814805F0F5FB4E
S3150802E1902378804FFF223B70638800247B807E4B66
S3150802E1A04FF48150C3F8DC407C4B1A7007227C4B33
S3150802E1B0D3F8F817D3F8FC6703F50053C3F8FC2322
S3150802E1C04FF47072C3F82C21764A4903C3F83021FA
S3150802E1D04FF00102C3F83421C3F86C014FF4006012
S3150802E1E0A3F58053C3F86C0126D4C3F8FC234FF475
S3150802E1F0307216F0E00FC3F82C2108BF4FF4805294
S3150802E2004FF0080008BFC3F86C21E1F7D0F94FF4C4
S3150802E210780420226449C1F86C213A78063A032A1E
S3150802E2202BD8DFE802F0156B6E7300235F4AC2F83B
S3150802E230FC305F4A1370ABE70421C3F8FC13802154
S3150802E2400920C3F82C11C3F83421E1F7B0F9E0E745
S3150802E25016F0E00FC6F3421204D144F40C3444F427
S3150802E26040740AE0012A1BBF2020524A44F4C134F2
S3150802E270C2F86C0118BF44F48024C1F83041FFF794
S3150802E28009FF002839D14C4B1A68B2F1406F474A48
S3150802E2905BD3D3F87C1201313BD0D3F87C12C9B2D6
S3150802E2A0C2F8DC10D3F88032404ADBB24249C2F8DF
S3150802E2B0E430D1F88432013343F63F7332D0D1F8D1
S3150802E2C084421C40C2F8D840D1F888120B40C2F8E2
S3150802E2D0E030394BD3F88C1201312CD0D3F88C129A
S3150802E2E001F0FC01C2F8F010D3F8903203F0FC03F7
S3150802E2F02E4AC2F8F43001232B70F8BD44F40834D0
S3150802E300ADE744F4A73444F48074B6E744F4FE4413
S3150802E310B3E72349D1F82831DBB2C2F8DC30D1F8A9
S3150802E3202831C1E71E4CD4F824111940C2F8D81076
S3150802E330D4F82411CAE71A49D1F8343103F0FC0398
S3150802E340C2F8F030D1F83431D0E71549D1F8F84798
S3150802E350D3F83012C9B2C2F8DC10D3F83432DBB2C1
S3150802E360C2F8E430630357BF43F62B3341F61B3337
S3150802E370C2F8D830C2F8E03049BFC2F8D830FC2318
S3150802E380C2F8E030DC23C2F8F030B1E78FA20020F1
S3150802E390D43F00B07EA80020004001B888A800201B
S3150802E3A0000002B800FFFF00001002B8003F00B0EC
S3150802E3B08EA20020002002B80080E00FD0F8A41038
S3150802E3C04C22022938BF02212DE9F04F804690F8E7
S3150802E3D024A181480139C36CD0F8DC507F48C3F3C5
S3150802E3E08213DA40036898F82B708B42DFF828B25A
S3150802E3F07B4B87B002F0010219D11C78944216D1E0
S3150802E400784C2478544512D1D8F8A8407CB1AC424D
S3150802E4100DD1754CD4F8F840A60608D4734C247866
S3150802E420BC4204D1BBF8040007B0BDE8F08F016016
S3150802E4309BF800001A70FFF723FEFF2F81466A48F1
S3150802E44040D1AAF10603032BD0F8F800684B09D984
S3150802E45085064DD540F2FF30C3F88800FB0843F421
S3150802E460407309E0840642D540F2FF300127C3F81B
S3150802E4708800BB0843F438735E48C0F888305C4BA2
S3150802E4800120C3F8E0005C4B1E6840F27123B6FB1C
S3150802E490F3F619234E43B6FBF3F65AB3D8F8E4500B
S3150802E4A02DB12B68082B40F2948095F838502946EE
S3150802E4B005A8059605F01CFF0602059C46F01106FE
S3150802E4C02D043CE009F1FF33BB4228BF3B46012B32
S3150802E4D038BF0123D0F8F800DFB2800608D540F22B
S3150802E4E0FF3443481B06C0F88840B7D4C1E7012762
S3150802E4F0404BC5E7414B9821A3FB062303A8039388
S3150802E50005F0F6FE039C3E4A361BA2FB0612019054
S3150802E510342104A8049205F0EBFE049D0090761BB4
S3150802E520302105A8059605F0E3FE019B009A1E0216
S3150802E530059B2C4446EA0216324D06431C44324BCE
S3150802E54040F6970218682B21003818BF012003F0FD
S3150802E55059FEFA222C4B02FB04F01B6840F6FF72A6
S3150802E560B0FBF3F00A235843214B00F57A74C3F83B
S3150802E570D820A3F58053C3F8D860A3F58053C3F80F
S3150802E580DC50224B224E1B78C6F8D4700BB9C6F85B
S3150802E590FC7086F8FB9000F58C50C8F8A8501D4D03
S3150802E5A014302C6001F0FEFE4FF47A72C6F8980019
S3150802E5B0C6F8EC002B680D49B3FBF2F3ABF804304E
S3150802E5C0084BB4FBF2F083F800A098F82B300B70D6
S3150802E5D02AE700256BE700BF004001B870A70020B4
S3150802E5E090A2002087A80020004F00B086A800202D
S3150802E5F0006001B8005001B8C4A1002069C2F568DC
S3150802E600B97A146E3064FC00A8A100208EA20020FC
S3150802E610003F00B0ACA100207EA8002010B5104B28
S3150802E620024618780F4C0C2802D1FF20207010BD24
S3150802E630831F042B34BF0121FF21FFF721FD9042DE
S3150802E64028BF1046C0B2884238BF0846237883429C
S3150802E650EDD0054B20701868FFF7B0FE2078E6E784
S3150802E6607EA8002088A8002040A2002008B50E4BEC
S3150802E670024618780C2812D0FF2A13D0FFF700FD9D
S3150802E680904228BF1046C2B2012A38BF0122074B60
S3150802E690C3F8FC200123064910460B7008BD002367
S3150802E6A0FF22F8E70023F6E77EA80020003F00B025
S3150802E6B08EA200200020044B1870044BD3F8D420F5
S3150802E6C0C3F8FC20704700BF8EA20020003F00B0AE
S3150802E6D010B5044603F04EFB78B1154B1B786BB99F
S3150802E6E064B1144B1B784BB1134B1B78013B012BBE
S3150802E6F004D84FF40042114B1A6510BD104B1B6D1E
S3150802E7001B04FAD408F00DFC044602F02BFC4FF465
S3150802E71000420C4B2046BDE810401A6502220A4BFD
S3150802E720C3F824250422054B5A6408F0FEBB00BF31
S3150802E73091A2002092A20020B0A10020002002B8D7
S3150802E740000002B8001002B800D003500122024BA2
S3150802E75000201A70FFF7BCBF91A200200022024BCC
S3150802E76001201A70FFF7B4BF91A20020054BD3F817
S3150802E770843013F0030F4FF4802314BF024A034A6E
S3150802E78093647047004000B8005000B8006000B8B3
S3150802E790594B2DE9F34193F82E800646B8F1000F3E
S3150802E7A040F0A8809B68554C984701213A20E0F72B
S3150802E7B08DFB534B2578534F1E7085BB2846FFF7B2
S3150802E7C087FF2378013B012B19D8E37B01A88DF833
S3150802E7D00430237C8DF80530DEF7C8F9C7F82455CE
S3150802E7E04FF6FF72484BC3F88420F822A3F58053EC
S3150802E7F0C3F884200022434BC3F824250DE04FF6C4
S3150802E800FF72414BC7F82455C3F88420F822A3F5B2
S3150802E8108053C3F88420C7F824553C4B5BE0404636
S3150802E820FFF756FF2378013B012B08D8E37B01A8A3
S3150802E8308DF80430237C8DF80530DEF797F900232E
S3150802E840C7F82435002ECBD062685AB3304B1B6802
S3150802E85003EB5203B3FBF2F3013B1B0243F0F8034B
S3150802E86026782949022E2B4A1ED0032E4FF6FF750B
S3150802E870244826D0012E37D143F00203C1F884502A
S3150802E880C2F884300723C0F82435E37B01A88DF843
S3150802E8900430237C8DF80530DEF73CF90120FFF7BA
S3150802E8A017FF17E0F823DBE74FF6FF7043F0010383
S3150802E8B0C1F88400C2F884300622124BC3F8242514
S3150802E8C0E3E743F00503C1F88450C2F88430042311
S3150802E8D0C0F82435104B4FF080421A65FFF746FF01
S3150802E8E0002002B0BDE8F081C1F88450C2F8843035
S3150802E8F00023EDE70E20F4E79CA70020B0A1002034
S3150802E90092A2002000C00350006000B8002002B89E
S3150802E910C4A10020005000B8001002B8DFF8CCC02D
S3150802E9202DE9FF419CF82E800446B8F1000F54D118
S3150802E9302B4F06463D460FCE0FC533682B60DCF8D3
S3150802E9400830984701213A20E0F7C0FA254BC3F868
S3150802E9502485A17A627A42EA0142C3F83025217CEB
S3150802E960E27B42EA0142C3F82C25217B627B41EA1B
S3150802E9700240C3F828053B78032B2AD8DFE803F0C0
S3150802E98022020C178DF8041004218DF805200DEBD0
S3150802E99001000022E0F770F9E37B00228DF80830C7
S3150802E9A0237C042102A88DF80930E0F765F9637A19
S3150802E9B001228DF80C30A37A042103A88DF80D30B4
S3150802E9C0E0F75AF9084B187804B0BDE8F041FFF7AA
S3150802E9D0DFBE212004B0BDE8F0810E20FAE700BFB1
S3150802E9E0B0A1002000C0035092A200209CA70020DC
S3150802E9F0034B1B6D002BBCBF024BC3F88800704744
S3150802EA00000002B8004000B8304B2DE9F047DB6839
S3150802EA1098474FF47A762E4BB0FBF6F618604FF409
S3150802EA20FA73734307462B48190E1B0218182A4A0B
S3150802EA304FF0000341F1000103F018FE274BA0F541
S3150802EA40807205461A6320B948222B2103F0DAFBA5
S3150802EA5001254FF47A724FF0000A6A43534650086A
S3150802EA60310203F003FE1D4B1D4AB7F57A7F9A6001
S3150802EA701C4B4FEA056819601B4B89460446186009
S3150802EA804FEA152505D29B222B21504603F0BAFBE5
S3150802EA9001264FF47A73A8FB030103FB05117308D9
S3150802EAA0C01841F100010023324603F0DFFD0F4B87
S3150802EAB0023419600E4B49F10009A408186044EAA9
S3150802EAC08974064B013C9C63BDE8F0879CA700202D
S3150802EAD0C4A1002020A1070040420F0000C001B8CF
S3150802EAE002110100D8A10020D4A10020D0A1002043
S3150802EAF0CCA100201022044BC3F884215A600122BB
S3150802EB00024BDA60704700BF00E100E000C001B8BE
S3150802EB101022064BC3F88421C3F88420BFF34F8F13
S3150802EB20BFF36F8F0422024BDA60704700E100E000
S3150802EB3000C001B838B501250A4B02019D504FF4B1
S3150802EB4080730446084A8340536608F0EAF9074A7E
S3150802EB50A540137823EA05031370BDE8384008F088
S3150802EB60E4B900BF00E101B800E001B89BA20020A9
S3150802EB702DE9F84F164605468A461F4608F0D1F98A
S3150802EB80022E00F09180804608F0C0F95A4B5B4A83
S3150802EB90D3F8209092F8CD405A6EE4B2520744BF99
S3150802EBA0D3F82090013404F0030408F0B5F9484676
S3150802EBB0214600F05DFA8446DAF80000012E04BF09
S3150802EBC001306044ACEB000C08BFCAF80000BCF187
S3150802EBD0804F7DD300F05EFA8145A1EB040188BF20
S3150802EBE0454BDFF838C188BF01F1FF3101F0030157
S3150802EBF088BF9B6BA0EB090E0CF80510A1B1F907AB
S3150802EC0042BF41F61F723E4B5A67BA0742BF3C4B98
S3150802EC103C4A5A677B0742BF0022374B9A673C0732
S3150802EC2042BF0022344B9A6511244FF0010A324B37
S3150802EC3005F11002120103EB051BCBF80C01324950
S3150802EC409C501A6A0AFA05F4586E0B78A2EB090266
S3150802EC50E4B2234372450B7025D34FF48073AB405D
S3150802EC60034220D11CF80520002A40D10EB3274AB8
S3150802EC70F807536607D541F61F7140F20110204B7B
S3150802EC80596750675967B90706D51D4B1D4A1F496B
S3150802EC901F485A6748675A677A0742BF01221D4BBF
S3150802ECA01A613B071AD4404608F03FF90120BDE82D
S3150802ECB0F88F194A2D0142F805A042F89C3C08F043
S3150802ECC030F911490B7823EA04030B7008F02DF981
S3150802ECD0404608F02AF90020BDE8F88F2120FFF700
S3150802ECE087FE4FF48032044B4046DA60DCE7074A77
S3150802ECF040465366D8E700BF00C001B8003E00B0E0
S3150802ED0000E001B800001F1F9BA2002000D001B836
S3150802ED1000000101000002B800E101B893A2002038
S3150802ED20034B10300001185800F00100704700BF6D
S3150802ED3000C001B82DE9F0419DF818800D46B8F1DA
S3150802ED40000F08BF0022214EB5F5803FB16807467D
S3150802ED5021F4700141F4A001B1609DF820409DF8AC
S3150802ED601C104FEA042444EA016444EA031444EA00
S3150802ED70084444EA02044FF0180140F2E9222CBF83
S3150802ED8000200120746503F03DFA3564B8F1000FDE
S3150802ED901AD00F4BBC68D3F8B8307A2C38BF7A240D
S3150802EDA05B0606D500F0D8FC18B10A4BB3FBF0F3A4
S3150802EDB01C44204600F06EF90130854238BF002215
S3150802EDC0024B34BF5A645864BDE8F08100C001B8EA
S3150802EDD000C000B800093D0038B51A4B5D6C35BB5A
S3150802EDE010242020FFF704FE174B9C6002F0A4FEB5
S3150802EDF02022164BC3F8842101F0A4FF48B12A4603
S3150802EE0000200821FCF7A4FF114B5C66A3F580538A
S3150802EE101C67104AD36803F07063B3F1807FF9D98F
S3150802EE20084B0D4A5A6741F201429A6738BD01F00A
S3150802EE3089FF0028F4D0094B054A5366A2F5805289
S3150802EE401367EDE700C001B8001002B800E100E060
S3150802EE5000E001B8000002B8011B011810000020EA
S3150802EE6008B52120FFF7C4FD4FF48032014BDA6062
S3150802EE7008BD00BF00C001B82DE9F0411C4D04468B
S3150802EE80EB6BDB012DD500F0DBFC0646A0FB044745
S3150802EE90E86B4FEA1028050C10F0FF0005D140F286
S3150802EEA05A422B2103F0AEF90120EDB2AD01B5FBB2
S3150802EEB0F0F55FFA88F815EB881506D1284640F270
S3150802EEC05F422B2103F09EF901252A46002320469C
S3150802EED0394603F0CBFBB6FBF5F5064A1560BDE8E5
S3150802EEE0F08100F039FC0546A0FB0401F5E700BFF6
S3150802EEF000C000B8C8A100200246012030B50B4C5C
S3150802EF00A0F12003C0F1200524FA05F504FA03F35B
S3150802EF102B4304FA00F595428B4100D330BD0F28E6
S3150802EF2001D00130ECE7FF20F8E700BF40420F00AE
S3150802EF3038B507F0EBFF084B084A1D6A92F8CD4030
S3150802EF405A6EE4B2520744BF1D6A013407F0E4FF61
S3150802EF50284604F0030138BD00C001B8003E00B0DF
S3150802EF602DE9F0410E46FFF787FFC30943EA4163DD
S3150802EF70C01A61EBD111FFF7BFFFFF28054661D022
S3150802EF80334B344A1B68344FB2FBF3F8FB6803F081
S3150802EF907063B3F1807F3FD93327304CE36813F4AB
S3150802EFA0603F03D1013F17F0FF0747D101234046CF
S3150802EFB0236505F0D4F907F0B4FF072D294628BFC3
S3150802EFC007210F27636A6A1E23F4706343EA022342
S3150802EFD0A26A22F0E05242EA81622149C1F8B87077
S3150802EFE0204945F010070978A9421F492BBFA2629A
S3150802EFF0C1F8B870C1F8B87063622CBF6362A262C6
S3150802F00007F093FF154B5B6ADBB2802B1DD03046A7
S3150802F010BDE8F04100F000BC10223324134B9A607D
S3150802F020FB6803F07063B3F1807FB5D8013C14F036
S3150802F030FF04B1D00A2005F092F9F1E70A2005F09B
S3150802F0408EF9ABE72120BDE8F0810220FBE700BF7D
S3150802F050C8A1002040420F00000002B800C000B854
S3150802F06000E000B88AA2002000D000B8001002B85A
S3150802F070064B1B68434303EB8171054B1B68A3FBD5
S3150802F080003013F1004341EB00007047D0A1002085
S3150802F090CCA100200C4A20F04043014610B50020BE
S3150802F0A014684FF00042E4FB0320084A890F1268ED
S3150802F0B002FB0300064B9B6B984204D901330131CC
S3150802F0C0C01A01F0030110BDD4A10020D8A1002066
S3150802F0D000C001B8044B01F0F071103041F0030191
S3150802F0E000011950704700BF00C001B808B52220B8
S3150802F0F0FFF77EFC4FF48022014BDA6008BD00BFA1
S3150802F10000C001B8836833B10549C268096803F1CA
S3150802F1103043032A00D8704743F8041B043AF8E739
S3150802F120D0A7002070B51646054600B3F9B1F2B16C
S3150802F1304268104B006803321B68920800F130409F
S3150802F1409847044688B9EA68A8680332314692089D
S3150802F15000F1304005F027F9044630B9D5E9040232
S3150802F160214600F1304004F008FC204670BD2124F7
S3150802F170FBE700BF78A7002070B50C68651C15D0A0
S3150802F180C4F302669E42C4F3074530D1A4B2944240
S3150802F1902DD804EB8506B24229D2141BA50824F001
S3150802F1A003040E59340F04D0012C08D0002221245E
S3150802F1B002E06B1C51F82320C0E9002470BD0E4CF6
S3150802F1C034F8133042EA03431A686B1C51F8234099
S3150802F1D001EB83014B6822405E4036F0704404D14D
S3150802F1E01B0F032B04BF8B681A430024E4E701357F
S3150802F1F001EB8501C1E700BF6496030807B501A8BC
S3150802F200E0F7E6FB42F201020C4B0D49C3F8702205
S3150802F2104FF4FC72C3F8E0205822A3F58053C3F8D2
S3150802F220E020084AA3F61C7352F8040B43F8040BB1
S3150802F2308B42F9D103B05DF804FB00BF006001B848
S3150802F240104101B83096030870B50324134E144DC5
S3150802F250B3689847134A144B1A6501F06FF8FFF71B
S3150802F260CDFF124BC3F8104101232B65336898472B
S3150802F2704FF460736B614FF400732B65FEF756FB10
S3150802F2800021FEF721FB8022094B1C64A3F580535B
S3150802F2905C64084BC3F884215A6070BD9CA70020A1
S3150802F2A0001002B80048F000000002B8005001B889
S3150802F2B000A0095000E100E0836810B4074C03F18E
S3150802F2C0304324681B689C4203D15DF8044BFFF760
S3150802F2D029BF00205DF8044B704700BFD0A7002065
S3150802F2E02DE9F04705460E461446DFF88480DFF816
S3150802F2F084901E4F88B01CB9204608B0BDE8F08736
S3150802F300B4F5006F4FF010024FF000016846A246AE
S3150802F31028BF4FF4006A04F030FB08238DF800304A
S3150802F3200AF1FF339BB2009A1B0143F0036302EA18
S3150802F330090203EA08031343102200210DEB020017
S3150802F340CDE90036029504F018FB6A46387804A916
S3150802F350E0F774FAA4EB0A0406EB8A0605EB8A05BB
S3150802F3603878E0F7B7FA0028FAD0C4E78AA8002066
S3150802F370F07F300C0F80CFF3002210B5274B284CB4
S3150802F3805A649A64DA6494F82D2003F5805312B10C
S3150802F3904FF000721A6594F82E20002A39D04FF4DD
S3150802F3A000421A6594F830302BB14FF480521D4B47
S3150802F3B01A65A36A984794F831201A4B12B14FF48A
S3150802F3C000521A6501225A6102229A62134AD368C6
S3150802F3D0C3F303630D2B01D0002BF8D11123124975
S3150802F3E0D3631248124AFFF79DFE01F029F9114824
S3150802F3F0FFF788FE1048FFF785FE1048FFF782FEE2
S3150802F4004FF08062074B5A61012203F580535A6115
S3150802F41010BD01213A20DFF759FDC3E7000002B803
S3150802F4209CA70020001002B8CC9B0308F496030898
S3150802F43010970308C4960308DC960308AC960308DB
S3150802F4400F4B10491A68012302F58052C2F880321E
S3150802F45091660D4A53600D4A53600D4A5360A2F5F0
S3150802F46080425360A2F54042536002F5C0325360AF
S3150802F47002F580425360A2F500425360704700BF0E
S3150802F48098A70020FF0B001600D000B8001000BA9B
S3150802F490005001B808B505F0A3FB044B1B681B6FA7
S3150802F4A0C3F300430133B0FBF3F008BD98A700206D
S3150802F4B02DE9F04F044687B00290894659F8043B75
S3150802F4C05A1C06D12360029BE01A801007B0BDE8D9
S3150802F4D0F08F3748C3F301615FEA137B30F81100F6
S3150802F4E008BFC3F307429BB218BF012243EA004092
S3150802F4F004F062FF4FEAC20A05460AF104032D48E0
S3150802F500234483421BD807230127C846CB4003F06E
S3150802F510010301939300049307FA0BF705EB8203A1
S3150802F520039307F0940304F108060593039B08F175
S3150802F5300408AB4208D1049954444944BDE71E4B1A
S3150802F5409C42E0D80020C1E7059B53B917F0420F49
S3150802F55019D117F0280F0BD146F8085C58F8042C75
S3150802F56021E04FF420623221002002F04BFEF3E73D
S3150802F57040F604223221019802F044FE05F5805233
S3150802F58046F8082CEAE740F60D223221019802F0E5
S3150802F59039FE05F50052BBF1010F46F8082CDDD1FC
S3150802F5A058F8042CD24346F8042C04350836BDE72D
S3150802F5B05C960308DF4F00B0E04F00B070B5044612
S3150802F5C098B1B1B13A4A52F8043B834213D10023A7
S3150802F5D0384A116CC907FCD4374800EB830004F09B
S3150802F5E0EBFE364B106001221A6470BD01330C2BF8
S3150802F5F002D1334D2CE0012352F8041BA142F5D166
S3150802F600304A32F81330E3E7C2F3016335F81300E0
S3150802F610110C93B211F0FE0F43EA0043606820D042
S3150802F6200434CAB2022A216808D9D4E90160033A25
S3150802F630C3E9001698600C340C33F3E704D1626808
S3150802F640C3E90012083403E0012A01D1043419601F
S3150802F6502268531CD8D10022164B1A6003F5805330
S3150802F660C1E7120F072AEDD8DFE802F00704090DF1
S3150802F6701013181DC04303F500531860E2E71A6811
S3150802F68042401A60DEE703F58053F6E704F067FEA8
S3150802F690D8E7012203F580538240F2E7012203F5F7
S3150802F6A000538240EDE71A6830EA0202FBD1C9E745
S3150802F6B0DCA1002000C002B8404000B000D002B869
S3150802F6C0649603086AA200200122014B1A65704754
S3150802F6D0001002B80122014B1A657047002002B8D1
S3150802F6E04022014B1A657047002002B84022014B9E
S3150802F6F01A657047001002B80B4B1B68D3F8E43042
S3150802F70023B11A68022A01D9186A7047074B9A6EFA
S3150802F71090B238B1064BC2F307421B68DB08534363
S3150802F720B3FBF0F0704700BF40A20020004001B8CA
S3150802F730C4A10020064BDB68C3F30363984206D1D3
S3150802F740044A936F23F0F00343EA01119167704765
S3150802F750000002B8003F00B0054B1B68D3F8E4303E
S3150802F76013B11A680A2A01D8FFF7C6BF186C704780
S3150802F77040A200202DE9F743064604F0E9FD0024DD
S3150802F7808046DFF8909007F0CCFB0DF1070105469D
S3150802F7900DF10600FDF740F99DF806308BB9721C8B
S3150802F7A029D004F0D5FDA0EB0804284607F0BDFBD6
S3150802F7B09DF8063013B99DF807303BB3A642E2D846
S3150802F7C024E0D9F80C3013F4603FE8D0D9F81800D1
S3150802F7D004F045FE731C074603D004F0B9FDA0EBFE
S3150802F7E00804284607F0A1FB17F5007FE0D0384643
S3150802F7F003B0BDE8F083284607F097FB9DF806306C
S3150802F800002BC0D19DF80730002BBCD1004FEEE784
S3150802F81000FEFFFF00C000B810F1800F04D04D288B
S3150802F820CEBF7F20323040B2FF22044BC0B25A62AA
S3150802F830A3F5805358620020704700BF00E000B865
S3150802F8400B4A10B5136F0B4C116F03F00703E35CF9
S3150802F850C1F3CD0101FB0333126F0748C2F34542D8
S3150802F86002FB033300688001B0FBF3F010BD00BF52
S3150802F870004001B828960308C4A10020044BD3F817
S3150802F880B03010B1C3F30332027003F00F007047B1
S3150802F890000002B8064B01F080015B6C03F480039A
S3150802F8A00B4302BF4FF40012024BDA64704700BFE3
S3150802F8B0000002B8006001B84FF0B052024B1B6854
S3150802F8C003F580539A66704798A70020044B1B6875
S3150802F8D0986E00F0B05000F16A435842584170479A
S3150802F8E098A700200F4B1B788BB1012B11D10E4A1A
S3150802F8F0012102F580528B4291600FD80A4A0B49C0
S3150802F900002B08BF0A4693689B07FCD47047074A30
S3150802F910EEE700224FF480539A60FFDE00239B68CD
S3150802F920FBE700BF9CA20020004003B8000003B812
S3150802F93038B50B4B0B4C002818BF1C46A569E36962
S3150802F9401D4007D0084B1B682BB12846984704F57B
S3150802F9500054A56138BD6B05F9D5FFF7C3FFF6E775
S3150802F960004003B8000003B80CA20020034B1A6E2D
S3150802F970596E03F500530A401A66704700800A500A
S3150802F98030B54FF04044114B1A68D2F8883002F568
S3150802F9900055C5F8A040C3F38803C5F8A44091B141
S3150802F9A0B3F5D17F28BF4FF4D173D52B38BFD523F2
S3150802F9B003F14605A3F1460141EA0541D16702F57D
S3150802F9C08052C2F8A4400380002030BD94A70020CC
S3150802F9D04FF48022034B00201B6803F581539A617A
S3150802F9E0704700BF8CA7002073B50446234B244DED
S3150802F9F09B68984701213A20DFF768FAE17822796D
S3150802FA00286841EA0243C0F8F435E679A37943EA5D
S3150802FA100643C0F8F83523784BB18DF80410042153
S3150802FA208DF805200DEB01000022DFF725F9637832
S3150802FA305BB10421A37900228DF80430E3790DEB3A
S3150802FA4001008DF80530DFF717F92B6821780122B6
S3150802FA5003F5BE6359B103F580510A606178022243
S3150802FA6041B103F5805300201A6002B070BD03F558
S3150802FA700051F2E703F50053F5E700BF9CA7002003
S3150802FA8090A700204FF08042034BC3F88020BFF3B3
S3150802FA904F8FBFF36F8F704700E100E04FF080424F
S3150802FAA0014B1A60704700BF00E100E070B52C4BAD
S3150802FAB00C461A781AB92B4AD2F86C221A702A4AB4
S3150802FAC0126D52054AD51D78284B05F00F06B0FB74
S3150802FAD0F3F040434FEA151505D140F27C622B211B
S3150802FAE002F090FB0120224A0A217243B2FBF0F38C
S3150802FAF04843B3FBF1F602EB5002B2FBF0F201FB0C
S3150802FB001633042BD2B207D8C3EB8310C3EB800398
S3150802FB105BB283B96DB217E0C3F10B0303EB830340
S3150802FB20DBB2B3FBF1F32B44DDB20F2DF2D9013A66
S3150802FB30D2B2053DEEE7053B5BB293FBF1F31D44FA
S3150802FB40EBB26DB2002D04DB002042EA05122260F8
S3150802FB5070BD01320533D2B25DB2F5E70220F7E78E
S3150802FB609EA200200080E00F000002B8403B25005C
S3150802FB7080969800014B1868704700BF18A20020AB
S3150802FB80014B1868704700BF14A20020F8B50B464F
S3150802FB90002213F8044B944225D91D68854224D1C4
S3150802FBA006245A791D79124B88181E6804FB050328
S3150802FBB0104F33F8063C7B43B3420ED900238A5AC8
S3150802FBC07A43964202D804FB0300F8BD9D42FAD94D
S3150802FBD0013304FB03F2825AF2E740F244423D2122
S3150802FBE0002002F00FFB0020EFE708330132D2E7CC
S3150802FBF010A2002040420F0000202DE9F04FA2FB80
S3150802FC00016AB94FDFF824C3F7191D466AF10003E2
S3150802FC10BC4570EB030383B008D240F23E220E21A4
S3150802FC2002F0F0FA022003B0BDE8F08FD5F828906A
S3150802FC308B461446B9F1000F04D0D9F80030032BCD
S3150802FC4000F29381A94BAA4A9B6BD2F8FC90C3F3A4
S3150802FC501408A84B1B6F59074EBF4FF440039B0568
S3150802FC6003F0E07348EA0308A34BD3F8EC305A00D2
S3150802FC7048BF48F0807848EA446804F0DDFF074642
S3150802FC80002CCFD00028CDD09C4B6E62C3F800B0B2
S3150802FC909B4B984200F0B18103F5122303F5F863F2
S3150802FCA0984200F07381974B984200F0B181024660
S3150802FCB0002300204FF0007102F0D8FC0023013027
S3150802FCC006FB03F300FB0A33A6FB000213442033A8
S3150802FCD089499B092B60D1F8ECB3D1F8F033D1F8F6
S3150802FCE078A1D1F8A01000930846584030F47F63F3
S3150802FCF00CBF012000204FF428720191102102F056
S3150802FD0081FA8BEA0A0232F47F634FF0100140F25D
S3150802FD10A6220CBF0120002002F074FA7A4A009B40
S3150802FD20D2F86012C9B2FF291CBF2AF47F6242EADE
S3150802FD300112764908BF5A468E4207D9211F012960
S3150802FD4040F2278172498E4200F22381B7FBF4F70B
S3150802FD50C8F31301A1FB0717AB61684BC90C41EA4B
S3150802FD60473118F4801F1F686A4B08BF4942196059
S3150802FD70694B0F44C5E907B21F60B9F1000F00F0DD
S3150802FD80328100236B60AB60D9F81C60D9F800A0F9
S3150802FD90002E49D0BAF10F0F97BF574BB9F818B0D2
S3150802FDA0D3F88C31C3F3832B524B98BF0BF1080B54
S3150802FDB0D3F83C31B7FBFBF2DB0216D5002381EA06
S3150802FDC0E17EAEEBE17E5549C8F3815811F808C0C9
S3150802FDD0194650084FEACC5CCCFB0E01009202F0A1
S3150802FDE045FC009AC0F3130068605F4504D3B2FA73
S3150802FDF082F10D2940F3048133469103B1FBF3F1F5
S3150802FE004B004FEAC23E0133520C01E00233013184
S3150802FE10A3FB06C0E64572EB0000F7D2C1F30E015A
S3150802FE20090341F00061A960BAF1050F40F2DF80CB
S3150802FE30D9F82C60002E00F0B680307804FB07F75C
S3150802FE40A0F10400B0FA80F040F20B523D214009BD
S3150802FE5002F0D8F9324B9F4240F20181314B9F4260
S3150802FE6040F20181304A974294BF0222032244F2A9
S3150802FE701421FF0B07EBC70307EB43039B0B013B5D
S3150802FE805B0232446B61567801FB07F2B6EBD25F2E
S3150802FE904FEAD25380F0E5802644B34240F2D78037
S3150802FEA02644B34240F2E1802644B34240F2DF8060
S3150802FEB02644B34240F2DD802644B34298BF052069
S3150802FEC040F2C680002040F226523D2102F09AF9FD
S3150802FED044F6776307FB03F3DB0D013BB34280F07D
S3150802FEE0BC80002026E000BF006CCA88008001B8EA
S3150802FEF0004F00B0004001B8000002B818A2002066
S3150802FF0000F04902005A62020080E00F00BBEEA030
S3150802FF1000AE5EA714A2002010A200209496030841
S3150802FF2020D4CB8F00DAF89AE0DF25A6807C814AB6
S3150802FF30042804D8361BB34200F10100F8D303287B
S3150802FF408CBF0020012040F232523D2102F05AF9BC
S3150802FF5001216B69A6F1140242EA86421343D9F8D3
S3150802FF6000A06B6185F82C101FE0042BD9F82880B5
S3150802FF707FF483AE18F0807F14BF4FF4400308F075
S3150802FF80E07328F0E07848EA030876E600233A4860
S3150802FF9096E6019B2AF47F6A23F47F6343F42A6375
S3150802FFA04AF4CC6BD2E685F82C600023BAF1060F28
S3150802FFB0EB6018D9D9F83030ABB104F03DFED9F868
S3150802FFC03010FFF7E3FD044608B183781BBB04F043
S3150802FFD001FED9F83010FFF7D9FD20B1837813B1A5
S3150802FFE0C3781B042B61002003B0BDE8F08F002301
S3150802FFF0002085F82C30EB60F6E700231F485FE601
S31508030000C1F10E0326FA03F302FA01F10133F5E609
S3150803001000231B4854E6407940F25552003818BF6E
S3150803002001203D2102F0EEF8207940F256520038BD
S3150803003018BF01203D2102F0E5F8237962791B02F6
S3150803004043EA0213EB60E3781B042B61BFE7012045
S3150803005003288CBF0020012035E7012073E700221F
S3150803006005E701202FE7012201E70220F0E7032035
S31508030070EEE70420ECE700BF313641DC0A3BB2DF8A
S31508030080D694BFD630B505460C468DB059B9334B11
S31508030090827AD3F8FC30416831480A9300686B4684
S315080300A0FFF7AAFD6C462F4B22685A632B4BD3F8EE
S315080300B0FC30002B3CD0636843B12B4B2B4AC3F867
S315080300C03C216268A3F58053C3F83C21A36843B176
S315080300D0254B274AC3F81C21A268A3F58053C3F806
S315080300E01C21244AE168D2F8983194F82C0023F4A9
S315080300F0EE630B43C2F898316FF078421E4B1F49E3
S315080301009A606269A3F580539A604FF44033C1F845
S315080301108C3122691A4BC3F88C214FF40012D8B1DB
S315080301200A65184B1B6898471749606AFFF7BEFCB0
S315080301300020A2690F4BC3F8A020E269C3F878210F
S31508030140226AC3F8F8232A89A3F5E0339A6203F5EA
S31508030150A03318640DB030BD1A65E2E7004F00B04E
S3150803016040A20020008001B8006001B8FFFF0F001D
S3150803017000F0FF0F000002B800600C50002002B820
S31508030180001002B89CA70020588001B870B51C4619
S3150803019015460E461B688CB00A93A27A6B466168AD
S315080301A0FFF72AFD394B2B6023896B60384BAB600D
S315080301B0009BEB60374BC5E90436019B002B55D1F1
S315080301C005F11804029B43B1334ADFF80CC1C4E9AD
S315080301D000C2324AC4E9022310344FF4EE63304AAC
S315080301E03049C4E90023304B3048A360039B304AA7
S315080301F0E3606FF07843C4E904132E4B9DF82C1083
S31508030200A361059B4FF40016E3614FF44033C4E939
S315080302100803294B0998A362049BE362274B002929
S3150803022008BF13464FF47F622363254BE263C4E991
S315080302300D63A3F580532364069B04F164011340FD
S315080302406364204BC4E91232A3F580532365079BE5
S31508030250134063651C4BA365089BE365FFF726FC00
S3150803026078B16034641BA0100CB070BD174ADFF870
S315080302706CE005F12804C5E906E2154A6B622A62B1
S31508030280A0E7144B683444F8083CEBE7284000A879
S31508030290348001A8448001A800F0FF0F1C5101A86F
S315080302A0982102A808600C50981102A88C2102A86C
S315080302B0501002A808500C508C1102A8502002A80E
S315080302C0A02002A8782102A8F80302A8FFFF0F00BE
S315080302D03C5101A8588001A81C6101A83C6101A8EA
S315080302E04FF40022014B00201A657047002002B81C
S315080302F00E4B1B68D3F88022D2070ED55B6E002BF4
S315080303000DDA0B4B4FF480029B6813F00C0F094B65
S3150803031009D11A654FF480421A65002070474FF4D5
S315080303208002054BF5E704490A65F3E798A7002019
S3150803033000400950002002B8001002B84FF480624A
S31508030340014B1A65704700BF001002B840B1036835
S31508030350012B05D90069034B002808BF18467047C7
S31508030360004870479C96030810B590B10468012CA1
S315080303700FD902696AB11168094B102C19605168C3
S315080303805960916888BFD268996094BFD960DA606A
S3150803039010BD10220021024803F0EFFAF8E700BF68
S315080303A020A20020084BC1171A68A2FB000302FB10
S315080303B0013310F1807043F10003400E40EAC31085
S315080303C0803820EAE070704730A200200722194BD4
S315080303D070B51A64184B194A1D68194BEC08E005E1
S315080303E0C0184FEA153141F10001002302F03EF926
S315080303F0144B154E18601548FFF7D4FF4042C6F84C
S31508030400D00049F65800FFF7CDFFC6F89C00104800
S31508030410FEF740FE024660B1E301500818184FEA9A
S3150803042015714FF0000341F1000102F01FF9C6F8F8
S31508030430A80070BD000002B8C4A1002065CD1D0048
S31508030440B2E60E0030A20020003F00B07011010092
S3150803045040420F0010B5044698B10B4BD3F8FC0085
S31508030460FFF782FF4FF47A7303FB04F0074BA0F5FB
S315080304707A60DA689B681044C01ABDE81040FFF733
S3150803048091BF4CF25030F8E7004F00B020A200208D
S315080304902DE9F8430546084614461E46FFF764FF4A
S315080304A005B306F0020716F004061DD1D7B14FF4BB
S315080304B07A706B685843002B40F08C80FFF772FF05
S315080304C020636B69002B00F08C804A4AD0684FF48E
S315080304D07A7202FB0300A0F5FA50FFF763FFE062A6
S315080304E0002E58D1BDE8F8832869002869D04FF44F
S315080304F07A7358433F4BA0F57A609B68C01AFFF797
S3150803050051FFA062A88B00285ED04FF47A73584334
S31508030510384BA0F57A609B68C01AFFF743FFE06182
S31508030520354BE968D3F80080002950D04FF47A7325
S315080305305943304BA1F57A619A685B68891AC91AD7
S315080305402E4BC8171A68DFF8BC90A2FB011302FBEF
S31508030550003311F1807143F10003490E41EAC311D7
S315080305608039274B2162D3F8B8306362D9F8003053
S3150803057053B1404603F094FD30B12246D9F8003012
S315080305801C49D8F8D80098470021A869FFF762FFE5
S315080305906063002F8BD1A86830BB47F23050FFF752
S315080305A001FF60614FF47A702B6858432BB1114BE6
S315080305B01B6803F51C5310331844FFF7F3FEA061B9
S315080305C090E74CF250309AE74CF25030A5E74CF2DC
S315080305D05031B5E7074B1B6803F51C531033184412
S315080305E06CE747F2305078E74FF47A735843A0F52F
S315080305F0FA50D4E720A2002040A2002030A200200F
S31508030600003F00B01CA2002038B5054608461C4624
S3150803061003F0C1FE0246D5F8E400FFF797FE4368E8
S31508030620A018002B044AA8BF4FF4FA721A44034BC6
S3150803063092FBF3F2104438BD0CFEFFFF18FCFFFFD4
S3150803064070B5154C8CB001AD0FCC0FC50FCC0FC5CB
S3150803065094E8070085E80700AC2200210F4803F059
S315080306608CF99C2200210E4803F087F920220021E9
S315080306700C4803F082F904F027F90B4B1B784BB1AE
S31508030680054E01AD0FCD0FC60FCD0FC695E8070072
S3150803069084E807000CB070BDD43F00B0B83E00B084
S315080306A0643F00B0E04F00B08FA2002008B506F003
S315080306B038FC0E4B1A78A2B90D4A126812F4843F15
S315080306C00FD10C4A102111651B7863B9084B1B68B7
S315080306D0DB0508D4074B20221A65BDE8084006F057
S315080306E024BC054AEEE7044BF5E700BFA4A20020A5
S315080306F048560020002002B8001002B810B5104B67
S31508030700104AD3F8B8001478596A9A6A00F00F00A9
S3150803071021F4706122F0E052844241EA042142EA5C
S3150803072084624FF01F04084835BF9A6259625962BA
S31508030730C0F8B84034BFC0F8B8409A6210BD00BFCD
S3150803074000C000B88AA2002000E000B80A4B197856
S3150803075001F0FF0229B10021197008499202C1F874
S315080307600821597801F0FF0229B100215970930233
S31508030770024AC2F80C3170479FA20020005000B805
S31508030780084BD3F8000F084B9A6C110107D4074A94
S31508030790926E920705D5D3F8F4339B0701D500F576
S315080307A080707047003000B0000002B8004000B8FF
S315080307B010B506F0B6FB0E2104460320FEF7BAFF72
S315080307C040F20122034B2046BDE81040DA6206F0E8
S315080307D0ACBB00BF004000B838B506F0A2FB4FF02B
S315080307E00043244C0546C4F88030BFF34F8FBFF34C
S315080307F06F8F0123C4F88430BFF34F8FBFF36F8F16
S315080308000223C4F88430BFF34F8FBFF36F8F0423DB
S31508030810C4F88430BFF34F8FBFF36F8F0823C4F830
S315080308208430BFF34F8FBFF36F8F134B1B6A984701
S315080308301023C4F88430BFF34F8FBFF36F8F202381
S31508030840C4F88430BFF34F8FBFF36F8F4023C4F8C8
S315080308508430BFF34F8FBFF36F8F4FF48073C4F8A1
S315080308608430BFF34F8FBFF36F8F2846BDE83840F8
S3150803087006F05BBB00E100E09CA7002038B506F054
S3150803088050FB05464FF000430C4C2360012363607D
S315080308900423636008236360094BDB6998471023C5
S315080308A0636020236360402363604FF4807363604F
S315080308B02846BDE8384006F038BB00BF00E100E033
S315080308C09CA70020012370B5074C2370074B1E68AD
S315080308D0074B3240D3E9005319402840FBF738FA4F
S315080308E00023237070BD00BFA2A2002038A20020F7
S315080308F0485600200022044B1A70044B197811B18C
S315080309001A70FFF7D3BE7047A3A20020A4A2002043
S315080309102DE9F047DDF8209003EA0108099B06460E
S315080309200D4602EA000703EA090AB9F1000F40F087
S31508030930F280031F0B4300F0A180052871F1000321
S315080309406FD250EA010300F0D481431E0B4300F033
S31508030950B880FFF741FF814AD2E9004323EA05033A
S3150803096024EA06043C4343EA08077D4BC2E90047E9
S315080309701E6826EA090646EA0A061E60FFF796FE79
S3150803098016F0020F42F2020308BF0223754A76489D
S31508030990D26E250383EA020122EA0302C266734A78
S315080309A003EA01038166D366C4F380424FEA02323F
S315080309B048BF42F48072E00648BF42F40052A106DB
S315080309C048BF42F400726306694B48BF42F480622B
S315080309D0DB68250648BF42F40062664882EA0301DB
S315080309E023EA0203C360644B0A4017F4007F81605D
S315080309F0DA6007F40071614B00F0D2800121604A86
S31508030A0083F8941092F82D004FF00073002800F035
S31508030A10A1805C48036593695B4898474FF4802532
S31508030A20D1E04FF40043994208BF48454B4C61D087
S31508030A3081458B418DD3A0F580630B4305D020F404
S31508030A408063A3F500730B4383D106F06AFAD4E9EE
S31508030A50003223EA060322EA050242EA08023B4376
S31508030A60C4E90032494A126892F8F610484A09B3AB
S31508030A7013F4C06F1ED04FF4807311E006F051FAD9
S31508030A80364AD2E9003123F004033B4341EA08011D
S31508030A9057EA0807C2E900314FF480633C4A0BD092
S31508030AA0C2F81431A2F58052C2F81831BDE8F047EE
S31508030AB006F03BBA4FF48073C2F81831C2F8143102
S31508030AC0F4E706F02EFA254AD2E9003123F00103AA
S31508030AD03B4341EA0801C2E9003101232D4A57EA9B
S31508030AE008071BBF9364A2F58052D364D36408BF77
S31508030AF09364DBE706F015FAD4E9002323F40043ED
S31508030B003A4343EA0803C4E9002357EA08074FF4BC
S31508030B108063204AE5E750EA01037FF41AAFB9F187
S31508030B20010F7FF416AF06F0FCF90D4A136823F09C
S31508030B30010343EA0A0313604FF48063164ABAF1C2
S31508030B40000F04D05366A2F580521367AEE7136706
S31508030B505366ABE7114A136560E700BF48560020A2
S31508030B6038A20020004000B8006000B8005000B862
S31508030B70004001B8006001B8005001B8003F00B05A
S31508030B809CA70020001002B8843F00B040A20020B2
S31508030B90002000BA00E000B800E001B8002002B85F
S31508030BA093F8942072B1544883F8941090F82D3032
S31508030BB04FF00072002B00F08C80504B1A65836946
S31508030BC04F4898470025E00448BF45F48035A103FC
S31508030BD048BF45F48015A20748BF45F4800514F4B9
S31508030BE0001FDFF85C8106D0D8F8000003F0AEFAE0
S31508030BF008B945F40025E302424B48BF45F40035DE
S31508030C00F8061A6A48BF45F40005610248BF45F469
S31508030C10001585EA020323F001033B491A400A62D9
S31508030C201D40CB61394A354B16F0010F1D62384B0F
S31508030C3018BF13467A07374A48BF43F00063126F53
S31508030C40354883EA020122EA03020267334A0B4064
S31508030C5041661367324A04F00103D26C3D0448BF68
S31508030C6043F480632F4883EA020122EA0302C2643B
S31508030C702D4A0B408164D364D8F80020200248BF6C
S31508030C802A4B92F8F62058BF294B610748BF43F40D
S31508030C90806322B114F4C06F18BF43F4807332071C
S31508030CA04FF03A42BDE8F047D2F8181148BF43F06F
S31508030CB0004383EA010222F4A0221E481140C0F829
S31508030CC018111340C0F814211B4AC2F81831FFF74C
S31508030CD0D5BD0D490A65194AD2F8A41002F5005282
S31508030CE0C2F8A410C2F8A0104FF05022C2F8A430DC
S31508030CF068E7BDE8F08700BF9CA70020001002B88C
S31508030D00843F00B0000002B8002002B8041C0003A8
S31508030D100418000300C001B800E001B800D001B808
S31508030D2000C000B800E000B800D000B80D0A0A09F0
S31508030D30090A0A09002000BA001000BA0040005048
S31508030D4040A20020024B5868C0F3C000704700BF9A
S31508030D5048560020024B186800F00100704700BF90
S31508030D6048560020024B5868C0F3C030704700BF8E
S31508030D704856002010B50446FEF766FAFFF72CFD21
S31508030D802046FCF701FEFEF7F7FAFDF73DFEFDF7F1
S31508030D90B1FEFFF71BFB13490723134AD1F8FC10CF
S31508030DA004F1F800FFF774FB4FF080710020FEF79B
S31508030DB091F94FF000720D4B4FF400110120C3F85F
S31508030DC00021FEF787F901F00DFB20B940F29232B4
S31508030DD0142101F017FAFFF783FABDE81040012042
S31508030DE0FDF7D6BC004F00B0983F00B000D001B85D
S31508030DF08023074A5364082340B15364054AD2F84B
S31508030E00D03E23F02003C2F8D03E7047024AF4E7E7
S31508030E10001002B8003000B0002002B810B506F082
S31508030E2080F8012104460020FFF7E2FF044B19610D
S31508030E30044B5B6898472046BDE8104006F075B832
S31508030E40000002B830A800202DE9F3410D4600241E
S31508030E50074606F066F8214B06462046DFF88C80DF
S31508030E601C70FFF7C5FF1E4BC8F87430C8F87840E6
S31508030E706879431E58425841FAF7BAFE40F60143C9
S31508030E80C8F878302A792968012AD7F8083101D1B0
S31508030E90994200D3CC1A042303200DEB03010194D2
S31508030EA0FDF766FE50B988220E4B30465A6406F0A3
S31508030EB03CF82124204602B0BDE8F0810A4D2B6890
S31508030EC098472128044604D1012100206B689847D6
S31508030ED00024304606F029F8ECE700BFA1A200205B
S31508030EE000000101002002B830A8002000C001B8A4
S31508030EF0F8B5194C0546207840F2E442B0FA80F07A
S31508030F003E21400901F07EF955B9607840F2E44282
S31508030F10BDE8F840B0FA80F03E21400901F072B905
S31508030F204FF440660D4F0E4DD7F8083140F2E442B0
S31508030F30C3F381232370C5F8086160783E21B0FAAC
S31508030F4080F0400901F05EF9D7F80C31C3F3812329
S31508030F506370C5F80C61F8BD9FA20020004000B875
S31508030F60006000B8F8B5084C084D636C0423084FB5
S31508030F706B64636C5B0300D4F8BD042602207E64AD
S31508030F8003F0EDF96E64F4E7000002B8001002B846
S31508030F90002002B8A82238B51B4B5D6C03F5005335
S31508030FA05A6410229A60A3F5804302F100521A6725
S31508030FB05A66FFF7CBFB154B1B7813B90320FDF7CE
S31508030FC0B9FD0024124B9C67FFF7CCFF114A124B5D
S31508030FD0D2F8001F0B40C2F8003F04220F4B5A6495
S31508030FE00F4BC3F8D840FFF789FBAB0608D50D4B63
S31508030FF0D3F88830B3F5817F22BF8022024B1A616A
S31508031000BDE83840FBF730BA000002B8A1A20020B9
S3150803101000C001B8003000B0DF0000FF002002B8AE
S31508031020003E00B0003F00B010B551B920B3154BD0
S31508031030DB681B0E13F00E0F1ED1134B1B6CD9075F
S315080310401AD4FFF7B5FB0F4C0020FEF717FC03284D
S3150803105001D0092805D1A36ADA07F5D4A36CDB0303
S31508031060F2D4FFF77FFF0122084B5A6102229A62E4
S31508031070042203F580535A644FF4C062044B9A65FD
S3150803108010BD00BF000002B800C002B8001002B8C5
S31508031090006001B808B503210920FEF74BFB20229F
S315080310A0014B1A6108BD00BF000002B8144B10B506
S315080310B01B78CBB9134AD2F8A030D2F8A4100B4048
S315080310C0B3F1804F0CD34FF040400F490F4CC1F892
S315080310D0A400D467C1F8A0004FF480210C4AD1615B
S315080310E0094AC2F8A03010BD0A4A0B4B92F894106D
S315080310F09B690A4898474FF48022054BDA61F2E761
S315080311009DA2002000400050006000500000FF012F
S31508031110001002B8003F00B09CA70020843F00B02F
S3150803112038B5054605F0FDFE0E4B04461868FCF770
S3150803113055FD35B1FFF7DEFB2046BDE8384005F01F
S31508031140F4BE094B1B78002BF6D0084B1D78002DEF
S31508031150F2D1FFF7CFFB2A464FF480400021FFF771
S31508031160B1FBE9E740A20020A3A20020A2A2002027
S315080311702DE9F84F5B4B06460D4614465B6C002A71
S3150803118040F0AC8013F0A00F14BF4FF001094FF0E5
S315080311900009FBF769F9FFF7B1FAA0234FF0000A34
S315080311A0DFF85C810320C8F84430FDF7C3FC04204C
S315080311B0FDF7C0FC4C4FFFF79DFB4C4B4FF0040B60
S315080311C07B67C7F878A0FFF7CDFE494B4FF48071CC
S315080311D0D3F8D02E42F02002C3F8D02EFF22C8F847
S315080311E00820404A1161D3F8002F42491140C3F839
S315080311F0001FC8F844B0C3F8D8AE7B6913F0060FCE
S3150803120004D0FDF773FF5846FDF794FCB9F1000FB8
S3150803121009D04FF40063384A53640223C2F8F433FF
S31508031220A2F5E032936666B1344BDB6C180701D43A
S31508031230FFF7BEFAFFF72EFF0420FDF77BFCFFF747
S3150803124085FA284B5A69D10746D5DA6812F0706FC2
S31508031250FBD12B4B2B4A5A642B4A936F23F0F0038B
S31508031260936715B12046FFF75BFF284BD3F84C313C
S315080312705A1C01D05B0002D50122214B5A615CB38B
S315080312801E4BDA6E03F500539A6603F5D0331B6AD1
S315080312901B4A23F00103D3611D4BD96803F5005399
S315080312A0996003F50053D3F8841003F5005399673F
S315080312B04FF03A43D3F8181103F50053C3F8141142
S315080312C0144BD96C03F500539964134903F580331A
S315080312D059664FF608435364BDE8F88F4FF0000983
S315080312E057E700BF000002B800C001B800000101BB
S315080312F0003000B0DF0000FF001002B8004000B85D
S31508031300002002B810003000003F00B00080E00F54
S31508031310004001B800C000B85000002FA74B2DE9C4
S31508031320F04F9A6EDB6E87B002EA0308A44BC3F844
S3150803133068804FF03A43D3F81461D3F818311E4046
S31508031340A04BC3F81461A04B9A68DB6802EA030A48
S315080313509E4BC3F808A003F52043DA691B6A02EA21
S3150803136003099B4B09F47702DA619A4BD3F80422F3
S31508031370D70606D4D3F80431DD06C3F3001740F1C4
S31508031380F88005F0CEFD944B5A695F6E12F0060F8E
S3150803139014BF012200221B6F00921F408F4A27F0B9
S315080313A0007323F400637C07536606D58C4A92F8C8
S315080313B0CD300133DBB282F8CD3005F0B6FDB8F196
S315080313C0000F00F0F78018F0020400F0F180854B57
S315080313D00025D3F8F4B303F500530BF00702CBF358
S315080313E080041BF0020FC3F8F4234FEA44542ED0AB
S315080313F005F097FD0190FFF7C3F903467A4A126889
S31508031400106811688842FCD010688842FCD0CDE980
S315080314100223FFF7B5F9039B029A984240F0AB8083
S315080314200198029305F081FD704A029B13606D4A89
S31508031430526C12F4E05140F0A08023F07F4323F06E
S31508031440DF030BB9FFF7A6FD4FF080731C431BF0B0
S31508031450010F13D0634B5E495B6C03F460424A6425
S31508031460002A00F09F801A0400F19F8013F4005F9E
S315080314700CBF4FF000534FF000631C43C8F34038CA
S315080314804FEA48085A4B3340002B4BD016F4206FCB
S315080314900AD040F6A3120621002000F0B3FE00206E
S315080314A0FFF73EFE26F48026F00506D5FF22484BB5
S315080314B044F4C0649A60FFF77BF916F0090F0BD062
S315080314C040F6B8120821002000F09CFEFFF7E2FD63
S315080314D04FF03A4301225A6316F0106F0CD040F6C8
S315080314E0C1120921002000F08DFEFFF7D3FD00226B
S315080314F011461046FCF746FB16F4202F0AD040F691
S31508031500C9120721002000F07DFE0020FFF708FE20
S3150803151026F48026F10301D5FCF78AFC002EB8BF12
S3150803152048F0080872070ED54FF03A431B6B13F4BD
S31508031530005F4FF4005317BF224A2E4A136344F43D
S31508031540000408BF1363730548BF44F0040416F484
S31508031550802B00F0B880FCF723FC013806284BD80B
S31508031560DFE810F033013601330139013C013F014D
S315080315703F01009723E7034642E7CDE90121FFF739
S3150803158009FD0299124B019A5964D10407D412F43E
S31508031590806F0CBF4FF080534FF0806356E74FF0D0
S315080315A0804353E74FF0007367E74FF0004364E760
S315080315B0254663E74446454664E700BF004000B84E
S315080315C0006000B8002000BA004001B8006001B806
S315080315D0002002B800E100E000C001B800E001B84D
S315080315E0003E00B0000002B88C93030834A2002022
S315080315F0090B0B89001000BA40F6FA1203210020E2
S3150803160000F000FE4FF03A420121D2F88C30D2F8AE
S31508031610AC0003F00703063301FA03F3C0F30C0027
S315080316201B1A9BB2072B12D9784B5B6C58020ED444
S315080316307748D36CD26E406D58B103F0070306336F
S315080316409940C2F30C03C91A89B2072901D844F48D
S315080316500074704B1B78002B35D04FF03A43D3F800
S31508031660143113F4A02F2ED16B4B6C4A1B7893B904
S31508031670FB0410D4137873B1E308694943EA457345
S3150803168083F00103D1F8001F03F001035B0021FA7D
S3150803169003F3980717D10420FDF74CFA614B624907
S315080316A05967FFF727F95D4A137843B95F4B1B78E8
S315080316B02BB15F4B5F4A1B682340134201D144F4A5
S315080316C0804427F48057BAF1000F1DD01AF4805FBF
S315080316D018BF44F480241AF4807F18BF44F4002406
S315080316E01AF4005F18BF44F010041AF4007F18BFF9
S315080316F044F020041AF4806F18BF44F040041AF427
S31508031700006F18BF44F08004B9F1000F3FD019F4F5
S31508031710802F18BF45F4007519F4803F18BF44F4A9
S31508031720805419F4801F18BF44F4003419F4800F49
S3150803173018BF44F0020419F4003F18BF44F4801498
S3150803174019F4000F18BF45F0100519F4002F19D026
S31508031750334BD3F8D03E13F0C00F13D02B4AD368BC
S31508031760C3F30363032B01D0072B05D1936CD90667
S3150803177002D4D36C1A0737D54FF400222E4B29F41B
S315080317800029DA6119F4001F18BF44F48004002FF6
S3150803179000F019813B0540F189802849DFF884A0C8
S315080317A0CB78274A002B51D04FF40060013BDBB2BC
S315080317B05066CB7033B9234B1B78C3B140F601424D
S315080317C0214B5A67002300226EE044F4803419E75C
S315080317D044F4006416E744F4806413E744F480741D
S315080317E010E744F008040DE744F40014CAE7DAF8EE
S315080317F0783013F4A05F15BF4FF4807340F60143A6
S31508031800CAF85830CAF87830DCE700BF000002B8D7
S31508031810004000B8A4A20020A3A20020A6A200208C
S31508031820003000B000C001B800000101A5A20020E5
S3150803183048560020088D0100002002B893A2002014
S3150803184000E001B8A1A2002000D001B80320FDF7EB
S3150803185071F9DAF81430A24813F0060F04BF41F6FB
S315080318601F73A04AA04908BF53674FF400629D4BF4
S315080318705A66DAF8143013F0060308BFCAF8783044
S31508031880B0F8CA3013F400625CD023F40063A0F8FE
S31508031890CA300B7803F0FF0A002B57D1FDF726FC55
S315080318A0FFF778FB534620221C431543B80009D596
S315080318B02E20FDF79DF84FF000528A4B45F0080598
S315080318C01A675A66F90606D52B20FDF791F81022F2
S315080318D0844B1A675A6617F0306F05D1FA045FD539
S315080318E0009B002B00F0AA803B0111D52920FDF7A8
S315080318F07FF8FFF727FA48B17C4B7D49794A536647
S315080319000B6701F54051C968480422D445F004051C
S3150803191017F0007328D00420FDF70CF92720FDF7EC
S3150803192067F8FFF737FB4FF000726E4B5A66714B39
S31508031930D3F8002F52067BD46F4B02229A6045F0E8
S3150803194002052AE00B784FF40053ADE74FF4004342
S3150803195039E7136720205366FDF74AF82D2045F02B
S315080319600C05FDF745F8D3E717F0807FDFF88CA160
S3150803197049D004200093FDF7DDF82820FDF738F851
S31508031980DAF87820009B002A3AD1FFF703FB554B78
S31508031990564A45F001051A675A660022574B9A6557
S315080319A03A0404D5564B1B68984704430D437B05F5
S315080319B009D5544A9378002B00F08C80013B937029
S315080319C0002348EA0308424620462946FEF77AFFDB
S315080319D0BBF1000F01D0FCF719FA01224A4B06F0B6
S315080319E00436C3F81461494B19F4002FC3F884214C
S315080319F01EBF4FF40022404BDA6107B0BDE8F08FF3
S31508031A00CAF87830C3E7F904C7D50420FDF792F876
S31508031A103F4BCAF87430FDF769FBDAF8643013F004
S31508031A20407FBAD12A20FCF7E3FFFFF7B3FA7EE734
S31508031A30D3F8D03E9B0682D4364B7EE7314A1379D8
S31508031A404BB1013BDBB2137113B9294B324A5A67BF
S31508031A5000231C43A4E70420FDF76CF80320FDF7D5
S31508031A6069F8264B2A4A5A6705F05BFA82460DF14E
S31508031A701700FDF703FF294B1B781BB10090FEF7F0
S31508031A8097FE009803280BD10020FDF7F7FE0328DD
S31508031A9006D1234B9A6AD007F6D49A6CD103F3D4AA
S31508031AA09DF81730032B06D101221E4B50461A7098
S31508031AB005F03BFACCE74FF03A43D3F8143113F465
S31508031AC0A02FF1D1FEF716FF504605F02EFA4FF474
S31508031AD08043BEE70220FDF72DF8012371E700BF17
S31508031AE0003E00B000E001B8A1A2002010000020CB
S31508031AF000D001B8003000B0002002B800C001B819
S31508031B0074A7002093A20020002000BA00E100E099
S31508031B1000000101001002B80000010DA7A2002071
S31508031B20000002B8A3A200200122024B1A62DA615E
S31508031B30704700BF002002B8094A08B5D369116A7D
S31508031B400B40084923F47F00DB07C86106D5D16833
S31508031B504FF0FF30C1F3036102F0A3FC08BD00BFD9
S31508031B60000002B8002002B8154B10B59C6CDB6C5C
S31508031B701C40144BE2079C640DD5134B40F6634295
S31508031B801878122100F0010000F03CFB0022012026
S31508031B900021FEF797FE630510D50B4B40F66A4204
S31508031BA058684D21C0F3C03000F02CFBBDE8104047
S31508031BB0002200204FF40041FEF784BE10BD00BF8B
S31508031BC000C000B800E000B84856002038B50B4DF1
S31508031BD02C6C6B6C1C400A4B24F002021A64E20755
S31508031BE005D540F6CA420020296800F00BFBA30777
S31508031BF041BF0222024B1A646B6838BD0080095044
S31508031C0000A0095038B50B4C0B4DD4F88430DB07CC
S31508031C1006D4A36FD4F884201340084A936738BDC3
S31508031C20D5F804311A06F0D5FFF7D0FF8023C5F897
S31508031C308431EAE7008001B800E100E000A001B8BA
S31508031C4070B514460D4605F06CF9064BD3F8D06EFD
S31508031C5074402C407440C3F8D04E05F066F906EA82
S31508031C60050070BD003000B0034BD3F8D03E99434E
S31508031C700CBF012000207047003000B0184BD3F882
S31508031C80D02E12F0010312D0164B93F85C30164A85
S31508031C9043F08073C2F8D0304FF4801302F5005234
S31508031CA0C2F8B430A2F58052C2F8B830704712F0C1
S31508031CB0C00FECD10B4B93F85B1021B1D20602D5BA
S31508031CC093F85830E3E74FF480120020074B064990
S31508031CD0C3F8B820C1F8D000C3F8B420704700BFD2
S31508031CE0003000B0003F00B0004000B8006000B804
S31508031CF0034B1868034B002808BF1846704700BFF4
S31508031D003CA20020E4EE03082DE9F843DFF86090CF
S31508031D100646D9F8008008461746B8F1000F03D0DF
S31508031D200E242046BDE8F88306B3336801331DD174
S31508031D30E1B100F07FF805460028F1D0C9F80000A4
S31508031D4000F09EF8284602F008FC044640B14046D7
S31508031D50C9F8008000F094F8284602F0F9FBE0E79A
S31508031D603560002FDDD02846B847DAE72124D8E7BF
S31508031D7040A20020024B1868003818BF012070479C
S31508031D8040A20020002108B5024B08465B68984725
S31508031D90002008BD30A80020431E033306D8044B91
S31508031DA0984228BF1846642838BF6420704700BF86
S31508031DB040420F0038B505460C46FAF7CDFD38B153
S31508031DC0204600F091FB40F26512412100F01AFA11
S31508031DD044B1236833B11B68013303D0E3680BB1FD
S31508031DE0A3684BB902F07BFA00204FF4C172412174
S31508031DF000F008FA212038BD2046FCF7EBF800234B
S31508031E000A4A85F83031C5E93743C2E900336369BD
S31508031E104BB1074A422110684FF4D272C31A58428B
S31508031E20584100F0EFF90020E5E700BF20A40020A1
S31508031E30C4A10020F8B5044605F073F80026074642
S31508031E400E4B1B6893B19E68AEB196F82420D20751
S31508031E5011D435460FCC0FC50FCC0FC523682B609D
S31508031E6096F8243043F0010386F82430384605F003
S31508031E705CF83046F8BD1B68E4E700BF28A80020D5
S31508031E8010B5044618B9054B054A136010BDF9F792
S31508031E9099F8D4F8E830002BF6D1F4E73945030866
S31508031EA024A80020014B1868704700BF20A400200F
S31508031EB008B502460868FFF76FFF08604868FFF72A
S31508031EC06BFF48608868FFF767FF8860C868FFF795
S31508031ED063FF0B69C860581C03D00B48834228BFAD
S31508031EE003460B614B69581C03D00748834228BF36
S31508031EF0034688694B61FFF74FFFBDE808408861D1
S31508031F001046FAF72FB800BF40420F00D0F8E0306A
S31508031F102DE9F04105460C4613B1C38D8B424CD0CF
S31508031F20D5F8DC30002B4BD09E68002E48D0D868F5
S31508031F30002845D0013800B200281ADB002106E044
S31508031F40128A591CA24217D209B2884211DB0B180E
S31508031F5003EBD3735B1003EBC30206EB8202B2F8FF
S31508031F600EC003F1FF3EA445EAD90FFA8EF0884264
S31508031F70EDDA2120BDE8F0814FF6FF7299B291425E
S31508031F80F7D09BB203EBC30306EB83062846B6F9E1
S31508031F90122095F82411D5F8F080DDF747FD07469A
S31508031FA0B8F1000F04D00023324628461946C04725
S31508031FB0EC85C5F8E06085F82D710020BDE8F08151
S31508031FC00E20BDE8F08100BF2DE9F04782B0044634
S31508031FD00F461646FAF780FC002869D14B4D2B6845
S31508031FE0D4F8DCA0D4F8E0800BB153456DD04FF09C
S31508031FF00009AF60FAF7BAFC012807465CD12B68DB
S31508032000DAF80010D8F8002013B11868884267D0A8
S31508032010204601F0ECFF94F82530C5E900A813F033
S31508032020010F0CBF32460122D4F8F05062F30003C5
S3150803203084F825308DF80760002D58D000222046F5
S3150803204011460DF10703A8472046F9F79FFB0546F6
S31508032050B9F1000F0FD076B9D4F88C300BBB012F2A
S3150803206005D025B12A4B002103205B6898472846EB
S3150803207002B0BDE8F087B5FA85F040F2075233217E
S31508032080400900F0BFF831462046F9F7BDFD214B5C
S3150803209005461B68414620469847D4F88C30002BE2
S315080320A0DDD000224FF400732046F8F79BFFD6E7EE
S315080320B00023164D6B6092E700210120F8F7D2FF43
S315080320C0FAF754FC0128FBD199E76B68002B8ED0ED
S315080320D043458CD1AB689F4215D04FF0010988E779
S315080320E0696811B10968914295D0596890E794F8DF
S315080320F02A1094F82D313246994228BF19462046AC
S31508032100F9F796FAA0E70025B1E700BF20A4002057
S3150803211030A8002024A80020F8B50E46054604F08A
S3150803212000FF314607462846FFF7F0FE044620B16E
S31508032130384604F0FAFE2046F8BDFAF7AFFB224606
S3150803214031462846FFF740FF04460028F0D195F9A3
S315080321502430002BECDA284601F0BDFF0028E7D02F
S315080321602246284695F82C1001F073FF0446DFE74C
S3150803217070B504460E4604F0D4FE3146054620469D
S31508032180FFF7CAFF044620B9044B01465B680320E0
S315080321909847284604F0C9FE204670BD30A800209B
S315080321A0F0B585B007460E46FBF7C0FBFF28044685
S315080321B013D06D460A4B0FCB85E80F0022462946F6
S315080321C0384602F0AAF926B118B9012C03D1019BA6
S315080321D0336005B0F0BD009BFAE72120F9E700BF9D
S315080321E028EF030838B5044D044C054B28602160D5
S315080321F01A60F4F7BDFC38BD44A200202CA80020C1
S3150803220048A2002010B550B90548064B0160064898
S3150803221002601868054B18601868FFF7E3FF10BDDE
S315080322202CA8002040A2002048A2002044A2002097
S315080322301B4B022910B5187002D0032904D010BD10
S31508032240184B1B78002BFAD1FFF794FD0028F6D01C
S315080322504FF08042144BC3F88020BFF34F8FBFF370
S315080322606F8FFAF745FB0028E9D0F9F7DFFE002858
S31508032270E5D10E4B1C6834B123689847BDE8104076
S315080322800020FAF75DBB02F0F3FA094B186002F077
S31508032290C3FE084B18602046FAF732FBEEE700BF89
S315080322A08BA80020A8A2002000E100E0DCA0002003
S315080322B050A200204CA200202DE9F04F404F804643
S315080322C085B038680C4602F0C9FA20B900242046BE
S315080322D005B0BDE8F08F22460021404601F04DFBCC
S315080322E0384B5D6915F00105F0D1FFF7DBFD0646AE
S315080322F00028EBD03F68384602F0B4F94FF6FF736F
S31508032300984234D04FF060512F4E304B304AD3F8B1
S315080323104C90D6F88C30D1644FF00061A2F5805208
S31508032320D16424220421C6F88C202A4A4FF4804B10
S3150803233091604FF480520027DFF8A4A0CAF868B06A
S31508032340F262A7421ED30421234A9160A2F5F03212
S31508032350C2F88C304FF060521D4BDA6409EA020367
S315080323601E4AD3644FF480421D4B9A66AFE7314643
S31508032370384602F02DF901463846FFF7CDFE002808
S31508032380C0D0A3E7B26E5104FCD5B268D205F9D51D
S31508032390CAF868B0D6F890200135012D0392D0D932
S315080323A0E21B042AA8BF042208EB070003A901932A
S315080323B0009202F0B0FA009A019B3A4497B2C0E73A
S315080323C040A20020000002B8004000B8004001B84F
S315080323D0006001B8001002B8002002B8005001B826
S315080323E0006000B84FF604014FF60502044B0120BE
S315080323F01B6C9BB28B4208BF1346024A136670478F
S315080324000080E00F00C001B8124A10B5D2F84C316B
S315080324105468D269104912F4401F0FD15A1C0DD1C2
S3150803242024F0404424F44004240C24040B4802F00A
S3150803243025FA2146BDE8104002F020BA084A194099
S315080324409442F3D103F4FE43B3F5807F08BF41F406
S31508032450A061EBE70080E00FE0FFF01FCF13468B88
S31508032460140015012DE9F0470C4681B1B1F1006F4F
S315080324700DD31C4BCA1C9A4209D84FF0000844F6E0
S31508032480FC7654F828104FEA88094B1C01D1BDE89D
S31508032490F08702F0F3F9C1F30263032B844608F1CC
S315080324A00107C1F3074514D18BB2F31AB5EB930FA2
S315080324B04FEA930A0DD909F104015246214402F061
S315080324C0F8F9844608F10208013D08EB0A07A5EB6B
S315080324D00A052A46604604EB870102F0EAF907EB88
S315080324E00508CEE7FFFF07082DE9F041044668B162
S315080324F0B0F1006F0AD3254B00F117029A4205D8AB
S31508032500234B244A19780023994224D800252427E3
S31508032510FFF77AFF2168FFF7A5FF6168FFF7A2FFB8
S31508032520E668AE4221D12269111A4B424B41B4F1F6
S31508032530006F15D3154904F117058D4210D8824249
S3150803254022D1134A1378052B09D8124941F8234097
S315080325500133137003E052F8040BA04203D101239D
S315080325601846BDE8F0810133CEE707FB05F3A268F9
S315080325700135D15802EB0308FFF774FF042208EB71
S31508032580020102F096F9CCE70023E9E7FFFF070803
S31508032590A9A2002054A20020F8B52E4EF368C3F36F
S315080325A00363022B53D101F0D3FE05462A4FB46ABF
S315080325B014F4802439D104F0B4FCF3680546C3F354
S315080325C00363022B2CD1736C98053CD5234BD3F8A4
S315080325D0D43059889A68C90748BF1821D66848BFAE
S315080325E0927806F4000044BF01FB023303F10C02A0
S315080325F01B4B06F008069B6993608022194BDA6029
S3150803260038B14FF4003203F5A043CF20DA61FCF763
S31508032610EFF9C6B14FF40072134B5A6402229A605B
S31508032620284604F082FC2046F8BD01F091FE401BC3
S31508032630B8424FF06C024FF047018CBF00200120CF
S31508032640FFF7E0FDB3E78022024B1A61E8E70224AD
S31508032650E9E700BF000002B83F420F00003E00B0A2
S3150803266000C000B800C001B8002002B853B94AB97F
S31508032670002908BF00281CBF4FF0FF314FF0FF3079
S3150803268000F082B9ADF1080C6DE904CE00F006F846
S31508032690DDF804E0DDE9022304B070472DE9F04FC5
S315080326A0099D0C46002B4DD18A420F468446964611
S315080326B0B2FA82F360D94BB102FA03FEC3F12002E0
S315080326C09F4000FA03FC20FA02F217434FEA1E461C
S315080326D01FFA8EF44FEA1C42B7FBF6F106FB117795
S315080326E001FB04F042EA0742904208D91EEB0202B4
S315080326F001F1FF3702D2904200F231813946121AAC
S315080327001FFA8CFCB2FBF6F006FB102200FB04F45E
S315080327104CEA024C644508D91EEB0C0C00F1FF3257
S3150803272002D2644500F21E81104640EA0140ACEB32
S31508032730040C002125B12CFA03F30022C5E9003263
S31508032740BDE8F08F8B4205D90DB1C5E9000100211B
S315080327500846F5E7B3FA83F100294DD1A342C0F041
S31508032760F380904280F0F080064623460846002D03
S31508032770E6D0C5E90063E3E7002B40F0A3808A1A95
S315080327804FEA1E471FFA8EF60121B2FBF7F407FB41
S3150803279014204FEA1C4242EA004206FB04F0904228
S315080327A00FD91EEB020204F1FF382CBF4FF00109C3
S315080327B04FF00009904203D9B9F1000F00F0CC801D
S315080327C04446121A1FFA8CFCB2FBF7F007FB1022D9
S315080327D000FB06F64CEA024C664508D91EEB0C0CC0
S315080327E000F1FF3202D2664500F2B3801046ACEB25
S315080327F0060C40EA04409DE7C1F120068B4004FA23
S3150803280001FE22FA06F720FA06FCF4408A401F4323
S315080328104EEA0C0300FA01FE4FEA17484FEA13493A
S315080328201FFA87FCB4FBF8F008FB104449EA044492
S3150803283000FB0CF9A1450ED93C1900F1FF3A2CBF50
S315080328404FF0010B4FF0000BA14503D9BBF1000F65
S3150803285000F08B805046A4EB09041FFA83F9B4FBF6
S31508032860F8F308FB134403FB0CFC49EA0444A445A8
S3150803287006D93C1903F1FF3801D2A4457BD8434650
S3150803288043EA0040A4EB0C04A0FB02984445CC465B
S31508032890434602D306D1CE4504D20138B9EB020C1E
S315080328A068EB0703002D6CD0BEEB0C0264EB030444
S315080328B022FA01F304FA06F6CC4000211E43C5E9C1
S315080328C000643DE702FA03FEC3F1200104FA03F2AA
S315080328D000FA03FCCC404FEA1E4720FA01F11FFA1F
S315080328E08EF6B4FBF7F00A4307FB1044110C41EAD2
S315080328F0044100FB06F48C420ED91EEB010100F1DC
S31508032900FF382CBF4FF001094FF000098C4202D95A
S31508032910B9F1000F2CD04046091B92B2B1FBF7F46C
S3150803292007FB141142EA014204FB06F1914207D957
S315080329301EEB020204F1FF3801D291421ED8444627
S31508032940521A44EA004120E7861A64EB030301207E
S315080329500DE7F44402384AE7023C724431E7023988
S315080329607244CCE6F4440238DFE602383C4472E7A4
S3150803297002387144D0E7023B3C4481E7023C724487
S31508032980DEE72946DCE600BF704700BF81F0004159
S3150803299002E000BF83F0004330B54FEA41044FEA33
S315080329A0430594EA050F08BF90EA020F1FBF54EACE
S315080329B0000C55EA020C7FEA645C7FEA655C00F06A
S315080329C0E2804FEA5454D4EB5555B8BF6D420CDD3B
S315080329D02C4480EA020281EA030382EA000083EABE
S315080329E0010180EA020281EA0303362D88BF30BD5E
S315080329F011F0004F4FEA01314FF4801C4CEA1131B4
S31508032A0002D0404261EB410113F0004F4FEA033312
S31508032A104CEA133302D0524263EB430394EA050F9D
S31508032A2000F0A780A4F10104D5F1200E0DDB02FA0C
S31508032A300EFC22FA05F2801841F1000103FA0EF2A0
S31508032A40801843FA05F359410EE0A5F120050EF166
S31508032A50200E012A03FA0EFC28BF4CF0020C43FA97
S31508032A6005F3C01851EBE37101F0004507D54FF0A4
S31508032A70000EDCF1000C7EEB00006EEB0101B1F5F4
S31508032A80801F1BD3B1F5001F0CD349085FEA30003A
S31508032A904FEA3C0C04F101044FEA445212F5800F45
S31508032AA080F09A80BCF1004F08BF5FEA500C50F1E2
S31508032AB0000041EB045141EA050130BD5FEA4C0CC5
S31508032AC0404141EB0101013C28BFB1F5801FE9D222
S31508032AD091F0000F04BF01460020B1FA81F308BF45
S31508032AE02033A3F10B03B3F120020CDA0C3208DD11
S31508032AF002F1140CC2F10C0201FA0CF021FA02F1EC
S31508032B000CE002F11402D8BFC2F1200C01FA02F15B
S31508032B1020FA0CFCDCBF41EA0C019040E41AA2BF80
S31508032B2001EB0451294330BD6FEA04041F3C1CDA48
S31508032B300C340EDC04F11404C4F1200220FA04F068
S31508032B4001FA02F340EA030021FA04F345EA030112
S31508032B5030BDC4F10C04C4F1200220FA02F001FAD4
S31508032B6004F340EA0300294630BD21FA04F0294656
S31508032B7030BD94F0000F83F4801306BF81F48011EF
S31508032B800134013D4EE77FEA645C18BF7FEA655C62
S31508032B9029D094EA050F08BF90EA020F05D054EA34
S31508032BA0000C04BF1946104630BD91EA030F1EBF39
S31508032BB00021002030BD5FEA545C05D1400049413D
S31508032BC028BF41F0004130BD14F580043CBF01F530
S31508032BD0801130BD01F0004545F0FE4141F4700116
S31508032BE04FF0000030BD7FEA645C1ABF19461046F1
S31508032BF07FEA655C1CBF0B46024650EA013406BFF2
S31508032C0052EA033591EA030F41F4002130BD00BFB0
S31508032C1090F0000F04BF0021704730B54FF480646D
S31508032C2004F132044FF000054FF0000150E700BFEE
S31508032C3090F0000F04BF0021704730B54FF480644D
S31508032C4004F1320410F0004548BF40424FF000013A
S31508032C503EE700BF42004FEAE2014FEA31014FEA7D
S31508032C6002701FBF12F07F4393F07F4F81F06051CC
S31508032C70704732F07F4208BF704793F07F4F04BF17
S31508032C8041F40021704730B54FF4607401F00045F4
S31508032C9021F000411CE700BF50EA010208BF704754
S31508032CA030B54FF000050AE050EA010208BF704745
S31508032CB030B511F0004502D5404261EB41014FF4AE
S31508032CC0806404F132045FEA915C3FF4D8AE4FF0B6
S31508032CD003025FEADC0C18BF03325FEADC0C18BF99
S31508032CE0033202EBDC02C2F1200300FA03FC20FAEA
S31508032CF002F001FA03FE40EA0E0021FA02F1144437
S31508032D00BDE600BF70B54FF0FF0C4CF4E06C1CEA4F
S31508032D1011541DBF1CEA135594EA0C0F95EA0C0FC0
S31508032D2000F0DEF82C4481EA030621EA4C5123EA33
S31508032D304C5350EA013518BF52EA033541F4801162
S31508032D4043F4801338D0A0FB02CE4FF00005E1FB15
S31508032D5002E506F00042E0FB03E54FF00006E1FB5F
S31508032D6003569CF0000F18BF4EF0010EA4F1FF04A2
S31508032D70B6F5007F64F5407404D25FEA4E0E6D41E2
S31508032D8046EB060642EAC62141EA55514FEAC520F3
S31508032D9040EA5E504FEACE2EB4F1FD0C88BFBCF56F
S31508032DA0E06F1ED8BEF1004F08BF5FEA500E50F120
S31508032DB0000041EB045170BD06F0004646EA0101E6
S31508032DC040EA020081EA0301B4EB5C04C2BFD4EB18
S31508032DD00C0541EA045170BD41F480114FF0000E11
S31508032DE0013C00F3AB8014F1360FDEBF002001F07F
S31508032DF0004170BDC4F10004203C35DA0C341BDCF9
S31508032E0004F11404C4F1200500FA05F320FA04F0CA
S31508032E1001FA05F240EA020001F0004221F00041FE
S31508032E2010EBD37021FA04F642EB06015EEA430E71
S31508032E3008BF20EAD37070BDC4F10C04C4F12005A1
S31508032E4000FA04F320FA05F001FA04F240EA020054
S31508032E5001F0004110EBD37041F100015EEA430E25
S31508032E6008BF20EAD37070BDC4F1200500FA05F245
S31508032E704EEA020E20FA04F301FA05F243EA0203C4
S31508032E8021FA04F001F0004121FA04F220EA0200D3
S31508032E9000EBD3705EEA430E08BF20EAD37070BD19
S31508032EA094F0000F0FD101F00046400041EB0101F9
S31508032EB011F4801F08BF013CF7D041EA060195F0DB
S31508032EC0000F18BF704703F00046520043EB030395
S31508032ED013F4801F08BF013DF7D043EA0603704782
S31508032EE094EA0C0F0CEA135518BF95EA0C0F0CD08D
S31508032EF050EA410618BF52EA4306D1D181EA0301D3
S31508032F0001F000414FF0000070BD50EA410606BFCC
S31508032F101046194652EA430619D094EA0C0F02D111
S31508032F2050EA013613D195EA0C0F05D152EA033656
S31508032F301CBF104619460AD181EA030101F0004174
S31508032F4041F0FE4141F470014FF0000070BD41F0BD
S31508032F50FE4141F4780170BD70B54FF0FF0C4CF497
S31508032F60E06C1CEA11541DBF1CEA135594EA0C0FB6
S31508032F7095EA0C0F00F0A7F8A4EB050481EA030E03
S31508032F8052EA03354FEA013100F088804FEA0333EA
S31508032F904FF0805545EA131343EA12634FEA0222B8
S31508032FA045EA111545EA10654FEA00260EF0004179
S31508032FB09D4208BF964244F1FD0404F5407402D2CB
S31508032FC05B084FEA3202B61A65EB03055B084FEA5C
S31508032FD032024FF480104FF4002CB6EB020E75EB59
S31508032FE0030E22BFB61A754640EA0C005B084FEA81
S31508032FF03202B6EB020E75EB030E22BFB61A7546FE
S3150803300040EA5C005B084FEA3202B6EB020E75EB48
S31508033010030E22BFB61A754640EA9C005B084FEAC0
S315080330203202B6EB020E75EB030E22BFB61A7546CD
S3150803303040EADC0055EA060E18D04FEA051545EABC
S3150803304016754FEA06164FEAC30343EA52734FEA65
S31508033050C2025FEA1C1CC0D111F4801F0BD141EADE
S3150803306000014FF000004FF0004CB6E711F4801F43
S3150803307004BF01430020B4F1FD0C88BFBCF5E06F23
S315080330803FF6AFAEB5EB030C04BFB6EB020C5FEA33
S31508033090500C50F1000041EB045170BD0EF0004E88
S315080330A04EEA113114EB5C04C2BFD4EB0C0541EABA
S315080330B0045170BD41F480114FF0000E013C90E6B7
S315080330C045EA060E8DE60CEA135594EA0C0F08BF7B
S315080330D095EA0C0F3FF43BAF94EA0C0F0AD150EA7A
S315080330E001347FF434AF95EA0C0F7FF425AF10460D
S315080330F019462CE795EA0C0F06D152EA03353FF435
S31508033100FDAE1046194622E750EA410618BF52EAB1
S3150803311043067FF4C5AE50EA41047FF40DAF52EA85
S3150803312043057FF4EBAE12E74FF0FF3C06E000BF22
S315080331304FF0010C02E000BF4FF0010C4DF804CD2F
S315080331404FEA410C7FEA6C5C4FEA430C18BF7FEAEF
S315080331506C5C1BD001B050EA410C0CBF52EA430C1D
S3150803316091EA030F02BF90EA020F0020704710F19D
S31508033170000F91EA030F58BF994208BF90422CBF2C
S31508033180D8176FEAE37040F0010070474FEA410C25
S315080331907FEA6C5C02D150EA013C07D14FEA430C43
S315080331A07FEA6C5CD6D152EA033CD3D05DF8040BB4
S315080331B0704700BF8446104662468C4619466346E6
S315080331C000E000BF01B5FFF7B7FF002848BF10F1BD
S315080331D0000F01BD4DF808EDFFF7F4FF0CBF012002
S315080331E000205DF808FB00BF4DF808EDFFF7EAFF7E
S315080331F034BF012000205DF808FB00BF4DF808ED39
S31508033200FFF7E0FF94BF012000205DF808FB00BF2D
S315080332104DF808EDFFF7CEFF94BF012000205DF8B7
S3150803322008FB00BF4DF808EDFFF7C4FF34BF0120C4
S3150803323000205DF808FB00BF4FEA410212F50012B1
S3150803324015D211D56FF47873B3EB625212D94FEADC
S31508033250C12343F0004343EA505311F0004F23FAC6
S3150803326002F018BF404270474FF00000704750EA1B
S31508033270013005D111F0004008BF6FF000407047D8
S315080332804FF00000704700BF4A0011D212F5001232
S3150803329011D20DD56FF47873B3EB62520ED44FEA9D
S315080332A0C12343F0004343EA505323FA02F070471D
S315080332B04FF00000704750EA013002D14FF0FF305B
S315080332C070474FF000007047242B2DE9F0478646D8
S315080332D0904601D8012B06D100F08EFA1623036017
S315080332E00020BDE8F0870D4635482A4615F8014BF8
S315080332F0065D16F00806F8D12D2C24D12C78012664
S31508033300951C2BBB302C30D00A2306F1004C002227
S315080333100CF1FF3C1046BCFBF3F903FB19CAA4F1F5
S315080333203007092F28D83C46A34234DD571C07D05B
S3150803333081452DD301D1A2452ADB00FB0340012297
S3150803334015F8014BEBE72B2C04BF2C78951CD8E713
S31508033350102BDAD1302CD8D12A7802F0DF02582A7A
S31508033360D3D16C7810230235CFE72B7803F0DF032C
S31508033370582BF6D00823C8E7A4F14107192F01D81B
S31508033380373CD1E7A4F16107192F04D8573CCBE79B
S315080333904FF0FF32D4E7531C08D122236046CEF8F8
S315080333A00030B8F1000F9CD0691E06E006B1404212
S315080333B0B8F1000F95D0002AF6D1C8F8001090E7A7
S315080333C066EF030813460A46014602480068FFF7F4
S315080333D07BBF00BF38A400202DE9F04386460D467F
S315080333E0354E284615F8014B375D17F00807F8D10F
S315080333F02D2C26D12C780127851C3BBB302C32D0AB
S315080334000A234FF0FF380026B8FBF3F803FB08F945
S3150803341030466FEA0909A4F1300CBCF1090F29D823
S315080334206446A34237DDB6F1FF3F07D080452FD365
S3150803343001D1A1452CDB00FB0340012615F8014BFE
S31508033440E9E72B2C04BF2C78851CD6E7102BD8D19B
S31508033450302CD6D1287800F0DF005828D1D16C78E3
S3150803346010230235CDE72B7803F0DF03582BF6D06C
S315080334700823C6E7A4F1410CBCF1190F01D8373C60
S31508033480CFE7A4F1610CBCF1190F04D8573CC8E780
S315080334904FF0FF36D2E7731C06D122233046CEF807
S315080334A0003032B9BDE8F08307B14042002AF9D0AB
S315080334B006B1691E1160F5E766EF030813460A4667
S315080334C0014602480068FFF787BF00BF38A40020FB
S315080334D0F0B51F4C8BB005460B466E4604F1200C1F
S315080334E02068083454F8041C3746644503C73E4627
S315080334F0F6D1217920683971911E386022294FF057
S31508033500000104D919700B4618460BB0F0BD581EB6
S3150803351084460C460131B5FBF2F702FB17562836EB
S315080335206E4416F8286C0CF8016F2E463D46B242D7
S31508033530EFD900225A541919A51AAA42E4DA10F83F
S31508033540015F01320E78067001F80159F4E700BFEE
S3150803355040EF03082DE9F04F904685B089461E468D
S315080335600D46454A02902B4615F8014B175D17F091
S315080335700807F8D12D2C41D12C7801279D1C002E44
S3150803358041D1302C4CD00A2607F1004A07F1FF3BFC
S31508033590F31732460AF1FF3A584603935146FFF7A3
S315080335A065F8019200228E46844611461046A4F118
S315080335B03003092B05D9A4F14103192B37D8A4F1F4
S315080335C037039E423DDD541C15D084457EEB01022C
S315080335D034D38E4508BF844502D1019A9A422DDB1E
S315080335E0039A714300FB0211A6FB00020A4418184A
S315080335F042EBE371012215F8014BD8E72B2C04BFE4
S315080336002C789D1CBBE7102EBED1302CBCD12B7851
S3150803361003F0DF03582BB7D16C7810260235B3E7CE
S315080336202B7803F0DF03582BF6D00826ACE7A4F172
S315080336306103192B05D8A4F15703C2E74FF0FF32EC
S31508033640D9E7531C0AD12223029A584651461360D6
S31508033650B8F1000F0AD105B0BDE8F08F17B14042A3
S3150803366061EB4101B8F1000FF5D00AB105F1FF3955
S31508033670C8F80090EFE700BF66EF030813460A464B
S31508033680014602480068FFF765BF00BF38A400205B
S315080336902DE9F7431D46574B04460E461F689046C9
S315080336A027B13B6A13B93846D7F744FEB8F1020F78
S315080336B006D0B8F1010F00F29980002DC0F296806A
S315080336C0636ED90705D4A3899A0502D4A06D00F0C1
S315080336D05DF92146384600F0DEF9616B41B104F124
S315080336E04403994202D03846E0F754FC0023636347
S315080336F00023A3616360A3891B0603D521693846A2
S31508033700E0F748FCA389B8F1020F23F44A6323F0D0
S315080337100303A38160D001AB6A462146384601F00C
S3150803372007F9A3891843A0812DBB009D284600F0FD
S3150803373069F80646002851D1DDF80090A9453FD11E
S315080337404FF0FF35B4F90C3043F00202A281002290
S31508033750A26004F147022260226101226261626E5D
S31508033760D60704D4980502D4A06D00F010F92846AC
S3150803377003B0BDE8F083002ED8D03B6A13B93846A8
S31508033780D7F7D8FDB8F1010F266002BFA38943F026
S315080337900103A381B4F90C3013F00802C4E90465E4
S315080337A01ED0D90745BF00226D42A560A26048BF57
S315080337B0A561626ED20701D49B0513D50025D6E70A
S315080337C0484600F01FF806460028B9D0A3894D4697
S315080337D043F08003A381D0E70025B3E7A946F5E7BD
S315080337E0A260E6E7A06D00F0D2F8E7E74FF0FF35F1
S315080337F0BDE700BF38A40020014B1868704700BF17
S3150803380038A40020024B01461868E0F7C1BB00BF85
S3150803381038A4002038B50023064D04460846114649
S315080338202B60E0F7B3F8431C02D12B6803B123607E
S3150803383038BD00BFD4590020F0B50F468BB001211F
S315080338400546F9F711F9044680BB95F82B3003AC06
S3150803385085F82C3007F10C060FCE0FC496E807003F
S3150803386084E80700284603A9FEF722FB0446E8B9BD
S31508033870D7E9010101AB83E803001946284601F09D
S3150803388066F9044690B94FF0FF3128463A6800F0C6
S3150803389029FC044650B9024606492846F9F75CF955
S315080338A0044618B906212846F7F7B6FB20460BB097
S315080338B0F0BD00BFF89503082DE9F8430746884687
S315080338C014460026D4E90195B9F1010905D52468FA
S315080338D0002CF7D13046BDE8F883AB89012B07D90D
S315080338E0B5F90E30013303D029463846C047064397
S315080338F06835E9E710B50C46B1F90E10D7F754FD4C
S315080339000028ABBF636DA3891B1823F48053ACBF90
S315080339106365A38110BD2DE9F0411F468B890546D2
S315080339200C46DB05164605D502230022B1F90E100F
S31508033930D7F728FDA3893246B4F90E10284623F48F
S315080339408053A3813B46BDE8F041D7F73FBD10B589
S315080339500C46B1F90E10D7F715FD431CA38915BFFD
S31508033960606523F4805343F48053A38118BFA3816E
S3150803397010BDB1F90E10D7F7F5BC024403469342BE
S3150803398000D1704703F8011BF9E770477047704782
S31508033990B1F90C202DE9F041170705460C4656D414
S315080339A04B68002B02DC0B6C002B3DDDE66A002E10
S315080339B03AD0002312F480522F68216A2B6025D04F
S315080339C0626DA389580705D56368D21A636B0BB171
S315080339D0236CD21A216A0023E66A2846B047411C9B
S315080339E024D00023636023692360A389DA0400D5FE
S315080339F06065616B2F60B9B104F14403994202D043
S31508033A002846E0F7C7FA002363630DE00123284637
S31508033A10B047461C0246D4D12B68002BD1D01D2BA8
S31508033A2001D0162B2AD12F6000202EE02A68B4F97C
S31508033A300C3042B11D2A01D0162A21D10023636016
S31508033A4023692360D5E7626022692260CEE70F699E
S31508033A50002FE9D093070E680F600CBF4B6900234C
S31508033A60A6EB07088B60B8F1000FDDDD43463A463F
S31508033A70216A2846A66AB047002808DCB4F90C3040
S31508033A8043F040034FF0FF30A381BDE8F0810744BC
S31508033A90A8EB0008E7E738B50B6905460C4613B9E2
S31508033AA00025284638BD18B1036A0BB9D7F742FC77
S31508033AB0B4F90C30002BF3D0626ED00704D4990501
S31508033AC002D4A06DFFF762FF28462146FFF760FF81
S31508033AD0636E0546DA07E4D4A3899B05E1D4A06D92
S31508033AE0FFF755FFDDE7F0B587B004460E461546E2
S31508033AF01F46ADF80610D3B190F82C31ABB9D0E90F
S31508033B00490194F82A310490C0B29842ADF81410CA
S31508033B1005D0204604A98DF81030F7F721FD204675
S31508033B203A7894F82B11F7F783FD002020E00ABBB7
S31508033B30D0E94901D4F8E0300490ADF814102046D2
S31508033B40A4F8426004AA0DF10601F6F769FF78B9ED
S31508033B50204604A9F7F704FD50B903460122204677
S31508033B60BDF90610F7F7E4FDBDF80630A4F84430AE
S31508033B7007B0F0BDB2F91230B0F942200DF10E01CB
S31508033B809342A8BF134604AAADF80E302B46F6F7A0
S31508033B9047FFBDF90E30B5F912209A42A8BF1A4657
S31508033BA09DF81030ADF80E200C2B0FD1212384F885
S31508033BB02C31B4F9443093420DDDD4E9490100238D
S31508033BC00490ADF8141084F82C3104E0C0B284F8DC
S31508033BD02C010028EDD19DF810102046A4F84420A6
S31508033BE084F82A11DBF722FF84F82B019DE770B5C9
S31508033BF0044600200E4600F076FBD4F8F0503DB19B
S31508033C00002331462046AC46BDE870401A46604755
S31508033C102B46012231462046F7F78AFD284670BD12
S31508033C2000F063BB00F0CDB800F08EBB4FF6FF7310
S31508033C30994201D000F0EDB921207047134607B524
S31508033C4000228DF807100DF10700194600F016FB40
S31508033C5003B05DF804FB7047D0F8943003F06003B3
S31508033C60402B0DD0602B03D0203B58425841704758
S31508033C7049B10B68012B06D9486940F00100704722
S31508033C8040F20110704700207047012A38B50C46E8
S31508033C90114638BF01210139C9B2617021704B43FE
S31508033CA000216180D0F8DC10273323F00303496829
S31508033CB0E518656039B132B12846FBF7F9FB0130DF
S31508033CC005EB800038BD4FF0FF32281DE250F9E7B7
S31508033CD0F7B504461046D4E954C7DDE908268CEA45
S31508033CE0020587EA06010540194085EA0C0579406D
S31508033CF0C4E95451002523F4004106EA010320F0E0
S31508033D00010043F40073024043F00203CDE9005572
S31508033D10FCF7FEFD94F824309A0713D5D4F85431EA
S31508033D209B050FD54FF48811204600F015FD94F82E
S31508033D302430024665F3410384F8243020460B46B3
S31508033D40F7F750F9002003B0F0BDF0B587B01C466D
S31508033D501746BDF830601AB90024204607B0F0BDEF
S31508033D60002BF9D00029F7D001AAFAF781F8002821
S31508033D70F2D0BDF80630A2199A42BDF80850C4BF5E
S31508033D809B1B9CB2B54212D90399AD1BADB2314404
S31508033D90A5420391ADF808500DD22A46384600F0DD
S31508033DA0BAFD0499621B781900F0B5FDD5E70499A5
S31508033DB0761B3144049122463846F5E70220FAF782
S31508033DC0AFBF0346D0F824010860B3F828310020B2
S31508033DD08B80704790F824310C2B14BF90F82B0076
S31508033DE0FF207047F8B50C4640210546FDF73CFF12
S31508033DF04FF40061074606462846FDF735FF30B1FE
S31508033E007CB195F81E3173B16FB93046F8BD2202FD
S31508033E104FF480712846FDF713FF061E18BF0126C7
S31508033E20F3E72246F4E74FF48072F1E74FF4807123
S31508033E30FDF71ABF08B54A024FF40071FDF700FFF4
S31508033E40002008BD08B58A024FF48061FDF7F8FE25
S31508033E50002008BD10B50446808A29B188424FF66A
S31508033E60FF730AD299420BD14FF03A4341F6FF72D8
S31508033E704FF6FF701A63E08610BD9942F4D00846E0
S31508033E804FF03A410A6B431E22F4FF5222F01F02F7
S31508033E909BB213430B63EEE738B54FF03A43054637
S31508033EA0DC6A808AC4F30C04A04234BF00200120D4
S31508033EB041F66A020821FEF7A5F9A88A001B80B213
S31508033EC038BD2DE9F041884618F00307064615461E
S31508033ED0194633D1B2F5805F30D89A422ED33F2A9A
S31508033EE028D9B2FA82F401220120C4F11F03DBB2F6
S31508033EF09A4092B2AA422CBFC4F11904C4F11A0417
S31508033F00E2B2931DDBB2984080B2A84214D096F869
S31508033F10F530ABB9012096F8253060F3410386F8EE
S31508033F2025304046F9F74AFDC6F82080B58238465B
S31508033F30BDE8F0813A46EAE70020ECE72127F6E7F1
S31508033F400E27F4E7F8B511F0030607460D4614469F
S31508033F5021D102B313883F2B1DD9B3FA83F3C3F1D7
S31508033F601901C9B2062901D8192B12D0062928BF67
S31508033F70062101238A1DD2B293402846238000F0E6
S31508033F8050F923883846FD617B82F9F727FE3046C8
S31508033F90F8BD3146EDE72126F9E738B5148811F05F
S31508033FA003054FEAC4041ED13F2C1CD9B4FA84F482
S31508033FB0C4F11903DBB2052B01D8192C11D0052B33
S31508033FC028BF052301240633DBB204FA03F3C3F33C
S31508033FD0CF041480816104824387F9F7FFFD2846DD
S31508033FE038BD2B46EEE72125F9E7F6F759BE38B56E
S31508033FF01546044608460121FBF7E0FA012128463F
S31508034000FBF7DCFA94F8253043F0010384F82530EE
S3150803401038BDA0F840100020704710B50023F8F704
S3150803402043FA044608B9FCF7F9FE204610BD38B52D
S315080340301D4600230446F8F737FA28B929462046C9
S31508034040BDE83840FCF700BF38BD4FF40061FDF703
S315080340500BBE38B50446154680F82C105AB100F045
S315080340603AF808B900201AE094F8243043F080039C
S3150803407084F82430F6E70846FAF7F8FAFF2884F8AE
S315080340802C0009D0204600F026F80028EAD094F838
S31508034090243065F3C713EBE7FAF70CFB212038BD89
S315080340A08021FDF7E1BD38B50546F6F7CFFF04468F
S315080340B02846F6F7A9FF072804BF24F47F4121F011
S315080340C00801284614BF24F0800141F08001BDE8A9
S315080340D03840F6F7C1BF4021FDF7C6BD0022114699
S315080340E000F030B970B50C4611F0010118BF02F0A3
S315080340F0010315461ABF4FF480311A040A4604F021
S31508034100040604F00803A4070BD5AC0741F40031F1
S3150803411048BF42F400322EB963B9FDF791FD00207A
S3150803412070BD36B16C0741F4802148BF42F4802242
S31508034130F2E733B12B0741F48011EED542F480122E
S31508034140EBE70029EBD04FF48031E6E790F8F4006B
S31508034150431E58425841704738B5044600F0F8F8EC
S31508034160054600F0F5F8431BA342FAD338BD38B524
S31508034170054610460C46F8F7F1FFD5B1D5F8E030F9
S31508034180BBB15B69ABB1421ED2B2FD2A13D90A6829
S31508034190013204BF6FF001020A600A68FF281A6039
S315080341A007D16268013202D16FF001026260626868
S315080341B05A60002038BD0128F2E72DE9F74F01259B
S315080341C01C469DF83030064601930368174603F0EC
S315080341D0070306339D4005F1FF380B46A1B1416835
S315080341E004EA080BA5EB0B0A41F00059524509EB03
S315080341F00B0114D95246184600F08DFB49467A1B23
S315080342005A44504400F087FB019B2BB13C4448EACF
S31508034210050804EA0804F46003B0BDE8F08F1846FD
S31508034220F0E74FF03A4301225A6741F6FF72D96421
S3150803423018651A67704737B5002514460095FFF7C2
S31508034240BCFF204603B030BD0123026810B502F057
S31508034250070206329340026A013BC2F30C028A4202
S3150803426084BF4468C2689BB283BF891844F0005070
S3150803427019404FF0FF3088BF405C10BD70B50E463D
S315080342801546044608B9002070BD03780A2B18D0D2
S315080342902078F9F7B7FEB0B923780C2BF3D10EB112
S315080342A0FF233370CDB1FF232B7016E0207801303E
S315080342B0C0B209282070EBD8F9F7A4FE0028F5D078
S315080342C0E6E70620F5E71EB12078F9F7D9FE307040
S315080342D01DB1207800F030F828700120D4E7F8F7EC
S315080342E0DDBA0020704700207047002070477047EA
S315080342F010B504680246090494B9D9B1B1FA81F331
S31508034300C3F12003C3F10F00012838BF012003F0CE
S315080343101F03D9408C4201D201384908116010BDE8
S31508034320B4FA84F331B1B1FA81F01B1A002BE9DC34
S315080343300F20EFE70F20F1E70638042834BF0120E2
S31508034340FF20704700207047704700200021704700
S3150803435008B5FAF7EDFDBDE80840FAF789BE38B5A2
S315080343600446FFF7F5FF0546FFF7F2FF431BA34293
S31508034370FAD338BD38B50D460446FAF7D9FD35B133
S31508034380844200D90139204601F0030138BD84422D
S3150803439038BF0131F7E708B50121FFF7EBFFBDE8A1
S315080343A00840FAF765BE08B521B1920000F0B3FAE2
S315080343B0002008BD2120FCE700F06F43B3F1804FCE
S315080343C002D0B3F1204F02D120F07040704700F0BD
S315080343D06043B3F1204F08BF20F0805070470B0CA1
S315080343E023F48053B3F5284FF7B50D468FB2064627
S315080343F099B216D04AF60103994214D04AF6020333
S31508034400994212D0B1F5204F14BF04240324D6F8D9
S31508034410E0300BB1196851B9D6F8DC3093B928687E
S315080344200EE00024F3E70124F1E70224EFE723462D
S3150803443068463A46FAF7A0FEDDE90003002BEBD1FE
S3150803444003B0F0BD19680029E9D0234668463A4601
S31508034450FAF792FEDDE90003002BE0D1F0E7020448
S31508034460C0F3891307D56FEA83536FEA935313F59A
S31508034470007F18B206D0A3F1C8006FF4FF73984201
S31508034480B8BF184670470020FBF752BA0120FBF75E
S315080344904FBAFCF743BFFCF741BFFCF73FBFFCF736
S315080344A03DBF08B50846FDF73FFB08BDFCF736BF19
S315080344B0022070470220704700207047012070478A
S315080344C000207047F8F752BA08461146012200F051
S315080344D096B870B505460C4611461A46FDF708FC0C
S315080344E006682B462046B446BDE87040604710B5BB
S315080344F0FDF7FEFBBDE810408368184710B5FDF7C6
S31508034500F7FBBDE8104003691847FFF786BDFFF7B9
S315080345108EBDF8F733B900F0FCB870B504460D46FE
S3150803452016464FF4881100F02CF9324629462046E0
S31508034530BDE87040F9F792B97047431E012B03D9BA
S31508034540031F58425841704701207047FFF7C9BEF9
S315080345504FF4D8720021FFF710BA70B50446F7F77F
S315080345609DFC0546A8B9A169F1B1238AD3B12046B2
S3150803457004F11002FFF711FD38BBE16919B3638A29
S31508034580A3B1204604F11202FFF7DCFC78B1054615
S3150803459003E00023A3612361E361002328466361E3
S315080345A0236270BDA061E8E72082E6E7E361216A3A
S315080345B00029F2D0A28A002AEFD02046E38ABDE872
S315080345C07040FFF77EBC6182F1E76582E561DEE74D
S315080345D011B9D0F8DC1021B1CB6813B18B68D8892F
S315080345E070474FF6FF70704710B5FDF7E3FB0446B7
S315080345F008B9FFF77CFE204610BDF6F70DBD10B5CA
S315080346000C461146F6F72EFDF8F7B0F9012801D145
S31508034610002010BD002CF7D10520FAE7F8B50646A9
S315080346200D46FDF7C7FBD8B94FF6FF734FF0240CB9
S31508034630EF68C1B28F4208D81C4621463046FDF7BB
S315080346406BFDFFF754FE2046F8BDAA680CFB012252
S31508034650D4899C4202D2002CEFD023460130E8E7E6
S315080346600024F0E7C08D70470A7838B5054610462A
S31508034670FFF763FF60B14C782046FFF75EFF38B15A
S315080346802243530704D42846BDE83840F6F730BF1B
S31508034690212038BDFFF7E8BF10B504460878FFF7B1
S315080346A04CFF58B14A781046FFF747FF30B1042A42
S315080346B004D02046BDE81040F6F738BF212010BDC8
S315080346C0FFF7EABFF6F708BBFFF702BBF0B50446E8
S315080346D000262427C268013A12B2964202DD4FF633
S315080346E0FF700DE0B318A56803EBD3735B1007FBE4
S315080346F0035598B2EB898B4203D82B8A8B4203D393
S31508034700F0BD431E1AB2E8E7431C1EB2E5E7F6F707
S31508034710D1BD38B504460D4600F0A0F850B1294678
S315080347202046FDF7F9FC30B929462046BDE838404E
S31508034730F6F780BD0E2038BD70B516460C4602F056
S31508034740F0FB314605462046FDF7B6FD04462846E6
S3150803475002F0EBFB204670BD38B505460C4602F061
S31508034760E0FBD5F890301C40D5F88C302343C5F8C8
S315080347708C3002F0DAFB211E18BF01210020490202
S3150803478038BD38B504460D4602F0CBFBD4F8903055
S315080347901D40D4F88C3023EA0505C4F88C5002F082
S315080347A0C4FB284638BDD0F88C0070477FB505464C
S315080347B00E46F9F7BBF8431EDBB2FD2B04460FD9A9
S315080347C00096FF2800D101964FF488112846FFF773
S315080347D0D8FF224669462846FFF7C9FC04B070BDD0
S315080347E00128EFE710B504460121FFF7CAFF204663
S315080347F0FDF7D2FE002010BD10B50446FFF725FCD1
S3150803480040B120460121FFF7BCFF2046BDE8104012
S31508034810FDF7C2BE022010BDF7F7B4B9F9F728BBF6
S31508034820F7F708B9F9F71EBAF9F728BAFFF712BB6B
S31508034830FFF732BB38B50446154609B1FFF7D5FB72
S3150803484015B12046F7F7B6F9002038BD10B4BDF800
S31508034850044001945DF8044BFFF777BA0346408A90
S3150803486018B1188A003818BF01207047FFF770BDC2
S31508034870FFF76EBD002070470020704700EB8023CA
S31508034880C0EB831353FA81F303EB8322C3EB82133F
S31508034890C1F30722134403EB8322C3EB8213C1F349
S315080348A00742134403EB8322C3EB821303EB116022
S315080348B0704738B50D46144604B938BD55F8041B78
S315080348C0FFF7DCFF013CF7E77047931E222B10B571
S315080348D00C4604D900231C460B70204610BD0A2A31
S315080348E009D1002807DA2D2340420B700121214400
S315080348F0FEF7EEFDF1E70021F9E7FFF7E6BF02460B
S31508034900014410B58A42134603D01C780132002CA1
S31508034910F8D1181A10BD0A44431E914200D17047B4
S3150803492010B511F8014B914203F8014FF9D110BDA7
S3150803493070B50C46B1F90E1096B0154600291E46F9
S315080349400CDAA389002113F0800F14BF40234FF418
S315080349508063002031602B6016B070BD6A46FEF78F
S3150803496059FF0028EDDB019901F47041A1F50053C5
S31508034970594259414FF48063EBE70139024410B5B4
S31508034980904201D1002005E0037811F8014FA342B4
S3150803499001D0181B10BD0130F2E7884210B501EBB0
S315080349A0020402D98442234607D8431EA14208D0EB
S315080349B011F8012B03F8012FF8E7024401468A424E
S315080349C000D110BD13F8014D02F8014DF7E7024671
S315080349D010B5147813460132002CFAD1013B11F8AD
S315080349E0012B03F8012F002AF9D110BD30B504466F
S315080349F0257823460134002DFAD1541E12B930BD49
S31508034A003CB1013C11F8012B03F8012B002AF7D11D
S31508034A10F5E71C70F3E710B56AB10139841810F885
S31508034A20012B11F8013F9A4203D1A04201D0002A73
S31508034A30F5D1D01A10BD1046FCE710F8012B11F872
S31508034A40013B012A28BF9A42F7D0D01A7047C9B248
S31508034A500346024410B59342184601D1002003E0E9
S31508034A60047801338C42F6D110BD034613F8012BA3
S31508034A70002AFBD1181A013870470846F9F74EBFC2
S31508034A800846F9F785BEF7F7B1BCF6F7A9B8FFF7F5
S31508034A9022BB38B505460C46FFF7F9FF80B1F7F791
S31508034AA065FFC3070AD5214600222846F8F754F8B6
S31508034AB004462846FFF712FB204638BD0224FBE7C7
S31508034AC00E24F9E738B504460D46FFF7E0FF28B18B
S31508034AD029462046BDE83840F7F7FEBF0E2038BD05
S31508034AE070B504460D461646FFF7D1FF30B1324678
S31508034AF029462046BDE87040F8F70CB80E2070BD6D
S31508034B0038B505460C46FFF7C2FF30B13CB1284617
S31508034B102146F8F755F9002038BD0E20FCE7212079
S31508034B20FAE738B504460D46FFF7B1FF48B1F7F77C
S31508034B301DFF012805D129462046BDE83840F8F768
S31508034B4061B9022038BD90F82920F8F709BA73B578
S31508034B500D7806460C4635B304238DF804302379BD
S31508034B60304601A98DF80530FFF796FD0546B8B915
S31508034B702278A37952BB8DF80430E379304601A92C
S31508034B808DF80530FFF770FD054648B923783BB124
S31508034B9061883046F6F70EFF01213046FFF722F902
S31508034BA0284602B070BD2946FFF71CF92946304648
S31508034BB0FFF740F929463046FFF744F92378002BD7
S31508034BC0CAD123798DF804306379C9E702228DF8AF
S31508034BD00420D3E7014BD868704700BF88A4002098
S31508034BE00A4B1B6F03F00703013B032B03D8DFE8CC
S31508034BF003F00B030609FEE7054BD8687047044B19
S31508034C001869704703487047034870470080005087
S31508034C1088A4002080D54302002D310108B5FFF78B
S31508034C20DFFF044B1B6FC3F303330133B0FBF3F00E
S31508034C3008BD00BF00800050014B1869704700BFCC
S31508034C4088A400204FF40022184B5A664FF0B44349
S31508034C509868C0F304400C280AD8DFE800F00B096B
S31508034C6009090909072119091B1D1F00104870475F
S31508034C70002070479B6803F04073B3F1807F11D01F
S31508034C80B3F1007F10D00B4A002B08BF10467047BC
S31508034C9009487047094870470948704709487047E3
S31508034CA009487047094870470948704700900050FB
S31508034CB0405DC60000093D00C0EA210180BA8C01A7
S31508034CC00048E801005A62020024F40080841E00AA
S31508034CD040420F0070B5054648B3EFF3108672B627
S31508034CE0046E012C19D924F0010402F0D2F970B12B
S31508034CF0236893B9A46884B10E4BD3F888369C42CB
S31508034D0009BF6B6D0123DB4303F0010306E001F0E2
S31508034D1037F823683BB101F071F80023304602F0F7
S31508034D2004F9184670BDA46801F068F8E3E701239F
S31508034D30F7E700BF0804002038B504464D4802F0DB
S31508034D40FEFB002848D14FF480624B4B9A66BFF3AB
S31508034D504F8F236A052B15D84FF098410A6CD0025A
S31508034D60FCD504339B000B652268103B0A60626816
S31508034D700A60224652F8080F08604FF09841134418
S31508034D8093420BD194F8243063B94FF098435A6C85
S31508034D90D202FCD55C6D04F4702432E052F8040F99
S31508034DA00860EDE74FF09844A36D43F00203A3654B
S31508034DB000F020FE02283DD1304BD3F8705365B975
S31508034DC0A36D23F00203A3654FF480622C4B294895
S31508034DD09A6602F0C9F8012038BD02F05AF900288C
S31508034DE0EED14FF0FF31284601F0BCF9A36D012837
S31508034DF023F00203A365E7D14FF4A022214B1C68D5
S31508034E001A604FF480621E4B1A489A6602F0ACF891
S31508034E10002CE1D0B4F5E02F21D015D8B4F5403FE6
S31508034E201FD00CD8B4F5803F1DD0B4F5003FD2D1BE
S31508034E302A20D1E7A36D23F00203A365DCE7B4F5C3
S31508034E40802FC8D14B20C7E7B4F5302F0DD0B4F562
S31508034E507F0F0CD0B4F5202FBDD11020BCE721203D
S31508034E60BAE72C20B8E74820B6E71120B4E70620AE
S31508034E70B2E700BFC40900200090005008040020D0
S31508034E8000A0005088A40020044B187818B1044ADF
S31508034E90106800EBD0005B6818447047D8590020A7
S31508034EA05C1200200D498B6898B100229BB183429E
S31508034EB003D1836822B98B6003E01A469B68F5E73A
S31508034EC0936083681BB15A6941690A445A61002091
S31508034ED07047222070470220704700BFD859002028
S31508034EE00229F8B597BF114B00245B1893F8A44021
S31508034EF0012805460E4609D002280AD008B944F007
S31508034F0002040B4BD3F8DC7137B9F8BD44F0080437
S31508034F10F7E744F02004F4E77B681A68144203D0E1
S31508034F20314628465B6898473F68EDE70C870308D0
S31508034F30D8590020084A0346107810B550B10749D6
S31508034F408C6DE40702D592F8E04114B1002BF7D132
S31508034F50184610BD0120FCE7D85900200040005A26
S31508034F60164A92F8E13133B10121154B59601549B7
S31508034F708B69DB07FCD5144BD2F8E401196F21F0D2
S31508034F80070101431967D3F82011D2F8E80121F084
S31508034F9007010143C3F82011D3F82811D2F8EC010D
S31508034FA021F007010143C3F8281113781BB14FF405
S31508034FB08032064B9A62FFF731BE00BFD8590020EC
S31508034FC000D0015000C00150008000500060005A14
S31508034FD0F0B49DF81050BDF81460B0B10024C46154
S31508034FE0EFF31187302484F311880A4CA46814B1AB
S31508034FF0A042FBD1012487F31188BFF36F8F3CB915
S31508035000CDE90456F0BC01F0F5BD2220F0BC70478B
S315080350100320FBE7D8590020EFF31183302282F3EC
S315080350201188034A106A83F31188BFF36F8F704799
S3150803503000400650124908B50B7883B191F802323D
S31508035040CBB9104B9A6DD00302D5DA6D920702D409
S315080350509B6DDB0704D54FF480320B4B9A6208BD70
S31508035060012381F8F031FFF7D7FF4FF48032064B5F
S31508035070C1F8F4019A62002381F80232EFE700BF10
S31508035080D85900200040005A0050005A38B5124C2F
S3150803509094F8FF31CBB194F8033223B1FFF7CAFF73
S315080350A0002384F803320020FFF744FF94F8FD51E8
S315080350B060B1FFF755FF00230121284684F8FF3125
S315080350C0FFF70EFF012384F8FD3138BD012384F869
S315080350D0045284F8FE31F8E7D85900200D4A92F8AD
S315080350E00532FF2B01D120B170470BB928B9704798
S315080350F018B9013B82F805327047013382F8053245
S3150803510092F8FD31012B04D992F8FE310BB9FFF75A
S31508035110BDBF7047D859002030B500250A4B0B4848
S315080351201C6AD0F808328268E31A2AB123B1516996
S31508035130994204D3C91A5161C0F8084230BD556172
S315080351405B1A9268F1E700BF00400650D859002061
S3150803515010B5EFF3108472B6054B93F85E3323B19B
S315080351602046BDE8104001F0E0BEFFF78FFFF7E7E2
S31508035170D8590020F8B5C38804460D461D4E4BB9C9
S31508035180EFF3108172B696F8FD31012B08D808465D
S3150803519001F0CBFEB36865612BBBB460A36021E065
S315080351A0D6F86473FFF770FE0744084601F0BDFEA0
S315080351B0BD42EFD2EFF3108572B6FFF767FF2846B5
S315080351C001F0B3FE3D46E5E7AD1A9A6819466561EF
S315080351D06AB113465A69AA42F6D931B18C60521B91
S315080351E0A3605A61F8BD0021F4E7B460F7E79C6051
S315080351F0A260F7E7D859002038B5254CA368002BD9
S3150803520044D05B69234A002B34D00220D4F8081211
S3150803521090610B442049EFF3108072B60A6A0D6B4E
S315080352204969890704D4A91A052901D8AA4212D1BA
S31508035230991A042998BF531DB3F1FF3F38BF013BA1
S31508035240154A916AC906FCD41363936ADD06FCD42E
S315080352500222104B9A6101F068FE0023A26884F8C3
S3150803526068332AB1D188890708D5012384F86833B6
S31508035270002038BD022393615361EEE79268002A42
S31508035280F6D051690B44012BECD9F1E72220F0E75C
S31508035290D8590020005006500040065038B5044639
S315080352A018B3EFF3108572B6FFF736FF104B9868FD
S315080352B0A04209D02046FFF7F5FD044680B12846EB
S315080352C001F033FE204638BDFFF7ECFD04460028FF
S315080352D0F5D1FFF791FF222802BF0222054B9A61F7
S315080352E0284601F022FE0024ECE72224EAE700BF61
S315080352F0D8590020006006502DE9F743EFF31086CE
S3150803530072B6AFF3008000F085FB002800F0C48175
S31508035310B54CB64F94F869332BB10020FFF7DEFE80
S31508035320002384F8693394F805225AB9EFF31180F8
S31508035330302383F31188A368002B67D180F3118880
S31508035340BFF36F8F94F8053294F8FD01002B00F034
S31508035350A080012840F01B81A54A136923F00403A2
S31508035360136130BF94F8FE311BB194F8043284F804
S31508035370FD31AFF30080304601F015FEEFF31086DA
S3150803538072B694F801326BB1002394F8FD0184F8E0
S31508035390013294F80432984204D1012184F8FD11AC
S315080353A0FFF79EFD9348FFF779FFFFF735FED4E92C
S315080353B0E532C51AB5FBF2F505FB0233C4F8943397
S315080353C0D4E9E730EA18824280F03281284601F0B0
S315080353D003F8D4F89C331D44D4F8A033C4F89C537B
S315080353E09D42C0F02D81002594F8FF3184F860535F
S315080353F0002B00F0408194F8033284F8FE511BB168
S31508035400FFF718FE84F80352794D2AE15969B3F870
S3150803541006900A44B9F1000F39D13B6AD4F8081249
S315080354205B1A9A420AD880F31188BFF36F8F01205B
S31508035430FFF754FE012384F8693383E73B6AD4F8FC
S315080354400812C91A114480F31188BFF36F8FD4F871
S315080354506C338B42EBD2D4F86453FFF715FD28441B
S315080354608842E4D294F800800D1A4FEA880848F077
S3150803547002086048C4F88C93FFF710FF4B46294689
S31508035480CDE900985C4A5B4801F0B4FB5AE79B6890
S3150803549052E794F8FF3163B9584AD2F8203103F03A
S315080354A00703C4F8E831D2F8283103F00703C4F830
S315080354B0EC31022853D00225002384F8603394F88C
S315080354C0FE3113B92946FFF70BFD94F8603384F8C8
S315080354D0FD51002B5DD0022D44D094F8FD31012BEC
S315080354E03FF43AAF023B012B3FF63CAF404A136900
S315080354F043F00403136194F89033002B4CD1012233
S315080355003F4B5A673D4B5B6E5B0142BF3D4B3E4A81
S31508035510C3F8202430BF01223C4B3D495A67237800
S31508035520D3B17B699D0717D594F86833A3B1FFF701
S3150803553073FDA3689B69C01A02280DD88B6DD8031F
S3150803554002D5CB6D9A0703D4314B9B6DDB0765D523
S315080355504FF480322D4B9A62FFF760FB02E794F80B
S31508035560603323B1002384F8603302F014F994F806
S31508035570FF31002BB1D194F85F3323B9012384F8A3
S31508035580903384F80332012384F8FF31A5E7012514
S3150803559092E7022DEBD0A0E7002384F89033174B4C
S315080355A01A6F22F0070242F001021A67D3F8202184
S315080355B022F0070242F00302C3F82021D3F8282178
S315080355C022F0070242F00302C3F8282194F8E131D6
S315080355D013B9FFF723FB92E701220E4B5A600E4AD3
S315080355E053689907FCD4F4E7D859002000400650BD
S315080355F000ED00E0485D002051510308008000508B
S315080356000060005A00E003500000FF0F0050005AE4
S315080356100040005A00E0015000C00150012384F8FD
S31508035620023284F8F031FFF7F7FCC4F8F4018FE788
S31508035630C01A00F0D1FED4F8A033C4F89C33D2E6DE
S3150803564000F0E8F900287FF465AECCE62B6923F071
S3150803565004032B6130BF304601F0A5FCEFF3108637
S3150803566072B60020FFF766FC0028EFD0FFF778FC38
S31508035670002384F8FF3194F869332BB10020FFF730
S315080356802DFD002384F86933002194F8FD01FFF703
S3150803569027FC002384F8FD31AFF30080304603B0BE
S315080356A0BDE8F04301F07FBC0A490B4A0B685BB9B6
S315080356B01268D06A58B94B68012B09D8074B186882
S315080356C0074B1B68C01A70470020136870471846B3
S315080356D0704700BF78630020900A002064630020A7
S315080356E06C630020914208B5416000610BD8D21A59
S315080356F083699A4210D2094B011DD3F8640401F059
S3150803570057FC002008BD9A4201D2994204D2034BA2
S31508035710011DD3F86804F2E70120F3E77863002054
S31508035720EFF309801EF0100F08BF20ED108AEFF380
S315080357300B82734620E9FC0F0F4A116808604FF085
S31508035740100080F31188BFF34F8FBFF36F8F00F0FC
S31508035750FBF84FF0000080F31188074A11680868C0
S31508035760B0E8FC0F13F0100F08BFB0EC108A82F3F1
S315080357700B8880F309881847900A00201EF0040F47
S315080357800CBFEFF30880EFF30980014908470000CF
S31508035790FF7003080E4B70B5D3F868340546DB680B
S315080357A00E46DC68201D01F07CFF94F828305A0762
S315080357B009D532462946204601F011FC2046236ABC
S315080357C0BDE87040184723F0010384F82830F5E74D
S315080357D07863002010B5094CD4F868341A6832B9CE
S315080357E0D4F86424C4F86434C4F8682410BDDB68A8
S315080357F04FF0FF311868FFF7CDFFEDE77863002018
S3150803580070B5B9B100230C4A1C461546566886423C
S3150803581004D105EBC403C3E900100BE01BB91668F2
S31508035820002E08BF134601340A2C02F10802EDD1F3
S31508035830002BF0D170BD00BF006E0020002330B5E9
S31508035840094A02F6882101EBC3056D68DC00854227
S3150803585006D100232244C2F8883AC2F88C3A30BDEE
S3150803586001330A2BEFD1FAE7786300201346026C5B
S315080358702DE9F0410446876B002A3AD1036823B120
S3150803588000200137A763BDE8F08185681DB90020AC
S315080358900023A360F5E7254BAE6C1B68EA6AEB6C3D
S315080358A0B24203F1FF33EB64F1D0002BEFD105F1DC
S315080358B00408404601F0F5FEC6F13803AB611C4BFC
S315080358C0EE621A68012096424FF0140288BF1E60E2
S315080358D0564333449A689168AA60E960C1F804801C
S315080358E0C2F80880134A32446A615A6801325A6018
S315080358F0CEE763B94068FFF70EF86368226C134472
S31508035900A26863609342BBD323686360B8E7C06841
S31508035910FFF701F8226CE36851429B1A2268E36099
S315080359209342ADD2A3680B44E360A9E7900A00202B
S31508035930786300207C630020024A136801331360EE
S31508035940704700BF845D00201E4B70B51A681E4B56
S315080359501AB10122C3F8D82A70BDC3F8D82A1B4A3C
S315080359601168096B0868B0F1A53F0BD14868B0F117
S31508035970A53F07D18868B0F1A53F03D1C968B1F13E
S31508035980A53F01D01168116814261968104D06FB46
S3150803599001F044599CB11C18A6680830766805447A
S315080359A0AE4208BF2069A66008BFA060142000FBAA
S315080359B001308068C068106019601368CCE7013944
S315080359C0E5E700BF845D002078630020900A002085
S315080359D07C630020054B1B6833B1054B1868B0FA86
S315080359E080F0400940007047012070476863002033
S315080359F0845D002008B5FFF7EDFF38B1022804D00F
S31508035A00034B1868431E5842584108BD0320FCE758
S31508035A10A05D00200B4B1B6883B90B4AD2F8D80A42
S31508035A2070B9D2F8DC3A63B9084B094A1B6810689F
S31508035A30013B98420CBF02200120704700207047A3
S31508035A4018467047305A002078630020E02C00205F
S31508035A50445A002000222DE9F84306461E4B1F4CE4
S31508035A601D681F4B0F46D3F800801E4BD3F80090D2
S31508035A702368206883F85E20043001F012FE731C45
S31508035A8014D19FB1184B21685A688A6090682168B7
S31508035A90C860216804314160216804319160226835
S31508035AA053611A6801321A60BDE8F88323682168CE
S31508035AB0AD195D6001F1040104D34846BDE8F84316
S31508035AC001F076BA404601F073FA084B1A68AA42FF
S31508035AD088BF1D60E8E700BF6C630020900A0020BA
S31508035AE0285A00202C5A0020445A002064630020B8
S31508035AF010B50C46054B1968183101F059FA2046BA
S31508035B00BDE810400121FFF7A5BF00BF900A00209A
S31508035B10064A13681968064B19B94FF0FF321A601B
S31508035B2070471268D2681268F9E700BF285A00203E
S31508035B30646300202DE9F84F4F4B504C1B68002B2C
S31508035B4040F092804E4B1D6801351D606DB94D4B73
S31508035B501A684D4A1968106818601160D4F8E03A53
S31508035B600133C4F8E03AFFF7D3FF484900200B682E
S31508035B70AB4210D91422464B1B68DB6A02FB03436C
S31508035B805B68022BD4F8D83A28BF0120002B18BF2C
S31508035B900120BDE8F88F84463A4F3B681B681BB95A
S31508035BA04FF0FF330B60E5E73B68DB68DB685A6851
S31508035BB0954201D20A60DDE7D3F81480D3E90229B6
S31508035BC0C2F80890C9F80420D8F8042003F1040E93
S31508035BD07245D8F8002008BFC8F80490013AC3F8FC
S31508035BE014C0C8F80020D3F82880B8F1000F14D0E1
S31508035BF0D3E90729C2F80890C9F80420D8F804207D
S31508035C0003F1180A5245D8F8002008BFC8F80490CB
S31508035C10013AC3F828C0C8F800201426DA6AD4F86B
S31508035C200080424506FB02F804EB0809D9F808A0E8
S31508035C30184EDAF808B0B044C3F808A0C3F80CB095
S31508035C40CBF804E0CAF808E0C3F81480D9F804309E
S31508035C5088BF22600133C9F804300D4B1B68DB6A21
S31508035C609A4288BF012098E7D4F8DC3A002001332A
S31508035C70C4F8DC3A8DE700BF845D00207863002012
S31508035C806C630020285A00202C5A002064630020E5
S31508035C90900A00207C630020F8B5224B41F00041AE
S31508035CA01B68D0E903430160D0E901128A60516099
S31508035CB05968261D814208BF5A60002202611A6884
S31508035CC0013A1A60FFF724FFD4E9021263698A606E
S31508035CD051605968B14208BF5A601A68013A1A6096
S31508035CE0114BE26A19688A424FF0140102FB01F16B
S31508035CF003EB0100856888BF1A60AF68A560E76093
S31508035D007E60AE60094D2944616141680131416095
S31508035D1007490968C96A8A4284BF0122C3F8D82A8F
S31508035D20F8BD00BF845D0020786300207C630020F3
S31508035D30900A0020094A1168086806C881F30B8887
S31508035D40022181F31488203080F30988BFF36F8F0B
S31508035D504FF0000080F3118810470000900A0020D6
S31508035D6006480068006880F3088862B661B6BFF320
S31508035D704F8FBFF36F8F66DF00BF000008ED00E0AB
S31508035D8008B501F0D2F9044A136801331360BFF367
S31508035D904F8FBFF36F8F08BD44A6002070B5044626
S31508035DA0D2F7C6F90D4601F0C0F9A26BE36B0646B6
S31508035DB093421ED994F845100132FF294BB2A263C8
S31508035DC00ED1636A33B1206B00F0B6FE10B10DB184
S31508035DD001232B600124304601F0B2F9204670BD39
S31508035DE0054A12689342F5D201335BB284F845300B
S31508035DF0F0E70024EFE700BFE02C0020044B1A6805
S31508035E001A68013A1A60186808B901F099B970470F
S31508035E1044A60020F8B504460127FFF7B1FF94F816
S31508035E204550184E6DB2002D14DCFF23012784F864
S31508035E304530FFF7E3FFFFF7A3FF94F84450114EED
S31508035E406DB2002D12DCFF2384F84430BDE8F84018
S31508035E50FFF7D4BF636A002BE7D0206B00F06CFE14
S31508035E6008B1C6F8D87A013D6DB2DCE72369002B81
S31508035E70E9D0E06900F060FE08B1C6F8D87A013DBA
S31508035E806DB2DEE7786300202DE9F84FFFF778FF58
S31508035E90434B1A681A68013A1A601B682BB1002427
S31508035EA0FFF7ACFF2046BDE8F88F3E4A1268002A82
S31508035EB0F5D03D4C184614254FF0010C3B493C4F91
S31508035EC0261D50E0CB68DB68D3F828E0D3E907281A
S31508035ED0C2F80880C8F80420DEF8042003F118097C
S31508035EE04A45DEF8002008BFCEF80480013A9862D6
S31508035EF0CEF80020D3F814E0D3E90229C2F80890B3
S31508035F00C9F80420DEF8042003F104084245DEF844
S31508035F10002008BFCEF80490013ACEF80020D3F843
S31508035F202CE02268964505FB0EF204EB0209D9F824
S31508035F3008A03244DAF808B0C3F808A0C3F80CB0CE
S31508035F40CBF80480CAF808805A61D9F8042088BFB8
S31508035F50C4F800E00132C9F804203A68D26A9645C3
S31508035F6001D9C4F8D8CA0A68002AABD10BB1FFF71E
S31508035F70CFFDD4F8DC5A4DB10126FFF7DBFD08B196
S31508035F80C4F8D86A013DF8D1C4F8DC5AD4F8D83A2B
S31508035F90002B84D0064B01241B6801F0A5F87FE784
S31508035FA0845D0020E02C002078630020305A00200E
S31508035FB0900A002008B518B9BDE8084001F094B85E
S31508035FC0FFF7BAFC044B00211B68FFF743FDFFF7F5
S31508035FD05BFF0028F0D008BD845D0020F8B50446B1
S31508035FE00D46FFF7CDFEDFF864C0164BDCF800104C
S31508035FF01E68626896F85E6046B100221B6883F8DD
S315080360005E200124FFF7FAFE2046F8BD2B68581CCC
S3150803601016D00D4E2068D6F8E07AB84204D08A42E4
S3150803602002D800232B60ECE78F1ABB42F9D95B1A17
S3150803603013442B60D6F8E03A2360DCF8003063603B
S315080360400024DFE7900A0020786300206C630020B1
S315080360502DE9FF47002704461E4601920D46FFF722
S31508036060B9FCB846DFF8CC90DFF8CCA0FFF788FE7A
S31508036070A26BE36B9A4212D2324629462046FFF7B1
S31508036080F5FB636A13B1206B00F056FD08B101F006
S315080360902BF8FFF7B3FE012004B0BDE8F087019B98
S315080360A01BB9FFF7ABFE0020F6E72FB9D9F8E03A9C
S315080360B00293DAF800300393FFF7A0FEFFF73CFCE0
S315080360C0FFF75EFE94F84430FF2B08BF84F844803C
S315080360D094F84530FF2B08BF84F84580FFF78EFEFA
S315080360E001A902A8FFF77AFFF0B9FFF749FEA26BE9
S315080360F0E36B9A420FD1FFF781FE019904F1100071
S31508036100FFF7F6FC2046FFF785FEFFF7BDFE48B905
S3150803611000F0EAFF06E0FFF771FE2046FFF77AFE76
S31508036120FFF7B2FE0127A1E72046FFF773FEFFF745
S31508036130ABFEB8E7786300206C63002008B5084B0C
S3150803614081681B68994209D1C368013BC3601BB9BF
S315080361501A461946FFF77CFF012008BD0020FCE715
S31508036160900A00202DE9F04F4FF0000985B0044648
S3150803617001914D46FFF72EFC4E46894FDFF82882DC
S31508036180FFF7FEFDA36BC3B1013BA363236833B9D2
S31508036190844B1B6813B1DA6C0132DA64A360236992
S315080361A02BB1E06900F0C8FC08B100F09DFFFFF7CA
S315080361B025FE012005B0BDE8F08F019B1BB9FFF74B
S315080361C01DFE0020F6E72DB9D7F8E03A0293D8F872
S315080361D000300393FFF712FEFFF7AEFBFFF7D0FD80
S315080361E094F84430FF2B08BF84F8446094F845308C
S315080361F0FF2B08BF84F84560FFF700FE01A902A834
S31508036200FFF7ECFE05462046002D76D100F0C3FFC6
S3150803621000286CD02368002B4AD1FFF7B1FDD4F8C8
S315080362200890B9F1000F40D0DFF878A1D9F82C20EF
S31508036230DAF80030DB6A9A424FD2D9F81830584D4B
S31508036240002BA8BFDAF8003005F1040BA2BFDB6AFE
S31508036250C3F13803C9F81830142303FB02B2D9F87B
S315080362601430934233D109F10400009001F019FA6E
S31508036270DAF800300098DA6A2B68C9F82C209A42B3
S315080362804FF0140388BF2A605A43AB1899685A44D7
S315080362908D68C9F80810C9F80C5068608860C9F891
S315080362A014205A6801325A600125FFF7A7FDA9464B
S315080362B0019904F12400FFF71BFC2046FFF7AAFD0A
S315080362C0FFF7E2FD08B900F00FFF012558E7DAF8F2
S315080362D00030DB6AC9F82C30E6E7DAF80030D9F87B
S315080362E04850DB6A9D422CBF00250125DDE7204681
S315080362F0FFF790FDFFF7C8FDE7E7FFF78BFDFFF70D
S31508036300C3FD204600F047FF0028DED0B9F1000F91
S315080363103FF457AFFFF734FD636A1BB1236B1B6862
S31508036320C3F13803A568002D3FF449AFAA6C93421D
S3150803633038BF13461C46EB6A9C423FF440AFEA6CEF
S31508036340012A7FF43CAF174A154E1268AA69371D0E
S31508036350002AA4BFC4F13802AA61142202FB0373FC
S315080363606A69EC629A427FF42AAF05F1040840464B
S3150803637001F097F933689C424FF0140388BF3460E1
S315080363805C4333199A6827449168AA60E960C1F89F
S315080363900480C2F808805A686F6101325A600EE7B2
S315080363A078630020900A00206C630020094B8268FA
S315080363B01B6810B59A42044604D1C3680133C36007
S315080363C0012010BDFFF7CEFE0028FAD0E36801339B
S315080363D0E360F6E7900A002038B50D4D0D4A2B68A1
S315080363E01168126803449A4204460CD10A4B013CCD
S315080363F01B68FFF7C5FC094AD2F8DC3A0133C2F831
S31508036400DC3AFFF7FBFC2B6823442B6038BD00BF3F
S315080364106C63002064630020845D00207863002099
S31508036420F8B50446FFF7ACFC304B314D1A68314ECC
S3150803643001321A60296800294BD12C601B68012B8D
S315080364401DD13046013100F0DEFD382900F1140074
S31508036450F8D12949084601F1140700F0D4FD384656
S3150803646000F0D1FD254800F0CEFD254800F0CBFD10
S31508036470244800F0C8FD244B1960244B1F60244BA5
S31508036480201DD3F8182B196801322264C3F8182B78
S31508036490E26A8A424FF0140188BF1A604A431344DA
S315080364A0996816448F685A68A160E7600132786074
S315080364B0886066615A60FFF7A1FC164B1B689BB19F
S315080364C02B68DA6AE36A9A420ED2BDE8F84000F00E
S315080364D00BBE104B1A68E36A002AD0D12A68D26A1F
S315080364E09A4298BF2C60CAE7F8BD00BFE02C00208B
S315080364F0900A00207C630020686E0020305A002032
S31508036500585A0020445A0020285A00202C5A0020A2
S31508036510786300206863002073B5134CFFF730FCDB
S315080365202568DDB9114901F61C36304600F06BFDC6
S3150803653001F5336000F067FDC1F86404C1F86864C7
S3150803654001F6443301F6943208201021009500F031
S3150803655065FD206010B10649FFF752F902B0BDE8A0
S315080365607040FFF74BBC00BF885D002078630020AE
S315080365709E880308F8B50446234DFFF701FC04B9C2
S315080365802C68271D384601F08CF8A36A1BB104F161
S31508036590180001F086F81D4B1D4ED3F8182B01324F
S315080365A0C3F8182B2A68A2420DD132686AB9194A68
S315080365B01368013B1360FFF7ABFAFFF71FFC20468E
S315080365C000F08DFF13E03368F1E7134A51688868D2
S315080365D0A160E06047608F601168626101311160F4
S315080365E0D3F8202C0132C3F8202CFFF707FC3368B5
S315080365F043B12B68A34205D1084B1B68BDE8F84095
S3150803660000F072BDF8BD00BF900A00207863002031
S3150803661068630020E02C0020585A0020845D00207F
S315080366208FB5714EDFF8C881D6F86834D6F8241CBE
S315080366301F68DFF8C091002F48D1FFF77DF9D8F816
S3150803664000508D4251D3D6F86434C6F8245C1B68CF
S31508036650B3FA83FA4FEA5A1AD9F80040FFF790FBC0
S3150803666094F84430FF2B04BF002384F8443094F88D
S315080366704530FF2B04BF002384F84530FFF7BEFBE4
S31508036680A36BD3B9594BA26A19689068CA6119688A
S31508036690086219681831416019681B6818319160D6
S315080366A004F124029A62636A01336362BAF1000F42
S315080366B04ED1781B5146FFF7CDF92046FFF7AAFBC3
S315080366C0FFF7E2FBB8B900F00FFD14E0DB681F68BB
S315080366D0FFF732F9D8F800508D4206D3BD42C6F803
S315080366E0245C2ED24FF0000AB6E7FFF773F8C6F814
S315080366F0245CFFF7C9FB102200216846FDF73DF924
S315080367006946D9F8000000F07AFF00288CD0009F6C
S31508036710029C002F1FDB636913BBD8F80050D6F819
S31508036720243CAB4201D9FFF755F8013FC6F8245C70
S31508036730082FE5D8DFE807F018183A415018183A31
S315080367404100FFF7A1FB29463846FFF723F8D2E7AE
S315080367504FF0FF30AEE720460399019B9847CFE7F2
S31508036760201D00F09EFFD8E794F82830A76943F068
S31508036770010384F82830019B2A461F4439462046DC
S31508036780FEF7B0FF0028BBD094F82830590708D580
S315080367902A463946204600F022FC2046236A9847B3
S315080367A0AEE723F0010384F82830F6E794F8283097
S315080367B023F0010384F82830A2E794F828300199D6
S315080367C043F0010384F82830A1612B462A46204664
S315080367D02944FEF787FF93E794F828309A07E7D406
S315080367E0204600F0EEFD8BE778630020900A002030
S315080367F06C630020885D002083B5494D494F4A4C98
S31508036800D5F8203C002B75D16B68012B01D900F014
S315080368106BFC464B5A68D0070DD5EFF3118230212E
S3150803682081F31188596AC9075CBF0121D96082F3CC
S315080368301188BFF36F8F3E4C94F834303BB3012174
S315080368402046D6F796FE2046D6F78EFAA369D4F8DD
S315080368503080C618E06BF3F741F8B04517D294F8C1
S315080368603430A3B102212046D6F783FE2046D6F755
S315080368707BFAA369266B1844864205D20122204671
S315080368800DF10701D7F7E8FAE06BF3F727F8FEF7F8
S315080368900BFF0128B3D9FFF74FF8264B1B68264B86
S315080368A01B68FEF701FF0128044620D94FF00108AB
S315080368B0224E06F5427086F82883FEF7EFFC20463B
S315080368C0D4F7B8FB2046D0F7FDFF1D4B1C60002408
S315080368D01C4B1C60FEF710FDF3F718FE06F5427015
S315080368E086F82843FEF7DAFC4046D4F7A3FBFFF7FE
S315080368F0CBFA84E7FFF744FAFB68DE68301D00F03D
S31508036900D0FE2368013B2360D5F8203C013BC5F83C
S31508036910203CFFF773FA304600F0E1FD70E700BF4D
S3150803692078630020585A0020E02C00200040005BC2
S31508036930A8080020646300206C6300206885002093
S31508036940785D0020745D002080B1036813F4E07F4E
S3150803695003F03F00C3F3821209D0012A06D1064B7E
S3150803696039B103F58053012282401A607047034BFD
S31508036970F6E703F50053F6E7688000506480005095
S315080369801FB5094B1C6864B1CDE900120290FFF7E5
S3150803699021F8002369461A462046FFF759FB04B037
S315080369A010BD2046FBE700BF885D00202DE9F843AC
S315080369B00E46DDE9097594002246A5218046286B13
S315080369C09946FCF7DAFF296B221F0A4422F00702CD
S315080369D06EB1731E05F13300093613F8014F00F83B
S315080369E0014F0CB1B342F8D1002385F83D30089B1B
S315080369F00020372B28BF3723EB62AB64C3F1380378
S31508036A00AB614FF080736861A8622D616D6242E9DC
S31508036A1002831A4B4FF0123042F80C3C4FF0033303
S31508036A204FF0023442E905304FF001334FF0113687
S31508036A3042E907344FF010334FF0093C42E90A366E
S31508036A404FF008334FF0073842E90C3C4FF0063352
S31508036A5042F8209C42E90E384FF005394FF00433CB
S31508036A6042E910396FF0020342F8443C42F8481DE4
S31508036A702A6007B13D60BDE8F88300BF4D81000871
S31508036A8070B504460D46FFF77BF9022394F85C209C
S31508036A9084F85C30A36D012A43EA0503A36503D092
S31508036AA0BDE87040FFF7AAB96369D4E902128A60A0
S31508036AB051605968201D814208BF5A601A68013A15
S31508036AC01A60104AE36A11688B424FF0140188BFB3
S31508036AD013604B430C4AD51869688E68A160E66053
S31508036AE070608860D15865610131D150FFF710F89D
S31508036AF0064B1B68DA6AE36A9A42D1D200F0F4FAC3
S31508036B00CEE700BF786300207C630020900A00204C
S31508036B1038B50D46044608B9064B1C68FFF730F925
S31508036B20A36DA36D23EA0503A365BDE83840FFF704
S31508036B3065B900BF900A002070B5C468A36AD4E992
S31508036B40071258688A60516004F11801884208BF21
S31508036B505A600022A2621A68013A1A601F4B1B6820
S31508036B60002B2ED1D4E9021263698A6051605968F1
S31508036B70201D814208BF5A601A68013A1A60184AEA
S31508036B80E36A11688B424FF0140188BF13604B43C5
S31508036B90144AD51869688E68A160E66070608860D3
S31508036BA0D15865610131D150FEF7B2FF0E4BE26A47
S31508036BB01B68DB6A9A4285BF01200C4B00201860CC
S31508036BC070BD0B4B5A689068E26120624160916020
S31508036BD01A68A36201321A60E8E700BF845D0020E1
S31508036BE0786300207C630020900A0020506E002002
S31508036BF0305A002070B50D4619469DF810300446E4
S31508036C0003710023C0E903238360BDF814300160D0
S31508036C10C3800E4B1B6A2B44836125B9456102B1B8
S31508036C209047002070BDEFF3108672B6FEF774FA2C
S31508036C3029462046FEF79EFA054B1B689C4201D15E
S31508036C40FEF7DAFA304600F070F9EAE70040065034
S31508036C50E0590020F8B5244A1378FF2B02D10028FF
S31508036C603FD0F8BD002B39D10028FAD00123137081
S31508036C701E4B1B78012BF4D9EFF3108572B61C4E05
S31508036C803378F3B11B4C23781BB9012222701A4AB5
S31508036C9013701A4F3B781BB1FEF7CCF900233B70F0
S31508036CA0284600F042F90120FEF744F9EFF3108570
S31508036CB072B623781BB1FEF753F90023237000231A
S31508036CC033700A4C284600F030F920780128C8D0DA
S31508036CD00121FEF705F901232370C2E708B1013341
S31508036CE0C5E7013B1370BCE7DD5B0020D55B0020DD
S31508036CF0D75B0020365D0020D65B0020DB5B0020D7
S31508036D002DE9F041044616468846D1F711FA00F0F4
S31508036D100CFAA26BE36B07469A4223D294F84550C2
S31508036D200022414620466DB2A36BFEF79FFD6B1CFE
S31508036D300FD1636A33B1206BFFF7FEFE10B10EB1B4
S31508036D40012333600124384600F0FAF92046BDE8EA
S31508036D50F081054B1B689D42F4D201356DB284F868
S31508036D604550EFE70024EEE7E02C002010B5044673
S31508036D7086B0F8B100F08DF9F0B100226FF0010387
S31508036D80CDE90123104B01AACDE903340123059369
S31508036D900E4B02A91868FFF7B3FF58B100F0C5F9FF
S31508036DA000F0CEF9019B2BB14FF0E0234FF0805250
S31508036DB0C3F8042D06B010BD0121204606B0BDE870
S31508036DC0104000F07DBC00BF03700308885D0020F7
S31508036DD0F8B504460E461546D1F7AAF900F0A5F903
S31508036DE0022394F85C2084F85C30A36D012A43EAF5
S31508036DF00603A36503D0BDE8F84000F0A1B9214B0B
S31508036E00E16A1B68002B2FD1D4E902626369B26079
S31508036E1056605E68271DBE4208BF5A601A68013A63
S31508036E201A60194B1A68914288BF196014234B4399
S31508036E30164A02EB030CDCF80460D6F808E0A660F1
S31508036E40C4F80CE0CEF80470B760C4F814C0D4587C
S31508036E500134D4500E4B1B68DB6A9942CBD9012304
S31508036E600C4A2B601360C6E70B4B04F118065A68E5
S31508036E709768E26127627E6096601A68A3620132A8
S31508036E801A60E7E7845D0020786300207C630020AE
S31508036E90900A0020506E0020305A00200E4BF7B59A
S31508036EA01B68044698420E4614D8002540F2E7307C
S31508036EB029460A4B4FF47A721F680023E4FB07013D
S31508036EC0FBF7D4FB2B4601463246CDE90055044869
S31508036ED0FEF77EF803B0F0BD905D0020040700209E
S31508036EE05C8C0020074A10B512780C464AB107286D
S31508036EF007D8054A02EB00131B7B13B1D8F7EAFC44
S31508036F00207010BDE807002070050020EFF31180FC
S31508036F10302383F31188704780F31188BFF36F8F8B
S31508036F207047EFF3108072B6704710B962B6BFF3B5
S31508036F306F8F704708B528220021FCF71EFD002035
S31508036F4008BD036A042B9FBF00EB83020133D1609C
S31508036F5003627047836813B9816070475B685A6830
S31508036F60012AFBD15960704710B50446C8B1FEF72C
S31508036F7041FD022813D1EFF31083DB070AD4EFF39D
S31508036F8011832F2B06D8206E00F032F9003818BF6C
S31508036F90012010BD2046BDE81040FDF79BBE00202A
S31508036FA0F4E70120F5E710B962B6BFF36F8F7047B0
S31508036FB030B50C68631C0AD103695A684A60916044
S31508036FC08B605960036808610133036030BD00F1C3
S31508036FD00802134652681568A542FAD9EDE770B553
S31508036FE00B4604461646A56932461D4429462046DD
S31508036FF0FEF778FB00B970BD236A204698472B46EF
S31508037000F1E700F05DBB4FF0FF3200F10803C0E97A
S3150803701002234360036100230360704737B50D46B7
S315080370201C4693B1A2B1D1B150230193019B019B95
S315080370300121C4E90F0584F846102046226000F0B2
S31508037040FDFA9DF8183084F84C30204603B030BD5D
S3150803705039B950230193019B2246019BE8E70C4665
S31508037060F3E71446F1E703461A6C084610B46AB107
S31508037070DC68996814448C4228BF1968DC6028BF09
S31508037080D960D9685DF8044BFDF745BC5DF8044B38
S31508037090704708B5EFF3058212B10122104608BD01
S315080370A0FEF798FC0128F9D0EFF31083002BF4D1EF
S315080370B0EFF31182003A18BF0122EFE708B5FFF78D
S315080370C0E8FF014640B9FEF785FC40B1022808D11E
S315080370D0FEF732FC084608BD6FF00500FBE7012002
S315080370E0F9E74FF0FF30F6E74FF0E0234FF0805211
S315080370F0C3F8042DBFF34F8FBFF36F8F70478369B0
S3150803710013F8023C662B0FD14FF0E023D3F8882DF2
S3150803711042F47002C3F8882DD3F8342F42F0404264
S31508037120C3F8342FFEF706BE7047EFF311804FF00E
S31508037130100181F31188BFF34F8FBFF36F8F704729
S3150803714080F31188BFF34F8FBFF36F8F704710B566
S31508037150FEF740FC012810D0FFF7E7FF0446FEF7C9
S31508037160E9FC28B14FF0E0234FF08052C3F8042D11
S315080371702046BDE81040FFF7E3BF10BD38B5044607
S315080371800D46FEF7FDFD236823EA05032360BDE8E4
S315080371903840FEF733BE10B50446FEF7F1FDA46B7F
S315080371A0FEF72CFEB4FA84F0400910BD10B5044668
S315080371B0FFF76FFFB0B9FEF70DFC30F0020314D1E9
S315080371C0012C03D1FEF7B8FB204610BD6CB9FEF7B8
S315080371D05BFE0128F8D0FEF7FDFB841E18BF4FF0AF
S315080371E0FF34F1E76FF00504EEE74FF0FF34EBE702
S315080371F038B5014620F0010400F00105FFF749FF01
S3150803720090B9012913D945B12046FEF797FF0128FE
S315080372100CBF00206FF0020038BD2B462A462946CC
S315080372202046FEF715FFF2E76FF00500F4E76FF067
S315080372300300F1E738B100231A4619468360036051
S31508037240C360FEF705BF70472DE9F0431746602272
S315080372500E46002187B005929846DDE90F94059BF3
S315080372600546059B0491C4B1B9F1000F15D0204614
S31508037270FCF783FB022384F85D3004ABC4F8309033
S3150803728001930E9B284600933A4643463146029499
S31508037290FFF78CFB2046FFF7C3F8049807B0BDE851
S315080372A0F08310B5FEF748FBDCF761FD0446FEF7ED
S315080372B0EBFD204610BD2DE9F0410D46174606465F
S315080372C018B900242046BDE8F081A1FB0038B8F1BF
S315080372D0000FF6D1484310F1510FF2D85030FFF79B
S315080372E0E0FF04460028ECD080F846805DB100F143
S315080372F0500301212046C4E90F65236000F09EF977
S3150803730084F84C70DEE70346F3E7024610B500211E
S315080373100120FFF7D0FF0446FFF78CFF204610BD78
S3150803732037B50546FFF7B5FE18B10024204603B066
S3150803733030BD6A6812F00800F7D1D5E9023102F0C8
S315080373400102A3B14F29F0D902B3042201460092E0
S3150803735002460120FFF762FE0446FFF76BFF002C87
S31508037360E3D0296879B12046FEF74AFA0BE00029EB
S31508037370DBD1E2B10420FFF7C8FF04460028D4D0C6
S3150803738029680029F0D144F00104CFE7012011460A
S315080373900090FFF743FE0446FFF74CFF002CC4D0CA
S315080373A029680029C2D02046FEF72AFABEE701203B
S315080373B0FFF7ABFF04460028B7D029680029F3D1A5
S315080373C0B4E708B538B1FEF7B7FADCF7DAFCBDE877
S315080373D00840FEF759BD08BD10B5FEF72FFA90F819
S315080373E046301BB9BDE81040FFF7EBBF10BD2DE9CA
S315080373F0F043074685B09000884616469946FFF738
S3150803740050FF0546F0B16020FFF74BFF0446B0B1C5
S3150803741060220021FCF7B1FA0D9B256301930C9BAF
S31508037420324641463846009302944B46FFF7BEFA66
S315080374302046FEF7F5FF012005B0BDE8F083284690
S31508037440FFF7BFFF4FF0FF30F6E700232DE9F041C2
S3150803745086B005460E4690460593FFF71AFEE0B931
S31508037460D8F818402CB1631E372B03D906B0BDE8EC
S31508037470F0811824D8F80430DB072ED4D8F8143052
S315080374806BB19A08D8F80010D8E902704FB15F2893
S3150803749003D9D8F8100000B1ABB90598E6E7A022DE
S315080374A0F0E70028F9D1D8F81070002FF5D105AB0D
S315080374B0013C0193284633460094FFF798FF0128B9
S315080374C0EBD00597E9E7013CCDE9010733462846A2
S315080374D00094FFF7B9FE0590DFE70020C6E710B56D
S315080374E090F85D3004463BB9006BFFF76AFF204608
S315080374F0BDE81040FFF765BF012BF9D010BD70B585
S31508037500044620F0010500F00106FFF7C2FD80B925
S31508037510012C11D94FF0FF3128463EB1FEF746FF3D
S3150803752001280CBF00206FF0010070BDFEF71AFE9C
S31508037530F6E76FF00500F8E76FF00300F5E710B517
S315080375400446C8B1FEF756FA022813D1EFF310839F
S31508037550DB070AD4EFF311832F2B06D8206EFFF728
S31508037560CEFF003818BF012010BD2046BDE81040E5
S31508037570FDF7B0BB0020F4E70120F5E708B50222C2
S3150803758000214FF6FF70FFF796FE08B100238363C9
S3150803759008BD13B50446FFF77CFD034670B9A46816
S315080375A04CB120222046019240F8043B019AFFF78A
S315080375B02AFD01232377204602B010BD0024FAE7EB
S315080375C070B504460E46FEF705FAFEF7D9FBA56B1A
S315080375D08DB131462046E568FFF745FD636AE560E8
S315080375E02BB1206BFFF7A8FA08B1FFF77DFDFEF76D
S315080375F005FC012070BDFEF701FC2846FAE770B5C5
S3150803760005460E46FEF7E6F9FEF7BAFBAC6B8CB1F8
S3150803761031462846FFF727FD2B69013CAC632BB19E
S31508037620E869FFF789FA08B1FFF75EFDFEF7E6FB9F
S31508037630012070BDFEF7E2FB2046FAE770B50E4659
S31508037640044668B3C56B5DB3036CA3FB05353DBB45
S31508037650FEF796FBD4E90F314B432268A563D0188E
S315080376605B1A62601A44FF23A06084F84430E26020
S3150803767084F845305EB923692BB1E069FFF75CFAF4
S3150803768008B1FFF731FDBDE87040FEF7B7BB04F15B
S315080376901000FFF7B8FC04F12400FFF7B4FCF2E787
S315080376A070BD0369D0E901128A605160596888423E
S315080376B008BF5A60002202611A68013A1A607047C5
S315080376C02DE9F04104460D4600F10C06FEF734F9A0
S315080376D0236820692B43002523608642216806D147
S315080376E021EA05012160BDE8F041FEF7CDBBD0E9EB
S315080376F0002822F07F4312F0806F03EA010702D1C4
S315080377001FB94046E9E7BB42FBD1D20141F00071FC
S3150803771048BF1D43FEF7C0FAF3E738B5044620F021
S315080377200105FFF7B6FC48B9012C07D92846FEF729
S3150803773085F82846BDE83840FFF74EBE38BD10B574
S315080377400446FFF7A6FC98B994B1FEF7F5F8636803
S3150803775043B9FEF799FB237F53B92046BDE810408A
S31508037760FFF72FBE4FF000712069FEF795FAEEE793
S3150803777010BD10B50446FFF78CFC28B924B1204682
S31508037780BDE81040FEF716BC10BD0021FFF7DCB8B4
S315080377900121FFF7D9B802210120FAF749BD0000F4
S315080377A0F8B500BFF8BC08BC9E467047F8B500BFDD
S315080377B0F8BC08BC9E4670475FF800F065A3002036
S315080377C05FF800F015A3002075696E7431360075ED
S315080377D0696E743800756E6B6E6F776E0067726FBD
S315080377E075700077696C6463617264006865786FA5
S315080377F0707400737472696E676F70740075696E5E
S315080378007433326F70740075696E7431366F7074C1
S315080378100075696E74386F707400686578007374E0
S3150803782072696E670075696E743332002A005B00ED
S315080378305B495D200053656E64204261747465720A
S3150803784079205265706F72740D0A005B455D2000DE
S315080378505573657220636F6465206C656E6774681B
S31508037860206D757374206265206265747765656E2D
S3150803787020256420616E642025640D0A00456E7414
S315080378806572205573657220436F64653A202573C4
S315080378900D0A00536574204E65772055736572206B
S315080378A0436F64653A2025730D0A0041637469764C
S315080378B061746520446F6F7268616E646C650D0A46
S315080378C00064656163746976617465004465616320
S315080378D074697661746520446F6F7268616E646C4F
S315080378E0650D0A00496E76616C6964206172677575
S315080378F06D656E740D0A0070726573736564007244
S31508037900656C65617365640047657420446F6F72BF
S315080379102048616E646C652053746174650D0A00B2
S31508037920446F6F722048616E646C65206973202505
S31508037930730D0A00756E6C6F636B65640047657437
S3150803794020446F6F7220426F6C74205374617465A0
S315080379500D0A00446F6F7220426F6C74206973209E
S3150803796025730D0A00636C6F736564006F70656E2B
S315080379700047657420446F6F72204C6174636820F6
S3150803798053746174650D0A00446F6F72204C6174F9
S3150803799063682069732025730D0A0054686520649B
S315080379A06F6F7220626F6C74206973206E6F772015
S315080379B025730D0A00556E6B6E6F776E20657272AE
S315080379C06F720068656C7000496E70757420627515
S315080379D0666665722069732046554C4C005265618C
S315080379E064204C6F636B005772697465204C6F6330
S315080379F06B005258204461746120417661696C6159
S31508037A00626C6520466C6167003E2000434C492042
S31508037A10696E7374616E636520696E7374300041B1
S31508037A2070706C69636174696F6E496E69742065F9
S31508037A305265736574526561736F6E203D202564C4
S31508037A400A00415050005A2D576176652000000000
S31508037A50456D756C617465732072656C65617369D0
S31508037A606E67206120627574746F6E2E00000000C5
S31508037A70427574746F6E3A20303A2042544E302C55
S31508037A8020312B3A2042544E311F0000456D756C48
S31508037A9061746573207072657373696E6720616EAE
S31508037AA06420686F6C64696E6720612062757474FC
S31508037AB06F6E2E00456D756C6174696E6720612063
S31508037AC0627574746F6E20707265737300000000BC
S31508037AD0427574746F6E3A20303A2042544E302CF5
S31508037AE020312B3A2042544E311F5072657373204E
S31508037AF0616E6420686F6C64206475726174696F63
S31508037B006E3A2030202D2073686F72742C20312D25
S31508037B10206D656469756D2C2032202D206C6F6E7F
S31508037B20672C20332B202D20766572796C6F6E6750
S31508037B301F00000070726573730000007000000078
S31508037B40686F6C64000000006800000072656C656D
S31508037B506173650072000000456D756C6174696E2A
S31508037B606720627574746F6E206576656E7473200C
S31508037B7028766172696F75732074797065206F66EC
S31508037B8020627574746F6E207072657373657329DA
S31508037B902E00000047657420646F6F726C6174630E
S31508037BA0682073746174650047657420646F6F7227
S31508037BB020626F6C74207374617465004765742062
S31508037BC0646F6F722068616E646C65207374617488
S31508037BD06500000053657420646F6F722068616ED8
S31508037BE0646C6520737461746520746F206C6F63AD
S31508037BF06B656420283129206F7220756E6C6F635C
S31508037C006B6564202830290061637469766174653D
S31508037C10206F7220646561637469766174651F00F9
S31508037C205365742061206E657720757365722063CA
S31508037C306F6465005573657220636F646520746F9E
S31508037C40206265207365741F00000000456E746525
S31508037C50722061207573657220636F646500000086
S31508037C6043757272656E74207573657220636F64EB
S31508037C70651F000053656E642062617474657279CA
S31508037C80207265706F727400476574207468652086
S31508037C907573656420726567696F6E005265616402
S31508037CA0207468652044534B2C2073746F72656483
S31508037CB020696E20746865206D616E7566616374EC
S31508037CC07572696E6720746F6B656E0046616374BF
S31508037CD06F727920726573657420746865206465AC
S31508037CE07669636500000000496E636C75646520F8
S31508037CF02F206578636C75646520746865206465F0
S31508037D007669636520696E746F202F2066726F6DBE
S31508037D102061207A2D77617665206E6574776F7298
S31508037D206B00000076636F6D000000007365745F77
S31508037D306C6561726E5F6D6F64650000666163747E
S31508037D406F72795F72657365740000006765745FA7
S31508037D5064736B006765745F726567696F6E0000AD
S31508037D60626174746572795F7265706F727400000C
S31508037D70656E7465725F757365725F636F646500BC
S31508037D807365745F6E65775F757365725F636F643A
S31508037D90650000007365745F646F6F7268616E6473
S31508037DA06C655F7374617465000000006765745FD2
S31508037DB0646F6F7268616E646C655F737461746512
S31508037DC0000000006765745F646F6F72626F6C749E
S31508037DD05F737461746500006765745F646F6F72BF
S31508037DE06C617463685F7374617465006275747437
S31508037DF06F6E000062746E00620000004D61786960
S31508037E006D756D206E756D626572206F6620617281
S31508037E1067756D656E7473206578636565646564F7
S31508037E200000000054686520617267756D656E749D
S31508037E30206973206E6F7420666F726D6174746542
S31508037E406420636F72726563746C7900496E636F3D
S31508037E50727265637420617267756D656E742074DA
S31508037E6079706500496E636F7272656374206E7507
S31508037E706D626572206F6620617267756D656E74D3
S31508037E80730000004E6F20636F6D6D616E6420662C
S31508037E906F756E64000000000F00FF033F000202C7
S31508037EA0030000001A00000004040404040400018B
S31508037EB0020300000000000000000000EC84030831
S31508037EC0B5790308B5790308B5790308B5790308BD
S31508037ED0B5790308B5790308B5790308B5790308AD
S31508037EE0B5790308B5790308B5790308B57903089D
S31508037EF0B5790308B5790308B5790308B57903088D
S31508037F00B5790308B5790308B5790308B57903087C
S31508037F10B5790308B5790308B5790308B57903086C
S31508037F20B5790308B5790308B5790308C879030849
S31508037F30B5790308FC7D0308B5790308B579030801
S31508037F40247E0308B5790308B5790308B5790308C8
S31508037F50B57903084C7E0308B5790308B579030890
S31508037F60B5790308B5790308647E0308B579030868
S31508037F70847E0308E52F010897300108C1510108DB
S31508037F804F7501084931010878A50020D9EC000886
S31508037F90F5C0000871EE000883B400087DB4000834
S31508037FA070A50020D9EC0008F5C0000871EE00089A
S31508037FB083B400087DB40008050000000000000033
S31508037FC08025000080020000001000000000004029
S31508037FD00000000000000000560000000000015BDE
S31508037FE015000000D87F030857000000000901F0B8
S31508037FF028830308000901F0DC820308000901F05D
S3150803800090820308000901F0448203080000000077
S31508038010000000001C0000001500000059130108A9
S3150803802078830308748303086CA500205EA50020E3
S3150803803059F9000895B90008F5F90008B9B900080F
S31508038040B7BC00084FBE000809F900087D140108EB
S31508038050507A0308707A030800FF000049140108E0
S315080380608C7A0308707A030800FF00009FBE000895
S31508038070B47A0308D07A03080000FF00347B0308A8
S315080380806C800308000000003C7B03086C8003082F
S3150803809001000000407B03085C8003080000000021
S315080380A0487B03085C800308010000004C7B030837
S315080380B04C80030800000000547B03084C80030827
S315080380C0010000000000000000000000000000009E
S315080380D07C800308587B0308EC840308FE00000031
S315080380E081C80008947B0308EC840308FF0000009A
S315080380F011C80008A87B0308EC840308FF000000E6
S31508038100A1C70008BC7B0308EC840308FF00000032
S31508038110F5C60008D47B0308087C030806FF00009D
S3150803812045C60008207C0308347C030806FF0000C4
S3150803813091C500084C7C0308607C030806FF000011
S3150803814059C50008747C0308EC840308FF00000083
S3150803815005760008887C0308EC840308FF00000002
S31508038160ED7600089C7C0308EC840308FF000000F6
S31508038170D1750008CC7C0308EC840308FF000000D3
S3150803818057750008E87C0308EC840308FF00000021
S315080381902C7D030880810308000000003C7D03084A
S315080381A070810308000000004C7D03086081030802
S315080381B000000000547D03085081030800000000F6
S315080381C0607D03084081030800000000707D0308F2
S315080381D03081030800000000807D0308208103081E
S315080381E000000000947D03081081030800000000C6
S315080381F0AC7D03080081030800000000C47D030862
S31508038200F080030800000000D87D0308E080030817
S3150803821000000000EC7D0308D0800308000000007E
S31508038220F47D0308D080030801000000F87D0308E5
S31508038230D0800308010000000000000000000000D1
S3150803824000000000CEFF84FEFF00CEFF0A000000F8
S31508038250F00094077D240500D300C8084A72050078
S31508038260BA00DB07482C0500A6004F07B4FD040037
S3150803827094007506A9AC04008500F405017804008A
S315080382807600C004A6EE03004F00A5015B27020093
S315080382901E0084FEFF001E000A000000F0001F08EF
S315080382A045CA0200D400220AB0AD0200BA00380952
S315080382B025B20200A500960703AA020090009F06AE
S315080382C0609B02008100E1051E89020073004305D5
S315080382D0987402004B005A011E7B01006E00A2FE31
S315080382E0FF006E001E000000F000C40B7391FEFF32
S315080382F088004606813600005B00C30357AF0000BB
S315080383003C0070022CC500002A00B6012DBC0000F3
S315080383101D001F0151A200001400B8008384000049
S315080383200C003A009648000096001AFFFF009600D4
S315080383301E000000F000671427ADF7FF53008704FB
S315080383401126FFFF2E001902C2FBFFFF1E00500174
S31508038350A92800001400D0008C3600000D00850003
S315080383603C35000009005A004D2F00000500220085
S315080383706F1E0000840000000000000000000000DB
S3150803838000800000A4A40020A808002010A500204F
S3150803839081EE0008C5CB0008E9CB000879B50008CB
S315080383A0C1B5000820A5002013B779FAC925DDB79A
S315080383B0ADF3CFE0F1B614B80102000000000000E7
S315080383C0000000008000000002180A0000000000F8
S315080383D0000000010000000000040300404001847F
S315080383E0000000000000000000000000000000007C
S315080383F00000000000000000887F0308A07F030830
S315080384004576656E7448616E646C65725A77527800
S315080384100D0A00436F6D6D616E645075626C697306
S31508038420680A0020486168615F6E65200D0A00438B
S31508038430435F42617369635F68616E646C65720D5D
S315080384400A002D535441544520554E4B4E4F574E13
S315080384502D002D4556454E5420554E4B4E4F574EDF
S315080384602D004170706C69636174696F6E436F6D3B
S315080384706D616E6448616E646C6572202D20536568
S31508038480637572697479200D0A005472616E73708C
S315080384906F72745F4170706C69636174696F6E4360
S315080384A06F6D6D616E6448616E646C65720D0A006A
S315080384B0436D64436C206E6F7420737570706F72AE
S315080384C0746564203A2025782025782025780D0AB6
S315080384D0004C6966656C696E65002E2E2E20000AAF
S315080384E025730A2573257300257320080025732031
S315080384F0005374617274206C6561726E206D6F64CB
S31508038500650D0A0046696E6973686564206C656162
S31508038510726E206D6F64650D0A0053746F70206C5C
S315080385206561726E206D6F64650D0A0049444C459A
S3150803853000546D72205376630000000046575F456A
S3150803854056454E545F5245515F4745545F5245431E
S3150803855045495645445F56414C49440046575F458D
S3150803856056454E545F5245515F4745545F524543FE
S3150803857045495645445F494E56414C494400000017
S3150803858046575F4556454E545F5245515F524550CF
S315080385904F52545F474F545F41434B0046575F451D
S315080385A056454E545F5245515F5245504F52545F9C
S315080385B04E4F5F41434B000046575F4556454E5461
S315080385C05F4D41585F524554524945535F524541A1
S315080385D0434845440000000046575F4556454E54F8
S315080385E05F5245504F52545F524543454956454499
S315080385F05F56414C4944000046575F4556454E541D
S315080386005F5245504F52545F524543454956454478
S315080386105F494E56414C49440000000046575F45A2
S3150803862056454E545F5245504F52545F5245434543
S31508038630495645445F4241544348000046575F45FF
S3150803864056454E545F5245504F52545F5245434523
S31508038650495645445F4C41535400000046575F450D
S3150803866056454E545F5245504F52545F5245434503
S31508038670495645445F4C4153545F494E56414C490C
S315080386804400000046575F4556454E545F44454CE3
S3150803869041595F46575F494E5354414C4C000000BD
S315080386A046575F4556454E545F53544152545F46A9
S315080386B0575F494E5354414C4C00000046575F538D
S315080386C0544154455F49444C4500000046575F539F
S315080386D0544154455F5245414459000046575F5338
S315080386E0544154455F41574149545F5245504F528F
S315080386F05400000046575F53544154455F41415760
S315080387004149545F54494D454F55540000000000F4
S3150803871000000000000A0000E9C400080300000086
S31508038720000000000D3301080100000000010000ED
S315080387300D33010800000000000B0000413001085A
S3150803874000000000030B0000413001080000000090
S31508038750010200005136010802000000010300006F
S31508038760E9C40008000000000206000051360108AB
S315080387700200000002050000E9C400080200000028
S3150803878002040000F96B010800000000020700005C
S31508038790513601080200000002080000056C0108B2
S315080387A00000000002090000F96B01080000000040
S315080387B001041000BC860308CC860308DC8603087C
S315080387C0F48603083C8503085C850308808503084B
S315080387D09C850308B8850308D8850308F885030824
S315080387E01C8603083C8603085C86030884860308FC
S315080387F0A0860308FF0002011D0000001E000000FA
S31508038800160000000810182028000000487C0308FA
S315080388100000000000000000000000000000000047
S3150803882000100000370000000000000000000000F0
S31508038830666E692B00666E69006E616E00666E6908
S315080388402D00466163746F727920726573657420AF
S31508038850746865206465766963650D0A0045550085
S31508038860556E6B6E6F776E00414E5A00484B004942
S315080388704E00494C00525500434E0055535F4C5227
S315080388800045555F4C52004A50004B5200554E4422
S315080388904546494E45440055530025730A00546D11
S315080388A07251000000000000000000000000F03FC5
S315080388B000000000000024400000000000005940AA
S315080388C00000000000408F40000000000088C340FD
S315080388D000000000006AF8400000000080842E4172
S315080388E000000000D01263410000000084D79741BE
S315080388F00000000065CDCD410005030401FAFE0220
S31508038900060A0D10131517191A1B1C1D1E00000045
S31508038910010201550AF000000000000000000000F3
S315080389200201015514F000000000000000000000D9
S315080389300300025528F000000000000000000000B4
S3150803894003030200285E0000000000000000000088
S3150803895003040200285E0000000000000000000077
S31508038960550000000201005514F03A00000000000B
S31508038970000000000201005514F0E60000000000A4
S315080389800000000003030000085E6E0000000000FC
S315080389900000000003040000085E6E0000000000EB
S315080389A0000000000300025518F000000000000054
S315080389B0000000000300005508F0690000000000ED
S315080389C000000000505341004B4559000B000000BE
S315080389D00000000002020202C8000000C8000000EE
S315080389E0C8000000E80300000000000000000000C3
S315080389F0000000000300000000000000020202025B
S31508038A00C8000000C8000000C8000000E803000012
S31508038A10000000000000000000000000DD3F02081F
S31508038A20000000000200000005000000030000002B
S31508038A300A000000040000001E00000010000000E9
S31508038A4040000000110000000100000014000000AF
S31508038A5020000000020201010207180200030000B9
S31508038A602D950008E9780008DD790008FD950008CA
S31508038A70097900080F790008E37200087993010859
S31508038A801F10020889960008A1A900085D9400082A
S31508038A906D810008B1780008157900082B7900085C
S31508038AA0211D020891730008CF730008857C00080E
S31508038AB0557500085D730008197D00086D7D00086B
S31508038AC0BD7E0008297F0008C17D0008157E0008C1
S31508038AD0697E0008957F00080580000875800008F0
S31508038AE0D58000080000CFFFA000000000000000AA
S31508038AF002180706648700200000000001262728BD
S31508038B002308220044656C6179656420504B542020
S31508038B1054696D6572000000010205065BEC0108E5
S31508038B2027EC0108F9EB0108058D010841EC01085A
S31508038B305DEC0108058D0108058D010857900108AC
S31508038B4071900108058D0108058D0108B3EC01082C
S31508038B50CDEC0108E7EC0108058D01087FEC010857
S31508038B6099EC0108058D0108058D01080000000030
S31508038B7021740008597400085575000855750008CE
S31508038B808B740008C1740008CB7C0008557500086F
S31508038B90FB74000823750008557500085575000809
S31508038BA0020101010101000000001E0026262626F7
S31508038BB02626262626262626262626260088888844
S31508038BC0888888888888888888888888003333339B
S31508038BD033333333333333333333333333000000ED
S31508038BE07374617274207265636569766500000043
S31508038BF073656E645F66697273745F667261670034
S31508038C006B6565702073656E64696E6700000000A6
S31508038C1073656E645F7375627365715F66726167A8
S31508038C200000000073656E640000000070726F63D5
S31508038C30657373206E6577206672616D00000000A8
S31508038C406469736361726420746865206672616718
S31508038C506D656E740000000073656E645F6672610D
S31508038C60675F776169745F636D64000073656E643B
S31508038C7020667261675F77616974000066696E646E
S31508038C805F6D697373696E670000000064697363D7
S31508038C906172645F616C6C5F72656365697665644E
S31508038CA05F667261676D656E7473000064726F70D8
S31508038CB05F667261676D656E74000000646973634D
S31508038CC061726420616C6C20667261676D656E748F
S31508038CD07300000070726F63657373207265636552
S31508038CE0697665640000000073656E645F66726189
S31508038CF0675F7265715F636D6400000073656E6418
S31508038D005F667261675F636F6D706C6574655F63D9
S31508038D106D640000776169745F7265737461727458
S31508038D205F66726F6D5F66697273740073656E64EE
S31508038D305F6C6173745F66726167000073656E6466
S31508038D40206661696C75726520746F206170706C3A
S31508038D5069636174696F6E007265706C795F6672B8
S31508038D6061675F72657100007761697400000000CE
S31508038D7072656365697665000000000000000000FF
S31508038D8000000000000000010C0D0E101213151947
S31508038D901A1F20242504050607090A0B0F111400B8
S31508038DA000000100E08B030800170600F08B030898
S31508038DB000180600008C030806180600108C030822
S31508038DC001180600248C030808180600248C0308D7
S31508038DD0010101002C8C030801150000408C0308CF
S31508038DE001020400588C0308010B0400588C03087D
S31508038DF0060B0400588C0308080B0400588C030858
S31508038E00010D0000408C0308010E04006C8C030856
S31508038E1001100000408C0308010F0000408C030872
S31508038E200405010000000000040606000000000017
S31508038E300407080000000000020500000000000007
S31508038E400305010000000000010805007C8C0308E7
S31508038E50000800008C8C0308010C0100AC8C030885
S31508038E60011205007C8C03080803020000000000B9
S31508038E700122000000000000081608000000000098
S31508038E8008080000BC8C030801160100D48C0308EB
S31508038E9006160100D48C030805090300E88C0308A9
S31508038EA0050A00000000000005030200FC8C030805
S31508038EB00504000000000000061B0600148D0308C5
S31508038EC0011B0600148D0308061C07002C8D0308D6
S31508038ED0061D07002C8D030807050800000000007F
S31508038EE0081E07002C8D0308082000003C8D030884
S31508038EF0081F000000000000082100000000000011
S31508038F0008110600588D030801110600588D030839
S31508038F10082200000000000006190600588D030801
S31508038F20061E0000688D030806200000688D0308E6
S31508038F30061A08000000000006140100708D0308D5
S31508038F4007140100708D0308081B060000000000C3
S31508038F50072400000000000008140100708D0308B0
S31508038F600000000000000000984004050300741088
S31508038F70C033E0335C3400340423010002010402E5
S31508038F80980700000102050101000E02060101000F
S31508038F90040007040100030200000100090211008E
S31508038FA0040006000805040008020314040004006C
S31508038FB00014050008010908050008020314050042
S31508038FC004000014050006000014080002020A0A39
S31508038FD00800030201000800040000140800060044
S31508038FE000140800080100140A000D02000A0A000A
S31508038FF00C02000A0A0008020B0A0A0005010C0EF5
S315080390000A00040000140A00060000140A000801F6
S3150803901000140E000A000D110E00080204140E00B7
S31508039020040000140E00060000140E0008010014C4
S315080390300E00050100140E000F020E1211000C009B
S315080390400C0E110008020414110004000014110088
S31508039050060000141100080100141100050100148C
S3150803906011000A000014110005020E12120008026C
S31508039070041412000C020F0012000400001412005C
S31508039080060000141200080100141200050100145A
S3150803909012000A00001412000502001412000C0044
S315080390A0001413000C02010000000902000000006E
S315080390B01002000014000902010014000B02001339
S315080390C014000700100014000A0201001400040229
S315080390D0001414000C02001414000D0201001400FD
S315080390E00E0200141400100201000200FFFF06021C
S315080390F0FF000602FF000301FF002300FFFF030032
S315080391000000130000000200010103000000010231
S315080391100402040080010204081000000000000095
S31508039120BD9C0020555555555555555555555555B9
S31508039130555555005B25635D2000000050534100DB
S315080391404B4559000108090C000D0E0F00010203D7
S315080391501004050607101010101010101010101028
S315080391601010101010101010101010100A0B000019
S3150803917000000000E48A0308D895030801000000EC
S3150803918068930308B8950308020000005C93030874
S31508039190989503080300000050930308789503087D
S315080391A004000000449303083895030805000000EB
S315080391B038930308D8940308060000002C93030881
S315080391C0F8940308070000002093030898940308FB
S315080391D008000000149303087894030809000000A4
S315080391E008930308589403080A000000FC9203082E
S315080391F0189503080B000000F0920308B8940308B7
S315080392000C000000E4920308389403080D000000DC
S31508039210D8920308189403080E000000CC9203089A
S31508039220F89303080F000000C0920308D8930308B5
S3150803923002000000006A1800060304000000060383
S31508039240050000000202000000E0060800600000B6
S31508039250584400200A0000006C07000000000000C4
S315080392603080030800000200000000000000000030
S31508039270BA0400000000000000000200000000001D
S3150803928000000000BA040000000000000A00000005
S31508039290FAFE02060A0D00000000000000000000A6
S315080392A076636F6D000000000000000000000000F8
S315080392B0000000000000000000000000000000009D
S315080392C00300CFFFA0000000000001000200CFFF4B
S315080392D0A0000000000000000200CFFFA00000006D
S315080392E0000000000300CFFF80000000000001001B
S315080392F00100CFFF88133200A00F01000100B9FF58
S3150803930080000200C80001000200CFFF80000000B1
S31508039310000000000200CFFF8000000000000000EC
S315080393200000CFFF00000000000000000000CFFF90
S3150803933000000000000000000000CFFF000000004E
S31508039340000000000000CFFF00000000000000003E
S315080393500000CFFF00000000000000000000CFFF60
S3150803936080000000000000000000CFFF800000001E
S31508039370000000000080FF7F06010080FF7F0C02CB
S3150803938000000001000001010001010120C001B82D
S31508039390F8950308D8950308B8950308989503081C
S315080393A0789503085895030838950308189503080C
S315080393B0F8940308D8940308B89403089894030800
S315080393C078940308589403083894030818940308F0
S315080393D0F8930308D893030800987F33801C9E33B9
S315080393E0FFFFFFFFFFFFFFFFFF7FFF7FFF7FFF7F7C
S315080393F0030304041105000090DBD83380BBC23392
S31508039400A009C333801C9E33FF7FFF7FFF7FFF7F47
S31508039410020100031004000090DBD83380BBC2337B
S31508039420A009C33300987F33FF7FFF7FFF7FFF7F4A
S31508039430020100030F04000000045C360016D6364A
S31508039440FFFFFFFFFFFFFFFFFF7FFF7FFF7FFF7F1B
S31508039450030304040E050000000D9936801525360E
S31508039460A06325360016D636FF7FFF7FFF7FFF7F73
S31508039470020100030D040000000D993680152536F8
S31508039480A063253600045C36FF7FFF7FFF7FFF7FDF
S31508039490020100030C04000080BBC23380BBC23345
S315080394A0A009C333FFFFFFFFFF7FFF7FFF7FFF7F18
S315080394B0020100040B000000A0D1E336A006F03633
S315080394C060630537FFFFFFFFFF7FFF7FFF7FFF7F98
S315080394D0020202040A020000000D9936000D9936AD
S315080394E0205B9936FFFFFFFFFF7FFF7FFF7FFF7F2D
S315080394F0020100040900000040E3CB3340E3CB3309
S315080395006031CC33FFFFFFFFFF7FFF7FFF7FFF7FC6
S315080395100201000408000000A03BFC3660981137DE
S3150803952060373637FFFFFFFFFF7FFF7FFF7FFF7F32
S31508039530020202040702000080E7913380E79133B1
S31508039540A0359233FFFFFFFFFF7FFF7FFF7FFF7F7C
S315080395500201000406000000C008D336C072EB36C9
S31508039560E0C0EB36FFFFFFFFFF7FFF7FFF7FFF7F35
S315080395700201000405000000C008D336C008D3362C
S31508039580E056D336FFFFFFFFFF7FFF7FFF7FFF7F97
S315080395900201000404000000C008D336C072EB368B
S315080395A0E0C0EB36FFFFFFFFFF7FFF7FFF7FFF7FF5
S315080395B00201000403000000000D993680152536C4
S315080395C0A0632536FFFFFFFFFF7FFF7FFF7FFF7F38
S315080395D0020100040200000090DBD83380BBC233CB
S315080395E0A009C333FFFFFFFFFF7FFF7FFF7FFF7FD7
S315080395F00201000401000000000D99368015253686
S31508039600A0632536FFFFFFFFFF7FFF7FFF7FFF7FF7
S315080396100201000400000000FFFFFFFFFFFFFFFF3A
S31508039620FFFFFFFFFFFFFFFF0304040808080808FE
S315080396306090A31AF26EEF03410821066310420AEB
S31508039640A518630EE720941249A9B518AC39F72271
S3150803965051CA3929D55EAC39BDFB0F0000A801A84C
S3150803966002A8000000B801B802B800B0E0CD0308AC
S3150803967058CE030810CE030828CE030840CE0308A5
S3150803968070CE0308F8CD0308B8CE030888CE0308BE
S31508039690A0CE030803040408080500000000000020
S315080396A0000000000000000000000000C43B0000AA
S315080396B0C80000008C3C00000C000000703E00004F
S315080396C000000000CC360000F80400009C3C0000B3
S315080396D004000000783E0000030000001432000076
S315080396E0B8040000983C000004000000703E000027
S315080396F00800000000000000143200007C3E000051
S31508039700000000007C3E00003C0000006B360000B1
S315080397100000000000200880704710B501000020F3
S315080397208F4A14680122A240012904D0022909D1CB
S31508039730BA49097802E0B9490978090911409142F9
S3150803974000D1012010BDFEB50C00864F797A490772
S31508039750490F072901D1012500E00025824E3188EA
S315080397604022002D00D0802200901000084028D007
S31508039770914301910C20002D04D10220FFF7CDFF60
S315080397800A30C0B2019A0321114389B2A44AFB786D
S315080397900C2B05D00D2B03D00F2B01D0102B02D188
S315080397A03B88DBB213601160090A11601060002D53
S315080397B001D0307910600098007910600820B1490B
S315080397C0086021000098FFF7A5FFFEBD80B5664A2D
S315080397D09279825C182A06D180200004AA4A10606E
S315080397E00020088002BDFFF7AEFF02BD10B55E4A32
S315080397F09379C45C012C08D15B1C9371A348486018
S31508039800DBB25B1C0B80002010BDFFF79CFF10BD6D
S3150803981038B5554A9379C45CFF2C14D0514D2D881D
S31508039820AC4201D0042032BD5479042C08D15B1C08
S31508039830937197484860DBB25B1C0B80002032BDEE
S31508039840FFF781FF32BD0020088032BDF0B5427AAA
S31508039850904B0024904D2D68ED060ED5057A6D07BD
S315080398606D0F032D09D18D480078824201D00A2055
S31508039870F0BD80204005D86228E0057A81262E406F
S31508039880812E23D1664D4679360187793F093743B9
S31508039890FFB22F608679360107793F093743FFB24E
S315080398A02F6006793601407900093043C0B2286033
S315080398B00F202860032028602A607F2028602C60F8
S315080398C0286008206F4A1060000418600C80002086
S315080398D0F0BD42791302F02212011A40807902433D
S315080398E09248824205D01F480088824201D004204C
S315080398F07047A44848600A20088000207047A24A97
S315080399009379C05C92785207520FD040C00701D4AE
S315080399100420704700200880704770B5124A93796F
S31508039920C05C104C2488641EE0260640A41B24B29F
S31508039930002C08D4C006C00E55796D1C854202DB7F
S31508039940E510A84201D2042070BD54805819401C62
S3150803995090718E4A4A60C0B2401C0880002070BDD0
S31508039960284000A8E03E0000703E0000F2B582B031
S3150803997041680A02120C009208240F27120A0F25BF
S315080399801540090E0191824E717A4907490F072935
S3150803999003D1057A0C20092404E00220FFF7BDFE53
S315080399A00A30C0B20199814201D20620FEBD76492A
S315080399B00D71009A0A80019A101A4871621C0020D8
S315080399C0009B1F40012F1ED025D3032F0CD022D274
S315080399D033881B0601D10420FEBD8C716D49029B99
S315080399E0596002990A80FEBD2B480068C0060AD54D
S315080399F0280004D0307A854201D00A20FEBD802093
S31508039A004005654B18608C71644802994860029852
S31508039A1002800020FEBD02990880FEBDE93E0000D3
S31508039A20E40000AA5E4AD368006800BA984201D0E7
S31508039A300420704708201268520303D4594A4A601F
S31508039A40088011E0584A106058480068E02252001E
S31508039A50024080204000824202D15548072201E095
S31508039A60544809220A804860002070474C4909680F
S31508039A70C90302D54B49082201E04F490422416034
S31508039A80028070474C2002A8441002A8CD32000079
S31508039A90ED3200001C1002A8480002A8E83E0000A8
S31508039AA070B54478FF23384A8025D5710D88042D6F
S31508039AB00AD1630878251D40D5712302F0242401B1
S31508039AC01C4083781C43194B09884018401E0578A7
S31508039AD0334E3068C00213D4308AA04201D0A34261
S31508039AE00CD1B17C55290BD08D4209D0854207D0BC
S31508039AF00A2D05D04A2D03D0552D01D00C2070BD53
S31508039B00D079B075FCF79CFFB17DFE2800D10720FC
S31508039B100843B075B48229480068000AF07535779A
S31508039B2080208003264908600B2070BDFF0F0000C4
S31508039B3080B50078552801D0542811D121484860AA
S31508039B400120088019480068E0225200024080205C
S31508039B504000824201D1042000E00320088002E08D
S31508039B600800FFF783FF002002BD80B50C4909688A
S31508039B70890304D5144941600121018001BDFFF71A
S31508039B8075FF01BD4D330000703E0000FF33000032
S31508039B90E03E00001B340000481002A81133000001
S31508039BA0D03E0000153200004C1002A84C4001A814
S31508039BB0D33300006D340000253500001CC000A80F
S31508039BC01C1002A8A135000031360000703E0000C3
S31508039BD0CD2C0000E52C0000E52C0000E52C000048
S31508039BE0E52C0000E52C0000000000000000000042
S31508039BF00000000000000000E52C0000E52C000032
S31508039C00E52C00001D310000E52C0000FB250000B3
S31508039C100B260000B32600002B270000B5270000FB
S31508039C2049290000D5270000DD290000292800005E
S31508039C3089280000FD280000412B00000D2C000098
S31508039C40C92500005B2E000019220000792E0000AA
S31508039C50FD2E0000E52C0000F52F0000C12F0000A3
S31508039C60E52C0000E52C000045300000E52C00003B
S31508039C70E52C0000E52C0000E52C0000E52C00008F
S31508039C80E52C00001D1300001313000056488068D6
S31508039C90000200D4704780B58020800253490860CB
S31508039CA0CF2000F0C9FA102051490968014003D0B2
S31508039CB0B849C8630220086001BDF8B54D48816BF1
S31508039CC04D4F802292033A604C4E336840241D055B
S31508039CD00BD41C402AD0012003F085F8002825D090
S31508039CE08020C0058E49086020E0130BA0250D408F
S31508039CF002D10068C00601D53B6017E00A403FD190
S31508039D008020884A1060884A1060194038D0364D3A
S31508039D10287A400705D5012084490860000284494A
S31508039D2008602878002801D0062801DB0020F2BD48
S31508039D3000F094FB716889684E682978052907D16C
S31508039D40E105B9606E60B668CC218901784A11606D
S31508039D5000F08DFB012E00DA0226BC2080058E4911
S31508039D600860942080058D4908606E480021C94320
S31508039D700164714241648021894A11600460D5E710
S31508039D80A3480360FFF782FF0120F2BD1848016864
S31508039D90890504D5C06E0004000F022801D00020EF
S31508039DA070470120704738B580245E48046000F088
S31508039DB055FB05009748006800F0C2F9280000F033
S31508039DC056FBFFF763FF0848007A000705D5A0008E
S31508039DD00949086000F022FC31BD60038C4908601C
S31508039DE08D48046031BD00007C3E00001C1002A8AB
S31508039DF0440002A80C0002A8442002A8D03E000092
S31508039E00FEB50400854D8C208001686001268448D0
S31508039E100660FFF7BBFF002826D082480078002893
S31508039E207DD031020194052802D022460A4076D114
S31508039E30CC2292012A607C4A126881231B021340B2
S31508039E4001D0032301E053075B0F0C01022804D159
S31508039E50022B62D3364804605CE04D01032804D123
S31508039E60022B5AD932480560F7BD042802D111409E
S31508039E7053D0F7BD052850D1019800284DD0C00509
S31508039E80C10F684641700198C004C10F6846017046
S31508039E9000F0E4FA02906348406869464978002965
S31508039EA003D006688021204A1160670495496A46EB
S31508039EB01278002A0CD0C2680B68D21A924B1B6818
S31508039EC03B4001D0066800E04668964200DD16006E
S31508039ED0684640786A461278024308D008684242C0
S31508039EE0B01E824202DA7042886000E000260298B9
S31508039EF000F0BDFA0198800501D5984807600198D6
S31508039F00054001D096480760002E06D0CC20800174
S31508039F1007490860B6480460F7BDFFF744FFF7BD75
S31508039F204C6201A80CC001A890E001A8C4D000A8FF
S31508039F30145001A838B580248A480460012038499A
S31508039F400860384D2878052802D06000A9490860BA
S31508039F50FFF71CFF002812D02E480068000A80214C
S31508039F604140A868000EC9B2814208D22E4800684B
S31508039F704007400F022802D2FFF715FF31BD9E485E
S31508039F800168C0220A4002D1C06F204001D00448AC
S31508039F90046031BD082002A808E001A808D001A87A
S31508039FA094D001A80A0000D1704780B518225143FE
S31508039FB040180C304069002803D08021090300F0BB
S31508039FC0DDF901BD38B500F049FA04008B48056888
S31508039FD0A86881782800FFF7E5FF6888012101430F
S31508039FE0698002208649086086490860200000F0D7
S31508039FF03EFA31BD10B500F031FA04007F48006817
S3150803A0008168C978FFF7CEFF200000F030FA10BD4B
S3150803A010441002A818C000A8100002A8106001A8DE
S3150803A020C4E000A87C3E0000184001A8F1B582B040
S3150803A0300F00A020384003D173480068C00603D533
S3150803A04080208000714959E000F008FA00906B48B7
S3150803A0500468F80204D5A0680069029000F07CFB46
S3150803A06000F0D5FB80210903606800F087F926789C
S3150803A0700020761C6178B14200D20026182171436C
S3150803A08065180C3529780829F3DA2670A56060491E
S3150803A0902A780A70BA0507D5584800688068C068E0
S3150803A0A0FA0201D4032290438860012738400DD170
S3150803A0B058480299426B89180068081A5649401885
S3150803A0C0012803DB00F09CFC01F01DF8F90468691C
S3150803A0D000F054F93C2000F0AFF8F0B200F0ACF809
S3150803A0E060884E4901406180009800F0C0F9380540
S3150803A0F0464908604A48076038024A490860029890
S3150803A100FEBD000048C001A84C0002A810B5464889
S3150803A1100068800501D4FE2010BDC0208003434992
S3150803A120086000F09BF9354909688A78D20702D591
S3150803A13089688C7800E00C7800F099F9200010BD46
S3150803A1402E4909688A688B78DB0704D59278182321
S3150803A1505A438A180C329060704700004C1002A8C4
S3150803A1604C2002A894E001A8F1B582B0304F3C68B0
S3150803A1700026200F000702D1E00102902AE000F032
S3150803A180C2FF00F06BF9019080210903606800F0B3
S3150803A190F5F825786D1C6078A84200D20025E800FA
S3150803A1A020180C300090006802908021090300985B
S3150803A1B0406800F0E3F83D2000F03EF8E8B200F00E
S3150803A1C03BF825700098A060019800F050F902A8A2
S3150803A1D001F035F817480068800407D5F86901F0D7
S3150803A1E0A4FC02990818029000D502960298FEBDAF
S3150803A1F0B03E0000146001A814C001A8D43E0000B4
S3150803A200284000A8448001A80C0002A8442002A8FC
S3150803A2107C3E00009C3F00000010FFFFFEFF00008D
S3150803A220C0E000A8106001A8440002A8441002A8D0
S3150803A230D83E0000FC0302A845490968002901D550
S3150803A240444908607047F2B582B0434CA168434D50
S3150803A2504A004ED50126090100D521260100404AA8
S3150803A2601068526800922A689206920E23689B0029
S3150803A27080273B4013437A001A430192394F0A0059
S3150803A28026D0890601D5012008E0F021014007D12F
S3150803A2906946097A0C220A4002D0022000F042F8E5
S3150803A2A0396EBC22920091420DD12F490968C90320
S3150803A2B009D52168490306D52168090701D402216E
S3150803A2C000E0032100914836019A3968890002E0C3
S3150803A2D0019AB96B09094023194011439A00009B57
S3150803A2E0002B02D013432B660836296602432A66D7
S3150803A2F02E66E86D45076D0F00F09AF8A8070BD090
S3150803A300052D09D0A068000406D400F0A7F8022199
S3150803A310164A116000F0ABF800F093F8002000F03D
S3150803A32001F8F7BD0E490A68F0239A430001104362
S3150803A3300860C0B270478020C0020D4909688907C2
S3150803A34001D10C4900E00C49086070470000000081
S3150803A350500002A8884000A8480002A8284000A880
S3150803A360783F0000184001A8D03E000024D50350CA
S3150803A370844000A8486000A8485000A880B5494A08
S3150803A380116001F0FDFBFFF7D6FF01BD70B500F0C4
S3150803A39065F8454A454BD1688C0819002140D124F4
S3150803A3A06400D52901D2D52102E0A14200D92100B2
S3150803A3B00D0046352D041E042E400D00463D2B4048
S3150803A3C033431360C0221206394B1A60394A137C89
S3150803A3D0002B0AD0384BD52902D98025ED051D60F7
S3150803A3E0A14202D2802424061C600023334C236036
S3150803A3F05388002B00D1118000F039F870BD80B561
S3150803A4002F48304908603048C1680902090A1922E9
S3150803A4105143416005210160FFF7B8FF01BD2A4892
S3150803A4200068C00300D4704780B5FFF7AFFF01BDCE
S3150803A4308020C0021B490860244800684007FBD4F3
S3150803A44070478020C00222490860704701E021490D
S3150803A4500860214909680140F9D170471F48006817
S3150803A46020211F4A116010211E4A116070473021AE
S3150803A470014002D110201A4908607047174800683E
S3150803A48030210140102901D101207047002070476F
S3150803A490154801210160C16070470120134908600E
S3150803A4A070470000441002A87C400050FF010000DA
S3150803A4B0A0600050843F0000A450005018E000E05C
S3150803A4C07F1A0601540002A810E000E0440002A81F
S3150803A4D0442002A8282002A8280002A8600002A88F
S3150803A4E0602002A8601002A8789001A884A001A899
S3150803A4F0F8B54C4880214902C16102214A4A516094
S3150803A50000214A4A11604A4A11800321464A1160CA
S3150803A5100221016000204749086020204649086057
S3150803A520802046490860CC208001454908600124FB
S3150803A530444804603D48806F00900F26070B374058
S3150803A54041480068C505ED0D103DC0202843C0B23B
S3150803A550FFF772FE35480069800303D5092F01D03A
S3150803A56001F060F900980640009638480668009896
S3150803A570032803D0022806D1032F32D000F0B0FAFD
S3150803A5800098032803D0062F2BD1062D29D030484F
S3150803A5900068C00B204001D001F024FCFC20800198
S3150803A5A00068000108D5052D06D101252948046050
S3150803A5B06005FFF74BFF00E000253100380000F087
S3150803A5C0E9FA0600002D06D000F098FC224804603C
S3150803A5D002202249086060051F4948658009204909
S3150803A5E00860114821040162002F08D10221416045
S3150803A5F000200E490861C020C00011494864300094
S3150803A600F2BD80B5FFF714FF16480078800602D41A
S3150803A610022015490860FFF714FF01BD02201349FC
S3150803A620086070472C1002A8282002A8380002A840
S3150803A630B43E0000B03E000094E001A80CC001A897
S3150803A640146001A8C4E000A804ED00E0B44000A823
S3150803A65000E200E0645000A8646000A82C4000A84B
S3150803A66080E200E0D03E0000081002A8082002A8F5
S3150803A67070B5794C794D8026760179480068304063
S3150803A68005D06660062001F07BFC6E6004E06E6010
S3150803A690062001F075FC66603D20A06070212960E4
S3150803A6A00F222A602160A86070BDF8B56C4C80251E
S3150803A6B0ED028D4E6F097068384002D160688005D7
S3150803A6C029D58A480068C00405D4FFF7C7FE884918
S3150803A6D00D60FFF7CCFE7068864901409020400163
S3150803A6E00843706084488549086000206060706884
S3150803A6F0384002D1F02080006060706807402AD095
S3150803A7007A480068C00726D57D480078800722D492
S3150803A71001F03EFC1DE03068C0071CD5AE0973483E
S3150803A7200068304005D1FFF799FE71490D60FFF7C0
S3150803A7309EFE7448FF21FE314160F12149026F4AAA
S3150803A740116021680E4001D0822100E0C32149022D
S3150803A7500160FFF78DFFF1BD80B568480121624AA4
S3150803A76012680A4006D0684A1268920501D4CA02DA
S3150803A77002608160C02141605C480068C00407D458
S3150803A780FFF76CFE8021C902BB4A1160FFF76FFE13
S3150803A79001BDF8B5554804685C4D80270226344246
S3150803A7A00AD092480068E021C900014004D02F600E
S3150803A7B00420686101206861FFF750FED021C903B0
S3150803A7C0214007D18A490968314003D189490122C1
S3150803A7D04A600E60210507D52F6004216961C249C5
S3150803A7E00D220A600F220A60FFF741FEF1BD80B50C
S3150803A7F0FFF734FE0121804A1160804A0223136061
S3150803A80051600021B94A1160FFF731FE01BD904836
S3150803A8100068C007FBD4B648042141618021016062
S3150803A82070478C4908680122104200D1704710B559
S3150803A830E023DB000340FF24A41CA34207D3AD4B4C
S3150803A8409C6BA40602D41B68DB0600D54868024045
S3150803A85001D000F001F910BDA82102A8A81102A889
S3150803A860AC0102A8F8B5C821844A11600621844AB6
S3150803A870116080214903834A1160834C8909216049
S3150803A88082490A684B691C251D40102D01D10123F5
S3150803A89000E0002305000720824313430B60286862
S3150803A8A08E490F68874200D30700C01B2860012121
S3150803A8B0280000F08AFB06002868C0192860FFF7FD
S3150803A8C068FF8D480168C90603D584208000E061C6
S3150803A8D007E0954908220068104001D00A6000E0A5
S3150803A8E04A603000F2BD0000EC0002A8500002A83E
S3150803A8F03850005AFFE3FFFF00FEFFFFAC2102A812
S3150803A900843E0000AC1102A8B00102A8841102A873
S3150803A910F1B58648864908608020C00185490860E4
S3150803A920854C0827A7650420A0650125834805608B
S3150803A9301D20A062824EE930B061072001F020FB9A
S3150803A9400220A06210216C4A13680B4003D0220030
S3150803A9507C4B23600AE00D2312683A4003D0320089
S3150803A9601032A56502E032001432A0651360764AF8
S3150803A9701268002A00D4B761744A3260C022D20032
S3150803A980734B1B68F824E4011C4001D1F26201E011
S3150803A9906A4B5A616F4A12682A4007D075666E4930
S3150803A9A00968890503D48102F16500E07163614989
S3150803A9B00A6C2A4008D0496BC90705D46749096850
S3150803A9C0084001D101F01CFB0020C043644908601C
S3150803A9D0584C606B054001D1FFF7DBFE009801F088
S3150803A9E0BDFA606B8001FCD4F1BD0000980102A892
S3150803A9F000400C5000500C50982102A800600C50DF
S3150803AA00F8B54C4F786BC00701D4FFF7F0FE4B4CF3
S3150803AA10B72040002060534D03262E634B48A86693
S3150803AA200020E061504908600D2033490968090789
S3150803AA3001D5A86700E0E867FFF78EFE1020E061FE
S3150803AA402E600C202863802000023860F1BD0000C8
S3150803AA509C0102A8883F0000F0210901434A1160BE
S3150803AA600140434801602020424908604249096879
S3150803AA7008404249086070473860005A548001A864
S3150803AA800C9001A8982002A8A41002A8740102A891
S3150803AA9080B53B483B4982680A4002D1C2681140E7
S3150803AAA001D02249016026480821374A13680B401A
S3150803AAB000D081611178C90602D586210901016092
S3150803AAC0FFF7AFFE1420FE2189010860BA48016822
S3150803AAD0490701D0FF21416101BD00009C3F0000E9
S3150803AAE0124813490860704700100C5000000C50B8
S3150803AAF0842102A80C0002A8FC0302A823480068C4
S3150803AB0023490968890F89070CD0AC490968C9071D
S3150803AB1008D5AB49802292030A60B64B1A601040E7
S3150803AB2000D00A6070470000601102A801200000E7
S3150803AB30706201A8100002A8C01002A8682102A822
S3150803AB40501102A8FF03000028C000A8043E000015
S3150803AB50A88001A8EC0002A8B00102A8843E000060
S3150803AB60B46000A8E82002A8C00002A8586001A89B
S3150803AB70585001A8482002A8184001A8481002A85E
S3150803AB80704201A800800080F84F00004C4001A8DD
S3150803AB904C4201A8F0B587B005000C00964800683A
S3150803ABA0400102D5200040240443944800680590D8
S3150803ABB09348C66AFFF752FC0690B00503D5914839
S3150803ABC00068FFF7BDFA0020019001237006C00F45
S3150803ABD002908D4A916800209060B82040008B4E01
S3150803ABE030606608B82030401278F0261640402EAA
S3150803ABF002D10200402010430D2D02D10A00042180
S3150803AC0011434A0704D50200142010431022944323
S3150803AC107F4A12686D462B70D20506D580225200EC
S3150803AC207C4B1A60020001201043029A002A11D1B4
S3150803AC300C220240082A0DD00200714B9B6BDD06DD
S3150803AC4001D41025AA439B0601D420239A43B12392
S3150803AC5013404FD06A461278002A4ED0A54A956B00
S3150803AC60966D01236D076D0FAD1DAB40F504ED0C15
S3150803AC705B1B9BB2082B09D280200623604D2B60F1
S3150803AC8043029D4D2B6000236D462B7081230340A1
S3150803AC9036D00823029D002D00D113620D0008212A
S3150803ACA0294310239C4304231D05984E3560DD0470
S3150803ACB0434E35606D462D78002D1ED0062B24D3C2
S3150803ACC04D4DEE6CF60620D5914E3668360E019636
S3150803ACD06D69ADB28E4EF66B360603D02E0080250F
S3150803ACE06D01354315612D121561494A1268D5055B
S3150803ACF092D40AE008227F4B1A620491009031E04D
S3150803AD0030A34506ED0E5B5DD4E7049100903C48FD
S3150803AD10026B7F490968774D2E686F463E81282660
S3150803AD2016401E43930CDB0133431600120E3240C2
S3150803AD30102632401A43890040231940114302AAB8
S3150803AD409170406B000A02A9C870FFF7DFF902A9E0
S3150803AD500871019848716F480068C8800298E866C8
S3150803AD600398E8660698FFF782FB600602D5082073
S3150803AD70664988600498C1B20098C0B2FFF763FABF
S3150803AD80FFF7BCFEBC20800061490A6E824207D1E8
S3150803AD90059AD20301D4086E0BE05F4A5F4B1A602B
S3150803ADA0096E814205D10598C00302D55C4800683F
S3150803ADB08047200007B0F0BD0C4000A8384301A81F
S3150803ADC04C5001A8030107060301070605010606F9
S3150803ADD00501060603020706030207060502060619
S3150803ADE005020606081A03D24E4909684018401C8C
S3150803ADF0704700004C6001A8084000A8D03E000038
S3150803AE00180002A81CC000A8783F0000B46000A878
S3150803AE101C0100AA1C2100AAF8B5434E0F240125DC
S3150803AE2042491027B06B38401BD0012008704048B0
S3150803AE30006840490968FFF7D5FF3F490968401884
S3150803AE4001284BDB01F09EF93C490968090B0C40C4
S3150803AE50022C41D1A9053A4A11603A490F64356073
S3150803AE603AE0306CC0001ED537480068E0218905F2
S3150803AE70014033D0314D28682103014078028142CD
S3150803AE802CD1FFF7EBFA314A31490968C90502D5CE
S3150803AE903049096811602968090B21400229F3D052
S3150803AEA0FFF7E5FAF1BD2C4E3068002816D00D7071
S3150803AEB001F054F8002811D101F064F91F49096813
S3150803AEC0090B0C40022C07D129041D4A11600221E3
S3150803AED01C4A11600021316001F058F9F1BD802048
S3150803AEE080041E4908607047802040041B49086097
S3150803AEF070470000540000AA141100AA18480168F4
S3150803AF00490701D0FF21416170470000441002A898
S3150803AF10184001A8448001A808000400482002A894
S3150803AF208C3C000038C001A8100002A8B63E0000F9
S3150803AF301CC101A820C001A8F03E0000B00002A869
S3150803AF401C1002A8082002A84C4001A8800000AAE9
S3150803AF50084000A8904000A89C3E00003C2002A898
S3150803AF600C4000A8F0B58020000208217B4A116036
S3150803AF700A227B4B01210124944004438AA5AD5C34
S3150803AF8025431D60F025774E3560744D89A6B65C5A
S3150803AF90022737432F6004262E60734D2D680D4014
S3150803AFA001D00220F0BD1D6C2D03FCD41D6C5E6C14
S3150803AFB06D036D0BAE4200D22000521EDBD508226C
S3150803AFC0684C226018600020F0BDF3B581B0060016
S3150803AFD0FFF70DFC654800680090654800686349FB
S3150803AFE00860644D3068296847180024012F12DB6E
S3150803AFF000F04FFDC001381A01280CDBFFF707FCE8
S3150803B00000F081F830682968401800F0A7FF0500AA
S3150803B01001D0346072E0584F8026B6003E60574828
S3150803B020006F07282CD005210840052806D0534869
S3150803B03001670C2000F0A4FF05005FD1504DFF20E7
S3150803B0407A3068620420A862FFF7E1FB02202860D1
S3150803B050E020C0044B494860300478600220386019
S3150803B060012000F08DFF6E62022000F089FF700058
S3150803B07068620820A862022000F082FF0220A86204
S3150803B0806846007A002805D03C480068C00701D501
S3150803B090FFF70BFB3C4EE02040003060042000F035
S3150803B0A06FFF050024D10220364908608002B0628A
S3150803B0B0C001B062354F102038600120F065402684
S3150803B0C033480068304003D1FFF74CFF05000FD122
S3150803B0D001203860FC67022000F052FF2D4C2660E1
S3150803B0E0B0002060022000F04BFF8120C002A0625E
S3150803B0F027480068800101D4FFF791F900981B4996
S3150803B10008602800FEBD70B5FFF771FBFFF77FFBEC
S3150803B11002241E480460204E0820B062C0017062F3
S3150803B120012000F02DFF2502756234600620B06207
S3150803B1301A487062E020400016490860114E3460D0
S3150803B140FFF776F916480078002800D00520154938
S3150803B1500860FFF776F9356070BD0000889001A88E
S3150803B1604C8001A888A001A8140002A8780102A8A7
S3150803B170F80302A8D03F0000981002A8EC0002A822
S3150803B1805C1102A8982002A82C9001A80C8001A89B
S3150803B190500002A82CA001A85C2102A8F9610000AE
S3150803B1A0703F00005C0102A80000000101020202D0
S3150803B1B008081000505050404030303030202000EE
S3150803B1C0F8B504000F00444DA878FF2801D12E884E
S3150803B1D00FE042480068800108D4FFF73FF9404969
S3150803B1E009684905CE0DFFF742F901E03D4806888F
S3150803B1F02E80E92E01D2E92604E0CC2040008642BF
S3150803B20000D9060020003978814200DA08000121B6
S3150803B2107A56010051430222BA5E89184143042033
S3150803B220385E08183049711848438015001901D546
S3150803B2300020F2BDE978814200DA0800F2BD38B58C
S3150803B2400400102029490860FFF7E1FAC020C0006E
S3150803B25027490968F822D2010A4001D1254900E0A5
S3150803B260254908602548C82181640A2101602448C4
S3150803B2708021490301608909C1602248016842693E
S3150803B280E0231340802B01D1012200E0002207238B
S3150803B29099430A4302601C480068C821C901451836
S3150803B2A02068854200D30500401B2060002120004A
S3150803B2B0FFF78BFE21684919216032BD8020000102
S3150803B2C01249086000031249086002201149086000
S3150803B2D01149086070470000F83F0000500002A8B3
S3150803B2E088400050843F0000D6FEFFFF984101A81E
S3150803B2F0AC8001A87C1102A87C2102A80C8001A8B5
S3150803B300981002A8740102A8983F0000441002A8E6
S3150803B310442002A8F41302A8685000A8F1B584B023
S3150803B320BD4800680190BD48C068C821C9014018D6
S3150803B3300499884204D2081A00F010FE002803D1A3
S3150803B3400124C94D6868204000D0BAE10420C749E2
S3150803B350C8628003C6498862C6480668A86B800720
S3150803B360800F00906704032803D01020BF49C862E2
S3150803B37022E008468762E96B890601D5012041E088
S3150803B380310610D5E96B89070DD4CF4905220A6022
S3150803B390EA6B10231A40022313430B6000220A6048
S3150803B3A0AA6B120A0A600421C162E86B002803D556
S3150803B3B0AE48876200200090A86B400704D5A86BA7
S3150803B3C0C0002102084003E094480068204201D0E7
S3150803B3D0FFF742FB264009D0BC480099890140186B
S3150803B3E0006AC004C00C401EB9490860C02080002A
S3150803B3F0B849486500990902B74A1160B54B98657B
S3150803B40051600020296C942292050A40160000D048
S3150803B41001263043000635D096483021405CC021CA
S3150803B4200140402902D1FFF7ECF801E0FFF7F6F8EF
S3150803B43020202860360600D143E1B54FA74EA86BF6
S3150803B44040070CD5A0038A49886240028749886267
S3150803B45034600220386000F03BFA00280BD0042041
S3150803B4608249C86240028249886200037F4988622A
S3150803B4700220306038607F480078000600D420E157
S3150803B480E0041CE16868204000D01AE17848C762E6
S3150803B490FEF7CEFF8E48406E296C090408D4C00611
S3150803B4A006D5FEF7DBFF02219A4A1160FEF7DFFF96
S3150803B4B0FEF7C7FF20032860974EC02000063063B7
S3150803B4C0200496490860A86B4007C10F68460170B7
S3150803B4D0FEF7C4FF92490C60FEF7C9FF914F9248E5
S3150803B4E0B861686B000206D59048801C0068E105C0
S3150803B4F05E4A916201E04948806C296CC90208D505
S3150803B500202806D976A1019A520700D4891DFFF788
S3150803B51057FE0100854A1070002809D041091F22E9
S3150803B5201040062904D940002043202800D31F20B1
S3150803B5304A01024348021043306001217C48C26F26
S3150803B5407C4B1343C36774668022F2620822734BEB
S3150803B5501A66019AD20603D5AA6B920603D403E0A8
S3150803B560019A120700D40021AB4A3A60FC223A61D9
S3150803B57000290BD039003C310291284A116DD36C4E
S3150803B580664DEB66526E2B46DA6709E039004031A1
S3150803B5900291224B996D614A5D6DD5669B6ED367A1
S3150803B5A00268FF239A4311430160A020C000306359
S3150803B5B0052000F0E5FC04250198284001D08020E9
S3150803B5C000E040200299086002203063062000F05C
S3150803B5D0D7FC08203063052000F0D2FC3463200230
S3150803B5E0B864042000F0CCFC64027460022000F006
S3150803B5F0C7FC842080003063022000F0C1FCFC6194
S3150803B600062000F0BDFC02988449401801990D40B4
S3150803B61006D0202105E000BFFC0302A88C3F0000EA
S3150803B62010210160062000F0ABFCB4640020C0437F
S3150803B6302849086000F02DFA7949401DC001CA68F7
S3150803B64086189E4F60017C6F04409D4A10609D4D8D
S3150803B6500498864211D2C968401A00F07FFC002874
S3150803B6600AD02C602DE000BF100002A81C2002A8F7
S3150803B6701C1002A8D03E0000049E012000F080FCA6
S3150803B6808020400025490860300000F067FC8E4E94
S3150803B69068460078002805D138687062802000045F
S3150803B6A08A4908602C6068460078002809D001207A
S3150803B6B000F066FC3078000603D5802000039B491A
S3150803B6C0086005B0F0BD00BFE40000AA0C0000AA9C
S3150803B6D0204000A8B46000A8085100A8F41302A8E3
S3150803B6E0C0350C109E8DAF1B3813460D80B5FEF77B
S3150803B6F0B5FE8F4900220A600A22CA61FEF7B7FE21
S3150803B7008C488321090401608B49416001BD00000F
S3150803B710685000A824E503503C1102A8B81002A8F3
S3150803B72000500C50242102A8FF0E0000FA3F000027
S3150803B730280102A8FF3FFF3F8048806B800300D49F
S3150803B7407047F8B57E4804687E4D0826E00629D575
S3150803B7507A48806B800627D4280048300090012059
S3150803B76000F00EFC0027784807607848066078489A
S3150803B7700068C00403D4774800683040FBD0022031
S3150803B78000F0FEFB842080006865022000F0F8FBC9
S3150803B790700171490860042000F0F2FB600706D5C2
S3150803B7A0202005E03442D7D128004C30D6E71020B4
S3150803B7B000990860FEF752FE0121684A1160FEF7F8
S3150803B7C056FE0220686500F0DBFB09206865C02089
S3150803B7D000066865022000F0D3FB00980F4940185D
S3150803B7E0610701D5802100E040210160A020C00047
S3150803B7F06865082000F0C4FBB001E8662E60E02007
S3150803B8002865574807604760B0024C49086000013D
S3150803B81054490860F1BD00003F3F000000F0FFFFF8
S3150803B8208C3F0000F8B5504800680D2707400424EC
S3150803B830002F00D104274D480225102608214C4A1B
S3150803B8404C4B1B682340126818D04260394005D018
S3150803B8500220FEF767FD6003474908603C4007D0AE
S3150803B8604648006806434548066028034249086077
S3150803B8700120434908604348056018E002603940DF
S3150803B88005D00220FEF74EFDA0023B4908603C4066
S3150803B89006D03A4801680E430660680236490860CE
S3150803B8A03748056037480560A8062E490860FFF73C
S3150803B8B043FF00210020FEF7C6FCF1BD20C001A806
S3150803B8C094E001A894D001A8D03E00001C1002A859
S3150803B8D010B580202C490A6802400AD02B4B1A68F7
S3150803B8E00624144005D15C6E294A22401B6D9C012F
S3150803B8F001D5002010BD096808400DD025488242AD
S3150803B90003D1180501D5012010BD23480068C107D6
S3150803B910C90F481E8041C00F10BD2048032101648A
S3150803B920A821C16310210160704700001C2002A8EA
S3150803B930D80000AA442002A804000080100002A828
S3150803B940FC0302A8182102A8B80002A8106001A8DF
S3150803B950D84001A8104001A86C1102A800600C5039
S3150803B960A00102A8482002A8B44000A8F83E000097
S3150803B9701CC101A8480002A8441002A8783F000089
S3150803B980F41302A8685000A8440002A814C001A82A
S3150803B9901F1F0000010C000030C101A8082002A8DF
S3150803B9A06C4800680121084209D16B4A12686B4B3F
S3150803B9B0000C1840F03291400B40984201D0022007
S3150803B9C0704700207047F8B507000F386A4610809D
S3150803B9D0604CE0680A0004D16B461B8882B29A421F
S3150803B9E03AD200226B461A80012502263A0013D062
S3150803B9F02268324007D000292ED059480088401CB7
S3150803BA005749088000203900216156490E6080B2E3
S3150803BA10B84201D369460D805348456000E030BFFC
S3150803BA202068304003D1FFF7BBFF0028F7D04D4805
S3150803BA304560390010D02168314005D048490A8845
S3150803BA406B461B88D2180A80066000202061E068CE
S3150803BA50B84201D244480660FFF7A2FFF2BD38B5E3
S3150803BA60050000F08FFB0400012199204543A8092E
S3150803BA703E4A12688018123880B2FFF7A4FF050001
S3150803BA808020C0013A490860200000F07FFB2800A7
S3150803BA9032BD334803883549096802889342F9D188
S3150803BAA0100408187047FEB51238070C6946088053
S3150803BAB000F068FB0190274C294D2888B8421ADA0A
S3150803BAC001202C490860274E30BF02202168014017
S3150803BAD006D030604003264908602888401C288021
S3150803BAE0FFF75EFF002802D12988B942ECDB012162
S3150803BAF0716000280DD12888B8420AD1E0686946E2
S3150803BB000988884205D2002168460088FFF75BFF4B
S3150803BB1001E0FFF745FF04008020C00114490860CF
S3150803BB20019800F033FB2000FEBD10B512490A68E0
S3150803BB300E4B1B680C689442FAD0DB014033141A87
S3150803BB4002D288692418641C0C4800684443181BED
S3150803BB5010BD0000280002A804ED00E0FF3F000026
S3150803BB60B43E0000282002A8281002A8340002A820
S3150803BB7080E200E02C1002A820C001A8A83F00001C
S3150803BB80F0B502E00A601C602E607EC84F1C07D021
S3150803BB905F1C04D06F1CF5D10A601C60F0BD0A60F7
S3150803BBA0F0BD000080B5FEF7BDFB012082490860A1
S3150803BBB001BD38B581490C68082581490D60FFF731
S3150803BBC0F1FF2C4001D07F48056031BD80B5EB20DD
S3150803BBD000F001F801BD30B5FE2189010B68184054
S3150803BBE01022134210D0784B784C2468224008D090
S3150803BBF0774A14682402FF252D0225401D63002475
S3150803BC001460802252031A60086030BDF3B5010040
S3150803BC1016001C00002500956E48019A330000277C
S3150803BC200BE0BC464F5D4743AE009E597E40575DC9
S3150803BC3047433740664637436D1CA542F1D3390956
S3150803BC4039438A080A43510811430840C109014385
S3150803BC500F208A0B0A4302405040F6BDF1B582B065
S3150803BC600E0000205A4908605B4DEF7AA87A0190C6
S3150803BC700F21394000910ED00B46584A584902986D
S3150803BC80FFF7C4FF019901405148016099484143B0
S3150803BC909948084001D1012400E04401380915D028
S3150803BCA032003B0929000298009E6D7A75194019DE
S3150803BCB0FFF7ACFF019909110140454802680B01DA
S3150803BCC013430360002901D0480044438B480068A6
S3150803BCD0204001D10420FEBD0020FEBD80B50A0028
S3150803BCE000211180864952888018FFF7B7FF02BDE5
S3150803BCF0F0B50F22834B5C7905780F202040C540A9
S3150803BD002009284001259C79C4402C4001D10320F1
S3150803BD10F0BD2E4C2468254008D07B4D9E6847000D
S3150803BD20F65B761E2E608026B601EE60DD78DE7938
S3150803BD30C640F00711D5E0060FD5002D0DD0734880
S3150803BD4048600888488008881C7800192A408018A3
S3150803BD505A7880182A09801800E0002008800020F5
S3150803BD60F0BD80B56A4801686A4A0820014200D0D6
S3150803BD709061C90602D58621090111606649674A99
S3150803BD801368034005D0664B1B689B0F9B0700D0BF
S3150803BD9008600E480078C023034002D1802040057E
S3150803BDA0086010682022104008605E480068C001D9
S3150803BDB001D4FFF70BFF01BD2C4000A84C4000A897
S3150803BDC04C6000A84C5000A81C1002A8D03E0000E6
S3150803BDD0A03E000001010101503F0000083F00009A
S3150803BDE0483F0000F8B5504B586F9E6F06404F48C2
S3150803BDF030404F4908604F4F022000210122340486
S3150803BE001FD500923C7E002C07D13C695C60FC6818
S3150803BE107D6964191C603A7606E0FC685C603C69D7
S3150803BE207D6964191C6039767B7E002B00D00091EE
S3150803BE307976009B002B04D004233F4C23603F4BA9
S3150803BE40186004053E4DF3022BD53B681F0605D53E
S3150803BE503C490968A9602A70A88016E0134203D0F2
S3150803BE603948A860AA8010E0D80610D52748A860E4
S3150803BE70364A907803071B0F12789A180009101888
S3150803BE80A880E980A888002809D0264309E058062F
S3150803BE9004D5281D2E4909688847F3E7A980FFF7C3
S3150803BEA095FE264024D0224E74603460294FA88814
S3150803BEB000280BD03968814208D3291D2648AA6869
S3150803BEC090470100F3D0FFF76DFEF1BD01000CD0DA
S3150803BED0FC218902F161194902038A6634600C65FB
S3150803BEE03A68824204D3CC64F1BDEB20FFF773FEB4
S3150803BEF0F1BD00001111000021840000043F000079
S3150803BF00283F0000583F0000204000A811210000E8
S3150803BF10F84F0000502102A8481002A8184001A8AB
S3150803BF204C4201A8D04000A8404000A8FFFFDFFF0D
S3150803BF30B46000A8D03E0000F41302A8685000A815
S3150803BF40A43E00009C3C000025210000593F000048
S3150803BF50983C0000D44000A8D84000A810B5C409EE
S3150803BF60FFF797FD201A312806DAC000183801D4DE
S3150803BF70C01EFDD5002010BD2000FFF794FD10BD9F
S3150803BF80C32148436F3801D41E38FDD500207047B6
S3150803BF9052480121017052490A6842604968816022
S3150803BFA05049E02252010A60802292004E4B1A60E1
S3150803BFB0FD224A604D49096801614D494D4A1160A0
S3150803BFC08121C9004C4A11604C490968C1600720A0
S3150803BFD04B49086002204B49086070473F4801787F
S3150803BFE000290CD00169414A116000210170C1681A
S3150803BFF0424A11603A4982684A6040680860704755
S3150803C000FEB5C020C00440490860404C40486065FE
S3150803C0104048A0651020FFF7B3FF00285CD1FF2036
S3150803C02000053D4908603D483D4908603D48206094
S3150803C03080256D03384805603B4807680820FFF7E5
S3150803C0409FFF002848D10826384806600120FFF7D5
S3150803C05097FF354880680190354806603548206063
S3150803C0602D4805600820FFF78BFF002834D12F4899
S3150803C07006600120FFF784FF2B4DA86800902C4823
S3150803C08006602D4820600199009800F05FF80004C7
S3150803C090FC26B60306400198C10B0098C00B00F0B6
S3150803C0A055F80106FC208005084030432349020C55
S3150803C0B04A40FF239B1CD2181140014321602F607D
S3150803C0C080200003144908601D481E4901601E4963
S3150803C0D04160FFF783FF0020FEBD0000883E000095
S3150803C0E0AC0102A8AC1102A8B02102A8F00002A86C
S3150803C0F0083E0000F02002A8F01002A8704001A82C
S3150803C100706001A8705001A820E000A84C0102A89D
S3150803C11057140000FF3FFF3FB42002A80000380E63
S3150803C120B41002A810103030104101A8105101A80C
S3150803C130106101A830301010202020203F3F000056
S3150803C140A02102A8F703F000FF3F000010B5490439
S3150803C150CA104004C310991A00209A18D30F9A18C4
S3150803C160521052188B115B0E5B18DB11D218202361
S3150803C170541A01D422001843CC0F611849105B08DE
S3150803C180F6D110BDEFF3108072B67047002800D1C0
S3150803C19062B6704780B5FEF7ABF9A5480068000399
S3150803C1A00CD4FEF79DFCFFF7C7FAFEF729FC01201E
S3150803C1B0FFF79CFAFEF7A7FFFFF710FF802080051D
S3150803C1C0FEF744F901BD80B5FEF792F980204002D7
S3150803C1D0FEF73CF901BDF8B5FEF72AF9844D0520AB
S3150803C1E06865FEF72EF9934806680124264201D1AD
S3150803C1F0FEF7FDFA6003C02189018F4A1268D2054A
S3150803C200D20D012A00D108008C4A11602860E00586
S3150803C2108B490860FEF76CF98A4801680091406803
S3150803C22089490860B005C70F884D00202860380083
S3150803C23004D031000098FDF7F9FE009028682040E5
S3150803C24005D16846FEF70EFB00280BD107E0002F41
S3150803C25005D07F480068204001D0FEF726FA0098EB
S3150803C260FEF756FB76480460022096490860C82004
S3150803C270C0049F4908606004FEF7E8F8F1BDF8B505
S3150803C2809C4F9B4C01259C489C4909680140814267
S3150803C2900FD19B48006828400BD09A4801689A48F2
S3150803C2A005606805E063B863014000D1E063974819
S3150803C2B00560974E306CC00506D5802000063060B1
S3150803C2C000BF00BF40083060FEF7E2FBFEF710F937
S3150803C2D0280320603860FDF7F0FC0400A848A94944
S3150803C2E00860A804FEF7B2F8002C01D0802030605D
S3150803C2F0A5480570F1BDF8B5FEF7FAF8FC27BF01A6
S3150803C30038780521014002D0FEF77BF901E0FEF7F4
S3150803C31085F97F4C012502263868304000D0256010
S3150803C3201020C043994908600020E06398490860D3
S3150803C330FEF77EF897480068216C090407D40007BE
S3150803C34005D5FEF78BF894490E60FEF790F8FEF7CD
S3150803C35078F8FFF706FD9148006805400CD0802061
S3150803C36000068F490968014006D08E4909680840C6
S3150803C37002D10D20FFF71DFCB004FEF767F8F1BDE7
S3150803C38080B5FEF7B5F82A480068000303D4FEF71C
S3150803C39037FBFEF7B8FE80204003FEF757F801BDCA
S3150803C3A038B5FEF7A5F85A4C2025FFF791FA002869
S3150803C3B006D0606B000704D5FFF7AFFAFEF77EFFDA
S3150803C3C02560FEF71DFBFEF79EFEFC208001007824
S3150803C3D00C210140042902D1FEF713F901E0FEF707
S3150803C3E01DF96804FEF732F84020206031BD0000CD
S3150803C3F0081102A880B5FEF71BF80520BE49086098
S3150803C400FEF71FF8FEF774F8FFF787FAFF20800197
S3150803C410006800906846FEF712FF002802D10098CC
S3150803C420FEF77CFF80204004FEF710F801BD0000EC
S3150803C4300C0002A8440002A83C8001A8082102A80F
S3150803C440442002A8AC3F00009C3E0000843E000046
S3150803C450EC0002A8F8B5FEF74BF8A84CA56A5020DD
S3150803C460284002D0FEF7CDF801E0FEF7D7F8284FAB
S3150803C470FFF72EFA00281BD1B86B40071DD4786B3B
S3150803C480E0214901014018D1A80611D4FDF7D0FFD0
S3150803C490A56A9B4E354207D0FF20C0432D18A562D7
S3150803C4A08020000597490860FDF7CBFF2E4002D090
S3150803C4B00120386001E00020206080208004FDF719
S3150803C4C0C5FFF1BD305201A880B5FEF711F8BE4885
S3150803C4D00068C00501D5FEF793FA0120FFF706F9B0
S3150803C4E0FEF711FE8020C004FDF7B0FF01BD000072
S3150803C4F0106001A8145001A840000800D03E0000AF
S3150803C500884101A84C4001A8405101A8406101A8EF
S3150803C510100002A810B5FC2080010468FDF7E8FFA7
S3150803C52079490968090326D40321C00601D52140A0
S3150803C53001E0A0080140012902D1FEF762F80BE0E9
S3150803C540200107D50E20FFF72DFBA0480421016023
S3150803C55008210160FEF762F89D4801699D4A11604A
S3150803C5600068002807D04000122802D2FFF708FD0A
S3150803C57001E0FFF774FA80208003FDF767FF10BD1B
S3150803C58070012000B46000A8B63E0000482002A847
S3150803C590A03E0000844000A824E50350404101A8BA
S3150803C5A0D44101A8304001A8F0B585B001276846F3
S3150803C5B0077000240394FDF79BFF0490524D2868E7
S3150803C5C000036FD40320A5490864A54800680290B0
S3150803C5D0A44EA5490007000F032804D002980004B7
S3150803C5E0000F06283AD1A14800684A6803922A6CC4
S3150803C5F0920701D589680391FFF797FA03994018BB
S3150803C60001D5019400E00190A86B0107C80F032127
S3150803C610326B0A40022A1BD1049AD20618D532680D
S3150803C620D30513D5EF6B924B1F409F4203D11021BD
S3150803C6308A4A11640CE092050AD42A6C282313400B
S3150803C64006D16B461C702F4A116001E06A461470C6
S3150803C650039068460778002F02D10EE00868019018
S3150803C660FFF736F9002808D0FFF757F9039800288B
S3150803C67002D0FEF723FE00E0002702207749086070
S3150803C680002F10D03020305C0C210140042902D041
S3150803C690E86BC00602D5FDF7B4FF01E0FDF7BEFF60
S3150803C6A02020686021E0FEF7ABF9802000061549D3
S3150803C6B008600020C0436F49086001A8FEF7BFFD64
S3150803C6C0002812D102980007000F03280AD1A86B85
S3150803C6D0800507D5A020400031680140814201D179
S3150803C6E0FDF788FC0198FEF719FE80200004FDF784
S3150803C6F0ADFE05B0F0BD00005C1102A8D83E0000EF
S3150803C70000FFFF00481002A80C0002A8FEB500248B
S3150803C7100194FDF7EDFE584EF06E584D0007000FD5
S3150803C720072807D17068002804D40020FEF7DEFF27
S3150803C730286841E0012103204A4A73685B070BD442
S3150803C7404F4B1B680B4007D01368DF050BD55B05FA
S3150803C75002D43368DB0503D40191116B890904E01C
S3150803C7601021484B1960116B0909084000900020F5
S3150803C770FEF7BCFF0098002805D17068C00602D4EE
S3150803C780FDF74CFF01E0FDF73CFF00200199002966
S3150803C79003D13D480068FFF7C8F96969401801D510
S3150803C7A0009400E000906846FEF75CF8002805D17F
S3150803C7B00098FEF7ADF8A8690649086080200005C9
S3150803C7C0FDF744FEF7BD0000680102A880E200E019
S3150803C7D0A03F00009C3E0000F8B5FDF789FE002443
S3150803C7E000252A48466B80277F05300606D530077D
S3150803C7F009D5FFF792F8FEF761FD2AE001252048DF
S3150803C8000068284019D00020FEF770FF0220064072
S3150803C81002D01F490C60C8611E480468002D03D066
S3150803C8202000FDF7A1FC0400FFF777F82000FEF7C8
S3150803C83075FD3800FDF70AFEF1BDFC20800100787E
S3150803C840C0210140402902D1FDF7DBFE01E0FDF7D7
S3150803C850E5FE20200D490860EBE70000082002A842
S3150803C860B00002A8D03E0000B43F00000CC101A8E6
S3150803C87010000010B46000A8440002A8B03F0000EE
S3150803C880B44000A8481002A81CC101A8100002A8B9
S3150803C890180000AACC3F000000F03CF80248034900
S3150803C8A0486000F053F800BF812D00000000000027
S3150803C8B080B5EFF305800B2801D23A2100E0292140
S3150803C8C0FF221632002000F039FAFEE710B5C2003F
S3150803C8D018231340FF249C40E2438907090E994015
S3150803C8E0030004D46E489B089B00C01806E0A14BBE
S3150803C8F00007000F083880088000181803681A40D4
S3150803C9001143016010BD80B573225421002000F045
S3150803C91015FA01BD10B5FFF735FC624901220A6015
S3150803C920614B624C2360624C23600323614C236092
S3150803C930614C2360614B1A60614B1A60614A9F4BD5
S3150803C9401A6011228A63FFF721FC10BDFFF71AFC50
S3150803C95005000024012160B2FFF7B8FF641C0E2C02
S3150803C960F8D301210F20FFF7B1FF01211120FFF7AB
S3150803C970ADFF01211320FFF7A9FF01211720FFF7B8
S3150803C980A5FF03210120C043FFF7A0FF01211E20B5
S3150803C990FFF79CFF784879490860022078490860C0
S3150803C9A00120904908604704764C20693840FCD03A
S3150803C9B02068800101D4FDF722FD2800FFF7E6FB76
S3150803C9C0714D0AE000281BD0FDF748FD18E02069E1
S3150803C9D03840FCD03000FFF7D9FB206E0004000F67
S3150803C9E0022801D1FEF718FAFFF7CCFB0600FDF77C
S3150803C9F045FD00286878E5D0002801D1FDF737FD05
S3150803CA0001202978002906D177490968890601D4BE
S3150803CA105B49086030BF002129700221584A11601A
S3150803CA2070490860D3E77148016842680A4070484C
S3150803CA3010401E490860800703D5A9480188491C88
S3150803CA4001807047F8B56B48016840680840070ECF
S3150803CA503F066948046880256D02F8010DD56748C5
S3150803CA600068BC218900884204D12C4202D064485C
S3150803CA7000688047022063490860634E68020742DC
S3150803CA800BD070605D480068BC218900884204D1D8
S3150803CA90254002D0A548006880473760F1BD0000ED
S3150803CAA000E400E0040002A80000FF3F282002A8D3
S3150803CAB02C1002A840E002A844C002A804C001A89A
S3150803CAC0044001A820006006F8B5864C206865680E
S3150803CAD00540974805608026F6054C4AB00C9549EB
S3150803CAE00B68002B10D105420ED0934B5F68FF07E6
S3150803CAF00AD51B68DB0007D580231B06136000BF16
S3150803CB0000BF16608A4B18609B4F3B78062B0FDADB
S3150803CB1008688C218901014329401BD0FFF732FBA2
S3150803CB2000902800FDF76CF90098FFF72FFB11E03A
S3150803CB300B68526B92050DD5C822D2041A432A40B4
S3150803CB4005D0FDF7DBFF2800FDF75AF902E0AA0234
S3150803CB5000D5086089480068064009D0A80607D5A5
S3150803CB60A068000704D53878072801D1FDF72AFA03
S3150803CB70F1BD00001CED00E0FFFF9B4000E100E073
S3150803CB80602002A8500002A8B63E000010B57C48F3
S3150803CB90016844680C407B48046080210C4205D038
S3150803CBA04160794801600020FDF72AF9600403D53E
S3150803CBB0802040057549086010BD0000145001A87F
S3150803CBC038B57348016844680C40E00707D5FFF792
S3150803CBD0D9FA0500FDF7AEF92800FFF7D7FA6D482D
S3150803CBE0046031BD601002A8F40302A8280002A855
S3150803CBF0FFFF00C0B44000A8D03E0000784001A85B
S3150803CC00903C00002C4000A8B46000A8100002A8BD
S3150803CC10FEB5614C206C676C074001252F4216D080
S3150803CC202E065E48066020685D490D60002802D01E
S3150803CC300021FDF7A3FB5B480068A021C9018842D0
S3150803CC408041C043C00F5849487058480660FDF7ED
S3150803CC5005FC0190022007403ED06168CEB20F0A58
S3150803CC6053490822474B4403012E24D0022E31D1BF
S3150803CC70012F22D14F4EF67800964E4E377801266D
S3150803CC80BE404D4F3E604B4E3678760590277F045F
S3150803CC90F71903263E43494F3E601C60484B1C6008
S3150803CCA00B68009C1B194B65424909788D40454919
S3150803CCB00D6045490DE00090DFE7002F0AD1434E8A
S3150803CCC0356000254D655C601C60C104404B1960E6
S3150803CCD040490A60324908600198FDF7C8FBF7BD69
S3150803CCE0B43E0000104001A870B5FDF7B7FB040079
S3150803CCF0FFF748FA31490A68D20710D52C4A566D08
S3150803CD001368FB25AD012E60CE686E604968E9811C
S3150803CD108021C904214E3160297B59185165FFF7D3
S3150803CD2035FA2000FDF7A3FB70BD0000943C000014
S3150803CD30106001A8B03E0000344301A8002800D0C3
S3150803CD40704770B50C00FDF789FB0500FFF71AFA63
S3150803CD500600FDF79DFB2048046001211F4A116068
S3150803CD60026C0A40FCD1FDF798FB3000FFF70EFA78
S3150803CD702800FDF77CFB70BD7C3E00004C4201A8F1
S3150803CD8090C001A890E001A80CC001A804ED00E03A
S3150803CD90C0C000A8C0E000A800C002A8441002A8AA
S3150803CDA040E002A8404000A8B63E0000442002A87E
S3150803CDB018800A50C93E000068A00A5060C101A83D
S3150803CDC094D001A868900A50F42302A860E101A848
S3150803CDD080E200E0F41302A800800950409009504D
S3150803CDE0D0E9030800000000D0CE030804000000C1
S3150803CDF000000000C0175302D0E903080000000032
S3150803CE0060CF03080400000000000000C0175302A7
S3150803CE10D0E9030800000000F0CF03080200000071
S3150803CE2000000000C0175302D0E903080000000001
S3150803CE3038D003080400000000000000C01753029E
S3150803CE40D0E9030800000000C8D003080200000068
S3150803CE5000000000C0175302D0E9030800000000D1
S3150803CE6010D103080400000000000000C017530295
S3150803CE70D0E9030800000000A0D10308040000005D
S3150803CE8000000000C0175302D0E9030800000000A1
S3150803CE9030D203080400000000000000C017530244
S3150803CEA0D0E9030800000000C0D20308040000000C
S3150803CEB000000000C0175302D0E903080000000071
S3150803CEC050D303080400000000000000C0175302F3
S3150803CED0E0D3030800045C360000000000000000ED
S3150803CEE00000FF7FD4A700200000000064EE0308BB
S3150803CEF000000000E0D3030800045C3600000000CD
S3150803CF00000001000100FF7FD4A7002000000000F5
S3150803CF1064EE030800000000E0D3030800045C364F
S3150803CF2000000000000002000200FF7FD4A70020D3
S3150803CF300000000064EE030800000000E0D30308C5
S3150803CF4000045C3600000000000003000300FF7FB6
S3150803CF50D4A700200000000064EE030800000000C8
S3150803CF603CD60308801525360000000000000000A3
S3150803CF700000FF7FDCA700200000000064EE030822
S3150803CF80000000003CD60308801525360000000083
S3150803CF90000001000100FF7FDCA70020000000005D
S3150803CFA064EE0308000000003CD603088015253606
S3150803CFB000000000000002000200FF7FDCA700203B
S3150803CFC00000000064EE0308000000003CD60308D6
S3150803CFD08015253600000000000003000300FF7FCC
S3150803CFE0DCA700200000000064EE03080000000030
S3150803CFF098D80308000D99360000000000000000C9
S3150803D0000000FF7FE4A700200000000064EE030889
S3150803D0100000000098D80308000D993600000000A8
S3150803D020000001000100FF7FE4A7002000000000C4
S3150803D03064EE030800000000F4DA0308000D9936CD
S3150803D04000000000000000000000FF7FECA700209E
S3150803D0500000000064EE030800000000F4DA030889
S3150803D060000D993600000000000001000100FF7F53
S3150803D070ECA700200000000064EE0308000000008F
S3150803D080F4DA0308000D99360000000000000200D8
S3150803D0900200FF7FECA700200000000064EE0308EF
S3150803D0A000000000F4DA0308000D993600000000BA
S3150803D0B0000003000300FF7FECA700200000000028
S3150803D0C064EE03080000000050DD0308000D9936DE
S3150803D0D000000000000000000000FF7FF4A7002006
S3150803D0E00000000064EE03080000000050DD03089A
S3150803D0F0000D993600000000000001000100FF7FC3
S3150803D100F4A700200000000064EE030800000000F6
S3150803D110ACDF030800045C360000000000000000D2
S3150803D1200000FF7FFCA700200000000064EE030850
S3150803D13000000000ACDF030800045C3600000000B2
S3150803D140000001000100FF7FFCA70020000000008B
S3150803D15064EE030800000000ACDF030800045C3635
S3150803D16000000000000002000200FF7FFCA7002069
S3150803D1700000000064EE030800000000ACDF0308AB
S3150803D18000045C3600000000000003000300FF7F74
S3150803D190FCA700200000000064EE0308000000005E
S3150803D1A008E20308000D993600000000000000009D
S3150803D1B00000FF7F04A800200000000064EE0308B7
S3150803D1C00000000008E20308000D9936000000007D
S3150803D1D0000001000100FF7F04A8002000000000F2
S3150803D1E064EE03080000000008E20308000D993600
S3150803D1F000000000000002000200FF7F04A80020D0
S3150803D2000000000064EE03080000000008E20308BB
S3150803D210000D993600000000000003000300FF7F9D
S3150803D22004A800200000000064EE030800000000C4
S3150803D23064E40308A063253600000000000000002C
S3150803D2400000FF7F0CA800200200000064EE03081C
S3150803D2500000000064E40308A0632536000000000C
S3150803D260000001000100FF7F0CA800200200000057
S3150803D27064EE03080000000064E40308A06325368F
S3150803D28000000000000002000200FF7F0CA8002037
S3150803D2900200000064EE03080000000064E40308CB
S3150803D2A0A063253600000000000003000300FF7F8B
S3150803D2B00CA800200200000064EE0308000000002A
S3150803D2C018E50308A06325360000000000000000E7
S3150803D2D00000FF7F14A800200300000064EE030883
S3150803D2E00000000018E50308A063253600000000C7
S3150803D2F0000001000100FF7F14A8002003000000BE
S3150803D30064EE03080000000018E50308A063253649
S3150803D31000000000000002000200FF7F14A800209E
S3150803D3200300000064EE03080000000018E5030884
S3150803D330A063253600000000000003000300FF7FFA
S3150803D34014A800200300000064EE03080000000090
S3150803D35074E7030880152536000000000000000066
S3150803D3600000FF7F1CA800200100000064EE0308EC
S3150803D3700000000074E70308801525360000000046
S3150803D380000001000100FF7F1CA800200100000027
S3150803D39064EE03080000000074E7030880152536C9
S3150803D3A000000000000002000200FF7F1CA8002006
S3150803D3B00100000064EE03080000000074E7030898
S3150803D3C08015253600000000000003000300FF7FD8
S3150803D3D01CA800200100000064EE030800000000FA
S3150803D3E0FC4F010314ED03080C400200000F000074
S3150803D3F00040000020400200070000000000000073
S3150803D400484001000007000008410400FF400000EF
S3150803D41000000000FF4100000000000020C00110CA
S3150803D42000F8070020C00130FE0328003CC00100B5
S3150803D4300000000058C004001C001AE6540000004F
S3150803D4400A1518191A0000006CC00100E00F000045
S3150803D45008000101A407000018000101B8F0000044
S3150803D460200001010884000040400101000000007B
S3150803D4704C40040120F913040700620038700000C9
S3150803D4800000000060400F010068010F40B8244007
S3150803D4905505E0004108000002000000B00710002F
S3150803D4A05E00000000000000236300009278DDC8D8
S3150803D4B018000F0000800060BE0A0000010110304A
S3150803D4C050707F7F1C4102010000E08C590B00005D
S3150803D4D03841070190200AF0204C52000000000052
S3150803D4E0B756351200000050803B000000000000CC
S3150803D4F05C410101001E00006C41060100140CC0CA
S3150803D50016212A32383E454B5050436587A9CB0C22
S3150803D51028AA00C5884104011721286414171A008C
S3150803D5202004C8AAA1201A09A8410101290000005C
S3150803D530B441010100002000D041030100000000AE
S3150803D540D000000000000200E4410F011DACF10EFB
S3150803D55074390C00B080760089DCB300933C640010
S3150803D560C689C7048F1A651D1DACF10E74390C00E4
S3150803D570B080760089DCB300933C6400C689C7048F
S3150803D5808F1A651D00000000244202014C000000AA
S3150803D5901D23CDF330420201010080024002400000
S3150803D5A04C42010108000004304304010000000056
S3150803D5B000000000000000000000000044430A01C8
S3150803D5C0000000000000000000000000000000004A
S3150803D5D00000000000000000000000380000000002
S3150803D5E0000000000000FF5838800101466E100055
S3150803D5F0A4800101D8800100AC800111F601000066
S3150803D600AC800131011A5100B480010137000001D1
S3150803D6106C010102002001007401010269811B0CDF
S3150803D620800101127907000080010132020000001F
S3150803D6308801010250000000FFFFFFFFFC4F0103B2
S3150803D64010EE03080C400200000000000040000032
S3150803D65020400200070000000000000048400100C7
S3150803D6600407000008410400FF4000000000000012
S3150803D670FF4100000000000020C0011000F8070069
S3150803D68020C00130FE0128003CC001000000000054
S3150803D69058C004001C001AE6540000000A1518199D
S3150803D6A01A0000006CC00100000500000800010113
S3150803D6B0A007000018000101FF0000002000010177
S3150803D6C080000000404001010000F0304C40040196
S3150803D6D0020000042DC082000032002000D00B0097
S3150803D6E060400F0100000020000000001176F800DA
S3150803D6F0410800004800040012004D00EA03000038
S3150803D70000000000090600000000000075030A0077
S3150803D7100080086200000000000003173E525454BC
S3150803D7201C4102010050558C0000000038410701D6
S3150803D730BC200AF018B9510067329940FFFF3FA889
S3150803D74099FF71B18B3B4000C00300805C41010126
S3150803D750FFFD00006C4106010000004000000000C8
S3150803D76000000000000000000000000000000000A8
S3150803D77088410401000000000000000000000000CA
S3150803D78000000000A841010100000000B4410101A6
S3150803D7908CD02BC0D0410301AAAAAAAADA80168084
S3150803D7A005000200E4410F0129AC51042F1F2E0086
S3150803D7B0E8BD0500E5D32D005E7CB10D0CBCCE0398
S3150803D7C02C267C301E90810C0C490600A8DF6D00C0
S3150803D7D0C00BB100183DA500E80A0205271BD71D93
S3150803D7E00000008024420201A80000800000000017
S3150803D7F030420201010048009E0018004C42010114
S3150803D800080004143043040100000000000000006F
S3150803D810000000000000000044430A010000000065
S3150803D82000000000000000000000000000000000E7
S3150803D830000000000000003800000000000000009F
S3150803D8400000FF5838800101466E1000A4800101CC
S3150803D85070B80300AC800111F6010000AC800131F9
S3150803D86001420101B4800101000300026C010102B7
S3150803D87000200600740101026901100C80010112DF
S3150803D88079070000800101320600000088010102C1
S3150803D89090000000FFFFFFFFFC4F0103C0EC0308E5
S3150803D8A00C40020000000000004000002040020077
S3150803D8B007000000000000004840010004070000BC
S3150803D8C008410400FF40000000000000FF4100007B
S3150803D8D00000000020C0011000F8070020C0013036
S3150803D8E0FE0128003CC001000000000058C00400E7
S3150803D8F0270024E6750000000A1D212324000000E2
S3150803D9006CC001000000000008000101A407000024
S3150803D91018000101B8F00000200001010884000086
S3150803D92040400101000090114C400401020000042C
S3150803D9300FC082000002002000D00B0060400F01D8
S3150803D9400000000000000000FD2FFC00410C000051
S3150803D9504000000012001C00AA0F0000000000008F
S3150803D9600A06000000000000920308000080036214
S3150803D970000000000206102134444E521C410201E5
S3150803D9800080208C0000000038410701BC200AF003
S3150803D990F0C45E002979AF40FFFF0FAAAF4339B23F
S3150803D9A0893B4000C00300805C410101FFFD000084
S3150803D9B06C41060100000040000000000000000062
S3150803D9C00000000000000000000000008841040178
S3150803D9D00000000000000000000000000000000036
S3150803D9E0A841010100000000B44101012C952FC094
S3150803D9F0D0410301AAAAAAAAD20032800700560078
S3150803DA00E4410F01E2CFDD2C7EB63A006009190026
S3150803DA105122E2004CB9510E3982A904D8229B2916
S3150803DA201E90810C0C490600A8DF6D00C00BB100DF
S3150803DA30183DA500E80A0205271BD71D000000802C
S3150803DA40244202015800000000000000304202018F
S3150803DA5001005000400020004C4201010800060462
S3150803DA60304304010000000000000000000000002D
S3150803DA700000000044430A01000000000000000003
S3150803DA800000000000000000000000000000000085
S3150803DA900000003800000000000000000000FF58E6
S3150803DAA038800101C44E0000A480010170B8030048
S3150803DAB0AC800111F6010000AC800131014201017D
S3150803DAC0B4800101000300026C0101020020060074
S3150803DAD0740101026901100C800101127907000023
S3150803DAE0800101320600000088010102900000004F
S3150803DAF0FFFFFFFFFC4F010368ED03080C4002001C
S3150803DB00000000000040000020400200070000005B
S3150803DB100000000048400100040700000841040013
S3150803DB20FF40000000000000FF4100000000000065
S3150803DB3020C0011000F8070020C00130FE012800AC
S3150803DB403CC001000000000058C00400270024E67A
S3150803DB50750000000A1D2123240000006CC0010083
S3150803DB600000000008000101A407000018000101D5
S3150803DB70B8F00000200001010884000040400101BC
S3150803DB80000090114C400401020000040FC08200FB
S3150803DB900002002000D00B0060400F0100000000C7
S3150803DBA000000000FD2FFC00410C000040000000AF
S3150803DBB012001C00AA0F0000000000000A0600005D
S3150803DBC000000000920308000080036200000000C2
S3150803DBD00206102134444E521C4102010080208C57
S3150803DBE00000000038410701BC200AF0103B510031
S3150803DBF02979AF40FFFF0FAAAF4339B2893B4000EB
S3150803DC00C00300805C410101FFFD00006C41060171
S3150803DC1000000040000000000000000000000000B3
S3150803DC200000000000000000884104010000000015
S3150803DC30000000000000000000000000A8410101E8
S3150803DC4000000000B44101012C952FC0D041030107
S3150803DC50AAAAAAAAD200328007005600E4410F01F5
S3150803DC60E2CFDD2C7EB63A00600919005122E200A4
S3150803DC704CB9510E3982A904D8229B291E90810CCE
S3150803DC800C490600A8DF6D00C00BB100183DA500BE
S3150803DC90E80A0205271BD71D00000080244202015B
S3150803DCA05800000000000000304202010100500045
S3150803DCB0400020004C4201010800060430430401D9
S3150803DCC00000000000000000000000000000000043
S3150803DCD044430A01000000000000000000000000A1
S3150803DCE000000000000000000000000000000038EB
S3150803DCF000000000000000000000FF583880010102
S3150803DD00C44E1000A480010170B80300AC80011151
S3150803DD10F6010000AC80013101420101B480010122
S3150803DD20000300026C0101020020060074010102CF
S3150803DD306901100C80010112790700008001013284
S3150803DD40060000008801010290000000FFFFFFFFA4
S3150803DD50FC4F0103C0EC03080C400200018F1900B5
S3150803DD60B140000020400200000000000700000048
S3150803DD7048400100A40700000841040007480000C2
S3150803DD80FF4C000007490000FF4D000020C00110AA
S3150803DD9000F8070020C00130FE0128003CC001003E
S3150803DDA00000000058C00400270024E675000000A0
S3150803DDB00A1D2123240000006CC001000000000096
S3150803DDC008000101A407000018000101B8F00000CB
S3150803DDD02000010108840000404001010000901161
S3150803DDE04C400401020000040FC082000002002018
S3150803DDF000D00B0060400F01000000000000000087
S3150803DE00FD2FFC00410C00004000000012009C009E
S3150803DE10AA0F0000000000000A0600000000000028
S3150803DE209203080000800362000000000206102126
S3150803DE3034444E521C4102010080208C000000002D
S3150803DE4038410701BC200AF0F0C45E002979AF40C7
S3150803DE50FFFF0FAAAF4339B2893B4000C0030080D6
S3150803DE605C410101FFFD00006C4106010000004012
S3150803DE700000000000000000000000000000000091
S3150803DE8000000000884104010000000000000000B3
S3150803DE900000000000000000A84101010000000086
S3150803DEA0B44101012C952FC0D0410301AAAAAAAAFD
S3150803DEB0D200328007005600E4410F01E2CFDD2C81
S3150803DEC07EB63A00600919005122E2004CB9510E98
S3150803DED03982A904D8229B291E90810C0C49060075
S3150803DEE0A8DF6D00C00BB100183DA500E80A0205BE
S3150803DEF0271BD71D000000802442020150010000A1
S3150803DF000000000030420201010019004001200010
S3150803DF104C420101080006043043040100000000D6
S3150803DF2000000000000000000000000044430A014E
S3150803DF3000000000000000000000000000000000D0
S3150803DF400000000000000000000000380000000088
S3150803DF50000000000000FF5838800101C44E00008D
S3150803DF60A480010170B80300AC800111F60100001A
S3150803DF70AC80013101420101B480010100030002B2
S3150803DF806C01010200200600740101026901100CEC
S3150803DF9080010112790700008001013206000000A2
S3150803DFA08801010290000000FFFFFFFFFC4F0103F9
S3150803DFB014ED03080C400200018F1900BF4000004E
S3150803DFC0204002000000000007000000484001004E
S3150803DFD0A00700000841040007480000FF4C0000A2
S3150803DFE007490000FF4D000020C0011000F8070094
S3150803DFF020C00130FE0328003CC0010000000000D9
S3150803E00058C004001C001AE6540000000A15181923
S3150803E0101A0000006CC00100E00F000008000101AF
S3150803E020A407000018000101B8F000002000010150
S3150803E0300884000040400101000000004C40040130
S3150803E04020F913040700620038700000000000007E
S3150803E05060400F010068010F40B824405505E000F1
S3150803E0604108000002000000B00750005E000000EF
S3150803E07000000000236300009278DDC818000F0033
S3150803E08000800060BE0A00000101103050707F7FD7
S3150803E0901C4102010000E08C590B000038410701BE
S3150803E0A090200AF0204C520000000000B7563512A3
S3150803E0B000000050803B0000000000005C410101A5
S3150803E0C0001E00006C41060100140CC016212A32FA
S3150803E0D0383E454B5050436587A9CB0C28AA00C543
S3150803E0E0884104011721286414171A002004C8AAB2
S3150803E0F0A1201A09A841010129000000B441010120
S3150803E10000002000D041030100000000D0000000F9
S3150803E11000000200E4410F011DACF10E74390C0036
S3150803E120B080760089DCB300933C6400C689C704D3
S3150803E1308F1A651D1DACF10E74390C00B08076007C
S3150803E14089DCB300933C6400C689C7048F1A651D2E
S3150803E15000000000244202014C0100001D23CDF3F8
S3150803E160304202010100C800000A80004C42010146
S3150803E170080000043043040100000000000000000A
S3150803E180000000000000000044430A0100000000EC
S3150803E190000000000000000000000000000000006E
S3150803E1A00000000000000038000000000000000026
S3150803E1B00000FF5838800101466E1000A480010153
S3150803E1C0D8800100AC800111F6010000AC80013152
S3150803E1D0011A5100B4800101370000016C010102E4
S3150803E1E0002001007401010269811B0C80010112E0
S3150803E1F0790700008001013202000000880101024C
S3150803E20050000000FFFFFFFFFC4F010368ED030802
S3150803E2100C400200018F1900B140000020400200A3
S3150803E220000000000700000048400100A4070000A2
S3150803E2300841040007480000FF4C00000749000096
S3150803E240FF4D000020C0011000F8070020C0013070
S3150803E250FE0128003CC001000000000058C004006D
S3150803E260270024E6750000000A1D21232400000068
S3150803E2706CC001000000000008000101A4070000AB
S3150803E28018000101B8F0000020000101088400000D
S3150803E29040400101000090114C40040102000004B3
S3150803E2A00FC082000002002000D00B0060400F015F
S3150803E2B00000000000000000FD2FFC00410C0000D8
S3150803E2C04000000012009C00AA0F00000000000096
S3150803E2D00A0600000000000092030800008003629B
S3150803E2E0000000000206102134444E521C4102016C
S3150803E2F00080208C0000000038410701BC200AF08A
S3150803E300103B51002979AF40FFFF0FAAAF4339B23B
S3150803E310893B4000C00300805C410101FFFD00000A
S3150803E3206C410601000000400000000000000000E8
S3150803E33000000000000000000000000088410401FE
S3150803E34000000000000000000000000000000000BC
S3150803E350A841010100000000B44101012C952FC01A
S3150803E360D0410301AAAAAAAAD200328007005600FE
S3150803E370E4410F01E2CFDD2C7EB63A0060091900AD
S3150803E3805122E2004CB9510E3982A904D8229B299D
S3150803E3901E90810C0C490600A8DF6D00C00BB10066
S3150803E3A0183DA500E80A0205271BD71D00000080B3
S3150803E3B0244202015001000000000000304202011D
S3150803E3C001001900400120004C420101080006041F
S3150803E3D030430401000000000000000000000000B4
S3150803E3E00000000044430A0100000000000000008A
S3150803E3F0000000000000000000000000000000000C
S3150803E4000000003800000000000000000000FF586C
S3150803E41038800101C44E1000A480010170B80300BE
S3150803E420AC800111F6010000AC8001310142010103
S3150803E430B4800101000300026C01010200200600FA
S3150803E440740101026901100C8001011279070000A9
S3150803E45080010132060000008801010290000000D5
S3150803E460FFFFFFFFFC4F0103BCED03081C4101013D
S3150803E47000505504384301010100F5964041010156
S3150803E4805E2E97403CC00100FC103F014C40020140
S3150803E490100000043FC0820068400201F47E800039
S3150803E4A0110B00007440040136002400666655AA61
S3150803E4B000000000090300008840010173030A00F5
S3150803E4C04841010197FF71B1B44101018CD02FC0B6
S3150803E4D0D4410101DA80168024420101AC0000C050
S3150803E4E0344201015802860030430201F5E3010074
S3150803E4F00A810F813C430101060CA4005C43030116
S3150803E5000B2028970000000000002000D0410101DD
S3150803E51033333333FFFFFFFFFC4F0103BCED03081F
S3150803E5200C400200018F1900B14000002040020090
S3150803E530000000000700000048400100A40700008F
S3150803E5400841040007480000FF4C00000749000083
S3150803E550FF4D000020C0011000F8070020C001305D
S3150803E560FE0128003CC00100FC103F0158C004000E
S3150803E5701C001AE6540000000A1518191A000000B0
S3150803E5806CC00100E004000008000101A0070000B8
S3150803E59018000101FF0000002000010180000000AF
S3150803E5A0404001010000F0304C4004011000000413
S3150803E5B03FC082000032002000D00B0060400F01EC
S3150803E5C00000000000000000F47E8000110B00002C
S3150803E5D04800040036002400666655AA00000000B9
S3150803E5E0090300000000000073030A0000800862A4
S3150803E5F000000000000003173E5254541C41020158
S3150803E600005055040000000038410701BC200AF0F9
S3150803E61018B951005E2E9740FFFF3FA897FF71B1C7
S3150803E6208B3B4000C00300805C410101FFFD0000F5
S3150803E6306C410601000000400000000000000000D5
S3150803E64000000000000000000000000088410401EB
S3150803E65000000000000000000000000000000000A9
S3150803E660A841010100000000B44101018CD02FC06C
S3150803E670D041030133333333DA80168005000200B1
S3150803E680E4410F0129AC51042F1F2E00E8BD0500F4
S3150803E690E5D32D005E7CB10D0CBCCE032C267C3055
S3150803E6A01E90810C0C490600A8DF6D00C00BB10053
S3150803E6B0183DA500E80A0205271BD71D00000080A0
S3150803E6C024420201AC0000C00000000030420201EF
S3150803E6D001004C00580286004C420101080004540C
S3150803E6E030430401F5E301000A810F810100F59621
S3150803E6F0060CA40044430A012300E0D255850040D2
S3150803E7000200008020000200780400001285879822
S3150803E7100B20289700000000000020005555FAA09A
S3150803E72038800101466E1000A480010170B8030009
S3150803E730AC800111F6010000AC80013101420101F0
S3150803E740B4800101000300026C01010200200600E7
S3150803E750740101026901100C800101127907000096
S3150803E76080010132060000008801010290000000C2
S3150803E770FFFFFFFFFC4F010310EE03080C400200E6
S3150803E780018F1900B140000020400200000000007C
S3150803E7900700000048400100A407000008410400E0
S3150803E7A007480000FF4C000007490000FF4D000022
S3150803E7B020C0011000F8070020C00130FE01280020
S3150803E7C03CC00100FC103F0058C004001C001AE6B8
S3150803E7D0540000000A1518191A0000006CC001003D
S3150803E7E0E004000008000101A00700001800010169
S3150803E7F0FF000000200001018000000040400101E5
S3150803E8000000F0304C400401020000042DC08200D1
S3150803E8100032002000D00B0060400F01000000000A
S3150803E820000000001176F8004108000048000400C3
S3150803E83012002500EA030000000000000906000094
S3150803E8400000000075030A0000800862000000004B
S3150803E850000003173E5254541C4102010050558CC4
S3150803E8600000000038410701BC200AF018B951001E
S3150803E87067329940FFFF3FA899FF71B18B3B400070
S3150803E880C00300805C410101FFFD00006C410601E5
S3150803E8900000004000000000000000000000000027
S3150803E8A00000000000000000884104010000000089
S3150803E8B0000000000000000000000000A84101015C
S3150803E8C000000000B44101018CD02BC0D0410301E4
S3150803E8D0AAAAAAAAD280168005000200E4410F015B
S3150803E8E029AC51042F1F2E00E8BD0500E5D32D00E2
S3150803E8F05E7CB10D0CBCCE032C267C301E90810C9D
S3150803E9000C490600A8DF6D00C00BB100183DA50031
S3150803E910E80A0205271BD71D0000008024420201CE
S3150803E9204C0100C0000000003042020101004C0007
S3150803E930400110004C42010108000454304304010D
S3150803E9404A0C02080A81FA800000F586060CA8001C
S3150803E95044430A012300E0D25585004002000080A3
S3150803E9602000020078040000128587980B22289756
S3150803E97000000000000026005555FAA03880010162
S3150803E980466E1000A480010170B80300AC80011123
S3150803E990F6010000AC80013101420101B480010196
S3150803E9A0000300026C010102002006007401010243
S3150803E9B06901100C800101127907000080010132F8
S3150803E9C0060000008801010290000000FFFFFFFF18
S3150803E9D030400600000000000000000000000000B0
S3150803E9E00000000000000000004000005040010045
S3150803E9F0000000005C400200000000000000000068
S3150803EA00A840010007000000BC4004000000000005
S3150803EA1000000000000000000000000024C00110F0
S3150803EA20FF00000024C001300013000028C00500C1
S3150803EA30EC80B30343754051A00F00F83040000043
S3150803EA40A8AA070040C0020000000000000000005A
S3150803EA5054C001008721300068C00100D158030063
S3150803EA6070C00D00BA10000000003F008D00EE00D4
S3150803EA70F601AC03F5049607DE099C0DC31193173B
S3150803EA80FE1DF526BD32FF3FFE15F81BDC23B42D0C
S3150803EA90D039FF3FFF3F0000A8C00500BD4B7215E4
S3150803EAA011A3180510325476980A000000000000D6
S3150803EAB0CCC00400660000000000000001000A0044
S3150803EAC00100280044400201000000001000000075
S3150803EAD05C400101000000039C400F010000000098
S3150803EAE00000000000000000000000000000000015
S3150803EAF00000000000000000000000000000000005
S3150803EB0000000000000000000000000000000000F4
S3150803EB100000000000000000E0400111F8010000B9
S3150803EB20E04001310102000010410201331E0500D5
S3150803EB300000000024410501FF0483078813C83A2F
S3150803EB40FF06660CFF0483078813FF035841010178
S3150803EB5000000000644101010C0100008441010129
S3150803EB6001010000A441010100000000B0410101B8
S3150803EB7000000000B8410601000000000000000084
S3150803EB8000003C00AAAA06000000000000000000DE
S3150803EB90DC410101000000002042010100000000E1
S3150803EBA02C420101601800403C42010100000000AC
S3150803EBB04442020114000000000000004043010122
S3150803EBC00000000010800101030000003C800101E1
S3150803EBD0030000009C8002010000000070B80300D7
S3150803EBE0A8800111F6010000A88001310142010144
S3150803EBF0B080010100030002980003020000000030
S3150803EC00000C00044C040000D8000202050040AAC8
S3150803EC1088010000EC000112E00F0000EC0001324D
S3150803EC200D205151F00001022B05000000010102DD
S3150803EC301001000004010112000000000401013262
S3150803EC40100100001001011200FF0F00100101322C
S3150803EC50020000422C01011200FC1F002C010132A4
S3150803EC60A9008000400101023F0000005001011283
S3150803EC7000C0000050010132610051006801010221
S3150803EC80100006007801011200001C007801013209
S3150803EC904004E0CF8C01010200000000AC01011220
S3150803ECA0F8010000AC01013204020100B0010102BF
S3150803ECB000000000F84F010300000000FFFFFFFFFC
S3150803ECC0130000008EE3380000000000CCEE0308B2
S3150803ECD09CEE030800000000080000000000000086
S3150803ECE0A08601000101F200C44E000700000000DF
S3150803ECF066EE03080E010000000000000000000095
S3150803ED00A1860100000000000000000000000000CA
S3150803ED100000000013000000333333010000000035
S3150803ED20CCEE03088CEE0308000000000800000080
S3150803ED300000000000350C000420F400466E50075E
S3150803ED400000000066EE0308000000000000000053
S3150803ED500000000000350C00000000000000000061
S3150803ED600000000000000000130000008EE33800D6
S3150803ED7000000000CCEE03089CEE03080000000028
S3150803ED800800000000000000A08601000101F2004F
S3150803ED90C44E10070000000066EE03080E010000CB
S3150803EDA00000000000000000A1860100000000002A
S3150803EDB0000000000000000000000000130000002F
S3150803EDC04444440000000000CCEE0308ACEE0308FC
S3150803EDD0000000000800000000000000004B0000CF
S3150803EDE00101F400466E10070000000066EE0308F2
S3150803EDF0C20100000000000000000000409C000063
S3150803EE0000000000000000000000000000000000F1
S3150803EE10130000004444440000000000CCEE03083D
S3150803EE20BCEE030800000000080000000000000014
S3150803EE30409C00000101F400466E10070000000024
S3150803EE4066EE0308C201000000000000000000008F
S3150803EE50419C0000000000000000000000000000C4
S3150803EE6000000000000001000000C0175302040C54
S3150803EE700000E002000000003C03010205049803B9
S3150803EE8001020505F4030102060500002718000020
S3150803EE9027180000E20400000000000077060100BE
S3150803EEA07706010010270000000000007E87000097
S3150803EEB07E87000073CB0000000000007F890000F6
S3150803EEC07F890000A86100000000000014290200E1
S3150803EED0003111000000010002640001012F000047
S3150803EEE00700000029B40208D9B30208E5B30208EB
S3150803EEF0D5B40208BD3D0308B1440308B544030865
S3150803EF00B9440308BD440308C144030800000000CC
S3150803EF10B001000050560020FFFFFFFFFFFFFFFF71
S3150803EF20FFFFFFFFFFFFFFFFFFFFFFFFFFFFFFFFE0
S3150803EF30FFFFFFFFFFFFFFFF100000000058002040
S3150803EF40303132333435363738396162636465664E
S3150803EF506768696A6B6C6D6E6F70717273747576B8
S3150803EF607778797A00002020202020202020202866
S3150803EF702828282820202020202020202020202060
S3150803EF802020202020208810101010101010101098
S3150803EF9010101010101004040404040404040404D8
S3150803EFA01010101010101041414141414101010157
S3150803EFB00101010101010101010101010101010130
S3150803EFC0011010101010104242424242420202023D
S3150803EFD00202020202020202020202020202020200
S3150803EFE002101010102000000000000000000000AE
S3150803EFF00000000000000000000000000000000000
S3150803F00000000000000000000000000000000000EF
S3150803F01000000000000000000000000000000000DF
S3150803F02000000000000000000000000000000000CF
S3150803F03000000000000000000000000000000000BF
S3150803F04000000000000000000000000000000000AF
S3150803F050000000000000000000000000000000009F
S3150803F060000000000000000014C1FC7F010000003E
S3150803F0707CF0030820A400201D0100000000000006
S3150803F08000000000FFFF000000000000030000006E
S3150803F090985800203CA4002000000000985800203F
S3150803F0A000590020685900200000000000000000F5
S3150803F0B0000000000000000000000000000000003F
S3150803F0C0000000000000000000000000000000002F
S3150803F0D0000000000000000000000000000000001F
S3150803F0E0000000000000050001041F0100000000E5
S3150803F0F0C0EA2101C0175302FFFFFFFF0303010004
S3150803F10000600708008000009029002064000000C2
S3150803F1106C07000000000000308003082800000088
S3150803F120853901083969000839690008E8000000CB
S3150803F130FF0000000800000000000000C02C0020AB
S3150803F1400200000000000000B82C002001000000A7
S3150803F150000000000000000000000000000000009E
S3150803F1600B0C000030000000FB2D01080102010012
S3150803F1707B39030803000000D9CC0008EC070020FC
S3150803F180247D0308020000008D1601080000000014
S3150803F1900000000090810308FFFFFFFF0100000045
S3150803F1A000000000B42C002001000000000000004D
S3150803F1B0B02C0020FFFFFFFFFF007F00C800000000
S3150803F1C0C800FF0000000000104001000000000016
S3150803F1D0010302000000000001010200FFFFFFFF18
S3150803F1E00003000300000000000000000000000008
S3150803F1F000000000000000000000000000000000FE
S3150803F20000000000000000000000000000000000ED
S3150803F21000000000000000000000000000000000DD
S3150803F22000000000000000000000000000000000CD
S3150803F23000000000000000000000000000000000BD
S3150803F24000000000000000000000000000000000AD
S3150803F250000000000000000000000000000000009D
S3150803F260000000000000000000000000000000008D
S3150803F270000000000000000000000000000000007D
S3150803F2800000000000000000000100FFFF0000006E
S3150803F290000000000000000000000000500001010B
S3150803F2A0AAAAAAAA3700000000000000E48A0308F5
S3150803F2B000000000FFFFFFFF010000000800000038
S3150803F2C0000000009C8800200200000000000000E7
S3150803F2D094880020C800000002020FB0EE028000E6
S3150803F2E0400D03007F7F7F7F010000009CA600205E
S3150803F2F004000000FE7FFA003334393403000000AB
S3150803F30000000000FFFF00000000000001000000ED
S3150803F31000000000000000000000000002000000DA
S3150803F320000000000000000000000000E1EE0108F4
S3150803F3309F0100010000005555555555555555551E
S3150803F3405555555555555555555555F00000000015
S3150803F350E844002058040400A8440020FA000000EA
S3150803F36074930308FFFFFFFFFFFFFFFF573C0308E4
S3150803F370000000000000030040A70020060000006C
S3150803F3802003000080841E00000000000600000021
S3150803F390DC05000080841E00000000000000060053
S3150803F3A05E010000000000000000000001000600E6
S3150803F3B05E010000000000000000000002000600D5
S3150803F3C05E0100000000000000000000FFFFFFFFD1
S3150803F3D04B430308A7430308FFFFFFFFFFFFFFFF96
S3150803F3E0FFFFFFFFFFFFFFFF0040005A00C0035067
S3150803F3F00040005000800050F1020308E9F90208B2
S3150803F40041F4020895F40208B9F80208CDF802088F
S3150803F41081F902089DFA020885FA0208E1F2020850
S3150803F420D1F9020800000000000000003B2D00008F
S3150803F430FFFFFFFFFFFFFFFFFFFFFFFFFFFFFFFFCB
S3150803F440FFFFFFFFFFFFFFFFFFFFFFFFFFFFFFFFBB
S3150803F450FFFFFFFFFFFFFFFFFFFFFFFFFFFFFFFFAB
S3150803F460FFFFFFFFFFFFFFFFFFFFFFFFFFFFFFFF9B
S3150803F470FFFFFFFFFFFFFFFFFFFFFFFFFFFFFFFF8B
S3150803F480394503080CEF0308FFFFFFFF7948030814
S3150803F4907548030804F8FFFFFF7FB7002B05DF0055
S3150803F4A02904F8002403160128033E0130037001DA
S3150803F4B034039D012802BB012D0229023202E2020E
S3150803F4C023014903280184032D01A2032F01E8031D
S3150803F4D03001D0072400B80B3F000C0000000000E1
S3150803F4E0FE01FF0CFFF0FF0159B1000831B1000816
S5033D447B
S70500000000FA
