:020000040800F2
:1060000008040020E5BC000819B4000819B4000811
:10601000C1BC000819B4000819B4000819B400087C
:1060200019B4000819B4000819B4000809DA020804
:1060300019B4000838000308ADD9020823FC02088F
:1060400079DA000819B4000819B4000819B4000876
:1060500019B4000819B4000819B4000819B40008EC
:1060600019B400088526020819B4000819B40008FC
:1060700019B4000819B4000819B4000819B40008CC
:1060800019B4000819B4000839F8000819B4000858
:1060900019B4000819B4000829E1010819B400086E
:1060A00019B4000819B400089DB4000879B40008B8
:1060B00019B4000819B4000899AD020855B80208CF
:1060C00093D302088FD3020809B00208A9D30208AB
:1060D00097D3020825B802089BD30208B9B8020872
:1060E000F1B8020819B4000819B4000819B400087E
:1060F00019B40008FDF6000819B4000819B4000826
:1061000019B4000819B4000819B4000819B400083B
:1061100019B4000819B40008C525020819B400080C
:1061200019B4000819B4000819B4000819B400081B
:1061300019B4000819B4000819B4000819B400080B
:1061400019B4000819B4000819B40008B9FE000811
:1061500019B4000819B4000819B40008DD95020844
:1061600019B4000819B4000883D3020889D30208BF
:10618000F0B5114A114C124E00F00105E3695F07AA
:1061900013D40DB9334213D103EA00078F4207D15C
:1061A0000B4A1A40002A0CBF00206FF00100F0BD1E
:1061B000013AEBD16FF00200F9E74FF0FF30F6E75C
:1061C0006FF00100F3E700BF8096980000000350D5
:1061D000020001002DE9F84F16464FF48032274B9C
:1061E000274D9A66EB69074603EA020841F67133C8
:1061F0000122EB63234BDFF89490DA600EB930464E
:1062000029E007F5005404EA09046F61E41BEB6917
:10621000B44228BF34465B072DD48B465BF8043B61
:1062200001EB040AAB61D3450ED1042300212120E8
:106230002B61FFF7A5FF70B92120FFF7A1FF50B92F
:1062400059462744361BD9E708210846FFF798FF2F
:1062500068B104232B6101220B4BDA60B8F1000F07
:1062600003D00022A3F50053DA63BDE8F88F5BF892
:10627000043BAB61D7E74FF0FF30ECE700900050F4
:1062800000000350001003500020035000E0FFFF07
:1062900000000000000000000000000000000000FE
:1062A000180000001D83010822000000557F01082E
:1062B00001000000C781010805000000618001089D
:1062C00004000000318201080B000000CD8A0108A3
:1062D000250000003993010824000000D592010830
:1062E00014000000619001080C0000002D8F0108CF
:1062F00016000000B57E01080300000095CB0108E0
:1063000002000000D581010808000000FD9F01087F
:106310002A000000E1C901082900000025CB01087E
:1063200002000000CD81010801000000C1810108C8
:106330000300000025940108000000000581010809
:10634000D800000001740008D7000000B9730008ED
:10635000DF000000AD6F0008DE000000BD6C00082B
:10636000BF0000003B680008A80000003968000872
:1063700049000000376800080A000000356800087E
:10638000D6000000699100083C000000C59000089C
:1063900027000000999000081C000000716F0008A1
:1063A00098000000816B0008D30000001D69000800
:1063B000D20000004D6F0008BD0000009569000884
:1063C0000B000000C1910008080000006D9000085B
:1063D000060000003D6B000802000000216B000871
:1063E0000C000000D5710008030000004171000896
:1063F00009000000D16A000815000000156F0008B0
:10640000900000003590000856000000A16A0008C6
:10641000540000009D8F00085F000000658F000899
:106420005E0000002D8F0008500000007D8E0008E7
:1064300042000000218E000841000000DD6E0008CF
:1064400053000000C58D00082A000000A78700083F
:106450002C0000006D870008290000003368000848
:106460002400000059700008230000004387000842
:106470002200000039700008210000001187000888
:1064800020000000656A000816000000918D0008D9
:106490000F0000000D8D000814000000518C000852
:1064A0000E000000998B000813000000FD8A000810
:1064B0009C000000618A000812000000E5890008C5
:1064C00010000000D58900083A0000001D6A00088D
:1064D00039000000598900083B000000B16E000837
:1064E00038000000B9690008370000002189000861
:0864F00007000000A16B000889
:10650000013800D0FCE77047F8B50E4C0E4E0F4D29
:1065100033682046984794F865702B682046984762
:10652000336804F170009847022F09D194F8644051
:10653000E31F5C425C412B68054898472046F8BD44
:106540000024F8E7CC310020149F0020089F002091
:106550003C3200208A4230B5054600F02A81974837
:1065600022F4FF7323F0010383420ED0944B22F0F8
:10657000FF00984209D0934C22F47F7323F0030369
:10658000A34202D0904B984227D1904B21F0FF00BC
:1065900098420ED111F0FF000AD08D4B40F00070F0
:1065A000984248D182EA0100FF288CBF00200120D8
:1065B00030BD834B9842EDD0A3F588539842E9D083
:1065C00021F4FF7323F00103B3F1062FE2D07E4CD8
:1065D000A042DFD07B488342DCD001F0FE43B3F120
:1065E000A06F12D102F0FE43B3F1A06F23D182EA73
:1065F000010333F47E131ED111F40040D8D0C1F34F
:106600000540C2F305429042CFE7B3F1407F40F02E
:10661000B98002F0FE43B3F1407F0CD182EA01035E
:1066200033F47E1307D16B480840B0F1607F04D18A
:10663000B5F5885F0ED00020BAE7B0F1707FFAD1CF
:1066400005F4E040B0F5005FF5D115F4E06FC5F357
:106650000220ADD05F4812F47C1400EA020019D089
:10666000B0F1607FC2F3054479D15B4DD0B240F008
:106670000070A84279D000F17E4004380F285CD821
:10668000DFE800F05A5A5B736567696B65675B5BAF
:106690006567696BB0F1607F34D14F4DD0B240F087
:1066A0000070A84244D000F17E4004380F28DCD8A6
:1066B00001A555F820F000BF3567000835670008D0
:1066C0006B66000831670008B7670008F9660008C4
:1066D000FD66000801670008B7670008F966000852
:1066E0006B6600086B660008B7670008F96600086B
:1066F000FD660008016700082024B6E73024B4E7EF
:106700004024B2E7B0F1707F2DD105F4E040B0F540
:10671000005F03D10124C5F30220844005F4E0406A
:10672000B0F5005F09D10123C5F30225AB4004E0B9
:1067300010249AE7142498E7142311F47C1FC1F362
:10674000054514D1A34214BF0020012030E71C23CB
:10675000F3E72023F1E73023EFE74023EDE7B0F143
:10676000707FEAD1DAE72346E7E71023E5E712F482
:106770007C1F01D19D421CD011F400403FF418AFA2
:10678000A54212E7B3F1106F7FF455AF21F01F60FF
:1067900020F4702000287FF44EAF02F0FE43B3F1E6
:1067A000106F7FF405AF0D48104040F01060884234
:1067B000C9E70120FCE61C2457E700BF00020006E1
:1067C000001300060004000600090006000300068E
:1067D000FF0000020000C07F030000020000FFF67F
:1067E000037E022B06D1C3695A1C03D00133C36157
:1067F000002070476FF09600704738B5074D084B82
:1068000005F1700420461B689847064B95F85453D1
:1068100020461B689847284638BD00BFCC31002071
:10682000149F0020089F00206FF01B0070477047E6
:10683000704770477047704770477047074BD3F8F1
:1068400058334BB11B78032B01BF054AD2F82431D2
:1068500043F00043C2F82431704700BFCC31002020
:106860000000035070477047074BB3F85C3343B9DF
:10687000064B5B681B78023B012B8CBF0320042076
:1068800070470320704700BFCC310020409F00209C
:1068900038B5064D04462B7B834206D0044B0421B9
:1068A000D3F8600328F024FF2C7338BD409F0020EC
:1068B000CC3100200B4A92F8663383B1013B82F859
:1068C000663392F864330133DBB2082B28BF002310
:1068D00082F864330023012082F8B738D8E792F8B1
:1068E0006533F5E7CC3100200B4A92F8BA3883B112
:1068F000013B82F8BA3892F8B8380133DBB2082B82
:1069000028BF002382F8B8380023012082F8B73866
:10691000BEE792F8B938F5E7CC310020094B5A6947
:10692000002A09DB5A6AD207FCD40122064B5A60BE
:10693000044A53689B07FCD40022044B012083F8CF
:106940000B2EA5E70040005B0060005BCC3100200F
:10695000034B4FF48071D3F80C0E28F0C9BE00BF72
:10696000CC31002008B5131E40F2FF7218BF0A4652
:1069700001211DF08DF8BDE80840022088E7044B96
:10698000012283F8100E03F5616193F8F30EE9E735
:10699000CC310020024B1B685B69D879EFE700BF60
:1069A000240B0020024B0246024993F8F30ED9E76C
:1069B000CC310020280B0020164B1B681A69164B9F
:1069C0009169080E1870080C5870D970080AD169BE
:1069D0009870080E1871080C5871D971080A116A5C
:1069E0009871080E1872080C5872D972080A516A08
:1069F0009872926A080E1873080C5873D973080AB3
:106A0000110E1974110C987359741420110A997489
:106A1000DA74C7E7240B0020280B00200F4B1B68FB
:106A20001A690F4B1168090A197011685970516879
:106A3000080AD970916898705971080AD16818715C
:106A4000D971080A116952699871080A1872597245
:106A50000C20110A9972DA72A4E700BF240B0020FF
:106A6000280B00200B4B1B689B699A68D9880A4B3E
:106A7000100E1870100C5870DA70100A074A9870CF
:106A80001278022A09BF052004200A0A1A71195433
:106A9000013087E7240B0020280B0020DC9E00201B
:106AA000084B09491B6808789B6902285A8899781D
:106AB000064B09BF120A01201A70597018BF1970CD
:106AC00070E700BF240B0020DC9E0020280B002074
:106AD000104B1B685A69104B9179063303F8061C5A
:106AE000D17803F8051C1179527903F8041C03F8D6
:106AF000032CAB2203F8022CCD2203F8012C074A09
:106B000002F1100152F8040B8A4243F8040BF9D148
:106B1000162047E7240B0020280B0020D400030890
:106B20000A22054B08211A7001225A700022052002
:106B30009A70D9701A7135E7280B002010B40A2416
:106B40000D4A0E49D2F8603EB3FBF4F30B70D2F855
:106B5000A83EB3FBF4F34B7003795DF8044B03EBF1
:106B600083035B00C2F8603E4379022003EB83039A
:106B70005B00C2F8A83E15E7CC310020280B0020AE
:106B80004378032B09D90379012B04D80022034B46
:106B900001201A7006E70020F1E67047280B00205C
:106BA000F0B401260A4A0B4D0B49AA4204D328220D
:106BB000F0BC0A49C078D5E612F8083B013BDC106E
:106BC0000F5D03F0070306FA03F33B430B55ECE7B5
:106BD00040630008F8640008559F00204D9F002086
:106BE0002E4C83B5054601224FF4967004F6A87129
:106BF00008F0BAFF94F8A83F022B03D884F8A93F05
:106C00001BF0CCFC0026264BA0221F68254B002140
:106C10001D60254D254B2846C4F86073C4F8AC7F31
:106C2000C4F8E43F25F066FD214B2F631E700C2352
:106C300085F8253005F13403AB62052385F82C3047
:106C4000202301270193281D019B28F0F7FE3346DE
:106C50003246314630462F772D621CF043FE3346D4
:106C60003246314638461CF03DFE94F8E83F00209D
:106C7000062B4FF006030F4A87BF84F8E83FC4F89D
:106C8000EC2FC4F8EC2F84F8E83FC4F8F00FFFF7BE
:106C9000FFFD094C204619F033FEFBE7CC31002004
:106CA00018060020240B0020840A0020789F002072
:106CB0006C0E0020FC000308B441002010B5064C07
:106CC000012204F6A8714FF4967008F04DFF94F875
:106CD000A80FBDE8104052E6CC310020044A054B15
:106CE00092F8F42F5870022112201A7019F094BEF5
:106CF000CC310020280B002010B4234C6270234AB2
:106D0000217092F8F52F002A3CD0002B3AD00A21AE
:106D10001A68B2FBF1F2120AA2701A68B2FBF1F221
:106D2000E2701A791A2122715A7962719A79A271E4
:106D3000DA79E2711A7A22725A7A62729A7AA272B5
:106D4000DA7AE2721A7B22735A7B62739A7BA2739D
:106D5000DA7BE2731A7C22745A7C62749A7CA27485
:106D6000DA7CE2741A7D22755A7D62759A7DA2756D
:106D7000DA7DE2751A7E5B7E227663765DF8044BDF
:106D800019F04ABE0221F9E7280B0020CC3100207F
:106D90000B460349024691F8F61F1320ACE700BFEB
:106DA000CC3100200B460349024691F8F71F0E2014
:106DB000A2E700BFCC310020044A054B92F8F82F1F
:106DC0005870022114201A7019F026BECC31002010
:106DD000280B0020044A054B92F8F92F5870022125
:106DE0000F201A7019F018BECC310020280B00209B
:106DF00010B40E4B0E4A587092F8FA4F92F8F50FF5
:106E00001C7080B179B1023301F11C0051F8044BC0
:106E1000814243F8044BF9D11E2192F8FB0F5DF833
:106E2000044B19F0F9BD0221F7E700BF280B002041
:106E3000CC310020044B012193F8FC2F034B42205E
:106E40001A7019F0E9BD00BFCC310020280B0020DA
:106E50000C4B0D491B6891F8FD1F9B69DA880B4BA1
:106E600019700B49587009780020022909BF110ACE
:106E70000221997003215A544A1C9854023150201F
:106E800019F0CABD240B0020CC310020280B0020B3
:106E9000DC9E0020044A054B92F8FE2F5870022118
:106EA00054201A7019F0B8BDCC310020280B0020F6
:106EB00008B519F0DFF8BDE80840042072E5024685
:106EC000054808B50021042350F8F80C18F0ECFA36
:106ED000B0FA80F0400908BDC442002007B5002286
:106EE0008DF807200A4A034612780079022A08D151
:106EF00098889DF8073040BA0133DBB280B28DF834
:106F0000073019F051F8072003B05DF804EB49E5AC
:106F1000DC9E00200A4B30B51B680A4D5C6985B0C9
:106F20002279E3780C2100922846074A1CF07CFE67
:106F300003900D20E3792B7305B0BDE8304031E5B7
:106F4000240B0020280B0020900003080123054A91
:106F5000012082F80B3E044A5269002AA4BF034A6A
:106F6000536095E4CC3100200040005B0050005B92
:106F7000034610B55B780079032B12D988B120281D
:106F800028BF20200023084C2370637019F040F8BC
:106F900010B10123607023700230C0B2BDE8104010
:106FA00000E50220EEE700BF280B002038B5057988
:106FB000022D13D80A4C84F8A95F1BF0EFFA0122C6
:106FC0004FF4967004F6A87184F8A85F08F0D6FD17
:106FD000B0FA80F04009BDE83840D0E40020FAE77C
:106FE000CC31002070B5ADF5007D04460D46164647
:106FF00010494FF40072684625F079FC4FF4007296
:107000006946C82008F0B0FD88B9324629460DEB24
:10701000040025F06CFC4FF400726946C82008F0AB
:10702000ADFDB0FA80F040090DF5007D70BD002087
:10703000FAE700BF1401030808B54378062B09D905
:107040008388811D5BBA012298B2FFF7CBFFBDE8B0
:10705000084094E40020FAE7F8B5C488054664BA0D
:10706000A4B2A72C134F07D900202C44FFF787FCAC
:10707000237A07F8F43CF8BD8088224640BA05F12F
:10708000080180B2FFF7AEFF0646043415FA84F417
:10709000FFF775FC237907F8F43C002EEBD0002BAA
:1070A000E9D0054A012113702420BDE8F84019F009
:1070B000B3BC00BFC4420020280B00202DE9F047DC
:1070C0009CB006468846174600216C2201A89946C6
:1070D0009DF890A0259D25F00DFB6C22672001A94D
:1070E00008F042FD044648BB8DF804608DF8287016
:1070F0008DF84CA001ABE2B2964294BF002118F883
:107100000410974203F8011F8CBF19F804100021E6
:10711000924594BF00222A5D0134232C83F8241069
:1071200083F84820E7D16C22672001A908F026FDEA
:10713000B0FA80F040091CB0BDE8F0870020FAE703
:107140002DE9F04F214E044606F10C09CA464FF0D6
:1071500000081F4D037985B085F85030437990F8C9
:1071600007B085F85130837985F8523000F1080373
:10717000029356F8047B002187F8008019F8012B50
:107180007868039225F0B6FA039A02995A4528BF07
:107190005A467868039225F0AAFB039A56453A703E
:1071A000E7D1A279617920791AF03DFC0023CDE97D
:1071B00000881A46E96B95F83800FFF77FFF012039
:1071C00005B0BDE8F04FFFF763BB00BF1403030831
:1071D000409F00202DE9F04F00248046A3461B4E1F
:1071E000DFF8709085B006F10C0A56F8047B002198
:1071F00087F800B019F8012B7868039225F07AFA25
:1072000008EB04031D79039A611DAA4228BF2A4690
:107210007868414425F06BFB3D70564505F101054A
:107220002C44E2D10A48C36C019390F84830009393
:10723000436C90F84020C16B90F83800FFF73EFF98
:1072400005B0BDE8F04FFFF79ABB00BF1403030879
:10725000409F00202003030830B5002485B0054678
:107260000922682001A9CDE901448DF80C4008F0FD
:107270007BFC58B90922682001A98DF8045008F058
:107280007DFCB0FA80F0400905B030BD2046FBE738
:107290007FB5002406460D460922682001A9CDE9E4
:1072A00001448DF80C4008F05FFC68B909226820A1
:1072B00001A9ADF80560ADF8075008F05FFCB0FA21
:1072C00080F0400904B070BD2046FBE730B50024D3
:1072D00085B005460922682001A9CDE901448DF851
:1072E0000C4008F041FC58B90922682001A9ADF80A
:1072F0000A5008F043FCB0FA80F0400905B030BDF8
:107300002046FBE710B54FF40074ADF5007D224632
:107310006846054925F0EBFA22466946C82008F080
:107320002DFC0DF5007D10BD140103081FB50023D1
:10733000CDE901330123092201A968208DF80C3021
:1073400008F01CFC05B05DF804FB174B10B5B3F852
:107350005C3313B3154810F8F34C14F0300F21D000
:10736000134A04F01003526852895AB133B140F203
:107370008231F038BDE810401AF0C8BAA20611D523
:10738000E021F6E723B14FF47A71F0381AF0BEFA33
:10739000A30607D5FA210748ECE70648BDE81040E8
:1073A0001AF088BA10BD00BFCC310020C4420020C2
:1073B000409F0020D441002038B5D0F80550D0F8C7
:1073C000094000792ABA20B9002319461BF014FF9E
:1073D00001E00128F8D04DB144B1074821BA1AF0B4
:1073E00095FA064B1B780BB108F078FBBDE83840E6
:1073F0000120FFF74DBA00BF144200206C0E0020A0
:1074000008B5007920B9002211461BF0D2FC01E03A
:107410000128F8D0BDE808400120FFF739BA38B597
:107420000A4C54F8703C1B691D6826F045FEAD6B94
:1074300026F050FE4DB10121054B186814F86C3C44
:107440009940BDE8384028F053B938BDC442002007
:1074500018060020E3E7054A12F86B3C13B1013B24
:1074600002F86B3C002302F86A3CD8E7C4420020D3
:1074700007B5074B0748019340F8643C002301A976
:107480001A4650F8600C27F02BFC03B05DF804FBA3
:1074900055810108C44200200C4B07B50146D3F8C2
:1074A000AC0F78B100230193012301AA03FA01F183
:1074B00028F024FA019B2BB14FF0E0234FF08052CB
:1074C000C3F8042D03B05DF804FB00BFCC310020ED
:1074D0000122024B042083F85C2EDDE7CC31002032
:1074E0000122024B042083F8A42ED5E7CC310020E2
:1074F000054B93F8ED2E8A4204D80022032083F82E
:10750000ED2EC9E7704700BFCC31002008B518F058
:10751000FEFD18B1BDE808400320BDE708BD00230B
:1075200007B50193104B114A5B68FE28C3F30803AB
:107530000CBF4FF480414FF40051D2F80C0E23B928
:1075400003B05DF804EB28F0D3B801AA28F0D6F90F
:10755000019B2BB14FF0E0234FF08052C3F8042D74
:1075600003B05DF804FB00BF00ED00E0CC3100206B
:10757000002307B50138019307280CD8DFE800F095
:10758000190B040B160B0B1C012101AA0C4BD3F891
:107590000C0E28F0B3F9019B2BB14FF0E0234FF014
:1075A0008052C3F8042D03B05DF804FB402101AA0A
:1075B000ECE7042101AAE9E74FF4004101AAE5E75D
:1075C000CC3100202DE9F84F01240027866B90F87C
:1075D0003030356A9C4027F06BF82B682A692343CA
:1075E000DFF8F0A0DFF8F08005F10C0B2B6093457D
:1075F0002B680DD123EA07032B6027F04DFA0121F8
:1076000096F82C30306B9940BDE8F84F28F070B8F0
:10761000D2E9000920F07F4110F0806F01EA0304F5
:1076200002D11CB94A46E2E7A142FBD1C00148BFE2
:107630000F43254943F002430968D2E9034113602F
:107640004B6890689A424FF00003C9F80800C0F8F0
:10765000049008BF486013610B68013B0B6027F082
:1076600067F9D4E90231626999604B605368201D63
:107670008342136808BF5160013B13601422E16A22
:10768000DAF800304A4308EB020C9942DCF8043087
:1076900088BFCAF80010D3F808E0A360C4F80CE073
:1076A000CEF80400986058F80230C4F814C00133D2
:1076B00048F80230054B1B68DB6A994282BF012201
:1076C000034B1A60AEE700BF740E002018060020BE
:1076D000F4050020140600201C060020002307B536
:1076E00002380193052818D8DFE800F01C171E1790
:1076F000031520210D4B01AAD3F80C0E28F0FEF83B
:10770000019B2BB14FF0E0234FF08052C3F8042DC2
:1077100003B05DF804FB1021ECE7054B054A5A6203
:1077200017F048FD0221E5E70821E3E7CC3100200E
:107730000000085001001D0308B5024A024B5A62BE
:1077400017F038FD02001D030000085038B52D4C1D
:1077500014F8F33C13F0300F50D02B4D6B685B895D
:10776000002B40D054F85C3C013344F85C3C14F8E6
:10777000583C042B02D101201AF09CFF6B6814F8CE
:10778000502C1B7840F6B831012B40F6FF7308BF30
:10779000FF23032A14F8282C08BF4FF4FA6132B1F2
:1077A0001A4A54F8240C1268121A91420FD234F873
:1077B000202C9A4215D117F0F2FC0B23B0FBF3F208
:1077C00002FB1301C9B2124806311AF09FF80523D3
:1077D0004FF4FA62022100201CF084F8BDE8384022
:1077E000B3E50021EFE7636A0133636214F8583CA4
:1077F000042BECD101201AF05DFFE8E7A36A013306
:10780000A36238BDC4420020409F0020800A0020AF
:10781000A842002008B500200CF06AFE044B4FF48B
:107820000071D3F80C0EBDE8084027F061BF00BF1F
:10783000CC31002001200CF05BBE02200CF058BEC1
:1078400008B518F0A1F800201CF00AF8BDE80840BF
:1078500002200CF04DBE37B5284C606D25F021FF9D
:10786000C307054602D5606D25F03AFF15F4881F61
:1078700042D04FF0FF33CDE90033214B13F8583C91
:1078800003F0FF0543B1002017F037FF0022606DC1
:10789000114625F0B6FF0125A168606D25F0B7FF00
:1078A00023780A3B012B08D80022606D114625F091
:1078B000B0FD6946606D24F0E9FA00220121606D97
:1078C00025F0A7FD01A9606D24F0E0FA00980D4BAA
:1078D00018600199596018F06DF8002017F00DFF3D
:1078E00055B16368187819F0C3F80122606D11462C
:1078F00025F087FF1BF0B2F803B030BD409F002099
:10790000C44200200000085037B51E4DE86A58B147
:107910000378DA060AD500217F2381731A46019085
:10792000009308460CF042FB03B030BD4489630568
:107930001CD5837BD3B1013B837318F031F898B128
:107940004FF47A72104B5B689B88B3FBF2F30333FE
:107950009BB2298E0D48C1F1C801C91A89B203B082
:10796000BDE8304019F0D2BF0323F2E724F48C6362
:10797000438100210CF0ACFEEB6A24F480645C814E
:10798000D2E700BFC4420020409F0020F842002000
:107990002DE9F04F674E8FB01422002103A824F088
:1079A000A9FE0221706D03AA25F0B6FE0446002848
:1079B00046D0614D05F1750755F8383C13B19A680A
:1079C00001329A601822002108A8BDF80EA024F008
:1079D00091FE2146706D08AA25F0A0FEF8B995F831
:1079E00074209DF83310B36802EB4200C2EB8010A4
:1079F00007F800A00B44197E9146032907EB000805
:107A000021D80131C9B203291FD004290CBFBE21DE
:107A100040215FFA8AF38B4219D900233B544FF07F
:107A200000082146706D25F07DFE0221706D03AACD
:107A300025F072FE0446B8F1000F73D10028BBD1C7
:107A40000FB0BDE8F08F4021E3E7AA21E1E7013262
:107A5000D2B2032A28BF002285F8742000220092A7
:107A6000214608F10102706D25F06EFE9DF833305D
:107A7000FE2B04BF96F858308DF8333017F08FFE88
:107A80009DF833B05845CAD9B3682C4A5B441B7E75
:107A90005846032B8EBF00230133DBB202F8393086
:107AA00002EBC90A17F010FF73688AF801001B780F
:107AB00063B1012B0AD0022B32D1BBF1020F94BF6C
:107AC0004FF0000B4FF0010B4FEA4B038AF80230E6
:107AD0009DF82E30D5F8D0228AF80330089BCAF8DA
:107AE0000430D8F801301BBA934211D055F8383C15
:107AF00013B15A6901325A610338C3B2012B07D856
:107B0000182303FB0050D0F8E0320133C0F8E03214
:107B10004146504655F8303C98474FF0010880E701
:107B20000223D3E700288BD0012055F8483C984722
:107B300086E700BF409F0020C44200207645002019
:107B40002DE9FF41304D314FB5F85C330DF10E0199
:107B500007F54170ADF80E3011F0CEFCBDF80E30D7
:107B6000D7F80443A5F85C3303B984B3631C2ED063
:107B700024BABDF80E30C7F81043A5F85C33244D85
:107B8000A7F80E330BF028F86B684FF4800293F8D7
:107B900000800023BDF80E60C7F8D042A7F8CC6281
:107BA000CDE90023686D25F00DFD17F82C3C012B65
:107BB00018D1FF21686D25F043FE55222146686DDE
:107BC00025F04CFE04B0BDE8F041FFF7BEBB114804
:107BD00019F016F8002104460E48ADF80E1011F009
:107BE000DFFBC6E73146686D25F02AFE6B681B781F
:107BF000012BE2D042463146204612F0BDF86D6DB1
:107C0000024621462846DBE7CC310020C442002052
:107C1000409F0020C845002070B578B1042830D1BD
:107C2000194D95F91833002B25DA05F5477011F039
:107C30006AFD20B90220003818BF012070BD00265F
:107C4000032405F56A70C5F8A46385F81E4311F096
:107C50005AFD0028EED0B5F83434C5F8306485F804
:107C6000AA4353B905F2AC45AA7842B901330F2BA8
:107C700005F11C05F8D10020DDE72046DBE70120F7
:107C8000D9E711F0F9FDD6E7C442002070B51446DB
:107C9000134A064612F86B3C0D46A2B013B1013BE5
:107CA00002F86B3C88220021684624F023FDC023A3
:107CB0008DF80030012301968DF808308DF80950B9
:107CC00034B10FCC03AD0FC594E8070085E8070079
:107CD000684619F0E7FDFFF7A2FB22B070BD00BFB8
:107CE000C442002010B50A46044620B119B1044B25
:107CF0000021DB6D98472046BDE8104007F02ABA06
:107D0000409F002041F2052398421AD8B0F5905FB9
:107D100009D241F2010398420CD0B0F5885F09D036
:107D20006FF0850070472923A0F5905080B2C340C2
:107D3000DB07F5D511F0070F0CBF00206FF08600B0
:107D40007047B0F5105FEBD121F04003802B06D0D7
:107D5000B1F5807F0CBF00206FF0860070470020D7
:107D6000704770B5046A05460E463CB9012007F01D
:107D7000E9FA286228B120466E6270BD6FF08A0071
:107D8000FBE76FF08C00F8E738B50446006A10B1E5
:107D9000616AFFF7A7FF237E012B0FD0023B012B67
:107DA0000FD8E369012B0CBF00256FF09605282240
:107DB0000021204624F09EFC284638BDE369002BB4
:107DC000F1E76FF09605F2E7034660B1017E8A1E87
:107DD000012A0AD80329C26902D1012A00D1D3E7B6
:107DE0001AB1013ADA61002070476FF096007047CF
:107DF0002DE9F0418EB004460E46FEF785FB0028C3
:107E00005FD008F0F4F820B16FF092000EB0BDE83A
:107E1000F08104A827F0F8FD05460028F4D1009071
:107E2000002E4CD0002CEFD036F0030706F00308EC
:107E30001DD04FF0E063CDE904300123019406909A
:107E400002930C9047F0005301A904A8039327F074
:107E5000EBFD04A8394627F0DEFD04A827F076F9EB
:107E600028B13A462946204624F044FCCCE7B8F134
:107E7000000F24D000254FF0E063CDE90435012345
:107E8000CDF804D00293104B01A904A803930695E2
:107E90000C9527F0C9FD04A8042127F0BCFD04A817
:107EA00027F054F908B13246DCE7009A3C44C3009D
:107EB000013022FA03F3804504F8013BF7D100209A
:107EC000A4E76FF08800A1E70400002000F0FE4363
:107ED000B3F1A06F3FD1214B20F0FF029A4203D1B2
:107EE00010F0FF0027D170471D4B9A4220D0A3F518
:107EF00088539A4218D020F4FF7323F00103B3F1A2
:107F0000062F0DD017498A4206D0174A93421BD13B
:107F100010F0FF000FD1704710F0FF000BD1704739
:107F200010F0FF0007D1704710F0FF0003D1704739
:107F300010F0FF0011D00D4B40F00070984214BFBC
:107F400000206FF08600704710F4004F0CBF002037
:107F50006FF0860070476FF08600704700030006E0
:107F6000001300060009000600040006FF000002DE
:107F7000426870B5120A0588438806D0012A56D097
:107F800000236FF086000B6022E005F4E042B2F5BA
:107F9000805F02D0B2F5005F05D10733DB0840D126
:107FA0006FF0850014E005F44F42B2F5844F03D121
:107FB0000733DB080AD1F3E747F20102954208D103
:107FC0005B080133DB0803EBC3033B3300200B608A
:107FD00070BD44F20102954202D1DB081033F5E78F
:107FE00047F20202954204D1DB0803EB43035A3304
:107FF000ECE744F20202954204D1DB0803EB4303B1
:108000004A33E3E725F0FF05B5F5E24FD0D0B5F5EB
:10801000824FC5D10733DB085B000133012BD5D17B
:10802000BEE725F0FF05B5F5824FCFD1F6E705F4A1
:10803000E046DC1DB6F5805F25F0FF004FEAD40274
:1080400002D0B6F5005F06D1002A4DD0B0F5824FC0
:1080500007D1134643E005F44F46B6F5844F05D1EA
:10806000C2B3D31C23F003032C33AFE747F201065E
:10807000B54210D15B080133DB0803EBC3033B338C
:108080000333920723F0030301D1072CECD1B0F5A1
:10809000824F30D0E8E744F20106B54202D1DB0856
:1080A0001033EDE747F20206B54204D1DB0803EBDB
:1080B00043035A33E4E744F20206B54204D1DB0835
:1080C00003EB43034A33DBE7B0F5E24FC8D0B0F52A
:1080D000824F02D00B680333C4E753000133012BF6
:1080E00000D10B68013BCBE7B0F5824F0B68F2D1B2
:1080F000023323F003030433B6E7F8B506460F4610
:10810000FEF77BFB88B300241B4B22461D46197EDD
:10811000D1B13CB9022905D1D96919B91979002918
:1081200018BF1C460132102A03F12803EFD114B9FD
:108130006FF08C0006E02046FEF752FB2046FFF76A
:1081400023FE10B100240EE01C46237E83B90123D8
:1081500023763EB1651BED1003F1CC335D4305F191
:108160008045356000203C60F8BD6FF08800E9E78D
:108170006FF09600E6E700BFA032002000232DE953
:10818000F04F0B608FB006468846FEF736FB00289E
:1081900000F05E81B04BB1481B68984700283FD182
:1081A00006F140420F2A1BD828204243AC4B03F172
:1081B000D4011344114493F8EC20022A03D1D3F8DC
:1081C000E8309E421FD041460020FFF796FFDFF8BF
:1081D00098B2044688B3DBF80030A048984721E005
:1081E000002E27DD9F4B19461A7E022A02D15A69BA
:1081F000964205D00130102803F12803F4D1E2E7BC
:10820000282303FB00110846FEF7EAFA044668B982
:10821000C8F80010944B1B689048984710B10CB9EF
:108220006FF08F0420460FB0BDE8F08F10F18C0F77
:10823000F0D1C8E76FF08704ECE70125D8F800A07B
:1082400021468146CAF814603046CAF804500AAA8A
:1082500007F026FD044600285ED10A9F28463946CD
:1082600007F070F80546002800F0E48030464946E3
:1082700008AA07F015FD0446002849D147B1B5F119
:10828000005F50D3C7F1005303F580339D424AD8B5
:108290000024102200210AA824F02CFACDE905447C
:1082A00007F0CEFC07AB029305AB019306AB224669
:1082B0000093304649460AAB06F078FC044670BB92
:1082C000059C2A46069B07996848A74294BF0097D9
:1082D000009404F081FE0646A0B906F039FCA742DE
:1082E00021D8232F22D86FF0980439462846FFF76B
:1082F000F9FC31460020FFF7F5FCD8F80000FFF745
:1083000043FD56E006F024FCA7420CD86FF0910420
:1083100039462846FFF7E6FC002108467EE006F0D5
:1083200017FC002FF4D06FF09804F1E708222846DC
:108330004F4924F014FB0028D5D1AB68002BD2D1D3
:108340002E6AA7F124039E42CDD8B6F5005FCAD2AB
:108350009EB33146012006F0F5FF8146002858D033
:10836000324605F1240124F0C2FAEB683946CAF816
:1083700004302B8A2846AAF800306B8AAAF802300B
:108380006B69CAF80830AB69CAF80C30EB69CAF8F7
:108390001030B9F1000F00D08EB9FFF7A3FC3146C1
:1083A0004846FFF79FFCD8F80000FFF7EDFC6FF0A0
:1083B00091040023C8F8003028E0B146D5E7FFF764
:1083C00091FC31465046FFF7CCFC044620BB3246B8
:1083D0004946DAF8200024F08AFA31464846FFF789
:1083E00081FCD8F800008368D9042DD483689A04EE
:1083F00044BF43F400638360037E012B04BF022368
:108400000376FEF7EDF904460028D2D1DBF8003000
:1084100002E76FF08C0468E731464846FFF762FCDC
:10842000D8F80000FFF7B0FC14F18C0F08BF6FF014
:108430008704BEE72146FFF755FCD8F80000FFF798
:10844000A3FC6FF08C04B4E743F480638360CDE752
:108450006FF08804E6E600BF149F00201449002056
:10846000CC310020A0320020089F0020A00C00206A
:1084700023030308F0B5044685B0D0B101A9FFF786
:108480007DFE0446A8B9274B27481B689847274F0D
:108490000546019EA0BB337E032B12D13046FFF769
:1084A00093FC3B6804462048984728B10CB96FF00C
:1084B0008F04204605B0F0BD002C08BF6FF0870484
:1084C000F7E7022B28D1032333763379FF2B26D00D
:1084D000B3B174692946204602AA07F0E1FB8C304B
:1084E0000DD02046294607F002FC30B92046294627
:1084F00002AA07F0D5FB8C3001D06FF098052C460E
:108500003046FFF761FC3B68002818BF0446064868
:1085100098470028CDD0C9E76FF09604F0E76FF0D8
:108520008404EDE7149F002014490020089F0020D8
:108530000B4B10B51B6804460A48984718B16FF0FA
:108540008F04204610BD2046FFF73EFC064B044634
:108550001B68044898470028F3D0002CF1D1EEE7BF
:10856000149F002014490020089F00202DE9F843A3
:10857000884617461C46FFF701FE054648BBD8F85B
:108580000060B368B6F800909F431AD10CB3254B36
:1085900024F0FF029A421FD114F0FF0304D0224AB4
:1085A00043F00073934232D022464846F168FDF70B
:1085B000D1FF074668B9224648463169FDF7CAFF30
:1085C00070BB6FF0840500233046C8F80030FFF719
:1085D000AFFF2846BDE8F883144B9A42DCD0A3F5E0
:1085E00088539A42D8D024F4FF7323F00103B3F1E7
:1085F000062FD1D00E498A42CED00E4A9342CBD01C
:1086000004F0FE43B3F1407F04D12304CCD56FF0D6
:108610008605D8E7B3F1A06FF7D0034B9C42C2E7C1
:108620003D46D6E700030006FF00000200130006E7
:10863000000900060004000673B50C460546182222
:108640000021204624F056F8002328461A4601A9A6
:10865000FFF78CFF60B9019E35460FCD0FC495E83A
:10866000030084E80300304602B0BDE870405FE7D5
:1086700002B070BD10B5044625F01EFD17F047FD91
:10868000A042074B09D30022032083F8ED2EFEF70A
:1086900003FFBDE8104025F01DBD83F8ED4EF8E75F
:1086A000CC31002007B5064B014601AA186817F027
:1086B0000BF8B0FA80F0400903B05DF804FB00BF8E
:1086C000700E002070B5ADF5007D05460C461646CF
:1086D00068464FF400720D4924F009F9C820FFF7ED
:1086E000E1FF18B900200DF5007D70BD4FF4007258
:1086F0006946C82007F038FA0028F3D132462046F0
:108700000DEB050124F0F3F80120ECE71401030858
:10871000002307B58DF807304378052B0AD98088E8
:10872000012240BA0DF1070180B2FFF7CBFF08B973
:108730008DF807009DF8070003B05DF804EBFEF725
:108740001EB910B584798088A82C28BFA82440BA07
:108750002246054980B2FFF7B5FF002818BF204622
:10876000BDE81040FEF71EB9280B0020002307B516
:108770008DF807304378052B0ED9437902791B0217
:10878000807903EB02430DF1070101221844FFF742
:1087900099FF08B98DF807009DF8070003B05DF850
:1087A00004EBFEF7ECB810B54378072B05D800248E
:1087B000E0B2BDE81040FEF7F5B8B0F807404379E5
:1087C00064BAA4B2A82C28BFA82402791B0280791D
:1087D00003EB0243034922461844FFF773FF0028C6
:1087E000E5D0E5E7280B00201FB5002304466820EC
:1087F000CDE901338DF80C30FFF754FF10B900209C
:1088000004B010BD0922682001A907F0ADF90028C5
:10881000F5D19DF8043001202370F1E72DE9F843EC
:10882000074689466424214BD3F8AC8F204B1B6844
:10883000DE6825F041FCB56B25F04CFCB5B90A208B
:10884000013C26F02BFD14F0FF04F2D1B8F1000F2B
:1088500009D025F031FCB56B25F03CFC1DB102219F
:10886000404626F045FF2046BDE8F88339463046AD
:1088700027F01AFBB8B13B784B450ED1B8F1000F89
:1088800009D025F019FCB46B25F024FC1CB10221A1
:10889000404626F02DFF0124E5E7002339461A461D
:1088A000304626F01DFA013DC8E700BFCC3100205C
:1088B000240B002003681BB1406800B1184718471B
:1088C000704703461A68084622B15B680BB1184628
:1088D000104710477047E82909D801230139C1F32F
:1088E000CC0201F007018B40815C0B43835470473D
:1088F00010B5044680B1006870B1002326F0F0F98D
:10890000012801460AD1A06808B9002010BD2379CA
:10891000994026F0EDFEF8E70220F7E70120F5E7A1
:1089200000B5ABB0A8220021684623F0E3FE68231F
:108930008DF80030064B4FF4FA721B686946986850
:10894000FFF7D6FF0122034B1A732BB05DF804FB2F
:10895000240B0020409F002000B5ABB0A8220021CE
:10896000684623F0C7FE42238DF80030064B0022F4
:108970001B6869469868FFF7BBFF01202BB05DF8C4
:1089800004EBFDF7FCBF00BF240B002010B5CCB0FA
:108990000446A822002122A823F0ACFE47238DF82C
:1089A00088300B4B00221B6822A998688DF88C40F8
:1089B000FFF79EFF00218822684623F09BFEC72117
:1089C0006846FFF72BFF08B19DF804004CB010BDBE
:1089D000240B002008B50079FFF7D8FFBDE8084058
:1089E000FDF7CDBF70B51A4B04791B78BEB0022BD2
:1089F0002BD10123848864BAA4B218448379154A20
:108A0000002B467982F8F43F4FF000014FF0F80256
:108A10006846114D08BF002523F06CFE09238DF830
:108A200000300E4B00221B68694618680195ADF8AE
:108A300008408DF80A60FFF75BFFB0FA80F040094C
:108A40003EB0BDE87040FDF79ABF0023D5E700BFF8
:108A5000DC9E0020CC310020DD6C0008240B0020BF
:108A600070B50379224D052B0646AAB02B7019D09C
:108A700005D853B1022B30D0FF222A7028E0FE2BFC
:108A8000FAD101236B70252305E001236B70194B8C
:108A90001B689B691B790320AB702AB0BDE870404E
:108AA000FDF780BF4479012C15D1A822002168462A
:108AB00023F020FE6F238DF80030B37900228DF86B
:108AC00004300C4B69461B689868FFF711FF23467A
:108AD00001226A70DFE70023FAE71023064803212A
:108AE000D0F85803AA1C6B7016F0DEFC1220D4E7F5
:108AF000280B0020240B0020CC3100202DE9F04170
:108B0000214B05791B78BEB0022B3AD10122858812
:108B10006DBAADB283185E799C1DA82E28BFA82619
:108B20003344DA791949002A81F8F62F68464FF064
:108B3000F8024FF0000193F80680154F08BF002798
:108B400023F0D8FD0123324621460DF10A008DF8AD
:108B5000003001978DF808808DF80960ADF8B450A9
:108B600023F0C5FE0B4B00221B6869461868FFF70F
:108B7000BFFEB0FA80F040093EB0BDE8F041FDF71D
:108B8000FEBE0022C6E700BFDC9E0020CC310020E4
:108B9000916D0008240B00202DE9F04F284B05793A
:108BA0001B78BFB0022B48D1012285886DBAADB2C7
:108BB00083185E79234CA82E28BFA8263344997ABF
:108BC0000632002984F8F71F00EB02044FF0000181
:108BD0004FF0F802684693F806A093F8079093F8D0
:108BE000098093F808B0184F08BF002723F082FDD2
:108BF0000123324621460DF10A008DF8003001971D
:108C00008DF808A08DF80960ADF8B4508DF8B890D3
:108C10008DF8B9808DF8BAB023F069FE0B4B0022B5
:108C20001B6869461868FFF763FEB0FA80F04009D8
:108C30003FB0BDE8F04FFDF7A2BE0022B8E700BF8D
:108C4000DC9E0020CC310020A56D0008240B002004
:108C50002DE9F04790F80490294A00EB09035D796B
:108C6000BEB02B4493F80680DB7909F1060782F841
:108C7000F83F002B04464FF0AA024FF000010744D2
:108C80000DF10A001F4E08BF002623F033FD1D2200
:108C900000212DA823F02EFD4FF0000A04345FFAC6
:108CA0008AF3994502D9BAF1400F1FD1A82D28BFE8
:108CB000A82539462A460DF10A008DF8088023F0D0
:108CC00016FE03238DF800300F4B00221B68694607
:108CD000186801968DF80950FFF70AFEB0FA80F087
:108CE00040093EB0BDE8F047FDF749BE14F8011F4A
:108CF00011B12DA8FFF7EFFD0AF1010ACFE700BF80
:108D0000CC310020B96D0008240B00202DE9F04380
:108D100004791C4903191A7ABFB0002A1A4E08BFF9
:108D20000026A82C28BFA82481F8F92F451DF82279
:108D30000021684693F80580DF7993F8069023F0C8
:108D4000D9FC0423224629460DF10A008DF8003093
:108D500001968DF808808DF809408DF8B5708DF872
:108D6000B69023F0C4FD094B00221B6869461868C1
:108D7000FFF7BEFDB0FA80F040093FB0BDE8F04318
:108D8000FDF7FDBDCC310020D56D0008240B00207F
:108D900000B5ABB0A8220021684623F0ABFC452308
:108DA0008DF80030064B4FF4FA721B6869469868DC
:108DB000FFF79EFD01202BB05DF804EBFDF768BDC9
:108DC000240B002010B5134A0379C178BEB0002BE4
:108DD00082F8FA3F82F8FB1F68464FF0F8024FF026
:108DE00000010D4C08BF002423F084FC08238DF8FB
:108DF00000300A4B00221B68694618680194FFF78F
:108E000077FDB0FA80F040093EB0BDE81040FDF7B4
:108E1000B6BD00BFCC310020F16D0008240B00204E
:108E200000B5124B0279ABB083F8FC2F104BCAB1DE
:108E300000225A600F4A1A60A8220021684623F0D7
:108E400059FC44238DF800300B4B4FF4FA721B6829
:108E500069469868FFF74CFD01202BB05DF804EBE4
:108E6000FDF716BDC3E90022E6E700BFCC310020C4
:108E7000D80B0020356E0008240B0020F0B500242C
:108E80004579264BA54283F8FD5F254B08BF234655
:108E9000244ACDB01360244B54601B6806799F6848
:108EA00090F90430A822A342214622A819DB23F01E
:108EB00021FC2D1B4FF0430318BF012522463846E5
:108EC00022A98DF888308DF88C608DF88D50FFF7D1
:108ED0000FFDB0FA80F040094DB0BDE8F040FDF75D
:108EE0004EBD23F007FC652322A922463846803E6A
:108EF0008DF888308DF88C60FFF7FAFC014658B980
:108F00008822684623F0F6FBDC216846FFF786FCE2
:108F100010B19DF80800DFE70020DDE7CC3100202C
:108F2000516E0008D00B0020240B002000B5BFB00C
:108F3000F8220021684623F0DDFB06238DF800307F
:108F4000074B00221B6869461868FFF7D1FCB0FA8E
:108F500080F040093FB05DF804EBFDF710BD00BFA5
:108F6000240B002000B5BFB0F8220021684623F092
:108F7000C1FB07238DF80030074B00221B686946B0
:108F80001868FFF7B5FCB0FA80F040093FB05DF813
:108F900004EBFDF7F4BC00BF240B00202DE9F041E9
:108FA000204B04791B78BEB0022B38D10123848872
:108FB00064BAA4B21844037A1B4A90F80780002BC5
:108FC0004679857982F8FE3F4FF000014FF0F802B4
:108FD0006846164F08BF002723F08CFB0C23003E89
:108FE00018BF0126003D18BF01258DF80030104B39
:108FF00000221B68694618680197ADF808408DF893
:109000000A608DF80B508DF80C80FFF771FCB0FAF8
:1090100080F040093EB0BDE8F041FDF7B0BC002350
:10902000C8E700BFDC9E0020CC310020956E000810
:10903000240B002010B5AAB00479A82200216846AC
:1090400023F058FB50238DF80030074B00221B689B
:10905000694698688DF80440FFF74AFC01202AB061
:10906000BDE81040FDF714BC240B002000B5ABB0E8
:10907000A8220021684623F03DFB70238DF80030C4
:10908000044B00221B6869469868FFF731FC2BB03F
:109090005DF804FB240B002000B5ABB0A822002132
:1090A000684623F027FB71238DF80030044B002223
:1090B0001B6869469868FFF71BFC2BB05DF804FB42
:1090C000240B002010B5AAB00446A822002168464F
:1090D00023F010FB63238DF80030237900228DF8F4
:1090E0000430637969468DF80530084B1B68986831
:1090F000FFF7FEFBB0FA80F0054B40091870012025
:109100002AB0BDE81040FDF74DBC00BF240B002085
:10911000280B002010B5CCB00446A822002122A8BC
:1091200023F0E8FA69238DF888300E4B22A91B68DA
:10913000002298682394FFF7DBFB014680B9882260
:10914000684623F0D7FADD2168468DF80010FFF756
:1091500065FB28B19DF8083013B101204CB010BD5B
:109160000020FBE7240B002008B50079FFF7D2FFB1
:10917000BDE80840FDF703BC10B5104BCCB0A822E9
:10918000002122A81C6823F0B5FA852322A9002219
:10919000A0688DF88830FFF7ABFB014660B98822E4
:1091A000684623F0A7FAF2216846FFF737FB18B1AB
:1091B000BDF904004CB010BD8C20FBE7240B00204F
:1091C00000212DE9F04142788AB0033A12F0FF0203
:1091D0000346A74DADF80410ADF8061007D10124E1
:1091E0002A7020460AB0BDE8F041FDF7DBBB0079EC
:1091F0002028287025D848B3411E1F2926D8DFE82B
:1092000011F0280046002701B6004901250025007D
:10921000BF0025002500250025002500250025008C
:1092200010011501E400FD002500950099002500BE
:109230002500250025002500250025002500250006
:10924000540040283BD0802800F0F58000232B708C
:1092500028E0FF231C22002103A86B7023F04AFAA8
:1092600080238DF80F308DF81730824B02AC0293BB
:10927000814B06AD224603CAAA42186059601446C3
:1092800003F10803F6D1127813241A70A9E7012A12
:1092900000F09D805B79794A003B18BF012382F87A
:1092A000F53F0120022468709BE702A8FFF79CFAB3
:1092B00010B9FE238DF808309DF80800F2E7012A66
:1092C00000F085805C79204616F09EFB0028E9D0EE
:1092D0002046FDF7C1FFE5E7384616F095FB30B1B3
:1092E00008F101032F5501345FFA83F8E4B2013627
:1092F0000C2EF7B2F0D1202016F086FB38B108F121
:1093000001035FFA83F820232B550134E4B22120B6
:1093100016F07AFB38B108F101035FFA83F82123D4
:109320002B550134E4B285F801805AE70026022467
:10933000B046DDE75C790023514800F2572103EB8A
:109340004302565CA6420AD001330C2BF7D1B0F889
:109350007B324C4AA5F8013092784B4B04E08818D8
:10936000494B8A5A1A80827804249A7039E7022A73
:109370002DD993F9061093F90500FDF789FF91E7C0
:109380000DF1060101A818F015FBBDF904307F2B83
:1093900011DD7F23ADF80430BDF906307F2B0FDDE2
:1093A0007F23ADF80630BDF804306B70BDF8063091
:1093B0000324AB7015E78033EEDA4FF68073E9E7EC
:1093C0008033F0DA4FF68073EBE7022A01D80020F1
:1093D00068E7B3F80540B3F80760E4BAFFF7CCFEDE
:1093E00014F1640FF3DB8442F1DC71BA01F1640320
:1093F0009BB2C82BEBD8204609B2BEE70DF106019F
:1094000001A818F0D7FABDF904309DF90520AB701A
:109410006A70BDF906309DF907200524EA702B71AA
:10942000DFE61A4B1B689B69187B3BE7174B1B68F1
:10943000DB69187836E70124154EA2423470C6D095
:109440005879431EA342C2D8307018F0D3FA28E7E7
:10945000022ABCD9B3F80540FFF78EFEE4BA14F136
:10946000640FB4DB8442B2DC2046FDF72FFF19E71E
:10947000280B00209F8037802A0B0020CC31002051
:10948000D40003084F030308290B0020240B0020FD
:10949000DC9E0020002302A8ADF8083018F074FA12
:1094A0009DF90920BDF908306A7081E770B5C46A7A
:1094B0000546ACB124F000FE94F8286024F00AFEC2
:1094C000AB6B95F830401D6A24F0F6FD2D6824F052
:1094D00001FE012000FA04F42C4200D1304070BD9E
:1094E0002046FCE770B50E4C054604F6646630462F
:1094F000FFF7DCFF70B1304618F0F6F9002384F86E
:10950000A43E94F8EF3EE218013382F8F05E84F84E
:10951000EF3E70BD3046D4F8A81E18F0F7F9EDE71D
:10952000CC31002000232DE9F74F07469B4C9C4E81
:109530008DF8063016F0EBFDF0B994F8A45F4DB14C
:1095400094F8A45E35B1042584F8A40E84F8EC0EDA
:1095500084F8A40F94F8EE3E002B00F0DE8094F81F
:109560005C3E002B00F0D980002384F85C3E84F838
:10957000EC3E84F8EE3E5CE016F0C9FD012828BF01
:109580000120D6F8B8A6D6F8D0960546AAEB090869
:10959000804528BF8046D6F8B4B642460BEB090199
:1095A0000DF1060023F0A3F90DF10603A5EB080267
:1095B00003EB08004D44594623F099F9AA4594F865
:1095C000EC3E38BFA5EB0A05C6F8D056052B00F2D5
:1095D000BD80DFE803F003394E54687B9DF80650E8
:1095E000012D0AD10023284684F8EC5E84F8EF3E72
:1095F00084F8A45FFFF776FF9CE794F8EE3ED3B1C2
:10960000062D01D0152D95D10023664884F8EE3E35
:1096100084F85C3E84F8A43E18F04CF9624818F0D7
:1096200049F9624818F046F9062D00F0B580152D6D
:1096300080D1052571E05B4884F85C3E18F03AF96A
:109640005A4818F037F975E79DF80600C31EDBB2DB
:10965000B12B0AD90025544884F8EC5E84F8A45F45
:1096600018F028F984F8A45E64E7022384F8EC3E3D
:10967000C0E79DF806000128ECD80323F6E79DF823
:109680000600FFF72FFF94F8F13E032B06D9033BAA
:1096900084F8A53F042384F8EC3E4BE7012384F8CB
:1096A000A53F0523F7E794F8A53F9DF80600013B89
:1096B00084F8A53FFFF716FF94F8EF3EB32BF0D8E0
:1096C00094F8F12E9A42BFF435AFEAE736489DF898
:1096D000065018F0EFF80023182284F8A43E84F80E
:1096E000EC3E84F8A43F8DF8072027B3FF2294F8BE
:1096F000F10E2F49834219DB95420CBF0623152337
:109700008DF8073094F8143E0CBF0125032523B9CA
:1097100001210DF107001AF08FF994F8EC3E052BAA
:109720002DD8DFE803F024303234363411F8016FDD
:1097300001337240DEE794F8143E002B7FF4FAAE5A
:1097400001210DF107001AF077F9F3E6002315481F
:1097500084F8EC3E84F8A43F84F85C3E84F8A43E90
:1097600018F0A8F8114818F0A5F80F4869E794F820
:10977000EE3E002B0CBF04200120FEF77BFF2846A5
:1097800003B0BDE8F08F0320F7E70220F5E70120E2
:10979000F3E794F8A50FF0E70225BEE7CC310020EF
:1097A000C4420020E83F00203040002078400020E4
:1097B000BC4000202DE9F04FADF5117DF8220021CD
:1097C00052A822F097FFBB48FFF770FE10B1B948CE
:1097D00018F070F8B84DB94E55F8703C52A91B6995
:1097E000186826F042FB012840F0B0808822002152
:1097F0000EA822F07FFFC0238DF8383000239DF89B
:10980000487109ACC4E90033132F00F28D81DFE801
:1098100017F0560078008B01A100F0008B011400B6
:1098200021002D0037008B0145008B018B018B013E
:109830008B0163018B018B018801012305F86A3CD0
:109840009F4B2046236015F05BFDFF27002840F06A
:109850002781F2E0012305F86A3C994B20462360FA
:1098600016F054FB003818BF0120EEE7539B26602A
:1098700063600FF00DF9214600200FF081F9F1E748
:10988000539B22469DF85211BDF85001266063603B
:1098900010F05EFB003818BF012030E0539B2246D9
:1098A0006360002385F81C3701239DF852119DF851
:1098B0005001266085F81D370EF020F9EAE79DF883
:1098C0005011539B0020636001F03703890648BFA5
:1098D00001219DF8517143F0200348BF85F81E1700
:1098E0002660CDE90073CDE9020076490494BDF805
:1098F000FC21B1F85C130DF5A9730BF019FD0227DB
:10990000A4E79DF802723846FEF786F9D0B9539B5A
:109910009DF8511163607F9B30AA30939DF85031C0
:109920000DF5A97031939DF8003226608DF8C8308E
:109930009DF801328DF8C9708DF8CA3023460BF0BE
:10994000B5FEA7E70A215B4817F0E0FF0DF5117D92
:10995000BDE8F08F9DF851715B4B3A4618460DF506
:10996000A97122F0C4FF539A9DF850916260554A44
:109970002660B2F85CE309F0200209F0370885F8A8
:10998000C92700F1AD02034694E8030082E8030012
:1099900048F0200285F8D92700224C49C5F8D43771
:1099A000CDE9301285F8DA2785F8CAE785F8D87747
:1099B0007FAABC330DF5057A9446BCE80300D44574
:1099C00018605960624603F10803F5D1DCF8000025
:1099D000822F18609CF804201A712DD819F0010FFD
:1099E0003A46414670460CBF394B30AB16F074F91D
:1099F00050E79DF8FE713846FEF70EF90028A1D118
:109A00009DF851A1304852460DF5A97122F06FFF23
:109A1000539B17F0FB0F63609DF8FD3126600793A1
:109A20000AD00AF1FF33712B06D8D5F8F88798F8D9
:109A30008C93B9F1000F09D0022763688DF841704B
:109A40000F9301230EA88DF8403078E01E491D4B7E
:109A5000524601F1F900B3F85CB322F048FF20212F
:109A6000013FCDE90C998DF836701A4F079A8DF8A1
:109A7000321094E8030087E8030098F88C130BABCE
:109A80001037A3F800B05A8009B10529D4D10121BB
:109A9000404630AA3197ADF8C8A0309311F060FC71
:109AA0002368002B4DD015F86B3C013305F86B3C57
:109AB00047E000BFA0490020C44200208D7C000880
:109AC00057740008CC310020E3490020E953010815
:109AD000904A0020CC4A0020539B9DF850016360BF
:109AE00095F800392660002B33D095F80479012FC2
:109AF0002FD10023184AD9B2884291BF002152A920
:109B0000C918497A0133052B02F8011BF3D116F06D
:109B10008DF9214601200FF033F8003818BF0120DD
:109B200094E615F03FFDB5E68822002130A822F02A
:109B3000E1FDC5238DF8C4708DF8C03030A817F052
:109B4000B1FE55F8703C52A91B69186826F0ACF9B3
:109B500042E6012771E700BF0C4C0020F8B5C76A48
:109B600005460C4616463FB124F0A6FA97F8283071
:109B7000DB0703D424F0AEFA0120F8BD24F0AAFAE2
:109B8000EB6A002059688C42A1EB040188BF01F107
:109B9000FF313160F1E7F8B5046A054624F08CFA2C
:109BA0002668012706F07F43236024F093FA0024FF
:109BB00095F82430A34200D8F8BD07FA04F33342E5
:109BC00005D0AB6A53F82400C36B03B19847013446
:109BD000EEE738B5056A0C4624F06EFA012303FA65
:109BE00004F12B6823EA01032B60BDE8384024F020
:109BF00071BA2DE9F347D1F8388005460C46164670
:109C00001F46B8F1000F40D190F8243090F825207D
:109C10009A423CD9172B3AD82C230193019B019BE4
:109C20000223DFF870A0DFF8709081F828300EB3BF
:109C300025F02EFC0123C4E9063894F82830C4F836
:109C400000A043F00403C4F82090C4F8148084F802
:109C500028300020C4E90E57E46295F8243084F8D7
:109C60003030AA6A42F82340013385F8243002B02C
:109C7000BDE8F08725F00CFC0123C4F800A0C4E97E
:109C80000636C4F820906661E3E70220EFE7012082
:109C9000EDE700BFC2000308C575000838B5264BC4
:109CA000DA6A002A45D140B113F8583C012B02D0A2
:109CB000012018F0E9FE012038BD204C15F064FEAB
:109CC000D4F80C5E0DB91E4B1D6824F0F5F995F81B
:109CD0005C30022B04BF002385F85C3024F0FAF9D5
:109CE000D4F80C0E012125F04BFDD4F80C0E042104
:109CF00025F046FDD4F80C0E402125F041FDD4F8A6
:109D00000C0E022125F03CFDD4F80C0E082125F0A4
:109D100037FDD4F80C0E102125F032FDD4F80C0ECE
:109D2000202125F02DFD0AF0C7F8002014F0E4F8FA
:109D3000C1E70020C0E700BFC4420020CC310020B2
:109D40001806002028B9084B13F8F32C12F0300243
:109D500005D0002302211A46012019F0C3BD0221BB
:109D6000012019F026B800BFC4420020034B4FF475
:109D70008051D3F80C0E25F0BBBC00BFCC310020C5
:109D8000074B13F8F32C12F0300207D1B0F57A6FBD
:109D900004D801230221184619F0A4BD704700BF62
:109DA000C4420020F8B5144B024613F8503C032B74
:109DB00007D0FCF759FD1346104C1044834202D1E2
:109DC000F8BD0220F7E700210A46651EE71D15F9D8
:109DD000016F16F1800F1FBF9219013112B2C9B283
:109DE000BD42F4D129B192FBF1F203F8012B083402
:109DF000E4E76FF07F02F8E7C4420020114C002036
:109E00002DE9F047234D15F8503C032B14D0FCF7F7
:109E10002BFD06464FF000088027DFF87C905FFAA4
:109E200088FA56450AD895F86D39013303F00703CF
:109E300085F86D39BDE8F0870226EBE715F08AFD5D
:109E40004FEAC804F0B9B8F1010F09D1D9F80430CC
:109E50001B7813F0FD0F14BF4FF0010A4FF0020AF8
:109E60005146D9F8540023F0CEFC95F86D392C44B6
:109E70001C44031EB8BF03339B1084F84D3908F10E
:109E80000108CCE795F86D392C441C4484F84D79D1
:109E9000F5E700BFC4420020409F0020B0E78142A8
:109EA00037B5444C39D90023022984F86E3973D967
:109EB00094F8703994F877291B0443EA022394F844
:109EC0006F293D4D134394F8782943EA02632B61CF
:109ED000D4F871396B61D4F87939AB6194F87D3974
:109EE00094F8751994F87F291B0443EA012313435E
:109EF000EB6114F8F33C13F0310F01D10FF0AEFC1D
:109F000000242E4B1B68EB642D4D55F8043B03B128
:109F100098470134032CF8D114E001290BD801280B
:109F200005D894F86E3903B189B103B030BD01236F
:109F300084F86E39F8E70229BAD114F8F33C13F02B
:109F4000300F2BD103B0BDE8304015F01DBD1B4BC9
:109F50001C48196854F8C43C01AA9C69FFF7FEFD2F
:109F6000012805D1002003B0BDE8304019F078BCCD
:109F7000019B032B02D9E41A032CF3D8012019F01A
:109F80006FFC114BB3F85C030FF080FE0028CCD0BF
:109F900003B0BDE8304033E7C7D1CEE70A4BB3F892
:109FA0005C33002BCED0002015F0A7FB012384F8F2
:109FB0008C39BAE7C442002000000850800A002013
:109FC000444C0020D4410020CC3100200023044820
:109FD000202280F86D39802100F64D1022F08ABBD6
:109FE000C44200202DE98048404BDFF814811B68F3
:109FF000C1B0C8F80C3E054617F0A6F800233C4C4B
:10A00000C4F88039C4F88439C4F8883994F88D3993
:10A010000BB917F099F80023364A374952F8040B68
:10A02000884205D0002854D104EB8303C3F890196B
:10A030004FF00009D4F8A809042349461BAAC4F824
:10A04000AC09CDF86C9015F02FFA00B3D4F8A869DC
:10A050002822494625A822F04DFBB6B13378022BC1
:10A0600013D8CDF80490B3680A2200937368F0689F
:10A0700025A903F009FC002782460DF1940B5745F2
:10A080002BD1002FEDD10FF069FE1C4B1B931B9BB6
:10A090001A4A934266D839D0B3F1A06F4FEA1362DF
:10A0A00030D218F055FD002625AA08230321D4F844
:10A0B000AC09CDE92566ADF89C6015F0F5F90A23E9
:10A0C0000321D4F8AC0925AA8DF89C6015F0A8FAF4
:10A0D0001AE00133062BA1D1AAE75BF8041BF06854
:10A0E00003F018FD0028D0D10137C8E7180600207A
:10A0F000C4420020544C0020A403030802180706A1
:10A10000CC310020052ACED016F0C6FC0026DFF8A0
:10A11000E0923346CA46D4F8ACB99F4F2593BBF1C1
:10A12000000F00F00D815846396825AA15F0CCFAC9
:10A130000023002840F007817968259A91421CBFCE
:10A1400003200126954A083797420AF8010BE5D10A
:10A15000002E40F0FB801E230421914AD4F8AC0964
:10A1600015F0A2F94FF400512A7BD5F808A003920C
:10A170008C4A8D4EC4F8102A0C32C4F8442AD8F800
:10A180000C2EA4F86C1AC4F8782A06F134012022A7
:10A1900000230127C4F8701A07210A92301D84F8A1
:10A1A000D43984F8D63984F8D739C4F8D839C4F802
:10A1B000DC39C4F8483A0A9A84F8D57984F8741AD4
:10A1C00025F03CFC84F8647AC4F8686A09F074FEEF
:10A1D000DAF808301B781F4006D1990600F1DA80C2
:10A1E00013F0100718BF03270026DAF80C306F4869
:10A1F00093F80890B8F85C33B9F1FF0F13A908BFC2
:10A200004FF00009ADF84C300FF076F9BDF84C3046
:10A210002A22A8F85C33664B3146C4F8FC3A654BF9
:10A220000DF19600C4F8043B634BC4F8006BC4F80E
:10A230000C3BC4F8086BC4F8106B22F05BFA0423E3
:10A240008DF894908DF895708DF89830DAF80C3080
:10A2500003211A78D4F8AC098DF899205A88ADF802
:10A260009A209A88ADF89C20DA88ADF89E20534A4F
:10A270002892534A2992534A2A92534A2B92534A7C
:10A280002C925A7A8DF8B4209B7A1BAA8DF8BC3098
:10A290000A23CDE91B66ADF8746015F005F99DF849
:10A2A000733009F0FD02092A8DF8963007D1013B81
:10A2B000012B04D901208DF896000FF001F925A893
:10A2C0000FF030FD00228DF898004148C4F8402B73
:10A2D00011464260083017F03BFAB8F85C3323B9F6
:10A2E0006FF065010E200FF075FD3A4B3A482E9342
:10A2F00023F0AAF8142200211CA822F0FBF9374B06
:10A30000374E1B93374B384F1B880022ADF87C30FB
:10A310004FF48063ADF87E304FF48073ADF8803039
:10A32000324B1BA91B6807F15400219306F580638B
:10A330002296239321F05EFB029000285AD0FEE77C
:10A3400001263046FEE602200126FBE60027012614
:10A35000BA46114B53F837B019F8013B022B0BD119
:10A3600026B1002158460FF059F9064606F00106BD
:10A370000137062FEDD1EEE6032BF9D15946D4F87B
:10A38000AC0925AACDF894A015F09EF9002EEDD0C9
:10A390002599E7E7022727E7AC030308DC03030856
:10A3A0007A4C0020A09F00200C4D0020C8450020C2
:10A3B000DD1D0108F12B0108ED2C01087175000865
:10A3C000DD76000805AC00081F750008D84D002098
:10A3D000044E0020892E0108690345EC4D2E020829
:10A3E0004C4E0020486B0308409F00204C6B030834
:10A3F000744C0020A6F6DC360DF1940CBCE80F007E
:10A400000FC6BCE80F000FC69CE8070086E80700EF
:10A41000C94E0121786D19F087FEB6F80833786DC2
:10A4200016A9ADF8583023F0B3F8786D16A923F0CB
:10A43000C5F80122786D114623F0E7F8BCA3D3E9F3
:10A440000023CDE90023786D4FF0FF324FF0FF334A
:10A4500023F0B8F84FF0FF30029914F8347C23F061
:10A46000CDF9C0B9BFB116AF06F543760FCE0FC711
:10A4700033684FF0FF303B6016A923F0BCF950B9A8
:10A4800006214FF0FF3023F036F820B901214FF0BC
:10A49000FF3023F0B3F9A94FA94917F8543C17F836
:10A4A000530C049337F94E3CA64E37F94C2C0793C6
:10A4B000023817F8503CA1F1280C012888BF6146EA
:10A4C000706D0692059322F0D5F88346002853D18B
:10A4D000069A079BDFF88082D221706D28F8702CD5
:10A4E00028F86E3C28F86C3C22F0E3FA706D19F005
:10A4F00005FEC728D4BF8C22C82237F94A3C5946EA
:10A500009342A8BF13465846A6F8782027F84A3C3D
:10A5100015F084F9DDE9040115F0EEF9B168706D0C
:10A5200023F075F915F002FA73689A88A6F882206C
:10A530005A8886F87F20187816F09AFA824B834A58
:10A540005B6823F0404323F440031B0C1B0493423D
:10A5500012D0322616A88DF8586018F0C3FA9DF86C
:10A560005830B3FBF6F206FB123338F8702C324445
:10A5700052FA83F328F8703C724E754F736807F1F6
:10A580000408187816F074FA0122706D002611463E
:10A5900023F037F9B34615F002F9B04200F2B98161
:10A5A00001276C4B6C4E1B68A6F1580046F85C3CCA
:10A5B00018F098FADAF8080006F8577C0EF008FA56
:10A5C00048460FF070FBE922E421A6F1560022F084
:10A5D00091F83946614A624817F0BAF80021614A99
:10A5E000614817F0B5F8FDF7ABFA039B534E042B07
:10A5F00001D0BB4225D100271BA901201B9714F0D5
:10A600003DFE1B9B59491A0A86F86F3986F877294F
:10A6100002201A0C1B0E86F8783986F8702914F07F
:10A620002DFE5349032014F029FE04201BA914F029
:10A6300025FE1B9B86F8757986F87F391B0C86F8FA
:10A640007D39FFF7C3FC16F8F33CDA0702D5012089
:10A65000FFF724FB00274FF0090B3F4E454BDFF877
:10A660001C81A3F60C092B6206F19403EB6206F140
:10A6700096032B63C5F82480C5F8289004F86CBCB9
:10A6800004F86B7C04F86A7C08F008FBF82106F1FA
:10A69000980306F1E8020520009725F024FA364BCE
:10A6A000C6F8C005D3F800A006F2C453C6F8C40526
:10A6B000A821C6F8CCA586F8C8B52B6106F5C462FA
:10A6C00006F5BA630220009725F00DFA0A2386F8F2
:10A6D000743706F5EE63C6F870078821C6F878A7C8
:10A6E000AB6106F2CC7206F27C730420009725F071
:10A6F000FAF92A686B79C6F8EC09C6F8F009C6F8C9
:10A70000F82986F8F439E021E86106F6FC1306F62C
:10A710004C220220009725F0E6F92A682B79394669
:10A72000C6F80C0CC6F8100C2AE000BFAFF300808E
:10A73000088D015522020000D4000308C442002005
:10A740007C030308409F00200080E00F00001703F7
:10A7500052530020800A0020BC5300206568000886
:10A76000D4410020D5B10008A8420020354C00207B
:10A770003D4C0020D84D002018060020F4030308AB
:10A78000C6F8182C6861684A09F5757086F8143C9B
:10A7900016F0DEFF112244F8705C0024AB6A2146FB
:10A7A000C6F81C3C96F8203C6048112B88BF86F800
:10A7B000202C08F1080398BF86F8202C5C4A8CBF37
:10A7C000C6F8243CC6F8243CC6F8284C16F0C0FF56
:10A7D0002146584A584816F0BBFF2146574A584868
:10A7E00016F0B6FF574BC6F8EC4C13F8F33CC6F81E
:10A7F000F04CDB070FD5052322460221204619F035
:10A8000071F801215048514A16F0A2FF4FF47A71B5
:10A810004D4817F07BF800240020FFF793FA4C4BCB
:10A820002146C6F8EC3C4B4B4B4A1B684B48C6F8DC
:10A83000383DC6F8F04CC6F8344D16F089FF1822A2
:10A8400021461BA821F056FF2146182225A8169460
:10A8500021F050FF4FF4E02025A9FDF7EDFE10B3E5
:10A860003F4B44F201011BA81B930FF0CBF84FF4B0
:10A87000E0223C4B20921E931C9BDAB222B923F0BB
:10A88000FF0343F001031C9314F0DAFC022846D1C5
:10A8900040F201131C9325A91BA815F04DFC10B123
:10A8A00010F18B0F06D14FF4E0202F4916AA15F0B6
:10A8B000E6FC18B10FF0ACF80FF068F9AB680026B1
:10A8C0005B682A4F18780FF0A3FE294B04215B68C0
:10A8D000D7F8580393F80080FF230DF123028DF879
:10A8E000233001230B9614F0DFFD9DF82330FF2B5E
:10A8F00044D0FBF7A3FF1F4B5B682B7B032B00D0DF
:10A9000013B901200EF010FF1B4C204615F0F8FF84
:10A91000FBE707F801BB28F802BB01363BE601283C
:10A9200008BF1C90B7E700BF55740008E85F00201F
:10A93000D718020891DE0108286000203989010833
:10A9400068600020C4420020B06000209D9E000886
:10A9500051690008800A0020E1880108F8600020A1
:10A960004171FF000000020938610020CC31002055
:10A97000409F00200080E00FDC5F00201022314665
:10A9800017A8169621F0B6FE6622314626A80C9628
:10A99000ADF834600E96ADF83C6021F0ABFE43F2AA
:10A9A0003903ADF8943043F23013DFF84892ADF834
:10A9B00096300EAC99F8013009A98DF8243019F8B9
:10A9C000023B0CA88DF8253014F0CAFB20460CA9D8
:10A9D00015F06AFA206828AB9A1998512379053640
:10A9E000282E1371E6D1872309A90CA8ADF82430CD
:10A9F00014F0B6FB06210CA821F0C1FF7C4B421ECF
:10AA0000ADF89D308DF89F309DF80830029998423E
:10AA100001F10101029100F2BD8043F2310343F2E2
:10AA20003006ADF8CA304FF488534FF0000909A939
:10AA30000CA8ADF82430ADF8C86014F091FB2046A6
:10AA40000CA915F031FA94E8030033908DF8D0107A
:10AA50000CA809A9ADF8249014F082FB20460CA99B
:10AA600015F022FA2379ADF824908DF8D53043F211
:10AA70003023ADF8D63043F232034FF004090E987C
:10AA800009A9CDF8D1000CA8ADF8D83014F068FBB6
:10AA900020460CA915F008FA0E982379CDF8DA00B3
:10AAA00009A90CA88DF8DE30ADF8249014F058FBFD
:10AAB00020460CA915F0F8F90E982379CDF8DF009F
:10AAC00009A90CA88DF8E330ADF8249014F048FBE8
:10AAD00020460CA915F0E8F994E8030040F6182385
:10AAE00039908DF8E8100CA809A9ADF8243014F0BD
:10AAF00037FB20460CA915F0D7F92379A8F10208F5
:10AB00008DF8ED3043F63003ADF8EE3043F23033DC
:10AB1000B8F1010FADF8F03094BF032301230E9874
:10AB20003033CDF8E9001BA8ADF8F2608DF8F430B1
:10AB300024F06AFF002838D06FF092000EF068FF12
:10AB40000FF024F8BDF8583009A95BBA0CA8ADF88D
:10AB5000243014F005FB20460CA915F0A5F994E863
:10AB60000300202326908DF89C10224A0321D7F859
:10AB7000580314F055FD25AA6A230521D7F8580378
:10AB800014F04EFD01230421D7F858030BAA14F04A
:10AB900047FDAEE640A9C91AD31A03F580736B448A
:10ABA00013F8D03C01F8613C2EE7134B5821CDE956
:10ABB0001B301D9023901BA824F02DFF0DF19D0349
:10ABC000109301230D4A1193129216AA1392149313
:10ABD0000B4B10A91BA8159303F0B0FF1BA813A9DA
:10ABE00024F022FF1BA824F0B1FA0028AAD0A3E782
:10ABF000303030003861002000020003580000208F
:10AC000014000020FFF7E2B92DE9F14F0F4E377B1A
:10AC1000052F00F29981DFE817F023009901150252
:10AC20000600320247020A4B0A4A93F8F31E0A4B07
:10AC3000934280F089811878884240F0BD815B683A
:10AC4000064801B0BDE8F04F184700BF409F002004
:10AC5000CC310020F864000840630008BC400020AC
:10AC600040F2DC53DFF8C4830121C8F8603E96232C
:10AC70003A20C8F8A83E03F033F80121292003F058
:10AC80002FF804220821002015F0E0FC0921012200
:10AC9000002015F0DBFC4FF0010940F6AA63C74C19
:10ACA000DFF88CB30025CBF80490636141F2050313
:10ACB000DFF880A3C24AA5604FF42070E565E36029
:10ACC0002561E561E564CAF84820A56525656565E7
:10ACD000CAF80490CBF80490E36003F007F94FF44E
:10ACE000E112430103F56123B3FBF2F3B54A203BC4
:10ACF00002EAC30360220221CAF80820B24ACBF854
:10AD00000850E361A565C2F898170422CAF85C20D0
:10AD10001422AE4B6561C3F898274FF40022C3F8A4
:10AD2000B0274FF41022C3F8A8274023DFF808B358
:10AD30008BF809334FF40073CBF80030DFF8FCA236
:10AD4000A34C0AF56562C4F8D426B422C4F8D82608
:10AD5000C4F8B8264FF040729E490AF69C53C4F8D6
:10AD6000BC269D4AC4F8B436C4F8CC16C4F8C43620
:10AD7000B3214FF00003C4F8C0260322C4F8D05614
:10AD80009AF8045F61F30E13C4F8C826A4F8BC3621
:10AD90006DBB924825F0E9F8914825F0E6F8494660
:10ADA000202002F09DFF4946212002F099FF4FF03C
:10ADB000F0518C4B0322C3F804909960FF219D61F0
:10ADC00099624FF000419D631D6459654FF4800501
:10ADD0004FF0FF3103F50053196516201146CBF8EB
:10ADE000805104F0A3F9CBF800508AF8049F0025A5
:10ADF0004FF00409DFF848B200200BF108027A494D
:10AE000003F008FB794B7A4A7A49DA60A3F580436C
:10AE1000C3F8C050C3F8BC50C1F85090EFF3118094
:10AE2000302282F311885A6D42EA09025A6503F50D
:10AE300080538D619D61C3F8349080F31188BFF316
:10AE40006F8F0521C8F818BE4FF0010B5B4A03F560
:10AE5000E033C3F804B0684855615161C3F84C90C1
:10AE60002946664A16F004FE634816F023FD29467B
:10AE7000634A644816F0FCFD624816F01BFD594613
:10AE8000614A624816F0F4FD604816F013FD48462A
:10AE9000FDF7F0FB5E4B9AF8052F96F838101A7004
:10AEA00098F80B2E88F8F5BF5A7096F85020597113
:10AEB0009A7096F85120DA7096F852201A7151B1B2
:10AEC000F26B581D013A013712F8015FFFB2B94227
:10AED00000F8015FF7D196F890200B4402F0FD02D4
:10AEE000A2F10900424242419A714A4A0B31526A28
:10AEF000C9B2100ED871100C1872100A58720A20BC
:10AF00009A7215F089FD00231A46434911F8010F82
:10AF100000B1013301320C2AF8D1052B11D83F4D75
:10AF2000002228463E4B3F49FEF763FE48B9012107
:10AF300014F8803CEA1882F864103B4A1C3345F848
:10AF400023200120FDF722FD012012E0374A92F86C
:10AF5000661399B1AA2192F8643301FB0320002102
:10AF600090F8683300F2693290F8670318F090FDAA
:10AF7000042001B0BDE8F04FFBF78ABC92F8BA3864
:10AF800093B1AA23052492F8B80803FB002513FB0C
:10AF9000004002F6B802024495F8BC3895F8BB08A8
:10AFA00018F076FD2046E4E70120FEF7BBFA012801
:10AFB00040F08F800320DCE7083339E600C00550FD
:10AFC000FFFF0100F8FF7F0000E0035000C00350C6
:10AFD000C4420020F174000824C005504004030856
:10AFE00044040308000004504804030800400450CF
:10AFF0000200040000200450E83F0020D174000843
:10B00000E1740008304000200D75000878400020F1
:10B01000280B002000000850E70A0020840A0020C6
:10B020003DFB00081442002031680008CC310020AC
:10B0300000D0055000E0055000E100E0BC530020C6
:10B04000784900200020FEF76DFA022804D1002282
:10B05000214B83F8B72877E705283AD11E4A92F8A2
:10B06000B738591C022B82F8B718F0D800231A46BB
:10B070001946184601B0BDE8F04F18F009BD002090
:10B08000FEF750FA022804D101B0BDE8F04FFBF7FB
:10B0900011BC05281DD1104A92F8B738591C022B53
:10B0A00082F8B718E2D9EFE70020FEF73BFA022852
:10B0B00004D101B0BDE8F04FFBF716BC052808D15C
:10B0C000054A92F8B738591C022B82F8B718CDD927
:10B0D000EFE701B0BDE8F08FCC31002094E593E5B7
:10B0E00092E50129F8B504460D4608D8814257D8A3
:10B0F000012801D8AC4252D92946204652E02D4BB6
:10B1000093F8142A002A3ED1032C03D804212046A8
:10B11000FEF7C5FE22F014FE274B284C9860002055
:10B1200017F0F2F90322264B5A614AF6E853E56E0E
:10B13000E66E25F0030545F002051643236672B658
:10B14000204F03F0EDF83B6F012023F0070343F09D
:10B1500001033B6703F004F9002017F0D5F97B6E7B
:10B160005B0142BF184B194AC3F82024184BE5660F
:10B17000E666E566E666E566E666E566E666E56673
:10B180009B6A30BFFEE793F8173A022BBCD0A5426A
:10B190000CD9FEF784FE012C08D8022DBAD8F8BDD0
:10B1A00001210020BDE8F840FEF779BE022DB1D1A3
:10B1B000A0E700BFC442002000000850004000503B
:10B1C000006006500080005000E003500000FF0FB8
:10B1D000004009502DE9F041EFF3108072B62B4D7D
:10B1E0002B4F95F894302B4EFE2B04BF95F858301A
:10B1F00085F8943024F0F4FB95F8940014F064FB87
:10B2000087F8060F08F092FE044640B3224B032154
:10B21000B3F85C3397F8072FFF2B03462CD9022095
:10B2200008F0B2FB40F6FF7395F9951095F996007A
:10B23000A4F844300EF0CEFD6389204643F4007339
:10B2400063810023C4E9053384F88430134B1B6801
:10B2500046F8243C012306F8283C09F045FD16F881
:10B26000F30C10F001000ED1BDE8F04105234FF4BE
:10B27000FA62022117F0C0BF012008F085FBFF230E
:10B28000A4F84430D8E7BDE8F08100BF409F00201B
:10B29000BC530020C4420020CC310020800A002092
:10B2A0000348044B834202D0034B03B11847704755
:10B2B0003CA200203CA2002000000000064B0749F1
:10B2C000C91A891048BF0131491003D0044B0BB192
:10B2D00001481847704700BF3CA200203CA2002054
:10B2E0000000000010B5064C237843B9FFF7D8FFE3
:10B2F000044B13B10448AFF300800123237010BD49
:10B30000289D002000000000786B030808B5054B5D
:10B310001BB105490548AFF30080BDE80840FFF7C1
:10B32000CDBF00BF0000000078300020786B03081C
:10B33000A3F5803A704700BF174B002B08BF134B93
:10B340009D46FFF7F5FF00218B460F461348144A30
:10B35000121A21F0CFF90E4B002B00D098470D4B5D
:10B36000002B00D098470020002104000D000D485C
:10B37000002802D00C48AFF3008000F029F820002C
:10B38000290004F0C3FF00F011F800BF000008001E
:10B390000000000000000000080400200804002055
:10B3A000609D0020000000000000000008B5064B72
:10B3B000044613B10021AFF30080044B1B6803B1B6
:10B3C0009847204600F045FE00000000C8310020EC
:10B3D00070B50D4D00260D4C641BA410A64209D17A
:10B3E0000B4D00260B4C24F0CBFD641BA410A64291
:10B3F00005D170BD55F8043B01369847EEE755F886
:10B40000043B01369847F2E734A2002034A2002022
:10B4100034A2002038A20020FEE72DE9F0410446C6
:10B420000C264FF00108134D0CB314F001000BD0A3
:10B43000002024F0010406FB00525768002FF3D0CF
:10B440009168C0B2B847EFE72246013020284FEAA2
:10B45000520201D0D307F8D508FA00F20F2824EAE7
:10B460000204E8D9103806FB0052B432E5E7BDE823
:10B47000F08100BF08040020074BD3F82404D3F860
:10B48000202403F50053104000F0553020F05020E8
:10B49000C3F82004C1E700BF00C00350074BD3F836
:10B4A0002404D3F8202403F50053104000F0AA3000
:10B4B00020F0A020C3F82004AFE700BF00C0035075
:10B4C00010B50378CBB15A1ED2B2022A14D80C4957
:10B4D00031F812204078C240D2070DD5EFF3118425
:10B4E000302282F3118801215343064A8140D15012
:10B4F00084F31188BFF36F8F10BD40F2FF72E9E74C
:10B50000E8FF020840F0035002461378002030B5EF
:10B510000BB3591EC9B2022918D8104C34F81110B7
:10B520005478E140C90711D5EFF31185302181F33B
:10B5300011884B4303F1A04303F570331B6CE340C8
:10B5400003F0010085F31188BFF36F8F93780BB977
:10B5500080F0010030BD40F2FF71E1E7E8FF020832
:10B560004369426CD91C143AB1FBF2F103EBC10000
:10B570000330B0FBF2F00230704738B505460C4698
:10B58000FFF7EEFF6A6CE31D143AB3FBF2F30133ED
:10B5900004EBC30402FB004038BD73B506460D46FC
:10B5A0000024F36B01225B6901A928199847019BCC
:10B5B000013309D1736C043462196A405B421A4248
:10B5C000EFD0204602B070BD0024FAE72DE9F34128
:10B5D000154690F842201E46012A0CBF0223042380
:10B5E0005D43CF7D2C1D844605F00205BFB915B122
:10B5F000012724F00304486808342044DCF83C3078
:10B60000012A5B6927D101A9984717B1BDF8063017
:10B610000193BDF80430336002B0BDE8F08155B14C
:10B6200024F0030400230D7E01F1200ED8B28542E0
:10B6300003D80020E2E72F46F4E73EF8330003F199
:10B640000108A04204D901EBC303D8690834D4E748
:10B650004346241AEAE70122314602B0BDE8F04130
:10B660001847D01E009B42424241187E824211D1AF
:10B670001A688A420ED85A688A420BD35A69013234
:10B680005A61D3E9030282423FBF986840F8221012
:10B6900001321A610120704700234FF0FF3230B5AC
:10B6A00044689C4202D10023037230BD016801EB63
:10B6B000C30541F833206A600133F2E70023F0B597
:10B6C00045689D4210D00468DF0054F8332004EB35
:10B6D000C306B2F1FF3F08D0C2F31302914204D176
:10B6E0004FF0FF33E3517360F0BD0133E9E710B56C
:10B6F000032A029C07D1A26A5340626C5242134251
:10B7000001D1FFF7DBFF012010BD0023F0B5456834
:10B710009D4202D14FF0FF300EE00468DE0054F885
:10B720003340671C09D0C4F31307B94205D1240D77
:10B730001470036833445868F0BD0133E8E773B50B
:10B74000164600F108040D46204609680DF107026F
:10B75000FFF7DBFF032E05D16B68834202D1204641
:10B76000FFF7ACFF012002B070BD00BF2DE9F04330
:10B77000466886B3056898464FF0000CA946AE4669
:10B7800055F83C400CF1010CC4F31307013401D00F
:10B79000B94217D066450EF1080EF1D12F460024AC
:10B7A00003E0A64207F1080712D055F834300134FF
:10B7B0000133F6D1C1F3130141EA0851C7E9001280
:10B7C000BDE8F08341EA0851CEE90012BDE8F083FC
:10B7D000B8F1030F03D101230372BDE8F083002306
:10B7E00003E09E4209F10809F5D055F833400133D2
:10B7F000C4F30754032CF4D1C1F3130343EA0853F1
:10B80000C9E90032BDE8F08308B508301346D1E934
:10B810000012FFF7ABFF012008BD00BF2DE9F0418A
:10B820000646406882B0C0B10F4690460024336897
:10B8300053F8345003EBC403C5F30752C5F31301A7
:10B84000013504F1010406D05B683046CDF8008074
:10B85000B84710B170688442E9D302B0BDE8F08106
:10B860004FF48032064B00209A6641F6713203F5A0
:10B870001C33DA63012203F50053DA60704700BF1E
:10B880000090005041F671320121064BDA6303F556
:10B890000052D1600022DA634FF48032A3F51833EE
:10B8A0009A66704700000350704737B5054601F1AE
:10B8B0000C04436901A9012220469847BDF80430D1
:10B8C0000122009369462046AB69984703B030BD1A
:10B8D000202A0B681EBF4FF0FF3191408B4359085F
:10B8E00001F055315B1A03F033319B0803F0333319
:10B8F0000B44017803EB13130A444FF0013103F0BA
:10B900000F334B43A2EB13620270704737B5044606
:10B9100000251B22011D0DF107008DF80750FFF7D0
:10B92000D7FF63689DF80720B2EBD36F03D123F0F4
:10B93000784003B030BD1B2204F108018DF8075098
:10B94000FFF7C6FFA0689DF80730B3EBD06F0ABFC2
:10B95000C0434FF0FF3020F07840EAE74BF29A22E4
:10B96000036810B5B2EB134F044613D19BB2012B01
:10B9700015D1FFF7CBFF013011D04FF6FF72E06811
:10B98000B2EB104F4FEA10430BD180B2C01A18BF70
:10B99000012010BD013314BF04200320F9E7042067
:10B9A000F7E70220F5E7F0B50546002687B0EC6919
:10B9B000013CB44203D80C46204607B0F0BD01B1AB
:10B9C0004C1E6F6C2868EB6B05225B6901A907FBB5
:10B9D0000400984701A8FFF7C1FF0128ECD92146D0
:10B9E0000136E4E770B50025044686B00562E369D8
:10B9F000AB4202D8206A06B070BD666C2068E36B6B
:10BA000005225B6906FB050001A9984701A8FFF71D
:10BA1000A5FF012898BF236A05F101059CBF0133EA
:10BA20002362E4E7F0B504460D46466CE36B00681C
:10BA300087B005225B6901A906FB0500984701A8AC
:10BA4000FFF78CFF012804D801A8FFF75FFF07B0BC
:10BA5000F0BD29462046FFF7A6FF0646676C206822
:10BA6000E36B05225B6901A907FB0600984701A863
:10BA7000FFF74CFF431CEAD0B54238BF0130E6E780
:10BA80002DE9F0430646994689B0036908460F46FA
:10BA9000904698470446002867D1D9F804305B0ADD
:10BAA000012B22464FEA530304F10104F8D899F818
:10BAB000035099F802302D03DB0203F4006305F410
:10BAC00080551D43B9F800304FF00009C3F30A0355
:10BAD00052032B4492B29D18294B0DF107001B22F3
:10BAE00028F0784402A9039302948DF80790FFF799
:10BAF000EFFE9DF807306FEA054544EAC3640494FD
:10BB00006FEA08041B2224F0784402A902948DF8FD
:10BB10000790FFF7DDFE9DF807306FEA154544EA10
:10BB2000C3644FF0FF3301220594069307A9B3695C
:10BB3000079507F11000984701220446B36905A94B
:10BB400007F1080098470122484518BF0446B36929
:10BB500004A9381D98470122484518BF0446B36917
:10BB6000384603A9984728B1044639463046FFF7BE
:10BB70009CFE01E0002CF8D1204609B0BDE8F0831E
:10BB800001009AB238B50446456C006804F14003E0
:10BB900005FB0101E06BFFF773FF05462046FFF749
:10BBA00021FF284638BD034B5A6812B19A6A002A11
:10BBB000FAD17047004006504FF480322DE9F84327
:10BBC000204B4FF001089A6641F671331E4D044632
:10BBD000EF69EB631D4B0021C3F80C800223686101
:10BBE00021202B61174024F0DBF9DFF8689006462E
:10BBF00040B1C9F80C8007B1E96301360CD16E2061
:10BC0000BDE8F883212024F0CBF9C9F80C8007B1F6
:10BC1000EE63431CF3D008B17120F1E70C4B9A6836
:10BC200001230A3202F01F02934023F0030323444E
:10BC30009C4201D10020E3E754F8042B0132F7D0F5
:10BC40003E20DDE70090005000000350001003503C
:10BC50000080E00F0020035000F01F02A0F5062036
:10BC6000A0F55060212810B511D80121094B4009D9
:10BC700003EB80049140D4F868210A43C4F868219A
:10BC8000D3E95C21521801D1C3E95A2210BD4FF00B
:10BC9000FF30FBE708040020BFF35F8F074B5A6AB1
:10BCA00022F480325A62D3F8942022F00102C3F8C1
:10BCB0009420BFF34F8FBFF36F8F704700ED00E00C
:10BCC000BFF34F8F0549064BCA6802F4E062134385
:10BCD000CB60BFF34F8F00BFFDE700BF00ED00E07A
:10BCE0000400FA0508B5294B83F30A884FF4804114
:10BCF000274B284A9A60D3F8882042F47002C3F890
:10BD00008820254A91664FF0FF31244A1166244964
:10BD100051660221C3F8D010BFF34F8FBFF36F8F6E
:10BD200001204FF440331F49C1F88001D3600860FF
:10BD3000A2F5005213611C481C4BC01A801014F06D
:10BD4000C1FC1B4B1B498B4212D300201A4B1B49D1
:10BD50008B4218D3FFF7F0FA186850F82240586861
:10BD600040F82240013298688242F5D30C33EAE76A
:10BD70000022F8E71C6844F8220001325C68A24205
:10BD8000F8D30833E4E70022F8E700BF08000020FA
:10BD900000ED00E0006000080090005000A00044AA
:10BDA0007FFF7F0100E100E0A062000880610008E1
:10BDB000806B03088C6B03088C6B03088C6B030887
:10BDC00010B5044644EA010313F00303084609D101
:10BDD000934201D1002010BD54F8231040F82310E5
:10BDE0000133F5E72146920020F081FDF2E738B5F6
:10BDF000202204460D460C30002120F07BFC4FF041
:10BE0000FF33C4E90035A36038BD08B538B124F06C
:10BE10000DF8002814BF6FF01D00002008BD6FF062
:10BE20001B00FBE70148FDF7B6BE00BF840A0020F7
:10BE30002DE9F04F454EB9B0E0220021684620F0D0
:10BE400059FC434FD6F81C9706F5E4686946D9F8C3
:10BE5000040024F029F80128044602D039B0BDE8D6
:10BE6000F08F9DF80030802B25D0822BEED19DF8ED
:10BE700004103878BDF8063002289DF8082086F8AE
:10BE800020179DF8061009BF1B0A002486F82137E9
:10BE900086F8221718BF86F821179F2A154628BF53
:10BEA0009F25331983F82257002A47D1E91C2144E2
:10BEB0004920C9B23FE038789DF8B030022818BF59
:10BEC000002486F82037BDF8B8309DF8AE109DF8F4
:10BED000B820C4F1A305EDB203BF1B0A86F82227E0
:10BEE00086F8213786F821278D4228BF0D4604F1B8
:10BEF000030B06EB040A2A4601A908EB0B008AF89B
:10BF0000225720F0F4FC04209DF8BC2073195B44F8
:10BF100083F820279DF8BD200AEB050383F824272A
:10BF20009DF8C020073483F825279DF8C1202919E2
:10BF300083F82627C9B214F03BFD87E7E01C2A46A8
:10BF40000DF10901404420F0D2FCAFE708040020C5
:10BF5000DC9E0020F0B51D4CA3B08822002168466D
:10BF60001B4E20F0C7FB04F5F967D4F81C5704F505
:10BF7000FA646946E86823F097FF012801D023B0EE
:10BF8000F0BD9DF80030C02B08D19DF808302BB1D2
:10BF9000019B1BB19DF8090003A998479DF800304B
:10BFA000C32B05D0C42BE4D12046FCF783FCE0E78B
:10BFB0000121324608469DF8043016F017FD384638
:10BFC0009DF80410FCF77DFCD3E700BF08040020B7
:10BFD000A8FF02081FB54FF000639B6A03F1784287
:10BFE000B2F5C04F1CD21C6B04F17843B3F5C04FBF
:10BFF00016D2002301A8CDE9023314F071FB039B94
:10C00000DB030DD5029B1A0E0AD0012A03D1C3F31C
:10C0100007430A2B04D9236C04B0BDE8104018472D
:10C0200040F2011004B010BDBFF34F8F0549064B1D
:10C03000CA6802F4E0621343CB60BFF34F8F00BFC6
:10C04000FDE700BF00ED00E00400FA054FF0FF300F
:10C050007047FEE7002070470020704700207047BF
:10C06000174B10B50446D3F8200100F0070006284E
:10C070001FD8DFE800F0040A0E2112161A0001236F
:10C0800004B1206001B10B6010BD0E4B5868052350
:10C09000F6E70C4B98680323F2E721F061FD0723D4
:10C0A000EEE7084B58680623EAE7064B9868042336
:10C0B000E6E700231846E3E702230348E0E700BF72
:10C0C00000800050DC9E0020002D310110B508B327
:10C0D0000378E3B1013BDBB2022B1DD80F4A32F8E3
:10C0E00013304278D340DB0716D5EFF311843023A9
:10C0F00083F311880122017840785943084B82402C
:10C100005A5084F31188BFF36F8F002010BD40F2A6
:10C11000FF73E6E72220F9E72120F7E7E8FF0208AE
:10C1200040D0035010B508B30378E3B1013BDBB254
:10C13000022B1DD80F4A32F813304278D340DB0768
:10C1400016D5EFF31184302383F31188012201788F
:10C1500040785943084B82405A5084F31188BFF30A
:10C160006F8F002010BD40F2FF73E6E72220F9E751
:10C170002120F7E7E8FF020840E0035007B5037805
:10C180008DF8043043788DF80530837801A823B901
:10C19000FFF7C8FF03B05DF804FBFFF797FFF9E76F
:10C1A00007B503788DF8043043788DF8053083782F
:10C1B00001A823B9FFF78AFF03B05DF804FBFFF77E
:10C1C000B1FFF9E738B5054644692146FFF7D5F9CF
:10C1D0006A6CE31D143AB3FBF2F3013304EBC304BE
:10C1E000204438BD0368F0B5CC1A436C0646B4FB56
:10C1F000F3F4002587B0F36937685A1E9542706CD6
:10C2000006D3736C306803FB0400143007B0F0BD34
:10C210000134B4FBF3F203FB1244F36B05225B69B8
:10C2200001A900FB0470984701A8FFF797FB0128BC
:10C23000E7D90135DFE72DE9F041D0E90A369E4222
:10C24000044686B028D11422C369456802FB135501
:10C25000284606B0BDE8F0812068676C331AB3FB4E
:10C26000F7F3E26B07FB0300D2F8148001A9052263
:10C27000C04701A8FFF772FB012804D0636C1D447E
:10C28000013B3340ED1A31462046FFF7ABFF06462F
:10C29000A36AB342E0D1DBE70025F9E710B423F04D
:10C2A000030422449B070A44436C18BF04325B42D8
:10C2B00082EA0104234202D05DF8044B92E7104663
:10C2C0005DF8044B70472DE9F04F97B0CDE9082396
:10C2D0000D460A69416CD31D1439B3FBF1F30133E8
:10C2E00002EBC302036B04469342C0F0CF820023EB
:10C2F000DFF8C0920C93E36AAD4819460693FFF746
:10C3000076FDD5E903370393099B022B40F0268184
:10C31000CC2F40F0A682089B002B00F0F180002675
:10C320006868E36B01225B69119611A90830984790
:10C33000B04694F84230012B40F0AD80632E2DD9E9
:10C34000119B666C069A1293731E1340F61AE36BE8
:10C3500001225B69686814A99847149B13F07E0F4B
:10C3600014BF04230823782F059340F2078101228C
:10C3700000234FF0080A04922A68C9F8E877C9F840
:10C38000D827099A032A00F01F81022A00F0C780EB
:10C39000049A002A14BF00220722C4E0612E08D8A4
:10C3A00014AB324629462046FFF710F99DF850306D
:10C3B00023B314AB3246294620468DF84C80FFF754
:10C3C00005F994F84230DDF850A0012B52D14FF618
:10C3D000FF739A4500F09280082214A913A8FFF772
:10C3E00077FA9DF84C20CAF307239A4240F08680E2
:10C3F0005FFA8AFA119B534411937FE094F842301C
:10C40000012B2DD132462946204612ABFFF7DEF82C
:10C410002946204613AB721CFFF7D8F82946204660
:10C4200014ABB21CFFF7D2F80823102213A90DF1A8
:10C4300043008DF84330FFF74BFA102214A9FFF7A1
:10C4400047FA129BDAB2002A51D19DF84320B2EB91
:10C45000132F4CD1DDE9133203EB0243119346E075
:10C46000302E2BD943E09DF84320B2EB134F3ED141
:10C47000139BF3E7BAF1FF3F40D0102214A913A891
:10C48000FFF726FA9DF84C20CAF307439A4235D1AC
:10C490001FFA8AFAAEE7312E3FF652AF89D014ABBD
:10C4A000324629462046FFF791F8BDF85030002B60
:10C4B0007FF47FAF94F84230012BA3D03246294657
:10C4C000204612ABFFF782F82946204613AB721CB8
:10C4D000FFF77CF81023202213A90DF143008DF8FB
:10C4E0004330FFF7F5F9129B9AB2002ABBD094F8BB
:10C4F0004230012B14BF012302231E44013618E7EA
:10C50000039B01221B684FF0080A12932B680492C8
:10C51000C9F8D83708230593089BC9F8E877049A27
:10C52000C2F10202D2B289F8EC274FEA9A020E92C7
:10C53000069A019200220A920D9207920B92606C69
:10C54000019A411E1140421A002F3FD053449A4293
:10C5500047D8236B1B1A0B4423635BE1666C069A76
:10C56000731E1340782FA6EB030619D8EB7D8BB909
:10C57000089B002B7FF4EBAE042305933B1DB342D5
:10C580001AD9F7B1082E3FF6F2AE042300229A46DC
:10C590000492F1E6089B002B7FF4D9AE0823ECE768
:10C5A000089B002B7FF4D3AE08230593DFE600BF82
:10C5B000E00B002008040020002304934FF0040A3D
:10C5C000DAE604230497F9E7099AACE75245C0D3A9
:10C5D000B846019B53440293079B002B18BF0323CB
:10C5E00014E0A2EB0A02019B9742B846534428BFCD
:10C5F000904697420293EFD90123D9F8E82789F8AA
:10C60000EF37974243D1019AC9F8DC27079399F88D
:10C61000EF37002B3DD099F8F0270199D31C09EB97
:10C62000C303C3F8DC1707990132A3F8E08783F846
:10C63000E21789F8F027B8F1000F14D0099B022BFC
:10C640002BD10A9B7BB90D9B4344032B0BD9E36B86
:10C6500001229B69029812A998470646002840F0DB
:10C660001B8101230A9399F8EC372E68884A012B25
:10C6700002EAC61628F07C4B40F289809A1E012AF5
:10C6800003D908F1070303F07F031E4385E002236B
:10C69000BCE7019BC9F8DC37CDE7089B002B31D103
:10C6A000039BB8F1030F03EB080B28D9DDE9020166
:10C6B000E36B4FEA98029B6998470646002840F0D2
:10C6C000CA8018F003025FD0039B28F003063344AE
:10C6D0000393029B1E444FF0FF33039913A8139357
:10C6E00020F005F9E36B304601229B6913A99847B6
:10C6F0000646CDF80CB0002EB5D0029B6FE0424646
:10C70000029EE8E705F12003DDF808B00F93EB7D0A
:10C7100068689BB100232E7E0B9AD9B28E4211D944
:10C720000F9903F1010C31F83310914226D9059984
:10C7300005EBC303D8690A44104403E00B9B059A38
:10C7400013441844E36B01225B6913A99847139BB8
:10C75000012211930B9B584604330B93E36B11A9F1
:10C760009B699847029B06464344A3EB0B03042BAB
:10C7700007D9002872D10BF1040BC8E76346521A9F
:10C78000CBE7CDF808B0B6E7CDF80CB06BE7079A69
:10C7900043EAC263334343F060464FF000038DF831
:10C7A0004C30049BCDE9146B002B49D0202214A9F6
:10C7B00013A8FFF78DF81A2215A9FFF789F89DF83D
:10C7C0004C304BEA83631593E36B0E9A9B69019897
:10C7D00014A99847019A061E0C9B18BF134652468F
:10C7E0000C93204643460199FFF758FD236B08F14F
:10C7F0000302A3EB0A0322F003029B1AC9F8E00725
:10C800002363002E48D10D9BA7EB080743440D93EB
:10C81000029B019320460199FFF7E4FC002301905D
:10C82000002F7FF48CAE1B4A2968D2F8E03704F160
:10C830000800E362D2F8DC27099BFEF797FF11E0BE
:10C840001B2214A913A8FFF743F89DF84C3046EAC1
:10C85000C3661496B8E7CDF80CB04EE7CDF808B033
:10C860004BE77027384617B0BDE8F08F002754E03B
:10C870002A69616CD31D1439B3FBF1F3013302EB68
:10C88000C302236B9342BFF436AD61E01C27E9E796
:10C8900080FFFF07080400203D2E59D104F1080352
:10C8A00001932768069B2046E16AD4F844A0A3EBD5
:10C8B000070BFFF797FCA26ABBFBFAFB8242D7D0BB
:10C8C000616CD9F8E02701F1FF3C02EA0C0C226B05
:10C8D0000C9B521A624422632268E0629A1AB2FBED
:10C8E000F1F8C345C2D10AFB0877069B07F1140B88
:10C8F000B3EB0B0711D0E36BBA0859469B69984715
:10C900008246E26A069B3A44E262226B0198D21A9E
:10C910005A442263FEF7C0FE57462368616CE06B01
:10C9200001FB0831FEF7C1FF2046FFF75BF8204608
:10C93000FFF781FC2063002F9AD02A69616CD31D18
:10C940001439B3FBF1F3013302EBC3029042A8D2D6
:10C95000374687E72DE9F0434FF6FF79D0F824807A
:10C9600004460E46C84514BF45460025002787B03B
:10C97000E369BB4202D807B0BDE8F083E26B2368ED
:10C98000606CD2F814C000FB0530052201A9E04715
:10C9900001A8FEF7E3FF022806D0C8450CD1721C9F
:10C9A00029462046FFF7EEF8E3690135B5FBF3F2BF
:10C9B000013703FB1255DBE729462046FFF732F823
:10C9C000B0F1FF3F14BF024632460132E8E70346AA
:10C9D0000846EFF3108172B6024ADB6BC2F8041806
:10C9E000DB68184708040020036813F07E0F03D1AA
:10C9F000406820F07C40704713F078001CBF03F0C3
:10CA00007F03D81F70472DE9F04F144606460F46A6
:10CA10008BB00393C36B01225B6907A960689847D9
:10CA2000F36B01225B69384606A99847079B5D1C9A
:10CA300007D10022A360A275627500200BB0BDE88B
:10CA4000F08F0122A2750022217E069D04EBC10118
:10CA5000CF610A846068C5F3D31CB84205F07F013A
:10CA60000CD14FF0FF33C4F800C02175A360237DC3
:10CA7000043B022B26D80023A375DEE794F814E0CC
:10CA800020688E4503D1A0EB0C004242424103F0E6
:10CA90007F0001288CBF0020012001298CBF0021CC
:10CAA0000121884218BF002215F07E0FA27503F005
:10CAB0007E0304D1002BDAD00023A375D7E7002B27
:10CAC000D5D1F9E715F07E0F0FD1F36B022238466E
:10CAD0005B6908A9984708A8FFF786FF237D032B09
:10CAE00050D8DFE803F0140E045806A8F4E7CC226F
:10CAF000237E04EBC3031A840123694A13449B7900
:10CB00000AE0237E04EBC30318840023F5E7237EA9
:10CB100004EBC30318840123149A1370069A12F0CD
:10CB20007E084FEAD26A227E37D1F36B04EBC20251
:10CB30000AF003055B69B2F8209082F8225008A938
:10CB400002223846984720220DF117000DEB020112
:10CB50008DF81780FEF7BCFE1A2209A9FEF7B8FE71
:10CB60009DF81730099A4FF0080BB3EB926F0CBF8A
:10CB7000012300236375637D33BB0023A3754FF04E
:10CB8000000851E0227E013BDBB204EBC202052B20
:10CB90001084C0D8B1E70223AFE7002504EBC2023E
:10CBA000B2F8209082F8225006A91B2208A88DF81E
:10CBB0002050FEF78DFE9DF820204FF0040BA2EBD5
:10CBC0000A0253425341D5E794F81680B8F1000F9A
:10CBD000D5D0B9F1000F09D1DDB10123E375637E32
:10CBE000002B35D1012D28D1657614E0736C07EB4D
:10CBF0000B02594287EA020008421CBF0021A175BE
:10CC0000591E0A409B1A4B45B7D3A37D002BE3D195
:10CC1000B5E7E37D43B94FF000084B465A46394625
:10CC20003046FFF73BFBA060A27D237EBAB9012B03
:10CC300033D801332376A07D00E796F8343063B90A
:10CC4000F36A0133E9D1032DE7D10123A376E2E7AB
:10CC5000012DE9D0032DDED1F7E79846DDE7226903
:10CC6000012B4A44226118D801332376039B002B01
:10CC7000E1D0E37D002BDED0B8F1000FDBD1032D36
:10CC8000D9D0A1684B1CD6D0149B224600933046C5
:10CC90000123FFF7B8FEA075CDE70023A375CAE70F
:10CCA000E8FF020813B50C46002121760093616865
:10CCB00013462246FFF7A7FE18B1E37D03B1A07E1D
:10CCC000A075A07D02B010BD2DE9F04F0F469A4629
:10CCD000002389B004464FF0FF31104690468DF88E
:10CCE0000B30FFF784F8B7F5801F20D2394603AA2E
:10CCF00004F10800FEF709FD451C014605D1237C1F
:10CD0000BBB92D2009B0BDE8F08F4046FFF76FF8A2
:10CD10000122414620460DF10B03FFF7C3FF002817
:10CD2000EDD09DF80B308AF800300020EAE7B81CFF
:10CD3000E5D1E66A711C2CD12046616AFEF733FE0C
:10CD40000646BB1C18BF0123DFF8C4B00093636A1A
:10CD5000626C0193236803A902FB0639E36B484622
:10CD600005225B6909F114099847002549464B1CC7
:10CD700005D0636C81EA09025B4213420FD0314651
:10CD80002046FEF710FE019BB3422FD085BB06461E
:10CD9000DDE72368F61A636CB6FBF3F6D1E71B48B0
:10CDA000FFF725F82046009A18490DF10B03FFF70D
:10CDB00079FF8446B8B1BA1C03D0DBF8D837BB4240
:10CDC00011D145469DF80B30DFF840E08AF800307D
:10CDD000BEE80F000FC5BEE80F000FC59EE80700B4
:10CDE00085E807006546DBF8E017C0E7002D88D02E
:10CDF000B7F5801F99D239469AF80030D8F8042048
:10CE000004F10800FEF7B2FC8FE700BFE00B002042
:10CE1000080400202DE9F341089C032A17462668E0
:10CE200006D1237A012B25D0012002B0BDE8F08184
:10CE3000DFF8988030460DF1070308F60802FFF787
:10CE400043FF60600028ECD12568D8F80C38A96A47
:10CE5000D5F844C04B40CCF100021340207AE0D119
:10CE6000012809D1E068D8F8182802447069824284
:10CE700002D92374207CD8E72868EB6A1B1A081AA9
:10CE8000B3FBFCF3B0FBFCF083420BD1706CF36A94
:10CE9000421E1340326B121A134428463363FFF7C5
:10CEA000A1F9E862D8F81828E36808321344E3606F
:10CEB00001223B4604492068FFF705FA606000281C
:10CEC000AFD00020B1E700BF100C00200804002004
:10CED000032A2DE9F34106460D4617461C4606D1A6
:10CEE000237A012B24D0012002B0BDE8F081DFF8C5
:10CEF000608009680DF1070308F60802FFF7E4FEF9
:10CF000060600028ECD19DF80720237A032AE7D03F
:10CF1000D8F80C186A689142E2D1012B2969D4F83B
:10CF20000CC007D172690CEB0103934202D9207443
:10CF3000207CD9E708316144E1603B460122294663
:10CF40003046FFF7C0F960600028C9D00020CBE769
:10CF5000080400202DE9FF410C4617461E460546F1
:10CF600090B390F834308BB3B1F5801F30D2DFF836
:10CF700064800121FFF72BFD214628460DF10F03A8
:10CF800008F63402FFF7A0FE044678B99DF80F308A
:10CF9000012B12D1D8F844389E4213D1024600909A
:10CFA00033463946284613F0B3FB0446E86B15F0C8
:10CFB000C3FD204604B0BDE8F081022B14BF2D2430
:10CFC0006024F3E76324F1E72124F2E71124F0E77A
:10CFD0002924EEE7080400202DE9F04385B00C4633
:10CFE00017461E460546DDF83080A0B390F8343071
:10CFF0009BB3B1F5801F32D2DFF868900121FFF7B3
:10D00000E6FC214628460DF10F0309F63402FFF72E
:10D010005BFE044688B99DF80F30012B14D1D9F876
:10D02000442806EB08039A4213D300904346324645
:10D030003946284613F06CFB0446E86B15F07CFD7E
:10D04000204605B0BDE8F083022B14BF2D246024D8
:10D05000F3E76324F1E72124F2E71124F0E7292420
:10D06000EEE700BF080400202DE9F3411F4600232E
:10D070000C46164605463B6058B390F8343053B31F
:10D08000B1F5801F29D2DFF858800121FFF79FFCFE
:10D09000214628460DF1070308F63402FFF714FE77
:10D0A0000446A0B99DF80730032B10D0022B0AD1FB
:10D0B0000123336004233B60E86B15F03DFD2046FF
:10D0C00002B0BDE8F0813060D8F84438F3E72D2491
:10D0D000F2E72124F3E71124F1E72924EFE700BF69
:10D0E0000804002073B50D46D11E4A421C461B7E23
:10D0F0004A419A4228D129682368994224D3636817
:10D10000994221D8124E0DF1070306F60802FFF7E7
:10D11000DBFDC8B9D6F80C286B689A4214D19DF88B
:10D120000730DA1E53425341227E93420CD1636989
:10D1300001336361D4E90323934205D22968A268CD
:10D1400042F8231001332361012002B070BD00BFFB
:10D15000080400202DE9F743044616461F460D46F5
:10D16000DFF87480816AE36A8B421ED04B1C1CD0AE
:10D17000DFF860904846FEF73AFE01224946204615
:10D180000DF10703FFF78EFD30B13B4620469DF8B9
:10D1900007201049B04740B1D8F868184A1C07D09A
:10D1A000012D0DD0E36A9942E4D103B0BDE8F083CC
:10D1B000D8F864182046FFF715F8012D0146D2D1A2
:10D1C000D8F8643881EA0302636C5B421A42ECD1FE
:10D1D000C9E700BF680C0020080400202DE9F041D9
:10D1E000036B9046826B07689A4288BF8363426CE8
:10D1F000436A92B002FB0377C36B0E46052203A974
:10D200005B6904463846984703A8FEF7A7FB012848
:10D210000146307070D0656CE26B2368606AD2F8AA
:10D2200014C005FB0030052208A9E04708A8FEF756
:10D2300095FB01284FF000053CD0D4E90A320121CA
:10D240009342CDE90D458DF83C8010958DF8441042
:10D2500043D119462046FEF7C5FF236B626C143399
:10D260009B1AE06223630E9B1BBB9DF8443003B303
:10D27000636A626C2568D4F83C8002FB03550C3568
:10D280000122D8F8143001A9284698474FF6FF72BA
:10D29000019B99B291420CD11B0C1B0443F4254312
:10D2A00043F0A503029301222846D8F8183002A9BA
:10D2B00098470E9DE36B05225B6903A938469847A2
:10D2C00003A8FEF74BFB30702846236BA26B9A42F3
:10D2D00088BFA36312B0BDE8F081237C33B91D4938
:10D2E0000DAA04F10800FEF799FABCE720461A4A95
:10D2F0000DABFFF72FFFB6E7237C23BB2246174970
:10D3000004F10800FEF78AFA616A2046FEF78AFBFC
:10D31000616A421C2046FEF735FC054620B9236BA6
:10D32000626C1344143B23632046A16AFEF75AFF44
:10D330002368A062C01A636CB0FBF3F06062204601
:10D34000FEF779FFB6E700232046054AFFF702FF04
:10D35000DAE700BF15CE0008D1CE0008EFB600080E
:10D360003FB700082DE9F0474FF0FF334FF6FF724B
:10D370000025044600F1080AC0E909238AB0C36207
:10D380000562056350460F46FEF786F92046FEF714
:10D3900029FB18BB20463946FFF7DCFA2046FEF78A
:10D3A00021FB18BB5E200AB0BDE8F087E26B606C21
:10D3B0002668536905A9052200FB0560984705A862
:10D3C000FEF7CCFA012828D129462046FEF72AFB91
:10D3D000421C29462046FEF7D5FB0135E3699D42F4
:10D3E000E4D32046FEF7FEFA0028D3D000254FF004
:10D3F000FF394FF6FF73C8462F46C4E90853E36967
:10D400009F4214D3A5EB0905012D30D84FF6FF72CA
:10D41000636A93423DD16720C5E70338C0B2012853
:10D42000DBD829462046FEF7FDFA0246D1E7E26B3B
:10D43000606C2668536905A9052200FB07609847C0
:10D4400005A8FEF78BFA01280FD805A8FEF75EFAAB
:10D45000404538BF6762814528BF8146854238BF55
:10D4600005468046236A013323620137C7E74FF63A
:10D47000FF7300256362E3699D42C7D2676C206831
:10D48000E36B07FB050005225B6905A99847013599
:10D49000F1E7E26B676C206855696946052207FB76
:10D4A0000300A847626A616C23684A4D01FB02339E
:10D4B0001433A3624FF0FF336FF00101E3622046A3
:10D4C00005AB05F60802FFF7FFFB002847D1D5F8AA
:10D4D000105829462046E562FEF75FF8206320B920
:10D4E0002046E16AFEF77EFEE06229462046FEF70E
:10D4F00079FE0546A36A9D4233D12046FEF730F8F7
:10D50000002780463D46E3699D423CD3B84555D946
:10D510002046616AFEF747FA0026054604F1400AF4
:10D52000B74212D8626C2368694602FB0539E36B87
:10D5300005225B69484698476846FEF7E7F9534677
:10D5400002464946E06BFEF79BFA29462046FEF765
:10D550002AFA0136B0450546E2D1642023E7A56AE0
:10D56000B7E729462046FEF718F8236B29460344FF
:10D57000074623632046FEF735FE0546002FB9D146
:10D58000C4E90B07B6E7626C236805A902FB0539FD
:10D59000E36B05225B694846984705A8FEF7DEF96C
:10D5A000012809D8204609F11401FDF7F6FF636C44
:10D5B000143B984208BF01370135A4E75046FEF7F7
:10D5C0006BF8002320461946034AFFF7C3FD0020ED
:10D5D000E9E600BF0804002009B800082DE9F84377
:10D5E0000023A34F0E46D7F88C880446C7F88C3822
:10D5F00018B921252846BDE8F88390F834500DB3BA
:10D6000009680268914240F029817168426891423C
:10D6100040F02481B1688268914240F01F81F16836
:10D62000C268914240F01A8131694269914240F0EA
:10D630001581B169C26B914240F0108172691D463B
:10D640008261D7E768222946D0F838901FF052F857
:10D65000336804F1080023607368C4F8389063608D
:10D66000336963617369A361D6E90223C4E90223C4
:10D67000FEF712F8B36904F14000E3639B68984732
:10D6800000284CD1616C11B16368B3FBF1F194F8DF
:10D690004330E161002BACD00023656C2366002D84
:10D6A00000F0E480002900F0E1802368B3FBF5F28C
:10D6B00005FB1233002B40F0D380D4F80490B9FB63
:10D6C000F5F605FB1696002E40F0CA802046FEF7C0
:10D6D00079FDA369043303449945C0F0C38040F643
:10D6E00034726369CC3B934200F2BE80B5F5805F33
:10D6F000C0F0BC8003212046FFF769F9D4E900019E
:10D70000E36B1B6898470546E36B0220DB6898478C
:10D710003DB184F83460E06B15F00EFA6AE72946F3
:10D72000B5E741462046FFF71DFE6428054604D1B3
:10D7300041462046FFF716FE0546636C143B8DBB41
:10D74000226A204602FB03F6FEF73CFDA369043380
:10D7500003449E4203D284F834505A25DBE7012368
:10D76000D4E9006084F83430D7F89038D7F894883A
:10D770000133C7F89038FEF78FFA1F2816D8BFF389
:10D780005F8F05223B4BC3F894205A6A42F48032E3
:10D790005A62BFF34F8FBFF36F8FBFF34F8FBFF34B
:10D7A0006F8FB8E7002384F83430B4E74FF0000CF3
:10D7B000F10600F1FF3018BF26F01F0106EB000351
:10D7C0000CBF31462031DA062A4A18BF23F01F0366
:10D7D0005FFA8CF0804526D8D2F8C00021F01F01F6
:10D7E00020F47F4040F48070C2F8C00041F0030193
:10D7F000EFF31186302080F31188D7F8940823F0D6
:10D800001F0343F00303C2F89800C2F89C10C2F84B
:10D81000A03086F31188BFF36F8FD7F894380133A7
:10D82000C7F89438ABE7C2F89800D2F89C00D2F859
:10D83000A06020F01F00884226F01F0601D19E4202
:10D840009DD08E4201D3984299D9D2F898000CF11C
:10D85000010C20F0FF00C2F89800B9E75D25C9E689
:10D860005925C7E65A25C5E65F25C3E65B25C1E60F
:10D870000804002000ED00E001490248AEE600BFC8
:10D88000E89E0020A00C00202DE9F0410F4616462E
:10D890009846044688B060B390F83450FDB1012139
:10D8A000FFF795F800210E9BCDE90511CDE9023770
:10D8B0009DF83C30CDF804808DF81C30237C049614
:10D8C0008BB90D4901AA04F10800FDF7A7FFDDE9B6
:10D8D0000553E06B002E08BF1D4615F02DF92846B4
:10D8E00008B0BDE8F0812046044A01ABFFF732FCE6
:10D8F000EDE70546F3E700BF63B60008E5D0000892
:10D900002DE9F34104461F46164688462C4D4FF03C
:10D91000FF3105F60800FEF76AFA9DF82030002274
:10D92000204605F60801C5F81878C5F80888C5F836
:10D930001468FEF7C8FC236E0746002B3BD0204638
:10D94000FEF740FC636E256B03449D422CBF002311
:10D950000123854294BF00252D1A6565257C00268C
:10D9600084F8503084F85850D5B1DFF858803346E9
:10D970003246314620460196CDF80080FFF784FFFD
:10D9800001230546CDE90083324633463146204621
:10D99000FFF77AFFE36805449D4294BF3546ED1AD0
:10D9A00094F85030E56513B994F858301BB1236EE4
:10D9B00004F150009847384602B0BDE8F08100BF3E
:10D9C00008040020FFFF0F002DE9FF410F4690469D
:10D9D0001E460546002847D090F83430002B45D02D
:10D9E000B1F5801F44D2234C0221FEF7F0FF04F66C
:10D9F0003402394628460DF10F03FFF765F9024658
:10DA000020B16B699E4219D9622410E09DF80F3055
:10DA1000012BF6D1D4F844188E42F2D1009341463E
:10DA20003346284612F074FE04460028E9D1E86B1C
:10DA300015F082F8204604B0BDE8F081284614F0C5
:10DA4000E3FD31462846FDF798FD2C6B844209D34F
:10DA5000012342460093394633462846FFF750FFDC
:10DA60000446E4E71C24E2E72124E3E71124E1E78C
:10DA70002924DFE70804002007B5204890F8003982
:10DA800003B9FEE700236A46CDE900331C490823A9
:10DA900000F69800FFF75EFAE8B91A4AD2F840316A
:10DAA000D2F840211F2B4FF001030FD9203A9340A9
:10DAB000019A1A43019208236A4611491248FFF756
:10DAC00083FF124B124A1A60FEF7AEFA9340009A97
:10DAD0001A430092EFE72D28F3D10A4AD2F84031D9
:10DAE000D2F840211F2B4FF0010385BF203A93400D
:10DAF0009340019398BF0093DDE700BF0804002026
:10DB00000071080000800044A00C002000000020EC
:10DB10000B020FF07FB50C46054648B390F8343041
:10DB200043B3B1F5801F27D20221FEF750FF2146F3
:10DB30002846124A0DF10F03FFF7C6F80646A8B9AA
:10DB40009DF80F30032B11D0284614F05DFD032300
:10DB500021460093324633462846FFF7D1FE04465D
:10DB6000E86B14F0E9FF204604B070BD2D24F7E700
:10DB70002124F8E71124F6E72924F4E73C0C0020DF
:10DB800030B40446EFF3108072B6256885EA0203CC
:10DB90000B406B40236030BC21F022BF2DE9F041E7
:10DBA000884616460446002867D00F2967D80378B0
:10DBB000002B57D0013BDBB2022B60D8324A32F83F
:10DBC00013306278D340DB0759D5304AD2F810536E
:10DBD000002D56D1EFF31187302181F31188D2F84F
:10DBE000100308F1FF300E28237894F801C03FD8C5
:10DBF0000120594300FA0CF00A44002E35D002F5FA
:10DC00008252106042460F21BCF1070F03EB430321
:10DC100088BFACF1080C4FEA03131D4895BF4FEACB
:10DC20008C0C4FEA8C0C04330C3302FA0CF201FA20
:10DC30000CF11844FFF7A4FFB8F1000F0BD101223B
:10DC40003020637821789A40104B00FB01338EB16D
:10DC500003F582531A6087F31188BFF36F8F28464C
:10DC6000BDE8F08140F2FF73ABE702F50152C8E76F
:10DC70002A46C8E703F50153ECE72225EFE7212503
:10DC8000EDE70225EBE700BFE8FF020800C0035004
:10DC900030C0035013B504460A4822F066F9A27852
:10DCA0000421B2FA82F2237852098DF804306378A5
:10DCB0000DEB01008DF80530FFF770FF002002B07A
:10DCC00010BD00BFF4FF0208044BD3F88420D20635
:10DCD000FBD4D3F88400C0F381107047004000509B
:10DCE000430905D0012B0CD0022B084B18BF002391
:10DCF00000F01F0039B103F58053012282401A6001
:10DD00007047034BF4E703F50053F6E768800050D3
:10DD10006480005038B5174CFF28A26A28D8A36D3C
:10DD2000154D13F4803F18BF4FF48031134B18BFCB
:10DD300099624FF080719962A36995F9285023F494
:10DD40007F03054423F47F4343EA002385F308055A
:10DD500043EA0543A3610A48FFF712FFA36DDB0303
:10DD600004D54FF480310648FFF70AFF002038BD84
:10DD70002120FCE70040005ADC9E00200050005AA1
:10DD80002840005A38B50F4C0F48A26AA36D13F40F
:10DD9000803F18BF4FF480310C4B18BF99624FF091
:10DDA00080719962A569FFF7EBFEA36DC5F30725A6
:10DDB000DB0304D54FF480310348FFF7E1FE28462A
:10DDC00038BD00BF0040005A2840005A0050005A99
:10DDD000014B83F828007047DC9E0020014B93F92B
:10DDE00028007047DC9E00204FF480331048114912
:10DDF000826A8B62836D03F00303032BFAD14FF029
:10DE000080730D488B620A4B996D30EA0101FBD19A
:10DE1000012008490865996D8907FCD4044B996D68
:10DE20008807FCD5996D8907FCD504490448A7E605
:10DE30000040005A0050005A030001000000010198
:10DE40002840005A164B10B5D3F82831044603F089
:10DE50000703013B052B04D8DFE803F00A161E1266
:10DE60000E1A0023184604B1206001B10B6010BDEA
:10DE70000C4B58680523F6E70A4B58680623F2E76F
:10DE80001FF06EFE0723EEE7064B98680323EAE7D0
:10DE9000044B98680423E6E702230348E3E700BF46
:10DEA00000800050DC9E0020002D31010E4BD3F885
:10DEB000403103F00303022B0DD0032B0FD0012BB5
:10DEC0000BBF0A2301234FF40042002200B102607D
:10DED00001B10B60704709234FF40042F6E70B23B2
:10DEE0004FF47A72F2E700BF008000501FB50023A4
:10DEF000B0F5807F019300F041816AD8002800F0DE
:10DF000001812038602877D8602875D8DFE810F0C4
:10DF1000FA000801FA00080117011701170117019B
:10DF20001701080124017F00B30047017F000801A9
:10DF30000801080174007400740074007400740017
:10DF40007400B300080108010801A001660108017E
:10DF50007400740074007400740074007400740021
:10DF6000740074007400740072011701FA00FA0062
:10DF7000FA0057017F007F007601E1009600F10072
:10DF8000F100740074007400740074007400740074
:10DF900074007400740074007400740074007400E1
:10DFA00074007400740074007400740074007400D1
:10DFB00074007400740074007400740074007400C1
:10DFC00074007400740074007400740074007400B1
:10DFD000F600B0F5F06F00F03B8151D8B0F5607FEE
:10DFE00000F0A5801ED8B0F5007F00F08E8007D825
:10DFF000B0F5C07F00F08680019805B05DF804FBA5
:10E00000B0F5207F00F08C80B0F5407FF4D11FF098
:10E0100093FD964B1B6FC3F380230133B0FBF3F0EA
:10E0200040086DE0B0F5B06F00F0968018D8B0F5FC
:10E03000806F00F08480B0F5A06FDDD100218B4BA4
:10E040000391D3F8203203F00703042B06D8022BE8
:10E050007ED8012B78D0022B00F0E680039B97E05E
:10E06000B0F5D06F00F09B80B0F5E06F00F0B680A7
:10E07000B0F5C06FC0D1002101A8FFF717FFBBE7C3
:10E08000B0F5206F00F0BA801BD8B0F5106F00F02B
:10E090009680B0F5186F00F0AD80B0F5086FABD189
:10E0A000724BD3F8003103F00303022B00F0D7804A
:10E0B000032B00F0D780012B40F0D6806C4B9B687F
:10E0C00066E0B0F5306F00F0B5800CD8B0F5286F81
:10E0D00092D10021654B0391D3F8703203F0030312
:10E0E000012BBBD19CE0B0F5386FC4D0B0F5406FC8
:10E0F00082D1002101A8FFF7A5FE7DE71FF0FEFCFD
:10E10000019079E71FF018FDFAE71FF0F7FC574B75
:10E11000D3F89030C3F304630133B0FBF3F0EFE7BF
:10E120001FF00AFD514B1B6FC3F38023F4E71FF070
:10E13000E5FC4E4BD3F88030C3F30113ECE700212C
:10E1400001A8FDF78DFF57E703A8FFF77BFE85E7E2
:10E150004FF40043039381E70021444B0391D3F82C
:10E16000803103F00303022B62D0032B5CD0012B20
:10E170007FF474AF03A8FDF773FF6FE702934FF0CE
:10E18000E0231B695A0705D51FF0D6FC0290029BBD
:10E19000019331E703A902A8FFF788FEF7E7334BA5
:10E1A000D3F8003203F00700032812D05B070AD42B
:10E1B000013801288CBF00200120C003A0E72B4BB1
:10E1C000D3F80832EEE7042806D11FF0B5FC800A28
:10E1D00096E74FF47A7093E7002091E7234BD3F84A
:10E1E000403203F00303032B36D0003B18BF01235A
:10E1F000DB03CDE71D4BD3F85032F2E70023039346
:10E200001A4BD3F8603203F00703013B032B3FF6B0
:10E2100025AFDFE803F002040D090021AAE7002181
:10E2200003A8FFF743FE19E71FF09AFC039015E7D8
:10E23000104B8FE70D4AD2F8902202F00302012A18
:10E2400004D0022AC8D11FF08BFC59E7094857E7D0
:10E25000064BD3F86031C4E74FF47A7398E74FF474
:10E26000004395E7044B93E7002391E700800050BB
:10E27000DC9E0020002D310180D5430208B58020AE
:10E28000FFF734FE034B98429EBF4FF48032024B9F
:10E290001A6708BD005A620200A0005008B54FF48A
:10E2A000C070FFF723FE0649064A884294BF00204B
:10E2B0000120136F23F4806343EA8023136708BDB2
:10E2C00080F0FA02008000504FF48032104B10B5FD
:10E2D0009A66A3F580531B6FC3F3033303FB00005F
:10E2E0000C4BDC69144041F67132DA635A6822F44F
:10E2F000401259B90849884294BF00200120000506
:10E3000002435A600CB10022DA6310BD0349F2E700
:10E310000090005000000350005A6202002D3101AD
:10E3200010B50C4C022015F037FC236F0A4AC3F3DA
:10E33000802301330021094882F80139FFF7C4FF27
:10E34000236F43F4806323674FF4803304F58054D4
:10E35000236710BD008000500804002000B4C404EE
:10E3600038B505461FF0E8FB0446FFF7ADFC012871
:10E37000D4BF012100212046FFF7A6FF002015F0A1
:10E380003FFC25B1FFF78AFFBDE8384076E7064934
:10E39000064A0B6F92F8012923F48063013A43EA9D
:10E3A00082230B67F0E700BF0080005008040020C4
:10E3B000024A536B0342FCD1704700BF0040095032
:10E3C0004FF000420F4B70B55D6E03F580535A66F7
:10E3D0004AF6CD3304460C4980204E6C0B64FFF79F
:10E3E000E7FF0B6A23F4F85343EA04230B62F307B5
:10E3F00044BF064B0B64002DA2BF4FF00042044BFC
:10E400005A6670BD00800050004009503254FFFF32
:10E4100000A000500123F0B5C4B2214DA340D1F8B3
:10E4200000C08F7ACC7A0E7B2B65850005F1A04564
:10E4300005F58825C5F804C030256843240591F802
:10E440000DC044EA074400F1A04000F5802044EAF2
:10E45000465422F00302C0F860C0C4650267EFF3BF
:10E46000118485F311880F4A087A536500B113644B
:10E47000487A00B1936308798A7942EA00420848F1
:10E4800082614D79CA79074942EA05428A61064AA2
:10E490004363936484F31188BFF36F8FF0BD00BFB3
:10E4A0000020045000100450000004500123C0B2AA
:10E4B0008340EFF31181302282F31188074AD06A3A
:10E4C000184209D1526B93430CBF0120002081F305
:10E4D0001188BFF36F8F70470020F8E700000450E9
:10E4E00070B59400224605460E4621F055FD431CAA
:10E4F0000AD058B92246314628461EF030FA002884
:10E5000014BF3D20002070BD6E20FCE77120FAE7AB
:10E51000114321F0F8014904034B490C41F4402117
:10E52000063043F82010704700800350021E30B5BB
:10E530004FF000000CBF0C25042547F6077408496E
:10E5400052B9831D51F82330234023B10130854255
:10E55000F6D14FF0FF3030BD00F11203F2E700BFFB
:10E56000008003503AB122F0030202F1A04202F50A
:10E57000603209B9106070470002FBE74FF4803247
:10E58000064B5A6603F5E6239B69C3F38512827036
:10E5900003F03F021B0B4270037070470090005065
:10E5A00007B5014601A8FFF7E9FF9DF806300122F3
:10E5B0000B804FF4807300204B80054B9B680A331F
:10E5C00003F01F0302FA03F34B6003B05DF804FB92
:10E5D0000080E00F0020704747F6FF739A42F0B5C5
:10E5E0006FD009296FD8394B0B441B7C032B6AD899
:10E5F000374DDE0005EBC30393F8040993F80619C1
:10E60000012815D1002593F80709401A854202D345
:10E610000844C0B2F0BD441BD3F80869A0EB540411
:10E6200036F914609642D4BF254604F1FF30EDE779
:10E63000D3F808090028EDD0B0F90040A24204DC6C
:10E64000B0F902409442B8BF144683883544FF2B8A
:10E6500019BFC8232827B0F90630B0F90870A3EB1A
:10E6600004030CBF0122002293FBF7F395F8056920
:10E6700013441BB29E4201DD002B01DA731E1BB254
:10E680004FF47A7C00EBC305EA88AD685F1C14FB8D
:10E6900002521D4622EAE2723BB25C329E42B2FB5B
:10E6A000FCF204DD00EBC307BF88BA42EAD900EBF5
:10E6B000C5039888904228BF1046884238BF084654
:10E6C000A7E7FF20A6E70020A4E700BFE8FF0208B5
:10E6D000080400200929F0B55CD82F4B0B44197CA5
:10E6E000032957D82D4B03EBC10393F80409D3F842
:10E6F0000819012811D193F8070993F806499042A7
:10E7000094BFC4EB0003C4EB0203001BDBB28342E3
:10E71000C8BF002331F91300F0BD00293AD093F8A7
:10E720000609904202D3B1F90200F5E793F80749D0
:10E73000B1F900009442EFD993F805498B88013C68
:10E74000A3F1FF06734201F10405E4B2734101F144
:10E750000C07DEB2B44216D805EBC3034FF47A754A
:10E760006A43B3F902405B68D21A04EBD47302EB3C
:10E77000630292FBF4F29042CEDBB1F902009042C8
:10E78000CADC10B2C8E737F833C05E1C9445E3D347
:10E790003346DEE70248BFE7E8FF0208080400202E
:10E7A0000080FFFF036813F0704205D1C3F30E032E
:10E7B0000B60D3B100207047B2F1004F0AD0B2F124
:10E7C000204F07D0B2F1304F04D0B2F1404F01D00A
:10E7D000212070478268D20404D5C369002BF7D08A
:10E7E0001B68E5E703F07F03E2E74368002BEFD007
:10E7F0000B60DFE7002337B50C4601A905460193FE
:10E80000FFF7D0FF28B9296811F0704103D1019BAF
:10E81000236003B030BDAA68B1F1004FC2F380336A
:10E82000C2F34035C2F3003207D1062103EB4503A2
:10E8300001FB0233019A5343EAE7B1F1204F04D1BF
:10E840002B4402EB82021344F4E7B1F1304F02D0C3
:10E85000B1F1404F01D12B44ECE72120D9E72DE95C
:10E86000F34705680F680446BD420E4690469A4637
:10E8700005F070492AD0B9F1004F06D0B9F1404FE8
:10E8800003D0212002B0BDE8F08785EA0703B3F189
:10E89000805F0CD3BAF1000F2FD1B8F1000F18D060
:10E8A000A368B268534013F4E04F12D0E9E70023A5
:10E8B000204601A90193FFF775FF0028E1D1019AD5
:10E8C000C2F30E0215431743BD42DAD1B9F1000F6E
:10E8D000E0DB0023204601A90193FFF763FF002836
:10E8E000D0D1009069463046FFF75CFF0028C9D1BF
:10E8F000DDE900329A42C5D0C3E7B268B8F1000F33
:10E9000003D0A3685340D904BBD49304E1D4B8E73F
:10E910000023F7B50B600368054603F070430B60F6
:10E92000C2680C46032A00F28180012A6ED812B117
:10E9300043F000632360D5E90223900102F04071A7
:10E9400067D5B1F1407F67D0002B6FD04FF00072D8
:10E95000236823F0407313432360EA68022A07D137
:10E960002A69032A62D823F47F0343EA024323601F
:10E97000EB68032B03D12B69F62B57D9A370AB6837
:10E980001A0442BF236843F400432360EB68032B5F
:10E9900009D023682A6823F4FF4323F07F03C2F3DE
:10E9A0000E02134323602B68AE68002B06F48057D9
:10E9B0003EDB16F4E84F39D12B6806F4806603F08D
:10E9C000704303F10043B3F1804F04D21EB12368BA
:10E9D00043F4806323600023284601A90193FFF7D5
:10E9E000E1FE88B92B6813F0704139D12368019A90
:10E9F00023F4FF4323F07F03C2F30E02134323608B
:10EA000017B1EB6993B10F2003B0F0BD43F0806301
:10EA100090E7B1F1407F03D143B14FF0407297E7E7
:10EA200002F08072002B93D1002A91D02120EBE7D5
:10EA3000730406F400520CD4002AF7D0236843F480
:10EA400000532360002FB7D0236843F48053236022
:10EA5000B2E7236843F480432360002AF2D0EDE755
:10EA600003F05043B3F1004F05D0B1F1304F02D065
:10EA7000B1F1404FDAD1019B2268013B03F07F03E3
:10EA800022F07F0213432360002FBDD0EA69002AE1
:10EA9000CCD0B1F1004FB6D1117F61B1002EB3D00F
:10EAA00043F400732360537F002BADD0236843F4FD
:10EAB00080732360A8E7537F002BA5D0002EA3D03E
:10EAC000F4E701234B60C368013B012B08D882693E
:10EAD000054B1AB10A6000208B607047034AF9E7C2
:10EAE0004FF00053F7E700BF0800002004000308C0
:10EAF000012373B5C56806469D420C464B6016D887
:10EB0000002301A90193FFF775FE70B9019B05B1C0
:10EB10001C3372699A4207D332696AB1226043F0AA
:10EB200000530020A36000E01D2002B070BD023D34
:10EB3000012D01D80023F4E72120F6E7436813B93B
:10EB4000416070475B685A68012AFBD15960704781
:10EB5000044890F82C3923B1034B00F51360DB6AAD
:10EB60001847704708040020DC9E002000F01F03B7
:10EB7000A0F50620A0F55060212811D801229A4066
:10EB8000094B400903EB8003D3F870111143C3F81C
:10EB90007011D3F8681121EA0201C3F868117047B7
:10EBA0004FF0FF30704700BF080400202DE9F04F00
:10EBB000A9B0CDE9032180461D4604460822339FB3
:10EBC00028FA02F383EA08039E0702F1080218BF3D
:10EBD0009B00202A1C44F3D12123B4FBF3F3834E82
:10EBE00003EB4313E41A96F8943904F5062404F56C
:10EBF0005064002B3FD1FEF73FFE814600287CD1B8
:10EC00000146402208A81DF075FD4946402218A87B
:10EC10001DF070FDDFF8F09106F698030593744B34
:10EC2000CB4609F110094B4528BF4B46002603F19E
:10EC3000FF3A10225B46CDE900A6059808A9FEF729
:10EC400023FE034608AA9E4244D101231022CDE9A7
:10EC500000A368485B4618A9FEF716FE4FF0000BAC
:10EC6000824618AED3454DD1634B9945D7D1012289
:10EC70005E4B83F894294FF021090026DFF86CB130
:10EC8000A4F50623A3F5506252090BEB8202D2F8D9
:10EC9000700104F01F01C840C0074AD4D2F86821AF
:10ECA000CA40D20737D52122A3F6FF43B3FBF2F2C5
:10ECB00002EB42129B1A002E08BF264603F50624DB
:10ECC000B9F1010904F55064DAD1039B2BB326B3E3
:10ECD00034462AE052F8040B07930692FFF746FFEA
:10ECE000DDE9062301300BD10022404B83F8942943
:10ECF0003E4B93F89439002BBDD16FF091000EE09C
:10ED00000136A0E756F8040BFCF7A6FF0130EFD060
:10ED10000BF1010BA6E7039B23B96FF08B0029B021
:10ED2000BDE8F08F002E18BF3446349B00201C60D5
:10ED3000F5E7329B13B10023329A13600FB1002321
:10ED40003B604FF0100A00232A4621462948CDF89F
:10ED500000A0FEF741F9002836D1329A274BF2B1D4
:10ED6000C2F800A02A689A421DD021462148FEF729
:10ED7000D1FE0028D1D1D5E9022304998B4208BFE6
:10ED800042452AD02123A4F50624A4F6FF44B4FB6F
:10ED9000F3F303EB4313E41A04F5062490E72A681F
:10EDA0009A42E8D0E1E7002FE5D03B4621461148E2
:10EDB00018AAFEF759F938B9329A3B68126893429B
:10EDC0009BD39B1A3B60D6E70D4B9842CDD063286E
:10EDD000CBD00C4B9842CED08FE7039B002BA4D016
:10EDE0006B68012BA1D16FF0840098E70804002024
:10EDF000216D0800A00C0020306D0800105D175E2A
:10EE0000FFDF00F0FEDF00F0006D080010B5002409
:10EE1000436814601B0A04D0012B10D06FF08500EA
:10EE200010BD038823F0FF00B0F5824F04D1413BB1
:10EE3000DBB2012B00D9013100201160F0E72C3149
:10EE4000FAE7F8B5134642880C460732072A4FEA1C
:10EE5000D20101D0A1426DD1D0E9016705882022FD
:10EE6000184600211DF046FC360A034626B1012E45
:10EE700011D06FF08B00F8BD002C5BD041F2010285
:10EE8000954205D0B5F5885F02D0B5F5905F1BD1EE
:10EE90005C600020EFE7C660002C4BD041F201021D
:10EEA00095420BD15C60B90707F001021FD4002A1C
:10EEB000EFD19A6842F080729A60EAE7B5F5885F10
:10EEC000F0D0B5F5905FEDD0B5F5105F0AD1182CF4
:10EED00003D0202C01D0102C2CD1C3E90044002EEB
:10EEE000D7D0E0E705F44F42B2F5824F02D06FF081
:10EEF0008500C0E7EAB2412AF9D1202CF7D10F4AA8
:10EF000025F0FF05B5F5E24F1A600CD0B5F5824F3C
:10EF100010D14FF4005217F4705F09D017F4864FE8
:10EF200004D09A60E3E74FF48042F4E742F4806251
:10EF30009A60D4E76FF086009DE700BF200000B024
:10EF40002DE9F041164600221C4643688CB01B0A8E
:10EF500007460D46009204D0012B5AD06FF08B006B
:10EF600092E0028822F0FF03B3F5824F4FD143882D
:10EF7000413A0733D2B2DB08012A009305D90A7857
:10EF8000042A3DD06FF086007EE0B342FAD1DDF86E
:10EF90000080224641463846FFF753FF002873D1D0
:10EFA000C4E90305F51C25F003056561B8F1000F00
:10EFB00000F0A4802022002101A81DF09BFB414607
:10EFC000384601AAFFF73DFF002840F097802368EC
:10EFD000019A9A4240F092806368029A9A4240F005
:10EFE0008D80A368039A9A4240F08880A369079AAB
:10EFF0009A4240F08380E369089A9A4244D07DE0C7
:10F00000013EB6EB430F05F10105C0D0BAE700960B
:10F01000BDE7032EB6D90B78012B7DD149780029A5
:10F0200043D0F739082999D801A353F821F000BF3C
:10F030008FF0000855F000085DEF00085DF0000853
:10F040005DEF0008A7F000085DEF000899F00008E8
:10F05000A1F00008F8254FF410561FE0FA254FF0F4
:10F06000807610271C22002102A81DF043FB0323F9
:10F07000CDE904350197039601AD0FCD0FC495E896
:10F080000F0084E80F0000200CB0BDE8F081F725E8
:10F090004FF000762027E5E7FE25214E214FE1E7DE
:10F0A000FF25214EFAE7FC25D5E72B2E7FF66AAF28
:10F0B000202220461DF01EFB05F110032361AB0743
:10F0C0000DD001AB05F1280C1A462868696808358F
:10F0D00003C265451346F7D1286801AD10606B681F
:10F0E000103E2360AB6869466360EB682046A3600E
:10F0F00001236661E360FFF755FB28B12022002160
:10F1000020461DF0F7FA3DE7DDF8008008F11C030A
:10F110009E42BFF44BAFF1E76FF09100B4E700BF40
:10F120000044000220000080004400030028ACBF1F
:10F1300000F16040064B4FEA0111C9B2ABBF00F5C8
:10F14000614000F00F0080F800131954704700BFB1
:10F1500014ED00E02DE9F74F002800F0EE8078492B
:10F16000D1F8B049D1F8B4E9EFF3118B302383F330
:10F17000118810F8086C30F806CCF30702D5BCF102
:10F18000000F07D18BF31188BFF36F8F012003B0FD
:10F19000BDE8F08FD1F8A439D1F8AC99A3EBCC033A
:10F1A00030F8048C0093C1F8A43909F10103A0F1EF
:10F1B00008050CF10102C1F8AC39B8F1000F3BD0E1
:10F1C000A5EBC803DF88B3F802A001971F7806F00B
:10F1D0000206FF0725D42EBB019EA6EB0A06012ED0
:10F1E0002AD1009E0CF10202A6F108075244C1F890
:10F1F000AC99C1F8A47930F8028CB8F1000F1DD198
:10F2000010F8085C20F8068C68F3000500F8085C2C
:10F21000013A5A801A7868F300021A700022DA80E4
:10F2200041E04EB110F8086C42446FF3410600F81B
:10F23000086C00269E80DEE72B46DCE7D1F89C694F
:10F24000D1F8A07905EBC8093744B9450ED310F8B9
:10F25000085C013A6FF3000500F8085C002520F80F
:10F26000065C5A801A7865F30002D6E715F8385024
:10F270004E4615F0010532D010F8085C013A6FF3E4
:10F28000000500F8085C002592B220F8065C5A8060
:10F290001A7865F300021A70C3F107023244C2F310
:10F2A000CF02DA80B280002C45D09C4243D86288DD
:10F2B000002A08BF1C46BEF1000F06D09E4504D3AD
:10F2C000BEF80220002A18BF7346C1F8B049C1F841
:10F2D000B4398BF31188BFF36F8F002057E7A8EB89
:10F2E0000C08B8F1010FC7D1B9F80270A9F80250A3
:10F2F0001744B9F80620E2B109EBC2060025D1F89F
:10F30000AC29013AC1F8AC29D1F8A429083AC1F8CE
:10F31000A42910F8082C20F8065C6FF3000200F80E
:10F32000082C1A785F8065F300021A70002EB3D1A2
:10F3300074E71646E2E71C46BDE7222027E700BF38
:10F3400008040020002313B5019369B160B101FBEB
:10F3500000F401A9204611F0D9F8014620B901981E
:10F3600010B122461DF0C6F9019802B010BDFEE7AB
:10F37000002307B5084601A9019311F0C7F80198C9
:10F3800003B05DF804FB0846E4E608461146D9E7F9
:10F39000002303604360704730B5D0E9054553B39F
:10F3A00094420FD0E2B9046974B9036983B30029A8
:10F3B00018BF0D462B78DB0714D5AB8843B3A5EBFC
:10F3C000C305F7E704698CB141B904682378DB070A
:10F3D0000CD5E3884BB104EBC304F7E70C46F5E723
:10F3E0009542E2D0C0E9054530BD1C469542DCD0CF
:10F3F000002ADAD0F6E7944208D08C4228BF0C46A7
:10F40000954207D08D4238BF0D46EBE70C46F7E733
:10F410001D46E7E70D46E5E700232DE9F3478B4E50
:10F420000193D6F8A0390C469A42104604D239B955
:10F4300012B101A911F06AF8019802B0BDE8F08795
:10F440001AB90846FFF786FEF6E7EFF31187302377
:10F4500083F3118834F8063C07304FEAC30820F0E4
:10F460000705A845A1F108017ED234F8020C002856
:10F4700068D0C21A012A65D101EBC00211F8300030
:10F48000C0075FD4B2F802C0A8EB050919EBCC099C
:10F4900058D4B9F11F0F38DDC5F3CF03611924F833
:10F4A000063C0133084624F8023CFFF771FF34F8AC
:10F4B000020C4FEAD9038880D0884B8010B3B2F891
:10F4C00002C0A0EB0C0C1CFA83F39BB202EBC00051
:10F4D000CB80838000235E48FFF75EFF1046FFF776
:10F4E00057FFD6F8A439D6F8A8292B44A3EB080374
:10F4F00093420194C6F8A43933D887F31188BFF337
:10F500006F8F99E70023CB80E4E7D6F8AC0901338D
:10F510000138C6F8AC09D088634424F8063C68B1C9
:10F52000B2F802C0A0EB0C0C1CFA83F39BB202EB06
:10F53000C00024F8023C83800123CCE7002324F898
:10F54000023CF9E7284601A910F0E0FF0028D4D1D9
:10F550004246214601981DF0CAF92046FFF7FAFD00
:10F56000CBE7C6F8A839C8E76ED934F8020CA8EB87
:10F57000050900F1FF3AAAEB030A002839D011F877
:10F58000303001EBC002DB0734D4BAF1000F31D1C7
:10F59000C5F3CF03611924F8063C0133084624F86B
:10F5A000023CFFF7F5FE508800EBD90334F8020C5B
:10F5B0004B808880D088D0B1B2F802C0A0EB0C0C90
:10F5C0001CFA83F39BB202EBC000CB8083802048FF
:10F5D0000023FFF7E1FE1046FFF7DAFED6F8A43964
:10F5E00001941D44A5EB0805C6F8A45985E7C88019
:10F5F000EDE70246B9F1270FF0D9C5F3CF03611942
:10F6000024F8063C0133084624F8023CFFF7C0FE0C
:10F6100034F8020C09F1FF33DB084B8088808AB193
:10F620000AF1010A1AFA83F39BB2CB809380D6F8D1
:10F63000AC3907480133C6F8AC3900231A46FFF746
:10F64000ABFECBE7CA80F2E7019456E7080400203E
:10F65000A40D002003464160EFF3108072B6044A07
:10F66000D2F8C4191960C2F8C43920F0B9B900BF82
:10F67000080400200146EFF3108072B6084AD2F861
:10F68000C43902F6C4122BB1994205D10B6813603C
:10F6900000230B6020F0A4B91A461B68F3E700BFF3
:10F6A000080400200246EFF3108072B60E4991F86C
:10F6B000C839FF2B02D1A2B120F092B91BB9002AA0
:10F6C000FAD0012203E0002A0CBFFF2201221344DA
:10F6D000DBB281F8C839B3FA83F35B0981F8C93921
:10F6E000EAE71A46F3E700BF080400200122024BB4
:10F6F00083F87821704700BF0804002038B5374BE5
:10F700001D6F15F001013CD0012203F50053344C6C
:10F710001A6794F8D83913B31EF012FBD4F8DC3909
:10F72000C01AC4F8E009D4F8E0390BB1D4F8E019F4
:10F73000C4F8E0194FF41671D4F8E039D4F89839C8
:10F74000D4F8E0294B43274903F5742303F23F2300
:10F75000B3FBF1F3934220D2002384F8D83994F814
:10F76000143A73B194F8153A5BB11EF089FA00238C
:10F7700084F8153A84F8163A012384F8173A84F885
:10F78000183A15F000521CBF174B1A67002DBEBF68
:10F790004FF00042144B1A6738BD94F8E439D4F89E
:10F7A000E01904EB8300D0F8EC290133511AD4F8A6
:10F7B000E829DBB2521AD4F8E019C4F8E829C0F8F5
:10F7C000EC190A210932B2FBF1F2C4F87C21B3FB37
:10F7D000F1F201FB123384F8E439BDE70040005A2E
:10F7E0000804002040420F000060005A13B5044690
:10F7F0001EF0A6FA0D4AD2F8203AD2F8281A9C42F6
:10F8000028BF1C46D2F8243A421A63439A4238BFB2
:10F81000C9184FF0000334BF091A0121CDE90033A4
:10F82000034A04481EF064FA02B010BD0804002028
:10F83000EBFB0008340E00202DE9F84FEFF31188A0
:10F84000302383F31188574B57495B6903F001025A
:10F8500013F0020F03F003034B6110D14AB1534A76
:10F86000D2F8583A0133C2F8583A1EF0B5FB1EF0F0
:10F870005FFB88F31188BFF36F8FBDE8F88F4B4EA5
:10F8800042B1D6F8583A0133C6F8583A1EF0A4FBF4
:10F890001EF04EFBEFF3118A302585F311884FF0EF
:10F8A000000B1EF099FB5F46D6F884410CB16369EA
:10F8B000ABB10023012F86F85C3A04D11BF0020F94
:10F8C00018BF86F85C7A1EF033FB222802BF0222A2
:10F8D000354B9A618AF31188BFF36F8FC9E72346CE
:10F8E0005A693AB91A792179914288BF1C469B68B6
:10F8F000002BF5D18AF31188BFF36F8FD4F810B0C5
:10F90000BBF1000F1BD0274B1A6AA369A2EB030AB5
:10F910004FEAEA72DA4572F1000211DB5B44A3613F
:10F92000E36813B1204621689847B4F806B0013760
:10F93000EFF3118A85F311881EF04EFBB4E7DA4627
:10F94000EFF3118985F3118820461EF00FF889F333
:10F950001188BFF36F8F2369002BE1D0A38BBBEB22
:10F960000A0133B1E28B13449BB2B3F57A7F10D214
:10F97000E383EFF3118A85F3118820461EF094FA91
:10F98000A36922691344A3618AF31188BFF36F8FBF
:10F99000C6E7A3F57A73E383A3690139013BA36149
:10F9A000E7E700BF00400650006006500804002052
:10F9B0002DE9F041EFF31187302383F311882F4CA9
:10F9C00094F85D3A002B53D12D48C4F8503AC4F84E
:10F9D0008431C4F8583A20F0C8FA2A494B680BB170
:10F9E000FCF7E1F80122284B5A604D6815F002053A
:10F9F000FBD103220126244B24488D604D624660D2
:10FA00009A615A61FCF7CFF80223CB600D62FCF7D4
:10FA1000CAF8CE60FCF7C7F8CE60FCF7C4F84FF424
:10FA200080221B4BC3F880211A608661EFF3118896
:10FA3000302383F311884FF4F060FEF757FA024643
:10FA400088F31188BFF36F8FC4F8980930B987F332
:10FA50001188BFF36F8F2320BDE8F0812B4640F261
:10FA6000E7310C481CF034FC84F85D6AC4F8600A85
:10FA700087F31188BFF36F8F0020EDE708040020A3
:10FA80001000030800400650006006500050065069
:10FA900000E100E018FCFFFF08B501461EF04CF83D
:10FAA0000C4BA0F57A729A4212D84FF47A73B0FBDD
:10FAB000F3F05943084BB3FBF0F3B1FBF3F002282A
:10FAC00006D90323B0FBF3F0BDE80840F6F718BDF4
:10FAD00008BD00BFFFC99A3B40420F002DE9F34724
:10FAE00012264FF0FF3A134CDFF84C90D4F878868A
:10FAF00004F2DF6704F27C65C9F8508004F2AC645C
:10FB000017F8013F7BB101AA4146686BCDF804A00C
:10FB1000FAF724F8F31C1F2B98BF019A06F101068F
:10FB200098BF49F823200435A542E9D102B0BDE8C9
:10FB3000F08700BF080400200000085070B5094D90
:10FB4000044695F8643A0BB1FFF7C8FF94F83030DB
:10FB500005EB8305D5F8EC361BB12046BDE87040B7
:10FB6000184770BD0804002013460A4601460248A3
:10FB7000D0F8680A0FF098BC0804002013460A4623
:10FB800001460248D0F8680A0FF04ABD0804002078
:10FB9000EFF305830F2B84BF034A9B5C4FF0E023F8
:10FBA000D3F80C3D704700BFF0E300E0002307B539
:10FBB0000193054B1B6B1FF084FF019B002BFCD0B6
:10FBC00003B05DF804FB00BFDC9E0020EFF314805F
:10FBD00010F0010F14BF002001207047EFF31480D4
:10FBE00040F0010080F3148870472DE9F8431EF0BF
:10FBF000A7F880461FF065FF104E074696F8F84AB2
:10FC00006CB9D6F8285AD6F8249AA8EB05034B45C8
:10FC10000AD20CB11FF034FF0120FFF7E7FD384690
:10FC2000BDE8F8431FF058BF1EF094FE4D44044356
:10FC300014BF01240024C6F8285AE2E70804002073
:10FC400070B5144D144E95F82C3903F0FF04E3B948
:10FC50001EF0FCFD012802D91FF0CDFF044695F8E7
:10FC60002C395BB9D5F884390C4843F00103C5F849
:10FC70008439736B9847012385F82C391EF0E6FD13
:10FC8000012802D920461FF0E3FFB36B0348BDE80B
:10FC90007040184708040020DC9E0020380D00202A
:10FCA000F0B500270C4606468DB00021154608A881
:10FCB00010221CF01FFDCDE90677FFF7C1FF05AB51
:10FCC000029307AB019306AB214600933A463046B8
:10FCD00008ABFEF76BFF044620B1FEF739FF204664
:10FCE0000DB0F0BD099B6B60079B2B60F5E770B50D
:10FCF00000260C4605468CB01022002108A81CF0F6
:10FD0000F9FCCDE90666FFF79BFF05AB029307AB55
:10FD1000019306AB214600933246284608ABFEF716
:10FD200045FF044618BB099B012B25D0059E154DA8
:10FD3000314605F69800FDF7EDFE00BBA6F506235B
:10FD4000A3F55063212B06F01F010ED801225B0999
:10FD500005EB8305D5F870318A4053403046C5F82D
:10FD60007031FBF779FF013001D16FF08604FEF7A7
:10FD7000EFFE20460CB070BD6FF08404F7E76FF023
:10FD80009104F4E70804002038B598B1046E24F01B
:10FD900001051FF01BFF68B9012C0BD928461DF087
:10FDA0005DFE1DF05BFE95F846301BB9BDE838409E
:10FDB0001FF07EBF38BD2DE9F8433D4C00F098FFA1
:10FDC000D4F8FC5A1FF002FF00284AD1002D48D079
:10FDD000D4F810329D421AD01EF06EF9D5F8289052
:10FDE000D4F8E08A6E69D4F8E47A1EF073F904F569
:10FDF000EC7399450BD0464509D0BE4207D004F5B7
:10FE0000FC739E4227D1AB6A0BB995F85C302E1D6E
:10FE10001EF052F9304620F099F8AB6A1BB105F19B
:10FE2000180020F093F8D4F8EC3A0133C4F8EC3A17
:10FE3000D4F810329D42D4F8E83A14D0D4F8F43112
:10FE4000013BC4F8F4311EF073FD1EF043F928465F
:10FE50001FF039FF1EE004F6CC239E4201D0002E95
:10FE6000D5D1BDE8F883002BE8D0D4F8D03A9A6811
:10FE7000AB60EA6056609E600E4B6B61D4F8CC3A82
:10FE80000133C4F8CC3AD4F8003B0133C4F8003B4A
:10FE90001EF020F9D4F8E83A002BE2D0D4F8103262
:10FEA0009D42DED1D4F86C3ABDE8F8431FF0E8BDBE
:10FEB00008040020D40E00204FF098435B6C13B56B
:10FEC000D9021CD51EF0C2FC0238012817D8174BE6
:10FED000D3F8644B9CB11FF079FE0346F8B10023C0
:10FEE000204601A901931EF079FB012807D1019B4F
:10FEF0002BB14FF0E0234FF08052C3F8042D4FF0A8
:10FF000098435A6CD202FCD55B6D094A03F4702306
:10FF1000D3630822074BC3F8882102B010BD024604
:10FF2000014620461EF0DCFEE9E700BF0804002081
:10FF3000DC9E002000E100E008B538B11FF0D3FEE0
:10FF4000002814BF6FF01D00002008BD6FF01B00DB
:10FF5000FBE770B5064615461EF078FC02280C46F5
:10FF600010D021464FF0604317482544A94212D1D2
:10FF700000241EF06BFC022802D130681EF08EFFB8
:10FF8000204670BD30681FF081FB0028E9D00630A4
:10FF9000E7D00124F4E7D3F8802ED20712D511F868
:10FFA000014BD0F8FC2042F08072C0F8FC20D3F85E
:10FFB000002E42F00102C3F8002E1A68002AF0D089
:10FFC0001C70D3E71124D4E700ED00E010B504461F
:10FFD00050B150238065C36518441FF0C4FE2066ED
:10FFE000B0FA80F0400910BD0120FCE7EEE7344B89
:10FFF0002DE9F341DB6B1EF029FC0128074630D9BF
:020000040801F1
:100000001FF0F9FD061E04DA0124204602B0BDE807
:10001000F0812C4890F8683B002B4CD100F66C30F6
:10002000FFF7D4FF0446B0B90023264DC5F8043BC2
:10003000C5F8083B502305F61438C5F80C8BC5F8F5
:10004000103B1FF0C3FD0446C0B100230124C5F8D6
:10005000643B012FD9D930461FF0FAFD0028D4DACD
:10006000D2E7184890F8683B3BBB00F66C30FFF7CE
:10007000ADFF04460028C8D10646D5E70323024653
:1000800001460093012043461FF02DFD80460028C5
:10009000DBD0D5F8041B09B11DF0C2FC01214320BF
:1000A000C5F8648BFFF742F80822074B9A600123DA
:1000B00085F8683BCDE70024CDE70024A5E700BF25
:1000C000DC9E00200804002000E100E07FB54FF036
:1000D0006042D2F8003E144C43F00103C2F8003EE7
:1000E00004F6D43302935023002503930F4B684644
:1000F000009301951FF037FE0D4904F53D660B4650
:10010000C4F8D00B43F8406FEFF3108072B6C4F818
:10011000243C50311FF064FC04F62840FFF79AFAA3
:10012000284604B070BD00BF08040020C2FF0208CA
:10013000DC9E00202DE9F04FADB0054616460C467A
:10014000019391B18AB1B0F802A00AF10703072B1D
:100150004FEAD30900F0D480038803F4E043B3F5F9
:10016000805F05D11AF0070F09D06FF0860719E0FC
:10017000B3F5005FF6D0B3F5804F00F0C1802022C8
:1001800000211AA81CF0B6FA494628461AAAFEF71A
:1001900058FE074630B96B681B0A07D0012B13D0F5
:1001A0006FF08B0738462DB0BDE8F08F4E45C0F09C
:1001B000AA802246334622A8CDE91E231FF024FC44
:1001C00060B16FF09207EDE709F12C039E42C0F099
:1001D0009A8004F1100209F11C03ECE74FF0007360
:1001E0002490CDE922302A9017A91AA8FEF790FB97
:1001F000002862D1179922A81FF00DFC1C9B0093C8
:10020000DB0446D51A9B002B07DB6FF0920722A870
:100210001FF0FAFB0028C5D0D3E74FF00108DDF846
:1002200084B002A9DBF80070DBF80420CDF80C8064
:1002300002920497FEF782FCDBF8082005A9CDF8AE
:10024000188005920797FEF779FCDBF80C2008A9C7
:10025000CDF8248008920A97FEF770FCDBF8102096
:100260000BA9CDF830800B920D97FEF767FCDBF8F9
:1002700014200EA9CDF83C800E921097FEF75EFC7C
:10028000DBF8183011A9CDF8488011931397FEF7C9
:1002900055FC14A91AA8FEF714FC70B922A8FEF7A1
:1002A0004DFC17A91AA8FEF723FC30B917A922A8FC
:1002B0001FF0BAFB1EF04AFF20B14828A5D16FF00D
:1002C0008507A4E76B681B0A0BD152462146288894
:1002D00011F0E4FB49462846019AFEF797FD0746D0
:1002E00095E72B2E09D9012323801A9B6080636038
:1002F0001B9BA360009BE360ECE76FF0890786E738
:100300006FF085074EE76FF08C074BE7002380B551
:10031000B048B14AB14C121A88B0C4F89C09C4F86C
:10032000A02984F8B839C4F8C039C4F8B009C4F8B1
:10033000B409FFF72DF80123013AD2084280C4F82E
:10034000AC3908234FF48030A549A64AC4F8A43933
:10035000C4F8A8394B6E5066486E4FF000414AF61B
:10036000CD355166A04903F480334A6C0D6402F028
:1003700001024D6BEE07FCD401259C494D60A1F5AF
:1003800000510D6BED07FCD50AB1994A0A640028AB
:10039000A2BF4FF00041974A51661BB94FF480321B
:1003A000944B5A6694481FF0E0FD1DF0C9FC934D34
:1003B000A865EFF31183302282F3118894F8382D69
:1003C000002A40F06983012284F8382D83F31188D4
:1003D000BFF36F8F6FF0040210460132052152B255
:1003E000FEF7A4FE4C2AF7D14FF000437D4F0722C1
:1003F0007B664AF6CD337C4E0B20D6F844803364BE
:100400007F4BDA63FDF7D4FF7368002023F4F873A1
:1004100043F48073736040F20913B36040F2031336
:10042000336112F071F818F0010F18BF704B4FF0E4
:10043000800018BF33646A4B596E4FF000437B66EF
:100440004AF6CD33776C3364FDF7B2FF336AFF07AA
:1004500023F00F0343F00903336248BF644B69483C
:1004600048BF33640029A2BF4FF00042614B5A6677
:100470001FF07BFD644AD2F84C3113F4802300F066
:1004800010834FF07E6292F89C3092F99C20002AF3
:10049000B8BF26234FF40001524A022051664FF4A0
:1004A000D15102F5B832516258494F2B486028BFEC
:1004B0004F23012001F58051DBB24860116911F42E
:1004C0008031FBD143F48073536140F20143936068
:1004D0004D4B5160D3F84C21100340F1E582A3F558
:1004E000FE431E88B6F5807F28BF7926484B95F9D4
:1004F0002880AB603A4BB0441B6F88F3080803F0C8
:100500000703032B01D11DF017FB10F0C5F80328DA
:1005100052D04FF48012334B3E4F5A6645F60E03CD
:100520004FF0A062C7F880303B4B9A624FF48032A4
:1005300003F580539A62BB6DD903FCD4BB6D5A009E
:10054000FCD4364B4FF400623B61BB694FF4406111
:1005500003F0004343EA084343EA062343F00073F1
:1005600043F03C03BB612E48FDF70AFB3B6A2D4973
:1005700023F00F033B62BA6A2B4B134043F48033E2
:10058000244ABB62936D31EA0303FBD14FF08071C3
:1005900021488162136923F4700343F4401313610B
:1005A0004FF000434FF480328361204B99629A628E
:1005B000184A936D5B00FCD44FF4C022124BD3F861
:1005C0009860084B5A6603F598335A68012A00F080
:1005D0006F822DE040A200200000012008040020CE
:1005E0000080005000900050004009500060095009
:1005F0003254FFFF00A0005010000308DC9E0020D2
:1006000000400050140003080080E00F001002506A
:10061000C01753020040005A0050005A2008C00B77
:100620003840005A03000100C7FFFEFE0060005A78
:1006300010F032F805280CD10021C848FDF744FE1F
:10064000C74A136F43F4806313674FF48032C54B7E
:100650001A676F68C44B26F040769F4202D8BF48A5
:1006600013F0CEFAC14BDA6812F0060FFBD19A688C
:100670009E6099684E4016F4F81F0DBFB74E9A6001
:100680003E466E6010F008F805280FD11DF054FAB0
:100690008046FDF719FB0128D4BF01210021404607
:1006A000FDF712FEFDF7FAFDFDF7E8FDBE4202D8A8
:1006B000002013F0A5FA4FF40022AD4BA94ED3F859
:1006C000C03072664FF0B442A54F23F04073936080
:1006D000A8481FF04AFCFDF723FE3B6F002023F0E3
:1006E000070343F003033B67FDF73AFE3B6F23F438
:1006F00074433B67A04BD3F8FC2012F0807240F0AB
:10070000DD81C6F88020964B4FF48031D3F820214C
:100710009A4822F0070242F00202C3F82021D3F8DF
:10072000282122F0070242F00202C3F82821D3F860
:10073000802122F0030242F00102C3F88021D3F8A5
:10074000902222F0030242F00102C3F89022D3F873
:10075000402122F0030242F00202C3F84021D3F804
:10076000602122F0030242F00202C3F86021D3F8B4
:10077000402222F0030242F00202C3F84022D3F8E2
:10078000002222F0070242F00202C3F80022D3F84E
:10079000082222F0070242F00202C3F80822D3F82E
:1007A000502222F0030242F00202C3F85022D3F892
:1007B000702222F0030242F00102C3F87022D3F843
:1007C000202222F0070242F00102C3F82022654AEB
:1007D0005E6E5166426A22F001024262F0035CBF23
:1007E000674A51664FF0E0210A6942F004020A614B
:1007F000D3F8602222F0070242F00102C3F860221F
:10080000EFF3108872B65F481FF0AFFB94F8393DE4
:100810005D4E002B40F07581FFF7CAF807460028AF
:1008200000F05C8140461FF0DBF8FFF7C1F8FBF7F2
:1008300033FA514A554FD2F8C03023F0FF0343F04A
:10084000A003C2F8C030524BD4F894089F4200F184
:10085000010140F0FD814F4BC2F89800C2F89C3076
:100860004D4BC2F8A030C4F89418BFF35F8F052237
:10087000414BC3F894205A6A42F480325A62BFF363
:100880004F8FBFF36F8FBFF34F8FBFF36F8F1FF08B
:100890009DF940B91DF098FF012804D1D4F8F43A2D
:1008A0000BB9C4F8F40A002305931FF08FF98046B2
:1008B00000BB4FF480501FF0EDF90746D0B1602027
:1008C0001FF0E8F90446002800F0E4816022414668
:1008D0001BF010FF05AB2763019336232F480093CD
:1008E0004FF4806243462E4902941EF067FE204674
:1008F0001DF0FCFD059BC6F8FC3A1FF067F90446A5
:10090000002840F0C8801DF05FFF012840F0C38040
:10091000D6F8F43A012B40F0BE800223C6F8F43A30
:1009200005AB19461F4A12F8017B03F8017B002F23
:10093000F9D11D4BA02202936033CDE900731B480F
:100940003B461FF016F9002800F0A4801EF0A0FD21
:10095000D6F83C3C002B00F09D8029E000B4C40494
:100960000080005000900050FFB3C404000001500C
:100970000080E00F1800030800ED00E000C0075001
:1009800000A00050F4FF020808040020809E002010
:10099000609D00200300002001000120B7FD000839
:1009A000C2000308DAFF02084C110020A5EB020880
:1009B000BF4BA0220293603301933723BD490093BC
:1009C000BD483B461FF0D5F8002863D01FF079F8EA
:1009D0004FF0FF33C6F8743601234FF07F42C6F85C
:1009E000E83A4FF0E023C6F878760597C3F81C2D57
:1009F000D3F81C3D1B0E8DF813309DF813309DF875
:100A000013309DF8133013F0800F059B40F04681A2
:100A1000082B18BF059CA94B18BFC4F1070424027A
:100A200004F4E064C3F80C424FF0E023D3F8202D27
:100A3000002442F47F02C3F8202DD3F8202D214654
:100A400042F07F42C3F8202D4FF47A726FF0040019
:100A5000C3F81C4DFEF76AFBD6F8983903F2E7336A
:100A6000B3FBF2F34FF0FF32C6F8243AB2FBF3F3D4
:100A70000A3BC6F8203A1DF063F9C6F8280A01209F
:100A8000FEF7B4FE8E4B1C631DF006FB1DF050FEFE
:100A9000FFF78CF82B6EFEE783F31188BFF36F8F9F
:100AA000A2E4D2F85021F5E4D3F85061F6B21DE586
:100AB00084494A605A689707FCD4B9E5D3F8FC200A
:100AC00022F08072C3F8FC200022C6F88020D3F800
:100AD000FC2042F08072C3F8FC2014E6AFF30080E3
:100AE000D4F89839C4F84C7AC4F83C3D764BC4F835
:100AF000C4795A6F42F001025A67DA6E22F030026E
:100B0000DA664FF00009484684F8409D13F078F803
:100B100095F85C30D4F83C7D9BB16B49D4F88021CA
:100B20004B6F23F440734B67BB01684903F5742393
:100B300003F23F23B3FBF1F31344C4F8803185F88B
:100B40005C904FF48011624BD3F80021614A5166EA
:100B50004FF4003151661A6F5F4902F00702C4F882
:100B6000CC298969032A01F00200C1F3400184F80D
:100B7000CB190BD0D3F8202102F00702022A05D0AE
:100B8000D3F8282102F00702022A22D1012384F897
:100B9000783160BBD4F83C3D4C49C3EB431202F5BD
:100BA000742202F23F22B2FBF1F2D4F88001024437
:100BB000C4F880214FF4C872534303F5742303F241
:100BC0003F23B3FBF1F3C4F8743A012384F8393DB1
:100BD00028E6002284F878210028DBD0D3F8003101
:100BE00003F003035A1E5342534184F87831384BC3
:100BF000D3F8003103F00303022B24D0032B25D0BC
:100C0000012BC7D1AA68002AC4D0334BDFF8BC90AF
:100C1000DB68501EC3F30B0C002319460CF1010CCA
:100C20000CEB8C0CECFB09011BF052FB784300F53C
:100C3000742000F23F20B0FBF9F0D6F88031184460
:100C4000C6F88001A6E74FF40042DEE7234ADCE75E
:100C500023F01F03203BB3F1005F0AD3C2F89800D2
:100C60001F4843F00103C2F89C00C2F8A030C4F84A
:100C700094181C4BD4F894181B4A23F01F0343F01C
:100C80000303C2F89810C2F89C30184B0131C2F827
:100C9000A030E8E538461FF00BF82BE6013305934A
:100CA0009DF813305B00DBB28DF81330A9E600BF6E
:100CB0002C140020DFFF0208C5F2020800150020F6
:100CC000DC9E002000E001500040005040420F0038
:100CD000008000500090005000C0015080D54302B9
:100CE000030000209F9E002000ED00E0E1FF0020B7
:100CF0002DE9F04F5748A9B01FF037F903212D20F7
:100D0000FEF714FA4FF480124FF40051524B5A661A
:100D1000524A534B53671367524AC2F884115160C9
:100D2000514A4C4853671FF020F901230022042147
:100D30000DA8ADF834304D4CFCF730FF45481FF09E
:100D400014F94B481FF011F963681BB1636DC3F3CD
:100D50000B03FAE704250FF08FFD464A464B41F29C
:100D600002011D6115611D6115611D6115611D6126
:100D70002023156123610023E360A36061614FF4C8
:100D8000A0213E4EA3616162E3612362A362E3623C
:100D900063632365D66423632269572022F08702A8
:100DA00042F081022261226922F0F80242F08002C0
:100DB0002261E26822F0F04222F47022E260A2682E
:100DC00022F0030242F00102A260A268A260A268BF
:100DD00042F48062A260626A22F4772222F4EE6218
:100DE00042F480226262626922F00F0242F0020243
:100DF0006261A361FDF77AF8A36813F0010F6368DD
:100E000000F0D2821E4DDB07B0FBF5F505F1FF3592
:100E10004FEA056536D5154B5A6D12F0280FFBD1F8
:100E20009A6C970740F0BC829A6CD00700F1BA82A6
:100E30009B6C13F0020F14BF062400240FF01CFD5E
:100E40000A4A2046136923F07F432B4313610FF0B6
:100E500033FD1CE0F4FF0208009000500060005ACF
:100E6000010000A000E100E00050005A00000A501C
:100E70005804030800200A5000100A50FF3F0D03D9
:100E8000E0707200236923F07F432B432361052028
:100E90000FF012FDC54B9D6CED4315F44055FAD192
:100EA0004FF48173012204210BA8ADF82C30FCF71C
:100EB00075FE40F202232A4601210AA8ADF8283027
:100EC000FCF76CFE40F2023340F20244012204219E
:100ED00009A8ADF82430FCF761FE0421012208A81E
:100EE000ADF82040FCF75AFEB14BB24A4FF44870BF
:100EF000C3F8F8244FF00212C3F8F424A2F58032AC
:100F0000C3F8FC241C22C3F8E424FEF7C5FD0DA899
:100F1000ADF83440FBF706F91420FEF7BDFD0DA82F
:100F2000ADF83440FBF7D2F82320FEF7B5FD0DA84D
:100F3000ADF83440FBF7F6F89C4CA36C5B06FCD58F
:100F4000B9236364A36C1F06FCD540F202470DA8C9
:100F5000E36BADF83470FBF7B9F800224FF48173FE
:100F600011460DA8ADF83430FCF718FE002240F20F
:100F70000223114607A8ADF81C30FCF70FFE40F223
:100F800002330122002106A8ADF81830FCF706FE56
:100F90000122002105A8ADF81470FCF7FFFD0FF049
:100FA0006BFC0423844A854985480B6113610B61FE
:100FB00013610B6113610B61136120230021236115
:100FC00041F20203E160A16063614FF4A023A161DB
:100FD0006362774BE1612162A162E1626163216535
:100FE000D6642163C3F8E414C3F8F814C3F8F41406
:100FF000C3F8FC141EF036FC4FF000639B6A03F14B
:101000007842B2F5C04F67D21A686E4B9A4263D1EC
:101010006D4C94F8086F16F0FD065DD16B4F3B7870
:10102000002B00F0138202233B704FF001094FF4B4
:101030008033674A6749C2F88091CB60C2F800905C
:10104000654A13614FF000639B6ADB69984797F824
:1010500000A08046CA4540F0B182FAF7BBFF0130DC
:1010600040F09A82D4F81C2F5C4B1A66D4F8202FDB
:101070005A66D4F8242FC3F87021D4F8282F1A64A4
:10108000D4F82C2F5A64D4F8382FD20700F1938269
:10109000534BD3F89820013208D194F8082F2AB97D
:1010A00050494968C90748BFC3F89820D4F8302F81
:1010B0004D4B5A66D4F8342F9A6617F0BDF8D4F821
:1010C0000C3F83F31188BFF36F8F3E70B8F1000FB0
:1010D00002D1012384F8083FFCF7CEFB43481EF001
:1010E00044FF4FF440730126012204210DA8ADF8FE
:1010F0003430FCF753FD3E4BC3F84464EFF31184E6
:10110000302383F311884FF46070FCF7EFFE84F313
:101110001188BFF36F8F374B00F5D520D3F8F0203F
:1011200000F2FC403243C3F8F020D3F8FC204FF02B
:10113000604442F08072C3F8FC202F4AA3F55D435F
:101140001A602E4B0222B0FBF3F02D4B01381861D0
:10115000C3F8F0204FF48072C3F80423294BC4F87D
:10116000B03F294BC4F8803ED4F8003E1343C4F886
:10117000003EFF2384F82030D4F8003E23F480732F
:10118000C4F8003E11F064FA11F062FA1F48FCF74F
:1011900081FD1F48FCF77EFDD4F8003E324643F443
:1011A0008073C4F8003ED4F8003E33E000000A50DB
:1011B00000C003500200030000200A5000100A5033
:1011C0005804030807B0CD5EBC530020080D002072
:1011D00000E100E000A000440090004400800044D2
:1011E000409F002000C0055000800050F4FF02081E
:1011F00000D0035000ED00E0FF030040F8590D005F
:10120000000004E055CEACC509000100DC9F0020C1
:10121000DF9F0020042123F48073C4F8003E0DA852
:10122000ADF83460FCF7BAFCFEF7C2FBD8B94FF456
:101230001672714B71491B6871485343714A03F52B
:10124000742303F23F23B3FBF2F30B600A2302681B
:101250006D4C0E68013B44F8046B0E6813F0FF03FD
:101260003244F6D10260FEF7C2FEDFF8D091674B40
:10127000DFF8CC81C9F80030654B664EC8F8003005
:10128000654B66483360664FFEF7A0FED9F8003024
:1012900064489847D9F800306348984797F83C3F2E
:1012A00003F0FF04BBB91DF0D1FA012802D91EF0EA
:1012B000A2FC044697F83C3F33B9D9F800305748B0
:1012C0009847012387F83C3F1DF0C0FA012802D956
:1012D00020461EF0BDFCF5F717F9002840F0F88114
:1012E000514CD8F8003004F170009847A24681466E
:1012F000002800F07D81D8F800304A48984794F8DB
:101300006430580700F17F8394F8643099071DD545
:101310004FF0100B01220323DFF82891C9F81C209D
:1013200089F818304846F6F72FFDBBF1010B4FF056
:1013300003034FF0010209F12809EFD194F864305A
:1013400084F854B323F0020384F8643033683548DA
:101350009847D8F800303448984794F86530DFF85B
:10136000E89013B14846FEF713F800212F4B0822EE
:101370004846DB6D84F8651098472B4833689847DA
:10138000D8F800302748984794F864302548DA07A1
:1013900044BF23F0010384F864303368984797E131
:1013A00005244BE5092449E5A36803F0E003402B3D
:1013B0001ED005D8F3B1202B7FF469AD082505E0D8
:1013C000602B03D0802B7FF462AD0125184B4001C8
:1013D0005D43B0FBF5F0174A2038174B02EAC00214
:1013E000596DC907FCD41A635A6DD207FCD44EE577
:1013F0000625EBE71025E9E7A00D00208405002075
:10140000F00D002040420F00F40D0020EDFF000819
:101410000BBE0008089F002039FF00081449002077
:10142000BC5300203C320020CC310020409F0020E3
:10143000E0707200F8FF7F0000000A50109F00204B
:10144000149F0020A0320020343200204FF0010809
:10145000CDE90A6687F80080EFF31183302282F32A
:101460001188C4F80C3F16F0DFFE94F8103F63B902
:10147000FCF702FA48B908235149524804F614729D
:10148000FBF768FD08B984F8108F4F4B5A6EC4F80B
:10149000302F9B6E4D4AC4F8343F4FF4804393661F
:1014A0004B4B5968C4F8381F4A499960196EC4F803
:1014B0001C1F596EC4F8201FD3F87011C4F8241FE4
:1014C000196CC4F8281F596CC4F82C1F4249086CC9
:1014D0001864496C5964012151661B6E98043ED50D
:1014E0003E4AD368D907FCD43D4BD3F89820501C12
:1014F0003AD04FF4801393403A4A13660422394B92
:101500004FF400011A664FF400721A6608221A6638
:101510004FF480521A664FF00062D2F828801A66A3
:10152000596608F17843B3F5C04F07D200230DA8E0
:101530000F930FF0D5F80F9B590527D40A9A294B22
:101540001A660B9A5A6694F8102F002A3FF46DAD74
:10155000D4F8142F1A66D4F8182F5A6665E5224A73
:10156000D368DB07FCD4BFE794F8083F002BC5D154
:101570004FF40072154B5A6603F5A6235B68002BE7
:10158000BCD14FF48012174B1A66B7E7D8F8403039
:101590000BA90AA89847D1E7FAF71CFD40F20113FE
:1015A00098423FF45FAD114B0C4AC3F864A0D36876
:1015B000D807FCD456E500229A6069E54E4684E5DA
:1015C00000710800A00C0020008000500090005026
:1015D0000080004455CEAC0000C000540000044020
:1015E000409F002000900044000004500090004004
:1015F00094F86430D9070CD4FEF7F9FC002800F009
:10160000FC816FF0920994F8643043F0010384F890
:1016100064303368BD48984700287FF46CAED8F832
:101620000030B9F1000F7FF466AEB8489847002843
:101630007FF461AE94F86430B4489A075FBF01222A
:1016400043F0020384F8643084F8542333689847E5
:1016500000287FF450AED8F80030AC4898470028F6
:101660007FF449AE3368A94894F8649098470028FD
:101670007FF441AED8F80030A548984700287FF4A1
:101680003AAE94F8653043B919F0010F05D0A1487E
:10169000FDF77EFE022384F8653033689C48984746
:1016A00000287FF428AED8F80030984898470028E2
:1016B0007FF421AE94F8643058075CBF43F0040314
:1016C00084F8643091483368984700287FF413AE5B
:1016D000FEF78DFCFEF7FAFC8F481BF003FA48B9C1
:1016E0008E4C8D4E0FCE0FC40FCE0FC496E8030064
:1016F00084E8030001201BF0F9F912F0CFFE884ABC
:10170000884BD2F8A4404FF40031601C08BFD3F8D6
:101710009440854808BFC2F8A4404FF0502211679A
:10172000DA6E04F0040922F0300242F02002DA6698
:101730005A6F22F440725A671EF017FC4FF00053A4
:101740004FF6FF72E10779481A8000F1858114F4A1
:10175000D06640F07281A20700F17381630600F148
:101760007781260740F154811EF0FFFB0326704C61
:101770004FF0000A236BDFF8988103F00803002B79
:1017800015BF012300234FF0100B4FF0080B87F813
:101790003D3F88F8A9AF10F001FF1822654BDA62CF
:1017A000A26A9A62A3F58053C3F82CB04FF480026A
:1017B000614B5A60502201244FF0020B5F4F83F8B7
:1017C00036235146342207F51E601AF093FF342267
:1017D000514607F6142087F8E04987F8E3B91AF074
:1017E00089FF032287F8144A87F8384A4C4C87F857
:1017F00017BA04F1A803C7F80C3A04F1B403C7F808
:10180000403A4F4B5A62B9F1000F04D003F5E03370
:101810009B68C4F8C0300023DFF84091032089F8AA
:101820003E3F88F8BC6F84F8C4600DF0EFFD99F876
:101830003E3FC8F858034BB999F83F3F33B90122EE
:1018400089F8403F89F83F2F89F8413F01212D2039
:10185000FCF746FA01213B4AD2F8003223F0070395
:1018600043F00303C2F80032374A384BD1611021EC
:10187000314A82F82B134FF40061C2F88411516091
:101880005A68002A40F0EC804FF420222F4B9A60D7
:101890005A69002A80F2EE802C4B5B69002B80F2A3
:1018A000F4802B4B0020C7F8083A0C33C7F83C3AB9
:1018B0000DF0ACFDDFF8A890DFF8A8A0C9F8000093
:1018C00001200DF0A3FD002347F8F80C08A80893A9
:1018D000F5F7F5FA002800F0DC80089B534500F08E
:1018E0004881002309A80993F5F7E9FA099F194AE5
:1018F00027F07F439342CDF828A000F23A813F0EB3
:1019000040F03781144A93422EE000BF3C32002061
:10191000CC310020343200205C0403080C0D002080
:10192000409F002000400050F4FF02088404030898
:10193000004009500060095000E100E0C44200206E
:1019400000400650008000500050005B0040005BEB
:1019500008A0002002180A00020F0700BC53002054
:10196000700E002002180A0100F2F88068210BAA0C
:10197000D9F800000B970DF0A7FEFE230B9A0DA9D6
:1019800068208DF83430CDF835708DF83970FEF759
:10199000EBF88C23062268200DA98DF83770ADF87E
:1019A0003830FEF7EBF8FE2200238DF82C208DF85E
:1019B0003420682006220BA9CDF83530CDF82D3023
:1019C0008DF831300E93FEF7CFF8002800F07F81BC
:1019D000F5F7ACFC0023CDF83530CDF83930FE23D7
:1019E000082268200DA98DF83430FEF7BDF80028D4
:1019F00000F08781F5F79AFCB8E0FEF7F8FA0028C6
:101A00003FF401AEFDE523F0040384F864307BE489
:101A1000B9F1000F18D1A4040BD51EF0A6FA0A26BE
:101A200000231946BB4A42F823100133202BFAD178
:101A30009DE61EF09AFAFF2699E61EF096FA092610
:101A4000EEE71EF092FAEBE71EF08FFA01268EE623
:101A50001EF08BFA07268AE61EF087FA0526DFE7D6
:101A60005A6A002AFCD10121AB4A51605A68910799
:101A7000FCD409E75A6AD207FCD40122A64B5A606B
:101A8000A64A53689B07FCD406E70122A44B5A6080
:101A900007E711F05DF808A8F5F711FA07460028E6
:101AA0007FF41BAF0322ADF834008DF836000DA98A
:101AB0006620FEF763F86C2239460DA81AF01AFE6C
:101AC0006C220DA96720FEF759F8F5F71BFCF5F716
:101AD0002DFC0DA8CDF834A00FF0C1FFFE238DF82A
:101AE0002C300123D8F8580319460BAA0DF0DCFC62
:101AF0009DF82C5028460DF087FF002840F06A81A1
:101B000094F89000F5F7A8FBB4F98C10B4F98A00AA
:101B1000F5F7BEFB94F8522094F8511094F8500059
:101B20000FF081FFB4F98E00F5F7D0FB00230922F6
:101B300068200DA9CDE90D3394F891408DF83C3023
:101B4000FEF712F830B9092268200DA98DF8394046
:101B5000FEF714F801200FF04DFF68E0714A934240
:101B60007FF621AF704A93427FF634AF0AA80FF098
:101B700076FF00236620ADF834308DF83630F6F766
:101B800091FD88B1032266200DA9FDF7EDFF58B93C
:101B90009DF8343084F850309DF8353084F8513059
:101BA0009DF8363084F852306C2200210DA8D4F80C
:101BB0003C90D4F844A0E76C1AF09CFD6720F6F73F
:101BC00071FD002840F0D2805848F6F70DFE5849C4
:101BD000881E0FF0EFFE57480FF0D6FE0023682056
:101BE000CDE90D338DF83C30F6F75CFD48B10922A4
:101BF00068200DA9FDF7B8FF18B99DF8393084F8B1
:101C000091300023CDF83530CDF83930FE236820EF
:101C10008DF83430F6F746FD48B1092268200DA949
:101C2000FDF7A2FF18B99DF83C20434B1A70434CB6
:101C3000434904F64470FDF70DFD01213346084683
:101C4000404A84F8056F10F0D1FE94F8413F53BB31
:101C50004FF48073A8F8B43F3B4BC8F8B83F94F8F2
:101C60003E3F03BB94F83F3FEBB194F8403F032B5A
:101C700019D804F64C73029304F6AC730193112344
:101C80004FF4107200933149314B32481DF071FF0F
:101C900048B194F8403FC8F8B00F013384F8403F92
:101CA000012384F8413F2C4B4FF4B06202932B4B3D
:101CB0002B4901932D232B4800932B4B1DF059FFEB
:101CC0000123002084F83E3F29B0BDE8F08F9DF845
:101CD0002C3008228DF834309DF92D300DA9ADF847
:101CE00035309DF92E306820ADF837309DF82F3013
:101CF0008DF83930BDF83030ADF83A30FDF73EFFA1
:101D000068E6012309220DA968208DF83C30FDF713
:101D100035FF2BE7000008500060005B0040005BCF
:101D20000050005B00120700FF140700D09F002046
:101D3000CC9F0020CE9F0020DC9E0020BC530020C2
:101D400088040308A000030890040308C3000308E4
:101D50008C410020E16B0008686C00202C71002091
:101D6000C7000308E59F00087C4100206C22672023
:101D70000DA9FDF7F9FE00287FF426AF9DF8343059
:101D800084F838309DF8583084F840309DF87C3025
:101D900084F848300DAB94F83810EAB2914294BF01
:101DA00000215978013309F8051094F84010914248
:101DB00094BF002193F824100AF8051094F84810F5
:101DC000914294BF002293F848207A550135232D83
:101DD000E1D1F9E684F8905092E600BF014B5880BB
:101DE000704700BFCC45002004289ABF014B185C07
:101DF000052070471406030802207047831F012B3B
:101E000004D9092894BF00200120704702207047A0
:101E10001E286FF00503A8BF1E209842B8BF1846C1
:101E20000023064A12F9011B814204DA0133102B08
:101E3000F8D10F207047D8B2704700BF19060308C9
:101E4000D0F80230827AC0F81930C388C2F3C001DA
:101E5000437702F001031B0143EA8113C2F300112F
:101E600043EAC11343F001038377C37AC2F38002CC
:101E700043EAC213C377038980F821307047D0F852
:101E80000230C0F81930C3884377837A13F0100FFB
:101E90000CBF01220822C3F3C001C3F380035B011E
:101EA00043EAC11313438377C37A027B80F821305E
:101EB0000389C2F3800180F8223002F001031B0184
:101EC00043EAC113C2F3400243EA4213C3777047A7
:101ED000D0F80230C0F81930C3884377837AC3F34F
:101EE000C00203F001031B0143EA821343F0050320
:101EF0008377037BC27A5B0103F060031343C377EC
:101F0000038980F821307047D0F80230C0F81930CA
:101F1000C3884377837AC3F3C003DB0143F005032F
:101F20008377C37A80F82130038980F82230037BDD
:101F30001B0103F03003C3777047D0F80230827A78
:101F4000C0F81930C388C2F3C0014377C2F340031D
:101F50005B0143EA811302F0010243EA021343F0FA
:101F600003038377C37AC377038980F821307047EE
:101F7000D0F80230C0F81930C3884377837AC3F3AE
:101F8000C002C3F340039B0143EAC21343F00303BF
:101F90008377C37A80F82130038980F82230037B6D
:101FA000C3F38003DB01C3777047D0F80230C0F879
:101FB0001930C3884377837AC3F3C00203F0010367
:101FC0001B0143EA821343F002038377C37AC3778A
:101FD0007047D0F80230027BC0F81930C388C2F3D2
:101FE0008001437702238377C37A80F8213002F09F
:101FF00001031B0143EAC113C2F3400243EA421347
:10200000C3777047704770B50646FFF7F7FE0C467A
:10201000064D05EB8000836905EB86050846984769
:102020002046AB6ABDE87040184700BF140603089D
:10203000C369817A1A68C0F802201A79C2805A7975
:10204000D20962F3041181725A79C9B2921162F312
:10205000C30181725A79C9B2121162F3000181720F
:102060009A79C9B2D20962F3820181729A79017BAD
:10207000921162F3410101739A79C9B2521162F36C
:10208000000101739A7902F00F02C2721B7A038178
:102090007047C369817A1A68C0F802201A79C28031
:1020A0005A79D20962F3C30181725A79C9B25211C5
:1020B00062F3820181729A79017B521162F34101CC
:1020C00001739A79C9B2121162F3000101739A790E
:1020D000C9B2D20962F3820101731A7AC2725B7AC1
:1020E0000381704710B5C3691A68C0F802205A7995
:1020F0001C79110941EA0411C1801202997902F494
:1021000070620A4302811A7A817AD20962F3C301AA
:10211000027B81726FF3820202735A7AC2729A7AD8
:102120004273DB7A837310BD70470278112A03D89B
:10213000044B1341DB0703D5037C43F00103037415
:10214000704700BFE77CFCFF431E032B024612D9F9
:10215000A0F10C03D8B2022810D9A2F10F03D8B213
:1021600002280BD9931F022B07D9A2F109035A4267
:102170005A4190007047012070470320704743790F
:1021800000F1090203F00F03082B04D1837A1B0727
:1021900005D4012307E090F90630002BF9DA837AA1
:1021A00003F007030233D0187047437903F00F039D
:1021B000082B07BF807A00F00800807900F08000CB
:1021C00070474279034602F00F02082A04D1807A50
:1021D00010F0080004D1704790F90620002A06DAB2
:1021E000DA7A03EB1213187B00F007007047002027
:1021F00070474379C27A03F00F03082B00F11001F6
:102200004FEA121207D1837A13F0080307D1033A79
:102210001344C818704790F90630002B04DA837A0B
:1022200003F007030133F2E70023F0E74379427A32
:1022300003F00F03082B00F10A0102F01F0206D180
:10224000837A13F0080306D11A448818704790F96E
:102250000630002B04DA801A837A03F00703F3E7D1
:102260000023F1E74379C27A03F00F03082B00F152
:102270000C014FEA121206D1837A13F0080306D13B
:102280001A448818704790F90630002B05DA10447C
:10229000037B03F007030133F2E70023F0E7437900
:1022A000C17A03F00F03082BC2794FEA111109D14B
:1022B000837A13F0080309D1A2F10D00401AC01A65
:1022C000C0B2704790F90630002B05DA0844037B52
:1022D00003F007030133EFE70023EDE70322F0B536
:1022E000124BDFF84CC01F7802FA00F41CF80730DC
:1022F000002503EA040141FA00F0E6430121C0B2DF
:1023000002EA03042C41E4B2A04288BF5B1805F145
:10231000010588BFDBB292008900042D03EA0603A1
:10232000D2B2C9B2ECD10CF80730F0BD2C87002036
:1023300066530020054B1B7823B1054B5878421C8F
:102340005A707047034B1878704700BF994C0020B3
:102350002C870020C36200201C4BE8B99A7869B131
:1023600002F0F001F02904BF02F00F029A70987891
:102370001030C0B2987000F0F000704702F00F010A
:102380000F2904BF22F00F029A7098780130C0B272
:1023900098700001C0B27047DA7859B102F0F001CC
:1023A000F02904BF02F00F02DA70D8781030C0B202
:1023B000D870E0E702F00F010F2904BF22F00F02EE
:1023C000DA70D8780130C0B2D870E2E72C870020EC
:1023D000F0B505460027244E042D9DF814409DF8C5
:1023E0001800377104D1942C94BF00200120F0BD57
:1023F0000927EF40FF070BD4012817D19F2CF6D8EF
:102400001A4A10780028F2D0962C25D80020EEE742
:102410009F2C13D80128F3D0FF2901D1362C0DD8D9
:10242000124A10780028E2D02E2CEEE7022D05D8B3
:102430009F2C03D8FF2903D1362C05D90120D6E7DC
:10244000D10601D5362C07D8084908780028EBD1E9
:102450005207CCD5302CCAD913F040001CBF012044
:10246000307180F00100C2E72C870020E249002093
:10247000704710B5C9B180B90C7813789C4211D15E
:10248000CB7A83B1C87B032802D1D07A98420AD094
:10249000907A8B7A4340D80607D4C87AD37AC31A85
:1024A0005842584110BD0120FCE70020FAE710B562
:1024B000A2B004468822002168461AF01BF9C32303
:1024C00068468DF800308DF804400FF0EBF922B02B
:1024D00010BDF0B5067E90F848700446F31901333C
:1024E00080F82030012387B003700D4B02AD0FCB75
:1024F00085E80F00A37C31468DF80F30E37C284639
:102500008DF81030636904F11902059304F1490351
:1025100000933B4610F00CF907B0BDE8F04063E4CF
:102520006C060308F0B5067E90F848700446F3196F
:10253000013380F82030022387B003700D4B02ADC9
:102540000FCB85E80F00A37C31468DF80F30E37C7C
:1025500028468DF81030636904F11902059304F1DF
:10256000490300933B4610F0E3F807B0BDE8F040A4
:102570003AE400BF7C060308F0B5067E90F8487088
:102580000446F319023380F82030052387B0037026
:102590000D4B02AD0FCB85E80F00A37C31468DF8C3
:1025A0000F30E37C28468DF81030636904F119027E
:1025B000059304F1490300933B4610F0B9F807B0C6
:1025C000BDE8F04010E400BF8C060308F0B5067EBD
:1025D00090F848700446F319023380F8203006233F
:1025E00087B003700D4B02AD0FCB85E80F00A37CC5
:1025F00031468DF80F30E37C28468DF81030636942
:1026000004F11902059304F1490300933B4610F0CD
:102610008FF807B0BDE8F040FFF7E6BB9C06030863
:10262000F0B5067E90F848700446F319023380F83E
:102630002030072387B003700D4B02AD0FCB85E828
:102640000F00A37C31468DF80F30E37C28468DF8CF
:102650001030636904F11902059304F149030093F2
:102660003B4610F065F807B0BDE8F040FFF7BCBB93
:10267000AC060308F0B50446067E90F8487087B0B3
:10268000F319023380F82030104B02AD0FCB85E8F0
:102690000F002146A37C11F8190B8DF80F30E37C55
:1026A00049348DF8103054F8353C0593FFF74CFD54
:1026B0000A468DF809003B4631462846009410F042
:1026C00037F807B0BDE8F040FFF78EBBBC06030843
:1026D00030B5134B87B0B3F8B8200546ADF80420E9
:1026E000028902AC8DF805205522BC338DF80620F6
:1026F0000FCB84E80F002878FFF726FD6422094BF2
:102700008DF809001A80EB7C0321204601AA8DF880
:10271000103010F0C5F807B0BDE83040FFF764BBDB
:1027200014060308F442002070B5164C86B0B4F8C5
:10273000B8300189ADF8043000238DF80630124B13
:102740008DF805105B6806461A78D0F8020007F08D
:1027500013FB40F213120D4B02AD1A8004F1CC03AF
:102760008DF806000FCB85E80F00F37C0321284687
:1027700001AA8DF8103010F093F806B0BDE8704053
:10278000FFF732BB14060308409F0020F4420020EC
:1027900070B5164C86B0B4F8B8300189ADF8043085
:1027A00000238DF80630124B8DF805105B68064645
:1027B0001A78D0F8020007F0DFFA40F24C420D4BD5
:1027C00002AD1A8004F1DC038DF806000FCB85E81A
:1027D0000F00F37C0321284601AA8DF8103010F079
:1027E0005FF806B0BDE87040FFF7FEBA14060308B4
:1027F000409F0020F4420020552370B5044686B067
:10280000D0F80260C57C90F913000193FFF700FB3C
:10281000218902ACC1F3032343EA00138DF805308C
:102820000E4B8DF806105B6830461A7807F0A4FA54
:1028300072220B4B8DF807001A800A4B0FCB84E8ED
:102840000F000421204601AA8DF8105010F028F83E
:1028500006B0BDE87040FFF7C7BA00BF409F002038
:10286000F442002000070308552370B5044686B0E3
:10287000D0F80260C57C90F913000193FFF7C8FA05
:10288000218902ACC1F3032343EA00138DF805301C
:102890000E4B8DF806105B6830461A7807F06CFA1C
:1028A00072220B4B8DF807001A800A4B0FCB84E87D
:1028B0000F000421204601AA8DF810500FF0F0FF00
:1028C00006B0BDE87040FFF78FBA00BF409F002000
:1028D000F44200201007030808B5CB690846093305
:1028E0004B61FFF7A5FB0523C373BDE808400EF05D
:1028F000BDB908B5CB6908460A334B61FFF7C9FB80
:102900000523C373BDE808400EF0B0B970B50646A4
:102910000D46054C20460EF0CDFF29462046E663C5
:10292000BDE870400EF0F2BF0C4E0020114A38B5E1
:1029300011780446104B31B1D3F80530C0F83E3061
:102940000023137038BD5A7A0C4D042A09D19A7AA3
:102950003AB1D3F81320D3F81730C0F83E202B60DB
:10296000F0E70021054806F0C7FD2B68C4F83E30AB
:10297000E8E700BF984C00202C870020C8450020C5
:1029800038B5094CE5691BF097FBAD6B1BF0A2FB5A
:10299000246A1BF091FBA46B1BF09CFBEC420CBF68
:1029A0000120002038BD00BF2C8700200148F7F728
:1029B000F2B800BF0C4D0020037C2DE9F34113F069
:1029C000010304465C4E28D00023052001A9019391
:1029D0000CF054FC96F824309DF904005A1C012B8D
:1029E000A07386F824205ED80A22544B0330B3F932
:1029F0000A3040B293FBF2F37F2BA8BF7F238342C0
:102A000005DA58B27F21A07307F0E4F94BE06FF0CC
:102A100005039842B8BF1846F4E786F82430F7F764
:102A2000EFF9474BDFF81481D3F80C0100906846AA
:102A3000F7F7B8F998F804702278032F1ED01C23FA
:102A4000B91E4F424F4103FB07609DF903503030E0
:102A5000294684F8235065730CF07CFE1822394B0C
:102A600002FB07331875E37B032B11D194F9133064
:102A700084F82430A37302B0BDE8F08102AB062ACB
:102A800018BF013313F9085C84F823506573EAE733
:102A900040F6FF730A262289B8F90A709A4297FB1A
:102AA000F6F606D1A67394F90E3084F82430E37458
:102AB000E1E7002301A9052001930CF0DFFB9DF95C
:102AC00005107F2EA8BF7F267F299DF9040005D120
:102AD000033040B2B04228DD70B222E015F1800F21
:102AE000F8D011F1800FF5D0CBB203F17802D2B259
:102AF000822AEFD86FF040029542A8BF15466FF0CA
:102B000065029542ACBF5B1B9B1A5BB25A1DDFDBB3
:102B10001A2B08DC052BDBDD0A2B04DC0937DBDB99
:102B20000020A07370E70338D3E76FF005039842E5
:102B3000B8BF1846F5E700BF2C8700207042002080
:102B4000140603089845002010B4D0F80220C48869
:102B50000189C0F8192022094277C1F3032242EA11
:102B600004128277027BC177817AC2F38002C1F3BB
:102B7000C001920142EAC11242F0010280F8212014
:102B8000C27A5DF8044B80F8222015E710B4D0F823
:102B90000220C4880189C0F8192022094277C1F3B4
:102BA000032242EA04128277C177027E90F848102D
:102BB0005DF8044B0A4480F82020027BC2F38002B7
:102BC000920142F0030280F82120C27A80F822208C
:102BD000427C80F82520EFE6044AD38823B113799C
:102BE000002B0CBF0123022313707047CC4500203B
:102BF000014B9860D980EFE7CC450020F8B51D4D1A
:102C0000032804462F7801D90020F8BD2B79834290
:102C10002ED00CF09FFE06460028F5D101200CF0C6
:102C20006CFD214638462F702C71134F134C0CF05D
:102C300063FEB96820681AF0EAFD0CF077FE7B6845
:102C40000F4A9988D1805988D17018780DF010FFFB
:102C50000122206811461AF0D4FD0122094B3146A9
:102C60001A70206832461AF0D4FB80206B699847AE
:102C70000120CAE770420020409F0020949F00205E
:102C8000BC9F00206C420020034B5B681878431EF9
:102C900058425841704700BF409F002010B5114A6C
:102CA000114B117993F8603001F007042BB1002C1F
:102CB0000CBF00238823938110BDFFF7E5FF002898
:102CC0000CBF2E23962314B10C3B9BB2F3E70906ED
:102CD000F1D5143B9BB25B009BB2802B28BF8023B5
:102CE000E9E700BFCC4500202C87002008B5034B46
:102CF0001871FFF771FFBDE80840CFE7CC45002011
:102D000008B50246FFF7C0FF58B9094B5B6E4BB1DF
:102D10005B8903F00601022903D003F00703042BAB
:102D200000D19208012A38BF0122104608BD00BF19
:102D30002C87002008B5430756BFC0F3400240224D
:102D400052010146FFF7A0FF10B142F0030008BD99
:102D500001F03801102904D020290CBF03200120E4
:102D6000F5E742F00200F2E7012803D9022808D073
:102D700000207047487900F00F00431E5842584128
:102D80007047087A00F00700F7E7012806D848796D
:102D900000F00F00831E58425841704700207047D2
:102DA000012806D8487900F00F00431F58425841C7
:102DB000704700207047012803D9022808D000205E
:102DC0007047487900F00F00C31E584258417047C1
:102DD000087A00F00700F7E7012802D14879C00916
:102DE000704718B94879C0F380107047022801D1A4
:102DF000087AF4E700207047FFF7EEBF012803D1FF
:102E00004879C0F38010704718B94879C0F3401072
:102E100070470020704702280DD0012807D148795B
:102E200000F00F00A0F1080358425841704710B954
:102E30004879C009704700207047012803D1887A7B
:102E4000C0F38000704708B9487AF9E7002070475E
:102E5000012806D18B7A13F0060F14BF0120002041
:102E6000704708B94B7AF6E700207047012803D96C
:102E7000022805D000207047487900F00F00704705
:102E8000087A00F00700704730B504468BB01C226A
:102E90000D4601A8002119F02DFC2378E178013BB3
:102EA000DBB2032B8CBF00233A4A8DF8171098BF72
:102EB0009B18294698BF93F81031A2788DF80430FA
:102EC0006378032A8DF81430134628BF032311F8C2
:102ED000010B8DF815308DF81C0060680891099081
:102EE0001846FFF7C3FF2C49012891F860101AD14A
:102EF000A2B995F90620002A09DB91B9254A02EB0F
:102F00008303D3F81431204601A9984709E041B959
:102F1000204A02EB8303D3F82431F4E7D1B1022A2B
:102F2000ECD00BB030BDE1B1022AFAD1023806284C
:102F3000F7D801A252F820F0892F01087D2F01084F
:102F4000232F0108712F0108232F0108232F0108C7
:102F5000112F0108114909880029CFD0022AE0D099
:102F6000CCE70E4909880029E0D0022ADED1D8E753
:102F7000084A02EB8303D3F83431C4E7054A02EB75
:102F80008303D3F84431BEE7024A02EB8303D3F84C
:102F90005431B8E7140603082C8700202835002098
:102FA000012802D9022806D070474B7923F00F037D
:102FB0001A434A7170470B7A23F007031A430A72C7
:102FC0007047012804D14B7963F07F034B71704740
:102FD00018B94B7943F04003F8E7022802BF0B7A97
:102FE00063F07F030B727047012804D18B7A43F0A2
:102FF00001038B72704718B94B7A43F001034B728F
:103000007047012804D18B7A23F001038B7270473B
:1030100018B94B7A23F001034B727047012804D191
:103020008B7A43F002038B72704718B94B7A43F0E6
:1030300002034B727047012804D18B7A43F00403DA
:103040008B72704718B94B7A43F004034B72704788
:10305000012802D1C87A0009704708B9887AFAE7CE
:1030600000207047012803D1C87A00F00F00704794
:1030700008B9887AF9E700207047012804D1887AD6
:10308000C04300F00100704708B9487AF8E7002013
:103090007047012803D1887A00F00100704708B911
:1030A000487AF9E700207047012802D11201CA725C
:1030B000704708B912018A727047012807D1CB7A8C
:1030C00002F00F0223F00F031343CB72704730B9A5
:1030D0008B7A02F00F0223F00F0313438B727047B9
:1030E000012803D1887AC0F34000704708B9487AB4
:1030F000F9E700207047012804D1487900F00F005B
:10310000012808E058B991F905204B79002A0DDB18
:1031100003F00F03012B14BF002001207047022889
:1031200003D1087A00F00700EAE700207047022880
:1031300013D0012807D1487900F00F00082814BFE8
:1031400000200120704740B991F905204B79002AF1
:1031500004DA03F00F03012BF1E700207047FFF7BB
:103160003BBE022801D1487A7047012801D1087A74
:10317000704718B9887900F00F0070470020704739
:10318000012806D14B7923F00F0343F008034B715C
:1031900070470028FCD14B7963F07F03F7E70128E3
:1031A0009EBF4B7903F07F034B717047012802D11A
:1031B0001144087B704710B91144C87A7047002049
:1031C0007047012802D111440B73704708B91144AC
:1031D000CB7270470346022B08460BD10B7A01F1E4
:1031E0000C0213F040031EBF0B7B03F007030133F7
:1031F000D0187047012B01D1FEF7C1BF0BB90930C0
:10320000704700207047012803D1487A00F0E000A1
:10321000704708B9087AF9E700207047012803D100
:10322000487A00F01F00704708B9087AF9E70020D3
:103230007047012802D101F10A00704710B901F16D
:103240000900704700207047012808D010F0FD0FDA
:103250000CD18B7902F0600223F0600304E08B79DB
:1032600002F0700223F0700313438B717047012842
:1032700006D010F0FD0F07D18B7923F0600302E038
:103280008B7923F070038B717047012804D010F004
:10329000FD0F05D000207047887900F0700070475E
:1032A000887900F060007047012807D010F0FD0F0A
:1032B00003D14B7A43F008034B7270478B7963F06C
:1032C0007F038B718B7A43F008038B727047012860
:1032D00007D010F0FD0F03D14B7A23F008034B7297
:1032E00070478B7903F07F038B718B7A23F008038F
:1032F0008B7270470346012B084601D1FEF755BF7C
:103300001BB9487A00F008007047022B0ABF087A00
:10331000002000F04000704710F0FD0F02BF8B7AD4
:1033200001EB1311CA72704710F0FD0F01BF8B7AC9
:1033300001EB1311C87A00F00F0018BF002070478E
:1033400010F0FD0F07D18B7A01F10B001B09C15C56
:1033500041EA0212C254704710F0FD0F01BF8B7A90
:1033600001EB1311C87A000918BF0020704720B97B
:10337000887A114401EB10110B73704728B98B7ACE
:10338000114401EB1311087B704700207047C37A8A
:1033900000EB13100C30704708B50346012B0846AC
:1033A00007D013F0FD0F08D18B7A01EB1310C27216
:1033B00003E0FFF7ECFF1201027008BD08B50346F9
:1033C000012B084604D013F0FD0F06D0002008BDE5
:1033D000FFF7DDFF00780009F9E78B7A01EB1310A6
:1033E000C07A00F00F00F2E7012804D010F0FD0FC2
:1033F00007D000207047CB7A01EB1311087B00093E
:1034000070478B7A01EB1311C87A00F00F007047F8
:103410000346012B084610B50BD013F0FD0F11D158
:103420008B7A01F10B041B09E15C41EA0212E254C0
:1034300008E0FFF7ACFF037802F0070223F0070370
:103440001343037010BD10B50446012C08461946FD
:1034500008D014F0FD0F09D1837A104400EB13104B
:10346000017303E0FFF793FF1044417010BD10F0AB
:10347000FD0F01BF8B7A891801EB1311087B18BF70
:1034800000207047012804D010F0FD0F16D0002056
:1034900070474B7903F00F03082B04D1887A10F0A2
:1034A000080004D1704791F90630002BEFDACB7A8F
:1034B00001EB1311487B00F0070070478B7A01EB9A
:1034C0001311C87A000970470346012B084604D03F
:1034D00013F0FD0F03D000207047FEF772BE8B7A09
:1034E00001EB1310C07A0009704708B50346012BA1
:1034F000084604D013F0FD0F06D0002008BDFFF7EA
:1035000046FF01321044F9E701F10B03897A0132D9
:1035100002EB11129818F1E70346012B084601D17E
:10352000FEF767BE6BB9827A437A0B3113F008035A
:103530004FEA12121EBF8B5C1B0901331A44881814
:1035400070470020704710B50A460446FFF780FC1C
:10355000002835D1012C1CD15479D379C97A04F0D3
:103560000F040E3B082C4FEA1111DBB207D1907A01
:1035700010F0080007D15B1A1B1AD8B210BD92F9DF
:103580000640002CF7DA0A44507B00F007000130B7
:10359000F1E7002CF2D1537A897A13F008034FEA4D
:1035A0001111D0791CBF5218D37AA0F10C0018BFAA
:1035B0001B09C0B218BF0133401AC01AC0B2DDE700
:1035C0000020DBE7012802D101F11200704710B999
:1035D00001F11100704700207047012803D1C8791C
:1035E0001438C0B2704710B9C8791238F9E7002012
:1035F00070470346012B084601D1FEF717BE33B9C9
:103600000A7A01F1090302F01F029818704700209E
:10361000704701281DD14B79C87903F00F03082B9F
:103620004A7A04D18B7A1B0705D40A230AE091F960
:103630000630002BF9DA02F01F03C91A8B7A03F067
:1036400007030A33013802F01F02801AC01AC0B201
:10365000704728B9C8790B7A0A3803F01F03F5E7D9
:1036600000207047012802D10846FEF7FBBD00206C
:103670007047012802D10846FEF711BE00207047AE
:10368000022805D148790B79000940EA03107047F8
:10369000012801D1087970470028FBD0002070472D
:1036A000022808D113090B714B7903F00F0343EA89
:1036B00002134B717047012801D10A7101E0002803
:1036C000FBD07047022806D14B7988791B0203F49E
:1036D000706318437047012801D1487A704708B9D0
:1036E000087A70470020704737B50446FFF772FD2F
:1036F000027845782046FFF7E5FF19490346086838
:10370000022C009088888979ADF804008DF80610A5
:1037100014D140F6FF718B421FD1012A01D0042A37
:103720001BD16A46002312F8011BA94215D00133B0
:10373000DBB2052BF7D1002003B030BDFF2B0CD13D
:10374000012A0AD16B46002213F8011BA94204D0BA
:103750000132D2B2072AF7D1EDE70120ECE700BF32
:10376000F8050308022808D14B79C2F3032023F09F
:103770000F0303434B718A717047012801D14A72CC
:10378000704700B90A72704773B50E46054601A925
:10379000304605F0C3FC9DF8053013F01C0FC3F351
:1037A000820407D1134B9B5D03F00302954213D1B2
:1037B00000240AE0002DF5D1013CE4B22046FEF7DA
:1037C0008DFD204602B070BD01240B4B1C70F8E744
:1037D0000224FAE70324F8E7C3F38102AA42F3D0F4
:1037E000C3F301129542F3D0B5EB931FF2D000243E
:1037F000E7E700BF665300209A4C002070B50546ED
:10380000324C86B0207801A905F06CFB694620781F
:1038100005F084FC032D03D9FF25284606B070BDB2
:103820009DF8043084F86830002BF5D028462178C4
:10383000FFF7AAFF06AB00B203EB800050F8132C91
:103840002B01C4F86A20D2B2DBB2FE2A84F86930B8
:103850000DD00022114604F1690010F8016F36BB4B
:1038600009B184F8693015B1D2B2002AD4D0284603
:1038700021789DF80060FFF787FF400046FA00F3CB
:1038800003F00303022B1CD0032B1CD0002B0CBF16
:103890002023082384F86E309DF8013013F00303D1
:1038A0001EBF5B0043F0100384F86E30B5E70132B1
:1038B0000133042A4FF00101DBB2CED184F8693024
:1038C000D5E71023E6E71823E4E700BF2C870020A4
:1038D00030B587B0054601A9002005F003FB9DF82F
:1038E000040005F0A3F9FF23124C237084F8703014
:1038F000114B1B78AB420BD100202070FFF77EFFED
:1039000084F870002078FF3818BF012007B030BD60
:10391000284601A905F0E6FA29460020FFF734FF02
:1039200006AB03EB800010F8133C002BEAD000201C
:103930002570E3E72C870020C44B0020074B1A8832
:10394000824207D09A88824206D1012203EB820389
:10395000987870470022F9E701207047044E002054
:1039600002380C280CD8DFE800F00909090D070718
:103970000B0B0D0B0D0D0D0004207047022070473E
:103980000120704703207047F8B51C46054601F03A
:103990000F0600BB090983F84710052E00F08E8042
:1039A0002046FEF7C3FF6368013E13F002011EBF0D
:1039B00094F8462042F0020284F84620072E00F2D6
:1039C0000A81DFE816F02B001802B5000801840018
:1039D000080108012101022802D183F84720DCE711
:1039E0001B7A94F84600DB0963F38200012E84F809
:1039F000460058D1636813F0800340F081800529A8
:103A000053D0A4F85A3084F8472084F84B1020464D
:103A1000FEF78CFF63689E0700F18380012284F823
:103A20004B201A40002A0CBF01200320617808BFF8
:103A3000002260F3030161706F4918BF012208780A
:103A4000C0F3001100F0200040EA811128B194F881
:103A5000480040F0010084F84800012D00F0BC80CF
:103A6000022D00F08980002D40F0AF80217A03F014
:103A70008000490705D594F8461041F0010184F80B
:103A80004610002A40F0888028B194F8463043F070
:103A9000100384F846300022092384F8543094F847
:103AA00084300933A5E0052933D1636813F040035E
:103AB0007FF479AFA4F85A3084F8472063689807F8
:103AC00005D594F8462042F0020284F846200522EB
:103AD0005B0684F84B2002D42046FEF727FF012224
:103AE000637862F303036370002D00F0C581954293
:103AF00071D10A2384F8543094F884300A3336E0C4
:103B00000023A4F85A30102384F8472084F84B305F
:103B10007DE7002384F84720A4F85A3084F84B103E
:103B20003BE794F8462042F0020284F8462075E70D
:103B3000324B6A1E1B68012AC4F83E30304B1B888A
:103B4000A4F842304FF0030384F84B302D4B1B7820
:103B500005D8012D84F847300CD00D2305E023F063
:103B60000F0384F84730B5BB092384F8543084F838
:103B70005C3030E00A23F8E772B91F0605D594F8E7
:103B8000463043F0100384F846300C2384F8543058
:103B900094F884300C332CE0227A94F84610D20941
:103BA00003F0800362F38201002B0CBF012200228C
:103BB00084F8461004D0CBB243F0100384F84630AA
:103BC000002D3FF469AF022DDFD094F8463062F348
:103BD000C30384F84630F8BD94F85B3023F07003DB
:103BE0000B4384F85B300A2384F8543094F8843013
:103BF0000A3384F85C30E8E7D1410020C845002052
:103C000028350020C36200200023012D0CBF04F1E1
:103C10005F0004F15E00037063685E0624D594F8CB
:103C2000863004F185074F2B4FEA131681BF042617
:103C300003F00F0343F0400384F886303946B21C8A
:103C400018F055FE94F88420F31C9A42D1BF00224C
:103C5000033A921BD2B2A6F17901384684F8842047
:103C600054FA81F118F01BFE94F8463004F1550621
:103C700043F0100384F84630636813F0010F0CBF63
:103C8000012203226378012D62F3030363706389C9
:103C900003F0600262D0217A490742BF94F85E10B7
:103CA00041F0100184F85E10002A00F09180764AFD
:103CB000B4F842101288914240F08A80314628467A
:103CC000FFF7DBF9002800F08380277A17F0100750
:103CD0007CD1012D6AD0284631463A46FFF7E4FAF6
:103CE000FFF71AFB01223146FFF72AFB63893146B1
:103CF000284603F060033A46FFF739FB3146284671
:103D0000638923F060036381FFF7A2F9314602461D
:103D10002846FFF7EFFA002866D0A31893F8603022
:103D2000033202EB131202F0FF0201232F2A28BFF5
:103D30002F229D4284F84B3084F8542034D0022D39
:103D400057D0002D7FF447AF093294F88430D2B2B7
:103D500084F854201A4484F85C203CE7002A3CD0C4
:103D6000494AB4F842101288914205D1314628469A
:103D7000FFF783F90028A8D131460120FFF768F941
:103D800002463046FEF711FA88B3A31893F8623062
:103D9000043203F0070353FA82F2D2B208232F2A27
:103DA00028BF2F2284F84B300A32CEE794F86020E7
:103DB000C3F3411304EB121292F861100B4382F823
:103DC0006130638923F060036381D5E7012DD3D08F
:103DD00031462846FFF77BFA96E794F8603004EB0B
:103DE000131383F86120C7E70232D2B29DE7033292
:103DF000D3E70C32A9E7022384F84B3029B194F8B9
:103E0000463043F0020384F846300122637862F3BF
:103E100003036370CDB195427FF4DDAE272384F8B0
:103E200054301D2384F85E30184B04F15F0203F117
:103E30001C0153F8040B8B4242F8040BF9D11B7898
:103E4000137094F88430273391E6262384F8543095
:103E50001D2384F85D300D4B04F15E0203F11C015B
:103E600053F8040B8B4242F8040BF9D11B78137002
:103E700094F8843026337AE6092384F8543094F891
:103E80008430093373E600BF283500209F4A0020A4
:103E900003680BB140681847704710B5054C0A46D7
:103EA00023682BB101462046FFF7F2FF0023236071
:103EB00010BD00BF9C4C002013B5164CE3694BB9F4
:103EC00000930421032004F1740304F1C4021BF0E5
:103ED0000AFEE061236A43B9042100930E4B0846B1
:103EE00003F150021BF0FFFD20620C4C236843B924
:103EF00000930B4B0421032003F150021BF0F3FD50
:103F000020600021074A084802B0BDE810400DF0CB
:103F10001FBC00BF2C870020FC87002064420020CB
:103F20005C880020194C0108F842002000239020F2
:103F300010B50B4900FB03F28C1894F88C41E40790
:103F400008D40848835C23F00F0343F00303835431
:103F5000104410BD0133042BECD10020F9E700BF61
:103F60002C870020B8880020022818D10E4A137828
:103F700013F0010308D092F83431D90710D592F824
:103F80006832DB070ED403464FF49A714B43D15C81
:103F9000D01821F00F0141F00501D1547047C5E759
:103FA0000123F1E700207047906D00202DE9F743D1
:103FB0000B9C074620460E46984691460FF0C4FCDF
:103FC00094F83C30224D063B012B8FBF7F2194F8A3
:103FD0004F3094F9491085F8E1339DF9283094F871
:103FE0002C0088BF85F8E11385F8E21385F8E39388
:103FF00085F8E48385F8E5330BF06FFFEFB1E6B1A8
:104000003368C5F8D13332790026124B1A716B46EA
:10401000D4E90501104A83E8030018463146FFF74A
:1040200037FF0E480DF046FC204600F0F6FD002359
:1040300085F8E83303B0BDE8F083022801D1E67FBC
:10404000E5E7A37F002B14BF02260126DFE700BFB0
:104050002C870020FD8A0020F88A00200C4E0020CA
:104060002DE9F041D2B0A822002128A818F042FB87
:104070008822002106A818F03DFBA74D2B6828A92F
:104080009B6918681BF0F1FE012802D052B0BDE810
:10409000F0819DF8A0307D2B72D8622B07D8472B7A
:1040A0005AD83F2B40D8C6228DF81820F5E0A3F14E
:1040B00063021A2AF7D801A151F822F0A54201089B
:1040C000A7400108B7420108A7400108A74001081E
:1040D000D541010861440108A7400108A740010833
:1040E000A7400108A74001087B4201088744010856
:1040F0007142010891440108A7400108A740010846
:10410000A7400108A7400108A7400108A7400108EF
:10411000A7400108A7400108A7400108A7400108DF
:10412000A74001089F440108A3F14002072ABAD81A
:1041300001A151F822F000BF95410108A7400108F4
:10414000B5410108E5410108014201081342010897
:10415000A74001085D4201085C2BA4D1F5F750FE91
:104160004FF07F330793D82307A88DF81830F5F761
:1041700019FE2B6828A99B6918681BF095FE44E07E
:10418000852B90D1F2238DF81830644B1B88ADF845
:104190001C30EEE7C1239DF8A4108DF818302029BB
:1041A00001D9002379E00DF11D008DF81C100CF0F1
:1041B0001AFDDEE700225A4BDB69C3E90422C3E99A
:1041C0000222C3E900222B6828A99B6918681BF00A
:1041D0006BFE53E7524B1422D8690021183018F0B7
:1041E00089FAF0E79DF8A5309DF8A400002B4D4911
:1041F00008BF0021042828BF002008F011FCE2E7D6
:1042000006F0FAFAC4238DF8183006A80DF04AFB20
:1042100034E7454B5B6ECBB15A68900616D593F8E0
:104220005A2002F00F02022A04D11A7842F010023A
:104230001A70C8E7987F0193B0FA80F07F230021BD
:104240001A4600934009FFF7B1FEBCE7374B1B68E5
:10425000002BB8D05A689106B5D5E6E7C7239DF87C
:10426000A4008DF81830F5F719FD8DF81C0080E7D3
:104270002F4B304A5A620AF09DFFDF232E4A8DF8F9
:10428000183013682BB1536853B19368002B88D151
:104290000223299942F8231001238DF81C3068E786
:1042A0000123F6E79DF8A430032B8CD89DF8A510C8
:1042B000224AD15487E7DC238DF8183000231A4CAA
:1042C0009DF8A460D4F8EC1384F8E93339B904F507
:1042D0007C7738461A4A0DF03BFAC4F8EC73DFF8E5
:1042E0006880B8F800308BB3002716480A230321F2
:1042F000006803AACDE90377ADF814700BF0D4F889
:104300009DF81230012B21D139460820FEF7CFF855
:1043100000238DF820302CE754420020B89F002065
:1043200070420020AF2401082C870020F0420020BA
:104330000000085000001D03444C002028A200206B
:1043400059350208704C002028350020002005F067
:104350009BF8B8F8003073B95C4B1F79032F0AD172
:104360000120FEF74BFC30B90120013F1AF096FF07
:1043700017F0FF07F4D1002E6ED0002384F83034FC
:1043800094F8313423B1012384F831340FF072F9F9
:10439000012E0AD184F830640AF0DAFE0423C4F84E
:1043A0003434022384F831340BE0032E11D1022679
:1043B00084F830640AF0CCFE0423C4F8343484F862
:1043C00031640FF057F994F83134003B18BF0123E2
:1043D0009FE7042E38D1B8F8003033BB3C4A12783E
:1043E000012A03D0042A1CBF3A4AD36001260120C7
:1043F000F5F7A8FC84F8E9630AF04AFF034690B990
:10440000354A022152681278023AB2428CBF3246D3
:10441000032262F30F232F4AD36003220EF0C9FC5C
:10442000304605F031F80423BCE794F8383443B93A
:10443000012384F83834264B1B78052B01D10BF06F
:10444000B1F80AF085FE63E7022EBAD10023C4F862
:1044500034340AF07DFEB2E7012384F83064A1E72A
:10446000DD238DF81830299B5A1F5E2A1B4A02D87B
:10447000C2F83C3401E0002BFAD0D2F83C24D21A26
:104480005342534145E79DF8A40006F0C1F89AE66F
:1044900005F0E4F9124B134A1A60F7F7C5FDE9235A
:1044A0008DF81830094B5B78012B3FF47AAE9DF8FC
:1044B000A430092B3FF675AE0B4A03EB8303128839
:1044C0005B00DBB2D31A094A1380E5E67042002094
:1044D00004A0002000000850409F00202C870020EE
:1044E0000000002002020FF04E5300205053002025
:1044F0002DE9F0436E4E85B03468002C5CD0012865
:10450000628922D002280ABF012300236949A377C8
:1045100008BF81F840349005A37F3AD5002B4ED0D8
:104520000021654A012B11700DD0022B36D1614A52
:10453000D2F84414012906D81820604A00FB012251
:10454000916801319160022529E05A4B616B83F833
:1045500040040223A37794F82030013384F82030FC
:10456000574B1B685B1A029394F83830002BD2D05B
:10457000029BB3F5966FCED212F0600F03D104F117
:104580003C00FDF7D2FD0121204605B0BDE8F04317
:104590009EE0012BD7D0022BC9D083B10125227810
:1045A000D10619D57F23B5FA85F01A46002101946A
:1045B00000934009FFF7FAFC05B0BDE8F0833D4ADF
:1045C000D2F84424012A05D818214A433B4881588F
:1045D000013181500025E2E76268D2075AD594F88C
:1045E0004B20052A56D033B10121364805B0BDE82D
:1045F000F043FEF78BB9DFF8BC9094F82C003360E1
:10460000C9F864400BF069FC0128074694F884500F
:104610003BD12B3504F1550841463846FEF7FBFBEC
:104620000646C0B1012389F8E8330BF0B9F94146D9
:104630000028384614BF4FF496760026FEF71DFD7D
:1046400048B13846FEF70EFD03463846FEF700FD3A
:10465000834208BF3D25637803F00F03012B0ED979
:104660000023042103A803930CF0BDFA039B05EB80
:104670004502B3FBF2F102FB11332E44F518284634
:10468000FEF73EFB01461048B0E708B92A35C1E7FE
:104690002E35BFE720460FF057F904F114002946E4
:1046A0000A4AFFF7F5FB204605B0BDE8F043B4E247
:1046B000F04200202C8700209C42002098450020DA
:1046C000800A0020857A0108757A0108F88A00209E
:1046D0002DE9F843AA4B0E461860037A0546D90621
:1046E00042BF438923F06003438190F82C000BF014
:1046F000F4FB0128074624D0022800F09C8095F89E
:104700004B2095F84F30002840F01D816C89A8732C
:10471000600604F0600100F10881A00600F1F88055
:1047200004F00704032C00F0E580022C40F0C08068
:10473000002940F03B81032A00F0F08085F84E60AC
:10474000EFE0904B1C782B7803F00E03022B03D183
:1047500095F82030002B44D0DFF83C8298F848448C
:10476000FEF792FAF8B195F84C2095F85C30D20734
:10477000854A58BF0233526858BFDBB2107801280F
:1047800011D1824911F804C0BCF1000F06D0BCF170
:10479000010F3BD0012388F8403404E0085512890A
:1047A0007B4B23F814202B7803F00E03022B03D14C
:1047B00095F85E30FF2B0FD098F8403463B14FF07E
:1047C00003090AF0ECFCB0FBF9F303EB4303C01A56
:1047D000C0B28442F5D00446002388F8484488F8E3
:1047E00040346B89032C28BF002413F0600F18D0CD
:1047F0000F3413F4806FB5F84420E4B204D10E21D5
:1048000043F48063A9736B812A820CE00C22193374
:10481000B3FBF2F35E4A043332F814209342C2DB56
:10482000B8E70C34E4B213F4007300F0C280012640
:1048300085F84E60C5E06B89564A13F0600F917899
:1048400012791DD002290ED0032A15D16A6812F4FC
:10485000005F0CBF0824092413F4806FB5F84420CE
:10486000D2D10921CCE7032A08D16A6812F4005F8B
:104870000CBF09240824EFE70824EDE70924EBE73F
:10488000022908D0032A0FD16A6812F4005F14BF0E
:1048900007240624C7E7032A08D16A6812F4005FD8
:1048A00014BF06240724BEE70624BCE70724BAE7A2
:1048B000002960D1032A0ABF3E4685F84E6085F87C
:1048C0004E7001247E2B18BF1F4695F84B3003F025
:1048D0000F03052B40F0D48095F85E30980740F127
:1048E000DA806B68990675D4B5F84430FF2B08BFA1
:1048F0007F276FE000293AD1032A06BF3E4685F89C
:104900004E7085F84E6005247E2B18BF1F46DCE7ED
:10491000002943D1032A144640F0A6803E4685F87C
:104920004E707E2B18BF1F46CFE700293AD1032ACD
:1049300006BF3E4685F84E7085F84E6004247E2BF7
:1049400018BF1F46C1E76C8914F0600400F0858031
:104950000024B5F84410032A08BF0026298285F8F0
:104960004E60002C40F087805FBB0224D9E705240D
:10497000B5F84410EFE70124B5F84410EBE700BFA9
:10498000F0420020C2620020409F002052530020CD
:1049900056530020704200202C8700200324B5F8D5
:1049A0004410D8E70424B5F84410D4E7B5F844100F
:1049B000D1E795F84B20032A7FF43AAF1E4685F8DD
:1049C0004E3095F84F307E2B08BF0023022F1F4634
:1049D0007FF47BAF204685F84F70FDF7B5FB85F877
:1049E0002300002C00F0DA80002385F83C30A4F18D
:1049F0000C03022B05F13C074FD885F83C400A24F4
:104A000095F84C30DB0740F19580664BD3F8442491
:104A1000012A06D81821644B01FB02335A6801327F
:104A20005A60FEF731F995F84730002879D1A21F76
:104A3000012A79D995F85A2095F8461022F01002EB
:104A400001F00100C1F3800142EA001243EAC11300
:104A500085F85A2085F85B3043E0032A7FF4E8AEFE
:104A6000264685F84E40ACE77E2B18BF1F46032430
:104A700085F84E6029E77E2B14BF1F46002724E7E8
:104A80006A689206A6D4B5F84420FF2AA2D1032B67
:104A900018BF7F279EE77F279CE7A4F10F03022B17
:104AA00014D8384685F83C40FDF712FE002875D131
:104AB000072344F6206202210EF09EFB0122394BAF
:104AC00085F8386083F84A24BDE8F883A31F012BDA
:104AD00002D885F83C4093E7E31E012B08D885F8FF
:104AE0003C40324B03EB84039B6A38469847DDE732
:104AF00095F84C30A4F10802012A03F001033FF6B7
:104B00007FAFDFF8A0802BB198F8493413B938464D
:104B1000FDF752FF95F84C30C3F3000388F8493491
:104B2000DDE785F85D30DCE7384685F85E30FDF777
:104B300043FFD6E795F84B30013B072B2ED8DFE833
:104B400003F0281E142D042D2D282046FDF756F9BC
:104B5000DFF8588008EB8000D0F86431384608EB65
:104B600084089847D8F82830BFE72046FDF746F973
:104B7000DFF8388008EB8000D0F87431EEE720468B
:104B8000FDF73CF9DFF8248008EB8000D0F8843191
:104B9000E4E739462046FDF736FA87E70220BDE80C
:104BA000F843A5E42C87002098450020140603084C
:104BB00070B51548F4F77AFC014618BB134C25680C
:104BC00035B16B895B051DD52846BDE870407FE592
:104BD0000F4E2146306A1BF067F9012802D12946A1
:104BE0002068F2E72560756E65B92146F0691BF013
:104BF0005BF90128014604D1064B20681B6843631A
:104C0000E3E7256070BD00BFF8420020F0420020BD
:104C10002C870020800A0020CAE7154B13B51A68BC
:104C20000021824204BF00221A60124B5A6E824257
:104C300004BF00225A66902217F05CFDFDF7A0FE2B
:104C400040B10722022100200EF0B3F80A4CFDF714
:104C500097FE18B902B0BDE81040A9E7206801A985
:104C60001BF022F90128F5D1019B9847EFE700BF1F
:104C7000F04200202C8700206442002037B5054612
:104C800019F01AFAEC6919F025FA0194154C012370
:104C9000002201A9E0691AF023F8019A052192F88F
:104CA00024302846013382F8243000221AF070FCA8
:104CB000D4F84C34AB4211D0D4F850349D420FD0CC
:104CC000D4F854349D4205D1022304EB830400231D
:104CD000C4F84C34FFF76CFF03B030BD0023F4E799
:104CE0000123F2E72C8700202DE9F743314B324EA8
:104CF000196805468842726E019016D1002119602C
:104D00000123954204BF002272662A7802F00E0247
:104D1000022A0ED10023306A1A4601A919F0E0FFD9
:104D2000FFF746FF03B0BDE8F083811A4B424B41C9
:104D3000E7E76A6812F480422CD0D6F84C743FB191
:104D4000D6F8503423B3D6F85434002BE8D10227D8
:104D50002C20D5F830901AF09DFF044668B14FF032
:104D6000000880F828801AF093FB144BC4E90695DC
:104D70002360134BC4F814802362124B06EB8707A1
:104D8000012120461A68C7F84C441AF001FCC7E715
:104D90000127DDE7F06953B1012301A919F0A0FF54
:104DA000019A92F82430013382F82430B8E71A4689
:104DB000F3E700BFF04200202C8700200006030824
:104DC0007D4C0108800A00202DE9F74F0546DDE9FA
:104DD0000C9494F82C00984692460F460BF07DF800
:104DE000022808BF636804F1550102BF23F00403E1
:104DF00043F0100363600646FEF799F90246304619
:104E0000FDF7EAFF03463046FDF7F8FF400040EAB1
:104E1000C30343EA021394F8462003F01A0322F076
:104E20001A02134384F846306368B4F844B09B0018
:104E300003F008036381237A13F02003009304F145
:104E400014033FD1B8F1010F34D19AF80020002AA1
:104E500030D1022E2ED1042284F88460A4F885205B
:104E600099E8030083E8030025F010056581FDF74C
:104E700061FA012102463A4B1970237A990612D43D
:104E8000234639463046FEF77FFD022E0BD163687C
:104E9000DB0708D5334B1B79032B01BF63785A1C02
:104EA00062F30303637020466389A38103B0BDE806
:104EB000F04F19E74246514604F18500019317F07F
:104EC00016FD019B84F8848099E8030083E80300C1
:104ED000731EDBB2012BC7D9022F09D0042D07D0D6
:104EE0005FFA8BF3FF2B28D125F0070545F001056C
:104EF000002EBCD1009BDBB9DFF8648098F800304D
:104F000043B3A7F1080C05F00700DCF10001A0F1A4
:104F1000020E41EB0C01DEF1000040EB0E00FDF74C
:104F20001BFA3843C7B2012384F84B7088F800306D
:104F3000FDF726FD002265819FE76B07D8D10A4B5C
:104F4000B3F858245A45CFD193F85A3405F0F805F0
:104F50001D43CDE7054B1B7847EA0313DFB2E2E7B9
:104F6000994C0020704200202C870020C362002052
:104F70002DE9F04F8DB0189C054667680693F8043C
:104F800044BF012384F82C3094F82C008B4616463D
:104F90000AF0A3FF022880469DF8589067D10022AE
:104FA0000425B54B27F0040747F0100767601A7017
:104FB00004F15F0362680493110542BF237A63F032
:104FC0007F03237212F0C00F40F09480CDE9009867
:104FD0003146237A05F00700FDF7FAF982460028EA
:104FE00040F0A081A54F3B79002B00F08380237A0D
:104FF0005A0640F19781A04B65681A7825F0200584
:1050000065600A90ADF82C00EDB20AB145F02005BC
:10501000179BDFF8888293E8030088E803002046A6
:10502000FFF7FBFD0022944B1A7004F035FC48B9E1
:10503000B9F1AA0F28BF4FF0AA0906994A4690482D
:1050400017F055FC002341F288318E4A8E4805F056
:105050000DF804F021FC78B100210220FEF71DFFBD
:105060000023C8E9003350460DB0BDE8F08F012899
:105070009ED104F160039DE797F88445082C05D87C
:10508000824B234493F89431012BE5D07C4BADF84F
:1050900024B0C7F82435ADF826608DF82A50B53312
:1050A0000CAA12E9070003C31A80794B1122C7F832
:1050B0001C350023A7F82895A7F82A3587F82C2552
:1050C00087F86F3587F87035A7F87C3587F87E3517
:1050D000A7F80E35A7F8806534B1062C08D005F086
:1050E000E7FF4FF0010ABEE7172004F0EFFBF6E7F9
:1050F0001820FAE70022604BA4F842B01978D4F8DF
:1051000004B0A4F844606277002950D01A70237A62
:1051100043F0010323721BF0900F5AD116F0FF03E6
:1051200059D140F6FF739E424FF001074AD0637F8A
:1051300073BB636803F00503052B40F0E580F0B214
:10514000FEF7C6FB002800F0D780DFF830A19AF800
:105150006E00FDF7EFFD9AF86920054602F00F0298
:10516000531E032B0ED8B8F1010F4FEA02170AF1B4
:105170006A0100F0BA8004F1600017F0B8FB84F80F
:105180005F700827052363779AF86830A4F84430E5
:10519000626812F0C00F00F0BA80179B3946009386
:1051A00028464B46069A0194FFF70EFE99E71BF03E
:1051B000400FB0D007230827637740F6FF739E4265
:1051C00040F08B80B8F1020FB1D12BF00503636082
:1051D000ADE70127F1E72F4A1278002AF9D02E49CE
:1051E0000A7A9A4245D00A789A42F2D10027638916
:1051F0004FEAC70A01EBC707787823F0070300F0EE
:105200000F0243EA1013B87923F0600300F0600046
:1052100003439BB263810393FDF736FD0AF1020A53
:1052200013015144059302F10D0A002838D004F10E
:10523000610017F05CFB059B84F854A084F8603093
:10524000039B05F0980513F0600F1EBF237A43F00F
:1052500010032372049B1B780F2B4FF0030363771B
:10526000039B88BF082703F0670398BF01271D43EE
:10527000A3E70127BBE700BFE24900202C870020FD
:10528000878B0020E1A101085C8C00201406030834
:105290009B3E0108434C0020334C00209C4C0020D6
:1052A000079004F1600017F022FB059B84F854A0DE
:1052B00084F85F30FA79D307C2D5227A079B42F08F
:1052C000040222727A7822F0700242F030027A7080
:1052D000FA7963F30002FA71B2E7FF2E7FF427AF89
:1052E000B8F1020F3FF423AF6FE704F1610017F04C
:1052F000FEFA84F8607044E7636823F00403636097
:10530000637F002B7FF444AF0623637740E7CDE94A
:1053100000983146237A05F00700FDF759F8002878
:105320003FF43BAF2046FFF778FC4FF0000A9AE6C7
:105330002DE9F04F054689B00E4618785978174682
:105340001C4603F0E3FB9DF848808146DDF850B031
:105350009DF854A0F8B10023ADF816600126ADF811
:105360001E30139BADF8147006938DF81C6004F08A
:105370003BFD41468DF81D00CDE902B62046CDE942
:10538000005A169B05AA06F0E4FB003818BF01205E
:1053900009B0BDE8F08F0220FEF7E6FDD8B1139BFF
:1053A0000E4A43601268169B8262C0F830B080F8E3
:1053B0004FA080F824903A46CDE90083029023461E
:1053C00031462846FFF7D4FD0028E1D10122044BE5
:1053D0001870044B1A700020DAE700BF800A002022
:1053E000E2490020994C002010B588B009B1244B47
:1053F0001970244B244893F86F20E72A0BD9002218
:1054000083F86F2000221E4B2048197808B0BDE8B1
:105410001040FEF73DBDD108415C02F00704214178
:105420000132C90792B2E8D593F8710083F86F2072
:1054300010F00100E6D1164B16491B7806ACC3F3F9
:1054400040130B70144BCDE90304CDE90630134B28
:1054500002901B78124943F400630193114B1B78AF
:105460000093114B09781B68FFF762FF024628B9C9
:105470000221034B20461970FEF70AFD08B010BD4B
:105480009E4A00202C8700209F4A0020904A00203E
:105490008D4A0020E2490020E95301089D4A00207E
:1054A0008E4A00209C4A0020984A002041F2017355
:1054B00000B500298BB0ADF81C3014BF04230523C0
:1054C0008DF81E30002308AACDE903320293CDE9FE
:1054D000083305220323CDE900320649064A09882C
:1054E00092F8852507AB0120FFF722FF0BB05DF88E
:1054F00004FB00BF283500202C8700202DE9F04F49
:10550000DFF8A4B18BB0DBF86440002900F09A808A
:10551000002C00F09780FDF7B7FB04F1550106461B
:10552000FDF7ABFD002800F08D8094F84790B4F8AB
:105530004430002E00F0898094F8607004F161011D
:105540004FEA1718424607A8059317F0D0F9022032
:10555000B4F842A0FEF708FD08F102050446002851
:1055600070D00321059B4278DBB261F30302A0F8FF
:105570004230BB1E427003F00F0327F00F021A43A4
:10558000002E69D008210F2B08BF90F8463080F814
:10559000479004BF0B4380F8463080F84B1080F8EA
:1055A000602000F15F0900F16103304604F155010C
:1055B00094F84B200593FDF7F3FCFDF715FDFDF77F
:1055C0003AFD94F84620130701D5FDF7FAFC5FFA7F
:1055D0008AFAA4F844A099F80020059842EA071234
:1055E00089F800204246042A28BF042207A917F0A0
:1055F0007EF9002384F88430002E51D10935237AB6
:10560000204643F02003237284F8545084F85C5001
:10561000FDF78CF9234BB4F8442008930023099339
:105620006368B4F8421043F08103636008AB0294EE
:10563000019394F8843000939BF85A0404F1850395
:10564000FFF796FC0BB0BDE8F08F94F85F7004F1A3
:1056500060014FEA171875E7012180F84B1090F8A8
:1056600046100F2B41F0100180F8461008BF90F84B
:10567000463090F85A1009F00F0908BF43F00803AC
:1056800061F07F0180F8479008BF80F8463080F8CD
:105690005A1080F85F2000F15E0900F1600384E792
:1056A0000A35ACE7712401082C8700202DE9F04F62
:1056B00091461E4653680D4603F03707576099F828
:1056C0000910484A8046127887B0042907D8DFE8D5
:1056D00001F041030A0D100012F0010F6ED10020FD
:1056E00007B0BDE8F08F12F0020FF7E712F0040FD9
:1056F000F4E71206F3D53C4CB4F800A0BAF1000F61
:10570000EDD1AA2DEBD8394BB9F800B01B88DFF8E2
:10571000EC90059309F286532A464146184617F045
:10572000E6F804F154032574E06096E8030083E88A
:10573000030099F83036059A0133DBB25046628097
:10574000A4F800B0676089F8303684F8523004F06D
:1057500039FE31E0264C47F02007C3F34013022006
:10576000C9F804702370FEF7FFFB014628B9002337
:10577000012223701F4B1A70B1E71F4B1B68836215
:10578000002380F8243099F80A304760DB0742BFD5
:10579000037A43F040030372B9F800703846FEF70D
:1057A000CDF8CDE901611149009543463A46098893
:1057B000FFF7DEFB0028DAD0012091E70B4B4A46C9
:1057C0001B882946A9F8023000234046CDE9023360
:1057D000CDE90033334606F0BCF9003818BF01208C
:1057E0007EE700BFDC450020F84600202835002079
:1057F000E2490020994C0020800A00202C870020DC
:105800002DE9F84F8046FDF73FFA8B469246064653
:1058100098F84C30DFF8C09088B1A82B56D80220F9
:10582000FEF7A2FB0446002850D099F80030002B68
:1058300044D036B1FCF77EFD0746052509E03F2B35
:10584000ECE701210846FCF787FD40F005053746E7
:10585000EDB208F104017B2204F13C0017F047F897
:1058600063683A4643EA0B0363600223638198F856
:105870001C304FF0000884F854300123294689F881
:10588000003030462346C4F814A0C4F81880FEF750
:105890007BF894F85A3003F00F03052B06D194F8E7
:1058A0008E3013F0020F08BF4FF07F08204684F8B7
:1058B0004F80FFF719FA0120BDE8F88F98F80F70B4
:1058C000002EBAD13D0145F00505C0E701230020B7
:1058D00089F80030F0E700BF994C00202DE9F7432C
:1058E0000446B0F8447090F82C000AF0F6FA054629
:1058F00004F15501FDF7E6FE022D29D194F85D80F3
:1059000008F007086368627F590740F13481052A6F
:1059100000F23181237A13F0100600F09D8023F00D
:105920001003237294F84630A08923F01803608195
:1059300084F84630002D7FD0FCF7FCFC01210246A4
:1059400023462846FEF720F8002384F824306AE036
:1059500094F85A20012D02F00F08D3D008F1FF333C
:10596000032B03D8DFE803F00D0404044FF0010813
:10597000002DC7D194F84630D9060AD51306C1D5F3
:1059800012E0160608D4002DBCD194F84630D90692
:10599000B8D413F0010F0BE0002D4AD194F8463033
:1059A0004FF00808DE06F4D594F85E3013F0100FBF
:1059B00009D0237A23F00403237294F846306FF35E
:1059C000000384F84630A74B94F859101B8899427D
:1059D00098D1160696D5638903F00702032A91D160
:1059E00094F85C20402A8DD8012123F0070343F06E
:1059F0000203638194F84630084623F0180384F8C4
:105A00004630237A43F004032372FCF7A5FC0022FE
:105A100040F0080123461046C9B2FDF7B5FF237ACE
:105A200023F004032372204603B0BDE8F043FFF7E0
:105A30005BB94FF0080865E700F00700A0F1020E1F
:105A4000DEF10000294640EB0E00FCF785FC40EA41
:105A500008012A46C9B273E7032ADFF8189233D83F
:105A6000C0B2FDF735FF0523637799F8703094F8DD
:105A70004680FF2B60D099F8683099F86E00A4F842
:105A80004430FDF757F90546FDF7FEF8638999F8AC
:105A9000692003F0180302F00F021D43531EEDB2FC
:105AA000032B28F018030746658184F8463014D983
:105AB00038BB05F00700851E684239466841FCF78F
:105AC0004BFC40F0010132E099F870000130C0B2A7
:105AD000FDF794FE89F87000C5E763494FEA0218A4
:105AE00088B104F1610016F002FF082184F860809B
:105AF000FCF720FC0646234632463846FDF744FFB5
:105B000091E70121F4E704F1600016F0F0FE05F0E2
:105B10000700A0F1020CDCF100004FF0010184F855
:105B20005F8040EB0C00FCF717FC40F008010122FD
:105B30004E4BC9B21A70DEE728F0180384F84630DD
:105B400055B1FCF7F7FB0121024623462846FDF735
:105B50001BFF0623637766E76389294623F0070363
:105B600043F0030328466381FCF7F6FB40F0010194
:105B70002A46C9B2E9E7062A69D8227AD20766D549
:105B800003F0020304F1140243F0010301920093B5
:105B900004F185063246394694F88430B4F8420060
:105BA00007F044FF002852D00027DFF8C88084F8AF
:105BB0005470D8F834064FF47A61C279836B42F09E
:105BC00020021A7040225F60DA70A36A0361052325
:105BD000037007F0E3FE264BD8F83416C4E9053706
:105BE0006389012D23F0070343F0020363818A795F
:105BF000636801F1850143EA0203636011F87D2CBB
:105C000010D1AA2A88BFAA22304684F8842016F030
:105C10006EFE07236377FCF78DFB052102462346C2
:105C200028466BE7402A28BF4022304684F884206B
:105C300016F05DFE07236377002DECD101210846A5
:105C4000FCF78AFB40F005012A46C9B2E7E77F234B
:105C500000211A46084601940093FEF7A7F903B005
:105C6000BDE8F0832835002096870020994C00205D
:105C7000058901082C870020024B586E00B12DE6E3
:105C8000704700BF2C8700202DE9F04FC36993B007
:105C90000793037EA24E099390F91330C6F8380695
:105CA0000C93037806905A1F022A01D90A2B08D1B7
:105CB000079B079ADB79013BD371099B013BDBB260
:105CC0000993079B776EC6F83C36099B86F84936E0
:105CD000069B1A7C934B1A70069B93F811B0099B94
:105CE000082B68D9079B099ADB79934263D8002374
:105CF000BBF1010F86F8453622D0069B1878FDF7D8
:105D00002FFE002386F85A040799584686F84C3629
:105D1000FDF7ACF80246012A584613D0FDF77BF890
:105D20000546A0B9052A40F0C480BBF1010F079BCE
:105D300040F0AB809B7ADC0600F0B580A8467DE0A1
:105D40000320DEE7FDF767F8002800F099800023C4
:105D5000079958460F93FDF77BF904465846FDF71F
:105D600081F90246601EC0B2032824D85846FDF7C8
:105D700090F918B394421ED001D20F2A1BD10FAD57
:105D8000DAB258460799FDF711FAE8540133DAB24E
:105D90009442F5D8042C15D19DF83F305BB19DF8A5
:105DA0003E209A4207D09DF83D209A4203D09DF8AC
:105DB0003C209A4208D113B0BDE8F08F9442FAD348
:105DC0000346DCE7032C14D19DF83E30002BF2D0C3
:105DD0009DF83D209A42EED09DF83C209A42EAD0B0
:105DE0009DF83D30002BE6D09DF83C209A4202D130
:105DF000E1E7012CF4D19DF83C30002BDBD0584674
:105E00000799FDF708F800283AD05846FDF784FBBB
:105E1000437800F10108182B05460FD8424A1A4171
:105E2000D20708D5032B09D10422404808F102010A
:105E300016F095FD10B9FE2008F05EF8D6F83C4645
:105E400058462146FCF7E7FF02465846FDF70EF894
:105E5000374BBBF1010F1B888246DFF8C4900593D6
:105E600035D1237905998B4250D112B1637A8B4297
:105E700060D1002D6CD199F80930002B9BD031E016
:105E800058460799FDF7A6F9C2E75B7A13F01F039E
:105E90007FF454AFBBF1000F15D1079B03F111053F
:105EA00003F11208CAE7079B03F1120503F1130877
:105EB000C4E7022A7FF442AF5846FDF79AFB054635
:105EC00000F10108BAE71D464FF00108B6E7584651
:105ED000FDF7D6FB059B98420CD0002D5CD1737A60
:105EE000002B78D0013B012B75D8BBF1020F7FF45A
:105EF00062AF70E0BAF1010FBBD1002AB9D05846A9
:105F0000FDF7E0FB059B9842E7D1B2E76DBB737AE2
:105F1000002B60D0013B012B7FF64DAF5BE000BF53
:105F20002C870020C26200207EFFFFFEC8450020B3
:105F300028350020002DEAD02B789F2B46D0982BB7
:105F400018D0737A002B46D0013B012B31D942E0A7
:105F50002B789F2B3FF42FAF982B3FF42CAF99F861
:105F60000930002B3FF427AF1DE02B789F2B2DD05D
:105F7000982B2BD121465846FDF7A4FBFF283FF470
:105F80001AAF99F8093033B3013B012B23D8BBF189
:105F9000020F20D06DB90EE72B789F2BF1D0982BF4
:105FA000E8D0737ABBB1013B012B14D8BBF1020FCF
:105FB00011D0B8F1000F3FF4FEAE2B78012B60D169
:105FC00098F80030032B06D0082B90E7737A13B1B2
:105FD000013B012BDED914220021B24816F08AFBC6
:105FE000002389F8453689F8643623680422AE49CF
:105FF000AE48D9F864600A93C9F8653616F0AFFC6C
:1060000010B1012389F84536BBF1020F3CD1237A48
:1060100003F00503012B6FD162792179120942EA5D
:106020000112B2F57A6F03DDA2F6A272032A63D8D9
:106030009F4A92F84516C80702D5537A012B5BD1C7
:1060400021465846FDF78DF89A4A1070002E00F050
:10605000688196F84720964981F86A262146584675
:10606000FCF704FF0138DFF848A2072844D8DFE82E
:1060700010F05E01F7033104430043004300430086
:106080009B04002BA7D096E6BBF1010FDFF820821E
:1060900040F0C58094F8059009F00F09B9F1020F9E
:1060A00005D12046FCF7C2F80378012B24D098F8DC
:1060B000453613F00103C3D0059B002B00F0A580EB
:1060C00098F86936002B00F0A080B9F1050F00F0B8
:1060D0009A80B9F1080F7FD12046FCF78AF8042294
:1060E000C11C714816F03BFC03460028A8D098F864
:1060F0000930002B40F087806D4C5846D4F83C6640
:1061000094F8459631468DF81490FCF7AFFE0128BF
:1061100040D15846FCF77FFE002800F0CF85584656
:10612000FDF7FAF9BBF1020F037890F801A031D81E
:1061300094F80980B8F1000F2CD009F04709B9F1A3
:10614000010F27D10BF1FF32012A00F2D585012B77
:1061500002D0042B40F0C685BAF1080F1AD0BAF16C
:10616000030F40F0B08531465846FDF733F8B8F1DB
:10617000010F064605D1C11C04224C4816F0EFFB66
:1061800040B13279F378134372791343B2791343F0
:1061900040F0A885059B1E0644BF012384F86436A1
:1061A00094F86436002B14BF0123002384F86D3665
:1061B00000F0F785BBF1020F00F0C08594F8603065
:1061C000002B00F0EE85069B93F9131093F90E0057
:1061D00003F000FE00F0E5BD98F80930002B8BD0ED
:1061E000012B10D0B9F1010F86D12046FCF701F840
:1061F0004378032B07D1C11C04222C4816F0AFFBB7
:1062000000283FF479AF00231AE798F80930002BF3
:106210003FF472AF012BF6D0B9F1080FE1E7BBF103
:10622000000F7FF469AF94F8059009F00F03022B7B
:1062300015D1237A03F01F0323445B7A012B3FF42B
:106240005BAF98F84536D9073ED5194B93F80980CE
:10625000B8F1010F38D019F0800F1ED151E098F835
:106260004526D20730D5052B26D0012BEDD119F0CC
:10627000800F41D021465846FDF74EF90422C11C3B
:10628000094816F06CFB002848D1059BBBB9084BA8
:1062900093F80980B8F1010F16D0B8F1000F3FF460
:1062A0002BAF11E07C8D0020C8450020918D00208F
:1062B0002C870020C3620020059B002BC5D0BB4B60
:1062C00093F86936002BC0D021460020FCF749FF27
:1062D000B6490246D1F838361878FDF741FBA0F1EF
:1062E000020CDCF10000B24B40EB0C0042EAC012A1
:1062F0001A70C6B1FF23B1E698F80980B8F1010F12
:10630000E2D0A37A032BC8D10422AA4804F10C01DD
:1063100016F025FB00283FF4EFAEBEE798F80980A1
:10632000B8E7FF2297E6FF2381F86A36E2E7002309
:10633000BBF1020F94F807908AF86B3644D1B9F19B
:106340000D0F04D80022994B83F84526D4E6584611
:10635000FDF7CAF90028F5D021465846FCF73AFF68
:10636000227AA9F10D0912F0400318BF237BCAF865
:1063700040061CBF03F0070301334B448AF8443640
:106380006379A079190201F4706101430598814293
:1063900004D040F6FF7081427FF4AEAE9AF8451605
:1063A0001B0941F080018AF845162179120643EA5B
:1063B0000113AAF846367FF59FAE9AF8453643F0AA
:1063C00020038AF8453697E6BBF1010F2ED1B9F1CB
:1063D0000A0FB7D95846FDF787F90028B2D02046F2
:1063E000FBF7CDFECAF840062046FBF7DEFE18B1EB
:1063F000A07A00F007000130A9F10B0948448AF89F
:106400004406637A059A934202D0FF2B7FF474AE60
:106410009AF8453643F080038AF845362379AAF87E
:10642000463694F90530002BC7DB65E6B9F1090F54
:1064300088D95846FCF7EFFC002800F0EB815C4A55
:106440005846137843F040031370FCF701FE431ED7
:10645000DBB2032B80463FF675AFB9F10A0F3FF46C
:1064600071AF5846FCF73CFE58B15846FCF742FF66
:1064700038B108F10D03DBB2994502D25846FCF75A
:1064800026FF21465846FDF747F8DFF820912146C0
:10649000C9F840065846FDF756F889F84406237AAD
:1064A000059A214693425846089340F0AF80FCF786
:1064B000D9FD8045024640D15846FCF78DFC99F83D
:1064C0004536002836D063F05F03DFF8E08089F8B6
:1064D000453698F84536013A43F0100321465846B0
:1064E000D2B288F84536FCF761FEDBB2DB07A8F8CC
:1064F00046061BD421465846FCF78DFCB0B15846E1
:10650000FDF70AF80378012B10D14378032B0DD146
:1065100098F86C36022B1CBFD0F803300A930A9A05
:10652000224BC3F805200122234B1A70002E3FF4A2
:10653000E3AD1BE143F08003C7E70F28F6D15846CF
:10654000FCF74AFC28B199F8453643F0200389F856
:106550004536002E3CD0154B5846D3F8381606F178
:106560003C02FBF786FF98B321465846FCF770FDC6
:1065700006F1550103465846FCF76AFD834227D1D0
:10658000217996F85D20914222D14FF0000806F162
:106590005F095FFA88F2934210D8044A92F84536B0
:1065A00043F0800382F8453612E000BF2C870020BC
:1065B000C3620020918D0020984C0020214658464F
:1065C000FCF7F4FD19F801AF08F101088245E0D0AD
:1065D00021465846FCF784FDBD4B68B193F845262B
:1065E00042F0040283F84526002221465846FCF773
:1065F000DDFDA3F8460699E75846FCF71EFC002887
:10660000F2D093F8452642F00202EBE7FCF72AFDB0
:1066100080465846FCF71CFD804582467ED24246A5
:106620005846FCF7C3FD059B984277D12146584652
:10663000FCF723FD00284AD186B15846D9F8381610
:1066400006F13C02FBF715FF40B199F8453663F0BF
:106650003F0389F84536052389F86B360AF1FF3A7E
:10666000D0452CD120799A4BA3F84606B8F1000FFB
:1066700016D121465846FCF73DFE88B15846FCF736
:106680009DFE68B942465846FCF7F1FE10F0180F1F
:1066900006D08F4A92F8453643F0200382F84536FB
:1066A00021465846FCF798FB894A92F8453690B344
:1066B00023F0280343F0280382F8453636E708F133
:1066C000010221465846D2B2FCF770FDCBE7B8F183
:1066D000000F19D120797E4B0AF1FF3AD045A3F87B
:1066E0004606DDD121465846FCF704FE0028D7D0E7
:1066F0005846FCF763FE02460028D1D15846FCF705
:10670000B6FE10F0600FC3E708F1FF325846D2B270
:10671000FCF74CFDDFE743F00803CDE7002E3FF424
:10672000EBAC6B4B5846D3F8381606F13C02FBF73E
:10673000A0FED8B121465846FCF79FFC002856D150
:1067400008F1020202F00F0292450FD95846FCF7F9
:106750002DFD059B984209D15D4B93F8452662F0CB
:106760003F0283F84526012283F86B2694F80480C3
:10677000059B98450DD00422204606F13E0116F0F7
:10678000EEF800287FF4B8ACB6F8423043457FF409
:10679000B3AC4F4B5846D3F8381606F13C02FBF722
:1067A00068FE00283FF4A8AC21465846FCF75AFC86
:1067B000B6F844300246089883427FF49DAC5846B0
:1067C000FCF75BFCD0B95846FCF742FC831E03F093
:1067D0000F039A427FF490AC3D4B93F8452662F04C
:1067E0003F0283F84526032283F86B2684E4B8F140
:1067F000010FBBD9A8F10202D2B2A7E7012A7FF4A8
:106800007BAC334B93F8452662F03F0283F8452674
:106810000122E9E75846FCF767FF00283FF492ADF4
:10682000237A059A934202D0FF2B7FF465AC9AF845
:106830004536A9F10A0943F080038AF845362379E1
:106840002146AAF84636584604F10903CAF84036EC
:106850008AF84496FCF7C0FA00287FF4AEAD4BE40A
:106860005846FCF7C6FE2146CAF840065846FCF7D3
:10687000D0FE21468AF844065846FCF7C4FC059A27
:1068800003469042BFF438AC5846FCF7C7FC03EB14
:10689000C00082423FF730AC501EC01ABBF1010F5E
:1068A00080B20DD10A34C308E35C00F00700034155
:1068B000DC077FF521AC9AF8453643F0800380E58C
:1068C000BBF1000F01D10934EDE70024EBE700BF75
:1068D0002C870020012B4DD89AF84536D80733D4A1
:1068E000DFF8BC82D8F8003073B39A7B62B3A74A52
:1068F00040F6FF7152681278012ADAF8382608BF8C
:10690000FF21B2F808C0D0881A8A944501D18A4282
:1069100001D0904218D100229D489A73F2F7C6FD2B
:1069200010B19B480AF0C6FFD8F800000021448946
:1069300024F48C634381FDF7CBFED8F8003024F4B7
:1069400080645C81FFF7D8BBBBF1010F12D19AF8CC
:10695000453643F040038AF845368E4B1A789AF84C
:106960006A369A427FF4C8AB637A059A93427FF401
:10697000C3ABA0E7002E3FF4BFAB5846DAF8381699
:1069800006F13C02FBF775FD00283FF4B5AB21464C
:106990005846FCF797FE059B98427FF4ADAB9AF8FA
:1069A000453663F03F030CE50023BBF1010F8AF885
:1069B0006B367FF4A1AB94F80B904FEA1913089350
:1069C000013B032B3FF6BEAC089BE2790D339A42A4
:1069D000FFF4B8ACA37A99070B9359D59AF84536CA
:1069E00043F0040320468AF84536FBF73BFCCAF81F
:1069F00040062046FBF753FCDFF89CA1059A8AF875
:106A00004406637A09F00F0893420D93089B40F007
:106A1000C98098454ED194F90530DFF87C91002B60
:106A20009AF845366279B4BF63F05F0343F08003A0
:106A30008AF8453699F8453608F1FF3154FA81F164
:106A400043F01003097B89F84536DB07A9F84616A1
:106A50001AD402F00F03082B16D12046FBF7C9FB0E
:106A60000378012B10D14378032B0DD199F86C36A4
:106A7000022B1CBFD0F803300A930A9A464BC3F886
:106A800005200122454B1A70002E3FF435AB55E02E
:106A90000B9B5A0704D59AF8453643F00203A1E749
:106AA0002046FBF7A6FB2146CAF840065846FCF7ED
:106AB0004AFDA1E7B8F10F0FE6D194F9053094F83B
:106AC0000C90002BBEBF9AF8453643F020038AF89D
:106AD0004536DFF8C4A0002E53D00120DAF838166E
:106AE00006F13C02FBF7C5FC237928B396F8602039
:106AF0000899B1EB121F1BD196F85E209A4217D16C
:106B0000002306F1600104F10B0211F801CF12F825
:106B1000010F84450CD108980133DBB29842F4D8B8
:106B20001D4B93F8452642F0800283F8452600E08D
:106B3000194BA3F8469601E0AAF8469694F80490FB
:106B4000059B99450DD00422204606F13E0115F023
:106B500006FF00287FF4D0AAB6F842304B457FF4F8
:106B6000CBAAB6F844300D9A93427FF4C5AA0B9B8A
:106B7000DB0740F1A080089B023B03F00F03984520
:106B800028E6AAF84696FFF7B7BA00BF409F002054
:106B9000F8420020C36200202C870020984C00207F
:106BA000F0420020984553D204EB08031B7B059A62
:106BB00093424DD10B9BD8072DD586B10120DAF831
:106BC000381606F13C02FBF754FC40B19AF8453602
:106BD00063F03F038AF8453605238AF86B36089B35
:106BE000013B434518BF04EB0802524B0CBF22790E
:106BF000527BA3F8462694F905304E4A002B92F8B2
:106C00004536BABF23F0280343F0280343F00803B6
:106C100082F8453638E7B8F1000F13D12279454B99
:106C2000A3F84626089A013A4245E4D1089AA218E8
:106C3000127B51071EBF93F8452642F0200283F8CD
:106C40004526D8E708F1FF3354FA83F31A7BE6E7C9
:106C5000002E3FF451AA374B0120D3F8381606F125
:106C60003C02FBF706FC00283FF468AF0B9BDA07F9
:106C700018D5089A08F1020303F00F039342BFF4FA
:106C80005DAF23441B7B059A93427FF457AF294B9A
:106C900093F8452662F03F0283F84526012283F8E7
:106CA0006B264BE719F00E0F3FF448AFA8F1020333
:106CB00054FA83F3E6E7B8F1010FA0E55846FCF774
:106CC00089FAFFF72FBABAF1290F0BD1314658468E
:106CD000FCF780FA04228118174815F040FE0028BE
:106CE0003FF458AA94F8458608F0570884F845867A
:106CF0008DF81480FFF74EBA012BF3D1BAF1080FCB
:106D00003FF448AAB8F1010F06D104220A4806F15F
:106D10000C0115F024FE38B1727B337B1343B27B38
:106D20001343F27B1343DDD1BAF1030FDAD1FFF73E
:106D300031BA00BF2C870020918D0020069B1A7C61
:106D4000AA4B5B681B78023B012B3FF637AA032A4C
:106D500000F00B81042A7FF431AA5E46DFF89082AE
:106D600098F80230B3423FF429AA304602F0A8FB5B
:106D700098F8003003F0FD03092B05D198F8023094
:106D8000B34218BF88F80260994802F0CBFFFBF7C6
:106D900035FF08B9F2F7EAFF94F86D36002B7FF45F
:106DA0000DAA94F8453603F0C703802B17D1B5B16F
:106DB0002B781F2B13D98F4B1B685D6917F07CF95B
:106DC000EE6BAD6B17F086F9AE4208D1002294F855
:106DD000453684F86D2662F3C71384F84536584665
:106DE000D4F83C16FCF74CFCBBF1020FA4F8580495
:106DF0000CD1D4F840364BB11B78012B01D0042BB9
:106E000004D1A0F6A273032B7EF6D5AF94F94536D4
:106E100094F84556002B15DA774A784916880B788E
:106E2000864200F0A4809688864208BF012322F89B
:106E3000230002EB830294F85A04013303F00103A8
:106E400090700B7094F86D3613B100226C4B1A7071
:106E5000AD0654D5FDF76AF80646002800F0978085
:106E6000D4F83836674D5A7C1B6A012A14BF0022B9
:106E70002A78012B38BF012303650023032180F802
:106E8000843003465846FCF77FFDBBF1000F0AD162
:106E9000D4F838369B7AD80742BF96F8463043F08C
:106EA000010386F846300023C6E90533B4F84636B8
:106EB0007289A6F844302B7822F0070286F8473012
:106EC00094F85A34584613437381069BD4F83C1601
:106ED0009B7B86F84F30FBF791FF002849D096F84E
:106EE000463043F0020386F846307F2386F84F3061
:106EF000069B3046DB7C86F84D30FDF7F5FE94F8B6
:106F00006D669DF83050002E00F0748394F845367D
:106F100003F04202022A40D1AFB194F8E83393B1B2
:106F2000BBF1010F0CBF97F8600097F85F0020F0ED
:106F30000F0000EB80004000C0B2FBF7E1FE01460D
:106F40003148FBF7E3FC94F8453618077EF533AF7C
:106F5000022094F844A6FDF707F82C4B06460028BB
:106F600040F05C831870FEF726BF0126F6E600238A
:106F70005DE7D4F840361A78012AB9D15A78182A30
:106F8000B6D194F84426042AB2D1DB78AEE784F86F
:106F90006D0684F84506FEF70EBF590640F13C81A8
:106FA000002F3EF408AF07F1550631465846FBF76F
:106FB00032FF002800F0C58097F8843097F854001D
:106FC000BBF1010F03440BBF97F8602097F85F20D7
:106FD00007F1610107F160010A2B7EF7ECAE02F0C8
:106FE0000F030F2B14D1B7F8448016E0409F002008
:106FF0007042002054420020044E00209B4C002090
:107000009C420020C3620020795C0108984C00205B
:10701000B3EB121FE7D011F8038094F86B269207A8
:1070200013D57A8903F10C0102F00702022A79D004
:10703000033A012A4FEA43027BD81A4401EB420289
:107040000C32D1B29A480AF061FCD4F83C2658467A
:107050001146FCF715FB404504D094F86B36002B25
:107060003FF471AF11465846FBF7D5FE20B15846A4
:10707000FCF736F884F86E06BBF1020F6AD1069B66
:1070800092F90CA093F90E300593069B93F90D80AD
:107090001B7C033B5FFA83F9B9F1010F0CD81C2369
:1070A0008448414603FB0900123008F053FB1822C4
:1070B000814B02FB0933587531465846FCF737F8C7
:1070C000002876D07D4B97F859201B889A4270D1C2
:1070D00094F86E36002B6CD101239B4584F8E8337D
:1070E0003ED197F8603007EB131393F861305B07DC
:1070F0005CD131465846FBF7ABFF022340F26A26CB
:107100004FF00608464318FB003808F049FC7B891D
:10711000002803F007030CBF00234FF4967303FB12
:10712000086039E003EBC3030B44123303F0FF01A3
:1071300088E7134403EBC3031944363101F0FF0120
:1071400080E75846FBF710FE10B1B7F844807CE7A3
:1071500080467AE74FF07F08C246CDF81480ABE74F
:1071600097F85E301807C4D597F85F2007F16003E1
:107170001209995C0907BCD113445B7813F0600FC6
:10718000B7D04FF4616331465846FBF761FF4FF4C7
:10719000966202FB00308000FBF7B2FD01464848D2
:1071A000FBF7B4FB002384F86E36CCE642F2AC6306
:1071B000E9E731465846FBF72EFEA8B994F870303F
:1071C000FF2B03D03F4B1878FBF788F8BBF1010F7A
:1071D00020D8D4F83836314658461B7807F13E029D
:1071E00006F0D8FE01F0B2FF37480AF063FB4FF01B
:1071F0007F33C4F87036354B84F86F561B78012006
:1072000087F82230059A5346CDE900873049FCF7CC
:10721000CDFEC7E70220E5E75A075BD5002F3FF414
:1072200092AE94F8E833002B3FF48DAEBBF1010F22
:107230003BD8D4F83826584612F8023B079906F096
:10724000A9FE01F083FF7B685B0707D594F87030D7
:10725000FF2B03D01B4B1878FBF740F81A480AF0B5
:1072600029FBD4F83836D4F83C165E7C3046FCF75F
:1072700041F858B13046FCF7A1F8012806D10022A8
:107280003046FCF732F90368C4F870360F4B84F8C7
:107290006F561B78012087F822307F230C491A464D
:1072A00001970093FCF782FE4DE60220C9E700BF7C
:1072B000F8420020548700209845002028350020FF
:1072C000795C01089A4C00200C4E0020C26200201C
:1072D0009B8D0020079B5B7903F00F03022B0BD0E3
:1072E000BBF1010FD4F83C16D4F8382640F03581B4
:1072F0004B7AFF2B40F05F8194F84536DA0640F177
:10730000CC800220D4F8386694F84496D4F83CA691
:10731000FCF72AFE0746002800F0BF8003224378CE
:10732000514662F30303437096F8118094F849665E
:107330004046013EA6EB0906F6B2FBF7DBFF30B193
:107340004046FCF79FF8013E361A06F0FF06B8F1FA
:10735000010F04BF06F1FF36F6B22F2E07F15509D3
:107360003246514628BF2F22484615F0C0FA002366
:10737000494687F884304046FBF736FEFBF74EFE61
:10738000FBF770FEB8F1010F0BBF97F8603097F86C
:107390005F3023F00F0323F00F0300F1FF320CBF27
:1073A00087F8603087F85F304046D2B2FBF785FE41
:1073B0000122FBF779FFFBF7EFFF04224046FCF7C1
:1073C00027F87F23002249464046FCF73CF87F23FC
:1073D000012249464046FCF736F87F2302224946FF
:1073E0004046FCF730F87F23032249464046FCF72D
:1073F0002AF8032197F84830B8F1010F43F004034D
:1074000087F84830D4F8383608BF053E1A8918BFC7
:10741000043EA7F84220DA88F6B2A7F844207A782A
:10742000B8F1010F61F303027A704FF0000287F8A0
:10743000546087F8842000F0C580B8F1020F00F096
:10744000C380B8F1000F05D10936F6B287F8546051
:1074500087F85C603A7A384642F020023A72DA7B6A
:1074600087F84B20DB7A87F84730FBF75FFABF4B92
:10747000B7F844200F930023109381237B600FAB58
:10748000B7F842100297019397F88430009394F86C
:107490005A0407F18503FDF76BFDB54BD4F83C6644
:1074A0001B783146022B14BF002394F87536DFB2E7
:1074B000D4F838365A7C1046FBF7A0FC08B147F0E8
:1074C000020794F845363146DB07104648BF47F0BF
:1074D0008007FBF7CBFC052878D147F0100794F81C
:1074E000503631463B43584684F85036FCF7C8F8CE
:1074F0003368A4F85806C4F854369E4B961E1B8871
:10750000A4F85A360C9B84F85C36069B1878FCF776
:1075100027FA72427241BBF1020F14BF7F23069B10
:1075200084F85E0684F85F2609BF9B7B84F860368A
:1075300084F86036069B0FA808BF93F90D3084F8D5
:107540006136D4F840360F9394F844368DF84030C5
:10755000894B119305F02EFCF5E4BBF1000F10D11F
:107560000B7AFF2B3FF4C8AE917A1378480702D507
:10757000012184F8741658460799023206F00AFD74
:1075800012E0BBF1020F7FF4B7AE4B7989791B0291
:1075900003F470630B4340F6FF718B423FF4ACAED3
:1075A000937A5E0703D4022001F0D0FDA4E6012304
:1075B00084F87436F7E7917A1378490748BF84F85E
:1075C00074B6D8E70A3640E70C363EE701280CD1FE
:1075D0001046FCF777F8FF2804D040F6FF73984276
:1075E0007FF47DAF47F0040779E7022808BF47F032
:1075F000080774E7002F3FF4A6AC6048F1F756FF88
:1076000000283FF4A0AC94F84A34002B3FF49BAC24
:107610005A480AF069F984F84A6494E401221A701D
:107620000322D4F8653600F15507C4F805304378D5
:1076300094F85A8462F303034370099BD4F83C9690
:10764000A3EB0A02013AD2B22F2A28BF2F224946C1
:10765000384615F04CF9524606F185037A2A28BFC0
:107660007A22D4F84016184686F884A0059315F0BF
:107670003EF939465846FBF7F5FC02465846FBF7FB
:1076800008FD00285ED0013AD2B2FF2A08D1584640
:10769000FBF797FC96F8463043F0080386F846302F
:1076A00039465846FBF709FDFBF71AFDB0B15846BD
:1076B000FBF720FE90B15846FBF796FE01280DD14E
:1076C00039465846FBF7CEFC0F2814BF421C002257
:1076D0002B46584618BFD2B2FBF7B5FE337AD4F822
:1076E000389643F02003337299F80C3096F848200E
:1076F000C3F3800363F3820286F8482099F80F30C1
:10770000394686F84B305846FBF7A2FC05465846EA
:10771000FBF7F0FD96F884A000285AD05846FBF7F6
:10772000DFFC00284BD0BBF1010F41D13846FAF7FE
:1077300048FD033550FA85F5EDB22F2D28BF2F25D2
:107740000A354FE05846FBF783FC013882422CD1C2
:10775000BBF1010F14D196F8603006EB131393F8C8
:107760006130590721D048F040081EE0712401081B
:10777000434C0020283500207C8D00200C4E00203A
:1077800099F809301B0710D599F80A1009F10B0375
:107790000909585C000708D10B445B7813F06003BB
:1077A00003D0202BDFD148F020080132D2B277E796
:1077B0005846FBF767FE2844C5B203354EE05846ED
:1077C000FBF760FEBBF1010F2844C5B2F5D10435CB
:1077D000B2E7BBF1000F3BD10235EDB22F2D28BF30
:1077E0002F250935EDB286F85450554486F85C5083
:1077F000524639465846FBF7B4FC7A2A28BF7A220B
:10780000D4F8401686F84700059815F070F8B9F8D6
:1078100008303046A6F84430B9F80630A6F84230B1
:10782000FBF784F8164BB6F844200F93002310930F
:10783000812373600FABB6F842100296019396F85D
:10784000843040460093059BFDF792FBFEF7B3BAE8
:107850005846FBF745FC0028AFD00235EDB22F2D7E
:1078600028BF2F25BBF1020F86F8545005D0BFD892
:10787000BBF1000F7FF464AFB3E70C35B2E700BF94
:10788000FD5401080846C96908B50B7A01F10C02DC
:1078900013F040031EBF0B7B03F0070301331344B7
:1078A0004361FAF71FFC0123C373BDE80840FEF7EC
:1078B000EBB908B5CB6908460A334B61FAF7E9FB27
:1078C0000123C373BDE80840FEF7DEB908B5CB69F4
:1078D000084609334B61FAF7ABFB0123C373BDE8DC
:1078E0000840FEF7D1B9F1E708B5CB6908460A337D
:1078F0004B61FAF7CEFB0823C373837A43F010037E
:107900008372BDE80840FEF7BFB908B5CB690846E9
:1079100009334B61FAF78CFB0223C373BDE80840BF
:10792000FEF7B2B908B5CB69084609334B61FAF7DF
:10793000B0FB0223C373BDE80840FEF7A5B908B544
:10794000CB69084609334B61FAF772FB0323C37313
:10795000BDE80840FEF798B908B5CB6908460A3378
:107960004B61FAF796FB0323C373BDE80840FEF7AB
:107970008BB90846C96908B50B7A01F10C0213F0FE
:1079800040031EBF0B7B03F0070301331344436125
:10799000FAF7A8FB0323C373BDE80840FEF774B9E8
:1079A000012370B50446314E90F82C0086F840341F
:1079B00008F093FA6378014603F10F0505F00F050F
:1079C00065F3030363701B0742D0032D40D894F87E
:1079D000463004F13C006FF3000384F84630FAF7B8
:1079E000A4FB012D04D92046BDE87040FDF77CB909
:1079F00011BB638903F00702032AF4D11C4AB4F8CF
:107A0000421012889142EED194F95A20002AEADB02
:107A100094F85C20402AE6D896F87626002AE2D12F
:107A200023F0070343F00203638194F8463043F0E8
:107A3000010384F84630D6E70229D4D1A37F002B76
:107A400008BF01216368E17743F440536360CAE7EC
:107A500094F84C3020466FF3000384F84C30002338
:107A600086F8E833BDE87040FDF738BF2C8700206A
:107A700028350020024B586E00B191E7704700BFD7
:107A80002C870020024B186800B189E7704700BFBF
:107A9000F042002010B5044C204609F00BFF0123F2
:107AA00004F8043C10BD00BFCC4B002008B50022F8
:107AB00001210348FCF7ECF9BDE80840EAE700BF04
:107AC000A48D002010B5144649B9BDE810400848FF
:107AD000084B4CF270610364043009F017BFFFF7E4
:107AE000D9FF2246BDE8104001210348FCF7D0B978
:107AF000C84B0020AD7A0108A48D002010B50446C3
:107B00000120184B7F2983F880064FF0180083F876
:107B100081064FF0000083F8820614BF0846032058
:107B200083F88306104B86B01878022802D0032809
:107B300018BF01200D4B1B781BB1022B14BF422034
:107B40002220CDE9031211230022CDE901320423C2
:107B5000074900932246074B0988FDF7E9FB06B069
:107B600010BD00BF2C870020E1490020E049002023
:107B700028350020AC8D002030B52E4A89B092F80F
:107B80007636002B51D0D2F88446A378DB00DBB2E6
:107B900098422FD3002182F87616FBF775F88842B9
:107BA0000CBF01200320244B82F882161870012399
:107BB00082F88036072382F8813603231F4882F833
:107BC000CC36CDE9060106A8CDE903100291D2F822
:107BD000D4161B48CDE900311A4992F8D0261A4B29
:107BE00009880079FDF7A4FB0246F0B9022100F0F4
:107BF000C9F91AE004EBD001C97800F00705294162
:107C000011F0010F00F1010511D0104B82F8880628
:107C1000069300237F2106AAA8B20793FFF76EFF01
:107C200018B90A210A4809F071FE09B030BDE8B25E
:107C3000AEE700BF2C870020E1490020857F0108C6
:107C400028A2002028350020AC8D0020557C01089A
:107C5000B88D0020094B93F8880659B10121D3F85B
:107C6000843600F0070203EBD0039140DA7822EA71
:107C70000102DA700130C0B27EE700BF2C8700201D
:107C800008B509F017FE044B93F88806BDE80840D4
:107C90000130C0B270E700BF2C87002010B5431838
:107CA00000EB5101884200D110BD027813F8014D5C
:107CB00000F8014B1A70F5E778B1094B1B7863B1F6
:107CC000084B1A7A824206D01B78834205D10120E4
:107CD0000138C0B270470220FAE7FF20704700BFAA
:107CE000434C0020334C002008B5FFF7E5FFFF2888
:107CF00009D0054B1B7833B9044A02F83030044AE6
:107D00001378013B137008BDA18D0020334C002077
:107D1000434C002010B5094B00F1100250F8044B01
:107D2000904243F8044BF9D1054B01F1100251F890
:107D3000040B914243F8040BF9D110BD048E0020CE
:107D4000148E00200023837070477047002230B5E6
:107D50000C49002311F8015F45FA03F010F001000F
:107D600008D19C1806D0084BB3F85231A34200DD6D
:107D7000A0B230BD0133082BEED10832D02AE8D1B1
:107D80000020F6E73B8F0020048E002010B5054C44
:107D90000846D4F8543111461BB198470023C4F863
:107DA000543110BD048E0020002330B5074C821CD6
:107DB000123012F8015F14F8011B824229440B446F
:107DC0001370C3F30F23F4D130BD00BF6009030863
:107DD00090F88C33042B01D0022B18D190F8DA30B4
:107DE00013F0060F13D0D0F8FC2082B1B0F8803326
:107DF00033B1B0F884335BB1B0F888333BB90223B8
:107E0000927800EB830080F88223A0F880137047FB
:107E10000123F5E770470A4A0A4B11680A481B68B4
:107E20000268016053B1881A511A5A68824294BF9D
:107E3000002252185A601B68002BF6D1704700BF11
:107E4000800A0020F0600020F4600020084BD3F886
:107E50005831587A50B1074A1168DA68521A002A24
:107E60004FF0000201DC5A7270471046704700BFA5
:107E7000048E0020800A002008B50B4A08B9107053
:107E800008BD01231370FFF717FF0128F8D1074B36
:107E900007499A681A60DA685A600A78013A0A70E3
:107EA00000229A60DA60EBE7A18D0020334C0020BD
:107EB000434C002000B5154B8BB01B78DB0722D557
:107EC000134B14491A788378012A0B708DF81E30F1
:107ED000114B41F2016108934FF00003ADF81C1003
:107EE00008A9CDE9033102934FF0050109934FF042
:107EF0000303CDE90031094938BF01220120098877
:107F000007ABFDF715FA0BB05DF804FBD14100207B
:107F1000C44B0020B18C0020AD540108283500204E
:107F2000014809F0C7BC00BF608F002010B50446AF
:107F300007F036FD40F2D11140F25553002818BF2A
:107F40001946034804FB0111BDE8104009F0DEBCEE
:107F5000608F0020084B09491B780978024653EAD4
:107F6000010007D1064B1B7813F0300F08BF907843
:107F700009F0F4BC704700BF35870020988D0020C1
:107F8000D141002038B5264CFFF7CAFF2378DA1E0E
:107F9000012A0FD807F004FD40F2D11340F25552E8
:107FA000002818BF13464FF4FA60B0FBF3F0BDE8A9
:107FB0003840BBE7012B1AD100221A4B1A701A4B1A
:107FC0001B88B3B923700020184B164D1870184B3E
:107FD00018702B78012B07D0164B1B7813F0300F3D
:107FE00008BF012009F0BAFC00232B7001E0002B30
:107FF000E9D0114D2078D5F89C313BB10A4A11885F
:108000009847237813B9C5F89C3138BD2378012BE4
:10801000FBD1054B1B88E82BF7D803232370B9E766
:10802000F88D00203587002028350020A18D002004
:10803000E0490020D1410020048E002008B5FFF760
:108040006FFF06490B78033B012B06D800220A700C
:108050001046BDE80840114694E708BDF88D0020A1
:1080600070B514460422214B0E4688B005461A709E
:10807000FFF756FF00221E4B022E1A7088BFAA7807
:108080001C4988BF1A701A7801F12103002A08BF21
:108090000B46194906200B60012158701970207891
:1080A00010F0020F154818BF032506904FF000008E
:1080B0000790987808BF0D4600B9997099785818BC
:1080C000C27000200431CDE90200C9B2009106AAB5
:1080D0000B490492019522890988FDF729F9024686
:1080E00010B90221FFF74EFF08B070BDF88D0020D7
:1080F000E0490020A48F0020B08D0020857F01087A
:1081000028350020108909F049BB0022024B1A6073
:108110001A7107F08BBE00BF0C4C002070B50E46E4
:1081200014461D467BB193420DD813460A460146BC
:108130000748006807F0B8F90021621B7019BDE814
:10814000704014F0D7BA224600213046F7E700BF4E
:10815000704C002008B50C4B1B7803F0FD03092B75
:1081600011D10A4B1B8863B1094B1B78002B0CBF44
:1081700000200320FAF742FD28B9BDE80840F1F7D6
:10818000F5BD0120F6E708BD30A00020283500200D
:108190008C87002070B50D46044628B906220221BE
:1081A0000AF007FEFFF7D6FF044BD3F8E43123B102
:1081B00029462046BDE87040184770BD048E002057
:1081C000128909F010BB128909F00DBB11891078D2
:1081D00009F0F4BA1189107809F0F0BAF0B5134D2E
:1081E00000262C469DF8147095F802C0BCF1000FD3
:1081F00015D095F800C0844511D195F801C08C4583
:108200000DD147B11C2202FB0642043203CA18609A
:1082100001205960F0BD95F804C09445F2D00136B4
:108220000F2E05F11C05DFD10020F3E77047002079
:108230002DE9F0412F4F15463A7804460E46002AA4
:1082400055D10B1F1E2B52D883781D2B4FD8A97BDD
:10825000294B104619700221284B19701146FFF75F
:1082600091FE012326483B700378042B02D1043091
:1082700009F020FB287AFFF7FFFD0023DFF8988044
:10828000204F88F80030FAF7FFFC00280CBF0123CC
:1082900003233B70A37803F01F020332964204D9F4
:1082A0002344DB7888F80030FBB91748174B324677
:1082B0002146186014F01BFBA378002003F01F0375
:1082C0001A1D964284BFE41823792A8988BF3B701F
:1082D0000F4B1A702A7812F0020F0CBF01220322F2
:1082E0005A60BDE8F041FFF747BC0A48DEE7BDE849
:1082F000F08100BFA28D00202CA20020F88D00206C
:10830000C84B0020E1490020A48F0020B08D002040
:10831000FC8D0020C58F0020E04900201146064B4F
:10832000064A1B781278134304D11A468320098920
:1083300009F016BA704700BF35870020F88D00207D
:1083400037B5052304460D4601A8074A074901939E
:1083500009F0B9FB2A462146019808F016FF01985A
:1083600008F008FF03B030BD00444004048E002034
:108370002DE9F8430F460026DFF83080451EA8F1AE
:108380001009B742F3B201D1BDE8F88313F00F042E
:1083900003D141460548FFF7D3FF09EB040315F865
:1083A000012F1B7C013653402B70EAE7148E00200E
:1083B000F8B507460E461048114614460025FFF74B
:1083C000BFFFAE42EBB206D1330713D021462046A1
:1083D000BDE8F840B4E703F00F03E25C795D0F2BD2
:1083E00082EA0102E25403D121462046FFF7A8FFAA
:1083F0000135E6E7F8BD00BF148E00202DE9FF41EE
:108400001D4606460F469046002390F8B822B2B1AA
:1084100090F8A622424512D1B0F8A422BA420ED159
:1084200096F8C82090F8B7120A41D20707D516224D
:1084300002FB036303F5297004B0BDE8F08101334A
:108440000A2B00F11600E0D17DB36946184809F007
:10845000CAFD0024162206F52E7302FB04F1595CB6
:1084600049B101340A2CF8D19DF80030B3FBF4F285
:1084700004FB1234E4B21623002F18BF02255C431C
:10848000331983F8B85283F8A682A3F8A47296F839
:10849000E02004F2A721064883F8B722314404F50E
:1084A000297409F0A0FD3019C6E72846C4E700BFCB
:1084B000EC8F002030B5024604460D46002385B0FF
:1084C00092F8291181B1B2F82201298888420BD192
:1084D000B2F824016988884206D12A2202FB0343AC
:1084E00003F5807005B030BD01330A2B02F12A027A
:1084F000E6D16946144809F076FD00232A2104F2EA
:10850000291201FB03F0105C48B101330A2BF8D1AA
:108510009DF80020B2FBF3F103FB1123DBB22A220A
:1085200001215343E21882F82911298803F5807349
:10853000A2F822116988E018A2F824119DF8011010
:1085400082F82711CEE700BFEC8F002010B514464B
:10855000FFF7B0FF90F82930012B05D090F82630B6
:108560001B1BDBB2012B03D980F82640012010BD74
:108570000020FCE7F8B500F1D6070C4616468A78CD
:1085800039460546FFF7E2FF80B139462846FFF736
:1085900091FF132EE37819D9D90708D49A0704D587
:1085A0002846B5F8D810FFF713FCE078F8BD02466E
:1085B000231D04F1140153F8046B8B4242F8046B41
:1085C000F9D1042380F82930E378E7E79B07ECD55D
:1085D000022EEAD9E4E730B50D4B0E4C1B6885B08E
:1085E00093F8B95400230321CDE90133ADF80C30E1
:1085F00020680A2301AA06F057FF38B90A2303218D
:10860000206801AA8DF80C5007F00AF805B030BDBB
:10861000BC4A0020704C002000232DE9F0410746A1
:108620000E46254C88B0CDE9063304F50678C4F82B
:108630001832C4F81C32C4F81432A8F80830A4F870
:108640000E12A4F80C02C4F81022082106A808F0A3
:10865000CAFA00233946009330469DF8182004AB2F
:10866000FFF7BCFD05460028EFD1982384F81832A7
:108670008023124A84F8193206AB03CB0E3AC4F8B1
:108680001A0202ABC2F8121040460A21CDE9025587
:10869000FDF70CF860B12A463946304606AB08F0C3
:1086A000A5FF01234FF4FA72022128460BF01AF9B4
:1086B00008B0BDE8F08100BF048E00201E900020AD
:1086C000F0B500251D4C8646104604F50972C4F825
:1086D0002452C2E901550F88B1F802C08979A4F883
:1086E0002672C4F828120121A4F824C284F82E129C
:1086F000134C144994F8006189B0CDE9061ED9B233
:1087000006ABBEB1049394F8F53062460393D4F8F7
:10871000FC300293D4F8F830CDE900130346394613
:1087200094F8F400FCF704FEC4E93E55A4F8F450B4
:1087300009B0F0BDFCF7BAFFFAE700BF048E0020D5
:10874000C04A0020A1BA0108F0B587B017460E460E
:10875000FFF7B0FE9F232B4C054684F830320223EE
:1087600084F8313290F8273084F8337284F832324A
:10877000FB071ED503232F4680F8293002A904F5F4
:10878000F47009F030FC02AB0DF1180C1A4603CA64
:10879000624538607960134607F10807F6D12B4629
:1087A000194A05F1100153F8040B8B4242F8040BEF
:1087B000F9D195F82730154A013385F8273094F818
:1087C0003332A2F1140013F0010F4FF00003C4F88C
:1087D0004432C2E901333188CDE90033A4F84612AE
:1087E00071886B46A4F84412B179C4F848124FF06E
:1087F000010184F84E120CBF04211421FCF756FF2E
:1088000007B0F0BD048E0020389000204890002072
:1088100070B498260C4C80B284F8B4620526D4F863
:108820006832D4F8585284F8B5621D406BB2ED0737
:1088300048BF23F0010384F8B63202F0010370BC94
:108840000A46032107F07AB9048E002010B5074CC0
:1088500094F85032092B07D007F0F4FA092384F872
:1088600050320023C4F8543210BD00BF048E0020E3
:10887000002307B501A88DF8043007F007FB9DF829
:108880000410044B04481970F0F71BF803B05DF8AE
:1088900004FB00BFDC450020D04D002038B50E4D54
:1088A0002C6844B92B680D488BB1596879B1BDE883
:1088B000384009F02BB863683BB9A3680BB1E06896
:1088C00098472146284606F059FC2468E9E7BDE8A8
:1088D000384008F0EFBF00BFF0600020F8600020D3
:1088E000074A08B513680BB1196811609A680AB194
:1088F000D8689047FFF78FFABDE80840CEE700BF81
:10890000F06000200B4670B40A4C02F118062546B0
:1089100010685168083203C5B2422C46F7D110687E
:10892000002B2860194670BC0CBF0420062008F0FC
:1089300085B900BFF8900020002110B50446012041
:1089400008F07CF9144A154B92F819131B6892F839
:10895000D10331B920B1D2F8D423D31A002B14DCBF
:1089600010BDD2F81C13C91A0029F3DD20B1D2F8CA
:10897000D423D31A002B0ADC6FF000439942EFD0C6
:108980002046BDE8104008F0C1BF6FF00041994299
:10899000A8BF1946F0E700BF048E0020800A00201F
:1089A00008B500234372084B93F819235AB993F87A
:1089B000D13343B90548F0F779FD20B1BDE808404F
:1089C000024808F077BF08BD048E002068600020D0
:1089D00070B5002401261F4D1F4B05F5D0721A609B
:1089E000C5F8800485F8A26185F8A34185F8C361C4
:1089F00085F8C441FAF748F9A0420CBF3246032279
:108A0000164B31461A701648164A08F0A1FE224647
:108A10003146154808F09CFED5F8803431461A7866
:108A2000124B05F5AE701A70114B124A1C7008F00B
:108A30008FFEFFF775FA104B104A1C70104B85F82B
:108A400084441C700F4B1C700F4B1C700F4B1A6032
:108A500070BD00BF048E0020B08D0020E1490020D1
:108A6000B88D0020817C0108CC4B0020D141002032
:108A7000A08D00203D800108F88D002015BC010864
:108A800035870020A28D0020A18D0020C04A002043
:108A900010B50C480C4C052322460221006806F054
:108AA00003FD00210A46631D13F8010DE82884BF69
:108AB00001211A70A342F7D119B1BDE8104007F0A7
:108AC000B5B910BD704C00200C4C002038B50C4BD3
:108AD00004461B78012B11D00025FEF7DBFF094B64
:108AE0001D70FFF71DFAFFF7D3FFA1782A46BDE8F6
:108AF000384002390448C9B2FBF7CAB938BD00BFD3
:108B0000C84B0020F88D0020A48D0020012810B54E
:108B100001D0042826D1154B1B8833B1144B93F890
:108B2000853413F0070318BF0123124A126892F824
:108B3000B904A0B10D20104A12F8014BA1420FD088
:108B4000013810F0FF00F7D14BB100230B4A12F8A7
:108B5000014BA14208D00133DBB20A2BF7D110BD83
:108B60000120F1E70020FAE70120F8E7283500208E
:108B7000048E0020BC4A0020700903087D09030808
:108B80002DE9F043234A034617788BB0002F39D0E4
:108B9000214E3578012D35D102223270002203C9D1
:108BA0008DF8272041F201521C4CADF820201C4AC0
:108BB00084E8030011681279CDF822108DF8262080
:108BC0002BB3FF234FF008098DF827304FF0000832
:108BD000144B38460693CDF81C80FAF7AFFE06AB6F
:108BE000CDE903830523CDE900930F49CDF8088033
:108BF0003A46098808ABFCF79BFB20B90123C4E97E
:108C000000003370002528460BB0BDE8F0834FF01C
:108C10000709DBE7C44B0020C84B0020A48D0020CF
:108C20000C4C0020C57A010828350020024B014673
:108C300018700248EFF745BEC44B0020C04D00201D
:108C40002DE9F74FDFF8C8900191194699F80030E7
:108C50001746002B53D15FFA80FA5046FFF72CF8E5
:108C6000FF280446274D09D1274A1378012B35D810
:108C70002C780133003C18BF01241370002223B26A
:108C800005EBC30045F8332005EBC40842600846F5
:108C900005F834A088F80620DE00FAF761FE97F8A0
:108CA00000B04FEAC40A0BF00F0B4BEA001088F833
:108CB0000100BBF1000F14D1FE2288F80220F9F761
:108CC000E3FF20B95544EB7960F30003EB71012316
:108CD00089F80030204603B0BDE8F08F0B4B1C78BC
:108CE000CCE7B31C2B445A461846791C13F0FFFD01
:108CF000019A002AE3D15946FEF7D0FFDFE7FF24AF
:108D0000E8E700BF334C0020434C0020A18D002039
:108D1000788D0020E82811D8094B50B10138C0F3F4
:108D2000CC029B5C00F0070043FA00F000F0010069
:108D30007047587F003818BF0120704700207047E7
:108D40007A4C0020E82870B504460D461AD8FFF783
:108D5000E1FFB8B1E0B208F093FC13200A4A04F036
:108D6000030300FB032329880848A3F89714A108EC
:108D70004C23BDE87040006802F2864201F50071A4
:108D800006F04EBC70BD00BF048E0020704C002069
:108D90001C232DE9F041204AD15C49B101335C002C
:108DA000537F4BB101251D4FAE000021B6B216E036
:108DB000013BF1D2BDE8F081012188B2FFF7AAFFA3
:108DC00030B1164B4FF40071186807F0FFFEE9E769
:108DD00001310429F1D1E5E7013104290AD07018E5
:108DE00080B2FFF797FF0028F6D0386805F50071CC
:108DF00007F0ECFE0135AC42D6D81D220021064812
:108E000013F078FCBDE8F04104481E230421024A17
:108E1000006806F005BC00BF7A4C0020704C0020B2
:108E200010B50D4A537FB3B100230C4C0421537786
:108E300020681E2306F0F4FB012188B2FFF76AFFC9
:108E400048B901310429F8D120684FF40071BDE818
:108E5000104007F0BBBE10BD7A4C0020704C0020C3
:108E600070B50546C0B20C46164608F009FC132141
:108E7000194B05F0030201FB023321461A4604F1A7
:108E8000100051F8044B814242F8044BF9D10978A3
:108E9000124C11703288A908A3F8112020684C23C5
:108EA0000D4A01F5007106F0BBFB2846FFF732FFC3
:108EB00080B95DB129460A48EFF70DFD20681E23F1
:108EC000BDE870400421064A06F0AABB0122044B0B
:108ED0005A77F3E770BD00BF8A920020704C0020E3
:108EE0007A4C002038B50546FFF714FF0C460146C2
:108EF00028B92046BDE83840112213F0FBBBE8B288
:108F000008F0BEFB13222046074B05F0030502FBC9
:108F1000053303F1100253F8041B934240F8041B7D
:108F2000F9D11B78037038BD8A9200202DE9F047F3
:108F3000C378054613F0700F8846444F86B04FEA59
:108F4000131AC3F3021608D1837887F8D234ABB969
:108F5000FFF71EFFFFF7D9F802E097F8D2348BBB7A
:108F60003B480378012B6ED04CF27061394B0430D2
:108F7000C36306B0BDE8F04708F0C8BC012436481A
:108F80000021FF22864610F801CB9C451CD11AF027
:108F9000040F97F8D294E3D11CB1E4222F4B03F8CD
:108FA00009201122002101A81FFA89F913F0A2FB60
:108FB000484601A9FFF796FFEB78ACB903F007022A
:108FC00000231FE00024DAE7BCF1000F02D1FF2AE2
:108FD00008BF0A4601310529D5D1FF2AD7D00EF89E
:108FE000023006F023FFD2E797F8D2248DF8042050
:108FF00013F00702E4D1FE2106AB03EB860303F86E
:10900000131C012301A901EB86060136281DD9B2E4
:1090100091422CBF0021C15CF1540133D9B2042923
:10902000F5D100234246ADF8003028466B4697F84C
:10903000D21408F05BFBB9F1E80F04D86A46484641
:1090400001A9FFF70DFF06B0BDE8F087048E0020F0
:10905000C84B0020AD7A01080C4C0020665300205C
:109060002DE9F041C37886B0112204460F4601A8CD
:1090700000211E09C3F3021503F0070813F03AFBA1
:10908000002001A9FFF72EFF06F004064DB16EB3D4
:109090001F4B1B7813B10120FEF748FF06B0BDE857
:1090A000F081E4221B4B83F8E820A078FFF7BEFD97
:1090B000194B1B788DF80430002EE9D1B8F1000F60
:1090C00014D1FE238DF80530134B1B78EBB100252E
:1090D0003A46294620466B46ADF8005008F006FB9C
:1090E0006A46284601A9FFF7BBFED1E701AB03EBB7
:1090F00085050023211D984594BF0022CA5C0133D9
:10910000042B05F8012FF6D1DEE7FFF789FEBFE754
:10911000F88D002066530020C44B002038B504466B
:109120000D46FFF7F7FD08B9088038BDE0B208F03A
:10913000A7FA1322044B04F0030402FB0433B3F830
:1091400097342B80F1E700BF048E00202DE9F04F0B
:109150005D4B82461C7887B0002C44D1012842D850
:109160005A4F5B4B17F830801B7801AE434514BF54
:109170004546002511222146304613F0BBFA314600
:109180002846ADF80040FFF7ADFE69462846FFF7D8
:10919000C5FF9DF801308DF8048013F0030F4FEAEE
:1091A000CA090FD007EB09014A785B0122F070026F
:1091B00042F020024A708A7903F0600322F06002D4
:1091C00013438B713046042407EB09035A784FEAA6
:1091D000CA0802F00F0207EBCA0A417800F1010E3B
:1091E00022B9FE2916D107B0BDE8F08FD44600237E
:1091F0000CE079B99A42F6D00133DBB2042B0CF1C2
:10920000010CF0D09A421EF8011FF2D99CF802B06E
:109210008B4557D0013C14F0FF0400F10400DCD171
:10922000A2465FFA8AFB29465846FAF7ADFA06AB22
:1092300003EB800010F8133C33B10AF1010ABAF1D4
:10924000040FEED14FF0030B58462946FAF79CFA6B
:10925000B94499F801B082461BF00F0306D1FE21F4
:10926000012406AA02EB800202F8131C4FF0010948
:109270000420002210FB0A9008F1020132501A1B50
:109280002044D2B221449C4288BF00223944304459
:1092900013F02DFB0BF0F00B9DF80030BBF1010F2C
:1092A00009FA0AF98ABF43EA090023EA0900C0B2B1
:1092B000E82D8DF8000096D86A4631462846FFF71B
:1092C000CFFD90E7FE2996E7A28D0020334C0020C9
:1092D000C44B002070B5174C8678C57886B084F8EA
:1092E000D2642EB31122002101A813F003FA3046F4
:1092F00001A9FFF7F7FD94F8D2140846FEF7F4FC35
:109300009DF80400884213D100236946ADF800306F
:10931000FFF704FF9DF80130013503F0030343EA32
:109320008503694694F8D2048DF80130FFF70AFDF1
:1093300006B070BD048E002030B5184D837887B01C
:1093400011220021C47801A885F8D23413F0D2F993
:10935000002001A9FFF7C6FD95F8D2349DF804005E
:10936000984218D1032C16D80025FEF7BDFC69469B
:109370002846ADF80050FFF7D1FE9DF801300134CA
:1093800003F00303E4B243EA8403694628468DF8F8
:109390000130FFF7D7FC07B030BD00BF048E0020BE
:1093A0007FB5002304460E4E0D46CDE90133ADF8DE
:1093B0000C3003210A23306801AA06F075F80CB1BD
:1093C000236801930A230321306801AAADF80850ED
:1093D00006F026F910B9019A024B1A6004B070BD6C
:1093E000704C0020C845002038B505460C46FFF7F4
:1093F000D7FF0A4A136833B1286855685DB1014642
:10940000224628469847064B4FF400611868BDE88D
:10941000384016F06DB921469847F4E7C84D002052
:10942000D83F002038B5124B1C78FCB9114B1B7883
:10943000E3B107291AD901250F4B1D7043885BBA88
:1094400099B2A1F58072B2F56A6F0FD80B4A1380FA
:1094500043680B480360FFF7C7FF0A4B22462146CB
:1094600020461D70BDE83840FEF78CBD38BD00BFFA
:10947000A28D002035870020F88D0020283500209F
:10948000C84500208C870020002330B504460B4DD2
:1094900085B0CDE90133ADF80C3001AA0A230321D0
:1094A000286806F001F80A230321286801AA8DF82C
:1094B0000A4006F0B5F805B030BD00BF704C002082
:1094C000002330B504460B4D85B0CDE90133ADF82E
:1094D0000C3001AA0A230321286805F0E5FF0A23BE
:1094E0000321286801AA8DF80B4006F099F805B011
:1094F00030BD00BF704C0020002330B504460F483B
:1095000085B00D46CDE90133ADF80C3003210A23B7
:10951000006801AA05F0C8FF60B9094B019A9C4296
:1095200007D1019B236015B1BDF808302B8005B031
:1095300030BD1A60002CF4D1F5E700BF704C00205C
:10954000C84500200246054808B5102140230068A0
:1095500005F0AAFFB0FA80F0400908BD704C002069
:10956000F0B50025044693B001A80F468DF80450CD
:1095700006F08CFC9DF80430234023D0661E14EACC
:10958000060121D114F087001AD0402202A87611DA
:1095900013F0B0F846EA540602A8FFF7D3FF06F02E
:1095A000030602AB03EB061303F110041A4603CAC9
:1095B000A24238607960134607F10807F6D101200E
:1095C00013B0F0BD1846FBE72846F9E71FB5802029
:1095D0000F49FFF7C5FF044620B9014610220C4889
:1095E00013F088F810225521684613F083F8684676
:1095F0000849FEF7A5FE1022AA21684613F07AF862
:1096000068460549FEF79CFE204604B010BD00BF29
:10961000048E0020D7920020E792002010B5102879
:1096200004460B4690B03ED00BD8032824D0042823
:109630002DD0022810D00120B0FA80F0400910B0DF
:1096400010BD112836D01428F5D12022FF216846FC
:1096500013F050F820230DE0194A6946D2F827008C
:1096600092F82B2000908DF8042020460522FEF76A
:1096700055FD05236A4610E000226946CDE9002227
:10968000ADF808200A22FEF749FD0A23F2E71E2260
:109690000C49FEF743FD1E230A4A0B482146006889
:1096A00005F0BEFFC8E74022FF21684613F022F80C
:1096B0004023DFE701226946FEF730FD0123D9E7A9
:1096C000600903087A4C0020704C002008B5002186
:1096D0000220FFF7A3FF90B100210320FFF79EFFB8
:1096E00068B100210420FFF799FF40B1002110204C
:1096F000FFF794FF18B100211120FFF78FFFBDE89D
:10970000084007F0C9B98378032B09D0054BD0F87E
:1097100088001B68C01A0028CCBF002001207047B9
:1097200001207047800A00202DE9F04FDFF82881E2
:109730008BB070B1D8F80040DC22002104F529700C
:1097400012F0D8FF4FF4D272002104F5807012F0AD
:10975000D1FF00234FF4FA72184602213D4D0AF062
:10976000C1F8282200216846D8F8004012F0C2FF54
:1097700040F209534FF4A0626946286806F0A0FC45
:1097800004F52974814627464FF4A06640F20A5A30
:109790003B7D2BB116233A463146286805F040FF41
:1097A0000136564507F11607F2D1EA4600264FF07A
:1097B000160BB1452F6832D1282200216846D8F80F
:1097C000006012F097FF384640F209434FF4806280
:1097D000694606F075FC06F58076804637464FF4FC
:1097E000806440F20A4997F829302BB12A233A467F
:1097F0002146286805F014FF01344C4507F12A077B
:10980000F1D16C4600274FF02A09B84514D1002247
:10981000022110460BB0BDE8F04F09F0CABA5AF861
:10982000041BA1F5A0630BFB03431B7D13B9384652
:1098300007F0CCF90136BCE754F8041BA1F58063AE
:1098400009FB036393F8293013B9286807F0BEF9C0
:109850000137DAE7704C0020BC4A002008B5054B00
:109860001B6833B10020FFF75FFFBDE80840FEF73B
:10987000B2BE08BDBC4A0020064B1B6893F88E237D
:1098800032B993F88C0320B1053818BF0120704716
:1098900001207047BC4A0020054B1B78082B8EBF67
:1098A000FF20044AD05CB0FA80F04009704700BF46
:1098B000B08C0020A807030838B505460C4606F012
:1098C00097FA2B19020A2A55587038BD382330B53B
:1098D0000C490D4A0C7892F8B851013BA54203D1CE
:1098E00092F8B951854205D013F0FF03A2F10802A6
:1098F000F1D130BD054A02EBC30393F82E300B7053
:10990000F7E700BFB08C00208C090308600903084A
:1099100008B520B1044B5B690BB100219847BDE845
:1099200008401A20D2E700BF348C002070B598B1EF
:10993000144B93F83831DB070ED40E20FFF7C6FF27
:10994000114B93F8222022B1012283F867200120D5
:1099500015E007F0DFFDFAE701250A4C01448142DA
:109960000CDD04EBE00292F8386100F0070305FA21
:1099700003F33343C82882F8383101DD002070BD7D
:109980000130ECE7048E0020348C002010B5044632
:1099900008461146002286B0CDF80E20CDF81220E0
:1099A00004930A4BADF81620CDE90132089A084B12
:1099B000ADF80C40C3F8542101AB03AAFBF776FEC7
:1099C000431E5842584106B010BD00BF8D7D0108AE
:1099D000048E002010B50A4CD4F8F40490F89734A3
:1099E00000F26F4200F1E201FEF76AFE30B194F836
:1099F000F834013BDBB284F8F83410BDFF23FAE7FA
:109A0000048E0020CB0448BF41F480618160704720
:109A100010F18B0F06D028B110F1950F0CBF6FF02D
:109A20009400C8207047082802460CD8B8B1421EDE
:109A3000072A14D8DFE802F01504130F13131311CB
:109A40004FF00710704710280DD0084B0848802AA7
:109A500008BF1846704707487047074870470448D2
:109A60007047064870470648704700BF010007006E
:109A7000FFFF07000A0007000D00070004000700B1
:109A8000100007002DE9F34700248846134E144FB9
:109A9000C6F8F40480F8C84006F2F9493D78494612
:109AA0002846FFF75DFD70B12846FFF7BCFF002395
:109AB000D6F8F4A40093CDF804800146094B504633
:109AC0007A7808F044FC0134032C07F10207E5D151
:109AD0000023C6F8F93402B0BDE8F087048E0020F8
:109AE0004C0B0308FD92002070B505460F4C012178
:109AF000D4F8F404FFF7C6FFD4F8F42404F5A863FF
:109B0000D2F8E200D2F8E610C4F83C5503C3D2F80C
:109B1000EA00186092F8C43004F23C5084F84C35E6
:109B2000034BBDE870405B68184700BF048E0020FF
:109B300030A00020082809D818B30138072820D8F9
:109B4000DFE800F00C101F131F1F1F17102814D080
:109B5000802816D101F5E0200130704701F5E020A2
:109B60000430704701F10710704701F5E0200A301A
:109B7000704701F5E0200D30704701F5E02010300E
:109B800070470148704700BFFFFF070010F18B0FBF
:109B900008B509D0C82809D095300CBF022304238A
:109BA000034A536205F006FB0123F9E70323F7E7B5
:109BB0000000085010B50246044615488AB020231C
:109BC0000321006805F070FC00211C2203A8CDE9E8
:109BD000011112F08FFD4FF4E02001AA02A906F056
:109BE0004EFB18B1FFF714FFFFF7D0FF019A202AB0
:109BF00004D00A22074B5A6205F0DCFA214602A87B
:109C000012F0ADFE10B10B22024BF4E70AB010BD0A
:109C1000243500200000085030B4104BD3F8F42451
:109C200092F88F13012906D192F8C42012F01E0F6A
:109C300001D030BCBEE793F8BC35002BF9D1034608
:109C4000074C04F12005224603CAAA421860596055
:109C5000144603F10803F6D130BC7047048E00208F
:109C6000C893002010B5044686B00021182268462B
:109C700012F040FD69462046EEF7DEFC18B1FFF712
:109C8000C7FEFFF783FF039806B010BDA0F58073F1
:109C9000B3F5806F05D340F6FF73C31A584258419D
:109CA00070470120704710B5194B1A4C8AB01870D4
:109CB00023880DF106011848ADF80630FFF71CFCAB
:109CC000BDF806302380FDF7E5FE1122002105A82E
:109CD00012F010FD05A90020FFF704F99DF814000B
:109CE000FEF7A4FFFEF7D4FE00230C48CDE90233B3
:109CF000ADF8103003210A2302AA006805F0D4FB56
:109D0000BDF80C00FFF7C2FF054B18700AB010BD7C
:109D100030A0002028350020C8450020704C0020CD
:109D20008C87002008B588B1037803F0FD03092B68
:109D30000ED10079032808D0074B188850B1FFF7DF
:109D4000A5FF00280CBF0020032008BD0420FCE76D
:109D50000020FAE70120F8E72835002038B5002474
:109D6000044D55F8040B08B1EEF7A4FD0134062CA0
:109D7000F7D138BD544C002080F0FF0383EA102354
:109D800083EA1343FF2AD8B215D0012A15D14528FA
:109D90000BD00CD80A2808D003F0DF03052B0AD11A
:109DA00003E00B4BD340DB0705D5013003E0A0F106
:109DB0004A021B2AF5D9C0B270471AB1022AFAD159
:109DC000FF29F8D803F0BF030A2BEED05528E6E7A9
:109DD000010800080023034A60F3070361F30F231F
:109DE0001362704700000850084B1B681B79590725
:109DF00007D49A0707D413F0010005D1DB099800B6
:109E00007047032070470220704700BFD85F0020D2
:109E100038B50F4B05461B68BBB10E4A546BA4B155
:109E20001B78012B04D80C48002D08BF204638BDF4
:109E3000022B0AD110B904F10800F8E7FFF7D4FFAC
:109E4000A84202D104F11000F1E70348EFE700BF98
:109E5000D85F00207C410020540B03082DE9F84313
:109E6000374B04460D46D3F88064364F33780021D3
:109E7000282202303B7012F03DFC01232570397816
:109E8000637011F0300F05D011F0100F0CBF2023BC
:109E90004023E3702C4B2D4F5B6838881A78023AC8
:109EA000012A8CBF0022012252002271FFF7EEFE30
:109EB00040B95323A370E37842F0010263F06303D7
:109EC000E3702271B6F801300020A4F80530CB070A
:109ED00048BFA37804F1070944BF63F07F03A37070
:109EE000FFF796FF042D0CBF2223232302780ABF1D
:109EF000C8464FF0000804F10809934228BF1346F2
:109F0000002106461D460A46CBB29D420AD8B8F14A
:109F1000000F03D0531C88F80020DAB2D01DC0B265
:109F2000BDE8F88373685C5C982C03D13888FFF730
:109F3000ADFE18B9531C09F80240DAB20131E3E76B
:109F4000048E0020D1410020409F002028350020B1
:109F50002DE9F04304460D4693B00021174607A8AB
:109F60002A2212F0C7FB2046F9F7E8FCAB0644BFF3
:109F700001221F4B064648BF1A701E4BDFF878803F
:109F800093F8849405F01705B9F1000F19D0002655
:109F9000012107A883F88464FFF760FFFF2C0CBF42
:109FA0007F233346009022460220CDE90337CDE9D6
:109FB0000156B8F8001007ABFBF7BAF913B0BDE8CB
:109FC000F08304280CBF0421012107A8FFF746FFF6
:109FD000FF2C0CBF7F230023CDE90159CDE90337C6
:109FE000009022463046B8F8001007ABE4E700BF07
:109FF000E2490020048E002028350020134607B5D2
:10A00000164A127812BB164A127812F0FB0F1DD0B6
:10A0100002291BD98278D10718D51249097801295C
:10A0200017D112F0020F11D100220121CDE9002237
:10A030000D4A188982F884141A7812F0020F08BFAA
:10A0400010216A4618BF1221FFF782FF03B05DF8A6
:10A0500004FB0229E8D112F0040FE4E7A28D0020EE
:10A0600035870020988D0020048E00202DE9F041D6
:10A07000164E904604460D46014630461F4605F0F2
:10A080007DF8FDF7C8FE336800221946C4E901587F
:10A09000E76059B96AB921460C4805F06FF8336892
:10A0A00023603460BDE8F041FEF7F8BB0968013277
:10A0B000EFE75A68AA42EED81A461B6813B15968EE
:10A0C000A942F9D923601460ECE700BFF0600020DA
:10A0D0000346014A0148C9E7E5BA0108884B002058
:10A0E000F7B5FDF733FE314CC0B294F827300028A5
:10A0F00050D0042B04D103B0BDE8F04007F05ABAA9
:10A100000920FFF7E3FBFDF721FE28B9052003B086
:10A11000BDE8F040FFF7DABB94F830200F2A43D8AF
:10A12000552384F8E435C823002584F8E535C0F3C9
:10A13000022343EA02131E4E1E4F84F8E63584F8CC
:10A14000E7050023324641F288313846FFF78EFF9B
:10A1500094F82630009504221749208C43F001031F
:10A16000FFF714FC30B994F839301BB1013B84F887
:10A170003930E6E70123052084F85C30FFF7A6FBC1
:10A180004FF448710D4B0E4AA3F1100003B0BDE827
:10A19000F0406BE7042B07D00320FFF797FB03B0D9
:10A1A000BDE8F04007F064B903B0F0BD048E0020B4
:10A1B000E1A101085C8C0020E8930020608E002063
:10A1C00001A2010808B50146044804F0D7FFFDF7D5
:10A1D00022FEBDE80840FEF761BB00BFF060002032
:10A1E00008B50548FFF7EEFF0022044B1A70BDE8E2
:10A1F000084007F0DFB900BF5C8C0020B08C002065
:10A2000010B504780848FFF7DDFF0820FFF75EFB74
:10A2100034B1FDF79BFD18B1BDE8104007F0CAB995
:10A22000BDE810405CE700BF508E0020F8B5064640
:10A230000F4600250B4C14F80A3C6BB114F80C3C8B
:10A24000B34209D114F80B3CBB4205D10023204690
:10A2500004F80A3CFFF7B6FF01350F2D04F11C048A
:10A26000E9D1F8BD7C4700202DE9F04700264E4C8F
:10A270008CB0257CCDE908661A2DCDE90A66CDE9BA
:10A280000466CDE90666074684BF01261A25082123
:10A2900008A806F0A8FC002394F8029094F8008027
:10A2A0009DF8202000934146484602ABFDF796FFFB
:10A2B00002460028EBD14FF0010A49464046CDF84E
:10A2C00000A00AABFDF78AFF00285FD04946404650
:10A2D000FFF7ACFF52462178A07808AB07F086F96B
:10A2E000002F56D094F8523003F00F0343F03003A0
:10A2F0002A46E1686F1C2D4884F82E30FFB212F018
:10A30000F6FA2B4808A9FDF705FD39462948FEF75E
:10A310002FF8002E0CBF8123C12384F82A306388D4
:10A32000254884F82B30238808A984F82C3084F839
:10A330002D70FDF7EFFC691D204804AAC9B2FEF795
:10A3400037F8982384F8243094F82A301C4A84F88B
:10A35000253008AB03CB05F10B03C4F82600516090
:10A360009DF8281005F10C0654FA83F3023A83F89D
:10A370002410B71804AB03CB90517960E3682B44E9
:10A38000E360237C5B1B14352374E8B20CB0BDE89A
:10A39000F08736B194F8523003F00F0343F0100306
:10A3A000A6E73346A4E700BFF84600202747002071
:10A3B000E792002026470020D79200202247002065
:10A3C0001E470020F0B54C4C85B06074013806285B
:10A3D00005D8DFE800F020224D65505283000023AD
:10A3E00042F21071454A4648FFF740FE454B0221B4
:10A3F00002930023404A0393434802ABFBF756F90C
:10A4000010B90720FFF7DEFF022342F2107219464F
:10A41000002009F067FA05B0F0BD394D0027284645
:10A42000FFF7D0FE0020FFF71FFF064615F8141CAB
:10A43000A078FFF7FBFE354B039702931EB9072068
:10A44000FFF7C0FFE7E7314602ABA5F1140205F1C3
:10A450001000FBF72BF90028F1D0237C002BDAD079
:10A460003B4642F210712846244AFFF7FFFDCBE736
:10A47000237C002BCFD10623637400252048258040
:10A48000FFF7A0FE02222846114608F092FC29465A
:10A490001F4AA2F1080005B0BDE8F040F9F7F8BC8A
:10A4A000174D2846FFF78EFE0120FFF7DDFE15F859
:10A4B000141C0646A078FFF7B9FE164B0093002344
:10A4C0000193002EBBD06B463146A5F1140205F175
:10A4D0001000FBF7EBF80028B1D09CE700250848F6
:10A4E0002580FFF76FFE02222846114608F061FC26
:10A4F0000221074ACDE700BFF846002019A5010850
:10A500000C4700201DA501085C0B030835A50108B8
:10A510005447002065A50108072053E7044B5B7CE6
:10A5200023B9002914BF072001204BE7704700BF63
:10A53000F846002070B40A4D0E466B7C1446022B80
:10A540000CD10FCC5C350FC5002E94E8070085E8D0
:10A55000070070BC14BF0720032033E770BC7047AE
:10A56000F846002070B40A4D0E466B7C1446042B4E
:10A570000CD10FCC5C350FC5002E94E8070085E8A0
:10A58000070070BC14BF072005201BE770BC704794
:10A59000F8460020F8B5FFF719F800240322184BFD
:10A5A000064618489A7083F88E20C3F88840C3F88E
:10A5B0001441FFF707FE78222146134812F09AF85B
:10A5C0001048FFF7FFFD782221460F4812F092F85D
:10A5D00027460E4DAF7005F10C000134FFF7F2FD78
:10A5E0000F2C05F11C05F5D102220020114608F0C0
:10A5F000E0FB01220221002008F0DBFB3046F8BD21
:10A60000E04500200C470020F8460020704700205D
:10A610002DE9F04F694D8DB00024064685F885047C
:10A62000FEF726F905F00EFC0923C5F8544285F81B
:10A630005032FFF7AFFF1C222146C5F86C0203A879
:10A64000029412F057F8202102A806F0CCFA224614
:10A6500002A905F5F47007F0A3FC594B05F21C683C
:10A660001F6840F2BC42214640463FBA12F042F811
:10A67000C5F8E876534F40462146FFF703FAC7F87E
:10A680000080DFF85081AA22214608F11800C8E9AD
:10A690000044C8E90244C8E9044412F02BF8DC2263
:10A6A000214605F50C60C8E93C44C8F8F84088F834
:10A6B000FC4012F01FF82822214602A812F01AF8D6
:10A6C000414840F209534FF4A062006802A905F026
:10A6D000F7FC4FF0160B01900DF1080905F50C6A17
:10A6E000394BD3F80080019BA3424ED13C684FF414
:10A6F000D27204F580740021204611F0FBFF28225D
:10A70000002102A811F0F6FF404640F209434FF441
:10A71000806202A905F0D4FC4FF0000881464FF09A
:10A720002A0B0DF1080A284BC145186839D10023BE
:10A730000321CDE90233ADF8103002AA0A233C68A8
:10A7400004F0B2FE18B99DF8103084F8B9341F4BEC
:10A750001F4A02215A600022104608F02AFB0023FB
:10A7600016F0780F85F8603285F8D83A0AD116F0DD
:10A77000870F07D0022385F8D93A012385F8DB6AD1
:10A7800085F8DA3A0DB0BDE8F08F59F8041B1623AE
:10A79000A1F5A06240460BFB02A204F085FE013445
:10A7A0009EE75AF8041B2A23A1F580620BFB0242A4
:10A7B00004F07AFE08F10108B5E700BF048E00201E
:10A7C000C8450020BC4A0020704C002030A000206A
:10A7D00011A90108C44A002008B5FF2006F0B8FD01
:10A7E0000120FEF7A1FF034B93F88504BDE8084064
:10A7F0000EE700BF048E002070B500253A4B3B4C9D
:10A80000D3F88004FEF7E4F82046256006F0F8F956
:10A8100029462046FEF7E8FD354B1022354C2946E7
:10A8200035481D7011F066FF344B294620681D70B5
:10A8300006F0CCF91021206806F0C8F91121206833
:10A8400006F0C4F90321206806F0C0F9042120684D
:10A8500006F0BCF90221206806F0B8F94FF4A065B3
:10A86000FEF796FA40F20A56FEF7DAFA2946206811
:10A87000013506F0ABF9B542F8D14FF4806540F2EE
:10A880000A4629462068013506F0A0F9B542F8D1FC
:10A89000FFF764FA1A4B1B780BB91A4A13701A4C5B
:10A8A000002123681B69186815F01DFB236800212F
:10A8B000D86915F018FB23680021586915F013FBBF
:10A8C000236800219B69186815F00DFB0F4B187861
:10A8D000FFF7E9F9FDF73EFCF9F7EEFAFFF77CFF29
:10A8E000BDE87040EFF772BB048E0020C845002021
:10A8F0008C870020704C0020334C0020434C0020FB
:10A900005A420020594200205442002030A000202A
:10A91000036813B5062B2ED8DFE803F0702D042D45
:10A920002F5E4B00437D394C7BB10021E02204F6C1
:10A93000E420A4F8DC1A11F0DDFE832384F8E43A65
:10A9400002B0BDE8104006F0B3B8027E01A984F859
:10A95000C42B427E84F8C52B827E84F8C62BC27E2F
:10A960002B4884F8C72B2B4A00680192C4F8CC2BE3
:10A970001A4614F0B5F902B010BD244CD4F8D03BFF
:10A9800093B1254B1B7833B1037C23B9022384F8A0
:10A99000D83AFFF721FF214AD4F8D03B0020118894
:10A9A00098470023C4F8D03B02B0BDE81040FEF742
:10A9B0000DBE164CD4F8D03B4BB1032284F8D82AF4
:10A9C000164A0020118898470023C4F8D03B02B0F3
:10A9D000BDE81040FDF73ABF0C4CD4F8D03B4BB16A
:10A9E000022284F8D82A0D4A0020118898470023B3
:10A9F000C4F8D03B02B0BDE81040EDE6FDF726FFFD
:10AA0000FDF78EFA0022064B1A70B4E7048E002080
:10AA1000644200203DCC01088C87002028350020AE
:10AA2000F88D002000232DE9F743B74C94F85062CD
:10AA300094F85022C4F8543223B300239642A4F869
:10AA4000703284F8723284F87832A4F8803284F854
:10AA5000823284F8883284F8903284F8983284F80C
:10AA6000A032A4F8AA32C4F8AC3284F8B03200F0B4
:10AA700033824FF48031A54B186803B0BDE8F04332
:10AA800014F036BE013A112A00F2B380DFE812F06A
:10AA900012005700F200B500EF00F200FE000C01BA
:10AAA0002701B1008501BA01D401F601F801FF01C7
:10AAB00022021D0294F882520DB3132300259448FC
:10AAC00084F85032C4F85452FFF77CFBD4F8843237
:10AAD0009048C4F8643205F077F82A46D4F85C123E
:10AAE000D4F86402FDF794FE802006F031FCFEF7F6
:10AAF0006DFD894B1B6883F8B854022312E094F86B
:10AB0000AA32002B75D01323814884F85032C4F840
:10AB10005452FFF757FB94F8603201223BB10623F1
:10AB2000C4F8682284F85032C4F8545261E084F8C2
:10AB3000D82A072284F85022C4F8543259E0D4F8B5
:10AB40009422D4F864329A4236D194F890329BB36E
:10AB5000002513236E4884F85032C4F85452FFF78E
:10AB600031FB6E4805F030F86D4AD4F85C32156060
:10AB70005560C4F8E83B0423D4F8641284F8ED3B34
:10AB8000684B1581CDE90035A4F8E41B6B46022122
:10AB90006548023AFAF78AFD10B9012384F8813238
:10ABA000D4F86832D4F858221340C4F86832042329
:10ABB00084F850320023BFE794F8813213B994F837
:10ABC000AB3263B113230025514884F85032C4F8E6
:10ABD0005452FFF7F7FA0323C4F86852A2E7D4F8F7
:10ABE0006822D4F858321A4203D194F88032002BEC
:10ABF000E8D1D4F8543201331AE794F8605265B9B9
:10AC000094F8803263B31323414884F85032C4F877
:10AC10005452FFF7D7FA072384E794F88132002BC8
:10AC2000D0D194F8AC52002DCCD1D4F88C22D4F8E9
:10AC300064329A42DDD194F88832002BD9D01323A4
:10AC4000334884F85032C4F85452FFF7BBFA01225B
:10AC5000D4F85C12D4F86402FDF7DAFD052361E74D
:10AC600094F88132002BADD194F8AC32BFE794F860
:10AC700080321BB1072384F85032BAE794F881225E
:10AC8000002AB6D0C4F868320323F4E71323002562
:10AC900084F85032D4F86832C4F85452C4F86C3294
:10ACA00004F074FF11233DE794F8823233B113238B
:10ACB000002584F85032C4F8545207E794F87032F3
:10ACC000002B96D013230025184884F85032C4F87E
:10ACD000545204F079FF0123C4F86C5222E794F82F
:10ACE0007052002DEED194F872721FB3132384F8C2
:10ACF0005032D4F874320E48C4F86432C4F8545256
:10AD000004F062FF0B230DE7048E0020D83F0020E3
:10AD1000D8990020AF900020BC4A0020B0900020BD
:10AD2000EA990020F5AE01085E0B0308AE90002002
:10AD3000B190002094F8783243B3132384F8503252
:10AD4000982384F8B4320323042084F8B532C4F87D
:10AD5000547284F8B672FFF75BF8054602784168D2
:10AD60005F48D4F86482D4F85C9211F0C0FD297871
:10AD7000012303314A46C9B21FFA88F004F0DEFE0F
:10AD80001223C4F8547284F8503232E794F87132C6
:10AD9000002B3FF42EAF08236DE7D4F89C22D4F8A3
:10ADA00064329A4219D194F89832B3B11323002532
:10ADB0004C4884F85032C4F85452FFF703FAD4F8E0
:10ADC0006832DA0704D5484804F0FEFE0C23A9E6F1
:10ADD00000230E22C4F86832ACE694F8813223B91D
:10ADE00094F8AD32002B3FF404AF132300253D4807
:10ADF00084F85032C4F85452FFF7E4F90E23C4F833
:10AE000068528FE694F8AE32002BEED194F881525E
:10AE1000002DEAD194F88032002B3FF4EAAE1323E0
:10AE2000304884F85032C4F85452FFF7CBF92F4819
:10AE300004F0CAFE102375E694F88132002BD4D1B9
:10AE400094F8AF32002BD0D1D4F89C12D4F86422FD
:10AE500091427FF4CEAE94F89822002A3FF4C9AE16
:10AE600013222048C4F8543284F85022FFF7AAF97C
:10AE7000D4F86832DB07ABD50F2399E60F23FAE647
:10AE80001323002584F85032C4F8545208E7D4F84C
:10AE90006422D4F8A4329A4214D194F8A0328BB12F
:10AEA000132300250F4884F85032C4F85452FFF79A
:10AEB00089F994F86032002BDED00D4804F084FE4E
:10AEC0000D232FE694F8B0328CE7B4F88032002BD3
:10AED0003FF48FAE0923CEE603B0BDE8F08300BF98
:10AEE000BB900020D8990020B2900020B4900020A0
:10AEF000B390002008B50122054B31B983F88022B8
:10AF0000FFF790FDBDE808408CE583F88122F7E764
:10AF1000048E002008B50122064B41B983F8802237
:10AF2000FFF780FDFFF77EFDBDE808407AE583F876
:10AF30008122F5E7048E0020044B984204DB07339E
:10AF400098423CBF012303706CE500BFAE90002027
:10AF50000148FFF737B900BFF499002070B5104CD5
:10AF60000546FFF7F5FFD4F8F4040021FEF78AFD4B
:10AF70000523D4F8F424C4F83C35D2F8E200D2F822
:10AF8000E61004F5A86303C3D2F8EA0084F84C5530
:10AF90001860044B04F23C505B68BDE870401847F1
:10AFA000048E002030A0002037B51C4D1C4C2846D4
:10AFB000FFF708F9002341F288311A4A1A48FFF7CF
:10AFC00055F8002394F87A2084F82230637660895B
:10AFD000A37B1649B2B122880732009143F00103E6
:10AFE0001349D2B2FEF7D2FC0028E0D0A37B042B99
:10AFF00002D06389FF2B08D10A2003B0BDE830409E
:10B00000FEF764BC22880632E7E7044800234FF4C9
:10B010007A71084AFFF72AF80520EEE7408E0020F3
:10B02000348C0020E1A101085C8C00204B7D0108DC
:10B03000E893002039B0010870B51C4C94F8231037
:10B04000237E81B10025202084F8243084F8235009
:10B05000A4F87850FEF73AFC63695BB12946BDE875
:10B0600070400220184794F824209A4203D1636963
:10B07000002BF4D170BD94F8763063B1636984F825
:10B080007610A4F878100BB102209847BDE8704004
:10B090001F20FEF71BBC1E20FEF718FC94F876302C
:10B0A000013384F87630BDE870407DE7348C0020B1
:10B0B0002DE9F341404C207E002851D104F06FF877
:10B0C00000F00F000022231883F858202F223B4B5A
:10B0D000207683F8002CA27B910647D5272283F89F
:10B0E000002C258C93F8006C0001B54284BFAA1B8C
:10B0F00097B24FF055028EBFB046A8462F4683F850
:10B10000E425C5F3022262F03F0283F8E52583F8C7
:10B11000E7054246E1692A4883F8E655E780A4F846
:10B12000008011F0E4FB08F104012648C9B2FEF7E3
:10B13000C3FBB7FBF8F2D3B208FB127292B20AB1AA
:10B140000133DBB2B54263764FF0000311D81C2007
:10B1500084F87A30FEF7BAFB02B0BDE8F04123E78D
:10B160000130C0B2102828BF0020ABE7D206B5D509
:10B17000B7E741F28831144A1448FEF777FF228876
:10B180001349A37B0632009160890E4943F0010305
:10B19000D2B2FEF7FBFB60B10E4B18201B68A4F87F
:10B1A0007430012384F8223002B0BDE8F041FEF78C
:10B1B0008DBB02B0BDE8F081348C0020048E0020ED
:10B1C000EC930020E8930020E1A101085C8C0020B2
:10B1D000DBB10108800A00206AE710B5184CB4F80A
:10B1E000742032B1174B1B689B1A03F59673A4F8B1
:10B1F000743094F8682032B1002384F86830BDE8D8
:10B20000104004F0EDBC94F867302BB184F867204F
:10B21000BDE8104006F07EB994F82410227E9142D9
:10B2200006D10948FEF7CEFF0023A4F8743010BD04
:10B23000B4F87410054A04480F31FEF717FFF3E71E
:10B24000348C0020800A00207C8C002051B2010840
:10B250002DE9F7433C4C3D48FEF7B4FFE3880BB9BA
:10B26000238CE3803A4DB4F8068095F8009C46465E
:10B27000C84528BF4E46207E2680231893F85830B4
:10B28000012B5ED05521228C85F8E415A2EB080332
:10B29000C2F302219BB261F01F0185F8E51585F824
:10B2A000E625E169C3F3022242EA0012194485F857
:10B2B000E72505F2E9503246A38085F8E83505F226
:10B2C000E45711F014FB711D3846C9B2FEF7F4FAC9
:10B2D000C84509D801231C2084F87A30FEF7F6FA15
:10B2E00003B0BDE8F0435FE6002341F28831194A1C
:10B2F0001948FEF7BBFE22881849A37B073200914C
:10B300006089394643F00103D2B2FEF73FFB80B1BA
:10B31000E38895F8002C2088934224BF9B1AE38091
:10B32000E388B3FBF0F100FB11339BB2CAB233B92F
:10B330006276182003B0BDE8F043FEF7C7BA0132C9
:10B34000F6E703B0BDE8F083348C0020408E002087
:10B35000048E0020E1A101085C8C0020DBB1010813
:10B360002DE9F04F90F88C3304461546A7B0052B15
:10B3700000F20682DFE813F006003E026B020402D0
:10B3800071020600002940F0E5802E683146FDF785
:10B3900091F804F1D601002800F0F28090F82930ED
:10B3A00003F0FD03042B40F0EB8090F82820B37AE3
:10B3B0009A4240F0E5802A686E6813682889C4F8CC
:10B3C000D63053684B6093688B600223C4F8F060FA
:10B3D000A4F8F40084F88D33022384F88C3394F8B5
:10B3E000DA30D80707D504234FF6E851204684F811
:10B3F0008C33FEF76DFE204604F1D601FDF75AF8B6
:10B400009F2384F891330323002784F8923390F824
:10B41000273084F8947384F8933390F829300646E3
:10B42000042B04F2913B04F2953840F077827A487D
:10B430000AA90EAD06F0D7FDA846334606F110075F
:10B440002A4618685968083303C2BB421546F7D12B
:10B4500094F8E030424604EB8313203330460AA9C7
:10B4600006F0F3FD94F8E03004F2973786F82830C0
:10B47000062386F82930122384F89533412384F873
:10B4800096330AAB1D4603CD4545386079602B469F
:10B4900007F10807F6D10127162504F2A73894F81A
:10B4A000DA3013F0060F2DD0D4F8FC3053B3B4F8D3
:10B4B000D830B4F880239A4218D0B4F884239A4242
:10B4C00014D0B4F888239A4210D0032388F80030AF
:10B4D000432388F80130D4F8FC3003359B780137DA
:10B4E00088F80230ADB2FFB208F1030894F8DA3000
:10B4F000590707D594F88D33022B03D1D4F8FC00FB
:10B50000FCF752FCD4F8FC30002B00F015821A7DB9
:10B51000022A40F0118200211975042302350137F7
:10B52000C4F8FC10ADB288F8002088F80130FFB2F2
:10B5300094F8943343F0010384F89433013F17F0F7
:10B54000FF0700F0FC8194F8963363F07F0384F8E2
:10B550009633F3E7032939D12B89022B40F210816E
:10B560006B6829689A78FCF7F1FF002800F00881E1
:10B5700001222968204627B0BDE8F04FFDF7E4B866
:10B5800040F20123A4F88C332A68288913686E6876
:10B59000C4F8D63053684B6093688B60A4F8F4000D
:10B5A000C4F8F0602046FCF785FF1C4990F827306E
:10B5B0000831032220468B7000F097FA4FF6E851CD
:10B5C000204627B0BDE8F04FFEF782BD042915D113
:10B5D0002868696803682A89C4F8D6304368C4F8C3
:10B5E000DA3083682046C4F8DE30C4F8F010A4F8DE
:10B5F000F42027B0BDE8F04FFCF7BCBF01390729A4
:10B6000000F2BE80DFE811F00C00CC00BC00BC00F2
:10B61000BC00BC00D500EB00EC8F002030A0002067
:10B62000D5E9002013682989C4F8D63053684FF053
:10B630000309C4F8DA3093689278C4F8DE30C4F8AD
:10B64000F0000123A4F8F41020460021FCF7D6FEF8
:10B65000022384F88C339F2384F891330123FF263F
:10B6600084F894334323C4F8FC0084F8929384F85C
:10B67000936384F8959384F896338378B4F8F45000
:10B6800004F566782A460746D4F8F01084F8973314
:10B69000404611F02CF907230F35ADB20DF1580BD0
:10B6A00001950093CDF808B004F2913A5346B4F8EE
:10B6B000D820B4F8D610204604F062FB0523099385
:10B6C000F97C974A04EB81111031054609A806F070
:10B6D000FAF9D4F8FC1012AA4944099805F055FD6E
:10B6E000099805F047FDD4F8FC00FCF75DFB00234A
:10B6F00094F8B824CDE90993D4F8FC30002A42D15B
:10B70000D97C884A04EB811109A806F0DCF9B4F869
:10B71000F4300AAA049203F10802CDE90282CDE9CD
:10B7200000835A46ABB2099812A905F0CBF994F8F8
:10B73000B834BDF8285013B9099805F01BFD002353
:10B74000794AE91DC2F80C3CB4F8D6305046A2F84C
:10B75000063CFF23A2F8043C94F8DC3002F60442D5
:10B760005360724BC9B2CDE90E340EABF9F79EFFB0
:10B7700030B9022120460EAA8DF83C10FFF7F0FDEB
:10B7800027B0BDE8F08FDA7C0121042A97BF684B0F
:10B7900030469B1893F80002FEF7CCF90990B6E703
:10B7A0002979B1FA81F1490927B0BDE8F04F02F0DB
:10B7B000A7B80A21FEF78CFC2A681368C4F8D630B3
:10B7C0005368C4F8DA309368C4F8DE300023C4F854
:10B7D000F030A4F8F430052384F88C33D0E7052B3F
:10B7E000CED100230222C0F8FC3080F88C3300F167
:10B7F000D601BFE602290AD12979012930D10023D7
:10B8000080F88C334B48FEF7DDFC297905E00829E8
:10B8100009D10023022184F88C33204627B0BDE8EB
:10B82000F04F02F08FB80429AAD12B68B0F8D620C7
:10B8300019889142A4D15A88B0F8D8309A429FD141
:10B840002A896968FCF796FEC50799D5C4E50229DF
:10B8500096D1002380F88C33D7E7022907D12979C4
:10B8600009B9E988ACE6002384F88C33D5E70529CB
:10B870002CD12B68B0F8D6201988914280D15A88F3
:10B88000B0F8D83093427FF47BAFB0F880239A426F
:10B8900007D0B0F884239A4203D0B0F888239A42A4
:10B8A0000CD194F88D334BB10023A4F8F43094F804
:10B8B000DA3023F0010384F8DA308DE500231D48E7
:10B8C00084F88C33FEF77EFC0521A6E7082903D116
:10B8D000002180F88C13A0E704297FF451AF2B6876
:10B8E000B0F8D620198891427FF44AAF5A88B0F850
:10B8F000D8309A427FF444AF2A896968FCF73AFE4F
:10B9000000283FF43DAF022804BF0023A4F8F43020
:10B9100094F88D33002B7FF45FAD7AE70425BEE504
:10B920000044400400015005048E0020A1BA010823
:10B9300060090308884B0020002F7FF4F9AD0BEB62
:10B940000509A046CA46002704F10C030793B8F87E
:10B950008023B4F8D8309A4222D1002320461946D9
:10B9600098F88223FCF74AFDD0B113238AF80030FF
:10B97000C2230AF1030211468AF8013098F8823393
:10B9800001378AF80230FFB2C31C133053F804CBDE
:10B99000834241F804CBF9D100239246A8F88033C2
:10B9A000079B08F104084345D1D19FB113227B1EA8
:10B9B0005343013319F8032002F07F0209F80320F2
:10B9C00007EBC70307EB430794F8943343F00203F4
:10B9D00084F89433B4F8F420D4F8F01009EB07009D
:10B9E0000DF1580810F083FFCDF80880B4F8F4305A
:10B9F000204608332B443B449BB2CDE900535B46C1
:10BA0000B4F8D820B4F8D61004F0BAF912A98246D6
:10BA1000304606F0E8FA03230022CDE9082394F823
:10BA2000B83494F8E0105BBB1B4A04EB811109A801
:10BA300006F049F8B4F8F43008AA3B44049203F144
:10BA40000802CDE90292CDE9009342461FFA8AF33B
:10BA5000099812A905F036F894F8B834BDF82060BA
:10BA600013B9099805F086FBAA195946204692B2E7
:10BA700000F03BF894F88D33013B84F88D337FE67A
:10BA8000042997BF054BFF205B1893F800020121A2
:10BA9000FEF750F80990CDE7000150056009030852
:10BAA000F0B50F460646114685B0A2B114460C4DBE
:10BAB0000FCC0FC594E8070085E807004FF4FA7330
:10BAC0000221304601AA8DF80870ADF80A30FFF760
:10BAD00047FC05B0F0BD1C22014810F00BFEEDE75D
:10BAE000984B0020002208213AE430B500F1D60539
:10BAF000134685B00A4629460446FCF7E1FD50B1DD
:10BB000029462046FCF7D6FC90F82730013380F810
:10BB1000273005B030BD0221204601AA8DF808105B
:10BB2000FFF71EFCF5E71FB55C1EC72C0FD890F879
:10BB30008C430CB1052C0AD10292019101AA00217B
:10BB4000ADF80C30FFF70CFC012004B010BD002054
:10BB5000FBE72DE9FF411E462A4B0D461F681446A0
:10BB600097F88C339DF834800BB1052B47D1AA2D63
:10BB700045D82A460146244810F0B9FE0023CDF8E6
:10BB80000930039363886268ADF8043023888DF828
:10BB90000A20ADF80630237A8DF80830637A013B2D
:10BBA0008DF80E30B8F1000F10D00121174B83F83B
:10BBB00000119DF82810C3F8F82083F8F4100C9AAF
:10BBC0009DF82C10C3F8FC2083F8F51026B196E8F8
:10BBD00003000F4B83E803002B4638460A4A01A9AD
:10BBE000FFF7A1FF044630B1002342F21072022198
:10BBF000184607F001FB204604B0BDE8F0810024A0
:10BC0000F9E700BFBC4A0020DC4A0020C04A0020FF
:10BC1000C44A00202DE9F04F076806793B78856813
:10BC20006C2B8DB03CD16A7B531E022B38D87B78AD
:10BC3000012B35D13B79012B01D0042B30D1A949FF
:10BC4000BB7891F8100C03F03F03984228D081F89C
:10BC5000103C8DF81E304FF41B71FF23ADF81C1003
:10BC60008DF81F3029890023ADF824109E498DF8E6
:10BC70002D200988CDE90233ADF826100521019366
:10BC8000AA7B07A8009209AA8DF820300A918DF8A6
:10BC90002C308DF82E30FFF75CFF043E0437F6B2EF
:10BCA0003B78042B00F0608208D8002B00F03B8228
:10BCB000012B00F04E820DB0BDE8F08F552B40F007
:10BCC00056820023874CDFF8208204F61249C4F81C
:10BCD000123CC4F8163CA9F808302A898348A4F815
:10BCE000122CB8F8002041F28831A4F8142C2A78DC
:10BCF00084F8192C252284F8182C7D4AFEF7B6F911
:10BD0000FDF7CAFD78B17B4BB4F8122C5B899342E6
:10BD100009D1B8F800209A4205D21420FDF7D6FDCB
:10BD2000012384F81C3CB4F8123CB4F8142C9A4259
:10BD3000C1D0C82EBFD86F4DD4F8122CC5F86A20D8
:10BD4000D9F80420C5F86E20B9F80820A5F87220AB
:10BD5000B4F83621934200D022B9B5F87820934246
:10BD60001ED0EAB194F8193C93B9634B1B78042BAD
:10BD7000A1D00B20FDF7AAFD95F822301BB10123BD
:10BD800085F8673097E70DB0BDE8F04F05F0C2BB0E
:10BD9000042B05D10C200DB0BDE8F04FFDF796BD8A
:10BDA00094F830207B78102A0ED103F0F802E02AB4
:10BDB0000AD1BA7803F0070302EB0323C82B01D999
:10BDC0000D20E8E70E20D5E7DFF82CB19BF8000046
:10BDD000002855D0012853D0484BDA7A0AB34FF0E7
:10BDE000000883F80B801023DFF820A1C4F82A8014
:10BDF000CAF8048084F830300123C82241460AF191
:10BE00004300AAF8088084F8358184F83930A4F812
:10BE1000368110F06FFC1A2241460AF5877010F047
:10BE200069FCD9F80410364BD4F8120CB9F8082084
:10BE300003C367631A8084F838603B7897F80190F1
:10BE4000552B97F8028097F803A03A797FF433AF27
:10BE500009F0F803E02B00F0B18014D8C02B36D0E5
:10BE6000C82B7FF428AF1620FDF730FD95F824206D
:10BE70004FEA1813B2EB181F40F002810F208AE737
:10BE8000FDF724FDA8E7E82B00F02281F02B7FF4DA
:10BE900012AF2B7E2B4493F85830012B00F0AB806F
:10BEA0001B20FDF713FD2B7E0021022085F8243096
:10BEB000FFF793F96421002308FB0111114A12488E
:10BEC00084F831800DB0BDE8F04FFEF7CFB894F89C
:10BED0001C3C13B12B7E85F82430062E18D8012087
:10BEE00059E700BF048E0020283500205C8C00201C
:10BEF000E1A10108348C0020B08C002030A000208B
:10BF0000248E0020D9B101086C8C00202E8E0020D8
:10BF10003146384603F06CFF0028E0D194F8303009
:10BF20004FEA1A15B3EB1A1F02D0102B7FF448AF5B
:10BF300009F0070908EB0929B9F1C80F3FF640AF2E
:10BF400000269D4B4FF44871A3F110009B4AFEF769
:10BF50008DF884F83050254485F85D6094F83850A9
:10BF60001A22063D3146EDB2954884F83551A4F8C1
:10BF7000529110F0BFFB616B238C04312A4691482B
:10BF8000A4F8363110F0B3FC304694F83511FDF7C3
:10BF9000CDFC00287FF48FAE94F83521B4F85231EF
:10BFA0009A4207D10320FDF791FC0DB0BDE8F04F98
:10BFB00005F05EBA002384F85C307CE694F81C3C03
:10BFC00013B12B7E85F82430072E059287D9314690
:10BFD000384603F00DFF002881D104EB1A1393F8C3
:10BFE0005D30059A012B4FEA1A1106D19BF80030FB
:10BFF000012B7FF460AE1520CDE694F830309942E5
:10C0000002D0102B7FF4DCAE0AF0070A073EF6B22E
:10C0100002EB0A2A84F835615644C82EE6DC09F0A2
:10C02000070908EB0929B9F1C80F3FF6C9AE624B01
:10C030004FF44871A3F11000604AFEF717F850461C
:10C0400094F83511FDF772FC00287FF434AE616B73
:10C050005C4894F8352105315044A4F8529110F011
:10C0600046FC94F83531B4F8522153449342A1DB95
:10C070001220FDF72BFC0DB0BDE8F04FFEF730B8F5
:10C080002A7E9A427FF4FAAE228CB5F878309A4232
:10C0900004D0B4F836310BB110207CE64FEA082802
:10C0A000494808F4E068FEF78DF84AEA080A1120CA
:10C0B000A5F802A0FDF70AFC95F822301BB1012378
:10C0C00085F86830F7E50DB0BDE8F04F03F088BDA6
:10C0D0001620FDF7FBFB95F824304FEA1816B3EB5A
:10C0E000181F3FF4CBAE2B7EB3427FF4C7AE228C39
:10C0F000B5F878309A4203D0B4F83631002BCBD162
:10C100003148FEF75FF82B7EB3420AD101230021AC
:10C110002E4486F858306B69A5F878100BB10846A4
:10C120009847222037E628890DB0BDE8F04F05F08A
:10C1300035BB08339342BFF4BEAD18787978884296
:10C14000F7D12A46314638465B680DB0BDE8F04F5E
:10C1500018471E4B1E4AEDE7187879788842F0D0D0
:10C1600008339342F8D3A6E51A4B1B4AF9E71F2B75
:10C170007FF6A1AD9F2E3FF69EADDFF86080E022F6
:10C18000002108F6E42010F0B5FA08F6943432469F
:10C19000394608F6E82088F8926B10F0A8FB0FCD1E
:10C1A0000FC42B682360802388F8E43A0DB0BDE803
:10C1B000F04F04F07DBC00BF608E002001A201089A
:10C1C0003C8F0020718E0020408E0020A06200086D
:10C1D000106300081063000840630008048E00200C
:10C1E00008B5FEF7B5FE184B93F8F824D3F8F4041D
:10C1F000013A83F8F82490F8C1209F2342F001020D
:10C2000080F8712490F8C42080F86F3480F874248A
:10C210000022062380F8EC200122B0F8C21080F83A
:10C220007034A0F8721480F8973480F8E62000F19A
:10C23000E20100F26F42FFF776FCBDE808404FF4E0
:10C240007A7004F0B5BC00BF048E002010B50A4C13
:10C25000D4F8F40490F8973400F26F4200F1E20150
:10C26000FFF761FC30B194F8F834013BDBB284F89D
:10C27000F83410BDFF23FAE7048E0020F0B5A34C7C
:10C28000A1B00022D4F8F464A14B96F88E131D7867
:10C29000A94201D0142D1FD15D88A84219D15A7925
:10C2A000142A1FD11B79013B102B2ED8DFE813F085
:10C2B00027002D00B302A7022A002F0038007D00BE
:10C2C000E9003801F301F70148028802AB021F00C0
:10C2D000B102B5F5047FE2D00332B42A03F10603BC
:10C2E000D5D112E0914218BF86F88E23DAE7D6F84E
:10C2F000F030987821B0BDE8F040FEF72FBE96F8F8
:10C300009003F7E7002386F8E63021B0F0BDFEF792
:10C310001FFE40F6B83021B0BDE8F04004F048BC44
:10C320000025FEF715FEFF2005F012F8D4F8F424DE
:10C33000784BD2F8E200D2F8E610C4F83C5503C3BB
:10C34000D2F8EA00744A43F80C091846526890473C
:10C35000D4F8F4349F2193F88F2383F86F14B2FA42
:10C3600082F25209520083F8C02042F0040283F89E
:10C37000712494F8D92A052183F8722494F8DA2AD2
:10C3800083F8701483F8732494F8DB2A83F8B85484
:10C3900083F87424062283F89724032384F8F8345E
:10C3A000FDF718FB45F6C050B5E7FEF7D1FDD4F810
:10C3B000F404D0F8F030DA78511E11425DD194F8CF
:10C3C000D91A0A4259D080F8C2201A79511E114256
:10C3D00055D194F8DA1A0A4251D080F8C32059791D
:10C3E00069B9B0F8E220A2F5807292B2B2F56A6F34
:10C3F0000AD8012003F0ACFC40F20B2041E794F88E
:10C40000DB2A31EA0202F4D180F8C4109A7892074C
:10C410002FD590F88F23002AEBD15A7980F8C420C9
:10C42000012280F8C5209B7880F8C1309F2380F8D6
:10C430006F34082300F2724020F8023CFDF7ECFB59
:10C44000D4F8F43493F88F23012A07D193F8C42049
:10C4500012F07E0F1CBF0022A3F87224232283F85F
:10C460009724032384F8F834FDF7B4FA4FF47A7074
:10C4700051E7012280F88F23CFE70220BAE703209B
:10C48000B8E7FEF765FD45F6C05004F091FBD4F81F
:10C49000F454D5F8F03005F59360DA1C11462333D7
:10C4A00051F8046B994240F8046BF9D10223D5F896
:10C4B000E200D5F8E610C4F83C35164B02F120072F
:10C4C00003C3D5F8EA0043F80C0B1E461068516808
:10C4D000083203C6BA423346F7D12023A4F85235B6
:10C4E00095F8C4300D4884F8503513F006031FBF8B
:10C4F00095F88F33B3FA83F35B099B0084F85135C9
:10C50000054B5B6821B0BDE8F0401847048E002061
:10C51000660B03084493002030A0002040930020C5
:10C5200096F88F33012B04D196F8C43013F01E0F08
:10C5300030D194F8BC356BBBD4F8C00500234FF460
:10C540008042089308A9B64BECF710F80546C8B925
:10C550000898038823F0FF03B3F5E24F02D0B3F548
:10C56000E44F04D143880733B3F5847F2FD2D0E959
:10C570000812456806F593632D0A0ED0012D20D0D0
:10C580006FF085052021A748EBF732FC0898EBF700
:10C59000CFFF10E04FF4E020D0E704AD009503F0AA
:10C5A000E6FE10F1860F0546EAD0002DEAD1089884
:10C5B000EBF7BEFF05462846FDF72AFA50B1FDF716
:10C5C000E5FA04AD009503F0D2FE0546EDE76FF005
:10C5D0008905D7E7934B03F12002114653F8040B6A
:10C5E0008B4242F8040BF9D1D4F8F4348E4903F5A8
:10C5F000936203F5976352F8040B9A4241F8040BD7
:10C60000F9D18A4804ADFDF707FBAC46D4F8F474C1
:10C61000874A07F5936702F110032E4610685168A8
:10C62000083203C69A423546F7D1824A08AB02F176
:10C6300020061D4610685168083203C5B2422B46D9
:10C64000F7D1794A10AB02F140061D4610685168D7
:10C65000083203C5B2422B46F7D106236146764A1B
:10C6600003A8039305F02FFA3B46602208A903981C
:10C6700004F0DEFD039804F07DFD00220123D4F8D0
:10C68000F4041146CDE9003200F5936305F05FFE36
:10C69000182384F8F83421B0BDE8F040A0E5FEF797
:10C6A00057FCD4F8F434D3F8F0205178052917D189
:10C6B000D07894F8D91A884210D1107994F8DA1AFF
:10C6C00088420BD1507994F8DB1A884206D193F84E
:10C6D000C010907841F0050290420ED0072089E604
:10C6E0000C290AD1927802F00302022A05D009200F
:10C6F00003F02EFB40F20A20C3E593F8C41029B9D9
:10C7000040F20F20BDE5520083F8C52093F8C52004
:10C710001142F8D09F2183F86F14092183F8701417
:10C72000002183F8712483F8EC100322012183F89F
:10C73000972483F8E61084F8F824FFF787FD95E640
:10C74000FEF706FCD4F8F434D3F8F01093F8C55093
:10C750008A78954201D00A204CE62846033105F03C
:10C760006FFED4F8F474284697F8C53000255B00B6
:10C7700087F8C530FDF757F9D7F8F0600146033662
:10C78000334601223846CDE9005505F0E0FD102280
:10C79000294630460FF0AEFF9F22D4F8F43483F8D8
:10C7A0006F240B2283F87024022283F8972401223D
:10C7B00083F8E65083F8EC20032384F8F834BCE7D0
:10C7C000FEF7C6FBD4F8F434D3F8F02051780C29E6
:10C7D00004D1927802F00302022A88D19F2283F8C2
:10C7E0006F244FF486720021A3F87024032283F88B
:10C7F000EC1083F8972483F8E61084F8F82421B02D
:10C80000BDE8F04022E5042021B0BDE8F040FDF78E
:10C810006BB90620F8E721B0BDE8F040FDF7DAB8C3
:10C8200000000209219A0020FD9200201D930020A3
:10C83000B4070308419A00200002C0037FB5254CCD
:10C84000254B04F21C661D6840F2BC4200213046B4
:10C850000FF050FF2DBA30460021C4F8E856FDF71E
:10C8600011F91E4B00251E601D4BCDF80A50C4F86F
:10C87000D03B1C4BADF80E501A8825238DF80A309A
:10C88000FF23CDF806508DF80E30ADF8042001AB33
:10C8900003CBC4F8FE0618680123C4F8060740F26B
:10C8A0000120A2F58072B2F56A6F84F8AB3998BFA7
:10C8B00094F8DB3AC4F8F46498BF03F07E03C4F83C
:10C8C000021784F8AC5998BF84F8DB3A04B0BDE88D
:10C8D0007040D3E4048E0020C8450020BC4A0020EC
:10C8E00095810108283500202DE9F041384F054693
:10C8F0003C8854B9FDF770FF28463988FBF74AFC9D
:10C90000344BC3F89C41BDE8F0812046FDF7BEF9E9
:10C9100028B121462846BDE8F041FBF73BBC2D4C31
:10C9200094F88564002D3CD14FFA86F816F007067E
:10C9300016D1B8F1000F49DA31460920F5F7B7FDF5
:10C9400094F85032082BDED1234B84F8D86AC4F80F
:10C95000603C012384F87032BDE8F041FEF762B814
:10C9600029460920F5F7A3FDB8F1000F1A4E0ADB9E
:10C970001A4BC4F8D06B1B6840F20E20C4F8F43494
:10C98000BDE8F0417AE494F85032082BF0D101234D
:10C9900084F8D85AC4F8606C84F87032FEF742F814
:10C9A000E6E7012D12D1320684F8D80A0AD594F8A8
:10C9B0005032092B06D1084B84F87152C4F8603C00
:10C9C000FEF730F8730701D0FFF738FF3988A1E789
:10C9D00028350020048E002095810108BC4A0020E3
:10C9E000012908B50BD9FFF729FF054B40F20E20AE
:10C9F0001A68044BC3F8F424BDE808403EE408BDBF
:10CA0000BC4A0020048E0020034B40F203201A6829
:10CA1000024BC3F8F42431E4BC4A0020048E002009
:10CA20002DE9F84F384B054693F800B08846BBF126
:10CA3000000F61D1DFF8E4A0344C354F354E8AF851
:10CA40000000002846D00428DFF8D49012D1324BE1
:10CA5000C4F8E411C4F89C31FBF70AFF9AF80030DF
:10CA6000012B21D10023337089F800303B7084F80A
:10CA7000BC3522E006235A460221584606F032FF12
:10CA8000254BC4F8E481C4F89C31FBF7F1FE9AF819
:10CA90000030012BE6D0022D11D0032D18D08AF8DA
:10CAA00000B086F800B00CE002F05CFD012389F8CC
:10CAB00000B03B7084F8BC353370BDE8F88F0123BB
:10CAC000337089F800B087F800B084F8BCB5F4E79B
:10CAD0000223F5E706220221387084F8BC0506F02F
:10CAE00068F90D4B3570C4F8E481C4F89C31FBF74C
:10CAF000ADFEBDE8F84F87E70022BDE8F84F1146CC
:10CB00001046FBF73FBA00BFF88D0020048E0020CE
:10CB100036870020988D0020E9C80108358700205D
:10CB2000958D002010B5154B1B782BB3072923D901
:10CB3000134A438811885BBA9BB299421CD10024E6
:10CB40000121104B10481970214614800460FCF735
:10CB50004BFC0E4B1C70FFF757FF0D4B1B6883F807
:10CB6000B944FBF738FDFDF737FE22462146204643
:10CB7000BDE81040FBF706BA10BD00BF35870020A6
:10CB800028350020F88D0020C84500208C87002023
:10CB9000BC4A002038B5204B1B78002B3BD11F4BE3
:10CBA0001B78002B37D0062935D9158901221C4B5B
:10CBB00081781C4C1A70D0F803301B482180036028
:10CBC000FCF712FC2488E4B91022214617480FF024
:10CBD00091FD174B1C70174B1C605C60FBF795FABE
:10CBE000FCF71EF9FCF7D4F82046FCF71FF8FFF716
:10CBF0000BFF114B1B6883F8B944FBF7ECFCFDF706
:10CC0000EBFD002210461146FBF7BCF9E8B2BDE887
:10CC10003840FBF731B938BDA28D002035870020A0
:10CC2000F88D002028350020C8450020334C002016
:10CC3000434C0020044E0020BC4A00200A4B0B4A03
:10CC40001B68C2F8F43403F29C4102F6C83203F5C3
:10CC5000936312F8010D01F8010D9942F9D140F2E8
:10CC60000220FFF70BBB00BFBC4A0020048E00204F
:10CC7000F8B54E4A0346C2F8F4044A79D70700F1E2
:10CC8000948090F88E53012D08D10A68C0F8E220F4
:10CC90004A68C0F8E6208A68C0F8EA20B3F8E400E1
:10CCA0004A88904240F08180897AD3F8F04083F836
:10CCB000EC106078021FD2B2092A76D8002D74D009
:10CCC0003B4DB3F8F46005EB820292F86E73B74205
:10CCD00005D940F20A20BDE8F840FFF7CFBA92F834
:10CCE0006F63022E20D1A678F6074CBF92F871230D
:10CCF00092F87023012A1BD0914226D1421F072AA5
:10CD0000E9D801A151F822F067CD010867CD0108EB
:10CD1000D7CC010873CD0108D7CC0108D7CC0108C6
:10CD200081CD010895CD010892F87073012F12D1C1
:10CD300006290AD80D4495F8922393F8C61091421B
:10CD4000DCD093F8C5100A42D8D1072003F000F8D0
:10CD500040F20B20BFE7B942D0D0012EF5D192F8B6
:10CD600071238A42C9E7A3781B0203F48073184336
:10CD7000B1E7A078000200F4807040F00800AAE754
:10CD800040F2072093F8C52093F8C4309A4218BFA8
:10CD90000B20A0E793F8C52093F8C43052421A4202
:10CDA00040F2052018BF0C2095E7F8BD048E002046
:10CDB000600903082DE9F04FD0F800B005469BF854
:10CDC00000600479982E8768E7B000F0AF839F2E4B
:10CDD00040F054850023CDE910339F4B0DF13C0802
:10CDE0001B88A8F800303B89A8F802303B7813F084
:10CDF0000C0F14BF0122002288F8073088F80520A4
:10CE000003F002023B7B42F0050288F8062088F816
:10CE100008309BF800309F2B40F085839BF8013051
:10CE2000062B23D19BF8053013F0060F1ED18B4D36
:10CE300095F8BC15D1B98A4B142241A84093209192
:10CE40000FF058FC44F2010140A8FCF7DBFD854BD4
:10CE500005F5B861439303F06FF908B18B3005D144
:10CE60008149D5F8C00520AA03F009FA7F4BCDF817
:10CE70004CB01E689BF80130ADF85040022BCDF845
:10CE80004880079329D0032B2DD0012B40F031830C
:10CE900098F80530DA070DD4022C0BD941463046FC
:10CEA0009BF80220FBF752FB20B141463046079A1F
:10CEB000FBF74AFC9BF80130013B022B00F22E836A
:10CEC000664CE022002104F6E4200FF013FC8423DA
:10CED00084F8E43A03F0ECFD25E30421304612AA7D
:10CEE000FEF73EFAE6E70025CDE91C55CDE91E55D3
:10CEF000CDE92055CDE922559BF803300B2C0A9340
:10CF0000D8D998F80530DB0715D50A9BDF0722D45E
:10CF100012AA06213046FEF723FA504ABDF83E30E9
:10CF2000C2F8F464B6F8E4209A42C3D14FF4017019
:10CF3000FFF7A4F9BEE7414630469BF80220FBF715
:10CF400005FB0028B6D041463046FBF7B3FA0A9BF2
:10CF50000546D8076FD54FF0000804270BF10409E8
:10CF600099F800A05744BFB2FB1D9BB29C42A1DDC3
:10CF7000BAF1000F9ED099F8012002F03F03032B75
:10CF800039D0042B49D0012B51D175B395F82930F4
:10CF9000032B2AD1BAF1120F27D109F102030DF1A7
:10CFA000800C09F1120E624618685968083303C2F2
:10CFB00073459446F7D12B460DF1700C05F1100E18
:10CFC000624618685968083303C273459446F7D11E
:10CFD000052385F8293095F82830284606EB831379
:10CFE00020331CAA20A905F030F899F90130002B54
:10CFF0003EDAD144B4E7BAF1030F7FF45BAF9DF89A
:10D0000041303046DB4399F80220BDF83E1003F072
:10D010000103FBF7F3F98046E7E7BAF1020F7FF46B
:10D0200049AF3046BDF83E10FAF7D2FEDDE75106B3
:10D030003FF540AFD9E798F8058018F0010840F0B7
:10D04000F881002D00F0FB8095F82930053B012B7D
:10D0500000F2ED8004271DE028350020048E00201A
:10D060004171FF0000000209C8930020BC4A002063
:10D070009DF84130DA0740F18C80B8F1000F00F0E4
:10D08000D88198F81420012A40F0CA8198F802301B
:10D09000ADF83C30E31B9BB20DF580790893304628
:10D0A0005B46CDE90149BDF83C20BDF83E10009734
:10D0B00002F066FE0B90BDF82C300BEB070A0993CB
:10D0C000002D00F0BF8096F88C334BB995F82930CD
:10D0D000052B05D15146089A06F291300FF007FC56
:10D0E0004FF0030996F8C83095F828201341D80767
:10D0F00029D518A9284604F076FF04230E9396F844
:10D10000B83495F82810002B50D1B64A06EB81119F
:10D110000EA804F0D8FC089B0DAC0833CDE902A39F
:10D12000089B0E98CDE900A30494BDF82C3040AACA
:10D1300018A902F071FC953096F8B83442D113B9B1
:10D140000E9804F017F896F88C335BBB95F82930ED
:10D15000062B27D095F82830089A0133DBB2032B31
:10D1600028BF002306F2913185F8283050460FF091
:10D17000BEFB95F82830284606EB831320331CAA03
:10D1800020A909F1FF3904F060FF19F0FF09A9D1C6
:10D1900008E0002D00F0378195F82930053B012B80
:10D1A0007FF678AFB8F1000F33D140E0042997BF84
:10D1B0008D4BFF205B1893F800020121FCF7BAFCAD
:10D1C0000E90A8E7278813B90E9803F0D3FF002F1D
:10D1D000B9D0062395F8282085F829308DF8462007
:10D1E0000FABB8F1000F1FD09DF8412042F00202B2
:10D1F0008DF8412098F81420022A11D115930721A7
:10D200003046C6F8FC8015AAFEF7AAF8099B002B49
:10D2100066D1022388F81430022385F829304FE0C4
:10D220004046FAF7C1FDF1E7099B002B58D10223D4
:10D2300085F829309DF84130DC073FF569AE0123C0
:10D240000793E7E003230E9398F81310674A06EB61
:10D25000811110310EA804F036FC18AA08F1030160
:10D260000E9803F092FF0E9803F084FF4046FAF701
:10D270009BFD042315950E9398F81310594A06EB5D
:10D2800081110EA804F01FFC089B15AC0833CDE9F2
:10D2900002A3089B4A46CDE900A30E98BDF82C30A6
:10D2A000049418A902F0B8FB95300CD10E9803F045
:10D2B00061FF98F813308DF84630022388F8143057
:10D2C0009DF84130B2E00E98278803F053FF98F89C
:10D2D00013308DF84630002FEFD0099B002BECD097
:10D2E0000A9B13F0020446D0D046002498F8009020
:10D2F0004C44A4B2BC423FF6DDADB9F1000F3FF49F
:10D30000D9AD98F8013003F03F02022A2FD19DF8E1
:10D310004130D9073FF5CEADB9F1130F7FF4CAAD57
:10D32000012398F80220BDF83E103046FBF766F85E
:10D3300008F10303C21C08F1130153F804CB8B421C
:10D3400042F804CBF9D14FF00103037595F828306A
:10D35000C3749DF84130DA0703D443F002038DF81B
:10D36000413098F90130002B42DAC844BEE75B0631
:10D370003FF5A0ADF5E70521304612AAFDF7F0FF15
:10D380001AF804200AEB04059F2A7FD16B780E2B34
:10D390007CD09DF84110C8073FF58CAD112B4FD0C4
:10D3A000132B61D00D2B68D10E239DF8460086F813
:10D3B0006F24013086F87034C0B2FCF729FD047880
:10D3C0004168262C3FF676AD224606F271400FF0FA
:10D3D0008EFAA31CDBB206F26F4230460FA9FEF7AD
:10D3E000A2FB67E500015005600903080044400402
:10D3F0003F1BBFB20521304612AAFDF7B1FF002F37
:10D400003FF458ADBCE7B8F1000F3FF418AF02236A
:10D4100088F814303046079A0FA9FBF795F977E59D
:10D42000022288F81420002D7FF4F6AEDD07F1D536
:10D430006EE5002D3FF46CAD022385F8293067E5D9
:10D44000022F7FF437AD96F8B93440AA002B079B22
:10D4500008BF0123079341F29F23ADF80031079BDA
:10D460008DF802310323B8E7032F7FF423ADAB78A7
:10D4700086F8B934FBF7AFF81CE5C6F8F050A6F80B
:10D48000F4700FA93046FFF7F3FB13E540AC14220C
:10D49000002120460FF02EF99DF84330012F8DF822
:10D4A0000031BDF83E30ADF80831BDF83C30ADF884
:10D4B0000A319DF844308DF80C319DF8463003F167
:10D4C00001038DF80D313FF4F5AC9DF84130209506
:10D4D000990744BF01225A4B8DF8847048BF1A70D7
:10D4E000584B22941B68002B3FF4E4AC20A89847CB
:10D4F000E0E496F88C331BB1079B072B7FF4DAAC82
:10D5000098F80530DA073FF5D5ACFF234146C6F859
:10D51000F0B0A6F8F44088F80A30B3E7FCF7ACF9AD
:10D5200000287FF4CDAC67B0BDE8F08F464B1A7889
:10D53000002AF8D19BF801303E78402B06F0020615
:10D540003D7A46F021066BD00AD8042B42D0062B38
:10D5500023D0022B56D067B0BDE8F04FFDF762BA7A
:10D5600003F0BF01812979D0802BF4D1092CF2D9A5
:10D57000364C374B2188A942EDD119786088884212
:10D58000E9D10BF10203284604F030F8637C012B4B
:10D590004DD80220FCF716FFDDE77B7B042BDAD1A8
:10D5A0002C4F97F85032022BD5D1112CD3D9802093
:10D5B0000BF1020104F044FFFCF7ECFF10B1012372
:10D5C000C7F86C320123C7F85C62C7F8945287F839
:10D5D0009032C0E70792FFF717FAFAF7A1FC1E4B4B
:10D5E000079A022C1A700AD901221A4BC3F8682232
:10D5F000C3F85C62C3F8845283F88222ABE7FBF77E
:10D6000025F9A8E77B7B042BA5D1124BC3F87C221C
:10D610000122C3F85C62C3F8645283F878229AE767
:10D620000B4B324628461978FAF7F6FF93E7032B9F
:10D6300004D0022B8FD1237C002B8CD00420A9E7AF
:10D64000A08D0020C04A00208C870020F8460020D2
:10D6500028350020048E0020F88D0020A4F1140845
:10D66000944B5FFA88F8B8F1800FCDE91822CDE924
:10D670001A22CDE91C22CDE91E22B3F8009000F257
:10D68000A0800BEB040313F809CCDBF80200DBF8F5
:10D6900006105FFA89F918AB03C300922946624667
:10D6A0004846FAF79BFD002800F08B804846294643
:10D6B000FCF7BCFD804A1046FCF725F830B95378DA
:10D6C0004B4503D11378AB4200F08B807B48FCF7CD
:10D6D0001AF840B992F88D304B4504D192F88C304D
:10D6E000AB4200F081807448FCF70DF8002874D13B
:10D6F0007248FCF708F8002863D00121DFF8BCA1CC
:10D700008C204143501855546D4A80F8019012689E
:10D7100002F51C521032C0F8882000228AF802203C
:10D720009AF8022022B19AF884202244942A48DCF4
:10D730009BF801208DF80291A4F113090BF10A0363
:10D740005FFA89F919468DF8002141A84A460793E6
:10D750008DF801518DF803910FF0C9F8594818A9B7
:10D76000FAF7D8FAA4F10F011CAAC9B240A8FAF737
:10D770001FFEA4F10801082259441CA80FF0EFF87D
:10D780000890F0B9504818A9FAF7C4FA4946079822
:10D79000FAF7EEFD9BF80A2012F010095CD0930610
:10D7A00025D402F00F028AF8032001228AF884802F
:10D7B0008AF802200BF10B0142460AF104000FF037
:10D7C00096F89BF80130C12B7FF4ADAE394B324651
:10D7D00028461978FAF720FFA5E60021DFF8D8A03F
:10D7E0008EE7DFF8D4A09BE7DFF8D0A098E79AF89F
:10D7F00002100129E5D19AF8031002F00F029142BC
:10D80000DFD102229AF884908AF802200AF10401FA
:10D810004A4620A80FF06BF820AB03EB0900A4F1F7
:10D8200014020BF10B010FF062F80322089BC144B4
:10D83000CAF888308AF802205FFA89F8B8F1000F38
:10D84000BFD0042340A87B7320AB40938DF80481A4
:10D850004297FFF7AFFAB4E7A4F114020BF10B0102
:10D8600020A80FF044F8032202218AF8022048463B
:10D870000122CAF8889005F09CFADFE76C2E9BF82D
:10D88000011001D101290ED03046FBF73FF90028E5
:10D890007FF449AE0D4B1B7813B11F2E3FF643AEFC
:10D8A0009E2C3FF640AE284667B0BDE8F04FFEF72D
:10D8B000B1B900BF28350020E04500206C460020AB
:10D8C000800A0020D7920020E79200208C87002059
:10D8D00090F88E23094B0A2AC3F8F4040BD193F86D
:10D8E000F83440F20920013BDBB2FE2B38BF4FF485
:10D8F0000270FEF7C3BC40F20920FAE7048E002054
:10D900000F4B93F8F824C3F8F404FF2A06D103223E
:10D910004FF4027083F8F824FEF7B0BC52B190F8CF
:10D920008E330A2B06D000290CBF4FF402704FF43F
:10D930000370F1E7C1F50370013080B2ECE700BF7E
:10D94000048E002070B50D46D9B14B1F5942594184
:10D95000FFF7D6FF0022104C0221104605F029FAED
:10D96000E66886B130460022216904F1140383E899
:10D970000300C4E903222946BDE870401846F6F7C3
:10D9800087BA0121E4E7294604F1D802201DF6F701
:10D990007FFAC4E9016670BDC04A00201C4A38B550
:10D9A000156803464A19C26001200C465872E1B15D
:10D9B000184A92F8191351B102F544718B4206D0FE
:10D9C000D2F81C13491B002901DDA1420CDD92F89D
:10D9D000D11371B110498B420BD0D2F8D4335B1BF9
:10D9E000002B06DDA34204DC38BDBDE8384003F05F
:10D9F00025B90A48EBF75AFD18B10021012003F0C0
:10DA00001DF92146BDE83840044803F07FBF00BF40
:10DA1000800A0020048E0020CC9100206860002045
:10DA20000148EAF747BF00BFA86000202DE9F04E8B
:10DA30002F2B8A46814611461F469DF820C009D8E3
:10DA4000364E96F810434CB196F8C8332BB10223EA
:10DA500086F8643C0020BDE8F08E0124B8234FF026
:10DA6000010B14FB03FE63432D4A2E4D02EB0E0007
:10DA70002860F518A5F85293A5F812934FEA1C19DF
:10DA800085F817930CF00F0985F816930CF002092E
:10DA90004FEACC0C1344A5F810B3A5F854A3A5F88D
:10DAA00014A30CF0080C49EA0C0C93F846900EF104
:10DAB000850E29F00A094CEA090C83F846C00823B0
:10DAC000724486F8644CC5F8482385F8943347B10E
:10DAD0003A468D300EF00BFF95F894333B4485F8B1
:10DAE0009433B823FA2203FB0464D4F8483308378C
:10DAF0009A70099A84F8187304F5507392E8030039
:10DB000083E80300084B1B68C4F82033FFF788FF45
:10DB100096F8640C0130C0B29DE700BF048E00206F
:10DB200014910020608D0020800A00202DE9F84328
:10DB3000AE4C94F8653CBBB194F8672C013B84F87B
:10DB4000662C94F8682C84F8653C84F86B2CB4F847
:10DB5000692CA4F8672C0025B827A54E012D84F860
:10DB6000645C04D9BDE8F88384F8663CF3E707FBFE
:10DB7000054315FB07F293F8103306EB0208013B4F
:10DB8000C4F85881062B37D8DFE813F007002F00C0
:10DB9000360046008F00E5000201002307FB054523
:10DBA00085F8103395F81733012B25D8D5F848336D
:10DBB000D97811F00F0110D09D784FF0C8093223A9
:10DBC0000139C9B219FB013901F0E9FA6B1CB0FB4C
:10DBD000F3F202FB130109EB41014046FFF7DEFEC1
:10DBE0000222D4F858311A7006E094F8663C012BF2
:10DBF00007D0062B00F0A78094F8645C0135EDB2E5
:10DC0000ACE7FAF723F90028F6D0B823042203FB87
:10DC1000054383F8102342E094F8663C002BEBD1D7
:10DC2000B82101FB054191F8160310F0400C39D1E1
:10DC300091F81733853243F020033244C1F848236A
:10DC400088F88530402310F0080F88F888300CBF22
:10DC50004FF47A614FF4FA6105200123C8F889C0B6
:10DC6000B82202FB054282F81003624A4046137054
:10DC7000FFF794FED4F858015F4A43888179A0F8F1
:10DC80004230838801F0F701A0F844303830F7F7CC
:10DC9000B7FD0028B0D10722D4F858311A70FFF729
:10DCA000BFFEA9E70620C821DAE794F8663C013BED
:10DCB000052BA1D801A151F823F000BFD5DC010844
:10DCC000F9DB010831DD0108F3DC0108F9DB0108AB
:10DCD00047DD0108FAF7BAF800288DD0002384F850
:10DCE0006C3CB82340F2071203FB0543A3F8102352
:10DCF000D5E72244DFF80CE102F5497CBEE80F00CD
:10DD0000ACE80F009EE80700B8238CE8070003FB8F
:10DD1000054393F8162312F0090F01D1072278E783
:10DD2000364A127883F82E23012384F86C3C63E78B
:10DD3000B82303FB054394F86B1CB3F814239142FA
:10DD40007FF45AAFEAE7B82303FB054394F86B2C42
:10DD500083F81123E2E794F8663C042B0AD8022BDF
:10DD600012D8012B7FF448AFFAF770F800283FF47F
:10DD700043AF02E0062B7FF43FAFB82303FB05431C
:10DD800094F86B2C83F81123B82303FB0543C5E7F4
:10DD900002F13003F018F35803B394F8663C1432E0
:10DDA000042B1EBFB82303FB054393F81133324401
:10DDB00018BF84F86B3C124B1968B82303FB05436A
:10DDC000D3F82053491BC3F8241394F86B1CF6F7BF
:10DDD0005FF80022D4F85831C3E90C22D4F8580176
:10DDE000FAF7DEFD0022D4F85831FCE6048E00205C
:10DDF00014910020994C002005890108C26200207E
:10DE0000800A0020F89000201E4B1A681E4B93F8E1
:10DE1000781C93F8840C59B1D3F8741C891A002922
:10DE200014DC4FF47F41A3F8701C002183F8781CA8
:10DE300030B3D3F8801C8A1A002A15DC4FF47F42D5
:10DE4000A3F87C2C002283F8842C704788B1D3F887
:10DE5000800C821A002A09DC4FF47F42A3F87C2C44
:10DE6000002283F8842C04E06FF000419142A8BFA7
:10DE700011466FF00043994202D0044803F046BDBA
:10DE8000704700BF800A0020048E00202860002018
:10DE9000BAE7021E08BFEF2270B5154B1C68154B80
:10DEA00093F8701CD3F8740C91421CD093F87C6CDE
:10DEB00093F8785C9642D3F8801C16D093F8846C63
:10DEC0006EB1012D0DD1001B091B8842B4BF00208B
:10DED00001200C2101FB003383F8702C70BD012060
:10DEE000F7E70020F5E70020F8E70120F6E700BF9C
:10DEF000800A0020048E0020F8B5234B06461B88BC
:10DF0000834240D00025214C214FD4F820233B6888
:10DF100001219B1A04F5507004F54972C4F82433AA
:10DF2000F5F7B6FF04F54470C4E9D05584F81053F2
:10DF3000FAF736FDD4F8D8233B6801219B1A04F583
:10DF40007E7004F57772C4F8DC33F5F7A1FF04F5B1
:10DF50007270C4E9FE5584F8C853FAF721FDFE2E0D
:10DF600011D13046FFF795FF0C223B6802FB0044BD
:10DF700003F5BB531033C4F8743C012384F8783C98
:10DF8000BDE8F84040E7F8BD28350020048E0020A9
:10DF9000800A00202DE9F04FDFF884B185B0CDE98B
:10DFA00001329BF8003006460D46002B40F0AD8054
:10DFB000F4F731FF019B8246012B02D1002800F0CB
:10DFC000A48029463046F5F75BFB514B1B88834202
:10DFD00003D129463046F5F775FBC1B20846F9F77B
:10DFE0006BFEFF280446DFF83C910DD149480278CA
:10DFF000012A28D899F800400132003C18BF0124BA
:10E000000270454A82F8884C002022B209EBC20710
:10E0100049F832004FEAC208786009F83410E70086
:10E02000BAF1000F6AD05EBB6A7A120717D429468C
:10E030003046F5F70DF8824609EB070282F801A099
:10E0400005F10B0128E0354A127832B9324A92F8CC
:10E05000884CB4FA84F46409D4E70124D4E7A97A9B
:10E0600009EB070205EB1111097B304601F018019D
:10E07000917129460392F4F7EBFF039A8246DDE79C
:10E0800029463046F4F7E4FF09EB0702012E8246E9
:10E090005070D5D105F10C0108F10208C844524670
:10E0A00040460EF024FC29463046F4F7E6FF18B14E
:10E0B00051464046F9F7F2FD0198F5F751FC09EB9E
:10E0C00007014A7842EA00124A7086B995F905209C
:10E0D000002A02DA6A7AD30615D4029B1A7A02F071
:10E0E000010209EB0703D97962F30001D971012319
:10E0F0008BF80030204605B0BDE8F08FFE2109EB1B
:10E1000007029170D8E70122EBE7FF24F2E700BF96
:10E1100028350020434C0020048E0020A18D0020D3
:10E12000788D0020334C00204FF0FF30064A07491D
:10E13000536D126D086513405B0704D5044B1B68D3
:10E140000BB1002018477047000004500020045015
:10E15000301A002003460846C1B10A3351F8233073
:10E160009BB1986838B1197891420CD950F82200C7
:10E17000003818BF012001215B6801FA02F21A423F
:10E1800018BF084670470020F5E71846704728B1C9
:10E1900091423EBF002309B240F8213070470A3156
:10E1A00050F8213033B1187890428CBF0020012004
:10E1B00080007047012070470338C3B2012B08D894
:10E1C0001C22044B1860044B02FB00335A680132D6
:10E1D0005A607047708B002054870020054B1B68E5
:10E1E000012B05D81C2253430349CA580132CA5097
:10E1F000704700BF708B002054870020094B5B687C
:10E200001B78022B03D1032828BF03207047032B60
:10E2100007D1032804D0042814BFFF200120704731
:10E2200000207047409F0020092805D00B2809D006
:10E23000212809D9102070470022054B03EB8203E7
:10E24000585C70470122F8E7014B0344187A704785
:10E25000380D030802291CD003D8012908D0002357
:10E260000DE003390129FAD8D31CDB00642203E056
:10E27000D31C502253436022B3FBF2F39BB2064AF5
:10E280000133D26902EB8002916911FA83F3936141
:10E290007047931C0522EFE770420020A1B103886C
:10E2A00003F44F41B1F5824F07D1DBB2413B012B63
:10E2B00003D8136823B9802313606FF0850070477B
:10E2C0000733DB08102BF8D06FF086007047038807
:10E2D00010B503F4E042B2F5005F21F47E1213D1D1
:10E2E000C3F30224042C0FD181F0AA6484F4807457
:10E2F00034F47E1414D081F0AA6484F4007434F4ED
:10E300007E140DD000210DE042F20404A342F9D1A5
:10E31000134B9A420CBF6FF086006FF0850010BD62
:10E32000C1F305410E4CA24214D1B3F5105F14D1D4
:10E33000438823F04002802A02D0B3F5807F0CD1BD
:10E340000B1F0C2B09D811F0010F0CBF00206FF030
:10E350008600E4E76FF08500E1E76FF08600DEE716
:10E3600000014005074A92F83C3053B100230649AA
:10E3700082F83C300B68013B0B6013B9536C5B684F
:10E3800018477047301A0020980C0020094B93F86A
:10E390007320910708D593F97220002AB4BF022296
:10E3A000012283F87520704712F0080F14BF042271
:10E3B0000322F6E7301A002070B5194C194DB4F855
:10E3C0009C30012B19D8B4F89C30012B14D1154D79
:10E3D00094F89F6028680FF0A9F986420CDA94F847
:10E3E0009F2000231049286801320FF093F9B4F8F8
:10E3F0009C30013BA4F89C3070BD28680FF096F962
:10E4000094F89E209042DED30023074928680FF03D
:10E4100081F9B4F89C30013BA4F89C30CFE700BFF1
:10E42000301A0020949F00203CA0002010B5044624
:10E4300060B1074B07481B6898472046E9F7A4FCE2
:10E44000BDE81040044B03481B68184710BD00BFCF
:10E45000149F002014490020089F00200023F7B5D6
:10E460000779136004460E46436927B1FF2F1AD17E
:10E470006FF0860514E0002BFAD1A36823F47F43E4
:10E4800023F00303002BF3D14FF6F87362889A420E
:10E490002ED8194B19481B68984750B16FF08F055B
:10E4A000284603B0F0BD6FF04042013B9342DFD2FB
:10E4B000E3E707B901A83146E9F71FFE104B05460F
:10E4C0001B680E48984710B1002DE9D1E6E7002DF2
:10E4D000E6D10FCCD6F800C066460FC694E803001C
:10E4E00086E80300002FDBD1019BCCF81430D7E77E
:10E4F0006FF08505D4E700BF149F00201449002069
:10E50000089F00202DE9F04F774B8BB007461B6822
:10E51000764806919847044628B16FF08F0420464C
:10E520000BB0BDE8F08F3B79002B00F0C580D7E938
:10E530000885B8F1000F00F0CE80002D00F0CB80F0
:10E54000B5F5005F80F0CA8005F124094946012035
:10E55000F0F7F8FE0646002800F0C380644A8460A5
:10E56000D2F82A3041460360D2F82E30243040F8E9
:10E57000203C7B682A4640F8183C3B880DF1200B74
:10E5800020F8143C7B8820F8123CBB6840F8103C13
:10E59000FB6840F80C3C3B6940F8045C40F8083CE0
:10E5A0000EF0A5F9D7F814A05A4650462146F1F7C7
:10E5B00077FB8C300ED049463046E9F793FB6FF07D
:10E5C0008A044C4B49481B6898470028A7D0002C68
:10E5D000A5D1A2E740F26C73994542D805F1340801
:10E5E000414601200894F0F7ADFE0546002838D0DA
:10E5F000424621460EF07EF8F1F722FB2B4601221F
:10E6000050462146CDE9014B0094F0F7CFFA10B106
:10E61000424600211DE0384B4A462B60002331461C
:10E620006B60C5E902A405F110000EF060F9089BCB
:10E630002A460593059943463048EFF7C5F9002867
:10E64000E6D107900598F0F791FA01304246079914
:10E650000ED128460EF04EF82846F0F77BFDF0F775
:10E6600077FA49463046E9F73DFB6FF09804A8E792
:10E67000284605910EF03EF82846F0F76BFDF0F7BE
:10E6800067FA5A4650460599F1F70AFB054648B124
:10E6900000215046F1F72BFB49463046E9F722FBB3
:10E6A0002C468EE7089B994502D06FF09805EFE75E
:10E6B00049463046E9F716FB7B69069A13603B7EB4
:10E6C000012B0FBF02230023069A6FF096040CBFA4
:10E6D0003B76136075E76FF0860472E76FF08D0488
:10E6E0006FE76FF08C046CE7149F00201449002042
:10E6F000380D0308089F0020105D175EA00C002055
:10E700002DE9F0438146884617461E469BB0002BF4
:10E7100000F0848010AD2822002128460DF0EAFF89
:10E72000284611F071F928B16FF0920420461BB011
:10E73000BDE8F083229B0F2B73D9D9F80030CDE9C7
:10E740000C00103B102BCDE90E0061D8364A22FA9E
:10E7500003F3DB075CD5354B1290CDE910301890F0
:10E7600009A94846F0F7D4F8044600284ED12846B7
:10E77000099911F050F93946284611F04CF96946CB
:10E780004846F0F79EF9044600283FD169462846DE
:10E79000F0F7D4F9484603A9F0F7AAF9044600288F
:10E7A00034D10124284603A9F0F7C8F947F00057EF
:10E7B000284606A9CDF8188007940897F0F7BEF907
:10E7C0001B4B284609A90CAF09970A940B9311F02B
:10E7D0002BF9284610F0BAFC0446B8B93A4613465D
:10E7E00003CBAB42306071601A4606F10806F6D1E1
:10E7F00000233B550134102CFBD1239B1C600024CB
:10E80000284611F001F9002890D08DE7212C02D183
:10E810006FF08604F4E76FF09204F1E76FF086047E
:10E8200084E76FF0890481E701010100000004041E
:10E8300010000020F0B5044615461F460E468BB06A
:10E8400019B96FF086000BB0F0BD0028F9D0202276
:10E85000002102A80DF04EFF2388CDE90665B3F52F
:10E86000105FEED16388C02B14D0B3F5807F13D036
:10E87000802B13D110208542CDE90200E1D3139BF8
:10E8800039460193129B02A80093DDE91023FFF79C
:10E8900037FFD8E71820EEE72020ECE76FF085007F
:10E8A000D1E72DE9F041054616461F460C46A6B0B5
:10E8B000002900F0B280002A00F0AF802022002161
:10E8C0000CA80DF017FF2146324628460CABF0F796
:10E8D00037FB044668BB2D8805F44F43B3F5824FE0
:10E8E0002BD1413DEDB2012D94BF0025012514AE81
:10E8F0000DF1300CBCE80F000FC69CE80F0086E855
:10E900000F00202300221993169B01A923F0807386
:10E9100023F4804343F4005307EB050814A8CDE922
:10E92000172816930192EFF765FF014638B16FF093
:10E930009204204626B0BDE8F0810125D7E7019E6C
:10E940002E44202E01966BD828221CA80DF0D2FE52
:10E950001CA811F059F80028E9D1012314A91A467E
:10E960000CA8EFF77CFF48B101285ED16FF08B0453
:10E970001CA811F049F80028DBD0D8E70E9B13F44F
:10E98000C04F54D02B4B1E90CDE91C30249009A9C8
:10E990000CA8EFF7BDFF0028E6D109991CA811F0DB
:10E9A0003AF803A90CA8F0F78CF80028DCD103A9E9
:10E9B0001CA8F0F7C3F806A90CA8F0F799F80028EE
:10E9C000D2D106A91CA8F0F7B9F802A914A8EFF74C
:10E9D00011FF0028C8D1029B202B28D8012243F028
:10E9E000005309A91CA8CDF824800A924FF003080F
:10E9F0000B9311F019F81CA810F0A8FB012812D1F4
:10EA0000B8F10108F7D1B1E70DB104233B702C9B9D
:10EA10001E60ADE76FF08504AAE76FF0860488E713
:10EA20006FF0890485E70028EED04828F2D06FF017
:10EA300092049DE7000001022DE9F0479EB00446D4
:10EA4000DDE92795DDE9297892460E4629B96FF070
:10EA5000860630461EB0BDE8F087002AF7D00DB913
:10EA6000002FF4D12388B3F5105F40F09280282264
:10EA7000002114A80DF03EFE202200210CA80DF06C
:10EA800039FE14A810F0C0FF00287BD13146524651
:10EA900020460CABF0F754FA06460028D9D10C9B5F
:10EAA00023F00802102A01D0202BD0D1A9455DD235
:10EAB00009F110039D4256D20F2FC8D949461022A2
:10EAC00028460DF0ECFEA9460023334A09A90CA8FC
:10EAD000CDE9142316931C93EFF71AFF0446002880
:10EAE00034D1099914A810F096FF102114A810F041
:10EAF00092FF69460CA8EFF7E4FF044630BB694675
:10EB000014A8F0F71BF803A90CA8EFF7F1FF0446CF
:10EB1000E0B903A914A8F0F711F8CDF818904FF058
:10EB200001091E4C06A914A8CDF81C900894F0F712
:10EB300005F809A914A80995CDF828900B9410F0B0
:10EB400073FF14A810F002FB0446F0B13A4600210E
:10EB500028460DF0CFFD0023012CC8F8003011D15C
:10EB60006FF08B0675E70F2FAED870E70F2F7FF68B
:10EB70006EAF002DA8D13A46294628460DF0BAFDC1
:10EB8000C8F800506FF0920663E71023C8F8003011
:10EB90005FE76FF085065CE70001000410000020CD
:10EBA0002DE9F04FAFB01E46DDE93B958046CDE93B
:10EBB00000123D9FE8B1038803F4E042B2F5005F24
:10EBC0001AD1C3F30222042A16D186F0AA6383F471
:10EBD000807333F47E1306D086F0AA6383F4007347
:10EBE00033F47E1311D1C6F30544AC4201D8102C86
:10EBF0000CD96FF0860A60E042F20402934204D11D
:10EC000086F0052383F48013EAE700242D1B09EB2B
:10EC1000050B2246594618A80DF069FE009B002BF3
:10EC2000E7D031464046FFF752FB8246002844D1E8
:10EC30000146282224A80DF05DFD202251461CA883
:10EC40000DF058FD24A810F0DFFE002839D1DDE9D1
:10EC5000001240461CABF0F773F9824668BB3E9A3F
:10EC6000954200F2A580B94507D2BB4505D9494672
:10EC70002A4638460DF013FEB946504A26F47E1651
:10EC8000964240F0988014F03D0FB2D014F001028B
:10EC9000AFD14B4978198842ABD84A491CA8CDE975
:10ECA000241215A926922C92EFF732FE60B121288A
:10ECB0009FD02C2805D16FF0940A50462FB0BDE8A4
:10ECC000F08F6FF0920AF8E7159924A810F0A3FED0
:10ECD00044F4502124A810F09EFE3A9924A810F084
:10ECE0009AFE294624A810F096FE03A91CA8EFF767
:10ECF000E8FE0028DBD103A924A8EFF71FFF06A92F
:10ED00001CA8EFF7F5FE064620B121283FF471AFAD
:10ED10002C28CFE74FF0010806A924A8EFF70EFF33
:10ED20003A9B399ACDF8249045F00059CDF82880C7
:10ED3000CDF82C900C9243F00052CDF834800E9216
:10ED4000389A0FA90F92204A24A8CDF8408011923A
:10ED5000EFF7F4FE0CA924A8EFF7F0FE09A924A808
:10ED6000EFF7ECFE12A924A8129744F00054CDF856
:10ED70004C80CDF8509010F057FE18AA15A924A881
:10ED80001592CDF858801794EFF7D8FE24A810F00C
:10ED9000DDF9044610B93F9A15608EE72A463146E0
:10EDA00038460DF0A7FC212C3FF423AF2C2C81E733
:10EDB0006FF0890A81E76FF0880A7EE7000140055D
:10EDC00000000120000006040D0000202DE9F04F96
:10EDD000ABB01D46DDE93784DDE93973A3428146D6
:10EDE000CDE9001205D86FF0890A50462BB0BDE876
:10EDF000F08F009B07EB040B23B118B1B8F1000FA3
:10EE000003D1C4B36FF0860AEFE7A4B3002FF9D0A3
:10EE1000B9F8003003F4E042B2F5005F2FD1C3F33C
:10EE20000222042A2BD185F0AA6383F4807333F481
:10EE30007E1306D085F0AA6383F4007333F47E1347
:10EE400026D1C5F3054629464846FFF740FA8246D3
:10EE50000028CAD10146282220A80DF04BFC202210
:10EE6000514618A80DF046FC20A810F0CDFD88B141
:10EE70006FF0920AB9E7BBF1000FC9D1C2E742F2C5
:10EE80000402934204D185F0052383F48013D5E76F
:10EE90000026D8E74846DDE9001218ABF0F750F835
:10EEA00082460028A1D13A9B1A1BB2429BD3474508
:10EEB000DFF8649125F47E1535D908EB04029742FA
:10EEC00024D22246414638460DF0E9FC4D4540F03B
:10EED0009980B846002C2FD1022E1ED0102E1CD89F
:10EEE00016F0010219D149493819884215D8484904
:10EEF00018A8CDE9201215A922922892EFF708FD53
:10EF0000F0B1212809D06FF0920A08E04D4579D17F
:10EF1000002CE1D0B8F1000F0ED16FF0860A00226C
:10EF20003B9B1A6061E74D456CD1002CD4D0B8F101
:10EF3000000FF2D0002FF0D0B4F5803FCCD3ECE737
:10EF4000159920A810F067FD46F4502120A810F074
:10EF500062FD369920A810F05EFD214620A810F031
:10EF60005AFD03A918A8EFF7ACFD0028C9D103A9E1
:10EF700020A8EFF7E3FD06A918A8EFF7B9FD0028D0
:10EF8000BFD1012506A920A8EFF7D8FD369B359AF9
:10EF9000CDF8248044F000580A95CDF82C800C92CE
:10EFA00043F000520D950E92349A0FA90F92194A10
:10EFB00020A810951192EFF7C1FD0CA920A8EFF73A
:10EFC000BDFD09A920A8EFF7B9FD46F0005212A92E
:10EFD00020A812971395CDF85080CDF854B016950F
:10EFE000179210F021FD15A920A810F01DFD20A8F2
:10EFF00010F0ACF8212890D0002884D13B9B3444F9
:10F000001C60F2E66FF0880A89E700BF000001206B
:10F01000000005040D00002000014005F8B504467D
:10F020004518073549420D40A5F108063046F0F76E
:10F03000AFF9A188301B628801EBE00189B2A2EB35
:10F04000E00225F8041C25F8062CA288C310A2B102
:10F05000A4EBC2025788D180D9195180E2889AB1B5
:10F06000D31A9BB204EBC20425F8023CA380084AE1
:10F070009368034493603046F8BD15F8082C42F0BD
:10F08000020205F8082CE9E725F8022CEFE700BF9B
:10F09000A40D0020034BD3F8A00010B100210FF005
:10F0A0009DBA7047301A002010B5FFF7F3FFBDE896
:10F0B0001040024BFE209B69184700BF70420020A1
:10F0C0002DE9F347074689461446002A3DD000F053
:10F0D0000308C8F10406964228BF16464FF0FF3ACF
:10F0E00032460DEB0800CDF800A00DF000FCB44254
:10F0F00092BF00253D1905F00305CDF804A0A4EB4F
:10F10000050A2A4609EB0A0101A8A7EB08080DF039
:10F11000EEFB04226946404610F03EFFA8B9AB1949
:10F120009C4208D88DB1042207EB0A000DEB0201C6
:10F1300010F032FF09E0A21B521B09EB060108F197
:10F14000040010F029FF0028ECD002B0BDE8F087E1
:10F150000020024BD860EAF7F5BD00BF0000085060
:10F160000A78497802F00F0303EB012302F0F00262
:10F17000134401460A2298B20EF03BBB03686BB100
:10F180008B4207D11B6803607047994202D10B681C
:10F19000136070471A461B68002BF6D17047044B6A
:10F1A000187880F0AA001130C0B21870704700BF04
:10F1B00064530020BFF34F8F0549064BCA6802F421
:10F1C000E0621343CB60BFF34F8F00BFFDE700BF8A
:10F1D00000ED00E00400FA0537B5124CD4F8A05059
:10F1E000ADB903232A4600932946012004F1A40364
:10F1F00010F079FCC4F8A00020B907220A4B5A622B
:10F20000FFF7D8FF2B462A4629460FF069FD00215B
:10F21000D4F8A0000FF072FE013818BF012003B02F
:10F2200030BD00BF301A0020000008500048704771
:10F2300002180A000A207047182070470220704701
:10F2400040F6B7320B4B5B689BB293420DD84FF43C
:10F250007A72B3FBF2F3084A134493F8320005289C
:10F2600005D0031F5842584170470020F9E702209B
:10F27000704700BF0080E00F380D0308034B0330D8
:10F2800053F8203000200B60704700BF000008508A
:10F2900007B5002001A9FFF7F1FF9DF80500003830
:10F2A00018BF012003B05DF804FB07B5002001A9D9
:10F2B000FFF7E4FF9DF80500022805D0031F584220
:10F2C000584103B05DF804FB0120FAE707B50B4B8A
:10F2D0005B681B78023B012B0DD8002001A9FFF7CA
:10F2E000CDFF9DF80500033801288CBF00200120C8
:10F2F00003B05DF804FB0020FAE700BF409F002048
:10F300002DE9F0433D4F06463B7897B01BB90020EE
:10F3100017B0BDE8F0833A4B18780028F7D10DF10B
:10F320001E01FAF7E9F8BDF81E80B8F1000FEED122
:10F33000344B1D78012DEAD141462E220AA80DF04A
:10F34000D9F9FFF7C3FFDFF8C090044600283CD08E
:10F3500004210BA8FAF782FD3B780546042BCDF873
:10F3600028800AD1FFF7A1FF00280BBF27232823FD
:10F37000102218228DF82D308CB308ABB9F800801C
:10F3800000274FF07F0904934FF4805340F6FF723B
:10F390004146CDE9005304200BABCDE90279CDE91C
:10F3A0000877F5F7C5FF4FF440530446CDE9005305
:10F3B00040F6FF7241460420CDE9039602970BAB5D
:10F3C000F5F7B6FF2040C0B2A2E729460BA8FAF72E
:10F3D00045FD3B780546042B0A94C3D01122CDE9A4
:10F3E00000262B1DFF2199F80000DBB20AAAFEF7C8
:10F3F0001DFB003818BF01208AE700BF35870020B9
:10F40000A28D0020988D00202835002038B54FF4BB
:10F41000FA731D4D1D49044628464B61EEF7DEF890
:10F4200080BB022C16D0032C1DD0012C09D04FF626
:10F43000FF72174BC3E93F25C3F8F80003F1F4004E
:10F4400038BD4FF482211348134B8563C0E90C1378
:10F450002C30F5E74FF4A0220E48104B8564C0E92C
:10F4600010233C30ECE74FF480320D4B0D489A6688
:10F4700041F6713203F51C33DA63012203F50053C0
:10F48000DA60DDE70020DBE7A00C0020E89E00202A
:10F49000301A00203CA00020FFFF0400FF9F050061
:10F4A0000090005058A00020F8B50D4614461E46A6
:10F4B00000284FD0416887682944B9424AD8002BB8
:10F4C00048D00778022F03D9032F08D00120F8BDB8
:10F4D000C068EDF73FFD003818BF0120F7E7013D98
:10F4E000042D1AD81C4B03EB4503D98EB1F5505FA0
:10F4F00015D101F100615A22204601F5F6210DF0E7
:10F50000F6F9164D164A5A34134603CBAB42206027
:10F5100061601A4604F10804F6D10020D7E701F42F
:10F520007043B3F5805F08D1C1F30B01F2B241F033
:10F530007E6120460DF0DBF9EFE701F46043B3F59F
:10F54000005FEAD1C1F30B0141F00061F2B241F476
:10F55000FC21EEE70420BAE7380D030870E4070841
:10F5600060E4070810B50D4C237A33B90C4810231A
:10F57000224603210068FFF797FF237A63F03F03D9
:10F580002372E37A23F00103E372237B63F03F03EA
:10F590002373E37B23F00103E37310BD378700205F
:10F5A0002435002010B500248CB0CDE90744CDE906
:10F5B0000944ADF82C40FFF7D5FF164B16489B6861
:10F5C000CDF82A30154B1A7807ABAAB142F2046283
:10F5D00004937F23ADF82820CDE902434FF48052F5
:10F5E0000623CDE9003240F6FF7201880AAB042001
:10F5F000F5F79EFE0CB010BD0193102342F201629C
:10F600000093ADF828200A23FF2109AA0088FEF7FD
:10F610000DFAEFE737870020283500208C8700207F
:10F62000F8B50C4615461E46002846D04168876846
:10F630002144B94241D80778022F03D9032F08D0BB
:10F640000120F8BDC068EEF7BFF9003818BF0120EF
:10F65000F7E7013C042C2ED8194B03EB4403D88E5A
:10F66000B0F5505F0FD100F100605A22294600F535
:10F67000F620FFF725FD1022124805F15A01FFF789
:10F680001FFD0020DDE700F47043B3F5805F06D175
:10F69000C0F30B0040F07E602946F2B2EFE700F4C1
:10F6A0006043B3F5005F06D1C0F30B0040F000608B
:10F6B00040F4FC20F0E70020EEE70420C1E700BFA3
:10F6C000380D030860E40708134607B588B142689F
:10F6D0001144826891420CD80278022A0BD8C06883
:10F6E00001AAEDF7C1FC003818BF012003B05DF896
:10F6F00004FB0420FAE70120F8E770B50446124D38
:10F7000040B128680DF05CFE052803D10F4B0620A0
:10F710001B699847EFF31186302383F31188012288
:10F72000214628680DF04EFE0022094B28681A7009
:10F73000012211460DF0FCFFFFF7ACFC86F31188A7
:10F74000BFF36F8F70BD00BF949F002070420020F8
:10F750006C42002070B5027843788618B1700021A1
:10F76000D41A013202F0070202700A4604F00704BC
:10F77000072C04BF013303F0070304F1010508BFA0
:10F780004370CC1804F00704044494F9024001319A
:10F790008D422244F5D892FBF5F040B270BD064B85
:10F7A0005B681B78022B04D0032B0CBF02200320C4
:10F7B00070470420704700BF409F002070B50024B0
:10F7C0002646114B11491A680968114D1960891AAA
:10F7D000104AFFF7E4FFA04200D870BD13881BB1A8
:10F7E0008B4205D95B1A1380013402320135F0E7F0
:10F7F0002B78012B05D102232B70074B5B68DB882C
:10F80000F1E72E701680EFE760530020800A002099
:10F810005253002056530020409F002038B5234B00
:10F82000234A5B681B78032B03D0022B1CD10329CE
:10F830001AD113881F4A00EB8000B2F90A40C3EBCB
:10F8400040031BB29C42A8BF1C466FF03B039C4286
:10F85000B8BF1C46184D28680CF000FB21462868EC
:10F86000BDE838400DF025B97F2804D1134B1B8823
:10F870001E3B1BB205E008B17E280ED10F4BB3F939
:10F8800000301288C2F10E0213440D4A1BB2B2F9C5
:10F8900000409C42A8BF1C46DCE7C0EB4033C0EBF5
:10F8A0008300084B1B8803EB4003E2E7409F0020E6
:10F8B0004C53002070420020949F002050530020A1
:10F8C000B89F00204E530020094B5B681B78022B29
:10F8D00007D103280BD1074B1B79022B08BF04204B
:10F8E0007047032B03D100280CBF0320042070476E
:10F8F000409F00207042002010B5FEF795FC0F28B5
:10F90000084C09D80C22084B02FB0033403393E823
:10F91000070084E8070010BD00232070C4E901330C
:10F92000F9E700BF409F0020380D0308064B042272
:10F9300093F9051005487F2902BF054B5B6893F9D1
:10F9400002100CF0D7BE00BF7042002028A2002099
:10F95000409F002008B5074B18680DF031FD10F0EE
:10F96000010305D010F0060F14BF0120002008BDD0
:10F970001846FCE7949F0020024B9B690BB1C8B26C
:10F98000184770477042002008B50120FFF7B5FE08
:10F99000024B1868BDE808400DF027BD949F002079
:10F9A000034B586818B18088003818BF0120704791
:10F9B000409F00202DE9F8430646FFF7F0FE0F4672
:10F9C0000024DFF83C80DFF83C90C5B2E3B29D42F2
:10F9D00001D8BDE8F8830022D8F80000A1B20DF0EC
:10F9E00018FD5CB999F800300A3B012B06D8314666
:10F9F000D8F800000DF058FE0134E7E73946F7E784
:10FA0000949F0020409F0020012108B5FEF70CFCC8
:10FA1000103818BF012008BD2DE9F04F8FB0CDE997
:10FA20000823DDE91A78189B8B460A93199BDDF8A9
:10FA300070900B930546FAF715F90022C9F80020DB
:10FA40008246E8F743FA044600286FD153464FF444
:10FA5000007228460DA9E8F789FD0446002865D103
:10FA6000344A2AF47E1191420D9D25D1D5E9081220
:10FA70006E68360A012E2AD02F48864227D0002EE3
:10FA800041D10B9B284604930A9BCDE90689039339
:10FA9000099B05970293089BCDE900B35346FFF7F6
:10FAA0007FF810F1860F044622D14246314638468F
:10FAB0000CF020FE0D9800E02846E8F739FD6FF0C5
:10FAC00085042046F9F7A4FFFAF760F815E00B9BD0
:10FAD000284604930A9BCDE906890393099B059761
:10FAE0000293089BCDE900B35346FFF759F804464B
:10FAF0000D9D9CB92846E8F71BFD20460FB0BDE8D8
:10FB0000F04FF9F785BF2146424638460CF0F2FD2A
:10FB10002846E8F70DFD6FF08604D2E74246002143
:10FB200038460CF0E7FD2846E8F702FD14F1950F82
:10FB3000E3D0C6E7000140050200800073B5002550
:10FB40000E4C9B00C4F80A5184F80D310C4BC4F8DC
:10FB50000651CDE90035A4F80401C4F808216B462C
:10FB6000084804F58272A4F80E51F5F79FFD18B904
:10FB70000122054B83F8312002B070BD301A0020FD
:10FB800015AF0108B89000205490002010B50A4C21
:10FB900022686AB1094B1978012903D1084909780B
:10FBA000490706D1074B002019889047002323609E
:10FBB00010BD00221A70FBE7649A0020DC98002038
:10FBC0008992002028350020034642F21071024A33
:10FBD0000248FAF74BBA00BF39AF0108D8990020A4
:10FBE000F7B5334C217E631893F85830012B5CD065
:10FBF0005520304B65881A78278C22802A44BA42D7
:10FC0000C8BF7A1B2C4BC8BF2280C7F3022262F008
:10FC10001F025A70C5F30222268842EA0112E169E6
:10FC20001870DA702944324624489F701D710CF018
:10FC30005EFE711D2048C9B22E44F9F73DFEB74261
:10FC40000CD101251D2084F87A50F9F73FFE84F885
:10FC5000235003B0BDE8F040FBF7A6B90023184AD3
:10FC6000184841F28831FAF701FA94F82220A37B70
:10FC70006089B2B1228814490732009143F0010330
:10FC80000D49D2B2F9F782FE012340F2DC5184F82B
:10FC9000233000230D4A0E4803B0BDE8F040FAF7C8
:10FCA000E5B922880B490732E7E703B0F0BD00BF92
:10FCB000348C0020049A0020E8930020ED9300206B
:10FCC000E1A101085C8C0020DBB1010839B001081A
:10FCD000408E002011990108F7B5074602201E4604
:10FCE0000C461546F4F740F90023F8B1154A80F8A0
:10FCF00021309178137063F30001A307A0F84270DC
:10FD0000917015D5FF23104AA0F84430137824F0E1
:10FD1000030423F00203137044602B46CDE9006016
:10FD200001210220094AF5F74FF8012003B0F0BD88
:10FD3000022124F0010444602B46CDE90060034A0F
:10FD40000846F0E79B8700209D4A0020E3490020F9
:10FD50009F22094B1B6883F86F24072283F87024C5
:10FD6000032283F8900383F8710483F89724034BEC
:10FD70001A70F9F72FBE00BFF8920020FC92002005
:10FD8000F8B5BDF81850BDF81CC03A2D089C2DD808
:10FD900041EA020EBEF1FF0FCFB2D6B222D9120A4B
:10FDA000A2700422090A21706770E67090F8CF10E3
:10FDB000A718A154B0F8CE10961D7970D0F8CC10C9
:10FDC000023D090AB970D0F8CC102A46F9704FEA02
:10FDD0001C21397187F805C0991CA0190CF087FD0A
:10FDE000A819F8BD022227706670DFE70020F8E747
:10FDF0000246F0B5014441F2210641F60F508A4215
:10FE000000D1F0BD0824802512F8017B43002F4269
:10FE10004FEAD03C98B214BF01230023634518BFBA
:10FE20007040013C4FEA5505F0D1E8E7034805234F
:10FE30000221034A0068FFF7F3BB00BF704C0020AB
:10FE40000C4C00201322104B01211A700022C3E930
:10FE50000212C3E905225A6083F828201A8683F823
:10FE6000322083F8382083F8402083F8482083F834
:10FE70005020A3F85A20DA6583F860201A74DA61FA
:10FE80001A8483F8222070475490002002460548C7
:10FE900008B5112101230068FFF706FBB0FA80F0D6
:10FEA000400908BD704C002038B50D4604460621B7
:10FEB00028460CF064FD4FF03033053444F8053C1F
:10FEC00004F8013C2B18AB4201D0052800D938BDFD
:10FED00013F8012D04F8012DF5E70A4A034652688C
:10FEE000107868B101280BD0022805D143B9064B20
:10FEF00018784000C0B27047032814BF03200220C6
:10FF0000704700BF409F00208C87002070B5224BB7
:10FF10000546187892B040B3204B1C78002C36D19F
:10FF20001F4B1B78022B34D11E4E21462A2207A8D4
:10FF30000CF0E0FB338807A8B3F5807F34BF0121C4
:10FF40000421F9F78BFF2323014620468DF81D304D
:10FF5000FFF7C3FF0228368809D00B463046FF2141
:10FF6000CDE9004507AAFDF761FD12B070BD7F2302
:10FF7000CDE902434FF4805340F6FF72CDE9001300
:10FF80000495314607AB0420F5F7D2F9EDE70020E0
:10FF9000EBE72046E9E700BF35870020A28D00206F
:10FFA000988D00202835002030B5174BCDB0044681
:10FFB000A822002122A81D680CF09CFB41230022EE
:10FFC00022A9A8688DF88830ADF88C40E8F790FC3D
:10FFD0000021882268460CF08DFBC22168468DF80E
:10FFE0000010E8F71BFC68B1BDF80430A34209D14A
:10FFF000064BDDF806201A60BDF80A209A809DF8AD
:020000040802F0
:100000000C209A714DB030BD240B0020280B00202D
:1000100010B5CCB00446A822002122A80CF06AFB3F
:1000200040238DF88830114B22A91B680022986864
:100030008DF88C40E8F75CFC0146A8B98822684638
:100040000CF058FBC12168468DF80010E8F7E6FB7C
:1000500050B19DF80440064822460DF105010CF010
:1000600046FC20464CB010BD0024FAE7240B0020CB
:100070002A0B002000B5CDB0A822002122A80CF048
:1000800039FB5C238DF888300B4B00221B6822A9BA
:100090009868E8F72DFC0021882268460CF02AFBBE
:1000A000D8216846E8F7BAFB10B1019A034B1A60F1
:1000B0004DB05DF804FB00BF240B0020280B00208E
:1000C000F7B50D461E460446F8B147688068D31957
:1000D00083421AD83E44B04217D3207802284FF00A
:1000E00000000AD8CDE900600A22E068EDF7CCFBF9
:1000F000294605EB8002914201D103B0F0BD0B68A7
:1001000065685B1B41F8043BF5E70020F5E7084B09
:10011000D86E084B1A68801ADA69904205D097BFEA
:100120005B68801A9B1AC01870470020704700BF98
:10013000000004507849002000232DE9F04385B0E9
:1001400001930B60438807460E46002B00F0948015
:10015000038803F4E043B3F5804F00F08D8002AADA
:1001600001A9FEF77BF9044600283DD1019D7B687B
:100170002A6AA2B12B467A68D5F82080120A53F871
:10018000249F3DD0012A6ED06FF08604286A10B1FA
:10019000696AE7F7A7FD0023C5E9083324E01B0AD5
:1001A00026D13888B7F8028000F4E043B3F5805FC9
:1001B00014D0B3F5005F11D020F0FF00B0F5E24F8E
:1001C00057D108F107084FEAD8010391284603994F
:1001D000E7F7C7FD04460028CCD005E04146E7F725
:1001E00091FD04460028ECD00198FEF71FF930E09D
:1001F000384603A9E7F7BCFE04460028E6D0F3E73B
:1002000039884A040BD43B8803F4E043B3F5805F9C
:1002100023D149464046E7F7EBFD044610E001F4E0
:10022000E041B1F5805FEED0B1F5005FEBD04A461A
:1002300041463846EFF77EFF10F1860F0446E2D0C4
:10024000002CA3D131462846FEF75CF9044600286D
:10025000CAD1204605B0BDE8F083B3F5005FD8D021
:100260006FF0850492E74A4641463846EFF762FF51
:10027000D3E76FF08504B7E76FF08604E9E7002362
:100280002DE9F04385B013600F46904603A91A4646
:10029000E8F76CF9044640B9039D2B885A0408D44A
:1002A0002846E8F745F96FF08604204605B0BDE81A
:1002B000F0836A68D5E90896120A0BD0012AEFD1BB
:1002C0003B46324649462846CDF80080FEF7E9FA1B
:1002D00004461DE003F4E043B3F5804F0CD12B88B6
:1002E000039C03F4E042B2F5804F18D02046E8F7B3
:1002F0001FF96FF08504D8E73B4632464946284649
:10030000CDF80080FEF7CDFA10F1860F0446E6D056
:100310000398E8F70DF9002C08BF0446C5E744F23E
:10032000010223F44051914207D003F44F43B3F547
:10033000824F02D0B3F5844FD8D1202E05D9204664
:10034000E8F7F6F86FF08904AFE7324649463846D9
:100350000CF0CDFA0021C6F12002B8190CF0CAF950
:100360002046C8F80060E8F7E3F804469DE72DE969
:10037000F04320260446B3B00F4690460021324693
:1003800010A899460CF0B6F93246002118A80CF0D6
:10039000B1F93246002120A80CF0ACF92822002146
:1003A00028A80CF0A7F92CB96FF08604204633B0CA
:1003B000BDE8F083002FF7D02288638802F4E04183
:1003C000B1F5804FF0D0D91DB8EBD10F4FEAD10570
:1003D000EAD3202D00F28F8047F241118A4240F08B
:1003E0008480FF2B40F08180464B20461893464B7B
:1003F0004246CDE92436394610ABCDE91C9621950D
:10040000EEF79EFD04460028D0D14FF4005328A8F3
:100410001A930FF0F9FA002870D12346224618A942
:1004200010A8EEF71CFA00285CD103A918A8EEF773
:10043000B9F9002856D1109A3249039B8A4203D059
:1004400018318A4218BF5B00202BADD800234FF033
:10045000606202A910A8CDE928232A933093EEF711
:1004600057FA00283ED1029928A821F4F0610291A0
:100470000FF0D1FA01A920A8EEF74AFA002831D1ED
:10048000019928A80FF0C7FA07A910A8EEF719FBE1
:1004900040BB07A928A8EEF751FB0AA910A8EEF760
:1004A00027FBF8B90AA928A8EEF748FB04A918A861
:1004B000EEF71EFBB0B904A928A8EEF73FFB0DA983
:1004C00020A8EEF715FB68B90DA928A80FF0ACFA23
:1004D000032628A80EF03AFE012802D1013EF8D1E9
:1004E00062E728B148287FF45FAF6FF085045DE7CD
:1004F0003A9B1D605AE76FF0890457E76FF092044A
:1005000054E700BF200000B0219A002000232DE90D
:10051000F04789460B60002800F094804A4F7B68C2
:10052000984280F08F80073020F00705EFF3118AA2
:10053000302383F311887E69AEB133787288DB078C
:100540004FEAC20204D5F3886BB106EBC306F4E7A9
:100550009542F8D816F0070303D045EA03018A4212
:10056000F1D3EB1806D18AF31188BFF36F8F1920EE
:10057000BDE8F08772883969C3EBC2020139272AC6
:1005800039614BD99D4205F1080842D00821304617
:10059000FEF744FD0446A0444046EEF7F9FE6288AB
:1005A00005F10F01A2EBD102A8F80220E288CB08E6
:1005B000A8F804307AB3D31A9BB204EBC202A8F8AD
:1005C00006309380B8F80430ED08E380324600230B
:1005D00041461D486580EEF7DFFEBB680833BB600F
:1005E000237843F0010323703B6901333B61628848
:1005F000BB6803EBC203FA68BB60934288BFFB6031
:100600008AF31188BFF36F8F08340020C9F80040C7
:10061000AEE73446BFE7A8F80620D3E79D420FD0E7
:1006200008213046FEF7FAFC04462378324643F0B0
:1006300001032370214601230348EEF7ADFED6E700
:100640003446F2E7212093E7A40D002030B4302592
:10065000012445430E4B00EB40008C4007295C51C0
:100660004FEA00134FF00F050A4808D889008A4066
:10067000043305FA01F1184430BCEDF781BAA1F159
:100680000804A4000C33A24005FA04F1F3E700BF0C
:1006900040D0035030C00350094B186F00F00700E2
:1006A000431E032B03D8DFE803F0060809040020EB
:1006B000704708207047022070470520704700BF30
:1006C00000800050044A054B013800D2704753F8AF
:1006D000041B42F8041BF7E7609D002080610008BE
:1006E0004FF000639B6A03F17842B2F5C04F03D22A
:1006F0001968064A914203D0002303708360704753
:10070000012202709A689B694260F7E707B0CD5EEC
:100710002DE9F04F9A468BB09DF85030DFF854B178
:100720000293DBF81030804653450D461646C0F064
:100730009B80D146DBF804300193B9F1000F00F043
:100740008F80D8F83C3001225B6907A9019898474F
:10075000079BDBF80010C3F3D312914240F087806F
:1007600013F07E0F1CD1D8F83C3002225B6908A937
:100770000198984708A8ECF737F908270446019B29
:10078000029A3B44002A3CD1A6420FD9361B14469C
:1007900040460199EBF726FDA9EB04090190CCE74F
:1007A00007A8ECF721F904270446E8E7A41B544501
:1007B00028BF5446032C03EB0607AAEB040A4FEAB2
:1007C00094021CD9D8F83C30294638465B699847D2
:1007D00024F0030304F003061F441D44002ED7D069
:1007E000D8F83C3001225B6908A938469847324660
:1007F000284608A935440CF07AF80026C8E72646B2
:10080000ECE7274604F00302039223442A190492DA
:100810000593049BDD1B059BD81B039B9F420FD1B7
:10082000002FB5D0D8F83C30012208A95B69984761
:100830003A46284608A90CF092F878B93D44A7E753
:10084000D8F83C30012208A95B6998470422284661
:1008500008A90CF084F808B9043FDAE74FF036092C
:1008600048460BB0BDE8F08F4FF06309F8E74FF052
:100870006F09F5E73C0C00200D4B5A68D20716D5DE
:100880009A68D00702D51B69D90709D50A22084BF7
:100890009A635A6D12F0500FFBD19A6C9207FCD1FB
:1008A0000122044B5A60024A53689B07FCD47047EC
:1008B00000000A5000200A5000B9DDE701220E4B6B
:1008C00000F00F015A60A3F580535A6DC2F30B027A
:1008D000002AFAD199635A6D12F0780FFBD100F01B
:1008E00001034207054948BF43F002038A6C02F046
:1008F00003029A42FAD1704700100A5000000A50D1
:100900002DE9F041047806462CB14FF0FF33C4F1D5
:10091000200423FA04F4254D0DF0CAFE0DF0CCFBA3
:100920002B6893F85C30022B1DD10DF0D3FB0EF039
:10093000B3F80DF0C1FB2B689F6D2B6893F85C300A
:10094000022B01BF2A68936DA34393652B68002592
:1009500083F85C500DF0BEFB3C4022D1B3681BB362
:10096000BDE8F041184701272B689A6D9A652B68FE
:1009700083F85C700DF0AEFB39464FF0FF300DF0A0
:1009800077FF0EF089F80028D3D10FF079F8D0E77F
:1009900024FA05F3DB0703D5736853F8253098472D
:1009A000013533789D42F3D3BDE8F081180600206D
:1009B00070B5164C06460D460DF07EFBA378072B4E
:1009C0001FD8AA21A82D2A4628BFA8220133A37028
:1009D000637801FB03400E49C670027105300BF0CD
:1009E00086FF63780133DBB2082B28BF00236370D6
:1009F0000DF070FBBDE87040064B042118680EF046
:100A000077BEBDE870400DF065BB00BF843A0020A2
:100A1000280B00202C35002038B5124C0A46A3784C
:100A2000072B1DD8AA210133A3706378A82A01FBE4
:100A30000345E870284628BFA8220B4905302A71D3
:100A40000BF055FF637804210133DBB2082B28BF7C
:100A500000236370054B1868BDE838400EF048BEAF
:100A600038BD00BF30350020280B00202C35002079
:100A700002280BD003280CBF02230323044981F86A
:100A80005230044B4C3118680CF01BBF0423F5E7BF
:100A90003CA00020949F0020034804230021034A27
:100AA0000068FEF7BDBD00BF704C0020E8050308DC
:100AB000002202490248E7F71BBF00BFE898002068
:100AC000CC5F00202DE9F04F8FB01D46DDE91A679D
:100AD000189B8A460993199B9346DDF870800A9308
:100AE0000B90F9F7BFF80022C8F800208146E7F71D
:100AF000EDF9044638BB4B464FF480720B980DA9B4
:100B0000E7F734FD0446F0B9274A29F47E119142F3
:100B10000D9814D1D0E908124468240A012C33D06E
:100B2000224B9C4230D0B4B16FF086043A4600218B
:100B300030460BF0DFFD0D98E7F7FAFC03E0E7F72E
:100B4000F7FC6FF085042046F8F762FF0FB0BDE8B0
:100B5000F04FF9F71BB80A9BCDE906780493099B7F
:100B6000CDE900ABCDE9025305964B46FEF72EF9D1
:100B700010F1860F0446D9D00D98002CD6D1E7F796
:100B8000D7FC0FB0BDE8F08F0A9BCDE9067804933F
:100B9000099BCDE900ABCDE9025305964B46FEF724
:100BA00015F90446E8E700BF000140050200800097
:100BB0000A21034B41431B68024A0348F9F756BA1E
:100BC000BC4A0020D1D80108F499002050B14368F4
:100BD00019448368994205D80378022B02D8C0686B
:100BE000ECF798BF704708B5E7F702F920B1052286
:100BF000024B5A62FEF7DEFA08BD00BF0000085043
:100C0000002313B504460193A8B104210DEB0100A4
:100C1000FFF7E9FF019BB3F1404F3CBF43F0404376
:100C20000193019B5A1CF0D01A0E22701A0C6270AC
:100C30001A0AA270E370019802B010BD10B4094CFA
:100C40002278012A0BD8084B03F81200501C03EB42
:100C50004203207059705DF8044BFCF7E1BE5DF86B
:100C6000044B7047699A00206B9A00202DE9F04FE1
:100C700089B004464569F2F707F8267E237800F12B
:100C800009095FFA89F9A6EB0906052B95F800809A
:100C9000F6B200F088800A2B00F085804FF0010B3F
:100CA000013EF6B20023A374A31C04221846714926
:100CB00001930BF054FE08B10123A3746E4B1B7813
:100CC000013B012B40F29580072E40F2928008F004
:100CD0001F08B8F1020F6FD10E2E40F28A806B7898
:100CE000580707D5654B22891B889A4202D0A07904
:100CF000FDF702F9EA7802F00F0303EB1213042B5D
:100D000077D105F108031A460327009312F8010D65
:100D100078B112F8013C002B6BD0114601235FFA29
:100D200087FC11F801ED864563D00133DBB26345E2
:100D3000F7D9013FEAD1DFF844A12289BAF800309F
:100D40009A423ED000224E4B1A704E4B227C1A70B3
:100D50002078F2F705FE4C4BB8F1020F187040F006
:100D60009F80A37C13F0010343D1687800F0030057
:100D700003283ED1BAF800602289B2423CD1434AEE
:100D80001178002935D0A1791370FFF757FF0121A1
:100D90002378A07905F10A02F7F752FF09B0BDE800
:100DA000F04FF8F7D3B9E269023ED3794FF0020B66
:100DB000013BD371F6B275E7B8F1010F8FD1112E57
:100DC0008BE7A37CD907BDD463691B7A1F2BB9D9E4
:100DD0002F4B1B685B6902930DF06EF9029BDA6B77
:100DE0009B6B039202930DF075F9DDE902329A4292
:100DF000A8D109B0BDE8F08FEA7812F00F01F8D061
:100E00002944C978B142F4D1207E09F10F01594437
:100E10008842EED10F32EA700F22AB70E3691D49B0
:100E20004B4481F85C21C1F8103101F25D1203F1ED
:100E30000C0053F8045B834242F8045BF9D1188834
:100E400010809B78144893700022144B1A70D4F8C9
:100E50000230C1F81631E388A1F81A312389A1F8CC
:100E60001C31E37A81F81F31402109B0BDE8F04F11
:100E7000F4F7C6BCC8450020988D00202835002016
:100E8000788D0020C2620020868B0020709A00209E
:100E900054420020301A0020401B0020994C0020B2
:100EA000BAF80010EB1CEA1D13F8010F8842A0D01D
:100EB0009A42F9D1A37994F80BC08B4299D0002BB8
:100EC00008BFEF23944A107A38B1EF2B107840F026
:100ED0009280FE288DD0EF288BD00C32002F00F0AE
:100EE000888027898F420FD08C4B1B7813F0300FEE
:100EF0000AD113F0010307D0B8F1010F00F08A8086
:100F0000A27CD20740F19A802789BAF80030BB4210
:100F10007CD1A37C03F0010158EA01017FF469AFA1
:100F200043F08003A374636908336361237E083B45
:100F3000A3EB0903A3EB0B032376A37A1B0749D585
:100F4000EE1C32462378E088F7F77AFEF8F7FEF8D1
:100F50000F222946724B83F85C2103F25D1005F1E4
:100F60000C0251F8047B914240F8047BF9D10A88C5
:100F700002808A78827093F81E2122206FF3C302C8
:100F800083F81E21052283F82321E17A83F81F11BB
:100F9000D4F80220C3F81621BAF80020A3F81A21C9
:100FA000E28883F85D01072083F8661183F85E010B
:100FB000A3F81C2183F86521D5F803205948C3F80C
:100FC00067210022337940210371574B57381A703B
:100FD000F4F716FC554BE28805A81A81228907937D
:100FE0005A8162690592227E8DF81820FBF7E2FE95
:100FF000FFE6012767E798427FF46FAF50786045BE
:101000006AE7BAF80030BB423FF4F3AEFF2F7FF43B
:10101000F0AE7EE7464A02931278002AF1D004220D
:10102000444900980BF09BFC029B38B1697A2A7AFC
:101030000A43A97A0A43E97A0A43E2D13E4A3F4881
:10104000117831B192F8B81011B102230370D0E6D3
:101050001946237E0170802B3FF6CBAEB8F1010F0D
:1010600008BF344B364F04BF1B68AB60B82311FB7D
:1010700003F002EB000C8530104403FB01222946EB
:10108000906382F884603246C7F800C00BF02FFCF2
:10109000A079FCF7FEFE0C221F4B02FB0030E37A26
:1010A0004370284B1B6803F561634360012303729F
:1010B000FCF7AAFEEA7802F0F003013B3F2B3FF673
:1010C00023AF12F00C0FBAF800007FF41DAF3B689D
:1010D000019903F13E0701F10C0C51F804EB614555
:1010E00047F804EBF9D10988083E39809F6B02F07C
:1010F0000F0139440F3A0871FA70A2795A80227AA6
:101100001E729A8001221A7040229A710022C3E94D
:101110000C22FCF785FCF7E6749A0020D1410020F0
:10112000301A0020971B0020994C00207C8D002055
:10113000958D0020C845002014910020689A002059
:10114000608D0020800A002008B50220FEF75EF9BD
:10115000054B186038B11822002104480BF0CAFA78
:101160000122034B1A7008BD6C4C0020544C002027
:10117000514C002008B5E7F77DF928B1F8F748FC95
:10118000BDE80840F8F702BD08BD0023F0B58DB0FA
:10119000CDE906330D461646234B4FF4807207A95E
:1011A000E7F7E4F90446079814B1E7F7C1F90DE051
:1011B0004368D0E908121B0A012B1FD01B4FBB420A
:1011C0001CD05BB1E7F7B4F96FF086042046F8F75E
:1011D0001FFC0DB0BDE8F040F8F7D8BC06AB049397
:1011E0001023CDE90045CDE9026308ABFDF724FCEF
:1011F00010F1860F04460DD10798D6E706AB04938D
:101200001023CDE9026300230195009308ABFDF79D
:1012100013FC04460798E7F78BF9002CD6D108B1E8
:101220000446D3E70DB0F0BD004440040200800046
:101230002DE9F04F1F4600238FB004938846914656
:10124000414B4FF4806205A9E7F790F9044668B96D
:10125000059E338803F4E042B2F5005F04D113F435
:10126000E06FC3F3022215D16FF086041023002033
:101270000493C0F11002212138440BF03BFA059889
:10128000E7F756F9002C59D02046F8F7C1FBF8F7DC
:101290007DFC55E001259540032D02D86FF08504B3
:1012A000E4E7142DFAD8102D45D87368D6E908ABB9
:1012B0001B0A012B24D0254A934214D0002BD3D1F2
:1012C00004ABCDE902535A46434651463046CDE978
:1012D0000097FDF7AFFA10F1860F0446DED0002C20
:1012E000C4D10498C5E704ABCDE902535A4643463E
:1012F00051463046CDE90097FDF79CFA0446EEE7EB
:10130000BAF1000FB0D00146202206A80BF0F2F986
:101310005A465146304606ABEDF712FE0446002809
:10132000A4D104ABCDE900534A463B46414606A84A
:10133000FDF7E6F9E2E76FF0890497E70028A4D10A
:101340000FB0BDE8F08F00BF0002C00302008000B4
:1013500037B50024054601A88DF80440FEF796FD38
:1013600000284AD0FF2D4AD12D4B21462D481C7014
:10137000E7F7A7FA2C48E7F77DF82C48E7F77AF863
:101380004FF00710E7F776F82948E7F773F8294890
:10139000E7F770F82848E7F76DF82848E7F76AF8A4
:1013A0002748E7F767F82748E7F764F82648E7F79C
:1013B00061F82648E7F75EF82548E7F75BF8254827
:1013C000E7F758F82448E7F755F82448E7F752F8C4
:1013D0002348E7F74FF82348E7F74CF82248E7F7A8
:1013E00049F89DF8043021481C4011210123006870
:1013F00001AA8DF80440FEF713F903B030BD9DF843
:101400000430002BF9D0E943CCB21940044B054815
:101410001970E7F756FA2846F8F705FBDFE700BF33
:10142000DC450020D04D002001000700040007002B
:101430000A0007000D000700100007000200070067
:1014400005000700080007000B0007000E0007005A
:10145000110007000300070006000700090007004D
:101460000C0007000F00070012000700704C00205E
:1014700030B5234C87B0237C0F2B3ED84EF6550257
:1014800000251B0141F288311E48ADF808208DF877
:101490000A301D4A0023F8F7E9FDA379009502A957
:1014A0000322208843F00103F8F770FA0122237C1D
:1014B00004F12C00234483F83D201023A4F8165196
:1014C0002374F8F77FFE0520F8F700FA0F4B94F825
:1014D000322114F84D1B83F89051A3F898110C4950
:1014E000A3F89C51098803F5C87303A85981039494
:1014F0008DF810200593FBF75DFC07B030BD00BFF1
:10150000248E00205C8C0020E1A10108301A00200C
:10151000283500204FF2550330B585B02048ADF88E
:101520000C3041F2883100231E4AF8F79FFD1E4817
:1015300090F822309BB1437E1C4A8DF80E3090F813
:1015400070300092B0F86A00032243F0010303A94F
:10155000F8F71CFA0620F8F7B9F905B030BD144ABF
:10156000117C10290BD0B2F8321192F81551B1FB51
:10157000F5F405FB1411E3B209B10133DBB2537486
:1015800000228DF80E3090F870300092B0F86A00AA
:10159000032243F0010303A9F8F7F8F90520DAE77D
:1015A0005C8C0020E1A10108348C0020DBB1010833
:1015B000248E002010B50C4CC822002120460BF0D0
:1015C00099F8A4F14D031422002118460BF092F86B
:1015D000102200210274A0F816111A2204F1CB0087
:1015E000BDE810400BF086B8718E0020F0B41E46A6
:1015F000214D12B32B460024DF78CFB19F78BFB1C5
:101600001F78874214D15F788F4211D11C235C432D
:10161000306871680122231D2B4403C342F210710C
:101620002B199A700C34154A2819F0BCF8F71EBD16
:1016300001340F2C03F11C03DED100240E4B9F78E4
:101640009FB91C235C432B19DA70285559703068F8
:101650007168221D2A4403C2012204F10C009A7011
:1016600042F21071054A2844DFE701340F2C03F1E0
:101670001C03E4D1F0BC704770470020457D010891
:101680002DE9F843DFF8608000F0FC0498F858502A
:10169000E82C06464FEA90074FEA95050AD804F170
:1016A0000309A0B2F7F736FB60B94C4502D001340C
:1016B000E92CF6D1AF4211D04C22FF2108480BF0A3
:1016C00019F809E0AF4209D006484C23044A0068E3
:1016D00007F50071FDF7E8FE88F85860BDE8F8836B
:1016E0008A920020704C00203CA0002070B5054676
:1016F000084619461C461646F7F710FDAB78F3B1BD
:10170000EB782078190903F00F03F61A042E17D985
:101710002B441A792A7231B96378C2F3410223F05B
:101720000303134363700322237849008A4023EAAA
:1017300002032A7AC2F3C1028A401343237070BDA8
:1017400020F0030343F00103237008232B72EAE720
:1017500013460A4601460148E8F74BBA0C4D0020F3
:101760002DE9F0411D461646074688460A4CE02200
:10177000002120460AF0BEFF2A46314604F1090046
:10178000A4F80680277125720BF0B1F8822323702C
:10179000BDE8F041FFF78CB9E8980020054B064AF8
:1017A0001B7812780146134302D11A468320D7E7EB
:1017B000704700BF35870020F88D0020002313B547
:1017C0000C46CDE9003383074CBF072105216A464B
:1017D0002046F8F7BDFB002321461A468220FFF77A
:1017E000BFFF02B010BD05292DE9F04705460E46A2
:1017F00090464FD9284F2322002107F178000AF0A4
:1018000079FFEB7807F1700913F0040024D143F05D
:101810000403EB702B683B67AB88A9F8043097F89A
:10182000753087F87630FCF7B1FD062E87F8770023
:101830002ED0B31F232B94BF34462924A91DA21FE9
:1018400007F178000BF053F8631F4146BDE8F047FD
:101850008420124ADBB283E72B2E344628BF2B2488
:101860002946224648460BF042F897F873309B070A
:10187000EAD4FCF78BFD2A2E87BF2A242B26661C70
:10188000F6B2621F0648691D0BF031F83446DBE7FB
:101890000824D9E7BDE8F087301A0020A51A0020F7
:1018A000A61A0020014600220148E7F721B800BF30
:1018B000AC5D002010B50446C06A58B10022032177
:1018C0000DF066FE30B194F83010A06BBDE810400A
:1018D000E8F77FB910BD0022014B02481A70E9E712
:1018E000958D0020E85F002010B5044690F8301078
:1018F000806BE8F76EF9044BE06A0221BDE8104006
:101900001A680DF045BE00BF800A002038B5C36AD2
:1019100004460D46FBB10CF0CBFE00220321E06A29
:101920000DF036FE012812D12A460421E06A0DF09E
:101930002FFE012805460AD194F83010A06BE8F775
:1019400048F9054B29461A68E06A0DF021FEBDE80A
:1019500038400DF0A1B838BD800A00200022064BA7
:1019600090421A7018BF0122044B1A7002D0044929
:101970000448CBE703489DE7988D0020958D002013
:10198000E0930400E85F00201FB5002304466820B0
:10199000CDE901338DF80C30E6F784FE40B1092221
:1019A000682001A9EEF7E0F810B9BDF80A302380ED
:1019B00004B010BD002330B5054685B068200C4644
:1019C000CDE901338DF80C30E6F76CFE80B10922C9
:1019D000682001A9EEF7C8F850B9019B43F30F2323
:1019E0002B809DF807309DF8082043EA02232380CE
:1019F00005B030BD1FB50023CDF80530CDF8093056
:101A0000FE2304460922682001A98DF80430EEF770
:101A1000ABF830B90922682001A98DF80C40EEF727
:101A2000ADF804B010BD002373B506460D4614464C
:101A30006620032201A9ADF804308DF80630EEF7D8
:101A400093F850B90322662001A98DF804608DF83F
:101A500005508DF80640EEF791F802B070BD0246D1
:101A60000248042300210068FDF7DABDCC410020C4
:101A700038B5094D044613460A4601462846E8F79C
:101A8000B8F838B994F83030EA181C3382F864009A
:101A900045F8230038BD00BF840A002020F0FF0372
:101AA000B3F5E24F0ED1C0B241280BD1FF2A09D1C4
:101AB0000B7823F007030B70CB7F03F07F0343F019
:101AC0004003CB7770472DE9F0478046AEB00D4616
:101AD0001446002118220EA80AF00CFED8F80000C7
:101AE0000EA9E6F7A9FD002800F00F81D8F80060E4
:101AF0008D4BA6F5E027B7F5803F8C4A0E9320D397
:101B0000944217D08A4B9C4260D14FF440710EA88A
:101B1000F7F778FF874B1193033E032E26D8FDF786
:101B20008FFB02284FF0000366D14FF480720F92B2
:101B300013931BE04FF480510EA8F7F763FF119445
:101B4000EAE70F9B1396D9B200292FD0944233D1E4
:101B50004FF480510EA8F7F755FF744B1193FDF722
:101B60006FFB022844D140F201130F93002310228F
:101B700069460392C8F8003001AA0EA80093FCF74A
:101B80006DFC0446002844D1009E0F9B326A002A57
:101B900036D0D6E9087A738802930F9B1B0A4BD084
:101BA000012B00F0CD806FF0860432E023F0FF03BC
:101BB00043F001030F93C9E75D4B9C4206D14FF4FC
:101BC00040710EA8F7F71EFF5A4BC7E75A4B9C42CD
:101BD00009D14FF480710EA8F7F714FFB7F5803FD5
:101BE0001194BCD398E70922544B5A62FDF7E2FAEC
:101BF0000128BBD10F90B9E70128B7D10F9397E720
:101C00001B0A0FD130460399E6F7ABF804460028CB
:101C1000BFD00098FCF70AFC2046F7F7F9FEF7F76B
:101C2000B5FF72E0012BBED103A90EA8E6F7A0F91B
:101C300004460028E6D0ECE7BDF8380000F44F4336
:101C4000B3F5824F23D000F4E043B3F5805F66D153
:101C5000029B0BB980230293DDF808904946E6F712
:101C600051F804460028D4D109F107094FEAD909EF
:101C7000B9F1100F97D1BAF10F0F13D905F1100375
:101C800055F8042B9D4247F8042BF9D11CE0294656
:101C900002AA0EA8FCF702FB0446002838D1BAF1CC
:101CA0000F0F02D86FF08904B3E73B4605F110022D
:101CB00055F8041B954243F8041BF9D13946029AA2
:101CC000BDF83800FFF7EAFE102373627288029BAA
:101CD000002A40F0FE8073804FF6F87293421BD8C2
:101CE000BDF838301BB132889A427FF45CAFBDF842
:101CF0003A301BB172889A427FF455AF4146304664
:101D0000FCF700FC0446002883D12EB0BDE8F08724
:101D100010F1860F7FF47DAF6FF0850479E7B3F59E
:101D2000005F95D0F8E700BF002480000002C003E8
:101D3000000150050001480500444004000008501F
:101D4000002F3FF430AFBAF1000F3FF42CAF002D5D
:101D50003FF429AF80220023BDF83890029209F4A5
:101D60004F42B2F5824F736255D1294604AA0EA89C
:101D70000493FCF793FA044600287FF44AAF049CCE
:101D800029F0FF030734B3F5824F4FEAD40443D15F
:101D9000A9F141095FFA89F9B9F1010F3CD94FF076
:101DA0000F0901352022002114A804940AF0A2FC96
:101DB000214614AA0EA8EDF744F8044600287FF443
:101DC00028AF0DF1700C0DF1500EBEE80F00ACE81D
:101DD0000F009EE80F008CE80F00102328222146F8
:101DE00024A82193CDE91F450AF084FCB9F10F0F17
:101DF0000CBF3B233C239A4511D307F110031893E2
:101E000024A809F11C0319930DF0FEFD034648B107
:101E10006FF09204FDE610244FF01009C2E76FF056
:101E20008C04F6E6012214A91CA8ECF718FD002882
:101E300031D1179B013B012B2DD84FF08073269099
:101E4000CDE924302C900BA914A8ECF761FD10BB50
:101E50000B9924A80DF0DFFD05A91CA8ECF748FE9E
:101E6000C8B905A924A8ECF769FE08A914A8ECF7DD
:101E700028FE80B908A924A8ECF760FE0BA914A8D5
:101E8000ECF736FE38B924A80BA90DF0CDFD24A837
:101E90000DF05CF918B124A80DF0B6FDB8E70123E8
:101EA0003B8000237B80149B49467B60159B06F199
:101EB0002402BB60169B0EA8FB60ECF7A7FF04464C
:101EC00024A80DF0A1FD0028A2D1002C3FF4FEAE05
:101ED0009FE69A427FF467AEFEE6052373B50C4693
:101EE00015460146084A01A80193FFF7ECFD019E43
:101EF0002A4630462146FFF748F9304602B0BDE891
:101F00007040FFF737B900BF004440042DE9F047A7
:101F1000002688B080460F461C22314601A8009654
:101F20000AF0E8FB08F1010408F11105EA46D14680
:101F300006EB0A0208F11001414506D00B78013387
:101F4000DBB201F80139002BF6D021462846FFF715
:101F5000C4FF1EB37B1E1F379AF8002013F8011F21
:101F60004A40BB420AF8012BF6D12B4604AA4D4643
:101F700003CD954218605960A94603F10803F6D1D4
:101F8000234608AD144603CCAC4218605960224683
:101F900003F10803F6D108B0BDE8F0871026C5E7C5
:101FA00070B504460D4662B14B1E013A01F11F00A7
:101FB00013F8011F12F8016F834281EA06011970BC
:101FC000F6D11022002104F111000AF093FB002148
:101FD000601C10220AF08EFB002323702946204645
:101FE000BDE8704092E770B505460C46002188B008
:101FF0001C2201A800910AF07DFB691C05F110026A
:10200000AA4206D013780133DBB202F80139002B63
:10201000F6D06E466A4605F11100FFF75EFF2246D4
:1020200004AC334603CBA342106051601E4602F15C
:102030000802F6D12022002168460AF05BFB6946BF
:102040002846FFF763FF08B070BD2DE9F047AEB03A
:102050000AAD07460C462E469846524B03F1100E29
:10206000AC46186859680833ACE803007345654608
:10207000F6D123461EAD04F1100C2C4618685968A1
:10208000083303C463452546F7D122AC02F110059D
:10209000234610685168083203C3AA421C46F7D190
:1020A000062331466846404A0093FFF70CFD009C2A
:1020B00006AB204620221EA9FFF7BAF82046FFF7FC
:1020C00059F802AB1C46394D05F108061A46286836
:1020D0006968083503C2B5421346F7D12868A98854
:1020E0001060AA79002599809A71CDE90E55CDE945
:1020F0001055CDE91255CDE9145526AE94E80F00E0
:1021000007C626F8023B1B0C33708DF8A7502AAE89
:1021100094E80F0007C633801B0C06F8023F01232A
:102120008DF8B730062306A901A81F4A0193FFF7CF
:10213000CAFCDDF804A00EAD0DF198092B46494606
:1021400050462022FFF774F895E80F0089E80F0049
:102150000DF1A80C94E80F00ACE80700ACF80030D3
:102160001B0C3370022312AE4946202250468DF8D4
:10217000B7303346FFF75CF85046FEF7FBFF95E8B3
:102180000F0016AC1AAD84E80F0096E80F0085E842
:102190000F00424621463846FFF702FF2EB0BDE849
:1021A000F08700BF000D03080002C003110D0308F3
:1021B000F7B5089F15461E46019058B1A0F5E024DA
:1021C000B4F5803F04D23B4632462946FFF730F84B
:1021D00003B0F0BD062301A8074A0193FFF773FC83
:1021E000019C3B46204632462946FFF721F820460F
:1021F000FEF7C0FFECE700BF0002C0032DE9F0438B
:102200000746884614468BB0129D994602F108068F
:1022100002AB9C46106851680832ACE80300B24239
:102220006346F6D101233068CCF80000B188B2795A
:102230003846ACF804108CF8062041468DF817306B
:10224000CDF80090102302AAFFF7B2FF4B460DF124
:10225000080C09F1100E624618685968083303C269
:1022600073459446F7D1224606AB9C4610685168E8
:102270000832ACE80300B2426346F6D1022330686C
:10228000CCF80000B188B2793846ACF804108CF86C
:10229000062041468DF827300095202302AAFFF73B
:1022A00087FF2B460DF1080C05F1100E62461868E9
:1022B0005968083303C273459446F7D1224606ABEA
:1022C0009C46106851680832ACE80300B24263468D
:1022D000F6D1032330681035CCF80000B188B2790C
:1022E0003846ACF804108CF8062041468DF82730AB
:1022F0000095202302AAFFF75BFF2B4602AD03F1F6
:10230000100C2A4618685968083303C263451546FD
:10231000F7D1224606AB1C4610685168083203C448
:10232000B2422346F7D10423106820609188927945
:10233000A180A2718DF82730139B41460093384647
:10234000202302AAFFF734FF0BB0BDE8F0832DE98C
:10235000F04F022A87B09E4606468C4617469DF8E7
:1023600040309DF8449029D8940104F1200A10349B
:1023700000EB8218824404441BB32D4D02AB05F1DF
:1023800008091A4628686968083503C24D4513468E
:10239000F7D12868A9881060AA7999809A71714646
:1023A00043466046CDE900A402AAFFF727FF0122B9
:1023B00096F8C830BA40134386F8C83007B0BDE875
:1023C000F08F1C4D02AA05F1080B134628686968B6
:1023D000083503C35D451A46F7D12868A9881860F7
:1023E000AB7991809371714643466046CDE900A474
:1023F00002AAFFF703FFB9F1000FD8D00E4B01215D
:10240000DD5D2846F7F796FB0C4A4146029002A88C
:10241000FFF759FB02212846F7F78CFB2146029073
:10242000064A02A8FFF74FFB012386F8B834BEE73F
:10243000110D0308210D0308600B0308000150056E
:10244000F0B5441E10EA040705460E4693B04BD182
:1024500010F0870F48D04022394602A80AF04AF906
:1024600002A8F7F76FF800283ED0641144EA55043B
:1024700004F0030402AB802D03EB041036D1334685
:10248000044606F11007224618685968083303C24B
:10249000BB421446F7D1184C40231021206802AAF1
:1024A000FDF7BEF800BB8DF800006846FDF7EEFCB6
:1024B000D0B19DF80010114F294311483970E6F74B
:1024C00000FA3B786A468DF800301121012320681C
:1024D000FDF7A6F840B92846F7F7A5FA314601906E
:1024E000084A01A8FFF7EFFA13B0F0BD10223946F1
:1024F0000AF000F9CFE700BF704C0020DC45002057
:10250000D04D00200002C0034FF0004238B51D4BF3
:102510001D4C5A664AF6CD33656C236405F00105FF
:10252000C0B90120EBF744FF6368D90701D42DBB84
:1025300038BD0122154B5A60154B226BD207F6D4D9
:10254000013BFAD1F3E70133216B080705D593422C
:10255000F9D1ECE700230F4AF6E79342E7D02022B7
:102560000A4B9A620122A3F580535A60084B064A2F
:10257000916A8906DBD4013BFAD1D8E7024B064ABF
:102580001A64D5E7009000500040095000600950DF
:1025900041420F0040420F003254FFFF074B1B78AF
:1025A00033B9074B1B780BB10020ADE70120FCE7E6
:1025B000012BF9D0022BF9D0704700BF75410020E4
:1025C000F96200200C4B0D4A9B6A13F008019362DC
:1025D00008D001210A4B19700823D3621022094B3D
:1025E000DA62DBE7DB06FCD5054B19701023D362FA
:1025F0000822044BF4E700BF004009500060095076
:10260000F96200200050095073B5002504468DF88A
:1026100007502046E9F7D6FD266B86420AD2236A88
:10262000B5EB430F06D2002220460DF10701EAF771
:10263000D5FD58B19DF80730012B05D10022204669
:102640000DF10701EAF7CAFD02B070BD0135E0E700
:1026500008B50A480DF089FC094B1A68510104D4E9
:102660004FF08062C3F880211A601A68120104D406
:102670004FF00062C3F880211A6008BDF4FF020821
:1026800000E100E00422094B10B59A64EFF31084D6
:1026900072B6FDF73CFD01460548836903B19847D2
:1026A0002046BDE810400DF09BB900BF00E005508A
:1026B0007849002073B51A4C0646B4F80031012061
:1026C000ADF80430FDF719F80C22164D2B7802FBFB
:1026D0000343154C403393E8070085E80700114693
:1026E00020680BF094F86B681878FEF7C1F90122A6
:1026F000206811460BF085F8206801A90AF05EFFFA
:1027000066B1EFF3108072B60122084B1A700DF01B
:1027100067F90022206811460AF07BFE02B070BD06
:10272000380D0308409F0020949F00206C42002039
:102730002DE9FF470446407891469A468846FBF7C4
:102740003BFDFCF749FD054630B1FBF747FD02258F
:10275000284604B0BDE8F08700220023CDE900231D
:10276000454E00234FF4000230680AF02BFF4FF66D
:10277000FF7130680AF024FF404BA3F89C50404B97
:102780005B78023B012B02D82846FFF793FF3D4BB5
:102790009B68002BDBD06078FBF730FDFF280746F5
:1027A00003D1FCF777FC0425D2E7EFF3108072B673
:1027B0000222354B1A70354B1F700DF011F930683D
:1027C0000AF013FE01234246494630680AF0A2FF90
:1027D0008045BCD1002352460C9930680AF09AFF1C
:1027E0008245B4D13946207AFDF718F8E37983B1F0
:1027F000274BDA886AB1274A3946D25DDA7000225F
:10280000009230680AF003FE18B3FCF743FC012580
:102810009EE7002302930123D4F80C903068ADF8B2
:102820000C30B9F1000F0CD00AF09EFF40F2F133EA
:10283000A0EB09029A429EBF09F2F239A9EB00000F
:102840000290002200923946306802AB0AF0DDFDAA
:10285000DAE76078042805D82279D0442178424408
:10286000FBF7F8FCFCF7AAFF01220B4B0B49306881
:102870000AF0ADFD6CE700BF949F0020301A0020E5
:1028800070420020409F00206C420020989F002052
:10289000BC9F002028A20020A9F00108C0C62D007E
:1028A0002DE9F7430446407891468846FBF784FCBF
:1028B000FCF792FC054630B1FBF790FC0225284658
:1028C00003B0BDE8F083414B9B68002BF6D06078E5
:1028D000FBF794FC0428074603D9FCF7DBFB04252F
:1028E000EDE7EFF3108072B60322394B394E1A70C0
:1028F000394B1F700DF074F82A46012130680AF038
:1029000017FF364B49464246184609F0F0FF03468A
:10291000434418462279E17809F0ECFE6179227986
:10292000DFF8C4908154237908F101021344394639
:10293000207A89F89E30FCF771FF21793068C90050
:102940000AF0D6F8A37901212A463068A9F89C300C
:1029500089F89F800AF0ECFEFBF72EFD4FF4000291
:102960000023CDE9002330680AF02CFE99F89E1070
:1029700030680AF0D9FE1A4A1A4BD25DDA70DA884A
:1029800072B100952222394630680AF040FD0746B0
:10299000002130680AF014FE4FB1FCF77BFB8DE795
:1029A0002B462222394630680AF02DFDEFE7607889
:1029B000042808D82379A279434403FB0222217812
:1029C00092B2FBF747FCFCF7F9FE78E7409F002046
:1029D0006C420020949F0020989F00203CA0002083
:1029E00028A20020BC9F0020301A00200CB473B530
:1029F00006AB53F8046B154D6021154A0193284628
:102A0000492301F011F932460446C0F16001019BEF
:102A1000281801F065FB0444002C04DC02B0BDE87A
:102A2000704002B070470B4E0B49706809F0B3FF5D
:102A30000028F3D13368002BF0D05E68002EEDD073
:102A4000224629461868B047E8E700BFD41B00209B
:102A5000310D030820A00020440E030808B5084BE0
:102A60000022012118680AF0D4FCEFF3108072B63E
:102A70000122044B1A70BDE808400CF0B1BF00BF42
:102A8000949F00206C42002010B504460020FCF703
:102A900034FE104B18685968FCF78CFF0020FCF7D7
:102AA0002CFE0D4B5B681878FDF7E2FF01220B4B03
:102AB000114618680AF0A5FE14B1BDE81040CDE734
:102AC000EFF3108072B6064B1C70BDE810400CF09E
:102AD00087BF00BF00000850409F0020949F002047
:102AE0006C4200202DE9F041124F064638680AF08A
:102AF00067FC01281AD00020FCF7FFFD4FF0010809
:102B00000022386811460AF07CFE01240025224686
:102B1000386871190AF08EFD20B1241AA4B2054458
:102B2000002CF4D14046BDE8F041ADE74FF000087D
:102B3000E6E700BF949F002008B5C36800209847CF
:102B4000024B1868BDE808400CF04ABF0C0C00208E
:102B5000F0B52F492F48ADF5197DEAF73FFD044642
:102B600090B904AD01465022284609F0C3FD2A4B16
:102B7000142200932946234626480194EAF784FE4E
:102B8000064620B9FBF7EEFB0DF5197DF0BD274693
:102B900003AB55F824101F4802AACDE90277EAF7E3
:102BA00063FA039BB3F5007F15D855F8241018AAD3
:102BB0001848EAF7CFF955F824301848B3F5A02F94
:102BC00024BFA3F5803345F8243055F82410039B27
:102BD00018AAEAF7F9FE0134A4B2B442D8D3104CD3
:102BE00094F83C30002BCDD004F108000221E9F725
:102BF000EEFE04F108000021E9F7ACFE002104F12B
:102C00000800EAF7AFFB606CFFF796FFBAE700BF7A
:102C1000640E0308381A0020FFFF0500A00C0020F6
:102C2000301A002070B500F124030446303053F808
:102C3000042F22B1526812B10023E37070BD984294
:102C4000F5D10D780DB10123F7E7E378022BF5D02C
:102C5000EFF3108672B6201D0BF0DAF940F2032371
:102C6000638094F8243065704BB9EFF3108072B62E
:102C7000054A13780BB1013B13700CF0B1FE3046DE
:102C8000BDE870400CF0ACBE250E00202DE9F347E6
:102C90000446002859D090F80190B9F1000F02D0F5
:102CA0008578032D11D1FF25A9460EE0C1453ED000
:102CB0000BF046F8301A002824DA0A3754F8273087
:102CC00041461A789868FBF762FA4FF0000803272C
:102CD0004FF0FF36434604F1240050F8042F42B170
:102CE000D2F808A092F800E000225FFA82FCE645E4
:102CF00021D80133DBB2032BEFD1731C25D0BD42A9
:102D0000D4D0D5E70BF01CF8351A84F80180A770F1
:102D10000DD00026271D384626620BF079F9234690
:102D200029463846CDE90066094A0CF0B7FD012076
:102D300002B0BDE8F0875AF8221021B1B1423EBF7F
:102D40001F46E0460E460132CFE70020F0E700BF05
:102D5000552D020837B50C46E9B18B78022B1AD8ED
:102D60000A3351F82330B3B1E5784978ADB1012D7C
:102D700011D11A789868FBF70AFA002363700323CD
:102D80002046A370FFF782FF0DF107018DF80700C1
:102D90002046FFF747FF03B030BD1A789868FBF76D
:102DA000F6F9032320466570A37003B0BDE83040F8
:102DB0006CE72DE9F347342600234643224F814632
:102DC000F51928460C468DF80730FBF7E8F99046D0
:102DD0008246A8BBBB5D9BB30D2303FB09430A33AB
:102DE00057F8233063B3EB78012B29D86B789342E3
:102DF00007D10436B8190BF00BF9032385F801A0AD
:102E0000AB700D2303FB09440A3457F824304146C4
:102E10001A789868FBF7BBF957F8243033B10121D1
:102E20005A6801FA08F122EA01025A602846FFF7BF
:102E30002DFF0DF107018DF807002846FFF7F2FE80
:102E400002B0BDE8F08700BFA44C00202DE9F0439C
:102E5000500214461D468FB06BD5994F994E97F886
:102E60002830012B0DD0984B1A78022A09D01B78F4
:102E7000032B06D07B78023B012B02D930680AF085
:102E800039FC0023306808A9CDE908330AF0F6FCC4
:102E9000002845D18D4BBDF8221097F828C0198025
:102EA0009DF820208A4BBCF1010F9DF826001A7076
:102EB00009D0FF2903D040F6FF7C614503D1854945
:102EC000097800292CD08449097841B18349052823
:102ED00094BF0918053191F8480181490870FE2A0C
:102EE0001CBF80490A70784A1278042A05D17E4AAC
:102EF000526852890AB901221A70197830680AF0AA
:102F000082FC10F5007F08D0010400F1B780821C1C
:102F100000D5421D754B92101A700320FB6898472C
:102F200000220023CDE900230023714A30680AF013
:102F300049FBE20219D5644B1B78042B15D16D4F68
:102F40003B7893B1FB6A83B1002201213846FBF73D
:102F500026F9064648B939460120FBF7FBF820B1AF
:102F6000324601213046FFF724FF614B1C4213D04B
:102F7000554B1B78042B05D15F4B1C420CD0002015
:102F8000FCF7BBFB00220023CDE900234D490023C1
:102F9000574A08680AF016FB584B1C4224D0584B7D
:102FA000484E1C4237680ED01422002108A809F0B0
:102FB000A1FB0321384608AA0AF0AEFB014610B176
:102FC00030680AF0AFFB404B37681B78042B59D1AF
:102FD000002200233846CDE900230023444A0AF0AA
:102FE000F1FA306808F044FD200201D5FBF7E4F95E
:102FF00004F0AA4305F02202134335D0DFF8C8805D
:10300000304E98F800303068032B2D4F40F0BC80D4
:1030100014F0804FDFF8EC9000F0B480B9F89C30E9
:10302000002B0CBF0424062400220023A907CDE9AD
:1030300000234FF000034FF4000248BF07240AF0BA
:10304000C1FA4FF6FF7130680AF0BAFA0023A9F806
:103050009C30FCF71FF80123204688F800303B69BC
:103060009847306808F004FDAB0540F1B0800820B7
:10307000134BDB680FB0BDE8F0431847821E48BF12
:10308000421C47E7230704F008023DD51422002123
:1030900008A809F02FFB0321384608AA0AF03CFBD8
:1030A00000289ED09DF820303068072B99D10AF077
:1030B00037FB002895D0024B0120DB68984790E74A
:1030C00070420020949F00206C420020A442002007
:1030D000D49F0020A08D00208C870020380D03088D
:1030E000D69F0020989F0020409F0020D59F002061
:1030F00030081100A44C002000081100088D0100C8
:10310000000D0100301A002004F4807313433FF4D3
:1031100068AF304BDB6913B11A6901321A611422AE
:10312000002103A809F0E6FA0321384603AA0AF0B1
:10313000F3FA07461822002108A809F0DBFAEFB1DC
:103140003946306808AA0AF0E9FAB8B99DF8332080
:10315000FE2A04BF204B1A78FCF721FB90420DD9C0
:103160001046FCF7B1FB0338C3B2012B06D8182276
:103170001A4B02FB00331A6901321A61306808F0F9
:1031800077FC2EE706244FE70AF036F910B13068D5
:103190000AF02BF9E20104F0807306D5FB6913B144
:1031A0001A6801321A60022453E705F00202134341
:1031B0000BD0FB6913B15A6801325A600022012119
:1031C00030680AF0B5FA072443E7062441E70FB058
:1031D000BDE8F08370420020989F002098450020B1
:1031E000044B1B7813F0300F03D10122022110464B
:1031F000DFE57047D14100202DE9F04F05460C4630
:103200001F46914685B0002A00F0AC80644B1B68D5
:103210009A4200F2A48040F2E7300021614B4FF463
:103220007A721E680023E9FB060109F051F8834613
:103230004FF0340A0AFB05FA5B4E3A460AEB0608E1
:1032400021464046FAF7ABFF002840F0888016F888
:103250000A30002B00F083800D2303FB05430A3363
:1032600056F82330002B7AD098F80130BB420CD1AD
:103270000AF1040A019006EB0A000AF0C9FE0323D2
:10328000019A88F8023088F801200D2303FB0543DA
:103290000A3356F82330D3F808A01A78B9F1000F92
:1032A00062D101205968B8400143596050463946FF
:1032B000FAF76DFF4046FFF7E9FC342303FB056393
:1032C000DB788DF80F00022B44D1002D42D1EFF3B3
:1032D000108972B6354A1378FF2B38D0344E01333B
:1032E00013703378012B32D9EFF3108772B6DFF801
:1032F000D0A09AF80030FBB12E4C23781BB90123E3
:1033000023702D4B1D702D4D2B781BB10AF026FD1F
:1033100000232B7038460CF063FB01200AF098FC68
:10332000EFF3108772B623781BB10AF0A9FC0023D3
:10333000237000238AF8003038460CF051FB3078B7
:10334000012804D001210AF059FC012333704846BA
:103350000CF046FB40460DF10F01FFF763FC05B092
:10336000BDE8F08F934663E7BAF1000F09D09742AA
:1033700007D2BBF1000F04D00AF0E2FC58444AF82F
:1033800027000D2303FB05440A3456F82430002B94
:1033900090D001215A68B94022EA01025A6089E7B7
:1033A000680E0020A00D0020A44C0020250E002057
:1033B0001C0E0020240E00201D0E0020220E0020D6
:1033C0001E0E002073B500206946FBF757FF5C4BCB
:1033D0005C4D5B681E78FBF779FF0246FBF765FFE3
:1033E000023EF6B240B94FF47A63C5F80432012EBA
:1033F0009DF8014045D80DE0012E9DF8014015D8FB
:10340000A2B14FF4FA62042302210020C5F804227D
:10341000FFF7F2FE022C40F08F809DF800300D2B5C
:1034200040F2818002240134E4B231E0002001A99D
:10343000FBF724FF9DF80420C5F80822002A45D197
:10344000FBF7ADFE012E0ED82823B0FBF3F203FBF1
:1034500012006423C0B210FB03F0002808BF184616
:10346000C5F80402D6E77823B0FBF3F203FB12039E
:103470006422DBB213FB02F3002B08BF1346C5F82E
:103480000432022CCFD19DF800300D2B4CD90124F1
:103490008DF80140009A2C4BDA60FBF7F9FE00280A
:1034A0004CD02A4B1B78042B48D8294BD5F8041252
:1034B0001868FEF72BFAFBF7EBFE00283ED003223C
:1034C0000221002002B0BDE8704072E4052A15D840
:1034D000FBF765FE022E34BF28237823B0FBF3F1FF
:1034E00001FB13001023013AC0B2904093404FF407
:1034F0007A725343642202FB003376E7062A02D035
:10350000144B1B6813B94FF4FA236EE74FF4FA32E9
:103510005343B3F5FA2FC5F804327FF668AF0020A5
:10352000E6F710FC63E7042401338DF800302346EE
:103530000224A342ABD076E70423FAE702B070BDC1
:10354000409F0020301A0020000008505D8B0020B2
:10355000188B0020688B00202DE9F3410024DFF850
:1035600010813D4DD8F80000CDE90044FEF7A2F9E6
:103570002B78022B0AD121462046F9F751FA032372
:103580002B7000F077F802B0BDE8F081032B34D146
:10359000324E376847B3324BCDE900441B78012BDC
:1035A00019D16846FBF7ACFE3368D8F80020013B20
:1035B0003360B3B1FBF7F3FD4623B0FBF3F101FB3E
:1035C000130064214FF47A63C0B211FB003110463E
:1035D000FEF79CF9D7E7022BE6D16846FCF796FC8C
:1035E000E2E74FF47A61F2E701232B7000F042F832
:1035F00039460720EEF75BFFC5E7042BC3D1194C12
:1036000094F80C32DBB9FBF761FE48B1164B03208E
:103610001B7984F80D32EFF7F1FA012384F80C32AC
:103620000024124B684600930194FBF769FE0323C4
:1036300041F2883202212046FFF7DEFDA3E7FBF7C7
:1036400045FE05460028EBD194F80D02EFF7D6FAB7
:1036500084F80C52E4E700BF5D8B0020608B0020F3
:103660005C8B0020301A002070420020C533020815
:10367000188B002010B52F4C8AB02078022832D148
:103680002D490120F9F7CCF900232C4ACDE9083364
:10369000117808AA29B32A49097802291BD1CDE952
:1036A000033202934FF480532648CDE90013B0F85B
:1036B0004E012549ADF81C0040F6FF720420098830
:1036C00007ABF1F735FE214B4FF4FA611868FEF7AE
:1036D0001DF90AB010BD194640F6FF70F6F738FC28
:1036E000F1E7FF20FAE7032810D10024184B124914
:1036F000C3F80442124B1B78022B18BF0220F9F7C3
:103700008FF900200AB0BDE8104025E7042801D158
:103710000949F4E70128DCD100210846F9F780F9CE
:103720000A4B1868FEF7C6F8FBF712FD002323705A
:10373000CFE700BF5D8B0020553702088C87002043
:103740005C8B0020380D030828350020188B0020E2
:10375000301A002030B50446394DA3B02868FEF772
:10376000A9F8012C17D1374CFBF7F2FC2378002184
:10377000042B0CD10520EEF79AFE03230221002032
:10378000314AFFF739FD0523237023B030BD0620F1
:10379000EEF78DFEF7E7022C12D12C4B1B78022B93
:1037A000F3D100222A4B4FF4FA61C3F80822032216
:1037B000244B28681A7023B0BDE83040FEF7A6B845
:1037C000002CE2D1234B1A78012A36D0224B1D4D12
:1037D000187860B9F5F758FE2B781BB101232B70D0
:1037E000FFF748FF00210846EEF761FE1AE01B498B
:1037F0000978F9B1F2B120461C70F5F745FE2B7837
:103800001BB101232B70FFF735FFF6F7F5FF882278
:103810000021684608F06EFFC42368468DF800302A
:10382000FEF740F803220221002023B0BDE830401B
:10383000FFF7BFBA00201870CCE71C70A5E700BFE7
:10384000188B00205D8B002090D003005C8B002043
:10385000301A0020DC980020158B0020899200206F
:1038600073B51C4C237868B9237863BB0120FBF740
:1038700044FF01221146184B186802B0BDE87040A1
:1038800009F0BFBF002BF1D0002501212B460A22F1
:1038900028462570FFF7B0FC0120FBF72EFF002320
:1038A0000E4A0D4ECDE90023306809F08BFE04224C
:1038B0000B4B29461A7030682A4609F0F0FF0028A1
:1038C000D2D102B070BD0020207002B0BDE87040BF
:1038D000FEF7F0BE504C0020949F002000085100DD
:1038E0006C4200202DE9F0474FF0340A0AFB00FA41
:1038F000DFF8509004460AEB0908174640461A467E
:103900000D461E46FAF74BFCC8B919F80A30B3B198
:103910000D2101FB04510A3159F821307BB198F88F
:103920000330022B0BD841462846FAF713FC30B976
:1039300033463A4629462046BDE8F0475CE4BDE8F8
:10394000F08700BFA44C0020F8B5214D04461C228E
:103950000021284608F0CEFE4FF07F3394F82C006B
:10396000C5F805306B72FCF7B8FA0228064618D085
:1039700004F155073946EFF7DAFB90B13046394686
:10398000EFF766FB0646287158B1EFF77DF9D8B11D
:1039900004F16101042E32460E4828BF042208F0CB
:1039A000A6FF6389A28C03F067036B74637F6A824E
:1039B0002B7394F82630A26A2B75638C6B81064BAF
:1039C0001B689B1A2B60F8BD04F16001E2E700BFA1
:1039D000F88A0020058B0020800A002038B50546B3
:1039E0000C460220EAF762FD0028FAD000210E4BB7
:1039F000013CB3F85C201D6664F30E1223F85C2FC3
:103A00000A4A11600A4A0B49C2F8D03004230B65F8
:103A1000EFF31180302484F311884B63936480F3B7
:103A20001188BFF36F8F38BD3CA00020301A0020F2
:103A30000000045000200450F8B5144F05467B6A7E
:103A40000C468B4209D2B1FBF3F603FB161626B1E6
:103A50003146FFF7C3FFA41B35447B6AA34209D359
:103A600029462246386A08F042FF2146386ABDE8F6
:103A7000F840B3E7A34228BF23461E46284619460E
:103A8000FFF7ACFF3544A41BE7E700BF78490020EF
:103A90002DE9F047C2B0804689461746002140F222
:103AA000031201A81D4608F025FE01230024354815
:103AB0008DF80430344EFDF7FDFE3448FDF7FAFE74
:103AC0003348FDF7F7FE86F8904086F84840002F0F
:103AD0003DD005F1030A2A4639465FFA8AFA02A860
:103AE0008DF805A08DF806908DF8078008F0FFFE90
:103AF000FF2201AB544525DB01AB2B441A71254B4A
:103B000083F80E5283F80F9283F81082C3F8147270
:103B100083F81822012086F8DA00E4F7ABFD337849
:103B20002BB99DF8051001A80231FFF785FFF16C54
:103B30001448FDF7EBFEFA211548FDF7E7FE42B009
:103B4000BDE8F08713F8011F01344A40D2E7114D58
:103B500095F80E42D5F81412E31C8DF8053095F84F
:103B60000F328DF8063095F810328DF8073019B104
:103B7000224602A808F0BBFE01AB1C4495F818329F
:103B80002371C7E7E83F0020E03F002030400020DD
:103B900078400020301A002038B50446EAF794F83F
:103BA000A04228D009F0AAFF012C054602D12146E7
:103BB000EAF78AFBEFF3108072B64FF000710E4AFD
:103BC0000E4B51664FF48062611E8A401A675A6E2E
:103BD000910103D4D3F88420920609D50BF000FF9D
:103BE000022C08D12846BDE838400021EAF76CBB1A
:103BF000D3F88420EBE738BD00600050004000504F
:103C000008B508B909F07AFF054B1B7833B1054BAD
:103C1000984203D80120BDE80840BDE70220FAE73A
:103C200048110020005A62020CB4184B30B50C1E2B
:103C30009DB01D6808DA8B234FF0FF302B601DB05C
:103C4000BDE8304002B070474FF402730290069016
:103C500002A9ADF8143014BF04F1FF332346209AB3
:103C60002846049307934FF6FF73ADF8163021AB47
:103C7000019300F00DF8431CBCBF8B232B60002C7C
:103C8000DDD0029B00221A70D9E700BF8C9E002075
:103C90002DE9F04F98468B899DB007461B060D46CF
:103CA000144610D50B6973B94021EBF761FB28600E
:103CB000286130B90C233B604FF0FF301DB0BDE8E8
:103CC000F08F40236B610023CDF80C804FF0010989
:103CD000DFF8A081099320238DF8293030238DF857
:103CE0002A3023469A4613F8012B0AB1252AF9D126
:103CF000BAEB040B0BD05B4622462946384608F047
:103D000001FD013000F0A780099A5A4409929AF8FF
:103D10000030002B00F09F8000234FF0FF320AF1AB
:103D2000010A049307938DF853301A93CDE90523C4
:103D3000544605224F4814F8011B08F0CAFD049AA6
:103D4000D8B9D00644BF20238DF85330110744BFA3
:103D50002B238DF853309AF800302A2B15D0079A70
:103D6000544600204FF00A0C214611F8013B303B2D
:103D7000092B4BD9B0B1079214E0A0EB0803A2467F
:103D800009FA03F313430493D2E7039B191D1B683D
:103D9000002B0391BBBF5B4242F0020207930793E3
:103DA000B8BF049223782E2B0AD163782A2B32D104
:103DB000039B02341A1D1B6843EAE37303920593C5
:103DC000DFF8C0A003222178504608F082FD38B108
:103DD000A0EB0A004022049B013482401343049369
:103DE00014F8011B062224488DF8281008F071FDF4
:103DF000002836D0214B1BBB039B073323F007035E
:103E000008330393099B334409936AE70CFB02329E
:103E10000C460120A8E7002301344FF00A0C194694
:103E20000593204610F8012B303A092A03D9002BBC
:103E3000C6D00591C4E70CFB012104460123F0E73D
:103E400003AB2A4604A9384600930D4BAFF300801C
:103E5000421C0646D6D1AB895B063FF52DAF0998CB
:103E60002CE703AB2A4604A938460093044B00F024
:103E70000BF8EDE7400F03084A0F030800000000AD
:103E800005C70208460F03082DE9FF470F7E91463C
:103E900080460C46782F9A460C9E01F1430207D8C3
:103EA000622F0AD8002F00F0DD80582F00F0C38069
:103EB00004F1420684F842703AE0A7F16303152B3F
:103EC000F6D801A151F823F0213F0208353F02083E
:103ED000B13E0208B13E0208B13E0208B13E0208FE
:103EE000353F0208B13E0208B13E0208B13E020869
:103EF000B13E02084B400208C33F020803400208DB
:103F0000B13E0208B13E02086D400208B13E02080F
:103F1000C33F0208B13E0208B13E02080B4002084E
:103F200033681A1D1B68326004F1420684F842307F
:103F30000123A8E031682368081D30601E0601D502
:103F40000D6803E05D06FBD5B1F90050002D6168F6
:103F500078DA2D200029A16084F843002DDA6D4223
:103F60005D480A231646B5FBF3F103FB1157C75D05
:103F700006F8017D2F460D46BB42F4D9082B0BD124
:103F80002368DF0708D5236961689942DEBF3023C3
:103F900006F8013C06F1FF36921B22614B4603AA4C
:103FA00021464046CDF800A008F007FC01306FD153
:103FB0004FF0FF3004B0BDE8F08723F00403236026
:103FC000CDE721683368080653F8045B02D449063C
:103FD00048BFADB26F2F33603F4814BF0A23082398
:103FE000002184F843106668002EA660BADB2168C1
:103FF00021F004012160002DB4D1002EB2D116466B
:10400000BCE7236843F02003236078273348236804
:1040100084F845701F06316851F8045B02D45F06CE
:1040200048BFADB23160D90744BF43F020032360DD
:104030001DB11023D4E72848E9E7236823F02003C3
:104040002360F6E724480A23CDE733682568181D66
:10405000616930602E061B6801D5196002E06806B0
:10406000FBD5198000231646236197E733680021AA
:104070001A1D32601E686268304608F02AFC08B1DA
:10408000801B606063682361002384F8433085E708
:104090002369324649464046D047013088D02368DC
:1040A0009B0714D4E068039B9842B8BF184681E789
:1040B0000123324649464046D04701303FF478AFAD
:1040C0000135E36803995B1AAB42F1DCEAE70025AE
:1040D00004F11906F5E700BF510F0308620F03084A
:1040E00007B5009313460A4601460348006808F0E6
:1040F0000BFC03B05DF804FB8C9E002013B5044656
:10410000694608F0F1FC204608F0CAFDFF28024687
:1041100006D020469DF80010EAF7DCFA02B010BD88
:104120000048FBE70080FFFF0029034B08BF002386
:10413000C0F8F03000207047ABC902080C232DE90D
:10414000F74F06460F46144600254FF00609DFF8E4
:1041500054801370EBB209FB03F3D8F80010CA18AF
:104160005079012804D923780C2B14D1212013E095
:1041700031F903B01179B2F902A030460022019161
:1041800008F0BEFC58B101992170B7F900305B45C9
:1041900005DB534503DC002003B0BDE8F08F01359B
:1041A000D8E700BFA8A0002070B5164E032804462B
:1041B0000D4633781ED023FA04F202F00102AA421F
:1041C0001DD053B10122A240A54023EA02032B4394
:1041D000DBB233704BB1012070BD2DB10A4B012011
:1041E0001B6898473378EDE73570074B00201B6854
:1041F0009847F0E79A07DED003F0FC03E9E70020D8
:1042000070BD00BF2A9D0020CC9A0020F8B505465D
:104210000C460BF0EAFB104F06463B7833B1012DFC
:1042200004D01CB90D4809F0F3FE3C702146284625
:10423000FFF7BAFF0A4B04461B783BB93B782BB912
:1042400008F063FE10B1074B1B68984730460BF02F
:10425000C7FB2046F8BD00BF2B9D0020A09A002080
:104260002A9D0020ACA00020054A0B46117831B1F0
:1042700000211170034A01215268187810477047D5
:104280002B9D0020ACA0002038B5074D04462B78AC
:10429000834207D002F0B8F820462C70BDE83840C1
:1042A000EBF700BA38BD00BF299D00201B4B022947
:1042B00010B5187002D0032904D010BD184B1B781C
:1042C000002BFAD107F0CCFB0028F6D04FF080424B
:1042D000144BC3F88020BFF34F8FBFF36F8F02F0F2
:1042E0005FF80028E9D001F0F9FB0028E5D10E4B7A
:1042F0001C6834B123689847BDE81040002002F0E4
:1043000077B809F033FA094B186009F019FD084B2A
:104310001860204602F04CF8EEE700BF2EA2002005
:10432000299D002000E100E0889B0020C89A002021
:10433000C49A002038B504460D4607F091FB80B1C1
:104340004FF08042124B1A6002F02AF848B9012D52
:1043500007D8012002F04CF80E4B1B6823B15B68B4
:1043600098470D4B1C7038BD09F0EAFC0B4B1A68DE
:10437000801A186009F076FD4FF47A72084B1B68BA
:1043800002FB003009F0F4F9012002F011F8E8E72F
:1043900000E100E0889B00202EA20020C49A0020AB
:1043A000C89A0020F0B585B00BF01FFB344D0446D1
:1043B0002B7823B1334809F02BFE002852D109F0A5
:1043C00017FC02AA03A908F08AFD0346002838D08A
:1043D00008F099FD029B98421CD100202A4B0399BA
:1043E0001B682A4E9942307020D90027C91A012330
:1043F00024482B70264A3346CDE9007709F078FC33
:10440000002837D1234A1378D90701D53178F9B17B
:10441000204611E008F075FD029B984228D0002349
:1044200018461949194A0968137003910121FFF7C9
:10443000BBFE002320462B700BF0D2FA002005B003
:10444000F0BD20462B700BF0CBFA212005B0F0BD5B
:1044500003F0FE031370002BDAD10F4B1B68984753
:104460002046E9E720460BF0BBFA0E2005B0F0BD70
:104470000220B3E7032320462F703370F3E700BF19
:104480002B9D0020A09A0020C09A00202DA2002081
:10449000694202082A9D0020CC9A002038B5194BA9
:1044A00093F82D30002B2AD10BF09FFA164D0446BD
:1044B0002B78EBB9154A16491370164B164A174854
:1044C0001A60174A5A60EBF7C5F816491648EBF719
:1044D000C1F8164A164B1A60164B5B6F03F4407313
:1044E000B3F5007F02BF0222134B1A6001232B7029
:1044F000EBF7FCF820460BF073FA002038BD0E20D5
:10450000FCE700BF48A100202C9D00202B9D00202F
:10451000800F0308ACA00020A5430208909A002059
:104520000D420208880F0308989A00208942020869
:10453000CC9A002000400050C09A00202DE9F043A2
:104540008F7880460F2F0C4685B003D9212005B007
:10455000BDE8F08327B90123374A00201370F6E73E
:104560000D784E78EDB9002EF0D194F90310E08863
:1045700004F0A2FA2128E9D055EA0603A088DFF862
:10458000C89013D004F042FB4FF60403B9F80020A2
:1045900001469A424BD1AE42334638BF2B460026E5
:1045A0002DE0082DD2D8082ED0D8DEE704F02EFB5F
:1045B0004FF6040501464FF60500204A136E9BB2E4
:1045C000AB4208BF0346B1F5803FA9F800300FD9D0
:1045D00002230825136680230126C2F880302B466B
:1045E00049084FF6FF720139914228BF114608E091
:1045F0008023012608251666C2F880302B46002944
:10460000EFD1002202920122013FFFB200920197F6
:104610002A4608F1F80004F039F91EB14FF480126F
:10462000074B5A65074BA2681A60022394E70348B8
:104630000266A9F80030AEE72D9D002000C001B849
:1046400000D001B8709B0020DCA1002010B504460A
:10465000D0F818210B4B4FF40061C3F8D42090F828
:104660002420D20102F4006207F060F994F82430AB
:1046700013F0100F4FF4007314BF034A034A53643E
:1046800010BD00BF003E00B0001002B8002002B80C
:1046900070B504460D4601F0D7FE820707D594F8A1
:1046A0001E31AB4209D825B9D4F81861D6B91148E2
:1046B00070BD94F82430DB06F9D4D4F81861002ECC
:1046C000F5D0022D0ED1204608F083FC50B194F8AD
:1046D00029300A2B9EBF0848184100F00100C0F1A4
:1046E0000200C5B2182303FB05667069BDE870407F
:1046F00008F033BE00FEFFFF7EFBFFFFD0F8E43082
:1047000013B11A68032A10D8094BDB6BC3F3C2023A
:1047100013F0380F03F0070018BF504313F4E07F85
:10472000C3F3821203D050437047986A400E70471B
:10473000008001B8431C07D06FF0FF02034B10400C
:104740005A62A3F580535862704700BF00E000B87A
:1047500010B504234FF03A4101240A4AD1F8180158
:10476000C2F81831C2F814314C634FF40051116390
:10477000410742BFC2F81431A2F58052C2F8183185
:1047800010BD00BF002000BA38B5154A154B0446CD
:104790001A60418641B90722134BDA600522A3F55E
:1047A0008053DA60084638BD4FF6FF7399420F4DCB
:1047B0000AD10F4908F091FD0E49E860204608F043
:1047C0008CFD81B22962EDE7B1F5805F4FF0070201
:1047D00028BF4FF48051044BDA604B1E2B62E1E797
:1047E00089470208789B0020006000B8004000B8AC
:1047F0000C4000B8204000B8F8B504460F461646F5
:104800000BF0F3F80546A047044620B128460BF00C
:10481000E7F82046F8BD06F01BFA04220549D1F856
:10482000003F23EA07033343C1F8003F024B5A64B9
:10483000ECE700BF003000B0002002B8F8B5074632
:104840000C461E4615461AB113680BB15B68B3B926
:104850000BF0CBF801463846FFF750FF07460846F5
:104860000BF0BEF8B772AB890698E11A89B2D5E9A8
:104870000132034402FB013331817360F8BD1A68D1
:10488000032AE5D99F6A7F0EECE700BF2DE9F04FC0
:1048900006464FF47A70904695B058430F46BDF8DF
:1048A00078409DF87C9005F0F3FBD8F80050386014
:1048B0002146D6F8DC007D6008F086FE4FF6FF73D7
:1048C000984203D1212015B0BDE8F08F2422D6F8FC
:1048D000DC3050439B68209A03EB000BB9F1080FC2
:1048E0001F58C2F800B000F08480B9F1090F00F041
:1048F0009980B9F1070F40F094809BF81830012B94
:10490000E0D143F6982A002F7CD15A462146304602
:10491000CDF800A002ABFFF791FF002F40F0888098
:10492000D6F8E49021462A46304602ABCDF80890EE
:1049300005F08EFA05EB8004002F4AD006F1E4035F
:1049400045F8203043F688734946A360C4F80490C4
:10495000304608F0E7F805AAE060072306F1F80002
:1049600005F00CFC43F6B07323610B9B3249636185
:1049700043F6B473A3610C9BE36143F6B8732362FF
:104980000D9B636243F6BC73A3620E9BE3624FF41C
:104990007F5323630F9B636343F6C473A363109B2E
:1049A000E36343F6C8732364119B6364234B96F956
:1049B000272093F90030C3F127039B1A4FF4FF22FD
:1049C000DB02C4E912121E4A03F4FF232265636569
:1049D00058344FF0FF3344F8043B601BE0284FF499
:1049E00066624FF02F018CBF0020012007F080FA93
:1049F00013E0204601F0D0FD074600283FF462AFE7
:104A0000DFF840A02846394604F00EFBB9F1080F44
:104A100005EB80057FF479AF2C1D0020C8F800401D
:104A200051E717B94FF0000A6FE74FF0000AE9E7C6
:104A3000D7F8049076E700BF20E000A82F9D002063
:104A400020D000A878ECFFFF00F01803182B0BD043
:104A500003070BD440F2011310F0100018BF1846E2
:104A6000034BC3F88C0070470020F9E70120F7E7FB
:104A7000003F00B038B10368044A002B08BF13465A
:104A8000034A13607047014BFAE700BF23CB0208CB
:104A9000BCA0002010B4D0E9544122400B4052EA9F
:104AA000030104D003495DF8044B096808475DF829
:104AB000044B7047BCA00020024B986F00F00F0021
:104AC000704700BF003F00B00F2938B505460C46BF
:104AD0000ED801F0B9FC01280CD1074A2846936F83
:104AE00023F00F032343936708F05BFA002038BDDF
:104AF0002120FCE70220FAE7003F00B0014BD86F0D
:104B0000704700BF003F00B0014B0020D9677047DD
:104B1000003F00B003282DE9F347884664D8344BA2
:104B200013F80090334B1E5C334B13F800A00AF0CF
:104B30005CFF074605F084FF054640B100230022D4
:104B4000CDE9003301200023002105F057FD05F0D9
:104B50007FFF48B100230022CDE90033002000236D
:104B60004FF4004105F04AFD002E3BD0234BDC6C96
:104B700004F00804224B3146DC64484606F0CAF8CB
:104B800052463146484606F069F91E4BDC64DDB1F9
:104B90001D4B1868D0F89410F83004F037FC1B490E
:104BA0000868FFF7C7FD4FF0FF330B60184B1A681A
:104BB000511C06D06FF07E401649C863A1F58051A4
:104BC000CA634FF0FF321A60B8F1000F04D0124BE5
:104BD000002103205B689847384602B0BDE8F047E3
:104BE0000AF0FEBE3446C5E702B0BDE8F08700BF5C
:104BF000980F0308940F0308900F0308004000B8B3
:104C0000006000B8005000B8EC9C0020B8A0002064
:104C1000B4A0002000E000B8ACA000200F4A536C04
:104C200013F0A00F15D1906C10F0040013D10C4BB1
:104C3000D3F8003F23F07F4323F0FF035BB1D36839
:104C4000C3F30362092A07D0B2F10C0018BF012098
:104C50007047002070470120704700BF000002B875
:104C6000003000B070B50D46064620B91A4B1B68DF
:104C7000A3B10E2011E001F0E7FB012829D1174B69
:104C800093F90040C4F12704641BC4F11C03002BFA
:104C9000B8BF5B42232B0CDD212070BDA1F10B03BB
:104CA000002BB8BF5B42232BF6DC0C4B19700020A5
:104CB000F3E786F827500AF098FE094AE402136ADF
:104CC00004F4FF2423F4FF231C4314620AF088FE3B
:104CD000EDE70220E1E700BFEC9C00202F9D0020C3
:104CE00000C000B810B5FFF7B1FC0D4B1B6898472A
:104CF0000AF07BFE0B4A0121D2F8D03E044623F095
:104D00002003C2F8D03E0222074B08469A60074BA8
:104D10005B68984720460AF063FE002010BD00BF84
:104D200048A10020003000B0001002B8ACA0002064
:104D30000B4B08461A6D92020FD4D3F84021D107CD
:104D40000CD4D3F83823D20708D4D3F8803013F426
:104D5000706F14BF0120002070470120704700BF12
:104D6000004001B8F8B50D46D0F8943002EA0104CD
:104D700023EA01032343C0F894303B4A01F00B03BC
:104D800023EA0401D1642340A2F580526F0706464E
:104D9000D36410D50121FFF7CBFF60B105F058FFB8
:104DA0004FF4007314F0040F14BF304A304A1365F7
:104DB0000422304B5A64E90606D514F0100F14BFD4
:104DC00000221B222C4B5A652A0618D5230611D522
:104DD0004FF40012254BDA640AF007FE0E21074655
:104DE000032004F063FA40F20122234B3846DA62D2
:104DF0000AF0F6FD214606F1F80004F007FBEF0586
:104E000003D5E0052AD504F021FAA90503D5A205AA
:104E100027D504F027FA15F0600F0AD0D6F8E41071
:104E2000304607F07FFE8022144BC3F88800144BF5
:104E30001A612B0510D505F00BFF124A14F4006F10
:104E4000D2F8003F14BF43F0006323F00063C2F8C0
:104E5000003F0422074B5A640020F8BD04F0F0F92B
:104E6000D3E704F0F9F9D6E7006000B8005001B8C4
:104E7000006001B8002002B8004000B8003F00B058
:104E8000000002B8003000B0014B1868704700BF46
:104E90007C9B002037B50AF0A8FD002401230022E6
:104EA000CDE90034002305461946104605F0A6FB5F
:104EB000022003F0BFFB064B21461C60054B02207D
:104EC0005B68984728460AF08BFD204603B030BD4A
:104ED000849B0020ACA000202DE9FF4102290D4653
:104EE00016469846039004D1FFF7D4FF04B0BDE8FE
:104EF000F0810AF07AFD1E4F04463B683BB1B34295
:104F000005D00AF06DFD002321203B60EEE7194B30
:104F10000022C3F800803E60002301264FF0000805
:104F200010461946CDE9006605F068FB124B0220D9
:104F300083F8008003F07EFB43462A46022003A943
:104F400003F096FB0D4B039A1A6008B92046D8E788
:104F50000B4D2B689847212804D020460AF040FDCD
:104F60000020C3E731466B6802209847F5E700BF91
:104F7000849B0020809B0020329D00207C9B002091
:104F8000ACA00020044B5B6E5B054EBF0120034BC1
:104F9000187800F00100704700C001B8329D002071
:104FA0000A78022A11D0101F4242424152004B7827
:104FB0001201022B0BD0191F4B424B415B000549DC
:104FC000054842EA8312FFF717BC0122EFE70123ED
:104FD000F5E700BFF0FFFF00916402080B78022B99
:104FE00010D0181F434243415B004A78022A0BD07D
:104FF000111F4A424A4152000F21044843EA8202EB
:10500000FFF7FABB0123F0E70122F5E7BD640208D0
:10501000F8B50D7804460A2D0E4690F8247108D193
:105020000625284602F05CFD18B90135EDB20A2DBF
:10503000F7D1284602F054FD002848D094F82431D6
:10504000AB4209D1B288D4F8A4309A4204D1728814
:10505000B4F826319A4238D084F82451B3882846CF
:10506000A4F82831738804F59275A4F82631B38822
:10507000C4F8A430FF2384F82B3008F0DBF884F860
:105080002A00284602F0E8FD10BB284602F01EFD6B
:10509000F0B9D4F8E03053B194F82411B94206D0F5
:1050A0002046B3F91220E9F797FA84F82D0120463B
:1050B00002F0F2FE0849A4F828010123074AD1F8BA
:1050C000FC1004F1F80005F059F80020F8BD21208B
:1050D0000C2384F82431F9E7004F00B0983F00B06A
:1050E00070B5054690F824010C460C281FD0FF2906
:1050F00001D1212070BD1AB14FF0FF320D4B1A6063
:1051000008F098F8064695F8240102F027FD84423D
:1051100028BF0446E4B2B44238BF3446E0B285F852
:105120002B0002F0E9FFFF28E3D00020E2E7022095
:10513000E0E700BF1CA1002010B590F82431044620
:105140000C2B44D0D0F8E03080F82A10DBB3D0F834
:10515000F020D2B990F82D318B421CD3002220468A
:10516000FFF7BEFF48BB1B4B1B78063B032B23D826
:10517000204602F091FE18490123184AD1F8FC108C
:1051800004F1F80004F0FAFF16E0B0F94220B3F998
:1051900012309A42E2DD0022204694F82D11FFF7EA
:1051A0009FFF50B9C4F8E000204608F0D9F94FF647
:1051B000FF739842014601D1002010BD2046BDE892
:1051C000104006F01FBEFF2380F82B30F4E70220CA
:1051D000F3E700BF22A20020004F00B0983F00B0CC
:1051E000F0B51D46144B04461B780F46164685B095
:1051F0005BB1D0F8E030E3B102AAB3F9123000920B
:105200000022E9F7E7F905B0F0BD02A907F06CFC50
:105210009DF808103A462046E9F7DEF9014626B91E
:105220002A462046FFF75CFFEDE72046FFF784FFA4
:10523000E9E71846E7E700BF880E0308F0B5D0F8A5
:105240009C3095B0012B03D10025284615B0F0BD48
:1052500004467C4908F041F8D4F8E0600146E58D49
:10526000C4F8E4002EB133681BB15B68002B40F03A
:10527000A5800AF0BAFB01462046FFF73FFA074631
:1052800008460AF0ADFBD4F8E410B3898DF80E702F
:10529000EB1A9BB2D6E9012000FB03226A48ADF865
:1052A0000C3003680292994208D0204607F03AFC7D
:1052B00080226649664BC1F888001A61654D644ECC
:1052C00001F0C2F80128FBD12B6CDA07F8D4736C1B
:1052D000DB01F5D494F82530DF070CD5D6F878211A
:1052E0005D4BC6F8EC23D3F8F830D6F8A0209D0625
:1052F000C6F8F02369D494F82530D4F8E4106FF39D
:10530000000384F82530204612919DF80E20029962
:1053100008AB04F0D3FA80B901F096F80128FBD16C
:105320004B4A4C49536CD801FCD40B6CDB07F9D4C5
:1053300008A901A804F008FD18B10225284615B0F7
:10534000F0BDE28D454B5A6402F012FC0546002880
:105350007FF47BAF94F8243060F3410384F8243069
:1053600002F052F8D4F8E030411E5B69C9B21E6801
:10537000FD29024604962CD9F71C3DD9384901363F
:10538000096818BF0126C81C42D85B68FF2A04912F
:10539000059344D1DF1C27D8204604A907F065FEF9
:1053A000002E7FF451AFD4F8543198052AD494F8E4
:1053B000243043F0020384F8243045E71A68032AB6
:1053C0007FF657AF9F6A7F0E5FE7204602F064FDCD
:1053D00091E75B680128059304D0204604A907F0F3
:1053E00044FE31E70126D5E701331D4B5B6818D039
:1053F000D91C12D80593CFE75B68FF280593F1D03D
:105400002A46EAE720464FF4803108F023F91BE7EB
:10541000FF2A5B680DD00593C2E7FF2AC0D10022A6
:10542000BAE7DD1C08D8204604A9059307F01DFE45
:10543000B9E701220593ADE7FF2AB4D10022204647
:1054400004A9F3E7FC4F00B06C9B0020003F00B0C4
:10545000000002B800C002B8004F00B0008001B8E0
:1054600028A1002038B505460C4641B107F096FD4D
:1054700028B14FF40031284606F06CFA0434204677
:1054800003F0C4FB024B4042C3F8F00E002038BDCD
:10549000003000B0838E70B593420C4615461CD385
:1054A000836C8B4208BF00240AF09FFA4FF49C5390
:1054B0000B490646CA68C2F30362D340DA0702D535
:1054C0004B6C9B0304D401222946204602F0C8F805
:1054D00030460AF085FA002070BD2120FCE700BFAD
:1054E000000002B82DE9F0410B460646154611B9F9
:1054F0002120BDE8F081002AFAD0032905D8002236
:1055000002F024FA03460028F2D01C889A78B4F5F9
:10551000804F02F0070180F08680A1F1070C187916
:10552000DF88DCF1000343EB0C0305292B7394BFE8
:105530000023C2F30013C2F3801C6B73930985F838
:1055400010C003F00203C2F3C00C43EA0C03C2F321
:105550004012E8746B74AA74D6F89430AF82D806FF
:105560004DD4063901294AD8B6F81280F76908F1F6
:10557000FF38083C04EA0804395D2C4B80295B6D38
:1055800008BF6FF07F014FF000031CBF323949B2F2
:10559000A973AB6096F82600013404EA080460BBE6
:1055A0003B5D5B0103F47E63FF2B9CBFDB43D8B202
:1055B000D6F8EC3003B19847631CE87303EA08039C
:1055C000F95C013303EA0803FA5C013303EA0803D8
:1055D00041EA0221FA5C013303EA0803F85C41EA7C
:1055E0000241002341EA00616A7C304604F082FEF9
:1055F00006232860AB7100207BE71846DCE7002318
:105600000020EB730A4BDA69C2F30723120448BF88
:1056100063F0FF035AB212F1800F1CBF323B5AB243
:10562000AA730346E5E7022063E700BF004000B825
:1056300000C000B870B506460D4614466BB1FFF7C2
:1056400087F8B08AA04228BF204684B22246294665
:10565000034801F03FFF204670BD07F083FBF1E7F0
:105660000C0000BA70B54FF03A434FF480640A4D15
:10567000D3F818610020C5F81841C5F8144105F0A9
:10568000C5FB4FF400532B67730542BF034BC5F8AE
:105690001441C3F8184170BD002000BA001000BAD0
:1056A000082310B1024A53647047024AFBE700BF67
:1056B000001002B8002002B8F8B504460E4619B929
:1056C00090F824305A0647D43B4B3C4A5B6A618EC3
:1056D000C3F3032313704FF6FF739942D4F8E470B9
:1056E00004D0374B1B680BB120469847354D2B68CB
:1056F000BB4256D0344B1B683BB11FB13A68002AFD
:1057000051D0BF683946204698470727204602F007
:10571000C3FB002E3BD006202C4B94F9272093F995
:1057200000302549C3F127039B1A0A6ADB0222F4E1
:10573000FF2203F4FF2313430B62D4F8E420244B2D
:105740002A60986702F080FD0122224B20461A70E1
:1057500007F027FC0020F8BD4FF6FF7C66F38613A8
:10576000154A80F82430536A164D1449C3F30323B5
:10577000D0F8E4700B702B68A0F832C0BB4217D091
:10578000114B1B68002BB8D102F086FB072712498A
:105790003B46124AD1F8FC1004F1F80004F0EEFC8C
:1057A000B9E70127B2E71746204639469847ACE7E4
:1057B00002F072FB0127EAE700C000B8319D00202B
:1057C000789B00206C9B0020749B00202F9D002064
:1057D000006000B8309D0020004F00B0983F00B03E
:1057E000054A12681AB190F81E1119B910470846F7
:1057F00003F07CBD01487047689B002000FEFFFF5E
:10580000404B2DE9F7431D6801F4007900F00103D6
:10581000174653EA090206460C4640D04FF00008EE
:1058200093B30023002201200021CDE9008804F079
:10583000E5FE41462846FFF7D3FF01224146288670
:10584000104607F05AFED5F8941005F1F80003F061
:10585000DDFD2D490868FEF76DFF4FF0FF330B604B
:105860002A4B1A68511C06D06FF07E402849C86345
:10587000A1F58051CA634FF0FF321A6095F82430C9
:1058800043F0040385F82430B9F1000F07D001215B
:10589000284607F0DFFE24F4007406430C4332462A
:1058A00023462846FFF7F6F822044FF0000308D5F8
:1058B000CDE900330022002300204FF4004104F022
:1058C0009DFEFB070FD51349134A08680021136892
:1058D00011600121114A117003B19847104B00214A
:1058E00002205B68984717F00E0F08D04FF409723A
:1058F0003B21002003B0BDE8F04306F0F9BA03B045
:10590000BDE8F083EC9C0020B8A00020B4A00020EB
:1059100000E000B8809B0020849B0020329D002086
:10592000ACA0002008B558220021064806F0E2FE8F
:105930001022FF21044806F0DDFE06F015F80020D5
:1059400008BD00BF043F00B0483F00B073B58121DF
:105950007A22A0F814118221C0F80021C0E9411276
:1059600064220C23C0E9432207224FF0FF350026B2
:1059700080F824314FF6FF730446C28700F14C02D1
:1059800082641F4AC385A0F8403080F82C304386DB
:105990004263038780F82760C0F8A450458505F06E
:1059A0005FF82046FFF7BEFF0122164B2046C3F8E2
:1059B000382294F92710FFF755F96023124A41F66F
:1059C000FF71D3644FF03A42116311670F4A2946C1
:1059D000D36440220E4B20465A64D4F89420FFF73B
:1059E000C1F90E230022CDE9003340F20223104614
:1059F000194604F003FE02F08BF8304602B070BD89
:105A00004000FFFF005001B8004000B8005000B84F
:105A1000002002B8034670B50C68B0F828210134A4
:105A200008BFD3F800418D6808BF0C604C68F8309F
:105A3000013404BFD3F80C414C606E1C3CD1D3F848
:105A40000841CE688C60751C3CD1D3F804510E69B6
:105A5000CD60013604BFD3F8F8600E614E6901369F
:105A600004BFD3F8FC604E618E69013604BFD3F8E1
:105A700010618E618E695EB37A32B24238BF3246AF
:105A80000E688A6116B17A2E38BF7A26C3F80841AB
:105A90004C68C3E94065C3E943420A69C3F8F8208A
:105AA0004A690C49C3F8FC20D1F8FC1007230A4AC4
:105AB00004F064FB002070BD02F17A04AC4238BFF0
:105AC0002C46BEE702F18105B54238BF3546BEE738
:105AD0006422D5E7004F00B0983F00B070B509F0E0
:105AE00084FF05460B4E00F0AFFC012805D0284688
:105AF00009F076FF0224204670BDF36813F0706F42
:105B0000F1D1F46814F08054EDD1284609F068FF13
:105B1000F1E700BF000002B82DE9F04F89B0074659
:105B20000E4600F091FC01282BD10025C7F8185132
:105B3000D6F80090182349463846B27907F00BF89A
:105B4000A846AA4609F10C0399F801100690C9F875
:105B5000083009F11C044FEA08130493B36803EBFF
:105B600008139A78D3F804B002F07F0244F80CBC12
:105B7000092A11D8DFE802F01C1414141C681C0E4A
:105B80000E0E4FF40061384605F0E4FE0028CCD03C
:105B9000022002E08B450BD9212009B0BDE8F08F2F
:105BA000BBF1006FF8D2584603F030F844F80C0C03
:105BB000B168049B19444FF400438A7844F8083CC8
:105BC000002302F07F0204F8102C04F80F3C04F8C4
:105BD0000E3C04F80D3C91F90E30487B1B0603F196
:105BE0003243034344F8043CB07900286AD11824B6
:105BF0004FF47A7004FB089443F40003A3618B68AC
:105C0000584304F045FA069BE0611A1D06924FF0D6
:105C1000FF3223621A60B388306842F24D4200EBD3
:105C20008300069B302183428CBF0020012006F0B8
:105C30005FF996E8070007F58C7383E8070038469C
:105C4000FEF704FD0020A8E7BBF1005FA4D31BF022
:105C5000030FA1D1DBF81020DBF8080072BB724AF9
:105C6000C11E914298D8DBF80C20B2F1006F93D896
:105C7000DBF80420B2F1006F8ED882428CD3DBF8BF
:105C800000108A4288D802F0C1FFCBF80800DBF888
:105C90000C0002F0BBFFCBF80C00DBF8040002F0B4
:105CA000B5FFCBF80400DBF8000002F0AFFFDBF833
:105CB0000820CBF80000CBF8102079E782423FF4AF
:105CC00077AF69E7082A1ED0092A70D0072A25D1A4
:105CD000BAF1000F03D001254FF0010A21E0384648
:105CE000059207F076F9059A054600286ED097F8D8
:105CF00029300C3B052B6AD954F8043C43F40003CB
:105D000044F8043CE7E7002D3FF446AF1823496808
:105D100003FB019383F80E8044F80C1CBAF1000FCA
:105D200055D0B1680498049B08F10108CB18095AB2
:105D300007A89B68CDE9012000913846214606AAB4
:105D4000FEF7A4FD00287FF428AF01F05DFB069B61
:105D50001A1F0692079A5269D2F800E01EF1030F4B
:105D60005AD800F1FF3C5FFA8CFCBCF1FD0F3CD926
:105D70002E4903F1040C43F8041CCDF818C0C3F8F5
:105D800000E000283DD12A4AC3F808E05A6003F138
:105D90000C020692069B18341A1D06924FF0FF3231
:105DA0001A6099F801104145BFF4D5AE33E71823C6
:105DB0004968B8F1020F03FB019308BF012283F881
:105DC0000F8044F80C1C002DA8D1E5E6012599F8B8
:105DD0000130434506D154F8043C43F4000344F831
:105DE000043C79E74FF0000A9BE75268D11CD1D8F8
:105DF0000128CFD10D491A6043F8041C191D0691E2
:105E000002E05268D01CC5D8069909480B4643F8F1
:105E1000080B06934A60BDE75268D11CBAD8012826
:105E2000E8D0FF28F0D0B5E7FCFFFF07784201A8D3
:105E30007C4201A8F0B5D0F8186105460C4689B03F
:105E40003EB3B0F81C7104AB18461022002106F0D6
:105E500051FC227861688DF81220120654BF00228E
:105E6000627B05918DF81D20A27BA1688DF81E2014
:105E700000220691217B03908DF81C10284601A971
:105E80000196ADF808708DF80A20FFF745FE09B0BD
:105E9000F0BD2627004ED6E7D09A0020D0F8183162
:105EA00070B504460D4616460BB9022070BD00F0D1
:105EB000CBFA0128F9D165B14FF48071204605F085
:105EC00049FD20B194F81E31002BEED105460F4B51
:105ED00000E02B4694F8242065F3041284F8242073
:105EE0000B4A136066B1D4F818315A781A70002240
:105EF0005A8003F10C029A604FF44012054B5A6429
:105F00002046FEF7A3FB0020D0E700BF9146020821
:105F1000689B0020002002B838B509F066FD4FF6F6
:105F2000FF710A4A13888B4203D109F059FD0E20F4
:105F300038BD074C074D1B046567A4F580546367A3
:105F4000118009F04DFD0020F2E700BFDEA1002026
:105F5000006001B80000FFFF2DE9F34705468846C1
:105F600016461C46FEF75AFE60B3AB8A1BB99E4B21
:105F70001B78DA0726D5284607F0EEFB78B99B4B4D
:105F8000D3F8002F1CB10E2002B0BDE8F08702F05C
:105F90003003102BF7D002F0C002402AF3D0944C0B
:105FA000DFF8849223689847D9F81430DB07EAD5E4
:105FB00009F01BFD0746032002F03AFC20B13846E9
:105FC00009F00EFD0220DFE7D9F8142012F00609CF
:105FD000F5D1384609F004FD844B4FF400612846A2
:105FE000D3F800AFD3F8D87E05F0B4FC40B14FF43D
:105FF000007201217F4B08465A644A4607F07DFA39
:106000004146284605F0FEFE784BC3F800AFC3F8C2
:10601000D87E0028B8D195F824309F0601D4002EF0
:1060200058D0C6F3400004F0D9FD022316F4807F57
:106030001FBF714A002153644FF03A420BBF6D4AB3
:1060400091615364536304F003FE4FF4806316F0D0
:10605000040F14BF694A6A4A16F0400F13654FF0E7
:106060000402644B30465A644FF0400314BF654A43
:10607000654AC2F8B830FEF7E7FC284606F03CFE59
:1060800038B14FF4807316F0010F14BF5A4A594AC1
:106090005364B00651D54FF6FF72B5F840309342C5
:1060A0000FD05A4A5A49526F100CC2F301120132F2
:1060B000B3FBF2F30880514A514956481B04486724
:1060C0005367003E18BF012695F8243066F3451348
:1060D00085F82430284606F061FF002843D0284682
:1060E00006F00AFED0B14FF40031284605F032FC2C
:1060F000431C03229BB2484801A907F01AF89DF8F7
:10610000042002F00703052B9DF805301ED111076E
:1061100016D443F48073414AC2F8E03094F82D302D
:106120002BB13F4AA36992F894103E48984700204B
:1061300002B0BDE8F04707F054B8FFF7EDFEC0E746
:1061400013F0040F09D19DF80630E2E703F03002A6
:10615000202A05D113F0010FF4E74FF48073DAE73A
:106160009DF80630D7E7284606F033FF98B3284657
:1061700006F0C2FD78B395F82930A3F10C02012A8C
:1061800016D8EB8D032B19D0244B93F8E93003F08C
:106190000703072B16D006211F4806F0D3FF421C29
:1061A0003FF4F1AE00F00F001C4B83F8E800B5E7B8
:1061B0000F2BE6D0102BE4D00E2B01D1092102E0E9
:1061C000112BE0E70821144806F0BCFF431C3FF404
:1061D000DAAEC0B2E8E7284606F036FF00289DD0C8
:1061E00000F0D4FC9AE700BF2E9D0020003000B0E4
:1061F00048A10020002002B8001002B8005001B8E9
:10620000006001B800D000B800E000B8004001B85C
:10621000DEA100200000FFFF0C0000BA003E00B02D
:10622000003F00B0843F00B000C001B82DE9F34149
:106230000646884615461F4609F0D7FB044603204C
:1062400002F0F6FA38B1204609F0CAFB0E242046C7
:1062500002B0BDE8F081042002F0EAFA0028F2D191
:10626000204609F0BDFB01232A4641463046FFF790
:1062700073FE04460028EAD1DFF8CC8067B388F8C3
:10628000000039463046FEF759F900284DD198F8FC
:106290000030012B1DD02022254B5A64254BD3F80A
:1062A0008830B3F5817F1FD2012006F0D6FF09F0B8
:1062B0009CFB214B06461B680193CBB902F038FBCF
:1062C00015F0800526D102F077FB284604F006FC85
:1062D00025E004F019FCBAE798F80030012BF8D05B
:1062E000002BD8D12124B2E78022144B1A61DBE7BE
:1062F000042002F09FF900230122042001A902F0EA
:10630000B7F90028DAD104F0BBFC2124304609F0AB
:1063100067FB9CE700220A4B9A6702F04DFB094B92
:1063200001215B6800209847F0E704468FE700BF33
:10633000001002B8003F00B0709B0020000002B8BF
:1063400000C001B8ACA000202D9D002008B50B4B6B
:10635000D3F84C114B1C10D011F080410DD1084BDB
:106360001B6813B10320FEF7D5FB4FF08062054B8D
:106370001A6501225A6102229A6208BD0080E00F6C
:10638000EC9C0020001002B84FF40022034B586C24
:1063900003F500535A64C0F3C0407047000002B8D0
:1063A000024B586900F00100704700BF00C001B8FF
:1063B00008B50D4B5A69D10710D518B9BDE808408A
:1063C00002F014B95B69DA070DD402F001F9032376
:1063D000064A1364A2F58052536404E05B69DB074C
:1063E00001D40028F1D108BD00C001B800A00950B7
:1063F0004FF0806310B1024A53617047014AFBE7D6
:10640000001002B8002002B8202350B1064AC2F89A
:10641000F433064B196C11F0010104D1032003F091
:10642000F7BD034AF3E77047001002B800C002B896
:10643000002002B8034BDB6913F4401F0CBF01209E
:10644000002070470080E00F0F4BDB68C3F303634D
:10645000013B0B2B0FD8DFE803F006060C060606FF
:1064600006080A0808080220704704207047052023
:10647000704703207047054B5B6913F0060F0CBF94
:1064800001200420704700BF000002B800C001B81E
:10649000094AD368C3F303630B2B08D06FF4905001
:1064A000184100F0010080F0010040007047506C7E
:1064B00010F48030EDD17047000002B80C4AD36868
:1064C000C3F30363062B07D8042BD8B20BD8C31E23
:1064D0005842584140007047072B06D1D2F8680156
:1064E0000028ECD17047022070470020704700BFA1
:1064F000000002B8094BDB68C3F303639A1E012A4C
:106500008CBF00220122012B02701EBF4FF40262D9
:1065100022FA03F303F001030B707047000002B886
:106520000023074A00EBC000810002EB80004360BB
:10653000535003764FF6FF73C3810361704700BF6A
:10654000AC9B002010B50A460446A1B10E4A0F4983
:106550000F4802F06DFC4FF054320E4BC3F8DC20B4
:10656000552283F8E220FF22A3F8E020802283F85E
:10657000E7204FF401524FF40151204605F0D6F9BF
:1065800005F0F2F9002010BD1C13030824130308C2
:10659000EC120308003E00B024235843044B1B6850
:1065A0009B681A18127E022A0CBF185800207047E8
:1065B0009C12030807B50D4AA2F8E01090F82930A4
:1065C0000C3B052B4FF000030DD901938DF80410FF
:1065D000D2F8DC3069461BBA05220093FEF75AFF59
:1065E00003B05DF804FB1846FAE700BF003E00B0B8
:1065F0001FB50F4BC3F8DC1083F8E22090F8292078
:1066000009BA0C3A052A89BF00220422B3F8E03007
:10661000CDE90212019185BF052202A90DEB02010D
:106620008DF80C30FEF736FF05B05DF804FB00BFB7
:10663000003E00B02DE9F04F8B4B87B01B6807463A
:106640000E460492019323B90E24204607B0BDE8FC
:10665000F08F019B00251A68844B097F1A60042281
:10666000C3E90325019ADFF830925269122928BF45
:1066700029465A615D60C3F80890FEF745FA337FFA
:106680007B4A87F8293047F6FF73138006F117031A
:1066900002936FF01F034C46AA46AB469B1B059323
:1066A000029B5FFA8AF013F8018FB8F1040F02938E
:1066B00004D056F82A30039301334CD1FFF730FF52
:1066C0002435902D0AF1010A04F12404E8D1694B24
:1066D00083F8E9B0327F83F8E320737F9B0715D5F9
:1066E000654B1B68002BAFD09B68D9F800201B6856
:1066F0009A420CBF614B624B1B68002BA4D09B6875
:106700001A685B69C9F80020C9F81430049B384640
:106710005649002B00F0A48006F0E4FE554B3846A5
:1067200093F8E220D3F8DC10B3F8E050FFF760FFF5
:10673000044620B929463846FFF73CFF0446727FDD
:106740004FF4002112F0010218BF4FF40022384626
:1067500005F0ECF879E7049B002B4BD0B8F1020F61
:1067600021D0B8F1030F3FD0B8F1010F3FD1454B15
:106770001B68002B48D1FFF7D3FE23688BB1039B26
:10678000029A6360059B33F91230394A6382B2F989
:1067900000209A4261DCB8F1020F1DD0B8F1010F60
:1067A0008ED1102319E0384B1B6813B9FFF7B8FEE0
:1067B0000FE0A6469B6803EB050CBCE80F00AEE8B3
:1067C0000F00BCE80F00AEE80F00DCF80030CEF898
:1067D00000302368002BD2D1012303FA0AF34BEADD
:1067E00003035FFA83FB6BE7284B1B680BBBFFF7C8
:1067F00097FE2EE0B8F1030FF9D8DFE808F00204A5
:106800001618234BF1E7019BA6469B6803EB050C8A
:10681000BCE80F00AEE80F00BCE80F00AEE80F00C8
:10682000DCF80030CEF80030A7E7134BBCE7194B7B
:10683000DBE7A6469B6803EB050CBCE80F00AEE85F
:106840000F00BCE80F00AEE80F00DCF80030CEF817
:1068500000302368002B92D132E7054A13809AE773
:1068600006F05AFE5AE700BF98120308949B0020D6
:10687000E0A10020003E00B0901203088C12030833
:106880008412030894120308881203087C12030878
:10689000A012030880120308AC9B00200F4890F858
:1068A000E63003F00702072A08BFFF220A70B0F89B
:1068B000E4204A8090F8EC200A711A064CBFFF23AE
:1068C000DB088B71054B93F8E730802B0EBF6FF020
:1068D0007F03323B5BB24B71704700BF003E00B09C
:1068E0004C4BF0B5196040F2011385B003A9054681
:1068F000ADF80C30FEF772FB044600286BD195F81A
:106900002930454E454A0A2B326003D0072B1CBF65
:1069100010323260424A4E2152F823404FF4207226
:10692000207FC71A7842784105F0E2FA2146012219
:106930002846FFF77FFE044600284CD195F8292011
:106940000A2A05D0112A49D8364BD340DB0745D552
:1069500000234FF48012CDE900330023104619467E
:1069600003F04CFED5F81841002C50D095F8293092
:106970002D480E2B01D0112B12D100231A46194697
:106980002A4E837156F8047B0131013718BF01325A
:10699000C9B21CBF0123D2B20429F3D103B1827161
:1069A000B5F81C31046083801F492846FFF7B4F80E
:1069B000044680B9012228461146FFF76FFA1022DB
:1069C0001B4B214628465A6406F021FE044610B1AE
:1069D000184B194A5A64204605B0F0BD2846316864
:1069E000FFF728FA04460028F5D1012210261146A7
:1069F0002846FFF753FA0E4B012128465E6406F045
:106A000006FE04460028E6D00A4B5E64E3E7022453
:106A1000E1E700BF909B00208C9B0020CCA00020D1
:106A2000A00F030880400200C0A000204810030807
:106A3000001002B8002002B8100000402DE9F84311
:106A400007460E4611B92120BDE8F883112A4FF000
:106A5000010007D84C4900FA02F30B422BD1DD07A5
:106A600000F18F8000234FF006089C460E2ADCB20E
:106A700023D1012C32D80221B579A542E3D9D6F829
:106A800008E04FEA03190EEB03152EF80930C5F89C
:106A900008C085F80CC085F80280C5F804C0013331
:106AA000002856D0012C46D107240129AC7052D8B9
:106AB00002216973DAE70020D4E7112A03D1012CFF
:106AC0000CD80521D8E7A2F10C01C9B20129D3D90C
:106AD000A2F10F05012DCFD9032CCDD108B3384633
:106AE00006F00AF9E8B1B279631CDBB29A42AAD97E
:106AF0000122B168250101EB041042604A530022D3
:106B0000092582600273857002204FEA031C044449
:106B100001EB03135860E4B221F80C009A601A7379
:106B20009D7040F21A43B47131463846B380BDE8D7
:106B3000F843FEF7F1BF022C0BD14FF0080E85F899
:106B400002E04FF0010E7145C5F804E003D86C7304
:106B50008CE7012913D90F2A06D10221042B69736E
:106B60000BD00321DCB287E7A2F11004614261413E
:106B70004900042B69737FF479AF0424AEE7022146
:106B8000F7E7022060E700BF804402000121164BB6
:106B90001648D3F8DC2010B583F8E9104264D3F826
:106BA000E44022440264002283F8E820104B4FF4B2
:106BB00040601A6003F580531964032302220D49D3
:106BC000C1F88C300C4BC3F88C200C4A50654FF444
:106BD0008060A2F5805250654FF40042C1F8B420A5
:106BE000C3F8B82010BD00BF003E00B0004000B8A0
:106BF00000C002B8006000B8005000B8006001B8E2
:106C0000D0F8E43013B11A68032A10D8094BDB6BB3
:106C1000C3F3C20213F0380F03F0070018BF50434C
:106C200013F4E07FC3F3821203D050437047986A95
:106C3000400E7047008001B8FF28074B09BF0A6863
:106C400051F82020C3F878224A6818BFC3F8782288
:106C5000C3F87C22704700BF004001B8FF220B4BF5
:106C600010B59A6008F0C1FE0E210446032002F020
:106C70001DFB40F20122064B2046DA6208F0B0FE0E
:106C8000044AD36813F0706FFBD110BD002002B826
:106C9000004000B8000002B803460846082110B5BD
:106CA000094CC4F87032094BC3F8E81042B9C4F873
:106CB000782206F0CFF9D4F8740240F0802010BD9D
:106CC0000023C4F87C32F4E7004001B8002002B889
:106CD0004FF400120A4B10B50A4CDA64E36813F063
:106CE000706FFBD1084B186800F0E6FC0822074BD8
:106CF0009A60E368C3F30363022BFAD110BD00BFAF
:106D0000005001B8000002B8EC9C0020001002B84E
:106D10002DE9F041DFF8F080FFF7A0FFD8F8006020
:106D200040F2A312708F01213F2894BF0020012060
:106D3000B46905F0DDF8708AF5693F282D4E40F200
:106D4000A71294BF00200120012105F0D1F8336A79
:106D5000294F2360736C6360736DA360FB6CE36009
:106D60003B6F236102F068FD6061D8F80000FFF717
:106D700047FF224BA0619B6ADFF89080E361D8F85F
:106D8000D03E236200F040FB6062D7F83C31A36242
:106D9000D7F81C31E3621A4BD3F8D8202263D3F81A
:106DA000E0206263D3F8DC20A263D3F85021E263D1
:106DB000B26A2A60F26A6A60726FAA60D6F8A82086
:106DC000EA60D3F808212A61D3F814216A614FF4EC
:106DD0000072D3F8E830AB61D6F8CC30EB61094BE8
:106DE0005A64D8F8D03E23F40063C8F8D03EBDE81A
:106DF000F08100BF00C000B8004001B8004000B8FA
:106E0000000002B8002002B8EC9C0020003000B066
:106E100030B5124B98B10278132A10D9441C00F1F6
:106E200011021D4620686168083403C594422B4650
:106E3000F7D1206828600020094B187030BD41F25E
:106E4000311240F22921C3E90012064A9A6002F188
:106E5000FF226432DA60044A1A61ECE73C9C0020AD
:106E6000339D0020000100022F00000730B5114CB7
:106E7000114D41EA8221C4F8D850039D4FF4FC32F1
:106E800043EA85530D4D41EAC0111D430C4BC3F835
:106E9000D8500425C4F8D85041F6FF75C4F8E05026
:106EA000C3F8E010C4F8DC20049AD202C3F8DC2056
:106EB00030BD00BF002002B8032BC03078D40F03D0
:106EC000001002B84FF4FF62074BC3F8142130B929
:106ED000490141F00801054BC3F81411704709023C
:106EE00041F01001F7E700BF002002B8001002B81F
:106EF00060232DE9F047284D284CC5F85031022376
:106F00004FF48036A3620123DFF89C80E3620746DA
:106F1000C8F84460142006F09DF8214B6664D3F84D
:106F2000506143F6FF736367C8F874303F234FF036
:106F3000F072C4F8A8301B4BDFF870A0C3F808212A
:106F40004FF0A073C5F80831002506F470064FF421
:106F5000803929463846FFF7B5FF142006F07AF845
:106F60000520C8F8449006F075F80F20C4F8449046
:106F700006F070F8DAF808309B0502D50135082DC7
:106F8000E5D14FF47002074BC3F85021A3F58053AD
:106F9000C3F85061BDE8F087001002B800E000B807
:106FA000000002B8002002B800D000B800C000B84D
:106FB0002DE9F74300250746324E02F03DFC324AE8
:106FC00036F825305343834202D201350F2DF7D1D5
:106FD00006F0C0FD06EB85039C78DB7881464443D0
:106FE0004FEA850813B1B4FBF3F4640802F02AFCFD
:106FF000264BA4EB40041868FFF702FE4A4604FB48
:1070000000F1012A38BF01220023C804490B05F012
:107010005FF91F4B46445863282006F01BF8FFF722
:1070200057FE4FF480111B4B1B4A1C48C3F83C21F0
:107030001B4A0F2DC2F83C111A49C3F81C114FF01E
:107040004061C2F81C11184A1A670268A3F5204370
:107050005A644FF0010203F50053C3F8CC20837C3F
:1070600008BF0323C27CCDE90032437CF278B178BB
:10707000C07BFFF7FBFE384603B0BDE8F043FFF7E7
:1070800037BF00BFE2A1002040420F00EC9C00206F
:10709000008001B8006001B8FFFF0F003C9C002099
:1070A000005001B800F0FF07F8FF0100022838B5D2
:1070B0000D4614461AD004284DD1FFF7CFFDFFF737
:1070C00007FE264B14F0010F5C6403F500533ED11C
:1070D0004FF0C0621A62224B224A00201A674FF01A
:1070E0008022C3F87822C3F87C222FE0FFF7B6FD98
:1070F0002846FFF75DFF4FF08022194B4FF4004503
:10710000C3F87822C3F87C224FF4702203F52043A1
:10711000D3F8504103F50053C3F85021A3F5A83329
:1071200005205D6405F096FF0F4B05205D6405F0BA
:1071300091FF0A4B04F47024986803F5A83380F497
:107140008070C0F300204000C3F8504138BD0122D8
:10715000C3F8CC20BCE72120F8E700BF00C000B88E
:10716000006001B8FFFF010000E000B8034608B965
:107170000C4BDB7A022B07D0032B09D0012B0ED14D
:10718000084A107A38B97047064A507A18B97047D9
:10719000044A907A20B1044A0120137070470020FD
:1071A000704700BF3C9C0020339D002008B5034978
:1071B0000878FFF7DBFF087808BD00BF339D00208B
:1071C0002DE9FF412F4B304DD3F800802F4FD8E9E8
:1071D0000646FFF743FD236801212B6263686B6459
:1071E000A3686B65E368FB6423693B67226A284BED
:1071F000C3F8D02E94F8240000F0D4F8002163697D
:1072000003910293E36901A8ADF80C30A3690191E1
:107210008DF80E3002F098FDA36A4046C7F83C3165
:10722000E36AC7F81C31226B1A4BC3F8D820626B93
:10723000C3F8E020A26BC3F8DC20E26BC3F8502156
:107240003268AA627268EA62B2686A67F268C5F870
:10725000A8203269C3F808217269C3F81421B26901
:10726000C3F8E820F369C5F8CC3000F025FA012214
:10727000094B9A64402203F5E0335A6104B0BDE83B
:10728000F08100BFEC9C002000C000B8004001B8B5
:10729000003000B0000002B8006000B838B5044605
:1072A0000D46FFF735FD631EDBB2FD2B1DD8012C0B
:1072B00013D10121084600F075F8002201210220B7
:1072C000FFF7F4FE68BB4FF47A70194B01229989DD
:1072D00041435868FFF7E0FC686029462046FFF705
:1072E000ABFCBDE83840FFF76BBF0121002000F088
:1072F00059F8002202201146FFF7D8FE024650B985
:107300004FF47A700A4B998941435868FFF7C4FCDF
:107310002860FF2CCCE7074BD3F8480240F08020D0
:10732000F6E7044BD3F84C3243F080236B60D4E78C
:107330003C9C00200080E00FF0B585B006466D460D
:10734000174B0F4614460FCB85E80F0096B1D6F8C1
:10735000E4307BB11A68062A0CD9D868FFF758FDCB
:10736000FFF724FFFF2819D0022803D12946204621
:10737000FFF794FF4FB1631EDBB2FD2B0CD9009BCE
:10738000FF2C3B6001D1019B7B60224629463046A1
:1073900005F06BFE05B0F0BD012CF3E72120F9E705
:1073A00028120308144BFF281870144A144B09D1F3
:1073B0001821C2F8FC131022C3F8FC23114BD3F898
:1073C00074320DE0C0431821C00000F00800C2F87C
:1073D000FC13C3F8FC030028F0D10A4BD3F8783231
:1073E00040F2FF31054AC3F30903C2F80C11A2F5BC
:1073F0008052C2F80C317047349D0020002002B842
:10740000001002B80080E00F014B1878704700BFF1
:10741000349D00204FF03A43D3F81421D2031ED5F7
:107420004FF480320E49C1F81421A1F58051C1F802
:1074300018215A6DD1B2C2F30722C3F8A410C3F8C1
:10744000A4200422C3F8A4200022C3F8A420C3F877
:10745000A420C3F8A420C3F8A420C3F8A420704734
:10746000002000BAF0220B4B01219A64A022A3F560
:1074700080539A644FF03A43826CC3F8F410FC21B5
:10748000C3F8CC10C3F8D0204FF40052C3F8F0205A
:10749000704700BF006000B8F8B50D464FF03A44A1
:1074A0001746064608F0A1FA01230421074A636340
:1074B000E76026616561C2F81411054AC2F884319B
:1074C00008F08EFA0DB102236363F8BD002000BA04
:1074D00000E100E02DE9F04105460124006800F0DC
:1074E0000700063004FA00F3A868EC685E1EA042AC
:1074F00062D000EA060E6C6810441E430640A3EBFF
:107500000E000EEB040C8242644618D9D31A0EEB1F
:10751000030298B1431E052B04D94B1CACEB0303AB
:10752000022B59D80B460844ACEB010E03EB0E01BD
:1075300013F8014B83420C70F8D101466C688AB194
:10754000531E052B01F1010302D9E01A022812D8BB
:107550000A44611E00E0013313F8010C934201F864
:10756000010FF8D108F041FA0223AE60AB62BDE82A
:10757000F04108F035BA0B46204622F0030E8E4447
:1075800053F804CB734540F804CBF9D122F0030340
:10759000D01A920701EB030C04EB0307E2D0CA5C9C
:1075A0000128E254DED09CF8013002287B70D9D04B
:1075B0009CF80230BB70D5E7042A35D90878043A24
:1075C000A86148780431A86111F8020CA86111F88B
:1075D000010CA861A8688CE70B4620F003070F4454
:1075E000ACEB010E1C684EF803400433BB42F9D1EA
:1075F00020F0030310F0030F01EB030EA0EB0304D4
:107600000CEB030728D011F80380012C0CF8038041
:1076100022D09EF80130022C7B7018BF9EF80230F9
:10762000084418BFBB7088E7013A032A12D8DFE884
:1076300002F00F1507020B4613F8012B1946AA6139
:107640000A4612F8013BAB61114611F8013BAB61F0
:107650000B78AB61BDE8F08108446EE70A46F3E7BA
:1076600038B50B46154601464FF03A4468B1012241
:107670001048C4F8F4201A46FFF72CFF25B14FF04C
:107680003A430422C3F8F42038BD73B1D4F8D820AB
:107690009A4284BF0122C4F8F4204FF03A42C2F863
:1076A000D4300223C2F8F430E8E70123C4F8F43000
:1076B000E4E700BFCC0000BA38B5044608F095F9FD
:1076C0004FF03A420121638F054651674BB3B3FA3D
:1076D00083F3C3F11903DBB2A069C2F8B410C2F896
:1076E0008C300723C2F89000C2F8B0304FF4A023CA
:1076F00002F50052C2F81431A2F58052C2F81831D6
:1077000000220C4B1A600C4B5B6C5B0209D54FF4EA
:1077100080020A4B04F1F8005A64D4F8941001F086
:1077200075FE4FF4E0232846E363BDE8384008F0D7
:1077300057B900BF509C0020000002B8002002B8DA
:10774000044B186820B140F001021A6020F00100DB
:10775000704700BF509C00202DE9F84305460C46B9
:10776000B1B1D0F81880478F08F03FF9B5F83CC0A8
:10777000791E01EA0C0323F00702032C0646DFF80A
:10778000F8E042445ED1DEF8004024B908F028F960
:107790000E20BDE8F88324F00104DEF8000020F09C
:1077A0000100A04253D10023CEF800302388944238
:1077B0006FEA43436FEA534323803ED1EB8F08EBDC
:1077C00007091846083880B202F108044C4528BF62
:1077D0004446082804D9B4F800E0BEF5804F40D2F2
:1077E00063440F431B1A3B409BB2AB87E8879478F6
:1077F00011884FF03A42C1F30C019165C2F89830FC
:10780000C2F8B0004FF48022174B04F00704C3F80D
:1078100014210122154BC3F88421FFF7FBFD042C32
:107820000BD14FF48002124B05F1F8005B6C114B49
:107830005A64D5F8941001F0E9FD304608F0D0F80C
:107840000020A6E7601E012898BF1446A5E7E88F30
:107850004344E31A48BFDB1908389842A6DC304697
:1078600094E72246AEE700BF002000BA00E100E046
:10787000000002B8002002B8509C0020154B10B543
:107880001968CA8F8B8F488F13440138073B8C6966
:10789000034023F007031C4402F108034FF03A426F
:1078A0009BB2CB87C2F8B0304FF480220A4BC3F8AA
:1078B00014210122094BC3F88421A07800F00700AD
:1078C000042803D1064AD3681B03FCD4054B1C6073
:1078D00010BD00BFEC9C0020002000BA00E100E0D9
:1078E000000002B8509C002010B5064C216839B148
:1078F000CB0703D4044B1868FFF72EFF0023236047
:1079000010BD00BF509C0020EC9C00204FF4803242
:107910000C4B0D49C3F818214FF03A43C1F814211C
:10792000D3F8AC10D3F88C20012302F00702063202
:107930009340C1F30C01083B994201D8FFF76ABD9F
:10794000704700BF002000BA001000BA2DE9F047D0
:1079500080460C4616468769458F08F046F8B8F809
:107960003C2005F1FF3C02EA0C0323F00701032C45
:1079700082463944B8F83E0019D14A4C24689CB973
:107980000244073A02EA0C0222F00702BC183B4408
:10799000E31A48BF5B19834210DB504608F020F819
:1079A00000242046BDE8F08724F00104EFE7012C15
:1079B00002D0022CEBD108380C46E8E7002E3FD06D
:1079C0008C4241D14FF03A42D2F858904FF03A41B0
:1079D000D1F8AC20B8F81270C2F30C02934247DA27
:1079E0002588B5F5804FD8D2A378C5F30C0503F0F0
:1079F00007037A1EA5EB09053A43052B337005EA08
:107A000002052DD82DB2E84340F241420421C00FB7
:107A100004F06EFA7580E3783374D8F81C207B1E6E
:107A200003EA0903D118B160A9B213FA85F5AF4290
:107A30002FBF0023FF1AB780F26024BFB180F3602C
:107A4000504607F0CDFFACE7A4F10802974284BF8F
:107A5000ED0802EBC502B2F80090C9F30C09B5E7D6
:107A6000114B5B6D003B18BF0123A5EBC305C9E7B4
:107A70004B6D7A1EA3EB09033A431A400B4915B22A
:107A8000002DCB680BDCC3F30363D81E4342434194
:107A9000DB003370CB6C72801B0A3374BDE70823A4
:107AA000F7E700BF509C0020004000B8000002B87B
:107AB000054BA822D3F84C013121431C0CBF0120F7
:107AC000C0F3807004F014BA0080E00F034B1A6812
:107AD00002609B8883800020704700BF22A20020A4
:107AE00010B50446084B063C9B689847074B032C8F
:107AF000D3F8F80706D800F4C020B0F5C02018BFAE
:107B0000012010BD0020FCE748A10020000002B8C1
:107B10000E4BD3F8FC37FF2B0ED0C3F3421103F00A
:107B20001F03013303EB4112FE2A88BFFE23084ADC
:107B300098BF03EB4113137041F66A02054B1B68B3
:107B4000B3FBF2F3044A1360704700BF000002B8B1
:107B500032A20020709C0020549C0020063803288C
:107B60009ABF024B18780020704700BF32A2002055
:107B7000334BD3F8F827D3F8FC17324B1B68D3F8F4
:107B8000E43013B11A68032A2BD82F4BDB6BC3F3F5
:107B9000C20013F0380F03F0070218BF424313F47A
:107BA000E07FC3F3821000D04243C1F34213022BA3
:107BB000234919D9062A37D9D1F8FC3313F0010328
:107BC00035D14FF0E0702149092AC1F82C01204835
:107BD000C0F82C316FF0FF03C1F828311DD91D4BBF
:107BE0001DE09A6A520EE0E70023D1F8FC13C907A2
:107BF000E7D5032A1CD84FF47C71144A43F44C7324
:107C0000C2F82C114FF0E071C2F82C111049C1F8E4
:107C10002C316FF0FF03C2F828314FF408530C4A9F
:107C20000020C2F8283170474FF40003DDE700233D
:107C30004FF47C70054943F43873C1F82C01C0E758
:107C4000000002B8EC9C0020008001B8002002B8BF
:107C5000001002B8002DB00BF8B5834D044629780A
:107C6000002950D12C22814804F044FD2378804F14
:107C7000FF223B70638800247B807E4B4FF4815051
:107C8000C3F8DC407C4B1A7007227C4BD3F8F81702
:107C9000D3F8FC6703F50053C3F8FC234FF470726C
:107CA000C3F82C21764A4903C3F830214FF0010272
:107CB000C3F83421C3F86C014FF40060A3F580537E
:107CC000C3F86C0126D4C3F8FC234FF4307216F0CD
:107CD000E00FC3F82C2108BF4FF480524FF008008A
:107CE00008BFC3F86C21E6F76BFB4FF47804202241
:107CF0006449C1F86C213A78063A032A2BD8DFE8A8
:107D000002F0156B6E7300235F4AC2F8FC305F4AC5
:107D10001370ABE70421C3F8FC1380210920C3F8DA
:107D20002C11C3F83421E6F74BFBE0E716F0E00F27
:107D3000C6F3421204D144F40C3444F440740AE013
:107D4000012A1BBF2020524A44F4C134C2F86C01FE
:107D500018BF44F48024C1F83041FFF709FF002820
:107D600039D14C4B1A68B2F1406F474A5BD3D3F814
:107D70007C1201313BD0D3F87C12C9B2C2F8DC10BE
:107D8000D3F88032404ADBB24249C2F8E430D1F83D
:107D90008432013343F63F7332D0D1F884421C4021
:107DA000C2F8D840D1F888120B40C2F8E030394B05
:107DB000D3F88C1201312CD0D3F88C1201F0FC01D5
:107DC000C2F8F010D3F8903203F0FC032E4AC2F848
:107DD000F43001232B70F8BD44F40834ADE744F4CB
:107DE000A73444F48074B6E744F4FE44B3E723496F
:107DF000D1F82831DBB2C2F8DC30D1F82831C1E744
:107E00001E4CD4F824111940C2F8D810D4F824110B
:107E1000CAE71A49D1F8343103F0FC03C2F8F03054
:107E2000D1F83431D0E71549D1F8F847D3F83012FA
:107E3000C9B2C2F8DC10D3F83432DBB2C2F8E43095
:107E4000630357BF43F62B3341F61B33C2F8D830D8
:107E5000C2F8E03049BFC2F8D830FC23C2F8E030A5
:107E6000DC23C2F8F030B1E7369D0020D43F00B0EB
:107E700022A20020004001B831A20020000002B878
:107E800000FFFF00001002B8003F00B0359D002049
:107E9000002002B80080E00FD0F8A4104C22022984
:107EA00038BF02212DE9F04F804690F824A1814887
:107EB0000139C36CD0F8DC507F48C3F38213DA4039
:107EC000036898F82B708B42DFF828B27B4B87B0A1
:107ED00002F0010219D11C78944216D1784C247812
:107EE000544512D1D8F8A8407CB1AC420DD1754CA4
:107EF000D4F8F840A60608D4734C2478BC4204D1C8
:107F0000BBF8040007B0BDE8F08F01609BF80000EB
:107F10001A70FFF723FEFF2F81466A4840D1AAF16D
:107F20000603032BD0F8F800684B09D985064DD518
:107F300040F2FF30C3F88800FB0843F4407309E0C7
:107F4000840642D540F2FF300127C3F88800BB0801
:107F500043F438735E48C0F888305C4B0120C3F8A6
:107F6000E0005C4B1E6840F27123B6FBF3F6192368
:107F70004E43B6FBF3F65AB3D8F8E4502DB12B6854
:107F8000082B40F2948095F83850294605A80596AC
:107F900005F02CF90602059C46F011062D043CE084
:107FA00009F1FF33BB4228BF3B46012B38BF0123F9
:107FB000D0F8F800DFB2800608D540F2FF3443481D
:107FC0001B06C0F88840B7D4C1E70127404BC5E77E
:107FD000414B9821A3FB062303A8039305F006F960
:107FE000039C3E4A361BA2FB06120190342104A8D2
:107FF000049205F0FBF8049D0090761B302105A843
:10800000059605F0F3F8019B009A1E02059B2C448F
:1080100046EA0216324D06431C44324B40F69702A4
:1080200018682B21003818BF012003F061FFFA22E5
:108030002C4B02FB04F01B6840F6FF72B0FBF3F020
:108040000A235843214B00F57A74C3F8D820A3F5CE
:108050008053C3F8D860A3F58053C3F8DC50224B9B
:10806000224E1B78C6F8D4700BB9C6F8FC7086F89F
:10807000FB9000F58C50C8F8A8501D4D14302C60B2
:1080800002F006F84FF47A72C6F89800C6F8EC00D1
:108090002B680D49B3FBF2F3ABF80430084BB4FB8B
:1080A000F2F083F800A098F82B300B702AE7002537
:1080B0006BE700BF004001B81CA10020379D0020E5
:1080C00030A20020004F00B02FA20020006001B8B5
:1080D000005001B8709C002069C2F568B97A146E2E
:1080E0003064FC00549C0020359D0020003F00B00F
:1080F000589C002022A2002010B5104B0246187890
:108100000F4C0C2802D1FF20207010BD831F042BC0
:1081100034BF0121FF21FFF721FD904228BF104607
:10812000C0B2884238BF084623788342EDD0054B61
:1081300020701868FFF7B0FE2078E6E722A2002042
:1081400031A20020EC9C002008B50E4B02461878A6
:108150000C2812D0FF2A13D0FFF700FD904228BF51
:108160001046C2B2012A38BF0122074BC3F8FC20D7
:108170000123064910460B7008BD0023FF22F8E7D3
:108180000023F6E722A20020003F00B0359D00202A
:108190000020044B1870044BD3F8D420C3F8FC2003
:1081A000704700BF359D0020003F00B010B5044669
:1081B00003F056FC78B1154B1B786BB964B1144BC6
:1081C0001B784BB1134B1B78013B012B04D84FF4A8
:1081D0000042114B1A6510BD104B1B6D1B04FAD4E5
:1081E00007F003FC044602F033FD4FF400420C4B51
:1081F0002046BDE810401A6502220A4BC3F8242528
:108200000422054B5A6407F0EBBB00BF389D0020E9
:10821000399D00205C9C0020002002B8000002B8BC
:10822000001002B800D003500122024B00201A7047
:10823000FFF7BCBF389D00200022024B01201A70BE
:10824000FFF7B4BF389D0020054BD3F8843013F0FE
:10825000030F4FF4802314BF024A034A936470470C
:10826000004000B8005000B8006000B8594B2DE93C
:10827000F34193F82E800646B8F1000F40F0A88035
:108280009B68554C984701213A20E5F729FD534B4F
:108290002578534F1E7085BB2846FFF787FF23784C
:1082A000013B012B19D8E37B01A88DF80430237C16
:1082B0008DF80530E3F736FFC7F824554FF6FF7207
:1082C000484BC3F88420F822A3F58053C3F88420D8
:1082D0000022434BC3F824250DE04FF6FF72414BBB
:1082E000C7F82455C3F88420F822A3F58053C3F8B7
:1082F0008420C7F824553C4B5BE04046FFF756FF0F
:108300002378013B012B08D8E37B01A88DF80430CA
:10831000237C8DF80530E3F705FF0023C7F82435EB
:10832000002ECBD062685AB3304B1B6803EB52036C
:10833000B3FBF2F3013B1B0243F0F8032678294913
:10834000022E2B4A1ED0032E4FF6FF75244826D04E
:10835000012E37D143F00203C1F88450C2F88430B3
:108360000723C0F82435E37B01A88DF80430237C73
:108370008DF80530E3F7AAFE0120FFF717FF17E09D
:10838000F823DBE74FF6FF7043F00103C1F88400E8
:10839000C2F884300622124BC3F82425E3E743F0E9
:1083A0000503C1F88450C2F884300423C0F8243592
:1083B000104B4FF080421A65FFF746FF002002B0D5
:1083C000BDE8F081C1F88450C2F884300023EDE7A5
:1083D0000E20F4E748A100205C9C0020399D00207D
:1083E00000C00350006000B8002002B8709C00205C
:1083F000005000B8001002B8DFF8CCC02DE9FF41F2
:108400009CF82E800446B8F1000F54D12B4F06463D
:108410003D460FCE0FC533682B60DCF80830984717
:1084200001213A20E5F75CFC254BC3F82485A17AAD
:10843000627A42EA0142C3F83025217CE27B42EABB
:108440000142C3F82C25217B627B41EA0240C3F83C
:1084500028053B78032B2AD8DFE803F022020C170B
:108460008DF8041004218DF805200DEB0100002289
:10847000E5F794FBE37B00228DF80830237C042190
:1084800002A88DF80930E5F789FB637A01228DF89F
:108490000C30A37A042103A88DF80D30E5F77EFB9C
:1084A000084B187804B0BDE8F041FFF7DFBE21208B
:1084B00004B0BDE8F0810E20FAE700BF5C9C00200C
:1084C00000C00350399D002048A10020034B1B6DC4
:1084D000002BBCBF024BC3F888007047000002B8F5
:1084E000004000B8304B2DE9F047DB6898474FF467
:1084F0007A762E4BB0FBF6F618604FF4FA7373439E
:1085000007462B48190E1B0218182A4A4FF0000381
:1085100041F1000103F0DCFE274BA0F58072054617
:108520001A6320B948222B2103F0E2FC01254FF405
:108530007A724FF0000A6A4353465008310203F042
:10854000C7FE1D4B1D4AB7F57A7F9A601C4B4FEA58
:10855000056819601B4B8946044618604FEA1525CB
:1085600005D29B222B21504603F0C2FC01264FF47A
:108570007A73A8FB030103FB05117308C01841F1CE
:1085800000010023324603F0A3FE0F4B02341960B2
:108590000E4B49F10009A408186044EA8974064B9F
:1085A000013C9C63BDE8F08748A10020709C00203E
:1085B00020A1070040420F0000C001B802110100D5
:1085C000849C0020809C00207C9C0020789C0020C3
:1085D0001022044BC3F884215A600122024BDA6056
:1085E000704700BF00E100E000C001B81022064B58
:1085F000C3F88421C3F88420BFF34F8FBFF36F8F7C
:108600000422024BDA60704700E100E000C001B8CC
:1086100010B50446A242A2EB0000A3EB010104D274
:10862000034B01399B6B0133184401F0030110BD6A
:1086300000C001B838B501250A4B02019D504FF426
:1086400080730446084A8340536607F0CEF9074A10
:10865000A540137823EA05031370BDE8384007F0FE
:10866000BFB900BF00E101B800E001B8429D0020A1
:108670002DE9F84F164605468A461F4607F0B5F91C
:10868000022E00F09180804607F0B8F95A4B5B4A01
:10869000D3F8209092F8CD405A6EE4B2520744BF0E
:1086A000D3F82090013404F0030407F0A2F94846FF
:1086B000214600F099FA8446DAF80000012E04BF42
:1086C00001306044ACEB000C08BFCAF80000BCF1FC
:1086D000804F7DD300F09AFA8145A1EB040188BF59
:1086E000454BDFF838C188BF01F1FF3101F00301CC
:1086F00088BF9B6BA0EB090E0CF80510A1B1F90720
:1087000042BF41F61F723E4B5A67BA0742BF3C4B0D
:108710003C4A5A677B0742BF0022374B9A673C07A7
:1087200042BF0022344B9A6511244FF0010A324BAC
:1087300005F11002120103EB051BCBF80C013249C5
:108740009C501A6A0AFA05F4586E0B78A2EB0902DB
:10875000E4B2234372450B7025D34FF48073AB40D2
:10876000034220D11CF80520002A40D10EB3274A2D
:10877000F807536607D541F61F7140F20110204BF0
:10878000596750675967B90706D51D4B1D4A1F49E0
:108790001F485A6748675A677A0742BF01221D4B34
:1087A0001A613B071AD4404607F01AF90120BDE8C8
:1087B000F88F194A2D0142F805A042F89C3C07F0B9
:1087C00014F911490B7823EA04030B7007F008F938
:1087D000404607F005F90020BDE8F88F2120FFF79B
:1087E00075FE4FF48032044B4046DA60DCE7074AFE
:1087F00040465366D8E700BF00C001B8003E00B055
:1088000000E001B800001F1F429D002000D001B809
:1088100000000101000002B800E101B83A9D00200B
:10882000024B1878003818BF01207047429D002085
:10883000034B10300001185800F00100704700BFD2
:1088400000C001B870B50646FDF7AAFD044608B1A0
:10885000FFF7CCFE00230A4D3046AB61EB612B6283
:1088600000F0D4F9074BC9B283F8CD1028622CB1BF
:10887000FFF7AEFE4FF08062034B5A64002070BDDC
:1088800000C001B8003E00B0002002B82DE9F04160
:108890009DF818800D46B8F1000F08BF0022214E48
:1088A000B5F5803FB168074621F4700141F4A0019D
:1088B000B1609DF820409DF81C104FEA042444EA62
:1088C000016444EA031444EA084444EA02044FF011
:1088D000180140F2E9222CBF00200120746503F04A
:1088E00007FB3564B8F1000F1AD00F4BBC68D3F802
:1088F000B8307A2C38BF7A245B0606D500F0E8FC45
:1089000018B10A4BB3FBF0F31C44204600F07EF98B
:108910000130854238BF0022024B34BF5A6458648C
:10892000BDE8F08100C001B800C000B800093D00FA
:1089300038B51A4B5D6C35BB10242020FFF7C6FDFF
:10894000174B9C6002F06EFF2022164BC3F8842167
:1089500002F06EF848B12A4600200821FCF750FFCB
:10896000114B5C66A3F580531C67104AD36803F073
:108970007063B3F1807FF9D9084B0D4A5A6741F211
:1089800001429A6738BD02F053F80028F4D0094B31
:10899000054A5366A2F580521367EDE700C001B89F
:1089A000001002B800E100E000E001B8000002B8E9
:1089B000011B01181000002008B52120FFF786FDDB
:1089C0004FF48032014BDA6008BD00BF00C001B82F
:1089D0002DE9F0411C4D0446EB6BDB012DD500F079
:1089E000EBFC0646A0FB0447E86B4FEA1028050C99
:1089F00010F0FF0005D140F25A422B2103F078FA23
:108A00000120EDB2AD01B5FBF0F55FFA88F815EB8A
:108A1000881506D1284640F25F422B2103F068FA00
:108A200001252A4600232046394603F051FCB6FBB7
:108A3000F5F5064A1560BDE8F08100F049FC0546F1
:108A4000A0FB0401F5E700BF00C000B8749C002043
:108A50000246012030B50B4CA0F12003C0F12005E7
:108A600024FA05F504FA03F32B4304FA00F59542C2
:108A70008B4100D330BD0F2801D00130ECE7FF203F
:108A8000F8E700BF40420F0038B506F0B7FF084BCB
:108A9000084A1D6A92F8CD405A6EE4B2520744BFAC
:108AA0001D6A013406F0A5FF284604F0030138BD15
:108AB00000C001B8003E00B02DE9F0410E46FFF7BE
:108AC00087FFC30943EA4163C01A61EBD111FFF785
:108AD000BFFFFF28054661D0334B344A1B68344F33
:108AE000B2FBF3F8FB6803F07063B3F1807F3FD90A
:108AF0003327304CE36813F4603F03D1013F17F094
:108B0000FF0747D101234046236504F0A6FB06F08A
:108B10006CFF072D294628BF07210F27636A6A1EAD
:108B200023F4706343EA0223A26A22F0E05242EA8D
:108B300081622149C1F8B870204945F010070978D1
:108B4000A9421F492BBFA262C1F8B870C1F8B87022
:108B500063622CBF6362A26206F042FF154B5B6A40
:108B6000DBB2802B1DD03046BDE8F04100F010BCD8
:108B700010223324134B9A60FB6803F07063B3F147
:108B8000807FB5D8013C14F0FF04B1D00A2004F076
:108B900064FBF1E70A2004F060FBABE72120BDE8AD
:108BA000F0810220FBE700BF749C002040420F00D0
:108BB000000002B800C000B800E000B8319D0020FD
:108BC00000D000B8001002B80346064A103302EB8A
:108BD00000111B01D1F80C01D158C1F3400104F080
:108BE00047BB00BF00C001B8064B1B68434303EB03
:108BF0008171054B1B68A3FB003013F1004341EB6F
:108C0000000070477C9C0020789C00200C4A20F0DB
:108C10004043014610B5002014684FF00042E4FBC9
:108C20000320084A890F126802FB0300064B9B6B66
:108C3000984204D901330131C01A01F0030110BD7B
:108C4000809C0020849C002000C001B8044B01F0EF
:108C5000F071103041F0030100011950704700BF5E
:108C600000C001B808B52220FFF730FC4FF4802285
:108C7000014BDA6008BD00BF00C001B8836833B1A2
:108C80000549C268096803F13043032A00D87047D8
:108C900043F8041B043AF8E77CA1002070B516469F
:108CA000054600B3F9B1F2B14268104B00680332D7
:108CB0001B68920800F130409847044688B9EA687A
:108CC000A86803323146920800F1304004F0E9FA16
:108CD000044630B9D5E90402214600F1304003F0E2
:108CE00009FD204670BD2124FBE700BF24A1002020
:108CF00070B50C68651C15D0C4F302669E42C4F3BF
:108D0000074530D1A4B294422DD804EB8506B24277
:108D100029D2141BA50824F003040E59340F04D0E3
:108D2000012C08D00022212402E06B1C51F82320E2
:108D3000C0E9002470BD0E4C34F8133042EA0343FE
:108D40001A686B1C51F8234001EB83014B682240E9
:108D50005E4036F0704404D11B0F032B04BF8B68B8
:108D60001A430024E4E7013501EB8501C1E700BFA8
:108D70007412030807B501A8E5F700FC42F20102EE
:108D80000C4B0D49C3F870224FF4FC72C3F8E0207D
:108D90005822A3F58053C3F8E020084AA3F61C73B9
:108DA00052F8040B43F8040B8B42F9D103B05DF881
:108DB00004FB00BF006001B8104101B84012030875
:108DC00070B50324134E144DB3689847134A144BDF
:108DD0001A6501F015F9FFF7CDFF124BC3F81041EA
:108DE00001232B65336898474FF460736B614FF430
:108DF00000732B65FEF708FB0021FEF7D3FA8022F3
:108E0000094B1C64A3F580535C64084BC3F88421B0
:108E10005A6070BD48A10020001002B80048F00060
:108E2000000002B8005001B800A0095000E100E0C5
:108E3000836810B4074C03F1304324681B689C42DC
:108E400003D15DF8044BFFF729BF00205DF8044B08
:108E5000704700BF7CA100202DE9F04705460E4673
:108E60001446DFF88480DFF884901E4F88B01CB968
:108E7000204608B0BDE8F087B4F5006F4FF010024F
:108E80004FF000016846A24628BF4FF4006A03F085
:108E900031FC08238DF800300AF1FF339BB2009AB1
:108EA0001B0143F0036302EA090203EA08031343C8
:108EB000102200210DEB0200CDE90036029503F0EF
:108EC00019FC6A46387804A9E5F7A4FAA4EB0A0469
:108ED00006EB8A0605EB8A053878E5F7E7FA0028FD
:108EE000FAD0C4E733A20020F07F300C0F80CFF31C
:108EF000002210B5274B284C5A649A64DA6494F81F
:108F00002D2003F5805312B14FF000721A6594F8CA
:108F10002E20002A39D04FF400421A6594F83030E0
:108F20002BB14FF480521D4B1A65A36A984794F8F1
:108F300031201A4B12B14FF400521A6501225A61C6
:108F400002229A62134AD368C3F303630D2B01D044
:108F5000002BF8D111231249D3631248124AFFF7AC
:108F60009DFE01F0E3F91148FFF788FE1048FFF776
:108F700085FE1048FFF782FE4FF08062074B5A6172
:108F8000012203F580535A6110BD01213A20E4F714
:108F9000A7FEC3E7000002B848A10020001002B8F5
:108FA000DC1703080413030820130308D412030872
:108FB000EC120308BC1203080F4B10491A68012376
:108FC00002F58052C2F8803291660D4A53600D4A14
:108FD00053600D4A5360A2F580425360A2F54042AF
:108FE000536002F5C032536002F580425360A2F52F
:108FF00000425360704700BF44A10020FF0B0016E1
:1090000000D000B8001000BA005001B808B504F054
:1090100075FD044B1B681B6FC3F300430133B0FBAA
:10902000F3F008BD44A100202DE9F04F044687B0BD
:109030000290894659F8043B5A1C06D12360029BD2
:10904000E01A801007B0BDE8F08F3748C3F3016124
:109050005FEA137B30F8110008BFC3F307429BB2ED
:1090600018BF012243EA004004F024F94FEAC20A83
:1090700005460AF104032D48234483421BD80723E5
:109080000127C846CB4003F00103019393000493EA
:1090900007FA0BF705EB8203039307F0940304F13F
:1090A00008060593039B08F10408AB4208D1049914
:1090B00054444944BDE71E4B9C42E0D80020C1E720
:1090C000059B53B917F0420F19D117F0280F0BD198
:1090D00046F8085C58F8042C21E04FF42062322155
:1090E000002002F005FFF3E740F604223221019848
:1090F00002F0FEFE05F5805246F8082CEAE740F63D
:109100000D223221019802F0F3FE05F50052BBF169
:10911000010F46F8082CDDD158F8042CD24346F84C
:10912000042C04350836BDE76C120308DF4F00B08D
:10913000E04F00B070B5044698B1B1B13A4A52F868
:10914000043B834213D10023384A116CC907FCD475
:10915000374800EB830004F0ADF8364B1060012275
:109160001A6470BD01330C2B02D1334D2CE0012366
:1091700052F8041BA142F5D1304A32F81330E3E72C
:10918000C2F3016335F81300110C93B211F0FE0F16
:1091900043EA0043606820D00434CAB2022A21683E
:1091A00008D9D4E90160033AC3E9001698600C3489
:1091B0000C33F3E704D16268C3E90012083403E01A
:1091C000012A01D1043419602268531CD8D100222D
:1091D000164B1A6003F58053C1E7120F072AEDD82A
:1091E000DFE802F00704090D1013181DC04303F552
:1091F00000531860E2E71A6842401A60DEE703F5A0
:109200008053F6E704F029F8D8E7012203F58053EC
:109210008240F2E7012203F500538240EDE71A682D
:1092200030EA0202FBD1C9E7889C002000C002B8E6
:10923000404000B000D002B8741203080E9D002018
:109240000122014B1A657047001002B80122014B40
:109250001A657047002002B84022014B1A6570471A
:10926000002002B84022014B1A657047001002B876
:109270000B4B1B68D3F8E43023B11A68022A01D9DA
:10928000186A7047074B9A6E90B238B1064BC2F31A
:1092900007421B68DB085343B3FBF0F0704700BF85
:1092A000EC9C0020004001B8709C0020064BDB685D
:1092B000C3F30363984206D1044A936F23F0F0038B
:1092C00043EA011191677047000002B8003F00B007
:1092D000054B1B68D3F8E43013B11A680A2A01D889
:1092E000FFF7C6BF186C7047EC9C00202DE9F743D0
:1092F000064603F0ABFF00248046DFF8909006F0AE
:1093000074FB0DF1070105460DF10600FDF7F2F8BB
:109310009DF806308BB9721C29D003F097FFA0EBA3
:109320000804284606F05CFB9DF8063013B99DF84A
:1093300007303BB3A642E2D824E0D9F80C3013F44E
:10934000603FE8D0D9F8180004F007F8731C07460E
:1093500003D003F07BFFA0EB0804284606F040FB97
:1093600017F5007FE0D0384603B0BDE8F08328460B
:1093700006F036FB9DF80630002BC0D19DF8073073
:10938000002BBCD1004FEEE700FEFFFF00C000B88D
:1093900010F1800F04D04D28CEBF7F20323040B274
:1093A000FF22044BC0B25A62A3F5805358620020DA
:1093B000704700BF00E000B80B4A10B5136F0B4CAC
:1093C000116F03F00703E35CC1F3CD0101FB03332D
:1093D000126F0748C2F3454202FB03330068800165
:1093E000B0FBF3F010BD00BF004001B83812030815
:1093F000709C0020044BD3F8B03010B1C3F303329B
:10940000027003F00F007047000002B8064B01F035
:1094100080015B6C03F480030B4302BF4FF4001226
:10942000024BDA64704700BF000002B8006001B868
:109430004FF0B052024B1B6803F580539A66704799
:1094400044A10020044B1B68986E00F0B05000F15E
:109450006A4358425841704744A100200F4B1B7883
:109460008BB1012B11D10E4A012102F580528B42A2
:1094700091600FD80A4A0B49002B08BF0A4693682F
:109480009B07FCD47047074AEEE700224FF4805355
:109490009A60FFDE00239B68FBE700BF439D00202E
:1094A000004003B8000003B838B50B4B0B4C002844
:1094B00018BF1C46A569E3691D4007D0084B1B680F
:1094C0002BB12846984704F50054A56138BD6B05BB
:1094D000F9D5FFF7C3FFF6E7004003B8000003B873
:1094E000B89C00202DE9F74F81460F464FF0FF351D
:1094F000FFF7CAFA002601908A462C463046DFF86C
:10950000D8B006F110031B015BF8033003F0030829
:10951000B8F1010F15D13046FFF756FB02460B4656
:1095200001985146FFF774F8DBF8643006F1080241
:10953000D340DB0739D5002F40D000252C463E60B4
:1095400040460136082EDCD160B3234A0027D2F80A
:1095500008C0916B0CF440330131A4FB0141641944
:1095600041F10001B3F5003F30D1536B0CF4405C86
:10957000013347F10006BCF5805F22D1156B15F56C
:10958000807505FB06F647F1000203FB0266A5FBAA
:1095900003323244594304FB0212A3FB0434144443
:1095A000C9E9003403B0BDE8F08FA84271EB0403B1
:1095B000C6D207B13E6005460C46C1E73D463C4673
:1095C000BEE7320242EA13621B02E3E7136B13F5B4
:1095D000807347F10002DDE700C001B8034B1A6E4B
:1095E000596E03F500530A401A66704700800A500E
:1095F0002DE9F34105460F4668461146FFF772FF15
:109600000646B8B1B7B1DDE900321B0A43EA02638E
:10961000A5FB0384094B120A05FB02441A681AB918
:10962000074BDB689847024600234046214602F07C
:109630004FFE3860304602B0BDE8F081709C0020DB
:1096400048A1002030B54FF04044114B1A68D2F8C1
:10965000883002F50055C5F8A040C3F38803C5F86B
:10966000A44091B1B3F5D17F28BF4FF4D173D52B6E
:1096700038BFD52303F14605A3F1460141EA054170
:10968000D16702F58052C2F8A4400380002030BDAB
:1096900040A100204FF48022034B00201B6803F5FB
:1096A00081539A61704700BF38A1002073B504460A
:1096B000234B244D9B68984701213A20E4F710FB87
:1096C000E1782279286841EA0243C0F8F435E67966
:1096D000A37943EA0643C0F8F83523784BB18DF8F7
:1096E000041004218DF805200DEB01000022E4F7A1
:1096F00055FA63785BB10421A37900228DF8043018
:10970000E3790DEB01008DF80530E4F747FA2B689B
:109710002178012203F5BE6359B103F580510A6037
:109720006178022241B103F5805300201A6002B033
:1097300070BD03F50051F2E703F50053F5E700BFF4
:1097400048A100203CA100204FF08042034BC3F809
:109750008020BFF34F8FBFF36F8F704700E100E0B1
:109760004FF08042014B1A60704700BF00E100E0FB
:1097700070B52C4B0C461A781AB92B4AD2F86C22C9
:109780001A702A4A126D52054AD51D78284B05F0E9
:109790000F06B0FBF3F040434FEA151505D140F238
:1097A0007C622B2102F0A4FB0120224A0A21724391
:1097B000B2FBF0F34843B3FBF1F602EB5002B2FB0D
:1097C000F0F201FB1633042BD2B207D8C3EB83109F
:1097D000C3EB80035BB283B96DB217E0C3F10B0337
:1097E00003EB8303DBB2B3FBF1F32B44DDB20F2DAC
:1097F000F2D9013AD2B2053DEEE7053B5BB293FBED
:10980000F1F31D44EBB26DB2002D04DB002042EAFF
:109810000512226070BD01320533D2B25DB2F5E7A8
:109820000220F7E7459D00200080E00F000002B80D
:10983000403B250080969800014B1868704700BF98
:10984000C49C0020014B1868704700BFC09C0020DA
:10985000F8B50B46002213F8044B944225D91D6835
:10986000854224D106245A791D79124B88181E6826
:1098700004FB0503104F33F8063C7B43B3420ED97B
:1098800000238A5A7A43964202D804FB0300F8BDAB
:109890009D42FAD9013304FB03F2825AF2E740F207
:1098A00044423D21002002F023FB0020EFE7083373
:1098B0000132D2E7BC9C002040420F0000202DE97D
:1098C000F04FA2FB016AB94FDFF824C3F7191D4618
:1098D0006AF10003BC4570EB030383B008D240F289
:1098E0003E220E2102F004FB022003B0BDE8F08FFF
:1098F000D5F828908B461446B9F1000F04D0D9F85A
:109900000030032B00F29381A94BAA4A9B6BD2F83B
:10991000FC90C3F31408A84B1B6F59074EBF4FF4BC
:1099200040039B0503F0E07348EA0308A34BD3F818
:10993000EC305A0048BF48F0807848EA446804F0A8
:1099400009F90746002CCFD00028CDD09C4B6E6281
:10995000C3F800B09B4B984200F0B18103F512238D
:1099600003F5F863984200F07381974B984200F03A
:10997000B1810246002300204FF0007102F0A8FCE4
:109980000023013006FB03F300FB0A33A6FB0002B1
:109990001344203389499B092B60D1F8ECB3D1F8EB
:1099A000F033D1F878A1D1F8A010009308465840C0
:1099B00030F47F630CBF012000204FF42872019126
:1099C000102102F095FA8BEA0A0232F47F634FF01D
:1099D000100140F2A6220CBF0120002002F088FAFC
:1099E0007A4A009BD2F86012C9B2FF291CBF2AF440
:1099F0007F6242EA0112764908BF5A468E4207D971
:109A0000211F012940F2278172498E4200F22381F1
:109A1000B7FBF4F7C8F31301A1FB0717AB61684B61
:109A2000C90C41EA473118F4801F1F686A4B08BF10
:109A300049421960694B0F44C5E907B21F60B9F18B
:109A4000000F00F0328100236B60AB60D9F81C601E
:109A5000D9F800A0002E49D0BAF10F0F97BF574B8D
:109A6000B9F818B0D3F88C31C3F3832B524B98BF9D
:109A70000BF1080BD3F83C31B7FBFBF2DB0216D538
:109A8000002381EAE17EAEEBE17E5549C8F38158BF
:109A900011F808C0194650084FEACC5CCCFB0E0107
:109AA000009202F015FC009AC0F3130068605F4555
:109AB00004D3B2FA82F10D2940F3048133469103B5
:109AC000B1FBF3F14B004FEAC23E0133520C01E00F
:109AD00002330131A3FB06C0E64572EB0000F7D26A
:109AE000C1F30E01090341F00061A960BAF1050F4D
:109AF00040F2DF80D9F82C60002E00F0B68030787C
:109B000004FB07F7A0F10400B0FA80F040F20B521A
:109B10003D21400902F0ECF9324B9F4240F20181B5
:109B2000314B9F4240F20181304A974294BF02225A
:109B3000032244F21421FF0B07EBC70307EB430397
:109B40009B0B013B5B0232446B61567801FB07F2D1
:109B5000B6EBD25F4FEAD25380F0E5802644B342A1
:109B600040F2D7802644B34240F2E1802644B3421B
:109B700040F2DF802644B34240F2DD802644B34207
:109B800098BF052040F2C680002040F226523D21B9
:109B900002F0AEF944F6776307FB03F3DB0D013BFC
:109BA000B34280F0BC80002026E000BF006CCA8871
:109BB000008001B8004F00B0004001B8000002B8BA
:109BC000C49C002000F04902005A62020080E00FAD
:109BD00000BBEEA000AE5EA7C09C0020BC9C002095
:109BE000A412030820D4CB8F00DAF89AE0DF25A670
:109BF000807C814A042804D8361BB34200F101005E
:109C0000F8D303288CBF0020012040F232523D21BE
:109C100002F06EF901216B69A6F1140242EA864254
:109C20001343D9F800A06B6185F82C101FE0042BBA
:109C3000D9F828807FF483AE18F0807F14BF4FF4EA
:109C4000400308F0E07328F0E07848EA030876E67D
:109C500000233A4896E6019B2AF47F6A23F47F6347
:109C600043F42A634AF4CC6BD2E685F82C600023D7
:109C7000BAF1060FEB6018D9D9F83030ABB103F068
:109C800069FFD9F83010FFF7E3FD044608B1837887
:109C90001BBB03F02DFFD9F83010FFF7D9FD20B121
:109CA000837813B1C3781B042B61002003B0BDE897
:109CB000F08F0023002085F82C30EB60F6E70023BE
:109CC0001F485FE6C1F10E0326FA03F302FA01F121
:109CD0000133F5E600231B4854E6407940F2555223
:109CE000003818BF01203D2102F002F9207940F22E
:109CF0005652003818BF01203D2102F0F9F82379AF
:109D000062791B0243EA0213EB60E3781B042B61C8
:109D1000BFE7012003288CBF0020012035E7012088
:109D200073E7002205E701202FE7012201E7022067
:109D3000F0E70320EEE70420ECE700BF313641DC1A
:109D40000A3BB2DFD694BFD630B505460C468DB07F
:109D500059B9334B827AD3F8FC30416831480A93C1
:109D600000686B46FFF7AAFD6C462F4B22685A63CA
:109D70002B4BD3F8FC30002B3CD0636843B12B4B0A
:109D80002B4AC3F83C216268A3F58053C3F83C21F9
:109D9000A36843B1254B274AC3F81C21A268A3F549
:109DA0008053C3F81C21244AE168D2F8983194F812
:109DB0002C0023F4EE630B43C2F898316FF0784225
:109DC0001E4B1F499A606269A3F580539A604FF455
:109DD0004033C1F88C3122691A4BC3F88C214FF4FF
:109DE0000012D8B10A65184B1B6898471749606A7A
:109DF000FFF7BEFC0020A2690F4BC3F8A020E26968
:109E0000C3F87821226AC3F8F8232A89A3F5E0333E
:109E10009A6203F5A03318640DB030BD1A65E2E70D
:109E2000004F00B0EC9C0020008001B8006001B839
:109E3000FFFF0F0000F0FF0F000002B800600C50A1
:109E4000002002B8001002B848A10020588001B8D4
:109E500070B51C4615460E461B688CB00A93A27A54
:109E60006B466168FFF72AFD394B2B6023896B60D5
:109E7000384BAB60009BEB60374BC5E90436019B68
:109E8000002B55D105F11804029B43B1334ADFF88A
:109E90000CC1C4E900C2324AC4E9022310344FF4B1
:109EA000EE63304A3049C4E90023304B3048A360A8
:109EB000039B304AE3606FF07843C4E904132E4BF0
:109EC0009DF82C10A361059B4FF40016E3614FF43D
:109ED0004033C4E90803294B0998A362049BE36259
:109EE000274B002908BF13464FF47F622363254B9D
:109EF000E263C4E90D63A3F580532364069B04F178
:109F0000640113406364204BC4E91232A3F580530B
:109F10002365079B134063651C4BA365089BE365A2
:109F2000FFF726FC78B16034641BA0100CB070BD44
:109F3000174ADFF86CE005F12804C5E906E2154A86
:109F40006B622A62A0E7144B683444F8083CEBE7E4
:109F5000284000A8348001A8448001A800F0FF0F29
:109F60001C5101A8982102A808600C50981102A861
:109F70008C2102A8501002A808500C508C1102A885
:109F8000502002A8A02002A8782102A8F80302A865
:109F9000FFFF0F003C5101A8588001A81C6101A8D7
:109FA0003C6101A84FF40022014B00201A65704764
:109FB000002002B80E4B1B68D3F88022D2070ED5C2
:109FC0005B6E002B0DDA0B4B4FF480029B6813F095
:109FD0000C0F094B09D11A654FF480421A65002015
:109FE00070474FF48002054BF5E704490A65F3E733
:109FF00044A1002000400950002002B8001002B81F
:10A000004FF48062014B1A65704700BF001002B820
:10A01000064B1A6C9207FCD4022240EA01205860D9
:10A02000034B1A640122034B1A70704700C002B838
:10A0300000D002B8469D002040B10368012B05D92D
:10A040000069034B002808BF184670470048704756
:10A05000AC12030810B590B10468012C0FD9026945
:10A060006AB11168094B102C1960516859609168E8
:10A0700088BFD268996094BFD960DA6010BD1022A1
:10A080000021024802F036FBF8E700BFCC9C00201C
:10A09000084BC1171A68A2FB000302FB013310F141
:10A0A000807043F10003400E40EAC310803820EA7C
:10A0B000E0707047DC9C00200722194B70B51A64D1
:10A0C000184B194A1D68194BEC08E005C0184FEAF7
:10A0D000153141F10001002302F0FAF8144B154E3E
:10A0E00018601548FFF7D4FF4042C6F8D00049F683
:10A0F0005800FFF7CDFFC6F89C001048FEF786FD1C
:10A10000024660B1E301500818184FEA15714FF08C
:10A11000000341F1000102F0DBF8C6F8A80070BDB1
:10A12000000002B8709C002065CD1D00B2E60E0054
:10A13000DC9C0020003F00B07011010040420F0085
:10A1400010B5044698B10B4BD3F8FC00FFF782FF23
:10A150004FF47A7303FB04F0074BA0F57A60DA68DA
:10A160009B681044C01ABDE81040FFF791BF4CF245
:10A170005030F8E7004F00B0CC9C00202DE9F843A8
:10A180000546084614461E46FFF764FF05B306F071
:10A19000020716F004061DD1D7B14FF47A706B6830
:10A1A0005843002B40F08C80FFF772FF20636B69EF
:10A1B000002B00F08C804A4AD0684FF47A7202FB80
:10A1C0000300A0F5FA50FFF763FFE062002E58D1BC
:10A1D000BDE8F8832869002869D04FF47A735843A2
:10A1E0003F4BA0F57A609B68C01AFFF751FFA06251
:10A1F000A88B00285ED04FF47A735843384BA0F5F3
:10A200007A609B68C01AFFF743FFE061354BE9684D
:10A21000D3F80080002950D04FF47A735943304B63
:10A22000A1F57A619A685B68891AC91A2E4BC8171A
:10A230001A68DFF8BC90A2FB011302FB003311F196
:10A24000807143F10003490E41EAC3118039274B65
:10A250002162D3F8B8306362D9F8003053B1404678
:10A2600002F09CFE30B12246D9F800301C49D8F8E3
:10A27000D80098470021A869FFF762FF6063002FAC
:10A280008BD1A86830BB47F23050FFF701FF606107
:10A290004FF47A702B6858432BB1114B1B6803F5B0
:10A2A0001C5310331844FFF7F3FEA06190E74CF203
:10A2B00050309AE74CF25030A5E74CF25031B5E7F8
:10A2C000074B1B6803F51C53103318446CE747F227
:10A2D000305078E74FF47A735843A0F5FA50D4E73A
:10A2E000CC9C0020EC9C0020DC9C0020003F00B0B7
:10A2F000C89C002038B5054608461C4602F0C9FF38
:10A300000246D5F8E400FFF797FE4368A018002B3B
:10A31000044AA8BF4FF4FA721A44034B92FBF3F2BB
:10A32000104438BD0CFEFFFF18FCFFFF70B5154C44
:10A330008CB001AD0FCC0FC50FCC0FC594E8070052
:10A3400085E80700AC2200210F4802F0D3F99C22D7
:10A3500000210E4802F0CEF9202200210C4802F024
:10A36000C9F903F02DFA0B4B1B784BB1054E01AD2B
:10A370000FCD0FC60FCD0FC695E8070084E8070084
:10A380000CB070BDD43F00B0B83E00B0643F00B028
:10A39000E04F00B0369D002008B505F026FB0E4BBF
:10A3A0001A78A2B90D4A126812F4843F0FD10C4AF0
:10A3B000102111651B7863B9084B1B68DB0508D4B5
:10A3C000074B20221A65BDE8084005F009BB054A85
:10A3D000EEE7044BF5E700BF4C9D0020402E002027
:10A3E000002002B8001002B810B5104B104AD3F884
:10A3F000B8001478596A9A6A00F00F0021F470616D
:10A4000022F0E052844241EA042142EA84624FF0A1
:10A410001F04084835BF9A6259625962C0F8B840B3
:10A4200034BFC0F8B8409A6210BD00BF00C000B889
:10A43000319D002000E000B80A4B197801F0FF02BE
:10A4400029B10021197008499202C1F808215978F0
:10A4500001F0FF0229B1002159709302024AC2F8AB
:10A460000C317047479D0020005000B8084BD3F8CE
:10A47000000F084B9A6C110107D4074A926E92079D
:10A4800005D5D3F8F4339B0701D500F580707047EC
:10A49000003000B0000002B8004000B810B505F070
:10A4A000A4FA0E2104460320FEF700FF40F2012229
:10A4B000034B2046BDE81040DA6205F091BA00BFB8
:10A4C000004000B838B505F090FA4FF00043244C36
:10A4D0000546C4F88030BFF34F8FBFF36F8F012361
:10A4E000C4F88430BFF34F8FBFF36F8F0223C4F8DB
:10A4F0008430BFF34F8FBFF36F8F0423C4F88430D1
:10A50000BFF34F8FBFF36F8F0823C4F88430BFF3BE
:10A510004F8FBFF36F8F134B1B6A98471023C4F8FC
:10A520008430BFF34F8FBFF36F8F2023C4F8843084
:10A53000BFF34F8FBFF36F8F4023C4F88430BFF356
:10A540004F8FBFF36F8F4FF48073C4F88430BFF325
:10A550004F8FBFF36F8F2846BDE8384005F040BAF3
:10A5600000E100E048A1002038B505F03EFA0546BC
:10A570004FF000430C4C23600123636004236360AD
:10A5800008236360094BDB6998471023636020232D
:10A590006360402363604FF4807363602846BDE8C6
:10A5A000384005F01DBA00BF00E100E048A10020DE
:10A5B000012370B5074C2370074B1E68074B3240D0
:10A5C000D3E9005319402840FBF71AF90023237000
:10A5D00070BD00BF4A9D0020E49C0020402E00205A
:10A5E0000022044B1A70044B197811B11A70FFF74E
:10A5F000D3BE70474B9D00204C9D00202DE9F047B5
:10A60000DDF8209003EA0108099B06460D4602EAA0
:10A61000000703EA090AB9F1000F40F0F280031FB6
:10A620000B4300F0A180052871F100036FD250EABE
:10A63000010300F0D481431E0B4300F0B880FFF704
:10A6400041FF814AD2E9004323EA050324EA0604D4
:10A650003C4343EA08077D4BC2E900471E6826EAEF
:10A66000090646EA0A061E60FFF796FE16F0020F7C
:10A6700042F2020308BF0223754A7648D26E2503D0
:10A6800083EA020122EA0302C266734A03EA010373
:10A690008166D366C4F380424FEA023248BF42F477
:10A6A0008072E00648BF42F40052A10648BF42F45F
:10A6B00000726306694B48BF42F48062DB6825067E
:10A6C00048BF42F40062664882EA030123EA0203BB
:10A6D000C360644B0A4017F4007F8160DA6007F4BE
:10A6E0000071614B00F0D2800121604A83F8941020
:10A6F00092F82D004FF00073002800F0A1805C4814
:10A70000036593695B4898474FF48025D1E04FF487
:10A710000043994208BF48454B4C61D081458B416D
:10A720008DD3A0F580630B4305D020F48063A3F59F
:10A7300000730B4383D105F058F9D4E9003223EAC2
:10A74000060322EA050242EA08023B43C4E900325A
:10A75000494A126892F8F610484A09B313F4C06FD8
:10A760001ED04FF4807311E005F03FF9364AD2E96C
:10A77000003123F004033B4341EA080157EA08078C
:10A78000C2E900314FF480633C4A0BD0C2F8143167
:10A79000A2F58052C2F81831BDE8F04705F020B9A3
:10A7A0004FF48073C2F81831C2F81431F4E705F0A1
:10A7B0001CF9254AD2E9003123F001033B4341EA69
:10A7C0000801C2E9003101232D4A57EA08071BBFDF
:10A7D0009364A2F58052D364D36408BF9364DBE72B
:10A7E00005F003F9D4E9002323F400433A4343EA94
:10A7F0000803C4E9002357EA08074FF48063204A9E
:10A80000E5E750EA01037FF41AAFB9F1010F7FF4D5
:10A8100016AF05F0EAF80D4A136823F0010343EA86
:10A820000A0313604FF48063164ABAF1000F04D094
:10A830005366A2F580521367AEE713675366ABE722
:10A84000114A136560E700BF402E0020E49C002001
:10A85000004000B8006000B8005000B8004001B8E7
:10A86000006001B8005001B8003F00B048A10020CE
:10A87000001002B8843F00B0EC9C0020002000BA19
:10A8800000E000B800E001B8002002B893F894207E
:10A8900072B1544883F8941090F82D304FF0007244
:10A8A000002B00F08C80504B1A6583694F48984705
:10A8B0000025E00448BF45F48035A10348BF45F4B6
:10A8C0008015A20748BF45F4800514F4001FDFF887
:10A8D0005C8106D0D8F8000002F0B6FB08B945F458
:10A8E0000025E302424B48BF45F40035F8061A6ADA
:10A8F00048BF45F40005610248BF45F4001585EAEC
:10A90000020323F001033B491A400A621D40CB6158
:10A91000394A354B16F0010F1D62384B18BF1346EC
:10A920007A07374A48BF43F00063126F354883EA1D
:10A93000020122EA03020267334A0B4041661367B1
:10A94000324A04F00103D26C3D0448BF43F48063F3
:10A950002F4883EA020122EA0302C2642D4A0B4017
:10A960008164D364D8F80020200248BF2A4B92F8B3
:10A97000F62058BF294B610748BF43F4806322B1DA
:10A9800014F4C06F18BF43F4807332074FF03A429B
:10A99000BDE8F047D2F8181148BF43F0004383EAFE
:10A9A000010222F4A0221E481140C0F818111340E1
:10A9B000C0F814211B4AC2F81831FFF7D5BD0D4964
:10A9C0000A65194AD2F8A41002F50052C2F8A41080
:10A9D000C2F8A0104FF05022C2F8A43068E7BDE8DA
:10A9E000F08700BF48A10020001002B8843F00B0EB
:10A9F000000002B8002002B8041C00030418000381
:10AA000000C001B800E001B800D001B800C000B833
:10AA100000E000B800D000B80D0A0A09090A0A09C6
:10AA2000002000BA001000BA00400050EC9C00204A
:10AA3000024B5868C0F3C000704700BF402E002092
:10AA4000024B186800F00100704700BF402E002044
:10AA5000024B5868C0F3C030704700BF402E002042
:10AA600010B50446FEF7ACF9FFF72CFD2046FCF7C5
:10AA7000F9FCFEF73DFAFDF735FDFDF7A9FDFFF7FF
:10AA80001BFB13490723134AD1F8FC1004F1F8000B
:10AA9000FFF774FB4FF080710020FEF7D7F84FF0FE
:10AAA00000720D4B4FF400110120C3F80021FEF796
:10AAB000CDF801F0C9FA20B940F29232142101F028
:10AAC00017FAFFF76FFABDE810400120FDF7CEBB83
:10AAD000004F00B0983F00B000D001B88023074A73
:10AAE0005364082340B15364054AD2F8D03E23F0A2
:10AAF0002003C2F8D03E7047024AF4E7001002B8C3
:10AB0000003000B0002002B810B504F06EFF012143
:10AB100004460020FFF7E2FF044B1961044B5B6819
:10AB200098472046BDE8104004F05ABF000002B824
:10AB3000ACA000202DE9F3410D460024074604F0A7
:10AB400054FF214B06462046DFF88C801C70FFF72F
:10AB5000C5FF1E4BC8F87430C8F878406879431EAA
:10AB600058425841FAF79CFD40F60143C8F8783046
:10AB70002A792968012AD7F8083101D1994200D3EE
:10AB8000CC1A042303200DEB03010194FDF770FDA3
:10AB900050B988220E4B30465A6404F021FF21241C
:10ABA000204602B0BDE8F0810A4D2B689847212865
:10ABB000044604D1012100206B68984700243046E8
:10ABC00004F00EFFECE700BF499D002000000101EA
:10ABD000002002B8ACA0002000C001B8F8B5194CA4
:10ABE0000546207840F2E442B0FA80F03E21400968
:10ABF00001F07EF955B9607840F2E442BDE8F840D2
:10AC0000B0FA80F03E21400901F072B94FF440667D
:10AC10000D4F0E4DD7F8083140F2E442C3F38123C3
:10AC20002370C5F8086160783E21B0FA80F04009D1
:10AC300001F05EF9D7F80C31C3F381236370C5F8D6
:10AC40000C61F8BD479D0020004000B8006000B8CE
:10AC5000F8B5084C084D636C0423084F6B64636CB3
:10AC60005B0300D4F8BD042602207E6402F0F5FAEE
:10AC70006E64F4E7000002B8001002B8002002B8C9
:10AC8000A82238B51B4B5D6C03F500535A641022A3
:10AC90009A60A3F5804302F100521A675A66FFF7E3
:10ACA000CBFB154B1B7813B90320FDF7C3FC002425
:10ACB000124B9C67FFF7CCFF114A124BD2F8001FD2
:10ACC0000B40C2F8003F04220F4B5A640F4BC3F8ED
:10ACD000D840FFF789FBAB0608D50D4BD3F8883079
:10ACE000B3F5817F22BF8022024B1A61BDE8384054
:10ACF000FBF712B9000002B8499D002000C001B85E
:10AD0000003000B0DF0000FF002002B8003E00B0BD
:10AD1000003F00B010B551B920B3154BDB681B0ED6
:10AD200013F00E0F1ED1134B1B6CD9071AD4FFF76B
:10AD3000B5FB0F4C0020FEF75DFB032801D009286E
:10AD400005D1A36ADA07F5D4A36CDB03F2D4FFF7CD
:10AD50007FFF0122084B5A6102229A62042203F506
:10AD600080535A644FF4C062044B9A6510BD00BF13
:10AD7000000002B800C002B8001002B8006001B8BC
:10AD800008B503210920FEF791FA2022014B1A6130
:10AD900008BD00BF000002B8144B10B51B78CBB93A
:10ADA000134AD2F8A030D2F8A4100B40B3F1804F70
:10ADB0000CD34FF040400F490F4CC1F8A400D467AA
:10ADC000C1F8A0004FF480210C4AD161094AC2F8B1
:10ADD000A03010BD0A4A0B4B92F894109B690A48A8
:10ADE00098474FF48022054BDA61F2E7449D00203A
:10ADF00000400050006000500000FF01001002B849
:10AE0000003F00B048A10020843F00B038B505469F
:10AE100004F0EBFD0E4B04461868FCF74DFC35B111
:10AE2000FFF7DEFB2046BDE8384004F0D9BD094BF2
:10AE30001B78002BF6D0084B1D78002DF2D1FFF7C0
:10AE4000CFFB2A464FF480400021FFF7B1FBE9E732
:10AE5000EC9C00204B9D00204A9D00202DE9F84FDE
:10AE60005B4B06460D4614465B6C002A40F0AC80F6
:10AE700013F0A00F14BF4FF001094FF00009FBF7CA
:10AE80004BF8FFF7B1FAA0234FF0000ADFF85C811E
:10AE90000320C8F84430FDF7CDFB0420FDF7CAFBC2
:10AEA0004C4FFFF79DFB4C4B4FF0040B7B67C7F8F3
:10AEB00078A0FFF7CDFE494B4FF48071D3F8D02E28
:10AEC00042F02002C3F8D02EFF22C8F80820404AE2
:10AED0001161D3F8002F42491140C3F8001FC8F890
:10AEE00044B0C3F8D8AE7B6913F0060F04D0FDF769
:10AEF000B9FE5846FDF79EFBB9F1000F09D04FF49B
:10AF00000063384A53640223C2F8F433A2F5E032F6
:10AF1000936666B1344BDB6C180701D4FFF7BEFAB9
:10AF2000FFF72EFF0420FDF785FBFFF785FA284B7E
:10AF30005A69D10746D5DA6812F0706FFBD12B4BF6
:10AF40002B4A5A642B4A936F23F0F003936715B191
:10AF50002046FFF75BFF284BD3F84C315A1C01D039
:10AF60005B0002D50122214B5A615CB31E4BDA6EA5
:10AF700003F500539A6603F5D0331B6A1B4A23F08E
:10AF80000103D3611D4BD96803F50053996003F5A4
:10AF90000053D3F8841003F5005399674FF03A43F8
:10AFA000D3F8181103F50053C3F81411144BD96CDE
:10AFB00003F500539964134903F5803359664FF63E
:10AFC00008435364BDE8F88F4FF0000957E700BF0E
:10AFD000000002B800C001B800000101003000B05C
:10AFE000DF0000FF001002B8004000B8002002B8E7
:10AFF00010003000003F00B00080E00F004001B8BA
:10B0000000C000B85000002FA74B2DE9F04F9A6EFA
:10B01000DB6E87B002EA0308A44BC3F868804FF0E8
:10B020003A43D3F81461D3F818311E40A04BC3F84B
:10B030001461A04B9A68DB6802EA030A9E4BC3F8CE
:10B0400008A003F52043DA691B6A02EA03099B4B57
:10B0500009F47702DA619A4BD3F80422D70606D4B2
:10B06000D3F80431DD06C3F3001740F1F88004F093
:10B07000BCFC944B5A695F6E12F0060F14BF01229C
:10B0800000221B6F00921F408F4A27F0007323F4A9
:10B0900000637C07536606D58C4A92F8CD300133A5
:10B0A000DBB282F8CD3004F09BFCB8F1000F00F069
:10B0B000F78018F0020400F0F180854B0025D3F8EA
:10B0C000F4B303F500530BF00702CBF380041BF03D
:10B0D000020FC3F8F4234FEA44542ED004F085FC49
:10B0E0000190FFF7C3F903467A4A126810681168A5
:10B0F0008842FCD010688842FCD0CDE90223FFF7DB
:10B10000B5F9039B029A984240F0AB8001980293F4
:10B1100004F066FC704A029B13606D4A526C12F494
:10B12000E05140F0A08023F07F4323F0DF030BB910
:10B13000FFF7A6FD4FF080731C431BF0010F13D0E7
:10B14000634B5E495B6C03F460424A64002A00F082
:10B150009F801A0400F19F8013F4005F0CBF4FF032
:10B1600000534FF000631C43C8F340384FEA4808CF
:10B170005A4B3340002B4BD016F4206F0AD040F6C8
:10B18000A3120621002000F0B3FE0020FFF73EFED0
:10B1900026F48026F00506D5FF22484B44F4C0640F
:10B1A0009A60FFF77BF916F0090F0BD040F6B81242
:10B1B0000821002000F09CFEFFF7E2FD4FF03A432B
:10B1C00001225A6316F0106F0CD040F6C11209210B
:10B1D000002000F08DFEFFF7D3FD0022114610463F
:10B1E000FCF73EFA16F4202F0AD040F6C9120721C8
:10B1F000002000F07DFE0020FFF708FE26F48026E8
:10B20000F10301D5FCF782FB002EB8BF48F0080817
:10B2100072070ED54FF03A431B6B13F4005F4FF4E7
:10B22000005317BF224A2E4A136344F4000408BF98
:10B230001363730548BF44F0040416F4802B00F038
:10B24000B880FCF71BFB013806284BD8DFE810F06C
:10B2500033013601330139013C013F013F010097C1
:10B2600023E7034642E7CDE90121FFF709FD0299F3
:10B27000124B019A5964D10407D412F4806F0CBFA9
:10B280004FF080534FF0806356E74FF0804353E711
:10B290004FF0007367E74FF0004364E7254663E72C
:10B2A0004446454664E700BF004000B8006000B86F
:10B2B000002000BA004001B8006001B8002002B8C8
:10B2C00000E100E000C001B800E001B8003E00B0BD
:10B2D000000002B89C0F0308E09C0020090B0B89BA
:10B2E000001000BA40F6FA120321002000F000FE20
:10B2F0004FF03A420121D2F88C30D2F8AC0003F082
:10B300000703063301FA03F3C0F30C001B1A9BB2C8
:10B31000072B12D9784B5B6C58020ED47748D36C4C
:10B32000D26E406D58B103F0070306339940C2F363
:10B330000C03C91A89B2072901D844F40074704B70
:10B340001B78002B35D04FF03A43D3F8143113F467
:10B35000A02F2ED16B4B6C4A1B7893B9FB0410D4F1
:10B36000137873B1E308694943EA457383F0010335
:10B37000D1F8001F03F001035B0021FA03F39807E3
:10B3800017D10420FDF756F9614B62495967FFF761
:10B3900027F95D4A137843B95F4B1B782BB15F4B9C
:10B3A0005F4A1B682340134201D144F4804427F4D0
:10B3B0008057BAF1000F1DD01AF4805F18BF44F413
:10B3C00080241AF4807F18BF44F400241AF4005F2C
:10B3D00018BF44F010041AF4007F18BF44F0200492
:10B3E0001AF4806F18BF44F040041AF4006F18BFBD
:10B3F00044F08004B9F1000F3FD019F4802F18BF3A
:10B4000045F4007519F4803F18BF44F4805419F4D2
:10B41000801F18BF44F4003419F4800F18BF44F0A3
:10B42000020419F4003F18BF44F4801419F4000F0B
:10B4300018BF45F0100519F4002F19D0334BD3F87D
:10B44000D03E13F0C00F13D02B4AD368C3F303636D
:10B45000032B01D0072B05D1936CD90602D4D36CF2
:10B460001A0737D54FF400222E4B29F40029DA6150
:10B4700019F4001F18BF44F48004002F00F0198154
:10B480003B0540F189802849DFF884A0CB78274A22
:10B49000002B51D04FF40060013BDBB25066CB7003
:10B4A00033B9234B1B78C3B140F60142214B5A6795
:10B4B000002300226EE044F4803419E744F4006471
:10B4C00016E744F4806413E744F4807410E744F012
:10B4D00008040DE744F40014CAE7DAF8783013F4EE
:10B4E000A05F15BF4FF4807340F60143CAF858308F
:10B4F000CAF87830DCE700BF000002B8004000B8AE
:10B500004C9D00204B9D00204E9D0020003000B03F
:10B5100000C001B8000001014D9D0020402E002018
:10B52000088D0100002002B83A9D002000E001B81B
:10B53000499D002000D001B80320FDF77BF8DAF820
:10B540001430A24813F0060F04BF41F61F73A04A3F
:10B55000A04908BF53674FF400629D4B5A66DAF862
:10B56000143013F0060308BFCAF87830B0F8CA30B8
:10B5700013F400625CD023F40063A0F8CA300B78A7
:10B5800003F0FF0A002B57D1FDF76CFBFFF778FBA8
:10B59000534620221C431543B80009D52E20FCF742
:10B5A00095FF4FF000528A4B45F008051A675A661E
:10B5B000F90606D52B20FCF789FF1022844B1A6769
:10B5C0005A6617F0306F05D1FA045FD5009B002B47
:10B5D00000F0AA803B0111D52920FCF777FFFFF787
:10B5E00027FA48B17C4B7D49794A53660B6701F5D0
:10B5F0004051C968480422D445F0040517F000738F
:10B6000028D00420FDF716F82720FCF75FFFFFF78E
:10B6100037FB4FF000726E4B5A66714BD3F8002F18
:10B6200052067BD46F4B02229A6045F002052AE055
:10B630000B784FF40053ADE74FF4004339E713673D
:10B6400020205366FCF742FF2D2045F00C05FCF747
:10B650003DFFD3E717F0807FDFF88CA149D00420AD
:10B660000093FCF7E7FF2820FCF730FFDAF878209A
:10B67000009B002A3AD1FFF703FB554B564A45F091
:10B6800001051A675A660022574B9A653A0404D599
:10B69000564B1B68984704430D437B0509D5544A14
:10B6A0009378002B00F08C80013B9370002348EAD4
:10B6B0000308424620462946FEF77AFFBBF1000FF9
:10B6C00001D0FCF711F901224A4B06F00436C3F809
:10B6D0001461494B19F4002FC3F884211EBF4FF4A5
:10B6E0000022404BDA6107B0BDE8F08FCAF878302D
:10B6F000C3E7F904C7D50420FCF79CFF3F4BCAF809
:10B700007430FDF7AFFADAF8643013F0407FBAD145
:10B710002A20FCF7DBFEFFF7B3FA7EE7D3F8D03E32
:10B720009B0682D4364B7EE7314A13794BB1013BFD
:10B73000DBB2137113B9294B324A5A6700231C43F9
:10B74000A4E70420FCF776FF0320FCF773FF264BE9
:10B750002A4A5A6704F049F982460DF11700FDF7AD
:10B7600049FE294B1B781BB10090FEF797FE00980D
:10B7700003280BD10020FDF73DFE032806D1234B03
:10B780009A6AD007F6D49A6CD103F3D49DF8173097
:10B79000032B06D101221E4B50461A7004F020F9EB
:10B7A000CCE74FF03A43D3F8143113F4A02FF1D182
:10B7B000FEF716FF504604F013F94FF48043BEE73E
:10B7C0000220FCF737FF012371E700BF003E00B005
:10B7D00000E001B8499D00201000002000D001B811
:10B7E000003000B0002002B800C001B820A1002045
:10B7F0003A9D0020002000BA00E100E000000101B5
:10B80000001002B80000010D4F9D0020000002B89A
:10B810004B9D00200122024B1A62DA61704700BF83
:10B82000002002B8094A08B5D369116A0B400849DB
:10B8300023F47F00DB07C86106D5D1684FF0FF30E5
:10B84000C1F3036101F0ABFD08BD00BF000002B809
:10B85000002002B8154B10B59C6CDB6C1C40144BDF
:10B86000E2079C640DD5134B40F663421878122111
:10B8700000F0010000F03CFB002201200021FEF757
:10B8800097FE630510D50B4B40F66A4258684D2170
:10B89000C0F3C03000F02CFBBDE8104000220020B7
:10B8A0004FF40041FEF784BE10BD00BF00C000B8D9
:10B8B00000E000B8402E002038B50B4D2C6C6B6CAE
:10B8C0001C400A4B24F002021A64E20705D540F638
:10B8D000CA420020296800F00BFBA30741BF0222E7
:10B8E000024B1A646B6838BD0080095000A00950F3
:10B8F00038B50B4C0B4DD4F88430DB0706D4A36F5E
:10B90000D4F884201340084A936738BDD5F8043131
:10B910001A06F0D5FFF7D0FF8023C5F88431EAE797
:10B92000008001B800E100E000A001B870B5144645
:10B930000D4604F05AF8064BD3F8D06E74402C40F4
:10B940007440C3F8D04E04F04BF806EA050070BD11
:10B95000003000B0034BD3F8D03E99430CBF012018
:10B9600000207047003000B0184BD3F8D02E12F0F2
:10B97000010312D0164B93F85C30164A43F08073E3
:10B98000C2F8D0304FF4801302F50052C2F8B43040
:10B99000A2F58052C2F8B830704712F0C00FECD157
:10B9A0000B4B93F85B1021B1D20602D593F85830B7
:10B9B000E3E74FF480120020074B0649C3F8B82094
:10B9C000C1F8D000C3F8B420704700BF003000B009
:10B9D000003F00B0004000B8006000B8034B18689A
:10B9E000034B002808BF1846704700BFE89C0020A2
:10B9F000F46A03082DE9F843DFF860900646D9F8A9
:10BA0000008008461746B8F1000F03D00E242046E8
:10BA1000BDE8F88306B3336801331DD1E1B100F00E
:10BA20007FF805460028F1D0C9F8000000F09EF824
:10BA3000284601F010FD044640B14046C9F8008098
:10BA400000F094F8284601F001FDE0E73560002F92
:10BA5000DDD02846B847DAE72124D8E7EC9C00205F
:10BA6000024B1868003818BF01207047EC9C00207A
:10BA7000002108B5024B08465B689847002008BDC6
:10BA8000ACA00020431E033306D8044B984228BFC5
:10BA90001846642838BF6420704700BF40420F003A
:10BAA00038B505460C46FAF7C5FC38B1204600F01B
:10BAB0004DFB40F26512412100F01AFA44B12368AF
:10BAC00033B11B68013303D0E3680BB1A3684BB9F2
:10BAD00001F083FB00204FF4C172412100F008FA0D
:10BAE000212038BD2046FBF7E3FF00230A4A85F8F2
:10BAF0003031C5E93743C2E9003363694BB1074AC6
:10BB0000422110684FF4D272C31A5842584100F0D3
:10BB1000EFF90020E5E700BF809E0020709C002028
:10BB2000F8B5044603F061FF002607460E4B1B687C
:10BB300093B19E68AEB196F82420D20711D4354651
:10BB40000FCC0FC50FCC0FC523682B6096F824309F
:10BB500043F0010386F82430384603F041FF3046B5
:10BB6000F8BD1B68E4E700BFD4A1002010B504466F
:10BB700018B9054B054A136010BDF8F77BFFD4F8E0
:10BB8000E830002BF6D1F4E735D40208D0A100202C
:10BB9000014B1868704700BF809E002008B5024620
:10BBA0000868FFF76FFF08604868FFF76BFF4860A1
:10BBB0008868FFF767FF8860C868FFF763FF0B6955
:10BBC000C860581C03D00B48834228BF03460B6152
:10BBD0004B69581C03D00748834228BF0346886935
:10BBE0004B61FFF74FFFBDE8084088611046F9F749
:10BBF00011BF00BF40420F00D0F8E0302DE9F04106
:10BC000005460C4613B1C38D8B424CD0D5F8DC30C1
:10BC1000002B4BD09E68002E48D0D868002845D015
:10BC2000013800B200281ADB002106E0128A591CF4
:10BC3000A24217D209B2884211DB0B1803EBD3736F
:10BC40005B1003EBC30206EB8202B2F80EC003F1F5
:10BC5000FF3EA445EAD90FFA8EF08842EDDA2120A2
:10BC6000BDE8F0814FF6FF7299B29142F7D09BB2D6
:10BC700003EBC30306EB83062846B6F9122095F8BA
:10BC80002411D5F8F080E2F7A7FC0746B8F1000FC1
:10BC900004D00023324628461946C047EC85C5F833
:10BCA000E06085F82D710020BDE8F0810E20BDE830
:10BCB000F08100BF2DE9F04782B004460F461646DA
:10BCC000FAF762FB002869D14B4D2B68D4F8DCA051
:10BCD000D4F8E0800BB153456DD04FF00009AF6050
:10BCE000FAF7B2FB012807465CD12B68DAF800109E
:10BCF000D8F8002013B11868884267D0204601F0B8
:10BD0000DCF894F82530C5E900A813F0010F0CBF4A
:10BD100032460122D4F8F05062F3000384F8253053
:10BD20008DF80760002D58D00022204611460DF1F5
:10BD30000703A8472046F9F781FA0546B9F1000F35
:10BD40000FD076B9D4F88C300BBB012F05D025B1BC
:10BD50002A4B002103205B689847284602B0BDE8C3
:10BD6000F087B5FA85F040F207523321400900F020
:10BD7000BFF831462046F9F79FFC214B05461B686A
:10BD8000414620469847D4F88C30002BDDD0002265
:10BD90004FF400732046F8F77DFED6E70023164DDA
:10BDA0006B6092E700210120F8F7B4FEFAF74CFB34
:10BDB0000128FBD199E76B68002B8ED043458CD1CD
:10BDC000AB689F4215D04FF0010988E7696811B14F
:10BDD0000968914295D0596890E794F82A1094F830
:10BDE0002D313246994228BF19462046F9F778F995
:10BDF000A0E70025B1E700BF809E0020ACA0002096
:10BE0000D0A10020F8B50E46054603F0EEFD314600
:10BE100007462846FFF7F0FE044620B1384603F0F7
:10BE2000DFFD2046F8BDFAF791FA22463146284652
:10BE3000FFF740FF04460028F0D195F92430002B8D
:10BE4000ECDA284601F0C5F80028E7D0224628465B
:10BE500095F82C1001F07BF80446DFE770B5044636
:10BE60000E4603F0C2FD314605462046FFF7CAFFE5
:10BE7000044620B9044B01465B68032098472846D6
:10BE800003F0AEFD204670BDACA00020F0B585B03B
:10BE900007460E46FBF7B8FAFF28044613D06D4656
:10BEA0000A4B0FCB85E80F0022462946384601F0A1
:10BEB000B2FA26B118B9012C03D1019B336005B049
:10BEC000F0BD009BFAE72120F9E700BF386B0308BB
:10BED00038B5044D044C054B286021601A60F3F717
:10BEE0004BFD38BDF09C0020D8A10020F49C002020
:10BEF00010B550B90548064B016006480260186845
:10BF0000054B18601868FFF7E3FF10BDD8A10020AB
:10BF1000EC9C0020F49C0020F09C00202DE9F04FC8
:10BF2000404F804685B038680C4601F015FC20B9BA
:10BF30000024204605B0BDE8F08F2246002140468F
:10BF400000F0D8FB384B5D6915F00105F0D1FFF723
:10BF50001FFE06460028EBD03F68384601F000FB84
:10BF60004FF6FF73984234D04FF060512F4E304B54
:10BF7000304AD3F84C90D6F88C30D1644FF0006141
:10BF8000A2F58052D16424220421C6F88C202A4ACA
:10BF90004FF4804B91604FF480520027DFF8A4A04B
:10BFA000CAF868B0F262A7421ED30421234A916006
:10BFB000A2F5F032C2F88C304FF060521D4BDA64BB
:10BFC00009EA02031E4AD3644FF480421D4B9A666D
:10BFD000AFE73146384601F079FA01463846FFF7B7
:10BFE00011FF0028C0D0A3E7B26E5104FCD5B2689F
:10BFF000D205F9D5CAF868B0D6F890200135012DE0
:10C000000392D0D9E21B042AA8BF042208EB070040
:10C0100003A90193009200F06AFC009A019B3A4444
:10C0200097B2C0E7EC9C0020000002B8004000B8C6
:10C03000004001B8006001B8001002B8002002B84A
:10C04000005001B8006000B84FF604014FF6050239
:10C05000044B01201B6C9BB28B4208BF1346024A63
:10C06000136670470080E00F00C001B8124A10B597
:10C07000D2F84C315468D269104912F4401F0FD1E4
:10C080005A1C0DD124F0404424F44004240C240410
:10C090000B4801F06FFB2146BDE8104001F06ABB80
:10C0A000084A19409442F3D103F4FE43B3F5807F6C
:10C0B00008BF41F4A061EBE70080E00FE0FFF01F54
:10C0C000CF13468B140015012DE9F0470C4681B1C2
:10C0D000B1F1006F0DD31C4BCA1C9A4209D84FF026
:10C0E000000844F6FC7654F828104FEA88094B1CE7
:10C0F00001D1BDE8F08701F03DFBC1F30263032BE2
:10C10000844608F10107C1F3074514D18BB2F31A35
:10C11000B5EB930F4FEA930A0DD909F1040152468A
:10C12000214401F042FB844608F10208013D08EB7E
:10C130000A07A5EB0A052A46604604EB870101F0D1
:10C1400034FB07EB0508CEE7FFFF07082DE9F041B8
:10C15000044668B1B0F1006F0AD3254B00F1170215
:10C160009A4205D8234B244A19780023994224D8AF
:10C1700000252427FFF77AFF2168FFF7A5FF6168F4
:10C18000FFF7A2FFE668AE4221D12269111A4B42A5
:10C190004B41B4F1006F15D3154904F117058D42D9
:10C1A00010D8824222D1134A1378052B09D812499C
:10C1B00041F823400133137003E052F8040BA0420E
:10C1C00003D101231846BDE8F0810133CEE707FB18
:10C1D00005F3A2680135D15802EB0308FFF774FF9D
:10C1E000042208EB020101F0E0FACCE70023E9E7C2
:10C1F000FFFF0708509D0020F89C0020F8B52E4E48
:10C20000F368C3F30363022B53D101F01FF8054613
:10C210002A4FB46A14F4802439D103F0E6FBF368A2
:10C220000546C3F30363022B2CD1736C98053CD5F0
:10C23000234BD3F8D43059889A68C90748BF1821CE
:10C24000D66848BF927806F4000044BF01FB023371
:10C2500003F10C021B4B06F008069B6993608022D9
:10C26000194BDA6038B14FF4003203F5A043CF2008
:10C27000DA61FCF72BF9C6B14FF40072134B5A6424
:10C2800002229A60284603F0ABFB2046F8BD00F07E
:10C29000DDFF401BB8424FF06C024FF047018CBFEE
:10C2A00000200120FFF724FEB3E78022024B1A6131
:10C2B000E8E70224E9E700BF000002B83F420F00B0
:10C2C000003E00B000C000B800C001B8002002B8B5
:10C2D00053B94AB9002908BF00281CBF4FF0FF31ED
:10C2E0004FF0FF3000F082B9ADF1080C6DE904CEDB
:10C2F00000F006F8DDF804E0DDE9022304B0704741
:10C300002DE9F04F099D0C46002B4DD18A420F4676
:10C3100084469646B2FA82F360D94BB102FA03FE24
:10C32000C3F120029F4000FA03FC20FA02F21743F7
:10C330004FEA1E461FFA8EF44FEA1C42B7FBF6F195
:10C3400006FB117701FB04F042EA0742904208D94C
:10C350001EEB020201F1FF3702D2904200F231815E
:10C360003946121A1FFA8CFCB2FBF6F006FB1022BB
:10C3700000FB04F44CEA024C644508D91EEB0C0C9B
:10C3800000F1FF3202D2644500F21E81104640EAFD
:10C390000140ACEB040C002125B12CFA03F3002280
:10C3A000C5E90032BDE8F08F8B4205D90DB1C5E972
:10C3B000000100210846F5E7B3FA83F100294DD1C9
:10C3C000A342C0F0F380904280F0F08006462346FE
:10C3D0000846002DE6D0C5E90063E3E7002B40F0F6
:10C3E000A3808A1A4FEA1E471FFA8EF60121B2FB7C
:10C3F000F7F407FB14204FEA1C4242EA004206FB16
:10C4000004F090420FD91EEB020204F1FF382CBF5A
:10C410004FF001094FF00009904203D9B9F1000F24
:10C4200000F0CC804446121A1FFA8CFCB2FBF7F0E5
:10C4300007FB102200FB06F64CEA024C664508D9C1
:10C440001EEB0C0C00F1FF3202D2664500F2B38005
:10C450001046ACEB060C40EA04409DE7C1F1200613
:10C460008B4004FA01FE22FA06F720FA06FCF4409B
:10C470008A401F434EEA0C0300FA01FE4FEA1748B8
:10C480004FEA13491FFA87FCB4FBF8F008FB10448D
:10C4900049EA044400FB0CF9A1450ED93C1900F10E
:10C4A000FF3A2CBF4FF0010B4FF0000BA14503D911
:10C4B000BBF1000F00F08B805046A4EB09041FFA7B
:10C4C00083F9B4FBF8F308FB134403FB0CFC49EAC3
:10C4D0000444A44506D93C1903F1FF3801D2A44510
:10C4E0007BD8434643EA0040A4EB0C04A0FB02982F
:10C4F0004445CC46434602D306D1CE4504D201384A
:10C50000B9EB020C68EB0703002D6CD0BEEB0C02FC
:10C5100064EB030422FA01F304FA06F6CC4000218E
:10C520001E43C5E900643DE702FA03FEC3F12001A2
:10C5300004FA03F200FA03FCCC404FEA1E4720FA4B
:10C5400001F11FFA8EF6B4FBF7F00A4307FB104423
:10C55000110C41EA044100FB06F48C420ED91EEB9B
:10C56000010100F1FF382CBF4FF001094FF0000925
:10C570008C4202D9B9F1000F2CD04046091B92B26F
:10C58000B1FBF7F407FB141142EA014204FB06F188
:10C59000914207D91EEB020204F1FF3801D2914209
:10C5A0001ED84446521A44EA004120E7861A64EB3A
:10C5B000030301200DE7F44402384AE7023C7244C9
:10C5C00031E702397244CCE6F4440238DFE602383F
:10C5D0003C4472E702387144D0E7023B3C4481E7B7
:10C5E000023C7244DEE72946DCE600BF704700BF2C
:10C5F000F0B51F4C8BB005460B466E4604F1200C7F
:10C600002068083454F8041C3746644503C73E4686
:10C61000F6D1217920683971911E386022294FF0B6
:10C62000000104D919700B4618460BB0F0BD581E16
:10C6300084460C460131B5FBF2F702FB175628364B
:10C640006E4416F8286C0CF8016F2E463D46B24237
:10C65000EFD900225A541919A51AAA42E4DA10F89F
:10C66000015F01320E78067001F80159F4E700BF4E
:10C67000506B0308F0B50F468BB001210546F9F762
:10C6800061FF044680BB95F82B3003AC85F82C3055
:10C6900007F10C060FCE0FC496E8070084E80700E8
:10C6A000284603A9FFF77AFA0446E8B9D7E9010159
:10C6B00001AB83E803001946284601F006F9044659
:10C6C00090B94FF0FF3128463A6800F089FC0446E3
:10C6D00050B9024606492846F9F7ACFF044618B996
:10C6E00006212846F8F7F0F920460BB0F0BD00BF50
:10C6F0000812030802440346934200D1704703F82E
:10C70000011BF9E72DE9F0471F468E6882460C466B
:10C71000BE4290460B682DD8B1F90C2012F4906FF0
:10C7200026D06569096905EB4505A3EB01097B1C6A
:10C7300005EBD5754B446D109D4238BF1D46530522
:10C7400027D52946E2F714FE064660B34A4621691A
:10C7500000F0CDF8A38923F4906343F08003A38114
:10C7600026614E446561A5EB090526603E46A5603D
:10C77000BE4200D93E4632464146206800F08FF85E
:10C78000A36800209B1BA360236833442360BDE89B
:10C79000F0872A46E2F740FE06460028E0D12169EC
:10C7A0005046E2F7F0FD0C234FF0FF30CAF800309E
:10C7B000A38943F04003A381E9E72DE9F04716463A
:10C7C00098468A6807460B690C46DDF8209093422C
:10C7D000B8BF1346336091F843200AB10133336088
:10C7E0002368990642BF336802333360256815F029
:10C7F000060506D104F1190AE36832689B1AAB42B8
:10C800002BDC94F843302268003B18BF01239206CA
:10C8100030D404F1430241463846C847013023D0A2
:10C8200023681A3454F80A2C03F00603042B0ABFB9
:10C8300054F80E5C002533684FF0000608BFED1A6F
:10C8400054F8123C08BF25EAE5759342C4BF9B1A11
:10C85000ED18B5421AD1002008E0012352464146A6
:10C860003846C847013003D14FF0FF30BDE8F087AC
:10C870000135C1E7E1185A1C30200233224481F807
:10C88000430094F8451082F84310C2E70123224682
:10C8900041463846C8470130E6D00136D9E78842DC
:10C8A00010B501EB020402D98442234607D8431E87
:10C8B000A14208D011F8012B03F8012FF8E7024438
:10C8C00001468A4200D110BD13F8014D02F8014D16
:10C8D000F7E7C9B20346024410B59342184601D1A6
:10C8E000002003E0047801338C42F6D110BD0A44E5
:10C8F000431E914200D1704710B511F8014B91428F
:10C9000003F8014FF9D110BD30B514469BB0054670
:10C910001A46002C05DA8B2303604FF0FF301BB062
:10C9200030BD4FF40273009104916946ADF80C30AC
:10C9300014BF04F1FF332346029305934FF6FF73B0
:10C94000ADF80E301E9BF7F7A3F9431CBCBF8B2339
:10C950002B60002CE3D0009B00221A70DFE7013926
:10C96000024410B5904201D1002005E0037811F88F
:10C97000014FA34201D0181B10BD0130F2E702465F
:10C98000014410B58A42134603D01C780132002CB2
:10C99000F8D1181A10BD10F8012B11F8013B012A2B
:10C9A00028BF9A42F7D0D01A7047F0B587B0044636
:10C9B0000E4615461F46ADF80610D3B190F82C313F
:10C9C000ABB9D0E9490194F82A310490C0B2984239
:10C9D000ADF8141005D0204604A98DF81030F8F7F2
:10C9E00017FB20463A7894F82B11F8F779FB0020D2
:10C9F00020E00ABBD0E94901D4F8E0300490ADF85A
:10CA000014102046A4F8426004AA0DF10601F7F7BD
:10CA100095FB78B9204604A9F8F7FAFA50B903460D
:10CA200001222046BDF90610F8F7DAFBBDF8063002
:10CA3000A4F8443007B0F0BDB2F91230B0F942208A
:10CA40000DF10E019342A8BF134604AAADF80E30B3
:10CA50002B46F7F773FBBDF90E30B5F912209A4259
:10CA6000A8BF1A469DF81030ADF80E200C2B0FD140
:10CA7000212384F82C31B4F9443093420DDDD4E9FC
:10CA8000490100230490ADF8141084F82C3104E01F
:10CA9000C0B284F82C010028EDD19DF8101020467A
:10CAA000A4F8442084F82A11E1F796FD84F82B01BC
:10CAB0009DE770B5044600200E4600F092FBD4F8C6
:10CAC000F0503DB1002331462046AC46BDE87040F1
:10CAD0001A4660472B46012231462046F8F780FB74
:10CAE000284670BD00F07FBB00F0D1B800F0AABBB3
:10CAF0004FF6FF73994201D000F009BA2120704728
:10CB0000134607B500228DF807100DF107001946EE
:10CB100000F032FB03B05DF804FB002070470020FA
:10CB200070477047D0F8943003F06003402B0DD06D
:10CB3000602B03D0203B58425841704749B10B68E5
:10CB4000012B06D9486940F00100704740F20110FE
:10CB5000704700207047012A38B50C46114638BF8F
:10CB600001210139C9B2617021704B4300216180FC
:10CB7000D0F8DC10273323F003034968E51865601B
:10CB800039B132B12846FCF74FFA013005EB80008D
:10CB900038BD4FF0FF32281DE250F9E7F7B50446E3
:10CBA0001046D4E954C7DDE908268CEA020587EA75
:10CBB00006010540194085EA0C057940C4E9545145
:10CBC000002523F4004106EA010320F0010043F4AC
:10CBD0000073024043F00203CDE90055FDF70EFD5E
:10CBE00094F824309A0713D5D4F854319B050FD507
:10CBF0004FF48811204600F02DFD94F824300246B1
:10CC000065F3410384F8243020460B46F7F742FFD2
:10CC1000002003B0F0BDF0B587B01C461746BDF844
:10CC200030601AB90024204607B0F0BD002BF9D0BF
:10CC30000029F7D001AAFAF789FE0028F2D0BDF842
:10CC40000630A2199A42BDF80850C4BF9B1B9CB283
:10CC5000B54212D90399AD1BADB23144A54203913F
:10CC6000ADF808500DD22A463846FFF740FE049929
:10CC7000621B7819FFF73BFED5E70499761B314418
:10CC8000049122463846F5E70220FBF7D1BD034662
:10CC9000D0F824010860B3F8283100208B80704759
:10CCA00090F824310C2B14BF90F82B00FF20704714
:10CCB000F8B50C4640210546FEF74CFE4FF40061E6
:10CCC000074606462846FEF745FE30B17CB195F88A
:10CCD0001E3173B16FB93046F8BD22024FF4807136
:10CCE0002846FEF723FE061E18BF0126F3E722465C
:10CCF000F4E74FF48072F1E74FF48071FEF72ABE3B
:10CD000008B54A024FF40071FEF710FE002008BD7E
:10CD100008B58A024FF48061FEF708FE002008BDC6
:10CD200010B50446808A29B188424FF6FF730AD2B3
:10CD300099420BD14FF03A4341F6FF724FF6FF7024
:10CD40001A63E08610BD9942F4D008464FF03A418C
:10CD50000A6B431E22F4FF5222F01F029BB21343C0
:10CD60000B63EEE738B54FF03A430546DC6A808A3C
:10CD7000C4F30C04A04234BF0020012041F66A0233
:10CD80000821FFF7B5F8A88A001B80B238BD2DE94D
:10CD9000F041884618F0030706461546194633D178
:10CDA000B2F5805F30D89A422ED33F2A28D9B2FA02
:10CDB00082F401220120C4F11F03DBB29A4092B237
:10CDC000AA422CBFC4F11904C4F11A04E2B2931DA3
:10CDD000DBB2984080B2A84214D096F8F530ABB9D7
:10CDE000012096F8253060F3410386F8253040464F
:10CDF000FAF752FBC6F82080B5823846BDE8F081CC
:10CE00003A46EAE70020ECE72127F6E70E27F4E7A9
:10CE1000F8B511F0030607460D46144621D102B3BA
:10CE200013883F2B1DD9B3FA83F3C3F11901C9B29B
:10CE3000062901D8192B12D0062928BF0621012363
:10CE40008A1DD2B293402846238000F068F92388D7
:10CE50003846FD617B82FAF72FFC3046F8BD31463B
:10CE6000EDE72126F9E738B5148811F003054FEAFC
:10CE7000C4041ED13F2C1CD9B4FA84F4C4F11903A4
:10CE8000DBB2052B01D8192C11D0052B28BF0523A7
:10CE900001240633DBB204FA03F3C3F3CF04148096
:10CEA000816104824387FAF707FC284638BD2B4688
:10CEB000EEE72125F9E7F7F74BBC38B515460446F0
:10CEC00008460121FCF736F901212846FCF732F922
:10CED00094F8253043F0010384F8253038BDF8B5C7
:10CEE00004460E46174602F080FD3A460546314696
:10CEF0002046FCF77DFB0446284602F071FD2046E3
:10CF0000F8BD0220704703207047FBF789BCA0F8EA
:10CF100040100020704710B50023F9F71DF80446B3
:10CF200008B9FDF7F1FD204610BD38B51D460023B8
:10CF30000446F9F711F828B929462046BDE83840DB
:10CF4000FDF7F8BD38BD4FF40061FEF703BD38B5FD
:10CF50000446154680F82C105AB100F03AF808B98A
:10CF600000201AE094F8243043F0800384F8243041
:10CF7000F6E70846FBF7E8F8FF2884F82C0009D00C
:10CF8000204600F026F80028EAD094F8243065F313
:10CF9000C713EBE7FBF7FCF8212038BD8021FEF733
:10CFA000D9BC38B50546F7F7A9FD04462846F7F77A
:10CFB00083FD072804BF24F47F4121F0080128469F
:10CFC00014BF24F0800141F08001BDE83840F7F73C
:10CFD0009BBD4021FEF7BEBC0022114600F030B9D7
:10CFE00070B50C4611F0010118BF02F0010315469F
:10CFF0001ABF4FF480311A040A4604F0040604F004
:10D000000803A4070BD5AC0741F4003148BF42F434
:10D0100000322EB963B9FEF789FC002070BD36B12D
:10D020006C0741F4802148BF42F48022F2E733B11B
:10D030002B0741F48011EED542F48012EBE7002972
:10D04000EBD04FF48031E6E790F8F400431E5842ED
:10D050005841704738B5044600F0F8F8054600F02E
:10D06000F5F8431BA342FAD338BD38B50546104640
:10D070000C46F9F7E1FDD5B1D5F8E030BBB15B69FD
:10D08000ABB1421ED2B2FD2A13D90A68013204BFE5
:10D090006FF001020A600A68FF281A6007D162680F
:10D0A000013202D16FF00102626062685A600020B2
:10D0B00038BD0128F2E72DE9F74F01251C469DF800
:10D0C0003030064601930368174603F00703063322
:10D0D0009D4005F1FF380B46A1B1416804EA080BF9
:10D0E000A5EB0B0A41F00059524509EB0B0114D98D
:10D0F00052461846FFF7FBFB49467A1B5A445044F8
:10D10000FFF7F5FB019B2BB13C4448EA050804EA14
:10D110000804F46003B0BDE8F08F1846F0E74FF064
:10D120003A4301225A6741F6FF72D96418651A67BB
:10D13000704737B5002514460095FFF7BCFF204621
:10D1400003B030BD0123026810B502F007020632B9
:10D150009340026A013BC2F30C028A4284BF4468D6
:10D16000C2689BB283BF891844F0005019404FF049
:10D17000FF3088BF405C10BD70B50E4615460446B2
:10D1800008B9002070BD03780A2B18D02078FAF770
:10D19000A7FCB0B923780C2BF3D10EB1FF23337069
:10D1A000CDB1FF232B7016E020780130C0B20928E2
:10D1B0002070EBD8FAF794FC0028F5D0E6E70620BB
:10D1C000F5E71EB12078FAF7C9FC30701DB1207860
:10D1D00000F030F828700120D4E7F9F7B7B8002044
:10D1E00070470020704700207047704710B50468F2
:10D1F0000246090494B9D9B1B1FA81F3C3F120030D
:10D20000C3F10F00012838BF012003F01F03D940EC
:10D210008C4201D201384908116010BDB4FA84F380
:10D2200031B1B1FA81F01B1A002BE9DC0F20EFE7D6
:10D230000F20F1E70638042834BF0120FF20704793
:10D2400000207047704700200021704708B5FBF7A9
:10D250001BFCBDE80840FBF7C7BC38B50446FFF728
:10D26000F5FF0546FFF7F2FF431BA342FAD338BD93
:10D2700038B50D460446FBF707FC35B1844200D9AA
:10D280000139204601F0030138BD844238BF013125
:10D29000F7E708B50121FFF7EBFFBDE80840FBF712
:10D2A000A3BC08B521B19200FFF721FB002008BD07
:10D2B0002120FCE700F06F43B3F1804F02D0B3F1BF
:10D2C000204F02D120F07040704700F06043B3F16E
:10D2D000204F08BF20F0805070470B0C23F4805380
:10D2E000B3F5284FF7B50D468FB2064699B216D062
:10D2F0004AF60103994214D04AF60203994212D029
:10D30000B1F5204F14BF04240324D6F8E0300BB14C
:10D31000196851B9D6F8DC3093B928680EE00024BA
:10D32000F3E70124F1E70224EFE7234668463A4693
:10D33000FBF7DEFCDDE90003002BEBD103B0F0BD11
:10D3400019680029E9D0234668463A46FBF7D0FC25
:10D35000DDE90003002BE0D1F0E70204C0F38913FC
:10D3600007D56FEA83536FEA935313F5007F18B222
:10D3700006D0A3F1C8006FF4FF739842B8BF1846F7
:10D3800070470020FCF790B80120FCF78DB8FDF73E
:10D390003BBEFDF739BEFDF737BEFDF735BE08B51C
:10D3A0000846FEF737FA08BDFDF72EBE022070478B
:10D3B000022070470020704701207047002070470E
:10D3C000F9F742B808461146012200F096B870B548
:10D3D00005460C4611461A46FEF700FB06682B462A
:10D3E0002046B446BDE87040604710B5FEF7F6FA37
:10D3F000BDE810408368184710B5FEF7EFFABDE8A6
:10D40000104003691847FFF786BDFFF78EBDF8F798
:10D410000DBF00F0FCB870B504460D4616464FF43B
:10D42000881100F02CF9324629462046BDE87040AC
:10D43000F9F782BF7047431E012B03D9031F5842DF
:10D440005841704701207047FFF7C9BE4FF4D872AA
:10D450000021FFF74FB970B50446F8F777FA054693
:10D46000A8B9A169F1B1238AD3B1204604F1100211
:10D47000FFF7F9FC38BBE16919B3638AA3B1204611
:10D4800004F11202FFF7C4FC78B1054603E0002363
:10D49000A3612361E361002328466361236270BDB9
:10D4A000A061E8E72082E6E7E361216A0029F2D083
:10D4B000A28A002AEFD02046E38ABDE87040FFF739
:10D4C00066BC6182F1E76582E561DEE711B9D0F8FB
:10D4D000DC1021B1CB6813B18B68D88970474FF647
:10D4E000FF70704710B5FEF7DBFA044608B9FFF786
:10D4F0007CFE204610BDF7F7E7BA10B50C46114682
:10D50000F7F708FBF8F7A0FF012801D1002010BDB4
:10D51000002CF7D10520FAE7F8B506460D46FEF7D0
:10D52000BFFAD8B94FF6FF734FF0240CEF68C1B2C1
:10D530008F4208D81C4621463046FEF763FCFFF7B1
:10D5400054FE2046F8BDAA680CFB0122D4899C42F7
:10D5500002D2002CEFD023460130E8E70024F0E7A8
:10D56000C08D70470A7838B505461046FFF763FF4F
:10D5700060B14C782046FFF75EFF38B12243530775
:10D5800004D42846BDE83840F7F70ABD212038BD4D
:10D59000FFF7E8BF10B504460878FFF74CFF58B115
:10D5A0004A781046FFF747FF30B1042A04D02046DE
:10D5B000BDE81040F7F712BD212010BDFFF7EABF0C
:10D5C000F7F7E2B8FFF7EABAF0B5044600262427D9
:10D5D000C268013A12B2964202DD4FF6FF700DE0CA
:10D5E000B318A56803EBD3735B1007FB035598B220
:10D5F000EB898B4203D82B8A8B4203D3F0BD431EA9
:10D600001AB2E8E7431C1EB2E5E7F7F7ABBB38B543
:10D6100004460D4600F0A0F850B129462046FEF71A
:10D62000F1FB30B929462046BDE83840F7F75ABB30
:10D630000E2038BD70B516460C4602F0D6F93146BC
:10D6400005462046FEF76AFC0446284602F0C8F963
:10D65000204670BD38B505460C4602F0C6F9D5F82F
:10D6600090301C40D5F88C302343C5F88C3002F044
:10D67000B7F9211E18BF01210020490238BD38B575
:10D6800004460D4602F0B1F9D4F890301D40D4F8AC
:10D690008C3023EA0505C4F88C5002F0A1F9284625
:10D6A00038BDD0F88C0070477FB505460E46F9F7B7
:10D6B000ABFE431EDBB2FD2B04460FD90096FF28BC
:10D6C00000D101964FF488112846FFF7D8FF224673
:10D6D00069462846FFF7C9FC04B070BD0128EFE792
:10D6E00010B504460121FFF7CAFF2046FEF786FD6C
:10D6F000002010BD10B50446FFF725FC40B12046C0
:10D700000121FFF7BCFF2046BDE81040FEF776BDC3
:10D71000022010BDF7F78EBFFAF718B9F7F7E2BE8F
:10D72000FAF70EB8FAF718B8FFF7FABAFFF71ABB0C
:10D7300038B50446154609B1FFF7BDFB15B12046C3
:10D74000F7F790FF002038BD10B4BDF804400194F5
:10D750005DF8044BFFF75FBA0346408A18B1188A98
:10D76000003818BF01207047FFF770BDFFF76EBD8E
:10D77000FBF768B800EB8023C0EB831353FA81F307
:10D7800003EB8322C3EB8213C1F30722134403EBA1
:10D790008322C3EB8213C1F30742134403EB8322BA
:10D7A000C3EB821303EB1160704738B50D46144686
:10D7B00004B938BD55F8041BFFF7DCFF013CF7E75F
:10D7C0007047931E222B10B50C4604D900231C462B
:10D7D0000B70204610BD0A2A09D1002807DA2D2334
:10D7E00040420B7001212144FEF702FFF1E70021C6
:10D7F000F9E7FFF7E6BF0846FAF7FEBD0846FAF775
:10D8000035BDF8F74BBBF6F743BFFFF7E2BB38B5C2
:10D8100005460C46FFF7F9FF80B1F8F715FEC30780
:10D820000AD5214600222846F8F704FF0446284678
:10D83000FFF7D2FB204638BD0224FBE70E24F9E7B0
:10D8400038B504460D46FFF7E0FF28B129462046CB
:10D85000BDE83840F8F7AEBE0E2038BD70B50446BE
:10D860000D461646FFF7D1FF30B132462946204615
:10D87000BDE87040F8F7BCBE0E2070BD38B5054657
:10D880000C46FFF7C2FF30B13CB128462146F9F7FC
:10D8900005F8002038BD0E20FCE72120FAE738B556
:10D8A00004460D46FFF7B1FF48B1F8F7CDFD01285A
:10D8B00005D129462046BDE83840F9F711B80220C5
:10D8C00038BD90F82920F9F7B9B873B50D78064638
:10D8D0000C4635B304238DF804302379304601A972
:10D8E0008DF80530FFF756FE0546B8B92278A379C2
:10D8F00052BB8DF80430E379304601A98DF805302C
:10D90000FFF730FE054648B923783BB161883046C1
:10D91000F7F7A8FD01213046FFF7CAF9284602B003
:10D9200070BD2946FFF7C4F929463046FFF7E8F9EC
:10D9300029463046FFF7ECF92378002BCAD123792A
:10D940008DF804306379C9E702228DF80420D3E70B
:10D95000054B93F8780118B1D3F87C0100EBD000A7
:10D96000D3F8803118447047080400200E49D1F8DC
:10D970008431A0B10022A3B1834204D183682AB9C3
:10D98000C1F8843103E01A469B68F4E7936083682A
:10D990001BB15A6941690A445A610020704722202C
:10D9A00070470220704700BF08040020EFF3098091
:10D9B0001EF0100F08BF20ED108AEFF30B827346A4
:10D9C00020E9FC0F0F4A116808604FF0100080F347
:10D9D0001188BFF34F8FBFF36F8F00F0A9FE4FF098
:10D9E000000080F31188074A11680868B0E8FC0F4E
:10D9F00013F0100F08BFB0EC108A82F30B8880F38D
:10DA000009881847180600201EF0040F0CBFEFF31A
:10DA10000880EFF3098001490847000097FA0208DF
:10DA200070B5B9B100230C4A1C46154656688642AB
:10DA300004D105EBC403C3E900100BE01BB9166861
:10DA4000002E08BF134601340A2C02F10802EDD162
:10DA5000002BF0D170BD00BF90050020002330B531
:10DA6000084A02F5C47101EBC3056D68DC0085420C
:10DA700004D100232244C2E9623330BD01330A2BB2
:10DA8000F1D1FAE7080400200B4BD3F8D8217AB97A
:10DA9000D3F8EC0170B9D3F8F02162B9D3F8F421CE
:10DAA000D3F8F801013A90420CBF022001207047E0
:10DAB0000020704710467047080400200B4BD3F835
:10DAC0000C226AB9D3F81012C86A68B9D3F81422C4
:10DAD000012A0AD8D3F87406D3F87836C01A7047EA
:10DAE0000020D3F810327047104670470804002019
:10DAF000014B5868704700BFDC9E00200A4B1B6F2B
:10DB000003F00703013B032B03D8DFE803F00B030B
:10DB10000609FEE7054B58687047044B9868704744
:10DB2000034870470348704700800050DC9E002087
:10DB300080D54302002D310108B5FFF7DFFF044B0C
:10DB40001B6FC3F303330133B0FBF3F008BD00BF19
:10DB500000800050014B9868704700BFDC9E002099
:10DB60004FF40022184B5A664FF0B4439868C0F344
:10DB700004400C280AD8DFE800F00B09090909095C
:10DB8000072119091B1D1F0010487047002070470E
:10DB90009B6803F04073B3F1807F11D0B3F1007F35
:10DBA00010D00B4A002B08BF104670470948704739
:10DBB0000948704709487047094870470948704745
:10DBC000094870470948704700900050405DC60002
:10DBD00000093D00C0EA210180BA8C010048E8013B
:10DBE000005A62020024F40080841E0040420F00AC
:10DBF000014BD3F898097047080400200229F8B5B2
:10DC000097BF114B00245B1893F824400128054668
:10DC10000E4609D002280AD008B944F002040B4B82
:10DC2000D3F8C47937B9F8BD44F00804F7E744F0F5
:10DC30002004F4E77B681A68144203D03146284672
:10DC40005B6898473F68EDE7E8FF0208080400209A
:10DC5000094A034692F8780110B550B107498C6D16
:10DC6000E40702D592F8CA4914B1002BF7D118463F
:10DC700010BD0120FCE700BF080400200040005A4E
:10DC8000164A92F8CB3933B10121154B5960154929
:10DC90008B69DB07FCD5144BD2F8CC09196F21F046
:10DCA000070101431967D3F82011D2F8D00921F0F8
:10DCB00007010143C3F82011D3F82811D2F8D40981
:10DCC00021F007010143C3F8281192F878311BB104
:10DCD0004FF48032054B9A62FFF72EBF08040020F4
:10DCE00000D0015000C00150008000500060005A78
:10DCF000F0B49DF81050BDF81460C8B10024C461A0
:10DD0000EFF31187302484F311880C4CD4F884414C
:10DD100014B1A0420AD1012487F31188BFF36F8F99
:10DD20004CB9CDE90456F0BC01F0B8BDA468EFE7EA
:10DD30002220F0BC70470320FBE700BF080400204E
:10DD4000EFF31183302282F31188034A106A83F3C0
:10DD50001188BFF36F8F704700400650124908B515
:10DD600091F8783183B191F8193ACBB90F4B9A6D8C
:10DD7000D00302D5DA6D920702D49B6DDB0704D580
:10DD80004FF480320A4B9A6208BD012381F8D839DA
:10DD9000FFF7D6FF4FF48032054BC1F8DC099A62D9
:10DDA000002381F8193AEFE7080400200040005AE8
:10DDB0000050005A38B5124C94F8163ACBB194F88A
:10DDC0001A3A23B1FFF7CAFF002384F81A3A002059
:10DDD000FFF73EFF94F8145A60B1FFF751FF00239C
:10DDE0000121284684F8163AFFF708FF012384F83A
:10DDF000143A38BD012384F81B5A84F8153AF8E721
:10DE00000804002010B5EFF3108472B6054B93F8A8
:10DE10001C3A23B12046BDE8104001F0E1BDFFF7F8
:10DE2000C9FFF7E7080400200D4A92F81D3AFF2BBE
:10DE300001D120B170470BB928B9704718B9013B1F
:10DE400082F81D3A7047013382F81D3A92F8143A6D
:10DE5000012B04D992F8153A0BB9FFF7ABBF704705
:10DE6000080400200F4B10B5D3F898299AB14FF44D
:10DE70007A71531E1342A0FB01010ED1B2FA82F255
:10DE8000C2F11F04531CD243E04001FA03F31843CC
:10DE900021FA02F20243104610BD0023FEF718FAE1
:10DEA0000246F8E708040020F8B5C38804461F4D71
:10DEB0004BB9EFF3108272B695F8143A012B0AD8D9
:10DEC000104601F08DFDD5F88431616133BBC5F892
:10DED0008441A36021E0D5F84C6AFFF739FD064480
:10DEE000104601F07DFDB142EDD2EFF3108772B61E
:10DEF000FFF760FF384601F073FD3146E3E7891A0A
:10DF00009A681846616172B113465A698A42F6D915
:10DF100030B18460521AA3605A61F8BD0020F4E762
:10DF2000C5F88441F6E79C60A260F6E7080400208B
:10DF3000264938B5D1F88431002B45D05B69244A95
:10DF4000002B35D0D1F8500A224C034402209061B6
:10DF5000EFF3108072B6226A256B6469A40704D4BB
:10DF6000AC1A052C01D8AA4212D19C1A042C98BFD5
:10DF7000531DB3F1FF3F38BF013B164A946AE506D3
:10DF8000FCD41363936ADC06FCD40222104B9A6122
:10DF900001F026FD0023D1F8842181F8543A2AB1FA
:10DFA000D088800708D5012381F8543A002038BD75
:10DFB000022393615361EDE79268002AF6D050691D
:10DFC0000344012BECD9F1E72220F0E708040020FC
:10DFD000005006500040065030B500250A4B0B4853
:10DFE0001C6AD0F8503AD0F88421E31A2AB123B140
:10DFF0005169994204D3C91A5161C0F8504A30BDE1
:10E0000055615B1A9268F1E7004006500804002051
:10E0100038B5044620B3EFF3108572B6FFF7DCFF86
:10E02000104BD3F88401A04209D02046FFF79EFC94
:10E03000034680B1284601F0D3FC184638BDFFF7EF
:10E0400095FC03460028F5D1FFF772FF222802BF96
:10E050000222054B9A61284601F0C2FC0023ECE73E
:10E060002223EAE70804002000600650094A1168EC
:10E07000086806C881F30B88022181F314882030D8
:10E0800080F30988BFF36F8F4FF0000080F3118891
:10E09000104700001806002006480068006880F35A
:10E0A000088862B661B6BFF34F8FBFF36F8F66DF2C
:10E0B00000BF000008ED00E008B501F002FD044AD1
:10E0C000136B01331363BFF34F8FBFF36F8F08BD23
:10E0D000DC9E0020044B1A6B1A6B013A1A63186B12
:10E0E00008B901F0F9BC7047DC9E002038B50E4C31
:10E0F0000546D4F87836D4F87426D4F87426034448
:10E100009A420BD1D4F86C3AFFF7D6FFD4F8F0312D
:10E11000013D0133C4F8F031FFF7DCFFD4F8783665
:10E120002B44C4F8783638BD080400202DE9F743A5
:10E13000EFF3108672B6AFF30080FFF7A5FC00285E
:10E1400000F0C881B54CB64F94F8703A2BB100205E
:10E15000FFF76AFE002384F8703A94F81D2A62B92A
:10E16000EFF31180302383F31188D4F88431002B2E
:10E170006BD180F31188BFF36F8F94F81D3A94F838
:10E18000140A002B00F0A480012840F02181A54A48
:10E19000136923F00403136130BF94F8153A1BB1DF
:10E1A00094F81B3A84F8143AAFF30080304601F03B
:10E1B00012FCEFF3108672B694F8183A6BB1002394
:10E1C00094F8140A84F8183A94F81B3A984204D147
:10E1D000012184F8141AFFF711FD9348FFF718FF87
:10E1E000FFF7AEFDD4F8283AD4F8242AC51AB5FBB7
:10E1F000F2F505FB0233C4F8283AD4F89C3AD4F877
:10E20000A00AEA18824280F031812846FFF76EFFAB
:10E21000D4F89C3A1D44D4F8A03AC4F89C5A9D42C4
:10E22000C0F02C81002594F8163A84F8C959002BC7
:10E2300000F03F8194F81A3A84F8155A1BB1FFF7A1
:10E240008DFD84F81A5A774D29E15969B3F8069083
:10E250000A44B9F1000F39D13B6AD4F8501A5B1A5D
:10E260009A420AD880F31188BFF36F8F0120FFF71D
:10E27000DBFD012384F8703A7FE73B6AD4F8501A3B
:10E28000C91A114480F31188BFF36F8FD4F8743A20
:10E290008B42EBD2D4F84C2AFFF75AFB1044884249
:10E2A000E4D294F878810D1A4FEA880848F0020801
:10E2B0005D48C4F8949AFFF7ABFE4B462946CDE97A
:10E2C00000985A4A584801F0E9FA56E79B684EE729
:10E2D00094F8163A63B9564AD2F8203103F007038E
:10E2E000C4F8D039D2F8283103F00703C4F8D43980
:10E2F000022855D00225002384F8C93994F8153A2C
:10E3000013B92946FFF77AFC94F8C93984F8145AEE
:10E31000002B5FD0022D46D094F8143A012B3FF425
:10E3200036AF023B012B3FF638AF3E4A136943F04C
:10E330000403136194F8983A002B4ED101223D4B0F
:10E340005A673B4B5B6E5B0142BF3B4B3B4AC3F89A
:10E35000202430BF01223A4B3A495A6794F8783169
:10E36000DBB17B699D0718D594F8543AABB1FFF740
:10E37000E7FCD4F884319B69C01A02280DD88B6D54
:10E38000D80302D5CB6D9A0703D42E4B9B6DDB07C8
:10E3900062D54FF480322A4B9A62FFF7CDFBFCE640
:10E3A00094F8C93923B1002384F8C93901F0E0FD9C
:10E3B00094F8163A002BAFD194F8C83923B9012349
:10E3C00084F8983A84F81A3A012384F8163AA3E7B5
:10E3D000012590E7022DEBD09EE7002384F8983AC0
:10E3E000134B1A6F22F0070242F001021A67D3F8AA
:10E3F000202122F0070242F00302C3F82021D3F8C3
:10E40000282122F0070242F00302C3F8282194F8E1
:10E41000CB39CBB9FFF790FB90E700BF0804002091
:10E420000040065000ED00E0800E002005DE0208EE
:10E43000008000500060005A00E003500000FF0F11
:10E440000050005A0040005A0122264B5A60264ACA
:10E4500053689907FCD4DDE7012384F8193A84F85E
:10E46000D839FFF76DFCC4F8DC0992E7C01AFFF752
:10E470003DFED4F8A03AC4F89C3AD3E6FFF704FB7B
:10E4800000287FF461AECDE62B6923F004032B61F5
:10E4900030BF304601F09FFAEFF3108672B60020CD
:10E4A000FFF7D6FB0028EFD0FFF7EAFB002384F844
:10E4B000163A94F8703A2BB10020FFF7B5FC002310
:10E4C00084F8703A002194F8140AFFF797FB0023B0
:10E4D00084F8143AAFF30080304603B0BDE8F0434F
:10E4E00001F079BA00E0015000C00150F8B5394C94
:10E4F0000546FFF7E1FDD4F8F43104F50576013364
:10E50000C4F8F431D4F81012002955D1C4F81052CF
:10E51000D4F8F431012B20D13046013101F08EFACC
:10E52000382900F11400F8D12B49084601F11407ED
:10E5300001F084FA384601F081FAA1F6CC0001F02E
:10E540007DFA01F1280001F079FAA1F6AC0001F0A2
:10E5500075FAC4F8E01AC4F8E47AD4F8EC3AD4F8BE
:10E560000C2201332B64C4F8EC3AEB6A281D934269
:10E570004FF0140288BFC4F80C325343E218D2F8AB
:10E5800018121E448F68D2F81432A960EF6001336C
:10E59000786088606E61C2F81432FFF79BFDD4F892
:10E5A000E83AB3B1D4F81032DA6AEB6A9A4210D280
:10E5B000BDE8F84001F064BAD4F8E82AEB6A002A12
:10E5C000CBD1D4F81022D26A9A4298BFC4F8105224
:10E5D000C3E7F8BD08040020AC0E002070B5044667
:10E5E000E1F7D6FA0D4601F06CFAA26BE36B064632
:10E5F00093421FD994F845100132FF294BB2A26310
:10E600000ED1636A33B1206B01F0CEF810B10DB1B9
:10E6100001232B600124304601F05EFA204670BDD4
:10E62000054AD2F8F4219342F4D201335BB284F864
:10E630004530EFE70024EEE708040020F8B5044673
:10E640000127FFF739FD94F84550184E6DB2002DA3
:10E6500014DCFF23012784F84530FFF73BFDFFF76B
:10E660002BFD94F84450114E6DB2002D12DCFF23A7
:10E6700084F84430BDE8F840FFF72CBD636A002BF6
:10E68000E7D0206B01F090F808B1C6F8EC71013DBD
:10E690006DB2DCE72369002BE9D0E06901F084F872
:10E6A00008B1C6F8EC71013D6DB2DEE70804002048
:10E6B000034AD2F86C3A0133C2F86C3A704700BF93
:10E6C00008040020F8B504460D46FFF7F5FC174A8C
:10E6D0006168D2F87806D2F8103293F85E304BB108
:10E6E000D2F81032002283F85E200124FFF7F2FCFA
:10E6F0002046F8BD2B685E1C15D0D2F8F06A27685A
:10E70000B74204D0814202D800232B60EDE7461ABD
:10E71000B342F9D91B1A0B442B60D2F8F03A2360AC
:10E72000D2F8783663600024E0E700BF08040020D8
:10E73000234B30B5D3F86C2A1AB10122C3F8EC216F
:10E7400030BDC3F8EC21D3F81022126B1168B1F17F
:10E75000A53F0BD15168B1F1A53F07D19168B1F147
:10E76000A53F03D1D268B2F1A53F03D0D3F8102260
:10E77000D3F810221425D3F80C22124C05FB02F119
:10E780000859D8B15818D0F8185208316D680C449F
:10E79000A54208BFD0F82012C0F8185208BFC0F830
:10E7A0001812142101FB0231D1F81812C968C3F8FC
:10E7B0001012C3F80C22D3F81032C1E7013ADDE79A
:10E7C000080400201C060020064BD3F8E82A32B1CA
:10E7D000D3F86C0AB0FA80F040094000704701207D
:10E7E000704700BF0804002070B5054648B3EFF33A
:10E7F000108672B6046E012C19D924F0010401F0C0
:10E80000E5F970B1236893B9A46884B10E4BD3F8CD
:10E8100010329C4209BF6B6D0123DB4303F00103FF
:10E8200006E0FFF749FC23683BB1FFF753FC0023E8
:10E83000304601F0D5F8184670BDA468FFF74AFCD1
:10E84000E3E70123F7E700BF0804002008B5FFF75E
:10E85000BBFF40B1022805D0044BD3F8F40A431E95
:10E860005842584108BD0320FCE700BF08040020BF
:10E8700000222DE9F8430646244C0F46D4F878567A
:10E88000D4F8E08AD4F8E49AD4F81032D4F810021C
:10E8900083F85E20043001F059FB731C1DD1E7B1F1
:10E8A000D4F8FC31D4F8102299689360D4F810227F
:10E8B000D160D4F8102204324A60D4F81022043215
:10E8C0009A60D4F8103204F5FC725A61D4F8F83129
:10E8D0000133C4F8F831BDE8F883D4F81032D4F825
:10E8E0001012AD195D6001F1040104D34846BDE882
:10E8F000F84301F0AEB8404601F0ABF8D4F87436F6
:10E90000AB4288BFC4F87456E5E700BF0804002096
:10E9100010B50C46054BD3F81012183101F099F8D8
:10E920002046BDE810400121FFF7A2BF08040020E7
:10E93000074BD3F8E02A126822B94FF0FF32C3F830
:10E9400074267047D3F8E02AD2681268F7E700BF50
:10E95000080400204E492DE9F047D1F86C3A002B0D
:10E9600040F08F80D1F878460134C1F8784684B9F8
:10E97000D1F8E03AD1F8E03AD1F8E42AC1F8E02A37
:10E98000C1F8E43AD1F8F03A0133C1F8F03AFFF7B0
:10E99000CFFFD1F874360020A34211D91422D1F848
:10E9A0001032DB6A02FB0313D3F81432022BD1F8C6
:10E9B000EC3128BF0120002B18BF0120BDE8F087F3
:10E9C00007464FF0140EDFF8CCC0D1F8E03A1B68D0
:10E9D00023B94FF0FF33C1F87436DFE7D1F8E03ADE
:10E9E000DB68DB685A68944202D2C1F87426D5E726
:10E9F0005E69D3E90228C2F80880C8F8042072686A
:10EA00001D1DAA42326808BFC6F80480013A5F6142
:10EA100032609A6A82B1D3E90768C6F80880C8F8FC
:10EA20000460566803F118094E45166808BFC2F81D
:10EA30000480013E9F621660DA6AD1F80C62B2422D
:10EA40000EFB02F601EB0608D8F818926644D9F8D6
:10EA500008A0C3F80890C3F80CA0CAF80450C9F87D
:10EA600008505E61D8F8143288BFC1F80C22013317
:10EA7000C8F81432D1F81032DB6A9A4288BF0120FC
:10EA8000A3E7D1F8F03100200133C1F8F03195E768
:10EA9000080400201C0600202DE9F843404CFFF735
:10EAA0000BFBD4F86C3AD4F86C3A013BC4F86C3ADE
:10EAB000D4F86C3A2BB10024FFF70CFB2046BDE8DC
:10EAC000F883D4F8F421002AF5D01D4614264FF01F
:10EAD000010C04F5057744E0D4F8E431DB689A6A68
:10EAE000D3E9071088604160516803F1180E714541
:10EAF000116808BF506001399D6211605A69D3E9FD
:10EB0000021088604160516803F1040841451168B2
:10EB100008BF506001391160DA6AD4F80C128A42D9
:10EB200006FB02F104EB0100D0F818E23944DEF8EC
:10EB30000890C3F808E0C3F80C90C9F80480CEF838
:10EB400008805961D0F8141288BFC4F80C22013132
:10EB5000C0F81412D4F81012C96A8A4201D9C4F854
:10EB6000ECC1D4F8D821002AB6D10BB1FFF7E0FEF2
:10EB7000D4F8F0514DB10126FFF7ECFE08B1C4F80E
:10EB8000EC61013DF8D1C4F8F051D4F8EC31002B20
:10EB900091D0D4F8103200F073FF01248CE700BF4D
:10EBA0000804002083B54A4C4A4ED4F8003B002BA1
:10EBB00075D1D4F81432012B01D900F061FF7368CC
:10EBC000D9070DD5EFF31183302282F31188726AD1
:10EBD000D2075CBF0122F26083F31188BFF36F8F0D
:10EBE00094F8CC3863B301213B48DDF7F0FE3A4896
:10EBF000DDF7E8FAD4F8B038D4F8C878C518D4F8F6
:10EC0000D408F3F799FFAF421AD294F8CC38BBB1CD
:10EC100002213148DDF7DBFE2F48DDF7D3FAD4F8C7
:10EC2000B038D4F8C8581844854205D201222A4881
:10EC30000DF10701DEF7D2FAD4F8D408F3F77CFF20
:10EC4000FEF73CFF0128B0D9FFF732FDD4F8743647
:10EC5000D4F87836FEF732FF012805461CD9012783
:10EC60001E4884F8F87AFFF7D3F92846E0F7BEFD8E
:10EC70002846DBF785F8C4F8A05A0025C4F89C5A4A
:10EC8000FFF754FAF4F7ACFA144884F8F85AFFF78F
:10EC9000BFF93846E0F7AAFDFFF7FEFE85E7FFF76C
:10ECA0000BFAD4F8D83ADD68281D01F04FF9D4F8F2
:10ECB000F431013BC4F8F431D4F8003B013BC4F813
:10ECC000003BFFF707FA284600F0FDFF6DE700BFA5
:10ECD000080400200040005BA00C0020340E00203F
:10ECE0002DE9F043002585B004461F4601920E46EB
:10ECF000FFF76AFDA946DFF8A081FFF7DDF9A26BF7
:10ED0000E36B9A427AD2A56B226C0135002A4AD174
:10ED100022685AB1636AA563002B69D0206B00F0AA
:10ED200043FD002864D000F0ABFE61E0A668002E31
:10ED3000F0D0DFF86481B76CD8F81032F16AF36C68
:10ED4000B94203F1FF33F36400D00BB1A260E1E7F5
:10ED500006F10409484601F0F9F8C7F13803B36138
:10ED6000D8F80C32F7629F424FF0140388BFC8F8FE
:10ED70000C725F43B844D8F818329A68B360F260F6
:10ED8000C2F80490C3F80890424B3B447361D8F832
:10ED900014320133C8F814320023A360636AA563F8
:10EDA000002BC0D0BAE731467FB96068FDF79FFD00
:10EDB0006368226CA5631344A2686360934228BF12
:10EDC0002268636A28BF6260A6E7E068FDF78FFDEE
:10EDD000226CE36851429B1A2268E360934238BF79
:10EDE000A368626A3CBF5B18E360A563002A95D103
:10EDF000FFF770F9012005B0BDE8F083019B1BB956
:10EE0000FFF768F90020F6E72DB9D8F8F03A029339
:10EE1000D8F878360393FFF75DF9FFF749FCFFF761
:10EE20004BF994F84430FF2B08BF84F8449094F8D1
:10EE30004530FF2B08BF84F84590FFF74BF901A937
:10EE400002A8FFF73FFCF8B9FFF736F9A26BE36BB6
:10EE50009A4208D0FFF73EF92046FFF7EFFBFFF795
:10EE60001BFE012549E7FFF735F9019904F1100070
:10EE7000FFF74EFD2046FFF7E1FBFFF70DFE0028F0
:10EE8000EFD100F0FDFDECE72046FFF7D7FBFFF7E1
:10EE900003FEB7E71C0600200804002070B50546F5
:10EEA00020F0010400F0010600F090FEF0B9012D01
:10EEB0001FD986B1104BA268D3F810329A4212D1F2
:10EEC000E368013BE36023B91A4619462046FFF781
:10EED00007FF002009E03346324631462046FFF75F
:10EEE000FFFE0128F5D06FF0020070BD6FF0050045
:10EEF000FBE76FF00300F8E7080400202DE9FF4767
:10EF00004FF00008044601914546FFF75DFC474677
:10EF10008C4EFFF7D1F8A36BCBB1013BA363236801
:10EF20003BB9884BD3F8103213B1DA6C0132DA6492
:10EF3000A36023692BB1E06900F036FC08B100F052
:10EF40009FFDFFF7C7F8012004B0BDE8F087019BE3
:10EF50001BB9FFF7BFF80020F6E72DB9D6F8F03A55
:10EF60000293D6F878360393FFF7B4F8FFF7A0FBC7
:10EF7000FFF7A2F894F84430FF2B08BF84F84470E0
:10EF800094F84530FF2B08BF84F84570FFF7A2F8CE
:10EF900001A902A8FFF796FB05462046002D79D16E
:10EFA00000F0C6FD00286FD02368002B4DD1FFF77D
:10EFB00083F8D4F80880B8F1000F43D0614DD8F839
:10EFC0002C20D5F81032DB6A9A4253D2D8F8183088
:10EFD000DFF87491002BA1BFD5F81032DB6AC3F1C2
:10EFE0003803C8F81830142303FB0292D8F8143001
:10EFF000934239D108F1040A504600F0A7FFD5F832
:10F000001032D5F80C22DB6A93424FF01402C8F894
:10F010002C3088BFC5F80C3253431D44D5F8182254
:10F020004B449168C8F80820C8F80C10C1F804A037
:10F03000C2F808A0C8F81430D5F814320133C5F866
:10F0400014320125FFF746F8A846019904F124007F
:10F05000FFF75EFC2046FFF7F1FAFFF71DFD08B948
:10F0600000F00EFD012554E7D5F81032DB6AC8F830
:10F070002C30E6E7D5F81032D8F84850DB6A9D42CC
:10F080002CBF00250125DDE72046FFF7D7FAFFF763
:10F0900003FDE7E7FFF7D2FAFFF7FEFC204600F09A
:10F0A00047FD0028DED0B8F1000F3FF454AFFFF762
:10F0B00003F8636A1BB1236B1B68C3F13803A568AF
:10F0C000002D3FF446AFAA6C934238BF13461C464E
:10F0D000EB6A9C423FF43DAFEA6C012A7FF439AF02
:10F0E000184E194FD6F81022AA69EC62002AA4BF64
:10F0F000C4F13802AA61142202FB03736A699A42BE
:10F100007FF427AF05F10408404600F01FFFD6F852
:10F110000C329C424FF0140388BFC6F80C425C438B
:10F120003319D3F8182227449168AA60E960C1F81E
:10F130000480C2F80880D3F814226F610132C3F84A
:10F14000142206E7080400201C06002038B50446F7
:10F150004D4800F06BFE002848D14FF480624B4BC5
:10F160009A66BFF34F8F236A052B15D84FF098414D
:10F170000A6CD002FCD504339B000B652268103B5F
:10F180000A6062680A60224652F8080F08604FF071
:10F190009841134493420BD194F8243063B94FF053
:10F1A00098435A6CD202FCD55C6D04F4702432E0B2
:10F1B00052F8040F0860EDE74FF09844A36D43F058
:10F1C0000203A365FFF742FB02283DD1304BD3F881
:10F1D000645B65B9A36D23F00203A3654FF48062FD
:10F1E0002C4B29489A6600F07EFD012038BD00F0C6
:10F1F000EDFC0028EED14FF0FF312846FFF77EFEF0
:10F20000A36D012823F00203A365E7D14FF4A022E8
:10F21000214BDC6BDA634FF480621E4B1A489A660E
:10F2200000F061FD002CE1D0B4F5E02F21D015D81D
:10F23000B4F5403F1FD00CD8B4F5803F1DD0B4F5D5
:10F24000003FD2D12A20D1E7A36D23F00203A365AA
:10F25000DCE7B4F5802FC8D14B20C7E7B4F5302FD9
:10F260000DD0B4F57F0F0CD0B4F5202FBDD11020F8
:10F27000BCE72120BAE72C20B8E74820B6E71120E8
:10F28000B4E70620B2E700BF740F002000900050E2
:10F290000804002000A00050DC9E002008B5FFF705
:10F2A00007FA074B0021D3F86C3AFFF7E1FAFFF7B2
:10F2B000F3FB18B9BDE8084000F0E2BB08BD00BF91
:10F2C000080400204FF000098FB5704DD5F8303C90
:10F2D000D5F8341C1F68002F4AD1FFF7E9F9D5F89B
:10F2E00078668E4253D3D5F8383CC5F8346C1B6829
:10F2F000B3FA83F84FEA5818D5F83C4CFEF7DCFE19
:10F3000094F84430FF2B08BF84F8449094F84530BB
:10F31000FF2B08BF84F84590FEF7DCFEA36BF3B922
:10F32000A36AD5F810229968D361D5F8102211622A
:10F33000D5F8102218324A60D5F8102218329A6097
:10F34000D5F8103204F124029A62636A01336362D1
:10F35000B8F1000F4ED1B81B4146FFF789FA20469D
:10F36000FFF76CF9FFF798FBB8B900F089FB14E0E0
:10F37000DB681F68FFF79CF9D5F878668E4206D3E4
:10F38000BE42C5F8346C2ED24FF00008B4E700F04E
:10F39000E9F8C5F8346CFFF77FFB102200216846BE
:10F3A000FDF7A8F96946D5F83C0C00F07DFD002872
:10F3B0008CD0009F029C002F1FDB636913BBD5F824
:10F3C0007866D5F8343CB34201D900F0CBF8013F60
:10F3D000C5F8346C082FE5D8DFE807F018183A4173
:10F3E0005018183A4100FFF757FB3146384600F0F5
:10F3F00099F8D2E74FF0FF30AEE720460399019B22
:10F400009847CFE7201D00F0A1FDD8E794F82830F9
:10F41000A76943F0010384F82830019B32461F445A
:10F420003946204600F060F80028BBD094F8283018
:10F43000590708D532463946204600F0E5FC2046FB
:10F44000236A9847AEE723F0010384F82830F6E7F3
:10F4500094F8283023F0010384F82830A2E794F8C8
:10F460002830019943F0010384F82830A161334624
:10F4700032462046314400F037F893E794F82830BC
:10F480009A07E7D4204600F013FC8BE7080400201D
:10F4900037B5134CFEF710FED4F83C1CD9B904F56F
:10F4A0004465284600F0CAFA04F6544000F0C6FA53
:10F4B000C4F8380CC4F8305C0820009104F66843A6
:10F4C000102104F6B84200F00EFBC4F83C0C10B159
:10F4D0000449FEF7A5FA03B0BDE83040FEF7FABDD7
:10F4E00008040020D5FF0208914208B54160006180
:10F4F0000AD8D21A83699A420DD2084B011D1868A6
:10F5000000F0A7FA002008BD9A4201D2994202D227
:10F51000034B011DF3E70120F5E700BF4010002079
:10F52000381000200E4B70B51B680546DB680E4690
:10F53000DC68201D00F00AFD94F828305A0709D530
:10F5400032462946204600F05FFC2046236ABDE88B
:10F550007040184723F0010384F82830F5E700BF16
:10F560003810002010B5084C23681A6822B9074AE1
:10F5700011681360216010BDDB684FF0FF3118681F
:10F58000FFF7D0FFF0E700BF381000204010002048
:10F590001FB5094B1C6864B1CDE900120290FFF75A
:10F5A00013F9002369461A462046FFF799FB04B079
:10F5B00010BD2046FBE700BF441000202DE9F041BC
:10F5C0000E46089D94002246A5210746286B9846C2
:10F5D000FDF790F8296B221F0A4422F007026EB152
:10F5E000731E05F13300093613F8014F00F8014F7F
:10F5F0000CB1B342F8D1002385F83D30069B0020C2
:10F60000372B28BF3723EB62AB64C3F13803AB6100
:10F610004FF080736861A8622D616D6242E90273E8
:10F62000194B4FF0123042F80C3C4FF003334FF0BF
:10F63000023442E905304FF001334FF0113642E910
:10F6400007344FF010334FF0093742E90A364FF0D4
:10F6500008334FF0073C42E90C374FF0063342F8CD
:10F66000208C42E90E3C4FF005384FF0043342E95C
:10F6700010386FF0020342F8443C079B42F8481DE3
:10F680002A601D60BDE8F081ADFB000870B505463D
:10F6900020F0010400F0010600F098FA00BB012DF3
:10F6A00021D9BEB1114BA2681B689A4204D1E3680C
:10F6B0000133E36000200CE04FF0FF312046FFF7FC
:10F6C0001DFC20B1E3680133E3600128F2D06FF044
:10F6D000010070BD4FF0FF312046FFF70FFCF4E74B
:10F6E0006FF00500F5E76FF00300F2E71806002061
:10F6F00070B504460D46FEF7DFFC022394F85C204B
:10F7000084F85C30A36D012A43EA0503A36503D0A6
:10F71000BDE87040FEF7DEBC6369D4E902128A607E
:10F7200051605968201D814208BF5A601A68013A29
:10F730001A60104AE36A11688B424FF0140188BFC7
:10F7400013604B430C4AD51869688E68A160E66067
:10F7500070608860D15865610131D150FFF7E8F8D9
:10F76000064B1B68DA6AE36A9A42D1D200F088F944
:10F77000CEE700BF140600201C060020180600205B
:10F7800038B50D46044608B9064B1C68FEF794FCD4
:10F79000A36DA36D23EA0503A365BDE83840FEF71A
:10F7A00099BC00BF1806002070B5C468A36AD4E9EC
:10F7B000071258688A60516004F11801884208BF36
:10F7C0005A600022A2621A68013A1A601F4B1B6835
:10F7D000002B2ED1D4E9021263698A605160596806
:10F7E000201D814208BF5A601A68013A1A60184AFF
:10F7F000E36A11688B424FF0140188BF13604B43DA
:10F80000144AD51869688E68A160E66070608860E7
:10F81000D15865610131D150FFF78AF80E4BE26A89
:10F820001B68DB6A9A4285BF01200C4B00201860E0
:10F8300070BD0B4B5A689068E26120624160916034
:10F840001A68A36201321A60E8E700BF740E002054
:10F85000140600201C06002018060020F4050020D5
:10F86000E0050020026812F4E07FC2F382130CD09E
:10F87000012B09D1074B51B103F58053012102F04F
:10F880003F0201FA02F21A607047034BF3E703F5F7
:10F890000053F3E7688000506480005070B50D4657
:10F8A00019469DF81030044603710023C0E9032374
:10F8B0008360BDF814300160C3800E4B1B6A2B447B
:10F8C000836125B9456102B19047002070BDEFF317
:10F8D000108672B6FEF780FB29462046FEF7E4FA52
:10F8E000054B1B689C4201D1FEF722FB304600F01D
:10F8F00077F8EAE7004006508C050020F8B504468A
:10F900000E461546E0F744F900F0DBF8022394F8C0
:10F910005C2084F85C30A36D012A43EA0603A365EA
:10F9200003D0BDE8F84000F0D7B8214BE16A1B686E
:10F93000002B2FD1D4E902626369B26056605E6821
:10F94000271DBE4208BF5A601A68013A1A60194B57
:10F950001A68914288BF196014234B43164A02EB80
:10F96000030CDCF80460D6F808E0A660C4F80CE0EC
:10F97000CEF80470B760C4F814C0D4580134D45021
:10F980000E4B1B68DB6A9942CBD901230C4A2B60D2
:10F990001360C6E70B4B04F118065A689768E261DA
:10F9A00027627E6096601A68A36201321A60E7E7F8
:10F9B000740E0020140600201C06002018060020EB
:10F9C000F4050020E00500204FF06042D2F8803EB0
:10F9D0001B02FBD4704710B962B6BFF36F8F70473C
:10F9E00010B962B6BFF36F8F7047EFF3108072B635
:10F9F000704780F31188BFF36F8F7047EFF311806A
:10FA0000302383F31188704708B528220021FCF7C2
:10FA100071FE002008BD036A042B9FBF00EB830228
:10FA20000133D16003627047836813B98160704706
:10FA30005B685A68012AFBD1596070474FF0FF326A
:10FA400000F10803C0E9022343600361002303605F
:10FA5000704730B50C68631C0AD103695A684A6064
:10FA600091608B605960036808610133036030BDA9
:10FA700000F10802134652681568A542FAD9EDE76D
:10FA80004FF0E0234FF08052C3F8042DBFF34F8FA7
:10FA9000BFF36F8F7047836913F8023C662B0FD159
:10FAA0004FF0E023D3F8882D42F47002C3F8882D7C
:10FAB000D3F8342F42F04042C3F8342FFEF7D6BAC1
:10FAC0007047EFF311804FF0100181F31188BFF3FD
:10FAD0004F8FBFF36F8F704780F31188BFF34F8F45
:10FAE000BFF36F8F704737B50D461C4693B1A2B177
:10FAF000D1B150230193019B019B0121C4E90F0562
:10FB000084F846102046226000F0EDF99DF8183088
:10FB100084F84C30204603B030BD39B950230193EE
:10FB2000019B2246019BE8E70C46F3E71446F1E708
:10FB300010B50446FEF7C0FAA46BFEF7CBFAB4FA90
:10FB400084F0400910BD03461A6C084610B46AB12F
:10FB5000DC68996814448C4228BF1968DC6028BFAF
:10FB6000D960D9685DF8044BFCF7C1BE5DF8044B61
:10FB700070472DE9F043174660220E46002187B0FA
:10FB800005929846DDE90F94059B0546059B049177
:10FB9000C4B1B9F1000F15D02046FCF7ABFD02232C
:10FBA00084F85D3004ABC4F8309001930E9B284676
:10FBB00000933A46434631460294FFF7FFFC204645
:10FBC000FEF794FC049807B0BDE8F08308B5EFF3A6
:10FBD000058111B10121084608BDFEF7F5FD012898
:10FBE000F9D0EFF31083002BF4D1EFF3118100393A
:10FBF00018BF0121EFE708B5FFF7E8FF014640B95C
:10FC0000FEF7E2FD40B1022808D1FEF751FD08469B
:10FC100008BD6FF00500FBE70120F9E74FF0FF306A
:10FC2000F6E710B5FEF7D0FD012810D0FFF749FF29
:10FC30000446FEF78FFE28B14FF0E0234FF08052CC
:10FC4000C3F8042D2046BDE81040FFF745BF10BDA6
:10FC500010B50446FFF7BAFFB0B9FEF7B5FD30F0B6
:10FC6000020314D1012C03D1FEF722FD204610BD62
:10FC70006CB9FEF711FF0128F8D0FEF7A5FD841E30
:10FC800018BF4FF0FF34F1E76FF00504EEE74FF0D7
:10FC9000FF34EBE713B5FEF70BFD002301A9019339
:10FCA000F0F734FC019CFEF7F7FE204602B010BDD1
:10FCB00008B538B1FEF7FCFCDFF74CFABDE80840A8
:10FCC000FEF7EABE08BD10B590F85D3004463BB9BA
:10FCD000006BFFF7EDFF2046BDE81040FFF7E8BFDF
:10FCE000012BF9D010BD014608B5C8B1FEF7AEFD35
:10FCF000022813D1EFF31083DB070AD4EFF311834B
:10FD00002F2B06D8086EFFF7C9F8003818BF01205E
:10FD100008BD0846BDE80840FEF766BD0020F4E7D0
:10FD20000120F5E738B100231A46194683600360C5
:10FD3000C360FEF7D5BF704738B505465020FFF7C2
:10FD4000A9FF044650B10023012180F84630C0E9E4
:10FD50000F13006000F0C7F884F84C502046FFF7FE
:10FD6000E1FF204638BD37B50546FFF72FFF18B134
:10FD70000024204603B030BD6A6812F00800F7D1B5
:10FD8000D5E9023102F00102A3B14F29F0D902B343
:10FD900004220146009202460120FFF7A4FE044619
:10FDA000FFF7C0FF002CE3D0296879B12046FDF7AA
:10FDB00037FE0BE00029DBD1E2B10420FFF7BCFFE6
:10FDC00004460028D4D029680029F0D144F0010469
:10FDD000CFE7012011460090FFF785FE0446FFF7AC
:10FDE000A1FF002CC4D029680029C2D02046FDF70D
:10FDF00017FEBEE70120FFF79FFF04460028B7D09B
:10FE000029680029F3D1B4E770B50B4604461646BD
:10FE1000A56932461D4429462046FFF765FB00B917
:10FE200070BD236A204698472B46F1E710B504467B
:10FE3000C8B1FEF70BFD022813D1EFF31083DB07E7
:10FE40000AD4EFF311832F2B06D8206EFFF71EFC88
:10FE5000003818BF012010BD2046BDE81040FEF755
:10FE6000C3BC0020F4E70120F5E770B504460E4658
:10FE7000FEF7AAFCFEF720F9A56B8DB131462046AE
:10FE8000E568FFF760FE636AE5602BB1206BFFF762
:10FE90008BFC08B1FFF7F4FDFEF71CF9012070BDE3
:10FEA000FEF718F92846FAE770B505460E46FEF744
:10FEB0008BFCFEF701F9AC6B8CB131462846FFF79D
:10FEC00042FE2B69013CAC632BB1E869FFF76CFC87
:10FED00008B1FFF7D5FDFEF7FDF8012070BDFEF774
:10FEE000F9F82046FAE770B50E46044668B3C56BCC
:10FEF0005DB3036CA3FB05353DBBFEF7DDF8D4E92C
:10FF00000F314B432268A563D0185B1A62601A4414
:10FF1000FF23A06084F84430E26084F845305EB985
:10FF200023692BB1E069FFF73FFC08B1FFF7A8FD9B
:10FF3000BDE87040FEF7CEB804F11000FFF77EFD7B
:10FF400004F12400FFF77AFDF2E770BD0369D0E900
:10FF500001128A6051605968884208BF5A600022C5
:10FF600002611A68013A1A6070470121FFF77ABCF2
:10FF700002210120F4F79AB90000000000000000FF
:10FF8000F8B500BFF8BC08BC9E467047F8B500BF86
:10FF9000F8BC08BC9E4670475FF800F0B59D002095
:10FFA0005FF800F0619D00204C4541524E5F4D4F7F
:10FFB00044455F5354415455533D30782530327891
:10FFC0000A0053574F20436F6D706F6E656E74203B
:10FFD0004C6F636B00546D72510049444C450054A2
:10FFE0006D722053766300000F00FF033F00020292
:10FFF000030000001A0000000404040404040001CB
:020000040803EF
:1000000002030000000000000000000001041000D6
:100010001D0000001E0000001600000061B800086E
:1000200085B80008A1E50008A9B80008B9BB000818
:10003000C1BD0008E1E4000813B779FAC925DDB7AE
:10004000ADF3CFE0F1B614B80102000000000000EB
:10005000000000008000000002180A0000000000FC
:1000600000000004000000000004000011110087DF
:100070000000000000000000000000000000000080
:100080000000000000000000E89E0020A00C0020FE
:100090005A2D57617665202531642E253032640053
:1000A0004170706C69636174696F6E496E69742028
:1000B000655265736574526561736F6E203D2025CE
:1000C000640A00415050005A2D57617665200000A7
:1000D00073776F0038626364303166366232613242
:1000E0003465636361616337313737306233346459
:1000F00064343238373430316338396231BE000805
:1001000055BF0008DDB00008DFB00008E1B000080E
:1001100025BE0008000000000000000000000000F4
:1001200000000000000000000000000000000000CF
:1001300000000000000000000000000000000000BF
:1001400000000000000000000000000000000000AF
:10015000000000000000000000000000000000009F
:10016000000000000000000000000000000000008F
:10017000000000000000000000000000000000007F
:10018000000000000000000000000000000000006F
:10019000000000000000000000000000000000005F
:1001A000000000000000000000000000000000004F
:1001B000000000000000000000000000000000003F
:1001C000000000000000000000000000000000002F
:1001D000000000000000000000000000000000001F
:1001E000000000000000000000000000000000000F
:1001F00000000000000000000000000000000000FF
:1002000000000000000000000000000000000000EE
:1002100000000000000000000000000000000000DE
:1002200000000000000000000000000000000000CE
:1002300000000000000000000000000000000000BE
:1002400000000000000000000000000000000000AE
:10025000000000000000000000000000000000009E
:10026000000000000000000000000000000000008E
:10027000000000000000000000000000000000007E
:10028000000000000000000000000000000000006E
:10029000000000000000000000000000000000005E
:1002A000000000000000000000000000000000004E
:1002B000000000000000000000000000000000003E
:1002C000000000000000000000000000000000002E
:1002D000000000000000000000000000000000001E
:1002E000000000000000000000000000000000000E
:1002F00000000000000000000000000000000000FE
:1003000000000000000000000000000000000000ED
:1003100000000000789F0020809F0020889F002020
:10032000232323505341004B4559000001FE010196
:10033000FE0201FE0301FE0501FE0601FE0701FEAD
:100340000801FE0903010B03002001FE2101FEFE4E
:10035000000000000B00000000000000020202028A
:10036000C8000000C8000000C8000000E80300004A
:10037000000000000000000000000000030000007A
:100380000000000002020202C8000000C8000000D5
:10039000C8000000E80300000000000000000000AA
:1003A00000000000CD9601080000000002000000DF
:1003B00005000000030000000A0000000400000027
:1003C0001E000000100000004000000011000000AE
:1003D00001000000140000002000000002020000E4
:1003E00002000000006A1800060304000000060373
:1003F0000500000001010207180200034D77000804
:100400001578000891790008097900083578000806
:100410003B78000867680008AD2901082DDB01085A
:10042000B597000861400108417B0008717400081D
:1004300039770008417800085778000825AA010894
:1004400000000000010000000000040000000000A7
:10045000000000000000000057000000000901F04B
:1004600090050308000901F044050308000901F0A4
:10047000F8040308000901F0AC04030800000000C0
:10048000000000001C00000015000000E3B00008A0
:10049000E0050308DC050308909F0020C89F0020AA
:1004A0000000CFFFA000000000000000CEFF84FE8F
:1004B000FF00CEFF0A000000F00094077D24050035
:1004C000D300C8084A720500BA00DB07482C0500B3
:1004D000A6004F07B4FD040094007506A9AC040003
:1004E0008500F405017804007600C004A6EE030040
:1004F0004F00A5015B2702001E0084FEFF001E00C6
:100500000A000000F0001F0845CA0200D400220AB9
:10051000B0AD0200BA00380925B20200A500960766
:1005200003AA020090009F06609B02008100E10583
:100530001E89020073004305987402004B005A01A3
:100540001E7B01006E00A2FEFF006E001E00000078
:10055000F000C40B7391FEFF880046068136000050
:100560005B00C30357AF00003C0070022CC50000C5
:100570002A00B6012DBC00001D001F0151A2000081
:100580001400B800838400000C003A009648000074
:1005900096001AFFFF0096001E000000F00067148E
:1005A00027ADF7FF530087041126FFFF2E00190225
:1005B000C2FBFFFF1E005001A92800001400D0005C
:1005C0008C3600000D0085003C35000009005A0003
:1005D0004D2F0000050022006F1E00008700000064
:1005E000000000000000000002180706F060002074
:1005F0000000000020A00020012627282308220058
:1006000044656C6179656420504B542054696D6574
:10061000720000000005030401FAFE02060A0D1034
:10062000131517191A1B1C1D1E000000411E01087E
:100630007F1E0108492B010805200108F91D01084A
:10064000D32401082525010829270108912701083D
:1006500079250108CD25010821260108F92701087F
:100660006928010875260108D126010801020155F3
:100670000AF0000000000000000000000201015527
:1006800014F000000000000000000000030002550C
:1006900028F000000000000000000000030302003A
:1006A000285E0000000000000000000003040200BB
:1006B000285E00000000000000000000030002555A
:1006C00018F00000000000000000000055000000CD
:1006D0000300005508F06900000000000000000061
:1006E0000201005514F03A00000000000000000074
:1006F0000201005514F0E6000000000000000000B8
:1007000003030000085E6E0000000000000000000F
:1007100003040000085E6E000000000000000000FE
:100720000000000001020506E7780108B37801081F
:100730008578010829210108CD780108E9780108A8
:100740002921010829210108D9280108F3280108D5
:1007500029210108292101083F7901085979010857
:1007600073790108292101080B790108257901080D
:100770002921010829210108D11E0108091F0108AA
:1007800005200108052001083B1F0108711F010811
:100790008D2B010805200108AB1F0108D31F01089C
:1007A00005200108052001080201010101010000E6
:1007B00000001E00333333333333333333333333B7
:1007C0003333333300000000737461727420726538
:1007D000636569766500000073656E645F666972C3
:1007E00073745F66726167006B6565702073656E18
:1007F00064696E670000000073656E645F73756204
:100800007365715F667261670000000073656E64F6
:100810000000000070726F63657373206E6577204F
:100820006672616D00000000646973636172642028
:1008300074686520667261676D656E740000000003
:1008400073656E645F667261675F776169745F6329
:100850006D64000073656E6420667261675F776126
:100860006974000066696E645F6D697373696E67B1
:1008700000000000646973636172645F616C6C5FA7
:1008800072656365697665645F667261676D656EE2
:100890007473000064726F705F667261676D656E7D
:1008A000740000006469736361726420616C6C2081
:1008B000667261676D656E747300000070726F63BD
:1008C0006573732072656365697665640000000076
:1008D00073656E645F667261675F7265715F636D99
:1008E0006400000073656E645F667261675F636FCA
:1008F0006D706C6574655F636D6400007761697429
:100900005F726573746172745F66726F6D5F666942
:100910007273740073656E645F6C6173745F66728A
:100920006167000073656E64206661696C7572654D
:1009300020746F206170706C69636174696F6E0000
:100940007265706C795F667261675F7265710000D5
:1009500077616974000000007265636569766500FF
:100960000000000000000000000000000000000186
:100970000C0D0E10121315191A1F2024250405063C
:1009800007090A0B0F11140000000000000001000D
:10099000C807030800170600D80703080018060058
:1009A000E807030806180600F80703080118060000
:1009B0000C080308081806000C08030801010100D0
:1009C00014080308011500002808030801020400A8
:1009D00040080308010B040040080308060B04004C
:1009E00040080308080B040040080308010D00003C
:1009F00028080308010E0400540803080110000031
:100A000028080308010F0000280803080405010056
:100A100000000000040606000000000004070800B3
:100A200000000000020500000000000003050100B6
:100A30000000000001080500640803080008000029
:100A400074080308010C0100940803080112050052
:100A500064080308080302000000000001220000EF
:100A60000000000008160800000000000808000050
:100A7000A408030801160100BC08030806160100BB
:100A8000BC08030805090300D0080308050A000094
:100A90000000000005030200E4080308050400004C
:100AA00000000000061B0600FC080308011B0600EE
:100AB000FC080308061C070014090308061D0700AC
:100AC000140903080705080000000000081E0700BD
:100AD000140903080820000024090308081F000067
:100AE00000000000082100000000000008110600BE
:100AF000400903080111060040090308082200000C
:100B0000000000000619060040090308061E000048
:100B1000500903080620000050090308061A0800BF
:100B20000000000006140100580903080714010022
:100B300058090308081B06000000000007240000F5
:100B40000000000008140100580903080100020118
:100B50000402000000000000000000009840980718
:100B600001020408100000000102050101000E024C
:100B70000601010004000704010003020000010057
:100B8000090211000400060008050400080203140D
:100B9000040004000014050008010908050008020B
:100BA00003140500040000140500060000140800EA
:100BB00002020A0A080003020100080004000014EF
:100BC0000800060000140800080100140A000D02C5
:100BD000000A0A000C02000A0A0008020B0A0A00B6
:100BE00005010C0E0A00040000140A00060000149F
:100BF0000A00080100140E000A000D110E00080280
:100C000004140E00040000140E00060000140E0070
:100C1000080100140E00050100140E000F020E1250
:100C200011000C000C0E1100080204141100040045
:100C30000014110006000014110008010014110036
:100C40000501001411000A000014110005020E1223
:100C500012000802041412000C020F00120004001B
:100C60000014120006000014120008010014120003
:100C70000501001412000A000014120005020014FD
:100C800012000C00001413000C0201000000090205
:100C9000000000001002000014000902010014000E
:100CA0000B02001314000700100014000A020100D8
:100CB00014000402001414000C02001414000D02AD
:100CC000010014000E0200141400100201000200C2
:100CD000FFFF0602FF000602FF000301FF002300E2
:100CE000FFFF0300000013000000020001010300E9
:100CF000000001020402040080000000E8930020CC
:100D00002626262626262626262626262626262683
:100D100000888888888888888888888888888888DB
:100D200000555555555555555555555555555555C8
:100D3000005B25635D2000000108090C000D0E0F0B
:100D40000001020310040506071010101010101007
:100D50001010101010101010101010101010101093
:100D60000A0B505341004B45590004050300741011
:100D7000C033E0335C34003400000000A0040308FA
:100D8000E811030801000000340F0308C81103082C
:100D900002000000280F0308A81103080300000048
:100DA0001C0F03088811030804000000100F03083B
:100DB0004811030805000000040F0308E8100308A9
:100DC00006000000F80E03080811030807000000E1
:100DD000EC0E0308A810030808000000E00E03084A
:100DE0008810030809000000D40E030868100308E7
:100DF0000A000000C80E0308281103080B000000B9
:100E0000BC0E0308C81003080C000000B00E030855
:100E1000481003080D000000A40E03082810030862
:100E20000E000000980E0308081003080F000000D1
:100E30008C0E0308E80F0308020200000000000007
:100E40000000000076636F6D0000000000000000ED
:100E50000000000000000000000000000000000092
:100E60000000000000E0060800600000501C0020A8
:100E70000A0000006C070000000000001C000308CE
:100E8000FAFE02060A0D0423000000000300CFFF53
:100E9000A0000000000001000200CFFFA000000041
:100EA000000000000200CFFFA000000000000000D2
:100EB0000300CFFF80000000000001000100CFFF11
:100EC00088133200A00F01000100B9FF800002006A
:100ED000C80001000200CFFF8000000000000000F9
:100EE0000200CFFF80000000000000000000CFFFE4
:100EF00000000000000000000000CFFF0000000024
:100F0000000000000000CFFF000000000000000013
:100F10000000CFFF00000000000000000000CFFF35
:100F200000000000000000000000CFFF8000000073
:100F3000000000000000CFFF800000000000000063
:100F4000232D302B2000686C4C00656667454647B2
:100F50000030313233343536373839414243444535
:100F600046003031323334353637383961626364A4
:100F7000656600000080FF7F06010080FF7F0C0295
:100F8000200000003543020810000000AD420208B6
:100F900000000001000001010001010120C001B8B2
:100FA00008120308E8110308C8110308A811030870
:100FB0008811030868110308481103082811030861
:100FC00008110308E8100308C8100308A810030854
:100FD0008810030868100308481003082810030845
:100FE00008100308E80F030800987F33801C9E3325
:100FF000FFFFFFFFFFFFFFFFFF7FFF7FFF7FFF7F01
:10100000030304041105000090DBD83380BBC23316
:10101000A009C333801C9E33FF7FFF7FFF7FFF7FCC
:10102000020100031004000090DBD83380BBC23300
:10103000A009C33300987F33FF7FFF7FFF7FFF7FCF
:10104000020100030F04000000045C360016D636CF
:10105000FFFFFFFFFFFFFFFFFF7FFF7FFF7FFF7FA0
:10106000030304040E050000000D99368015253693
:10107000A06325360016D636FF7FFF7FFF7FFF7FF8
:10108000020100030D040000000D9936801525367D
:10109000A063253600045C36FF7FFF7FFF7FFF7F64
:1010A000020100030C04000080BBC23380BBC233CA
:1010B000A009C333FFFFFFFFFF7FFF7FFF7FFF7F9D
:1010C000020100040B000000A0D1E336A006F036B8
:1010D00060630537FFFFFFFFFF7FFF7FFF7FFF7F1D
:1010E000020202040A020000000D9936000D993632
:1010F000205B9936FFFFFFFFFF7FFF7FFF7FFF7FB2
:10110000020100040900000040E3CB3340E3CB338D
:101110006031CC33FFFFFFFFFF7FFF7FFF7FFF7F4B
:101120000201000408000000A03BFC366098113763
:1011300060373637FFFFFFFFFF7FFF7FFF7FFF7FB7
:10114000020202040702000080E7913380E7913336
:10115000A0359233FFFFFFFFFF7FFF7FFF7FFF7F01
:101160000201000406000000C008D336C072EB364E
:10117000E0C0EB36FFFFFFFFFF7FFF7FFF7FFF7FBA
:101180000201000405000000C008D336C008D336B1
:10119000E056D336FFFFFFFFFF7FFF7FFF7FFF7F1C
:1011A0000201000404000000C008D336C072EB3610
:1011B000E0C0EB36FFFFFFFFFF7FFF7FFF7FFF7F7A
:1011C0000201000403000000000D99368015253649
:1011D000A0632536FFFFFFFFFF7FFF7FFF7FFF7FBD
:1011E000020100040200000090DBD83380BBC23350
:1011F000A009C333FFFFFFFFFF7FFF7FFF7FFF7F5C
:101200000201000401000000000D9936801525360A
:10121000A0632536FFFFFFFFFF7FFF7FFF7FFF7F7C
:101220000201000400000000FFFFFFFFFFFFFFFFBF
:10123000FFFFFFFFFFFFFFFF030404080808080883
:101240006090A31AF26EEF03410821066310420A70
:10125000A518630EE720941249A9B518AC39F722F6
:1012600051CA3929D55EAC39BDFB0F0000A801A8D1
:1012700002A8000000B801B802B800B0F0490308A5
:10128000684A0308204A0308384A0308504A0308FA
:10129000804A0308084A0308C84A0308984A030812
:1012A000B04A030803040408080500000000000019
:1012B000000000000000000000000000C43B00002F
:1012C000C80000008C3C00000C000000703E0000D4
:1012D00000000000CC360000F80400009C3C000038
:1012E00004000000783E00000300000014320000FB
:1012F000B8040000983C000004000000703E0000AC
:101300000800000000000000143200007C3E0000D5
:10131000000000007C3E00003C0000006B36000036
:101320000000000000200880704710B50100002078
:101330008F4A14680122A240012904D0022909D150
:10134000BA49097802E0B94909780909114091427E
:1013500000D1012010BDFEB50C00864F797A4907F7
:10136000490F072901D1012500E00025824E31886F
:101370004022002D00D0802200901000084028D08C
:10138000914301910C20002D04D10220FFF7CDFFE5
:101390000A30C0B2019A0321114389B2A44AFB78F2
:1013A0000C2B05D00D2B03D00F2B01D0102B02D10D
:1013B0003B88DBB213601160090A11601060002DD8
:1013C00001D0307910600098007910600820B14990
:1013D000086021000098FFF7A5FFFEBD80B5664AB2
:1013E0009279825C182A06D180200004AA4A1060F3
:1013F0000020088002BDFFF7AEFF02BD10B55E4AB7
:101400009379C45C012C08D15B1C9371A34848609C
:10141000DBB25B1C0B80002010BDFFF79CFF10BDF2
:1014200038B5554A9379C45CFF2C14D0514D2D88A2
:10143000AC4201D0042032BD5479042C08D15B1C8D
:10144000937197484860DBB25B1C0B80002032BD73
:10145000FFF781FF32BD0020088032BDF0B5427A2F
:10146000904B0024904D2D68ED060ED5057A6D0742
:101470006D0F032D09D18D480078824201D00A20DA
:10148000F0BD80204005D86228E0057A81262E40F4
:10149000812E23D1664D4679360187793F0937433E
:1014A000FFB22F608679360107793F093743FFB2D3
:1014B0002F6006793601407900093043C0B22860B8
:1014C0000F202860032028602A607F2028602C607D
:1014D000286008206F4A1060000418600C8000200B
:1014E000F0BD42791302F02212011A4080790243C2
:1014F0009248824205D01F480088824201D00420D1
:101500007047A44848600A20088000207047A24A1B
:101510009379C05C92785207520FD040C00701D433
:101520000420704700200880704770B5124A9379F4
:10153000C05C104C2488641EE0260640A41B24B224
:10154000002C08D4C006C00E55796D1C854202DB04
:10155000E510A84201D2042070BD54805819401CE7
:1015600090718E4A4A60C0B2401C0880002070BD55
:10157000284000A8E03E0000703E0000F2B582B0B6
:1015800041680A02120C009208240F27120A0F2544
:101590001540090E0191824E717A4907490F0729BA
:1015A00003D1057A0C20092404E00220FFF7BDFED8
:1015B0000A30C0B20199814201D20620FEBD7649AF
:1015C0000D71009A0A80019A101A4871621C00205D
:1015D000009B1F40012F1ED025D3032F0CD022D2F9
:1015E00033881B0601D10420FEBD8C716D49029B1E
:1015F000596002990A80FEBD2B480068C0060AD5D2
:10160000280004D0307A854201D00A20FEBD802017
:101610004005654B18608C716448029948600298D7
:1016200002800020FEBD02990880FEBDE93E000058
:10163000E40000AA5E4AD368006800BA984201D06C
:101640000420704708201268520303D4594A4A60A4
:10165000088011E0584A106058480068E0225200A3
:10166000024080204000824202D15548072201E01A
:10167000544809220A804860002070474C49096894
:10168000C90302D54B49082201E04F4904224160B9
:10169000028070474C2002A8441002A8CD320000FE
:1016A000ED3200001C1002A8480002A8E83E00002D
:1016B00070B54478FF23384A8025D5710D88042DF4
:1016C0000AD1630878251D40D5712302F024240136
:1016D0001C4083781C43194B09884018401E05782C
:1016E000334E3068C00213D4308AA04201D0A342E6
:1016F0000CD1B17C55290BD08D4209D0854207D041
:101700000A2D05D04A2D03D0552D01D00C2070BDD7
:10171000D079B075FCF79CFFB17DFE2800D1072081
:101720000843B075B48229480068000AF07535771F
:1017300080208003264908600B2070BDFF0F000049
:1017400080B50078552801D0542811D1214848602F
:101750000120088019480068E022520002408020E1
:101760004000824201D1042000E00320088002E012
:101770000800FFF783FF002002BD80B50C4909680F
:10178000890304D5144941600121018001BDFFF79F
:1017900075FF01BD4D330000703E0000FF330000B7
:1017A000E03E00001B340000481002A81133000086
:1017B000D03E0000153200004C1002A84C4001A899
:1017C000D33300006D340000253500001CC000A894
:1017D0001C1002A8A135000031360000703E000048
:1017E000CD2C0000E52C0000E52C0000E52C0000CD
:1017F000E52C0000E52C00000000000000000000C7
:101800000000000000000000E52C0000E52C0000B6
:10181000E52C00001D310000E52C0000FB25000038
:101820000B260000B32600002B270000B527000080
:1018300049290000D5270000DD29000029280000E3
:1018400089280000FD280000412B00000D2C00001D
:10185000C92500005B2E000019220000792E00002F
:10186000FD2E0000E52C0000F52F0000C12F000028
:10187000E52C0000E52C000045300000E52C0000C0
:10188000E52C0000E52C0000E52C0000E52C000014
:10189000E52C00001D13000013130000564880685B
:1018A000000200D4704780B5802080025349086050
:1018B000CF2000F0C9FA102051490968014003D037
:1018C000B849C8630220086001BDF8B54D48816B76
:1018D0004D4F802292033A604C4E336840241D05E0
:1018E0000BD41C402AD0012003F085F8002825D015
:1018F0008020C0058E49086020E0130BA0250D4014
:1019000002D10068C00601D53B6017E00A403FD114
:101910008020884A1060884A1060194038D0364DBF
:10192000287A400705D501208449086000028449CF
:1019300008602878002801D0062801DB0020F2BDCD
:1019400000F094FB716889684E682978052907D1F1
:10195000E105B9606E60B668CC218901784A1160F2
:1019600000F08DFB012E00DA0226BC2080058E4996
:101970000860942080058D4908606E480021C943A5
:101980000164714241648021894A11600460D5E795
:10199000A3480360FFF782FF0120F2BD18480168E9
:1019A000890504D5C06E0004000F022801D0002074
:1019B00070470120704738B580245E48046000F00D
:1019C00055FB05009748006800F0C2F9280000F0B8
:1019D00056FBFFF763FF0848007A000705D5A00013
:1019E0000949086000F022FC31BD60038C490860A1
:1019F0008D48046031BD00007C3E00001C1002A830
:101A0000440002A80C0002A8442002A8D03E000016
:101A1000FEB50400854D8C20800168600126844855
:101A20000660FFF7BBFF002826D082480078002818
:101A30007DD031020194052802D022460A4076D199
:101A4000CC2292012A607C4A126881231B02134037
:101A500001D0032301E053075B0F0C01022804D1DE
:101A6000022B62D3364804605CE04D01032804D1A8
:101A7000022B5AD932480560F7BD042802D1114023
:101A800053D0F7BD052850D1019800284DD0C0058E
:101A9000C10F684641700198C004C10F68460170CB
:101AA00000F0E4FA029063484068694649780029EA
:101AB00003D006688021204A1160670495496A4670
:101AC0001278002A0CD0C2680B68D21A924B1B689D
:101AD0003B4001D0066800E04668964200DD1600F3
:101AE000684640786A461278024308D00868424245
:101AF000B01E824202DA7042886000E0002602983E
:101B000000F0BDFA0198800501D59848076001985A
:101B1000054001D096480760002E06D0CC208001F9
:101B200007490860B6480460F7BDFFF744FFF7BDFA
:101B30004C6201A80CC001A890E001A8C4D000A884
:101B4000145001A838B580248A480460012038491F
:101B50000860384D2878052802D06000A94908603F
:101B6000FFF71CFF002812D02E480068000A8021D1
:101B70004140A868000EC9B2814208D22E480068D0
:101B80004007400F022802D2FFF715FF31BD9E48E3
:101B90000168C0220A4002D1C06F204001D0044831
:101BA000046031BD082002A808E001A808D001A8FF
:101BB00094D001A80A0000D1704780B51822514383
:101BC00040180C304069002803D08021090300F040
:101BD000DDF901BD38B500F049FA04008B4805680D
:101BE000A86881782800FFF7E5FF68880121014394
:101BF000698002208649086086490860200000F05C
:101C00003EFA31BD10B500F031FA04007F4800689B
:101C10008168C978FFF7CEFF200000F030FA10BDD0
:101C2000441002A818C000A8100002A8106001A863
:101C3000C4E000A87C3E0000184001A8F1B582B0C5
:101C40000F00A020384003D173480068C00603D5B8
:101C500080208000714959E000F008FA00906B483C
:101C60000468F80204D5A0680069029000F07CFBCB
:101C700000F0D5FB80210903606800F087F9267821
:101C80000020761C6178B14200D2002618217143F1
:101C900065180C3529780829F3DA2670A5606049A3
:101CA0002A780A70BA0507D5584800688068C06865
:101CB000FA0201D4032290438860012738400DD1F5
:101CC00058480299426B89180068081A564940180A
:101CD000012803DB00F09CFC01F01DF8F9046869A1
:101CE00000F054F93C2000F0AFF8F0B200F0ACF88E
:101CF00060884E4901406180009800F0C0F93805C5
:101D0000464908604A48076038024A490860029814
:101D1000FEBD000048C001A84C0002A810B546480E
:101D20000068800501D4FE2010BDC0208003434917
:101D3000086000F09BF9354909688A78D20702D516
:101D400089688C7800E00C7800F099F9200010BDCB
:101D50002E4909688A688B78DB0704D592781823A6
:101D60005A438A180C329060704700004C1002A849
:101D70004C2002A894E001A8F1B582B0304F3C6835
:101D80000026200F000702D1E00102902AE000F0B7
:101D9000C2FF00F06BF9019080210903606800F038
:101DA000F5F825786D1C6078A84200D20025E8007F
:101DB00020180C30009000680290802109030098E0
:101DC000406800F0E3F83D2000F03EF8E8B200F093
:101DD0003BF825700098A060019800F050F902A827
:101DE00001F035F817480068800407D5F86901F05C
:101DF000A4FC02990818029000D502960298FEBD34
:101E0000B03E0000146001A814C001A8D43E000038
:101E1000284000A8448001A80C0002A8442002A881
:101E20007C3E00009C3F00000010FFFFFEFF000012
:101E3000C0E000A8106001A8440002A8441002A855
:101E4000D83E0000FC0302A845490968002901D5D5
:101E5000444908607047F2B582B0434CA168434DD5
:101E60004A004ED50126090100D521260100404A2D
:101E70001068526800922A689206920E23689B00AE
:101E800080273B4013437A001A430192394F0A00DE
:101E900026D0890601D5012008E0F021014007D1B4
:101EA0006946097A0C220A4002D0022000F042F86A
:101EB000396EBC22920091420DD12F490968C903A5
:101EC00009D52168490306D52168090701D40221F3
:101ED00000E0032100914836019A3968890002E048
:101EE000019AB96B09094023194011439A00009BDC
:101EF000002B02D013432B660836296602432A665C
:101F00002E66E86D45076D0F00F09AF8A8070BD014
:101F1000052D09D0A068000406D400F0A7F802211E
:101F2000164A116000F0ABF800F093F8002000F0C2
:101F300001F8F7BD0E490A68F0239A4300011043E7
:101F40000860C0B270478020C0020D490968890747
:101F500001D10C4900E00C49086070470000000006
:101F6000500002A8884000A8480002A8284000A805
:101F7000783F0000184001A8D03E000024D503504F
:101F8000844000A8486000A8485000A880B5494A8D
:101F9000116001F0FDFBFFF7D6FF01BD70B500F049
:101FA00065F8454A454BD1688C0819002140D12479
:101FB0006400D52901D2D52102E0A14200D9210037
:101FC0000D0046352D041E042E400D00463D2B40CD
:101FD00033431360C0221206394B1A60394A137C0E
:101FE000002B0AD0384BD52902D98025ED051D607C
:101FF000A14202D2802424061C600023334C2360BB
:102000005388002B00D1118000F039F870BD80B5E5
:102010002F48304908603048C1680902090A19226E
:102020005143416005210160FFF7B8FF01BD2A4817
:102030000068C00300D4704780B5FFF7AFFF01BD53
:102040008020C0021B490860244800684007FBD478
:1020500070478020C00222490860704701E0214992
:102060000860214909680140F9D170471F4800689C
:1020700020211F4A116010211E4A11607047302133
:10208000014002D110201A490860704717480068C3
:1020900030210140102901D10120704700207047F4
:1020A000154801210160C160704701201349086093
:1020B00070470000441002A87C400050FF0100005F
:1020C000A0600050843F0000A450005018E000E0E1
:1020D0007F1A0601540002A810E000E0440002A8A4
:1020E000442002A8282002A8280002A8600002A814
:1020F000602002A8601002A8789001A884A001A81E
:10210000F8B54C4880214902C16102214A4A516018
:1021100000214A4A11604A4A11800321464A11604F
:1021200002210160002047490860202046490860DC
:10213000802046490860CC20800145490860012480
:10214000444804603D48806F00900F26070B3740DD
:1021500041480068C505ED0D103DC0202843C0B2C0
:10216000FFF772FE35480069800303D5092F01D0BF
:1021700001F060F90098064000963848066800981B
:10218000032803D0022806D1032F32D000F0B0FA82
:102190000098032803D0062F2BD1062D29D03048D4
:1021A0000068C00B204001D001F024FCFC2080011D
:1021B0000068000108D5052D06D1012529480460D5
:1021C0006005FFF74BFF00E000253100380000F00C
:1021D000E9FA0600002D06D000F098FC22480460C1
:1021E00002202249086060051F494865800920498E
:1021F0000860114821040162002F08D102214160CA
:1022000000200E490861C020C00011494864300018
:10221000F2BD80B5FFF714FF16480078800602D49F
:10222000022015490860FFF714FF01BD0220134981
:10223000086070472C1002A8282002A8380002A8C5
:10224000B43E0000B03E000094E001A80CC001A81C
:10225000146001A8C4E000A804ED00E0B44000A8A8
:1022600000E200E0645000A8646000A82C4000A8D0
:1022700080E200E0D03E0000081002A8082002A87A
:1022800070B5794C794D80267601794800683040E8
:1022900005D06660062001F07BFC6E6004E06E6095
:1022A000062001F075FC66603D20A0607021296069
:1022B0000F222A602160A86070BDF8B56C4C8025A3
:1022C000ED028D4E6F097068384002D1606880055C
:1022D00029D58A480068C00405D4FFF7C7FE88499D
:1022E0000D60FFF7CCFE70688649014090204001E8
:1022F0000843706084488549086000206060706809
:10230000384002D1F02080006060706807402AD019
:102310007A480068C00726D57D480078800722D417
:1023200001F03EFC1DE03068C0071CD5AE097348C3
:102330000068304005D1FFF799FE71490D60FFF745
:102340009EFE7448FF21FE314160F12149026F4A2F
:10235000116021680E4001D0822100E0C3214902B2
:102360000160FFF78DFFF1BD80B568480121624A29
:1023700012680A4006D0684A1268920501D4CA025F
:1023800002608160C02141605C480068C00407D4DD
:10239000FFF76CFE8021C902BB4A1160FFF76FFE98
:1023A00001BDF8B5554804685C4D802702263442CB
:1023B0000AD092480068E021C900014004D02F6093
:1023C0000420686101206861FFF750FED021C90335
:1023D000214007D18A490968314003D18949012246
:1023E0004A600E60210507D52F6004216961C2494A
:1023F0000D220A600F220A60FFF741FEF1BD80B591
:10240000FFF734FE0121804A1160804A02231360E5
:1024100051600021B94A1160FFF731FE01BD9048BB
:102420000068C007FBD4B6480421416180210160E7
:1024300070478C4908680122104200D1704710B5DE
:10244000E023DB000340FF24A41CA34207D3AD4BD1
:102450009C6BA40602D41B68DB0600D548680240CA
:1024600001D000F001F910BDA82102A8A81102A80E
:10247000AC0102A8F8B5C821844A11600621844A3B
:10248000116080214903834A1160834C89092160CE
:1024900082490A684B691C251D40102D01D101237A
:1024A00000E0002305000720824313430B602868E7
:1024B0008E490F68874200D30700C01B28600121A6
:1024C000280000F08AFB06002868C0192860FFF782
:1024D00068FF8D480168C90603D584208000E0614B
:1024E00007E0954908220068104001D00A6000E02A
:1024F0004A603000F2BD0000EC0002A8500002A8C3
:102500003850005AFFE3FFFF00FEFFFFAC2102A896
:10251000843E0000AC1102A8B00102A8841102A8F8
:10252000F1B58648864908608020C0018549086069
:10253000854C0827A7650420A06501258348056010
:102540001D20A062824EE930B061072001F020FB1F
:102550000220A06210216C4A13680B4003D02200B5
:102560007C4B23600AE00D2312683A4003D032000E
:102570001032A56502E032001432A0651360764A7D
:102580001268002A00D4B761744A3260C022D200B7
:10259000734B1B68F824E4011C4001D1F26201E096
:1025A0006A4B5A616F4A12682A4007D075666E49B5
:1025B0000968890503D48102F16500E0716361490E
:1025C0000A6C2A4008D0496BC90705D467490968D5
:1025D000084001D101F01CFB0020C04364490860A1
:1025E000584C606B054001D1FFF7DBFE009801F00D
:1025F000BDFA606B8001FCD4F1BD0000980102A817
:1026000000400C5000500C50982102A800600C5063
:10261000F8B54C4F786BC00701D4FFF7F0FE4B4C78
:10262000B72040002060534D03262E634B48A86618
:102630000020E061504908600D203349096809070E
:1026400001D5A86700E0E867FFF78EFE1020E06183
:102650002E600C202863802000023860F1BD00004D
:102660009C0102A8883F0000F0210901434A116043
:1026700001404348016020204249086042490968FE
:1026800008404249086070473860005A548001A8E9
:102690000C9001A8982002A8A41002A8740102A816
:1026A00080B53B483B4982680A4002D1C26811406C
:1026B00001D02249016026480821374A13680B409F
:1026C00000D081611178C90602D586210901016017
:1026D000FFF7AFFE1420FE2189010860BA480168A7
:1026E000490701D0FF21416101BD00009C3F00006E
:1026F000124813490860704700100C5000000C503D
:10270000842102A80C0002A8FC0302A82348006848
:1027100023490968890F89070CD0AC490968C907A2
:1027200008D5AB49802292030A60B64B1A6010406C
:1027300000D00A6070470000601102A8012000006C
:10274000706201A8100002A8C01002A8682102A8A7
:10275000501102A8FF03000028C000A8043E00009A
:10276000A88001A8EC0002A8B00102A8843E0000E5
:10277000B46000A8E82002A8C00002A8586001A820
:10278000585001A8482002A8184001A8481002A8E3
:10279000704201A800800080F84F00004C4001A862
:1027A0004C4201A8F0B587B005000C0096480068BF
:1027B000400102D52000402404439448006805905D
:1027C0009348C66AFFF752FC0690B00503D59148BE
:1027D0000068FFF7BDFA0020019001237006C00FCA
:1027E00002908D4A916800209060B82040008B4E86
:1027F00030606608B82030401278F0261640402E2F
:1028000002D10200402010430D2D02D10A00042104
:1028100011434A0704D502001420104310229443A8
:102820007F4A12686D462B70D20506D58022520071
:102830007C4B1A60020001201043029A002A11D139
:102840000C220240082A0DD00200714B9B6BDD0662
:1028500001D41025AA439B0601D420239A43B12317
:1028600013404FD06A461278002A4ED0A54A956B85
:10287000966D01236D076D0FAD1DAB40F504ED0C9A
:102880005B1B9BB2082B09D280200623604D2B6076
:1028900043029D4D2B6000236D462B708123034026
:1028A00036D00823029D002D00D113620D000821AF
:1028B000294310239C4304231D05984E3560DD04F5
:1028C000434E35606D462D78002D1ED0062B24D347
:1028D0004D4DEE6CF60620D5914E3668360E0196BB
:1028E0006D69ADB28E4EF66B360603D02E00802594
:1028F0006D01354315612D121561494A1268D505E0
:1029000092D40AE008227F4B1A620491009031E0D1
:1029100030A34506ED0E5B5DD4E7049100903C4882
:10292000026B7F490968774D2E686F463E812826E5
:1029300016401E43930CDB0133431600120E324047
:10294000102632401A43890040231940114302AA3D
:102950009170406B000A02A9C870FFF7DFF902A965
:102960000871019848716F480068C8800298E8664D
:102970000398E8660698FFF782FB600602D50820F8
:10298000664988600498C1B20098C0B2FFF763FA44
:10299000FFF7BCFEBC20800061490A6E824207D16D
:1029A000059AD20301D4086E0BE05F4A5F4B1A60B0
:1029B000096E814205D10598C00302D55C480068C4
:1029C0008047200007B0F0BD0C4000A8384301A8A4
:1029D0004C5001A80301070603010706050106067E
:1029E000050106060302070603020706050206069E
:1029F00005020606081A03D24E4909684018401C11
:102A0000704700004C6001A8084000A8D03E0000BC
:102A1000180002A81CC000A8783F0000B46000A8FD
:102A20001C0100AA1C2100AAF8B5434E0F24012561
:102A300042491027B06B38401BD001200870404835
:102A4000006840490968FFF7D5FF3F490968401809
:102A500001284BDB01F09EF93C490968090B0C4049
:102A6000022C41D1A9053A4A11603A490F643560F8
:102A70003AE0306CC0001ED537480068E021890577
:102A8000014033D0314D2868210301407802814252
:102A90002CD1FFF7EBFA314A31490968C90502D553
:102AA0003049096811602968090B21400229F3D0D7
:102AB000FFF7E5FAF1BD2C4E3068002816D00D70F6
:102AC00001F054F8002811D101F064F91F49096898
:102AD000090B0C40022C07D129041D4A1160022168
:102AE0001C4A11600021316001F058F9F1BD8020CD
:102AF00080041E4908607047802040041B4908601C
:102B000070470000540000AA141100AA1848016878
:102B1000490701D0FF21416170470000441002A81D
:102B2000184001A8448001A808000400482002A819
:102B30008C3C000038C001A8100002A8B63E00007E
:102B40001CC101A820C001A8F03E0000B00002A8EE
:102B50001C1002A8082002A84C4001A8800000AA6E
:102B6000084000A8904000A89C3E00003C2002A81D
:102B70000C4000A8F0B58020000208217B4A1160BB
:102B80000A227B4B01210124944004438AA5AD5CB9
:102B900025431D60F025774E3560744D89A6B65CDF
:102BA000022737432F6004262E60734D2D680D4099
:102BB00001D00220F0BD1D6C2D03FCD41D6C5E6C99
:102BC0006D036D0BAE4200D22000521EDBD50822F1
:102BD000684C226018600020F0BDF3B581B006009B
:102BE000FFF70DFC65480068009065480068634980
:102BF0000860644D3068296847180024012F12DBF3
:102C000000F04FFDC001381A01280CDBFFF707FC6C
:102C100000F081F830682968401800F0A7FF05002F
:102C200001D0346072E0584F8026B6003E605748AD
:102C3000006F07282CD005210840052806D05348EE
:102C400001670C2000F0A4FF05005FD1504DFF206C
:102C50007A3068620420A862FFF7E1FB0220286056
:102C6000E020C0044B49486030047860022038609E
:102C7000012000F08DFF6E62022000F089FF7000DD
:102C800068620820A862022000F082FF0220A86289
:102C90006846007A002805D03C480068C00701D586
:102CA000FFF70BFB3C4EE02040003060042000F0BA
:102CB0006FFF050024D10220364908608002B0620F
:102CC000C001B062354F102038600120F065402609
:102CD00033480068304003D1FFF74CFF05000FD1A7
:102CE00001203860FC67022000F052FF2D4C266066
:102CF000B0002060022000F04BFF8120C002A062E3
:102D000027480068800101D4FFF791F900981B491A
:102D100008602800FEBD70B5FFF771FBFFF77FFB71
:102D200002241E480460204E0820B062C001706278
:102D3000012000F02DFF2502756234600620B0628C
:102D40001A487062E020400016490860114E346055
:102D5000FFF776F916480078002800D005201549BD
:102D60000860FFF776F9356070BD0000889001A813
:102D70004C8001A888A001A8140002A8780102A82C
:102D8000F80302A8D03F0000981002A8EC0002A8A7
:102D90005C1102A8982002A82C9001A80C8001A820
:102DA000500002A82CA001A85C2102A8F961000033
:102DB000703F00005C0102A8000000010102020255
:102DC0000808100050505040403030303020200073
:102DD000F8B504000F00444DA878FF2801D12E88D3
:102DE0000FE042480068800108D4FFF73FF94049EE
:102DF00009684905CE0DFFF742F901E03D48068814
:102E00002E80E92E01D2E92604E0CC204000864243
:102E100000D9060020003978814200DA080001213B
:102E20007A56010051430222BA5E891841430420B8
:102E3000385E08183049711848438015001901D5CB
:102E40000020F2BDE978814200DA0800F2BD38B511
:102E50000400102029490860FFF7E1FAC020C000F3
:102E600027490968F822D2010A4001D1254900E02A
:102E7000254908602548C82181640A210160244849
:102E80008021490301608909C160224801684269C3
:102E9000E0231340802B01D1012200E00022072310
:102EA00099430A4302601C480068C821C9014518BB
:102EB0002068854200D30500401B206000212000CF
:102EC000FFF78BFE21684919216032BD8020000187
:102ED0001249086000031249086002201149086085
:102EE0001149086070470000F83F0000500002A838
:102EF00088400050843F0000D6FEFFFF984101A8A3
:102F0000AC8001A87C1102A87C2102A80C8001A839
:102F1000981002A8740102A8983F0000441002A86B
:102F2000442002A8F41302A8685000A8F1B584B0A8
:102F3000BD4800680190BD48C068C821C90140185B
:102F40000499884204D2081A00F010FE002803D128
:102F50000124C94D6868204000D0BAE10420C74967
:102F6000C8628003C6498862C6480668A86B8007A5
:102F7000800F00906704032803D01020BF49C86267
:102F800022E008468762E96B890601D5012041E00D
:102F9000310610D5E96B89070DD4CF4905220A60A7
:102FA000EA6B10231A40022313430B6000220A60CD
:102FB000AA6B120A0A600421C162E86B002803D5DB
:102FC000AE48876200200090A86B400704D5A86B2C
:102FD000C0002102084003E094480068204201D06C
:102FE000FFF742FB264009D0BC48009989014018F0
:102FF000006AC004C00C401EB9490860C0208000AF
:10300000B849486500990902B74A1160B54B9865FF
:1030100051600020296C942292050A40160000D0CD
:1030200001263043000635D096483021405CC0214F
:103030000140402902D1FFF7ECF801E0FFF7F6F874
:1030400020202860360600D143E1B54FA74EA86B7B
:1030500040070CD5A0038A498862400287498862EC
:1030600034600220386000F03BFA00280BD00420C6
:103070008249C86240028249886200037F498862AF
:103080000220306038607F480078000600D420E1DC
:10309000E0041CE16868204000D01AE17848C7626B
:1030A000FEF7CEFF8E48406E296C090408D4C00696
:1030B00006D5FEF7DBFF02219A4A1160FEF7DFFF1B
:1030C000FEF7C7FF20032860974EC020000630633C
:1030D000200496490860A86B4007C10F684601703C
:1030E000FEF7C4FF92490C60FEF7C9FF914F92486A
:1030F000B861686B000206D59048801C0068E10545
:103100005E4A916201E04948806C296CC90208D589
:10311000202806D976A1019A520700D4891DFFF70D
:1031200057FE0100854A1070002809D041091F226E
:103130001040062904D940002043202800D31F2036
:103140004A01024348021043306001217C48C26FAB
:103150007C4B1343C36774668022F2620822734B70
:103160001A66019AD20603D5AA6B920603D403E02D
:10317000019A120700D40021AB4A3A60FC223A615E
:1031800000290BD039003C310291284A116DD36CD3
:10319000664DEB66526E2B46DA6709E03900403126
:1031A0000291224B996D614A5D6DD5669B6ED36726
:1031B0000268FF239A4311430160A020C0003063DE
:1031C000052000F0E5FC04250198284001D080206E
:1031D00000E040200299086002203063062000F0E1
:1031E000D7FC08203063052000F0D2FC34632002B5
:1031F000B864042000F0CCFC64027460022000F08B
:10320000C7FC842080003063022000F0C1FCFC6118
:10321000062000F0BDFC02988449401801990D4039
:1032200006D0202105E000BFFC0302A88C3F00006F
:1032300010210160062000F0ABFCB4640020C04304
:103240002849086000F02DFA7949401DC001CA687C
:1032500086189E4F60017C6F04409D4A10609D4D12
:103260000498864211D2C968401A00F07FFC0028F9
:103270000AD02C602DE000BF100002A81C2002A87C
:103280001C1002A8D03E0000049E012000F080FC2B
:103290008020400025490860300000F067FC8E4E19
:1032A00068460078002805D13868706280200004E4
:1032B0008A4908602C6068460078002809D00120FF
:1032C00000F066FC3078000603D5802000039B499F
:1032D000086005B0F0BD00BFE40000AA0C0000AA21
:1032E000204000A8B46000A8085100A8F41302A868
:1032F000C0350C109E8DAF1B3813460D80B5FEF700
:10330000B5FE8F4900220A600A22CA61FEF7B7FEA5
:103310008C488321090401608B49416001BD000094
:10332000685000A824E503503C1102A8B81002A878
:1033300000500C50242102A8FF0E0000FA3F0000AC
:10334000280102A8FF3FFF3F8048806B800300D424
:103350007047F8B57E4804687E4D0826E00629D5FA
:103360007A48806B800627D42800483000900120DE
:1033700000F00EFC0027784807607848066078481F
:103380000068C00403D4774800683040FBD00220B6
:1033900000F0FEFB842080006865022000F0F8FB4E
:1033A000700171490860042000F0F2FB600706D547
:1033B000202005E03442D7D128004C30D6E7102039
:1033C00000990860FEF752FE0121684A1160FEF77D
:1033D00056FE0220686500F0DBFB09206865C0200E
:1033E00000066865022000F0D3FB00980F494018E2
:1033F000610701D5802100E040210160A020C000CC
:103400006865082000F0C4FBB001E8662E60E0208B
:103410002865574807604760B0024C4908600001C2
:1034200054490860F1BD00003F3F000000F0FFFF7D
:103430008C3F0000F8B5504800680D270740042471
:10344000002F00D104274D480225102608214C4AA0
:103450004C4B1B682340126818D04260394005D09D
:103460000220FEF767FD6003474908603C4007D033
:1034700046480068064345480660280342490860FC
:103480000120434908604348056018E00260394064
:1034900005D00220FEF74EFDA0023B4908603C40EB
:1034A00006D03A4801680E43066068023649086053
:1034B0003748056037480560A8062E490860FFF7C1
:1034C00043FF00210020FEF7C6FCF1BD20C001A88B
:1034D00094E001A894D001A8D03E00001C1002A8DE
:1034E00010B580202C490A6802400AD02B4B1A687C
:1034F0000624144005D15C6E294A22401B6D9C01B4
:1035000001D5002010BD096808400DD02548824231
:1035100003D1180501D5012010BD23480068C1075B
:10352000C90F481E8041C00F10BD2048032101640F
:10353000A821C16310210160704700001C2002A86F
:10354000D80000AA442002A804000080100002A8AD
:10355000FC0302A8182102A8B80002A8106001A864
:10356000D84001A8104001A86C1102A800600C50BE
:10357000A00102A8482002A8B44000A8F83E00001C
:103580001CC101A8480002A8441002A8783F00000E
:10359000F41302A8685000A8440002A814C001A8AF
:1035A0001F1F0000010C000030C101A8082002A864
:1035B0006C4800680121084209D16B4A12686B4BC4
:1035C000000C1840F03291400B40984201D002208C
:1035D000704700207047F8B507000F386A46108022
:1035E000604CE0680A0004D16B461B8882B29A42A4
:1035F0003AD200226B461A80012502263A0013D0E7
:103600002268324007D000292ED059480088401C3B
:103610005749088000203900216156490E6080B268
:10362000B84201D369460D805348456000E030BF81
:103630002068304003D1FFF7BBFF0028F7D04D488A
:103640004560390010D02168314005D048490A88CA
:103650006B461B88D2180A80066000202061E06853
:10366000B84201D244480660FFF7A2FFF2BD38B568
:10367000050000F08FFB0400012199204543A809B3
:103680003E4A12688018123880B2FFF7A4FF050086
:103690008020C0013A490860200000F07FFB28002C
:1036A00032BD334803883549096802889342F9D10D
:1036B000100408187047FEB51238070C69460880D8
:1036C00000F068FB0190274C294D2888B8421ADA8F
:1036D00001202C490860274E30BF0220216801409C
:1036E00006D030604003264908602888401C2880A6
:1036F000FFF75EFF002802D12988B942ECDB0121E7
:10370000716000280DD12888B8420AD1E068694666
:103710000988884205D2002168460088FFF75BFFD0
:1037200001E0FFF745FF04008020C0011449086054
:10373000019800F033FB2000FEBD10B512490A6865
:103740000E4B1B680C689442FAD0DB014033141A0C
:1037500002D288692418641C0C4800684443181B72
:1037600010BD0000280002A804ED00E0FF3F0000AB
:10377000B43E0000282002A8281002A8340002A8A5
:1037800080E200E02C1002A820C001A8A83F0000A1
:10379000F0B502E00A601C602E607EC84F1C07D0A6
:1037A0005F1C04D06F1CF5D10A601C60F0BD0A607C
:1037B000F0BD000080B5FEF7BDFB01208249086026
:1037C00001BD38B581490C68082581490D60FFF7B6
:1037D000F1FF2C4001D07F48056031BD80B5EB2062
:1037E00000F001F801BD30B5FE2189010B681840D9
:1037F0001022134210D0784B784C2468224008D015
:10380000774A14682402FF252D0225401D630024F9
:103810001460802252031A60086030BDF3B50100C5
:1038200016001C00002500956E48019A3300002701
:103830000BE0BC464F5D4743AE009E597E40575D4E
:1038400047433740664637436D1CA542F1D33909DB
:1038500039438A080A43510811430840C10901430A
:103860000F208A0B0A4302405040F6BDF1B582B0EA
:103870000E0000205A4908605B4DEF7AA87A01904B
:103880000F21394000910ED00B46584A58490298F2
:10389000FFF7C4FF01990140514801609948414335
:1038A0009948084001D1012400E04401380915D0AD
:1038B00032003B0929000298009E6D7A7519401963
:1038C000FFF7ACFF019909110140454802680B015F
:1038D00013430360002901D0480044438B4800682B
:1038E000204001D10420FEBD0020FEBD80B50A00AD
:1038F00000211180864952888018FFF7B7FF02BD6A
:10390000F0B50F22834B5C7905780F202040C5402D
:103910002009284001259C79C4402C4001D1032076
:10392000F0BD2E4C2468254008D07B4D9E68470092
:10393000F65B761E2E608026B601EE60DD78DE79BD
:10394000C640F00711D5E0060FD5002D0DD0734805
:1039500048600888488008881C7800192A40801828
:103960005A7880182A09801800E00020088000207A
:10397000F0BD80B56A4801686A4A0820014200D05B
:103980009061C90602D58621090111606649674A1E
:103990001368034005D0664B1B689B0F9B0700D044
:1039A00008600E480078C023034002D18020400503
:1039B000086010682022104008605E480068C0015E
:1039C00001D4FFF70BFF01BD2C4000A84C4000A81C
:1039D0004C6000A84C5000A81C1002A8D03E00006B
:1039E000A03E000001010101503F0000083F00001F
:1039F000483F0000F8B5504B586F9E6F06404F4847
:103A000030404F4908604F4F02200021012234040A
:103A10001FD500923C7E002C07D13C695C60FC689D
:103A20007D6964191C603A7606E0FC685C603C695C
:103A30007D6964191C6039767B7E002B00D0009173
:103A40007976009B002B04D004233F4C23603F4B2E
:103A5000186004053E4DF3022BD53B681F0605D5C3
:103A60003C490968A9602A70A88016E0134203D077
:103A70003948A860AA8010E0D80610D52748A86069
:103A8000364A907803071B0F12789A18000910180D
:103A9000A880E980A888002809D0264309E05806B4
:103AA00004D5281D2E4909688847F3E7A980FFF748
:103AB00095FE264024D0224E74603460294FA88899
:103AC00000280BD03968814208D3291D2648AA68EE
:103AD00090470100F3D0FFF76DFEF1BD01000CD05F
:103AE000FC218902F161194902038A6634600C6580
:103AF0003A68824204D3CC64F1BDEB20FFF773FE39
:103B0000F1BD00001111000021840000043F0000FD
:103B1000283F0000583F0000204000A8112100006D
:103B2000F84F0000502102A8481002A8184001A830
:103B30004C4201A8D04000A8404000A8FFFFDFFF92
:103B4000B46000A8D03E0000F41302A8685000A89A
:103B5000A43E00009C3C000025210000593F0000CD
:103B6000983C0000D44000A8D84000A810B5C40973
:103B7000FFF797FD201A312806DAC000183801D463
:103B8000C01EFDD5002010BD2000FFF794FD10BD24
:103B9000C32148436F3801D41E38FDD5002070473B
:103BA00052480121017052490A68426049688160A7
:103BB0005049E02252010A60802292004E4B1A6066
:103BC000FD224A604D49096801614D494D4A116025
:103BD0008121C9004C4A11604C490968C160072025
:103BE0004B49086002204B49086070473F48017804
:103BF00000290CD00169414A116000210170C1689F
:103C0000424A11603A4982684A60406808607047D9
:103C1000FEB5C020C00440490860404C4048606583
:103C20004048A0651020FFF7B3FF00285CD1FF20BB
:103C300000053D4908603D483D4908603D48206019
:103C400080256D03384805603B4807680820FFF76A
:103C50009FFF002848D10826384806600120FFF75A
:103C600097FF3548806801903548066035482060E8
:103C70002D4805600820FFF78BFF002834D12F481E
:103C800006600120FFF784FF2B4DA86800902C48A8
:103C900006602D4820600199009800F05FF800044C
:103CA000FC26B60306400198C10B0098C00B00F03B
:103CB00055F80106FC208005084030432349020CDA
:103CC0004A40FF239B1CD2181140014321602F6002
:103CD00080200003144908601D481E4901601E49E8
:103CE0004160FFF783FF0020FEBD0000883E00001A
:103CF000AC0102A8AC1102A8B02102A8F00002A8F1
:103D0000083E0000F02002A8F01002A8704001A8B0
:103D1000706001A8705001A820E000A84C0102A822
:103D200057140000FF3FFF3FB42002A80000380EE8
:103D3000B41002A810103030104101A8105101A891
:103D4000106101A830301010202020203F3F0000DB
:103D5000A02102A8F703F000FF3F000010B54904BE
:103D6000CA104004C310991A00209A18D30F9A1849
:103D7000521052188B115B0E5B18DB11D2182023E6
:103D8000541A01D422001843CC0F611849105B0863
:103D9000F6D110BDEFF3108072B67047002800D145
:103DA00062B6704780B5FEF7ABF9A548006800031E
:103DB0000CD4FEF79DFCFFF7C7FAFEF729FC0120A3
:103DC000FFF79CFAFEF7A7FFFFF710FF80208005A2
:103DD000FEF744F901BD80B5FEF792F9802040025C
:103DE000FEF73CF901BDF8B5FEF72AF9844D052030
:103DF0006865FEF72EF9934806680124264201D132
:103E0000FEF7FDFA6003C02189018F4A1268D205CE
:103E1000D20D012A00D108008C4A11602860E0050B
:103E20008B490860FEF76CF98A4801680091406888
:103E300089490860B005C70F884D00202860380008
:103E400004D031000098FDF7F9FE0090286820406A
:103E500005D16846FEF70EFB00280BD107E0002FC6
:103E600005D07F480068204001D0FEF726FA009870
:103E7000FEF756FB76480460022096490860C82089
:103E8000C0049F4908606004FEF7E8F8F1BDF8B58A
:103E90009C4F9B4C01259C489C49096801408142EC
:103EA0000FD19B48006828400BD09A4801689A4877
:103EB00005606805E063B863014000D1E06397489E
:103EC0000560974E306CC00506D580200006306036
:103ED00000BF00BF40083060FEF7E2FBFEF710F9BC
:103EE000280320603860FDF7F0FC0400A848A949C9
:103EF0000860A804FEF7B2F8002C01D080203060E2
:103F0000A5480570F1BDF8B5FEF7FAF8FC27BF012A
:103F100038780521014002D0FEF77BF901E0FEF779
:103F200085F97F4C012502263868304000D0256095
:103F30001020C043994908600020E0639849086058
:103F4000FEF77EF897480068216C090407D4000743
:103F500005D5FEF78BF894490E60FEF790F8FEF752
:103F600078F8FFF706FD9148006805400CD08020E6
:103F700000068F490968014006D08E49096808404B
:103F800002D10D20FFF71DFCB004FEF767F8F1BD6C
:103F900080B5FEF7B5F82A480068000303D4FEF7A1
:103FA00037FBFEF7B8FE80204003FEF757F801BD4F
:103FB00038B5FEF7A5F85A4C2025FFF791FA0028EE
:103FC00006D0606B000704D5FFF7AFFAFEF77EFF5F
:103FD0002560FEF71DFBFEF79EFEFC2080010078A9
:103FE0000C210140042902D1FEF713F901E0FEF78C
:103FF0001DF96804FEF732F84020206031BD000052
:10400000081102A880B5FEF71BF80520BE4908601C
:10401000FEF71FF8FEF774F8FFF787FAFF2080011C
:10402000006800906846FEF712FF002802D1009851
:10403000FEF77CFF80204004FEF710F801BD000071
:104040000C0002A8440002A83C8001A8082102A894
:10405000442002A8AC3F00009C3E0000843E0000CB
:10406000EC0002A8F8B5FEF74BF8A84CA56A502062
:10407000284002D0FEF7CDF801E0FEF7D7F8284F30
:10408000FFF72EFA00281BD1B86B40071DD4786BC0
:10409000E0214901014018D1A80611D4FDF7D0FF55
:1040A000A56A9B4E354207D0FF20C0432D18A5625C
:1040B0008020000597490860FDF7CBFF2E4002D015
:1040C0000120386001E00020206080208004FDF79E
:1040D000C5FFF1BD305201A880B5FEF711F8BE480A
:1040E0000068C00501D5FEF793FA0120FFF706F935
:1040F000FEF711FE8020C004FDF7B0FF01BD0000F7
:10410000106001A8145001A840000800D03E000033
:10411000884101A84C4001A8405101A8406101A874
:10412000100002A810B5FC2080010468FDF7E8FF2C
:1041300079490968090326D40321C00601D5214025
:1041400001E0A0080140012902D1FEF762F80BE06E
:10415000200107D50E20FFF72DFBA04804210160A8
:1041600008210160FEF762F89D4801699D4A1160CF
:104170000068002807D04000122802D2FFF708FD8F
:1041800001E0FFF774FA80208003FDF767FF10BDA0
:1041900070012000B46000A8B63E0000482002A8CC
:1041A000A03E0000844000A824E50350404101A83F
:1041B000D44101A8304001A8F0B585B00127684678
:1041C000077000240394FDF79BFF0490524D28686C
:1041D00000036FD40320A5490864A5480068029035
:1041E000A44EA5490007000F032804D0029800043C
:1041F000000F06283AD1A14800684A6803922A6C49
:10420000920701D589680391FFF797FA039940183F
:1042100001D5019400E00190A86B0107C80F0321AC
:10422000326B0A40022A1BD1049AD20618D5326892
:10423000D30513D5EF6B924B1F409F4203D1102142
:104240008A4A11640CE092050AD42A6C2823134090
:1042500006D16B461C702F4A116001E06A4614704B
:10426000039068460778002F02D10EE0086801909D
:10427000FFF736F9002808D0FFF757F90398002810
:1042800002D0FEF723FE00E00027022077490860F5
:10429000002F10D03020305C0C210140042902D0C6
:1042A000E86BC00602D5FDF7B4FF01E0FDF7BEFFE5
:1042B0002020686021E0FEF7ABF980200006154958
:1042C00008600020C0436F49086001A8FEF7BFFDE9
:1042D000002812D102980007000F03280AD1A86B0A
:1042E000800507D5A020400031680140814201D1FE
:1042F000FDF788FC0198FEF719FE80200004FDF709
:10430000ADFE05B0F0BD00005C1102A8D83E000073
:1043100000FFFF00481002A80C0002A8FEB5002410
:104320000194FDF7EDFE584EF06E584D0007000F5A
:10433000072807D17068002804D40020FEF7DEFFAC
:10434000286841E0012103204A4A73685B070BD4C7
:104350004F4B1B680B4007D01368DF050BD55B057F
:1043600002D43368DB0503D40191116B890904E0A1
:104370001021484B1960116B09090840009000207A
:10438000FEF7BCFF0098002805D17068C00602D473
:10439000FDF74CFF01E0FDF73CFF002001990029EB
:1043A00003D13D480068FFF7C8F96969401801D595
:1043B000009400E000906846FEF75CF8002805D104
:1043C0000098FEF7ADF8A86906490860802000054E
:1043D000FDF744FEF7BD0000680102A880E200E09E
:1043E000A03F00009C3E0000F8B5FDF789FE0024C8
:1043F00000252A48466B80277F05300606D5300702
:1044000009D5FFF792F8FEF761FD2AE00125204863
:104410000068284019D00020FEF770FF02200640F7
:1044200002D01F490C60C8611E480468002D03D0EB
:104430002000FDF7A1FC0400FFF777F82000FEF74D
:1044400075FD3800FDF70AFEF1BDFC208001007803
:10445000C0210140402902D1FDF7DBFE01E0FDF75C
:10446000E5FE20200D490860EBE70000082002A8C7
:10447000B00002A8D03E0000B43F00000CC101A86B
:1044800010000010B46000A8440002A8B03F000073
:10449000B44000A8481002A81CC101A8100002A83E
:1044A000180000AACC3F000000F03CF80248034985
:1044B000486000F053F800BF812D000000000000AC
:1044C00080B5EFF305800B2801D23A2100E02921C5
:1044D000FF221632002000F039FAFEE710B5C200C4
:1044E00018231340FF249C40E2438907090E99409A
:1044F000030004D46E489B089B00C01806E0A14B43
:104500000007000F083880088000181803681A4058
:104510001143016010BD80B573225421002000F0CA
:1045200015FA01BD10B5FFF735FC624901220A609A
:10453000614B624C2360624C23600323614C236017
:10454000614C2360614B1A60614B1A60614A9F4B5A
:104550001A6011228A63FFF721FC10BDFFF71AFCD5
:1045600005000024012160B2FFF7B8FF641C0E2C87
:10457000F8D301210F20FFF7B1FF01211120FFF730
:10458000ADFF01211320FFF7A9FF01211720FFF73D
:10459000A5FF03210120C043FFF7A0FF01211E203A
:1045A000FFF79CFF78487949086002207849086045
:1045B0000120904908604704764C20693840FCD0BF
:1045C0002068800101D4FDF722FD2800FFF7E6FBFB
:1045D000714D0AE000281BD0FDF748FD18E0206966
:1045E0003840FCD03000FFF7D9FB206E0004000FEC
:1045F000022801D1FEF718FAFFF7CCFB0600FDF701
:1046000045FD00286878E5D0002801D1FDF737FD89
:1046100001202978002906D177490968890601D443
:104620005B49086030BF002129700221584A11609F
:1046300070490860D3E77148016842680A407048D1
:1046400010401E490860800703D5A9480188491C0D
:1046500001807047F8B56B48016840680840070E54
:104660003F066948046880256D02F8010DD567484A
:104670000068BC218900884204D12C4202D06448E1
:1046800000688047022063490860634E6802074261
:104690000BD070605D480068BC218900884204D15D
:1046A000254002D0A548006880473760F1BD000072
:1046B00000E400E0040002A80000FF3F282002A858
:1046C0002C1002A840E002A844C002A804C001A81F
:1046D000044001A820006006F8B5864C2068656893
:1046E0000540974805608026F6054C4AB00C954970
:1046F0000B68002B10D105420ED0934B5F68FF076B
:104700000AD51B68DB0007D580231B06136000BF9A
:1047100000BF16608A4B18609B4F3B78062B0FDA60
:1047200008688C218901014329401BD0FFF732FB27
:1047300000902800FDF76CF90098FFF72FFB11E0BF
:104740000B68526B92050DD5C822D2041A432A4039
:1047500005D0FDF7DBFF2800FDF75AF902E0AA02B9
:1047600000D5086089480068064009D0A80607D52A
:10477000A068000704D53878072801D1FDF72AFA88
:10478000F1BD00001CED00E0FFFF9B4000E100E0F8
:10479000602002A8500002A8B63E000010B57C4878
:1047A000016844680C407B48046080210C4205D0BD
:1047B0004160794801600020FDF72AF9600403D5C3
:1047C000802040057549086010BD0000145001A804
:1047D00038B57348016844680C40E00707D5FFF717
:1047E000D9FA0500FDF7AEF92800FFF7D7FA6D48B2
:1047F000046031BD601002A8F40302A8280002A8DA
:10480000FFFF00C0B44000A8D03E0000784001A8DF
:10481000903C00002C4000A8B46000A8100002A842
:10482000FEB5614C206C676C074001252F4216D005
:104830002E065E48066020685D490D60002802D0A3
:104840000021FDF7A3FB5B480068A021C901884255
:104850008041C043C00F5849487058480660FDF772
:1048600005FC0190022007403ED06168CEB20F0ADD
:1048700053490822474B4403012E24D0022E31D144
:10488000012F22D14F4EF67800964E4E37780126F2
:10489000BE404D4F3E604B4E3678760590277F04E4
:1048A000F71903263E43494F3E601C60484B1C608D
:1048B0000B68009C1B194B65424909788D4045499E
:1048C0000D6045490DE00090DFE7002F0AD1434E0F
:1048D000356000254D655C601C60C104404B19606B
:1048E00040490A60324908600198FDF7C8FBF7BDEE
:1048F000B43E0000104001A870B5FDF7B7FB0400FE
:10490000FFF748FA31490A68D20710D52C4A566D8C
:104910001368FB25AD012E60CE686E604968E981A1
:104920008021C904214E3160297B59185165FFF758
:1049300035FA2000FDF7A3FB70BD0000943C000099
:10494000106001A8B03E0000344301A8002800D048
:10495000704770B50C00FDF789FB0500FFF71AFAE8
:104960000600FDF79DFB2048046001211F4A1160ED
:10497000026C0A40FCD1FDF798FB3000FFF70EFAFD
:104980002800FDF77CFB70BD7C3E00004C4201A876
:1049900090C001A890E001A80CC001A804ED00E0BF
:1049A000C0C000A8C0E000A800C002A8441002A82F
:1049B00040E002A8404000A8B63E0000442002A803
:1049C00018800A50C93E000068A00A5060C101A8C2
:1049D00094D001A868900A50F42302A860E101A8CD
:1049E00080E200E0F41302A80080095040900950D2
:1049F000E065030800000000E04A0308040000002E
:104A000000000000C0175302E0650308000000002A
:104A1000704B03080400000000000000C0175302A0
:104A2000E065030800000000004C030802000000DD
:104A300000000000C0175302E065030800000000FA
:104A4000484C03080400000000000000C017530297
:104A5000E065030800000000D84C030802000000D5
:104A600000000000C0175302E065030800000000CA
:104A7000204D03080400000000000000C01753028E
:104A8000E065030800000000B04D030804000000CA
:104A900000000000C0175302E0650308000000009A
:104AA000404E03080400000000000000C01753023D
:104AB000E065030800000000D04E03080400000079
:104AC00000000000C0175302E0650308000000006A
:104AD000604F03080400000000000000C0175302EC
:104AE000F04F030800045C360000000000000000E6
:104AF0000000FF7F80A1002000000000746A03080E
:104B000000000000F04F030800045C3600000000C5
:104B1000000001000100FF7F80A1002000000000D4
:104B2000746A030800000000F04F030800045C36BC
:104B300000000000000002000200FF7F80A10020B2
:104B400000000000746A030800000000F04F030832
:104B500000045C3600000000000003000300FF7F3B
:104B600080A1002000000000746A0308000000001B
:104B70004C5203088015253600000000000000009C
:104B80000000FF7F88A1002000000000746A030875
:104B9000000000004C52030880152536000000007C
:104BA000000001000100FF7F88A10020000000003C
:104BB000746A0308000000004C5203088015253673
:104BC00000000000000002000200FF7F88A100201A
:104BD00000000000746A0308000000004C52030843
:104BE0008015253600000000000003000300FF7F51
:104BF00088A1002000000000746A03080000000083
:104C0000A8540308000D99360000000000000000C1
:104C10000000FF7F90A1002000000000746A0308DC
:104C200000000000A8540308000D993600000000A1
:104C3000000001000100FF7F90A1002000000000A3
:104C4000746A03080000000004570308000D993639
:104C500000000000000000000000FF7F98A100207D
:104C600000000000746A03080000000004570308F5
:104C7000000D993600000000000001000100FF7FD8
:104C800098A1002000000000746A030800000000E2
:104C900004570308000D99360000000000000200D0
:104CA0000200FF7F98A1002000000000746A030842
:104CB0000000000004570308000D993600000000B2
:104CC000000003000300FF7F98A100200000000007
:104CD000746A03080000000060590308000D99364B
:104CE00000000000000000000000FF7FA0A10020E5
:104CF00000000000746A0308000000006059030807
:104D0000000D993600000000000001000100FF7F47
:104D1000A0A1002000000000746A03080000000049
:104D2000BC5B030800045C360000000000000000CB
:104D30000000FF7FA8A1002000000000746A0308A3
:104D400000000000BC5B030800045C3600000000AB
:104D5000000001000100FF7FA8A10020000000006A
:104D6000746A030800000000BC5B030800045C36A2
:104D700000000000000002000200FF7FA8A1002048
:104D800000000000746A030800000000BC5B030818
:104D900000045C3600000000000003000300FF7FF9
:104DA000A8A1002000000000746A030800000000B1
:104DB000185E0308000D9936000000000000000096
:104DC0000000FF7FB0A1002000000000746A03080B
:104DD00000000000185E0308000D99360000000076
:104DE000000001000100FF7FB0A1002000000000D2
:104DF000746A030800000000185E0308000D99366D
:104E000000000000000002000200FF7FB0A10020AF
:104E100000000000746A030800000000185E030828
:104E2000000D993600000000000003000300FF7F22
:104E3000B0A1002000000000746A03080000000018
:104E400074600308A0632536000000000000000025
:104E50000000FF7FB8A1002002000000746A030870
:104E60000000000074600308A06325360000000005
:104E7000000001000100FF7FB8A100200200000037
:104E8000746A03080000000074600308A0632536FC
:104E900000000000000002000200FF7FB8A1002017
:104EA00002000000746A0308000000007460030838
:104EB000A063253600000000000003000300FF7F10
:104EC000B8A1002002000000746A0308000000007E
:104ED00028610308A06325360000000000000000E0
:104EE0000000FF7FC0A1002003000000746A0308D7
:104EF0000000000028610308A063253600000000C0
:104F0000000001000100FF7FC0A10020030000009D
:104F1000746A03080000000028610308A0632536B6
:104F200000000000000002000200FF7FC0A100207E
:104F300003000000746A03080000000028610308F1
:104F4000A063253600000000000003000300FF7F7F
:104F5000C0A1002003000000746A030800000000E4
:104F6000846303088015253600000000000000005F
:104F70000000FF7FC8A1002001000000746A030840
:104F8000000000008463030880152536000000003F
:104F9000000001000100FF7FC8A100200100000007
:104FA000746A030800000000846303088015253636
:104FB00000000000000002000200FF7FC8A10020E6
:104FC00001000000746A0308000000008463030805
:104FD0008015253600000000000003000300FF7F5D
:104FE000C8A1002001000000746A0308000000004E
:104FF000FC4F0103246903080C400200000F00006D
:1050000000400000204002000700000000000000F7
:10501000484001000007000008410400FF40000074
:1050200000000000FF4100000000000020C001104F
:1050300000F8070020C00130FE0328003CC001003A
:105040000000000058C004001C001AE654000000D4
:105050000A1518191A0000006CC00100E00F0000CA
:1050600008000101A407000018000101B8F00000C9
:105070002000010108840000404001010000000000
:105080004C40040120F9130407006200387000004E
:105090000000000060400F010068010F40B824408C
:1050A0005505E0004108000002000000B0071000B4
:1050B0005E00000000000000236300009278DDC85D
:1050C00018000F0000800060BE0A000001011030CF
:1050D00050707F7F1C4102010000E08C590B0000E2
:1050E0003841070190200AF0204C520000000000D7
:1050F000B756351200000050803B00000000000051
:105100005C410101001E00006C41060100140CC04E
:1051100016212A32383E454B5050436587A9CB0CA7
:1051200028AA00C5884104011721286414171A0011
:105130002004C8AAA1201A09A841010129000000E1
:10514000B441010100002000D04103010000000033
:10515000D000000000000200E4410F011DACF10E80
:1051600074390C00B080760089DCB300933C640095
:10517000C689C7048F1A651D1DACF10E74390C0069
:10518000B080760089DCB300933C6400C689C70414
:105190008F1A651D00000000244202014C0000002F
:1051A0001D23CDF330420201010080024002400085
:1051B0004C420101080000043043040100000000DB
:1051C00000000000000000000000000044430A014D
:1051D00000000000000000000000000000000000CF
:1051E0000000000000000000000000380000000087
:1051F000000000000000FF5838800101466E1000DA
:10520000A4800101D8800100AC800111F6010000EA
:10521000AC800131011A5100B48001013700000156
:105220006C010102002001007401010269811B0C64
:1052300080010112790700008001013202000000A4
:105240008801010250000000FFFFFFFFFC4F010337
:10525000206A03080C40020000000000004000002B
:10526000204002000700000000000000484001004C
:105270000407000008410400FF4000000000000097
:10528000FF4100000000000020C0011000F80700EE
:1052900020C00130FE0128003CC0010000000000D9
:1052A00058C004001C001AE6540000000A15181922
:1052B0001A0000006CC00100000500000800010198
:1052C000A007000018000101FF00000020000101FC
:1052D00080000000404001010000F0304C4004011B
:1052E000020000042DC082000032002000D00B001C
:1052F00060400F0100000020000000001176F8005F
:10530000410800004800040012004D00EA030000BC
:1053100000000000090600000000000075030A00FC
:105320000080086200000000000003173E52545441
:105330001C4102010050558C00000000384107015B
:10534000BC200AF018B9510067329940FFFF3FA80E
:1053500099FF71B18B3B4000C00300805C410101AB
:10536000FFFD00006C41060100000040000000004D
:10537000000000000000000000000000000000002D
:10538000884104010000000000000000000000004F
:1053900000000000A841010100000000B44101012B
:1053A0008CD02BC0D0410301AAAAAAAADA80168009
:1053B00005000200E4410F0129AC51042F1F2E000B
:1053C000E8BD0500E5D32D005E7CB10D0CBCCE031D
:1053D0002C267C301E90810C0C490600A8DF6D0045
:1053E000C00BB100183DA500E80A0205271BD71D18
:1053F0000000008024420201A8000080000000009C
:1054000030420201010048009E0018004C42010198
:1054100008000414304304010000000000000000F4
:10542000000000000000000044430A0100000000EA
:10543000000000000000000000000000000000006C
:105440000000000000000038000000000000000024
:105450000000FF5838800101466E1000A480010151
:1054600070B80300AC800111F6010000AC8001317E
:1054700001420101B4800101000300026C0101023C
:1054800000200600740101026901100C8001011264
:105490007907000080010132060000008801010246
:1054A00090000000FFFFFFFFFC4F0103D0680308DE
:1054B0000C400200000000000040000020400200FC
:1054C0000700000000000000484001000407000041
:1054D00008410400FF40000000000000FF41000000
:1054E0000000000020C0011000F8070020C00130BB
:1054F000FE0128003CC001000000000058C004006C
:10550000270024E6750000000A1D21232400000066
:105510006CC001000000000008000101A4070000A9
:1055200018000101B8F0000020000101088400000B
:1055300040400101000090114C40040102000004B1
:105540000FC082000002002000D00B0060400F015D
:105550000000000000000000FD2FFC00410C0000D6
:105560004000000012001C00AA0F00000000000014
:105570000A06000000000000920308000080036299
:10558000000000000206102134444E521C4102016A
:105590000080208C0000000038410701BC200AF088
:1055A000F0C45E002979AF40FFFF0FAAAF4339B2C4
:1055B000893B4000C00300805C410101FFFD000009
:1055C0006C410601000000400000000000000000E7
:1055D00000000000000000000000000088410401FD
:1055E00000000000000000000000000000000000BB
:1055F000A841010100000000B44101012C952FC019
:10560000D0410301AAAAAAAAD200328007005600FC
:10561000E4410F01E2CFDD2C7EB63A0060091900AB
:105620005122E2004CB9510E3982A904D8229B299B
:105630001E90810C0C490600A8DF6D00C00BB10064
:10564000183DA500E80A0205271BD71D00000080B1
:105650002442020158000000000000003042020114
:1056600001005000400020004C42010108000604E7
:1056700030430401000000000000000000000000B2
:105680000000000044430A01000000000000000088
:10569000000000000000000000000000000000000A
:1056A0000000003800000000000000000000FF586B
:1056B00038800101C44E0000A480010170B80300CD
:1056C000AC800111F6010000AC8001310142010102
:1056D000B4800101000300026C01010200200600F9
:1056E000740101026901100C8001011279070000A8
:1056F00080010132060000008801010290000000D4
:10570000FFFFFFFFFC4F0103786903080C40020014
:1057100000000000004000002040020007000000E0
:105720000000000048400100040700000841040098
:10573000FF40000000000000FF41000000000000EA
:1057400020C0011000F8070020C00130FE01280031
:105750003CC001000000000058C00400270024E6FF
:10576000750000000A1D2123240000006CC0010008
:105770000000000008000101A4070000180001015A
:10578000B8F0000020000101088400004040010141
:10579000000090114C400401020000040FC0820080
:1057A0000002002000D00B0060400F01000000004C
:1057B00000000000FD2FFC00410C00004000000034
:1057C00012001C00AA0F0000000000000A060000E2
:1057D0000000000092030800008003620000000047
:1057E0000206102134444E521C4102010080208CDC
:1057F0000000000038410701BC200AF0103B5100B6
:105800002979AF40FFFF0FAAAF4339B2893B40006F
:10581000C00300805C410101FFFD00006C410601F6
:105820000000004000000000000000000000000038
:10583000000000000000000088410401000000009A
:10584000000000000000000000000000A84101016D
:1058500000000000B44101012C952FC0D04103018C
:10586000AAAAAAAAD200328007005600E4410F017A
:10587000E2CFDD2C7EB63A00600919005122E20029
:105880004CB9510E3982A904D8229B291E90810C53
:105890000C490600A8DF6D00C00BB100183DA50043
:1058A000E80A0205271BD71D0000008024420201E0
:1058B00058000000000000003042020101005000CA
:1058C000400020004C42010108000604304304015E
:1058D00000000000000000000000000000000000C8
:1058E00044430A0100000000000000000000000026
:1058F0000000000000000000000000000000003870
:1059000000000000000000000000FF583880010186
:10591000C44E1000A480010170B80300AC800111D6
:10592000F6010000AC80013101420101B4800101A7
:10593000000300026C010102002006007401010254
:105940006901100C80010112790700008001013209
:10595000060000008801010290000000FFFFFFFF29
:10596000FC4F0103D06803080C400200018F1900AE
:10597000B1400000204002000000000007000000CD
:1059800048400100A4070000084104000748000047
:10599000FF4C000007490000FF4D000020C001102F
:1059A00000F8070020C00130FE0128003CC00100C3
:1059B0000000000058C00400270024E67500000025
:1059C0000A1D2123240000006CC00100000000001B
:1059D00008000101A407000018000101B8F0000050
:1059E00020000101088400004040010100009011E6
:1059F0004C400401020000040FC08200000200209D
:105A000000D00B0060400F0100000000000000000B
:105A1000FD2FFC00410C00004000000012009C0023
:105A2000AA0F0000000000000A06000000000000AD
:105A300092030800008003620000000002061021AB
:105A400034444E521C4102010080208C00000000B2
:105A500038410701BC200AF0F0C45E002979AF404C
:105A6000FFFF0FAAAF4339B2893B4000C00300805B
:105A70005C410101FFFD00006C4106010000004097
:105A80000000000000000000000000000000000016
:105A90000000000088410401000000000000000038
:105AA0000000000000000000A8410101000000000B
:105AB000B44101012C952FC0D0410301AAAAAAAA82
:105AC000D200328007005600E4410F01E2CFDD2C06
:105AD0007EB63A00600919005122E2004CB9510E1D
:105AE0003982A904D8229B291E90810C0C490600FA
:105AF000A8DF6D00C00BB100183DA500E80A020543
:105B0000271BD71D00000080244202015001000025
:105B10000000000030420201010019004001200095
:105B20004C4201010800060430430401000000005B
:105B300000000000000000000000000044430A01D3
:105B40000000000000000000000000000000000055
:105B5000000000000000000000000038000000000D
:105B6000000000000000FF5838800101C44E000012
:105B7000A480010170B80300AC800111F60100009F
:105B8000AC80013101420101B48001010003000237
:105B90006C01010200200600740101026901100C71
:105BA0008001011279070000800101320600000027
:105BB0008801010290000000FFFFFFFFFC4F01037E
:105BC000246903080C400200018F1900BF40000047
:105BD00020400200000000000700000048400100D3
:105BE000A00700000841040007480000FF4C000027
:105BF00007490000FF4D000020C0011000F8070019
:105C000020C00130FE0328003CC00100000000005D
:105C100058C004001C001AE6540000000A151819A8
:105C20001A0000006CC00100E00F00000800010134
:105C3000A407000018000101B8F0000020000101D5
:105C40000884000040400101000000004C400401B5
:105C500020F9130407006200387000000000000003
:105C600060400F010068010F40B824405505E00076
:105C70004108000002000000B00750005E00000074
:105C800000000000236300009278DDC818000F00B8
:105C900000800060BE0A00000101103050707F7F5C
:105CA0001C4102010000E08C590B00003841070143
:105CB00090200AF0204C520000000000B756351228
:105CC00000000050803B0000000000005C4101012A
:105CD000001E00006C41060100140CC016212A327F
:105CE000383E454B5050436587A9CB0C28AA00C5C8
:105CF000884104011721286414171A002004C8AA37
:105D0000A1201A09A841010129000000B4410101A4
:105D100000002000D041030100000000D00000007E
:105D200000000200E4410F011DACF10E74390C00BB
:105D3000B080760089DCB300933C6400C689C70458
:105D40008F1A651D1DACF10E74390C00B080760001
:105D500089DCB300933C6400C689C7048F1A651DB3
:105D600000000000244202014C0100001D23CDF37D
:105D7000304202010100C800000A80004C420101CB
:105D8000080000043043040100000000000000008F
:105D9000000000000000000044430A010000000071
:105DA00000000000000000000000000000000000F3
:105DB00000000000000000380000000000000000AB
:105DC0000000FF5838800101466E1000A4800101D8
:105DD000D8800100AC800111F6010000AC800131D7
:105DE000011A5100B4800101370000016C01010269
:105DF000002001007401010269811B0C8001011265
:105E000079070000800101320200000088010102D0
:105E100050000000FFFFFFFFFC4F010378690308FB
:105E20000C400200018F1900B14000002040020028
:105E3000000000000700000048400100A407000027
:105E40000841040007480000FF4C0000074900001B
:105E5000FF4D000020C0011000F8070020C00130F5
:105E6000FE0128003CC001000000000058C00400F2
:105E7000270024E6750000000A1D212324000000ED
:105E80006CC001000000000008000101A407000030
:105E900018000101B8F00000200001010884000092
:105EA00040400101000090114C4004010200000438
:105EB0000FC082000002002000D00B0060400F01E4
:105EC0000000000000000000FD2FFC00410C00005D
:105ED0004000000012009C00AA0F0000000000001B
:105EE0000A06000000000000920308000080036220
:105EF000000000000206102134444E521C410201F1
:105F00000080208C0000000038410701BC200AF00E
:105F1000103B51002979AF40FFFF0FAAAF4339B2C0
:105F2000893B4000C00300805C410101FFFD00008F
:105F30006C4106010000004000000000000000006D
:105F40000000000000000000000000008841040183
:105F50000000000000000000000000000000000041
:105F6000A841010100000000B44101012C952FC09F
:105F7000D0410301AAAAAAAAD20032800700560083
:105F8000E4410F01E2CFDD2C7EB63A006009190032
:105F90005122E2004CB9510E3982A904D8229B2922
:105FA0001E90810C0C490600A8DF6D00C00BB100EB
:105FB000183DA500E80A0205271BD71D0000008038
:105FC00024420201500100000000000030420201A2
:105FD00001001900400120004C42010108000604A4
:105FE0003043040100000000000000000000000039
:105FF0000000000044430A0100000000000000000F
:106000000000000000000000000000000000000090
:106010000000003800000000000000000000FF58F1
:1060200038800101C44E1000A480010170B8030043
:10603000AC800111F6010000AC8001310142010188
:10604000B4800101000300026C010102002006007F
:10605000740101026901100C80010112790700002E
:10606000800101320600000088010102900000005A
:10607000FFFFFFFFFC4F0103CC6903081C41010136
:1060800000505504384301010100F59640410101DB
:106090005E2E97403CC00100FC103F014C400201C5
:1060A000100000043FC0820068400201F47E8000BE
:1060B000110B00007440040136002400666655AAE6
:1060C00000000000090300008840010173030A007A
:1060D0004841010197FF71B1B44101018CD02FC03B
:1060E000D4410101DA80168024420101AC0000C0D5
:1060F000344201015802860030430201F5E30100F9
:106100000A810F813C430101060CA4005C4303019A
:106110000B2028970000000000002000D041010162
:1061200033333333FFFFFFFFFC4F0103CC69030818
:106130000C400200018F1900B14000002040020015
:10614000000000000700000048400100A407000014
:106150000841040007480000FF4C00000749000008
:10616000FF4D000020C0011000F8070020C00130E2
:10617000FE0128003CC00100FC103F0158C0040093
:106180001C001AE6540000000A1518191A00000035
:106190006CC00100E004000008000101A00700003D
:1061A00018000101FF000000200001018000000034
:1061B000404001010000F0304C4004011000000498
:1061C0003FC082000032002000D00B0060400F0171
:1061D0000000000000000000F47E8000110B0000B1
:1061E0004800040036002400666655AA000000003E
:1061F000090300000000000073030A000080086229
:1062000000000000000003173E5254541C410201DC
:10621000005055040000000038410701BC200AF07E
:1062200018B951005E2E9740FFFF3FA897FF71B14C
:106230008B3B4000C00300805C410101FFFD00007A
:106240006C4106010000004000000000000000005A
:106250000000000000000000000000008841040170
:10626000000000000000000000000000000000002E
:10627000A841010100000000B44101018CD02FC0F1
:10628000D041030133333333DA8016800500020036
:10629000E4410F0129AC51042F1F2E00E8BD050079
:1062A000E5D32D005E7CB10D0CBCCE032C267C30DA
:1062B0001E90810C0C490600A8DF6D00C00BB100D8
:1062C000183DA500E80A0205271BD71D0000008025
:1062D00024420201AC0000C0000000003042020174
:1062E00001004C00580286004C4201010800045491
:1062F00030430401F5E301000A810F810100F596A6
:10630000060CA40044430A012300E0D25585004056
:1063100002000080200002007804000012858798A7
:106320000B20289700000000000020005555FAA01F
:1063300038800101466E1000A480010170B803008E
:10634000AC800111F6010000AC8001310142010175
:10635000B4800101000300026C010102002006006C
:10636000740101026901100C80010112790700001B
:106370008001013206000000880101029000000047
:10638000FFFFFFFFFC4F0103206A03080C400200DF
:10639000018F1900B1400000204002000000000001
:1063A0000700000048400100A40700000841040065
:1063B00007480000FF4C000007490000FF4D0000A7
:1063C00020C0011000F8070020C00130FE012800A5
:1063D0003CC00100FC103F0058C004001C001AE63D
:1063E000540000000A1518191A0000006CC00100C2
:1063F000E004000008000101A007000018000101EE
:10640000FF00000020000101800000004040010169
:106410000000F0304C400401020000042DC0820056
:106420000032002000D00B0060400F01000000008F
:10643000000000001176F800410800004800040048
:1064400012002500EA030000000000000906000019
:106450000000000075030A000080086200000000D0
:10646000000003173E5254541C4102010050558C49
:106470000000000038410701BC200AF018B95100A3
:1064800067329940FFFF3FA899FF71B18B3B4000F5
:10649000C00300805C410101FFFD00006C4106016A
:1064A00000000040000000000000000000000000AC
:1064B000000000000000000088410401000000000E
:1064C000000000000000000000000000A8410101E1
:1064D00000000000B44101018CD02BC0D041030169
:1064E000AAAAAAAAD280168005000200E4410F01E0
:1064F00029AC51042F1F2E00E8BD0500E5D32D0067
:106500005E7CB10D0CBCCE032C267C301E90810C21
:106510000C490600A8DF6D00C00BB100183DA500B6
:10652000E80A0205271BD71D000000802442020153
:106530004C0100C0000000003042020101004C008C
:10654000400110004C420101080004543043040192
:106550004A0C02080A81FA800000F586060CA800A1
:1065600044430A012300E0D2558500400200008028
:106570002000020078040000128587980B222897DB
:1065800000000000000026005555FAA038800101E7
:10659000466E1000A480010170B80300AC800111A8
:1065A000F6010000AC80013101420101B48001011B
:1065B000000300026C0101020020060074010102C8
:1065C0006901100C8001011279070000800101327D
:1065D000060000008801010290000000FFFFFFFF9D
:1065E0003040060000000000000000000000000035
:1065F00000000000000000000040000050400100CA
:10660000000000005C4002000000000000000000EC
:10661000A840010007000000BC400400000000008A
:1066200000000000000000000000000024C0011075
:10663000FF00000024C001300013000028C0050046
:10664000EC80B30343754051A00F00F830400000C8
:10665000A8AA070040C002000000000000000000DF
:1066600054C001008721300068C00100D1580300E8
:1066700070C00D00BA10000000003F008D00EE0059
:10668000F601AC03F5049607DE099C0DC3119317C0
:10669000FE1DF526BD32FF3FFE15F81BDC23B42D91
:1066A000D039FF3FFF3F0000A8C00500BD4B721569
:1066B00011A3180510325476980A0000000000005B
:1066C000CCC00400660000000000000001000A00C9
:1066D00001002800444002010000000010000000FA
:1066E0005C400101000000039C400F01000000001D
:1066F000000000000000000000000000000000009A
:106700000000000000000000000000000000000089
:106710000000000000000000000000000000000079
:106720000000000000000000E0400111F80100003E
:10673000E04001310102000010410201331E05005A
:106740000000000024410501FF0483078813C83AB4
:10675000FF06660CFF0483078813FF0358410101FD
:1067600000000000644101010C01000084410101AE
:1067700001010000A441010100000000B04101013D
:1067800000000000B8410601000000000000000009
:1067900000003C00AAAA0600000000000000000063
:1067A000DC41010100000000204201010000000066
:1067B0002C420101601800403C4201010000000031
:1067C00044420201140000000000000040430101A7
:1067D0000000000010800101030000003C80010166
:1067E000030000009C8002010000000070B803005C
:1067F000A8800111F6010000A880013101420101C9
:10680000B0800101000300029800030200000000B4
:10681000000C00044C040000D8000202050040AA4D
:1068200088010000EC000112E00F0000EC000132D2
:106830000D205151F00001022B0500000001010262
:1068400010010000040101120000000004010132E7
:10685000100100001001011200FF0F0010010132B1
:10686000020000422C01011200FC1F002C01013229
:10687000A9008000400101023F0000005001011208
:1068800000C00000500101326100510068010102A6
:10689000100006007801011200001C00780101328E
:1068A0004004E0CF8C01010200000000AC010112A5
:1068B000F8010000AC01013204020100B001010244
:1068C00000000000F84F010300000000FFFFFFFF81
:1068D000130000008EE3380000000000DC6A0308AB
:1068E000AC6A03080000000008000000000000007F
:1068F000A08601000101F200C44E00070000000064
:10690000766A03080E01000000000000000000008D
:10691000A18601000000000000000000000000004F
:1069200000000000130000003333330100000000BA
:10693000DC6A03089C6A03080000000008000000ED
:106940000000000000350C000420F400466E5007E3
:1069500000000000766A030800000000000000004C
:106960000000000000350C000000000000000000E6
:106970000000000000000000130000008EE338005B
:1069800000000000DC6A0308AC6A03080000000095
:106990000800000000000000A08601000101F200D4
:1069A000C44E100700000000766A03080E010000C4
:1069B0000000000000000000A186010000000000AF
:1069C00000000000000000000000000013000000B4
:1069D0004444440000000000DC6A0308BC6A030869
:1069E000000000000800000000000000004B000054
:1069F0000101F400466E100700000000766A0308EB
:106A0000C20100000000000000000000409C0000E7
:106A10000000000000000000000000000000000076
:106A2000130000004444440000000000DC6A030836
:106A3000CC6A03080000000008000000000000000D
:106A4000409C00000101F400466E100700000000A9
:106A5000766A0308C2010000000000000000000088
:106A6000419C000000000000000000000000000049
:106A700000000000000001000000C0175302040CD9
:106A80000000E002000000003C030102050498033E
:106A900001020505F40301020605000027180000A5
:106AA00027180000E2040000000000007706010043
:106AB0007706010010270000000000007E8700001C
:106AC0007E87000073CB0000000000007F8900007B
:106AD0007F890000A8610000000000001429020066
:106AE000003111000000010002640001012F0000CC
:106AF00007000000D94E0208894E0208954E020890
:106B0000854F020889CC0208ADD30208B1D3020830
:106B1000B5D30208B9D30208BDD3020800000000B3
:106B2000B0010000482E0020FFFFFFFFFFFFFFFF26
:106B3000FFFFFFFFFFFFFFFFFFFFFFFFFFFFFFFF65
:106B4000FFFFFFFFFFFFFFFF10000000F82F0020F6
:106B500030313233343536373839616263646566D3
:106B60006768696A6B6C6D6E6F707172737475763D
:086B70007778797A000000003B
:086B7800B847FD7F0100000099
:0C6B80008C6B0308809E0020EF000000DA
:106B8C000000000000000000FFFF0000909E0020AD
:106B9C000000000090300020F83000206031002010
:106BAC0000000000000000000000000000000000D9
:106BBC0000000000000000000000000000000000C9
:106BCC0000000000000000000000000000000000B9
:106BDC0000000000000000000000000001000000A8
:106BEC00C0EA2101C01753020060070800800000B2
:106BFC0010170020640000006C070000000000006B
:106C0C001C0003082800000029680008AAAAAAAAE8
:106C1C002F6800082968000800000500000000002B
:106C2C0053FF0008000000000000000002000000FC
:106C3C00C9F90208FFFFFFFF010000003700000048
:106C4C0000000000A004030800000000FF0A180068
:106C5C000000040004000000000000000000000020
:106C6C000000000000000000000000000000000018
:106C7C00000000000000000000000000686D002013
:106C8C0000000000446D002000000000206D00207A
:106C9C0001110000FFFFFFFF01000000F5C6020814
:106CAC000800000000000000D06C00200200000072
:106CBC0000000000C86C0020C800000002020FB0E9
:106CCC00EE028000400D03007F00C8000000C800E9
:106CDC00FF000000FE7FFA00FFFFFFFF010201032F
:106CEC0003010000FFFFFFFF010000000000000097
:106CFC001C6D00200100000000000000186D002039
:106D0C00FFFFFFFFFF000000080000000000000074
:106D1C00F86C00200200000000000000F06C002065
:106D2C001C9F0020D000030800000000CD000108CB
:106D3C00FE000000157E01089F01000100000055B7
:106D4C0055555555555555555555555555555555E7
:106D5C00555555F000000000030000000000000035
:106D6C00FFFF000000000000010000000000000018
:106D7C000000000000000000020000000000000005
:106D8C000000000000000000E01C0020580404007B
:106D9C00A01C0020FA0000000000103000000000D1
:106DAC003CC0055000000000740F03081FCB020804
:106DBC001BCB0208FFFFFFFFFFFFFFFF23CB0208E7
:106DCC000000000000000300ECA000200600000002
:106DDC002003000080841E0000000000060000005C
:106DEC00DC05000080841E0000000000000006008E
:106DFC005E01000000000000000000000100060021
:106E0C005E0100000000000000000000020006000F
:106E1C005E0100000000000000000000FFFFFFFF0B
:106E2C0047D20208A3D20208FFFFFFFFFFFFFFFFBC
:106E3C00FFFFFFFFFFFFFFFF0040005A00C00350A1
:106E4C000040005000800050B59F0208AD9602082B
:106E5C00B98F02080D90020831940208459402087B
:106E6C00459602086197020849970208598E020854
:106E7C009596020800000000000000003B2D000069
:106E8C00FFFFFFFFFFFFFFFFFFFFFFFFFFFFFFFF06
:106E9C00FFFFFFFFFFFFFFFFFFFFFFFFFFFFFFFFF6
:106EAC00FFFFFFFFFFFFFFFFFFFFFFFFFFFFFFFFE6
:106EBC00FFFFFFFFFFFFFFFFFFFFFFFFFFFFFFFFD6
:106ECC00FFFFFFFFFFFFFFFFFFFFFFFFFFFFFFFFC6
:106EDC0035D402081C6B0308FFFFFFFF04F8FFFF0B
:106EEC00FF7FB7002B05DF002904F80024031601EF
:106EFC0028033E013003700134039D012802BB01BD
:106F0C002D0229023202E2022301490328018403E3
:106F1C002D01A2032F01E8033001D0072400B80B88
:106F2C003F000C00000000007F7F7F7F010301FF0A
:0C6F3C000CFFF0FF0DB30008E5B20008E8
:040000050800BCE54E
:00000001FF
